query,status,rows,ncol,bytes,empty,uses_current_date,rows_at_least,identical_output_group,same_rows_as_n_queries,distinct_sql_in_group
6,capped,1000,6,98245,False,False,True,,,
12,ok,10,7,1095,False,False,False,,,
17,capped,1000,7,86315,False,False,True,,,
18,ok,0,5,83,True,False,False,,,
19,capped,1000,5,47901,False,False,True,,,
20,ok,25,3,1248,False,False,False,,,
21,ok,7,5,243,False,False,False,,,
24,ok,50,8,4022,False,False,False,,,
28,ok,10,5,884,False,False,False,,,
29,ok,800,6,82386,False,False,False,,,
39,ok,0,7,105,True,False,False,,,
40,ok,10,6,559,False,False,False,,,
44,capped,1000,5,41126,False,False,True,,,
45,capped,1000,7,78818,False,False,True,,,
49,ok,10,5,807,False,False,False,,,
51,ok,25,5,1693,False,False,False,,,
52,ok,10,7,639,False,False,False,,,
60,capped,1000,6,81504,False,False,True,,,
61,ok,5,2,240,False,False,False,,,
63,ok,0,7,97,True,False,False,,,
66,ok,0,7,87,True,False,False,,,
67,ok,100,9,8985,False,False,False,,,
68,ok,25,4,1537,False,False,False,,,
69,capped,1000,7,89869,False,False,True,,,
71,ok,5,5,431,False,False,False,,,
74,ok,0,4,58,True,False,False,,,
75,capped,1000,7,64813,False,False,True,,,
79,ok,100,6,8764,False,False,False,,,
84,capped,1000,8,75080,False,False,True,,,
87,capped,1000,5,37064,False,False,True,,,
90,ok,0,6,93,True,False,False,,,
97,ok,125,6,9627,False,False,False,,,
100,capped,1000,4,42612,False,False,True,,,
101,capped,1000,6,94920,False,False,True,,,
103,capped,1000,5,63535,False,False,True,,,
107,ok,5,5,442,False,False,False,,,
109,capped,1000,6,98228,False,False,True,,,
110,capped,1000,5,88923,False,False,True,,,
111,ok,152,5,17594,False,False,False,,,
114,ok,50,7,3952,False,False,False,,,
116,ok,0,5,72,True,False,False,,,
119,ok,23,10,2877,False,False,False,,,
120,ok,10,5,647,False,False,False,,,
121,ok,100,5,10685,False,False,False,,,
126,ok,182,7,14353,False,False,False,,,
127,ok,5,4,325,False,False,False,,,
129,ok,0,8,119,True,False,False,,,
131,ok,16,5,1366,False,False,False,,,
132,capped,1000,7,65797,False,False,True,,,
133,ok,25,5,1457,False,False,False,,,
134,capped,1000,5,59376,False,False,True,,,
135,capped,1000,6,83961,False,False,True,,,
140,ok,10,6,1064,False,False,False,,,
142,ok,5,6,488,False,False,False,,,
143,capped,1000,6,71783,False,False,True,,,
150,ok,0,3,43,True,False,False,,,
152,capped,1000,6,48724,False,False,True,,,
170,capped,1000,8,114021,False,False,True,,,
171,ok,10,5,695,False,False,False,,,
174,ok,5,5,439,False,False,False,,,
175,ok,0,9,138,True,False,False,,,
176,capped,1000,8,89291,False,False,True,,,
177,ok,10,6,796,False,False,False,,,
179,ok,0,6,95,True,False,False,,,
182,ok,0,5,70,True,False,False,,,
185,ok,0,7,93,True,False,False,,,
187,ok,1,6,199,False,False,False,,,
188,ok,5,5,521,False,False,False,,,
189,capped,1000,6,97369,False,False,True,,,
190,ok,10,4,422,False,False,False,,,
191,ok,70,9,10534,False,False,False,,,
192,ok,25,5,2420,False,False,False,,,
196,ok,70,9,8227,False,False,False,,,
199,ok,5,2,239,False,False,False,,,
202,ok,6,4,495,False,False,False,,,
204,ok,25,8,2735,False,False,False,,,
205,capped,1000,7,94291,False,False,True,,,
216,ok,100,7,9265,False,False,False,,,
220,ok,0,6,109,True,False,False,,,
222,ok,864,7,103895,False,False,False,,,
228,ok,0,6,81,True,False,False,,,
229,ok,10,6,865,False,False,False,,,
230,ok,581,5,16616,False,False,False,,,
231,ok,588,7,45693,False,False,False,,,
237,ok,0,6,92,True,False,False,,,
241,capped,1000,6,99804,False,False,True,,,
242,ok,0,6,83,True,False,False,,,
244,capped,1000,7,81740,False,False,True,,,
245,ok,125,9,17756,False,True,False,,,
248,ok,0,5,89,True,False,False,,,
252,capped,1000,5,82699,False,False,True,,,
256,ok,25,4,1517,False,False,False,,,
257,capped,1000,7,142531,False,False,True,,,
267,ok,0,6,84,True,False,False,,,
268,capped,1000,8,68984,False,False,True,,,
269,ok,25,4,1533,False,False,False,,,
270,ok,10,4,511,False,False,False,,,
273,ok,2,3,173,False,False,False,,,
274,ok,100,7,11078,False,False,False,,,
276,capped,1000,6,56818,False,False,True,,,
278,ok,0,5,80,True,False,False,,,
279,capped,1000,5,50802,False,False,True,,,
285,ok,0,5,90,True,False,False,,,
286,capped,1000,7,94742,False,False,True,,,
287,capped,1000,7,81248,False,False,True,,,
290,capped,1000,7,42652,False,False,True,,,
297,ok,25,4,1458,False,False,False,,,
300,ok,125,4,8673,False,False,False,,,
301,capped,1000,6,63549,False,False,True,,,
302,ok,5,5,1199,False,False,False,,,
303,ok,125,4,9057,False,False,False,,,
304,ok,125,6,5404,False,False,False,,,
310,ok,0,6,113,True,False,False,,,
314,capped,1000,4,43062,False,False,True,,,
317,ok,0,5,70,True,False,False,,,
318,ok,0,7,102,True,False,False,,,
321,capped,1000,5,51592,False,False,True,,,
325,ok,25,5,985,False,True,False,,,
326,ok,0,7,83,True,False,False,,,
328,ok,10,5,462,False,False,False,,,
329,ok,5,4,302,False,False,False,,,
331,ok,25,6,2427,False,False,False,,,
334,ok,0,5,76,True,False,False,,,
335,capped,1000,6,75957,False,False,True,,,
337,capped,1000,6,107689,False,False,True,,,
338,capped,1000,6,62876,False,False,True,,,
341,ok,280,6,18521,False,False,False,,,
342,capped,1000,8,103007,False,False,True,,,
344,capped,1000,8,100013,False,False,True,,,
350,capped,1000,7,78341,False,False,True,,,
351,ok,0,10,121,True,False,False,,,
355,capped,1000,7,112828,False,False,True,,,
358,ok,25,5,1298,False,False,False,,,
359,capped,1000,5,76728,False,False,True,,,
360,ok,0,5,80,True,False,False,,,
361,capped,1000,5,75075,False,False,True,,,
362,ok,0,9,104,True,False,False,,,
363,capped,1000,7,84707,False,False,True,,,
364,ok,9,5,704,False,False,False,,,
365,capped,1000,8,82107,False,False,True,,,
369,ok,0,5,104,True,False,False,,,
372,ok,70,10,7883,False,False,False,,,
375,ok,24,8,2547,False,False,False,,,
376,ok,25,5,2310,False,False,False,,,
377,capped,1000,5,38848,False,False,True,,,
382,ok,35,7,3551,False,False,False,,,
383,ok,7,7,447,False,False,False,,,
387,capped,1000,5,54871,False,False,True,,,
391,capped,1000,8,105895,False,False,True,,,
392,capped,1000,6,84796,False,False,True,,,
393,capped,1000,8,85852,False,False,True,,,
394,ok,2,4,201,False,False,False,,,
396,ok,25,5,1359,False,False,False,,,
397,ok,10,6,682,False,False,False,,,
401,capped,1000,5,59562,False,False,True,,,
407,ok,25,5,1708,False,False,False,,,
408,ok,10,3,551,False,False,False,,,
409,capped,1000,9,117927,False,False,True,,,
410,ok,0,5,52,True,False,False,,,
412,ok,50,5,2874,False,False,False,,,
413,ok,25,4,2230,False,False,False,,,
414,ok,0,5,78,True,False,False,,,
417,ok,25,6,2525,False,False,False,,,
419,ok,0,7,100,True,False,False,,,
423,ok,0,5,78,True,False,False,,,
426,ok,100,6,7420,False,False,False,,,
432,ok,10,6,544,False,False,False,,,
433,ok,5,4,421,False,False,False,,,
441,ok,122,7,7255,False,False,False,,,
443,ok,10,5,651,False,False,False,,,
446,capped,1000,9,113048,False,False,True,,,
452,ok,10,6,1203,False,False,False,,,
464,ok,25,4,1700,False,False,False,,,
469,ok,0,6,87,True,False,False,,,
474,ok,3,4,204,False,True,False,,,
475,ok,50,6,5803,False,False,False,,,
477,ok,0,4,56,True,False,False,,,
479,ok,25,5,2476,False,False,False,,,
480,ok,25,8,1628,False,False,False,,,
481,ok,100,8,4878,False,False,False,,,
482,ok,10,6,927,False,False,False,,,
483,ok,10,6,517,False,False,False,,,
486,ok,0,5,64,True,False,False,,,
487,ok,0,6,100,True,False,False,,,
489,ok,25,4,1464,False,False,False,,,
490,capped,1000,7,106491,False,False,True,,,
496,capped,1000,6,97084,False,False,True,,,
499,ok,100,9,11489,False,False,False,,,
500,ok,0,9,126,True,False,False,,,
504,ok,5,5,291,False,False,False,,,
505,ok,10,6,879,False,False,False,,,
506,ok,0,6,95,True,False,False,,,
510,ok,0,9,131,True,True,False,,,
521,ok,25,4,1528,False,False,False,,,
529,ok,0,6,101,True,True,False,,,
530,capped,1000,5,76070,False,False,True,,,
531,ok,5,5,460,False,False,False,,,
534,capped,1000,7,76330,False,False,True,,,
538,ok,50,6,2653,False,False,False,,,
541,ok,0,5,68,True,False,False,,,
543,ok,3,5,250,False,False,False,,,
545,capped,1000,7,95107,False,False,True,,,
546,ok,100,7,9257,False,False,False,,,
550,capped,1000,6,113852,False,False,True,,,
551,capped,1000,10,132020,False,False,True,,,
553,ok,25,4,1557,False,False,False,,,
556,ok,625,6,54072,False,False,False,,,
557,ok,5,4,442,False,False,False,,,
561,ok,0,6,91,True,False,False,,,
563,capped,1000,5,63087,False,False,True,,,
565,ok,10,4,486,False,False,False,,,
566,ok,0,5,76,True,False,False,,,
568,ok,25,3,1407,False,False,False,,,
572,capped,1000,5,36070,False,True,True,,,
576,ok,24,5,2197,False,False,False,,,
581,ok,0,6,75,True,False,False,,,
586,ok,0,7,108,True,False,False,,,
588,ok,100,7,6989,False,False,False,,,
590,capped,1000,7,62102,False,False,True,,,
592,capped,1000,8,108242,False,False,True,,,
598,ok,25,5,1761,False,False,False,,,
601,ok,3,6,292,False,False,False,,,
603,ok,125,7,13006,False,False,False,,,
608,ok,0,6,78,True,False,False,,,
610,ok,0,5,100,True,True,False,,,
613,ok,0,5,62,True,False,False,,,
614,ok,0,7,85,True,False,False,,,
615,capped,1000,6,108564,False,False,True,,,
617,ok,100,6,6882,False,False,False,,,
622,ok,0,5,70,True,False,False,,,
630,ok,100,9,7417,False,False,False,,,
636,ok,0,6,87,True,False,False,,,
637,ok,625,6,42494,False,False,False,,,
646,ok,100,6,7134,False,False,False,,,
649,ok,0,6,96,True,False,False,,,
656,capped,1000,5,72855,False,False,True,,,
657,ok,10,4,767,False,False,False,,,
658,ok,10,9,1356,False,False,False,,,
660,capped,1000,7,107272,False,False,True,,,
662,ok,5,3,265,False,False,False,,,
669,ok,28,7,2971,False,False,False,,,
671,ok,5,4,217,False,False,False,,,
674,ok,16,3,818,False,False,False,,,
675,ok,25,4,1051,False,False,False,,,
677,capped,1000,7,123084,False,False,True,,,
679,ok,0,7,105,True,False,False,,,
685,ok,1,4,122,False,False,False,,,
686,ok,5,4,442,False,False,False,,,
687,ok,20,6,1089,False,False,False,,,
695,capped,1000,6,97040,False,False,True,,,
696,capped,1000,6,84604,False,False,True,,,
702,capped,1000,4,66506,False,False,True,,,
703,ok,50,4,1854,False,False,False,,,
706,ok,25,6,2091,False,False,False,,,
708,ok,0,5,78,True,True,False,,,
714,ok,5,5,438,False,True,False,,,
715,capped,1000,5,25053,False,False,True,,,
718,ok,25,4,1822,False,False,False,,,
719,ok,5,4,296,False,False,False,,,
724,ok,100,8,11233,False,False,False,,,
727,ok,184,9,14556,False,False,False,,,
730,ok,5,4,356,False,False,False,,,
731,capped,1000,6,72544,False,False,True,,,
736,ok,5,4,388,False,False,False,,,
741,ok,10,5,1019,False,False,False,,,
742,capped,1000,7,78811,False,False,True,,,
747,ok,0,6,90,True,False,False,,,
749,ok,10,8,596,False,False,False,,,
753,ok,0,3,48,True,False,False,,,
755,ok,0,5,68,True,False,False,,,
757,ok,10,4,218,False,False,False,,,
759,ok,20,7,1220,False,False,False,,,
761,ok,25,4,1491,False,False,False,,,
763,ok,625,4,47564,False,False,False,,,
768,ok,24,9,4715,False,False,False,,,
771,ok,5,4,365,False,False,False,,,
772,ok,0,4,71,True,False,False,,,
776,ok,5,6,1354,False,False,False,,,
777,capped,1000,4,69037,False,False,True,O391,1,2
778,ok,5,4,150,False,False,False,,,
780,ok,5,4,250,False,False,False,,,
781,ok,50,5,3664,False,False,False,,,
784,ok,10,7,1041,False,False,False,,,
785,capped,1000,8,120986,False,False,True,,,
786,ok,5,5,450,False,False,False,,,
793,ok,25,5,2138,False,False,False,,,
796,ok,125,6,10729,False,False,False,,,
797,capped,1000,5,90472,False,False,True,,,
800,ok,0,7,96,True,False,False,,,
806,capped,1000,5,43652,False,False,True,,,
817,ok,0,5,58,True,False,False,,,
825,ok,3,6,318,False,False,False,,,
827,capped,1000,5,33932,False,False,True,,,
828,ok,5,4,404,False,False,False,,,
829,capped,1000,5,33064,False,False,True,,,
830,ok,0,4,68,True,False,False,,,
831,capped,1000,5,61561,False,False,True,,,
834,ok,100,7,6783,False,False,False,,,
837,ok,5,5,488,False,False,False,,,
838,capped,1000,5,81738,False,False,True,,,
845,ok,13,6,1189,False,False,False,,,
847,capped,1000,6,92071,False,False,True,,,
848,ok,5,5,437,False,False,False,,,
850,ok,0,5,89,True,False,False,,,
852,capped,1000,6,71927,False,False,True,,,
853,ok,10,4,517,False,False,False,,,
860,ok,280,7,17997,False,False,False,,,
863,ok,0,7,100,True,False,False,,,
865,capped,1000,6,55419,False,False,True,,,
866,ok,100,6,8510,False,False,False,,,
869,ok,5,6,471,False,False,False,,,
870,ok,5,4,233,False,False,False,,,
871,ok,25,8,2177,False,False,False,,,
877,ok,0,6,73,True,False,False,,,
883,ok,5,5,389,False,False,False,,,
884,capped,1000,8,93811,False,False,True,,,
888,ok,0,8,112,True,False,False,,,
891,ok,125,6,11083,False,False,False,,,
897,ok,3,4,261,False,False,False,,,
906,ok,0,6,91,True,False,False,,,
908,ok,25,4,1542,False,False,False,,,
909,ok,0,7,105,True,False,False,,,
913,capped,1000,6,50873,False,False,True,,,
915,ok,125,6,7956,False,False,False,,,
916,ok,18,6,1289,False,False,False,,,
922,capped,1000,7,123198,False,False,True,,,
923,capped,1000,6,68690,False,False,True,,,
927,capped,1000,6,97995,False,False,True,,,
928,ok,20,4,1920,False,False,False,,,
929,ok,0,6,94,True,False,False,,,
932,ok,0,7,94,True,True,False,,,
937,capped,1000,5,85852,False,False,True,,,
938,ok,50,7,5635,False,False,False,,,
941,ok,25,6,1674,False,False,False,,,
945,ok,46,6,2886,False,False,False,,,
947,ok,0,7,98,True,False,False,,,
948,capped,1000,10,35903,False,False,True,,,
949,capped,1000,6,28087,False,True,True,,,
956,ok,5,5,477,False,False,False,,,
958,ok,0,5,60,True,False,False,,,
960,ok,0,7,91,True,False,False,,,
962,ok,100,6,6422,False,False,False,,,
963,ok,0,10,125,True,False,False,,,
964,ok,10,4,674,False,False,False,,,
966,capped,1000,4,74523,False,False,True,,,
970,ok,10,4,598,False,False,False,,,
971,ok,0,8,121,True,False,False,,,
976,ok,25,5,1795,False,False,False,,,
978,capped,1000,4,34596,False,False,True,,,
981,ok,25,5,1420,False,False,False,,,
984,ok,175,6,15505,False,False,False,,,
985,ok,0,9,120,True,False,False,,,
986,ok,10,6,599,False,False,False,,,
987,ok,10,7,667,False,False,False,,,
989,ok,0,5,80,True,False,False,,,
990,ok,2,6,215,False,False,False,,,
991,capped,1000,6,68649,False,False,True,,,
993,ok,25,5,1266,False,False,False,,,
994,ok,26,5,1634,False,False,False,,,
996,ok,25,6,2119,False,False,False,,,
999,ok,100,8,9384,False,False,False,,,
1002,ok,0,5,95,True,False,False,,,
1003,ok,5,4,365,False,False,False,,,
1008,ok,10,5,919,False,False,False,,,
1013,ok,0,9,141,True,False,False,,,
1019,ok,5,5,2458030,False,False,False,,,
1022,ok,54,6,4371,False,False,False,,,
1024,ok,0,7,156,True,False,False,,,
1026,capped,1000,6,89919,False,False,True,,,
1027,capped,1000,6,41763,False,False,True,,,
1028,ok,15,5,1042,False,False,False,,,
1032,ok,0,7,109,True,False,False,,,
1033,ok,200,5,21766,False,False,False,,,
1035,ok,0,5,62,True,False,False,,,
1036,ok,258,6,19555,False,False,False,,,
1040,ok,10,5,972,False,False,False,,,
1045,capped,1000,5,72062,False,False,True,,,
1046,ok,100,8,6758,False,False,False,,,
1053,capped,1000,5,37070,False,False,True,,,
1054,capped,1000,4,32070,False,False,True,,,
1060,ok,0,6,97,True,True,False,,,
1062,ok,0,9,132,True,False,False,,,
1072,ok,0,4,84,True,False,False,,,
1075,ok,100,4,6158,False,False,False,,,
1079,ok,10,6,627,False,False,False,,,
1080,ok,25,5,2028,False,False,False,,,
1084,ok,0,5,77,True,False,False,,,
1085,capped,1000,6,78578,False,False,True,,,
1090,capped,1000,6,100268,False,False,True,,,
1093,capped,1000,4,72764,False,False,True,,,
1095,ok,25,5,3939,False,False,False,,,
1096,ok,0,5,76,True,False,False,,,
1098,ok,0,6,98,True,False,False,,,
1100,ok,182,5,13303,False,False,False,,,
1102,ok,100,7,7494,False,False,False,,,
1103,ok,0,4,78,True,False,False,,,
1105,ok,0,6,68,True,False,False,,,
1106,ok,0,7,92,True,False,False,,,
1109,ok,5,4,414,False,False,False,,,
1110,ok,40,7,3313,False,False,False,,,
1113,ok,50,4,1822,False,False,False,,,
1116,ok,6,5,296,False,False,False,,,
1119,ok,12,5,580,False,False,False,,,
1126,capped,1000,9,93725,False,False,True,,,
1128,capped,1000,7,102512,False,False,True,,,
1130,capped,1000,7,67934,False,False,True,,,
1132,ok,25,5,1836,False,False,False,,,
1133,ok,100,6,9599,False,False,False,,,
1135,capped,1000,8,83893,False,False,True,,,
1143,ok,5,5,441,False,False,False,,,
1145,capped,1000,8,89892,False,False,True,,,
1153,ok,10,5,669,False,False,False,,,
1154,ok,0,6,82,True,False,False,,,
1156,ok,25,5,2604,False,False,False,,,
1157,ok,0,4,67,True,False,False,,,
1158,capped,1000,8,51117,False,False,True,,,
1159,capped,1000,4,81039,False,False,True,,,
1161,ok,10,4,555,False,False,False,,,
1168,ok,9,4,679,False,False,False,,,
1170,capped,1000,6,111406,False,False,True,,,
1174,ok,5,4,432,False,False,False,,,
1177,ok,250,5,11552,False,False,False,,,
1182,ok,0,4,66,True,False,False,,,
1184,capped,1000,7,101432,False,False,True,,,
1188,ok,10,7,756,False,False,False,,,
1192,capped,1000,4,94946,False,False,True,,,
1197,ok,37,9,3371,False,False,False,,,
1198,ok,0,5,64,True,False,False,,,
1201,ok,0,4,57,True,False,False,,,
1202,ok,10,5,699,False,False,False,,,
1206,ok,5,5,415,False,False,False,,,
1208,ok,13,4,856,False,False,False,,,
1209,capped,1000,7,55957,False,False,True,,,
1213,capped,1000,5,46534,False,False,True,,,
1214,capped,1000,5,61533,False,False,True,,,
1218,capped,1000,5,83435,False,False,True,,,
1226,ok,0,5,64,True,True,False,,,
1227,ok,5,6,541,False,False,False,,,
1228,ok,0,6,73,True,False,False,,,
1237,capped,1000,7,107095,False,False,True,,,
1243,ok,10,9,1439,False,False,False,,,
1247,capped,1000,5,68070,False,False,True,,,
1249,ok,10,6,1177,False,False,False,,,
1250,ok,9,7,615,False,False,False,,,
1252,capped,1000,3,48033,False,False,True,,,
1253,ok,0,6,115,True,True,False,,,
1256,ok,0,7,82,True,False,False,,,
1259,capped,1000,8,106639,False,False,True,,,
1261,ok,5,6,462,False,False,False,,,
1262,ok,25,3,1397,False,False,False,,,
1269,capped,1000,7,79713,False,False,True,,,
1273,ok,100,3,4539,False,False,False,,,
1274,capped,1000,5,85062,False,False,True,,,
1276,ok,0,7,78,True,False,False,,,
1280,ok,3,6,309,False,False,False,,,
1286,ok,25,4,1678,False,False,False,,,
1292,capped,1000,7,92455,False,False,True,,,
1293,capped,1000,10,115302,False,False,True,,,
1297,capped,1000,5,52485,False,False,True,,,
1298,ok,0,5,101,True,False,False,,,
1299,ok,0,5,56,True,False,False,,,
1303,ok,10,4,497,False,False,False,,,
1307,ok,0,5,100,True,False,False,,,
1308,ok,0,7,102,True,False,False,,,
1309,capped,1000,6,69909,False,False,True,,,
1315,capped,1000,6,76570,False,False,True,,,
1318,ok,10,9,1570,False,False,False,,,
1319,ok,4,8,513,False,False,False,,,
1320,ok,10,5,779,False,False,False,,,
1321,ok,0,8,106,True,False,False,,,
1323,ok,100,7,10345,False,False,False,,,
1324,ok,25,6,1898,False,False,False,,,
1325,capped,1000,9,97107,False,False,True,,,
1327,capped,1000,8,126496,False,False,True,,,
1329,ok,10,6,723,False,False,False,,,
1332,ok,5,4,388,False,False,False,,,
1333,capped,1000,8,72900,False,False,True,,,
1338,ok,10,7,987,False,False,False,,,
1341,ok,25,4,1811,False,False,False,,,
1343,ok,10,4,775,False,False,False,,,
1344,capped,1000,5,73643,False,False,True,,,
1345,ok,5,5,495,False,False,False,,,
1346,ok,10,4,484,False,False,False,,,
1349,ok,100,5,4282,False,False,False,,,
1350,ok,0,8,113,True,False,False,,,
1354,ok,50,5,3541,False,False,False,,,
1355,capped,1000,6,64936,False,False,True,,,
1358,capped,1000,7,48564,False,False,True,,,
1362,ok,5,3,246,False,False,False,,,
1363,ok,5,4,280,False,False,False,,,
1364,capped,1000,4,31930,False,False,True,,,
1365,ok,0,10,151,True,False,False,,,
1366,ok,5,5,402,False,False,False,,,
1369,capped,1000,5,33090,False,False,True,,,
1371,ok,5,4,200360,False,False,False,,,
1374,capped,1000,7,115212,False,False,True,,,
1376,ok,10,5,528,False,False,False,,,
1378,ok,10,6,1016,False,False,False,,,
1382,capped,1000,5,40965,False,False,True,,,
1384,capped,1000,6,36620,False,False,True,,,
1386,ok,5,4,406,False,False,False,,,
1392,capped,1000,8,88843,False,False,True,,,
1395,capped,1000,5,40265,False,False,True,,,
1396,ok,516,7,29280,False,False,False,,,
1400,ok,5,7,531,False,False,False,,,
1402,capped,1000,7,53780,False,False,True,,,
1403,ok,5,4,288,False,False,False,,,
1408,ok,75,7,6479,False,False,False,,,
1413,ok,5,4,211,False,False,False,,,
1414,capped,1000,4,44899,False,False,True,,,
1428,capped,1000,6,33879,False,False,True,,,
1437,ok,0,4,49,True,False,False,,,
1438,ok,0,5,58,True,False,False,,,
1440,ok,0,9,126,True,False,False,,,
1441,ok,10,3,496,False,False,False,,,
1444,capped,1000,5,66360,False,False,True,,,
1446,capped,1000,8,81155,False,False,True,,,
1453,ok,25,8,1466,False,False,False,,,
1454,ok,19,8,2318,False,False,False,,,
1458,ok,25,4,2249,False,False,False,,,
1460,ok,5,6,449,False,False,False,,,
1467,ok,56,8,5591,False,False,False,,,
1469,ok,0,3,56,True,False,False,,,
1470,capped,1000,6,50389,False,False,True,,,
1473,ok,25,5,1556,False,False,False,,,
1474,ok,10,7,1233,False,False,False,,,
1475,ok,0,6,78,True,False,False,,,
1482,ok,10,8,1525,False,False,False,,,
1484,capped,1000,5,37739,False,False,True,,,
1486,ok,0,4,62,True,False,False,,,
1488,ok,100,7,9877,False,False,False,,,
1490,ok,10,6,516,False,False,False,,,
1491,ok,0,7,89,True,False,False,,,
1502,capped,1000,7,104091,False,False,True,,,
1503,ok,5,5,471,False,False,False,,,
1504,capped,1000,6,94103,False,False,True,,,
1506,ok,5,4,406,False,False,False,,,
1508,ok,10,9,921,False,False,False,,,
1512,capped,1000,7,101616,False,False,True,,,
1515,ok,0,4,53,True,True,False,,,
1516,capped,1000,5,50061,False,False,True,,,
1517,capped,1000,8,72233,False,False,True,,,
1518,capped,1000,5,68199,False,False,True,,,
1520,ok,0,8,98,True,False,False,,,
1523,capped,1000,7,52195,False,False,True,,,
1526,ok,100,6,7939,False,False,False,,,
1529,ok,25,4,1546,False,False,False,,,
1531,ok,0,4,66,True,False,False,,,
1540,ok,5,4,132,False,False,False,,,
1541,ok,0,10,131,True,False,False,,,
1552,ok,10,8,913,False,False,False,,,
1553,ok,25,4,1809,False,False,False,,,
1559,capped,1000,7,100138,False,False,True,,,
1562,ok,0,6,87,True,False,False,,,
1564,capped,1000,6,78838,False,False,True,,,
1566,ok,0,4,72,True,False,False,,,
1569,capped,1000,7,112046,False,False,True,,,
1571,capped,1000,5,67061,False,False,True,,,
1574,capped,1000,9,91774,False,False,True,,,
1575,ok,4,6,3620,False,False,False,,,
1576,capped,1000,9,85795,False,False,True,,,
1578,ok,250,7,16050,False,False,False,,,
1580,capped,1000,8,61724,False,False,True,,,
1583,ok,125,7,11490,False,False,False,,,
1584,ok,0,5,70,True,False,False,,,
1585,ok,0,6,87,True,False,False,,,
1586,capped,1000,10,48536,False,False,True,,,
1587,ok,10,7,879,False,False,False,,,
1589,capped,1000,6,85649,False,False,True,,,
1590,capped,1000,6,64941,False,False,True,,,
1593,capped,1000,6,63555,False,False,True,,,
1602,ok,325,4,19876,False,False,False,,,
1608,ok,0,9,120,True,False,False,,,
1609,ok,10,7,800,False,False,False,,,
1611,capped,1000,6,75622,False,False,True,,,
1617,ok,50,5,4303,False,False,False,,,
1623,ok,50,7,3429,False,False,False,,,
1625,ok,0,6,83,True,False,False,,,
1626,ok,0,7,97,True,False,False,,,
1627,capped,1000,7,68972,False,True,True,,,
1629,ok,1,4,105,False,False,False,,,
1633,ok,0,7,98,True,False,False,,,
1638,ok,0,5,84,True,False,False,,,
1640,ok,0,9,122,True,False,False,,,
1641,ok,10,6,1125,False,False,False,,,
1644,ok,5,4,300,False,False,False,,,
1645,ok,0,9,108,True,False,False,,,
1649,ok,25,6,1726,False,False,False,,,
1650,ok,25,5,1801,False,False,False,,,
1652,capped,1000,9,80149,False,False,True,,,
1654,ok,25,5,1617,False,False,False,,,
1655,capped,1000,6,43112,False,False,True,,,
1659,capped,1000,8,67111,False,False,True,,,
1661,ok,5,4,394,False,False,False,,,
1664,ok,5,4,362,False,False,False,,,
1665,ok,10,5,431,False,False,False,,,
1669,ok,0,8,110,True,False,False,,,
1671,ok,5,3,313,False,False,False,,,
1675,capped,1000,5,54066,False,False,True,,,
1677,ok,22,6,2285,False,False,False,,,
1678,capped,1000,5,87275,False,False,True,,,
1681,capped,1000,7,55584,False,False,True,,,
1687,ok,25,6,2054,False,False,False,,,
1688,ok,0,6,79,True,False,False,,,
1691,capped,1000,6,103104,False,False,True,,,
1693,ok,15,4,1266,False,False,False,,,
1694,ok,126,6,5700,False,False,False,,,
1697,ok,0,8,137,True,False,False,,,
1698,capped,1000,4,46056,False,False,True,,,
1701,ok,25,6,3598,False,False,False,,,
1706,ok,550,3,35254,False,False,False,,,
1707,ok,0,4,70,True,False,False,,,
1708,ok,10,4,758,False,False,False,,,
1709,ok,0,7,106,True,False,False,,,
1710,capped,1000,4,60999,False,False,True,,,
1711,ok,0,7,96,True,False,False,,,
1715,ok,5,6,618,False,False,False,,,
1720,ok,5,4,336,False,False,False,,,
1721,ok,10,8,416,False,False,False,,,
1722,ok,5,6,544,False,False,False,,,
1726,ok,10,7,1018,False,False,False,,,
1727,ok,5,3,295,False,False,False,,,
1731,ok,0,6,80,True,False,False,,,
1732,ok,0,6,74,True,False,False,,,
1744,ok,0,6,85,True,False,False,,,
1746,ok,10,4,916,False,True,False,,,
1752,capped,1000,7,88396,False,False,True,,,
1756,ok,10,5,848,False,False,False,,,
1757,capped,1000,4,30069,False,False,True,,,
1758,ok,0,6,78,True,False,False,,,
1760,ok,50,11,2951,False,False,False,,,
1762,ok,10,7,883,False,False,False,,,
1763,ok,0,8,125,True,False,False,,,
1770,capped,1000,7,36180,False,False,True,,,
1772,ok,8,5,792,False,False,False,,,
1774,ok,0,7,117,True,False,False,,,
1778,ok,0,4,56,True,False,False,,,
1781,ok,10,10,628,False,False,False,,,
1785,ok,50,6,4595,False,False,False,,,
1788,ok,0,4,61,True,False,False,,,
1792,ok,10,6,838,False,False,False,,,
1797,ok,250,7,21988,False,False,False,,,
1799,ok,25,6,2992859,False,False,False,,,
1800,capped,1000,8,151908,False,False,True,,,
1802,ok,200,4,9524,False,False,False,,,
1805,ok,5,4,288,False,False,False,,,
1814,ok,0,7,100,True,False,False,,,
1817,ok,10,7,929,False,False,False,,,
1820,capped,1000,5,43057,False,False,True,,,
1822,ok,0,6,93,True,False,False,,,
1826,capped,1000,4,66393,False,False,True,,,
1828,ok,0,7,103,True,False,False,,,
1829,ok,553,10,37698,False,False,False,,,
1831,ok,100,6,7214,False,False,False,,,
1832,ok,0,9,139,True,False,False,,,
1833,ok,10,5,904,False,False,False,,,
1838,capped,1000,5,62561,False,False,True,,,
1843,ok,930,5,61345,False,False,False,,,
1850,ok,5,4,437,False,False,False,,,
1851,capped,1000,6,92126,False,False,True,,,
1853,capped,1000,5,58763,False,False,True,,,
1854,capped,1000,6,65928,False,False,True,,,
1855,capped,1000,9,98113,False,False,True,,,
1858,capped,1000,5,73509,False,False,True,,,
1859,ok,0,5,75,True,False,False,,,
1860,ok,0,7,83,True,False,False,,,
1862,ok,16,5,1395,False,False,False,,,
1863,capped,1000,6,78191,False,False,True,,,
1866,ok,10,10,1248,False,False,False,,,
1868,capped,1000,5,78502,False,False,True,,,
1869,ok,25,4,2036,False,False,False,,,
1870,capped,1000,7,76363,False,False,True,,,
1871,ok,5,5,371,False,False,False,,,
1872,capped,1000,7,98866,False,False,True,,,
1873,ok,0,7,99,True,False,False,,,
1874,ok,0,7,85,True,True,False,,,
1876,capped,1000,7,96486,False,False,True,,,
1879,ok,0,5,81,True,False,False,,,
1887,ok,50,6,3649,False,False,False,,,
1890,ok,0,5,75,True,False,False,,,
1892,ok,10,5,703,False,False,False,,,
1896,capped,1000,5,41873,False,False,True,,,
1898,capped,1000,6,43041,False,False,True,,,
1906,capped,1000,6,85546,False,False,True,,,
1909,ok,10,7,792,False,False,False,,,
1916,ok,0,4,57,True,False,False,,,
1921,capped,1000,4,45669,False,False,True,,,
1926,capped,1000,7,93276,False,False,True,,,
1933,ok,100,6,6246,False,False,False,,,
1934,capped,1000,9,66466,False,False,True,,,
1938,ok,1,7,161,False,False,False,,,
1940,ok,10,6,864,False,False,False,,,
1944,capped,1000,8,64881,False,False,True,,,
1945,ok,5,5,418,False,False,False,,,
1946,ok,5,5,438,False,False,False,,,
1951,ok,25,7,2661,False,False,False,,,
1954,ok,100,6,9785,False,False,False,,,
1957,capped,1000,5,74635,False,False,True,,,
1960,capped,1000,4,58989,False,False,True,,,
1965,ok,25,8,2108,False,False,False,,,
1966,ok,125,5,10292,False,False,False,,,
1971,capped,1000,5,97794,False,False,True,,,
1979,ok,50,6,4240,False,False,False,,,
1980,ok,10,6,1128,False,False,False,,,
1987,ok,10,7,1099,False,False,False,,,
1988,ok,0,6,96,True,False,False,,,
1989,ok,0,6,91,True,False,False,,,
1990,ok,24,3,1184,False,False,False,,,
1992,ok,0,7,88,True,False,False,,,
1999,ok,0,10,145,True,False,False,,,
2001,ok,0,11,141,True,False,False,,,
2002,ok,10,5,726,False,False,False,,,
2005,ok,10,5,799,False,False,False,,,
2006,ok,5,6,456,False,False,False,,,
2009,capped,1000,8,83328,False,False,True,,,
2011,ok,5,5,478,False,False,False,,,
2012,ok,0,4,72,True,False,False,,,
2013,capped,1000,8,23120,False,False,True,,,
2018,ok,5,4,366,False,False,False,,,
2021,capped,1000,4,82039,False,False,True,,,
2022,capped,1000,4,72568,False,False,True,,,
2023,ok,10,5,1072,False,False,False,,,
2025,capped,1000,4,32047,False,False,True,,,
2027,ok,50,6,2426,False,False,False,,,
2028,capped,1000,4,98826,False,False,True,,,
2034,ok,50,7,4982,False,False,False,,,
2036,ok,5,3,328,False,False,False,,,
2037,ok,25,3,1200,False,False,False,,,
2038,ok,0,7,98,True,False,False,,,
2039,ok,8,6,1044,False,False,False,,,
2047,ok,25,5,8942293,False,False,False,,,
2049,ok,5,4,404,False,False,False,,,
2050,ok,125,9,11314,False,False,False,,,
2053,capped,1000,7,86977,False,False,True,,,
2054,ok,100,8,16916,False,False,False,,,
2057,capped,1000,7,67831,False,False,True,,,
2060,ok,0,8,128,True,False,False,,,
2066,ok,5,7,595,False,False,False,,,
2069,ok,0,6,78,True,False,False,,,
2071,capped,1000,7,39090,False,False,True,,,
2072,ok,8,4,730,False,False,False,,,
2076,ok,0,6,93,True,False,False,,,
2080,ok,5,5,353,False,False,False,,,
2081,capped,1000,8,98343,False,False,True,,,
2082,capped,1000,6,64100,False,False,True,,,
2087,capped,1000,5,40527,False,False,True,,,
2089,ok,10,6,1106,False,False,False,,,
2090,ok,5,5,376,False,False,False,,,
2094,capped,1000,5,40321,False,False,True,,,
2095,ok,0,5,57,True,False,False,,,
2099,ok,5,6,596,False,False,False,,,
2101,ok,3,4,254,False,False,False,,,
2103,ok,15,5,1363,False,False,False,,,
2108,ok,0,7,122,True,False,False,,,
2111,ok,125,4,8040,False,False,False,,,
2115,ok,50,5,2858,False,False,False,,,
2118,ok,0,7,111,True,False,False,,,
2120,capped,1000,6,34576,False,False,True,,,
2122,capped,1000,6,87695,False,False,True,,,
2130,ok,24,7,2117,False,False,False,,,
2131,capped,1000,6,37076,False,False,True,,,
2138,capped,1000,9,119090,False,True,True,,,
2140,ok,25,7,1747,False,False,False,,,
2141,ok,75,6,9463,False,False,False,,,
2146,ok,0,6,76,True,False,False,,,
2149,capped,1000,8,80046,False,False,True,,,
2150,ok,0,6,74,True,False,False,,,
2151,ok,25,7,1370,False,False,False,,,
2155,ok,0,5,88,True,True,False,,,
2156,ok,696,7,72306,False,False,False,,,
2157,capped,1000,5,72064,False,False,True,,,
2161,capped,1000,6,48140,False,False,True,,,
2164,ok,0,11,168,True,True,False,,,
2174,capped,1000,7,77111,False,False,True,,,
2179,capped,1000,5,83067,False,False,True,,,
2182,ok,0,7,102,True,False,False,,,
2184,ok,0,4,58,True,False,False,,,
2186,capped,1000,5,63543,False,False,True,,,
2190,ok,5,3,326,False,False,False,,,
2193,ok,4,5,228,False,False,False,,,
2194,capped,1000,8,86794,False,False,True,,,
2196,ok,125,6,11974,False,False,False,,,
2198,capped,1000,6,68063,False,False,True,,,
2201,ok,10,5,670,False,False,False,,,
2202,ok,13,8,813,False,False,False,,,
2203,ok,5,5,404,False,False,False,,,
2208,capped,1000,6,118642,False,False,True,,,
2209,ok,0,6,64,True,False,False,,,
2211,capped,1000,4,46284,False,False,True,,,
2213,ok,0,7,86,True,True,False,,,
2214,ok,776,8,82582,False,False,False,,,
2215,ok,125,6,11978,False,False,False,,,
2217,capped,1000,7,66744,False,False,True,,,
2220,ok,7,4,339,False,False,False,,,
2222,capped,1000,8,93107,False,False,True,,,
2225,capped,1000,6,91419,False,False,True,,,
2227,capped,1000,8,101411,False,False,True,,,
2229,capped,1000,4,51940,False,False,True,,,
2234,capped,1000,5,100009,False,False,True,,,
2243,ok,0,5,76,True,True,False,,,
2246,ok,0,6,71,True,False,False,,,
2247,ok,0,9,137,True,False,False,,,
2248,ok,5,4,280,False,False,False,,,
2249,ok,521,7,52423,False,False,False,,,
2250,capped,1000,6,86872,False,False,True,,,
2254,ok,0,9,141,True,False,False,,,
2257,ok,25,5,2192,False,False,False,,,
2261,ok,25,5,1973,False,False,False,,,
2262,ok,10,5,762,False,False,False,,,
2265,ok,0,5,72,True,False,False,,,
2266,capped,1000,5,42073,False,False,True,,,
2270,ok,10,7,483,False,False,False,,,
2272,ok,30,7,2628,False,False,False,,,
2278,ok,5,8,427,False,False,False,,,
2281,ok,5,3,280,False,False,False,,,
2284,ok,25,10,3280,False,False,False,,,
2289,ok,25,6,1829,False,False,False,,,
2290,ok,273,4,20818,False,False,False,,,
2291,ok,14,8,1571,False,False,False,,,
2293,ok,908,11,116341,False,False,False,,,
2294,ok,224,7,25398,False,False,False,,,
2298,capped,1000,6,100206,False,False,True,,,
2301,ok,5,5,511,False,False,False,,,
2302,ok,0,5,58,True,False,False,,,
2306,ok,0,5,70,True,False,False,,,
2311,ok,25,6,2129,False,False,False,,,
2321,capped,1000,6,52071,False,False,True,,,
2323,ok,0,9,141,True,False,False,,,
2329,ok,10,8,3065,False,False,False,,,
2332,capped,1000,6,43922,False,False,True,,,
2333,capped,1000,6,72726,False,False,True,,,
2339,ok,5,4,325,False,False,False,,,
2343,ok,0,6,104,True,False,False,,,
2345,ok,10,5,903,False,False,False,,,
2346,capped,1000,7,89618,False,False,True,,,
2348,ok,5,4,401,False,False,False,,,
2350,ok,0,5,91,True,False,False,,,
2353,ok,0,6,78,True,False,False,,,
2354,capped,1000,5,42055,False,False,True,,,
2363,ok,1,5,176,False,False,False,,,
2364,ok,50,8,6884,False,False,False,,,
2367,ok,10,5,519,False,False,False,,,
2375,ok,5,5,446,False,False,False,,,
2377,ok,7,5,596,False,False,False,,,
2382,capped,1000,8,132092,False,False,True,,,
2383,ok,0,6,96,True,False,False,,,
2385,ok,10,5,220,False,False,False,,,
2387,ok,1,5,137,False,False,False,,,
2389,capped,1000,6,52966,False,False,True,,,
2393,ok,0,4,60,True,True,False,,,
2394,capped,1000,3,78046,False,False,True,,,
2396,ok,0,5,68,True,False,False,,,
2397,ok,0,7,90,True,False,False,,,
2399,capped,1000,8,80563,False,False,True,,,
2404,ok,0,8,100,True,False,False,,,
2405,ok,50,5,2719,False,False,False,,,
2417,ok,10,4,842,False,False,False,,,
2420,capped,1000,6,62945,False,False,True,,,
2428,capped,1000,6,81742,False,False,True,,,
2429,capped,1000,5,66135,False,False,True,,,
2431,ok,0,7,84,True,False,False,,,
2433,capped,1000,8,94105,False,False,True,,,
2434,ok,0,5,71,True,False,False,,,
2441,capped,1000,4,44825,False,False,True,,,
2442,ok,1,8,187,False,False,False,,,
2446,capped,1000,4,62054,False,False,True,,,
2447,capped,1000,7,96097,False,False,True,,,
2450,ok,10,5,831,False,False,False,,,
2451,ok,5,3,387,False,False,False,,,
2452,capped,1000,7,89102,False,False,True,,,
2456,ok,25,5,2006,False,False,False,,,
2461,ok,0,8,117,True,False,False,,,
2465,capped,1000,6,76086,False,False,True,,,
2468,ok,521,6,38037,False,False,False,,,
2471,ok,100,8,9281,False,False,False,,,
2472,ok,0,6,73,True,False,False,,,
2474,capped,1000,7,67557,False,False,True,,,
2477,capped,1000,7,91092,False,False,True,,,
2480,ok,125,6,11649,False,False,False,,,
2490,ok,5,4,363,False,False,False,,,
2491,capped,1000,4,70103,False,False,True,,,
2493,ok,0,6,88,True,False,False,,,
2494,ok,10,7,512,False,False,False,,,
2498,ok,24,5,2275,False,False,False,,,
2503,ok,15,5,842,False,False,False,,,
2505,ok,5,3,264,False,False,False,O99,8,6
2506,ok,5,5,478,False,False,False,,,
2507,ok,5,4,320,False,False,False,,,
2509,ok,0,6,70,True,False,False,,,
2511,capped,1000,7,100103,False,False,True,,,
2516,ok,0,6,95,True,False,False,,,
2519,capped,1000,6,23436,False,False,True,,,
2521,capped,1000,4,59084,False,False,True,,,
2524,capped,1000,8,78230,False,False,True,,,
2532,ok,10,4,636,False,False,False,,,
2534,capped,1000,6,82960,False,False,True,,,
2537,ok,25,5,2548,False,False,False,,,
2539,capped,1000,5,75060,False,False,True,,,
2541,ok,25,8,3472,False,False,False,,,
2542,capped,1000,6,79227,False,False,True,,,
2546,ok,5,3,353,False,False,False,,,
2547,ok,10,7,975,False,False,False,,,
2548,ok,10,5,615,False,False,False,,,
2550,ok,0,9,137,True,True,False,,,
2552,ok,5,6,602,False,False,False,,,
2555,ok,0,5,73,True,False,False,,,
2558,ok,13,10,1741,False,False,False,,,
2559,ok,0,8,103,True,False,False,,,
2560,ok,0,6,86,True,False,False,,,
2562,ok,0,5,86,True,False,False,,,
2563,ok,0,6,97,True,False,False,,,
2577,ok,0,6,115,True,False,False,,,
2584,capped,1000,7,61134,False,False,True,,,
2585,ok,5,4,404,False,False,False,,,
2590,ok,120,7,11075,False,False,False,,,
2593,ok,0,8,124,True,True,False,,,
2596,ok,70,7,7605,False,False,False,,,
2602,ok,0,6,89,True,False,False,,,
2605,capped,1000,8,96230,False,False,True,,,
2606,ok,25,5,2631,False,False,False,,,
2607,ok,10,7,1060,False,False,False,,,
2608,ok,720,9,113625,False,False,False,,,
2612,ok,25,4,1643,False,False,False,,,
2614,capped,1000,6,87084,False,False,True,,,
2621,ok,10,5,954,False,False,False,,,
2625,capped,1000,6,72106,False,False,True,,,
2628,ok,0,6,70,True,False,False,,,
2630,ok,247,6,24417,False,False,False,,,
2631,capped,1000,5,34380,False,False,True,,,
2637,capped,1000,7,63860,False,False,True,,,
2639,ok,15,4,1123,False,False,False,,,
2643,ok,0,6,85,True,False,False,,,
2647,capped,1000,5,58965,False,False,True,,,
2648,capped,1000,6,106191,False,False,True,,,
2649,capped,1000,5,75937,False,False,True,,,
2650,ok,0,8,124,True,False,False,,,
2651,ok,5,6,411,False,False,False,,,
2653,capped,1000,5,73064,False,False,True,,,
2654,capped,1000,5,48056,False,False,True,,,
2658,ok,5,7,474,False,False,False,,,
2660,capped,1000,5,66865,False,False,True,,,
2662,ok,23,4,1576,False,False,False,,,
2665,ok,0,6,66,True,False,False,,,
2669,ok,5,4,355,False,False,False,,,
2670,ok,0,9,124,True,False,False,,,
2675,ok,25,4,1752,False,False,False,,,
2684,ok,50,7,3898,False,False,False,,,
2690,ok,0,7,102,True,False,False,,,
2692,capped,1000,5,64977,False,False,True,,,
2693,capped,1000,5,54590,False,False,True,,,
2698,ok,8,8,687,False,False,False,,,
2702,capped,1000,6,86112,False,False,True,,,
2703,capped,1000,7,81818,False,False,True,,,
2705,ok,10,8,580,False,False,False,,,
2706,ok,0,4,61,True,False,False,,,
2707,capped,1000,7,88847,False,False,True,,,
2713,ok,131,6,15396,False,False,False,,,
2714,ok,0,7,96,True,False,False,,,
2716,capped,1000,9,164489,False,False,True,,,
2724,ok,0,5,66,True,False,False,,,
2725,ok,50,4,3304,False,False,False,,,
2727,ok,0,4,52,True,False,False,,,
2733,ok,125,5,9221,False,False,False,,,
2738,ok,125,3,7807,False,False,False,,,
2741,ok,0,4,72,True,False,False,,,
2748,ok,13,6,880,False,False,False,,,
2758,capped,1000,7,82592,False,False,True,,,
2760,capped,1000,6,101854,False,False,True,,,
2764,ok,25,4,2656,False,False,False,,,
2765,ok,0,5,77,True,False,False,,,
2771,ok,4,8,365,False,False,False,,,
2772,capped,1000,4,56055,False,False,True,,,
2774,ok,455,8,40233,False,False,False,,,
2778,ok,0,6,94,True,False,False,,,
2779,ok,5,4,377,False,False,False,,,
2780,capped,1000,5,44547,False,False,True,,,
2782,capped,1000,5,33847,False,False,True,,,
2785,ok,0,4,57,True,False,False,,,
2787,ok,0,8,133,True,True,False,,,
2799,ok,25,8,2155,False,False,False,,,
2801,ok,0,7,132,True,False,False,,,
2804,ok,0,3,56,True,False,False,,,
2806,capped,1000,8,97103,False,False,True,,,
2807,ok,784,8,73944,False,False,False,,,
2812,capped,1000,4,47165,False,False,True,,,
2813,ok,25,5,1197,False,False,False,,,
2814,ok,0,6,83,True,False,False,,,
2818,capped,1000,6,70066,False,False,True,,,
2820,capped,1000,7,52172,False,False,True,,,
2824,ok,100,6,5464,False,False,False,,,
2826,ok,5,4,371,False,False,False,,,
2828,capped,1000,10,126189,False,False,True,,,
2829,capped,1000,8,2860640,False,False,True,,,
2831,ok,0,6,87,True,True,False,,,
2835,ok,0,5,61,True,False,False,,,
2837,ok,50,8,5437,False,False,False,,,
2839,capped,1000,6,117065,False,False,True,,,
2840,ok,25,5,1455,False,False,False,,,
2843,capped,1000,5,1233280,False,False,True,,,
2844,ok,0,6,80,True,False,False,,,
2845,ok,368,6,39023,False,False,False,,,
2846,capped,1000,6,90207,False,False,True,,,
2847,ok,10,8,504,False,False,False,,,
2855,ok,10,9,503,False,False,False,,,
2856,capped,1000,5,54306,False,False,True,,,
2858,ok,13,5,1209,False,False,False,,,
2859,ok,18,5,1804,False,False,False,,,
2862,ok,0,6,94,True,False,False,,,
2866,ok,10,8,920,False,False,False,,,
2868,ok,10,5,525,False,False,False,,,
2877,ok,10,6,886,False,False,False,,,
2883,ok,5,6,387,False,False,False,,,
2885,ok,0,7,102,True,False,False,,,
2886,capped,1000,8,108743,False,False,True,,,
2888,ok,0,3,54,True,False,False,,,
2889,ok,10,5,601,False,False,False,,,
2891,ok,97,6,6763,False,False,False,,,
2892,ok,25,5,1961,False,False,False,,,
2895,capped,1000,7,99089,False,False,True,,,
2899,ok,10,6,973,False,False,False,,,
2900,capped,1000,7,58361,False,False,True,,,
2901,ok,0,7,114,True,False,False,,,
2902,ok,5,4,456,False,False,False,,,
2903,capped,1000,4,32426,False,True,True,,,
2904,ok,25,5,1549,False,False,False,,,
2905,capped,1000,6,104970,False,False,True,,,
2915,ok,5,4,388,False,False,False,,,
2917,ok,25,7,2681,False,False,False,,,
2925,ok,0,5,96,True,False,False,,,
2934,capped,1000,7,110243,False,False,True,,,
2935,ok,0,10,155,True,False,False,,,
2945,ok,10,5,799,False,False,False,,,
2946,ok,100,7,10091,False,False,False,,,
2950,ok,10,4,501,False,False,False,,,
2954,capped,1000,4,48445,False,False,True,,,
2955,ok,0,5,78,True,False,False,,,
2961,ok,6,5,426,False,False,False,,,
2971,capped,1000,6,102525,False,False,True,,,
2972,ok,175,8,19753,False,False,False,,,
2977,ok,10,7,1014,False,False,False,,,
2978,ok,10,5,698,False,False,False,,,
2979,ok,3,4,230,False,False,False,,,
2981,capped,1000,6,81218,False,False,True,,,
2982,capped,1000,5,53972,False,False,True,,,
2985,ok,10,4,571,False,False,False,,,
2986,ok,0,6,98,True,False,False,,,
2988,ok,5,5,480,False,False,False,,,
2989,ok,2,4,196,False,False,False,,,
2994,ok,5,6,320,False,False,False,,,
2995,capped,1000,6,77856,False,False,True,,,
2996,capped,1000,8,87845,False,False,True,,,
2999,ok,100,8,8582,False,False,False,,,
3002,ok,70,5,4478,False,False,False,,,
3009,ok,0,6,86,True,False,False,,,
3010,ok,10,5,494,False,False,False,,,
3011,ok,0,7,104,True,False,False,,,
3012,ok,0,7,105,True,False,False,,,
3013,capped,1000,7,56367,False,False,True,,,
3016,ok,10,7,1019,False,False,False,,,
3017,capped,1000,6,39039,False,False,True,,,
3019,ok,25,5,1992,False,False,False,,,
3020,capped,1000,5,29864,False,False,True,,,
3022,ok,196,9,19714,False,False,False,,,
3023,ok,25,5,1857,False,False,False,,,
3024,ok,5,5,261,False,False,False,,,
3026,capped,1000,4,50318,False,False,True,,,
3028,ok,5,3,330,False,False,False,,,
3030,ok,8,4,478,False,False,False,,,
3032,ok,10,4,789,False,False,False,,,
3033,capped,1000,7,85815,False,False,True,,,
3036,ok,5,4,456,False,False,False,,,
3041,ok,125,7,2796,False,False,False,,,
3047,capped,1000,8,83041,False,False,True,,,
3049,ok,10,4,302,False,False,False,,,
3050,ok,25,4,1886,False,False,False,,,
3052,capped,1000,8,58096,False,False,True,,,
3058,ok,24,6,2434,False,False,False,,,
3059,ok,10,5,517,False,False,False,,,
3063,ok,0,5,89,True,False,False,,,
3064,ok,10,5,622,False,False,False,,,
3065,ok,25,4,1373,False,False,False,,,
3067,capped,1000,10,134824,False,False,True,,,
3069,ok,5,5,313,False,False,False,,,
3073,ok,1,2,45,False,False,False,,,
3075,ok,0,4,62,True,False,False,,,
3076,ok,20,8,2113,False,False,False,,,
3081,ok,5,5,387,False,False,False,,,
3084,ok,0,4,63,True,False,False,,,
3085,ok,0,7,91,True,False,False,,,
3087,capped,1000,8,111987,False,False,True,,,
3091,capped,1000,6,58780,False,False,True,,,
3092,ok,0,7,99,True,True,False,,,
3101,ok,5,4,360,False,False,False,,,
3102,ok,0,6,89,True,False,False,,,
3104,capped,1000,9,88970,False,False,True,,,
3107,ok,0,6,102,True,False,False,,,
3111,ok,0,9,161,True,False,False,,,
3113,capped,1000,4,77038,False,False,True,,,
3118,ok,0,12,161,True,False,False,,,
3122,ok,100,7,8963,False,False,False,,,
3130,ok,1,6,208,False,False,False,,,
3131,capped,1000,6,36082,False,False,True,,,
3132,capped,1000,7,138179,False,False,True,,,
3133,ok,10,7,715,False,True,False,,,
3136,ok,280,8,21960,False,False,False,,,
3137,ok,0,9,123,True,False,False,,,
3141,capped,1000,8,86734,False,False,True,,,
3142,ok,20,7,1611,False,False,False,,,
3145,ok,0,9,129,True,False,False,,,
3147,capped,1000,8,69690,False,False,True,,,
3149,capped,1000,7,109842,False,False,True,,,
3150,ok,25,3,1374,False,False,False,,,
3153,ok,30,7,3230,False,False,False,,,
3154,ok,10,4,778,False,False,False,,,
3156,ok,100,7,9586,False,False,False,,,
3158,ok,13,4,800,False,False,False,,,
3162,ok,5,10,398,False,False,False,,,
3168,capped,1000,6,97849,False,False,True,,,
3169,capped,1000,6,101383,False,False,True,,,
3172,ok,0,6,112,True,False,False,,,
3174,ok,5,7,372,False,False,False,,,
3175,ok,10,5,504,False,False,False,,,
3177,ok,5,4,375,False,False,False,,,
3181,capped,1000,6,62682,False,False,True,,,
3183,capped,1000,7,62170,False,False,True,,,
3184,ok,25,5,1932,False,False,False,,,
3194,ok,280,7,16351,False,False,False,,,
3197,ok,4,4,286,False,False,False,,,
3200,ok,10,6,11447769,False,False,False,,,
3202,ok,0,6,109,True,False,False,,,
3204,ok,10,8,869,False,False,False,,,
3207,ok,581,7,35223,False,False,False,,,
3210,ok,0,8,114,True,False,False,,,
3214,ok,125,7,7447,False,False,False,,,
3216,ok,24,6,1940,False,False,False,,,
3218,ok,0,6,86,True,False,False,,,
3220,ok,5,7,496,False,False,False,,,
3221,ok,50,7,5256,False,False,False,,,
3222,ok,0,6,95,True,False,False,,,
3223,ok,25,5,1612,False,False,False,,,
3227,ok,0,5,77,True,True,False,,,
3228,ok,0,5,89,True,False,False,,,
3229,capped,1000,7,39798,False,False,True,,,
3230,capped,1000,7,87690,False,False,True,,,
3232,capped,1000,6,82927,False,False,True,,,
3233,ok,5,5,472,False,False,False,,,
3237,ok,10,7,1313,False,False,False,,,
3242,ok,0,8,92,True,True,False,,,
3243,capped,1000,8,113085,False,False,True,,,
3245,ok,12,5,1054,False,False,False,,,
3246,ok,0,4,78,True,True,False,,,
3248,ok,0,5,74,True,False,False,,,
3252,ok,0,8,128,True,False,False,,,
3254,ok,10,4,665,False,False,False,,,
3255,capped,1000,5,50966,False,False,True,,,
3259,ok,5,6,467,False,False,False,,,
3266,ok,100,7,7386,False,False,False,,,
3270,capped,1000,9,77259,False,False,True,,,
3275,ok,5,4,357,False,False,False,,,
3276,capped,1000,4,58033,False,False,True,,,
3279,ok,5,3,291,False,False,False,,,
3280,ok,0,7,79,True,False,False,,,
3283,ok,25,6,2492,False,False,False,,,
3285,ok,10,6,803,False,False,False,,,
3286,capped,1000,9,54421,False,False,True,,,
3288,ok,5,7,634,False,False,False,,,
3290,capped,1000,5,36933,False,False,True,,,
3299,ok,25,5,1536,False,False,False,,,
3300,ok,0,5,71,True,False,False,,,
3302,ok,0,6,80,True,False,False,,,
3306,ok,5,5,477,False,False,False,,,
3309,ok,25,5,930,False,False,False,,,
3312,ok,5,4,316,False,False,False,,,
3316,ok,10,5,607,False,False,False,,,
3332,capped,1000,5,67326,False,False,True,,,
3337,capped,1000,5,78254,False,False,True,,,
3342,ok,150,6,10732,False,False,False,,,
3346,ok,10,6,785,False,False,False,,,
3347,ok,0,6,79,True,False,False,,,
3348,capped,1000,6,66737,False,False,True,,,
3349,capped,1000,8,121559,False,False,True,,,
3354,ok,0,7,105,True,False,False,,,
3363,ok,0,7,98,True,True,False,,,
3368,ok,25,6,1934,False,False,False,,,
3369,ok,0,7,84,True,False,False,,,
3371,capped,1000,5,78065,False,True,True,,,
3372,ok,10,6,731,False,False,False,,,
3377,ok,5,5,497,False,False,False,,,
3379,capped,1000,7,78091,False,False,True,,,
3383,ok,3,9,437,False,False,False,,,
3384,ok,5,3,269,False,False,False,,,
3386,ok,0,6,102,True,False,False,,,
3390,ok,10,5,959,False,False,False,,,
3392,ok,349,8,19244,False,False,False,,,
3394,ok,727,6,59880,False,False,False,,,
3395,ok,25,5,2082,False,False,False,,,
3396,ok,5,5,482,False,False,False,,,
3398,ok,5,3,282,False,True,False,,,
3401,capped,1000,5,50371,False,False,True,,,
3405,capped,1000,6,88779,False,False,True,,,
3409,ok,25,4,2148,False,False,False,,,
3414,ok,10,4,950,False,False,False,,,
3418,ok,70,7,3958,False,False,False,,,
3419,capped,1000,9,117635,False,False,True,,,
3423,capped,1000,4,67135,False,False,True,,,
3426,capped,1000,4,64060,False,False,True,,,
3427,capped,1000,8,85475,False,False,True,,,
3428,ok,100,5,4291,False,False,False,,,
3429,capped,1000,5,42867,False,False,True,,,
3431,ok,100,6,3285,False,False,False,,,
3434,capped,1000,6,66525,False,False,True,,,
3437,ok,10,7,1139,False,False,False,,,
3441,ok,885,11,105447,False,False,False,,,
3442,ok,74,7,9394,False,False,False,,,
3447,ok,11,5,739,False,False,False,,,
3450,capped,1000,7,56131,False,False,True,,,
3452,ok,25,6,2299,False,False,False,,,
3455,ok,25,3,1163,False,False,False,,,
3456,capped,1000,5,89455,False,False,True,,,
3457,ok,5,7,395,False,False,False,,,
3463,capped,1000,6,80372,False,False,True,,,
3464,ok,0,4,91,True,False,False,,,
3479,ok,0,5,81,True,False,False,,,
3482,capped,1000,6,86995,False,False,True,,,
3483,ok,5,4,553,False,False,False,,,
3484,capped,1000,7,71099,False,False,True,,,
3487,ok,10,6,984,False,False,False,,,
3495,capped,1000,5,72297,False,False,True,,,
3499,capped,1000,5,70067,False,False,True,,,
3500,ok,75,6,6521,False,False,False,,,
3501,capped,1000,8,100188,False,False,True,,,
3503,ok,5,6,543,False,False,False,,,
3505,capped,1000,5,38071,False,False,True,,,
3507,ok,5,4,380,False,False,False,,,
3508,ok,125,6,13597,False,False,False,,,
3509,capped,1000,8,110111,False,False,True,,,
3513,capped,1000,7,94965,False,False,True,,,
3515,capped,1000,8,106290,False,False,True,,,
3518,ok,0,7,114,True,False,False,,,
3523,ok,5,5,446,False,False,False,,,
3527,capped,1000,6,82848,False,False,True,,,
3533,ok,125,4,7058,False,False,False,,,
3539,ok,5,4,454,False,False,False,,,
3540,ok,10,8,1375,False,False,False,,,
3541,ok,0,4,66,True,False,False,,,
3543,ok,10,3,358,False,False,False,,,
3546,ok,25,5,2394,False,False,False,,,
3552,ok,0,4,55,True,True,False,,,
3553,ok,10,5,605,False,False,False,,,
3557,ok,125,5,10797,False,False,False,,,
3559,ok,264,10,38122,False,False,False,,,
3563,capped,1000,5,81437,False,False,True,,,
3566,capped,1000,8,85970,False,False,True,,,
3572,ok,25,5,1567,False,False,False,,,
3573,ok,5,5,353,False,False,False,,,
3575,ok,35,7,3392,False,False,False,,,
3577,ok,135,5,8044,False,False,False,,,
3578,ok,50,7,5829,False,False,False,,,
3580,ok,0,7,125,True,True,False,,,
3581,ok,10,6,1017,False,False,False,,,
3584,capped,1000,8,134829,False,False,True,,,
3585,ok,0,9,120,True,False,False,,,
3587,ok,25,6,2762,False,False,False,,,
3588,ok,100,6,12081,False,False,False,,,
3589,ok,25,4,1814,False,False,False,,,
3591,capped,1000,6,97822,False,False,True,,,
3594,ok,10,9,1058,False,False,False,,,
3595,capped,1000,6,98526,False,False,True,,,
3598,capped,1000,5,43445,False,False,True,,,
3599,ok,10,5,721,False,False,False,,,
3600,ok,70,8,7458,False,False,False,,,
3604,ok,26,4,1683,False,False,False,,,
3608,capped,1000,7,116651,False,False,True,,,
3609,capped,1000,6,67408,False,False,True,,,
3615,ok,0,6,69,True,False,False,,,
3620,capped,1000,6,66996,False,False,True,,,
3621,ok,10,6,932,False,False,False,,,
3622,capped,1000,8,95131,False,False,True,,,
3624,ok,78,4,5216,False,False,False,,,
3626,capped,1000,6,88602,False,False,True,,,
3627,capped,1000,5,64988,False,False,True,,,
3629,capped,1000,7,87943,False,False,True,,,
3631,capped,1000,5,56074,False,False,True,,,
3632,ok,0,4,61,True,False,False,,,
3633,ok,10,3,726,False,False,False,,,
3634,ok,0,5,80,True,False,False,,,
3638,ok,0,7,99,True,False,False,,,
3640,capped,1000,5,56730,False,False,True,,,
3641,ok,0,5,67,True,False,False,,,
3645,ok,24,6,1737,False,False,False,,,
3651,capped,1000,7,120962,False,False,True,,,
3654,ok,692,7,53348,False,False,False,,,
3658,capped,1000,7,97684,False,False,True,,,
3672,ok,10,4,626,False,False,False,,,
3673,ok,1,3,56,False,False,False,,,
3676,capped,1000,4,67321,False,False,True,,,
3678,ok,643,7,77644,False,False,False,,,
3682,capped,1000,9,136315,False,False,True,,,
3691,ok,0,5,75,True,False,False,,,
3699,ok,5,5,412,False,False,False,,,
3700,capped,1000,8,82103,False,False,True,,,
3702,ok,10,7,565,False,False,False,,,
3703,ok,11,6,1072,False,False,False,,,
3706,ok,10,6,436,False,False,False,,,
3707,ok,125,7,10199,False,False,False,,,
3713,capped,1000,5,64952,False,False,True,,,
3714,capped,1000,5,45450,False,False,True,,,
3718,ok,10,5,734,False,False,False,,,
3721,ok,75,6,4580,False,False,False,,,
3727,ok,10,7,973,False,False,False,,,
3733,capped,1000,7,33268,False,False,True,,,
3739,capped,1000,6,82957,False,False,True,,,
3740,ok,0,7,77,True,False,False,,,
3742,ok,3,4,162,False,False,False,,,
3745,ok,25,8,1183,False,False,False,,,
3746,ok,752,5,51171,False,False,False,,,
3748,ok,10,6,898,False,False,False,,,
3750,ok,100,5,6424,False,False,False,,,
3751,capped,1000,5,61502,False,False,True,,,
3752,capped,1000,7,133074,False,False,True,,,
3755,ok,5,8,482,False,False,False,,,
3757,capped,1000,9,94128,False,False,True,,,
3758,ok,25,6,2005,False,False,False,,,
3759,ok,90,5,5813,False,False,False,,,
3761,ok,10,5,827,False,False,False,,,
3762,capped,1000,6,38522,False,False,True,,,
3766,ok,0,5,82,True,False,False,,,
3768,ok,5,4,280,False,False,False,,,
3776,ok,10,8,957,False,False,False,,,
3777,ok,250,6,22108,False,False,False,,,
3780,ok,0,6,78,True,False,False,,,
3791,ok,25,4,1225,False,False,False,,,
3794,ok,10,6,742,False,False,False,,,
3796,capped,1000,8,82082,False,False,True,,,
3797,ok,25,4,1445,False,False,False,,,
3798,ok,280,6,21058,False,False,False,,,
3806,ok,5,5,423,False,False,False,,,
3807,capped,1000,7,111357,False,False,True,,,
3809,capped,1000,5,78964,False,False,True,,,
3811,ok,0,6,85,True,False,False,,,
3814,capped,1000,6,90306,False,False,True,,,
3815,ok,1,7,143,False,False,False,,,
3818,capped,1000,5,95088,False,False,True,,,
3820,ok,0,6,78,True,True,False,,,
3821,ok,10,7,878,False,False,False,,,
3824,capped,1000,5,60050,False,False,True,,,
3828,ok,24,4,1050,False,False,False,,,
3833,capped,1000,5,110184,False,False,True,,,
3834,capped,1000,4,58051,False,False,True,,,
3836,ok,350,5,18943,False,False,False,,,
3844,ok,10,6,729,False,False,False,,,
3851,ok,5,7,1005,False,False,False,,,
3855,ok,25,4,1694,False,False,False,,,
3858,ok,369,6,27652,False,False,False,,,
3859,ok,0,6,94,True,True,False,,,
3860,ok,100,8,9932,False,False,False,,,
3862,ok,16,5,1064,False,False,False,,,
3863,capped,1000,6,109075,False,False,True,,,
3869,ok,24,6,1677,False,False,False,,,
3870,capped,1000,6,56940,False,False,True,,,
3871,ok,17,5,1397,False,False,False,,,
3874,ok,63,7,4512,False,False,False,,,
3876,ok,10,6,883,False,False,False,,,
3877,ok,5,4,414,False,False,False,,,
3879,ok,0,4,76,True,False,False,,,
3882,capped,1000,5,57066,False,True,True,,,
3885,ok,3,3,201,False,False,False,,,
3887,ok,0,6,72,True,False,False,,,
3888,ok,10,6,717,False,False,False,,,
3891,ok,10,5,615,False,False,False,,,
3892,capped,1000,4,49359,False,False,True,,,
3893,ok,10,6,760,False,False,False,,,
3895,capped,1000,8,73062,False,False,True,,,
3896,capped,1000,5,58793,False,False,True,,,
3899,capped,1000,5,60725,False,False,True,,,
3902,capped,1000,9,114126,False,False,True,,,
3907,capped,1000,8,66044,False,False,True,,,
3909,ok,10,5,570,False,False,False,,,
3910,ok,0,5,71,True,False,False,,,
3911,capped,1000,8,47867,False,False,True,,,
3918,ok,10,5,791,False,False,False,,,
3919,ok,0,6,72,True,False,False,,,
3922,capped,1000,7,79143,False,True,True,,,
3942,ok,0,6,76,True,False,False,,,
3945,ok,25,4,1167,False,False,False,,,
3946,ok,75,8,10139,False,False,False,,,
3947,ok,0,7,105,True,False,False,,,
3948,capped,1000,7,73103,False,False,True,,,
3949,ok,5,5,483,False,False,False,,,
3950,capped,1000,8,100658,False,False,True,,,
3954,ok,0,5,70,True,False,False,,,
3955,ok,25,3,1146,False,False,False,,,
3956,ok,25,4,1819,False,False,False,,,
3958,capped,1000,4,55047,False,False,True,,,
3959,ok,5,5,482,False,False,False,,,
3965,capped,1000,6,83082,False,False,True,,,
3968,ok,0,9,127,True,False,False,,,
3971,ok,25,3,811,False,False,False,,,
3972,ok,100,6,10916,False,False,False,,,
3976,ok,125,4,7438,False,False,False,,,
3977,ok,969,6,79236,False,False,False,,,
3978,capped,1000,7,112100,False,False,True,,,
3983,ok,0,6,85,True,True,False,,,
3992,ok,25,8,2104,False,False,False,,,
3995,ok,10,5,497,False,False,False,,,
3998,ok,0,9,140,True,True,False,,,
4016,ok,0,9,122,True,False,False,,,
4017,ok,0,3,41,True,False,False,,,
4019,ok,5,7,502,False,False,False,,,
4021,capped,1000,8,122169,False,False,True,,,
4023,ok,5,3,310,False,False,False,,,
4030,ok,65,6,5690,False,False,False,,,
4032,ok,0,6,71,True,False,False,,,
4034,ok,7,7,794,False,False,False,,,
4036,ok,5,5,408,False,True,False,,,
4039,ok,0,5,77,True,False,False,,,
4049,ok,0,9,123,True,False,False,,,
4050,capped,1000,7,58377,False,False,True,,,
4055,ok,0,4,70,True,False,False,,,
4062,ok,349,7,26519,False,False,False,,,
4065,ok,0,7,87,True,False,False,,,
4072,ok,10,5,788,False,False,False,,,
4076,ok,0,4,60,True,False,False,,,
4077,capped,1000,6,45323,False,False,True,,,
4078,ok,0,4,75,True,False,False,,,
4079,capped,1000,5,47056,False,False,True,,,
4080,capped,1000,7,70528,False,False,True,,,
4085,ok,25,4,2031,False,False,False,,,
4091,ok,10,7,928,False,False,False,,,
4095,ok,0,9,123,True,False,False,,,
4097,ok,10,6,666,False,False,False,,,
4099,ok,5,4,129,False,False,False,,,
4100,ok,5,5,407,False,True,False,,,
4101,ok,25,6,906,False,False,False,,,
4102,ok,123,5,10251,False,False,False,,,
4103,ok,500,8,61481,False,False,False,,,
4104,capped,1000,4,22219,False,False,True,,,
4110,ok,25,4,1743,False,False,False,,,
4113,ok,3,8,401,False,False,False,,,
4114,ok,37,6,3062,False,False,False,,,
4124,capped,1000,5,48214,False,False,True,,,
4132,capped,1000,9,97428,False,False,True,,,
4137,ok,25,4,1771,False,False,False,,,
4142,ok,5,4,279,False,False,False,,,
4143,capped,1000,6,98609,False,False,True,,,
4150,capped,1000,4,69061,False,False,True,O391,1,2
4155,ok,0,6,92,True,False,False,,,
4157,capped,1000,8,59749,False,False,True,,,
4162,capped,1000,5,29410,False,False,True,,,
4166,capped,1000,7,54990,False,False,True,,,
4167,ok,25,4,1384,False,False,False,,,
4173,ok,5,4,432,False,False,False,,,
4175,capped,1000,6,69086,False,False,True,,,
4177,ok,140,9,16777,False,False,False,,,
4183,ok,125,5,10899,False,False,False,,,
4186,ok,50,5,2084,False,False,False,,,
4189,ok,0,6,100,True,False,False,,,
4196,ok,210,7,22155,False,False,False,,,
4197,ok,10,5,719,False,False,False,,,
4202,ok,100,8,9179,False,False,False,,,
4203,capped,1000,7,88338,False,False,True,,,
4206,ok,5,4,405,False,False,False,,,
4208,ok,5,4,123057687,False,False,False,,,
4214,ok,115,8,14163,False,False,False,,,
4215,ok,0,7,92,True,False,False,,,
4216,ok,0,4,68,True,False,False,,,
4219,ok,500,6,36356,False,False,False,,,
4221,ok,10,6,1069,False,False,False,,,
4224,capped,1000,9,106116,False,False,True,,,
4226,ok,10,5,981,False,False,False,,,
4227,ok,2,6,282,False,False,False,,,
4229,capped,1000,8,195398,False,False,True,,,
4230,ok,10,8,619,False,False,False,,,
4231,ok,5,4,383,False,False,False,,,
4232,ok,13,4,438,False,False,False,,,
4236,capped,1000,11,141411,False,True,True,,,
4239,ok,500,7,43628,False,False,False,,,
4242,ok,5,4,353,False,False,False,,,
4245,ok,5,4,218,False,False,False,,,
4249,capped,1000,6,112389,False,False,True,,,
4250,capped,1000,5,97050,False,False,True,,,
4252,capped,1000,5,40340,False,False,True,,,
4256,capped,1000,6,79079,False,False,True,,,
4257,capped,1000,5,45548,False,False,True,,,
4259,capped,1000,6,42851,False,False,True,,,
4261,ok,0,5,76,True,False,False,,,
4262,capped,1000,6,42314,False,False,True,,,
4267,ok,10,5,531,False,False,False,,,
4269,capped,1000,5,80061,False,False,True,,,
4273,ok,0,8,106,True,False,False,,,
4274,capped,1000,4,70058,False,False,True,,,
4276,capped,1000,8,87863,False,False,True,,,
4278,ok,75,9,7717,False,False,False,,,
4281,capped,1000,6,77470,False,False,True,,,
4282,ok,24,5,1299,False,False,False,,,
4291,ok,872,6,81176,False,False,False,,,
4296,ok,100,6,9169,False,False,False,,,
4299,ok,0,7,111,True,True,False,,,
4302,capped,1000,7,85425,False,False,True,,,
4303,capped,1000,6,33899,False,False,True,,,
4307,capped,1000,7,102767,False,False,True,,,
4311,ok,5,5,155850,False,False,False,,,
4316,capped,1000,6,84217,False,False,True,,,
4318,capped,1000,5,51873,False,False,True,,,
4322,ok,10,6,547,False,False,False,,,
4327,ok,5,4,337,False,False,False,,,
4330,ok,5,5,473,False,False,False,,,
4331,capped,1000,5,69319,False,False,True,,,
4332,capped,1000,7,79252,False,False,True,,,
4335,ok,10,7,871,False,False,False,,,
4336,ok,10,7,1301,False,False,False,,,
4338,capped,1000,6,54283,False,False,True,,,
4339,capped,1000,8,144336,False,False,True,,,
4341,ok,0,6,75,True,True,False,,,
4347,capped,1000,6,48093,False,False,True,,,
4348,ok,15,6,1063,False,False,False,,,
4349,ok,0,4,55,True,False,False,,,
4350,ok,5,4,418,False,False,False,,,
4352,capped,1000,7,72644,False,False,True,,,
4357,capped,1000,6,81113,False,False,True,,,
4368,ok,0,6,93,True,False,False,,,
4375,ok,3,6,271,False,False,False,,,
4376,ok,0,6,90,True,False,False,,,
4377,ok,10,6,1246,False,False,False,,,
4379,ok,5,4,313,False,False,False,,,
4380,ok,25,5,1675,False,False,False,,,
4382,capped,1000,7,55485,False,False,True,,,
4383,ok,100,9,6553,False,False,False,,,
4386,ok,5,6,684,False,False,False,,,
4387,ok,5,5,335,False,False,False,,,
4390,capped,1000,6,90066,False,False,True,,,
4392,capped,1000,5,81186,False,False,True,,,
4397,ok,24,7,2855,False,False,False,,,
4398,ok,100,7,7492,False,False,False,,,
4399,ok,0,7,110,True,False,False,,,
4403,ok,10,3,637,False,False,False,,,
4406,ok,25,8,3294,False,False,False,,,
4412,ok,5,4,415,False,False,False,,,
4416,ok,0,4,66,True,True,False,,,
4417,ok,20,4,1031,False,False,False,,,
4419,capped,1000,6,84114,False,False,True,,,
4421,capped,1000,10,41941,False,False,True,,,
4425,capped,1000,6,37782,False,False,True,,,
4427,capped,1000,5,68944,False,False,True,,,
4432,ok,5,4,384,False,False,False,,,
4434,capped,1000,9,110136,False,False,True,,,
4436,ok,10,4,404,False,False,False,,,
4439,ok,25,5,2280,False,False,False,,,
4440,ok,21,6,965,False,False,False,,,
4441,ok,0,9,115,True,False,False,,,
4443,ok,5,2,258,False,False,False,O40,16,13
4445,ok,0,5,88,True,False,False,,,
4446,ok,25,6,2554,False,False,False,,,
4449,capped,1000,5,64608,False,False,True,,,
4452,capped,1000,6,58046,False,False,True,,,
4456,ok,140,5,7269,False,False,False,,,
4459,ok,0,8,123,True,False,False,,,
4464,ok,441,8,54480,False,False,False,,,
4469,capped,1000,5,64884,False,False,True,,,
4476,ok,0,5,75,True,False,False,,,
4477,ok,1,6,162,False,False,False,,,
4480,ok,0,5,78,True,False,False,,,
4482,capped,1000,6,51047,False,False,True,,,
4484,ok,0,4,69,True,False,False,,,
4485,ok,10,5,667,False,False,False,,,
4487,capped,1000,7,62084,False,True,True,,,
4488,ok,10,7,937,False,False,False,,,
4493,ok,2,7,243,False,False,False,,,
4496,ok,21,6,1925,False,False,False,,,
4512,capped,1000,4,36504,False,False,True,,,
4513,ok,10,4,763,False,False,False,,,
4517,ok,10,6,779,False,False,False,,,
4520,capped,1000,6,65758,False,False,True,,,
4523,ok,0,6,80,True,False,False,,,
4530,ok,5,5,413,False,False,False,,,
4532,ok,125,9,8633,False,False,False,,,
4536,ok,5,4,368,False,False,False,,,
4537,ok,0,6,69,True,True,False,,,
4538,capped,1000,7,64689,False,False,True,,,
4540,ok,10,4,767,False,False,False,,,
4541,ok,5,3,278,False,False,False,,,
4545,capped,1000,5,62961,False,False,True,,,
4546,ok,10,6,579,False,False,False,,,
4550,ok,10,5,869,False,False,False,,,
4551,ok,139,6,7938,False,False,False,,,
4552,ok,10,4,398,False,False,False,,,
4555,ok,0,7,116,True,False,False,,,
4560,ok,25,3,1200,False,False,False,,,
4561,capped,1000,6,43065,False,False,True,,,
4574,ok,0,4,52,True,False,False,,,
4575,ok,5,6,470,False,False,False,,,
4576,ok,0,4,59,True,False,False,,,
4577,capped,1000,6,82408,False,False,True,,,
4580,ok,0,7,89,True,False,False,,,
4590,ok,24,7,2472,False,False,False,,,
4592,ok,0,7,91,True,False,False,,,
4593,ok,5,4,378,False,False,False,,,
4599,capped,1000,7,38104,False,False,True,,,
4601,ok,30,7,3749,False,False,False,,,
4606,ok,12,5,688,False,False,False,,,
4611,ok,2,4,201,False,False,False,,,
4613,ok,25,4,1443,False,False,False,,,
4616,capped,1000,8,101698,False,False,True,,,
4618,capped,1000,4,37099,False,False,True,,,
4619,ok,10,5,327,False,False,False,,,
4622,ok,100,6,4275,False,True,False,,,
4624,capped,1000,5,60655,False,False,True,,,
4626,capped,1000,10,106181,False,False,True,,,
4629,ok,5,7,295,False,False,False,,,
4630,capped,1000,7,106867,False,False,True,,,
4632,ok,10,7,772,False,True,False,,,
4633,capped,1000,9,88924,False,False,True,,,
4635,ok,5,4,369,False,False,False,,,
4636,capped,1000,10,149127,False,False,True,,,
4638,capped,1000,6,52342,False,False,True,,,
4639,ok,25,4,1807,False,False,False,,,
4645,ok,10,6,1046,False,False,False,,,
4647,ok,5,4,418,False,False,False,,,
4649,capped,1000,5,49853,False,False,True,,,
4651,ok,50,6,2610,False,False,False,,,
4653,ok,10,6,466,False,False,False,,,
4657,ok,10,7,1109,False,False,False,,,
4660,ok,10,3,698,False,False,False,,,
4662,ok,35,7,2581,False,False,False,,,
4663,ok,25,5,1727,False,False,False,,,
4667,ok,5,5,465,False,False,False,,,
4670,ok,100,6,10440,False,False,False,,,
4672,ok,0,7,106,True,False,False,,,
4673,ok,30,8,2112,False,False,False,,,
4676,ok,0,5,74,True,False,False,,,
4680,ok,0,10,141,True,False,False,,,
4683,ok,0,7,133,True,True,False,,,
4684,capped,1000,6,92103,False,False,True,,,
4686,capped,1000,5,83079,False,False,True,,,
4687,ok,0,9,131,True,False,False,,,
4688,ok,5,3,257,False,False,False,,,
4689,ok,0,8,100,True,False,False,,,
4690,ok,0,7,79,True,False,False,,,
4693,ok,100,7,8631,False,False,False,,,
4694,ok,0,5,87,True,False,False,,,
4699,ok,5,4,316,False,False,False,,,
4703,capped,1000,6,63863,False,False,True,,,
4708,capped,1000,8,110109,False,False,True,,,
4709,ok,100,5,7197,False,False,False,,,
4712,ok,10,6,561,False,False,False,,,
4713,capped,1000,11,151787,False,False,True,,,
4715,capped,1000,4,63056,False,False,True,,,
4717,ok,402,5,27400,False,False,False,,,
4720,capped,1000,11,61814,False,False,True,,,
4722,ok,25,5,1737,False,False,False,,,
4723,capped,1000,8,147829,False,False,True,,,
4725,capped,1000,10,114589,False,False,True,,,
4729,ok,171,7,20291,False,False,False,,,
4730,ok,5,4,409,False,False,False,,,
4733,capped,1000,8,96102,False,False,True,,,
4735,ok,5,5,336,False,False,False,,,
4741,ok,25,4,1055,False,False,False,,,
4742,ok,5,4,415,False,False,False,,,
4745,ok,0,6,73,True,False,False,,,
4751,capped,1000,6,78953,False,False,True,,,
4752,ok,0,5,99,True,False,False,,,
4753,capped,1000,8,82086,False,False,True,,,
4755,ok,0,6,107,True,False,False,,,
4757,ok,0,5,68,True,False,False,,,
4759,ok,10,6,1016,False,False,False,,,
4763,ok,128,5,8026,False,False,False,,,
4765,capped,1000,5,38075,False,False,True,,,
4768,ok,5,5,466,False,False,False,,,
4769,ok,0,4,64,True,False,False,,,
4770,ok,0,5,62,True,False,False,,,
4772,ok,5,3,302,False,False,False,,,
4773,ok,0,8,121,True,False,False,,,
4774,capped,1000,5,79816,False,False,True,,,
4775,ok,10,4,915,False,False,False,,,
4786,ok,0,7,98,True,False,False,,,
4787,ok,0,7,81,True,False,False,,,
4792,capped,1000,5,91070,False,False,True,,,
4793,capped,1000,8,123009,False,False,True,,,
4796,ok,0,7,90,True,True,False,,,
4804,ok,0,8,115,True,True,False,,,
4806,ok,10,5,1071,False,False,False,,,
4808,ok,0,7,101,True,False,False,,,
4809,capped,1000,5,111054,False,False,True,,,
4810,ok,5,5,378,False,False,False,,,
4811,capped,1000,6,87058,False,False,True,,,
4812,capped,1000,6,41295,False,False,True,,,
4823,capped,1000,4,54045,False,False,True,,,
4825,ok,10,5,606,False,False,False,,,
4828,ok,10,8,1332,False,False,False,,,
4830,ok,10,5,933,False,False,False,,,
4834,capped,1000,6,124084,False,False,True,,,
4835,ok,0,7,112,True,False,False,,,
4839,capped,1000,7,93921,False,True,True,,,
4845,capped,1000,5,73066,False,False,True,,,
4847,capped,1000,6,69979,False,False,True,,,
4849,capped,1000,4,88051,False,False,True,,,
4851,ok,750,7,70150,False,False,False,,,
4852,ok,0,5,75,True,False,False,,,
4853,ok,100,8,9297,False,False,False,,,
4854,ok,23,4,1354,False,False,False,,,
4855,capped,1000,7,63972,False,False,True,,,
4856,ok,25,5,1659,False,False,False,,,
4859,ok,5,5,454,False,False,False,,,
4863,ok,10,4,653,False,False,False,,,
4865,ok,5,4,228,False,False,False,,,
4867,ok,0,8,105,True,False,False,,,
4871,capped,1000,4,51059,False,False,True,,,
4883,ok,25,5,1313,False,False,False,,,
4886,capped,1000,4,96591,False,False,True,,,
4888,ok,10,4,662,False,False,False,,,
4889,ok,0,5,78,True,False,False,,,
4894,ok,0,4,69,True,True,False,,,
4895,ok,25,6,25400985,False,False,False,,,
4898,ok,0,7,113,True,False,False,,,
4899,ok,0,8,105,True,False,False,,,
4903,ok,25,6,2761,False,False,False,,,
4904,capped,1000,10,121796,False,False,True,,,
4906,capped,1000,5,66081,False,False,True,,,
4910,capped,1000,5,42011,False,False,True,,,
4912,ok,5,5,331,False,False,False,,,
4915,ok,100,8,14006,False,False,False,,,
4922,ok,25,3,1311,False,False,False,,,
4923,ok,0,7,102,True,True,False,,,
4924,capped,1000,5,68317,False,False,True,,,
4931,capped,1000,6,92633,False,False,True,,,
4937,capped,1000,6,73301,False,False,True,,,
4939,ok,25,5,2009,False,False,False,,,
4940,capped,1000,7,113276,False,False,True,,,
4942,capped,1000,7,98837,False,False,True,,,
4944,ok,10,6,663,False,False,False,,,
4955,ok,10,5,877,False,False,False,,,
4956,capped,1000,7,94253,False,False,True,,,
4957,capped,1000,4,61007,False,False,True,,,
4960,ok,10,3,499,False,False,False,,,
4961,capped,1000,6,110213,False,False,True,,,
4974,capped,1000,7,72488,False,False,True,,,
4975,capped,1000,5,43078,False,False,True,,,
4977,ok,0,5,73,True,False,False,,,
4979,ok,125,6,9559,False,False,False,,,
4984,ok,160,8,14615,False,False,False,,,
4988,ok,72,6,8235,False,False,False,,,
4990,ok,0,6,82,True,False,False,,,
4991,ok,0,6,104,True,False,False,,,
4996,ok,125,6,6908,False,False,False,,,
5001,ok,0,9,139,True,False,False,,,
5003,ok,0,7,102,True,False,False,,,
5005,ok,25,5,2139,False,False,False,,,
5007,ok,125,4,10438,False,False,False,,,
5008,ok,10,4,540,False,False,False,O392,1,2
5009,ok,10,4,732,False,False,False,,,
5015,ok,10,5,1027,False,False,False,,,
5017,ok,0,4,57,True,False,False,,,
5019,ok,962,4,66694,False,False,False,,,
5022,ok,5,3,290,False,False,False,O393,1,2
5023,ok,30,6,2512,False,False,False,,,
5025,ok,10,5,1032,False,False,False,,,
5027,ok,0,10,157,True,False,False,,,
5029,ok,505,6,40514,False,False,False,,,
5031,capped,1000,5,58956,False,False,True,,,
5032,ok,50,5,3681,False,False,False,,,
5034,ok,5,4,317,False,False,False,O228,3,4
5036,capped,1000,6,88064,False,False,True,,,
5040,ok,5,4,370,False,False,False,,,
5043,ok,10,6,1237,False,False,False,,,
5044,ok,50,7,4310,False,False,False,,,
5045,ok,5,3,292,False,False,False,,,
5046,ok,10,7,1234,False,False,False,,,
5048,ok,0,5,75,True,False,False,,,
5049,capped,1000,8,88927,False,False,True,,,
5050,ok,25,6,2108,False,False,False,,,
5051,ok,5,3,380,False,False,False,,,
5053,ok,0,4,61,True,False,False,,,
5055,ok,5,3,530,False,False,False,,,
5056,ok,100,7,8457,False,False,False,,,
5061,ok,75,5,6978,False,False,False,,,
5063,capped,1000,4,90707,False,False,True,,,
5064,ok,100,7,7812,False,False,False,,,
5065,ok,5,3,264,False,False,False,O180,4,5
5066,ok,3,3,218,False,False,False,,,
5067,ok,5,4,420,False,False,False,,,
5068,capped,1000,3,39036,False,False,True,,,
5069,ok,100,4,6980,False,False,False,,,
5071,ok,346,9,39247,False,False,False,,,
5074,ok,0,3,49,True,False,False,,,
5076,ok,9,4,662,False,False,False,O394,1,2
5078,capped,1000,5,62640,False,False,True,,,
5079,ok,125,8,14988,False,False,False,,,
5080,ok,10,3,508,False,False,False,,,
5081,ok,10,5,887,False,False,False,O395,1,2
5084,ok,10,4,760,False,False,False,,,
5085,capped,1000,4,47855,False,False,True,,,
5088,capped,1000,5,51079,False,False,True,,,
5089,ok,0,7,99,True,False,False,,,
5090,ok,1,2,78,False,False,False,,,
5092,ok,25,5,2396,False,False,False,,,
5095,ok,16,6,1369,False,False,False,,,
5098,ok,5,3,281,False,False,False,,,
5101,ok,5,4,377,False,False,False,,,
5103,ok,115,6,10874,False,False,False,,,
5105,ok,25,4,1597,False,False,False,,,
5106,ok,0,5,76,True,False,False,,,
5108,ok,20,6,51244,False,False,False,,,
5110,capped,1000,8,111859,False,False,True,,,
5111,capped,1000,8,84094,False,False,True,,,
5114,capped,1000,5,72067,False,False,True,,,
5116,ok,90,4,5132,False,False,False,,,
5118,ok,10,5,1037,False,False,False,,,
5119,ok,5,3,269,False,False,False,O111,7,6
5120,ok,0,2,32,True,False,False,,,
5121,ok,5,4,408,False,False,False,,,
5122,ok,10,6,740,False,False,False,,,
5123,ok,125,4,11437,False,False,False,O181,4,5
5124,ok,5,3,253,False,False,False,,,
5126,ok,10,4,745,False,False,False,,,
5127,ok,25,7,2648,False,False,False,,,
5136,ok,10,6,679,False,False,False,,,
5138,ok,10,7,1327,False,False,False,,,
5140,ok,0,6,77,True,False,False,,,
5142,ok,10,8,1168,False,False,False,,,
5143,ok,0,6,73,True,False,False,,,
5144,ok,25,3,1193,False,False,False,,,
5145,ok,2,7,258,False,False,False,,,
5149,ok,2,5,235,False,False,False,,,
5150,capped,1000,8,148575,False,False,True,,,
5151,ok,25,8,3163,False,False,False,,,
5153,ok,25,5,1954,False,False,False,,,
5156,ok,5,3,285,False,False,False,O289,2,3
5157,ok,5,2,248,False,False,False,O124,6,5
5160,ok,100,5,6086,False,False,False,,,
5161,ok,0,4,55,True,False,False,,,
5162,ok,0,8,112,True,False,False,,,
5164,ok,10,5,995,False,False,False,,,
5165,ok,0,4,55,True,False,False,,,
5166,ok,10,4,447,False,False,False,,,
5167,ok,100,6,7611,False,False,False,,,
5168,capped,1000,4,71067,False,False,True,,,
5170,ok,5,4,385,False,False,False,,,
5173,ok,1,3,87,False,False,False,,,
5174,ok,10,3,718,False,False,False,,,
5177,capped,1000,4,68089,False,False,True,,,
5181,ok,10,4,575,False,False,False,,,
5183,ok,0,4,61,True,False,False,,,
5184,ok,25,6,2651,False,False,False,O396,1,2
5185,ok,25,3,1094,False,False,False,,,
5186,ok,398,3,28557,False,False,False,,,
5187,ok,10,6,684,False,False,False,,,
5190,ok,50,9,4923,False,False,False,,,
5195,ok,250,4,20813,False,False,False,,,
5196,capped,1000,5,101996,False,False,True,,,
5197,ok,10,9,1256,False,False,False,,,
5198,capped,1000,5,77315,False,False,True,,,
5200,ok,5,4,465,False,False,False,,,
5202,ok,250,5,20912,False,False,False,,,
5203,ok,5,2,248,False,False,False,O68,12,5
5209,ok,10,5,530,False,False,False,,,
5210,ok,10,8,846,False,False,False,,,
5211,ok,0,5,73,True,False,False,,,
5214,capped,1000,7,87000,False,False,True,,,
5216,ok,30,8,2792,False,False,False,,,
5217,ok,0,5,68,True,False,False,,,
5220,ok,0,7,106,True,False,False,,,
5223,ok,100,8,9630,False,False,False,,,
5226,ok,5,3,269,False,False,False,O111,7,6
5227,ok,0,9,133,True,False,False,,,
5229,ok,5,3,518,False,False,False,,,
5230,capped,1000,4,66072,False,False,True,,,
5231,ok,50,6,3369,False,False,False,,,
5233,capped,1000,5,87964,False,False,True,,,
5234,ok,0,5,66,True,False,False,,,
5236,ok,125,8,9995,False,False,False,,,
5239,ok,24,8,2564,False,False,False,,,
5241,ok,25,3,1746,False,False,False,,,
5242,ok,50,6,3871,False,False,False,,,
5244,ok,10,2,441,False,False,False,,,
5245,ok,0,5,72,True,False,False,,,
5246,ok,10,5,822,False,False,False,,,
5248,ok,5,3,280,False,False,False,,,
5249,ok,10,3,445,False,False,False,,,
5250,ok,5,2,248,False,False,False,O100,8,7
5251,ok,10,6,1099,False,False,False,,,
5254,ok,5,2,248,False,False,False,O124,6,5
5255,ok,10,3,696,False,False,False,,,
5256,ok,86,7,7326,False,False,False,,,
5258,ok,0,9,103,True,False,False,,,
5260,ok,0,4,55,True,False,False,,,
5269,ok,100,8,9148,False,False,False,O397,1,2
5270,ok,5,2,263,False,False,False,O40,16,13
5271,ok,796,6,59654,False,False,False,,,
5272,ok,100,9,11613,False,False,False,,,
5273,ok,5,5,413,False,False,False,,,
5275,ok,0,3,47,True,False,False,,,
5278,ok,2,3,270,False,False,False,,,
5279,ok,10,4,840,False,False,False,,,
5281,capped,1000,4,56054,False,False,True,,,
5283,ok,5,3,263,False,False,False,,,
5285,ok,2,4,200,False,False,False,,,
5286,ok,0,5,105,True,False,False,,,
5290,ok,2,4,202,False,False,False,,,
5293,ok,3,4,235,False,False,False,,,
5296,ok,10,6,730,False,False,False,,,
5297,ok,0,4,58,True,False,False,,,
5298,ok,10,7,1149,False,False,False,,,
5302,ok,10,3,469,False,False,False,,,
5303,capped,1000,4,89056,False,False,True,,,
5304,capped,1000,6,111079,False,False,True,,,
5308,ok,10,4,514,False,False,False,,,
5309,ok,10,2,440,False,False,False,,,
5310,ok,5,5,525,False,False,False,,,
5312,ok,25,8,3032,False,False,False,,,
5315,ok,0,7,103,True,False,False,,,
5316,ok,0,5,92,True,False,False,,,
5318,capped,1000,5,72070,False,False,True,,,
5320,ok,10,3,502,False,False,False,,,
5321,ok,5,2,251,False,False,False,,,
5322,ok,5,4,322,False,False,False,,,
5324,capped,1000,6,121082,False,False,True,,,
5325,ok,10,7,1444,False,False,False,,,
5326,ok,0,6,73,True,False,False,,,
5331,ok,11,7,1572,False,False,False,,,
5333,ok,0,3,34,True,False,False,,,
5334,ok,3,3,206,False,False,False,,,
5335,capped,1000,11,143132,False,False,True,,,
5337,ok,10,8,695,False,False,False,,,
5339,capped,1000,10,131581,False,False,True,,,
5341,ok,10,4,790,False,False,False,,,
5342,ok,0,4,75,True,False,False,,,
5343,ok,0,8,106,True,False,False,,,
5345,ok,0,6,113,True,False,False,,,
5346,ok,50,5,1577,False,False,False,,,
5347,capped,1000,5,79063,False,False,True,,,
5349,ok,10,3,524,False,False,False,,,
5350,ok,5,4,295,False,False,False,,,
5353,ok,5,2,248,False,False,False,,,
5358,ok,0,4,47,True,False,False,,,
5360,ok,0,3,75,True,False,False,,,
5361,ok,1,2,74,False,False,False,,,
5362,ok,10,6,809,False,False,False,,,
5364,ok,5,3,308,False,False,False,,,
5365,ok,100,5,9556,False,False,False,,,
5366,ok,0,10,115,True,False,False,,,
5367,ok,10,6,735,False,False,False,,,
5368,ok,33,6,3722,False,False,False,,,
5372,capped,1000,4,69070,False,False,True,,,
5373,ok,5,3,261,False,False,False,,,
5374,ok,0,8,104,True,False,False,,,
5378,ok,0,7,87,True,False,False,,,
5381,ok,0,5,64,True,False,False,,,
5382,ok,25,4,1732,False,False,False,,,
5383,ok,0,4,52,True,False,False,,,
5384,ok,25,4,1464,False,False,False,,,
5385,ok,10,6,880,False,False,False,,,
5386,ok,25,4,1889,False,False,False,,,
5389,ok,0,11,129,True,False,False,,,
5392,ok,10,6,838,False,False,False,,,
5393,capped,1000,8,128472,False,False,True,,,
5398,ok,0,3,51,True,False,False,,,
5400,ok,10,7,953,False,False,False,,,
5401,ok,10,2,441,False,False,False,,,
5402,capped,1000,7,140842,False,False,True,,,
5404,ok,5,4,416,False,False,False,,,
5405,ok,125,5,9509,False,False,False,,,
5407,ok,0,4,67,True,False,False,,,
5409,ok,0,5,56,True,False,False,,,
5410,ok,10,6,1085,False,False,False,,,
5412,ok,24,6,3580,False,False,False,,,
5414,capped,1000,6,114430,False,False,True,,,
5415,ok,50,7,4776,False,False,False,,,
5416,capped,1000,4,74360,False,False,True,,,
5417,ok,30,5,2960,False,False,False,,,
5419,capped,1000,6,51913,False,False,True,,,
5422,ok,10,4,983,False,False,False,,,
5423,ok,0,5,78,True,False,False,,,
5428,ok,100,7,11475,False,False,False,,,
5429,ok,5,2,245,False,False,False,,,
5432,capped,1000,3,41515,False,False,True,,,
5435,ok,10,6,1126,False,False,False,,,
5441,ok,5,4,458,False,False,False,,,
5442,ok,90,6,6341,False,False,False,,,
5443,ok,5,2,237,False,False,False,O398,1,2
5444,ok,100,5,9973,False,False,False,,,
5446,capped,1000,5,45012,False,False,True,,,
5448,capped,1000,6,80348,False,False,True,,,
5449,ok,5,5,364,False,False,False,,,
5450,ok,0,7,101,True,False,False,,,
5451,ok,25,3,1737,False,False,False,,,
5452,ok,25,3,1495,False,False,False,,,
5453,ok,4,6,459,False,False,False,,,
5455,ok,5,4,314,False,False,False,,,
5456,ok,0,6,83,True,False,False,,,
5458,ok,0,6,139,True,False,False,,,
5459,ok,0,5,86,True,False,False,,,
5460,ok,5,3,269,False,False,False,O99,8,6
5461,ok,25,4,1975,False,False,False,,,
5463,ok,5,2,248,False,False,False,O182,4,2
5465,ok,0,9,130,True,False,False,,,
5466,ok,10,3,523,False,False,False,,,
5468,ok,5,5,409,False,False,False,,,
5469,ok,50,6,3624,False,False,False,,,
5470,ok,100,8,10735,False,False,False,,,
5471,ok,0,7,96,True,False,False,,,
5472,ok,0,5,66,True,False,False,,,
5473,ok,0,5,67,True,False,False,,,
5478,capped,1000,5,79242,False,False,True,,,
5479,ok,10,2,446,False,False,False,,,
5480,ok,100,8,12521,False,False,False,,,
5482,capped,1000,6,85949,False,False,True,,,
5486,ok,2,3,155,False,False,False,,,
5488,ok,5,4,311,False,False,False,O228,3,4
5490,ok,5,4,436,False,False,False,,,
5492,ok,10,5,1046,False,False,False,,,
5494,ok,5,3,301,False,False,False,O289,2,3
5496,ok,25,3,1424,False,False,False,,,
5498,ok,0,11,139,True,False,False,,,
5499,ok,125,5,12050,False,False,False,,,
5503,capped,1000,6,103269,False,False,True,,,
5504,ok,50,6,4184,False,False,False,,,
5507,ok,100,7,8624,False,False,False,,,
5509,ok,5,3,264,False,False,False,O111,7,6
5516,capped,1000,4,58057,False,False,True,,,
5518,capped,1000,5,101062,False,False,True,,,
5519,ok,10,5,997,False,False,False,,,
5522,ok,10,4,574,False,False,False,,,
5524,ok,5,5,504,False,False,False,,,
5525,ok,25,7,2924,False,False,False,,,
5528,ok,10,5,630,False,False,False,,,
5529,ok,5,3,269,False,False,False,,,
5530,capped,1000,3,48688,False,False,True,,,
5532,ok,0,7,93,True,False,False,,,
5533,capped,1000,5,69535,False,False,True,,,
5534,ok,125,5,9425,False,False,False,,,
5536,ok,10,5,1042,False,False,False,,,
5537,ok,0,4,68,True,False,False,,,
5539,ok,10,6,659,False,False,False,,,
5541,ok,10,3,398,False,False,False,,,
5543,ok,5,3,309,False,False,False,,,
5547,ok,5,3,282,False,False,False,,,
5549,capped,1000,9,100761,False,False,True,,,
5550,ok,5,4,404,False,False,False,,,
5554,capped,1000,6,78604,False,False,True,,,
5556,ok,25,8,3064,False,False,False,,,
5557,ok,10,4,770,False,False,False,,,
5558,capped,1000,6,85848,False,False,True,,,
5559,ok,1,2,36,False,False,False,,,
5560,ok,5,5,557,False,False,False,,,
5561,ok,10,4,782,False,False,False,,,
5562,ok,0,7,89,True,True,False,,,
5565,ok,0,7,89,True,False,False,,,
5566,ok,10,5,521,False,False,False,,,
5567,ok,0,4,70,True,False,False,,,
5568,capped,1000,6,69981,False,False,True,,,
5573,capped,1000,5,82933,False,False,True,,,
5574,ok,0,4,50,True,False,False,,,
5576,ok,100,4,6961,False,False,False,,,
5577,ok,5,2,248,False,False,False,O124,6,5
5580,ok,5,3,254,False,False,False,,,
5583,ok,5,5,504,False,False,False,,,
5585,ok,450,4,40560,False,False,False,O399,1,2
5586,ok,5,4,413,False,False,False,,,
5588,ok,25,4,1843,False,False,False,,,
5589,ok,10,5,1098,False,False,False,,,
5590,capped,1000,6,57804,False,False,True,,,
5592,ok,10,5,664,False,False,False,,,
5593,ok,0,8,119,True,False,False,,,
5595,ok,8,5,768,False,False,False,,,
5598,ok,25,8,2852,False,False,False,,,
5603,capped,1000,6,65930,False,False,True,,,
5604,ok,25,5,1956,False,False,False,,,
5605,ok,0,7,117,True,True,False,,,
5606,capped,1000,5,61202,False,False,True,,,
5607,ok,11,4,842,False,False,False,,,
5608,ok,0,7,98,True,False,False,,,
5609,ok,0,5,69,True,False,False,,,
5613,ok,0,6,89,True,False,False,,,
5614,ok,10,3,590,False,False,False,,,
5615,capped,1000,6,89091,False,False,True,,,
5617,ok,0,8,108,True,False,False,,,
5618,capped,1000,5,98065,False,False,True,,,
5619,ok,10,6,1206,False,False,False,,,
5621,ok,4,3,267,False,False,False,,,
5624,capped,1000,5,75887,False,False,True,,,
5626,ok,10,3,380,False,False,False,,,
5627,capped,1000,6,113746,False,False,True,,,
5630,ok,5,3,260,False,False,False,O400,1,2
5633,ok,5,3,333,False,False,False,,,
5634,ok,17,6,1590,False,False,False,,,
5635,ok,5,8,705,False,False,False,,,
5640,ok,125,4,11435,False,False,False,O181,4,5
5643,ok,5,4,337,False,False,False,,,
5646,ok,10,5,1028,False,False,False,,,
5648,ok,5,6,575,False,False,False,,,
5649,ok,0,4,55,True,False,False,,,
5650,capped,1000,5,88250,False,False,True,,,
5651,ok,0,7,95,True,False,False,,,
5653,ok,0,4,41,True,False,False,,,
5654,ok,10,5,1114,False,False,False,,,
5655,ok,10,5,582,False,False,False,,,
5656,ok,10,4,795,False,False,False,,,
5658,ok,10,5,783,False,False,False,,,
5659,ok,10,4,502,False,False,False,,,
5661,ok,100,8,14166,False,False,False,,,
5662,ok,0,4,58,True,False,False,,,
5665,ok,25,4,1182,False,False,False,,,
5666,ok,5,3,258,False,False,False,,,
5667,ok,0,4,49,True,False,False,,,
5668,ok,10,4,834,False,False,False,,,
5669,ok,50,5,2624,False,False,False,,,
5671,ok,5,4,305,False,False,False,,,
5673,ok,5,2,248,False,False,False,O68,12,5
5676,ok,10,2,339,False,False,False,,,
5677,ok,250,4,20801,False,False,False,,,
5678,ok,0,6,77,True,False,False,,,
5679,capped,1000,5,67836,False,False,True,,,
5681,ok,10,2,450,False,False,False,O151,5,4
5683,ok,5,4,373,False,False,False,,,
5684,capped,1000,9,123336,False,False,True,,,
5685,ok,0,8,100,True,False,False,,,
5686,capped,1000,7,67897,False,False,True,,,
5688,ok,0,5,63,True,False,False,,,
5689,ok,10,6,1057,False,False,False,,,
5690,ok,1,6,190,False,False,False,,,
5691,capped,1000,4,71800,False,False,True,,,
5693,ok,10,4,554,False,False,False,,,
5695,ok,0,4,58,True,True,False,,,
5696,ok,5,5,460,False,False,False,,,
5697,ok,3,3,197,False,False,False,,,
5699,ok,0,3,39,True,False,False,,,
5700,ok,0,5,65,True,False,False,,,
5701,ok,10,4,779,False,False,False,,,
5704,ok,25,5,2101,False,False,False,,,
5705,ok,5,4,409,False,False,False,,,
5706,ok,50,8,6014,False,False,False,,,
5707,ok,25,6,2193,False,False,False,,,
5709,ok,8,7,678,False,False,False,,,
5710,ok,11,3,517,False,False,False,,,
5712,ok,84,5,6676,False,False,False,,,
5713,ok,5,5,692,False,False,False,,,
5714,ok,9,4,652,False,False,False,O394,1,2
5715,ok,0,4,40,True,False,False,,,
5716,ok,100,7,11557,False,False,False,,,
5717,ok,10,5,432,False,False,False,,,
5718,ok,0,7,105,True,False,False,,,
5719,ok,50,6,4081,False,False,False,,,
5721,ok,0,6,103,True,True,False,,,
5723,ok,10,5,857,False,False,False,,,
5726,ok,25,5,1450,False,False,False,,,
5727,ok,16,6,1590,False,False,False,,,
5729,ok,4,4,532,False,False,False,,,
5731,ok,0,4,44,True,False,False,,,
5732,ok,0,3,50,True,False,False,,,
5734,ok,0,4,67,True,False,False,,,
5736,ok,0,4,69,True,False,False,,,
5744,ok,250,5,20774,False,False,False,,,
5747,ok,20,4,891,False,False,False,,,
5751,ok,5,4,417,False,False,False,,,
5754,capped,1000,4,82051,False,False,True,,,
5755,capped,1000,10,136097,False,False,True,,,
5762,ok,25,6,2116,False,False,False,,,
5764,ok,10,6,1049,False,False,False,,,
5765,ok,0,4,47,True,False,False,,,
5766,ok,630,4,45415,False,False,False,,,
5770,ok,0,5,76,True,False,False,,,
5773,ok,5,4,424,False,False,False,,,
5774,ok,100,6,5495,False,False,False,,,
5775,ok,5,2,238,False,False,False,,,
5776,ok,15,5,1357,False,False,False,,,
5777,capped,1000,7,109254,False,False,True,,,
5780,capped,1000,3,53362,False,False,True,,,
5783,capped,1000,5,81603,False,False,True,,,
5786,ok,0,4,69,True,False,False,,,
5788,ok,5,2,253,False,False,False,O40,16,13
5792,capped,1000,7,126691,False,False,True,,,
5793,ok,625,8,82771,False,False,False,,,
5794,ok,10,6,794,False,False,False,,,
5795,capped,1000,3,57320,False,False,True,,,
5796,ok,10,5,1021,False,False,False,,,
5797,ok,5,6,4158,False,False,False,,,
5798,ok,10,3,420,False,False,False,,,
5800,ok,0,2,35,True,False,False,,,
5802,ok,25,3,1723,False,False,False,,,
5803,ok,25,4,1764,False,False,False,,,
5810,ok,5,9,678,False,False,False,,,
5811,ok,5,4,358,False,False,False,,,
5813,ok,5,3,259,False,False,False,,,
5814,ok,5,2,238,False,False,False,O401,1,2
5815,ok,40,6,3024,False,False,False,,,
5816,ok,100,7,9129,False,False,False,,,
5818,ok,0,5,67,True,False,False,,,
5820,ok,25,4,1799,False,False,False,,,
5821,ok,5,4,353,False,False,False,,,
5822,ok,25,6,1819,False,False,False,,,
5823,ok,250,5,13984,False,False,False,,,
5824,ok,1,5,154,False,False,False,,,
5829,ok,25,4,1745,False,False,False,O402,1,2
5830,capped,1000,4,72043,False,False,True,,,
5831,ok,100,7,6207,False,False,False,,,
5833,ok,25,4,1910,False,False,False,,,
5834,capped,1000,4,78102,False,False,True,,,
5835,ok,5,2,248,False,False,False,O68,12,5
5836,ok,0,5,73,True,False,False,,,
5839,ok,5,4,378,False,False,False,,,
5840,capped,1000,3,64008,False,False,True,,,
5841,ok,25,4,1696,False,False,False,,,
5842,ok,5,7,404,False,False,False,,,
5843,ok,10,9,1921,False,False,False,,,
5844,ok,5,3,263,False,False,False,,,
5845,ok,0,8,111,True,False,False,,,
5847,ok,10,5,766,False,False,False,,,
5849,ok,10,5,869,False,False,False,,,
5851,ok,0,6,94,True,False,False,,,
5854,ok,10,3,467,False,False,False,,,
5856,ok,10,5,1040,False,False,False,,,
5858,ok,125,4,11435,False,False,False,,,
5860,ok,10,7,1586,False,False,False,,,
5864,ok,5,4,365,False,False,False,,,
5865,ok,10,3,710,False,False,False,,,
5868,capped,1000,7,60979,False,False,True,,,
5869,ok,5,5,7933,False,False,False,,,
5870,ok,0,2,30,True,False,False,,,
5871,ok,75,3,4910,False,False,False,,,
5873,ok,25,6,3152,False,False,False,,,
5874,ok,5,3,294,False,False,False,,,
5876,ok,10,3,417,False,False,False,O403,1,2
5877,ok,10,5,825,False,False,False,,,
5878,capped,1000,9,104851,False,False,True,,,
5879,ok,10,3,728,False,False,False,,,
5881,ok,5,5,413,False,False,False,,,
5882,ok,50,5,1883,False,False,False,,,
5883,ok,25,6,2859,False,False,False,,,
5886,ok,5,6,490,False,False,False,,,
5887,ok,10,6,602,False,False,False,,,
5888,ok,30,8,2429,False,False,False,,,
5890,capped,1000,4,40345,False,False,True,,,
5891,ok,10,3,794,False,False,False,,,
5892,ok,10,4,547,False,False,False,,,
5894,ok,50,5,3758,False,False,False,,,
5896,ok,5,4,321,False,False,False,,,
5898,ok,100,6,10833,False,False,False,,,
5900,capped,1000,6,97231,False,False,True,,,
5904,ok,0,6,87,True,False,False,,,
5905,ok,5,4,277,False,False,False,,,
5906,ok,10,4,729,False,False,False,,,
5907,ok,5,4,400,False,False,False,,,
5908,ok,10,5,583,False,False,False,,,
5911,ok,10,6,795,False,False,False,,,
5916,ok,10,4,467,False,False,False,,,
5917,ok,100,6,7958,False,False,False,,,
5918,ok,25,4,1624,False,False,False,,,
5920,capped,1000,5,67873,False,False,True,,,
5921,ok,10,5,916,False,False,False,,,
5922,ok,5,2,248,False,False,False,O100,8,7
5929,ok,100,8,7017,False,False,False,,,
5930,ok,125,4,5310,False,False,False,,,
5932,capped,1000,4,70054,False,False,True,,,
5935,ok,10,6,969,False,False,False,,,
5936,ok,10,4,573,False,False,False,,,
5937,ok,3,4,257,False,False,False,,,
5940,ok,250,6,20615,False,False,False,,,
5941,ok,5,4,317,False,False,False,O290,2,2
5943,ok,25,4,1737,False,False,False,O402,1,2
5948,ok,10,3,573,False,False,False,,,
5951,ok,25,5,1798,False,False,False,,,
5952,ok,5,4,317,False,False,False,O291,2,3
5957,ok,0,7,95,True,False,False,,,
5958,ok,25,4,1861,False,False,False,,,
5960,ok,5,3,274,False,False,False,O125,6,7
5961,ok,3,4,281,False,False,False,,,
5963,ok,0,3,45,True,False,False,,,
5964,ok,10,5,510,False,False,False,,,
5966,capped,1000,6,124465,False,False,True,,,
5968,ok,200,5,17385,False,False,False,,,
5971,capped,1000,4,37968,False,False,True,,,
5974,ok,0,7,96,True,False,False,,,
5976,ok,25,4,1643,False,False,False,,,
5977,ok,0,5,81,True,False,False,,,
5980,capped,1000,6,109222,False,False,True,,,
5982,capped,1000,6,111077,False,False,True,,,
5983,ok,0,9,149,True,False,False,,,
5986,ok,25,4,1768,False,False,False,O292,2,3
5988,ok,10,5,883,False,False,False,,,
5992,ok,0,5,84,True,False,False,,,
5995,ok,0,3,49,True,False,False,,,
5996,ok,10,5,910,False,False,False,,,
5997,capped,1000,6,72075,False,False,True,,,
5998,ok,4,4,336,False,False,False,,,
6002,capped,1000,4,61938,False,False,True,,,
6003,ok,0,5,63,True,False,False,,,
6005,ok,25,3,1426,False,False,False,,,
6006,ok,80,6,8932,False,False,False,,,
6008,ok,5,3,298,False,False,False,O404,1,2
6010,ok,10,4,461,False,False,False,,,
6011,capped,1000,6,51374,False,False,True,,,
6013,ok,0,6,71,True,False,False,,,
6016,ok,5,3,323,False,False,False,,,
6019,ok,10,5,878,False,False,False,,,
6021,ok,25,5,1684,False,False,False,,,
6024,ok,25,3,1234,False,False,False,,,
6026,ok,25,3,1753,False,False,False,,,
6027,ok,30,6,1313,False,False,False,,,
6031,ok,0,6,75,True,True,False,,,
6033,ok,20,6,1115,False,False,False,,,
6034,ok,125,6,10196,False,False,False,,,
6038,ok,5,4,317,False,False,False,O290,2,2
6039,ok,0,6,69,True,True,False,,,
6040,ok,25,5,2273,False,False,False,,,
6041,capped,1000,4,49860,False,False,True,,,
6042,ok,100,8,9873,False,False,False,,,
6044,ok,5,4,368,False,False,False,,,
6045,ok,5,4,306,False,False,False,,,
6046,capped,1000,10,136844,False,False,True,,,
6048,ok,0,4,60,True,False,False,,,
6049,ok,0,7,88,True,False,False,,,
6051,ok,25,4,1762,False,False,False,,,
6052,ok,0,6,75,True,False,False,,,
6054,capped,1000,10,86460,False,False,True,,,
6055,ok,0,6,89,True,False,False,,,
6056,ok,0,7,86,True,False,False,,,
6057,ok,10,4,603,False,False,False,,,
6059,ok,5,3,269,False,False,False,O99,8,6
6062,ok,10,6,1179,False,False,False,,,
6063,ok,5,6,521,False,False,False,,,
6064,ok,5,3,278,False,False,False,O125,6,7
6065,ok,5,4,394,False,False,False,,,
6066,ok,5,5,547,False,False,False,,,
6067,ok,0,6,65,True,False,False,,,
6069,ok,0,5,70,True,False,False,,,
6070,ok,0,5,107,True,False,False,,,
6072,ok,50,6,2771,False,False,False,,,
6073,ok,5,4,312,False,False,False,,,
6075,ok,10,4,602,False,False,False,,,
6076,ok,100,8,11400,False,False,False,,,
6078,ok,283,4,25806,False,False,False,,,
6080,ok,0,5,89,True,False,False,,,
6081,capped,1000,7,111659,False,False,True,,,
6086,ok,5,5,390,False,False,False,,,
6087,ok,117,3,3088,False,False,False,,,
6089,capped,1000,7,86739,False,False,True,,,
6092,ok,0,7,99,True,False,False,,,
6093,capped,1000,9,126932,False,False,True,,,
6095,ok,50,7,6294,False,False,False,,,
6097,capped,1000,7,125477,False,False,True,,,
6098,ok,0,5,71,True,False,False,,,
6099,ok,0,8,111,True,False,False,,,
6100,ok,10,6,1095,False,False,False,,,
6101,capped,1000,6,85781,False,False,True,,,
6103,ok,50,6,3846,False,False,False,,,
6104,ok,25,4,1913,False,False,False,,,
6106,ok,0,4,73,True,True,False,,,
6107,ok,5,2,243,False,False,False,O405,1,2
6108,ok,25,5,2234,False,False,False,,,
6109,ok,10,3,737,False,False,False,,,
6120,ok,0,5,70,True,False,False,,,
6121,ok,125,4,6942,False,False,False,,,
6122,ok,0,2,28,True,False,False,,,
6123,ok,8,5,537,False,False,False,,,
6125,ok,25,4,1797,False,False,False,,,
6127,ok,25,5,1977,False,False,False,,,
6129,ok,25,5,1337,False,False,False,,,
6130,ok,100,5,6655,False,False,False,,,
6131,ok,5,6,585,False,False,False,,,
6132,ok,100,5,7665,False,False,False,,,
6133,ok,10,5,1003,False,False,False,,,
6135,capped,1000,5,75945,False,False,True,,,
6137,ok,25,4,1866,False,False,False,,,
6138,ok,2,2,121,False,False,False,,,
6142,ok,940,7,87449,False,False,False,,,
6143,ok,0,3,43,True,False,False,,,
6144,ok,10,5,841,False,False,False,,,
6146,ok,0,5,79,True,False,False,,,
6147,ok,5,7,575,False,False,False,,,
6150,ok,4,3,331,False,False,False,,,
6152,ok,108,5,7700,False,False,False,,,
6153,ok,5,3,290,False,False,False,,,
6154,ok,10,3,505,False,False,False,,,
6155,ok,0,5,91,True,False,False,,,
6156,ok,0,5,76,True,False,False,,,
6158,ok,5,3,254,False,False,False,,,
6159,ok,0,6,94,True,False,False,,,
6160,capped,1000,4,58058,False,False,True,,,
6161,ok,0,4,89,True,True,False,,,
6162,ok,0,7,79,True,False,False,,,
6163,ok,25,4,1758,False,False,False,,,
6164,ok,7,4,537,False,False,False,,,
6165,ok,50,8,3845,False,False,False,,,
6167,ok,0,7,123,True,False,False,,,
6168,ok,5,2,248,False,False,False,O68,12,5
6169,ok,5,3,269,False,False,False,O111,7,6
6172,ok,0,3,53,True,False,False,,,
6176,ok,10,4,746,False,False,False,,,
6179,capped,1000,7,87753,False,False,True,,,
6180,ok,0,4,57,True,False,False,,,
6183,ok,10,3,710,False,False,False,,,
6184,ok,76,4,5491,False,False,False,,,
6185,ok,0,4,58,True,False,False,,,
6186,capped,1000,5,73878,False,False,True,,,
6187,ok,5,3,269,False,False,False,O125,6,7
6188,ok,10,4,14621,False,False,False,,,
6189,ok,25,5,2482,False,False,False,,,
6190,ok,0,6,88,True,False,False,,,
6191,ok,0,5,60,True,False,False,,,
6192,ok,5,5,219,False,False,False,,,
6193,ok,0,7,101,True,False,False,,,
6194,capped,1000,5,71776,False,False,True,,,
6196,capped,1000,5,40520,False,False,True,,,
6197,ok,3,5,298,False,False,False,,,
6198,ok,25,5,2415,False,False,False,,,
6199,ok,5,2,248,False,False,False,O68,12,5
6200,capped,1000,5,77086,False,False,True,,,
6201,ok,0,7,96,True,False,False,,,
6204,ok,100,6,8774,False,False,False,,,
6205,ok,10,5,646,False,False,False,,,
6206,capped,1000,8,89936,False,False,True,,,
6209,ok,10,4,709,False,False,False,,,
6210,ok,100,6,5295,False,False,False,,,
6211,ok,0,7,94,True,False,False,,,
6213,ok,0,6,85,True,False,False,,,
6220,ok,10,5,906,False,False,False,,,
6221,ok,5,6,467,False,False,False,,,
6222,ok,0,5,75,True,False,False,,,
6224,ok,100,12,14133,False,False,False,,,
6225,ok,5,5,421,False,False,False,,,
6227,ok,0,5,70,True,False,False,,,
6230,capped,1000,7,126527,False,False,True,,,
6235,ok,0,7,109,True,False,False,,,
6236,ok,25,5,1954,False,False,False,,,
6237,ok,5,4,352,False,False,False,,,
6238,ok,5,3,269,False,False,False,O99,8,6
6240,ok,0,5,64,True,False,False,,,
6241,ok,25,4,1895,False,False,False,O406,1,2
6243,ok,10,6,1143,False,False,False,,,
6245,capped,1000,4,59279,False,False,True,,,
6246,ok,0,2,38,True,False,False,,,
6250,capped,1000,5,95059,False,False,True,,,
6251,ok,5,2,248,False,False,False,O182,4,2
6254,capped,1000,6,81286,False,False,True,,,
6256,ok,0,5,75,True,True,False,,,
6258,ok,0,7,94,True,False,False,,,
6261,ok,10,2,456,False,False,False,,,
6263,ok,5,4,301,False,False,False,,,
6267,ok,25,4,1912,False,False,False,,,
6268,ok,0,6,94,True,True,False,,,
6269,ok,5,4,408,False,False,False,,,
6270,ok,0,5,73,True,False,False,,,
6272,ok,0,7,103,True,False,False,,,
6274,ok,0,8,101,True,False,False,,,
6277,ok,25,4,1758,False,False,False,,,
6278,ok,10,4,770,False,False,False,,,
6279,ok,5,4,309,False,False,False,,,
6280,ok,10,2,448,False,False,False,,,
6281,ok,10,5,927,False,False,False,,,
6282,ok,1,6,192,False,False,False,,,
6283,ok,413,4,33009,False,False,False,,,
6284,ok,10,5,1032,False,False,False,,,
6287,ok,0,4,58,True,False,False,,,
6288,ok,0,8,121,True,False,False,,,
6289,ok,5,4,427,False,False,False,,,
6290,ok,15,4,1132,False,False,False,,,
6293,ok,10,4,712,False,False,False,,,
6294,ok,0,4,38,True,False,False,,,
6296,capped,1000,4,56857,False,False,True,,,
6301,ok,5,2,248,False,False,False,O124,6,5
6306,capped,1000,4,79080,False,False,True,,,
6307,ok,25,4,1730,False,False,False,,,
6310,capped,1000,5,71894,False,False,True,,,
6312,ok,25,4,1635,False,False,False,,,
6314,ok,2,2,112,False,False,False,,,
6315,ok,0,5,92,True,False,False,,,
6317,ok,50,7,3348,False,False,False,,,
6318,capped,1000,5,72074,False,False,True,,,
6319,ok,25,4,1879,False,False,False,,,
6321,ok,25,4,1314,False,False,False,,,
6322,ok,0,4,50,True,False,False,,,
6323,ok,0,11,172,True,False,False,,,
6324,ok,20,5,1409,False,False,False,,,
6327,ok,120,8,12127,False,False,False,,,
6329,ok,10,4,904,False,False,False,,,
6330,ok,364,4,17916,False,False,False,,,
6332,ok,10,4,605,False,False,False,,,
6336,capped,1000,7,73103,False,False,True,,,
6337,ok,3,4,207,False,False,False,,,
6338,ok,10,5,900,False,False,False,,,
6340,ok,10,4,783,False,False,False,,,
6341,ok,5,5,459,False,False,False,,,
6342,ok,10,5,816,False,False,False,,,
6343,ok,0,3,57,True,False,False,,,
6345,ok,0,6,93,True,False,False,,,
6347,ok,5,5,418,False,False,False,,,
6349,ok,5,2,243,False,False,False,,,
6351,ok,5,5,307,False,False,False,,,
6357,ok,10,5,912,False,False,False,,,
6358,ok,0,6,84,True,False,False,,,
6359,ok,5,2,253,False,False,False,O40,16,13
6360,ok,100,9,13211,False,False,False,,,
6362,ok,25,5,2311,False,False,False,,,
6365,ok,0,5,69,True,False,False,,,
6368,ok,25,5,2449,False,False,False,,,
6369,ok,0,5,67,True,False,False,,,
6370,ok,25,4,1889,False,False,False,O406,1,2
6371,ok,0,5,59,True,True,False,,,
6372,ok,25,7,2785,False,False,False,,,
6373,ok,175,6,14156,False,False,False,,,
6376,ok,10,3,718,False,False,False,,,
6378,ok,0,9,113,True,False,False,,,
6380,ok,398,8,37541,False,False,False,,,
6382,ok,5,3,291,False,False,False,,,
6383,ok,25,4,1793,False,False,False,,,
6385,ok,5,2,257,False,False,False,,,
6387,capped,1000,4,50060,False,False,True,,,
6388,ok,0,7,94,True,False,False,,,
6389,ok,40,7,4628,False,False,False,,,
6390,ok,5,4,342,False,False,False,,,
6391,ok,280,7,28914,False,False,False,,,
6393,capped,1000,8,118106,False,False,True,,,
6394,ok,5,3,254,False,False,False,,,
6395,ok,0,5,74,True,False,False,,,
6396,capped,1000,8,79790,False,False,True,,,
6398,capped,1000,7,71800,False,False,True,,,
6399,ok,125,4,8915,False,False,False,,,
6400,ok,1,3,114,False,False,False,,,
6401,ok,0,5,62,True,False,False,,,
6403,ok,699,6,54391,False,False,False,,,
6405,ok,100,7,10197,False,False,False,,,
6410,ok,19,5,1630,False,False,False,,,
6411,capped,1000,4,65046,False,False,True,,,
6412,capped,1000,6,103879,False,False,True,,,
6413,ok,205,7,32539,False,False,False,,,
6414,ok,10,6,978,False,False,False,,,
6415,ok,0,8,108,True,False,False,,,
6416,ok,400,5,43528,False,False,False,,,
6417,ok,25,5,2482,False,False,False,O407,1,2
6419,ok,12,3,559,False,False,False,,,
6421,ok,75,4,4593,False,False,False,,,
6422,capped,1000,7,99527,False,False,True,,,
6427,ok,10,6,1105,False,False,False,,,
6430,ok,5,4,395,False,False,False,,,
6431,capped,1000,5,69905,False,False,True,,,
6432,capped,1000,5,36319,False,False,True,,,
6433,ok,10,4,704,False,False,False,,,
6438,ok,5,2,239,False,False,False,,,
6439,ok,0,5,91,True,False,False,,,
6440,capped,1000,4,47052,False,False,True,,,
6441,ok,0,7,74,True,False,False,,,
6443,ok,0,3,42,True,False,False,,,
6444,ok,10,8,1436,False,False,False,,,
6445,capped,1000,6,131308,False,False,True,,,
6449,ok,2,5,212,False,False,False,,,
6451,ok,125,5,9193,False,False,False,,,
6453,ok,0,4,81,True,False,False,,,
6456,ok,25,4,1894,False,False,False,O408,1,2
6457,ok,25,6,2425,False,False,False,,,
6459,ok,5,3,256,False,False,False,,,
6461,ok,0,7,76,True,False,False,,,
6462,ok,5,5,360,False,False,False,,,
6463,capped,1000,4,72364,False,False,True,,,
6466,ok,0,4,48,True,False,False,,,
6471,ok,10,4,744,False,False,False,,,
6473,ok,10,5,842,False,False,False,,,
6474,ok,100,5,9666,False,False,False,,,
6477,ok,10,5,919,False,False,False,,,
6479,ok,0,7,100,True,False,False,,,
6483,ok,0,7,88,True,False,False,,,
6484,ok,100,7,9082,False,False,False,,,
6486,ok,10,3,486,False,False,False,,,
6495,ok,0,8,106,True,False,False,,,
6496,ok,10,5,1114,False,False,False,,,
6499,ok,25,5,2017,False,False,False,,,
6502,ok,0,7,79,True,False,False,,,
6503,ok,10,6,1041,False,False,False,,,
6504,ok,10,10,1605,False,False,False,,,
6508,ok,0,5,97,True,False,False,,,
6509,capped,1000,7,78099,False,False,True,,,
6512,ok,125,5,7307,False,False,False,,,
6514,ok,5,6,671,False,False,False,,,
6517,ok,5,4,350,False,False,False,,,
6518,capped,1000,4,47762,False,False,True,,,
6519,ok,0,3,50,True,False,False,,,
6521,ok,0,5,70,True,False,False,,,
6522,ok,5,5,457,False,False,False,,,
6523,ok,0,3,54,True,False,False,,,
6524,ok,90,4,5748,False,False,False,,,
6525,ok,5,3,275,False,False,False,,,
6528,ok,0,7,98,True,False,False,,,
6529,ok,125,4,8945,False,False,False,,,
6530,ok,88,4,4549,False,False,False,,,
6531,ok,100,5,10262,False,False,False,,,
6532,ok,9,2,402,False,False,False,,,
6533,ok,5,2,248,False,False,False,O182,4,2
6536,ok,1,4,106,False,False,False,,,
6537,ok,0,5,66,True,False,False,,,
6541,ok,20,6,1118,False,False,False,,,
6544,ok,4,5,470,False,False,False,,,
6545,ok,10,10,1186,False,False,False,,,
6546,capped,1000,8,148793,False,False,True,,,
6550,ok,0,4,52,True,False,False,,,
6551,ok,0,3,44,True,True,False,,,
6553,ok,0,8,133,True,False,False,,,
6555,capped,1000,3,22866,False,False,True,,,
6561,ok,0,4,67,True,False,False,,,
6563,ok,25,6,1945,False,False,False,,,
6565,ok,0,4,59,True,False,False,,,
6567,ok,0,9,106,True,False,False,,,
6569,ok,5,2,239,False,False,False,,,
6571,ok,0,3,47,True,False,False,,,
6572,ok,125,6,9170,False,False,False,,,
6573,ok,50,6,5447,False,False,False,,,
6574,ok,25,4,1169,False,False,False,,,
6575,ok,5,2,255,False,False,False,O40,16,13
6576,ok,0,4,50,True,False,False,,,
6578,capped,1000,5,65321,False,False,True,,,
6585,ok,757,5,47394,False,False,False,,,
6586,ok,0,5,70,True,False,False,,,
6587,ok,25,5,2475,False,False,False,,,
6589,ok,0,5,83,True,False,False,,,
6591,ok,0,6,97,True,False,False,,,
6592,ok,0,6,79,True,False,False,,,
6594,ok,5,4,312,False,False,False,,,
6599,ok,5,4,404,False,False,False,,,
6602,capped,1000,7,90971,False,False,True,,,
6603,ok,10,5,831,False,False,False,,,
6604,ok,250,6,21528,False,False,False,,,
6607,capped,1000,5,72349,False,False,True,,,
6608,ok,25,3,1214,False,False,False,,,
6611,ok,5,2,245,False,False,False,,,
6612,ok,5,4,325,False,False,False,,,
6613,ok,10,5,846,False,False,False,,,
6615,ok,5,5,438,False,False,False,,,
6618,ok,125,3,6538,False,False,False,,,
6621,ok,5,5,478,False,False,False,,,
6623,ok,25,5,2278,False,False,False,,,
6624,ok,25,6,2685,False,False,False,,,
6625,ok,5,7,636,False,False,False,,,
6627,ok,10,3,367,False,False,False,,,
6629,capped,1000,6,88341,False,False,True,,,
6632,ok,5,5,496,False,False,False,,,
6634,ok,4,6,447,False,False,False,,,
6635,ok,0,6,68,True,False,False,,,
6636,ok,0,5,66,True,False,False,,,
6639,ok,10,6,852,False,False,False,,,
6640,ok,5,3,259,False,False,False,,,
6641,capped,1000,4,71528,False,False,True,,,
6642,ok,5,5,461,False,False,False,,,
6645,ok,10,4,800,False,False,False,,,
6646,ok,0,5,80,True,False,False,,,
6647,ok,10,6,886,False,False,False,,,
6649,ok,25,4,1571,False,False,False,,,
6650,ok,1,4,99,False,False,False,,,
6653,ok,10,5,644,False,False,False,,,
6654,capped,1000,4,48845,False,False,True,,,
6657,ok,25,4,1786,False,False,False,O292,2,3
6658,ok,15,5,1163,False,False,False,,,
6660,ok,25,5,2308,False,False,False,,,
6661,capped,1000,7,95096,False,False,True,,,
6662,ok,0,4,99,True,True,False,,,
6663,ok,50,6,4666,False,False,False,,,
6664,ok,5,4,296,False,False,False,,,
6666,ok,0,3,47,True,False,False,,,
6667,ok,0,4,46,True,False,False,,,
6668,ok,0,9,120,True,False,False,,,
6669,ok,5,3,335,False,False,False,,,
6671,ok,5,2,246,False,False,False,,,
6672,ok,10,4,778,False,False,False,,,
6673,capped,1000,5,63000,False,False,True,,,
6679,ok,125,5,8940,False,False,False,,,
6681,ok,10,5,1036,False,False,False,,,
6685,ok,10,4,500,False,False,False,,,
6690,ok,5,4,280,False,False,False,,,
6691,ok,0,6,104,True,False,False,,,
6695,ok,0,4,44,True,False,False,,,
6696,ok,0,3,40,True,False,False,,,
6697,ok,25,5,2208,False,False,False,,,
6700,ok,5,4,442,False,False,False,,,
6702,ok,100,7,7295,False,False,False,,,
6703,ok,5,3,293,False,False,False,,,
6704,ok,10,7,1011,False,False,False,,,
6705,ok,0,6,69,True,False,False,,,
6709,ok,5,5,462,False,False,False,,,
6710,ok,0,5,96,True,False,False,,,
6711,ok,5,6,406,False,False,False,,,
6712,ok,100,8,11213,False,False,False,,,
6713,ok,700,7,72811,False,False,False,,,
6714,capped,1000,6,98082,False,False,True,,,
6715,ok,10,5,875,False,False,False,,,
6716,ok,10,5,658,False,False,False,,,
6717,ok,0,4,64,True,False,False,,,
6720,ok,25,4,1820,False,False,False,,,
6721,ok,10,4,751,False,False,False,,,
6722,ok,5,2,248,False,False,False,,,
6725,ok,250,6,20990,False,False,False,,,
6727,capped,1000,5,72069,False,False,True,,,
6729,ok,25,3,1231,False,False,False,,,
6731,capped,1000,4,51055,False,False,True,,,
6733,ok,100,8,11406,False,False,False,,,
6734,ok,0,3,48,True,False,False,,,
6735,ok,5,3,288,False,False,False,,,
6736,capped,1000,5,82707,False,False,True,,,
6737,ok,1,7,154,False,False,False,,,
6739,ok,25,4,1993,False,False,False,,,
6741,ok,10,4,956,False,False,False,,,
6745,ok,10,7,1202,False,False,False,,,
6746,capped,1000,4,77357,False,False,True,,,
6747,ok,0,5,95,True,False,False,,,
6748,ok,10,5,761,False,False,False,,,
6753,ok,10,8,1200,False,False,False,,,
6754,ok,25,4,1652,False,False,False,,,
6757,capped,1000,6,104482,False,False,True,,,
6759,ok,0,4,56,True,True,False,,,
6764,ok,25,5,1933,False,False,False,,,
6765,ok,10,5,787,False,False,False,,,
6766,ok,100,7,6957,False,False,False,,,
6769,ok,0,6,67,True,False,False,,,
6775,ok,0,5,70,True,False,False,,,
6779,ok,125,5,7842,False,False,False,,,
6780,ok,10,2,451,False,False,False,,,
6781,ok,5,2,240,False,False,False,O409,1,2
6782,ok,125,5,8925,False,False,False,,,
6786,ok,10,5,855,False,False,False,,,
6787,ok,10,5,849,False,False,False,,,
6789,capped,1000,7,107899,False,False,True,,,
6791,ok,0,3,47,True,False,False,,,
6792,ok,10,4,970,False,False,False,,,
6793,ok,100,4,6978,False,False,False,O410,1,2
6795,ok,0,5,76,True,False,False,,,
6796,ok,50,4,3150,False,False,False,,,
6797,ok,25,5,2453,False,False,False,,,
6799,ok,2,8,313,False,False,False,,,
6801,capped,1000,6,89384,False,False,True,,,
6802,ok,0,8,105,True,False,False,,,
6803,ok,5,4,416,False,False,False,,,
6805,ok,100,8,10813,False,False,False,,,
6806,capped,1000,4,59038,False,False,True,,,
6807,ok,10,7,692,False,False,False,,,
6809,ok,5,4,435,False,False,False,,,
6816,capped,1000,7,112843,False,False,True,,,
6817,ok,0,7,106,True,False,False,,,
6818,ok,100,6,7652,False,False,False,,,
6819,ok,15,7,1442,False,False,False,,,
6822,ok,0,4,51,True,False,False,,,
6824,ok,25,7,3058,False,False,False,,,
6826,capped,1000,5,71301,False,False,True,,,
6827,ok,0,4,71,True,False,False,,,
6829,capped,1000,4,43344,False,False,True,,,
6830,ok,84,6,7356,False,False,False,,,
6835,ok,10,4,628,False,False,False,,,
6836,ok,0,5,79,True,False,False,,,
6837,ok,5,5,492,False,False,False,,,
6841,ok,35,7,3121,False,False,False,,,
6844,capped,1000,5,102092,False,False,True,,,
6846,ok,5,6,341,False,False,False,,,
6847,ok,25,4,1756,False,False,False,O411,1,2
6848,ok,0,3,43,True,False,False,,,
6852,ok,280,6,30488,False,False,False,,,
6853,ok,67,5,5261,False,False,False,,,
6855,ok,10,7,1058,False,False,False,,,
6857,capped,1000,7,85748,False,False,True,,,
6859,capped,1000,6,100075,False,False,True,,,
6860,ok,5,5,423,False,False,False,,,
6862,ok,24,5,2866,False,False,False,,,
6870,ok,0,4,78,True,False,False,,,
6872,ok,0,4,50,True,False,False,,,
6875,ok,5,5,378,False,False,False,,,
6876,ok,125,4,9935,False,False,False,,,
6877,ok,0,9,116,True,False,False,,,
6879,ok,100,8,10600,False,False,False,,,
6881,ok,10,5,586,False,False,False,,,
6882,ok,25,5,2382,False,False,False,,,
6883,ok,10,6,1081,False,False,False,,,
6886,ok,0,7,92,True,False,False,,,
6891,ok,10,6,926,False,False,False,,,
6892,ok,25,3,1710,False,False,False,O412,1,2
6893,ok,133,8,17711,False,False,False,,,
6896,ok,0,4,71,True,False,False,,,
6898,ok,0,3,52,True,False,False,,,
6899,ok,0,7,103,True,False,False,,,
6901,ok,10,5,817,False,False,False,,,
6903,ok,0,3,48,True,False,False,,,
6910,ok,0,5,59,True,False,False,,,
6912,ok,0,3,47,True,False,False,,,
6913,ok,125,4,11431,False,False,False,O181,4,5
6914,ok,10,5,974,False,False,False,,,
6917,ok,70,9,8560,False,False,False,,,
6918,ok,10,5,825,False,False,False,,,
6919,ok,10,5,781,False,False,False,,,
6920,ok,0,9,103,True,False,False,,,
6921,ok,0,4,71,True,False,False,,,
6924,capped,1000,5,87052,False,False,True,,,
6926,ok,5,2,243,False,False,False,O124,6,5
6928,ok,25,3,1078,False,False,False,,,
6929,ok,0,3,37,True,False,False,,,
6932,ok,100,6,3454,False,True,False,,,
6933,ok,867,5,68016,False,False,False,,,
6936,ok,100,9,11014,False,False,False,,,
6940,ok,5,4,296,False,False,False,,,
6941,ok,0,5,73,True,False,False,,,
6944,ok,0,4,65,True,False,False,,,
6946,ok,11,4,796,False,False,False,,,
6953,ok,125,8,7950,False,False,False,,,
6958,ok,0,10,152,True,False,False,,,
6960,ok,5,4,316,False,False,False,O228,3,4
6962,ok,0,5,73,True,False,False,,,
6968,ok,100,9,14765,False,False,False,,,
6971,capped,1000,4,42243,False,False,True,,,
6972,capped,1000,6,100769,False,False,True,,,
6973,ok,0,6,97,True,False,False,,,
6974,ok,8,2,343,False,False,False,,,
6976,ok,0,5,81,True,False,False,,,
6978,ok,10,5,639,False,False,False,,,
6979,ok,6,4,320,False,False,False,,,
6980,ok,27,4,2082,False,False,False,,,
6981,ok,10,4,769,False,False,False,,,
6983,ok,10,5,827,False,False,False,,,
6984,ok,10,6,986,False,False,False,,,
6985,ok,10,2,436,False,False,False,,,
6986,ok,50,5,3664,False,False,False,,,
6987,ok,0,5,69,True,False,False,,,
6989,ok,56,6,5023,False,False,False,,,
6991,ok,150,4,13567,False,False,False,,,
6992,ok,5,3,259,False,False,False,,,
6994,ok,0,4,76,True,False,False,,,
7002,ok,50,8,4617,False,False,False,,,
7006,ok,25,4,1592,False,False,False,,,
7008,ok,0,7,85,True,False,False,,,
7011,capped,1000,6,69542,False,False,True,,,
7018,ok,1,5,159,False,False,False,,,
7021,ok,250,4,14814,False,False,False,,,
7022,ok,1,4,135,False,False,False,,,
7023,capped,1000,5,83136,False,False,True,,,
7024,capped,1000,5,96064,False,False,True,,,
7025,ok,5,5,381,False,False,False,,,
7026,capped,1000,7,91354,False,False,True,,,
7027,ok,10,4,804,False,False,False,,,
7030,ok,60,4,3040,False,False,False,,,
7031,ok,10,6,1130,False,False,False,,,
7032,ok,5,3,269,False,False,False,,,
7034,ok,5,3,293,False,False,False,,,
7035,ok,25,6,2703,False,False,False,,,
7038,ok,10,4,638,False,False,False,,,
7039,capped,1000,7,102874,False,False,True,,,
7040,ok,0,3,38,True,False,False,,,
7041,ok,625,5,59456,False,False,False,,,
7047,capped,1000,4,60054,False,False,True,,,
7048,ok,75,4,5234,False,False,False,,,
7049,ok,10,6,428,False,False,False,,,
7051,ok,5,6,653,False,False,False,,,
7052,ok,100,8,14698,False,False,False,,,
7053,ok,50,6,4126,False,False,False,,,
7054,ok,500,8,64606,False,False,False,,,
7055,ok,25,5,2158,False,False,False,,,
7057,ok,0,5,70,True,False,False,,,
7058,ok,5,4,447,False,False,False,,,
7059,capped,1000,8,133358,False,False,True,,,
7061,ok,100,4,7066,False,False,False,,,
7063,capped,1000,4,29577,False,False,True,,,
7064,ok,10,3,529,False,False,False,,,
7067,ok,10,5,687,False,False,False,,,
7068,capped,1000,6,111062,False,False,True,,,
7070,ok,0,8,123,True,False,False,,,
7073,ok,25,3,1163,False,False,False,,,
7075,ok,0,5,72,True,False,False,,,
7081,ok,25,5,1993,False,False,False,,,
7083,ok,0,5,69,True,False,False,,,
7086,ok,0,6,88,True,False,False,,,
7087,ok,100,6,9390,False,False,False,,,
7088,ok,5,6,411,False,False,False,,,
7089,ok,5,4,361,False,False,False,,,
7096,ok,5,2,248,False,False,False,,,
7097,ok,10,5,604,False,False,False,,,
7098,ok,0,6,77,True,False,False,,,
7100,ok,0,5,74,True,False,False,,,
7104,capped,1000,4,57044,False,False,True,,,
7105,ok,124,4,8888,False,False,False,,,
7106,ok,0,4,63,True,False,False,,,
7107,ok,4,2,182,False,False,False,,,
7110,ok,0,5,75,True,False,False,,,
7111,ok,0,5,75,True,False,False,,,
7114,ok,0,4,54,True,False,False,,,
7118,ok,100,8,10685,False,False,False,,,
7119,ok,0,5,74,True,False,False,,,
7124,capped,1000,7,77881,False,False,True,,,
7125,capped,1000,4,72034,False,False,True,,,
7126,ok,28,12,4969,False,False,False,,,
7130,ok,0,5,64,True,False,False,,,
7132,ok,0,3,41,True,False,False,,,
7135,ok,10,4,456,False,False,False,,,
7138,ok,0,4,58,True,False,False,,,
7139,ok,10,5,672,False,False,False,,,
7141,ok,100,7,8782,False,False,False,,,
7143,ok,100,5,6566,False,False,False,,,
7145,ok,5,4,316,False,False,False,,,
7147,ok,10,5,868,False,False,False,,,
7149,ok,5,3,292,False,False,False,,,
7150,capped,1000,7,72526,False,False,True,,,
7154,ok,10,6,915,False,False,False,,,
7155,capped,1000,7,57077,False,False,True,,,
7156,ok,25,5,1778,False,False,False,,,
7158,ok,10,7,1119,False,False,False,,,
7159,ok,0,6,76,True,True,False,,,
7160,capped,1000,4,60044,False,False,True,,,
7162,ok,0,8,101,True,False,False,,,
7164,ok,100,8,12679,False,False,False,,,
7165,ok,5,2,151,False,False,False,,,
7167,ok,1,5,150,False,False,False,,,
7168,capped,1000,6,61598,False,False,True,,,
7169,ok,5,5,527,False,False,False,,,
7170,ok,10,5,760,False,False,False,,,
7171,ok,50,4,3615,False,False,False,,,
7173,ok,10,2,451,False,False,False,O183,4,5
7174,ok,0,6,126,True,True,False,,,
7175,ok,8,3,394,False,False,False,,,
7176,ok,5,4,301,False,False,False,,,
7178,ok,10,7,960,False,False,False,,,
7180,capped,1000,5,92045,False,False,True,,,
7181,ok,28,6,2684,False,False,False,,,
7182,ok,10,5,546,False,False,False,,,
7183,ok,100,7,10394,False,False,False,,,
7185,capped,1000,4,58049,False,False,True,,,
7186,ok,0,3,51,True,False,False,,,
7187,ok,924,7,99131,False,False,False,,,
7188,capped,1000,5,55868,False,False,True,,,
7192,capped,1000,6,58232,False,False,True,,,
7193,ok,0,3,37,True,False,False,,,
7195,capped,1000,5,72871,False,False,True,,,
7196,ok,0,11,120,True,False,False,,,
7197,ok,125,5,6550,False,False,False,,,
7199,ok,0,4,58,True,False,False,,,
7200,ok,10,5,773,False,False,False,,,
7201,capped,1000,6,96286,False,False,True,,,
7203,ok,5,6,471,False,False,False,,,
7205,capped,1000,6,110809,False,False,True,,,
7208,ok,0,4,64,True,False,False,,,
7209,capped,1000,6,74824,False,False,True,,,
7210,ok,15,4,1088,False,False,False,,,
7211,ok,16,5,1329,False,False,False,,,
7213,ok,50,5,2876,False,False,False,,,
7214,ok,10,5,646,False,False,False,,,
7217,ok,0,5,72,True,False,False,,,
7219,ok,10,5,827,False,False,False,,,
7221,ok,25,4,1785,False,False,False,,,
7222,ok,125,5,8234,False,False,False,,,
7223,capped,1000,9,122273,False,False,True,,,
7224,ok,75,3,4910,False,False,False,,,
7225,ok,0,5,85,True,False,False,,,
7226,capped,1000,4,72061,False,False,True,,,
7227,ok,0,4,62,True,False,False,,,
7228,ok,25,7,2888,False,False,False,,,
7229,ok,0,6,95,True,False,False,,,
7231,ok,25,5,2629,False,False,False,,,
7233,ok,5,3,269,False,False,False,O99,8,6
7234,ok,50,8,5320,False,False,False,,,
7235,ok,25,4,1626,False,False,False,,,
7236,ok,10,3,376,False,False,False,,,
7238,ok,0,5,81,True,False,False,,,
7239,ok,5,5,361,False,False,False,,,
7242,ok,0,7,122,True,False,False,,,
7243,ok,5,5,447,False,False,False,,,
7244,ok,0,3,55,True,False,False,,,
7245,ok,0,9,117,True,False,False,,,
7246,ok,0,5,77,True,False,False,,,
7247,ok,5,4,245,False,False,False,,,
7248,ok,10,3,602,False,False,False,,,
7249,ok,24,4,1095,False,False,False,,,
7250,ok,100,8,8516,False,False,False,,,
7252,ok,25,4,1932,False,False,False,,,
7253,ok,10,5,848,False,False,False,,,
7254,ok,0,8,98,True,False,False,,,
7255,ok,5,3,296,False,False,False,O289,2,3
7256,ok,25,5,1829,False,False,False,,,
7258,capped,1000,5,59364,False,False,True,,,
7261,ok,0,7,97,True,False,False,,,
7263,ok,5,4,386,False,False,False,,,
7264,ok,10,9,1320,False,False,False,,,
7265,ok,0,6,79,True,False,False,,,
7266,ok,5,2,248,False,False,False,O100,8,7
7267,ok,25,3,1748,False,False,False,,,
7268,ok,5,7,492,False,False,False,,,
7270,ok,10,3,419,False,False,False,,,
7271,ok,10,3,760,False,False,False,,,
7272,ok,0,4,68,True,False,False,,,
7273,ok,50,5,4017,False,False,False,,,
7274,ok,0,8,98,True,False,False,,,
7275,ok,54,5,4937,False,False,False,,,
7277,ok,10,6,912,False,False,False,,,
7279,ok,10,6,1133,False,False,False,,,
7280,ok,10,5,621,False,False,False,,,
7283,capped,1000,6,93078,False,False,True,,,
7284,ok,0,3,46,True,False,False,,,
7286,ok,0,4,57,True,False,False,,,
7288,capped,1000,3,65032,False,False,True,,,
7290,ok,10,3,529,False,False,False,,,
7292,ok,4,4,363,False,False,False,,,
7293,ok,0,7,120,True,False,False,,,
7294,capped,1000,7,132721,False,False,True,,,
7295,ok,10,5,757,False,False,False,,,
7296,ok,600,4,41466,False,False,False,,,
7300,ok,5,3,262,False,False,False,,,
7302,ok,0,5,76,True,True,False,,,
7306,ok,5,3,269,False,False,False,,,
7308,ok,5,4,382,False,False,False,,,
7309,capped,1000,4,56861,False,False,True,,,
7311,ok,10,5,956,False,False,False,,,
7315,capped,1000,11,126055,False,False,True,,,
7316,ok,3,4,316,False,False,False,,,
7317,ok,132,4,10404,False,False,False,,,
7318,ok,10,6,1136,False,False,False,,,
7321,ok,0,3,38,True,False,False,,,
7324,ok,750,4,66806,False,False,False,,,
7327,capped,1000,7,97181,False,False,True,,,
7328,ok,0,5,60,True,False,False,,,
7329,ok,10,3,529,False,False,False,,,
7330,ok,0,5,78,True,False,False,,,
7331,ok,0,6,94,True,False,False,,,
7333,ok,0,5,90,True,False,False,,,
7335,ok,2,6,240,False,False,False,,,
7336,ok,36,5,2688,False,False,False,,,
7338,ok,0,8,139,True,False,False,,,
7339,capped,1000,7,102983,False,False,True,,,
7340,ok,5,3,266,False,False,False,,,
7341,ok,125,7,11066,False,False,False,,,
7342,ok,10,4,779,False,False,False,,,
7345,ok,10,4,629,False,False,False,,,
7346,ok,5,5,369,False,False,False,,,
7347,ok,25,4,1290,False,False,False,,,
7348,ok,5,5,546,False,False,False,,,
7351,ok,10,4,600,False,False,False,,,
7352,ok,0,4,62,True,False,False,,,
7356,ok,10,3,491,False,False,False,,,
7357,ok,0,5,62,True,False,False,,,
7359,capped,1000,6,81747,False,False,True,,,
7362,ok,5,3,270,False,False,False,,,
7364,ok,0,4,59,True,False,False,,,
7366,ok,5,2,248,False,False,False,,,
7367,ok,10,4,510,False,False,False,,,
7368,ok,25,4,1771,False,False,False,,,
7370,ok,10,5,882,False,False,False,,,
7371,ok,0,7,75,True,False,False,,,
7372,ok,0,8,112,True,False,False,,,
7373,capped,1000,5,64315,False,False,True,,,
7374,ok,5,2,244,False,False,False,O229,3,4
7377,ok,8,10,1244,False,False,False,,,
7380,ok,100,9,12288,False,False,False,,,
7383,ok,0,7,110,True,False,False,,,
7384,ok,12,8,1493,False,False,False,,,
7385,ok,15,4,1416,False,False,False,,,
7387,ok,4,4,331,False,False,False,,,
7389,ok,25,4,1449,False,False,False,,,
7391,ok,10,4,661,False,False,False,,,
7392,ok,10,2,436,False,False,False,,,
7393,ok,40,9,5976,False,False,False,,,
7394,ok,0,8,120,True,False,False,,,
7395,ok,7,7,921,False,False,False,,,
7397,ok,25,7,2780,False,False,False,,,
7398,ok,125,5,7711,False,False,False,,,
7399,ok,5,3,256,False,False,False,,,
7400,ok,25,4,1174,False,False,False,,,
7402,ok,5,3,269,False,False,False,O413,1,2
7403,ok,50,9,6582,False,False,False,,,
7404,ok,25,7,2600,False,False,False,,,
7405,ok,10,5,819,False,False,False,,,
7406,ok,5,4,327,False,False,False,,,
7407,capped,1000,5,98559,False,False,True,,,
7408,ok,0,4,72,True,False,False,,,
7409,ok,5,3,263,False,False,False,,,
7410,ok,10,6,854,False,False,False,,,
7411,ok,5,4,408,False,False,False,,,
7413,ok,10,7,1207,False,False,False,,,
7414,ok,5,3,323,False,False,False,,,
7415,ok,25,4,1857,False,False,False,,,
7416,ok,0,7,85,True,False,False,,,
7417,ok,10,5,639,False,False,False,,,
7418,ok,5,5,435,False,False,False,,,
7419,ok,0,7,91,True,False,False,,,
7420,ok,5,5,437,False,False,False,,,
7421,ok,10,7,790,False,False,False,,,
7422,ok,0,3,40,True,False,False,,,
7423,ok,100,4,7734,False,False,False,,,
7426,ok,5,5,421,False,False,False,,,
7427,ok,25,4,1992,False,False,False,,,
7428,capped,1000,5,65084,False,False,True,,,
7429,ok,10,3,528,False,False,False,,,
7431,capped,1000,6,98076,False,False,True,,,
7436,ok,16,6,1647,False,False,False,,,
7439,ok,100,6,8800,False,False,False,,,
7440,ok,4,4,353,False,False,False,,,
7442,ok,0,6,82,True,False,False,,,
7444,capped,1000,8,139782,False,False,True,,,
7446,ok,5,6,471,False,False,False,,,
7448,ok,0,4,64,True,False,False,,,
7449,ok,50,4,3811,False,False,False,,,
7451,ok,0,4,64,True,False,False,,,
7452,capped,1000,4,91046,False,False,True,,,
7453,ok,10,6,966,False,False,False,,,
7456,ok,5,3,269,False,False,False,,,
7457,ok,0,2,35,True,False,False,,,
7460,ok,0,4,64,True,False,False,,,
7463,capped,1000,3,57619,False,False,True,,,
7464,capped,1000,6,108176,False,False,True,,,
7465,ok,0,9,105,True,False,False,,,
7466,ok,0,9,123,True,False,False,,,
7468,ok,0,4,52,True,False,False,,,
7469,ok,0,6,102,True,False,False,,,
7470,ok,125,6,9829,False,True,False,,,
7471,ok,25,5,2249,False,False,False,,,
7472,ok,5,5,482,False,False,False,,,
7474,ok,0,7,91,True,False,False,,,
7475,ok,5,5,353,False,False,False,,,
7476,ok,0,8,103,True,False,False,,,
7477,ok,446,4,28531,False,False,False,,,
7479,ok,10,6,782,False,False,False,,,
7480,ok,0,7,113,True,False,False,,,
7481,ok,0,4,70,True,False,False,,,
7482,ok,0,4,62,True,False,False,,,
7486,ok,5,3,282,False,False,False,,,
7487,ok,2,3,138,False,False,False,,,
7488,ok,1,5,122,False,False,False,,,
7489,ok,25,5,3056,False,True,False,,,
7490,capped,1000,8,131341,False,False,True,,,
7491,ok,5,4,224,False,False,False,,,
7493,ok,14,7,1256,False,False,False,,,
7494,ok,25,5,2410,False,False,False,,,
7495,ok,10,7,1061,False,False,False,,,
7496,ok,100,9,11159,False,False,False,,,
7497,ok,50,3,1343,False,False,False,,,
7499,ok,0,6,103,True,False,False,,,
7501,capped,1000,3,45856,False,False,True,,,
7502,ok,10,6,1136,False,False,False,,,
7503,ok,25,3,1454,False,False,False,,,
7504,ok,800,5,67049,False,False,False,,,
7506,ok,50,5,3344,False,False,False,,,
7507,ok,25,4,1769,False,False,False,O292,2,3
7510,ok,0,3,43,True,False,False,,,
7514,capped,1000,5,112815,False,False,True,,,
7515,ok,0,4,64,True,False,False,,,
7516,ok,5,5,416,False,False,False,,,
7517,ok,0,10,117,True,False,False,,,
7520,ok,2,6,471,False,False,False,,,
7523,ok,5,4,270,False,False,False,,,
7524,capped,1000,5,77277,False,False,True,,,
7525,ok,5,3,292,False,False,False,,,
7528,ok,100,4,8032,False,False,False,,,
7529,ok,55,6,4716,False,False,False,,,
7531,ok,10,5,996,False,False,False,,,
7532,ok,0,3,45,True,False,False,,,
7533,ok,25,5,1969,False,False,False,,,
7535,ok,0,5,69,True,False,False,,,
7536,ok,240,7,22378,False,False,False,,,
7537,ok,8,4,541,False,False,False,,,
7538,ok,25,5,1708,False,False,False,,,
7539,ok,0,5,69,True,False,False,,,
7541,ok,0,5,67,True,False,False,,,
7545,ok,2,5,213,False,False,False,,,
7546,ok,5,2,248,False,False,False,O68,12,5
7547,ok,10,6,1263,False,False,False,,,
7551,capped,1000,5,72914,False,False,True,,,
7552,ok,5,4,374,False,False,False,,,
7555,capped,1000,4,71038,False,False,True,,,
7559,capped,1000,4,97385,False,False,True,,,
7560,ok,5,3,291,False,False,False,,,
7561,ok,36,6,2363,False,False,False,,,
7563,ok,0,8,105,True,False,False,,,
7565,ok,25,4,1861,False,False,False,,,
7566,ok,30,7,2727,False,False,False,,,
7572,ok,0,5,74,True,False,False,,,
7573,ok,5,4,416,False,False,False,,,
7574,ok,10,4,507,False,False,False,,,
7575,ok,1,8,215,False,False,False,,,
7576,ok,5,4,316,False,False,False,,,
7579,capped,1000,7,106321,False,False,True,,,
7580,ok,10,4,687,False,False,False,,,
7584,ok,100,8,9168,False,False,False,O397,1,2
7585,ok,25,2,1106,False,False,False,,,
7586,ok,0,4,55,True,False,False,,,
7587,ok,50,7,4345,False,False,False,,,
7598,ok,90,6,6490,False,False,False,,,
7601,ok,25,4,1645,False,False,False,,,
7605,ok,25,4,1782,False,False,False,,,
7607,ok,0,7,85,True,False,False,,,
7609,ok,4,7,490,False,False,False,,,
7610,capped,1000,5,65072,False,False,True,,,
7611,ok,25,4,2087,False,False,False,,,
7613,ok,1,6,165,False,False,False,,,
7615,ok,0,3,55,True,False,False,,,
7616,ok,0,4,53,True,False,False,,,
7619,ok,5,2,244,False,False,False,O414,1,2
7620,ok,0,5,80,True,False,False,,,
7621,capped,1000,8,90694,False,False,True,,,
7624,ok,25,5,2430,False,False,False,,,
7625,capped,1000,6,88077,False,False,True,,,
7626,ok,10,7,869,False,False,False,,,
7628,ok,10,5,885,False,False,False,,,
7630,ok,0,4,48,True,False,False,,,
7631,ok,25,4,1761,False,False,False,,,
7633,ok,0,5,72,True,False,False,,,
7635,ok,2,4,127,False,False,False,,,
7636,ok,1,2,61,False,False,False,,,
7638,ok,0,6,88,True,False,False,,,
7639,capped,1000,8,125270,False,False,True,,,
7640,ok,10,5,701,False,False,False,,,
7641,ok,25,4,1748,False,False,False,,,
7642,ok,57,5,3559,False,False,False,,,
7643,ok,10,6,771,False,False,False,,,
7645,ok,70,8,9116,False,False,False,,,
7646,ok,5,4,441,False,False,False,,,
7647,ok,252,3,11566,False,False,False,,,
7649,ok,25,6,1802,False,False,False,,,
7651,ok,0,12,154,True,False,False,,,
7653,ok,0,5,68,True,False,False,,,
7656,ok,325,5,31220,False,False,False,,,
7658,ok,5,3,217,False,False,False,,,
7660,ok,10,4,529,False,False,False,,,
7661,capped,1000,5,71704,False,False,True,,,
7662,ok,5,4,309,False,False,False,,,
7663,ok,10,3,644,False,False,False,,,
7664,ok,0,4,48,True,False,False,,,
7667,ok,0,4,58,True,False,False,,,
7669,ok,50,5,4467,False,False,False,,,
7670,ok,5,2,248,False,False,False,O68,12,5
7671,ok,0,5,74,True,False,False,,,
7672,ok,2,7,261,False,False,False,,,
7673,ok,5,4,305,False,False,False,,,
7674,ok,0,7,88,True,False,False,,,
7675,ok,0,5,56,True,False,False,,,
7676,ok,10,4,800,False,False,False,,,
7679,ok,25,2,1061,False,False,False,,,
7681,ok,10,5,859,False,False,False,,,
7682,ok,0,6,70,True,False,False,,,
7685,ok,0,8,104,True,False,False,,,
7686,ok,0,5,62,True,False,False,,,
7687,ok,0,7,82,True,False,False,,,
7688,ok,10,4,718,False,False,False,,,
7690,capped,1000,6,45477,False,False,True,,,
7692,ok,10,4,478,False,False,False,,,
7694,capped,1000,7,116536,False,False,True,,,
7695,ok,0,7,83,True,False,False,,,
7697,ok,5,4,375,False,False,False,,,
7698,ok,265,8,22605,False,False,False,,,
7699,ok,25,5,1891,False,False,False,,,
7703,ok,10,4,777,False,False,False,,,
7704,ok,0,5,69,True,False,False,,,
7711,ok,30,5,2030,False,False,False,,,
7714,ok,0,10,154,True,False,False,,,
7715,capped,1000,3,72186,False,False,True,,,
7716,ok,5,3,351,False,False,False,,,
7717,ok,0,9,121,True,False,False,,,
7718,ok,5,5,428,False,False,False,,,
7719,ok,25,5,2483,False,False,False,,,
7721,ok,5,2,246,False,False,False,O401,1,2
7722,ok,50,8,4910,False,False,False,,,
7723,ok,5,6,585,False,False,False,,,
7726,capped,1000,3,34917,False,False,True,,,
7728,ok,618,5,39776,False,False,False,,,
7731,ok,5,4,636,False,False,False,,,
7732,ok,5,3,293,False,False,False,,,
7733,ok,0,3,43,True,False,False,,,
7734,ok,250,3,14551,False,False,False,,,
7740,ok,125,4,8806,False,False,False,,,
7741,ok,1,5,136,False,False,False,,,
7742,capped,1000,6,59329,False,False,True,,,
7744,ok,10,6,1146,False,False,False,,,
7745,ok,0,7,91,True,False,False,,,
7746,capped,1000,6,94862,False,False,True,,,
7753,ok,50,4,3712,False,False,False,,,
7754,ok,10,6,1020,False,False,False,,,
7759,ok,10,5,586,False,False,False,,,
7768,ok,0,5,67,True,False,False,,,
7769,ok,10,6,1089,False,False,False,,,
7774,capped,1000,5,46065,False,False,True,,,
7777,ok,5,6,605,False,False,False,,,
7779,ok,0,7,99,True,False,False,,,
7780,capped,1000,5,71063,False,False,True,,,
7782,ok,0,8,93,True,False,False,,,
7783,ok,10,6,891,False,False,False,,,
7784,ok,25,5,2472,False,False,False,,,
7786,ok,10,4,425,False,False,False,,,
7787,ok,100,5,7622,False,False,False,,,
7788,ok,5,2,250,False,False,False,,,
7789,ok,10,5,1033,False,False,False,,,
7792,ok,220,5,23843,False,False,False,,,
7793,ok,213,6,13651,False,False,False,,,
7794,ok,5,5,363,False,False,False,O415,1,2
7795,ok,10,4,604,False,False,False,,,
7797,capped,1000,5,70792,False,False,True,,,
7798,ok,0,4,65,True,False,False,,,
7799,ok,10,6,909,False,False,False,,,
7800,ok,10,5,777,False,False,False,,,
7802,ok,10,4,421,False,False,False,,,
7803,ok,0,6,113,True,False,False,,,
7804,ok,10,5,772,False,False,False,,,
7805,capped,1000,6,96270,False,False,True,,,
7806,ok,5,3,292,False,False,False,,,
7807,ok,25,3,1680,False,False,False,,,
7808,ok,10,7,1348,False,False,False,,,
7809,ok,5,4,377,False,False,False,,,
7813,ok,12,3,904,False,False,False,,,
7815,ok,125,6,10554,False,False,False,,,
7817,ok,10,4,446,False,False,False,,,
7819,ok,5,4,375,False,False,False,,,
7820,ok,0,6,113,True,False,False,,,
7824,ok,10,5,814,False,False,False,,,
7825,ok,0,6,75,True,False,False,,,
7826,ok,5,2,253,False,False,False,O40,16,13
7827,ok,100,8,10058,False,False,False,,,
7828,ok,0,3,48,True,False,False,,,
7833,ok,30,6,2317,False,False,False,,,
7835,ok,5,4,314,False,False,False,,,
7836,ok,10,4,888,False,False,False,,,
7837,capped,1000,3,55538,False,False,True,,,
7839,ok,0,12,160,True,False,False,,,
7841,ok,75,3,3942,False,False,False,,,
7842,ok,799,7,80448,False,False,False,,,
7843,ok,10,5,954,False,False,False,,,
7844,ok,12,5,1744,False,False,False,,,
7845,ok,5,4,311,False,False,False,O291,2,3
7847,ok,25,4,2345,False,False,False,,,
7851,ok,10,4,536,False,False,False,,,
7852,ok,10,5,611,False,False,False,,,
7853,capped,1000,4,79043,False,False,True,,,
7855,ok,0,2,27,True,False,False,,,
7856,ok,25,5,2064,False,False,False,,,
7857,ok,0,7,113,True,False,False,,,
7860,ok,10,6,1262,False,False,False,,,
7861,ok,0,7,101,True,False,False,,,
7864,ok,100,7,8461,False,False,False,,,
7868,ok,5,3,269,False,False,False,O99,8,6
7869,ok,25,3,1085,False,False,False,,,
7871,ok,0,4,49,True,False,False,,,
7872,capped,1000,6,69911,False,False,True,,,
7874,ok,5,4,387,False,False,False,,,
7875,ok,10,5,791,False,False,False,,,
7876,ok,40,8,3385,False,False,False,,,
7878,ok,25,5,1753,False,False,False,,,
7879,ok,0,4,60,True,False,False,,,
7880,ok,10,4,770,False,False,False,,,
7883,ok,0,7,103,True,False,False,,,
7884,ok,133,8,17248,False,False,False,,,
7886,ok,5,4,361,False,False,False,,,
7889,ok,32,6,3110,False,False,False,,,
7890,ok,559,7,49426,False,False,False,,,
7893,ok,25,4,1794,False,False,False,,,
7894,ok,125,6,7530,False,False,False,,,
7895,ok,10,6,761,False,False,False,,,
7897,ok,5,2,243,False,False,False,O416,1,2
7899,ok,5,3,293,False,False,False,,,
7900,ok,5,5,375,False,False,False,,,
7901,ok,5,5,478,False,False,False,,,
7902,ok,0,5,91,True,False,False,,,
7904,ok,0,4,64,True,False,False,,,
7905,capped,1000,4,63758,False,False,True,,,
7907,ok,0,8,100,True,False,False,,,
7909,ok,10,3,528,False,False,False,,,
7912,ok,0,5,95,True,True,False,,,
7914,ok,7,6,620,False,False,False,,,
7916,ok,0,2,33,True,False,False,,,
7918,ok,25,5,1809,False,False,False,,,
7920,ok,5,3,377,False,False,False,,,
7923,ok,10,5,957,False,False,False,,,
7924,ok,10,5,965,False,False,False,,,
7925,ok,25,3,1241,False,False,False,,,
7927,ok,50,6,5575,False,False,False,,,
7929,ok,0,5,77,True,False,False,,,
7930,ok,280,11,42330,False,False,False,,,
7933,ok,30,7,2178,False,False,False,,,
7934,ok,1,6,179,False,False,False,,,
7935,ok,55,5,3237,False,False,False,,,
7939,ok,3,5,307,False,False,False,,,
7941,ok,0,4,62,True,True,False,,,
7942,ok,0,5,60,True,False,False,,,
7943,ok,0,6,90,True,False,False,,,
7945,ok,10,6,940,False,False,False,,,
7948,ok,125,5,13821,False,False,False,,,
7949,ok,5,2,248,False,False,False,O100,8,7
7950,ok,50,6,4327,False,False,False,,,
7952,ok,10,5,1143,False,False,False,,,
7953,ok,100,8,9149,False,False,False,,,
7956,ok,117,4,7199,False,False,False,,,
7957,ok,10,4,801,False,False,False,,,
7958,ok,0,5,83,True,False,False,,,
7963,ok,10,4,819,False,False,False,,,
7964,capped,1000,4,63968,False,False,True,,,
7965,ok,10,4,959,False,False,False,,,
7966,capped,1000,6,77087,False,False,True,,,
7969,ok,0,7,104,True,False,False,,,
7974,ok,10,4,817,False,False,False,,,
7975,capped,1000,4,46005,False,False,True,,,
7976,ok,0,5,78,True,False,False,,,
7977,ok,0,4,51,True,False,False,,,
7980,ok,5,3,268,False,False,False,,,
7981,ok,8,5,780,False,False,False,,,
7984,ok,25,3,1304,False,False,False,,,
7986,capped,1000,4,46876,False,False,True,,,
7987,ok,0,4,64,True,False,False,,,
7988,ok,5,4,362,False,False,False,,,
7990,capped,1000,8,96950,False,False,True,,,
7992,ok,125,3,5323,False,False,False,,,
7994,ok,54,4,3790,False,False,False,,,
7999,ok,10,8,1183,False,False,False,,,
8000,ok,5,3,298,False,False,False,O393,1,2
8002,ok,10,5,870,False,False,False,,,
8003,ok,250,5,16841,False,False,False,,,
8004,ok,4,2,183,False,False,False,,,
8005,ok,10,6,821,False,False,False,,,
8008,ok,100,6,8177,False,False,False,,,
8012,ok,5,3,350,False,False,False,,,
8014,ok,10,6,739,False,False,False,,,
8017,ok,25,5,1951,False,False,False,,,
8018,ok,5,3,290,False,False,False,,,
8019,ok,3,5,341,False,False,False,,,
8022,ok,10,6,1138,False,False,False,,,
8024,ok,10,5,833,False,False,False,,,
8026,ok,1,4,93,False,False,False,,,
8027,ok,100,9,6628,False,False,False,,,
8031,capped,1000,4,69064,False,False,True,,,
8033,ok,10,4,415,False,False,False,,,
8035,ok,25,3,1300,False,False,False,,,
8037,ok,5,5,509,False,False,False,,,
8040,ok,0,5,75,True,False,False,,,
8041,ok,25,4,1480,False,False,False,,,
8042,ok,800,7,120397,False,False,False,,,
8043,capped,1000,10,151099,False,False,True,,,
8044,ok,5,2,253,False,False,False,O40,16,13
8046,ok,1,2,70,False,False,False,,,
8047,ok,100,4,7163,False,False,False,,,
8048,ok,0,4,62,True,False,False,,,
8049,ok,5,4,386,False,False,False,,,
8052,ok,10,4,949,False,False,False,,,
8053,ok,10,5,833,False,False,False,,,
8054,ok,0,5,66,True,False,False,,,
8055,ok,0,11,128,True,False,False,,,
8057,ok,10,6,1088,False,False,False,,,
8058,capped,1000,4,49955,False,False,True,,,
8059,capped,1000,6,108720,False,False,True,,,
8060,ok,50,3,2322,False,False,False,,,
8062,ok,8,2,358,False,False,False,,,
8063,ok,25,5,1938,False,False,False,,,
8064,capped,1000,6,94354,False,False,True,,,
8065,ok,5,2,248,False,False,False,O182,4,2
8069,ok,2,4,212,False,False,False,,,
8070,ok,10,3,703,False,False,False,,,
8071,ok,25,5,2016,False,False,False,,,
8075,capped,1000,6,57330,False,False,True,,,
8076,ok,0,3,37,True,False,False,,,
8077,ok,10,6,1244,False,False,False,,,
8078,ok,349,7,33593,False,False,False,,,
8079,ok,25,5,1852,False,False,False,,,
8080,ok,10,5,703247,False,False,False,,,
8085,ok,20,4,995,False,False,False,,,
8086,ok,25,6,2189,False,False,False,,,
8088,ok,5,4,426,False,False,False,,,
8089,capped,1000,6,110882,False,False,True,,,
8091,ok,12,2,570,False,False,False,,,
8092,ok,8,7,854,False,False,False,,,
8094,ok,3,3,150,False,False,False,,,
8096,capped,1000,3,37847,False,False,True,,,
8100,ok,0,6,76,True,False,False,,,
8101,ok,25,5,1924,False,False,False,,,
8104,ok,0,7,119,True,False,False,,,
8105,ok,0,10,129,True,False,False,,,
8106,ok,25,3,1231,False,False,False,O417,1,2
8109,ok,50,7,4500,False,False,False,,,
8111,ok,10,7,1235,False,False,False,,,
8112,ok,0,5,88,True,False,False,,,
8114,ok,0,4,56,True,False,False,,,
8115,ok,12,4,899,False,False,False,,,
8117,ok,10,4,684,False,False,False,,,
8118,ok,0,6,91,True,False,False,,,
8119,capped,1000,3,62955,False,False,True,,,
8120,ok,25,6,2557,False,False,False,,,
8121,ok,5,3,274,False,False,False,O125,6,7
8124,ok,4,8,626,False,False,False,,,
8125,capped,1000,4,70457,False,False,True,,,
8126,ok,28,6,2408,False,False,False,,,
8127,ok,3,4,250,False,False,False,,,
8128,capped,1000,9,120101,False,False,True,,,
8129,ok,100,6,9241,False,False,False,,,
8130,ok,0,7,93,True,False,False,,,
8134,ok,25,4,1912,False,False,False,,,
8137,ok,5,4,281,False,False,False,,,
8138,ok,25,3,1695,False,False,False,,,
8139,ok,0,5,79,True,False,False,,,
8140,ok,0,6,76,True,False,False,,,
8146,ok,20,4,1866,False,False,False,,,
8147,ok,10,3,718,False,False,False,,,
8152,ok,5,4,340,False,False,False,,,
8153,ok,10,3,490,False,False,False,,,
8155,ok,0,6,102,True,False,False,,,
8156,ok,0,4,59,True,False,False,,,
8159,ok,10,4,501,False,False,False,,,
8160,ok,10,6,830,False,False,False,,,
8163,capped,1000,5,63371,False,False,True,,,
8169,ok,0,7,99,True,False,False,,,
8171,ok,5,5,440,False,False,False,,,
8172,ok,10,5,1018,False,False,False,,,
8173,capped,1000,5,83067,False,False,True,,,
8174,ok,5,3,256,False,False,False,O418,1,2
8175,ok,25,6,2601,False,False,False,,,
8176,ok,79,4,6245,False,False,False,,,
8177,capped,1000,9,80755,False,False,True,,,
8178,ok,0,5,76,True,False,False,,,
8180,ok,50,5,4229,False,False,False,,,
8181,ok,10,5,876,False,False,False,,,
8183,ok,80,7,7421,False,False,False,,,
8185,ok,0,7,94,True,False,False,,,
8187,ok,5,5,368,False,False,False,O415,1,2
8188,ok,25,8,2336,False,False,False,,,
8189,ok,10,5,924,False,False,False,,,
8191,capped,1000,6,96081,False,False,True,,,
8194,capped,1000,4,54041,False,False,True,,,
8195,ok,10,4,750,False,False,False,,,
8197,ok,5,4,339,False,False,False,,,
8198,capped,1000,5,84065,False,False,True,,,
8199,ok,25,5,1523,False,False,False,,,
8200,ok,5,4,317,False,False,False,O228,3,4
8201,ok,10,6,1094,False,False,False,,,
8202,capped,1000,4,74059,False,False,True,,,
8205,ok,9,8,895,False,False,False,,,
8209,ok,5,5,460,False,False,False,,,
8211,ok,10,4,770,False,False,False,,,
8213,ok,5,3,288,False,False,False,,,
8216,ok,0,3,47,True,False,False,,,
8217,ok,18,3,908,False,False,False,,,
8218,ok,5,4,298,False,False,False,,,
8222,ok,844,3,47211,False,False,False,,,
8223,ok,0,5,81,True,False,False,,,
8224,ok,0,7,88,True,False,False,,,
8227,ok,25,3,1666,False,False,False,,,
8229,ok,1,7,185,False,False,False,,,
8233,ok,0,4,71,True,False,False,,,
8234,ok,10,5,1020,False,False,False,,,
8235,ok,4,3,128,False,False,False,,,
8236,ok,3,4,208,False,False,False,,,
8237,ok,366,5,11423,False,False,False,,,
8238,capped,1000,4,78034,False,False,True,,,
8241,ok,4,6,356,False,False,False,,,
8243,ok,5,2,240,False,False,False,,,
8245,ok,5,3,251,False,False,False,O400,1,2
8246,ok,0,3,49,True,False,False,,,
8247,ok,0,2,40,True,False,False,,,
8250,ok,10,5,801,False,False,False,,,
8251,ok,5,2,248,False,False,False,O68,12,5
8256,ok,5,3,295,False,False,False,,,
8257,ok,10,4,691,False,False,False,,,
8258,ok,10,7,935,False,False,False,,,
8259,ok,206,9,25378,False,False,False,,,
8260,ok,0,9,142,True,False,False,,,
8262,ok,25,7,2164,False,False,False,,,
8265,ok,10,8,1152,False,False,False,,,
8267,ok,5,3,221,False,False,False,,,
8268,ok,5,4,385,False,False,False,,,
8271,ok,10,4,791,False,False,False,,,
8272,ok,5,5,427,False,False,False,,,
8274,ok,2,5,223,False,False,False,,,
8277,ok,265,4,12457,False,False,False,,,
8278,ok,0,3,50,True,False,False,,,
8280,ok,10,6,881,False,False,False,,,
8282,capped,1000,11,112042,False,False,True,,,
8284,ok,100,6,10802,False,False,False,,,
8285,ok,10,5,887,False,False,False,O395,1,2
8287,ok,20,6,1988,False,False,False,,,
8288,ok,10,5,977,False,False,False,,,
8291,capped,1000,6,72114,False,False,True,,,
8293,ok,25,5,1906,False,False,False,,,
8295,capped,1000,5,41395,False,False,True,,,
8296,ok,280,7,31146,False,False,False,,,
8297,ok,0,4,50,True,False,False,,,
8298,ok,10,4,769,False,False,False,O419,1,2
8299,ok,25,5,2446,False,False,False,,,
8302,ok,5,2,243,False,False,False,O409,1,2
8304,ok,25,4,3839,False,False,False,,,
8305,ok,16,7,1907,False,False,False,,,
8306,ok,84,6,6809,False,False,False,,,
8308,ok,5,2,246,False,False,False,,,
8309,ok,16,7,1698,False,False,False,,,
8310,ok,1,2,69,False,False,False,,,
8311,ok,10,8,961,False,False,False,,,
8312,capped,1000,3,71666,False,False,True,,,
8313,ok,125,4,7915,False,False,False,,,
8314,ok,25,4,1369,False,False,False,,,
8315,ok,35,8,5062,False,False,False,,,
8319,ok,0,5,88,True,False,False,,,
8321,ok,836,9,112089,False,False,False,,,
8327,ok,137,8,13126,False,False,False,,,
8329,ok,5,2,255,False,False,False,O229,3,4
8330,ok,5,4,327,False,False,False,,,
8331,ok,2,5,262,False,False,False,,,
8332,ok,25,4,1758,False,False,False,O411,1,2
8334,ok,0,4,55,True,False,False,,,
8336,ok,0,5,70,True,False,False,,,
8337,ok,0,7,91,True,False,False,,,
8339,ok,10,4,1075,False,False,False,,,
8342,ok,0,4,53,True,False,False,,,
8343,ok,10,3,708,False,False,False,,,
8345,capped,1000,3,72767,False,False,True,,,
8346,capped,1000,5,59861,False,False,True,,,
8348,ok,10,3,706,False,False,False,,,
8350,ok,0,6,82,True,False,False,,,
8353,ok,25,7,2707,False,False,False,,,
8356,ok,10,6,1420,False,False,False,,,
8357,ok,5,3,265,False,False,False,,,
8358,ok,5,4,366,False,False,False,,,
8359,capped,1000,5,66088,False,False,True,,,
8361,ok,0,3,41,True,False,False,,,
8364,ok,0,5,76,True,False,False,,,
8368,ok,100,10,14513,False,False,False,,,
8369,ok,10,6,1097,False,False,False,,,
8370,ok,25,3,1722,False,False,False,,,
8372,ok,59,8,6108,False,False,False,,,
8375,ok,10,4,604,False,False,False,,,
8378,ok,5,2,248,False,False,False,,,
8379,capped,1000,7,95110,False,False,True,,,
8381,ok,25,2,657,False,False,False,,,
8382,ok,10,4,528,False,False,False,,,
8383,ok,10,3,490,False,False,False,,,
8384,ok,50,7,3649,False,False,False,,,
8386,ok,5,3,321,False,False,False,,,
8389,ok,25,4,1792,False,False,False,,,
8391,capped,1000,6,116000,False,False,True,,,
8393,ok,0,7,85,True,False,False,,,
8396,ok,5,5,498,False,False,False,,,
8397,ok,0,10,137,True,False,False,,,
8398,ok,25,7,2762,False,False,False,,,
8400,capped,1000,6,57752,False,False,True,,,
8401,ok,10,4,518,False,False,False,,,
8402,ok,5,3,283,False,False,False,,,
8403,capped,1000,7,98764,False,False,True,,,
8405,ok,12,5,1041,False,False,False,,,
8407,ok,250,6,19328,False,False,False,,,
8408,ok,10,6,814,False,False,False,,,
8409,ok,50,3,3300,False,False,False,,,
8411,ok,10,5,915,False,False,False,,,
8413,ok,22,5,1960,False,False,False,,,
8414,ok,127,9,12713,False,False,False,,,
8415,ok,75,5,7079,False,False,False,,,
8417,ok,0,6,76,True,False,False,,,
8419,capped,1000,3,56051,False,False,True,,,
8422,ok,0,6,96,True,False,False,,,
8423,capped,1000,3,52805,False,False,True,O420,1,2
8424,ok,10,5,735,False,False,False,,,
8425,ok,0,4,45,True,False,False,,,
8426,ok,5,4,468,False,False,False,,,
8427,ok,369,6,33039,False,False,False,,,
8429,ok,10,4,770,False,False,False,,,
8431,ok,10,4,773,False,False,False,,,
8434,ok,5,2,253,False,False,False,O40,16,13
8435,ok,10,7,712,False,False,False,,,
8438,ok,50,10,7208,False,False,False,,,
8439,ok,28,6,1336,False,False,False,,,
8440,ok,5,2,186,False,False,False,,,
8442,ok,0,9,122,True,False,False,,,
8443,ok,100,5,6090,False,False,False,,,
8447,ok,0,8,94,True,False,False,,,
8451,capped,1000,6,92726,False,False,True,,,
8452,ok,0,5,91,True,False,False,,,
8454,ok,9,3,417,False,False,False,,,
8456,ok,0,6,75,True,False,False,,,
8458,ok,0,5,57,True,False,False,,,
8459,ok,5,4,316,False,False,False,,,
8460,capped,1000,5,90062,False,False,True,,,
8461,ok,0,10,118,True,False,False,,,
8462,ok,10,4,982,False,False,False,,,
8464,capped,1000,6,101368,False,False,True,,,
8466,ok,0,7,80,True,False,False,,,
8467,ok,0,5,73,True,False,False,,,
8468,ok,63,8,6518,False,False,False,,,
8469,ok,1,4,126,False,False,False,,,
8476,ok,5,6,541,False,False,False,,,
8477,ok,5,3,269,False,False,False,O99,8,6
8480,capped,1000,5,79063,False,False,True,,,
8481,ok,10,5,720,False,False,False,,,
8485,ok,25,4,1621,False,False,False,,,
8486,ok,10,4,605,False,False,False,,,
8487,ok,10,6,1027,False,False,False,,,
8489,ok,5,2,243,False,False,False,O100,8,7
8491,ok,25,4,1072,False,False,False,,,
8492,capped,1000,6,116089,False,False,True,,,
8498,ok,76,5,5974,False,False,False,,,
8499,capped,1000,5,108068,False,False,True,,,
8500,ok,5,4,341,False,False,False,,,
8501,ok,5,4,417,False,False,False,,,
8502,ok,5,2,248,False,False,False,O68,12,5
8503,ok,5,2,245,False,False,False,O229,3,4
8504,capped,1000,8,106065,False,False,True,,,
8505,ok,70,7,4721,False,False,False,,,
8507,ok,0,4,58,True,False,False,,,
8508,ok,10,3,390,False,False,False,,,
8509,capped,1000,7,64095,False,False,True,,,
8511,ok,0,4,50,True,False,False,,,
8513,ok,100,7,14475,False,False,False,,,
8518,ok,16,5,1137,False,False,False,,,
8519,ok,50,8,5686,False,False,False,,,
8521,ok,10,4,466,False,False,False,,,
8523,capped,1000,4,69071,False,False,True,,,
8524,capped,1000,6,62119,False,False,True,,,
8528,ok,5,4,306,False,False,False,,,
8531,ok,0,4,66,True,True,False,,,
8535,ok,25,5,1457,False,False,False,,,
8537,capped,1000,8,102249,False,False,True,,,
8538,ok,10,6,1268,False,False,False,,,
8542,ok,10,5,875,False,False,False,,,
8544,ok,30,5,2365,False,False,False,,,
8545,ok,25,4,1844,False,False,False,,,
8549,ok,5,3,283,False,False,False,,,
8551,ok,25,5,1864,False,False,False,,,
8555,ok,866,5,79645,False,False,False,,,
8559,ok,0,6,98,True,False,False,,,
8564,ok,10,5,988,False,False,False,,,
8569,ok,0,6,85,True,False,False,,,
8570,ok,25,5,2481,False,False,False,O407,1,2
8571,capped,1000,6,65970,False,False,True,,,
8572,ok,5,4,415,False,False,False,,,
8573,ok,25,5,1975,False,False,False,,,
8574,ok,10,2,436,False,False,False,,,
8576,capped,1000,4,92946,False,False,True,,,
8579,ok,10,6,1013,False,False,False,,,
8580,ok,5,3,269,False,False,False,O99,8,6
8581,ok,25,6,2776,False,False,False,,,
8582,ok,0,7,107,True,False,False,,,
8584,ok,10,5,1023,False,False,False,,,
8588,ok,0,5,81,True,False,False,,,
8590,capped,1000,8,131544,False,False,True,,,
8591,ok,25,5,2099,False,False,False,,,
8592,ok,0,7,124,True,False,False,,,
8593,ok,10,5,994,False,False,False,,,
8594,ok,10,5,890,False,False,False,,,
8595,ok,10,5,986,False,False,False,,,
8598,ok,5,2,237,False,False,False,O414,1,2
8599,ok,4,4,399,False,False,False,,,
8600,capped,1000,8,74629,False,False,True,,,
8601,ok,5,2,245,False,False,False,,,
8602,ok,10,6,957,False,False,False,,,
8603,ok,5,5,432,False,False,False,,,
8604,ok,5,3,356,False,False,False,,,
8606,ok,0,7,96,True,False,False,,,
8608,ok,10,5,858,False,False,False,,,
8611,capped,1000,6,81149,False,False,True,,,
8612,ok,5,5,512,False,False,False,,,
8614,ok,5,5,331,False,False,False,,,
8618,ok,5,5,504,False,False,False,,,
8619,ok,10,3,685,False,False,False,,,
8623,capped,1000,4,69534,False,False,True,,,
8624,ok,10,3,429,False,False,False,,,
8625,ok,0,4,73,True,False,False,,,
8627,ok,5,3,288,False,False,False,,,
8628,ok,40,4,2736,False,False,False,,,
8630,ok,10,4,659,False,False,False,,,
8631,ok,10,4,552,False,False,False,,,
8632,ok,986,6,93876,False,False,False,,,
8633,ok,125,4,8560,False,False,False,,,
8635,ok,0,6,91,True,False,False,,,
8636,capped,1000,5,109066,False,False,True,,,
8638,ok,5,4,405,False,False,False,,,
8639,capped,1000,7,79194,False,False,True,,,
8640,ok,10,3,423,False,False,False,,,
8641,ok,10,3,487,False,False,False,,,
8644,ok,10,7,1163,False,False,False,,,
8645,ok,25,3,1204,False,False,False,,,
8647,capped,1000,6,65798,False,False,True,,,
8654,ok,0,6,92,True,False,False,,,
8656,ok,50,7,3297,False,False,False,,,
8659,capped,1000,7,103229,False,False,True,,,
8663,ok,5,3,270,False,False,False,,,
8665,ok,0,6,66,True,False,False,,,
8667,ok,250,4,20813,False,False,False,,,
8668,ok,5,2,242,False,False,False,O68,12,5
8669,ok,125,6,7813,False,False,False,,,
8671,ok,10,5,692,False,False,False,,,
8672,ok,5,5,428,False,False,False,,,
8673,ok,3,3,174,False,False,False,,,
8674,ok,100,4,2678,False,False,False,,,
8675,ok,5,3,281,False,False,False,O421,1,2
8676,capped,1000,6,63389,False,False,True,,,
8678,ok,5,3,287,False,False,False,,,
8679,capped,1000,11,145118,False,False,True,,,
8680,ok,0,5,97,True,False,False,,,
8682,ok,25,4,1646,False,False,False,,,
8685,capped,1000,6,74354,False,False,True,,,
8686,ok,0,4,57,True,False,False,,,
8688,ok,25,5,1829,False,False,False,,,
8690,ok,5,2,240,False,False,False,O422,1,2
8691,ok,125,4,11435,False,False,False,O181,4,5
8693,ok,25,3,1106,False,False,False,,,
8694,ok,0,10,162,True,False,False,,,
8697,ok,0,5,78,True,False,False,,,
8698,ok,11,3,520,False,False,False,,,
8699,ok,938,8,102822,False,False,False,,,
8700,ok,25,4,1762,False,False,False,,,
8701,capped,1000,5,75866,False,False,True,,,
8706,ok,50,5,3276,False,False,False,,,
8707,ok,25,5,2104,False,False,False,,,
8711,ok,10,7,1527,False,False,False,,,
8713,ok,0,4,76,True,False,False,,,
8719,ok,0,6,86,True,False,False,,,
8720,ok,5,4,361,False,False,False,,,
8725,ok,0,6,74,True,True,False,,,
8728,ok,5,2,875,False,False,False,,,
8729,ok,5,3,281,False,False,False,,,
8730,ok,100,6,7123,False,False,False,,,
8731,ok,5,5,239,False,False,False,,,
8732,capped,1000,4,58870,False,False,True,,,
8733,ok,25,2,1081,False,False,False,,,
8735,ok,5,2,225,False,False,False,,,
8736,ok,1,2,82,False,False,False,,,
8740,ok,0,4,76,True,False,False,,,
8741,capped,1000,6,69895,False,False,True,,,
8743,ok,125,2,4901,False,False,False,,,
8744,ok,100,7,6712,False,False,False,,,
8745,ok,100,4,6962,False,False,False,O410,1,2
8748,ok,5,3,602,False,False,False,,,
8749,ok,0,3,38,True,False,False,,,
8751,ok,0,8,104,True,False,False,,,
8752,ok,5,4,396,False,False,False,,,
8755,ok,5,4,440,False,False,False,,,
8756,capped,1000,6,116249,False,False,True,,,
8760,ok,18,3,857,False,False,False,,,
8761,capped,1000,6,85867,False,False,True,,,
8764,ok,10,5,932,False,False,False,,,
8765,ok,10,5,1064,False,False,False,,,
8766,ok,6,6,572,False,False,False,,,
8771,capped,1000,4,60923,False,False,True,,,
8772,ok,7,3,547,False,False,False,,,
8775,ok,5,2,245,False,False,False,,,
8776,ok,0,4,75,True,False,False,,,
8780,ok,5,2,243,False,False,False,O416,1,2
8781,ok,10,4,751,False,False,False,,,
8782,ok,0,3,43,True,False,False,,,
8785,capped,1000,5,51967,False,False,True,,,
8786,ok,50,5,3760,False,False,False,,,
8787,capped,1000,7,88045,False,False,True,,,
8788,capped,1000,5,55323,False,False,True,,,
8789,ok,15,3,1045,False,False,False,,,
8791,ok,30,6,2835,False,False,False,,,
8792,capped,1000,6,75069,False,False,True,,,
8793,ok,0,4,67,True,False,False,,,
8794,capped,1000,4,64891,False,False,True,,,
8795,capped,1000,4,69060,False,False,True,,,
8796,ok,10,4,524,False,False,False,,,
8797,ok,5,3,364,False,False,False,,,
8798,ok,0,5,75,True,False,False,,,
8799,ok,1,4,121,False,False,False,,,
8801,ok,5,3,269,False,False,False,O111,7,6
8802,ok,0,7,101,True,False,False,,,
8805,ok,125,3,8162,False,False,False,,,
8808,ok,8,4,583,False,False,False,,,
8809,ok,25,7,2604,False,False,False,,,
8812,ok,7,7,747,False,False,False,,,
8813,ok,4,3,219,False,False,False,,,
8814,ok,0,5,84,True,False,False,,,
8818,ok,5,2,230,False,False,False,,,
8819,ok,25,5,2376,False,False,False,,,
8821,ok,10,5,489,False,False,False,,,
8823,ok,100,9,13117,False,False,False,,,
8824,capped,1000,4,56730,False,False,True,,,
8825,ok,25,4,1709,False,False,False,,,
8828,ok,5,2,248,False,False,False,O68,12,5
8829,ok,5,2,230,False,False,False,,,
8831,ok,5,5,536,False,False,False,,,
8834,ok,243,6,21258,False,False,False,,,
8835,ok,5,2,248,False,False,False,O100,8,7
8836,ok,20,8,2346,False,False,False,,,
8838,ok,2,2,109,False,False,False,,,
8839,ok,10,6,1003,False,False,False,,,
8842,ok,10,4,972,False,False,False,,,
8843,ok,10,3,523,False,False,False,,,
8844,ok,25,3,1448,False,False,False,,,
8845,ok,5,4,449,False,False,False,,,
8847,capped,1000,7,93073,False,False,True,,,
8849,ok,560,7,63418,False,False,False,,,
8850,capped,1000,5,66872,False,False,True,,,
8851,ok,280,7,21952,False,False,False,,,
8852,ok,297,8,19642,False,False,False,,,
8855,capped,1000,6,82620,False,False,True,,,
8856,ok,250,7,19510,False,False,False,,,
8860,ok,25,6,2441,False,False,False,,,
8861,ok,5,6,543,False,False,False,,,
8865,ok,25,4,1667,False,False,False,,,
8867,ok,3,3,214,False,False,False,,,
8868,ok,10,4,846,False,False,False,,,
8871,capped,1000,5,92807,False,False,True,,,
8874,ok,477,10,71047,False,False,False,,,
8875,ok,87,5,4353,False,False,False,,,
8877,ok,5,3,320,False,False,False,,,
8879,ok,50,9,6190,False,False,False,,,
8882,ok,5,3,294,False,False,False,,,
8883,ok,100,7,11616,False,False,False,,,
8886,ok,10,4,694,False,False,False,,,
8889,capped,1000,5,95069,False,False,True,,,
8890,ok,0,7,128,True,False,False,,,
8891,ok,5,5,367,False,False,False,,,
8892,ok,2,6,236,False,False,False,,,
8893,ok,0,6,82,True,False,False,,,
8895,ok,237,3,12115,False,False,False,,,
8897,ok,0,4,53,True,False,False,,,
8898,capped,1000,4,59051,False,False,True,,,
8900,ok,250,4,20813,False,False,False,,,
8903,ok,50,7,3703,False,False,False,,,
8904,ok,1,3,81,False,False,False,,,
8905,ok,10,5,1012,False,False,False,,,
8906,ok,25,7,2339,False,False,False,,,
8908,ok,5,4,284,False,False,False,,,
8913,capped,1000,5,79058,False,False,True,,,
8916,ok,166,5,16814,False,False,False,,,
8917,ok,75,4,6891,False,False,False,O230,3,4
8918,ok,5,2,248,False,False,False,,,
8920,ok,25,5,1581,False,False,False,,,
8922,ok,16,6,1467,False,False,False,,,
8923,ok,0,5,85,True,False,False,,,
8924,ok,0,6,71,True,False,False,,,
8925,capped,1000,5,72801,False,False,True,,,
8926,ok,100,7,11217,False,False,False,,,
8927,ok,1,4,129,False,False,False,,,
8928,ok,10,3,490,False,False,False,,,
8930,ok,0,4,62,True,False,False,,,
8931,capped,1000,7,105750,False,False,True,,,
8933,ok,5,3,259,False,False,False,,,
8934,ok,0,3,43,True,True,False,,,
8935,ok,5,4,341,False,False,False,,,
8936,ok,100,7,9771,False,False,False,,,
8937,ok,391,6,36428,False,False,False,,,
8939,ok,10,4,462,False,False,False,,,
8940,ok,5,2,251,False,False,False,O40,16,13
8945,capped,1000,5,59964,False,False,True,,,
8946,ok,50,5,3649,False,False,False,,,
8950,ok,50,7,3589,False,False,False,,,
8954,ok,5,4,316,False,False,False,,,
8955,ok,0,7,89,True,False,False,,,
8960,ok,5,2,230,False,False,False,O398,1,2
8961,ok,10,5,865,False,False,False,,,
8963,ok,0,8,105,True,True,False,,,
8965,ok,0,4,61,True,False,False,,,
8966,capped,1000,6,101866,False,False,True,,,
8967,ok,10,10,1356,False,False,False,,,
8972,ok,50,4,3214,False,False,False,,,
8975,ok,0,7,106,True,False,False,,,
8976,capped,1000,4,97591,False,False,True,,,
8977,ok,0,3,48,True,False,False,,,
8978,ok,10,7,855,False,False,False,,,
8983,ok,319,7,30757,False,False,False,,,
8984,ok,25,5,2278,False,False,False,,,
8985,capped,1000,5,87950,False,False,True,,,
8993,ok,100,4,6969,False,False,False,O423,1,2
8997,ok,0,5,109,True,False,False,,,
9000,ok,50,8,6155,False,False,False,,,
9001,ok,100,6,8432,False,False,False,,,
9002,ok,0,10,134,True,False,False,,,
9005,ok,5,3,229,False,False,False,,,
9006,ok,10,5,760,False,False,False,,,
9008,ok,0,6,80,True,False,False,,,
9012,ok,0,15,195,True,False,False,,,
9013,ok,10,3,426,False,False,False,,,
9015,ok,0,4,68,True,True,False,,,
9017,capped,1000,11,157034,False,False,True,,,
9020,ok,5,2,241,False,False,False,,,
9022,ok,5,3,290,False,False,False,,,
9023,capped,1000,4,70931,False,False,True,,,
9024,ok,0,4,62,True,False,False,,,
9026,capped,1000,7,83138,False,False,True,,,
9027,ok,10,3,692,False,False,False,,,
9029,ok,5,2,253,False,False,False,O40,16,13
9030,ok,5,2,240,False,False,False,O422,1,2
9031,ok,0,4,60,True,False,False,,,
9032,ok,5,2,253,False,False,False,O40,16,13
9033,ok,10,5,789,False,False,False,,,
9034,ok,25,6,2130,False,False,False,,,
9036,ok,75,4,6884,False,False,False,O230,3,4
9037,ok,0,4,73,True,False,False,,,
9038,ok,0,4,52,True,False,False,,,
9039,ok,25,5,2424,False,False,False,,,
9040,ok,25,5,1839,False,False,False,,,
9041,ok,5,3,294,False,False,False,,,
9042,ok,50,4,3606,False,False,False,,,
9043,ok,10,5,816,False,False,False,,,
9052,ok,0,9,110,True,False,False,,,
9053,ok,0,7,105,True,False,False,,,
9055,ok,5,4,311,False,False,False,,,
9056,ok,0,5,59,True,False,False,,,
9057,ok,0,7,94,True,False,False,,,
9060,ok,0,6,122,True,False,False,,,
9061,capped,1000,4,88796,False,False,True,,,
9063,ok,5,3,264,False,False,False,,,
9064,ok,0,5,74,True,False,False,,,
9066,ok,0,7,96,True,False,False,,,
9068,ok,0,5,65,True,False,False,,,
9070,capped,1000,6,113475,False,False,True,,,
9071,ok,25,5,1953,False,False,False,,,
9073,ok,100,6,9420,False,False,False,,,
9076,ok,5,3,274,False,False,False,,,
9078,ok,2,3,134,False,False,False,,,
9080,ok,10,5,1013,False,False,False,,,
9082,ok,0,9,130,True,False,False,,,
9085,ok,0,5,73,True,True,False,,,
9093,ok,10,5,792,False,False,False,,,
9094,ok,10,4,749,False,False,False,,,
9096,capped,1000,3,42931,False,False,True,,,
9097,ok,25,4,1843,False,False,False,,,
9098,ok,10,6,898,False,False,False,,,
9101,ok,8,5,759,False,False,False,,,
9103,ok,0,4,60,True,False,False,,,
9105,ok,0,4,98,True,False,False,,,
9106,ok,5,3,269,False,False,False,,,
9108,ok,5,7,680,False,False,False,,,
9109,ok,0,4,71,True,False,False,,,
9110,ok,10,4,883,False,False,False,,,
9111,ok,25,5,1860,False,False,False,,,
9112,ok,25,4,2317,False,False,False,,,
9115,ok,100,4,6967,False,False,False,O423,1,2
9117,ok,5,2,239,False,False,False,,,
9118,ok,10,4,554,False,False,False,,,
9120,ok,4,5,334,False,False,False,,,
9121,ok,0,7,113,True,False,False,,,
9123,ok,0,5,77,True,False,False,,,
9125,capped,1000,4,35877,False,False,True,,,
9127,ok,250,8,26308,False,False,False,,,
9130,ok,0,3,47,True,False,False,,,
9131,ok,281,7,36116,False,False,False,,,
9133,ok,0,6,110,True,False,False,,,
9136,ok,0,3,47,True,False,False,,,
9139,ok,0,3,57,True,False,False,,,
9140,ok,25,3,1672,False,False,False,,,
9141,ok,10,6,846,False,False,False,,,
9143,ok,0,5,81,True,False,False,,,
9144,ok,10,4,750,False,False,False,,,
9147,ok,125,6,10434,False,False,False,,,
9152,ok,0,3,59,True,False,False,,,
9153,ok,25,6,2663,False,False,False,,,
9156,ok,0,7,105,True,False,False,,,
9157,ok,125,8,11805,False,False,False,,,
9160,ok,5,3,290,False,False,False,,,
9161,ok,5,4,311,False,False,False,,,
9162,ok,0,5,88,True,False,False,,,
9165,ok,50,8,6413,False,False,False,,,
9167,ok,10,3,483,False,False,False,,,
9170,ok,10,4,800,False,False,False,,,
9172,ok,1,5,121,False,False,False,,,
9173,ok,5,3,273,False,False,False,,,
9174,ok,0,9,135,True,False,False,,,
9177,ok,5,5,515,False,False,False,,,
9178,ok,10,3,564,False,False,False,,,
9179,ok,5,7,450,False,False,False,,,
9181,ok,25,5,1654,False,False,False,,,
9182,ok,5,2,248,False,False,False,O182,4,2
9185,ok,277,5,22943,False,False,False,,,
9187,ok,0,6,95,True,False,False,,,
9188,ok,5,5,589,False,False,False,,,
9189,ok,5,2,253,False,False,False,O40,16,13
9191,ok,10,5,906,False,False,False,,,
9194,ok,50,5,3660,False,False,False,,,
9196,ok,4,9,646,False,False,False,,,
9197,ok,25,6,2640,False,False,False,,,
9198,capped,1000,4,72050,False,False,True,,,
9202,ok,0,4,55,True,False,False,,,
9203,ok,10,5,1049,False,False,False,,,
9204,ok,10,3,519,False,False,False,,,
9205,ok,5,5,441,False,False,False,,,
9208,ok,10,4,729,False,False,False,,,
9210,ok,10,4,764,False,False,False,,,
9212,ok,0,4,67,True,False,False,,,
9213,ok,10,4,988,False,False,False,,,
9214,ok,10,4,738,False,False,False,,,
9217,capped,1000,4,59708,False,False,True,,,
9218,capped,1000,4,76859,False,False,True,,,
9219,ok,0,4,47,True,False,False,,,
9220,ok,375,5,35715,False,False,False,,,
9221,ok,12,4,796,False,False,False,,,
9223,ok,0,6,74,True,False,False,,,
9224,ok,84,5,7933,False,False,False,,,
9225,ok,10,4,606,False,False,False,,,
9226,ok,1,3,119,False,False,False,,,
9236,ok,10,9,1555,False,False,False,,,
9237,capped,1000,6,89576,False,False,True,,,
9239,ok,25,4,1162,False,False,False,,,
9240,capped,1000,6,110285,False,False,True,,,
9241,ok,0,5,87,True,False,False,,,
9242,ok,0,5,72,True,False,False,,,
9243,ok,0,5,55,True,False,False,,,
9244,ok,25,5,1909,False,False,False,,,
9245,ok,5,3,291,False,False,False,,,
9246,ok,0,5,77,True,False,False,,,
9247,ok,4,4,345,False,False,False,,,
9248,capped,1000,5,64815,False,False,True,,,
9249,capped,1000,6,69074,False,False,True,,,
9250,ok,3,4,190,False,False,False,,,
9251,ok,270,9,21700,False,False,False,,,
9255,ok,0,4,62,True,False,False,,,
9256,ok,25,4,855,False,False,False,,,
9257,ok,14,8,2087,False,False,False,,,
9260,ok,10,5,495,False,False,False,,,
9261,ok,100,9,17309,False,False,False,,,
9262,ok,50,5,4354,False,False,False,,,
9263,ok,0,6,74,True,False,False,,,
9264,ok,125,3,8173,False,False,False,,,
9265,ok,10,5,715,False,False,False,,,
9267,ok,50,5,3612,False,False,False,,,
9268,ok,50,7,4002,False,False,False,,,
9273,ok,25,3,1731,False,False,False,O412,1,2
9274,ok,18,6,1431,False,False,False,,,
9277,ok,100,7,12092,False,False,False,,,
9278,ok,5,2,248,False,False,False,O68,12,5
9282,capped,1000,6,68325,False,False,True,,,
9283,ok,5,5,413,False,False,False,,,
9288,ok,10,5,875,False,False,False,,,
9289,ok,10,5,815,False,False,False,,,
9292,ok,0,6,100,True,False,False,,,
9293,ok,0,4,67,True,False,False,,,
9296,ok,125,7,10802,False,False,False,,,
9298,ok,0,7,122,True,False,False,,,
9305,capped,1000,6,98087,False,False,True,,,
9307,ok,2,6,267,False,False,False,,,
9312,capped,1000,8,109346,False,False,True,,,
9315,ok,55,5,4354,False,False,False,,,
9318,ok,5,4,316,False,False,False,O291,2,3
9320,capped,1000,8,99472,False,False,True,,,
9323,ok,182,4,9289,False,False,False,,,
9324,capped,1000,7,115112,False,False,True,,,
9325,ok,10,3,718,False,False,False,,,
9326,ok,0,5,80,True,False,False,,,
9327,ok,0,5,66,True,False,False,,,
9329,ok,10,6,1258,False,False,False,,,
9330,ok,0,5,68,True,False,False,,,
9332,ok,32,5,2806,False,False,False,,,
9336,ok,25,4,1841,False,False,False,,,
9338,capped,1000,6,84070,False,False,True,,,
9339,ok,0,5,76,True,False,False,,,
9340,ok,5,3,318,False,False,False,,,
9341,ok,25,5,2192,False,False,False,,,
9344,ok,5,2,248,False,False,False,O40,16,13
9345,ok,5,4,212,False,False,False,,,
9348,ok,80,5,7120,False,False,False,,,
9350,ok,0,4,53,True,False,False,,,
9351,ok,5,3,273,False,False,False,O180,4,5
9352,capped,1000,8,143193,False,False,True,,,
9356,ok,1,3,92,False,False,False,,,
9357,ok,0,7,94,True,False,False,,,
9360,ok,10,6,1134,False,False,False,,,
9362,capped,1000,4,84038,False,False,True,,,
9363,ok,50,5,3374,False,False,False,,,
9364,ok,5,3,285,False,False,False,,,
9365,ok,24,3,983,False,False,False,,,
9366,ok,10,8,699,False,False,False,,,
9367,ok,125,6,12274,False,False,False,,,
9371,ok,5,2,248,False,False,False,O100,8,7
9372,ok,10,5,811,False,False,False,,,
9373,ok,0,5,81,True,False,False,,,
9378,ok,5,4,305,False,True,False,,,
9379,ok,25,6,1781,False,True,False,,,
9383,ok,0,3,60,True,False,False,,,
9384,capped,1000,5,91960,False,False,True,,,
9386,ok,0,10,126,True,True,False,,,
9389,ok,5,4,251,False,False,False,,,
9391,ok,10,5,1001,False,False,False,,,
9397,ok,75,4,6892,False,False,False,O230,3,4
9398,ok,0,7,82,True,False,False,,,
9400,ok,25,8,2289,False,False,False,,,
9402,ok,0,4,68,True,False,False,,,
9404,ok,0,5,73,True,False,False,,,
9407,ok,5,2,243,False,False,False,,,
9408,capped,1000,7,83956,False,False,True,,,
9409,ok,25,4,1751,False,False,False,,,
9410,ok,5,4,395,False,False,False,,,
9411,capped,1000,5,82796,False,False,True,,,
9414,ok,5,2,268,False,False,False,,,
9417,capped,1000,4,48522,False,False,True,,,
9420,ok,5,3,262,False,False,False,O111,7,6
9421,ok,5,3,275,False,False,False,,,
9422,ok,100,7,9980,False,False,False,,,
9425,ok,19,4,1035,False,False,False,,,
9429,ok,0,10,150,True,False,False,,,
9435,ok,1,3,90,False,False,False,,,
9436,ok,5,4,407,False,False,False,,,
9442,ok,10,4,788,False,False,False,,,
9443,ok,10,5,910,False,False,False,,,
9444,ok,3,4,215,False,False,False,,,
9445,ok,10,6,708,False,False,False,,,
9446,ok,0,8,98,True,False,False,,,
9447,ok,25,4,1826,False,False,False,,,
9451,ok,6,5,362,False,False,False,,,
9453,ok,10,6,996,False,False,False,,,
9454,ok,25,5,2390,False,False,False,,,
9456,capped,1000,8,92325,False,False,True,,,
9458,ok,0,4,54,True,False,False,,,
9459,ok,10,3,389,False,False,False,,,
9461,ok,3,5,191,False,False,False,,,
9463,ok,5,3,287,False,False,False,O404,1,2
9464,ok,50,8,5506,False,False,False,,,
9465,ok,0,4,75,True,False,False,,,
9466,ok,25,6,1849,False,False,False,,,
9467,capped,1000,4,58686,False,False,True,,,
9468,ok,5,4,373,False,False,False,,,
9469,ok,0,7,81,True,False,False,,,
9470,ok,10,3,491,False,False,False,,,
9471,ok,10,5,983,False,False,False,,,
9473,ok,0,5,49,True,False,False,,,
9474,capped,1000,6,46094,False,False,True,,,
9476,ok,3,6,350,False,False,False,,,
9477,ok,5,3,356,False,False,False,,,
9479,ok,0,6,93,True,False,False,,,
9482,ok,10,3,432,False,False,False,O403,1,2
9489,ok,5,3,269,False,False,False,O180,4,5
9492,ok,100,6,8828,False,False,False,,,
9494,ok,0,7,106,True,False,False,,,
9495,ok,5,2,248,False,False,False,O68,12,5
9496,ok,25,3,1271,False,False,False,,,
9498,ok,25,4,1432,False,False,False,,,
9499,ok,10,6,981,False,False,False,,,
9501,ok,19,7,2147,False,False,False,,,
9507,ok,5,3,283,False,False,False,,,
9509,ok,10,5,987,False,False,False,,,
9510,capped,1000,4,73599,False,False,True,,,
9511,ok,25,5,1758,False,False,False,,,
9514,ok,10,3,568,False,False,False,,,
9515,ok,5,3,261,False,False,False,,,
9516,capped,1000,5,101362,False,False,True,,,
9517,ok,10,5,1077,False,False,False,,,
9518,ok,5,4,406,False,False,False,,,
9519,ok,10,5,833,False,False,False,,,
9520,ok,0,3,46,True,False,False,,,
9522,ok,10,4,545,False,False,False,O392,1,2
9523,ok,5,2,249,False,False,False,O40,16,13
9524,capped,1000,8,95474,False,False,True,,,
9525,ok,18,5,953,False,False,False,,,
9528,ok,100,7,10205,False,False,False,,,
9529,ok,10,6,760,False,False,False,,,
9532,ok,10,6,743,False,False,False,,,
9533,ok,0,4,67,True,False,False,,,
9536,ok,0,9,104,True,True,False,,,
9538,ok,440,5,29117,False,False,False,,,
9540,ok,25,2,1061,False,False,False,,,
9544,capped,1000,5,101785,False,False,True,,,
9545,capped,1000,5,46356,False,False,True,,,
9547,ok,10,5,1033,False,False,False,,,
9548,ok,2,4,221,False,False,False,,,
9549,ok,5,3,313,False,False,False,,,
9551,ok,0,6,82,True,False,False,,,
9552,ok,0,6,85,True,False,False,,,
9553,ok,5,2,248,False,False,False,O100,8,7
9557,ok,40,8,5193,False,False,False,,,
9558,ok,10,5,867,False,False,False,,,
9559,ok,5,4,367,False,False,False,,,
9564,capped,1000,4,68052,False,False,True,,,
9565,capped,1000,4,91043,False,False,True,,,
9566,ok,10,4,980,False,False,False,,,
9568,ok,10,3,525,False,False,False,O293,2,3
9572,capped,1000,6,107285,False,False,True,,,
9574,ok,0,4,66,True,False,False,,,
9577,ok,5,3,334,False,False,False,O424,1,2
9578,ok,0,6,94,True,False,False,,,
9582,ok,10,5,739,False,False,False,,,
9584,ok,100,7,8137,False,False,False,,,
9585,ok,100,5,9576,False,False,False,,,
9587,ok,25,3,1184,False,False,False,,,
9588,ok,0,5,71,True,False,False,,,
9590,ok,25,3,1102,False,False,False,,,
9592,ok,5,4,319,False,False,False,,,
9593,ok,5,3,257,False,False,False,O418,1,2
9594,ok,5,2,262,False,False,False,,,
9596,ok,10,5,570,False,False,False,,,
9597,ok,50,4,3617,False,False,False,,,
9598,ok,10,2,451,False,False,False,,,
9600,capped,1000,5,118067,False,False,True,,,
9603,ok,25,4,1106,False,False,False,,,
9604,ok,0,4,51,True,False,False,,,
9605,ok,125,4,8559,False,False,False,,,
9607,capped,1000,5,90314,False,False,True,,,
9608,ok,10,4,769,False,False,False,O419,1,2
9611,ok,25,5,1830,False,False,False,,,
9613,ok,25,5,2063,False,False,False,,,
9614,ok,125,5,6512,False,False,False,,,
9615,ok,0,5,65,True,False,False,,,
9618,ok,0,4,64,True,False,False,,,
9622,capped,1000,4,65950,False,False,True,,,
9623,ok,25,5,2400,False,False,False,,,
9624,ok,0,6,83,True,False,False,,,
9625,ok,25,4,1756,False,False,False,,,
9626,ok,25,5,2227,False,False,False,,,
9629,ok,0,7,83,True,False,False,,,
9630,capped,1000,8,103109,False,False,True,,,
9631,capped,1000,6,101345,False,False,True,,,
9633,ok,0,6,82,True,False,False,,,
9638,ok,5,3,331,False,False,False,O424,1,2
9639,capped,1000,5,51873,False,False,True,,,
9640,ok,100,9,8511,False,False,False,,,
9641,ok,25,6,2648,False,False,False,,,
9643,ok,100,8,8548,False,False,False,,,
9644,capped,1000,6,75277,False,False,True,,,
9645,ok,5,4,363,False,False,False,,,
9646,ok,75,4,6884,False,False,False,O230,3,4
9647,ok,0,4,54,True,False,False,,,
9648,ok,5,4,317,False,False,False,O290,2,2
9649,ok,10,5,1048,False,False,False,,,
9650,ok,0,8,82,True,False,False,,,
9651,ok,13,5,1312,False,False,False,,,
9652,ok,50,4,3646,False,False,False,,,
9653,ok,75,6,7361,False,False,False,,,
9654,ok,0,5,76,True,False,False,,,
9655,ok,32,4,2049,False,False,False,,,
9657,ok,0,3,53,True,False,False,,,
9659,ok,25,3,1748,False,False,False,,,
9660,ok,10,6,889,False,False,False,,,
9661,ok,25,5,2201,False,False,False,,,
9662,ok,5,3,291,False,False,False,,,
9664,ok,5,3,269,False,False,False,O111,7,6
9665,ok,125,6,14344,False,False,False,,,
9667,ok,25,4,1911,False,False,False,,,
9668,capped,1000,7,85061,False,False,True,,,
9669,ok,10,4,745,False,False,False,,,
9671,capped,1000,4,85589,False,False,True,,,
9672,ok,0,6,123,True,False,False,,,
9674,ok,10,6,1024,False,False,False,,,
9676,ok,50,7,4106,False,False,False,,,
9677,ok,10,5,868,False,False,False,,,
9678,ok,0,6,149,True,False,False,,,
9679,ok,0,5,68,True,False,False,,,
9682,ok,0,6,82,True,False,False,,,
9683,ok,5,3,281,False,False,False,O125,6,7
9687,ok,5,2,239,False,False,False,,,
9688,ok,70,12,9962,False,False,False,,,
9689,ok,48,6,4849,False,False,False,,,
9692,ok,0,4,58,True,False,False,,,
9693,ok,25,5,1886,False,False,False,,,
9694,ok,5,3,274,False,False,False,O125,6,7
9695,ok,5,6,494,False,False,False,,,
9698,capped,1000,6,61578,False,False,True,,,
9701,ok,5,3,267,False,False,False,,,
9702,ok,125,5,7541,False,False,False,,,
9706,ok,20,5,1522,False,False,False,,,
9707,ok,10,7,597,False,False,False,,,
9709,ok,10,4,779,False,False,False,,,
9710,ok,250,6,19528,False,False,False,,,
9712,ok,0,9,122,True,False,False,,,
9713,capped,1000,5,65639,False,False,True,,,
9715,ok,10,4,718,False,False,False,,,
9716,ok,0,5,60,True,False,False,,,
9717,ok,25,3,1771,False,False,False,O425,1,2
9718,ok,10,6,482,False,False,False,,,
9719,ok,0,5,67,True,True,False,,,
9722,ok,0,5,73,True,False,False,,,
9724,ok,5,4,382,False,False,False,,,
9725,ok,125,4,11435,False,False,False,O181,4,5
9726,ok,5,3,255,False,False,False,O421,1,2
9727,ok,5,4,327,False,False,False,,,
9731,ok,125,5,12080,False,False,False,,,
9733,ok,5,4,392,False,False,False,,,
9734,ok,25,4,1788,False,False,False,,,
9739,capped,1000,8,96067,False,False,True,,,
9741,ok,10,8,984,False,False,False,,,
9743,ok,0,3,47,True,False,False,,,
9744,ok,0,6,75,True,False,False,,,
9745,ok,0,5,55,True,False,False,,,
9747,ok,5,5,459,False,False,False,,,
9749,ok,100,7,8811,False,False,False,,,
9752,ok,50,7,5718,False,False,False,,,
9755,ok,0,6,91,True,False,False,,,
9756,ok,3,3,171,False,False,False,,,
9757,ok,10,6,1058,False,False,False,,,
9758,ok,10,4,751,False,False,False,,,
9759,ok,25,2,1000,False,False,False,,,
9761,ok,0,6,100,True,False,False,,,
9763,capped,1000,4,45048,False,False,True,,,
9767,ok,0,3,37,True,False,False,,,
9768,capped,1000,6,104071,False,False,True,,,
9769,ok,10,5,735,False,False,False,,,
9770,ok,70,7,6019,False,False,False,,,
9771,ok,5,4,274,False,False,False,,,
9772,ok,0,5,84,True,False,False,,,
9776,ok,5,3,274,False,False,False,O125,6,7
9778,capped,1000,7,105997,False,False,True,,,
9779,ok,143,5,10023,False,False,False,,,
9780,ok,5,2,239,False,False,False,O426,1,2
9781,capped,1000,5,81594,False,False,True,,,
9783,ok,0,7,125,True,False,False,,,
9784,ok,40,4,3252,False,False,False,,,
9785,ok,100,9,12998,False,False,False,,,
9787,ok,10,5,593,False,False,False,,,
9790,ok,125,6,8689,False,False,False,,,
9791,capped,1000,7,125089,False,False,True,,,
9792,ok,25,5,2542,False,False,False,,,
9795,ok,125,7,11081,False,False,False,,,
9801,ok,5,4,425,False,False,False,,,
9804,capped,1000,6,43349,False,False,True,,,
9807,ok,0,4,70,True,False,False,,,
9809,ok,25,6,2019,False,False,False,,,
9810,ok,10,6,884,False,False,False,,,
9811,ok,10,6,1012,False,False,False,,,
9813,ok,25,3,1620,False,False,False,,,
9814,ok,25,4,2322,False,False,False,,,
9815,ok,10,5,1043,False,False,False,,,
9817,ok,10,5,811,False,False,False,,,
9819,capped,1000,5,80055,False,False,True,,,
9821,ok,25,5,1183,False,False,False,,,
9822,capped,1000,3,53951,False,False,True,,,
9824,ok,0,4,56,True,False,False,,,
9825,ok,5,3,269,False,False,False,O180,4,5
9826,ok,0,8,108,True,False,False,,,
9827,ok,10,6,1080,False,False,False,,,
9829,ok,0,7,90,True,True,False,,,
9832,ok,0,7,85,True,True,False,,,
9833,capped,1000,5,97847,False,False,True,,,
9834,ok,25,6,1947,False,False,False,,,
9835,capped,1000,8,84628,False,False,True,,,
9836,ok,0,9,142,True,False,False,,,
9837,capped,1000,3,49772,False,False,True,,,
9838,ok,5,4,317,False,False,False,,,
9841,ok,0,8,91,True,False,False,,,
9842,ok,25,5,2471,False,False,False,,,
9843,ok,10,8,1478,False,False,False,,,
9844,capped,1000,8,104933,False,False,True,,,
9845,ok,5,3,262,False,False,False,O180,4,5
9847,capped,1000,9,105511,False,False,True,,,
9848,ok,5,3,269,False,False,False,O111,7,6
9855,ok,0,10,124,True,False,False,,,
9860,ok,100,7,8268,False,False,False,,,
9862,ok,10,4,716,False,False,False,,,
9863,capped,1000,5,76884,False,False,True,,,
9867,ok,0,10,125,True,False,False,,,
9868,ok,10,3,533,False,False,False,,,
9869,ok,0,7,98,True,False,False,,,
9872,ok,5,5,433,False,False,False,,,
9874,ok,5,4,293,False,False,False,,,
9876,ok,0,5,77,True,False,False,,,
9877,ok,0,4,54,True,False,False,,,
9879,ok,0,8,114,True,False,False,,,
9880,ok,0,6,76,True,False,False,,,
9881,ok,5,5,352,False,False,False,,,
9884,capped,1000,4,65931,False,False,True,,,
9885,capped,1000,9,142487,False,False,True,,,
9889,ok,25,4,1736,False,False,False,,,
9891,ok,0,7,83,True,False,False,,,
9892,ok,5,5,297795,False,False,False,,,
9893,ok,0,5,74,True,False,False,,,
9894,ok,10,6,770,False,False,False,,,
9897,ok,10,4,801,False,False,False,,,
9898,ok,10,3,508,False,False,False,,,
9899,ok,5,7,575,False,False,False,,,
9900,ok,10,5,573,False,False,False,,,
9901,ok,0,6,87,True,True,False,,,
9902,ok,7,4,488,False,False,False,,,
9905,capped,1000,4,84841,False,False,True,,,
9906,ok,250,6,20613,False,False,False,,,
9907,capped,1000,5,197610,False,False,True,,,
9909,capped,1000,8,65925,False,False,True,,,
9910,ok,5,3,385,False,False,False,,,
9911,capped,1000,5,109780,False,False,True,,,
9917,ok,5,2,238,False,False,False,,,
9918,ok,5,3,272,False,False,False,,,
9920,ok,5,4,380,False,False,False,,,
9924,ok,2,4,173,False,False,False,,,
9925,ok,86,7,4420,False,False,False,,,
9926,ok,125,5,4286,False,False,False,,,
9927,ok,5,5,560,False,False,False,,,
9929,ok,10,4,763,False,False,False,,,
9930,ok,0,7,72,True,False,False,,,
9932,ok,15,3,1066,False,False,False,,,
9934,ok,0,6,79,True,False,False,,,
9935,ok,10,5,1024,False,False,False,,,
9937,ok,10,6,1118,False,False,False,,,
9938,capped,1000,5,70061,False,False,True,,,
9939,ok,25,8,2047,False,False,False,,,
9942,ok,0,5,82,True,False,False,,,
9943,ok,0,3,57,True,False,False,,,
9944,capped,1000,4,79145,False,False,True,,,
9946,ok,25,3,1748,False,False,False,,,
9947,capped,1000,8,135737,False,False,True,,,
9948,ok,100,8,8404,False,False,False,,,
9949,ok,0,4,70,True,False,False,,,
9953,ok,3,5,224,False,False,False,,,
9956,ok,10,4,414,False,False,False,,,
9957,ok,5,4,410,False,False,False,,,
9958,ok,10,6,897,False,False,False,,,
9959,ok,0,4,56,True,False,False,,,
9960,ok,10,5,1024,False,False,False,,,
9961,ok,0,6,65,True,False,False,,,
9968,ok,10,3,215,False,False,False,,,
9969,ok,10,3,728,False,False,False,,,
9971,ok,0,7,104,True,False,False,,,
9972,ok,5,2,253,False,False,False,O40,16,13
9973,ok,50,4,3519,False,False,False,,,
9977,ok,5,4,420,False,False,False,,,
9978,ok,5,4,398,False,False,False,,,
9982,ok,10,4,881,False,False,False,,,
9983,ok,125,7,8702,False,False,False,,,
9984,ok,0,4,72,True,False,False,,,
9986,ok,0,5,64,True,False,False,,,
9988,ok,100,7,10237,False,False,False,,,
9989,ok,0,3,42,True,False,False,,,
9990,ok,100,7,9903,False,False,False,,,
9991,ok,10,6,1093,False,False,False,,,
9993,ok,5,3,289,False,False,False,,,
9994,ok,631,7,50716,False,False,False,,,
9995,ok,0,4,81,True,False,False,,,
9996,ok,25,4,1860,False,False,False,,,
9997,ok,5,3,265,False,False,False,,,
9998,ok,0,7,79,True,False,False,,,
9999,capped,1000,6,70101,False,False,True,,,
10001,ok,10,2,232,False,False,False,O294,2,1
10002,ok,10,3,551,False,False,False,O23,22,6
10003,ok,10,2,451,False,False,False,O1,108,24
10004,ok,100,6,9740,False,False,False,O48,15,1
10005,capped,1000,5,92284,False,False,True,,,
10006,ok,100,6,9736,False,False,False,O48,15,1
10007,ok,10,2,225,False,False,False,,,
10008,ok,10,2,451,False,False,False,O1,108,24
10009,ok,100,3,7113,False,False,False,,,
10010,capped,1000,6,97051,False,False,True,,,
10011,ok,1,7,168,False,False,False,,,
10012,ok,10,2,461,False,False,False,O4,47,22
10013,capped,1000,3,45788,False,False,True,O58,13,2
10014,ok,10,2,451,False,False,False,O49,15,5
10015,ok,100,5,8356,False,False,False,O295,2,1
10016,ok,10,3,548,False,False,False,O152,5,4
10017,ok,10,2,229,False,False,False,O112,7,6
10018,ok,100,5,7807,False,False,False,O296,2,1
10019,ok,10,3,542,False,False,False,O126,6,2
10020,ok,25,2,1100,False,False,False,O10,33,15
10021,ok,10,3,561,False,False,False,O38,17,5
10022,ok,10,3,551,False,False,False,O23,22,6
10023,ok,10,2,425,False,False,False,O41,16,7
10024,ok,100,9,13099,False,False,False,,,
10025,ok,25,2,1075,False,False,False,O5,47,17
10026,ok,10,2,456,False,False,False,O1,108,24
10027,ok,25,3,1738,False,False,False,O59,13,3
10028,ok,10,2,228,False,False,False,,,
10029,capped,1000,3,45847,False,False,True,O184,4,3
10030,ok,100,3,3922,False,False,False,,,
10031,ok,10,2,504,False,False,False,,,
10032,ok,10,2,229,False,False,False,O112,7,6
10033,ok,100,4,7767,False,False,False,O127,6,2
10034,ok,10,2,451,False,False,False,O1,108,24
10035,ok,10,2,451,False,False,False,O151,5,4
10036,ok,10,3,558,False,False,False,O297,2,2
10037,ok,10,2,445,False,False,False,O1,108,24
10038,capped,1000,3,50033,False,False,True,,,
10039,ok,25,2,1081,False,False,False,O12,32,17
10040,ok,0,2,24,True,False,False,,,
10042,ok,25,2,1081,False,False,False,O7,45,22
10043,ok,10,6,911,False,False,False,,,
10044,ok,10,4,843,False,False,False,O91,9,4
10045,ok,25,2,1086,False,False,False,O34,18,9
10047,ok,10,3,266,False,False,False,,,
10048,ok,10,3,660,False,False,False,O92,9,1
10049,ok,10,2,476,False,False,False,O27,20,8
10050,ok,10,5,818,False,False,False,,,
10051,ok,10,2,455,False,False,False,O4,47,22
10054,ok,10,3,488,False,False,False,,,
10055,ok,10,4,637,False,False,False,O42,16,4
10056,capped,1000,10,130355,False,False,True,,,
10057,ok,0,3,40,True,False,False,,,
10058,ok,10,2,476,False,False,False,O27,20,8
10059,ok,25,3,1738,False,False,False,,,
10060,ok,10,4,839,False,False,False,O91,9,4
10061,ok,10,2,445,False,False,False,O128,6,5
10062,ok,10,3,556,False,False,False,O33,19,4
10063,ok,10,4,691,False,False,False,O298,2,1
10065,ok,10,2,234,False,False,False,,,
10066,ok,5,2,245,False,False,False,,,
10067,ok,10,2,456,False,False,False,O153,5,3
10068,ok,1,3,93,False,False,False,,,
10069,ok,10,4,637,False,False,False,O42,16,4
10071,ok,10,2,234,False,False,False,O9,37,8
10072,ok,10,4,637,False,False,False,O42,16,4
10073,ok,0,2,30,True,False,False,,,
10074,ok,10,4,695,False,False,False,O231,3,1
10075,ok,10,3,559,False,False,False,O38,17,5
10076,ok,25,2,1075,False,False,False,O12,32,17
10078,ok,10,5,783,False,False,False,,,
10080,ok,25,2,1075,False,False,False,O14,29,17
10081,ok,10,2,207,False,False,False,O232,3,1
10082,ok,10,3,603,False,False,False,O50,15,4
10083,ok,100,5,7807,False,False,False,O296,2,1
10084,ok,10,3,712,False,False,False,O233,3,2
10085,ok,100,6,9740,False,False,False,O48,15,1
10086,ok,10,2,456,False,False,False,O185,4,5
10087,ok,10,3,561,False,False,False,O38,17,5
10088,ok,0,2,24,True,False,False,,,
10089,ok,10,2,473,False,False,False,,,
10090,ok,100,5,4967,False,False,False,,,
10091,ok,25,2,1050,False,False,False,O57,14,7
10092,capped,1000,5,82417,False,False,True,,,
10093,ok,10,4,637,False,False,False,O42,16,4
10094,ok,2,9,338,False,False,False,O299,2,1
10095,capped,1000,4,29822,False,False,True,,,
10096,ok,10,5,753,False,False,False,O101,8,1
10097,ok,10,2,228,False,False,False,O11,33,9
10098,ok,25,3,1738,False,False,False,,,
10100,ok,0,2,27,True,False,False,,,
10101,capped,1000,3,45699,False,False,True,O427,1,1
10102,ok,10,3,566,False,False,False,O72,11,1
10103,ok,0,4,55,True,False,False,,,
10104,ok,25,2,1086,False,False,False,,,
10105,ok,25,2,1075,False,False,False,O35,18,9
10106,ok,100,6,9730,False,False,False,,,
10108,ok,10,3,570,False,False,False,O93,9,2
10109,ok,10,2,461,False,False,False,O4,47,22
10110,ok,7,2,223,False,False,False,O102,8,2
10111,ok,10,2,451,False,False,False,O1,108,24
10112,ok,10,3,565,False,False,False,,,
10113,ok,10,3,728,False,False,False,O233,3,2
10114,ok,10,2,495,False,False,False,O129,6,3
10115,ok,10,3,496,False,False,False,,,
10116,ok,10,3,351,False,False,False,,,
10117,ok,10,5,977,False,False,False,O103,8,2
10118,ok,100,3,2228,False,False,False,,,
10119,ok,25,2,1081,False,False,False,O25,21,6
10120,ok,5,2,245,False,False,False,O229,3,4
10121,ok,10,3,551,False,False,False,O23,22,6
10122,ok,25,4,1302,False,False,False,,,
10123,ok,10,5,884,False,False,False,,,
10124,ok,10,2,451,False,False,False,O1,108,24
10125,ok,10,3,488,False,False,False,,,
10126,ok,10,2,227,False,False,False,O69,12,6
10127,ok,25,2,1081,False,False,False,O186,4,4
10128,capped,1000,5,82768,False,False,True,,,
10129,ok,10,4,568,False,False,False,,,
10130,ok,100,4,3270,False,False,False,,,
10132,ok,10,4,668,False,False,False,,,
10133,ok,100,5,9230,False,False,False,O15,29,3
10134,ok,10,3,562,False,False,False,O33,19,4
10135,ok,10,3,581,False,False,False,O300,2,3
10136,ok,2,7,244,False,False,False,O234,3,2
10137,ok,10,2,234,False,False,False,O11,33,9
10138,ok,10,5,694,False,False,False,,,
10142,ok,100,5,9245,False,False,False,O15,29,3
10143,ok,10,3,560,False,False,False,,,
10144,ok,25,2,1075,False,False,False,O5,47,17
10145,ok,0,3,45,True,False,False,,,
10146,ok,10,2,227,False,False,False,O69,12,6
10147,ok,10,5,975,False,False,False,,,
10149,ok,10,3,561,False,False,False,O38,17,5
10150,ok,10,3,570,False,False,False,O93,9,2
10151,ok,0,4,48,True,False,False,,,
10153,ok,10,4,665,False,False,False,O20,24,2
10154,ok,10,2,451,False,False,False,O6,47,27
10155,ok,25,2,1081,False,False,False,O12,32,17
10156,ok,10,2,496,False,False,False,O60,13,2
10157,ok,25,2,1081,False,False,False,O28,20,12
10158,ok,7,3,271,False,False,False,,,
10159,ok,10,3,548,False,False,False,O154,5,1
10160,ok,100,3,6674,False,False,False,,,
10161,ok,25,4,1853,False,False,False,,,
10162,ok,10,3,548,False,False,False,,,
10163,ok,100,6,8340,False,False,False,O428,1,1
10164,ok,10,6,1199,False,False,False,,,
10165,ok,100,4,6442,False,False,False,O429,1,1
10166,capped,1000,3,45873,False,False,True,,,
10167,ok,10,3,597,False,False,False,O50,15,4
10168,ok,10,3,584,False,False,False,O73,11,2
10169,ok,10,2,449,False,False,False,O1,108,24
10170,ok,10,5,836,False,False,False,,,
10172,ok,100,4,4735,False,False,False,,,
10173,ok,10,2,482,False,False,False,O27,20,8
10174,ok,0,3,32,True,False,False,,,
10175,ok,10,3,580,False,False,False,O113,7,2
10178,ok,10,2,486,False,False,False,O130,6,2
10179,ok,25,2,1075,False,False,False,O5,47,17
10180,ok,100,4,7096,False,False,False,O301,2,1
10181,ok,10,3,554,False,False,False,O154,5,1
10182,ok,10,3,576,False,False,False,O430,1,2
10183,ok,25,2,1081,False,False,False,O155,5,4
10185,ok,10,3,590,False,False,False,O431,1,2
10186,ok,10,4,611,False,False,False,O302,2,2
10187,ok,10,2,425,False,False,False,O303,2,2
10188,ok,100,4,4063,False,False,False,,,
10189,ok,7,2,223,False,False,False,O82,10,4
10190,ok,100,2,2015,False,False,False,O432,1,1
10191,ok,100,5,9245,False,False,False,O15,29,3
10192,ok,10,2,476,False,False,False,O27,20,8
10193,ok,10,4,773,False,False,False,,,
10194,ok,10,2,451,False,False,False,O18,26,12
10195,ok,10,3,314,False,False,False,,,
10196,capped,1000,3,45631,False,False,True,O433,1,2
10197,ok,25,2,1107,False,False,False,O434,1,2
10198,ok,10,2,445,False,False,False,O1,108,24
10199,ok,7,3,283,False,False,False,O435,1,2
10200,ok,10,3,534,False,False,False,O131,6,4
10201,ok,10,3,598,False,False,False,O61,13,8
10202,ok,100,3,6204,False,False,False,,,
10203,ok,10,4,665,False,False,False,O20,24,2
10204,ok,10,3,745,False,False,False,O235,3,2
10205,ok,100,4,6133,False,False,False,O156,5,6
10206,ok,10,3,540,False,False,False,O131,6,4
10207,ok,10,3,554,False,False,False,O83,10,6
10208,ok,10,2,451,False,False,False,O21,24,12
10209,ok,4,1,82,False,False,False,O187,4,1
10210,ok,25,2,1081,False,False,False,O43,16,6
10212,ok,7,3,284,False,False,False,O435,1,2
10213,ok,10,5,716,False,False,False,,,
10214,ok,10,4,612,False,False,False,O304,2,2
10215,ok,10,4,961,False,False,False,O436,1,2
10216,ok,10,3,597,False,False,False,O50,15,4
10217,ok,10,2,451,False,False,False,O49,15,5
10218,ok,10,3,581,False,False,False,O157,5,1
10219,ok,25,2,1075,False,False,False,O437,1,1
10220,ok,10,3,751,False,False,False,O44,16,2
10221,ok,10,2,451,False,False,False,O1,108,24
10222,ok,10,4,665,False,False,False,O20,24,2
10223,ok,10,4,525,False,False,False,O305,2,1
10224,ok,10,3,569,False,False,False,O438,1,2
10225,ok,10,3,565,False,False,False,O51,15,4
10226,ok,10,2,234,False,False,False,O11,33,9
10228,ok,100,6,5463,False,False,False,,,
10229,ok,100,3,2628,False,False,False,,,
10230,ok,25,2,1050,False,False,False,O57,14,7
10231,ok,10,3,597,False,False,False,O50,15,4
10232,ok,7,2,223,False,False,False,O132,6,3
10233,ok,100,5,7801,False,False,False,,,
10234,ok,100,5,7802,False,False,False,,,
10235,ok,25,2,1081,False,False,False,O34,18,9
10236,ok,25,4,1196,False,False,False,,,
10237,ok,25,2,1131,False,False,False,,,
10238,ok,10,2,228,False,False,False,O306,2,3
10239,ok,10,5,893,False,False,False,O439,1,1
10240,ok,25,3,1371,False,False,False,O440,1,1
10241,ok,10,2,473,False,False,False,O16,27,5
10242,ok,10,4,673,False,False,False,O236,3,1
10243,ok,10,3,533,False,False,False,,,
10244,ok,10,4,810,False,False,False,O188,4,1
10245,ok,10,3,557,False,False,False,O23,22,6
10246,ok,7,2,223,False,False,False,O102,8,2
10247,capped,1000,3,47588,False,False,True,O441,1,2
10248,ok,0,2,24,True,False,False,,,
10249,ok,100,6,8338,False,False,False,O94,9,1
10250,ok,10,5,829,False,False,False,,,
10251,ok,10,2,451,False,False,False,O62,13,2
10252,ok,10,2,445,False,False,False,O1,108,24
10253,ok,10,2,494,False,False,False,O158,5,4
10254,ok,25,2,1081,False,False,False,O25,21,6
10255,ok,10,3,552,False,False,False,,,
10256,ok,25,2,1081,False,False,False,O7,45,22
10257,ok,10,4,686,False,False,False,O189,4,2
10258,ok,25,2,1056,False,False,False,,,
10259,ok,100,3,5315,False,False,False,,,
10260,ok,10,2,461,False,False,False,O4,47,22
10261,ok,10,3,744,False,False,False,O44,16,2
10262,ok,10,3,574,False,False,False,,,
10263,ok,25,2,1081,False,False,False,O12,32,17
10264,ok,2,3,83,False,False,False,,,
10265,ok,10,2,483,False,False,False,O442,1,1
10266,ok,100,5,9241,False,False,False,O15,29,3
10267,ok,25,2,1081,False,False,False,O25,21,6
10268,ok,25,2,1075,False,False,False,O5,47,17
10269,ok,1,1,32,False,False,False,,,
10270,ok,10,3,584,False,False,False,O73,11,2
10271,ok,10,2,445,False,False,False,O1,108,24
10272,ok,10,4,812,False,False,False,O237,3,4
10273,ok,10,4,759,False,False,False,O104,8,2
10274,ok,25,2,1081,False,False,False,O443,1,1
10275,ok,10,4,591,False,False,False,O238,3,1
10277,ok,4,10,653,False,False,False,O84,10,3
10278,ok,10,2,213,False,False,False,O239,3,1
10279,ok,10,3,542,False,False,False,O126,6,2
10280,ok,10,4,912,False,False,False,O133,6,1
10281,ok,10,5,838,False,False,False,,,
10282,ok,10,3,553,False,False,False,O444,1,1
10283,ok,25,2,1081,False,False,False,O5,47,17
10284,ok,25,2,1081,False,False,False,O63,13,9
10285,ok,25,2,1075,False,False,False,O5,47,17
10286,ok,10,5,891,False,False,False,O134,6,1
10287,ok,25,2,1061,False,False,False,,,
10288,ok,10,2,227,False,False,False,,,
10290,ok,25,2,1081,False,False,False,O155,5,4
10292,ok,10,4,673,False,False,False,,,
10293,ok,100,4,3343,False,False,False,,,
10294,ok,10,3,581,False,False,False,O307,2,2
10296,ok,20,3,997,False,False,False,,,
10297,ok,10,2,456,False,False,False,O1,108,24
10298,ok,25,3,1748,False,False,False,O190,4,4
10299,ok,10,3,561,False,False,False,O38,17,5
10300,ok,10,2,490,False,False,False,O60,13,2
10301,ok,10,2,234,False,False,False,O9,37,8
10302,ok,0,2,30,True,False,False,,,
10303,ok,10,2,461,False,False,False,O4,47,22
10306,ok,10,4,680,False,False,False,O240,3,2
10307,ok,25,3,1738,False,False,False,,,
10308,ok,5,2,237,False,False,False,,,
10309,ok,10,3,516,False,False,False,,,
10310,ok,25,2,1081,False,False,False,O14,29,17
10311,ok,10,2,445,False,False,False,O1,108,24
10312,ok,10,2,446,False,False,False,O191,4,4
10313,ok,10,3,548,False,False,False,O152,5,4
10314,ok,100,4,5605,False,False,False,O445,1,2
10315,ok,25,2,1086,False,False,False,O7,45,22
10316,ok,2,2,108,False,False,False,,,
10318,ok,10,2,456,False,False,False,O6,47,27
10319,ok,10,2,501,False,False,False,,,
10320,ok,10,2,490,False,False,False,O60,13,2
10321,ok,10,2,228,False,False,False,O11,33,9
10322,ok,10,3,598,False,False,False,O159,5,2
10323,ok,25,2,1081,False,False,False,O25,21,6
10324,ok,10,2,497,False,False,False,,,
10325,ok,100,3,5234,False,False,False,,,
10326,ok,10,2,490,False,False,False,,,
10327,ok,10,2,451,False,False,False,O151,5,4
10328,ok,100,6,8331,False,False,False,O428,1,1
10329,ok,10,2,451,False,False,False,O49,15,5
10330,ok,25,2,651,False,False,False,,,
10332,ok,10,2,451,False,False,False,O192,4,4
10333,capped,1000,3,52376,False,False,True,,,
10334,ok,10,2,451,False,False,False,O1,108,24
10335,ok,10,2,227,False,False,False,O160,5,2
10336,ok,10,2,451,False,False,False,O1,108,24
10337,ok,10,4,746,False,False,False,,,
10338,ok,10,3,563,False,False,False,,,
10339,ok,25,2,1106,False,False,False,O10,33,15
10340,ok,10,2,445,False,False,False,O52,15,11
10341,ok,10,2,456,False,False,False,O6,47,27
10342,ok,10,3,598,False,False,False,O61,13,8
10344,ok,100,3,5342,False,False,False,,,
10345,ok,10,2,451,False,False,False,O1,108,24
10346,ok,10,2,227,False,False,False,O69,12,6
10347,ok,4,1,82,False,False,False,O187,4,1
10348,ok,10,5,885,False,False,False,O135,6,2
10349,ok,10,2,503,False,False,False,O114,7,4
10350,capped,1000,3,45737,False,False,True,,,
10351,ok,1,2,57,False,False,False,,,
10352,ok,25,2,1075,False,False,False,O14,29,17
10353,ok,10,5,864,False,False,False,,,
10355,ok,10,2,461,False,False,False,O4,47,22
10356,ok,100,4,7584,False,False,False,,,
10357,ok,10,6,952,False,False,False,O446,1,2
10358,ok,10,2,451,False,False,False,O1,108,24
10359,ok,0,3,45,True,False,False,,,
10360,ok,10,6,1036,False,False,False,O241,3,1
10361,ok,10,2,451,False,False,False,O1,108,24
10362,ok,10,2,431,False,False,False,,,
10363,ok,10,3,494,False,False,False,O193,4,1
10364,ok,25,2,1086,False,False,False,O5,47,17
10365,ok,10,3,566,False,False,False,O72,11,1
10366,ok,10,2,494,False,False,False,O447,1,2
10367,ok,10,4,810,False,False,False,O188,4,1
10368,ok,100,4,5090,False,False,False,,,
10369,ok,10,3,565,False,False,False,,,
10370,ok,100,5,7843,False,False,False,O29,20,2
10371,ok,25,3,1712,False,False,False,,,
10372,ok,100,5,9230,False,False,False,O15,29,3
10373,ok,10,3,494,False,False,False,O193,4,1
10375,ok,7,2,217,False,False,False,O82,10,4
10377,ok,0,3,40,True,False,False,,,
10378,ok,10,4,808,False,False,False,O194,4,1
10379,ok,10,4,587,False,False,False,O448,1,2
10380,ok,10,2,451,False,False,False,O62,13,2
10381,ok,100,6,9725,False,False,False,O48,15,1
10382,ok,2,10,399,False,False,False,O64,13,4
10384,ok,10,4,655,False,False,False,,,
10385,ok,100,6,9740,False,False,False,O48,15,1
10386,ok,4,10,662,False,False,False,,,
10387,ok,10,2,445,False,False,False,O161,5,5
10388,ok,10,5,739,False,False,False,O449,1,1
10389,ok,10,2,445,False,False,False,O1,108,24
10390,ok,100,4,7195,False,False,False,O195,4,1
10391,ok,10,2,451,False,False,False,O6,47,27
10394,ok,10,3,551,False,False,False,O23,22,6
10395,capped,1000,4,64657,False,False,True,,,
10396,ok,10,3,565,False,False,False,O51,15,4
10398,ok,10,3,555,False,False,False,,,
10399,ok,4,7,376,False,False,False,O162,5,2
10400,ok,25,2,1081,False,False,False,O5,47,17
10401,ok,25,2,1106,False,False,False,O10,33,15
10402,ok,10,3,351,False,False,False,O136,6,7
10403,ok,10,3,544,False,False,False,,,
10404,ok,10,3,718,False,False,False,O242,3,2
10405,ok,25,3,1748,False,False,False,O450,1,1
10406,ok,25,2,1050,False,False,False,O57,14,7
10407,ok,10,5,911,False,False,False,O451,1,1
10408,ok,10,2,456,False,False,False,O45,16,11
10409,ok,7,3,273,False,False,False,O308,2,2
10410,ok,25,2,1100,False,False,False,O452,1,1
10412,ok,10,2,232,False,False,False,O137,6,4
10414,ok,100,6,9727,False,False,False,O48,15,1
10415,ok,25,2,1081,False,False,False,O309,2,2
10416,ok,10,2,445,False,False,False,O1,108,24
10418,ok,25,3,1732,False,False,False,O74,11,3
10419,ok,10,5,504,False,False,False,,,
10420,ok,10,4,675,False,False,False,,,
10421,ok,10,2,234,False,False,False,O9,37,8
10422,ok,10,2,451,False,False,False,O453,1,2
10424,ok,100,6,9497,False,False,False,,,
10426,ok,25,2,1081,False,False,False,O63,13,9
10427,ok,10,3,535,False,False,False,O454,1,1
10428,ok,10,2,456,False,False,False,O128,6,5
10429,ok,0,4,55,True,False,False,,,
10430,ok,100,4,6749,False,False,False,O95,9,1
10431,ok,10,2,461,False,False,False,O4,47,22
10432,ok,10,4,695,False,False,False,O455,1,2
10433,ok,10,8,1320,False,False,False,,,
10434,ok,10,2,451,False,False,False,O75,11,4
10435,ok,100,5,7843,False,False,False,O29,20,2
10436,ok,100,4,7175,False,False,False,O456,1,1
10437,ok,4,1,88,False,False,False,O187,4,1
10438,ok,25,3,1732,False,False,False,O59,13,3
10439,ok,10,3,575,False,False,False,O243,3,1
10440,ok,4,10,661,False,False,False,,,
10441,ok,10,3,728,False,False,False,O242,3,2
10442,ok,25,3,1137,False,False,False,,,
10443,ok,10,5,879,False,False,False,O135,6,2
10445,ok,10,2,456,False,False,False,O128,6,5
10446,ok,100,2,2023,False,False,False,,,
10447,capped,1000,4,41864,False,False,True,,,
10448,ok,10,2,451,False,False,False,O1,108,24
10450,ok,0,4,71,True,False,False,,,
10451,ok,10,2,451,False,False,False,O49,15,5
10452,ok,10,2,223,False,False,False,O457,1,1
10453,ok,10,2,455,False,False,False,O138,6,5
10454,ok,10,2,431,False,False,False,,,
10457,ok,10,2,451,False,False,False,O65,13,10
10458,ok,50,5,3530,False,False,False,,,
10459,ok,10,4,672,False,False,False,O20,24,2
10460,ok,25,2,1075,False,False,False,O34,18,9
10461,ok,7,3,273,False,False,False,O310,2,3
10462,ok,1,3,96,False,False,False,,,
10463,ok,100,6,10334,False,False,False,,,
10464,ok,25,2,1081,False,False,False,O5,47,17
10465,ok,10,2,446,False,False,False,O163,5,4
10466,ok,25,2,1106,False,False,False,O10,33,15
10467,ok,10,4,835,False,False,False,O91,9,4
10468,ok,25,3,1226,False,False,False,,,
10470,ok,25,2,1106,False,False,False,O10,33,15
10471,ok,100,4,5445,False,False,False,,,
10473,ok,10,3,588,False,False,False,O3,55,3
10474,ok,10,4,785,False,False,False,O311,2,2
10477,ok,10,4,734,False,False,False,O458,1,1
10479,capped,1000,4,48066,False,False,True,,,
10481,ok,100,5,7806,False,False,False,,,
10483,ok,10,2,445,False,False,False,O21,24,12
10484,ok,100,4,6365,False,False,False,O244,3,4
10485,ok,25,2,1081,False,False,False,O7,45,22
10486,ok,10,2,435,False,False,False,O163,5,4
10488,ok,10,4,839,False,False,False,O91,9,4
10489,ok,10,2,234,False,False,False,O46,16,3
10490,ok,100,5,8137,False,False,False,,,
10491,ok,100,4,7773,False,False,False,O127,6,2
10493,ok,25,2,1081,False,False,False,O196,4,4
10494,ok,0,2,30,True,False,False,,,
10495,ok,10,2,451,False,False,False,O18,26,12
10497,ok,25,2,1075,False,False,False,O35,18,9
10498,ok,10,2,451,False,False,False,O1,108,24
10499,ok,10,4,587,False,False,False,O448,1,2
10500,ok,1,2,65,False,False,False,,,
10501,ok,10,2,228,False,False,False,O11,33,9
10502,ok,10,2,461,False,False,False,O4,47,22
10503,ok,100,5,7843,False,False,False,O29,20,2
10504,ok,100,5,8243,False,False,False,O197,4,1
10505,ok,25,2,1051,False,False,False,,,
10506,ok,10,2,466,False,False,False,O459,1,1
10508,ok,10,1,144,False,False,False,,,
10510,ok,25,2,1081,False,False,False,,,
10511,ok,25,2,1075,False,False,False,O14,29,17
10513,ok,10,4,586,False,False,False,O460,1,2
10514,ok,10,2,451,False,False,False,O6,47,27
10515,ok,25,2,1081,False,False,False,O28,20,12
10516,ok,10,3,563,False,False,False,,,
10517,ok,10,4,777,False,False,False,O461,1,2
10519,ok,10,2,451,False,False,False,O21,24,12
10520,ok,25,3,1738,False,False,False,O312,2,3
10521,ok,485,2,12130,False,False,False,,,
10522,ok,10,4,576,False,False,False,,,
10523,ok,10,4,677,False,False,False,,,
10525,ok,10,4,640,False,False,False,O164,5,6
10526,ok,7,2,208,False,False,False,O462,1,2
10527,ok,10,3,561,False,False,False,O38,17,5
10528,ok,10,2,445,False,False,False,O128,6,5
10529,ok,4,1,82,False,False,False,O187,4,1
10530,ok,10,2,445,False,False,False,O1,108,24
10531,ok,10,5,1092,False,False,False,,,
10532,ok,10,2,451,False,False,False,O153,5,3
10533,capped,1000,3,52613,False,False,True,O313,2,2
10534,capped,1000,6,92443,False,False,True,,,
10536,ok,100,5,7832,False,False,False,O29,20,2
10538,ok,1,1,39,False,False,False,O165,5,2
10539,ok,10,3,562,False,False,False,O33,19,4
10541,ok,10,2,445,False,False,False,O6,47,27
10542,ok,100,2,2015,False,False,False,O432,1,1
10543,ok,10,2,461,False,False,False,O4,47,22
10544,ok,25,4,1876,False,False,False,,,
10545,ok,10,3,580,False,False,False,O463,1,2
10546,ok,25,3,1748,False,False,False,,,
10547,ok,25,3,1742,False,False,False,O198,4,2
10548,capped,1000,3,52613,False,False,True,O313,2,2
10549,ok,10,3,565,False,False,False,O51,15,4
10550,ok,10,4,780,False,False,False,,,
10551,ok,10,4,640,False,False,False,O164,5,6
10553,ok,7,3,285,False,False,False,,,
10554,ok,100,5,9245,False,False,False,O15,29,3
10555,ok,4,10,667,False,False,False,O139,6,2
10556,ok,25,2,1081,False,False,False,O12,32,17
10557,ok,25,2,1050,False,False,False,O464,1,2
10558,ok,25,2,1056,False,False,False,O245,3,2
10559,ok,10,2,233,False,False,False,O69,12,6
10560,ok,10,3,349,False,False,False,O166,5,3
10561,ok,100,4,8607,False,False,False,O76,11,2
10562,ok,10,2,476,False,False,False,O27,20,8
10563,ok,25,3,1738,False,False,False,O199,4,5
10564,ok,10,2,445,False,False,False,,,
10565,ok,10,4,803,False,False,False,,,
10567,ok,100,5,6955,False,False,False,O30,20,2
10568,ok,25,2,1081,False,False,False,O196,4,4
10569,ok,10,2,451,False,False,False,O65,13,10
10570,ok,10,2,232,False,False,False,O465,1,1
10571,ok,10,4,595,False,False,False,O246,3,1
10572,ok,28,3,1528,False,False,False,,,
10573,ok,0,4,60,True,False,False,,,
10574,ok,100,5,7838,False,False,False,O29,20,2
10575,ok,10,3,562,False,False,False,O33,19,4
10576,ok,10,3,351,False,False,False,,,
10577,ok,10,5,920,False,False,False,,,
10578,ok,100,5,8274,False,False,False,,,
10579,ok,10,2,451,False,False,False,O65,13,10
10580,ok,10,2,225,False,False,False,O22,23,7
10581,ok,10,3,477,False,False,False,O314,2,3
10582,ok,25,3,1738,False,False,False,O59,13,3
10584,ok,10,2,229,False,False,False,O112,7,6
10585,ok,25,2,1081,False,False,False,O35,18,9
10586,ok,10,3,568,False,False,False,O38,17,5
10587,ok,100,4,8703,False,False,False,,,
10588,ok,100,3,3119,False,False,False,,,
10589,ok,10,4,656,False,False,False,O167,5,2
10590,ok,25,2,1075,False,False,False,O200,4,4
10591,ok,10,2,449,False,False,False,O18,26,12
10595,ok,10,3,580,False,False,False,O113,7,2
10596,ok,10,2,445,False,False,False,,,
10597,ok,10,2,494,False,False,False,,,
10598,ok,100,5,7105,False,False,False,O201,4,3
10599,ok,25,2,1056,False,False,False,O315,2,1
10600,ok,10,3,557,False,False,False,O23,22,6
10601,ok,25,2,1075,False,False,False,O115,7,7
10603,ok,10,2,451,False,False,False,O1,108,24
10604,ok,10,3,554,False,False,False,O152,5,4
10605,ok,10,4,630,False,False,False,O466,1,1
10606,ok,10,2,451,False,False,False,O21,24,12
10607,ok,5,4,391,False,False,False,,,
10609,ok,0,4,46,True,False,False,,,
10610,ok,25,3,1738,False,False,False,O199,4,5
10612,ok,10,2,451,False,False,False,O52,15,11
10613,ok,7,3,287,False,False,False,O202,4,4
10614,ok,10,2,528,False,False,False,O24,22,7
10615,ok,10,3,566,False,False,False,O72,11,1
10616,ok,10,3,602,False,False,False,,,
10617,ok,10,3,562,False,False,False,O247,3,3
10618,ok,10,3,465,False,False,False,,,
10619,ok,10,3,744,False,False,False,O44,16,2
10620,ok,100,4,7638,False,False,False,O203,4,1
10622,ok,10,4,611,False,False,False,O302,2,2
10623,ok,10,2,451,False,False,False,O1,108,24
10624,ok,100,4,7767,False,False,False,O127,6,2
10626,ok,10,2,228,False,False,False,O9,37,8
10628,ok,10,2,456,False,False,False,O1,108,24
10630,ok,10,3,598,False,False,False,O61,13,8
10631,ok,25,2,1081,False,False,False,O7,45,22
10632,ok,10,2,446,False,False,False,,,
10634,ok,100,5,7178,False,False,False,,,
10635,ok,10,3,361,False,False,False,O248,3,2
10636,ok,7,4,486,False,False,False,,,
10637,ok,100,5,8243,False,False,False,O197,4,1
10638,ok,25,2,1106,False,False,False,O10,33,15
10639,ok,10,3,554,False,False,False,O152,5,4
10640,ok,10,5,1050,False,False,False,,,
10642,ok,10,2,456,False,False,False,,,
10643,ok,10,2,451,False,False,False,O21,24,12
10644,capped,1000,3,45854,False,False,True,O467,1,1
10645,ok,10,2,506,False,False,False,O468,1,1
10646,ok,100,4,7170,False,False,False,O456,1,1
10647,ok,10,3,563,False,False,False,O469,1,1
10648,ok,25,3,1748,False,False,False,O168,5,2
10649,ok,100,6,8738,False,False,False,O316,2,1
10650,ok,100,5,6953,False,False,False,O30,20,2
10652,ok,10,2,456,False,False,False,O1,108,24
10653,ok,10,3,580,False,False,False,O113,7,2
10655,ok,10,3,566,False,False,False,,,
10656,ok,25,2,1081,False,False,False,O140,6,5
10657,ok,10,2,207,False,False,False,,,
10658,ok,5,3,288,False,False,False,,,
10659,capped,1000,4,48459,False,False,True,,,
10660,ok,10,4,675,False,False,False,O66,13,6
10661,ok,25,3,1738,False,False,False,O53,15,14
10662,ok,100,5,7829,False,False,False,,,
10663,ok,10,3,564,False,False,False,O470,1,1
10664,ok,10,2,445,False,False,False,O204,4,4
10665,ok,10,4,810,False,False,False,O317,2,3
10666,ok,10,2,482,False,False,False,O27,20,8
10667,ok,100,4,5091,False,False,False,,,
10668,ok,10,2,228,False,False,False,O11,33,9
10669,ok,10,2,225,False,False,False,O22,23,7
10670,ok,100,2,2015,False,False,False,O205,4,4
10671,ok,10,3,542,False,False,False,O126,6,2
10672,ok,10,2,451,False,False,False,O6,47,27
10674,ok,10,2,482,False,False,False,O249,3,3
10675,ok,25,2,1050,False,False,False,,,
10676,ok,10,6,1084,False,False,False,,,
10677,ok,25,2,1081,False,False,False,O7,45,22
10678,ok,4,8,462,False,False,False,O169,5,3
10679,ok,10,2,496,False,False,False,O60,13,2
10680,ok,10,4,595,False,False,False,O246,3,1
10681,ok,10,2,451,False,False,False,O18,26,12
10682,ok,10,3,560,False,False,False,O471,1,1
10684,ok,10,2,226,False,False,False,,,
10687,ok,25,2,1081,False,False,False,O7,45,22
10688,ok,25,2,1081,False,False,False,O170,5,6
10690,ok,10,3,718,False,False,False,,,
10691,ok,10,4,835,False,False,False,,,
10692,ok,25,3,1732,False,False,False,O53,15,14
10693,ok,100,6,8338,False,False,False,O94,9,1
10694,ok,25,2,1075,False,False,False,O5,47,17
10695,ok,10,2,456,False,False,False,O18,26,12
10696,ok,10,2,234,False,False,False,O472,1,1
10698,ok,10,2,487,False,False,False,O206,4,3
10699,ok,10,2,451,False,False,False,O62,13,2
10702,ok,7,3,277,False,False,False,,,
10703,ok,100,4,6749,False,False,False,O95,9,1
10704,ok,25,3,1258,False,False,False,,,
10705,ok,10,3,566,False,False,False,O72,11,1
10707,ok,7,2,209,False,False,False,O250,3,3
10708,ok,25,2,1081,False,False,False,O12,32,17
10709,ok,25,2,1081,False,False,False,O28,20,12
10710,ok,10,2,488,False,False,False,O447,1,2
10711,ok,10,3,617,False,False,False,O473,1,1
10712,ok,7,5,514,False,False,False,,,
10713,ok,0,3,40,True,False,False,,,
10714,ok,10,2,451,False,False,False,O45,16,11
10715,ok,25,2,1086,False,False,False,O207,4,3
10716,ok,25,2,1081,False,False,False,,,
10717,ok,10,2,507,False,False,False,O8,40,6
10719,ok,10,2,487,False,False,False,O206,4,3
10720,ok,4,9,630,False,False,False,O474,1,1
10722,ok,10,2,451,False,False,False,O1,108,24
10723,ok,100,6,8338,False,False,False,O94,9,1
10726,ok,25,2,1080,False,False,False,O43,16,6
10728,ok,100,5,7129,False,False,False,O475,1,2
10729,ok,100,6,8791,False,False,False,O476,1,1
10730,ok,25,2,1081,False,False,False,O43,16,6
10731,ok,10,4,548,False,False,False,,,
10732,ok,25,4,1841,False,False,False,O477,1,1
10733,ok,100,4,6008,False,False,False,,,
10734,ok,25,2,1075,False,False,False,O478,1,2
10735,ok,10,3,349,False,False,False,O251,3,4
10737,ok,0,3,34,True,False,False,,,
10738,ok,25,2,1081,False,False,False,O12,32,17
10740,ok,10,2,446,False,False,False,O191,4,4
10741,ok,10,2,451,False,False,False,O1,108,24
10742,ok,4,10,657,False,False,False,O84,10,3
10743,ok,25,2,1081,False,False,False,O186,4,4
10744,ok,7,2,158,False,False,False,O116,7,3
10746,ok,100,2,1898,False,False,False,,,
10747,ok,100,10,14548,False,False,False,,,
10748,ok,10,3,540,False,False,False,,,
10749,ok,10,2,451,False,False,False,O1,108,24
10750,ok,10,2,441,False,False,False,O163,5,4
10752,ok,10,2,451,False,False,False,O45,16,11
10754,ok,25,4,1828,False,False,False,,,
10755,ok,10,2,500,False,False,False,O105,8,3
10756,ok,100,2,2010,False,False,False,,,
10757,ok,10,2,451,False,False,False,O171,5,5
10758,ok,10,6,1146,False,False,False,,,
10759,ok,10,2,512,False,False,False,,,
10760,ok,1,5,152,False,False,False,,,
10761,ok,100,5,6317,False,False,False,,,
10762,ok,10,4,526,False,False,False,,,
10763,ok,10,2,456,False,False,False,O49,15,5
10764,ok,100,4,7163,False,False,False,,,
10765,ok,10,2,476,False,False,False,O27,20,8
10766,ok,10,2,502,False,False,False,O479,1,2
10767,ok,10,2,445,False,False,False,O6,47,27
10768,ok,10,3,580,False,False,False,O141,6,2
10769,ok,10,3,383,False,False,False,O480,1,1
10770,ok,25,2,1081,False,False,False,O25,21,6
10771,ok,10,2,227,False,False,False,,,
10773,ok,100,6,8700,False,False,False,,,
10774,ok,10,2,451,False,False,False,,,
10776,ok,10,5,663,False,False,False,,,
10777,ok,0,3,34,True,False,False,,,
10778,ok,0,5,72,True,False,False,,,
10779,ok,100,5,6964,False,False,False,O30,20,2
10780,ok,25,2,1025,False,False,False,,,
10781,ok,10,4,623,False,False,False,,,
10782,ok,100,4,6365,False,False,False,O244,3,4
10783,ok,25,2,1050,False,False,False,O57,14,7
10784,ok,100,4,6213,False,False,False,O208,4,3
10785,ok,10,5,880,False,False,False,,,
10787,ok,0,4,58,True,False,False,,,
10788,ok,10,3,266,False,False,False,,,
10789,ok,0,4,62,True,False,False,,,
10790,ok,10,2,461,False,False,False,O4,47,22
10791,ok,10,3,569,False,False,False,,,
10792,capped,1000,6,83220,False,False,True,,,
10793,ok,25,2,1081,False,False,False,O115,7,7
10794,ok,0,3,40,True,False,False,,,
10795,ok,10,3,561,False,False,False,O38,17,5
10796,ok,10,4,751,False,False,False,,,
10797,ok,25,3,1763,False,False,False,O481,1,2
10798,ok,10,3,350,False,False,False,O482,1,2
10799,ok,10,2,451,False,False,False,O1,108,24
10800,ok,10,4,806,False,False,False,O194,4,1
10801,ok,100,6,8738,False,False,False,O316,2,1
10802,ok,10,2,445,False,False,False,,,
10803,ok,25,2,1081,False,False,False,O309,2,2
10804,ok,100,6,9286,False,False,False,,,
10805,ok,10,3,542,False,False,False,O126,6,2
10806,ok,10,2,234,False,False,False,O46,16,3
10807,ok,10,4,669,False,False,False,O483,1,1
10808,ok,10,2,451,False,False,False,O49,15,5
10809,ok,10,4,696,False,False,False,O231,3,1
10810,ok,100,4,4738,False,False,False,,,
10811,ok,10,3,578,False,False,False,,,
10812,ok,5,2,240,False,False,False,,,
10813,ok,10,2,445,False,False,False,O484,1,2
10814,ok,10,2,476,False,False,False,O27,20,8
10815,ok,10,3,349,False,False,False,O251,3,4
10816,ok,10,2,441,False,False,False,O163,5,4
10817,ok,7,2,217,False,False,False,O82,10,4
10818,ok,10,4,636,False,False,False,O485,1,1
10820,ok,7,2,158,False,False,False,O318,2,3
10821,ok,10,2,228,False,False,False,O11,33,9
10822,ok,10,5,884,False,False,False,O134,6,1
10823,ok,25,2,1081,False,False,False,O12,32,17
10824,ok,10,3,557,False,False,False,O31,20,6
10825,ok,4,8,501,False,False,False,O169,5,3
10826,ok,25,3,1794,False,False,False,,,
10827,ok,10,2,451,False,False,False,O1,108,24
10829,ok,25,2,1075,False,False,False,O5,47,17
10830,ok,1,1,32,False,False,False,,,
10831,ok,10,3,617,False,False,False,O473,1,1
10832,ok,10,3,558,False,False,False,O297,2,2
10833,ok,100,4,6087,False,False,False,,,
10834,ok,10,4,583,False,False,False,,,
10836,ok,10,3,418,False,False,False,O486,1,2
10837,ok,10,3,708,False,False,False,O487,1,1
10839,ok,10,2,228,False,False,False,O11,33,9
10840,ok,10,3,548,False,False,False,O252,3,2
10841,ok,5,2,136,False,False,False,,,
10843,ok,25,3,1738,False,False,False,O253,3,4
10844,ok,10,4,819,False,False,False,O85,10,2
10845,ok,10,2,455,False,False,False,O138,6,5
10846,ok,10,3,555,False,False,False,,,
10847,ok,100,5,6390,False,False,False,O254,3,1
10848,ok,100,5,8089,False,False,False,,,
10849,capped,1000,2,19026,False,False,True,O488,1,1
10852,ok,10,3,427,False,False,False,,,
10853,ok,10,2,476,False,False,False,O27,20,8
10854,ok,10,2,456,False,False,False,O65,13,10
10855,ok,10,2,231,False,False,False,O22,23,7
10856,ok,100,4,5397,False,False,False,O319,2,2
10859,ok,2,10,395,False,False,False,O64,13,4
10860,ok,10,3,502,False,False,False,,,
10861,ok,10,2,451,False,False,False,O1,108,24
10862,ok,10,4,698,False,False,False,,,
10863,ok,10,5,762,False,False,False,O101,8,1
10864,ok,10,3,562,False,False,False,O33,19,4
10865,ok,25,3,1723,False,False,False,O255,3,4
10866,ok,10,3,597,False,False,False,O50,15,4
10867,ok,100,5,9400,False,False,False,,,
10868,ok,25,3,1738,False,False,False,,,
10869,ok,10,4,682,False,False,False,O66,13,6
10870,ok,7,3,284,False,False,False,O209,4,3
10871,ok,7,2,217,False,False,False,O132,6,3
10872,ok,10,2,228,False,False,False,O11,33,9
10873,ok,100,6,9725,False,False,False,O48,15,1
10874,ok,10,3,548,False,False,False,O154,5,1
10875,capped,1000,3,35038,False,False,True,,,
10876,ok,100,5,6952,False,False,False,O30,20,2
10877,ok,10,5,682,False,False,False,O320,2,3
10879,ok,100,4,6734,False,False,False,O95,9,1
10880,ok,100,5,7115,False,False,False,O201,4,3
10881,capped,1000,3,56785,False,False,True,,,
10882,ok,10,3,718,False,False,False,O233,3,2
10884,ok,100,7,12347,False,False,False,,,
10885,ok,10,2,446,False,False,False,O163,5,4
10886,ok,10,2,230,False,False,False,O256,3,1
10888,ok,10,2,424,False,False,False,O41,16,7
10889,ok,10,3,572,False,False,False,O321,2,3
10890,ok,10,4,736,False,False,False,O172,5,1
10892,ok,10,3,608,False,False,False,,,
10893,ok,25,2,1081,False,False,False,O35,18,9
10894,ok,25,2,1081,False,False,False,O196,4,4
10895,ok,10,4,594,False,False,False,,,
10897,ok,10,2,231,False,False,False,O22,23,7
10898,ok,10,3,708,False,False,False,O487,1,1
10900,ok,100,5,7832,False,False,False,O29,20,2
10901,ok,10,2,445,False,False,False,O6,47,27
10902,ok,10,2,479,False,False,False,,,
10903,ok,10,4,682,False,False,False,O489,1,2
10905,ok,100,10,15212,False,False,False,,,
10906,ok,10,5,966,False,False,False,,,
10907,ok,10,2,456,False,False,False,O18,26,12
10908,capped,1000,2,46060,False,False,True,O322,2,1
10909,ok,10,6,1036,False,False,False,O241,3,1
10910,ok,10,2,233,False,False,False,O257,3,2
10911,ok,25,3,1738,False,False,False,O199,4,5
10912,ok,10,2,451,False,False,False,O210,4,2
10913,ok,10,2,493,False,False,False,O323,2,3
10914,ok,10,2,476,False,False,False,O27,20,8
10916,ok,25,2,1081,False,False,False,,,
10917,ok,25,2,1075,False,False,False,O200,4,4
10920,ok,25,2,1081,False,False,False,O86,10,7
10921,ok,10,2,451,False,False,False,O39,17,11
10922,ok,0,3,34,True,False,False,,,
10924,ok,10,2,461,False,False,False,O4,47,22
10925,ok,10,3,549,False,False,False,,,
10926,ok,100,5,8341,False,False,False,O490,1,2
10927,ok,25,3,1738,False,False,False,O199,4,5
10928,ok,0,2,24,True,False,False,,,
10929,ok,10,2,456,False,False,False,O6,47,27
10930,ok,10,2,451,False,False,False,O1,108,24
10931,ok,10,2,522,False,False,False,O24,22,7
10932,ok,7,2,217,False,False,False,O82,10,4
10933,ok,10,3,520,False,False,False,O491,1,2
10934,ok,10,4,602,False,False,False,,,
10936,ok,10,2,451,False,False,False,O1,108,24
10937,ok,10,4,622,False,False,False,,,
10938,ok,10,2,456,False,False,False,O1,108,24
10939,ok,10,3,556,False,False,False,O33,19,4
10941,ok,10,4,665,False,False,False,O20,24,2
10942,ok,10,2,464,False,False,False,O492,1,2
10943,ok,10,4,650,False,False,False,,,
10944,ok,10,3,549,False,False,False,,,
10945,ok,0,5,70,True,False,False,,,
10946,ok,10,3,598,False,False,False,O61,13,8
10947,ok,10,3,549,False,False,False,O77,11,3
10948,ok,10,2,441,False,False,False,,,
10949,ok,10,4,663,False,False,False,O20,24,2
10950,ok,10,2,289,False,False,False,,,
10951,ok,25,2,1081,False,False,False,O14,29,17
10953,ok,10,4,584,False,False,False,O258,3,2
10954,ok,25,3,1748,False,False,False,O53,15,14
10955,ok,25,3,1738,False,False,False,,,
10956,ok,4,6,310,False,False,False,,,
10957,ok,0,2,24,True,False,False,,,
10958,ok,10,3,534,False,False,False,O131,6,4
10960,ok,10,2,451,False,False,False,O6,47,27
10961,ok,10,4,742,False,False,False,,,
10962,capped,1000,2,19027,False,False,True,,,
10963,ok,25,2,1050,False,False,False,O57,14,7
10964,ok,10,2,231,False,False,False,O22,23,7
10965,ok,10,5,901,False,False,False,,,
10966,ok,10,4,673,False,False,False,O236,3,1
10968,ok,25,2,1081,False,False,False,O14,29,17
10969,ok,2,10,399,False,False,False,O64,13,4
10970,ok,10,3,321,False,False,False,,,
10971,ok,10,2,230,False,False,False,O256,3,1
10972,ok,25,2,701,False,False,False,,,
10973,ok,100,5,7834,False,False,False,O29,20,2
10974,ok,0,3,40,True,False,False,,,
10975,ok,10,3,583,False,False,False,,,
10976,ok,10,2,232,False,False,False,O137,6,4
10977,ok,10,4,921,False,False,False,,,
10978,ok,100,5,9240,False,False,False,O15,29,3
10979,ok,100,4,8584,False,False,False,O76,11,2
10980,ok,10,2,445,False,False,False,O1,108,24
10981,ok,10,2,451,False,False,False,O128,6,5
10984,ok,10,2,488,False,False,False,O158,5,4
10985,ok,10,4,761,False,False,False,O104,8,2
10986,ok,10,3,552,False,False,False,O324,2,2
10987,ok,10,2,466,False,False,False,O4,47,22
10988,capped,1000,4,48473,False,False,True,,,
10989,ok,10,4,660,False,False,False,,,
10990,ok,10,2,451,False,False,False,O39,17,11
10991,ok,10,2,451,False,False,False,O1,108,24
10992,ok,10,2,445,False,False,False,O1,108,24
10993,ok,25,2,1081,False,False,False,O25,21,6
10994,capped,1000,3,45647,False,False,True,O259,3,4
10995,ok,10,5,962,False,False,False,O103,8,2
10996,ok,5,2,199,False,False,False,,,
10997,ok,10,8,1662,False,False,False,,,
10999,ok,2,10,395,False,False,False,,,
11000,ok,25,3,1748,False,False,False,O59,13,3
11001,ok,25,2,1075,False,False,False,O86,10,7
11002,ok,10,2,234,False,False,False,O9,37,8
11003,ok,10,4,655,False,False,False,O211,4,1
11004,ok,25,2,1081,False,False,False,O14,29,17
11005,capped,1000,5,84374,False,False,True,,,
11006,ok,10,2,451,False,False,False,O39,17,11
11007,ok,7,2,223,False,False,False,O106,8,3
11008,ok,7,2,209,False,False,False,O250,3,3
11009,ok,10,2,445,False,False,False,,,
11010,ok,25,2,1056,False,False,False,O325,2,1
11011,ok,10,3,305,False,False,False,,,
11012,ok,10,2,217,False,False,False,,,
11013,ok,10,3,561,False,False,False,O38,17,5
11014,ok,10,2,449,False,False,False,O62,13,2
11016,ok,5,2,239,False,False,False,O124,6,5
11018,ok,1,8,200,False,False,False,,,
11019,ok,10,4,539,False,False,False,,,
11021,ok,100,4,8593,False,False,False,,,
11022,ok,10,3,562,False,False,False,O33,19,4
11023,ok,10,3,575,False,False,False,O307,2,2
11024,ok,100,6,9735,False,False,False,O48,15,1
11025,ok,10,4,673,False,False,False,O236,3,1
11026,ok,25,2,1081,False,False,False,O5,47,17
11028,ok,10,4,611,False,False,False,O302,2,2
11029,ok,10,2,464,False,False,False,O492,1,2
11030,ok,10,2,491,False,False,False,O212,4,3
11032,ok,100,5,7801,False,False,False,,,
11033,ok,10,4,665,False,False,False,O20,24,2
11034,ok,10,2,218,False,False,False,O493,1,2
11035,ok,0,4,72,True,False,False,,,
11036,ok,10,2,228,False,False,False,O11,33,9
11037,ok,10,2,466,False,False,False,O4,47,22
11038,ok,25,2,1081,False,False,False,O5,47,17
11039,ok,25,3,1732,False,False,False,O260,3,4
11040,ok,10,4,839,False,False,False,O91,9,4
11041,ok,10,4,625,False,False,False,O213,4,1
11042,capped,1000,2,46265,False,False,True,,,
11043,ok,10,5,768,False,False,False,O101,8,1
11044,ok,10,6,841,False,False,False,,,
11045,ok,100,5,7874,False,False,False,,,
11046,ok,10,3,588,False,False,False,O3,55,3
11047,ok,25,2,1081,False,False,False,O14,29,17
11048,ok,10,4,531,False,False,False,,,
11049,ok,4,10,653,False,False,False,O84,10,3
11050,ok,4,10,653,False,False,False,O84,10,3
11051,ok,25,2,651,False,False,False,,,
11052,ok,10,3,426,False,False,False,,,
11053,ok,4,5,261,False,False,False,,,
11055,capped,1000,4,77318,False,False,True,O494,1,2
11056,ok,10,3,556,False,False,False,O326,2,1
11057,ok,10,2,227,False,False,False,O257,3,2
11058,ok,10,6,1149,False,False,False,,,
11059,ok,10,5,855,False,False,False,,,
11060,ok,10,5,835,False,False,False,O214,4,1
11061,ok,100,5,8243,False,False,False,O197,4,1
11062,ok,10,5,619,False,False,False,,,
11063,ok,31,2,806,False,False,False,,,
11064,ok,10,4,675,False,False,False,O66,13,6
11067,ok,10,4,499,False,False,False,O495,1,2
11069,ok,10,2,498,False,False,False,O105,8,3
11070,ok,0,4,55,True,False,False,,,
11071,ok,25,3,1748,False,False,False,O496,1,2
11073,ok,4,7,393,False,False,False,O162,5,2
11074,ok,25,2,1075,False,False,False,O437,1,1
11076,ok,10,3,566,False,False,False,,,
11079,ok,100,5,7110,False,False,False,O201,4,3
11082,ok,10,3,572,False,False,False,O327,2,1
11083,ok,10,3,548,False,False,False,O252,3,2
11085,ok,25,2,1075,False,False,False,O196,4,4
11087,ok,25,2,1086,False,False,False,O86,10,7
11088,capped,1000,4,60712,False,False,True,,,
11089,ok,10,5,779,False,False,False,,,
11090,ok,10,2,478,False,False,False,O32,20,9
11092,ok,100,5,8656,False,False,False,,,
11093,ok,10,2,234,False,False,False,O11,33,9
11094,ok,2,9,369,False,False,False,O261,3,2
11095,ok,0,4,55,True,False,False,,,
11097,ok,10,2,445,False,False,False,O1,108,24
11098,ok,10,2,528,False,False,False,O24,22,7
11099,ok,25,3,1738,False,False,False,O53,15,14
11100,ok,100,2,2009,False,False,False,O205,4,4
11101,ok,10,4,657,False,False,False,,,
11103,ok,10,4,584,False,False,False,O258,3,2
11104,ok,10,2,486,False,False,False,O130,6,2
11105,ok,10,3,598,False,False,False,O159,5,2
11106,ok,10,3,580,False,False,False,O141,6,2
11107,ok,10,2,482,False,False,False,O54,15,5
11108,ok,10,2,428,False,False,False,,,
11109,ok,10,4,731,False,False,False,O96,9,4
11110,ok,25,2,1081,False,False,False,O25,21,6
11111,ok,10,2,451,False,False,False,O1,108,24
11112,ok,100,4,5807,False,False,False,O497,1,2
11113,ok,25,3,1738,False,False,False,O53,15,14
11114,ok,10,2,482,False,False,False,O249,3,3
11115,ok,7,3,285,False,False,False,,,
11116,ok,10,4,846,False,False,False,,,
11117,ok,100,4,6451,False,False,False,O429,1,1
11119,ok,25,3,1707,False,False,False,O255,3,4
11121,ok,10,2,227,False,False,False,O498,1,2
11123,ok,0,5,63,True,False,False,,,
11124,ok,25,2,1086,False,False,False,O215,4,4
11125,ok,25,2,1081,False,False,False,O499,1,2
11126,ok,10,2,455,False,False,False,O4,47,22
11127,ok,10,3,666,False,False,False,,,
11128,ok,10,4,839,False,False,False,O91,9,4
11129,ok,10,3,718,False,False,False,,,
11132,ok,100,5,7809,False,False,False,,,
11133,ok,10,3,560,False,False,False,O33,19,4
11134,ok,0,3,45,True,False,False,,,
11135,ok,10,3,565,False,False,False,O51,15,4
11136,ok,10,3,565,False,False,False,O51,15,4
11137,ok,10,3,577,False,False,False,,,
11138,ok,25,2,1075,False,False,False,,,
11140,capped,1000,4,53692,False,False,True,,,
11142,ok,10,3,542,False,False,False,O126,6,2
11144,ok,10,2,478,False,False,False,O32,20,9
11145,ok,10,2,445,False,False,False,O62,13,2
11146,ok,10,4,630,False,False,False,O466,1,1
11148,ok,10,2,528,False,False,False,O24,22,7
11150,ok,10,3,562,False,False,False,O33,19,4
11154,ok,10,4,637,False,False,False,O42,16,4
11155,ok,7,2,223,False,False,False,O102,8,2
11156,ok,25,2,1081,False,False,False,O215,4,4
11157,ok,10,3,597,False,False,False,O50,15,4
11158,ok,4,10,657,False,False,False,O84,10,3
11159,ok,10,2,234,False,False,False,O9,37,8
11160,ok,10,2,456,False,False,False,O171,5,5
11161,ok,0,3,40,True,False,False,,,
11162,ok,0,3,34,True,False,False,,,
11163,ok,25,3,1732,False,False,False,O70,12,6
11164,ok,10,4,612,False,False,False,O304,2,2
11165,ok,10,2,458,False,False,False,O142,6,6
11166,ok,100,5,6969,False,False,False,O30,20,2
11167,ok,10,2,474,False,False,False,O173,5,2
11168,ok,10,4,637,False,False,False,O42,16,4
11169,ok,10,3,566,False,False,False,O72,11,1
11170,ok,25,3,1713,False,False,False,,,
11172,ok,10,4,525,False,False,False,O305,2,1
11173,ok,10,3,349,False,False,False,O166,5,3
11174,ok,10,3,548,False,False,False,,,
11175,ok,100,3,4883,False,False,False,,,
11176,ok,2,7,267,False,False,False,O500,1,2
11178,ok,10,4,585,False,False,False,O328,2,1
11179,ok,10,2,445,False,False,False,O21,24,12
11180,ok,25,2,1081,False,False,False,O7,45,22
11181,ok,10,2,463,False,False,False,,,
11182,ok,10,3,557,False,False,False,O501,1,2
11183,ok,10,2,451,False,False,False,O1,108,24
11184,ok,10,2,523,False,False,False,O107,8,4
11186,ok,10,2,451,False,False,False,O210,4,2
11187,ok,10,3,587,False,False,False,O463,1,2
11190,ok,10,2,456,False,False,False,O49,15,5
11192,ok,4,7,401,False,False,False,O502,1,2
11193,ok,10,4,680,False,False,False,O240,3,2
11194,ok,0,4,60,True,False,False,,,
11195,ok,100,5,7817,False,False,False,,,
11196,ok,10,3,558,False,False,False,O262,3,3
11197,ok,10,2,528,False,False,False,O24,22,7
11198,ok,0,3,34,True,False,False,,,
11200,ok,25,2,1081,False,False,False,O14,29,17
11202,ok,10,3,484,False,False,False,,,
11203,ok,10,3,556,False,False,False,O263,3,1
11204,ok,25,2,1055,False,False,False,O329,2,3
11205,ok,10,2,451,False,False,False,O1,108,24
11206,ok,10,4,819,False,False,False,O85,10,2
11207,ok,10,4,591,False,False,False,O238,3,1
11209,ok,10,3,570,False,False,False,O216,4,5
11211,ok,10,3,349,False,False,False,O166,5,3
11212,ok,10,3,566,False,False,False,,,
11213,ok,10,3,568,False,False,False,O247,3,3
11214,ok,10,2,456,False,False,False,O1,108,24
11215,ok,25,2,1081,False,False,False,O14,29,17
11216,ok,10,2,449,False,False,False,O1,108,24
11217,ok,10,2,227,False,False,False,,,
11218,ok,10,3,562,False,False,False,O33,19,4
11219,ok,168,2,4236,False,False,False,,,
11221,ok,10,2,451,False,False,False,O6,47,27
11222,ok,25,2,1056,False,False,False,,,
11223,ok,10,3,561,False,False,False,O38,17,5
11224,ok,4,7,406,False,False,False,O162,5,2
11225,ok,10,2,445,False,False,False,O161,5,5
11227,ok,75,3,3318,False,False,False,,,
11229,ok,10,2,207,False,False,False,O232,3,1
11230,ok,100,4,8577,False,False,False,O503,1,1
11231,ok,10,4,826,False,False,False,O85,10,2
11232,ok,10,2,482,False,False,False,O249,3,3
11233,ok,25,2,657,False,False,False,,,
11234,ok,100,5,8249,False,False,False,,,
11235,ok,1,8,231,False,False,False,,,
11236,ok,25,2,1081,False,False,False,O5,47,17
11237,ok,10,2,480,False,False,False,O130,6,2
11238,ok,10,2,451,False,False,False,O1,108,24
11239,ok,100,5,8786,False,False,False,,,
11241,ok,4,10,663,False,False,False,O84,10,3
11242,ok,10,2,445,False,False,False,O1,108,24
11243,ok,10,5,879,False,False,False,,,
11245,ok,10,2,456,False,False,False,O18,26,12
11246,capped,1000,8,160634,False,False,True,,,
11247,ok,10,4,524,False,False,False,O330,2,2
11248,ok,5,2,240,False,False,False,O504,1,2
11249,ok,25,2,1081,False,False,False,O63,13,9
11250,ok,10,4,525,False,False,False,,,
11251,ok,10,3,609,False,False,False,,,
11252,ok,10,3,687,False,False,False,O505,1,2
11253,ok,100,4,7105,False,False,False,O301,2,1
11254,ok,10,4,691,False,False,False,,,
11255,ok,0,2,30,True,False,False,,,
11256,ok,100,5,9245,False,False,False,O15,29,3
11260,ok,10,4,827,False,False,False,,,
11262,ok,10,2,451,False,False,False,,,
11263,ok,10,3,584,False,False,False,O87,10,3
11264,ok,10,4,772,False,False,False,,,
11265,ok,25,2,1081,False,False,False,O63,13,9
11266,ok,10,5,884,False,False,False,O134,6,1
11267,ok,10,3,600,False,False,False,O217,4,3
11268,ok,10,3,558,False,False,False,O297,2,2
11269,ok,100,5,5151,False,False,False,,,
11271,ok,25,2,1025,False,False,False,,,
11272,ok,25,2,1075,False,False,False,O5,47,17
11274,ok,10,3,556,False,False,False,O263,3,1
11275,ok,10,2,455,False,False,False,O4,47,22
11276,ok,10,4,584,False,False,False,O258,3,2
11277,ok,7,4,405,False,False,False,,,
11278,ok,10,4,830,False,False,False,,,
11279,ok,100,5,9896,False,False,False,,,
11280,ok,10,3,572,False,False,False,O327,2,1
11281,ok,10,6,961,False,False,False,,,
11282,ok,25,2,1075,False,False,False,O200,4,4
11285,ok,10,2,445,False,False,False,O1,108,24
11287,ok,0,5,79,True,False,False,,,
11288,ok,10,4,591,False,False,False,O238,3,1
11289,ok,10,1,138,False,False,False,O264,3,2
11290,ok,10,6,1036,False,False,False,,,
11291,ok,10,4,679,False,False,False,O265,3,1
11292,ok,100,4,3338,False,False,False,,,
11293,ok,25,2,1081,False,False,False,O7,45,22
11294,ok,10,4,657,False,False,False,O211,4,1
11295,ok,10,4,575,False,False,False,,,
11296,ok,10,2,490,False,False,False,O60,13,2
11297,ok,25,2,1075,False,False,False,O43,16,6
11298,ok,10,4,770,False,False,False,O104,8,2
11299,ok,25,2,1081,False,False,False,O5,47,17
11300,ok,10,4,656,False,False,False,O167,5,2
11301,capped,1000,3,45788,False,False,True,O58,13,2
11302,ok,10,5,916,False,False,False,O117,7,4
11303,ok,10,3,557,False,False,False,O218,4,2
11304,ok,10,3,565,False,False,False,O51,15,4
11305,ok,10,4,687,False,False,False,O298,2,1
11306,ok,10,2,233,False,False,False,O69,12,6
11307,ok,10,2,504,False,False,False,,,
11308,ok,10,4,794,False,False,False,,,
11309,ok,0,3,34,True,False,False,,,
11310,ok,100,3,3124,False,False,False,,,
11311,ok,10,3,548,False,False,False,O154,5,1
11313,ok,7,4,428,False,False,False,,,
11314,ok,100,7,9449,False,False,False,,,
11315,capped,1000,3,57221,False,False,True,,,
11317,ok,10,3,581,False,False,False,O157,5,1
11318,ok,100,6,8629,False,False,False,O506,1,1
11319,ok,10,3,575,False,False,False,O300,2,3
11320,ok,10,5,884,False,False,False,O134,6,1
11321,ok,100,3,6530,False,False,False,,,
11322,ok,25,2,1075,False,False,False,O5,47,17
11325,ok,10,4,851,False,False,False,,,
11326,ok,10,3,569,False,False,False,,,
11327,ok,100,6,10403,False,False,False,,,
11328,ok,10,5,979,False,False,False,,,
11329,ok,10,1,138,False,False,False,,,
11330,ok,100,5,6989,False,False,False,,,
11331,ok,10,3,557,False,False,False,O23,22,6
11332,ok,100,3,3118,False,False,False,,,
11333,ok,0,3,34,True,False,False,,,
11334,ok,10,2,234,False,False,False,O9,37,8
11335,ok,25,2,1081,False,False,False,,,
11337,ok,10,3,556,False,False,False,O77,11,3
11338,ok,10,3,334,False,False,False,,,
11339,ok,10,4,761,False,False,False,O104,8,2
11341,ok,100,4,6312,False,False,False,,,
11342,ok,7,2,217,False,False,False,O132,6,3
11344,ok,10,2,445,False,False,False,O6,47,27
11345,ok,7,2,209,False,False,False,,,
11346,ok,10,3,565,False,False,False,O331,2,1
11347,ok,10,4,676,False,False,False,O507,1,1
11348,ok,10,3,584,False,False,False,O87,10,3
11349,ok,10,3,597,False,False,False,O50,15,4
11350,ok,10,4,843,False,False,False,O91,9,4
11351,ok,10,2,456,False,False,False,O45,16,11
11353,ok,7,3,287,False,False,False,O202,4,4
11354,ok,10,2,225,False,False,False,O22,23,7
11355,ok,10,5,714,False,False,False,,,
11357,ok,25,2,1081,False,False,False,O12,32,17
11358,ok,25,2,1056,False,False,False,O325,2,1
11361,ok,100,5,6949,False,False,False,O30,20,2
11362,ok,10,5,870,False,False,False,,,
11363,ok,10,2,228,False,False,False,O11,33,9
11364,ok,10,2,234,False,False,False,O46,16,3
11368,ok,10,4,689,False,False,False,O455,1,2
11369,ok,10,2,451,False,False,False,O65,13,10
11370,ok,25,2,1075,False,False,False,O5,47,17
11371,ok,10,3,554,False,False,False,O83,10,6
11372,ok,10,2,486,False,False,False,O130,6,2
11373,ok,25,2,1050,False,False,False,O245,3,2
11374,ok,10,5,916,False,False,False,O117,7,4
11376,ok,25,2,1056,False,False,False,O57,14,7
11377,ok,10,2,445,False,False,False,,,
11380,ok,10,3,564,False,False,False,O470,1,1
11381,ok,100,4,5985,False,False,False,,,
11382,ok,10,2,451,False,False,False,O508,1,1
11383,ok,10,4,656,False,False,False,,,
11385,ok,10,3,597,False,False,False,O50,15,4
11386,ok,10,2,445,False,False,False,O21,24,12
11387,ok,10,2,234,False,False,False,O9,37,8
11388,ok,100,5,7308,False,False,False,,,
11389,ok,100,3,1690,False,False,False,,,
11390,ok,10,2,228,False,False,False,O11,33,9
11391,ok,10,2,207,False,False,False,,,
11392,ok,10,3,603,False,False,False,O50,15,4
11393,ok,100,4,7774,False,False,False,O127,6,2
11394,ok,25,2,1075,False,False,False,O35,18,9
11395,ok,100,5,9245,False,False,False,O15,29,3
11396,ok,10,4,687,False,False,False,,,
11397,ok,10,3,594,False,False,False,O217,4,3
11398,ok,10,2,228,False,False,False,O11,33,9
11399,ok,10,3,551,False,False,False,,,
11400,ok,10,4,819,False,False,False,O85,10,2
11401,ok,25,2,1078,False,False,False,,,
11402,ok,10,3,548,False,False,False,O154,5,1
11404,ok,10,3,550,False,False,False,O326,2,1
11405,ok,10,2,451,False,False,False,O21,24,12
11408,ok,7,2,158,False,False,False,,,
11409,ok,25,2,1086,False,False,False,O63,13,9
11410,ok,7,2,217,False,False,False,O102,8,2
11413,ok,10,3,351,False,False,False,O136,6,7
11414,ok,25,2,1075,False,False,False,O7,45,22
11415,ok,100,2,2019,False,False,False,,,
11416,ok,10,4,682,False,False,False,O489,1,2
11417,ok,25,2,1081,False,False,False,O63,13,9
11418,ok,2,2,108,False,False,False,,,
11419,ok,10,4,644,False,False,False,O42,16,4
11420,ok,25,3,1211,False,False,False,,,
11422,ok,10,4,782,False,False,False,O332,2,1
11423,ok,10,2,451,False,False,False,O185,4,5
11424,ok,10,6,922,False,False,False,,,
11425,ok,10,4,596,False,False,False,O266,3,3
11426,ok,10,3,566,False,False,False,O72,11,1
11427,ok,10,3,548,False,False,False,O509,1,2
11428,ok,100,3,5331,False,False,False,,,
11429,ok,10,2,451,False,False,False,,,
11430,ok,10,4,678,False,False,False,,,
11431,ok,10,4,675,False,False,False,O66,13,6
11434,ok,10,4,680,False,False,False,O143,6,3
11435,ok,10,3,409,False,False,False,,,
11436,ok,10,3,500,False,False,False,O193,4,1
11437,ok,25,2,1075,False,False,False,O12,32,17
11438,ok,100,3,5345,False,False,False,,,
11439,ok,1,2,65,False,False,False,,,
11440,ok,100,6,8333,False,False,False,O94,9,1
11441,ok,7,3,284,False,False,False,O267,3,2
11442,ok,10,2,456,False,False,False,O18,26,12
11443,ok,10,4,777,False,False,False,O461,1,2
11444,ok,10,3,534,False,False,False,O131,6,4
11445,ok,10,5,886,False,False,False,O135,6,2
11446,ok,10,3,573,False,False,False,O268,3,2
11448,capped,1000,4,48516,False,False,True,,,
11450,ok,100,5,4857,False,False,False,,,
11451,ok,100,4,6749,False,False,False,O95,9,1
11452,ok,25,2,1075,False,False,False,O333,2,2
11454,ok,10,5,623,False,False,False,,,
11455,ok,0,4,55,True,False,False,,,
11456,ok,25,2,1106,False,False,False,O10,33,15
11457,ok,10,2,481,False,False,False,O206,4,3
11458,ok,10,3,494,False,False,False,O193,4,1
11459,ok,25,2,1075,False,False,False,O35,18,9
11460,ok,10,4,604,False,False,False,,,
11461,ok,100,6,8327,False,False,False,O94,9,1
11462,ok,10,5,886,False,False,False,O135,6,2
11464,ok,10,4,673,False,False,False,O189,4,2
11467,ok,25,3,1748,False,False,False,O53,15,14
11468,ok,2,2,114,False,False,False,,,
11469,capped,1000,2,46058,False,False,True,,,
11470,ok,5,2,199,False,False,False,O510,1,2
11471,ok,25,2,1086,False,False,False,O34,18,9
11472,ok,10,4,806,False,False,False,O237,3,4
11473,ok,10,2,451,False,False,False,O1,108,24
11474,ok,10,2,227,False,False,False,O257,3,2
11476,ok,10,3,551,False,False,False,O23,22,6
11477,ok,25,3,1263,False,False,False,,,
11478,ok,100,4,7628,False,False,False,O203,4,1
11479,ok,25,3,1748,False,False,False,O70,12,6
11480,ok,7,2,223,False,False,False,O106,8,3
11481,ok,10,5,927,False,False,False,,,
11482,ok,7,2,210,False,False,False,O511,1,1
11483,ok,10,3,496,False,False,False,,,
11484,ok,10,4,543,False,False,False,,,
11486,ok,100,4,5426,False,False,False,,,
11487,ok,10,3,583,False,False,False,,,
11488,ok,10,2,451,False,False,False,O75,11,4
11489,ok,10,2,497,False,False,False,O212,4,3
11490,ok,7,2,217,False,False,False,O132,6,3
11491,ok,25,3,1738,False,False,False,O260,3,4
11494,ok,10,3,685,False,False,False,,,
11495,ok,25,2,1081,False,False,False,O12,32,17
11497,ok,10,6,937,False,False,False,,,
11498,ok,10,3,560,False,False,False,O83,10,6
11499,ok,10,4,736,False,False,False,O172,5,1
11500,ok,100,4,6133,False,False,False,O156,5,6
11501,capped,1000,4,52656,False,False,True,,,
11504,ok,0,2,30,True,False,False,,,
11505,ok,10,3,718,False,False,False,O512,1,1
11509,ok,10,2,445,False,False,False,O1,108,24
11510,ok,0,3,45,True,False,False,,,
11511,ok,10,3,566,False,False,False,O72,11,1
11512,ok,4,10,653,False,False,False,O84,10,3
11513,ok,10,2,214,False,False,False,O108,8,5
11515,ok,0,2,30,True,False,False,,,
11516,ok,100,4,8614,False,False,False,,,
11517,ok,10,2,494,False,False,False,O105,8,3
11518,capped,1000,3,45788,False,False,True,O58,13,2
11519,capped,1000,3,45841,False,False,True,O184,4,3
11521,ok,10,2,459,False,False,False,O4,47,22
11524,ok,100,6,8599,False,False,False,,,
11525,ok,10,3,562,False,False,False,O33,19,4
11526,ok,25,3,1738,False,False,False,O312,2,3
11527,ok,10,2,445,False,False,False,O1,108,24
11528,ok,10,2,451,False,False,False,O49,15,5
11529,ok,7,2,217,False,False,False,O102,8,2
11531,ok,10,4,663,False,False,False,O513,1,2
11532,ok,10,2,445,False,False,False,O21,24,12
11533,ok,10,3,564,False,False,False,O216,4,5
11534,ok,25,3,1738,False,False,False,O74,11,3
11536,ok,100,4,7934,False,False,False,,,
11537,ok,10,2,455,False,False,False,O138,6,5
11539,ok,25,2,1061,False,False,False,,,
11540,ok,10,3,566,False,False,False,O72,11,1
11541,ok,25,2,1075,False,False,False,O215,4,4
11542,ok,25,2,1081,False,False,False,O25,21,6
11543,capped,1000,3,52221,False,False,True,,,
11544,ok,4,6,257,False,False,False,,,
11545,ok,25,3,1738,False,False,False,O53,15,14
11546,ok,10,3,574,False,False,False,,,
11547,ok,10,3,560,False,False,False,O83,10,6
11548,ok,10,5,714,False,False,False,O144,6,1
11549,ok,10,4,594,False,False,False,O514,1,1
11550,ok,10,4,593,False,False,False,O515,1,1
11551,capped,1000,3,45788,False,False,True,O58,13,2
11552,ok,10,5,766,False,False,False,O101,8,1
11553,ok,10,4,817,False,False,False,O317,2,3
11554,ok,10,2,228,False,False,False,O46,16,3
11555,capped,1000,5,75211,False,False,True,,,
11556,ok,10,3,349,False,False,False,O251,3,4
11557,ok,100,3,3125,False,False,False,O219,4,3
11559,ok,10,2,231,False,False,False,O22,23,7
11560,ok,10,2,451,False,False,False,O1,108,24
11563,ok,10,3,581,False,False,False,O157,5,1
11564,ok,2,9,340,False,False,False,O299,2,1
11565,ok,10,4,627,False,False,False,,,
11567,ok,10,4,656,False,False,False,O167,5,2
11568,ok,10,4,593,False,False,False,O246,3,1
11574,ok,100,5,7795,False,False,False,,,
11576,ok,10,2,456,False,False,False,O62,13,2
11577,ok,10,4,613,False,False,False,O304,2,2
11578,ok,100,5,9232,False,False,False,O15,29,3
11579,ok,100,5,8372,False,False,False,,,
11580,ok,10,6,885,False,False,False,O269,3,1
11582,ok,10,2,451,False,False,False,O45,16,11
11583,ok,10,2,515,False,False,False,O334,2,2
11584,ok,10,2,482,False,False,False,O27,20,8
11585,ok,10,2,228,False,False,False,O11,33,9
11586,ok,10,3,563,False,False,False,O31,20,6
11588,ok,25,2,1081,False,False,False,O34,18,9
11589,ok,10,2,445,False,False,False,O1,108,24
11591,ok,10,2,497,False,False,False,O212,4,3
11592,ok,25,2,1081,False,False,False,O5,47,17
11593,ok,25,2,1081,False,False,False,O35,18,9
11594,ok,10,3,579,False,False,False,,,
11595,ok,10,4,907,False,False,False,O133,6,1
11596,ok,10,3,595,False,False,False,O3,55,3
11597,ok,10,2,451,False,False,False,O192,4,4
11598,ok,10,2,455,False,False,False,O4,47,22
11600,ok,25,2,1075,False,False,False,O7,45,22
11601,ok,10,2,499,False,False,False,,,
11602,ok,10,2,227,False,False,False,,,
11605,ok,25,2,1086,False,False,False,O5,47,17
11606,ok,25,2,651,False,False,False,,,
11607,ok,10,3,745,False,False,False,,,
11608,ok,100,5,7843,False,False,False,O29,20,2
11611,ok,10,2,234,False,False,False,O9,37,8
11612,ok,10,4,810,False,False,False,O188,4,1
11613,ok,25,2,1081,False,False,False,O86,10,7
11614,ok,10,2,425,False,False,False,,,
11615,ok,100,5,8268,False,False,False,O335,2,1
11616,ok,25,2,1049,False,False,False,O329,2,3
11617,ok,10,2,451,False,False,False,O18,26,12
11618,ok,5,2,233,False,False,False,,,
11619,ok,10,3,560,False,False,False,O33,19,4
11620,ok,25,2,1081,False,False,False,O28,20,12
11621,ok,10,2,445,False,False,False,O109,8,6
11622,ok,10,2,451,False,False,False,O1,108,24
11623,ok,10,4,1008,False,False,False,O516,1,2
11625,ok,100,4,6226,False,False,False,O208,4,3
11626,capped,1000,3,47594,False,False,True,O441,1,2
11628,ok,25,2,1075,False,False,False,O155,5,4
11629,ok,10,3,325,False,False,False,,,
11630,ok,10,2,230,False,False,False,O256,3,1
11631,ok,10,4,690,False,False,False,,,
11632,ok,10,3,563,False,False,False,O218,4,2
11634,ok,10,3,597,False,False,False,O50,15,4
11635,ok,1,4,124,False,False,False,,,
11636,ok,10,4,897,False,False,False,O133,6,1
11638,ok,10,5,775,False,False,False,,,
11639,ok,25,2,1075,False,False,False,O170,5,6
11640,ok,0,4,55,True,False,False,,,
11642,ok,25,2,1056,False,False,False,O464,1,2
11643,ok,10,2,487,False,False,False,,,
11644,ok,100,6,9504,False,False,False,,,
11645,ok,25,2,1100,False,False,False,O10,33,15
11646,ok,100,5,6594,False,False,False,,,
11647,ok,25,3,1738,False,False,False,O59,13,3
11649,ok,10,3,493,False,False,False,O517,1,1
11651,ok,10,2,445,False,False,False,,,
11653,ok,10,4,687,False,False,False,O298,2,1
11654,ok,10,3,594,False,False,False,O217,4,3
11655,ok,100,4,3628,False,False,False,,,
11656,ok,10,3,728,False,False,False,,,
11657,ok,0,2,24,True,False,False,,,
11658,ok,25,2,1081,False,False,False,O43,16,6
11659,ok,10,3,569,False,False,False,O243,3,1
11660,ok,10,3,602,False,False,False,O78,11,4
11661,ok,10,4,635,False,False,False,O42,16,4
11662,ok,10,4,674,False,False,False,O143,6,3
11663,ok,100,5,7601,False,False,False,,,
11667,ok,10,4,586,False,False,False,O328,2,1
11668,ok,25,2,1081,False,False,False,O14,29,17
11671,ok,25,3,1738,False,False,False,O59,13,3
11673,ok,10,3,557,False,False,False,O31,20,6
11674,ok,10,2,451,False,False,False,O1,108,24
11677,capped,1000,2,44778,False,False,True,,,
11679,ok,25,3,1748,False,False,False,O74,11,3
11680,ok,0,4,53,True,False,False,,,
11681,ok,10,3,551,False,False,False,O23,22,6
11682,ok,100,5,7832,False,False,False,O29,20,2
11683,ok,1,4,143,False,False,False,,,
11685,ok,10,2,225,False,False,False,O518,1,2
11687,ok,25,2,1056,False,False,False,O57,14,7
11689,ok,10,4,731,False,False,False,O96,9,4
11690,ok,10,2,473,False,False,False,,,
11691,ok,10,3,566,False,False,False,O336,2,2
11693,ok,2,10,395,False,False,False,O64,13,4
11695,ok,10,2,445,False,False,False,O65,13,10
11696,ok,100,9,12074,False,False,False,,,
11697,capped,1000,3,51573,False,False,True,,,
11699,ok,10,3,573,False,False,False,O141,6,2
11700,ok,10,2,445,False,False,False,O62,13,2
11702,ok,10,4,774,False,False,False,O337,2,2
11703,ok,25,3,1738,False,False,False,O74,11,3
11705,ok,10,2,451,False,False,False,O18,26,12
11706,ok,100,5,7617,False,False,False,,,
11707,ok,10,2,451,False,False,False,O65,13,10
11708,ok,10,4,584,False,False,False,O258,3,2
11710,ok,0,4,55,True,False,False,,,
11711,ok,10,2,228,False,False,False,O9,37,8
11712,ok,10,4,663,False,False,False,O20,24,2
11715,ok,10,5,755,False,False,False,O519,1,1
11716,capped,1000,3,36031,False,False,True,,,
11717,ok,10,3,543,False,False,False,,,
11718,ok,10,4,812,False,False,False,,,
11719,ok,25,2,1106,False,False,False,O10,33,15
11720,ok,100,8,16269,False,False,False,,,
11721,ok,10,4,685,False,False,False,O265,3,1
11722,ok,10,2,461,False,False,False,O4,47,22
11723,ok,10,3,584,False,False,False,O73,11,2
11725,ok,10,1,144,False,False,False,O338,2,2
11726,ok,10,2,451,False,False,False,O45,16,11
11728,ok,25,2,1075,False,False,False,O5,47,17
11729,ok,10,2,461,False,False,False,O4,47,22
11731,ok,10,2,418,False,False,False,O303,2,2
11732,ok,10,2,487,False,False,False,O323,2,3
11733,ok,100,5,8268,False,False,False,O335,2,1
11734,ok,10,4,826,False,False,False,O270,3,2
11736,ok,25,3,1748,False,False,False,O520,1,2
11737,ok,10,2,484,False,False,False,O32,20,9
11738,ok,25,2,1081,False,False,False,O207,4,3
11739,ok,25,2,1086,False,False,False,O43,16,6
11740,ok,10,2,445,False,False,False,O6,47,27
11742,ok,25,3,1748,False,False,False,O198,4,2
11743,ok,10,3,575,False,False,False,O157,5,1
11744,ok,100,5,7810,False,False,False,,,
11745,ok,100,3,5345,False,False,False,,,
11746,ok,10,2,482,False,False,False,O521,1,2
11747,ok,10,3,247,False,False,False,,,
11748,ok,10,4,680,False,False,False,O240,3,2
11750,capped,1000,4,41863,False,False,True,,,
11751,ok,100,6,8327,False,False,False,O94,9,1
11753,ok,25,2,1081,False,False,False,O43,16,6
11754,ok,10,4,568,False,False,False,,,
11755,ok,0,3,34,True,False,False,,,
11756,ok,100,4,6053,False,False,False,,,
11757,ok,10,3,567,False,False,False,O522,1,2
11758,ok,10,2,451,False,False,False,O1,108,24
11759,ok,0,3,32,True,False,False,,,
11760,ok,10,2,461,False,False,False,O4,47,22
11762,capped,1000,3,45788,False,False,True,O58,13,2
11764,ok,10,2,461,False,False,False,O4,47,22
11766,ok,100,4,6365,False,False,False,O244,3,4
11767,ok,10,2,451,False,False,False,O65,13,10
11769,capped,1000,2,19018,False,False,True,,,
11770,ok,25,4,1816,False,False,False,,,
11771,ok,100,4,3616,False,False,False,,,
11772,capped,1000,2,19826,False,False,True,O271,3,3
11775,ok,0,2,24,True,False,False,,,
11776,ok,10,2,435,False,False,False,O163,5,4
11777,ok,10,3,562,False,False,False,O33,19,4
11778,ok,7,2,217,False,False,False,O82,10,4
11780,ok,10,5,894,False,False,False,O523,1,2
11781,ok,25,2,1075,False,False,False,O215,4,4
11782,ok,10,2,451,False,False,False,O6,47,27
11783,ok,25,3,1158,False,False,False,,,
11784,ok,10,3,632,False,False,False,,,
11787,ok,25,3,1175,False,False,False,,,
11788,ok,100,6,8789,False,False,False,O476,1,1
11790,ok,10,3,600,False,False,False,O217,4,3
11791,ok,10,2,213,False,False,False,,,
11792,ok,10,2,526,False,False,False,O24,22,7
11793,ok,10,2,461,False,False,False,O4,47,22
11794,ok,100,2,2013,False,False,False,O339,2,3
11796,ok,10,4,665,False,False,False,O20,24,2
11798,ok,10,7,1332,False,False,False,,,
11799,ok,10,3,580,False,False,False,O113,7,2
11800,ok,10,3,561,False,False,False,O38,17,5
11801,ok,7,3,277,False,False,False,O524,1,2
11802,ok,100,5,9241,False,False,False,O15,29,3
11803,ok,10,4,643,False,False,False,O525,1,2
11804,capped,1000,3,50033,False,False,True,,,
11805,ok,25,2,1081,False,False,False,O155,5,4
11806,ok,10,2,234,False,False,False,O9,37,8
11807,ok,10,4,669,False,False,False,,,
11810,ok,7,3,283,False,False,False,O340,2,2
11811,ok,10,2,456,False,False,False,O45,16,11
11812,ok,1,5,152,False,False,False,,,
11814,ok,10,2,451,False,False,False,O1,108,24
11815,ok,10,5,838,False,False,False,,,
11817,ok,10,3,357,False,False,False,O136,6,7
11818,ok,5,2,245,False,False,False,O100,8,7
11819,ok,100,4,6749,False,False,False,O95,9,1
11820,ok,10,2,451,False,False,False,O1,108,24
11821,ok,100,5,9264,False,False,False,,,
11822,ok,5,2,240,False,False,False,,,
11823,capped,1000,3,45631,False,False,True,O433,1,2
11824,ok,10,4,590,False,False,False,,,
11826,ok,10,2,214,False,False,False,,,
11827,ok,100,5,8243,False,False,False,O197,4,1
11829,ok,0,3,48,True,False,False,,,
11830,ok,10,3,575,False,False,False,O157,5,1
11831,ok,10,2,528,False,False,False,O24,22,7
11832,capped,1000,4,71757,False,False,True,,,
11833,ok,10,4,639,False,False,False,,,
11836,ok,10,4,602,False,False,False,O266,3,3
11837,ok,10,4,666,False,False,False,,,
11838,ok,10,3,558,False,False,False,O262,3,3
11839,ok,0,3,45,True,False,False,,,
11840,ok,10,2,234,False,False,False,O9,37,8
11842,ok,25,2,1056,False,False,False,,,
11843,ok,25,2,1075,False,False,False,,,
11844,ok,10,2,446,False,False,False,O341,2,2
11845,ok,100,4,4342,False,False,False,,,
11847,ok,25,3,1748,False,False,False,O70,12,6
11848,ok,2,10,399,False,False,False,O64,13,4
11849,ok,10,3,559,False,False,False,O38,17,5
11851,capped,1000,4,71757,False,False,True,,,
11853,ok,0,3,34,True,False,False,,,
11854,ok,10,2,461,False,False,False,O4,47,22
11855,capped,1000,6,116087,False,False,True,,,
11856,ok,100,6,8077,False,False,False,,,
11857,ok,10,4,663,False,False,False,O513,1,2
11858,ok,10,5,767,False,False,False,O101,8,1
11859,ok,10,2,435,False,False,False,,,
11860,ok,10,3,486,False,False,False,O517,1,1
11862,ok,10,5,871,False,False,False,O526,1,1
11863,ok,1,6,146,False,False,False,,,
11864,ok,7,3,271,False,False,False,O308,2,2
11866,ok,25,3,1723,False,False,False,O255,3,4
11867,ok,10,2,451,False,False,False,O75,11,4
11868,ok,100,5,8383,False,False,False,,,
11869,capped,1000,3,52805,False,False,True,O420,1,2
11870,ok,10,4,687,False,False,False,,,
11871,ok,25,2,1081,False,False,False,O14,29,17
11872,ok,100,5,6435,False,False,False,,,
11874,ok,10,2,522,False,False,False,O24,22,7
11875,ok,10,2,451,False,False,False,O65,13,10
11876,ok,100,5,7832,False,False,False,O29,20,2
11877,ok,10,3,407,False,False,False,,,
11878,ok,10,2,445,False,False,False,O1,108,24
11880,ok,10,2,445,False,False,False,O1,108,24
11881,ok,10,5,916,False,False,False,O117,7,4
11882,ok,25,2,1128,False,False,False,,,
11883,ok,10,3,588,False,False,False,,,
11884,ok,7,3,301,False,False,False,O342,2,2
11885,ok,10,2,234,False,False,False,O11,33,9
11886,ok,10,2,234,False,False,False,O9,37,8
11887,ok,3,3,170,False,False,False,,,
11888,ok,7,4,386,False,False,False,,,
11889,ok,10,2,445,False,False,False,O1,108,24
11891,ok,25,2,1081,False,False,False,O14,29,17
11893,ok,25,2,1081,False,False,False,O220,4,5
11895,ok,10,2,451,False,False,False,O1,108,24
11897,ok,10,2,451,False,False,False,O204,4,4
11898,ok,10,5,914,False,False,False,O117,7,4
11899,ok,10,3,581,False,False,False,,,
11900,ok,10,2,445,False,False,False,O6,47,27
11901,ok,2,10,399,False,False,False,O64,13,4
11902,ok,100,3,4667,False,False,False,,,
11903,ok,100,5,8268,False,False,False,O335,2,1
11904,ok,10,2,451,False,False,False,O75,11,4
11905,ok,25,3,1738,False,False,False,O190,4,4
11906,ok,1,2,64,False,False,False,,,
11908,ok,7,4,388,False,False,False,,,
11909,ok,10,2,451,False,False,False,O75,11,4
11910,ok,10,5,793,False,False,False,,,
11911,ok,25,3,1738,False,False,False,O168,5,2
11912,ok,10,3,745,False,False,False,O235,3,2
11913,ok,25,2,1075,False,False,False,O5,47,17
11914,ok,5,3,264,False,False,False,,,
11915,ok,100,4,5807,False,False,False,O497,1,2
11916,ok,10,2,225,False,False,False,O22,23,7
11917,ok,7,4,411,False,False,False,,,
11918,ok,10,2,445,False,False,False,O39,17,11
11919,ok,25,2,1055,False,False,False,O174,5,6
11920,ok,10,3,608,False,False,False,,,
11921,capped,1000,7,106190,False,False,True,,,
11922,ok,10,3,590,False,False,False,O87,10,3
11923,ok,25,2,1049,False,False,False,O174,5,6
11925,ok,100,6,9727,False,False,False,O48,15,1
11926,ok,10,2,227,False,False,False,,,
11927,ok,10,2,451,False,False,False,O1,108,24
11928,ok,1,7,188,False,False,False,,,
11929,ok,100,4,3710,False,False,False,O527,1,1
11931,ok,10,2,230,False,False,False,,,
11932,ok,25,2,1075,False,False,False,O86,10,7
11933,ok,10,5,1128,False,False,False,O528,1,2
11935,ok,10,3,751,False,False,False,O44,16,2
11936,ok,100,4,5005,False,False,False,,,
11937,ok,10,4,674,False,False,False,O143,6,3
11938,ok,10,2,451,False,False,False,O18,26,12
11939,ok,10,2,231,False,False,False,O22,23,7
11943,ok,10,4,637,False,False,False,O42,16,4
11944,ok,579,5,28516,False,False,False,,,
11945,ok,10,2,451,False,False,False,O18,26,12
11946,ok,10,2,461,False,False,False,O4,47,22
11947,ok,7,3,279,False,False,False,,,
11948,ok,10,2,461,False,False,False,O138,6,5
11949,ok,25,3,1732,False,False,False,O70,12,6
11950,ok,10,2,220,False,False,False,O108,8,5
11951,ok,10,4,899,False,False,False,O133,6,1
11952,ok,25,2,1075,False,False,False,O529,1,2
11954,ok,10,5,814,False,False,False,,,
11955,ok,100,4,7863,False,False,False,O530,1,2
11956,ok,10,2,451,False,False,False,O6,47,27
11957,ok,10,2,451,False,False,False,O52,15,11
11958,ok,25,2,1086,False,False,False,O140,6,5
11959,ok,10,2,471,False,False,False,O531,1,1
11960,ok,10,3,560,False,False,False,O33,19,4
11961,ok,25,2,1075,False,False,False,O28,20,12
11963,ok,10,3,569,False,False,False,O438,1,2
11964,ok,7,3,270,False,False,False,,,
11965,ok,10,2,215,False,False,False,,,
11967,ok,25,2,1081,False,False,False,O343,2,3
11968,ok,25,2,1106,False,False,False,O10,33,15
11969,ok,10,2,451,False,False,False,O21,24,12
11970,ok,25,2,1075,False,False,False,,,
11971,ok,10,3,551,False,False,False,O23,22,6
11972,ok,10,2,445,False,False,False,O62,13,2
11974,ok,10,5,858,False,False,False,,,
11976,ok,10,2,227,False,False,False,,,
11977,ok,0,2,30,True,False,False,,,
11978,ok,10,3,557,False,False,False,,,
11979,ok,25,2,1106,False,False,False,O10,33,15
11980,ok,10,4,651,False,False,False,,,
11981,ok,10,2,224,False,False,False,O532,1,2
11982,ok,100,4,5760,False,False,False,,,
11983,ok,100,6,8940,False,False,False,O533,1,2
11984,ok,25,2,1081,False,False,False,O5,47,17
11987,ok,25,2,1081,False,False,False,O43,16,6
11988,ok,10,2,451,False,False,False,O18,26,12
11989,ok,100,2,2007,False,False,False,O339,2,3
11993,ok,25,2,1056,False,False,False,,,
11994,ok,50,5,4653,False,False,False,,,
11995,ok,10,3,718,False,False,False,,,
11996,ok,25,3,1742,False,False,False,O534,1,1
11997,ok,10,3,491,False,False,False,,,
11998,ok,10,2,227,False,False,False,O69,12,6
11999,ok,10,4,822,False,False,False,,,
12000,ok,100,4,4923,False,False,False,,,
12002,ok,100,4,8597,False,False,False,O76,11,2
12003,ok,100,5,9866,False,False,False,,,
12004,ok,10,5,751,False,False,False,O101,8,1
12005,ok,10,2,445,False,False,False,O535,1,2
12006,ok,25,2,1056,False,False,False,O57,14,7
12007,ok,100,4,6125,False,False,False,,,
12008,ok,10,5,664,False,False,False,,,
12010,ok,100,5,7624,False,False,False,,,
12013,ok,10,5,768,False,False,False,O272,3,1
12014,ok,10,4,632,False,False,False,O213,4,1
12017,ok,10,2,445,False,False,False,O6,47,27
12018,ok,10,3,561,False,False,False,O38,17,5
12019,ok,10,2,445,False,False,False,O39,17,11
12021,ok,4,8,501,False,False,False,O169,5,3
12022,ok,10,4,548,False,False,False,,,
12023,ok,25,2,1050,False,False,False,O118,7,6
12025,ok,25,2,1106,False,False,False,,,
12026,ok,10,3,351,False,False,False,O136,6,7
12027,ok,10,3,287,False,False,False,O536,1,1
12029,ok,25,3,1742,False,False,False,O70,12,6
12030,ok,7,2,217,False,False,False,O132,6,3
12034,ok,10,4,586,False,False,False,O328,2,1
12035,ok,10,5,851,False,False,False,,,
12036,ok,10,4,640,False,False,False,O164,5,6
12039,ok,10,4,657,False,False,False,O211,4,1
12041,ok,10,1,138,False,False,False,O273,3,2
12042,ok,25,2,1106,False,False,False,O10,33,15
12043,ok,25,3,1748,False,False,False,O168,5,2
12044,ok,100,5,6958,False,False,False,O30,20,2
12045,ok,10,5,699,False,False,False,,,
12046,capped,1000,3,45659,False,False,True,,,
12047,ok,10,2,235,False,False,False,,,
12048,ok,100,4,7774,False,False,False,O127,6,2
12049,capped,1000,5,51761,False,False,True,,,
12050,ok,100,4,5397,False,False,False,O319,2,2
12051,ok,10,2,227,False,False,False,,,
12052,ok,10,2,487,False,False,False,O2,71,26
12054,ok,100,6,9195,False,False,False,,,
12055,ok,100,6,9740,False,False,False,O48,15,1
12058,ok,7,3,301,False,False,False,O342,2,2
12059,ok,10,3,542,False,False,False,O126,6,2
12060,ok,25,2,1050,False,False,False,,,
12061,ok,10,3,569,False,False,False,O243,3,1
12063,ok,10,3,538,False,False,False,,,
12064,ok,10,2,451,False,False,False,O185,4,5
12065,ok,10,2,482,False,False,False,,,
12066,ok,10,4,656,False,False,False,,,
12068,ok,0,5,75,True,False,False,,,
12070,ok,100,4,7755,False,False,False,,,
12071,ok,100,5,8104,False,False,False,,,
12072,ok,25,3,1738,False,False,False,,,
12073,ok,10,2,451,False,False,False,O1,108,24
12074,ok,7,3,284,False,False,False,,,
12075,ok,5,2,250,False,False,False,,,
12076,ok,0,3,34,True,False,False,,,
12077,ok,10,5,948,False,False,False,,,
12078,ok,10,4,553,False,False,False,,,
12079,ok,10,4,657,False,False,False,O211,4,1
12080,ok,10,2,451,False,False,False,O49,15,5
12081,ok,10,2,482,False,False,False,O27,20,8
12082,ok,10,3,570,False,False,False,,,
12083,ok,364,2,9143,False,False,False,O537,1,2
12084,ok,10,2,514,False,False,False,O344,2,2
12085,ok,100,5,7129,False,False,False,O475,1,2
12087,ok,25,2,1081,False,False,False,O115,7,7
12088,ok,10,2,451,False,False,False,O49,15,5
12089,ok,10,2,445,False,False,False,O1,108,24
12090,capped,1000,4,78313,False,False,True,,,
12091,ok,25,2,1081,False,False,False,O35,18,9
12095,ok,10,4,474,False,False,False,O345,2,2
12096,ok,0,3,40,True,False,False,,,
12097,ok,10,2,234,False,False,False,O46,16,3
12098,ok,100,4,8597,False,False,False,,,
12099,ok,10,3,579,False,False,False,O268,3,2
12101,ok,10,4,580,False,False,False,,,
12102,ok,7,2,217,False,False,False,O132,6,3
12103,ok,10,2,228,False,False,False,O11,33,9
12104,ok,10,4,665,False,False,False,O20,24,2
12105,ok,10,4,773,False,False,False,,,
12106,ok,10,2,451,False,False,False,O1,108,24
12107,ok,25,3,1152,False,False,False,,,
12108,ok,25,2,1081,False,False,False,O7,45,22
12110,ok,10,4,640,False,False,False,O164,5,6
12111,ok,10,3,718,False,False,False,,,
12112,ok,10,3,562,False,False,False,O33,19,4
12113,ok,10,2,528,False,False,False,O24,22,7
12115,ok,10,5,1118,False,False,False,O528,1,2
12116,ok,10,2,493,False,False,False,,,
12117,capped,1000,3,45641,False,False,True,O259,3,4
12118,ok,10,2,468,False,False,False,,,
12119,ok,10,3,561,False,False,False,O38,17,5
12120,ok,10,3,572,False,False,False,O346,2,2
12121,ok,100,4,8597,False,False,False,O76,11,2
12122,ok,7,2,152,False,False,False,O318,2,3
12123,ok,100,6,9740,False,False,False,O48,15,1
12124,ok,10,2,229,False,False,False,O112,7,6
12125,ok,10,2,451,False,False,False,O39,17,11
12127,ok,10,4,665,False,False,False,O20,24,2
12128,ok,10,2,451,False,False,False,O1,108,24
12129,ok,10,4,675,False,False,False,O66,13,6
12130,ok,10,2,475,False,False,False,O274,3,1
12132,ok,0,4,55,True,False,False,,,
12133,capped,1000,3,53671,False,False,True,,,
12134,ok,10,3,545,False,False,False,,,
12135,ok,10,3,556,False,False,False,O33,19,4
12137,ok,0,2,30,True,False,False,,,
12139,ok,10,2,463,False,False,False,O185,4,5
12142,ok,10,2,456,False,False,False,O21,24,12
12143,ok,10,2,233,False,False,False,O69,12,6
12145,ok,10,2,476,False,False,False,O27,20,8
12148,ok,10,3,536,False,False,False,O454,1,1
12149,ok,10,4,674,False,False,False,O143,6,3
12150,ok,10,3,731,False,False,False,,,
12151,ok,10,2,528,False,False,False,O24,22,7
12152,ok,100,3,3135,False,False,False,O538,1,2
12155,ok,10,5,835,False,False,False,O214,4,1
12156,ok,10,3,565,False,False,False,O51,15,4
12157,ok,10,2,234,False,False,False,O9,37,8
12158,ok,25,2,1050,False,False,False,O118,7,6
12159,ok,25,2,1081,False,False,False,O7,45,22
12160,ok,100,4,7645,False,False,False,O203,4,1
12161,ok,25,4,1900,False,False,False,O539,1,2
12163,ok,10,2,234,False,False,False,O46,16,3
12164,ok,0,4,53,True,False,False,,,
12166,ok,10,4,599,False,False,False,O246,3,1
12167,ok,10,3,560,False,False,False,O83,10,6
12168,ok,7,2,223,False,False,False,O347,2,2
12169,ok,10,4,595,False,False,False,O515,1,1
12172,ok,10,4,670,False,False,False,O507,1,1
12175,ok,10,6,1046,False,False,False,,,
12177,ok,100,4,4353,False,False,False,,,
12178,capped,1000,5,81763,False,False,True,,,
12179,ok,4,8,483,False,False,False,O540,1,2
12180,ok,25,2,1081,False,False,False,O43,16,6
12183,capped,1000,3,45641,False,False,True,O259,3,4
12184,ok,10,2,445,False,False,False,O1,108,24
12185,ok,10,5,879,False,False,False,O135,6,2
12186,ok,100,5,8676,False,False,False,,,
12187,ok,25,2,1081,False,False,False,O35,18,9
12188,ok,25,3,1738,False,False,False,O199,4,5
12189,capped,1000,2,46314,False,False,True,,,
12190,ok,2,10,395,False,False,False,O64,13,4
12191,ok,10,3,355,False,False,False,O248,3,2
12195,ok,10,3,557,False,False,False,O31,20,6
12196,ok,10,3,350,False,False,False,O482,1,2
12197,capped,1000,4,51872,False,False,True,,,
12199,ok,25,2,1086,False,False,False,O14,29,17
12203,ok,10,3,570,False,False,False,O93,9,2
12204,capped,1000,5,92181,False,False,True,O541,1,1
12205,ok,10,5,828,False,False,False,O348,2,1
12206,ok,10,5,708,False,False,False,O144,6,1
12207,ok,25,3,1713,False,False,False,O255,3,4
12208,ok,10,5,751,False,False,False,O101,8,1
12209,ok,25,2,1075,False,False,False,O28,20,12
12212,ok,25,2,1081,False,False,False,O5,47,17
12213,ok,10,2,458,False,False,False,O142,6,6
12214,ok,10,2,445,False,False,False,O542,1,2
12215,ok,5,2,199,False,False,False,,,
12217,ok,10,4,600,False,False,False,,,
12218,ok,100,3,3119,False,False,False,O219,4,3
12220,ok,10,4,810,False,False,False,O188,4,1
12221,ok,25,2,1081,False,False,False,O5,47,17
12222,ok,10,2,471,False,False,False,O119,7,3
12225,ok,1,3,101,False,False,False,,,
12226,ok,10,3,553,False,False,False,O444,1,1
12227,ok,25,3,1738,False,False,False,O260,3,4
12228,capped,1000,4,52704,False,False,True,,,
12230,ok,7,2,156,False,False,False,O543,1,2
12231,ok,10,2,224,False,False,False,O532,1,2
12232,ok,10,4,961,False,False,False,O436,1,2
12233,ok,10,2,456,False,False,False,O204,4,4
12235,ok,100,4,7294,False,False,False,,,
12236,ok,25,2,1056,False,False,False,O57,14,7
12237,ok,10,3,551,False,False,False,O23,22,6
12238,ok,10,2,458,False,False,False,O142,6,6
12239,ok,10,4,385,False,False,False,,,
12240,ok,100,4,7767,False,False,False,O127,6,2
12241,ok,10,3,565,False,False,False,O51,15,4
12242,ok,10,4,474,False,False,False,O345,2,2
12243,ok,10,3,584,False,False,False,O73,11,2
12244,ok,3,3,195,False,False,False,,,
12245,ok,10,3,566,False,False,False,O72,11,1
12246,ok,25,3,1738,False,False,False,O59,13,3
12247,ok,0,4,55,True,False,False,,,
12250,capped,1000,3,45879,False,False,True,O544,1,2
12251,ok,10,4,384,False,False,False,,,
12252,ok,25,2,1075,False,False,False,O7,45,22
12253,ok,10,2,445,False,False,False,O6,47,27
12254,ok,4,7,384,False,False,False,O162,5,2
12255,ok,100,5,9240,False,False,False,O15,29,3
12256,ok,100,4,8607,False,False,False,O76,11,2
12259,ok,25,3,1748,False,False,False,O74,11,3
12260,ok,100,6,9725,False,False,False,O48,15,1
12262,ok,10,2,445,False,False,False,O171,5,5
12263,ok,4,1,82,False,False,False,,,
12264,ok,10,5,1123,False,False,False,,,
12265,ok,10,4,289,False,False,False,,,
12266,ok,100,4,5519,False,False,False,,,
12268,ok,25,2,1081,False,False,False,O34,18,9
12269,ok,10,4,680,False,False,False,O143,6,3
12271,ok,100,4,3332,False,False,False,,,
12275,ok,10,5,564,False,False,False,,,
12276,ok,2,8,324,False,False,False,,,
12277,ok,10,2,476,False,False,False,O27,20,8
12278,ok,1,10,252,False,False,False,,,
12279,ok,10,4,661,False,False,False,,,
12280,ok,100,6,10673,False,False,False,,,
12281,capped,1000,3,45788,False,False,True,O58,13,2
12282,ok,10,3,525,False,False,False,,,
12285,ok,10,5,885,False,False,False,,,
12287,ok,4,6,359,False,False,False,,,
12289,ok,25,2,1075,False,False,False,O7,45,22
12290,ok,10,3,554,False,False,False,,,
12291,ok,10,2,451,False,False,False,O1,108,24
12292,ok,10,3,571,False,False,False,O51,15,4
12293,ok,366,2,9192,False,False,False,,,
12295,ok,7,3,278,False,False,False,O209,4,3
12296,capped,1000,3,45641,False,False,True,O259,3,4
12297,ok,10,4,804,False,False,False,,,
12298,ok,25,3,1748,False,False,False,O253,3,4
12299,ok,10,3,647,False,False,False,,,
12300,ok,25,2,1081,False,False,False,,,
12301,capped,1000,5,79029,False,False,True,,,
12302,ok,25,2,1047,False,False,False,,,
12304,capped,1000,2,45824,False,False,True,,,
12305,ok,10,2,228,False,False,False,O9,37,8
12306,ok,10,6,1088,False,False,False,,,
12308,ok,10,3,534,False,False,False,O131,6,4
12310,ok,2,10,395,False,False,False,O64,13,4
12311,ok,10,2,522,False,False,False,O24,22,7
12312,ok,25,2,1075,False,False,False,O5,47,17
12313,ok,10,3,578,False,False,False,,,
12314,ok,10,4,439,False,False,False,,,
12317,ok,10,4,1008,False,False,False,O516,1,2
12318,ok,10,3,580,False,False,False,O113,7,2
12319,ok,25,2,1056,False,False,False,O245,3,2
12320,ok,25,2,1050,False,False,False,O315,2,1
12321,ok,100,6,8329,False,False,False,O94,9,1
12322,ok,25,2,1081,False,False,False,O35,18,9
12325,capped,1000,2,19836,False,False,True,,,
12326,ok,100,5,7639,False,False,False,,,
12328,ok,10,2,451,False,False,False,,,
12330,capped,1000,4,53662,False,False,True,,,
12331,ok,10,2,522,False,False,False,O24,22,7
12333,ok,10,5,662,False,False,False,,,
12334,ok,10,3,561,False,False,False,O38,17,5
12335,ok,7,2,223,False,False,False,O102,8,2
12338,ok,7,4,448,False,False,False,,,
12339,ok,10,3,563,False,False,False,O31,20,6
12340,ok,10,2,496,False,False,False,O545,1,2
12343,ok,10,2,501,False,False,False,,,
12345,capped,1000,3,44895,False,False,True,O349,2,1
12346,ok,25,2,1075,False,False,False,O25,21,6
12348,ok,10,5,777,False,False,False,O272,3,1
12349,capped,1000,4,60707,False,False,True,,,
12350,ok,25,2,1075,False,False,False,,,
12353,ok,10,2,445,False,False,False,O18,26,12
12355,ok,10,4,524,False,False,False,O330,2,2
12356,ok,10,2,456,False,False,False,O1,108,24
12357,ok,0,2,24,True,False,False,,,
12358,ok,10,2,223,False,False,False,O546,1,2
12359,ok,10,2,486,False,False,False,O130,6,2
12360,ok,25,2,1081,False,False,False,O34,18,9
12361,ok,25,2,1081,False,False,False,O5,47,17
12363,ok,10,4,672,False,False,False,O20,24,2
12364,ok,10,4,637,False,False,False,O42,16,4
12366,ok,10,3,728,False,False,False,O242,3,2
12367,ok,100,5,8339,False,False,False,,,
12368,ok,10,2,441,False,False,False,,,
12369,ok,150,2,5372,False,False,False,,,
12370,ok,10,4,675,False,False,False,O66,13,6
12372,ok,10,2,461,False,False,False,O4,47,22
12373,ok,10,5,907,False,False,False,,,
12376,ok,25,2,1075,False,False,False,O155,5,4
12377,ok,10,2,234,False,False,False,O46,16,3
12378,capped,1000,3,44653,False,False,True,,,
12380,capped,1000,4,63204,False,False,True,,,
12381,ok,10,3,572,False,False,False,O327,2,1
12382,ok,25,2,1056,False,False,False,O118,7,6
12383,ok,10,2,445,False,False,False,O49,15,5
12384,ok,10,2,233,False,False,False,,,
12386,ok,25,3,1738,False,False,False,O59,13,3
12387,ok,10,2,451,False,False,False,O21,24,12
12388,ok,10,3,553,False,False,False,,,
12390,ok,10,7,1033,False,False,False,,,
12391,ok,10,3,325,False,False,False,,,
12393,ok,10,2,491,False,False,False,O212,4,3
12395,ok,10,3,551,False,False,False,O23,22,6
12396,ok,10,5,922,False,False,False,,,
12397,ok,25,2,1075,False,False,False,O5,47,17
12398,ok,10,2,445,False,False,False,O45,16,11
12399,ok,5,2,199,False,False,False,,,
12400,ok,10,2,471,False,False,False,,,
12401,ok,10,2,491,False,False,False,O212,4,3
12402,ok,25,2,1050,False,False,False,O547,1,1
12404,ok,10,3,584,False,False,False,O73,11,2
12405,ok,100,5,6960,False,False,False,O30,20,2
12406,ok,10,2,451,False,False,False,O275,3,2
12407,ok,25,2,1081,False,False,False,O63,13,9
12409,ok,10,4,675,False,False,False,O66,13,6
12410,capped,1000,3,45625,False,False,True,,,
12411,ok,10,2,445,False,False,False,O21,24,12
12412,ok,0,4,58,True,False,False,,,
12415,ok,7,3,269,False,False,False,,,
12417,ok,25,2,1075,False,False,False,O7,45,22
12419,ok,25,2,1075,False,False,False,O35,18,9
12420,ok,10,2,485,False,False,False,O548,1,1
12421,ok,10,5,874,False,False,False,,,
12423,ok,10,3,578,False,False,False,,,
12424,capped,1000,3,50038,False,False,True,,,
12425,ok,731,2,18318,False,False,False,,,
12428,ok,10,2,449,False,False,False,O52,15,11
12429,ok,25,2,1075,False,False,False,O5,47,17
12430,ok,10,2,445,False,False,False,O549,1,2
12431,ok,0,4,55,True,False,False,,,
12432,ok,4,9,566,False,False,False,,,
12433,ok,25,2,1081,False,False,False,O35,18,9
12434,ok,10,2,485,False,False,False,O548,1,1
12436,ok,10,2,451,False,False,False,,,
12437,ok,10,4,827,False,False,False,O550,1,1
12439,ok,25,2,1081,False,False,False,O7,45,22
12440,ok,100,7,12612,False,False,False,,,
12442,ok,10,7,1267,False,False,False,,,
12443,ok,10,3,349,False,False,False,,,
12444,ok,10,2,289,False,False,False,O88,10,6
12446,ok,10,3,565,False,False,False,O51,15,4
12449,ok,25,2,1100,False,False,False,O452,1,1
12450,ok,25,3,1738,False,False,False,O198,4,2
12451,capped,1000,3,52294,False,False,True,,,
12452,capped,1000,3,54741,False,False,True,,,
12454,ok,25,2,1050,False,False,False,O57,14,7
12457,ok,10,3,577,False,False,False,,,
12458,ok,10,2,456,False,False,False,O161,5,5
12459,ok,25,2,1081,False,False,False,O221,4,5
12460,ok,10,2,229,False,False,False,O112,7,6
12461,capped,1000,2,45112,False,False,True,,,
12462,ok,25,2,1075,False,False,False,,,
12463,ok,25,3,1757,False,False,False,O481,1,2
12465,ok,25,2,1081,False,False,False,O207,4,3
12466,ok,100,6,8338,False,False,False,O94,9,1
12467,ok,25,2,1075,False,False,False,O7,45,22
12469,ok,10,3,712,False,False,False,O512,1,1
12471,ok,25,2,1081,False,False,False,O25,21,6
12472,ok,10,2,451,False,False,False,O109,8,6
12473,ok,2,1,57,False,False,False,O350,2,3
12474,ok,10,2,226,False,False,False,O137,6,4
12475,ok,10,3,565,False,False,False,O51,15,4
12477,ok,10,1,138,False,False,False,,,
12478,ok,10,2,226,False,False,False,O137,6,4
12480,ok,10,2,456,False,False,False,O109,8,6
12481,ok,10,3,316,False,False,False,,,
12482,ok,0,4,62,True,False,False,,,
12483,ok,100,5,7811,False,False,False,,,
12485,ok,10,3,490,False,False,False,,,
12487,ok,100,5,7843,False,False,False,O29,20,2
12488,ok,10,3,551,False,False,False,O23,22,6
12492,ok,10,2,226,False,False,False,O137,6,4
12493,ok,10,2,486,False,False,False,O130,6,2
12497,ok,10,2,451,False,False,False,O52,15,11
12498,ok,100,4,3719,False,False,False,O527,1,1
12500,ok,10,4,448,False,False,False,,,
12501,capped,1000,6,83169,False,False,True,,,
12502,ok,10,4,668,False,False,False,,,
12503,ok,10,2,451,False,False,False,O62,13,2
12504,ok,10,5,905,False,False,False,O551,1,1
12505,ok,10,4,816,False,False,False,,,
12506,ok,100,6,12389,False,False,False,,,
12508,ok,25,2,1084,False,False,False,O86,10,7
12509,ok,100,4,3333,False,False,False,,,
12510,ok,25,2,1086,False,False,False,O35,18,9
12511,capped,1000,4,59282,False,False,True,,,
12512,ok,10,5,865,False,False,False,,,
12513,ok,10,5,962,False,False,False,O103,8,2
12514,ok,10,2,451,False,False,False,O6,47,27
12515,ok,0,4,42,True,False,False,,,
12516,ok,100,5,6964,False,False,False,O30,20,2
12518,ok,10,2,455,False,False,False,O4,47,22
12520,ok,25,2,1025,False,False,False,,,
12521,ok,10,2,451,False,False,False,O6,47,27
12522,ok,10,2,451,False,False,False,O151,5,4
12523,ok,10,2,456,False,False,False,O39,17,11
12524,ok,25,2,1081,False,False,False,O200,4,4
12525,ok,25,2,1081,False,False,False,O12,32,17
12526,ok,10,3,456,False,False,False,,,
12528,ok,10,2,459,False,False,False,,,
12529,ok,10,3,558,False,False,False,,,
12530,ok,7,2,223,False,False,False,O102,8,2
12531,ok,100,3,3119,False,False,False,O219,4,3
12532,ok,25,2,1081,False,False,False,O351,2,3
12533,ok,10,3,267,False,False,False,O552,1,2
12534,ok,100,5,7105,False,False,False,O201,4,3
12535,ok,10,2,418,False,False,False,O41,16,7
12536,ok,10,4,664,False,False,False,O236,3,1
12537,ok,25,2,1075,False,False,False,O43,16,6
12538,ok,10,5,886,False,False,False,O135,6,2
12540,ok,10,3,556,False,False,False,O263,3,1
12541,ok,10,5,755,False,False,False,O519,1,1
12542,ok,10,2,445,False,False,False,O39,17,11
12543,ok,10,2,456,False,False,False,O276,3,3
12544,ok,25,2,1081,False,False,False,O14,29,17
12545,ok,10,2,477,False,False,False,O531,1,1
12546,ok,10,2,456,False,False,False,O1,108,24
12547,ok,10,2,451,False,False,False,O1,108,24
12549,ok,10,3,493,False,False,False,O553,1,2
12551,ok,10,3,265,False,False,False,,,
12553,ok,10,3,483,False,False,False,,,
12554,ok,7,2,217,False,False,False,O82,10,4
12555,ok,10,2,451,False,False,False,O21,24,12
12556,capped,1000,3,45788,False,False,True,O58,13,2
12557,ok,25,4,1895,False,False,False,O539,1,2
12558,ok,10,2,461,False,False,False,O4,47,22
12559,ok,25,2,1081,False,False,False,O12,32,17
12560,ok,100,5,9236,False,False,False,O15,29,3
12561,ok,100,4,6213,False,False,False,O208,4,3
12562,ok,10,3,667,False,False,False,O352,2,1
12563,capped,1000,4,53866,False,False,True,,,
12565,ok,10,3,481,False,False,False,O554,1,2
12566,capped,1000,2,45783,False,False,True,,,
12567,ok,10,2,476,False,False,False,O27,20,8
12568,ok,10,2,345,False,False,False,,,
12569,capped,1000,3,52816,False,False,True,O555,1,2
12570,ok,25,2,1081,False,False,False,O14,29,17
12573,ok,10,4,678,False,False,False,,,
12574,ok,2,9,340,False,False,False,O299,2,1
12575,ok,10,2,451,False,False,False,O39,17,11
12577,ok,0,3,34,True,False,False,,,
12578,ok,10,3,615,False,False,False,,,
12579,ok,100,5,6952,False,False,False,O30,20,2
12580,ok,10,2,445,False,False,False,O353,2,3
12581,ok,10,2,488,False,False,False,,,
12582,ok,25,3,1152,False,False,False,,,
12583,ok,10,2,435,False,False,False,O556,1,2
12585,ok,100,5,9230,False,False,False,O15,29,3
12586,capped,1000,2,46344,False,False,True,O557,1,1
12587,ok,10,3,584,False,False,False,O73,11,2
12588,ok,100,4,7003,False,False,False,,,
12589,ok,10,4,558,False,False,False,,,
12591,ok,10,2,226,False,False,False,,,
12592,ok,10,3,725,False,False,False,O354,2,3
12593,ok,10,5,884,False,False,False,O134,6,1
12595,ok,10,3,355,False,False,False,,,
12597,ok,10,3,586,False,False,False,O3,55,3
12598,ok,1,7,169,False,False,False,O558,1,2
12599,ok,25,2,1081,False,False,False,O34,18,9
12600,ok,25,2,1075,False,False,False,O7,45,22
12601,ok,10,4,664,False,False,False,,,
12603,ok,25,3,1244,False,False,False,,,
12604,ok,10,2,456,False,False,False,O75,11,4
12605,ok,25,2,1075,False,False,False,O25,21,6
12606,ok,100,4,6409,False,False,False,,,
12607,ok,7,2,223,False,False,False,O102,8,2
12608,ok,0,4,58,True,False,False,,,
12609,ok,10,2,441,False,False,False,O341,2,2
12610,ok,25,2,1075,False,False,False,O12,32,17
12611,ok,10,3,320,False,False,False,,,
12612,ok,10,5,713,False,False,False,,,
12613,ok,10,4,656,False,False,False,O167,5,2
12615,capped,1000,3,45841,False,False,True,O184,4,3
12616,ok,100,5,6949,False,False,False,O30,20,2
12617,ok,100,5,7832,False,False,False,O29,20,2
12619,ok,100,5,9245,False,False,False,O15,29,3
12620,ok,10,2,235,False,False,False,O277,3,2
12621,ok,10,3,573,False,False,False,O141,6,2
12623,ok,10,2,451,False,False,False,,,
12624,ok,100,4,7179,False,False,False,O195,4,1
12625,ok,4,9,573,False,False,False,O355,2,2
12626,ok,10,4,643,False,False,False,,,
12627,ok,10,3,557,False,False,False,O31,20,6
12629,ok,100,5,7834,False,False,False,O29,20,2
12630,ok,25,3,1732,False,False,False,O70,12,6
12631,ok,100,2,2009,False,False,False,O205,4,4
12632,ok,25,3,1738,False,False,False,O74,11,3
12633,ok,10,4,808,False,False,False,O194,4,1
12634,ok,10,2,233,False,False,False,O160,5,2
12635,ok,4,10,671,False,False,False,O139,6,2
12636,ok,100,3,5243,False,False,False,,,
12637,ok,25,3,1748,False,False,False,O175,5,5
12638,ok,100,4,3344,False,False,False,,,
12639,ok,7,3,273,False,False,False,O310,2,3
12640,capped,1000,3,45794,False,False,True,O58,13,2
12641,ok,5,2,234,False,False,False,,,
12642,capped,1000,3,45666,False,False,True,,,
12643,ok,25,2,1081,False,False,False,O28,20,12
12645,ok,100,4,8597,False,False,False,O76,11,2
12646,ok,25,2,1081,False,False,False,O25,21,6
12647,ok,10,3,604,False,False,False,,,
12648,ok,100,4,3342,False,False,False,,,
12650,ok,100,4,8597,False,False,False,O76,11,2
12654,ok,10,4,479,False,False,False,,,
12657,ok,25,2,1081,False,False,False,O5,47,17
12658,ok,10,4,637,False,False,False,O42,16,4
12659,ok,10,2,444,False,False,False,O52,15,11
12660,ok,25,3,1748,False,False,False,O198,4,2
12661,ok,10,2,449,False,False,False,O1,108,24
12663,ok,10,2,480,False,False,False,O130,6,2
12664,ok,4,10,653,False,False,False,O84,10,3
12665,ok,100,4,4235,False,False,False,,,
12666,ok,10,2,487,False,False,False,O2,71,26
12667,ok,0,4,48,True,False,False,,,
12669,ok,25,2,1081,False,False,False,O7,45,22
12670,ok,25,3,1738,False,False,False,O190,4,4
12671,ok,10,4,805,False,False,False,O188,4,1
12672,ok,100,5,9232,False,False,False,O15,29,3
12674,ok,10,3,583,False,False,False,,,
12676,ok,10,2,445,False,False,False,O151,5,4
12677,ok,10,4,841,False,False,False,O356,2,3
12678,ok,10,2,494,False,False,False,O158,5,4
12679,ok,10,2,228,False,False,False,,,
12680,ok,25,3,1738,False,False,False,O53,15,14
12681,ok,100,5,7862,False,False,False,,,
12683,ok,25,2,1081,False,False,False,O25,21,6
12684,ok,100,3,2604,False,False,False,,,
12686,ok,5,2,234,False,False,False,O504,1,2
12687,ok,10,2,522,False,False,False,O24,22,7
12688,capped,1000,3,45841,False,False,True,O184,4,3
12689,ok,25,6,2845,False,False,False,,,
12690,ok,10,3,598,False,False,False,O61,13,8
12692,ok,25,2,1081,False,False,False,O5,47,17
12693,ok,100,6,9736,False,False,False,O48,15,1
12694,ok,10,2,476,False,False,False,O27,20,8
12695,ok,10,3,730,False,False,False,O357,2,3
12696,ok,100,5,8388,False,False,False,,,
12697,ok,10,2,481,False,False,False,O274,3,1
12699,ok,10,5,977,False,False,False,O103,8,2
12700,ok,10,2,474,False,False,False,O173,5,2
12701,ok,25,3,1732,False,False,False,O53,15,14
12702,ok,25,2,1075,False,False,False,O115,7,7
12704,ok,0,3,34,True,False,False,,,
12705,ok,10,2,490,False,False,False,O60,13,2
12707,ok,7,3,281,False,False,False,O267,3,2
12708,ok,25,2,1075,False,False,False,O7,45,22
12709,ok,25,3,1732,False,False,False,,,
12710,ok,10,2,451,False,False,False,O52,15,11
12711,ok,10,2,228,False,False,False,O9,37,8
12712,ok,100,6,9296,False,False,False,,,
12716,ok,4,8,496,False,False,False,O169,5,3
12717,ok,25,2,1075,False,False,False,O221,4,5
12718,capped,1000,4,54375,False,False,True,,,
12721,ok,10,2,446,False,False,False,,,
12723,ok,25,2,1055,False,False,False,O174,5,6
12724,ok,25,2,1081,False,False,False,O28,20,12
12725,ok,0,4,39,True,False,False,,,
12727,ok,100,5,9245,False,False,False,O15,29,3
12729,ok,4,7,413,False,False,False,,,
12730,ok,100,3,3129,False,False,False,O538,1,2
12731,ok,4,9,566,False,False,False,,,
12732,ok,10,4,524,False,False,False,O330,2,2
12733,ok,10,3,555,False,False,False,O501,1,2
12734,ok,100,5,8387,False,False,False,O559,1,1
12735,ok,10,2,445,False,False,False,O1,108,24
12737,ok,25,2,1050,False,False,False,O57,14,7
12740,ok,25,2,1081,False,False,False,O63,13,9
12741,ok,10,5,821,False,False,False,,,
12742,ok,0,2,24,True,False,False,,,
12743,ok,25,2,1081,False,False,False,O7,45,22
12744,ok,10,4,815,False,False,False,O270,3,2
12745,ok,100,5,8283,False,False,False,,,
12747,ok,10,4,749,False,False,False,,,
12748,ok,10,3,725,False,False,False,O354,2,3
12749,ok,4,8,499,False,False,False,O169,5,3
12750,ok,10,5,852,False,False,False,,,
12751,ok,25,2,1084,False,False,False,O309,2,2
12753,ok,10,2,494,False,False,False,,,
12755,capped,1000,5,92196,False,False,True,O541,1,1
12756,ok,10,2,435,False,False,False,O191,4,4
12757,ok,100,4,7655,False,False,False,,,
12758,ok,10,4,646,False,False,False,,,
12759,ok,10,2,451,False,False,False,,,
12760,ok,25,2,1081,False,False,False,O28,20,12
12761,ok,7,3,278,False,False,False,,,
12762,ok,10,3,482,False,False,False,,,
12764,ok,25,2,1075,False,False,False,O7,45,22
12765,ok,10,3,561,False,False,False,O38,17,5
12766,ok,10,2,225,False,False,False,O22,23,7
12767,ok,10,2,449,False,False,False,O49,15,5
12769,ok,25,2,1086,False,False,False,O7,45,22
12770,ok,10,2,228,False,False,False,O9,37,8
12771,ok,10,3,527,False,False,False,,,
12773,ok,100,5,5682,False,False,False,,,
12774,ok,7,3,283,False,False,False,,,
12775,capped,1000,4,60195,False,False,True,,,
12776,ok,25,3,1182,False,False,False,,,
12777,ok,1,7,168,False,False,False,,,
12778,ok,10,4,815,False,False,False,,,
12779,ok,10,3,555,False,False,False,O560,1,1
12780,ok,10,3,554,False,False,False,,,
12781,ok,10,3,580,False,False,False,O141,6,2
12783,ok,0,4,55,True,False,False,,,
12784,ok,2,1,51,False,False,False,O350,2,3
12785,ok,100,7,11680,False,False,False,,,
12786,capped,1000,3,45879,False,False,True,O544,1,2
12787,ok,10,3,581,False,False,False,,,
12790,ok,10,3,560,False,False,False,O83,10,6
12791,ok,0,3,45,True,False,False,,,
12792,ok,10,2,451,False,False,False,O39,17,11
12793,ok,10,2,445,False,False,False,O6,47,27
12794,ok,25,2,1081,False,False,False,O7,45,22
12795,ok,10,3,499,False,False,False,,,
12796,ok,10,3,618,False,False,False,,,
12797,ok,25,2,1075,False,False,False,O25,21,6
12798,ok,100,5,9236,False,False,False,O15,29,3
12799,ok,10,2,451,False,False,False,O1,108,24
12800,ok,10,5,753,False,False,False,O101,8,1
12801,ok,10,3,644,False,False,False,O561,1,2
12802,ok,0,4,62,True,False,False,,,
12803,ok,0,4,62,True,False,False,,,
12804,ok,50,7,4750,False,False,False,,,
12805,ok,25,2,1056,False,False,False,O315,2,1
12808,ok,10,3,597,False,False,False,O50,15,4
12809,capped,1000,3,52613,False,False,True,O313,2,2
12811,ok,25,2,1081,False,False,False,O35,18,9
12812,ok,10,3,586,False,False,False,,,
12813,ok,10,5,1072,False,False,False,,,
12816,ok,0,2,24,True,False,False,,,
12817,ok,10,2,515,False,False,False,O334,2,2
12818,capped,1000,2,19836,False,False,True,,,
12820,ok,10,4,665,False,False,False,,,
12821,ok,10,3,493,False,False,False,O553,1,2
12823,ok,0,3,34,True,False,False,,,
12824,ok,10,2,451,False,False,False,O1,108,24
12825,ok,10,3,584,False,False,False,O73,11,2
12826,ok,10,3,508,False,False,False,,,
12827,ok,10,3,549,False,False,False,,,
12828,capped,1000,3,52468,False,False,True,,,
12829,ok,10,2,216,False,False,False,,,
12832,ok,10,2,445,False,False,False,O6,47,27
12833,ok,10,2,492,False,False,False,,,
12834,ok,7,4,342,False,False,False,,,
12837,ok,25,3,1748,False,False,False,O53,15,14
12839,ok,10,3,545,False,False,False,,,
12840,ok,10,4,798,False,False,False,,,
12843,ok,100,5,6389,False,False,False,O254,3,1
12844,ok,10,2,228,False,False,False,O9,37,8
12846,ok,0,3,40,True,False,False,,,
12848,ok,10,4,826,False,False,False,O85,10,2
12849,ok,10,3,738,False,False,False,O562,1,2
12850,ok,100,5,9237,False,False,False,O15,29,3
12851,ok,10,2,435,False,False,False,O341,2,2
12855,ok,10,2,446,False,False,False,,,
12856,ok,10,2,445,False,False,False,O1,108,24
12857,ok,10,2,490,False,False,False,O60,13,2
12859,ok,10,5,883,False,False,False,,,
12860,ok,10,2,490,False,False,False,O60,13,2
12861,ok,5,2,245,False,False,False,O124,6,5
12862,capped,1000,3,45683,False,False,True,,,
12863,capped,1000,5,75592,False,False,True,,,
12864,ok,100,11,15041,False,False,False,,,
12865,ok,100,5,5660,False,False,False,,,
12866,ok,10,3,594,False,False,False,O217,4,3
12867,ok,10,5,916,False,False,False,O117,7,4
12869,ok,10,2,491,False,False,False,,,
12870,ok,10,3,548,False,False,False,O252,3,2
12871,ok,10,2,461,False,False,False,O4,47,22
12872,ok,10,4,671,False,False,False,O189,4,2
12873,ok,25,3,1748,False,False,False,O70,12,6
12874,ok,10,3,590,False,False,False,,,
12875,ok,10,3,554,False,False,False,O152,5,4
12877,ok,10,4,804,False,False,False,O194,4,1
12878,ok,10,4,684,False,False,False,O143,6,3
12880,ok,10,2,501,False,False,False,O129,6,3
12881,ok,10,3,544,False,False,False,,,
12883,ok,10,4,643,False,False,False,O525,1,2
12885,ok,10,2,445,False,False,False,O453,1,2
12886,ok,10,2,479,False,False,False,,,
12887,ok,10,2,445,False,False,False,O62,13,2
12889,ok,10,3,667,False,False,False,O352,2,1
12891,capped,1000,2,46344,False,False,True,O557,1,1
12892,ok,100,4,6271,False,False,False,,,
12893,ok,25,3,1738,False,False,False,O520,1,2
12894,ok,10,2,488,False,False,False,O158,5,4
12896,ok,100,4,5391,False,False,False,,,
12898,ok,10,4,680,False,False,False,O143,6,3
12899,ok,10,2,477,False,False,False,O119,7,3
12900,ok,10,3,484,False,False,False,,,
12901,ok,10,2,451,False,False,False,O65,13,10
12902,ok,10,2,451,False,False,False,O6,47,27
12903,ok,100,5,8982,False,False,False,,,
12905,ok,10,2,445,False,False,False,O1,108,24
12906,ok,10,6,883,False,False,False,O269,3,1
12907,ok,25,2,1081,False,False,False,O43,16,6
12909,ok,25,2,1081,False,False,False,O7,45,22
12911,ok,10,3,570,False,False,False,O93,9,2
12912,ok,25,2,1081,False,False,False,O221,4,5
12913,ok,10,4,633,False,False,False,,,
12914,ok,10,2,229,False,False,False,O112,7,6
12915,ok,5,2,240,False,False,False,,,
12916,ok,10,5,883,False,False,False,,,
12917,ok,100,2,2013,False,False,False,O339,2,3
12919,ok,10,3,524,False,False,False,,,
12920,ok,10,2,476,False,False,False,O27,20,8
12922,ok,10,4,732,False,False,False,O172,5,1
12923,ok,10,2,522,False,False,False,O24,22,7
12924,ok,10,2,451,False,False,False,O65,13,10
12925,ok,25,2,1081,False,False,False,O12,32,17
12926,ok,10,3,349,False,False,False,O166,5,3
12928,ok,10,3,563,False,False,False,O469,1,1
12929,ok,10,1,138,False,False,False,O264,3,2
12930,ok,10,4,566,False,False,False,,,
12931,ok,10,2,232,False,False,False,,,
12932,ok,100,4,6365,False,False,False,O244,3,4
12933,ok,10,2,351,False,False,False,O120,7,5
12934,ok,10,3,557,False,False,False,O31,20,6
12935,ok,10,4,675,False,False,False,O66,13,6
12936,ok,100,5,9245,False,False,False,O15,29,3
12937,ok,10,2,445,False,False,False,O18,26,12
12939,ok,25,3,1732,False,False,False,O53,15,14
12940,ok,100,4,5719,False,False,False,,,
12941,ok,10,2,456,False,False,False,O21,24,12
12942,ok,851,2,21289,False,False,False,,,
12943,ok,10,4,781,False,False,False,O332,2,1
12945,ok,7,2,217,False,False,False,O106,8,3
12946,ok,10,2,226,False,False,False,,,
12948,capped,1000,2,46060,False,False,True,O322,2,1
12949,ok,10,3,738,False,False,False,O562,1,2
12950,ok,7,3,332,False,False,False,,,
12951,ok,10,2,451,False,False,False,O45,16,11
12952,ok,10,2,451,False,False,False,O1,108,24
12953,ok,25,3,1723,False,False,False,,,
12954,ok,25,2,1081,False,False,False,O12,32,17
12955,ok,25,2,1086,False,False,False,O186,4,4
12956,ok,25,2,1056,False,False,False,O547,1,1
12957,ok,10,2,466,False,False,False,O4,47,22
12958,ok,100,5,8312,False,False,False,,,
12959,ok,25,2,1075,False,False,False,O28,20,12
12960,ok,10,3,570,False,False,False,,,
12963,ok,25,2,1001,False,False,False,,,
12964,ok,10,2,228,False,False,False,O306,2,3
12965,ok,10,2,466,False,False,False,O4,47,22
12966,ok,0,3,40,True,False,False,,,
12967,ok,10,4,596,False,False,False,O266,3,3
12968,ok,10,2,445,False,False,False,O128,6,5
12969,ok,10,3,419,False,False,False,O563,1,2
12970,ok,10,4,808,False,False,False,O194,4,1
12972,ok,10,3,575,False,False,False,O278,3,2
12973,ok,10,5,744,False,False,False,,,
12975,capped,1000,3,45045,False,False,True,,,
12976,capped,1000,4,92035,False,False,True,,,
12977,ok,0,4,67,True,False,False,,,
12978,ok,4,9,563,False,False,False,O564,1,2
12980,ok,100,4,4356,False,False,False,,,
12981,ok,0,3,32,True,False,False,,,
12982,ok,10,2,207,False,False,False,O239,3,1
12983,ok,10,2,451,False,False,False,O6,47,27
12985,ok,10,4,656,False,False,False,O167,5,2
12986,ok,10,4,631,False,False,False,,,
12987,ok,10,2,225,False,False,False,O22,23,7
12988,ok,10,3,583,False,False,False,,,
12990,ok,10,2,451,False,False,False,O52,15,11
12991,ok,25,2,1075,False,False,False,O7,45,22
12992,ok,25,2,1075,False,False,False,O7,45,22
12993,ok,10,2,461,False,False,False,O4,47,22
12994,ok,100,5,7789,False,False,False,,,
12995,ok,10,3,587,False,False,False,,,
12996,ok,4,10,653,False,False,False,O84,10,3
12997,ok,10,4,826,False,False,False,O270,3,2
12999,ok,0,3,45,True,False,False,,,
13000,ok,10,4,640,False,False,False,,,
13004,ok,25,4,1895,False,False,False,,,
13006,ok,0,2,24,True,False,False,,,
13008,ok,5,4,389,False,False,False,,,
13009,ok,25,2,1056,False,False,False,,,
13010,ok,10,3,718,False,False,False,,,
13011,ok,25,2,1081,False,False,False,O86,10,7
13012,ok,100,3,3398,False,False,False,,,
13014,ok,10,3,349,False,False,False,O166,5,3
13016,ok,7,3,278,False,False,False,,,
13017,ok,7,3,285,False,False,False,O340,2,2
13018,ok,7,2,223,False,False,False,O82,10,4
13019,ok,10,2,228,False,False,False,O9,37,8
13021,ok,10,6,917,False,False,False,,,
13022,ok,10,5,729,False,False,False,O565,1,1
13023,ok,10,2,229,False,False,False,O546,1,2
13024,ok,10,4,329,False,False,False,,,
13025,ok,100,4,4349,False,False,False,,,
13026,ok,10,2,482,False,False,False,O54,15,5
13027,ok,10,4,665,False,False,False,O20,24,2
13028,ok,10,5,767,False,False,False,O272,3,1
13034,ok,4,1,88,False,False,False,O187,4,1
13035,ok,10,2,500,False,False,False,O105,8,3
13037,ok,4,8,563,False,False,False,,,
13038,ok,10,4,826,False,False,False,O550,1,1
13039,ok,10,2,377,False,False,False,,,
13040,ok,10,2,451,False,False,False,O6,47,27
13041,ok,10,3,560,False,False,False,O83,10,6
13043,ok,10,2,481,False,False,False,O206,4,3
13044,ok,365,2,9168,False,False,False,,,
13045,ok,25,2,1081,False,False,False,O12,32,17
13047,ok,10,2,490,False,False,False,O60,13,2
13048,ok,0,3,43,True,False,False,,,
13049,ok,2,7,242,False,False,False,,,
13050,ok,25,3,1713,False,False,False,,,
13052,ok,10,2,225,False,False,False,,,
13054,ok,25,3,1748,False,False,False,O168,5,2
13055,ok,7,2,217,False,False,False,,,
13056,ok,100,5,7114,False,False,False,O358,2,1
13058,ok,100,2,4592,False,False,False,,,
13059,ok,10,2,445,False,False,False,O1,108,24
13060,ok,10,4,801,False,False,False,,,
13061,ok,10,2,500,False,False,False,O105,8,3
13062,ok,25,2,707,False,False,False,,,
13063,ok,10,2,451,False,False,False,O566,1,1
13067,ok,0,7,83,True,False,False,,,
13069,ok,100,5,6964,False,False,False,O30,20,2
13070,ok,10,2,445,False,False,False,O153,5,3
13071,ok,2,10,399,False,False,False,O64,13,4
13073,ok,10,5,707,False,False,False,O144,6,1
13074,ok,10,2,441,False,False,False,O191,4,4
13075,ok,10,3,561,False,False,False,O38,17,5
13079,ok,10,2,451,False,False,False,O21,24,12
13080,ok,25,2,1075,False,False,False,O5,47,17
13081,capped,1000,3,45818,False,False,True,,,
13082,ok,25,3,1205,False,False,False,,,
13083,ok,25,2,1106,False,False,False,O10,33,15
13084,ok,100,4,5402,False,False,False,O319,2,2
13085,ok,10,2,488,False,False,False,O521,1,2
13086,ok,10,3,566,False,False,False,O72,11,1
13087,ok,10,3,580,False,False,False,O113,7,2
13088,capped,1000,2,19852,False,False,True,,,
13089,ok,25,2,1075,False,False,False,O28,20,12
13090,ok,25,2,834,False,False,False,,,
13092,ok,100,5,8256,False,False,False,,,
13093,ok,10,2,456,False,False,False,O1,108,24
13094,ok,10,2,219,False,False,False,,,
13095,ok,10,3,519,False,False,False,,,
13096,ok,4,7,378,False,False,False,O162,5,2
13097,ok,0,2,25,True,False,False,,,
13098,ok,0,2,24,True,False,False,,,
13099,ok,10,5,916,False,False,False,O117,7,4
13101,ok,10,2,445,False,False,False,O183,4,5
13102,ok,0,2,30,True,False,False,,,
13103,capped,1000,4,52731,False,False,True,,,
13104,ok,10,3,554,False,False,False,O152,5,4
13105,ok,10,3,560,False,False,False,O83,10,6
13107,ok,10,2,418,False,False,False,O41,16,7
13108,ok,50,5,3509,False,False,False,,,
13109,ok,4,9,614,False,False,False,O474,1,1
13110,ok,100,2,4694,False,False,False,,,
13111,ok,25,2,1081,False,False,False,O7,45,22
13112,ok,0,4,67,True,False,False,,,
13113,ok,10,4,810,False,False,False,O317,2,3
13114,ok,25,2,1081,False,False,False,O220,4,5
13116,ok,25,3,1738,False,False,False,O175,5,5
13117,ok,10,4,626,False,False,False,,,
13118,ok,10,4,839,False,False,False,O91,9,4
13122,ok,100,5,9232,False,False,False,O15,29,3
13123,ok,25,3,1748,False,False,False,O175,5,5
13125,ok,100,5,6092,False,False,False,,,
13126,ok,10,4,634,False,False,False,O567,1,2
13127,ok,25,2,1081,False,False,False,O14,29,17
13128,ok,10,3,750,False,False,False,O44,16,2
13129,ok,10,2,451,False,False,False,O183,4,5
13130,ok,10,3,597,False,False,False,O50,15,4
13131,ok,10,2,456,False,False,False,O153,5,3
13132,ok,10,2,461,False,False,False,O4,47,22
13133,ok,10,2,451,False,False,False,O275,3,2
13134,ok,0,2,30,True,False,False,,,
13135,ok,10,2,228,False,False,False,O306,2,3
13136,ok,100,4,6070,False,False,False,O568,1,1
13137,ok,10,4,637,False,False,False,O42,16,4
13138,ok,25,3,1738,False,False,False,O534,1,1
13139,ok,10,1,144,False,False,False,O338,2,2
13140,ok,100,6,8304,False,False,False,,,
13142,ok,25,2,1081,False,False,False,O43,16,6
13143,ok,25,3,1738,False,False,False,O59,13,3
13146,ok,10,4,758,False,False,False,O145,6,2
13147,ok,10,4,584,False,False,False,,,
13149,ok,25,2,1075,False,False,False,O34,18,9
13150,ok,10,4,794,False,False,False,,,
13151,ok,10,3,573,False,False,False,,,
13152,ok,25,2,1075,False,False,False,O279,3,3
13153,ok,100,4,6213,False,False,False,O208,4,3
13154,ok,10,2,451,False,False,False,O192,4,4
13155,ok,100,4,7863,False,False,False,O530,1,2
13157,ok,10,3,582,False,False,False,,,
13159,ok,10,2,461,False,False,False,O4,47,22
13160,ok,10,2,488,False,False,False,O158,5,4
13161,ok,100,5,9230,False,False,False,O15,29,3
13162,ok,7,4,401,False,False,False,,,
13164,ok,100,4,6460,False,False,False,,,
13165,ok,10,3,744,False,False,False,O44,16,2
13166,ok,25,2,1075,False,False,False,O43,16,6
13168,ok,10,2,445,False,False,False,O49,15,5
13169,ok,10,2,456,False,False,False,O6,47,27
13170,ok,7,3,285,False,False,False,,,
13171,ok,100,4,7095,False,False,False,O301,2,1
13172,ok,25,2,1049,False,False,False,,,
13174,ok,25,2,1081,False,False,False,O5,47,17
13175,ok,10,2,528,False,False,False,O24,22,7
13177,ok,1,4,131,False,False,False,,,
13178,ok,0,3,34,True,False,False,,,
13179,ok,25,2,1075,False,False,False,O25,21,6
13180,ok,25,2,657,False,False,False,,,
13181,ok,100,4,4343,False,False,False,O359,2,2
13182,ok,10,2,234,False,False,False,O11,33,9
13183,ok,10,2,235,False,False,False,O280,3,2
13184,ok,10,5,804,False,False,False,,,
13185,ok,100,5,7324,False,False,False,,,
13186,ok,10,3,572,False,False,False,O569,1,1
13187,ok,10,4,587,False,False,False,,,
13189,ok,10,4,813,False,False,False,,,
13190,ok,10,3,566,False,False,False,O321,2,3
13191,ok,10,2,466,False,False,False,O4,47,22
13194,ok,10,2,522,False,False,False,O24,22,7
13195,ok,25,2,1050,False,False,False,,,
13196,ok,10,3,572,False,False,False,O570,1,1
13197,ok,1,3,74,False,False,False,,,
13198,ok,10,2,451,False,False,False,O45,16,11
13199,ok,10,2,451,False,False,False,O6,47,27
13201,capped,1000,3,46628,False,False,True,,,
13202,capped,1000,4,55633,False,False,True,,,
13204,ok,10,2,497,False,False,False,,,
13205,ok,10,2,451,False,False,False,O21,24,12
13207,ok,10,4,674,False,False,False,,,
13209,ok,100,5,9245,False,False,False,O15,29,3
13210,ok,25,2,1081,False,False,False,O571,1,2
13213,ok,25,2,1081,False,False,False,O5,47,17
13214,ok,10,4,495,False,False,False,O495,1,2
13215,ok,10,2,449,False,False,False,O52,15,11
13216,ok,10,2,464,False,False,False,O142,6,6
13217,ok,10,4,759,False,False,False,O104,8,2
13218,ok,7,3,278,False,False,False,,,
13221,ok,100,5,9252,False,False,False,O15,29,3
13222,ok,7,3,273,False,False,False,,,
13223,ok,10,2,425,False,False,False,O41,16,7
13224,ok,10,2,461,False,False,False,O4,47,22
13226,ok,10,2,227,False,False,False,O257,3,2
13228,ok,10,5,623,False,False,False,,,
13229,ok,5,2,198,False,False,False,,,
13230,ok,10,1,154,False,False,False,,,
13232,ok,10,1,144,False,False,False,O273,3,2
13233,ok,10,2,445,False,False,False,O21,24,12
13237,ok,10,4,591,False,False,False,O238,3,1
13238,ok,25,2,1081,False,False,False,O28,20,12
13239,ok,100,4,4249,False,False,False,,,
13242,ok,6,5,528,False,False,False,,,
13243,ok,10,3,565,False,False,False,O51,15,4
13244,capped,1000,10,133020,False,False,True,,,
13245,ok,10,2,234,False,False,False,O46,16,3
13248,ok,25,2,1081,False,False,False,O215,4,4
13249,ok,10,2,474,False,False,False,O173,5,2
13250,ok,10,2,451,False,False,False,O18,26,12
13254,ok,10,2,445,False,False,False,O353,2,3
13256,ok,10,2,445,False,False,False,O171,5,5
13258,ok,10,5,899,False,False,False,,,
13259,ok,5,2,240,False,False,False,,,
13260,ok,10,3,592,False,False,False,,,
13261,ok,0,3,45,True,False,False,,,
13262,ok,10,2,451,False,False,False,O549,1,2
13263,ok,25,2,1056,False,False,False,O57,14,7
13264,ok,10,2,230,False,False,False,,,
13265,ok,100,4,4238,False,False,False,,,
13266,ok,25,4,1249,False,False,False,,,
13267,ok,4,9,552,False,False,False,O355,2,2
13268,ok,10,4,513,False,False,False,,,
13275,ok,10,4,525,False,False,False,,,
13276,ok,4,8,495,False,False,False,O169,5,3
13277,ok,10,3,430,False,False,False,,,
13280,ok,10,2,445,False,False,False,O161,5,5
13282,ok,4,10,657,False,False,False,O84,10,3
13283,ok,10,6,909,False,False,False,,,
13287,ok,10,3,549,False,False,False,O77,11,3
13288,ok,100,5,7617,False,False,False,,,
13290,ok,100,4,6217,False,False,False,O208,4,3
13291,ok,10,3,383,False,False,False,O480,1,1
13292,ok,10,2,495,False,False,False,O129,6,3
13293,ok,25,3,1748,False,False,False,O175,5,5
13294,ok,10,4,606,False,False,False,,,
13295,ok,10,5,705,False,False,False,O144,6,1
13296,ok,10,4,681,False,False,False,,,
13298,ok,5,2,245,False,False,False,,,
13299,ok,10,4,833,False,False,False,O572,1,2
13300,ok,7,3,285,False,False,False,O202,4,4
13301,ok,10,3,590,False,False,False,O73,11,2
13302,ok,1,1,33,False,False,False,O281,3,3
13304,ok,100,6,6726,False,False,False,,,
13306,ok,25,3,1205,False,False,False,O573,1,2
13307,ok,100,5,6627,False,False,False,,,
13308,ok,25,2,676,False,False,False,,,
13310,ok,4,10,667,False,False,False,O139,6,2
13311,ok,10,2,296,False,False,False,,,
13312,ok,10,3,551,False,False,False,O23,22,6
13313,ok,10,4,820,False,False,False,O360,2,2
13314,ok,10,3,730,False,False,False,O357,2,3
13315,capped,1000,3,50033,False,False,True,,,
13317,ok,25,2,1086,False,False,False,O28,20,12
13318,ok,10,6,914,False,False,False,,,
13319,ok,10,2,500,False,False,False,,,
13321,ok,10,4,644,False,False,False,O42,16,4
13323,ok,10,3,547,False,False,False,,,
13326,ok,10,3,584,False,False,False,O73,11,2
13328,ok,100,7,9641,False,False,False,,,
13329,ok,7,3,279,False,False,False,,,
13330,ok,25,2,1056,False,False,False,O57,14,7
13331,ok,10,2,455,False,False,False,O4,47,22
13333,ok,7,3,157,False,False,False,,,
13336,ok,10,5,704,False,False,False,,,
13338,ok,10,4,384,False,False,False,,,
13340,ok,0,2,24,True,False,False,,,
13341,ok,100,5,6969,False,False,False,O30,20,2
13342,capped,1000,2,46060,False,False,True,O322,2,1
13343,ok,10,2,451,False,False,False,O18,26,12
13345,ok,10,3,561,False,False,False,O38,17,5
13347,ok,10,2,451,False,False,False,O1,108,24
13348,ok,10,7,1325,False,False,False,,,
13349,ok,10,4,736,False,False,False,O172,5,1
13352,ok,10,2,451,False,False,False,O1,108,24
13356,ok,10,3,357,False,False,False,O136,6,7
13357,ok,10,3,526,False,False,False,O491,1,2
13358,ok,100,6,10488,False,False,False,,,
13359,ok,100,4,6217,False,False,False,,,
13360,ok,7,3,278,False,False,False,O282,3,3
13361,ok,10,3,584,False,False,False,O73,11,2
13362,ok,10,3,557,False,False,False,O23,22,6
13363,ok,100,4,7640,False,False,False,O203,4,1
13364,ok,10,2,227,False,False,False,O498,1,2
13365,ok,100,5,6383,False,False,False,O254,3,1
13366,ok,10,2,451,False,False,False,O62,13,2
13367,ok,10,3,389,False,False,False,O574,1,1
13368,ok,10,2,451,False,False,False,O109,8,6
13370,ok,10,2,223,False,False,False,,,
13371,ok,25,3,1723,False,False,False,,,
13372,ok,10,5,777,False,False,False,O272,3,1
13373,capped,1000,3,52816,False,False,True,O555,1,2
13374,ok,100,6,8627,False,False,False,O506,1,1
13377,ok,2,9,369,False,False,False,O261,3,2
13378,ok,10,3,551,False,False,False,O23,22,6
13380,ok,10,2,456,False,False,False,O6,47,27
13382,ok,25,2,1086,False,False,False,O220,4,5
13383,ok,10,4,765,False,False,False,O104,8,2
13385,ok,100,3,5297,False,False,False,O575,1,2
13386,ok,10,4,640,False,False,False,O164,5,6
13387,ok,100,4,5486,False,False,False,O576,1,1
13388,ok,25,2,1081,False,False,False,O220,4,5
13389,ok,10,2,456,False,False,False,O62,13,2
13390,ok,10,2,451,False,False,False,O18,26,12
13391,ok,100,5,8361,False,False,False,O295,2,1
13392,ok,10,5,916,False,False,False,O117,7,4
13393,ok,100,5,7114,False,False,False,O358,2,1
13394,ok,10,4,656,False,False,False,O167,5,2
13395,ok,10,3,644,False,False,False,O36,18,2
13397,ok,10,4,639,False,False,False,,,
13398,ok,100,5,9245,False,False,False,O15,29,3
13401,ok,10,3,551,False,False,False,O23,22,6
13402,ok,10,2,456,False,False,False,O65,13,10
13404,ok,10,4,680,False,False,False,O231,3,1
13405,ok,10,7,967,False,False,False,,,
13406,ok,10,2,451,False,False,False,O6,47,27
13408,ok,10,4,418,False,False,False,O361,2,3
13410,ok,10,5,727,False,False,False,O565,1,1
13411,ok,10,4,805,False,False,False,,,
13412,ok,10,2,456,False,False,False,O49,15,5
13415,ok,25,2,1081,False,False,False,O7,45,22
13416,ok,25,2,1081,False,False,False,O34,18,9
13417,ok,10,2,456,False,False,False,O45,16,11
13418,ok,25,3,1738,False,False,False,O260,3,4
13419,ok,10,4,637,False,False,False,O42,16,4
13420,ok,10,4,833,False,False,False,O572,1,2
13423,ok,10,3,306,False,False,False,,,
13424,ok,10,2,228,False,False,False,O9,37,8
13425,ok,25,2,1075,False,False,False,O34,18,9
13428,ok,100,5,7843,False,False,False,O29,20,2
13429,ok,10,2,445,False,False,False,O52,15,11
13430,ok,25,3,1748,False,False,False,O175,5,5
13432,ok,25,2,1075,False,False,False,O5,47,17
13433,ok,100,5,7106,False,False,False,O201,4,3
13434,ok,10,4,625,False,False,False,O213,4,1
13435,ok,10,2,445,False,False,False,O1,108,24
13437,ok,10,2,216,False,False,False,O577,1,2
13438,ok,10,3,564,False,False,False,O216,4,5
13440,ok,25,3,1738,False,False,False,O53,15,14
13442,ok,25,2,1081,False,False,False,O7,45,22
13443,ok,10,2,451,False,False,False,,,
13444,ok,100,3,4132,False,False,False,,,
13446,ok,10,7,1198,False,False,False,,,
13447,ok,10,2,445,False,False,False,O21,24,12
13448,ok,100,5,7838,False,False,False,O29,20,2
13449,ok,25,2,1081,False,False,False,O25,21,6
13450,ok,10,4,673,False,False,False,,,
13451,ok,10,3,556,False,False,False,,,
13452,ok,25,2,1081,False,False,False,O220,4,5
13453,ok,10,4,620,False,False,False,,,
13454,ok,100,6,8603,False,False,False,,,
13455,ok,7,4,448,False,False,False,,,
13456,ok,7,3,275,False,False,False,O146,6,4
13457,ok,10,4,771,False,False,False,O578,1,2
13458,ok,10,2,215,False,False,False,,,
13461,ok,100,6,8300,False,False,False,O579,1,1
13462,ok,25,3,1723,False,False,False,,,
13464,ok,100,14,17856,False,False,False,,,
13465,ok,10,4,814,False,False,False,,,
13466,ok,25,3,1738,False,False,False,,,
13467,ok,10,3,500,False,False,False,O193,4,1
13468,ok,10,3,571,False,False,False,O51,15,4
13469,ok,10,5,718,False,False,False,,,
13470,ok,7,3,287,False,False,False,O340,2,2
13471,ok,10,4,876,False,False,False,,,
13474,ok,2,9,369,False,False,False,O261,3,2
13475,ok,10,2,445,False,False,False,O75,11,4
13476,ok,10,5,884,False,False,False,O134,6,1
13477,ok,100,5,3051,False,False,False,,,
13479,ok,0,4,61,True,False,False,,,
13480,ok,10,4,838,False,False,False,,,
13482,ok,25,5,2253,False,False,False,,,
13483,ok,10,3,287,False,False,False,O536,1,1
13485,ok,10,2,528,False,False,False,O24,22,7
13486,ok,2,10,395,False,False,False,O64,13,4
13487,ok,10,5,977,False,False,False,O103,8,2
13488,ok,25,2,1106,False,False,False,O10,33,15
13490,ok,100,4,6736,False,False,False,O95,9,1
13491,ok,25,3,1261,False,False,False,,,
13493,ok,10,3,325,False,False,False,,,
13494,ok,0,4,62,True,False,False,,,
13495,ok,10,4,751,False,False,False,,,
13497,ok,10,4,613,False,False,False,,,
13498,ok,10,3,571,False,False,False,O51,15,4
13499,ok,10,5,901,False,False,False,,,
13500,ok,10,4,665,False,False,False,O20,24,2
13502,ok,10,3,578,False,False,False,O570,1,1
13503,ok,10,2,234,False,False,False,O46,16,3
13504,ok,25,2,1081,False,False,False,O14,29,17
13505,ok,25,2,1081,False,False,False,O63,13,9
13507,ok,10,5,623,False,False,False,,,
13509,ok,100,4,6749,False,False,False,O95,9,1
13512,ok,25,4,1842,False,False,False,O580,1,1
13513,ok,10,3,269,False,False,False,,,
13516,ok,10,3,418,False,False,False,O563,1,2
13517,ok,25,2,1075,False,False,False,O12,32,17
13518,ok,10,4,680,False,False,False,O240,3,2
13519,ok,10,2,351,False,False,False,O120,7,5
13523,ok,10,3,264,False,False,False,,,
13524,ok,0,2,24,True,False,False,,,
13525,ok,10,2,445,False,False,False,O171,5,5
13526,ok,10,2,228,False,False,False,O9,37,8
13528,ok,5,3,231,False,False,False,,,
13530,ok,25,4,1602,False,False,False,,,
13532,ok,10,3,560,False,False,False,O336,2,2
13533,ok,10,2,441,False,False,False,O191,4,4
13534,ok,25,2,1081,False,False,False,O7,45,22
13535,ok,10,3,572,False,False,False,O569,1,1
13537,ok,10,2,445,False,False,False,O6,47,27
13538,capped,1000,5,90886,False,False,True,,,
13539,ok,5,3,279,False,False,False,,,
13540,ok,10,2,528,False,False,False,O24,22,7
13541,ok,25,2,1081,False,False,False,O529,1,2
13542,ok,100,6,8329,False,False,False,O94,9,1
13543,ok,7,3,301,False,False,False,,,
13544,ok,100,4,7774,False,False,False,O127,6,2
13546,ok,25,2,1075,False,False,False,O5,47,17
13547,ok,10,2,456,False,False,False,O153,5,3
13548,ok,10,2,289,False,False,False,O88,10,6
13550,ok,10,3,534,False,False,False,O131,6,4
13551,ok,4,10,667,False,False,False,O139,6,2
13552,ok,10,2,451,False,False,False,O276,3,3
13553,ok,7,4,419,False,False,False,,,
13554,ok,10,4,599,False,False,False,,,
13555,ok,10,2,445,False,False,False,O65,13,10
13556,ok,100,4,7594,False,False,False,O362,2,1
13558,ok,100,6,11131,False,False,False,,,
13559,ok,10,3,718,False,False,False,O242,3,2
13560,ok,10,4,585,False,False,False,,,
13561,ok,10,2,233,False,False,False,,,
13562,ok,10,4,845,False,False,False,O356,2,3
13563,ok,25,2,1081,False,False,False,O5,47,17
13564,ok,10,4,787,False,False,False,,,
13566,ok,25,3,1738,False,False,False,O59,13,3
13567,ok,10,4,675,False,False,False,O66,13,6
13568,ok,10,2,461,False,False,False,O142,6,6
13569,ok,100,5,9236,False,False,False,O15,29,3
13570,ok,10,3,573,False,False,False,O141,6,2
13571,ok,10,3,591,False,False,False,O159,5,2
13572,ok,25,2,1081,False,False,False,O86,10,7
13574,ok,25,2,1081,False,False,False,O186,4,4
13575,ok,10,2,228,False,False,False,O9,37,8
13576,ok,100,5,8581,False,False,False,,,
13577,ok,7,2,223,False,False,False,O82,10,4
13579,ok,25,2,1086,False,False,False,O333,2,2
13580,ok,10,3,489,False,False,False,,,
13582,ok,10,2,451,False,False,False,O6,47,27
13583,ok,10,3,745,False,False,False,O235,3,2
13584,ok,25,2,1056,False,False,False,O57,14,7
13586,ok,10,2,451,False,False,False,O39,17,11
13587,ok,4,9,563,False,False,False,O564,1,2
13589,ok,10,4,663,False,False,False,O20,24,2
13590,ok,10,2,451,False,False,False,O171,5,5
13591,ok,10,2,244,False,False,False,,,
13592,ok,10,2,451,False,False,False,O52,15,11
13593,ok,10,2,213,False,False,False,O239,3,1
13594,ok,10,3,539,False,False,False,O363,2,3
13596,ok,10,3,688,False,False,False,O26,21,1
13597,ok,10,2,451,False,False,False,O508,1,1
13600,ok,10,3,579,False,False,False,,,
13601,ok,10,2,451,False,False,False,O45,16,11
13602,ok,100,4,3919,False,False,False,,,
13604,ok,10,5,872,False,False,False,,,
13606,capped,1000,5,103318,False,False,True,,,
13607,ok,25,2,1081,False,False,False,O14,29,17
13608,ok,10,2,455,False,False,False,O138,6,5
13609,ok,0,3,32,True,False,False,,,
13610,ok,10,2,451,False,False,False,O210,4,2
13612,ok,25,2,1081,False,False,False,O443,1,1
13613,ok,10,3,552,False,False,False,O581,1,1
13614,ok,25,2,1081,False,False,False,O499,1,2
13615,ok,10,2,480,False,False,False,O16,27,5
13617,ok,25,2,1081,False,False,False,O343,2,3
13618,ok,5,4,306,False,False,False,,,
13619,capped,1000,3,44900,False,False,True,,,
13621,ok,10,2,456,False,False,False,O6,47,27
13622,capped,1000,3,45788,False,False,True,O58,13,2
13623,ok,0,2,35,True,False,False,,,
13624,ok,25,2,1075,False,False,False,O7,45,22
13626,ok,10,2,213,False,False,False,O239,3,1
13627,ok,100,5,7834,False,False,False,O29,20,2
13630,ok,7,3,270,False,False,False,O146,6,4
13631,capped,1000,3,45699,False,False,True,O427,1,1
13632,ok,10,5,917,False,False,False,,,
13633,ok,10,2,431,False,False,False,,,
13635,ok,100,5,7834,False,False,False,O29,20,2
13636,ok,10,2,477,False,False,False,,,
13638,ok,10,2,482,False,False,False,O27,20,8
13639,ok,10,2,508,False,False,False,O479,1,2
13640,ok,10,3,598,False,False,False,O159,5,2
13642,ok,1,10,262,False,False,False,O582,1,2
13643,ok,10,3,551,False,False,False,O23,22,6
13644,ok,100,5,7115,False,False,False,O358,2,1
13646,ok,10,4,480,False,False,False,O345,2,2
13648,ok,1,9,235,False,False,False,,,
13649,ok,10,1,144,False,False,False,,,
13650,ok,25,2,1081,False,False,False,O34,18,9
13651,ok,25,3,1738,False,False,False,O198,4,2
13652,ok,25,2,1049,False,False,False,O329,2,3
13653,ok,10,2,445,False,False,False,O183,4,5
13655,ok,7,3,284,False,False,False,O209,4,3
13656,ok,2,7,263,False,False,False,O500,1,2
13657,ok,25,2,1081,False,False,False,O28,20,12
13658,ok,100,5,5650,False,False,False,,,
13660,ok,10,3,674,False,False,False,O364,2,1
13661,ok,7,2,223,False,False,False,O82,10,4
13662,ok,10,4,680,False,False,False,,,
13663,ok,7,3,284,False,False,False,O202,4,4
13664,ok,10,3,552,False,False,False,O324,2,2
13665,ok,5,2,240,False,False,False,,,
13666,ok,7,2,217,False,False,False,O82,10,4
13668,capped,1000,3,46441,False,False,True,,,
13669,ok,100,4,6794,False,False,False,,,
13670,ok,25,2,1106,False,False,False,O10,33,15
13671,ok,10,3,581,False,False,False,O300,2,3
13672,ok,10,2,456,False,False,False,,,
13673,ok,10,2,418,False,False,False,O303,2,2
13674,ok,10,2,456,False,False,False,O153,5,3
13676,ok,25,2,1081,False,False,False,O5,47,17
13677,ok,100,5,6969,False,False,False,O30,20,2
13678,ok,10,4,516,False,False,False,,,
13679,ok,10,4,826,False,False,False,O85,10,2
13681,ok,10,2,461,False,False,False,O4,47,22
13682,ok,25,2,1075,False,False,False,,,
13683,ok,10,2,451,False,False,False,O6,47,27
13684,ok,10,3,597,False,False,False,O50,15,4
13686,ok,25,3,1738,False,False,False,O74,11,3
13688,ok,100,5,8255,False,False,False,,,
13689,ok,10,4,624,False,False,False,,,
13690,ok,10,2,451,False,False,False,,,
13691,ok,10,2,456,False,False,False,O18,26,12
13695,ok,4,3,159,False,False,False,,,
13696,ok,100,5,7802,False,False,False,,,
13697,ok,7,2,217,False,False,False,O106,8,3
13698,ok,10,2,451,False,False,False,O6,47,27
13699,ok,25,2,1081,False,False,False,O35,18,9
13700,ok,10,2,490,False,False,False,O60,13,2
13702,ok,10,3,553,False,False,False,,,
13703,ok,100,5,6966,False,False,False,O30,20,2
13706,ok,10,2,478,False,False,False,O32,20,9
13707,ok,25,2,1096,False,False,False,O434,1,2
13712,ok,7,2,217,False,False,False,,,
13713,ok,10,3,545,False,False,False,O363,2,3
13715,ok,25,2,1081,False,False,False,O28,20,12
13716,ok,25,2,1055,False,False,False,O174,5,6
13717,ok,100,4,7195,False,False,False,O195,4,1
13718,ok,10,3,566,False,False,False,,,
13719,ok,100,4,7186,False,False,False,O195,4,1
13720,ok,10,3,460,False,False,False,,,
13722,ok,10,3,424,False,False,False,O486,1,2
13724,ok,10,4,596,False,False,False,O583,1,1
13725,ok,10,2,445,False,False,False,O45,16,11
13726,ok,25,2,1086,False,False,False,O35,18,9
13727,ok,10,4,675,False,False,False,O66,13,6
13728,ok,10,3,386,False,False,False,,,
13729,ok,10,2,476,False,False,False,O27,20,8
13730,ok,25,2,1081,False,False,False,O34,18,9
13735,ok,7,2,158,False,False,False,O116,7,3
13736,ok,25,2,1075,False,False,False,,,
13737,ok,10,2,302,False,False,False,,,
13738,ok,10,3,564,False,False,False,O216,4,5
13739,ok,10,5,862,False,False,False,,,
13740,ok,10,2,445,False,False,False,O128,6,5
13741,ok,100,6,8053,False,False,False,,,
13743,ok,25,2,1057,False,False,False,,,
13744,ok,100,5,8250,False,False,False,,,
13746,ok,100,5,6949,False,False,False,O30,20,2
13747,ok,10,1,144,False,False,False,O584,1,2
13748,ok,10,3,556,False,False,False,O33,19,4
13750,ok,10,2,451,False,False,False,O353,2,3
13753,ok,10,2,506,False,False,False,O468,1,1
13755,ok,10,3,667,False,False,False,O352,2,1
13756,ok,10,2,234,False,False,False,O11,33,9
13758,ok,100,4,6736,False,False,False,O95,9,1
13762,ok,10,2,456,False,False,False,O39,17,11
13763,ok,10,3,512,False,False,False,,,
13764,ok,10,2,456,False,False,False,O535,1,2
13765,ok,10,5,859,False,False,False,,,
13766,ok,10,2,461,False,False,False,O138,6,5
13768,ok,10,3,534,False,False,False,O131,6,4
13769,ok,10,4,806,False,False,False,O237,3,4
13771,ok,10,2,476,False,False,False,O54,15,5
13772,ok,25,2,1081,False,False,False,O279,3,3
13773,ok,10,4,438,False,False,False,O361,2,3
13774,ok,10,3,565,False,False,False,O51,15,4
13775,ok,10,2,231,False,False,False,O22,23,7
13778,ok,7,3,277,False,False,False,O267,3,2
13779,ok,10,2,451,False,False,False,O109,8,6
13781,ok,10,4,536,False,False,False,,,
13782,ok,10,4,496,False,False,False,,,
13784,ok,10,2,451,False,False,False,O1,108,24
13785,ok,0,2,30,True,False,False,,,
13786,ok,7,2,217,False,False,False,,,
13787,ok,0,4,58,True,False,False,,,
13788,ok,10,2,496,False,False,False,,,
13789,ok,10,2,451,False,False,False,O6,47,27
13790,ok,10,2,213,False,False,False,O232,3,1
13791,ok,10,3,596,False,False,False,O61,13,8
13793,ok,7,4,275,False,False,False,,,
13794,capped,1000,3,44855,False,False,True,,,
13795,ok,10,3,718,False,False,False,O233,3,2
13797,ok,25,2,1081,False,False,False,O155,5,4
13798,ok,7,3,277,False,False,False,O524,1,2
13799,ok,10,2,228,False,False,False,O46,16,3
13800,ok,10,2,451,False,False,False,O45,16,11
13801,ok,10,2,225,False,False,False,O22,23,7
13802,ok,10,4,423,False,False,False,,,
13803,ok,10,4,591,False,False,False,,,
13804,ok,25,2,1086,False,False,False,O170,5,6
13805,ok,10,2,224,False,False,False,O256,3,1
13806,ok,25,2,1081,False,False,False,O34,18,9
13808,capped,1000,2,19026,False,False,True,O488,1,1
13809,ok,10,2,451,False,False,False,O276,3,3
13810,ok,10,2,465,False,False,False,O142,6,6
13812,ok,7,3,284,False,False,False,O209,4,3
13813,ok,10,3,548,False,False,False,,,
13814,ok,25,3,1738,False,False,False,,,
13815,ok,10,6,894,False,False,False,O269,3,1
13817,ok,10,2,455,False,False,False,,,
13818,ok,1,2,65,False,False,False,,,
13820,ok,25,3,1738,False,False,False,O74,11,3
13822,ok,10,2,500,False,False,False,O105,8,3
13823,capped,1000,3,44889,False,False,True,O349,2,1
13824,ok,0,4,65,True,False,False,,,
13826,ok,25,2,1049,False,False,False,,,
13827,ok,25,4,1841,False,False,False,O580,1,1
13828,ok,10,3,560,False,False,False,O83,10,6
13829,ok,10,3,575,False,False,False,O278,3,2
13830,ok,3,2,161,False,False,False,,,
13831,ok,10,2,228,False,False,False,O11,33,9
13832,ok,10,2,441,False,False,False,,,
13833,ok,10,4,747,False,False,False,,,
13837,ok,10,3,354,False,False,False,O248,3,2
13838,ok,25,2,1081,False,False,False,O34,18,9
13839,capped,1000,5,78258,False,False,True,,,
13841,ok,25,2,1081,False,False,False,O28,20,12
13842,ok,10,2,229,False,False,False,O112,7,6
13843,ok,10,2,456,False,False,False,O62,13,2
13845,ok,10,6,924,False,False,False,,,
13846,ok,10,2,451,False,False,False,O62,13,2
13848,ok,25,2,1056,False,False,False,O325,2,1
13849,ok,10,2,484,False,False,False,O32,20,9
13851,ok,10,3,551,False,False,False,O23,22,6
13852,ok,5,2,194,False,False,False,,,
13853,ok,10,3,569,False,False,False,O585,1,2
13854,ok,25,2,1086,False,False,False,O25,21,6
13855,ok,25,3,1735,False,False,False,O586,1,2
13856,ok,10,4,602,False,False,False,O266,3,3
13858,ok,10,2,197,False,False,False,,,
13859,ok,10,2,219,False,False,False,,,
13860,ok,100,5,7809,False,False,False,,,
13861,ok,10,2,494,False,False,False,O105,8,3
13862,ok,10,3,562,False,False,False,O33,19,4
13864,ok,10,4,630,False,False,False,,,
13866,ok,10,2,456,False,False,False,O151,5,4
13867,ok,25,3,1732,False,False,False,,,
13868,ok,10,2,486,False,False,False,,,
13870,ok,10,4,635,False,False,False,O42,16,4
13871,ok,25,2,1075,False,False,False,O28,20,12
13875,ok,25,2,1056,False,False,False,O118,7,6
13876,ok,100,5,8358,False,False,False,O295,2,1
13877,ok,10,3,565,False,False,False,O331,2,1
13878,ok,100,4,7184,False,False,False,O195,4,1
13881,ok,10,4,718,False,False,False,O96,9,4
13883,ok,10,5,962,False,False,False,O103,8,2
13884,ok,7,4,443,False,False,False,,,
13885,ok,25,2,1081,False,False,False,O7,45,22
13886,ok,100,5,7929,False,False,False,,,
13887,ok,10,2,451,False,False,False,O109,8,6
13888,ok,10,2,451,False,False,False,O21,24,12
13889,ok,25,3,1369,False,False,False,O440,1,1
13890,ok,10,2,225,False,False,False,O22,23,7
13892,ok,25,2,1081,False,False,False,O5,47,17
13893,ok,25,2,1075,False,False,False,O63,13,9
13894,ok,25,2,1106,False,False,False,O10,33,15
13897,ok,7,3,287,False,False,False,O267,3,2
13899,ok,10,2,482,False,False,False,O54,15,5
13900,ok,25,3,1133,False,False,False,,,
13901,ok,25,2,1075,False,False,False,O12,32,17
13902,ok,10,1,138,False,False,False,O273,3,2
13903,ok,10,4,904,False,False,False,,,
13904,ok,10,2,451,False,False,False,O39,17,11
13906,ok,10,2,451,False,False,False,O566,1,1
13907,ok,10,3,557,False,False,False,O218,4,2
13909,ok,7,3,271,False,False,False,O310,2,3
13911,ok,10,2,456,False,False,False,O75,11,4
13912,ok,7,2,223,False,False,False,O106,8,3
13913,ok,0,5,77,True,False,False,,,
13914,ok,25,3,1704,False,False,False,,,
13915,ok,10,3,546,False,False,False,,,
13917,ok,10,3,583,False,False,False,,,
13918,ok,25,2,1100,False,False,False,O10,33,15
13919,ok,100,3,4496,False,False,False,,,
13922,ok,25,2,1050,False,False,False,,,
13923,capped,1000,4,85790,False,False,True,,,
13924,ok,10,4,671,False,False,False,,,
13925,ok,10,2,431,False,False,False,,,
13927,ok,100,6,12001,False,False,False,,,
13928,ok,10,6,894,False,False,False,O269,3,1
13929,ok,25,2,1075,False,False,False,O12,32,17
13930,ok,25,2,1081,False,False,False,O28,20,12
13932,ok,25,2,1075,False,False,False,O28,20,12
13933,ok,0,3,45,True,False,False,,,
13934,ok,25,2,1086,False,False,False,O12,32,17
13935,ok,7,3,285,False,False,False,,,
13936,ok,50,4,3442,False,False,False,,,
13937,ok,0,2,24,True,False,False,,,
13939,ok,25,2,1081,False,False,False,O115,7,7
13940,ok,10,2,500,False,False,False,O55,15,7
13941,ok,10,4,817,False,False,False,O270,3,2
13942,ok,100,5,8556,False,False,False,,,
13943,ok,100,5,6972,False,False,False,O30,20,2
13945,ok,10,2,225,False,False,False,O22,23,7
13946,ok,10,2,421,False,False,False,,,
13947,ok,10,4,586,False,False,False,O460,1,2
13949,ok,10,2,449,False,False,False,O18,26,12
13950,ok,100,4,6433,False,False,False,,,
13952,ok,25,2,1081,False,False,False,O7,45,22
13953,ok,10,2,451,False,False,False,O6,47,27
13955,ok,10,4,664,False,False,False,,,
13958,ok,10,4,654,False,False,False,,,
13959,ok,10,5,911,False,False,False,O451,1,1
13960,ok,10,2,528,False,False,False,O24,22,7
13963,ok,10,2,488,False,False,False,O249,3,3
13964,ok,7,2,156,False,False,False,,,
13965,ok,7,3,273,False,False,False,O146,6,4
13966,ok,25,3,1738,False,False,False,O53,15,14
13967,capped,1000,4,60716,False,False,True,,,
13968,ok,25,2,1056,False,False,False,O57,14,7
13969,ok,10,4,538,False,False,False,,,
13970,capped,1000,3,44934,False,False,True,,,
13973,ok,10,2,508,False,False,False,O344,2,2
13974,capped,1000,3,44651,False,False,True,,,
13976,ok,10,2,451,False,False,False,O161,5,5
13981,ok,25,2,1081,False,False,False,O43,16,6
13982,ok,10,2,461,False,False,False,O4,47,22
13983,ok,10,3,253,False,False,False,,,
13988,ok,10,3,349,False,False,False,O166,5,3
13989,ok,10,2,451,False,False,False,O1,108,24
13990,ok,25,2,1106,False,False,False,O10,33,15
13992,ok,2,6,216,False,False,False,,,
13993,ok,10,4,689,False,False,False,,,
13994,ok,10,2,234,False,False,False,O46,16,3
13995,ok,4,8,483,False,False,False,O540,1,2
13996,ok,10,4,644,False,False,False,,,
13997,ok,10,2,451,False,False,False,O1,108,24
13999,ok,10,4,525,False,False,False,O305,2,1
14000,ok,10,2,451,False,False,False,O1,108,24
14001,ok,10,2,233,False,False,False,O176,5,3
14002,ok,10,4,646,False,False,False,,,
14003,ok,25,3,1719,False,False,False,,,
14004,ok,10,2,451,False,False,False,O75,11,4
14005,ok,10,2,345,False,False,False,O120,7,5
14006,ok,25,3,1748,False,False,False,O53,15,14
14007,ok,10,4,686,False,False,False,O189,4,2
14008,ok,10,2,451,False,False,False,O65,13,10
14010,ok,10,3,552,False,False,False,O262,3,3
14012,ok,7,2,217,False,False,False,O106,8,3
14013,ok,10,2,441,False,False,False,,,
14014,ok,0,3,38,True,False,False,,,
14015,ok,1,7,169,False,False,False,O558,1,2
14016,ok,25,3,1732,False,False,False,O70,12,6
14017,ok,10,2,522,False,False,False,O24,22,7
14018,ok,10,4,437,False,False,False,O361,2,3
14020,ok,2,9,369,False,False,False,,,
14021,ok,100,4,6745,False,False,False,O95,9,1
14022,ok,100,4,8588,False,False,False,O76,11,2
14024,ok,10,3,573,False,False,False,O522,1,2
14025,ok,10,2,522,False,False,False,O24,22,7
14027,ok,10,3,562,False,False,False,O33,19,4
14028,ok,10,3,561,False,False,False,O560,1,1
14030,ok,10,2,445,False,False,False,O1,108,24
14032,ok,10,2,456,False,False,False,O275,3,2
14033,ok,100,4,6087,False,False,False,,,
14034,ok,10,2,445,False,False,False,O39,17,11
14035,ok,25,2,1081,False,False,False,O115,7,7
14036,ok,25,2,1075,False,False,False,O115,7,7
14038,ok,10,2,445,False,False,False,O1,108,24
14039,ok,10,2,451,False,False,False,O18,26,12
14041,capped,1000,4,71849,False,False,True,,,
14042,ok,10,2,449,False,False,False,O1,108,24
14043,ok,10,4,820,False,False,False,O360,2,2
14044,ok,100,4,6133,False,False,False,O156,5,6
14048,ok,10,2,445,False,False,False,O192,4,4
14049,ok,2,2,114,False,False,False,,,
14051,ok,10,2,228,False,False,False,O11,33,9
14052,ok,25,2,1049,False,False,False,O174,5,6
14053,ok,25,2,1061,False,False,False,,,
14054,capped,1000,5,75592,False,False,True,O587,1,2
14055,ok,3,2,121,False,False,False,,,
14056,ok,10,3,575,False,False,False,,,
14057,ok,10,5,682,False,False,False,O320,2,3
14059,ok,10,2,461,False,False,False,O4,47,22
14061,ok,100,6,8314,False,False,False,,,
14063,ok,50,6,4773,False,False,False,,,
14064,ok,25,2,1081,False,False,False,O14,29,17
14065,ok,10,3,565,False,False,False,O51,15,4
14066,ok,25,2,1086,False,False,False,O351,2,3
14067,capped,1000,2,19839,False,False,True,,,
14068,ok,10,2,445,False,False,False,O1,108,24
14070,ok,10,3,588,False,False,False,O3,55,3
14072,ok,10,2,449,False,False,False,O1,108,24
14073,ok,10,3,566,False,False,False,,,
14074,ok,10,6,961,False,False,False,O446,1,2
14075,ok,10,4,772,False,False,False,,,
14076,ok,10,3,349,False,False,False,O251,3,4
14078,ok,25,3,1746,False,False,False,O74,11,3
14079,ok,10,3,608,False,False,False,O78,11,4
14080,ok,10,2,456,False,False,False,O204,4,4
14081,ok,10,6,1027,False,False,False,O241,3,1
14082,ok,10,3,268,False,False,False,,,
14083,ok,0,3,29,True,False,False,,,
14084,ok,100,5,6960,False,False,False,O30,20,2
14085,ok,10,4,775,False,False,False,O145,6,2
14086,ok,100,5,9232,False,False,False,O15,29,3
14087,ok,10,3,552,False,False,False,O262,3,3
14091,ok,10,3,404,False,False,False,,,
14093,capped,1000,4,56633,False,False,True,,,
14094,ok,10,5,893,False,False,False,O439,1,1
14095,ok,10,2,456,False,False,False,O75,11,4
14096,ok,10,3,477,False,False,False,O314,2,3
14097,ok,10,4,697,False,False,False,O231,3,1
14098,ok,10,2,455,False,False,False,O4,47,22
14099,ok,25,2,1075,False,False,False,O279,3,3
14100,ok,25,3,1732,False,False,False,O168,5,2
14101,ok,1,4,126,False,False,False,,,
14102,ok,10,2,496,False,False,False,O545,1,2
14103,ok,0,4,69,True,False,False,,,
14105,ok,25,3,1738,False,False,False,O59,13,3
14106,ok,10,3,670,False,False,False,O364,2,1
14107,ok,7,3,264,False,False,False,,,
14108,ok,10,2,469,False,False,False,O365,2,3
14109,ok,25,2,1081,False,False,False,O25,21,6
14110,ok,10,5,846,False,False,False,,,
14111,ok,10,3,730,False,False,False,O357,2,3
14112,ok,10,4,761,False,False,False,O104,8,2
14114,ok,10,2,234,False,False,False,O46,16,3
14115,ok,25,2,1075,False,False,False,O115,7,7
14116,ok,1,1,33,False,False,False,O222,4,3
14117,ok,10,2,481,False,False,False,O2,71,26
14118,ok,5,2,240,False,False,False,O426,1,2
14119,ok,10,5,886,False,False,False,O135,6,2
14121,ok,100,4,6131,False,False,False,O156,5,6
14122,ok,4,6,283,False,False,False,,,
14123,ok,25,2,1081,False,False,False,,,
14124,ok,10,5,566,False,False,False,,,
14125,ok,10,5,707,False,False,False,O144,6,1
14126,ok,25,2,1075,False,False,False,,,
14127,ok,0,3,34,True,False,False,,,
14128,ok,10,2,451,False,False,False,O6,47,27
14129,ok,25,2,1075,False,False,False,O14,29,17
14130,capped,1000,3,45788,False,False,True,O58,13,2
14131,ok,10,3,569,False,False,False,,,
14132,ok,10,2,451,False,False,False,O6,47,27
14134,ok,0,2,24,True,False,False,,,
14135,ok,25,2,1056,False,False,False,,,
14137,ok,1,1,39,False,False,False,,,
14138,ok,4,10,667,False,False,False,O139,6,2
14139,ok,10,2,461,False,False,False,O4,47,22
14141,ok,25,2,1081,False,False,False,O35,18,9
14142,ok,25,3,1226,False,False,False,,,
14143,ok,10,2,451,False,False,False,O6,47,27
14144,ok,10,2,486,False,False,False,,,
14145,ok,4,7,389,False,False,False,O162,5,2
14146,ok,100,2,2016,False,False,False,,,
14148,ok,100,5,6673,False,False,False,,,
14149,ok,10,3,584,False,False,False,O73,11,2
14150,ok,7,3,270,False,False,False,O308,2,2
14151,ok,25,3,1738,False,False,False,O175,5,5
14153,ok,7,2,216,False,False,False,,,
14154,ok,10,4,821,False,False,False,,,
14155,ok,4,10,667,False,False,False,O139,6,2
14157,ok,10,2,451,False,False,False,O39,17,11
14158,ok,25,2,1081,False,False,False,O200,4,4
14159,ok,25,2,1075,False,False,False,O7,45,22
14160,ok,0,2,33,True,False,False,,,
14161,ok,10,2,451,False,False,False,O275,3,2
14162,ok,10,2,445,False,False,False,O1,108,24
14163,ok,10,2,451,False,False,False,O6,47,27
14164,ok,10,3,558,False,False,False,O581,1,1
14166,ok,25,2,1081,False,False,False,O63,13,9
14167,ok,10,2,451,False,False,False,O210,4,2
14168,ok,10,2,456,False,False,False,O75,11,4
14169,ok,7,2,150,False,False,False,O318,2,3
14170,ok,10,2,216,False,False,False,O366,2,2
14171,ok,4,10,657,False,False,False,O84,10,3
14172,ok,0,4,55,True,False,False,,,
14174,ok,10,2,451,False,False,False,O6,47,27
14175,ok,100,5,7091,False,False,False,,,
14176,ok,10,2,435,False,False,False,O588,1,2
14178,ok,100,5,8369,False,False,False,,,
14179,ok,10,4,860,False,False,False,,,
14180,ok,10,3,597,False,False,False,O50,15,4
14181,ok,10,2,451,False,False,False,O6,47,27
14182,capped,1000,2,19833,False,False,True,,,
14183,ok,10,3,564,False,False,False,O216,4,5
14184,ok,1,9,239,False,False,False,,,
14186,capped,1000,4,86548,False,False,True,,,
14187,ok,100,5,6382,False,False,False,O254,3,1
14188,ok,50,4,3605,False,False,False,,,
14189,ok,25,3,1735,False,False,False,,,
14191,ok,25,2,1081,False,False,False,O34,18,9
14193,ok,10,4,845,False,False,False,,,
14194,ok,10,3,575,False,False,False,O278,3,2
14195,ok,10,3,786,False,False,False,,,
14196,ok,10,2,228,False,False,False,,,
14198,ok,10,1,138,False,False,False,O584,1,2
14199,ok,25,2,1075,False,False,False,O34,18,9
14203,ok,10,3,268,False,False,False,O552,1,2
14208,ok,25,3,1732,False,False,False,O253,3,4
14209,ok,10,3,418,False,False,False,O367,2,3
14211,ok,0,2,24,True,False,False,,,
14212,ok,10,2,476,False,False,False,O27,20,8
14214,ok,25,2,1036,False,False,False,,,
14215,ok,25,2,1075,False,False,False,,,
14216,ok,10,2,480,False,False,False,O16,27,5
14217,ok,10,3,560,False,False,False,O83,10,6
14218,ok,100,5,7802,False,False,False,,,
14219,ok,25,2,1081,False,False,False,O7,45,22
14220,ok,0,11,121,True,False,False,,,
14221,ok,10,5,984,False,False,False,O103,8,2
14222,ok,10,3,548,False,False,False,,,
14223,ok,10,2,227,False,False,False,O176,5,3
14224,ok,25,2,1075,False,False,False,O5,47,17
14226,ok,10,5,977,False,False,False,O103,8,2
14227,ok,10,3,598,False,False,False,O159,5,2
14228,capped,1000,3,53618,False,False,True,,,
14229,ok,1,4,121,False,False,False,,,
14231,ok,10,2,451,False,False,False,O210,4,2
14234,ok,25,2,1075,False,False,False,O35,18,9
14235,ok,100,5,8341,False,False,False,O490,1,2
14236,ok,100,4,7584,False,False,False,O362,2,1
14237,ok,10,3,350,False,False,False,,,
14238,ok,100,4,6133,False,False,False,O156,5,6
14239,ok,10,2,451,False,False,False,O1,108,24
14242,ok,25,3,1738,False,False,False,O53,15,14
14244,ok,10,3,573,False,False,False,O268,3,2
14246,ok,10,5,916,False,False,False,O117,7,4
14248,ok,10,3,418,False,False,False,O367,2,3
14249,ok,25,2,1081,False,False,False,O5,47,17
14250,ok,25,2,1081,False,False,False,O170,5,6
14251,ok,10,1,138,False,False,False,O264,3,2
14252,ok,10,2,460,False,False,False,,,
14253,capped,1000,3,52846,False,False,True,,,
14254,ok,10,3,548,False,False,False,O154,5,1
14255,ok,10,4,864,False,False,False,,,
14256,ok,25,2,1081,False,False,False,O14,29,17
14258,ok,100,5,9230,False,False,False,O15,29,3
14260,ok,10,6,1027,False,False,False,O241,3,1
14261,ok,25,3,1732,False,False,False,O59,13,3
14262,ok,10,3,573,False,False,False,O268,3,2
14263,ok,10,2,351,False,False,False,O120,7,5
14265,ok,10,3,566,False,False,False,O72,11,1
14267,capped,1000,4,48514,False,False,True,,,
14268,ok,10,1,144,False,False,False,O338,2,2
14269,ok,25,2,1081,False,False,False,,,
14270,ok,25,2,1075,False,False,False,O5,47,17
14274,ok,10,5,739,False,False,False,O449,1,1
14275,ok,10,5,643,False,False,False,,,
14276,ok,10,5,944,False,False,False,,,
14278,ok,25,3,1738,False,False,False,O496,1,2
14279,ok,10,2,441,False,False,False,O556,1,2
14280,ok,10,2,445,False,False,False,O52,15,11
14281,ok,100,5,7513,False,False,False,,,
14282,ok,5,2,234,False,False,False,,,
14283,ok,100,6,9727,False,False,False,O48,15,1
14284,ok,10,4,651,False,False,False,,,
14285,ok,100,3,3125,False,False,False,O219,4,3
14287,ok,100,9,14208,False,False,False,,,
14290,ok,10,4,382,False,False,False,,,
14291,ok,1,7,188,False,False,False,,,
14293,ok,100,3,3929,False,False,False,,,
14294,ok,1,2,49,False,False,False,,,
14296,ok,7,3,301,False,False,False,O342,2,2
14297,ok,25,3,1732,False,False,False,O70,12,6
14299,ok,10,2,451,False,False,False,O39,17,11
14301,ok,25,2,1081,False,False,False,O571,1,2
14303,ok,10,5,835,False,False,False,O214,4,1
14304,ok,10,5,1103,False,False,False,,,
14306,ok,10,2,480,False,False,False,O173,5,2
14307,ok,25,3,1738,False,False,False,O70,12,6
14308,ok,10,2,226,False,False,False,O294,2,1
14309,ok,100,4,6810,False,False,False,,,
14310,ok,10,2,451,False,False,False,O21,24,12
14312,ok,10,2,455,False,False,False,O4,47,22
14313,ok,10,2,220,False,False,False,O108,8,5
14314,ok,25,3,1738,False,False,False,O190,4,4
14315,ok,10,3,573,False,False,False,,,
14317,ok,10,2,451,False,False,False,O1,108,24
14318,ok,25,2,1075,False,False,False,O43,16,6
14319,ok,10,3,580,False,False,False,O113,7,2
14320,ok,10,3,751,False,False,False,O235,3,2
14321,ok,7,4,245,False,False,False,,,
14322,ok,10,2,451,False,False,False,O49,15,5
14323,capped,1000,3,46677,False,False,True,O589,1,1
14324,ok,100,6,10654,False,False,False,,,
14325,ok,25,2,1081,False,False,False,O12,32,17
14326,ok,25,2,1081,False,False,False,O140,6,5
14329,ok,100,4,4354,False,False,False,O359,2,2
14331,ok,10,4,625,False,False,False,O213,4,1
14332,ok,7,3,279,False,False,False,,,
14333,ok,10,3,597,False,False,False,O50,15,4
14334,ok,100,5,6966,False,False,False,O30,20,2
14338,capped,1000,3,44944,False,False,True,,,
14340,ok,7,3,278,False,False,False,O282,3,3
14341,ok,10,2,500,False,False,False,,,
14342,ok,2,1,51,False,False,False,O350,2,3
14343,ok,25,2,1081,False,False,False,O5,47,17
14344,ok,10,3,718,False,False,False,,,
14346,ok,10,2,508,False,False,False,O344,2,2
14349,ok,10,5,809,False,False,False,,,
14352,ok,10,3,580,False,False,False,O113,7,2
14353,ok,10,4,600,False,False,False,O514,1,1
14354,ok,10,5,768,False,False,False,,,
14356,ok,25,3,1752,False,False,False,O586,1,2
14357,ok,10,2,445,False,False,False,O18,26,12
14359,capped,1000,5,77554,False,False,True,,,
14360,ok,2,10,405,False,False,False,O64,13,4
14361,ok,10,5,810,False,False,False,,,
14362,ok,10,2,451,False,False,False,O204,4,4
14364,ok,10,2,445,False,False,False,O49,15,5
14366,ok,10,2,445,False,False,False,O21,24,12
14368,ok,10,2,509,False,False,False,O334,2,2
14370,ok,10,3,558,False,False,False,O324,2,2
14371,ok,10,2,451,False,False,False,O6,47,27
14372,ok,10,3,555,False,False,False,O252,3,2
14373,ok,100,4,6133,False,False,False,O156,5,6
14374,ok,10,3,410,False,False,False,,,
14375,ok,25,3,1205,False,False,False,O573,1,2
14376,ok,4,7,380,False,False,False,,,
14378,ok,10,3,577,False,False,False,,,
14379,ok,25,2,1081,False,False,False,O86,10,7
14380,ok,10,5,1085,False,False,False,,,
14381,ok,100,4,6745,False,False,False,O95,9,1
14383,ok,4,6,300,False,False,False,,,
14384,ok,25,2,1081,False,False,False,O63,13,9
14386,ok,100,3,3122,False,False,False,,,
14388,ok,100,9,12132,False,False,False,,,
14390,ok,10,3,349,False,False,False,,,
14391,ok,0,2,24,True,False,False,,,
14392,ok,25,2,778,False,False,False,,,
14393,ok,10,3,523,False,False,False,,,
14394,ok,0,4,55,True,False,False,,,
14395,ok,10,6,958,False,False,False,,,
14397,ok,10,6,746,False,False,False,,,
14398,ok,25,2,1050,False,False,False,,,
14399,ok,10,5,897,False,False,False,,,
14401,ok,10,2,445,False,False,False,O18,26,12
14403,ok,10,2,445,False,False,False,O6,47,27
14405,ok,0,4,55,True,False,False,,,
14406,ok,0,4,53,True,False,False,,,
14408,ok,2,1,56,False,False,False,,,
14409,ok,0,3,40,True,False,False,,,
14410,ok,10,2,223,False,False,False,O457,1,1
14411,ok,10,4,619,False,False,False,,,
14412,ok,100,6,8949,False,False,False,O533,1,2
14413,ok,10,4,673,False,False,False,O189,4,2
14414,ok,25,2,1081,False,False,False,O14,29,17
14415,ok,25,2,1081,False,False,False,O14,29,17
14416,ok,7,2,210,False,False,False,,,
14417,ok,0,2,24,True,False,False,,,
14419,ok,10,3,551,False,False,False,O23,22,6
14421,ok,5,2,240,False,False,False,,,
14423,ok,25,3,1732,False,False,False,O70,12,6
14424,ok,10,4,675,False,False,False,O66,13,6
14426,ok,1,1,23,False,False,False,,,
14428,ok,10,2,228,False,False,False,O9,37,8
14429,ok,10,4,721,False,False,False,O172,5,1
14430,ok,100,5,8340,False,False,False,,,
14431,ok,10,5,684,False,False,False,O320,2,3
14432,ok,10,4,692,False,False,False,O590,1,1
14433,ok,10,4,816,False,False,False,,,
14434,ok,10,2,456,False,False,False,O18,26,12
14436,ok,10,3,566,False,False,False,O336,2,2
14437,ok,10,2,451,False,False,False,O21,24,12
14438,ok,100,4,4350,False,False,False,O359,2,2
14441,ok,100,4,6070,False,False,False,O568,1,1
14442,ok,100,2,2019,False,False,False,,,
14443,ok,10,3,511,False,False,False,,,
14444,ok,25,3,1738,False,False,False,O168,5,2
14445,ok,7,2,223,False,False,False,O106,8,3
14447,ok,10,5,715,False,False,False,O144,6,1
14448,ok,100,5,6964,False,False,False,O30,20,2
14450,ok,10,3,568,False,False,False,,,
14451,ok,25,2,1050,False,False,False,O118,7,6
14452,ok,7,4,447,False,False,False,,,
14453,ok,25,2,1081,False,False,False,O34,18,9
14454,ok,25,2,1056,False,False,False,O245,3,2
14455,ok,10,3,603,False,False,False,O50,15,4
14458,ok,10,2,461,False,False,False,O4,47,22
14460,ok,10,4,816,False,False,False,,,
14461,ok,10,4,720,False,False,False,,,
14463,ok,10,3,479,False,False,False,O554,1,2
14464,ok,10,4,843,False,False,False,O91,9,4
14467,ok,10,2,220,False,False,False,O108,8,5
14468,ok,25,3,1732,False,False,False,,,
14470,ok,100,4,8584,False,False,False,O76,11,2
14471,ok,10,3,489,False,False,False,,,
14473,ok,10,3,500,False,False,False,,,
14475,ok,10,4,640,False,False,False,O164,5,6
14476,ok,10,5,1072,False,False,False,,,
14477,ok,100,4,5843,False,False,False,,,
14478,ok,25,2,1081,False,False,False,O25,21,6
14479,ok,10,2,225,False,False,False,O22,23,7
14480,ok,7,3,287,False,False,False,,,
14481,ok,10,5,871,False,False,False,O526,1,1
14483,ok,7,2,217,False,False,False,O347,2,2
14485,ok,5,2,240,False,False,False,,,
14487,capped,1000,3,44895,False,False,True,O349,2,1
14488,capped,1000,7,96952,False,False,True,,,
14489,ok,100,6,8304,False,False,False,O579,1,1
14491,ok,25,2,1075,False,False,False,O63,13,9
14494,ok,25,4,1602,False,False,False,,,
14495,ok,4,10,662,False,False,False,,,
14496,ok,10,3,557,False,False,False,O218,4,2
14497,ok,25,2,1086,False,False,False,O196,4,4
14498,ok,10,3,576,False,False,False,,,
14500,ok,25,2,1081,False,False,False,O43,16,6
14501,ok,10,4,802,False,False,False,,,
14503,ok,10,3,598,False,False,False,O159,5,2
14507,ok,100,5,7614,False,False,False,,,
14508,ok,10,5,859,False,False,False,,,
14509,ok,10,2,227,False,False,False,O160,5,2
14513,ok,10,2,528,False,False,False,O24,22,7
14515,ok,10,2,328,False,False,False,O368,2,3
14517,ok,100,3,5304,False,False,False,,,
14518,ok,10,5,664,False,False,False,,,
14519,ok,10,2,451,False,False,False,O39,17,11
14520,ok,10,2,451,False,False,False,O1,108,24
14521,ok,25,2,1081,False,False,False,O28,20,12
14522,ok,4,8,455,False,False,False,,,
14523,ok,7,2,223,False,False,False,O347,2,2
14524,ok,100,5,7094,False,False,False,,,
14526,capped,1000,3,45584,False,False,True,,,
14527,ok,10,2,223,False,False,False,,,
14529,ok,25,3,1738,False,False,False,O190,4,4
14531,ok,100,2,1817,False,False,False,,,
14532,ok,10,2,490,False,False,False,O60,13,2
14534,ok,100,6,8738,False,False,False,O316,2,1
14536,ok,1,2,71,False,False,False,,,
14537,ok,25,2,1055,False,False,False,O174,5,6
14538,ok,10,2,441,False,False,False,O588,1,2
14539,ok,10,5,762,False,False,False,O101,8,1
14540,ok,25,3,1738,False,False,False,O74,11,3
14541,ok,0,3,34,True,False,False,,,
14542,capped,1000,5,82471,False,False,True,,,
14543,ok,10,2,478,False,False,False,O369,2,3
14544,ok,10,3,744,False,False,False,O44,16,2
14546,ok,10,4,824,False,False,False,O360,2,2
14547,ok,150,2,5522,False,False,False,,,
14548,ok,25,2,1081,False,False,False,O63,13,9
14549,ok,25,4,1842,False,False,False,O477,1,1
14550,ok,10,4,670,False,False,False,,,
14551,ok,10,5,866,False,False,False,,,
14552,ok,100,3,5297,False,False,False,O575,1,2
14553,ok,10,3,575,False,False,False,O157,5,1
14554,ok,10,3,557,False,False,False,O31,20,6
14555,ok,10,2,225,False,False,False,,,
14556,ok,10,4,669,False,False,False,O483,1,1
14558,ok,10,5,880,False,False,False,O134,6,1
14559,ok,100,5,8350,False,False,False,,,
14561,ok,100,6,9740,False,False,False,O48,15,1
14562,ok,25,3,1738,False,False,False,O53,15,14
14563,ok,25,3,1732,False,False,False,O450,1,1
14565,ok,100,5,7850,False,False,False,O29,20,2
14566,ok,10,4,548,False,False,False,,,
14567,ok,10,5,835,False,False,False,O214,4,1
14568,ok,100,4,7595,False,False,False,O362,2,1
14569,ok,10,4,592,False,False,False,,,
14572,capped,1000,3,45788,False,False,True,O58,13,2
14573,ok,10,3,561,False,False,False,,,
14574,ok,25,3,1732,False,False,False,,,
14576,ok,10,4,683,False,False,False,,,
14577,ok,10,2,302,False,False,False,,,
14578,ok,100,5,6949,False,False,False,O30,20,2
14579,ok,10,3,557,False,False,False,O23,22,6
14580,ok,10,3,549,False,False,False,,,
14581,ok,10,2,503,False,False,False,O114,7,4
14583,ok,100,5,6515,False,False,False,,,
14584,ok,25,2,1050,False,False,False,,,
14587,ok,10,4,675,False,False,False,O66,13,6
14588,ok,7,2,210,False,False,False,O462,1,2
14589,ok,25,2,1081,False,False,False,O351,2,3
14590,capped,1000,3,45788,False,False,True,O58,13,2
14592,ok,25,2,1075,False,False,False,O5,47,17
14594,ok,10,5,849,False,False,False,,,
14595,ok,50,5,4609,False,False,False,,,
14596,ok,100,6,8338,False,False,False,O94,9,1
14597,ok,10,4,657,False,False,False,O211,4,1
14598,ok,10,2,228,False,False,False,O11,33,9
14599,ok,10,2,445,False,False,False,O6,47,27
14600,ok,25,3,1738,False,False,False,,,
14601,ok,25,2,1086,False,False,False,O12,32,17
14604,ok,10,2,451,False,False,False,O484,1,2
14605,ok,10,2,213,False,False,False,,,
14606,ok,10,2,476,False,False,False,O27,20,8
14607,ok,10,3,550,False,False,False,O326,2,1
14608,ok,2,7,250,False,False,False,O234,3,2
14609,ok,100,4,8592,False,False,False,O76,11,2
14610,ok,10,3,562,False,False,False,O33,19,4
14612,ok,25,2,1081,False,False,False,O279,3,3
14613,ok,100,6,8634,False,False,False,,,
14616,ok,0,2,30,True,False,False,,,
14617,ok,10,5,894,False,False,False,O523,1,2
14618,ok,10,3,578,False,False,False,O346,2,2
14620,ok,10,3,575,False,False,False,O278,3,2
14621,ok,25,2,1081,False,False,False,,,
14624,ok,10,3,569,False,False,False,O243,3,1
14625,ok,10,5,855,False,False,False,,,
14627,ok,25,2,1050,False,False,False,O118,7,6
14628,capped,1000,6,85451,False,False,True,,,
14630,ok,1,3,100,False,False,False,,,
14631,ok,10,2,445,False,False,False,O1,108,24
14632,ok,10,2,458,False,False,False,O142,6,6
14635,capped,1000,3,46677,False,False,True,O589,1,1
14636,ok,25,2,1075,False,False,False,O14,29,17
14637,ok,100,3,3119,False,False,False,O219,4,3
14638,ok,10,5,705,False,False,False,,,
14639,ok,10,2,471,False,False,False,O119,7,3
14640,ok,10,4,912,False,False,False,O133,6,1
14641,ok,100,4,8597,False,False,False,O76,11,2
14644,ok,10,2,442,False,False,False,O542,1,2
14645,ok,25,2,1081,False,False,False,O333,2,2
14646,ok,25,2,1081,False,False,False,O7,45,22
14647,ok,10,2,466,False,False,False,O4,47,22
14648,ok,10,2,445,False,False,False,O1,108,24
14649,ok,10,4,597,False,False,False,,,
14650,ok,10,2,451,False,False,False,O6,47,27
14651,ok,10,2,451,False,False,False,O18,26,12
14652,ok,10,6,1087,False,False,False,,,
14654,ok,10,4,780,False,False,False,,,
14655,ok,25,2,1086,False,False,False,O28,20,12
14657,ok,100,5,8394,False,False,False,O559,1,1
14658,ok,0,4,56,True,False,False,,,
14661,ok,4,9,552,False,False,False,O355,2,2
14662,ok,2,10,395,False,False,False,O64,13,4
14664,ok,4,7,395,False,False,False,,,
14668,ok,10,4,862,False,False,False,,,
14669,ok,10,3,569,False,False,False,O585,1,2
14670,ok,10,2,451,False,False,False,O21,24,12
14671,ok,100,5,7834,False,False,False,O29,20,2
14672,ok,2,9,369,False,False,False,O261,3,2
14673,ok,25,2,1081,False,False,False,O221,4,5
14674,ok,25,2,1081,False,False,False,O478,1,2
14675,ok,364,2,9143,False,False,False,O537,1,2
14676,ok,100,5,9245,False,False,False,O15,29,3
14677,ok,10,3,351,False,False,False,O136,6,7
14678,ok,100,4,7629,False,False,False,O203,4,1
14679,ok,25,3,1738,False,False,False,O74,11,3
14680,ok,10,2,451,False,False,False,O45,16,11
14681,ok,25,3,1748,False,False,False,O59,13,3
14682,ok,10,2,228,False,False,False,O11,33,9
14683,ok,10,3,500,False,False,False,,,
14686,ok,10,2,232,False,False,False,O137,6,4
14688,ok,10,4,637,False,False,False,O42,16,4
14689,ok,10,2,445,False,False,False,O6,47,27
14691,ok,5,2,193,False,False,False,O510,1,2
14692,ok,7,3,285,False,False,False,O282,3,3
14693,ok,10,4,773,False,False,False,,,
14694,ok,10,2,494,False,False,False,O105,8,3
14695,capped,1000,4,53862,False,False,True,,,
14696,ok,10,2,451,False,False,False,O185,4,5
14697,ok,10,5,923,False,False,False,,,
14698,ok,10,3,742,False,False,False,O354,2,3
14700,ok,100,6,8686,False,False,False,,,
14701,ok,10,2,459,False,False,False,,,
14702,ok,10,3,568,False,False,False,O247,3,3
14703,ok,100,4,3333,False,False,False,,,
14706,ok,10,4,634,False,False,False,O567,1,2
14707,ok,10,7,989,False,False,False,,,
14708,ok,25,2,1075,False,False,False,O35,18,9
14709,ok,1,4,149,False,False,False,,,
14710,ok,10,3,728,False,False,False,,,
14711,ok,25,2,1075,False,False,False,O43,16,6
14712,capped,1000,2,46238,False,False,True,,,
14714,ok,10,2,463,False,False,False,O365,2,3
14715,ok,10,2,461,False,False,False,O4,47,22
14716,ok,10,2,335,False,False,False,,,
14719,ok,10,2,451,False,False,False,O52,15,11
14721,ok,0,3,34,True,False,False,,,
14722,ok,10,2,481,False,False,False,O274,3,1
14723,ok,10,4,675,False,False,False,O66,13,6
14724,ok,10,4,820,False,False,False,,,
14725,ok,25,2,1056,False,False,False,O118,7,6
14726,ok,10,2,445,False,False,False,O45,16,11
14727,ok,25,2,1075,False,False,False,O86,10,7
14728,ok,100,5,8361,False,False,False,,,
14730,ok,7,2,217,False,False,False,O82,10,4
14731,ok,10,4,806,False,False,False,O237,3,4
14732,ok,10,4,839,False,False,False,O91,9,4
14733,ok,10,2,233,False,False,False,O69,12,6
14734,ok,4,10,667,False,False,False,O139,6,2
14736,ok,100,2,2015,False,False,False,O205,4,4
14737,ok,25,2,1075,False,False,False,O5,47,17
14738,ok,10,2,226,False,False,False,O294,2,1
14740,ok,0,3,40,True,False,False,,,
14741,ok,10,3,578,False,False,False,O346,2,2
14742,ok,10,3,569,False,False,False,,,
14744,ok,1,10,262,False,False,False,O582,1,2
14745,ok,10,3,351,False,False,False,,,
14747,ok,25,2,1081,False,False,False,O7,45,22
14748,ok,10,2,451,False,False,False,O183,4,5
14749,ok,100,5,7008,False,False,False,,,
14750,ok,10,2,212,False,False,False,O493,1,2
14752,ok,10,1,138,False,False,False,O273,3,2
14753,ok,25,2,1081,False,False,False,O25,21,6
14756,ok,10,6,896,False,False,False,,,
14757,ok,10,3,545,False,False,False,O363,2,3
14758,ok,10,4,597,False,False,False,,,
14759,ok,100,5,7798,False,False,False,O296,2,1
14761,ok,10,3,566,False,False,False,O72,11,1
14762,ok,10,2,445,False,False,False,O109,8,6
14763,ok,10,3,402,False,False,False,O574,1,1
14765,ok,7,3,206,False,False,False,,,
14766,ok,10,2,226,False,False,False,O465,1,1
14769,ok,10,4,783,False,False,False,O578,1,2
14770,ok,10,2,450,False,False,False,O161,5,5
14771,ok,10,3,557,False,False,False,O23,22,6
14772,ok,10,5,661,False,False,False,,,
14774,ok,10,3,571,False,False,False,O331,2,1
14775,ok,10,3,551,False,False,False,O23,22,6
14777,ok,10,2,451,False,False,False,O52,15,11
14778,ok,100,4,7313,False,False,False,,,
14779,ok,10,2,219,False,False,False,,,
14780,ok,10,2,451,False,False,False,O39,17,11
14781,ok,10,2,445,False,False,False,O45,16,11
14782,capped,1000,3,45764,False,False,True,,,
14784,ok,10,2,456,False,False,False,O276,3,3
14785,ok,10,2,228,False,False,False,O472,1,1
14786,ok,10,2,461,False,False,False,O4,47,22
14788,ok,10,4,625,False,False,False,,,
14789,ok,10,3,554,False,False,False,O83,10,6
14790,ok,10,2,445,False,False,False,O1,108,24
14791,ok,25,2,1086,False,False,False,O7,45,22
14792,ok,25,2,1075,False,False,False,O34,18,9
14793,ok,10,5,730,False,False,False,,,
14794,ok,4,6,282,False,False,False,,,
14796,ok,0,4,69,True,False,False,,,
14797,ok,100,5,8341,False,False,False,,,
14799,ok,10,1,138,False,False,False,O264,3,2
14800,ok,10,6,1110,False,False,False,,,
14801,ok,10,2,234,False,False,False,O46,16,3
14802,ok,10,3,542,False,False,False,O126,6,2
14804,ok,10,4,552,False,False,False,,,
14805,ok,10,2,475,False,False,False,,,
14807,ok,10,2,466,False,False,False,O459,1,1
14808,ok,10,2,465,False,False,False,,,
14809,ok,10,3,563,False,False,False,O218,4,2
14810,ok,10,4,723,False,False,False,O172,5,1
14816,ok,25,2,1081,False,False,False,O5,47,17
14818,ok,10,5,845,False,False,False,,,
14819,ok,10,2,494,False,False,False,O158,5,4
14820,ok,10,2,228,False,False,False,O11,33,9
14823,capped,1000,3,45794,False,False,True,O58,13,2
14824,ok,2,10,395,False,False,False,O64,13,4
14826,ok,25,2,1086,False,False,False,,,
14828,ok,25,3,1738,False,False,False,O59,13,3
14829,ok,100,4,5495,False,False,False,O576,1,1
14830,ok,10,4,561,False,False,False,,,
14831,ok,10,5,908,False,False,False,,,
14832,ok,100,4,5375,False,False,False,,,
14836,ok,7,3,285,False,False,False,O202,4,4
14837,ok,25,2,1081,False,False,False,O14,29,17
14838,ok,100,5,9252,False,False,False,O15,29,3
14840,ok,25,3,1732,False,False,False,O70,12,6
14841,ok,10,2,220,False,False,False,O108,8,5
14843,ok,10,2,487,False,False,False,O323,2,3
14845,ok,100,4,8593,False,False,False,O76,11,2
14846,ok,0,4,55,True,False,False,,,
14847,ok,10,3,581,False,False,False,O307,2,2
14848,ok,100,5,7843,False,False,False,O29,20,2
14849,ok,0,2,24,True,False,False,,,
14850,ok,7,3,273,False,False,False,O146,6,4
14851,ok,10,2,480,False,False,False,O173,5,2
14853,ok,10,2,451,False,False,False,,,
14854,ok,10,2,425,False,False,False,O41,16,7
14855,ok,0,5,63,True,False,False,,,
14856,ok,100,4,8577,False,False,False,O503,1,1
14858,ok,100,4,5605,False,False,False,O445,1,2
14862,ok,10,2,451,False,False,False,O52,15,11
14864,ok,10,2,451,False,False,False,,,
14865,ok,10,2,494,False,False,False,O105,8,3
14866,ok,25,2,1079,False,False,False,O25,21,6
14867,ok,10,2,451,False,False,False,O192,4,4
14868,ok,100,5,6437,False,False,False,,,
14869,ok,10,4,675,False,False,False,O66,13,6
14870,ok,10,2,490,False,False,False,O60,13,2
14871,ok,10,2,489,False,False,False,O442,1,1
14872,ok,10,2,451,False,False,False,O21,24,12
14873,ok,7,3,283,False,False,False,O282,3,3
14874,ok,10,4,770,False,False,False,,,
14876,ok,0,4,42,True,False,False,,,
14877,ok,10,3,505,False,False,False,,,
14878,ok,10,4,637,False,False,False,O42,16,4
14879,ok,10,5,977,False,False,False,O103,8,2
14881,ok,7,3,271,False,False,False,O146,6,4
14883,ok,10,9,1344,False,False,False,,,
14884,ok,7,3,284,False,False,False,O209,4,3
14885,capped,1000,4,85776,False,False,True,,,
14886,ok,100,6,9735,False,False,False,O48,15,1
14888,ok,25,3,1736,False,False,False,O312,2,3
14889,ok,10,3,351,False,False,False,O136,6,7
14890,ok,10,3,581,False,False,False,,,
14892,capped,1000,3,45866,False,False,True,,,
14894,ok,10,2,445,False,False,False,,,
14895,capped,1000,7,95045,False,False,True,,,
14897,ok,10,2,451,False,False,False,O1,108,24
14898,capped,1000,3,45646,False,False,True,,,
14900,ok,10,2,233,False,False,False,O176,5,3
14901,ok,10,2,456,False,False,False,O1,108,24
14903,ok,10,4,643,False,False,False,,,
14904,ok,7,3,270,False,False,False,O146,6,4
14908,ok,25,2,1081,False,False,False,O86,10,7
14909,ok,100,2,2015,False,False,False,O205,4,4
14910,capped,1000,3,45854,False,False,True,O467,1,1
14911,capped,1000,6,80206,False,False,True,,,
14912,ok,25,3,1738,False,False,False,,,
14914,ok,10,4,845,False,False,False,O356,2,3
14915,ok,10,2,445,False,False,False,O52,15,11
14916,ok,7,4,453,False,False,False,O591,1,2
14917,ok,7,4,453,False,False,False,O591,1,2
14919,ok,10,2,225,False,False,False,O22,23,7
14922,ok,10,2,226,False,False,False,O69,12,6
14923,ok,10,4,625,False,False,False,O213,4,1
14924,ok,10,3,582,False,False,False,,,
14925,ok,10,3,568,False,False,False,O247,3,3
14926,ok,10,3,573,False,False,False,O141,6,2
14928,ok,10,2,228,False,False,False,O9,37,8
14929,ok,10,2,227,False,False,False,O160,5,2
14930,ok,100,5,5034,False,False,False,,,
14931,capped,1000,3,45788,False,False,True,O58,13,2
14932,ok,100,5,9101,False,False,False,,,
14933,ok,10,2,451,False,False,False,O109,8,6
14934,ok,1,2,71,False,False,False,,,
14935,ok,10,3,584,False,False,False,O73,11,2
14936,ok,10,2,451,False,False,False,O1,108,24
14937,ok,10,2,496,False,False,False,O60,13,2
14938,capped,1000,3,45841,False,False,True,O184,4,3
14939,ok,25,2,1081,False,False,False,O5,47,17
14941,ok,10,2,456,False,False,False,O109,8,6
14942,ok,5,2,171,False,False,False,,,
14943,ok,10,5,587,False,False,False,,,
14944,ok,25,2,1050,False,False,False,O118,7,6
14945,ok,25,2,1081,False,False,False,O7,45,22
14947,ok,10,3,572,False,False,False,O321,2,3
14948,ok,7,2,216,False,False,False,O511,1,1
14951,ok,10,4,618,False,False,False,,,
14954,ok,10,3,244,False,False,False,,,
14956,ok,100,5,8236,False,False,False,O197,4,1
14957,ok,10,2,461,False,False,False,O138,6,5
14958,ok,25,3,1748,False,False,False,O253,3,4
14959,ok,25,3,1748,False,False,False,O74,11,3
14961,ok,25,3,1732,False,False,False,O70,12,6
14962,ok,10,3,586,False,False,False,O431,1,2
14964,ok,10,3,548,False,False,False,O509,1,2
14965,ok,10,2,456,False,False,False,O75,11,4
14966,ok,0,2,30,True,False,False,,,
14968,ok,10,5,860,False,False,False,,,
14971,ok,10,2,456,False,False,False,,,
14972,ok,10,2,490,False,False,False,O60,13,2
14975,ok,10,2,475,False,False,False,O274,3,1
14976,capped,1000,4,46864,False,False,True,,,
14981,ok,10,5,708,False,False,False,O144,6,1
14982,ok,10,2,528,False,False,False,O24,22,7
14983,ok,10,4,596,False,False,False,O583,1,1
14985,ok,10,4,686,False,False,False,O590,1,1
14987,ok,25,2,1086,False,False,False,O343,2,3
14989,ok,100,5,7832,False,False,False,O29,20,2
14990,ok,25,2,1081,False,False,False,O5,47,17
14991,ok,100,5,9319,False,False,False,,,
14992,ok,25,2,1081,False,False,False,,,
14993,ok,100,3,6125,False,False,False,,,
14995,ok,10,2,227,False,False,False,O112,7,6
14996,ok,10,5,901,False,False,False,O551,1,1
14997,ok,0,2,30,True,False,False,,,
14998,capped,1000,2,45611,False,False,True,,,
14999,ok,10,3,556,False,False,False,O263,3,1
15000,ok,2,10,399,False,False,False,O64,13,4
15001,ok,10,2,234,False,False,False,O46,16,3
15003,ok,10,2,430,False,False,False,O47,16,2
15004,ok,10,2,234,False,False,False,O9,37,8
15005,ok,10,2,493,False,False,False,O13,30,6
15006,ok,10,3,575,False,False,False,O79,11,2
15009,ok,10,3,588,False,False,False,O3,55,3
15010,ok,10,2,444,False,False,False,O17,27,7
15012,ok,10,2,507,False,False,False,O8,40,6
15013,ok,10,3,590,False,False,False,O87,10,3
15014,ok,10,2,444,False,False,False,O17,27,7
15015,ok,10,2,225,False,False,False,O518,1,2
15016,ok,10,3,710,False,False,False,,,
15017,capped,1000,3,66904,False,False,True,,,
15020,ok,10,2,474,False,False,False,O16,27,5
15021,ok,10,2,444,False,False,False,O17,27,7
15022,ok,25,2,433,False,False,False,O283,3,2
15024,ok,10,3,660,False,False,False,O92,9,1
15025,ok,10,3,688,False,False,False,O26,21,1
15028,ok,1,1,32,False,False,False,,,
15030,ok,10,2,473,False,False,False,O16,27,5
15031,ok,10,3,711,False,False,False,,,
15032,ok,10,2,229,False,False,False,O277,3,2
15034,ok,10,2,493,False,False,False,O13,30,6
15036,ok,10,3,588,False,False,False,O3,55,3
15037,ok,25,2,458,False,False,False,O19,25,13
15039,ok,10,3,679,False,False,False,O26,21,1
15042,ok,10,2,481,False,False,False,O2,71,26
15045,ok,10,3,704,False,False,False,,,
15046,ok,25,2,657,False,False,False,O370,2,3
15047,ok,10,4,672,False,False,False,O20,24,2
15048,ok,10,2,493,False,False,False,O13,30,6
15049,ok,10,2,444,False,False,False,O17,27,7
15050,ok,10,2,280,False,False,False,O147,6,4
15051,ok,10,2,517,False,False,False,O107,8,4
15052,ok,10,2,513,False,False,False,O8,40,6
15053,ok,10,2,292,False,False,False,O592,1,2
15054,ok,25,2,782,False,False,False,O121,7,7
15055,ok,10,2,507,False,False,False,O8,40,6
15057,ok,10,3,706,False,False,False,,,
15059,capped,1000,3,66912,False,False,True,,,
15060,ok,10,3,556,False,False,False,O77,11,3
15061,ok,10,2,503,False,False,False,O223,4,4
15063,capped,1000,5,78267,False,False,True,,,
15065,ok,10,2,449,False,False,False,O17,27,7
15067,ok,10,2,444,False,False,False,O17,27,7
15068,ok,50,4,3610,False,False,False,,,
15069,ok,10,2,507,False,False,False,O8,40,6
15074,ok,10,2,487,False,False,False,O2,71,26
15077,ok,10,2,282,False,False,False,O147,6,4
15078,ok,10,2,227,False,False,False,O176,5,3
15079,ok,10,3,595,False,False,False,O3,55,3
15080,ok,10,2,214,False,False,False,O108,8,5
15081,ok,10,2,225,False,False,False,O22,23,7
15086,ok,5,4,417,False,False,False,,,
15089,ok,10,2,189,False,False,False,O56,15,2
15090,ok,10,3,586,False,False,False,O3,55,3
15091,ok,10,2,460,False,False,False,O80,11,6
15092,ok,10,2,233,False,False,False,O160,5,2
15093,ok,10,4,784,False,False,False,,,
15096,ok,25,2,833,False,False,False,O177,5,4
15098,ok,10,2,487,False,False,False,O2,71,26
15099,capped,1000,5,75592,False,False,True,O587,1,2
15101,ok,10,2,487,False,False,False,O2,71,26
15102,ok,7,2,159,False,False,False,O122,7,1
15103,ok,10,3,575,False,False,False,O79,11,2
15107,ok,25,2,1104,False,False,False,O10,33,15
15108,ok,10,2,481,False,False,False,O2,71,26
15109,ok,10,5,846,False,False,False,,,
15113,ok,10,2,497,False,False,False,O114,7,4
15114,capped,1000,3,66902,False,False,True,,,
15116,ok,10,3,525,False,False,False,O71,12,2
15120,ok,10,2,228,False,False,False,O9,37,8
15121,ok,10,2,444,False,False,False,O110,8,7
15122,ok,10,2,476,False,False,False,O54,15,5
15123,ok,10,3,644,False,False,False,O36,18,2
15124,ok,10,2,507,False,False,False,O8,40,6
15125,ok,10,2,418,False,False,False,O41,16,7
15126,ok,10,3,489,False,False,False,,,
15127,ok,10,2,513,False,False,False,O8,40,6
15128,ok,10,2,473,False,False,False,O16,27,5
15130,ok,10,2,296,False,False,False,O148,6,5
15131,ok,10,2,282,False,False,False,O147,6,4
15132,ok,10,3,584,False,False,False,O87,10,3
15139,ok,10,2,194,False,False,False,O56,15,2
15140,ok,10,3,680,False,False,False,O371,2,1
15141,ok,10,2,481,False,False,False,O2,71,26
15142,ok,10,3,586,False,False,False,O3,55,3
15144,capped,1000,4,67226,False,False,True,,,
15146,ok,10,3,679,False,False,False,O26,21,1
15149,ok,10,2,444,False,False,False,O17,27,7
15150,ok,10,2,493,False,False,False,O13,30,6
15151,ok,10,3,714,False,False,False,,,
15152,ok,10,4,782,False,False,False,,,
15153,ok,10,3,644,False,False,False,O36,18,2
15157,ok,10,2,460,False,False,False,O80,11,6
15158,ok,10,2,213,False,False,False,O372,2,1
15161,ok,10,2,481,False,False,False,O2,71,26
15162,ok,10,3,598,False,False,False,O61,13,8
15163,ok,5,3,379,False,False,False,,,
15164,ok,10,3,588,False,False,False,O3,55,3
15166,ok,10,2,289,False,False,False,O88,10,6
15168,ok,10,2,189,False,False,False,O56,15,2
15170,ok,10,3,590,False,False,False,O87,10,3
15171,ok,10,2,430,False,False,False,O47,16,2
15172,ok,10,2,478,False,False,False,O32,20,9
15174,ok,10,3,701,False,False,False,,,
15176,ok,25,2,833,False,False,False,O177,5,4
15178,ok,5,2,234,False,False,False,,,
15181,ok,10,2,227,False,False,False,O176,5,3
15184,ok,10,2,481,False,False,False,O2,71,26
15185,ok,10,3,707,False,False,False,,,
15192,ok,10,2,481,False,False,False,O2,71,26
15193,ok,10,3,706,False,False,False,,,
15194,ok,10,3,588,False,False,False,O3,55,3
15195,ok,10,2,504,False,False,False,O89,10,7
15196,capped,1000,2,19820,False,False,True,O271,3,3
15198,ok,25,2,782,False,False,False,O121,7,7
15199,ok,25,2,1075,False,False,False,O12,32,17
15203,ok,10,3,525,False,False,False,O71,12,2
15204,ok,25,2,1100,False,False,False,O10,33,15
15205,ok,10,2,228,False,False,False,O9,37,8
15206,ok,25,2,1056,False,False,False,O373,2,3
15209,ok,1,1,33,False,False,False,O165,5,2
15210,ok,10,3,710,False,False,False,,,
15211,ok,10,4,672,False,False,False,O20,24,2
15214,ok,10,2,490,False,False,False,O284,3,3
15215,ok,10,2,306,False,False,False,O224,4,5
15217,ok,25,2,707,False,False,False,,,
15218,ok,10,2,500,False,False,False,O55,15,7
15219,ok,10,2,481,False,False,False,O2,71,26
15220,ok,10,4,826,False,False,False,O85,10,2
15222,ok,10,2,493,False,False,False,O13,30,6
15227,ok,10,3,588,False,False,False,O3,55,3
15228,ok,10,2,487,False,False,False,O2,71,26
15234,ok,10,2,444,False,False,False,O110,8,7
15235,ok,1,1,27,False,False,False,O593,1,2
15239,ok,10,3,257,False,False,False,O594,1,1
15242,ok,4,4,188,False,False,False,O374,2,1
15243,ok,7,2,209,False,False,False,O250,3,3
15246,ok,10,2,480,False,False,False,O16,27,5
15247,ok,10,2,487,False,False,False,O2,71,26
15251,ok,1,1,28,False,False,False,,,
15259,ok,10,2,481,False,False,False,O2,71,26
15260,ok,10,3,530,False,False,False,O71,12,2
15261,ok,10,2,481,False,False,False,O2,71,26
15267,capped,1000,3,66903,False,False,True,,,
15269,ok,10,2,421,False,False,False,O47,16,2
15271,ok,10,2,329,False,False,False,O595,1,2
15275,ok,10,2,484,False,False,False,O32,20,9
15280,ok,10,2,493,False,False,False,O13,30,6
15282,ok,10,3,586,False,False,False,O3,55,3
15283,ok,10,2,513,False,False,False,O8,40,6
15284,ok,10,3,653,False,False,False,O36,18,2
15287,ok,10,2,353,False,False,False,O97,9,5
15289,ok,10,2,190,False,False,False,O56,15,2
15290,ok,10,3,588,False,False,False,O3,55,3
15291,ok,25,3,998,False,False,False,O37,18,7
15292,ok,10,2,511,False,False,False,O8,40,6
15293,ok,10,3,570,False,False,False,O93,9,2
15294,ok,7,2,163,False,False,False,O122,7,1
15296,capped,1000,3,66865,False,False,True,,,
15299,ok,10,3,710,False,False,False,O149,6,1
15300,ok,10,3,361,False,False,False,O248,3,2
15301,ok,10,2,500,False,False,False,O55,15,7
15304,ok,10,2,461,False,False,False,O4,47,22
15305,ok,10,2,214,False,False,False,,,
15306,ok,10,2,451,False,False,False,O1,108,24
15308,ok,10,2,487,False,False,False,O2,71,26
15309,ok,10,3,525,False,False,False,O71,12,2
15311,ok,10,2,494,False,False,False,O81,11,8
15314,ok,10,3,701,False,False,False,,,
15315,ok,10,3,644,False,False,False,O36,18,2
15319,ok,10,2,229,False,False,False,O178,5,2
15320,ok,10,2,485,False,False,False,,,
15321,ok,10,3,688,False,False,False,O26,21,1
15325,ok,10,3,645,False,False,False,O92,9,1
15326,capped,1000,2,19838,False,False,True,O596,1,2
15327,ok,10,2,500,False,False,False,O55,15,7
15331,ok,10,2,208,False,False,False,O67,13,9
15333,ok,10,2,190,False,False,False,O56,15,2
15334,ok,10,2,228,False,False,False,O11,33,9
15336,capped,1000,2,31019,False,False,True,,,
15338,ok,10,3,688,False,False,False,O26,21,1
15343,ok,10,2,449,False,False,False,O17,27,7
15344,ok,10,2,490,False,False,False,,,
15348,ok,10,2,491,False,False,False,O13,30,6
15351,ok,10,3,644,False,False,False,O36,18,2
15353,ok,10,4,770,False,False,False,O104,8,2
15357,ok,10,3,591,False,False,False,O375,2,2
15362,ok,10,3,588,False,False,False,O3,55,3
15366,ok,7,2,161,False,False,False,O122,7,1
15372,ok,10,3,501,False,False,False,O90,10,2
15373,ok,10,2,487,False,False,False,O2,71,26
15375,ok,25,2,701,False,False,False,O285,3,3
15381,ok,10,3,608,False,False,False,O78,11,4
15383,ok,10,3,586,False,False,False,,,
15385,ok,10,4,762,False,False,False,,,
15388,ok,10,4,665,False,False,False,O20,24,2
15390,ok,10,2,235,False,False,False,O178,5,2
15391,ok,10,2,487,False,False,False,O2,71,26
15393,ok,10,2,227,False,False,False,O69,12,6
15394,ok,1,1,21,False,False,False,O593,1,2
15396,ok,10,2,491,False,False,False,O123,7,5
15397,ok,25,2,1106,False,False,False,O10,33,15
15399,ok,10,2,296,False,False,False,O88,10,6
15401,ok,10,2,493,False,False,False,O13,30,6
15402,ok,10,3,595,False,False,False,O3,55,3
15403,ok,25,2,833,False,False,False,O177,5,4
15404,ok,10,2,513,False,False,False,O8,40,6
15405,ok,10,2,234,False,False,False,O9,37,8
15406,capped,1000,4,71823,False,False,True,,,
15409,ok,10,3,678,False,False,False,O371,2,1
15414,ok,10,4,650,False,False,False,,,
15416,ok,10,2,190,False,False,False,O56,15,2
15421,ok,10,3,549,False,False,False,O77,11,3
15430,ok,25,2,458,False,False,False,O19,25,13
15434,ok,10,2,487,False,False,False,O2,71,26
15436,ok,10,3,706,False,False,False,,,
15438,ok,25,2,458,False,False,False,O19,25,13
15440,ok,10,5,837,False,False,False,O348,2,1
15443,ok,10,3,704,False,False,False,,,
15444,ok,25,2,429,False,False,False,O98,9,4
15447,ok,10,2,190,False,False,False,O56,15,2
15448,capped,1000,5,78258,False,False,True,,,
15450,ok,10,4,639,False,False,False,,,
15451,ok,10,2,477,False,False,False,O119,7,3
15453,ok,10,2,473,False,False,False,O16,27,5
15464,ok,10,2,188,False,False,False,O56,15,2
15468,ok,10,2,481,False,False,False,O2,71,26
15469,ok,10,2,213,False,False,False,O372,2,1
15474,capped,1000,4,70651,False,False,True,O597,1,1
15475,ok,10,3,751,False,False,False,O44,16,2
15476,ok,7,2,158,False,False,False,O122,7,1
15477,ok,10,2,493,False,False,False,O13,30,6
15478,ok,10,3,710,False,False,False,,,
15484,ok,10,3,648,False,False,False,O36,18,2
15487,ok,25,2,433,False,False,False,O283,3,2
15489,capped,1000,4,73345,False,False,True,,,
15495,ok,10,2,189,False,False,False,O56,15,2
15499,ok,10,4,663,False,False,False,O20,24,2
15500,ok,10,2,473,False,False,False,O16,27,5
15503,capped,1000,4,71829,False,False,True,,,
15504,ok,10,3,501,False,False,False,O90,10,2
15505,ok,10,4,729,False,False,False,O458,1,1
15507,ok,25,2,857,False,False,False,O598,1,1
15508,ok,10,2,214,False,False,False,O225,4,2
15510,ok,10,2,306,False,False,False,O224,4,5
15517,ok,10,2,507,False,False,False,O8,40,6
15518,ok,10,2,231,False,False,False,O22,23,7
15521,ok,10,2,358,False,False,False,O376,2,1
15526,ok,10,3,744,False,False,False,O44,16,2
15527,ok,10,3,595,False,False,False,O3,55,3
15529,ok,1,3,63,False,False,False,,,
15531,ok,10,3,351,False,False,False,,,
15532,ok,10,2,203,False,False,False,O67,13,9
15534,ok,10,3,688,False,False,False,O26,21,1
15535,ok,25,3,989,False,False,False,O599,1,2
15540,ok,10,3,679,False,False,False,O26,21,1
15542,ok,10,7,1169,False,False,False,,,
15549,ok,10,5,844,False,False,False,,,
15552,ok,25,2,1106,False,False,False,O10,33,15
15554,ok,10,2,510,False,False,False,O89,10,7
15555,ok,10,2,513,False,False,False,O8,40,6
15557,ok,10,2,516,False,False,False,O377,2,2
15559,ok,10,2,461,False,False,False,O80,11,6
15561,ok,10,3,716,False,False,False,,,
15562,ok,10,2,490,False,False,False,O600,1,2
15563,ok,10,2,193,False,False,False,O286,3,2
15564,ok,10,3,588,False,False,False,O3,55,3
15567,ok,10,2,500,False,False,False,O55,15,7
15574,capped,1000,2,45786,False,False,True,,,
15575,ok,10,2,444,False,False,False,O17,27,7
15580,ok,10,3,588,False,False,False,O3,55,3
15582,ok,10,2,289,False,False,False,O88,10,6
15583,ok,10,2,481,False,False,False,O2,71,26
15588,ok,10,2,292,False,False,False,O592,1,2
15590,ok,10,3,678,False,False,False,O26,21,1
15592,ok,10,3,744,False,False,False,O44,16,2
15596,ok,10,2,444,False,False,False,O110,8,7
15598,ok,10,2,444,False,False,False,O110,8,7
15600,ok,10,2,158,False,False,False,,,
15602,ok,10,4,774,False,False,False,O337,2,2
15603,ok,10,2,296,False,False,False,O148,6,5
15604,ok,10,3,712,False,False,False,,,
15606,ok,10,2,228,False,False,False,O9,37,8
15609,ok,10,2,228,False,False,False,O9,37,8
15611,capped,1000,5,75552,False,False,True,O601,1,2
15612,capped,1000,2,19838,False,False,True,O596,1,2
15614,ok,10,2,228,False,False,False,O46,16,3
15615,ok,10,4,912,False,False,False,O133,6,1
15616,ok,10,3,563,False,False,False,O31,20,6
15618,ok,10,3,586,False,False,False,O3,55,3
15619,ok,10,2,487,False,False,False,O2,71,26
15623,ok,10,2,444,False,False,False,O17,27,7
15624,ok,10,2,189,False,False,False,O56,15,2
15631,ok,10,4,663,False,False,False,O20,24,2
15632,ok,25,2,458,False,False,False,O19,25,13
15634,ok,10,2,507,False,False,False,O8,40,6
15635,ok,25,2,1056,False,False,False,O373,2,3
15638,ok,25,2,1081,False,False,False,O12,32,17
15642,ok,10,2,478,False,False,False,O32,20,9
15644,ok,1,4,96,False,False,False,O287,3,2
15645,ok,10,2,513,False,False,False,O8,40,6
15647,ok,10,2,481,False,False,False,O2,71,26
15650,ok,10,2,494,False,False,False,O81,11,8
15651,ok,10,2,457,False,False,False,,,
15655,ok,25,2,458,False,False,False,O19,25,13
15657,ok,10,2,228,False,False,False,O11,33,9
15662,ok,10,2,473,False,False,False,O16,27,5
15671,ok,25,2,458,False,False,False,O19,25,13
15678,ok,10,2,478,False,False,False,O369,2,3
15679,ok,10,3,525,False,False,False,O71,12,2
15681,ok,10,2,493,False,False,False,,,
15682,ok,10,2,473,False,False,False,O16,27,5
15683,ok,10,2,424,False,False,False,O41,16,7
15689,ok,10,3,744,False,False,False,O44,16,2
15693,ok,10,2,421,False,False,False,O47,16,2
15697,ok,10,2,493,False,False,False,O13,30,6
15700,ok,25,2,833,False,False,False,O177,5,4
15701,ok,10,2,169,False,False,False,,,
15705,ok,10,2,481,False,False,False,O2,71,26
15706,ok,10,2,490,False,False,False,O284,3,3
15708,ok,10,2,207,False,False,False,O232,3,1
15710,ok,10,2,266,False,False,False,O226,4,4
15715,ok,10,3,703,False,False,False,,,
15718,ok,25,2,458,False,False,False,O19,25,13
15719,ok,10,3,525,False,False,False,O293,2,3
15720,ok,10,3,557,False,False,False,O31,20,6
15722,ok,10,2,517,False,False,False,O107,8,4
15723,ok,10,2,513,False,False,False,O8,40,6
15725,ok,10,4,773,False,False,False,,,
15726,ok,10,3,595,False,False,False,O3,55,3
15727,ok,10,2,353,False,False,False,O97,9,5
15728,ok,10,2,487,False,False,False,O2,71,26
15729,ok,10,2,430,False,False,False,O47,16,2
15731,ok,10,2,494,False,False,False,O81,11,8
15732,ok,10,2,507,False,False,False,O8,40,6
15733,ok,10,2,488,False,False,False,O284,3,3
15735,ok,10,3,683,False,False,False,O26,21,1
15736,ok,10,3,501,False,False,False,O90,10,2
15740,ok,10,3,487,False,False,False,,,
15741,ok,10,2,465,False,False,False,,,
15743,ok,10,2,425,False,False,False,O41,16,7
15744,ok,25,3,998,False,False,False,O37,18,7
15747,ok,10,3,433,False,False,False,O227,4,2
15752,ok,10,3,750,False,False,False,O44,16,2
15754,ok,10,2,472,False,False,False,O150,6,4
15756,ok,1,4,101,False,False,False,O287,3,2
15757,ok,25,3,999,False,False,False,O37,18,7
15762,ok,10,3,428,False,False,False,O227,4,2
15770,capped,1000,2,19820,False,False,True,O271,3,3
15771,ok,25,2,1081,False,False,False,O140,6,5
15776,ok,25,2,1106,False,False,False,O10,33,15
15781,ok,10,3,566,False,False,False,O79,11,2
15782,ok,10,2,353,False,False,False,O97,9,5
15787,ok,5,3,366,False,False,False,,,
15790,ok,10,3,586,False,False,False,O3,55,3
15792,ok,10,2,461,False,False,False,O80,11,6
15800,ok,10,3,525,False,False,False,O71,12,2
15803,ok,10,2,296,False,False,False,O148,6,5
15804,ok,10,2,475,False,False,False,O119,7,3
15806,ok,10,2,203,False,False,False,O67,13,9
15810,ok,25,2,458,False,False,False,O19,25,13
15811,ok,10,2,354,False,False,False,O97,9,5
15815,ok,10,2,481,False,False,False,O2,71,26
15826,ok,10,2,211,False,False,False,,,
15828,ok,10,4,772,False,False,False,,,
15832,ok,10,2,504,False,False,False,O602,1,1
15833,ok,10,2,444,False,False,False,O17,27,7
15837,ok,0,2,30,True,False,False,,,
15841,ok,25,2,833,False,False,False,O177,5,4
15842,ok,10,4,760,False,False,False,,,
15852,ok,1,1,33,False,False,False,,,
15854,ok,10,3,579,False,False,False,O603,1,2
15855,ok,10,2,472,False,False,False,O150,6,4
15864,ok,10,3,745,False,False,False,O44,16,2
15866,ok,10,2,214,False,False,False,O108,8,5
15867,ok,10,2,479,False,False,False,O16,27,5
15868,ok,10,2,461,False,False,False,O80,11,6
15869,ok,10,2,461,False,False,False,O80,11,6
15871,ok,10,2,234,False,False,False,O9,37,8
15872,ok,10,2,487,False,False,False,O2,71,26
15873,ok,10,3,648,False,False,False,O36,18,2
15876,ok,10,3,706,False,False,False,,,
15877,ok,7,2,223,False,False,False,O604,1,1
15881,capped,1000,4,68669,False,False,True,O605,1,1
15886,ok,10,2,493,False,False,False,O13,30,6
15887,ok,10,2,517,False,False,False,O107,8,4
15888,ok,10,2,471,False,False,False,O119,7,3
15889,ok,10,2,480,False,False,False,O16,27,5
15890,ok,10,2,228,False,False,False,O11,33,9
15894,ok,10,3,584,False,False,False,O87,10,3
15906,ok,25,2,1006,False,False,False,O288,3,2
15907,ok,25,2,1075,False,False,False,O12,32,17
15910,capped,1000,3,70861,False,False,True,,,
15914,ok,10,2,229,False,False,False,O280,3,2
15922,ok,10,2,494,False,False,False,O81,11,8
15926,ok,25,2,429,False,False,False,O98,9,4
15928,ok,25,2,1081,False,False,False,O7,45,22
15932,ok,10,2,473,False,False,False,O16,27,5
15934,ok,10,3,570,False,False,False,O93,9,2
15935,ok,25,2,458,False,False,False,O19,25,13
15937,ok,10,2,169,False,False,False,,,
15938,ok,10,4,785,False,False,False,,,
15940,ok,10,5,832,False,False,False,,,
15942,ok,10,4,785,False,False,False,,,
15944,ok,0,2,24,True,False,False,,,
15946,ok,25,2,1031,False,False,False,,,
15948,ok,10,2,484,False,False,False,O32,20,9
15951,ok,10,2,510,False,False,False,O89,10,7
15953,ok,10,2,493,False,False,False,O13,30,6
15954,capped,1000,3,60910,False,False,True,,,
15955,ok,10,2,225,False,False,False,O22,23,7
15956,ok,1,1,39,False,False,False,,,
15957,ok,10,2,493,False,False,False,O13,30,6
15959,ok,10,3,501,False,False,False,O90,10,2
15964,ok,10,3,566,False,False,False,O79,11,2
15971,ok,10,2,418,False,False,False,O41,16,7
15972,ok,10,2,266,False,False,False,O226,4,4
15973,ok,10,4,667,False,False,False,,,
15974,ok,10,3,588,False,False,False,O3,55,3
15975,ok,10,2,484,False,False,False,O179,5,4
15978,ok,25,2,1081,False,False,False,O7,45,22
15981,ok,1,4,96,False,False,False,O287,3,2
15991,ok,25,2,782,False,False,False,O121,7,7
15992,capped,1000,3,60767,False,False,True,,,
15996,ok,10,3,608,False,False,False,O78,11,4
15997,ok,10,2,203,False,False,False,O67,13,9
15998,ok,10,2,420,False,False,False,O47,16,2
16006,ok,10,4,663,False,False,False,O20,24,2
16007,ok,10,3,575,False,False,False,O79,11,2
16008,ok,10,2,497,False,False,False,O606,1,2
16011,ok,25,2,1081,False,False,False,O207,4,3
16013,ok,10,2,302,False,False,False,O148,6,5
16016,ok,10,2,444,False,False,False,O110,8,7
16017,ok,10,3,511,False,False,False,,,
16019,ok,10,2,510,False,False,False,O89,10,7
16021,ok,10,2,500,False,False,False,O55,15,7
16030,ok,0,2,24,True,False,False,,,
16032,ok,10,2,511,False,False,False,O8,40,6
16046,ok,10,3,568,False,False,False,,,
16054,ok,10,2,481,False,False,False,O2,71,26
16058,ok,10,3,710,False,False,False,,,
16059,ok,25,2,458,False,False,False,O19,25,13
16062,ok,10,2,484,False,False,False,O32,20,9
16067,ok,10,3,703,False,False,False,O149,6,1
16071,ok,10,2,481,False,False,False,O2,71,26
16074,ok,10,2,193,False,False,False,O286,3,2
16078,capped,1000,3,66901,False,False,True,,,
16081,ok,10,2,481,False,False,False,O2,71,26
16091,ok,10,2,421,False,False,False,O47,16,2
16093,ok,10,2,476,False,False,False,O54,15,5
16100,ok,10,3,419,False,False,False,O607,1,1
16101,ok,25,2,1004,False,False,False,O288,3,2
16104,ok,10,4,599,False,False,False,O378,2,1
16107,ok,2,7,244,False,False,False,O234,3,2
16109,ok,10,3,698,False,False,False,,,
16111,ok,10,2,478,False,False,False,O32,20,9
16112,ok,10,2,504,False,False,False,O89,10,7
16113,ok,10,3,602,False,False,False,O78,11,4
16114,ok,10,3,718,False,False,False,,,
16115,ok,10,2,493,False,False,False,O13,30,6
16117,ok,10,3,341,False,False,False,O379,2,3
16119,ok,25,2,707,False,False,False,O608,1,1
16122,ok,10,3,501,False,False,False,O90,10,2
16129,ok,10,2,474,False,False,False,O16,27,5
16132,ok,1,2,63,False,False,False,O609,1,1
16133,ok,10,3,710,False,False,False,O149,6,1
16135,ok,25,2,1081,False,False,False,O7,45,22
16137,ok,10,2,476,False,False,False,O54,15,5
16141,ok,10,2,203,False,False,False,O67,13,9
16146,ok,10,2,444,False,False,False,O17,27,7
16147,ok,10,4,768,False,False,False,O145,6,2
16151,ok,0,2,24,True,False,False,,,
16155,ok,10,3,588,False,False,False,O3,55,3
16157,ok,10,2,493,False,False,False,O13,30,6
16162,ok,10,3,648,False,False,False,O36,18,2
16163,ok,10,2,497,False,False,False,O123,7,5
16165,ok,10,2,418,False,False,False,O41,16,7
16171,ok,0,2,30,True,False,False,,,
16177,ok,10,2,507,False,False,False,O8,40,6
16178,ok,10,2,317,False,False,False,,,
16190,ok,10,2,444,False,False,False,O17,27,7
16192,ok,10,4,773,False,False,False,,,
16194,ok,10,2,507,False,False,False,O8,40,6
16196,ok,10,3,588,False,False,False,O3,55,3
16198,ok,10,4,775,False,False,False,,,
16200,ok,10,3,579,False,False,False,O603,1,2
16203,ok,1,2,66,False,False,False,O609,1,1
16206,ok,10,2,193,False,False,False,O286,3,2
16207,ok,10,2,302,False,False,False,,,
16208,ok,10,2,504,False,False,False,O55,15,7
16211,ok,10,2,501,False,False,False,O223,4,4
16212,ok,10,2,481,False,False,False,O2,71,26
16215,ok,10,2,500,False,False,False,O55,15,7
16218,ok,7,2,217,False,False,False,O604,1,1
16222,ok,25,2,701,False,False,False,O380,2,2
16231,ok,10,2,451,False,False,False,O1,108,24
16232,ok,10,2,420,False,False,False,O47,16,2
16233,ok,10,2,484,False,False,False,,,
16235,ok,10,2,480,False,False,False,O16,27,5
16236,ok,10,2,481,False,False,False,O2,71,26
16238,ok,5,2,244,False,False,False,O40,16,13
16240,ok,1,1,33,False,False,False,O281,3,3
16243,ok,10,2,478,False,False,False,O179,5,4
16246,ok,10,2,448,False,False,False,,,
16250,ok,10,2,203,False,False,False,O67,13,9
16257,ok,10,2,487,False,False,False,O2,71,26
16258,ok,10,3,714,False,False,False,,,
16263,ok,10,4,798,False,False,False,,,
16266,ok,10,3,678,False,False,False,,,
16268,ok,10,3,649,False,False,False,O92,9,1
16270,ok,10,2,444,False,False,False,O110,8,7
16274,ok,5,2,117,False,False,False,,,
16277,ok,10,3,645,False,False,False,O92,9,1
16285,ok,10,3,586,False,False,False,O3,55,3
16288,ok,0,2,24,True,False,False,,,
16293,ok,10,4,764,False,False,False,,,
16294,ok,10,3,525,False,False,False,O71,12,2
16296,ok,10,3,592,False,False,False,,,
16297,capped,1000,3,66909,False,False,True,,,
16299,ok,10,2,340,False,False,False,O381,2,2
16307,capped,1000,3,66910,False,False,True,,,
16315,ok,10,2,500,False,False,False,O55,15,7
16320,ok,10,3,709,False,False,False,,,
16323,ok,10,2,190,False,False,False,O56,15,2
16327,ok,10,3,653,False,False,False,O36,18,2
16328,ok,10,2,504,False,False,False,O89,10,7
16329,ok,10,4,764,False,False,False,,,
16330,ok,4,6,350,False,False,False,,,
16332,capped,1000,2,45967,False,False,True,,,
16337,ok,10,2,493,False,False,False,O13,30,6
16338,ok,10,4,763,False,False,False,O145,6,2
16341,ok,10,2,306,False,False,False,O224,4,5
16346,ok,10,2,444,False,False,False,O17,27,7
16347,ok,10,2,494,False,False,False,O81,11,8
16350,ok,10,3,644,False,False,False,O36,18,2
16354,ok,10,2,444,False,False,False,O17,27,7
16359,ok,10,2,500,False,False,False,O55,15,7
16361,ok,10,2,507,False,False,False,O8,40,6
16362,ok,10,3,555,False,False,False,O77,11,3
16364,ok,10,2,282,False,False,False,O147,6,4
16365,ok,10,2,445,False,False,False,O18,26,12
16366,ok,10,4,764,False,False,False,,,
16367,ok,10,3,644,False,False,False,,,
16370,ok,10,3,244,False,False,False,O594,1,1
16371,ok,10,2,491,False,False,False,O123,7,5
16373,ok,10,3,525,False,False,False,O71,12,2
16377,ok,10,2,493,False,False,False,O13,30,6
16378,ok,10,3,679,False,False,False,O26,21,1
16380,ok,25,2,1081,False,False,False,O140,6,5
16386,ok,10,2,227,False,False,False,O69,12,6
16390,ok,10,2,484,False,False,False,O32,20,9
16392,ok,10,2,481,False,False,False,O2,71,26
16393,ok,25,2,458,False,False,False,O19,25,13
16394,ok,10,2,217,False,False,False,O610,1,2
16401,ok,25,3,998,False,False,False,O37,18,7
16403,ok,10,2,354,False,False,False,O97,9,5
16404,ok,10,3,644,False,False,False,O561,1,2
16406,ok,10,2,94,False,False,False,,,
16407,ok,10,3,595,False,False,False,O3,55,3
16410,ok,10,2,463,False,False,False,O365,2,3
16411,ok,10,2,225,False,False,False,O22,23,7
16415,ok,10,2,503,False,False,False,O223,4,4
16416,ok,10,2,493,False,False,False,O13,30,6
16420,capped,1000,3,66910,False,False,True,,,
16425,ok,10,2,494,False,False,False,O81,11,8
16432,ok,10,3,699,False,False,False,,,
16435,ok,10,3,517,False,False,False,O611,1,1
16440,ok,10,4,775,False,False,False,,,
16441,ok,10,2,487,False,False,False,O2,71,26
16445,ok,10,3,557,False,False,False,O31,20,6
16446,ok,10,2,212,False,False,False,O225,4,2
16447,ok,10,2,228,False,False,False,O46,16,3
16458,capped,1000,2,9940,False,False,True,,,
16461,ok,10,2,419,False,False,False,O41,16,7
16462,ok,10,3,647,False,False,False,O92,9,1
16465,ok,10,2,487,False,False,False,O2,71,26
16473,ok,10,4,772,False,False,False,,,
16475,ok,5,3,371,False,False,False,,,
16489,ok,10,2,214,False,False,False,O108,8,5
16493,ok,10,2,487,False,False,False,O2,71,26
16494,ok,10,2,306,False,False,False,O224,4,5
16495,ok,25,2,1100,False,False,False,O10,33,15
16507,ok,10,4,769,False,False,False,,,
16509,ok,10,2,480,False,False,False,O16,27,5
16510,ok,10,2,493,False,False,False,O13,30,6
16514,ok,10,2,420,False,False,False,O47,16,2
16519,ok,5,3,371,False,False,False,,,
16520,ok,10,2,491,False,False,False,O13,30,6
16522,ok,10,3,606,False,False,False,O78,11,4
16524,ok,25,2,1081,False,False,False,O140,6,5
16525,ok,10,2,476,False,False,False,O54,15,5
16527,ok,10,4,650,False,False,False,,,
16530,ok,10,2,481,False,False,False,O2,71,26
16533,ok,10,3,577,False,False,False,O382,2,1
16539,ok,10,2,228,False,False,False,O9,37,8
16541,ok,10,2,233,False,False,False,O178,5,2
16545,ok,10,2,507,False,False,False,O8,40,6
16547,ok,1,4,96,False,False,False,O612,1,1
16550,ok,10,2,232,False,False,False,O9,37,8
16552,ok,10,2,229,False,False,False,O178,5,2
16554,ok,10,2,478,False,False,False,O32,20,9
16556,ok,10,2,420,False,False,False,O47,16,2
16557,capped,1000,4,72710,False,False,True,,,
16563,ok,0,2,24,True,False,False,,,
16568,ok,10,2,228,False,False,False,O11,33,9
16569,ok,10,2,493,False,False,False,O13,30,6
16574,ok,10,2,480,False,False,False,,,
16581,ok,10,3,595,False,False,False,O3,55,3
16582,ok,10,2,497,False,False,False,O114,7,4
16584,capped,1000,4,68669,False,False,True,O605,1,1
16586,ok,1,1,39,False,False,False,O222,4,3
16591,ok,10,2,513,False,False,False,O8,40,6
16594,ok,10,3,608,False,False,False,O78,11,4
16595,ok,10,4,770,False,False,False,O104,8,2
16597,ok,10,2,449,False,False,False,O17,27,7
16599,ok,10,2,234,False,False,False,O9,37,8
16601,ok,10,3,662,False,False,False,,,
16606,ok,1,4,97,False,False,False,O612,1,1
16612,ok,10,3,704,False,False,False,,,
16613,ok,10,2,482,False,False,False,O613,1,2
16615,ok,10,2,478,False,False,False,O32,20,9
16620,ok,10,4,792,False,False,False,,,
16628,ok,25,2,676,False,False,False,,,
16632,ok,1,1,33,False,False,False,O165,5,2
16634,ok,10,2,289,False,False,False,O88,10,6
16635,ok,10,3,710,False,False,False,O149,6,1
16636,ok,25,2,1106,False,False,False,O10,33,15
16637,ok,10,2,282,False,False,False,O147,6,4
16638,ok,25,3,999,False,False,False,O37,18,7
16651,ok,10,2,478,False,False,False,O179,5,4
16660,ok,10,3,532,False,False,False,O383,2,2
16661,ok,10,2,474,False,False,False,O16,27,5
16676,ok,10,3,588,False,False,False,O3,55,3
16678,ok,7,2,159,False,False,False,O122,7,1
16681,ok,10,3,308,False,False,False,O614,1,2
16682,ok,10,2,420,False,False,False,O47,16,2
16684,ok,10,3,602,False,False,False,O78,11,4
16696,ok,4,4,188,False,False,False,,,
16700,ok,10,2,483,False,False,False,,,
16701,ok,25,4,1263,False,False,False,,,
16703,ok,10,2,495,False,False,False,O129,6,3
16706,ok,10,4,782,False,False,False,,,
16709,ok,10,2,472,False,False,False,O150,6,4
16710,ok,10,2,227,False,False,False,,,
16713,ok,10,3,586,False,False,False,O3,55,3
16714,ok,10,3,308,False,False,False,O614,1,2
16718,ok,10,4,779,False,False,False,,,
16724,ok,10,2,487,False,False,False,O2,71,26
16728,ok,10,2,478,False,False,False,O32,20,9
16730,ok,10,4,718,False,False,False,O96,9,4
16734,ok,4,4,180,False,False,False,O374,2,1
16736,ok,10,2,503,False,False,False,O223,4,4
16738,ok,5,3,333,False,False,False,,,
16740,ok,25,2,657,False,False,False,O370,2,3
16741,ok,10,2,476,False,False,False,O613,1,2
16743,ok,10,2,481,False,False,False,O2,71,26
16745,ok,10,2,203,False,False,False,O67,13,9
16751,ok,25,3,820,False,False,False,,,
16752,ok,10,3,576,False,False,False,O382,2,1
16756,ok,10,2,497,False,False,False,O114,7,4
16761,ok,25,2,1056,False,False,False,,,
16768,ok,10,2,233,False,False,False,O176,5,3
16773,ok,10,2,494,False,False,False,O81,11,8
16775,ok,25,2,676,False,False,False,,,
16777,ok,10,3,648,False,False,False,O36,18,2
16778,ok,25,3,998,False,False,False,O37,18,7
16779,ok,10,2,451,False,False,False,O1,108,24
16780,ok,10,2,487,False,False,False,O2,71,26
16782,ok,7,2,209,False,False,False,O250,3,3
16785,ok,10,2,345,False,False,False,O120,7,5
16789,ok,10,2,510,False,False,False,O89,10,7
16790,ok,10,2,430,False,False,False,O47,16,2
16791,ok,10,2,227,False,False,False,O69,12,6
16793,ok,10,4,813,False,False,False,,,
16799,ok,10,2,476,False,False,False,O54,15,5
16800,ok,10,2,460,False,False,False,O80,11,6
16801,ok,10,2,203,False,False,False,O67,13,9
16819,ok,10,3,681,False,False,False,,,
16829,capped,1000,4,71694,False,False,True,,,
16831,ok,10,3,588,False,False,False,O3,55,3
16834,ok,25,3,974,False,False,False,,,
16838,ok,10,2,461,False,False,False,O80,11,6
16845,ok,25,3,1003,False,False,False,O37,18,7
16846,ok,10,2,473,False,False,False,O16,27,5
16849,ok,10,2,487,False,False,False,O2,71,26
16850,ok,10,2,210,False,False,False,,,
16852,ok,10,3,715,False,False,False,,,
16853,capped,1000,4,71820,False,False,True,,,
16855,ok,10,3,588,False,False,False,O3,55,3
16858,ok,25,2,1081,False,False,False,O14,29,17
16868,ok,10,2,476,False,False,False,O54,15,5
16870,ok,10,2,345,False,False,False,O120,7,5
16872,capped,1000,2,39766,False,False,True,,,
16875,ok,25,2,429,False,False,False,O98,9,4
16882,ok,25,2,429,False,False,False,O98,9,4
16883,ok,10,2,504,False,False,False,O384,2,2
16884,ok,25,2,458,False,False,False,O19,25,13
16885,ok,10,2,296,False,False,False,O88,10,6
16888,ok,10,4,663,False,False,False,O20,24,2
16889,ok,7,2,217,False,False,False,O132,6,3
16890,ok,10,2,500,False,False,False,O55,15,7
16891,ok,10,2,461,False,False,False,O80,11,6
16900,ok,1,1,37,False,False,False,,,
16909,ok,10,4,663,False,False,False,O20,24,2
16912,ok,1,1,39,False,False,False,O165,5,2
16913,ok,10,2,481,False,False,False,O2,71,26
16918,ok,10,3,586,False,False,False,O3,55,3
16922,ok,10,2,461,False,False,False,O4,47,22
16923,ok,10,3,575,False,False,False,O79,11,2
16924,ok,10,2,296,False,False,False,O148,6,5
16928,ok,10,2,478,False,False,False,O32,20,9
16930,ok,25,2,782,False,False,False,O121,7,7
16937,ok,10,3,588,False,False,False,O3,55,3
16942,ok,10,3,575,False,False,False,O79,11,2
16943,ok,10,4,793,False,False,False,,,
16950,ok,10,3,586,False,False,False,O3,55,3
16960,ok,10,2,486,False,False,False,,,
16963,ok,10,3,681,False,False,False,,,
16965,ok,10,2,481,False,False,False,O2,71,26
16966,capped,1000,4,71861,False,False,True,,,
16969,ok,10,3,660,False,False,False,O92,9,1
16975,ok,25,2,1081,False,False,False,O12,32,17
16980,ok,10,4,690,False,False,False,O265,3,1
16986,ok,10,2,491,False,False,False,,,
16989,ok,10,3,568,False,False,False,O79,11,2
16994,ok,10,2,494,False,False,False,O81,11,8
16995,ok,10,3,678,False,False,False,O26,21,1
16999,capped,1000,4,70651,False,False,True,O597,1,1
17006,ok,10,3,691,False,False,False,O385,2,1
17011,ok,10,2,500,False,False,False,O55,15,7
17018,ok,10,3,557,False,False,False,O31,20,6
17019,ok,10,2,520,False,False,False,O377,2,2
17023,ok,10,2,493,False,False,False,O13,30,6
17025,ok,10,3,588,False,False,False,O3,55,3
17026,ok,10,3,428,False,False,False,O227,4,2
17034,ok,10,2,493,False,False,False,O13,30,6
17038,capped,1000,2,29017,False,False,True,,,
17041,ok,5,3,310,False,False,False,,,
17043,capped,1000,3,67435,False,False,True,,,
17049,ok,10,3,549,False,False,False,O77,11,3
17058,capped,1000,3,66910,False,False,True,,,
17066,ok,25,2,1106,False,False,False,O10,33,15
17070,ok,10,2,478,False,False,False,O32,20,9
17073,ok,25,3,998,False,False,False,O37,18,7
17074,ok,10,4,826,False,False,False,O85,10,2
17076,ok,10,3,679,False,False,False,O26,21,1
17078,ok,25,2,782,False,False,False,O121,7,7
17081,ok,25,2,707,False,False,False,O285,3,3
17084,ok,10,3,598,False,False,False,O61,13,8
17087,ok,25,2,1075,False,False,False,O170,5,6
17089,ok,10,2,473,False,False,False,O16,27,5
17091,ok,10,4,819,False,False,False,O85,10,2
17093,ok,10,2,491,False,False,False,O123,7,5
17094,ok,10,2,289,False,False,False,O88,10,6
17095,ok,10,2,507,False,False,False,O8,40,6
17098,ok,7,2,161,False,False,False,O116,7,3
17102,ok,10,2,232,False,False,False,O9,37,8
17104,ok,10,3,556,False,False,False,O471,1,1
17108,ok,10,3,688,False,False,False,O26,21,1
17111,ok,10,3,566,False,False,False,O79,11,2
17117,ok,25,2,1081,False,False,False,O12,32,17
17125,ok,10,3,588,False,False,False,O3,55,3
17130,ok,10,3,407,False,False,False,,,
17133,ok,10,2,504,False,False,False,,,
17140,ok,10,2,302,False,False,False,O148,6,5
17142,ok,10,2,500,False,False,False,O55,15,7
17144,ok,10,3,591,False,False,False,O375,2,2
17149,ok,10,2,378,False,False,False,,,
17155,ok,7,2,158,False,False,False,O122,7,1
17157,capped,1000,3,65474,False,False,True,,,
17158,ok,10,2,214,False,False,False,O225,4,2
17161,ok,7,2,202,False,False,False,,,
17162,ok,10,2,481,False,False,False,O206,4,3
17163,capped,1000,4,73352,False,False,True,,,
17165,ok,10,2,502,False,False,False,O615,1,1
17168,ok,10,2,444,False,False,False,O17,27,7
17169,ok,10,3,532,False,False,False,O383,2,2
17175,capped,1000,4,73351,False,False,True,,,
17177,ok,10,3,710,False,False,False,O149,6,1
17182,ok,10,2,491,False,False,False,O13,30,6
17189,ok,10,2,226,False,False,False,O137,6,4
17190,ok,10,2,482,False,False,False,,,
17195,ok,10,3,556,False,False,False,O77,11,3
17197,ok,10,2,221,False,False,False,O225,4,2
17199,ok,25,3,998,False,False,False,O37,18,7
17205,ok,10,2,482,False,False,False,O54,15,5
17207,ok,10,3,590,False,False,False,O87,10,3
17209,ok,25,2,458,False,False,False,O19,25,13
17213,ok,10,2,482,False,False,False,O54,15,5
17220,ok,1,4,99,False,False,False,,,
17223,ok,10,4,643,False,False,False,,,
17229,ok,10,3,751,False,False,False,O44,16,2
17234,ok,25,2,1075,False,False,False,O12,32,17
17236,capped,1000,4,67206,False,False,True,,,
17238,ok,10,2,444,False,False,False,O17,27,7
17239,ok,10,3,557,False,False,False,O31,20,6
17241,ok,10,2,494,False,False,False,O81,11,8
17243,ok,25,2,429,False,False,False,O98,9,4
17246,ok,10,2,493,False,False,False,O13,30,6
17249,ok,10,2,265,False,False,False,O226,4,4
17257,ok,10,2,222,False,False,False,O366,2,2
17260,ok,10,2,481,False,False,False,O2,71,26
17261,ok,10,3,588,False,False,False,O3,55,3
17264,ok,10,3,588,False,False,False,O3,55,3
17265,capped,1000,2,45800,False,False,True,,,
17268,ok,10,2,190,False,False,False,O56,15,2
17274,ok,10,2,497,False,False,False,O114,7,4
17278,ok,10,2,445,False,False,False,O1,108,24
17290,ok,10,3,709,False,False,False,O149,6,1
17292,ok,1,5,132,False,False,False,,,
17293,ok,7,2,162,False,False,False,O122,7,1
17297,ok,10,3,525,False,False,False,O71,12,2
17298,ok,25,2,430,False,False,False,O98,9,4
17302,ok,10,2,478,False,False,False,O369,2,3
17304,ok,7,2,148,False,False,False,,,
17305,ok,10,2,353,False,False,False,O97,9,5
17306,ok,10,2,451,False,False,False,O18,26,12
17308,ok,10,3,519,False,False,False,,,
17321,ok,1,1,39,False,False,False,O281,3,3
17322,ok,10,3,588,False,False,False,O3,55,3
17325,ok,10,2,513,False,False,False,O8,40,6
17327,ok,10,4,774,False,False,False,O311,2,2
17331,ok,10,3,645,False,False,False,O92,9,1
17332,ok,10,2,444,False,False,False,O17,27,7
17340,ok,10,2,454,False,False,False,O80,11,6
17344,ok,10,2,266,False,False,False,O226,4,4
17345,ok,1,1,36,False,False,False,,,
17349,ok,25,2,1075,False,False,False,O12,32,17
17352,capped,1000,2,19820,False,False,True,O271,3,3
17357,capped,1000,2,45869,False,False,True,O386,2,2
17366,ok,10,2,507,False,False,False,O8,40,6
17367,ok,10,2,235,False,False,False,O277,3,2
17371,ok,25,2,1075,False,False,False,O186,4,4
17375,ok,10,2,225,False,False,False,O22,23,7
17382,ok,10,3,679,False,False,False,O26,21,1
17388,ok,10,2,425,False,False,False,O41,16,7
17390,ok,10,4,727,False,False,False,O96,9,4
17391,ok,10,2,339,False,False,False,O381,2,2
17392,ok,10,4,590,False,False,False,O378,2,1
17393,ok,10,2,473,False,False,False,O16,27,5
17394,ok,10,3,683,False,False,False,O26,21,1
17412,ok,25,2,1075,False,False,False,O170,5,6
17413,ok,10,2,481,False,False,False,O2,71,26
17423,ok,2,7,250,False,False,False,O234,3,2
17426,ok,10,3,577,False,False,False,O382,2,1
17428,ok,10,4,731,False,False,False,O96,9,4
17430,ok,10,2,478,False,False,False,O32,20,9
17442,ok,10,2,487,False,False,False,O2,71,26
17445,ok,10,3,588,False,False,False,O3,55,3
17449,ok,25,2,1006,False,False,False,O288,3,2
17454,ok,25,3,996,False,False,False,O599,1,2
17456,ok,10,2,474,False,False,False,O173,5,2
17458,ok,10,4,782,False,False,False,,,
17459,ok,10,2,353,False,False,False,O97,9,5
17461,ok,4,3,110,False,False,False,,,
17471,ok,10,2,444,False,False,False,O17,27,7
17472,ok,10,2,491,False,False,False,O13,30,6
17474,ok,10,4,758,False,False,False,O145,6,2
17476,ok,10,4,762,False,False,False,,,
17478,ok,25,2,458,False,False,False,O19,25,13
17480,ok,7,2,209,False,False,False,,,
17482,ok,10,3,704,False,False,False,,,
17491,ok,10,3,608,False,False,False,O78,11,4
17493,ok,10,2,444,False,False,False,O110,8,7
17497,ok,10,3,588,False,False,False,O3,55,3
17500,ok,1,1,33,False,False,False,O222,4,3
17511,ok,10,2,472,False,False,False,O150,6,4
17514,ok,10,2,500,False,False,False,O55,15,7
17517,ok,10,2,478,False,False,False,O32,20,9
17521,ok,10,4,899,False,False,False,O133,6,1
17525,ok,10,3,697,False,False,False,O505,1,2
17527,ok,10,2,480,False,False,False,O16,27,5
17536,ok,10,2,215,False,False,False,O372,2,1
17551,ok,10,2,487,False,False,False,O2,71,26
17553,ok,25,2,982,False,False,False,,,
17567,ok,10,2,302,False,False,False,O148,6,5
17571,capped,1000,3,60916,False,False,True,,,
17573,capped,1000,2,45869,False,False,True,O386,2,2
17577,ok,25,2,686,False,False,False,O387,2,2
17588,ok,10,3,488,False,False,False,,,
17590,ok,10,4,731,False,False,False,O96,9,4
17593,ok,10,3,691,False,False,False,O385,2,1
17595,ok,10,2,203,False,False,False,O67,13,9
17597,ok,10,2,282,False,False,False,O147,6,4
17606,ok,10,2,504,False,False,False,O89,10,7
17618,ok,10,3,496,False,False,False,,,
17625,ok,10,2,229,False,False,False,O178,5,2
17626,ok,10,4,685,False,False,False,O265,3,1
17631,ok,10,3,653,False,False,False,O36,18,2
17639,ok,10,2,481,False,False,False,O2,71,26
17642,ok,10,2,228,False,False,False,O11,33,9
17645,capped,1000,5,75552,False,False,True,O601,1,2
17646,ok,10,2,478,False,False,False,O32,20,9
17648,ok,7,2,161,False,False,False,O122,7,1
17649,ok,10,3,602,False,False,False,O78,11,4
17650,ok,10,3,651,False,False,False,O92,9,1
17656,ok,10,2,193,False,False,False,O286,3,2
17660,ok,10,3,648,False,False,False,O36,18,2
17671,ok,10,2,234,False,False,False,O9,37,8
17679,ok,10,2,476,False,False,False,O54,15,5
17680,ok,1,1,33,False,False,False,O281,3,3
17685,ok,10,5,836,False,False,False,,,
17686,ok,10,4,764,False,False,False,,,
17693,ok,10,2,501,False,False,False,O129,6,3
17695,ok,10,2,214,False,False,False,O225,4,2
17696,ok,1,1,33,False,False,False,,,
17697,ok,10,2,253,False,False,False,O616,1,2
17700,ok,25,2,834,False,False,False,O177,5,4
17704,ok,10,3,679,False,False,False,O26,21,1
17706,ok,7,3,269,False,False,False,O146,6,4
17709,ok,10,2,517,False,False,False,O107,8,4
17717,ok,25,2,1075,False,False,False,O12,32,17
17719,ok,10,2,507,False,False,False,O8,40,6
17723,ok,10,4,672,False,False,False,O20,24,2
17726,ok,10,3,576,False,False,False,O430,1,2
17741,ok,10,2,345,False,False,False,O120,7,5
17742,ok,0,3,37,True,False,False,,,
17744,ok,10,3,555,False,False,False,O77,11,3
17750,ok,10,3,478,False,False,False,O314,2,3
17751,ok,10,4,745,False,False,False,,,
17753,ok,25,3,850,False,False,False,,,
17756,capped,1000,2,41895,False,False,True,,,
17760,ok,10,2,487,False,False,False,O2,71,26
17763,ok,20,3,1360,False,False,False,,,
17764,ok,10,3,575,False,False,False,O79,11,2
17781,ok,10,2,235,False,False,False,O280,3,2
17785,ok,10,3,670,False,False,False,O364,2,1
17789,capped,1000,3,66868,False,False,True,,,
17791,ok,10,2,474,False,False,False,O16,27,5
17793,ok,0,2,24,True,False,False,,,
17795,ok,25,2,458,False,False,False,O19,25,13
17797,ok,25,3,775,False,False,False,,,
17801,ok,25,3,998,False,False,False,O37,18,7
17809,ok,25,2,707,False,False,False,O380,2,2
17813,ok,10,4,769,False,False,False,,,
17814,ok,10,3,586,False,False,False,O3,55,3
17815,ok,25,2,1081,False,False,False,O207,4,3
17817,ok,1,1,33,False,False,False,O165,5,2
17818,ok,10,2,203,False,False,False,O67,13,9
17826,ok,25,2,686,False,False,False,O387,2,2
17829,ok,25,2,782,False,False,False,O121,7,7
17830,ok,10,3,751,False,False,False,O44,16,2
17832,ok,10,3,707,False,False,False,,,
17843,ok,7,2,159,False,False,False,O116,7,3
17845,ok,10,2,328,False,False,False,O368,2,3
17848,ok,10,4,779,False,False,False,,,
17856,ok,10,2,169,False,False,False,,,
17858,ok,10,3,598,False,False,False,O61,13,8
17859,ok,10,4,786,False,False,False,,,
17862,ok,10,3,491,False,False,False,O90,10,2
17863,ok,4,7,392,False,False,False,O502,1,2
17870,ok,10,2,481,False,False,False,O2,71,26
17871,ok,10,2,190,False,False,False,O56,15,2
17875,ok,5,2,263,False,False,False,,,
17877,ok,1,5,120,False,False,False,,,
17884,ok,10,2,513,False,False,False,O8,40,6
17886,ok,7,2,156,False,False,False,O543,1,2
17888,ok,25,2,458,False,False,False,O19,25,13
17891,ok,7,2,223,False,False,False,O102,8,2
17895,ok,10,3,364,False,False,False,O617,1,2
17901,ok,25,2,458,False,False,False,O19,25,13
17905,ok,0,2,24,True,False,False,,,
17907,ok,10,4,656,False,False,False,,,
17916,ok,10,2,496,False,False,False,,,
17919,ok,4,4,189,False,False,False,O374,2,1
17922,ok,25,2,1106,False,False,False,O10,33,15
17938,ok,10,3,705,False,False,False,,,
17939,capped,1000,2,60526,False,False,True,,,
17941,ok,10,4,774,False,False,False,,,
17944,ok,10,2,391,False,False,False,O388,2,3
17948,ok,25,4,1253,False,False,False,,,
17950,ok,10,3,578,False,False,False,O618,1,1
17951,capped,1000,3,66629,False,False,True,,,
17953,ok,10,2,494,False,False,False,O81,11,8
17956,ok,10,2,421,False,False,False,O47,16,2
17959,ok,10,2,523,False,False,False,O107,8,4
17962,capped,1000,3,65473,False,False,True,,,
17963,ok,25,2,456,False,False,False,O19,25,13
17965,ok,10,2,353,False,False,False,O97,9,5
17966,ok,10,2,451,False,False,False,O1,108,24
17970,capped,1000,4,69370,False,False,True,,,
17972,ok,10,2,306,False,False,False,O224,4,5
17974,ok,10,4,771,False,False,False,,,
17987,ok,10,2,504,False,False,False,O602,1,1
17988,ok,10,3,660,False,False,False,O92,9,1
17989,ok,10,4,775,False,False,False,,,
17990,ok,10,2,517,False,False,False,O107,8,4
17994,ok,10,2,513,False,False,False,O8,40,6
17996,ok,10,2,496,False,False,False,O600,1,2
17999,ok,10,2,471,False,False,False,O119,7,3
18002,ok,10,2,481,False,False,False,O2,71,26
18003,ok,25,2,430,False,False,False,O98,9,4
18005,ok,10,2,227,False,False,False,O69,12,6
18011,ok,10,2,468,False,False,False,,,
18013,ok,10,2,425,False,False,False,O41,16,7
18021,ok,25,2,458,False,False,False,O19,25,13
18032,ok,10,3,556,False,False,False,O77,11,3
18038,ok,10,2,444,False,False,False,O17,27,7
18045,ok,25,2,701,False,False,False,,,
18046,ok,25,3,999,False,False,False,O37,18,7
18048,ok,10,2,228,False,False,False,O46,16,3
18055,ok,10,3,557,False,False,False,O31,20,6
18056,ok,10,2,472,False,False,False,O150,6,4
18059,ok,10,2,202,False,False,False,,,
18060,ok,10,3,588,False,False,False,O3,55,3
18062,capped,1000,2,19837,False,False,True,,,
18064,ok,7,2,209,False,False,False,,,
18068,ok,10,4,768,False,False,False,O145,6,2
18069,ok,10,3,644,False,False,False,O36,18,2
18070,ok,10,2,504,False,False,False,O384,2,2
18071,ok,10,2,490,False,False,False,O284,3,3
18073,ok,25,2,1100,False,False,False,O10,33,15
18082,ok,25,2,458,False,False,False,O19,25,13
18086,ok,10,2,502,False,False,False,O615,1,1
18090,ok,10,3,710,False,False,False,,,
18096,ok,10,2,497,False,False,False,O114,7,4
18106,capped,1000,3,52979,False,False,True,,,
18108,ok,10,2,504,False,False,False,O89,10,7
18109,ok,10,2,358,False,False,False,O376,2,1
18117,ok,10,2,473,False,False,False,O16,27,5
18118,ok,10,4,778,False,False,False,,,
18131,ok,10,4,641,False,False,False,O485,1,1
18133,ok,10,2,481,False,False,False,O2,71,26
18136,ok,10,2,484,False,False,False,O32,20,9
18142,ok,10,2,456,False,False,False,,,
18147,capped,1000,3,65474,False,False,True,,,
18148,ok,10,2,478,False,False,False,O179,5,4
18153,ok,5,2,239,False,False,False,,,
18154,ok,25,2,1079,False,False,False,O12,32,17
18163,ok,10,2,235,False,False,False,O178,5,2
18168,ok,10,2,522,False,False,False,O377,2,2
18169,ok,10,2,234,False,False,False,O11,33,9
18171,ok,10,3,563,False,False,False,O31,20,6
18172,capped,1000,3,66910,False,False,True,,,
18178,ok,0,3,37,True,False,False,,,
18189,ok,10,2,322,False,False,False,O619,1,2
18196,ok,25,2,433,False,False,False,O283,3,2
18201,ok,10,2,444,False,False,False,O17,27,7
18203,capped,1000,4,71825,False,False,True,,,
18207,ok,1,1,33,False,False,False,O222,4,3
18220,ok,25,2,429,False,False,False,O98,9,4
18221,ok,10,3,549,False,False,False,O77,11,3
18232,ok,10,3,426,False,False,False,O620,1,2
18237,ok,10,2,228,False,False,False,O11,33,9
18238,ok,10,2,486,False,False,False,,,
18239,ok,25,2,1100,False,False,False,O10,33,15
18240,ok,10,2,234,False,False,False,O11,33,9
18243,ok,20,4,1489,False,False,False,,,
18247,ok,10,3,557,False,False,False,O31,20,6
18252,ok,10,2,216,False,False,False,O366,2,2
18273,ok,10,5,828,False,False,False,O348,2,1
18275,ok,10,4,729,False,False,False,,,
18280,ok,10,3,586,False,False,False,O3,55,3
18289,ok,10,2,477,False,False,False,O621,1,2
18290,ok,10,2,227,False,False,False,O160,5,2
18291,ok,10,2,215,False,False,False,,,
18293,ok,10,2,191,False,False,False,O56,15,2
18294,ok,10,4,760,False,False,False,,,
18298,ok,10,5,885,False,False,False,,,
18319,ok,10,3,606,False,False,False,O78,11,4
18320,ok,25,3,751,False,False,False,O622,1,1
18329,ok,25,2,433,False,False,False,O283,3,2
18332,ok,10,2,495,False,False,False,O129,6,3
18333,ok,10,2,457,False,False,False,,,
18337,ok,10,2,320,False,False,False,,,
18340,ok,10,2,444,False,False,False,O17,27,7
18346,ok,10,3,611,False,False,False,,,
18352,ok,10,3,710,False,False,False,O149,6,1
18353,ok,10,3,591,False,False,False,O375,2,2
18388,ok,10,2,511,False,False,False,O8,40,6
18393,ok,10,3,496,False,False,False,O90,10,2
18396,ok,25,2,458,False,False,False,O19,25,13
18399,ok,25,2,458,False,False,False,O19,25,13
18402,ok,10,2,497,False,False,False,O123,7,5
18404,ok,10,2,391,False,False,False,O388,2,3
18406,ok,25,2,430,False,False,False,O98,9,4
18414,ok,25,2,707,False,False,False,O285,3,3
18417,ok,10,2,482,False,False,False,,,
18418,ok,10,3,644,False,False,False,O36,18,2
18419,ok,10,3,429,False,False,False,O227,4,2
18422,ok,10,3,651,False,False,False,,,
18423,ok,10,2,225,False,False,False,O22,23,7
18424,ok,10,2,322,False,False,False,,,
18430,ok,10,2,481,False,False,False,O2,71,26
18432,ok,10,3,644,False,False,False,O36,18,2
18436,ok,25,2,1081,False,False,False,O14,29,17
18457,ok,10,3,578,False,False,False,O618,1,1
18460,ok,25,2,429,False,False,False,O98,9,4
18465,ok,10,2,507,False,False,False,O8,40,6
18467,ok,10,3,341,False,False,False,O379,2,3
18476,ok,10,3,492,False,False,False,O90,10,2
18479,ok,10,2,329,False,False,False,O595,1,2
18480,ok,10,2,491,False,False,False,O13,30,6
18498,ok,10,3,537,False,False,False,,,
18501,ok,10,3,525,False,False,False,O71,12,2
18502,ok,10,3,525,False,False,False,O383,2,2
18515,ok,25,2,458,False,False,False,O623,1,2
18519,ok,25,2,701,False,False,False,O380,2,2
18528,ok,10,2,517,False,False,False,O107,8,4
18530,capped,1000,6,80246,False,False,True,,,
18535,ok,25,2,1081,False,False,False,O221,4,5
18539,ok,10,2,507,False,False,False,O8,40,6
18542,ok,10,3,710,False,False,False,,,
18544,ok,10,3,713,False,False,False,,,
18564,ok,10,2,510,False,False,False,O89,10,7
18577,ok,10,2,491,False,False,False,O13,30,6
18578,ok,10,2,511,False,False,False,,,
18580,ok,10,2,517,False,False,False,O107,8,4
18582,ok,10,2,289,False,False,False,O88,10,6
18583,ok,10,2,481,False,False,False,O2,71,26
18584,ok,25,2,1081,False,False,False,,,
18585,ok,10,4,588,False,False,False,O378,2,1
18588,ok,10,2,229,False,False,False,O280,3,2
18589,ok,10,2,418,False,False,False,O41,16,7
18590,ok,10,3,712,False,False,False,,,
18592,ok,10,2,449,False,False,False,O17,27,7
18593,ok,10,4,772,False,False,False,,,
18598,ok,10,2,234,False,False,False,,,
18599,ok,5,2,234,False,False,False,O405,1,2
18602,ok,10,3,566,False,False,False,O79,11,2
18603,ok,10,3,688,False,False,False,O26,21,1
18604,ok,10,2,444,False,False,False,O17,27,7
18609,ok,10,3,704,False,False,False,,,
18613,ok,10,3,360,False,False,False,O617,1,2
18616,ok,25,2,1075,False,False,False,O140,6,5
18619,ok,10,3,492,False,False,False,O90,10,2
18629,ok,10,2,481,False,False,False,O2,71,26
18632,ok,10,3,598,False,False,False,O61,13,8
18636,ok,10,3,598,False,False,False,O61,13,8
18637,ok,10,2,474,False,False,False,O16,27,5
18640,ok,10,2,491,False,False,False,O123,7,5
18654,ok,10,5,881,False,False,False,,,
18656,ok,10,2,444,False,False,False,O17,27,7
18658,ok,25,3,750,False,False,False,O622,1,1
18659,ok,10,3,717,False,False,False,,,
18660,ok,150,2,4019,False,False,False,,,
18664,ok,10,2,420,False,False,False,O47,16,2
18665,ok,25,2,701,False,False,False,O389,2,3
18666,ok,10,3,705,False,False,False,,,
18674,ok,10,2,513,False,False,False,O8,40,6
18680,ok,10,2,513,False,False,False,O8,40,6
18683,ok,10,2,232,False,False,False,O9,37,8
18684,ok,10,3,709,False,False,False,,,
18695,ok,1,3,50,False,False,False,,,
18696,ok,1,1,38,False,False,False,,,
18697,ok,10,2,265,False,False,False,O226,4,4
18700,ok,10,3,588,False,False,False,O3,55,3
18706,ok,10,4,718,False,False,False,O96,9,4
18711,ok,0,2,24,True,False,False,,,
18715,ok,10,2,319,False,False,False,O619,1,2
18718,ok,25,2,782,False,False,False,O121,7,7
18733,ok,10,2,253,False,False,False,O616,1,2
18738,ok,10,2,513,False,False,False,O8,40,6
18745,ok,10,5,843,False,False,False,,,
18747,ok,10,2,481,False,False,False,O2,71,26
18756,ok,10,2,444,False,False,False,O110,8,7
18765,ok,10,2,418,False,False,False,O41,16,7
18767,capped,1000,4,72382,False,False,True,,,
18768,ok,10,3,566,False,False,False,O79,11,2
18771,ok,25,2,676,False,False,False,,,
18783,capped,1000,4,71826,False,False,True,,,
18787,ok,10,2,286,False,False,False,,,
18802,ok,25,2,1075,False,False,False,O25,21,6
18803,ok,10,2,228,False,False,False,O624,1,1
18813,ok,10,3,535,False,False,False,,,
18814,ok,10,2,367,False,False,False,,,
18816,ok,10,2,487,False,False,False,O2,71,26
18821,ok,25,2,701,False,False,False,O389,2,3
18824,ok,25,2,1100,False,False,False,O10,33,15
18825,ok,10,3,745,False,False,False,O44,16,2
18827,ok,1,1,37,False,False,False,,,
18828,capped,1000,2,29023,False,False,True,,,
18829,ok,10,3,336,False,False,False,O379,2,3
18832,ok,10,2,494,False,False,False,O81,11,8
18834,ok,10,3,674,False,False,False,O371,2,1
18845,ok,25,2,456,False,False,False,O19,25,13
18846,ok,10,3,491,False,False,False,O90,10,2
18850,ok,10,3,586,False,False,False,O3,55,3
18853,capped,1000,3,66910,False,False,True,,,
18854,ok,10,4,731,False,False,False,O96,9,4
18863,ok,10,4,706,False,False,False,,,
18865,ok,10,2,188,False,False,False,O56,15,2
18869,ok,10,3,598,False,False,False,O61,13,8
18874,ok,10,2,216,False,False,False,O577,1,2
18877,ok,1,3,63,False,False,False,,,
18881,ok,25,2,707,False,False,False,O285,3,3
18882,ok,10,2,328,False,False,False,O368,2,3
18884,ok,5,2,234,False,False,False,,,
18886,ok,10,4,767,False,False,False,O337,2,2
18887,ok,5,2,260,False,False,False,,,
18892,ok,25,3,999,False,False,False,O37,18,7
18897,ok,7,2,217,False,False,False,O106,8,3
18898,ok,10,2,481,False,False,False,O2,71,26
18907,capped,1000,2,31021,False,False,True,,,
18912,capped,1000,3,60781,False,False,True,,,
18913,ok,10,2,235,False,False,False,O277,3,2
18921,ok,5,2,156,False,False,False,,,
18926,ok,10,3,608,False,False,False,O78,11,4
18928,ok,10,2,513,False,False,False,O8,40,6
18930,ok,10,2,507,False,False,False,O8,40,6
18934,ok,10,2,503,False,False,False,O223,4,4
18935,ok,25,2,1075,False,False,False,O7,45,22
18937,ok,10,3,586,False,False,False,O3,55,3
18940,ok,10,4,763,False,False,False,,,
18942,ok,10,2,203,False,False,False,O67,13,9
18951,ok,10,2,203,False,False,False,O67,13,9
18954,capped,1000,4,77318,False,False,True,O494,1,2
18962,ok,10,2,513,False,False,False,O8,40,6
18964,ok,10,4,744,False,False,False,,,
18966,ok,25,2,701,False,False,False,O608,1,1
18971,ok,25,2,1081,False,False,False,O7,45,22
18972,ok,10,2,487,False,False,False,O2,71,26
18984,ok,10,2,484,False,False,False,O179,5,4
18986,ok,7,2,161,False,False,False,O116,7,3
18987,ok,1,2,70,False,False,False,,,
18988,ok,10,2,493,False,False,False,O13,30,6
18993,ok,10,3,671,False,False,False,,,
18995,ok,10,2,500,False,False,False,O55,15,7
18997,ok,10,2,481,False,False,False,O2,71,26
18998,ok,10,3,586,False,False,False,O3,55,3
19000,ok,25,2,1106,False,False,False,O10,33,15
19002,ok,25,2,1075,False,False,False,O12,32,17
19011,ok,10,3,568,False,False,False,,,
19015,ok,10,3,598,False,False,False,O61,13,8
19029,ok,25,3,1003,False,False,False,O37,18,7
19031,ok,10,3,691,False,False,False,O385,2,1
19040,ok,10,2,234,False,False,False,O624,1,1
19044,ok,1,1,33,False,False,False,O165,5,2
19049,capped,1000,4,70643,False,False,True,,,
19053,ok,10,2,493,False,False,False,O13,30,6
19054,ok,10,2,484,False,False,False,O179,5,4
19056,capped,1000,3,66910,False,False,True,,,
19065,ok,10,3,679,False,False,False,O26,21,1
19067,ok,10,3,586,False,False,False,O3,55,3
19076,ok,25,2,679,False,False,False,O387,2,2
19079,capped,1000,3,66910,False,False,True,,,
19083,ok,10,3,584,False,False,False,O87,10,3
19085,ok,10,3,744,False,False,False,O44,16,2
19093,ok,25,3,998,False,False,False,O37,18,7
19097,ok,10,2,476,False,False,False,O54,15,5
19098,ok,10,2,507,False,False,False,O8,40,6
19108,ok,10,2,476,False,False,False,O54,15,5
19109,ok,10,3,429,False,False,False,O227,4,2
19110,ok,10,3,590,False,False,False,O87,10,3
19118,ok,10,3,653,False,False,False,O36,18,2
19122,ok,10,6,931,False,False,False,,,
19125,ok,10,2,203,False,False,False,O67,13,9
19126,ok,10,2,495,False,False,False,O129,6,3
19127,ok,10,2,507,False,False,False,O8,40,6
19138,ok,25,2,778,False,False,False,,,
19146,ok,10,3,700,False,False,False,,,
19147,ok,10,2,347,False,False,False,O97,9,5
19151,ok,10,4,785,False,False,False,O311,2,2
19152,ok,10,2,498,False,False,False,,,
19155,ok,10,3,243,False,False,False,,,
19156,ok,10,3,679,False,False,False,O26,21,1
19159,ok,25,2,1006,False,False,False,O288,3,2
19169,ok,10,2,530,False,False,False,,,
19174,ok,10,2,192,False,False,False,O56,15,2
19178,ok,10,3,679,False,False,False,O26,21,1
19181,ok,10,2,319,False,False,False,,,
19186,ok,10,2,493,False,False,False,O13,30,6
19196,ok,10,2,186,False,False,False,,,
19208,ok,10,2,430,False,False,False,O47,16,2
19209,ok,5,3,307,False,False,False,,,
19210,ok,10,3,491,False,False,False,O90,10,2
19214,ok,10,2,203,False,False,False,O67,13,9
19222,capped,1000,3,65440,False,False,True,,,
19223,ok,10,3,556,False,False,False,O77,11,3
19224,ok,10,2,497,False,False,False,O123,7,5
19227,ok,10,2,472,False,False,False,O150,6,4
19235,ok,10,2,497,False,False,False,O114,7,4
19238,ok,10,3,586,False,False,False,O3,55,3
19242,ok,10,4,731,False,False,False,O96,9,4
19246,ok,10,2,228,False,False,False,O9,37,8
19247,ok,10,2,454,False,False,False,O80,11,6
19251,capped,1000,1,10714,False,False,True,,,
19256,ok,7,2,209,False,False,False,,,
19260,ok,10,3,705,False,False,False,,,
19266,ok,10,3,584,False,False,False,O87,10,3
19273,ok,10,2,421,False,False,False,O47,16,2
19287,ok,10,4,826,False,False,False,O85,10,2
19293,ok,25,3,997,False,False,False,O37,18,7
19300,ok,25,2,458,False,False,False,O623,1,2
19301,ok,10,2,507,False,False,False,O8,40,6
19313,ok,10,2,481,False,False,False,O2,71,26
19315,ok,10,2,418,False,False,False,O41,16,7
19320,ok,10,2,461,False,False,False,O80,11,6
19326,ok,10,2,481,False,False,False,O2,71,26
19338,ok,10,3,563,False,False,False,O31,20,6
19348,ok,10,2,510,False,False,False,O384,2,2
19349,ok,10,3,568,False,False,False,O93,9,2
19353,ok,10,2,296,False,False,False,,,
19354,ok,7,2,159,False,False,False,O116,7,3
19364,ok,10,3,588,False,False,False,O3,55,3
19366,ok,10,2,497,False,False,False,O606,1,2
19370,ok,10,2,351,False,False,False,O120,7,5
19372,ok,10,2,507,False,False,False,O8,40,6
19374,ok,10,3,428,False,False,False,O607,1,1
19381,ok,7,2,217,False,False,False,O106,8,3
19382,ok,10,2,353,False,False,False,O97,9,5
19384,ok,10,2,220,False,False,False,O108,8,5
19385,ok,25,2,1100,False,False,False,O10,33,15
19387,ok,1,3,62,False,False,False,,,
19391,ok,10,2,182,False,False,False,,,
19392,ok,10,3,570,False,False,False,O93,9,2
19410,ok,10,3,418,False,False,False,O367,2,3
19417,ok,25,2,1100,False,False,False,O10,33,15
19423,ok,10,4,663,False,False,False,O20,24,2
19433,ok,0,2,31,True,False,False,,,
19434,ok,10,3,570,False,False,False,O93,9,2
19444,ok,10,2,444,False,False,False,O110,8,7
19448,ok,7,2,157,False,False,False,O116,7,3
19460,ok,10,2,481,False,False,False,O2,71,26
19466,ok,7,2,161,False,False,False,O116,7,3
19471,ok,25,3,998,False,False,False,O37,18,7
19477,ok,10,3,586,False,False,False,O3,55,3
19478,ok,10,2,218,False,False,False,O610,1,2
19482,ok,25,2,458,False,False,False,O19,25,13
19490,ok,10,5,841,False,False,False,,,
19493,ok,10,2,296,False,False,False,O88,10,6
19496,ok,10,4,826,False,False,False,O85,10,2
19498,ok,10,3,596,False,False,False,,,
19508,ok,10,2,320,False,False,False,,,
19517,ok,25,2,1075,False,False,False,O14,29,17
19523,ok,10,3,570,False,False,False,O93,9,2
19524,ok,10,5,826,False,False,False,O214,4,1
19526,ok,25,2,1075,False,False,False,O14,29,17
19535,capped,1000,4,73204,False,False,True,,,
19540,ok,5,2,187,False,False,False,,,
19541,ok,25,3,998,False,False,False,O37,18,7
19546,ok,10,3,718,False,False,False,,,
19550,ok,10,2,472,False,False,False,O150,6,4
19566,ok,10,3,573,False,False,False,,,
19571,capped,1000,3,45819,False,False,True,,,
19575,ok,25,2,701,False,False,False,O389,2,3
19584,ok,1,4,100,False,False,False,O287,3,2
19585,ok,10,3,588,False,False,False,O3,55,3
19590,ok,10,2,477,False,False,False,O621,1,2
19598,ok,10,4,782,False,False,False,O332,2,1
19602,ok,10,3,525,False,False,False,O71,12,2
19605,capped,1000,2,45620,False,False,True,,,
19608,ok,10,3,525,False,False,False,O71,12,2
19609,ok,10,3,536,False,False,False,,,
19611,ok,10,4,768,False,False,False,,,
19621,ok,10,3,426,False,False,False,,,
19624,ok,10,2,364,False,False,False,O376,2,1
19639,capped,1000,3,65105,False,False,True,,,
19644,ok,10,3,426,False,False,False,O620,1,2
19647,ok,10,3,588,False,False,False,O3,55,3
19659,ok,5,2,109,False,False,False,,,
19661,ok,10,2,450,False,False,False,,,
19664,ok,10,2,234,False,False,False,O11,33,9
19667,ok,10,2,474,False,False,False,O16,27,5
19668,ok,25,2,1056,False,False,False,O373,2,3
19671,ok,10,3,657,False,False,False,O36,18,2
19672,ok,10,2,481,False,False,False,O2,71,26
19673,ok,25,2,657,False,False,False,O370,2,3
19677,ok,10,2,504,False,False,False,O89,10,7
19679,ok,10,2,480,False,False,False,O16,27,5
19685,ok,10,2,289,False,False,False,O88,10,6
19689,ok,25,2,853,False,False,False,O598,1,1
19692,ok,10,2,494,False,False,False,O81,11,8
19700,ok,10,2,487,False,False,False,O2,71,26
19717,ok,10,3,605,False,False,False,,,
19723,ok,10,3,596,False,False,False,O61,13,8
19727,ok,10,3,557,False,False,False,O31,20,6
19732,ok,10,3,525,False,False,False,O293,2,3
19742,ok,10,2,391,False,False,False,O388,2,3
19745,capped,1000,3,65611,False,False,True,,,
19749,ok,25,2,458,False,False,False,O19,25,13
19751,ok,10,2,476,False,False,False,O54,15,5
19753,ok,10,2,481,False,False,False,O2,71,26
19762,capped,1000,2,45869,False,False,True,O386,2,2
19763,ok,10,2,477,False,False,False,O119,7,3
19765,ok,10,3,563,False,False,False,O31,20,6
19766,capped,1000,5,75324,False,False,True,,,
19773,ok,100,5,7798,False,False,False,,,
19784,ok,10,2,481,False,False,False,O2,71,26
19785,ok,25,2,782,False,False,False,O121,7,7
19786,ok,10,2,169,False,False,False,,,
19800,ok,10,2,282,False,False,False,O147,6,4
19803,ok,10,2,234,False,False,False,O11,33,9
19807,ok,10,3,525,False,False,False,O71,12,2
19808,ok,10,3,618,False,False,False,,,
19811,ok,10,4,778,False,False,False,,,
19818,ok,10,2,473,False,False,False,O16,27,5
19821,ok,19,2,626,False,False,False,,,
19823,ok,10,2,444,False,False,False,O17,27,7
19841,ok,25,3,1003,False,False,False,O37,18,7
19844,ok,25,2,1100,False,False,False,O10,33,15
19849,ok,10,2,481,False,False,False,O2,71,26
19858,ok,10,3,557,False,False,False,O31,20,6
19865,ok,10,4,762,False,False,False,O145,6,2
19866,ok,10,3,341,False,False,False,,,
19867,ok,10,4,782,False,False,False,,,
19873,ok,10,3,688,False,False,False,O26,21,1
19888,ok,10,2,444,False,False,False,O17,27,7
19896,ok,10,3,519,False,False,False,O611,1,1
19902,ok,1,1,33,False,False,False,O222,4,3
19906,ok,25,2,458,False,False,False,O19,25,13
19907,ok,10,3,246,False,False,False,,,
19914,ok,10,2,421,False,False,False,O47,16,2
19916,ok,25,3,999,False,False,False,O37,18,7
19920,ok,10,2,500,False,False,False,O55,15,7
19922,ok,10,2,536,False,False,False,,,
19935,ok,10,4,619,False,False,False,,,
19938,ok,10,3,709,False,False,False,,,
19939,ok,1,6,143,False,False,False,,,
19950,ok,10,3,557,False,False,False,O31,20,6
19956,ok,10,2,491,False,False,False,O123,7,5
19969,ok,10,2,339,False,False,False,O381,2,2
19988,ok,10,2,481,False,False,False,O2,71,26
19992,ok,10,2,225,False,False,False,O22,23,7
20007,ok,0,6,100,True,False,False,,,
20010,ok,25,5,1764,False,False,False,,,
20015,ok,163,6,15702,False,False,False,,,
20017,ok,0,6,88,True,False,False,,,
20031,ok,0,7,103,True,False,False,,,
20033,ok,20,7,1988,False,False,False,,,
20045,ok,10,6,1074,False,False,False,,,
20049,capped,1000,9,177123,False,False,True,,,
20050,ok,10,6,549,False,False,False,,,
20054,ok,50,8,3833,False,False,False,,,
20058,ok,100,8,5762,False,False,False,,,
20063,ok,0,4,57,True,False,False,,,
20068,ok,0,11,128,True,False,False,,,
20072,ok,125,5,6243,False,False,False,,,
20075,ok,0,8,103,True,False,False,,,
20077,ok,0,6,87,True,False,False,,,
20079,ok,0,4,68,True,False,False,,,
20088,ok,0,5,70,True,False,False,,,
20101,ok,50,7,2945,False,False,False,,,
20103,ok,0,7,94,True,False,False,,,
20105,capped,1000,5,48060,False,False,True,,,
20109,ok,416,6,27763,False,False,False,,,
20111,capped,1000,7,52134,False,False,True,,,
20114,ok,5,5,263,False,False,False,,,
20119,ok,0,7,101,True,False,False,,,
20121,ok,0,5,76,True,False,False,,,
20123,ok,0,7,95,True,False,False,,,
20124,ok,10,6,1616,False,False,False,,,
20135,ok,10,3,354,False,False,False,,,
20139,ok,0,4,68,True,False,False,,,
20143,ok,0,8,115,True,True,False,,,
20151,ok,0,6,85,True,False,False,,,
20160,ok,97,8,10156,False,False,False,,,
20163,capped,1000,8,49716,False,False,True,,,
20165,ok,0,4,64,True,False,False,,,
20175,ok,5,6,377,False,False,False,,,
20177,ok,0,5,72,True,True,False,,,
20181,ok,0,7,85,True,False,False,,,
20183,ok,5,7,528,False,True,False,,,
20191,ok,5,5,315,False,False,False,,,
20192,ok,0,8,97,True,False,False,,,
20193,ok,0,5,88,True,False,False,,,
20200,ok,0,7,114,True,False,False,,,
20202,ok,10,5,852,False,False,False,,,
20203,capped,1000,6,36294,False,False,True,,,
20207,ok,0,5,66,True,False,False,,,
20210,ok,0,7,102,True,False,False,,,
20236,ok,90,5,6544,False,False,False,,,
20247,ok,5,5,425,False,False,False,,,
20259,ok,2,6,248,False,False,False,,,
20271,ok,0,7,90,True,False,False,,,
20272,capped,1000,8,79319,False,False,True,,,
20280,ok,0,8,133,True,False,False,,,
20282,ok,10,5,931,False,False,False,,,
20290,capped,1000,6,107531,False,False,True,,,
20305,ok,125,6,244821,False,True,False,,,
20313,ok,0,6,67,True,False,False,,,
20315,ok,100,7,11212,False,False,False,,,
20327,capped,1000,6,84849,False,False,True,,,
20329,capped,1000,7,61101,False,False,True,,,
20348,capped,1000,6,55893,False,False,True,,,
20350,ok,10,4,564,False,False,False,,,
20359,ok,0,4,53,True,False,False,,,
20360,ok,160,8,20352,False,False,False,,,
20363,ok,13,5,11897,False,False,False,,,
20372,ok,462,6,30989,False,False,False,,,
20373,ok,100,7,8504,False,False,False,,,
20383,ok,0,5,106,True,False,False,,,
20385,ok,0,5,94,True,False,False,,,
20386,ok,0,6,97,True,False,False,,,
20389,ok,450,6,38760,False,False,False,,,
20390,ok,5,4,374,False,False,False,,,
20392,ok,10,5,777,False,False,False,,,
20394,ok,42,4,3835,False,False,False,,,
20397,ok,10,7,279905,False,False,False,,,
20402,ok,0,7,103,True,False,False,,,
20403,capped,1000,11,158674,False,False,True,,,
20410,ok,0,5,81,True,False,False,,,
20413,ok,0,9,125,True,False,False,,,
20414,ok,5,4,318,False,False,False,,,
20416,ok,0,5,66,True,True,False,,,
20419,ok,0,8,105,True,False,False,,,
20426,ok,0,7,98,True,True,False,,,
20427,ok,10,5,1453,False,False,False,,,
20428,ok,0,8,105,True,False,False,,,
20431,capped,1000,6,95976,False,True,True,,,
20432,capped,1000,7,58094,False,False,True,,,
20436,ok,2,4,156,False,False,False,,,
20438,ok,0,4,49,True,False,False,,,
20450,ok,62,7,3222,False,False,False,,,
20458,ok,0,7,92,True,False,False,,,
20467,ok,10,9,937,False,False,False,,,
20470,ok,0,6,67,True,True,False,,,
20473,ok,5,6,21288,False,False,False,,,
20477,ok,10,5,745,False,False,False,,,
20483,capped,1000,4,143944,False,False,True,,,
20489,ok,0,5,86,True,True,False,,,
20494,ok,1,5,140,False,False,False,,,
20496,ok,0,7,91,True,False,False,,,
20504,ok,0,5,80,True,False,False,,,
20513,capped,1000,6,76560,False,False,True,,,
20527,capped,1000,8,134112,False,False,True,,,
20533,ok,10,4,592,False,False,False,,,
20543,ok,0,6,82,True,False,False,,,
20544,ok,6,5,512,False,False,False,,,
20546,ok,25,9,2501,False,False,False,,,
20549,ok,0,5,64,True,False,False,,,
20553,capped,1000,5,98069,False,False,True,,,
20557,capped,1000,6,118071,False,False,True,,,
20568,ok,0,7,86,True,False,False,,,
20569,ok,50,7,7006,False,False,False,,,
20576,ok,999,8,57914,False,False,False,,,
20577,ok,0,8,121,True,False,False,,,
20588,ok,10,6,541,False,False,False,,,
20590,ok,25,5,1969,False,False,False,,,
20591,ok,1,5,116,False,False,False,,,
20595,ok,5,5,457,False,False,False,,,
20596,capped,1000,7,266739,False,False,True,,,
20597,ok,5,6,516,False,False,False,,,
20605,ok,0,5,84,True,False,False,,,
20609,ok,5,7,578,False,False,False,,,
20614,ok,0,5,79,True,False,False,,,
20620,ok,5,6,200445,False,False,False,,,
20629,ok,25,6,2093,False,False,False,,,
20632,capped,1000,9,116665,False,False,True,,,
20638,ok,100,8,10458,False,False,False,,,
20643,capped,1000,7,46467,False,False,True,,,
20649,ok,0,6,93,True,False,False,,,
20655,ok,0,9,107,True,False,False,,,
20661,capped,1000,6,89990,False,False,True,,,
20663,ok,15,7,1072,False,False,False,,,
20675,capped,1000,4,97815,False,False,True,,,
20676,ok,1,6,175,False,False,False,,,
20679,ok,25,6,2199,False,False,False,,,
20686,ok,0,6,66,True,False,False,,,
20690,ok,0,5,64,True,False,False,,,
20697,ok,100,6,7936,False,False,False,,,
20698,ok,10,5,509,False,False,False,,,
20703,capped,1000,7,91352,False,False,True,,,
20709,ok,0,6,114,True,False,False,,,
20711,capped,1000,7,76636,False,False,True,,,
20715,ok,100,6,5969,False,False,False,,,
20718,ok,10,8,1240,False,False,False,,,
20721,capped,1000,8,98332,False,False,True,,,
20728,ok,0,9,122,True,False,False,,,
20734,ok,0,5,80,True,True,False,,,
20736,ok,0,4,66,True,False,False,,,
20737,ok,0,8,105,True,False,False,,,
20739,ok,25,6,1105,False,True,False,,,
20740,ok,0,6,87,True,False,False,,,
20745,ok,0,5,81,True,False,False,,,
20754,ok,50,6,2780,False,True,False,,,
20755,capped,1000,8,88068,False,False,True,,,
20764,ok,25,5,1745,False,False,False,,,
20768,ok,0,7,93,True,False,False,,,
20770,ok,10,4,470,False,False,False,,,
20772,ok,50,10,7002,False,False,False,,,
20786,capped,1000,6,85080,False,False,True,,,
20789,ok,0,4,63,True,False,False,,,
20795,ok,10,7,19191,False,False,False,,,
20797,ok,146,7,12850,False,False,False,,,
20801,ok,0,5,82,True,False,False,,,
20815,ok,0,4,73,True,False,False,,,
20821,ok,5,4,422,False,False,False,,,
20834,ok,50,8,5787,False,False,False,,,
20835,ok,44,5,2166,False,False,False,,,
20838,ok,0,5,74,True,False,False,,,
20840,ok,50,8,2170,False,False,False,,,
20846,ok,0,8,127,True,False,False,,,
20847,ok,47,8,4378,False,False,False,,,
20853,ok,0,6,82,True,False,False,,,
20873,ok,17,8,1926,False,False,False,,,
20883,ok,0,7,103,True,False,False,,,
20887,ok,0,5,67,True,False,False,,,
20890,ok,0,12,148,True,False,False,,,
20901,ok,25,4,1836,False,False,False,,,
20908,ok,0,5,68,True,False,False,,,
20912,ok,0,8,107,True,False,False,,,
20917,ok,10,7,1099,False,False,False,,,
20918,ok,0,4,64,True,False,False,,,
20921,ok,0,6,113,True,False,False,,,
20924,ok,10,6,734,False,False,False,,,
20926,ok,0,7,103,True,False,False,,,
20929,ok,5,4,354,False,False,False,,,
20937,ok,20,4,909,False,False,False,,,
20938,ok,0,4,56,True,True,False,,,
20943,ok,10,4,462,False,False,False,,,
20949,ok,0,7,111,True,False,False,,,
20952,ok,0,3,48,True,False,False,,,
20985,ok,0,9,125,True,False,False,,,
20986,ok,10,7,488,False,False,False,,,
20995,ok,3,4,345,False,False,False,,,
21002,ok,10,4,774,False,False,False,,,
21003,ok,5,4,364,False,False,False,,,
21005,ok,0,5,86,True,False,False,,,
21006,capped,1000,6,76193,False,False,True,,,
21007,ok,0,6,96,True,False,False,,,
21010,ok,0,7,92,True,False,False,,,
21011,capped,1000,6,60410,False,False,True,,,
21019,ok,10,4,456,False,False,False,,,
21032,ok,100,6,8171,False,False,False,,,
21033,ok,0,5,77,True,False,False,,,
21038,ok,0,9,121,True,False,False,,,
21043,ok,1,4,119,False,False,False,,,
21063,ok,6,7,21288,False,False,False,,,
21070,capped,1000,5,72066,False,False,True,,,
21075,ok,10,5,543,False,False,False,,,
21077,ok,0,5,86,True,False,False,,,
21081,ok,10,4,750,False,False,False,,,
21089,ok,2,5,5841,False,False,False,,,
21092,ok,0,5,67,True,False,False,,,
21098,ok,0,6,78,True,False,False,,,
21100,ok,0,6,87,True,False,False,,,
21107,ok,0,5,92,True,False,False,,,
21116,ok,0,9,115,True,False,False,,,
21130,capped,1000,5,38699,False,False,True,,,
21131,capped,1000,6,79077,False,False,True,,,
21135,capped,1000,5,57051,False,False,True,,,
21141,capped,1000,8,86364,False,False,True,,,
21145,ok,5,5,317,False,False,False,,,
21153,ok,4,9,695,False,False,False,,,
21162,ok,10,8,823,False,False,False,,,
21164,ok,2,3,139,False,False,False,,,
21186,ok,100,7,4306,False,False,False,,,
21189,ok,10,6,510,False,False,False,,,
21201,ok,5,8,483,False,False,False,,,
21205,ok,0,5,95,True,False,False,,,
21217,ok,0,4,57,True,False,False,,,
21220,ok,5,5,422,False,False,False,,,
21221,ok,10,7,592,False,False,False,,,
21222,ok,0,5,69,True,False,False,,,
21227,capped,1000,8,98545,False,False,True,,,
21228,ok,0,6,87,True,False,False,,,
21266,ok,100,6,8212,False,False,False,,,
21270,ok,10,5,754,False,False,False,,,
21273,ok,100,6,8223,False,False,False,,,
21277,ok,0,8,114,True,False,False,,,
21293,ok,10,5,501,False,False,False,,,
21298,capped,1000,7,42375,False,False,True,,,
21327,ok,0,5,67,True,False,False,,,
21331,ok,100,10,10420,False,False,False,,,
21335,capped,1000,5,62407,False,False,True,,,
21341,ok,0,7,91,True,False,False,,,
21342,ok,100,7,4902,False,False,False,,,
21343,capped,1000,6,93086,False,False,True,,,
21351,ok,25,8,1672,False,True,False,,,
21353,ok,0,4,59,True,False,False,,,
21359,ok,5,6,513,False,False,False,,,
21363,ok,0,6,96,True,False,False,,,
21365,ok,0,7,105,True,False,False,,,
21378,capped,1000,6,50008,False,False,True,,,
21391,ok,0,6,110,True,False,False,,,
21405,ok,10,3,560,False,False,False,,,
21421,ok,70,7,7942,False,False,False,,,
21425,ok,0,6,95,True,False,False,,,
21428,ok,0,6,75,True,False,False,,,
21431,ok,49,6,3786,False,False,False,,,
21435,ok,0,6,102,True,False,False,,,
21440,ok,50,5,3384,False,False,False,,,
21444,ok,0,5,82,True,False,False,,,
21454,ok,0,4,83,True,False,False,,,
21456,ok,102,6,8381,False,False,False,,,
21457,ok,10,4,583,False,False,False,,,
21458,ok,125,8,7507,False,False,False,,,
21459,capped,1000,5,86985,False,False,True,,,
21467,ok,0,5,88,True,False,False,,,
21469,ok,0,7,102,True,False,False,,,
21495,ok,0,6,92,True,False,False,,,
21509,ok,0,7,101,True,False,False,,,
21511,ok,0,4,74,True,False,False,,,
21512,ok,0,4,68,True,False,False,,,
21519,ok,5,4,308,False,False,False,,,
21526,ok,0,5,75,True,False,False,,,
21535,ok,0,5,71,True,False,False,,,
21539,capped,1000,7,86034,False,False,True,,,
21545,capped,1000,7,65300,False,False,True,,,
21560,ok,0,9,125,True,False,False,,,
21566,ok,0,9,128,True,False,False,,,
21569,ok,0,9,112,True,False,False,,,
21570,ok,100,7,4610,False,False,False,,,
21578,ok,15,8,1957,False,False,False,,,
21584,ok,0,7,78,True,False,False,,,
21588,ok,10,6,1461,False,False,False,,,
21616,ok,16,6,70921,False,False,False,,,
21617,ok,0,4,58,True,False,False,,,
21622,capped,1000,8,94475,False,True,True,,,
21624,ok,0,6,97,True,False,False,,,
21625,ok,0,8,102,True,False,False,,,
21628,ok,0,4,67,True,False,False,,,
21633,ok,0,5,81,True,False,False,,,
21636,ok,5,6,404,False,False,False,,,
21648,ok,0,8,106,True,False,False,,,
21655,ok,0,9,120,True,False,False,,,
21660,ok,488,7,45226,False,False,False,,,
21667,capped,1000,7,35087,False,False,True,,,
21671,ok,0,5,74,True,False,False,,,
21675,ok,0,6,104,True,False,False,,,
21678,ok,10,6,1112,False,False,False,,,
21688,ok,20,6,2254,False,False,False,,,
21703,ok,0,4,71,True,False,False,,,
21704,ok,0,8,104,True,False,False,,,
21706,ok,0,5,75,True,False,False,,,
21709,capped,1000,5,93259,False,False,True,,,
21710,capped,1000,8,92145,False,False,True,,,
21711,ok,0,7,94,True,False,False,,,
21713,ok,10,5,894,False,False,False,,,
21720,ok,50,6,6792,False,False,False,,,
21723,ok,8,3,505,False,False,False,,,
21726,ok,1,4,119,False,False,False,,,
21735,ok,25,7,2481,False,True,False,,,
21736,ok,4,5,366,False,False,False,,,
21741,ok,0,7,96,True,False,False,,,
21743,ok,0,5,77,True,False,False,,,
21751,ok,24,5,2104,False,False,False,,,
21753,ok,0,8,104,True,False,False,,,
21756,ok,0,9,125,True,False,False,,,
21759,ok,0,5,70,True,False,False,,,
21766,ok,0,6,70,True,False,False,,,
21770,ok,0,6,87,True,False,False,,,
21774,ok,0,11,149,True,False,False,,,
21775,ok,100,7,11933,False,False,False,,,
21783,ok,0,7,102,True,False,False,,,
21785,ok,2,8,240,False,False,False,,,
21786,capped,1000,7,112279,False,True,True,,,
21796,ok,50,5,2495,False,False,False,,,
21797,ok,2,3,113,False,False,False,,,
21801,capped,1000,6,94920,False,False,True,,,
21802,ok,25,12,2792,False,False,False,,,
21804,ok,100,6,8291,False,False,False,,,
21806,ok,0,4,66,True,False,False,,,
21815,capped,1000,5,71066,False,False,True,,,
21826,ok,0,6,84,True,False,False,,,
21827,ok,15,2,1940,False,False,False,,,
21841,ok,0,6,74,True,False,False,,,
21856,ok,184,6,16351,False,False,False,,,
21857,ok,0,4,67,True,False,False,,,
21862,ok,100,5,7809,False,False,False,,,
21867,ok,0,7,108,True,False,False,,,
21870,ok,56,6,3089,False,False,False,,,
21871,ok,10,5,553,False,False,False,,,
21892,ok,20,6,1860,False,False,False,,,
21897,ok,5,4,307,False,False,False,,,
21900,ok,0,5,72,True,False,False,,,
21912,capped,1000,6,76685,False,False,True,,,
21919,ok,5,6,396,False,False,False,,,
21921,ok,0,5,84,True,False,False,,,
21930,ok,10,7,1152,False,False,False,,,
21939,ok,100,8,10557,False,False,False,,,
21943,ok,0,8,99,True,True,False,,,
21951,ok,0,5,69,True,False,False,,,
21959,ok,5,5,354,False,False,False,,,
21969,ok,10,4,852,False,False,False,,,
21978,capped,1000,5,75734,False,False,True,,,
21981,ok,5,5,482,False,False,False,,,
21986,ok,0,6,86,True,False,False,,,
21997,ok,0,7,99,True,False,False,,,
22006,ok,0,7,103,True,False,False,,,
22013,ok,10,5,760,False,False,False,,,
22018,ok,1,8,211,False,False,False,,,
22021,ok,100,9,6024,False,False,False,,,
22024,ok,0,7,102,True,True,False,,,
22028,ok,0,7,86,True,False,False,,,
22033,capped,1000,8,77301,False,False,True,,,
22037,capped,1000,8,118730,False,False,True,,,
22041,ok,0,4,61,True,False,False,,,
22045,ok,0,8,99,True,False,False,,,
22046,capped,1000,8,119111,False,False,True,,,
22050,ok,0,6,113,True,False,False,,,
22074,ok,0,5,61,True,False,False,,,
22076,ok,0,7,102,True,False,False,,,
22078,ok,0,5,62,True,False,False,,,
22081,ok,5,5,17378318,False,False,False,,,
22086,ok,10,8,1085,False,False,False,,,
22105,ok,0,6,84,True,False,False,,,
22114,ok,732,6,39893,False,False,False,,,
22118,ok,100,6,8035,False,False,False,,,
22120,ok,0,7,95,True,False,False,,,
22121,ok,0,4,70,True,False,False,,,
22127,ok,10,8,1119,False,False,False,,,
22131,ok,10,5,697,False,False,False,,,
22133,capped,1000,6,130851,False,False,True,,,
22137,ok,0,6,74,True,False,False,,,
22144,ok,0,5,63,True,False,False,,,
22145,ok,5,5,478,False,False,False,,,
22169,ok,0,5,49,True,False,False,,,
22172,ok,25,6,1672,False,False,False,,,
22177,ok,0,6,95,True,False,False,,,
22183,ok,0,4,61,True,False,False,,,
22186,capped,1000,19,176918,False,False,True,,,
22187,ok,25,4,1607,False,False,False,,,
22197,ok,15,4,967,False,False,False,,,
22204,ok,0,8,109,True,False,False,,,
22205,ok,0,4,60,True,False,False,,,
22206,ok,0,6,85,True,False,False,,,
22209,capped,1000,7,86060,False,False,True,,,
22211,ok,18,4,1199,False,False,False,,,
22212,ok,10,5,795,False,False,False,,,
22233,ok,10,5,652,False,False,False,,,
22237,ok,17,5,1026,False,False,False,,,
22241,ok,5,5,492,False,False,False,,,
22248,ok,25,5,1556,False,False,False,,,
22254,capped,1000,6,105977,False,False,True,,,
22260,ok,0,8,155,True,False,False,,,
22263,ok,15,4,1223,False,False,False,,,
22264,capped,1000,6,149681,False,False,True,,,
22278,ok,0,7,103,True,False,False,,,
22282,ok,0,6,100,True,False,False,,,
22290,ok,3,5,357,False,False,False,,,
22295,ok,5,5,8073,False,False,False,,,
22299,ok,0,6,93,True,False,False,,,
22300,ok,0,6,91,True,False,False,,,
22303,capped,1000,5,91823,False,False,True,,,
22307,ok,0,6,94,True,False,False,,,
22316,ok,0,7,100,True,False,False,,,
22318,ok,10,3,381,False,False,False,,,
22330,ok,10,5,696,False,False,False,,,
22336,ok,10,7,780,False,False,False,,,
22345,capped,1000,10,125393,False,False,True,,,
22347,ok,0,5,62,True,False,False,,,
22350,ok,0,3,56,True,False,False,,,
22351,ok,0,9,111,True,False,False,,,
22354,ok,0,10,138,True,False,False,,,
22361,ok,0,5,91,True,False,False,,,
22363,ok,0,5,81,True,False,False,,,
22366,capped,1000,8,103961,False,False,True,,,
22375,capped,1000,4,48871,False,False,True,,,
22376,ok,0,6,62,True,False,False,,,
22379,ok,5,4,247,False,False,False,,,
22383,ok,0,8,122,True,False,False,,,
22388,ok,10,7,990,False,False,False,,,
22397,capped,1000,10,62283,False,False,True,,,
22405,ok,0,5,79,True,False,False,,,
22415,ok,50,10,9509,False,False,False,,,
22426,ok,0,6,80,True,False,False,,,
22428,ok,10,7,1259,False,False,False,,,
22431,ok,0,5,111,True,False,False,,,
22432,ok,10,7,887,False,False,False,,,
22441,ok,0,6,86,True,False,False,,,
22447,ok,0,5,78,True,False,False,,,
22448,ok,0,5,78,True,False,False,,,
22453,ok,0,6,84,True,False,False,,,
22465,ok,0,5,86,True,False,False,,,
22478,ok,5,4,288,False,False,False,,,
22498,ok,5,6,446,False,False,False,,,
22529,ok,0,4,57,True,False,False,,,
22530,ok,0,6,76,True,False,False,,,
22541,capped,1000,6,67222,False,False,True,,,
22545,capped,1000,7,92190,False,False,True,,,
22562,capped,1000,5,54364,False,False,True,,,
22566,ok,10,9,761,False,False,False,,,
22567,ok,0,4,65,True,False,False,,,
22580,ok,0,6,91,True,False,False,,,
22586,ok,5,6,368,False,False,False,,,
22587,ok,0,7,94,True,False,False,,,
22589,ok,0,6,92,True,False,False,,,
22607,capped,1000,7,86058,False,False,True,,,
22624,ok,0,5,66,True,False,False,,,
22633,ok,50,7,4958,False,False,False,,,
22641,capped,1000,9,92295,False,False,True,,,
22646,ok,5,6,518,False,False,False,,,
22656,ok,0,5,75,True,False,False,,,
22673,ok,0,8,87,True,False,False,,,
22676,ok,20,5,1132,False,False,False,,,
22677,ok,0,7,91,True,False,False,,,
22681,ok,10,8,1222,False,False,False,,,
22683,ok,10,7,756,False,False,False,,,
22686,ok,0,7,116,True,False,False,,,
22691,ok,0,5,65,True,False,False,,,
22696,ok,0,7,126,True,False,False,,,
22703,ok,10,5,806,False,False,False,,,
22705,ok,0,5,66,True,False,False,,,
22710,ok,4,8,555,False,False,False,,,
22715,ok,0,6,88,True,False,False,,,
22724,ok,100,5,5577,False,False,False,,,
22729,capped,1000,5,59279,False,False,True,,,
22732,ok,5,4,382,False,False,False,,,
22733,ok,0,5,75,True,False,False,,,
22740,ok,36,5,2601,False,False,False,,,
22743,ok,4,7,270,False,False,False,,,
22754,ok,50,8,6135,False,False,False,,,
22758,capped,1000,7,20005,False,False,True,,,
22761,ok,0,5,89,True,False,False,,,
22765,ok,17,6,70385,False,False,False,,,
22768,ok,100,7,7321,False,False,False,,,
22771,ok,0,8,115,True,False,False,,,
22776,ok,0,6,91,True,False,False,,,
22781,ok,10,5,457,False,False,False,,,
22793,ok,0,8,116,True,False,False,,,
22794,ok,0,5,75,True,False,False,,,
22795,ok,100,5,3005,False,False,False,,,
22800,ok,10,5,557,False,False,False,,,
22813,ok,0,8,126,True,False,False,,,
22817,ok,50,6,3804,False,False,False,,,
22824,capped,1000,4,56787,False,False,True,,,
22836,capped,1000,6,98034,False,False,True,,,
22837,capped,1000,4,56217,False,False,True,,,
22838,ok,0,8,91,True,False,False,,,
22841,ok,0,8,142,True,False,False,,,
22847,capped,1000,7,102748,False,True,True,,,
22848,ok,10,6,782,False,False,False,,,
22851,ok,0,3,55,True,False,False,,,
22854,capped,1000,4,39052,False,False,True,,,
22855,ok,0,7,124,True,False,False,,,
22860,ok,100,4,6262,False,False,False,,,
22864,ok,0,7,108,True,False,False,,,
22872,capped,1000,4,27052,False,False,True,,,
22881,capped,1000,9,121118,False,False,True,,,
22887,ok,6,5,349,False,False,False,,,
22890,capped,1000,6,99897,False,False,True,,,
22908,ok,0,9,104,True,False,False,,,
22909,ok,31,5,2134,False,False,False,,,
22916,capped,1000,7,175861,False,False,True,,,
22922,ok,10,6,712,False,False,False,,,
22923,ok,10,4,574,False,False,False,,,
22937,ok,10,7,958,False,False,False,,,
22940,capped,1000,7,35056,False,False,True,,,
22942,ok,0,8,112,True,False,False,,,
22945,ok,0,7,123,True,False,False,,,
22951,ok,10,5,646,False,False,False,,,
22955,ok,5,4,454,False,False,False,,,
22957,ok,0,7,109,True,False,False,,,
22960,ok,0,5,57,True,False,False,,,
22969,ok,0,10,137,True,True,False,,,
22973,ok,5,2,167,False,False,False,,,
22977,ok,0,10,143,True,False,False,,,
22981,ok,1,7,167,False,False,False,,,
22992,ok,25,5,2478,False,False,False,,,
22995,ok,0,6,86,True,False,False,,,
22999,capped,1000,8,93116,False,True,True,,,
23002,ok,0,7,90,True,False,False,,,
23003,ok,10,6,723,False,False,False,,,
23004,capped,1000,7,66101,False,False,True,,,
23007,ok,100,7,9438,False,False,False,,,
23009,capped,1000,6,88762,False,False,True,,,
23019,ok,0,5,83,True,False,False,,,
23028,ok,0,5,82,True,True,False,,,
23036,ok,5,7,556,False,False,False,,,
23038,ok,10,7,1110,False,False,False,,,
23042,ok,0,5,72,True,False,False,,,
23044,capped,1000,8,129968,False,False,True,,,
23047,ok,0,5,94,True,False,False,,,
23050,ok,5,5,443,False,False,False,,,
23058,ok,0,5,68,True,False,False,,,
23066,ok,5,2,169,False,False,False,,,
23072,capped,1000,7,130435,False,False,True,,,
23075,ok,0,4,51,True,False,False,,,
23083,capped,1000,8,80334,False,False,True,,,
23084,capped,1000,7,66245,False,False,True,,,
23087,ok,0,5,75,True,False,False,,,
23090,ok,0,7,93,True,False,False,,,
23097,ok,0,5,82,True,False,False,,,
23102,ok,50,9,4879,False,False,False,,,
23111,ok,2,5,246,False,False,False,,,
23116,ok,0,5,97,True,False,False,,,
23119,ok,0,7,111,True,False,False,,,
23122,capped,1000,8,107131,False,False,True,,,
23125,ok,0,6,70,True,False,False,,,
23130,ok,0,6,95,True,True,False,,,
23131,ok,0,4,68,True,False,False,,,
23137,ok,0,5,72,True,False,False,,,
23140,ok,29,6,2788,False,False,False,,,
23145,ok,10,6,745,False,False,False,,,
23151,capped,1000,8,97854,False,False,True,,,
23155,ok,0,5,69,True,False,False,,,
23159,ok,0,4,72,True,False,False,,,
23181,ok,0,7,93,True,True,False,,,
23186,ok,0,7,109,True,False,False,,,
23187,ok,10,6,1028,False,False,False,,,
23189,ok,100,4,3349,False,False,False,,,
23195,ok,0,6,72,True,True,False,,,
23207,ok,0,4,81,True,False,False,,,
23208,ok,50,6,3023,False,False,False,,,
23209,ok,10,4,603,False,True,False,,,
23211,ok,0,5,70,True,False,False,,,
23212,capped,1000,7,102093,False,False,True,,,
23215,ok,4,5,345,False,False,False,,,
23226,ok,3,5,126262462,False,False,False,,,
23231,ok,0,4,66,True,False,False,,,
23240,ok,0,5,80,True,False,False,,,
23241,ok,0,7,92,True,False,False,,,
23244,capped,1000,4,24112,False,False,True,,,
23248,ok,0,8,120,True,True,False,,,
23249,ok,0,4,53,True,False,False,,,
23255,ok,1,5,104,False,False,False,,,
23256,capped,1000,7,51923,False,False,True,,,
23257,capped,1000,8,202637,False,False,True,,,
23267,capped,1000,6,60576,False,False,True,,,
23269,ok,5,5,548,False,False,False,,,
23270,ok,0,6,90,True,True,False,,,
23272,ok,1,6,144,False,False,False,,,
23273,ok,155,4,10055,False,False,False,,,
23275,capped,1000,6,105958,False,False,True,,,
23276,ok,10,8,1635,False,False,False,,,
23281,ok,0,7,86,True,False,False,,,
23293,ok,10,6,825,False,False,False,,,
23297,ok,10,6,462,False,False,False,,,
23304,ok,100,8,6939,False,False,False,,,
23305,ok,0,6,78,True,False,False,,,
23307,capped,1000,6,95885,False,False,True,,,
23308,ok,0,8,98,True,True,False,,,
23309,ok,100,8,8789,False,False,False,,,
23313,ok,100,8,9303,False,False,False,,,
23320,ok,10,7,1175,False,False,False,,,
23321,ok,0,5,89,True,False,False,,,
23323,capped,1000,8,92815,False,False,True,,,
23325,ok,0,5,70,True,False,False,,,
23330,capped,1000,5,111321,False,False,True,,,
23331,ok,0,12,172,True,False,False,,,
23340,ok,0,6,106,True,False,False,,,
23348,capped,1000,6,69089,False,False,True,,,
23349,ok,0,6,85,True,False,False,,,
23350,ok,0,8,109,True,False,False,,,
23353,ok,0,4,75,True,False,False,,,
23357,capped,1000,4,2827391,False,False,True,,,
23362,ok,50,6,1503,False,False,False,,,
23370,ok,0,7,103,True,False,False,,,
23376,ok,0,8,105,True,False,False,,,
23389,ok,0,6,92,True,False,False,,,
23392,ok,10,9,1003,False,False,False,,,
23393,ok,10,5,719,False,False,False,,,
23397,capped,1000,10,84639,False,False,True,,,
23399,ok,0,7,108,True,False,False,,,
23410,ok,135,8,16379,False,False,False,,,
23419,ok,50,6,3649,False,False,False,,,
23424,ok,0,5,84,True,False,False,,,
23438,ok,0,4,56,True,False,False,,,
23442,ok,254,8,19459,False,False,False,,,
23446,ok,0,5,79,True,False,False,,,
23467,capped,1000,8,103570,False,False,True,,,
23470,ok,0,7,84,True,False,False,,,
23476,ok,0,7,110,True,False,False,,,
23479,ok,0,4,64,True,True,False,,,
23491,ok,16,5,32773,False,False,False,,,
23492,ok,1,6,115,False,False,False,,,
23499,ok,0,5,72,True,False,False,,,
23510,ok,50,7,116954,False,False,False,,,
23512,ok,25,6,4081,False,False,False,,,
23514,ok,10,7,845,False,False,False,,,
23518,capped,1000,9,92491,False,False,True,,,
23520,ok,100,7,8899,False,False,False,,,
23531,capped,1000,7,96139,False,True,True,,,
23532,capped,1000,5,77967,False,False,True,,,
23547,ok,0,4,56,True,False,False,,,
23548,ok,0,9,148,True,False,False,,,
23560,ok,0,7,104,True,False,False,,,
23561,capped,1000,11,151235,False,False,True,,,
23566,ok,5,5,367,False,False,False,,,
23576,ok,0,9,108,True,False,False,,,
23577,ok,5,7,503,False,False,False,,,
23583,ok,0,6,78,True,False,False,,,
23594,ok,0,4,52,True,True,False,,,
23595,ok,0,6,103,True,False,False,,,
23596,ok,1,4,137,False,False,False,,,
23609,ok,0,8,85,True,False,False,,,
23610,ok,0,5,76,True,False,False,,,
23611,ok,3,5,4504228,False,False,False,,,
23612,capped,1000,6,81591,False,False,True,,,
23615,ok,0,7,109,True,False,False,,,
23619,ok,5,7,433,False,False,False,,,
23621,ok,0,5,78,True,False,False,,,
23626,ok,0,7,81,True,False,False,,,
23637,ok,1,7,182,False,False,False,,,
23639,ok,0,4,69,True,False,False,,,
23650,ok,25,6,14465,False,False,False,,,
23661,ok,100,13,7874,False,False,False,,,
23662,ok,0,7,95,True,False,False,,,
23665,ok,10,7,583,False,False,False,,,
23675,ok,0,5,74,True,False,False,,,
23684,capped,1000,6,108474,False,False,True,,,
23694,ok,5,5,450,False,False,False,,,
23696,capped,1000,5,62942,False,False,True,,,
23697,ok,0,6,82,True,False,False,,,
23703,ok,30,8,3471,False,False,False,,,
23704,ok,5,5,303,False,True,False,,,
23707,capped,1000,9,93684,False,False,True,,,
23711,ok,0,4,77,True,False,False,,,
23721,capped,1000,6,44369,False,False,True,,,
23722,capped,1000,5,84857,False,False,True,,,
23725,ok,20,9,2042,False,False,False,,,
23729,ok,100,7,8964,False,False,False,,,
23739,ok,0,9,113,True,False,False,,,
23742,ok,25,5,1162,False,False,False,,,
23748,ok,10,4,554,False,False,False,,,
23752,ok,10,6,11768573,False,False,False,,,
23754,ok,42,8,6350,False,False,False,,,
23755,ok,10,3,631,False,False,False,,,
23762,ok,5,4,367,False,False,False,,,
23764,capped,1000,7,183271,False,False,True,,,
23774,ok,0,3,41,True,False,False,,,
23780,ok,125,5,4713,False,False,False,,,
23782,ok,0,4,64,True,False,False,,,
23807,ok,0,6,88,True,False,False,,,
23814,ok,10,6,847,False,False,False,,,
23816,ok,10,4,485,False,False,False,,,
23839,ok,0,9,133,True,False,False,,,
23843,ok,0,6,86,True,False,False,,,
23845,ok,20,7,1276,False,False,False,,,
23846,ok,25,4,1270,False,False,False,,,
23849,ok,0,10,174,True,False,False,,,
23851,ok,50,10,4108,False,False,False,,,
23858,ok,10,4,375,False,False,False,,,
23872,ok,0,6,82,True,False,False,,,
23873,ok,5,5,416,False,False,False,,,
23874,ok,0,5,85,True,False,False,,,
23887,ok,0,4,64,True,False,False,,,
23895,ok,0,4,59,True,False,False,,,
23906,ok,5,7,564,False,False,False,,,
23916,ok,0,9,117,True,False,False,,,
23917,capped,1000,5,84673,False,False,True,,,
23921,ok,0,5,68,True,False,False,,,
23923,ok,100,4,8645,False,False,False,,,
23932,ok,0,4,66,True,False,False,,,
23933,ok,5,7,359,False,True,False,,,
23942,ok,100,9,20204,False,False,False,,,
23949,ok,0,6,95,True,False,False,,,
23953,ok,0,7,128,True,False,False,,,
23956,capped,1000,8,93479,False,False,True,,,
23960,ok,0,8,141,True,False,False,,,
23963,ok,1,10,223,False,False,False,,,
23966,ok,16,3,680,False,False,False,,,
23971,ok,0,5,84,True,False,False,,,
23976,capped,1000,7,123109,False,False,True,,,
23978,ok,10,6,855,False,False,False,,,
23986,capped,1000,8,40864,False,False,True,,,
23989,ok,1,5,126,False,False,False,,,
23995,ok,0,6,106,True,False,False,,,
24003,ok,3,6,234,False,False,False,,,
24019,capped,1000,4,54064,False,True,True,,,
24040,ok,25,6,1493,False,False,False,,,
24047,ok,5,5,301,False,False,False,,,
24048,capped,1000,8,104716,False,False,True,,,
24049,ok,0,7,111,True,False,False,,,
24057,ok,2,6,195,False,False,False,,,
24064,ok,901,8,150074,False,False,False,,,
24072,capped,1000,5,73009,False,False,True,,,
24087,ok,25,5,106495,False,False,False,,,
24094,ok,0,8,112,True,False,False,,,
24102,ok,5,6,494,False,False,False,,,
24104,ok,0,6,91,True,False,False,,,
24106,ok,25,4,1368,False,False,False,,,
24108,ok,5,3,275,False,False,False,,,
24113,ok,0,7,100,True,False,False,,,
24117,ok,0,5,76,True,False,False,,,
24121,ok,0,9,137,True,False,False,,,
24123,ok,0,8,113,True,False,False,,,
24127,ok,0,6,87,True,False,False,,,
24136,ok,80,4,1711,False,False,False,,,
24143,ok,2,6,251,False,False,False,,,
24144,capped,1000,5,34063,False,True,True,,,
24146,ok,0,7,114,True,False,False,,,
24147,ok,0,6,84,True,False,False,,,
24148,ok,0,6,90,True,False,False,,,
24150,ok,0,7,86,True,False,False,,,
24156,ok,0,11,159,True,False,False,,,
24157,ok,5,5,430,False,False,False,,,
24162,ok,0,5,80,True,False,False,,,
24164,ok,5,4,320,False,False,False,,,
24166,ok,100,6,15454,False,False,False,,,
24197,capped,1000,7,29108,False,False,True,,,
24208,ok,0,8,114,True,False,False,,,
24209,capped,1000,7,57081,False,False,True,,,
24211,ok,0,5,63,True,False,False,,,
24223,ok,0,7,87,True,False,False,,,
24231,ok,0,6,88,True,False,False,,,
24233,ok,0,6,87,True,True,False,,,
24237,ok,0,7,101,True,True,False,,,
24241,capped,1000,8,69473,False,False,True,,,
24245,ok,50,13,3323,False,False,False,,,
24250,capped,1000,6,83039,False,False,True,,,
24256,ok,0,6,87,True,False,False,,,
24258,ok,10,4,666,False,False,False,,,
24269,ok,0,7,80,True,False,False,,,
24270,ok,0,11,156,True,False,False,,,
24274,capped,1000,9,122581,False,False,True,,,
24294,ok,0,7,110,True,False,False,,,
24304,ok,26,4,1822,False,False,False,,,
24306,ok,0,5,74,True,False,False,,,
24319,ok,0,5,73,True,False,False,,,
24325,ok,0,7,82,True,False,False,,,
24327,ok,50,6,3881,False,False,False,,,
24334,ok,0,8,95,True,False,False,,,
24335,ok,0,5,73,True,True,False,,,
24337,ok,0,11,155,True,False,False,,,
24340,ok,0,6,100,True,True,False,,,
24346,ok,0,4,47,True,False,False,,,
24354,ok,125,7,8474,False,False,False,,,
24380,ok,10,5,1170,False,False,False,,,
24381,ok,25,6,1896,False,False,False,,,
24383,capped,1000,5,89864,False,False,True,,,
24385,ok,25,7,2982,False,False,False,,,
24390,ok,50,6,3770,False,False,False,,,
24393,ok,0,4,68,True,False,False,,,
24399,ok,50,7,4103,False,False,False,,,
24415,ok,23,5,2088,False,False,False,,,
24422,ok,0,6,84,True,False,False,,,
24425,ok,0,7,90,True,False,False,,,
24437,ok,0,5,77,True,False,False,,,
24440,ok,188,6,19864,False,False,False,,,
24446,ok,0,8,123,True,False,False,,,
24452,capped,1000,5,64246,False,False,True,,,
24453,ok,0,7,94,True,False,False,,,
24458,ok,0,5,84,True,False,False,,,
24468,ok,0,5,68,True,False,False,,,
24481,ok,25,6,1904,False,False,False,,,
24485,ok,25,4,704,False,False,False,,,
24489,ok,0,6,64,True,False,False,,,
24491,ok,0,5,75,True,False,False,,,
24496,ok,0,5,90,True,False,False,,,
24500,ok,0,8,104,True,False,False,,,
24508,ok,5,4,334,False,False,False,,,
24512,ok,25,7,11172,False,False,False,,,
24513,ok,25,5,1787,False,False,False,,,
24518,ok,13,8,748,False,False,False,,,
24521,ok,0,7,137,True,False,False,,,
24530,capped,1000,7,72565,False,False,True,,,
24535,ok,10,5,630,False,False,False,,,
24536,capped,1000,7,155036,False,False,True,,,
24545,ok,25,7,2961,False,False,False,,,
24558,ok,9,4,536,False,False,False,,,
24560,ok,100,7,7130,False,False,False,,,
24561,capped,1000,6,60453,False,False,True,,,
24564,ok,10,4,673,False,False,False,,,
24565,ok,0,5,75,True,False,False,,,
24576,ok,0,7,85,True,False,False,,,
24584,ok,0,6,97,True,False,False,,,
24612,ok,0,7,95,True,False,False,,,
24619,ok,0,9,134,True,False,False,,,
24621,ok,0,4,57,True,False,False,,,
24624,ok,25,6,2718,False,False,False,,,
24628,ok,0,9,125,True,False,False,,,
24632,ok,0,6,95,True,False,False,,,
24634,ok,0,10,154,True,False,False,,,
24635,ok,0,7,111,True,False,False,,,
24661,ok,0,6,86,True,True,False,,,
24662,ok,0,5,91,True,False,False,,,
24675,ok,0,8,129,True,False,False,,,
24684,ok,0,5,96,True,False,False,,,
24686,ok,0,5,78,True,False,False,,,
24696,ok,0,6,85,True,True,False,,,
24701,ok,0,7,95,True,False,False,,,
24704,ok,0,8,109,True,False,False,,,
24709,ok,100,9,10219,False,False,False,,,
24733,ok,20,7,2039,False,False,False,,,
24739,capped,1000,4,56983,False,False,True,,,
24746,ok,0,9,125,True,False,False,,,
24749,ok,10,7,1105,False,False,False,,,
24752,ok,0,5,71,True,False,False,,,
24759,ok,0,4,58,True,False,False,,,
24760,ok,0,6,75,True,False,False,,,
24761,ok,10,4,698,False,False,False,,,
24765,ok,50,5,3432,False,False,False,,,
24771,ok,25,6,1319,False,False,False,,,
24779,ok,0,6,105,True,False,False,,,
24801,ok,9,8,944,False,False,False,,,
24815,ok,5,4,250,False,False,False,,,
24823,ok,0,5,75,True,False,False,,,
24824,ok,0,8,120,True,False,False,,,
24827,ok,50,8,4941,False,False,False,,,
24829,ok,0,4,69,True,False,False,,,
24837,ok,0,5,92,True,True,False,,,
24838,ok,10,6,854,False,False,False,,,
24839,capped,1000,6,44093,False,False,True,,,
24845,ok,0,10,143,True,False,False,,,
24846,ok,0,5,81,True,False,False,,,
24847,capped,1000,8,110668,False,False,True,,,
24848,ok,50,6,3733,False,False,False,,,
24849,ok,330,7,44373,False,False,False,,,
24862,ok,72,5,2821,False,False,False,,,
24864,ok,0,7,91,True,False,False,,,
24866,ok,0,5,68,True,True,False,,,
24883,ok,0,5,77,True,False,False,,,
24885,ok,0,10,142,True,False,False,,,
24891,ok,5,6,367,False,False,False,,,
24894,capped,1000,6,74086,False,False,True,,,
24900,ok,0,7,102,True,True,False,,,
24906,ok,25,5,1843,False,False,False,,,
24908,ok,5,5,360,False,False,False,,,
24928,ok,0,5,83,True,False,False,,,
24929,ok,10,6,630,False,False,False,,,
24936,capped,1000,7,58693,False,True,True,,,
24937,ok,0,5,80,True,False,False,,,
24942,ok,0,9,123,True,False,False,,,
24945,capped,1000,6,92342,False,False,True,,,
24948,ok,160,4,5336,False,False,False,,,
24949,capped,1000,9,88281,False,False,True,,,
24971,ok,0,5,74,True,False,False,,,
24973,ok,0,7,108,True,False,False,,,
24974,ok,25,4,1330,False,False,False,,,
24983,ok,0,6,95,True,False,False,,,
24985,ok,0,7,98,True,False,False,,,
24994,ok,0,5,67,True,False,False,,,
25004,capped,1000,6,81654,False,False,True,,,
25005,capped,1000,7,95592,False,False,True,,,
25006,capped,1000,6,58842,False,False,True,,,
25012,capped,1000,6,4279650,False,False,True,,,
25013,ok,0,4,67,True,False,False,,,
25014,capped,1000,8,231453,False,False,True,,,
25015,ok,0,6,92,True,False,False,,,
25017,ok,0,9,139,True,False,False,,,
25018,capped,1000,6,98315,False,False,True,,,
25023,ok,0,8,130,True,False,False,,,
25024,ok,10,6,1368,False,False,False,,,
25025,capped,1000,5,91141,False,False,True,,,
25027,ok,0,3,44,True,False,False,,,
25028,capped,1000,6,2927745,False,False,True,,,
25029,ok,50,6,2760,False,False,False,,,
25031,ok,750,6,91615,False,False,False,,,
25033,ok,0,8,94,True,False,False,,,
25034,ok,10,6,1069,False,False,False,,,
25035,ok,25,5,451845,False,False,False,,,
25037,ok,0,7,93,True,False,False,,,
25038,ok,0,7,120,True,False,False,,,
25040,capped,1000,5,92721,False,False,True,,,
25046,capped,1000,6,122994,False,False,True,,,
25048,capped,1000,7,99167,False,False,True,,,
25051,ok,0,7,100,True,False,False,,,
25052,capped,1000,7,199431,False,False,True,,,
25053,ok,100,8,18813,False,False,False,,,
25054,ok,10,6,3575,False,False,False,,,
25055,capped,1000,4,142544,False,False,True,,,
25056,ok,0,1,24,True,False,False,,,
25057,capped,1000,5,117534,False,False,True,,,
25058,capped,1000,4,148304,False,False,True,,,
25061,ok,0,4,52,True,False,False,,,
25062,ok,0,7,85,True,False,False,,,
25063,capped,1000,11,274338,False,False,True,,,
25067,ok,0,6,93,True,False,False,,,
25068,ok,0,6,104,True,False,False,,,
25069,ok,0,5,59,True,False,False,,,
25070,capped,1000,6,103235,False,False,True,,,
25072,ok,0,1,24,True,False,False,,,
25073,ok,25,5,1685,False,False,False,,,
25076,ok,0,6,94,True,False,False,,,
25077,ok,0,1,23,True,False,False,,,
25079,capped,1000,6,215037,False,False,True,,,
25080,ok,25,4,28960433,False,False,False,,,
25083,ok,10,6,927,False,False,False,,,
25085,capped,1000,4,102180,False,False,True,,,
25086,ok,149,5,10632,False,False,False,,,
25087,capped,1000,6,368586,False,False,True,,,
25089,ok,0,7,105,True,False,False,,,
25090,ok,0,6,118,True,False,False,,,
25092,capped,1000,7,112293,False,False,True,,,
25093,capped,1000,4,2889801,False,False,True,,,
25094,ok,0,7,127,True,False,False,,,
25095,capped,1000,5,84354,False,False,True,,,
25097,ok,0,6,91,True,False,False,,,
25098,ok,0,5,58,True,False,False,,,
25101,capped,1000,8,262757,False,False,True,,,
25104,capped,1000,8,430463,False,False,True,,,
25109,ok,10,6,3525,False,False,False,,,
25113,ok,0,7,101,True,False,False,,,
25114,ok,10,7,62454,False,False,False,,,
25119,ok,0,6,82,True,False,False,,,
25120,ok,0,8,119,True,False,False,,,
25121,ok,10,2,2185,False,False,False,,,
25125,ok,0,8,97,True,False,False,,,
25127,ok,0,4,74,True,False,False,,,
25128,capped,1000,5,144956,False,False,True,,,
25129,ok,26,5,2934,False,False,False,,,
25130,ok,7,6,504,False,False,False,,,
25132,ok,0,7,101,True,False,False,,,
25133,ok,0,9,165,True,False,False,,,
25134,ok,0,1,23,True,False,False,,,
25136,ok,0,9,137,True,False,False,,,
25139,ok,37,4,2586,False,False,False,,,
25144,ok,0,6,77,True,False,False,,,
25145,ok,0,7,90,True,False,False,,,
25147,capped,1000,5,155660,False,False,True,,,
25150,ok,75,5,4391,False,False,False,,,
25151,capped,1000,4,71061,False,False,True,,,
25154,ok,0,5,98,True,False,False,,,
25156,ok,250,7,30022,False,False,False,,,
25158,ok,800,10,105918,False,False,False,,,
25160,ok,0,6,111,True,False,False,,,
25161,capped,1000,5,2836722,False,False,True,,,
25163,ok,0,7,88,True,False,False,,,
25164,capped,1000,5,1439031,False,False,True,,,
25167,capped,1000,6,304339,False,False,True,,,
25168,ok,0,5,57,True,False,False,,,
25176,capped,1000,2,98774,False,False,True,,,
25178,ok,250,5,12869,False,False,False,,,
25179,ok,0,5,75,True,False,False,,,
25181,ok,0,5,85,True,False,False,,,
25182,ok,0,10,128,True,False,False,,,
25183,ok,0,8,97,True,False,False,,,
25185,ok,100,7,16133,False,False,False,,,
25187,ok,25,6,1563,False,False,False,,,
25190,ok,100,2,18643,False,False,False,,,
25191,ok,0,4,84,True,False,False,,,
25192,ok,10,11,3197,False,False,False,,,
25195,ok,3,5,428,False,False,False,,,
25196,ok,10,6,1008,False,False,False,,,
25197,ok,0,6,73,True,False,False,,,
25202,capped,1000,6,180923,False,False,True,,,
25205,capped,1000,6,101194,False,False,True,,,
25206,ok,0,3,53,True,False,False,,,
25207,ok,25,3,672,False,False,False,,,
25214,ok,75,6,18914,False,False,False,,,
25215,ok,88,8,18496,False,False,False,,,
25216,ok,483,8,46256,False,False,False,,,
25217,capped,1000,6,2418453,False,False,True,,,
25219,capped,1000,6,99423,False,False,True,,,
25220,capped,1000,8,136872,False,False,True,,,
25221,ok,0,7,119,True,False,False,,,
25222,ok,0,8,99,True,False,False,,,
25223,ok,25,5,2073,False,False,False,,,
25224,ok,10,4,2547,False,False,False,,,
25225,ok,0,6,75,True,False,False,,,
25227,ok,0,9,160,True,False,False,,,
25230,ok,0,5,75,True,False,False,,,
25232,ok,0,7,107,True,False,False,,,
25234,ok,0,8,116,True,False,False,,,
25235,ok,0,11,170,True,False,False,,,
25236,ok,0,6,65,True,False,False,,,
25238,ok,0,5,80,True,False,False,,,
25239,ok,0,5,80,True,False,False,,,
25243,capped,1000,12,299011,False,False,True,,,
25246,capped,1000,4,5745015,False,False,True,,,
25249,capped,1000,8,185172,False,False,True,,,
25251,ok,0,4,64,True,False,False,,,
25252,ok,0,7,107,True,False,False,,,
25253,ok,0,5,83,True,False,False,,,
25256,ok,0,6,95,True,False,False,,,
25260,ok,10,4,848,False,False,False,,,
25261,ok,5,3,501,False,False,False,,,
25264,capped,1000,7,105019,False,False,True,,,
25266,ok,100,6,16676,False,False,False,,,
25267,ok,10,4,3261,False,False,False,,,
25269,ok,0,8,95,True,False,False,,,
25271,ok,0,7,90,True,False,False,,,
25272,ok,0,7,92,True,False,False,,,
25273,ok,0,5,74,True,False,False,,,
25274,capped,1000,8,125599,False,False,True,,,
25275,ok,0,5,73,True,False,False,,,
25277,ok,0,5,87,True,False,False,,,
25283,ok,10,6,1402,False,False,False,,,
25284,capped,1000,11,159960,False,False,True,,,
25285,capped,1000,6,443115,False,False,True,,,
25289,capped,1000,4,113560,False,False,True,,,
25290,capped,1000,1,127347,False,False,True,,,
25291,ok,0,3,47,True,False,False,,,
25293,ok,0,10,133,True,False,False,,,
25295,ok,0,9,126,True,False,False,,,
25296,ok,30,4,8251659,False,False,False,,,
25300,ok,0,8,125,True,False,False,,,
25301,ok,1,5,287053,False,False,False,,,
25302,ok,0,4,79,True,False,False,,,
25303,ok,0,5,86,True,False,False,,,
25304,ok,0,7,84,True,False,False,,,
25305,ok,10,6,827,False,False,False,,,
25313,ok,0,7,109,True,False,False,,,
25316,ok,0,4,63,True,False,False,,,
25317,ok,125,5,26091,False,False,False,,,
25318,ok,0,5,87,True,False,False,,,
25319,ok,0,15,172,True,False,False,,,
25322,ok,0,6,91,True,False,False,,,
25323,ok,5,5,2923,False,False,False,,,
25326,ok,0,7,107,True,False,False,,,
25327,ok,125,5,484322,False,False,False,,,
25329,ok,3,3,2975,False,False,False,,,
25332,ok,25,6,4470,False,False,False,,,
25334,capped,1000,7,301413,False,False,True,,,
25335,ok,0,5,80,True,False,False,,,
25339,ok,50,6,14831,False,False,False,,,
25340,capped,1000,6,97568,False,False,True,,,
25342,capped,1000,6,129834,False,False,True,,,
25343,capped,1000,6,112472,False,False,True,,,
25344,capped,1000,6,71094,False,False,True,,,
25346,ok,0,5,60,True,False,False,,,
25347,ok,190,5,10378,False,False,False,,,
25348,ok,100,9,18065,False,False,False,,,
25350,ok,625,4,33571,False,False,False,,,
25356,ok,0,8,104,True,False,False,,,
25357,ok,0,4,67,True,False,False,,,
25359,ok,0,6,89,True,False,False,,,
25360,ok,0,7,127,True,False,False,,,
25362,ok,0,8,111,True,False,False,,,
25363,capped,1000,5,87741,False,False,True,,,
25364,ok,75,6,9230,False,False,False,,,
25366,ok,0,7,96,True,False,False,,,
25367,ok,557,8,254561,False,False,False,,,
25371,capped,1000,6,64143,False,False,True,,,
25372,ok,5,6,7812,False,False,False,,,
25373,ok,0,6,88,True,False,False,,,
25374,ok,0,11,131,True,False,False,,,
25376,capped,1000,6,771379,False,False,True,,,
25377,ok,0,6,111,True,False,False,,,
25380,ok,0,5,86,True,False,False,,,
25382,ok,100,7,13675,False,False,False,,,
25384,ok,5,5,55801292,False,False,False,,,
25385,ok,0,6,85,True,False,False,,,
25386,ok,0,7,138,True,False,False,,,
25387,ok,0,8,98,True,False,False,,,
25388,capped,1000,4,103398,False,False,True,,,
25389,capped,1000,7,123087,False,False,True,,,
25391,ok,5,3,200203,False,False,False,,,
25393,capped,1000,6,71103,False,False,True,,,
25394,ok,0,6,72,True,False,False,,,
25395,ok,10,5,1089,False,False,False,,,
25396,ok,0,8,135,True,False,False,,,
25397,capped,1000,7,2872665,False,False,True,,,
25398,ok,0,5,85,True,False,False,,,
25401,ok,5,5,410,False,False,False,,,
25402,ok,10,10,2687,False,False,False,,,
25403,ok,0,4,66,True,False,False,,,
25406,capped,1000,3,40500,False,False,True,,,
25407,ok,0,5,71,True,False,False,,,
25408,ok,0,8,128,True,False,False,,,
25409,capped,1000,8,91000,False,False,True,,,
25410,ok,0,5,87,True,False,False,,,
25413,ok,0,7,105,True,False,False,,,
25414,ok,0,8,104,True,False,False,,,
25415,ok,0,5,89,True,False,False,,,
25416,ok,10,5,1404,False,False,False,,,
25417,ok,50,8,10133,False,False,False,,,
25418,ok,0,6,79,True,False,False,,,
25421,ok,0,7,95,True,False,False,,,
25422,ok,0,5,69,True,False,False,,,
25423,ok,100,11,253266,False,False,False,,,
25424,ok,0,6,89,True,False,False,,,
25426,ok,9,4,1045,False,False,False,,,
25427,ok,0,5,86,True,False,False,,,
25429,ok,0,6,85,True,False,False,,,
25430,ok,3,3,265,False,False,False,,,
25431,ok,0,7,101,True,False,False,,,
25433,ok,50,7,14851,False,False,False,,,
25434,capped,1000,6,152969,False,False,True,,,
25437,capped,1000,6,99384,False,False,True,,,
25438,ok,10,8,1945,False,False,False,,,
25440,ok,0,8,97,True,False,False,,,
25441,ok,10,6,1347,False,False,False,,,
25444,ok,0,8,116,True,False,False,,,
25445,ok,50,9,9483,False,False,False,,,
25447,ok,10,6,19950,False,False,False,,,
25448,ok,0,8,111,True,False,False,,,
25450,capped,1000,5,171642,False,False,True,,,
25454,capped,1000,5,122475,False,False,True,,,
25455,ok,10,4,454,False,False,False,,,
25457,ok,0,4,75,True,False,False,,,
25458,ok,10,7,28563,False,False,False,,,
25459,capped,1000,8,981448,False,False,True,,,
25460,ok,10,6,1742,False,False,False,,,
25462,ok,50,7,12270,False,False,False,,,
25463,ok,0,6,104,True,False,False,,,
25466,ok,0,6,125,True,False,False,,,
25467,capped,1000,6,2862493,False,False,True,,,
25470,ok,100,5,19859,False,False,False,,,
25472,ok,1,8,212,False,False,False,,,
25474,capped,1000,5,205413,False,False,True,,,
25475,capped,1000,8,1557868,False,False,True,,,
25476,ok,10,7,1444,False,False,False,,,
25477,ok,0,8,106,True,False,False,,,
25479,ok,25,4,985,False,False,False,,,
25482,ok,50,7,23330,False,False,False,,,
25483,capped,1000,5,190993,False,False,True,,,
25484,ok,150,6,46458893,False,False,False,,,
25486,ok,0,6,101,True,False,False,,,
25490,ok,50,6,5550,False,False,False,,,
25491,capped,1000,8,144829,False,False,True,,,
25492,ok,5,3,1979718,False,False,False,,,
25493,ok,13,4,1402,False,False,False,,,
25494,ok,0,5,66,True,False,False,,,
25495,ok,0,7,91,True,False,False,,,
25498,capped,1000,5,116649,False,False,True,,,
25499,ok,0,7,91,True,False,False,,,
25500,capped,1000,5,125399,False,False,True,,,
25501,ok,0,6,94,True,False,False,,,
25502,capped,1000,5,213575,False,False,True,,,
25503,capped,1000,5,278264,False,False,True,,,
25505,ok,0,10,127,True,False,False,,,
25506,ok,0,5,75,True,False,False,,,
25507,capped,1000,6,249775,False,False,True,,,
25509,ok,100,9,26669,False,False,False,,,
25512,ok,75,4,6892,False,False,False,,,
25513,ok,0,6,84,True,False,False,,,
25514,ok,0,7,110,True,False,False,,,
25515,ok,10,6,28474,False,False,False,,,
25517,ok,0,7,104,True,False,False,,,
25519,ok,0,6,94,True,False,False,,,
25522,ok,0,6,81,True,False,False,,,
25523,ok,0,8,131,True,False,False,,,
25524,ok,0,7,96,True,False,False,,,
25525,ok,0,6,82,True,False,False,,,
25528,ok,0,9,113,True,False,False,,,
25530,capped,1000,8,167127,False,False,True,,,
25531,ok,0,8,121,True,False,False,,,
25533,ok,0,5,75,True,False,False,,,
25534,ok,25,2,8042,False,False,False,,,
25535,capped,1000,5,136428,False,False,True,,,
25536,ok,100,10,31077,False,False,False,,,
25539,capped,1000,5,81943,False,False,True,,,
25540,ok,0,5,87,True,False,False,,,
25541,ok,0,9,122,True,False,False,,,
25543,capped,1000,5,105539,False,False,True,,,
25544,ok,0,7,121,True,False,False,,,
25545,ok,0,6,88,True,False,False,,,
25546,ok,0,5,82,True,False,False,,,
25547,ok,0,7,83,True,False,False,,,
25548,capped,1000,4,2832581,False,False,True,,,
25551,ok,10,3,2466,False,False,False,,,
25553,ok,0,8,116,True,False,False,,,
25555,capped,1000,6,171030,False,False,True,,,
25556,capped,1000,7,180831,False,False,True,,,
25557,ok,300,8,79027,False,False,False,,,
25558,ok,10,7,1661,False,False,False,,,
25559,ok,25,4,2644,False,False,False,,,
25561,ok,0,7,72,True,False,False,,,
25563,ok,0,5,74,True,False,False,,,
25567,ok,0,7,105,True,False,False,,,
25568,ok,0,6,76,True,False,False,,,
25570,ok,10,5,510,False,False,False,,,
25571,ok,0,4,63,True,False,False,,,
25572,ok,0,7,93,True,False,False,,,
25575,capped,1000,9,159172,False,False,True,,,
25576,capped,1000,6,157899,False,False,True,,,
25577,capped,1000,5,3911166,False,False,True,,,
25578,ok,0,6,64,True,False,False,,,
25579,ok,0,11,140,True,False,False,,,
25580,capped,1000,8,194225,False,False,True,,,
25581,ok,0,8,115,True,False,False,,,
25582,ok,0,6,72,True,False,False,,,
25583,ok,0,5,83,True,False,False,,,
25586,ok,0,5,63,True,False,False,,,
25588,ok,50,3,8908,False,False,False,,,
25590,ok,0,8,131,True,False,False,,,
25592,ok,0,5,64,True,False,False,,,
25593,ok,10,3,21051,False,False,False,,,
25594,ok,0,6,99,True,False,False,,,
25595,ok,25,4,387160,False,False,False,,,
25596,ok,75,6,6247,False,False,False,,,
25597,ok,0,7,114,True,False,False,,,
25599,ok,150,3,13486,False,False,False,,,
25600,ok,0,8,116,True,False,False,,,
25601,ok,125,7,4354572,False,False,False,,,
25602,capped,1000,7,208384,False,False,True,,,
25605,capped,1000,6,135351,False,False,True,,,
25606,ok,0,4,82,True,False,False,,,
25607,ok,0,3,47,True,False,False,,,
25609,ok,10,6,2377,False,False,False,,,
25611,ok,10,6,1217,False,False,False,,,
25612,ok,100,1,14561,False,False,False,,,
25614,ok,0,6,98,True,False,False,,,
25615,ok,1,4,116,False,False,False,,,
25616,ok,0,2,33,True,False,False,,,
25617,ok,5,2,6046,False,False,False,,,
25618,ok,0,6,87,True,False,False,,,
25619,ok,0,6,79,True,False,False,,,
25620,capped,1000,8,121562,False,False,True,,,
25621,ok,10,9,1933,False,False,False,,,
25622,ok,0,9,110,True,False,False,,,
25625,capped,1000,6,127811,False,False,True,,,
25626,capped,1000,8,142011,False,False,True,,,
25628,ok,0,9,103,True,False,False,,,
25629,ok,100,3,14094,False,False,False,,,
25631,ok,88,7,9735,False,False,False,,,
25634,ok,0,5,88,True,False,False,,,
25636,ok,10,5,28835,False,False,False,,,
25637,ok,517,7,64197,False,False,False,,,
25642,ok,0,8,127,True,False,False,,,
25643,capped,1000,4,91051,False,False,True,,,
25647,ok,2,5,67136877,False,False,False,,,
25658,capped,1000,6,370290,False,False,True,,,
25660,ok,0,6,100,True,False,False,,,
25662,ok,0,5,85,True,False,False,,,
25663,capped,1000,5,131745,False,False,True,,,
25664,capped,1000,7,94171,False,False,True,,,
25665,ok,0,9,131,True,False,False,,,
25668,ok,0,5,93,True,False,False,,,
25670,capped,1000,6,165654,False,False,True,,,
25671,ok,0,6,94,True,False,False,,,
25672,ok,0,9,134,True,False,False,,,
25673,ok,1,5,195,False,False,False,,,
25674,ok,0,7,118,True,False,False,,,
25678,ok,0,7,143,True,False,False,,,
25683,ok,0,8,137,True,False,False,,,
25684,capped,1000,8,149301,False,False,True,,,
25685,ok,0,9,119,True,False,False,,,
25686,ok,0,6,116,True,False,False,,,
25688,ok,0,4,75,True,False,False,,,
25690,ok,0,9,122,True,False,False,,,
25692,ok,0,9,135,True,False,False,,,
25694,ok,0,8,133,True,False,False,,,
25696,capped,1000,6,899740,False,False,True,,,
25699,capped,1000,11,350070,False,False,True,,,
25700,ok,0,6,100,True,False,False,,,
25702,ok,0,5,81,True,False,False,,,
25703,ok,0,6,104,True,False,False,,,
25704,ok,25,4,3082411,False,False,False,,,
25706,ok,0,7,121,True,False,False,,,
25707,ok,0,5,72,True,False,False,,,
25708,capped,1000,7,132828,False,False,True,,,
25710,ok,0,8,125,True,False,False,,,
25717,capped,1000,9,173854,False,False,True,,,
25719,ok,0,5,73,True,False,False,,,
25723,ok,0,6,92,True,False,False,,,
25725,ok,0,7,109,True,False,False,,,
25726,ok,0,8,120,True,False,False,,,
25728,capped,1000,10,285386,False,False,True,,,
25729,ok,0,6,104,True,False,False,,,
25730,ok,25,4,3156,False,False,False,,,
25731,ok,0,10,132,True,False,False,,,
25733,ok,25,3,1665,False,False,False,,,
25737,ok,0,3,34,True,False,False,,,
25738,capped,1000,8,175706,False,False,True,,,
25739,ok,2,5,2156856,False,False,False,,,
25740,ok,0,5,78,True,False,False,,,
25741,ok,50,9,10361,False,False,False,,,
25742,ok,0,3,30,True,False,False,,,
25743,capped,1000,6,96020,False,False,True,,,
25745,ok,5,4,16507829,False,False,False,,,
25748,ok,0,1,37,True,False,False,,,
25749,ok,10,8,274122,False,False,False,,,
25757,ok,0,5,65,True,False,False,,,
25758,capped,1000,7,196337,False,False,True,,,
25759,ok,0,8,105,True,False,False,,,
25762,ok,12,5,1547,False,False,False,,,
25764,capped,1000,10,137548,False,False,True,,,
25766,ok,5,3,521,False,False,False,,,
25768,capped,1000,8,79014,False,False,True,,,
25770,ok,25,6,2155,False,False,False,,,
25771,capped,1000,8,189992,False,False,True,,,
25772,ok,0,4,62,True,False,False,,,
25773,ok,50,5,5372,False,False,False,,,
25775,ok,0,8,154,True,False,False,,,
25776,ok,1,4,65760546,False,False,False,,,
25777,ok,0,8,117,True,False,False,,,
25780,ok,0,6,100,True,False,False,,,
25784,ok,50,6,7939,False,False,False,,,
25786,ok,10,5,4822,False,False,False,,,
25787,ok,0,7,94,True,False,False,,,
25788,ok,0,6,103,True,False,False,,,
25789,ok,0,3,47,True,False,False,,,
25790,capped,1000,3,151966,False,False,True,,,
25794,ok,0,5,79,True,False,False,,,
25795,ok,0,5,71,True,False,False,,,
25797,ok,0,5,86,True,False,False,,,
25799,ok,50,8,7765,False,False,False,,,
25800,ok,95,9,17764,False,False,False,,,
25801,ok,0,6,104,True,False,False,,,
25802,ok,0,8,137,True,False,False,,,
25804,ok,0,4,59,True,False,False,,,
25806,ok,0,7,102,True,False,False,,,
25807,ok,0,5,62,True,False,False,,,
25809,ok,0,6,95,True,False,False,,,
25812,capped,1000,6,94046,False,False,True,,,
25814,ok,0,8,130,True,False,False,,,
25816,ok,0,6,90,True,False,False,,,
25817,ok,25,7,1994,False,False,False,,,
25818,ok,0,3,47,True,False,False,,,
25819,capped,1000,6,141887,False,False,True,,,
25822,ok,10,5,1134,False,False,False,,,
25823,ok,0,9,121,True,False,False,,,
25825,ok,50,11,10863,False,False,False,,,
25827,capped,1000,6,105559,False,False,True,,,
25831,ok,100,7,14919,False,False,False,,,
25832,ok,25,4,3159,False,False,False,O390,2,3
25833,ok,0,7,106,True,False,False,,,
25835,ok,0,5,76,True,False,False,,,
25836,capped,1000,5,68251,False,False,True,,,
25838,ok,0,6,74,True,False,False,,,
25839,ok,25,4,4188,False,False,False,O625,1,1
25840,ok,52,8,8595,False,False,False,,,
25841,ok,0,6,93,True,False,False,,,
25843,capped,1000,8,188690,False,False,True,,,
25844,capped,1000,7,174868,False,False,True,,,
25847,ok,0,7,146,True,False,False,,,
25848,ok,0,7,88,True,False,False,,,
25850,ok,100,6,6908,False,False,False,,,
25853,ok,10,6,28848,False,False,False,,,
25854,ok,10,6,2888,False,False,False,,,
25856,capped,1000,16,249070,False,False,True,,,
25857,capped,1000,5,59802,False,False,True,,,
25859,ok,0,5,76,True,False,False,,,
25860,ok,0,7,119,True,False,False,,,
25861,ok,0,5,69,True,False,False,,,
25864,capped,1000,5,170667,False,False,True,,,
25865,ok,0,7,98,True,False,False,,,
25866,ok,0,8,146,True,False,False,,,
25867,capped,1000,4,66042,False,False,True,,,
25868,capped,1000,8,263124,False,False,True,,,
25869,capped,1000,3,87669,False,False,True,,,
25871,ok,0,7,117,True,False,False,,,
25872,ok,0,7,101,True,False,False,,,
25874,ok,0,8,124,True,False,False,,,
25875,ok,0,7,90,True,False,False,,,
25877,ok,10,6,1481,False,False,False,,,
25879,capped,1000,6,78357,False,False,True,,,
25881,capped,1000,6,92016,False,False,True,,,
25884,ok,0,7,77,True,False,False,,,
25887,ok,0,8,96,True,False,False,,,
25890,ok,0,5,100,True,False,False,,,
25891,capped,1000,6,2832028,False,False,True,,,
25892,ok,150,6,1024559,False,False,False,,,
25894,ok,13,7,1609,False,False,False,,,
25896,ok,0,5,83,True,False,False,,,
25897,capped,1000,7,5272053,False,False,True,,,
25898,ok,150,5,78689231,False,False,False,,,
25899,capped,1000,7,217813,False,False,True,,,
25900,ok,0,11,157,True,False,False,,,
25902,ok,0,6,102,True,False,False,,,
25904,ok,10,8,1342,False,False,False,,,
25906,ok,0,7,105,True,False,False,,,
25911,ok,0,8,115,True,False,False,,,
25913,capped,1000,8,160021,False,False,True,,,
25916,ok,0,6,98,True,False,False,,,
25919,ok,0,8,125,True,False,False,,,
25921,capped,1000,4,3364716,False,False,True,,,
25922,ok,100,7,14178,False,False,False,,,
25928,ok,0,7,113,True,False,False,,,
25929,ok,0,5,81,True,False,False,,,
25930,ok,0,7,94,True,False,False,,,
25932,capped,1000,4,221575,False,False,True,,,
25933,capped,1000,6,2825717,False,False,True,,,
25937,ok,0,9,118,True,False,False,,,
25941,capped,1000,8,2987599,False,False,True,,,
25944,ok,1,7,7123515,False,False,False,,,
25945,capped,1000,7,226796,False,False,True,,,
25946,ok,0,6,105,True,False,False,,,
25954,ok,0,6,66,True,False,False,,,
25958,ok,10,8,9083,False,False,False,,,
25959,capped,1000,7,136327,False,False,True,,,
25963,capped,1000,6,107820,False,False,True,,,
25965,ok,2,5,80701,False,False,False,,,
25969,ok,0,8,137,True,False,False,,,
25972,capped,1000,7,173509,False,False,True,,,
25974,ok,0,6,94,True,False,False,,,
25975,capped,1000,7,90076,False,False,True,,,
25978,ok,0,6,93,True,False,False,,,
25981,ok,10,4,1002,False,False,False,,,
25982,ok,10,8,1681,False,False,False,,,
25983,ok,0,9,125,True,False,False,,,
25986,ok,25,8,18183319,False,False,False,,,
25987,ok,0,6,88,True,False,False,,,
25991,ok,0,7,114,True,False,False,,,
25993,ok,0,6,106,True,False,False,,,
25996,ok,0,8,93,True,False,False,,,
26000,ok,0,5,86,True,False,False,,,
26002,ok,0,6,68,True,False,False,,,
26006,ok,0,5,108,True,False,False,,,
26007,ok,5,4,2969,False,False,False,,,
26010,ok,0,7,103,True,False,False,,,
26011,ok,125,6,1867369,False,False,False,,,
26012,ok,492,5,43744,False,False,False,,,
26014,ok,0,7,118,True,False,False,,,
26015,ok,0,7,81,True,False,False,,,
26018,ok,0,7,98,True,False,False,,,
26020,capped,1000,5,122472,False,False,True,,,
26023,ok,0,6,103,True,False,False,,,
26024,ok,0,7,101,True,False,False,,,
26025,ok,0,9,100,True,False,False,,,
26027,ok,0,4,55,True,False,False,,,
26029,ok,0,8,124,True,False,False,,,
26030,ok,0,8,145,True,False,False,,,
26031,capped,1000,6,120096,False,False,True,,,
26034,capped,1000,12,283436,False,False,True,,,
26035,ok,0,5,83,True,False,False,,,
26037,capped,1000,6,67538,False,False,True,,,
26038,ok,0,12,139,True,False,False,,,
26043,ok,0,6,95,True,False,False,,,
26044,ok,100,1,10340,False,False,False,,,
26045,ok,0,10,135,True,False,False,,,
26046,ok,3,3,212,False,False,False,,,
26049,ok,0,10,175,True,False,False,,,
26050,ok,10,8,29097,False,False,False,,,
26051,ok,129,8,12523,False,False,False,,,
26052,ok,10,9,2173,False,False,False,,,
26054,ok,0,10,127,True,False,False,,,
26055,capped,1000,6,109057,False,False,True,,,
26056,ok,0,3,57,True,False,False,,,
26057,ok,0,4,61,True,False,False,,,
26058,ok,0,5,73,True,False,False,,,
26061,ok,0,13,165,True,False,False,,,
26062,ok,0,5,81,True,False,False,,,
26063,ok,25,3,6349,False,False,False,,,
26065,capped,1000,7,157425,False,False,True,,,
26066,ok,0,8,91,True,False,False,,,
26069,ok,0,6,71,True,False,False,,,
26074,ok,0,5,68,True,False,False,,,
26075,capped,1000,5,67554,False,False,True,,,
26077,ok,0,3,38,True,False,False,,,
26078,capped,1000,7,199011,False,False,True,,,
26079,capped,1000,6,142615,False,False,True,,,
26080,ok,10,6,2160,False,False,False,,,
26081,ok,0,7,93,True,False,False,,,
26083,ok,36,2,4192,False,False,False,,,
26084,ok,10,1,3011,False,False,False,,,
26085,ok,0,10,154,True,False,False,,,
26090,ok,0,6,79,True,False,False,,,
26092,capped,1000,7,252640,False,False,True,,,
26094,ok,0,1,26,True,False,False,,,
26095,capped,1000,7,234930,False,False,True,,,
26100,capped,1000,7,180918,False,False,True,,,
26101,ok,10,5,5808,False,False,False,,,
26104,ok,0,8,123,True,False,False,,,
26105,ok,0,10,141,True,False,False,,,
26107,capped,1000,4,95411,False,False,True,,,
26108,ok,10,4,2171,False,False,False,,,
26109,ok,0,3,40,True,False,False,,,
26111,ok,0,7,83,True,False,False,,,
26112,ok,100,7,22357,False,False,False,,,
26114,ok,10,6,1929,False,False,False,,,
26117,ok,0,6,87,True,False,False,,,
26118,capped,1000,8,181166,False,False,True,,,
26119,ok,0,10,131,True,False,False,,,
26121,capped,1000,7,2841006,False,False,True,,,
26122,ok,15,4,1029,False,False,False,,,
26125,capped,1000,4,130041,False,False,True,,,
26127,ok,0,6,76,True,False,False,,,
26128,ok,10,4,741,False,False,False,,,
26130,ok,0,5,101,True,False,False,,,
26133,capped,1000,5,80070,False,False,True,,,
26134,ok,0,5,80,True,False,False,,,
26136,ok,0,11,172,True,False,False,,,
26137,ok,0,5,71,True,False,False,,,
26144,ok,0,6,93,True,False,False,,,
26146,ok,25,4,4184,False,False,False,O625,1,1
26147,ok,0,5,55,True,False,False,,,
26148,ok,0,6,92,True,False,False,,,
26149,ok,5,4,1089,False,False,False,,,
26151,capped,1000,6,154507,False,False,True,,,
26156,ok,0,4,71,True,False,False,,,
26160,ok,0,6,111,True,False,False,,,
26163,ok,255,9,36866,False,False,False,,,
26164,capped,1000,4,121485,False,False,True,,,
26166,ok,0,5,77,True,False,False,,,
26167,ok,0,1,23,True,False,False,,,
26169,capped,1000,8,269041,False,False,True,,,
26170,ok,0,11,148,True,False,False,,,
26174,ok,0,9,132,True,False,False,,,
26175,ok,0,8,105,True,False,False,,,
26178,ok,0,5,76,True,False,False,,,
26179,ok,0,5,80,True,False,False,,,
26182,ok,20,6,3008,False,False,False,,,
26183,ok,0,5,54,True,False,False,,,
26186,ok,0,6,77,True,False,False,,,
26187,ok,219,5,26062,False,False,False,,,
26188,ok,0,6,113,True,False,False,,,
26190,ok,100,6,14595,False,False,False,,,
26191,ok,0,3,62,True,False,False,,,
26194,capped,1000,8,184118,False,False,True,,,
26198,capped,1000,4,339072,False,False,True,,,
26199,ok,0,6,90,True,False,False,,,
26204,ok,0,3,60,True,False,False,,,
26205,ok,0,8,140,True,False,False,,,
26206,ok,50,10,12636,False,False,False,,,
26210,ok,10,8,10033054,False,False,False,,,
26213,ok,100,15,43518,False,False,False,,,
26216,ok,0,9,126,True,False,False,,,
26217,ok,0,5,82,True,False,False,,,
26219,capped,1000,6,135620,False,False,True,,,
26221,capped,1000,7,114649,False,False,True,,,
26222,ok,0,6,63,True,False,False,,,
26224,ok,10,8,2842,False,False,False,,,
26226,capped,1000,7,160470,False,False,True,,,
26227,ok,10,6,3106,False,False,False,,,
26228,ok,0,5,83,True,False,False,,,
26230,ok,0,12,144,True,False,False,,,
26231,ok,0,6,104,True,False,False,,,
26235,ok,0,7,94,True,False,False,,,
26236,capped,1000,10,237968,False,False,True,,,
26238,ok,0,5,58,True,False,False,,,
26242,ok,10,6,1087,False,False,False,,,
26243,ok,0,6,77,True,False,False,,,
26244,ok,0,5,77,True,False,False,,,
26247,ok,100,4,25239,False,False,False,,,
26248,ok,0,9,155,True,False,False,,,
26251,ok,10,4,516,False,False,False,,,
26253,capped,1000,6,2857049,False,False,True,,,
26254,ok,1,7,186,False,False,False,,,
26255,ok,0,12,121,True,False,False,,,
26258,capped,1000,4,59054,False,False,True,,,
26259,ok,0,5,83,True,False,False,,,
26262,ok,0,8,93,True,False,False,,,
26265,ok,0,5,78,True,False,False,,,
26266,capped,1000,5,67585,False,False,True,,,
26267,ok,0,5,71,True,False,False,,,
26269,capped,1000,6,107249,False,False,True,,,
26270,ok,0,9,121,True,False,False,,,
26272,ok,0,6,84,True,False,False,,,
26275,ok,64,5,2620,False,False,False,,,
26276,capped,1000,7,280962,False,False,True,,,
26278,ok,10,7,1154,False,False,False,,,
26281,capped,1000,12,74355,False,False,True,,,
26283,capped,1000,2,2881698,False,False,True,,,
26286,ok,0,7,103,True,False,False,,,
26287,ok,10,5,1100,False,False,False,,,
26290,ok,269,9,45930,False,False,False,,,
26293,capped,1000,5,1284258,False,False,True,,,
26295,ok,10,7,1966,False,False,False,,,
26296,capped,1000,5,13146690,False,False,True,,,
26297,ok,0,8,129,True,False,False,,,
26299,ok,1,3,66,False,False,False,,,
26303,ok,0,5,100,True,False,False,,,
26304,capped,1000,5,77928,False,False,True,,,
26305,ok,0,5,57,True,False,False,,,
26307,ok,0,7,111,True,False,False,,,
26308,ok,125,5,15696,False,False,False,,,
26309,ok,0,7,91,True,False,False,,,
26311,ok,0,7,108,True,False,False,,,
26312,capped,1000,9,213625,False,False,True,,,
26314,capped,1000,8,121593,False,False,True,,,
26315,ok,0,5,50,True,False,False,,,
26316,ok,0,8,123,True,False,False,,,
26318,ok,0,6,103,True,False,False,,,
26319,ok,150,6,10252,False,False,False,,,
26320,ok,0,4,94,True,False,False,,,
26322,ok,0,5,82,True,False,False,,,
26323,ok,0,8,98,True,False,False,,,
26324,ok,0,9,131,True,False,False,,,
26328,ok,0,5,94,True,False,False,,,
26332,ok,0,7,95,True,False,False,,,
26333,capped,1000,6,133185,False,False,True,,,
26334,ok,0,9,116,True,False,False,,,
26336,ok,25,3,6273,False,False,False,,,
26338,capped,1000,3,53039,False,False,True,,,
26339,capped,1000,5,71064,False,False,True,,,
26341,ok,0,7,95,True,False,False,,,
26343,ok,25,6,2476,False,False,False,,,
26344,ok,210,6,75741,False,False,False,,,
26345,capped,1000,6,249922,False,False,True,,,
26346,capped,1000,3,65614,False,False,True,,,
26347,capped,1000,5,1005697,False,False,True,,,
26349,ok,15,3,770,False,False,False,,,
26351,ok,0,9,131,True,False,False,,,
26353,ok,125,10,17320,False,False,False,,,
26355,ok,0,6,95,True,False,False,,,
26358,capped,1000,9,176847,False,False,True,,,
26360,ok,0,6,115,True,False,False,,,
26362,ok,0,8,153,True,False,False,,,
26363,ok,4,2,145,False,False,False,,,
26364,ok,0,5,104,True,False,False,,,
26365,ok,0,4,66,True,False,False,,,
26367,ok,0,5,71,True,False,False,,,
26368,ok,0,10,126,True,False,False,,,
26369,ok,50,10,9547,False,False,False,,,
26370,capped,1000,7,2912412,False,False,True,,,
26371,ok,0,8,128,True,False,False,,,
26374,capped,1000,4,108737,False,False,True,,,
26375,capped,1000,8,176398,False,False,True,,,
26379,ok,10,5,1492,False,False,False,,,
26380,ok,0,6,74,True,False,False,,,
26381,ok,10,3,1089,False,False,False,,,
26382,ok,100,10,18521,False,False,False,,,
26383,ok,25,4,4184,False,False,False,,,
26385,ok,0,8,110,True,False,False,,,
26386,ok,0,11,137,True,False,False,,,
26387,ok,0,8,144,True,False,False,,,
26388,ok,0,8,90,True,False,False,,,
26389,ok,5,4,408,False,False,False,,,
26391,ok,10,5,1139,False,False,False,,,
26394,ok,0,9,109,True,False,False,,,
26396,capped,1000,6,196865,False,False,True,,,
26397,ok,100,11,21858,False,False,False,,,
26400,ok,100,7,18146,False,False,False,,,
26402,capped,1000,8,140683,False,False,True,,,
26405,ok,5,3,1742,False,False,False,,,
26406,ok,0,5,75,True,False,False,,,
26407,ok,0,7,105,True,False,False,,,
26408,ok,0,5,71,True,False,False,,,
26409,ok,0,8,92,True,False,False,,,
26410,ok,0,8,135,True,False,False,,,
26411,capped,1000,7,2877772,False,False,True,,,
26412,ok,125,5,23198,False,False,False,,,
26413,ok,0,5,86,True,False,False,,,
26414,ok,0,12,140,True,False,False,,,
26415,ok,0,15,182,True,False,False,,,
26416,capped,1000,7,187657,False,False,True,,,
26419,capped,1000,5,468870,False,False,True,,,
26420,capped,1000,6,225069,False,False,True,,,
26421,ok,0,8,97,True,False,False,,,
26422,ok,0,11,139,True,False,False,,,
26423,ok,0,7,73,True,False,False,,,
26425,ok,50,6,6840,False,False,False,,,
26426,ok,125,5,5765,False,False,False,,,
26428,capped,1000,5,177660,False,False,True,,,
26429,ok,0,8,109,True,False,False,,,
26430,capped,1000,7,899503,False,False,True,,,
26433,capped,1000,5,88849,False,False,True,,,
26434,ok,25,6,3830,False,False,False,,,
26435,ok,0,7,108,True,False,False,,,
26436,capped,1000,6,116593,False,False,True,,,
26438,capped,1000,5,99856,False,False,True,,,
26442,ok,0,6,82,True,False,False,,,
26444,ok,10,5,895,False,False,False,,,
26446,ok,0,6,108,True,False,False,,,
26447,ok,0,8,136,True,False,False,,,
26449,ok,0,9,112,True,False,False,,,
26453,ok,0,11,133,True,False,False,,,
26456,capped,1000,7,187911,False,False,True,,,
26459,ok,0,7,97,True,False,False,,,
26460,capped,1000,8,147479,False,False,True,,,
26464,ok,1,1,3791,False,False,False,,,
26465,ok,100,1,18123,False,False,False,,,
26466,ok,0,6,90,True,False,False,,,
26467,ok,4,8,609,False,False,False,,,
26469,ok,0,7,90,True,False,False,,,
26470,capped,1000,5,2867078,False,False,True,,,
26473,capped,1000,8,178643,False,False,True,,,
26474,ok,0,6,100,True,False,False,,,
26475,ok,0,8,99,True,False,False,,,
26477,ok,0,3,67,True,False,False,,,
26478,ok,250,6,52706,False,False,False,,,
26480,ok,0,8,98,True,False,False,,,
26481,ok,0,4,82,True,False,False,,,
26482,ok,0,7,117,True,False,False,,,
26483,capped,1000,5,434427,False,False,True,,,
26486,ok,125,4,8059,False,False,False,,,
26488,ok,0,4,63,True,False,False,,,
26491,ok,0,5,100,True,False,False,,,
26492,capped,1000,6,144883,False,False,True,,,
26493,ok,0,6,90,True,False,False,,,
26495,ok,0,4,68,True,False,False,,,
26496,ok,0,7,87,True,False,False,,,
26498,ok,10,5,1593,False,False,False,,,
26499,ok,0,8,144,True,False,False,,,
26500,ok,100,10,18658,False,False,False,,,
26505,ok,10,6,1245,False,False,False,,,
26508,ok,0,12,150,True,False,False,,,
26509,ok,0,6,65,True,False,False,,,
26510,ok,0,7,116,True,False,False,,,
26511,ok,25,2,5911,False,False,False,,,
26512,capped,1000,7,109835,False,False,True,,,
26513,ok,627,8,91967,False,False,False,,,
26514,capped,1000,8,191129,False,False,True,,,
26516,ok,0,8,120,True,False,False,,,
26517,ok,0,6,97,True,False,False,,,
26519,ok,0,5,90,True,False,False,,,
26522,ok,0,7,98,True,False,False,,,
26528,ok,0,5,92,True,False,False,,,
26529,ok,100,7,12477,False,False,False,,,
26532,capped,1000,4,61054,False,False,True,,,
26534,ok,0,5,101,True,False,False,,,
26536,ok,0,7,85,True,False,False,,,
26537,ok,0,5,89,True,False,False,,,
26539,ok,25,4,1703,False,False,False,,,
26541,ok,0,7,76,True,False,False,,,
26542,ok,0,6,106,True,False,False,,,
26544,capped,1000,5,2879602,False,False,True,,,
26545,ok,0,5,85,True,False,False,,,
26547,ok,0,7,102,True,False,False,,,
26548,ok,0,9,132,True,False,False,,,
26550,ok,0,5,77,True,False,False,,,
26551,ok,0,4,80,True,False,False,,,
26553,ok,100,6,18083,False,False,False,,,
26554,ok,0,5,75,True,False,False,,,
26556,ok,25,5,1456,False,False,False,,,
26559,ok,0,6,115,True,False,False,,,
26560,ok,5,5,86681019,False,False,False,,,
26562,ok,25,4,3495,False,False,False,,,
26564,capped,1000,9,2918099,False,False,True,,,
26568,ok,100,6,16066,False,False,False,,,
26569,ok,0,5,87,True,False,False,,,
26570,ok,0,8,110,True,False,False,,,
26572,ok,0,7,85,True,False,False,,,
26573,ok,5,5,98026674,False,False,False,,,
26576,ok,0,6,72,True,False,False,,,
26578,ok,0,6,93,True,False,False,,,
26580,ok,0,6,106,True,False,False,,,
26581,ok,0,7,96,True,False,False,,,
26582,ok,0,4,52,True,True,False,,,
26585,ok,40,5,4363,False,False,False,,,
26586,ok,26,4,3297,False,False,False,,,
26587,ok,10,9,1209,False,False,False,,,
26589,ok,0,9,115,True,False,False,,,
26590,ok,0,7,105,True,False,False,,,
26593,ok,0,7,115,True,False,False,,,
26595,ok,0,9,126,True,False,False,,,
26596,ok,0,5,82,True,False,False,,,
26599,ok,0,7,86,True,False,False,,,
26602,ok,0,6,94,True,False,False,,,
26605,capped,1000,8,286679,False,False,True,,,
26606,ok,0,6,93,True,False,False,,,
26608,ok,3,5,1362,False,False,False,,,
26609,ok,0,4,60,True,False,False,,,
26610,ok,0,6,98,True,False,False,,,
26612,ok,0,5,53,True,False,False,,,
26613,capped,1000,1,10253692,False,False,True,,,
26614,ok,0,5,91,True,False,False,,,
26615,ok,0,5,78,True,False,False,,,
26617,ok,0,3,53,True,False,False,,,
26618,ok,423,6,86960,False,False,False,,,
26619,ok,0,8,112,True,False,False,,,
26621,ok,10,5,5806,False,False,False,,,
26622,ok,50,5,8532,False,False,False,,,
26623,ok,0,6,95,True,False,False,,,
26626,ok,0,5,66,True,False,False,,,
26627,ok,0,9,99,True,False,False,,,
26629,capped,1000,7,139132,False,False,True,,,
26630,ok,0,7,97,True,False,False,,,
26631,ok,0,6,94,True,False,False,,,
26633,ok,0,8,101,True,False,False,,,
26635,capped,1000,8,5967891,False,False,True,,,
26636,ok,0,6,108,True,False,False,,,
26637,capped,1000,7,98419,False,False,True,,,
26638,ok,0,10,141,True,False,False,,,
26640,ok,0,3,50,True,False,False,,,
26641,capped,1000,6,2837635,False,False,True,,,
26643,ok,0,4,72,True,False,False,,,
26645,ok,25,3,39011431,False,False,False,,,
26646,ok,0,14,160,True,False,False,,,
26647,ok,0,5,81,True,False,False,,,
26648,ok,0,5,68,True,False,False,,,
26650,capped,1000,4,55725,False,False,True,,,
26654,ok,25,4,1575,False,False,False,,,
26656,ok,0,6,73,True,False,False,,,
26657,ok,0,6,72,True,False,False,,,
26658,ok,25,6,2666,False,False,False,O396,1,2
26659,ok,0,1,16,True,False,False,,,
26660,ok,0,4,64,True,False,False,,,
26661,capped,1000,8,95404,False,False,True,,,
26663,ok,0,5,78,True,False,False,,,
26664,capped,1000,5,127057,False,False,True,,,
26666,capped,1000,1,93014,False,False,True,,,
26668,ok,0,7,109,True,False,False,,,
26673,capped,1000,4,55071,False,False,True,,,
26675,capped,1000,6,108125,False,False,True,,,
26678,ok,625,7,120292121,False,False,False,,,
26685,ok,0,8,95,True,False,False,,,
26687,capped,1000,5,130882,False,False,True,,,
26689,ok,100,6,15015,False,False,False,,,
26691,capped,1000,6,120177,False,False,True,,,
26692,ok,5,4,343,False,False,False,,,
26694,ok,0,7,123,True,False,False,,,
26695,ok,0,6,95,True,False,False,,,
26697,ok,20,5,2760,False,False,False,,,
26700,ok,50,8,10173,False,False,False,,,
26701,capped,1000,7,69762,False,False,True,,,
26702,ok,0,5,84,True,False,False,,,
26703,ok,0,5,76,True,False,False,,,
26704,ok,0,3,61,True,False,False,,,
26705,ok,10,6,1060,False,False,False,,,
26706,capped,1000,8,139385,False,False,True,,,
26707,ok,25,5,9551259,False,False,False,,,
26709,ok,0,6,74,True,False,False,,,
26710,capped,1000,4,221858,False,False,True,,,
26711,ok,25,7,5295,False,False,False,,,
26712,ok,0,5,85,True,False,False,,,
26714,capped,1000,9,854756,False,False,True,,,
26716,capped,1000,5,125892,False,False,True,,,
26719,ok,0,5,71,True,False,False,,,
26723,capped,1000,7,185127,False,False,True,,,
26724,ok,0,6,92,True,False,False,,,
26725,ok,0,8,124,True,False,False,,,
26726,ok,0,9,122,True,False,False,,,
26728,ok,0,5,75,True,False,False,,,
26730,ok,0,6,99,True,False,False,,,
26736,ok,0,5,96,True,False,False,,,
26739,ok,0,10,111,True,False,False,,,
26740,capped,1000,7,142924,False,False,True,,,
26741,ok,100,8,20564,False,False,False,,,
26742,capped,1000,5,103001,False,False,True,,,
26743,capped,1000,6,145612,False,False,True,,,
26744,ok,0,6,101,True,False,False,,,
26745,ok,25,4,1760,False,False,False,,,
26747,ok,0,7,101,True,False,False,,,
26749,ok,0,4,86,True,False,False,,,
26750,ok,10,7,29659,False,False,False,,,
26751,capped,1000,5,86104,False,False,True,,,
26752,capped,1000,3,93062,False,False,True,,,
26753,ok,100,6,13131,False,False,False,,,
26754,ok,25,5,11423,False,False,False,,,
26756,ok,0,7,106,True,False,False,,,
26758,capped,1000,8,114558,False,False,True,,,
26759,capped,1000,10,254687,False,False,True,,,
26761,ok,100,8,15505,False,False,False,,,
26764,capped,1000,5,56068,False,False,True,,,
26766,ok,0,7,104,True,False,False,,,
26768,ok,0,1,14,True,False,False,,,
26769,ok,0,7,92,True,False,False,,,
26770,ok,0,8,155,True,False,False,,,
26771,ok,0,6,86,True,False,False,,,
26773,ok,10,5,4010,False,False,False,,,
26774,ok,10,7,1590,False,False,False,,,
26777,ok,0,8,93,True,False,False,,,
26779,ok,0,9,105,True,False,False,,,
26782,ok,5,7,7145,False,False,False,,,
26783,ok,0,5,78,True,False,False,,,
26784,capped,1000,6,96078,False,False,True,,,
26785,ok,0,1,23,True,False,False,,,
26787,capped,1000,4,183236,False,False,True,,,
26789,ok,0,7,119,True,False,False,,,
26790,ok,25,4,8523,False,False,False,,,
26792,ok,0,6,85,True,False,False,,,
26793,ok,0,4,67,True,False,False,,,
26799,ok,10,5,1115,False,False,False,,,
26801,capped,1000,5,369113,False,False,True,,,
26802,ok,0,5,88,True,False,False,,,
26803,ok,0,7,86,True,False,False,,,
26806,capped,1000,8,188947,False,False,True,,,
26807,ok,0,10,160,True,False,False,,,
26810,capped,1000,10,273979,False,False,True,,,
26811,ok,5,3,265,False,False,False,,,
26815,ok,0,5,95,True,False,False,,,
26816,ok,0,5,77,True,False,False,,,
26818,ok,5,6,505,False,False,False,,,
26820,ok,10,5,1015,False,False,False,,,
26821,ok,0,8,121,True,False,False,,,
26822,capped,1000,7,147453,False,False,True,,,
26823,ok,0,7,91,True,False,False,,,
26824,ok,0,7,97,True,False,False,,,
26825,capped,1000,8,170302,False,False,True,,,
26826,ok,5,4,391,False,False,False,,,
26829,ok,0,5,63,True,False,False,,,
26830,ok,800,5,60428,False,False,False,,,
26831,ok,0,6,96,True,False,False,,,
26833,ok,0,8,129,True,False,False,,,
26835,ok,0,4,73,True,False,False,,,
26837,ok,0,1,26,True,False,False,,,
26839,ok,0,5,73,True,False,False,,,
26841,ok,0,7,104,True,False,False,,,
26842,capped,1000,6,1238119,False,False,True,,,
26844,ok,0,5,95,True,False,False,,,
26845,ok,0,6,77,True,False,False,,,
26848,capped,1000,8,164468,False,False,True,,,
26849,ok,0,10,115,True,False,False,,,
26850,ok,0,7,126,True,False,False,,,
26851,ok,5,5,31439119,False,False,False,,,
26852,ok,25,3,3945,False,False,False,,,
26854,ok,10,7,3406,False,False,False,,,
26856,ok,100,9,12399,False,False,False,,,
26858,ok,10,7,1228,False,False,False,,,
26860,capped,1000,6,160741,False,False,True,,,
26861,ok,0,8,125,True,False,False,,,
26863,capped,1000,6,445264,False,False,True,,,
26865,ok,10,3,452,False,False,False,,,
26867,ok,0,5,92,True,False,False,,,
26868,capped,1000,9,245733,False,False,True,,,
26869,capped,1000,9,162222,False,False,True,,,
26870,ok,125,6,8706,False,False,False,,,
26871,ok,0,5,108,True,False,False,,,
26872,capped,1000,5,183780,False,False,True,,,
26873,ok,0,6,91,True,False,False,,,
26875,ok,0,7,101,True,False,False,,,
26876,ok,0,5,72,True,False,False,,,
26877,ok,0,5,71,True,False,False,,,
26878,ok,5,6,965,False,False,False,,,
26879,ok,100,12,20397,False,False,False,,,
26880,capped,1000,8,122622,False,False,True,,,
26881,ok,0,13,170,True,False,False,,,
26883,ok,0,8,121,True,False,False,,,
26884,ok,5,2,875,False,False,False,,,
26885,ok,0,10,127,True,False,False,,,
26886,ok,0,7,109,True,False,False,,,
26887,capped,1000,7,157688,False,False,True,,,
26888,ok,10,5,1302,False,False,False,,,
26890,ok,0,6,95,True,False,False,,,
26893,ok,0,8,118,True,False,False,,,
26894,capped,1000,7,1043025,False,False,True,,,
26897,ok,10,6,1485,False,False,False,,,
26898,capped,1000,8,138141,False,False,True,,,
26901,capped,1000,9,202493,False,False,True,,,
26904,ok,0,1,24,True,False,False,,,
26906,ok,0,6,90,True,False,False,,,
26911,ok,0,7,107,True,False,False,,,
26914,ok,0,8,99,True,False,False,,,
26915,ok,0,3,59,True,False,False,,,
26917,ok,0,6,107,True,False,False,,,
26919,ok,0,5,64,True,False,False,,,
26921,ok,1,4,92,False,False,False,,,
26924,capped,1000,5,125900,False,False,True,,,
26925,ok,0,7,108,True,False,False,,,
26928,ok,0,8,99,True,False,False,,,
26929,capped,1000,5,81089,False,False,True,,,
26931,ok,0,7,85,True,False,False,,,
26934,ok,0,7,86,True,False,False,,,
26937,ok,0,7,121,True,False,False,,,
26940,ok,0,7,99,True,False,False,,,
26942,ok,0,8,111,True,False,False,,,
26943,capped,1000,8,95637,False,False,True,,,
26944,ok,0,6,77,True,False,False,,,
26946,ok,0,7,104,True,False,False,,,
26947,capped,1000,5,92057,False,False,True,,,
26949,ok,250,6,40768,False,False,False,,,
26950,ok,0,7,92,True,False,False,,,
26951,ok,25,4,1460,False,False,False,,,
26952,ok,0,8,130,True,False,False,,,
26954,ok,100,7,14338,False,False,False,,,
26959,ok,5,4,395,False,False,False,,,
26961,capped,1000,4,120634,False,False,True,,,
26962,ok,29,5,2470,False,False,False,,,
26964,capped,1000,7,216725,False,False,True,,,
26967,ok,0,4,64,True,False,False,,,
26968,capped,1000,7,95961,False,False,True,,,
26970,ok,10,5,1195,False,False,False,,,
26971,ok,0,6,100,True,False,False,,,
26972,ok,10,7,1217,False,False,False,,,
26973,ok,25,4,1865,False,False,False,,,
26975,ok,0,4,60,True,False,False,,,
26976,ok,0,6,93,True,False,False,,,
26977,ok,0,8,128,True,False,False,,,
26978,ok,0,7,112,True,False,False,,,
26980,ok,187,5,7568204,False,False,False,,,
26982,capped,1000,7,156905,False,False,True,,,
26983,ok,0,4,64,True,False,False,,,
26984,capped,1000,7,382018,False,False,True,,,
26989,ok,50,6,9277,False,False,False,,,
26991,capped,1000,9,353112,False,False,True,,,
26995,ok,0,10,111,True,False,False,,,
26998,ok,0,5,85,True,False,False,,,
26999,ok,150,4,8854,False,False,False,,,
27001,ok,0,5,62,True,False,False,,,
27002,capped,1000,8,208899,False,False,True,,,
27003,ok,0,6,119,True,False,False,,,
27004,ok,0,6,105,True,False,False,,,
27005,ok,0,6,91,True,False,False,,,
27008,capped,1000,5,63813,False,False,True,,,
27009,ok,0,6,92,True,False,False,,,
27013,ok,0,7,91,True,False,False,,,
27015,ok,10,9,18150,False,False,False,,,
27019,ok,5,5,440,False,False,False,,,
27021,ok,0,7,139,True,False,False,,,
27024,ok,0,5,57,True,False,False,,,
27025,ok,0,5,110,True,False,False,,,
27027,capped,1000,4,69043,False,False,True,,,
27030,ok,0,5,75,True,False,False,,,
27031,ok,25,5,2994,False,False,False,,,
27032,ok,0,9,167,True,False,False,,,
27033,ok,0,4,68,True,False,False,,,
27034,ok,0,9,161,True,False,False,,,
27035,capped,1000,7,146967,False,False,True,,,
27037,ok,10,10,2046,False,False,False,,,
27040,capped,1000,13,269125,False,False,True,,,
27042,ok,0,8,121,True,False,False,,,
27044,capped,1000,6,160182,False,False,True,,,
27045,ok,0,5,99,True,False,False,,,
27046,capped,1000,10,223674,False,False,True,,,
27048,ok,0,6,74,True,False,False,,,
27049,ok,10,4,1193,False,False,False,,,
27051,ok,0,5,73,True,False,False,,,
27052,ok,125,5,10947,False,False,False,,,
27053,ok,0,7,109,True,False,False,,,
27054,ok,25,3,1232,False,False,False,O417,1,2
27055,ok,0,5,82,True,False,False,,,
27056,ok,0,15,172,True,False,False,,,
27057,ok,5,2,52654,False,False,False,,,
27058,ok,10,5,1200,False,False,False,,,
27059,capped,1000,10,5307789,False,False,True,,,
27065,ok,10,7,1502,False,False,False,,,
27067,capped,1000,6,89929,False,False,True,,,
27068,ok,0,5,55,True,False,False,,,
27069,ok,0,5,85,True,False,False,,,
27072,ok,100,10,19444,False,False,False,,,
27073,ok,10,6,1836,False,False,False,,,
27074,ok,0,7,104,True,False,False,,,
27076,ok,0,5,74,True,False,False,,,
27077,ok,0,11,147,True,False,False,,,
27078,ok,0,5,60,True,False,False,,,
27080,ok,0,4,52,True,False,False,,,
27081,capped,1000,4,87591,False,False,True,,,
27082,ok,0,7,131,True,False,False,,,
27085,ok,0,8,120,True,False,False,,,
27086,ok,0,9,127,True,False,False,,,
27087,capped,1000,4,64043,False,False,True,,,
27090,ok,0,7,110,True,False,False,,,
27092,ok,0,9,114,True,False,False,,,
27093,capped,1000,7,132156,False,False,True,,,
27095,ok,25,2,5309,False,False,False,,,
27098,ok,0,7,110,True,False,False,,,
27101,capped,1000,5,186562,False,False,True,,,
27102,ok,0,9,133,True,False,False,,,
27106,ok,347,7,60678,False,False,False,,,
27107,ok,328,7,33913,False,False,False,,,
27108,ok,125,6,3953867,False,False,False,,,
27113,ok,500,6,67122,False,False,False,,,
27114,capped,1000,5,99970,False,False,True,,,
27120,ok,0,10,146,True,False,False,,,
27123,ok,0,6,100,True,False,False,,,
27125,ok,0,7,89,True,False,False,,,
27127,ok,0,12,151,True,False,False,,,
27128,ok,0,6,84,True,False,False,,,
27133,ok,0,5,103,True,False,False,,,
27136,capped,1000,6,104206,False,False,True,,,
27137,ok,0,6,104,True,False,False,,,
27140,ok,10,5,1228,False,False,False,,,
27141,ok,15,8,2801,False,False,False,,,
27143,ok,0,9,84,True,False,False,,,
27144,ok,0,5,74,True,False,False,,,
27147,capped,1000,4,125092,False,False,True,,,
27149,ok,0,7,116,True,False,False,,,
27150,capped,1000,3,95958,False,False,True,,,
27151,capped,1000,4,125994,False,False,True,,,
27152,ok,0,7,108,True,False,False,,,
27153,ok,0,7,99,True,False,False,,,
27154,capped,1000,6,118439,False,False,True,,,
27156,ok,10,6,1126,False,False,False,,,
27157,ok,0,7,82,True,False,False,,,
27160,ok,160,6,22542,False,False,False,,,
27163,ok,100,9,17369,False,False,False,,,
27164,ok,5,4,1787,False,False,False,,,
27167,ok,0,5,97,True,False,False,,,
27169,capped,1000,4,114059,False,False,True,,,
27170,ok,0,6,83,True,False,False,,,
27171,ok,150,4,12445,False,False,False,,,
27172,ok,0,7,95,True,False,False,,,
27173,ok,0,7,109,True,False,False,,,
27174,ok,300,6,34759,False,False,False,,,
27176,ok,0,8,116,True,False,False,,,
27181,ok,10,7,2458,False,False,False,,,
27184,ok,0,8,101,True,False,False,,,
27185,ok,0,6,95,True,False,False,,,
27186,capped,1000,6,153417,False,False,True,,,
27187,ok,10,5,28836,False,False,False,,,
27188,ok,10,7,1561,False,False,False,,,
27191,capped,1000,7,212711,False,False,True,,,
27195,ok,0,10,132,True,False,False,,,
27196,ok,0,9,126,True,False,False,,,
27197,ok,76,6,11509,False,False,False,,,
27198,ok,0,5,88,True,False,False,,,
27199,capped,1000,10,176028,False,False,True,,,
27200,ok,0,8,117,True,False,False,,,
27201,ok,10,5,2578,False,False,False,,,
27203,capped,1000,10,265343,False,False,True,,,
27205,ok,0,10,134,True,False,False,,,
27206,ok,0,7,93,True,False,False,,,
27207,ok,0,7,103,True,False,False,,,
27209,ok,100,10,26279,False,False,False,,,
27211,ok,0,11,165,True,False,False,,,
27212,ok,0,11,154,True,False,False,,,
27215,ok,100,12,19055,False,False,False,,,
27216,ok,0,9,114,True,False,False,,,
27219,ok,30,6,9937,False,False,False,,,
27220,ok,329,10,81198,False,False,False,,,
27221,ok,3,6,830,False,False,False,,,
27226,ok,0,5,83,True,False,False,,,
27227,ok,20,8,3732,False,False,False,,,
27229,ok,0,7,102,True,False,False,,,
27230,ok,0,8,89,True,False,False,,,
27232,ok,56,10,13310,False,False,False,,,
27235,ok,0,6,106,True,False,False,,,
27236,ok,0,4,73,True,False,False,,,
27239,ok,10,7,1080,False,False,False,,,
27240,ok,0,5,84,True,False,False,,,
27242,ok,20,4,3068,False,False,False,,,
27243,ok,0,5,76,True,False,False,,,
27244,ok,0,6,91,True,False,False,,,
27248,capped,1000,7,91972,False,False,True,,,
27249,ok,0,7,131,True,False,False,,,
27252,ok,10,6,1316,False,False,False,,,
27255,ok,0,7,76,True,False,False,,,
27259,ok,50,6,8266,False,False,False,,,
27260,capped,1000,4,30912,False,False,True,,,
27262,capped,1000,8,223609,False,False,True,,,
27265,ok,0,8,115,True,False,False,,,
27266,ok,1,4,120,False,False,False,,,
27267,ok,10,4,1211,False,False,False,,,
27270,ok,100,8,17417,False,False,False,,,
27271,capped,1000,5,118529,False,False,True,,,
27272,capped,1000,4,257184,False,False,True,,,
27273,ok,0,6,106,True,False,False,,,
27277,ok,0,8,126,True,False,False,,,
27280,ok,0,5,96,True,False,False,,,
27282,ok,2,7,3550333,False,False,False,,,
27284,ok,0,6,110,True,False,False,,,
27287,capped,1000,6,116268,False,False,True,,,
27288,capped,1000,8,97596,False,False,True,,,
27289,capped,1000,7,107839,False,False,True,,,
27290,ok,0,9,132,True,False,False,,,
27291,ok,25,9,4902,False,False,False,,,
27293,ok,100,12,24914,False,False,False,,,
27296,ok,0,6,106,True,False,False,,,
27298,ok,0,7,100,True,False,False,,,
27302,capped,1000,8,161047,False,False,True,,,
27304,capped,1000,10,736002,False,False,True,,,
27305,ok,0,7,108,True,False,False,,,
27308,ok,0,5,73,True,False,False,,,
27311,ok,25,6,6952027,False,False,False,,,
27312,capped,1000,4,2817019,False,False,True,,,
27313,ok,0,7,143,True,False,False,,,
27314,capped,1000,8,116062,False,False,True,,,
27315,ok,0,6,71,True,False,False,,,
27316,ok,25,4,3128,False,False,False,,,
27317,ok,0,8,109,True,False,False,,,
27319,ok,0,6,104,True,False,False,,,
27320,ok,833,5,88378,False,False,False,,,
27323,ok,0,4,72,True,False,False,,,
27327,ok,0,11,174,True,False,False,,,
27331,ok,10,2,1091,False,False,False,,,
27333,ok,0,6,94,True,False,False,,,
27334,ok,0,6,99,True,False,False,,,
27336,ok,0,7,125,True,False,False,,,
27339,capped,1000,7,91977,False,False,True,,,
27340,capped,1000,6,82153,False,False,True,,,
27341,ok,10,7,1436,False,False,False,,,
27343,ok,0,7,93,True,False,False,,,
27345,ok,0,5,79,True,False,False,,,
27346,capped,1000,1,145963,False,False,True,,,
27348,ok,0,6,109,True,False,False,,,
27350,ok,0,9,185,True,False,False,,,
27353,ok,864,6,127681,False,False,False,,,
27354,ok,614,4,119256,False,False,False,,,
27355,ok,0,8,117,True,False,False,,,
27356,ok,0,4,58,True,False,False,,,
27357,ok,20,7,1989,False,False,False,,,
27359,capped,1000,5,123839,False,False,True,,,
27360,ok,0,9,131,True,False,False,,,
27361,ok,0,9,131,True,False,False,,,
27362,ok,81,6,8069,False,False,False,,,
27366,ok,5,4,417,False,False,False,,,
27368,ok,0,9,142,True,False,False,,,
27369,ok,0,7,113,True,False,False,,,
27371,ok,10,4,786,False,False,False,,,
27377,capped,1000,9,161601,False,False,True,,,
27379,ok,10,6,1385,False,False,False,,,
27380,ok,0,7,88,True,False,False,,,
27382,capped,1000,6,113273,False,False,True,,,
27383,ok,0,7,88,True,False,False,,,
27384,ok,10,6,24755,False,False,False,,,
27385,capped,1000,6,103234,False,False,True,,,
27386,capped,1000,8,222715,False,False,True,,,
27388,capped,1000,5,57930,False,False,True,,,
27391,ok,10,7,2776,False,False,False,,,
27393,capped,1000,9,165174,False,False,True,,,
27403,ok,256,5,43216,False,False,False,,,
27405,ok,0,9,116,True,False,False,,,
27407,capped,1000,6,2837544,False,False,True,,,
27409,ok,0,6,92,True,False,False,,,
27411,ok,0,7,108,True,False,False,,,
27412,capped,1000,9,184038,False,False,True,,,
27416,ok,0,5,80,True,False,False,,,
27417,ok,0,7,83,True,False,False,,,
27418,capped,1000,7,129280,False,False,True,,,
27419,ok,0,7,99,True,False,False,,,
27422,ok,0,8,121,True,False,False,,,
27425,ok,129,10,17854,False,False,False,,,
27427,capped,1000,8,152175,False,False,True,,,
27432,ok,64,3,9719,False,False,False,,,
27435,ok,0,5,64,True,False,False,,,
27437,capped,1000,11,184611,False,False,True,,,
27438,ok,0,5,63,True,False,False,,,
27439,ok,0,5,54,True,False,False,,,
27440,ok,0,6,73,True,False,False,,,
27441,ok,0,7,117,True,False,False,,,
27443,ok,100,7,10765,False,False,False,,,
27444,ok,10,6,158024,False,False,False,,,
27445,capped,1000,7,97276,False,False,True,,,
27446,ok,100,1,18130,False,False,False,,,
27448,ok,125,8,20747,False,False,False,,,
27451,ok,0,3,71,True,False,False,,,
27452,ok,10,6,2154,False,False,False,,,
27453,ok,2,5,191732,False,False,False,,,
27455,capped,1000,7,154652,False,False,True,,,
27456,capped,1000,8,106790,False,False,True,,,
27457,ok,0,9,115,True,False,False,,,
27458,capped,1000,6,103416,False,False,True,,,
27459,capped,1000,5,123207,False,False,True,,,
27460,ok,22,5,75780,False,False,False,,,
27461,ok,10,5,1345,False,False,False,,,
27465,ok,0,5,80,True,False,False,,,
27466,ok,10,8,1432,False,False,False,,,
27468,ok,50,9,9673,False,False,False,,,
27469,capped,1000,6,2851257,False,False,True,,,
27470,ok,10,4,169079,False,False,False,,,
27471,capped,1000,1,3387643,False,False,True,,,
27472,ok,500,6,45350,False,False,False,,,
27475,capped,1000,6,4750062,False,False,True,,,
27476,ok,0,9,127,True,False,False,,,
27479,ok,0,7,106,True,False,False,,,
27480,ok,10,6,1469,False,False,False,,,
27481,ok,155,6,10608,False,False,False,,,
27482,ok,0,8,114,True,False,False,,,
27484,ok,0,6,97,True,False,False,,,
27485,ok,0,1,26,True,False,False,,,
27486,capped,1000,5,2473498,False,False,True,,,
27488,ok,12,5,1367,False,False,False,,,
27491,ok,12,4,17383,False,False,False,,,
27493,capped,1000,5,192085,False,False,True,,,
27495,ok,0,6,99,True,False,False,,,
27497,ok,0,8,141,True,False,False,,,
27498,ok,25,3,5948,False,False,False,,,
27500,ok,0,8,145,True,False,False,,,
27501,ok,0,4,71,True,False,False,,,
27502,ok,0,6,105,True,False,False,,,
27503,ok,0,6,109,True,False,False,,,
27505,ok,10,2,2346,False,False,False,,,
27507,ok,10,5,39612,False,False,False,,,
27511,capped,1000,5,111024,False,False,True,,,
27513,ok,10,8,2544,False,False,False,,,
27515,ok,2,3,160,False,False,False,,,
27518,capped,1000,5,65529,False,False,True,,,
27519,capped,1000,6,255552,False,False,True,,,
27522,ok,0,7,100,True,False,False,,,
27526,ok,0,6,98,True,False,False,,,
27528,ok,330,10,54882,False,False,False,,,
27529,capped,1000,5,81038,False,False,True,,,
27530,ok,0,6,104,True,False,False,,,
27531,ok,251,6,27883,False,False,False,,,
27533,ok,10,5,28586,False,False,False,,,
27535,ok,0,6,88,True,False,False,,,
27537,ok,40,8,6128,False,False,False,,,
27538,ok,10,7,1031,False,False,False,,,
27540,ok,0,6,96,True,False,False,,,
27541,capped,1000,5,72081,False,False,True,,,
27542,ok,0,7,78,True,False,False,,,
27546,ok,0,6,88,True,False,False,,,
27549,ok,0,5,81,True,False,False,,,
27551,ok,10,5,74889,False,False,False,,,
27553,ok,50,8,5788,False,False,False,,,
27558,capped,1000,1,145827,False,False,True,,,
27559,ok,5,4,754,False,False,False,,,
27562,ok,25,7,202426,False,False,False,,,
27565,ok,0,9,123,True,False,False,,,
27566,ok,0,8,156,True,False,False,,,
27567,ok,19,5,1714,False,False,False,,,
27569,capped,1000,6,104461,False,False,True,,,
27570,capped,1000,6,1545435,False,False,True,,,
27571,capped,1000,6,63488,False,False,True,,,
27573,capped,1000,6,90863,False,False,True,,,
27574,capped,1000,6,133343,False,False,True,,,
27575,ok,0,4,75,True,False,False,,,
27577,capped,1000,7,99592,False,False,True,,,
27579,ok,1,5,8476027,False,False,False,,,
27580,ok,0,7,111,True,False,False,,,
27584,ok,75,6,13865,False,False,False,,,
27585,capped,1000,7,125605,False,False,True,,,
27586,ok,25,4,65540,False,False,False,,,
27589,ok,0,8,104,True,False,False,,,
27590,ok,8,6,1821,False,False,False,,,
27591,ok,0,6,93,True,False,False,,,
27592,capped,1000,6,114864,False,False,True,,,
27594,capped,1000,9,231433,False,False,True,,,
27595,ok,1,5,4277283,False,False,False,,,
27596,ok,0,4,87,True,False,False,,,
27597,ok,25,3,31111643,False,False,False,,,
27600,ok,5,4,348,False,False,False,,,
27603,ok,0,13,143,True,False,False,,,
27604,ok,0,8,145,True,False,False,,,
27605,ok,0,8,130,True,False,False,,,
27606,ok,0,6,69,True,False,False,,,
27608,ok,0,10,158,True,False,False,,,
27610,ok,10,9,2021,False,False,False,,,
27612,capped,1000,12,235117,False,False,True,,,
27613,ok,0,3,52,True,False,False,,,
27614,ok,10,7,5713,False,False,False,,,
27617,ok,50,6,8301,False,False,False,,,
27618,ok,0,11,124,True,False,False,,,
27619,ok,25,5,7601940,False,False,False,,,
27621,ok,50,8,7242,False,False,False,,,
27623,ok,35,7,2802,False,False,False,,,
27628,capped,1000,6,183417,False,False,True,,,
27629,ok,10,6,29585,False,False,False,,,
27630,ok,5,3,208,False,False,False,,,
27631,ok,0,6,84,True,False,False,,,
27637,ok,0,8,103,True,False,False,,,
27638,ok,1,7,205,False,False,False,,,
27639,ok,0,9,113,True,False,False,,,
27641,ok,25,4,1589,False,False,False,,,
27642,ok,0,7,78,True,False,False,,,
27644,ok,0,6,100,True,False,False,,,
27645,ok,69,6,8918,False,False,False,,,
27646,capped,1000,6,128354,False,False,True,,,
27647,capped,1000,5,2843005,False,False,True,,,
27648,capped,1000,6,198364,False,False,True,,,
27649,ok,1,6,15416790,False,False,False,,,
27650,ok,6,6,825,False,False,False,,,
27651,ok,0,3,51,True,False,False,,,
27653,ok,0,6,91,True,False,False,,,
27654,ok,0,5,72,True,False,False,,,
27655,ok,0,8,161,True,False,False,,,
27664,ok,0,7,123,True,False,False,,,
27667,capped,1000,6,144947,False,False,True,,,
27669,ok,100,5,16251,False,False,False,,,
27675,capped,1000,7,211914,False,False,True,,,
27676,ok,0,6,88,True,False,False,,,
27677,ok,0,4,72,True,False,False,,,
27678,ok,0,6,96,True,False,False,,,
27681,ok,0,7,91,True,False,False,,,
27682,capped,1000,5,75814,False,False,True,,,
27683,capped,1000,5,113026,False,False,True,,,
27688,ok,0,6,108,True,False,False,,,
27691,ok,0,9,119,True,False,False,,,
27693,ok,50,9,9797,False,False,False,,,
27694,ok,0,1,23,True,False,False,,,
27695,ok,0,6,89,True,False,False,,,
27696,ok,0,8,106,True,False,False,,,
27698,ok,0,5,99,True,False,False,,,
27699,ok,0,7,131,True,False,False,,,
27700,ok,5,3,53592,False,False,False,,,
27703,ok,0,3,49,True,False,False,,,
27706,ok,1,7,158,False,False,False,,,
27709,ok,80,5,9486,False,False,False,,,
27710,ok,0,7,98,True,False,False,,,
27711,ok,10,7,1388,False,False,False,,,
27712,ok,0,5,83,True,False,False,,,
27715,ok,0,7,118,True,False,False,,,
27717,ok,0,1,24,True,False,False,,,
27718,ok,0,7,86,True,False,False,,,
27720,capped,1000,9,234574,False,False,True,,,
27721,ok,0,7,96,True,False,False,,,
27722,ok,10,6,1465,False,False,False,,,
27724,ok,0,8,143,True,False,False,,,
27725,ok,50,9,8255,False,False,False,,,
27726,ok,100,1,12332,False,False,False,,,
27728,ok,0,7,113,True,False,False,,,
27729,ok,0,8,101,True,False,False,,,
27732,ok,0,6,84,True,False,False,,,
27734,ok,741,7,116756,False,False,False,,,
27735,ok,0,6,90,True,False,False,,,
27736,ok,0,8,123,True,False,False,,,
27738,ok,100,12,17287,False,False,False,,,
27739,ok,0,10,133,True,False,False,,,
27740,ok,10,6,1236,False,False,False,,,
27741,capped,1000,5,76848,False,False,True,,,
27743,ok,10,7,31843,False,False,False,,,
27744,capped,1000,6,98069,False,False,True,,,
27745,ok,0,5,98,True,False,False,,,
27749,capped,1000,7,170281,False,False,True,,,
27750,ok,500,6,77015,False,False,False,,,
27751,ok,0,6,91,True,False,False,,,
27753,capped,1000,7,198320,False,False,True,,,
27754,ok,0,7,109,True,False,False,,,
27756,ok,0,7,102,True,False,False,,,
27760,ok,0,4,69,True,False,False,,,
27761,ok,10,2,446,False,False,False,,,
27762,ok,0,7,96,True,False,False,,,
27764,ok,25,5,2975,False,False,False,,,
27765,ok,50,8,8734,False,False,False,,,
27766,ok,0,8,103,True,False,False,,,
27768,ok,100,1,15960,False,False,False,,,
27770,ok,10,5,935,False,False,False,,,
27773,ok,0,4,67,True,False,False,,,
27774,ok,0,8,128,True,False,False,,,
27775,ok,10,6,1784,False,False,False,,,
27776,ok,0,8,131,True,False,False,,,
27777,capped,1000,6,217368,False,False,True,,,
27778,ok,50,11,8073,False,False,False,,,
27780,ok,50,9,11372,False,False,False,,,
27781,ok,0,5,77,True,False,False,,,
27783,ok,0,4,90,True,False,False,,,
27784,ok,0,8,126,True,False,False,,,
27785,ok,0,7,121,True,False,False,,,
27786,ok,184,7,25633,False,False,False,,,
27787,ok,125,5,7576,False,True,False,,,
27789,ok,0,7,100,True,False,False,,,
27791,capped,1000,6,168319,False,False,True,,,
27797,ok,0,7,95,True,False,False,,,
27798,capped,1000,8,114899,False,False,True,,,
27800,capped,1000,5,73875,False,False,True,,,
27801,ok,100,8,19873,False,False,False,,,
27802,ok,0,7,106,True,False,False,,,
27804,ok,0,5,71,True,False,False,,,
27806,ok,30,6,918,False,False,False,,,
27807,ok,10,6,2608,False,False,False,,,
27808,ok,10,6,5870,False,False,False,,,
27809,ok,0,7,86,True,False,False,,,
27810,capped,1000,7,78386,False,False,True,,,
27811,ok,0,8,95,True,False,False,,,
27813,capped,1000,10,258515,False,False,True,,,
27815,ok,0,4,86,True,False,False,,,
27816,ok,1,6,720,False,False,False,,,
27817,ok,0,9,138,True,False,False,,,
27818,capped,1000,6,96960,False,False,True,,,
27820,capped,1000,13,212263,False,False,True,,,
27821,ok,0,9,139,True,False,False,,,
27822,ok,0,7,108,True,False,False,,,
27823,ok,0,7,87,True,False,False,,,
27825,ok,75,5,9145472,False,False,False,,,
27827,capped,1000,5,693803,False,False,True,,,
27828,capped,1000,5,2160606,False,False,True,,,
27830,ok,0,6,85,True,False,False,,,
27831,capped,1000,7,151933,False,False,True,,,
27833,ok,0,7,91,True,False,False,,,
27834,capped,1000,4,69053,False,False,True,,,
27838,ok,0,5,100,True,False,False,,,
27839,ok,1,8,295,False,False,False,,,
27841,ok,25,4,55802313,False,False,False,,,
27842,ok,10,5,1383,False,False,False,,,
27843,capped,1000,7,137497,False,False,True,,,
27845,ok,25,4,1471,False,False,False,,,
27846,ok,0,9,121,True,False,False,,,
27848,ok,25,5,50202073,False,False,False,,,
27849,ok,0,5,98,True,False,False,,,
27851,ok,0,4,86,True,False,False,,,
27852,capped,1000,6,174935,False,False,True,,,
27853,ok,0,6,67,True,False,False,,,
27854,capped,1000,5,190658,False,False,True,,,
27856,ok,0,5,82,True,False,False,,,
27857,capped,1000,6,448117,False,False,True,,,
27858,ok,0,11,174,True,False,False,,,
27859,ok,0,6,97,True,False,False,,,
27861,ok,604,6,68906,False,False,False,,,
27862,ok,0,7,113,True,False,False,,,
27863,ok,0,9,151,True,False,False,,,
27864,ok,2,5,2226048,False,False,False,,,
27866,ok,1,6,448,False,False,False,,,
27868,capped,1000,11,153372,False,False,True,,,
27869,capped,1000,8,129907,False,False,True,,,
27871,ok,0,7,98,True,False,False,,,
27872,ok,0,11,168,True,False,False,,,
27873,capped,1000,9,140207,False,False,True,,,
27875,ok,0,8,115,True,False,False,,,
27877,ok,0,7,100,True,False,False,,,
27878,ok,0,7,107,True,False,False,,,
27880,ok,100,5,33585,False,False,False,,,
27882,ok,0,9,106,True,False,False,,,
27883,ok,0,12,184,True,False,False,,,
27884,capped,1000,8,138109,False,False,True,,,
27887,ok,0,7,129,True,False,False,,,
27889,capped,1000,5,76044,False,False,True,,,
27890,ok,198,6,26015,False,False,False,,,
27891,ok,0,6,103,True,False,False,,,
27892,ok,100,12,23706,False,False,False,,,
27893,ok,407,1,47539,False,False,False,,,
27895,ok,0,6,102,True,False,False,,,
27898,capped,1000,9,192309,False,False,True,,,
27899,ok,10,10,1455,False,False,False,,,
27901,ok,0,6,87,True,False,False,,,
27902,ok,0,7,90,True,False,False,,,
27903,ok,30,6,3621,False,False,False,,,
27904,ok,0,7,109,True,False,False,,,
27907,ok,0,6,81,True,False,False,,,
27908,ok,0,8,117,True,False,False,,,
27909,capped,1000,4,188236,False,False,True,,,
27910,ok,30,7,4265,False,False,False,,,
27912,ok,0,7,104,True,False,False,,,
27915,capped,1000,5,103289,False,False,True,,,
27920,ok,0,5,65,True,False,False,,,
27921,capped,1000,7,336376,False,False,True,,,
27923,ok,0,10,131,True,False,False,,,
27926,ok,0,5,86,True,False,False,,,
27927,ok,0,5,82,True,False,False,,,
27929,ok,25,4,11715,False,False,False,,,
27931,capped,1000,6,108765,False,False,True,,,
27932,ok,25,5,2965,False,False,False,,,
27933,ok,0,6,97,True,False,False,,,
27934,ok,0,7,102,True,False,False,,,
27935,ok,10,10,3759,False,False,False,,,
27937,ok,0,10,106,True,False,False,,,
27940,capped,1000,5,142892,False,False,True,,,
27941,capped,1000,6,85082,False,False,True,,,
27942,ok,0,5,87,True,False,False,,,
27943,ok,0,7,115,True,False,False,,,
27944,ok,0,6,102,True,False,False,,,
27947,ok,10,5,1495,False,False,False,,,
27948,ok,50,6,6188,False,False,False,,,
27949,ok,100,5,21757,False,False,False,,,
27950,ok,25,4,3159,False,False,False,O390,2,3
27951,ok,0,5,84,True,False,False,,,
27953,ok,50,6,75836,False,False,False,,,
27954,ok,0,6,104,True,False,False,,,
27955,capped,1000,8,154314,False,False,True,,,
27956,capped,1000,6,130827,False,False,True,,,
27957,ok,10,5,34985,False,False,False,,,
27958,capped,1000,5,114285,False,False,True,,,
27959,capped,1000,1,171075,False,False,True,,,
27963,capped,1000,5,139680,False,False,True,,,
27964,ok,0,9,121,True,False,False,,,
27972,ok,0,9,122,True,False,False,,,
27977,ok,0,7,115,True,False,False,,,
27979,ok,125,3,9407,False,False,False,,,
27980,ok,0,4,61,True,False,False,,,
27985,ok,0,6,99,True,False,False,,,
27986,ok,0,6,102,True,False,False,,,
27988,ok,100,6,34365,False,False,False,,,
27989,ok,2,6,306,False,False,False,,,
27990,ok,50,9,8208,False,False,False,,,
27994,ok,10,5,5261,False,False,False,,,
27996,ok,0,5,84,True,False,False,,,
27997,ok,0,8,96,True,False,False,,,
27998,ok,0,6,88,True,False,False,,,
28001,capped,1000,8,153102,False,False,True,,,
28002,ok,0,6,92,True,False,False,,,
28005,capped,1000,6,172525,False,False,True,,,
28009,capped,1000,3,45403,False,False,True,,,
28012,ok,100,7,17135,False,False,False,,,
28013,ok,0,5,83,True,False,False,,,
28014,ok,0,3,49,True,False,False,,,
28015,capped,1000,10,204620,False,False,True,,,
28016,ok,50,5,6953,False,False,False,,,
28021,ok,0,5,74,True,False,False,,,
28022,capped,1000,8,94172,False,False,True,,,
28023,ok,0,6,87,True,False,False,,,
28027,ok,0,9,116,True,False,False,,,
28029,ok,0,8,113,True,False,False,,,
28030,ok,0,6,69,True,False,False,,,
28031,ok,10,5,1177,False,False,False,,,
28032,capped,1000,5,101612,False,False,True,,,
28035,ok,100,7,12212,False,False,False,,,
28037,capped,1000,8,140666,False,False,True,,,
28038,ok,58,6,5464,False,False,False,,,
28040,ok,1,11,289,False,False,False,,,
28042,ok,0,4,52,True,False,False,,,
28045,ok,100,12,39825,False,False,False,,,
28050,ok,4,9,1476,False,False,False,,,
28053,ok,10,5,1049,False,False,False,,,
28054,ok,0,5,69,True,False,False,,,
28055,capped,1000,8,164916,False,False,True,,,
28057,ok,100,6,10556,False,False,False,,,
28060,ok,10,5,1451,False,False,False,,,
28061,ok,25,4,12410680,False,False,False,,,
28062,capped,1000,9,167399,False,False,True,,,
28067,ok,0,6,67,True,False,False,,,
28069,ok,0,9,152,True,False,False,,,
28070,ok,175,9,42949,False,False,False,,,
28072,ok,0,6,97,True,False,False,,,
28075,ok,25,4,865,False,False,False,,,
28078,ok,150,5,8283107,False,False,False,,,
28079,ok,0,6,108,True,False,False,,,
28083,ok,100,6,9990,False,False,False,,,
28085,capped,1000,11,216578,False,False,True,,,
28086,ok,3,3,168,False,False,False,,,
28087,capped,1000,7,102598,False,False,True,,,
28089,ok,0,4,56,True,False,False,,,
28091,capped,1000,6,271007,False,False,True,,,
28092,ok,0,8,117,True,False,False,,,
28094,ok,0,7,79,True,False,False,,,
28095,ok,0,5,103,True,False,False,,,
28098,ok,0,3,44,True,False,False,,,
28100,capped,1000,8,156718,False,False,True,,,
28103,ok,0,8,158,True,False,False,,,
28107,ok,7,5,15658,False,False,False,,,
28110,ok,0,7,147,True,False,False,,,
28111,ok,0,7,102,True,False,False,,,
28113,ok,0,7,102,True,False,False,,,
28114,ok,10,4,1168,False,False,False,,,
28116,ok,0,3,53,True,False,False,,,
28117,capped,1000,5,147995,False,False,True,,,
28118,ok,0,5,77,True,False,False,,,
28119,ok,0,6,81,True,False,False,,,
28121,capped,1000,8,187120,False,False,True,,,
28122,ok,5,4,761,False,False,False,,,
28127,ok,100,9,22353,False,False,False,,,
28130,ok,10,1,1342,False,False,False,,,
28131,ok,0,8,86,True,False,False,,,
28134,ok,0,5,63,True,False,False,,,
28136,ok,0,5,94,True,False,False,,,
28137,ok,0,5,80,True,False,False,,,
28138,ok,0,8,103,True,False,False,,,
28140,capped,1000,5,96976,False,False,True,,,
28142,ok,5,6,629,False,False,False,,,
28145,ok,0,5,71,True,False,False,,,
28148,ok,0,5,85,True,False,False,,,
28149,capped,1000,7,183546,False,False,True,,,
28150,ok,0,6,96,True,False,False,,,
28151,ok,0,8,120,True,False,False,,,
28154,ok,10,7,1040,False,False,False,,,
28155,capped,1000,7,190173,False,False,True,,,
28158,capped,1000,5,166112,False,False,True,,,
28159,capped,1000,5,2839914,False,False,True,,,
28160,capped,1000,7,224875,False,False,True,,,
28161,ok,0,4,56,True,False,False,,,
28162,ok,0,8,115,True,False,False,,,
28163,ok,10,6,1100,False,False,False,,,
28165,capped,1000,5,256386,False,False,True,,,
28166,ok,3,7,1430,False,False,False,,,
28169,capped,1000,8,171676,False,False,True,,,
28172,ok,122,7,16423,False,False,False,,,
28173,capped,1000,6,118364,False,False,True,,,
28175,ok,0,8,113,True,False,False,,,
28176,ok,0,6,93,True,False,False,,,
28178,ok,0,5,74,True,False,False,,,
28181,ok,125,6,7953,False,False,False,,,
28182,ok,0,6,75,True,False,False,,,
28183,capped,1000,6,102668,False,False,True,,,
28184,ok,0,8,128,True,False,False,,,
28186,capped,1000,4,5970816,False,False,True,,,
28188,ok,0,5,73,True,False,False,,,
28191,capped,1000,4,3789764,False,False,True,,,
28195,ok,10,6,28586,False,False,False,,,
28196,ok,692,8,78224,False,False,False,,,
28197,ok,10,6,31404,False,False,False,,,
28198,ok,0,3,61,True,False,False,,,
28200,ok,50,10,18313,False,False,False,,,
28202,ok,0,5,82,True,False,False,,,
28203,ok,0,7,138,True,False,False,,,
28205,capped,1000,5,64984,False,False,True,,,
28208,ok,10,1,1006,False,False,False,,,
28211,ok,0,7,132,True,False,False,,,
28213,ok,0,6,100,True,False,False,,,
28216,capped,1000,6,172438,False,False,True,,,
28219,ok,0,4,81,True,False,False,,,
28224,ok,14,5,2111,False,False,False,,,
28226,ok,100,7,15569,False,False,False,,,
28227,ok,10,5,9918,False,False,False,,,
28229,ok,0,9,99,True,False,False,,,
28230,ok,0,4,63,True,False,False,,,
28232,capped,1000,7,102263,False,False,True,,,
28234,ok,0,6,100,True,False,False,,,
28238,ok,0,5,64,True,False,False,,,
28239,capped,1000,4,54060,False,False,True,,,
28241,ok,50,7,7874,False,False,False,,,
28242,capped,1000,8,116935,False,False,True,,,
28243,capped,1000,10,5374972,False,False,True,,,
28244,ok,0,7,112,True,False,False,,,
28245,capped,1000,6,455100,False,False,True,,,
28246,ok,0,6,109,True,False,False,,,
28247,ok,0,9,102,True,False,False,,,
28248,capped,1000,5,85063,False,False,True,,,
28249,ok,0,7,106,True,False,False,,,
28250,ok,0,5,61,True,False,False,,,
28252,ok,0,7,136,True,False,False,,,
28254,ok,148,6,18745,False,False,False,,,
28255,ok,125,5,9400,False,False,False,,,
28258,capped,1000,7,174135,False,False,True,,,
28260,capped,1000,5,90077,False,False,True,,,
28261,capped,1000,6,106454,False,False,True,,,
28262,capped,1000,7,222470,False,False,True,,,
28265,ok,500,7,57298,False,False,False,,,
28267,ok,0,8,129,True,False,False,,,
28271,ok,10,6,2152,False,False,False,,,
28272,ok,0,6,96,True,False,False,,,
28273,capped,1000,7,191732,False,False,True,,,
28274,ok,10,5,114703,False,False,False,,,
28275,ok,0,6,93,True,False,False,,,
28276,ok,0,14,176,True,False,False,,,
28277,ok,64,5,6540,False,False,False,,,
28279,ok,10,6,1205,False,False,False,,,
28281,ok,100,6,10395,False,False,False,,,
28284,ok,0,7,111,True,False,False,,,
28285,ok,0,7,134,True,False,False,,,
28288,ok,100,7,13553,False,False,False,,,
28290,ok,0,8,115,True,False,False,,,
28291,ok,0,8,118,True,False,False,,,
28292,capped,1000,4,62910,False,False,True,,,
28294,capped,1000,7,337037,False,False,True,,,
28296,ok,20,6,1510,False,False,False,,,
28298,capped,1000,4,146094,False,False,True,,,
28299,ok,0,6,77,True,False,False,,,
28300,capped,1000,6,127896,False,False,True,,,
28301,ok,0,7,74,True,False,False,,,
28303,ok,10,7,2127,False,False,False,,,
28304,ok,0,5,82,True,False,False,,,
28308,capped,1000,6,145730,False,False,True,,,
28310,ok,0,8,132,True,False,False,,,
28311,ok,0,7,125,True,False,False,,,
28313,ok,0,5,90,True,False,False,,,
28314,capped,1000,5,87131,False,False,True,,,
28316,capped,1000,4,6557900,False,False,True,,,
28317,ok,0,8,138,True,False,False,,,
28318,ok,0,6,106,True,False,False,,,
28320,capped,1000,4,58064,False,False,True,,,
28321,ok,625,6,502946,False,False,False,,,
28323,ok,0,6,69,True,False,False,,,
28324,ok,125,6,17221,False,False,False,,,
28325,ok,0,6,101,True,False,False,,,
28327,ok,10,8,982513,False,False,False,,,
28330,ok,10,6,1294,False,False,False,,,
28331,ok,0,6,92,True,False,False,,,
28332,ok,375,7,99177,False,False,False,,,
28334,ok,100,7,17075,False,False,False,,,
28336,capped,1000,6,107396,False,False,True,,,
28339,capped,1000,8,118873,False,False,True,,,
28341,ok,0,7,83,True,False,False,,,
28342,ok,0,6,84,True,False,False,,,
28344,ok,25,4,4952,False,False,False,,,
28347,ok,0,6,89,True,False,False,,,
28348,ok,0,7,120,True,False,False,,,
28350,ok,0,8,126,True,False,False,,,
28351,ok,25,6,12002339,False,False,False,,,
28353,ok,0,6,109,True,False,False,,,
28354,capped,1000,8,165016,False,False,True,,,
28355,ok,0,4,75,True,False,False,,,
28357,ok,0,6,86,True,False,False,,,
28358,ok,50,5,10849,False,False,False,,,
28360,capped,1000,10,309355,False,False,True,,,
28361,ok,0,6,98,True,False,False,,,
28362,ok,0,6,88,True,False,False,,,
28363,ok,416,4,49459,False,False,False,,,
28365,ok,8,6,877,False,False,False,,,
28367,ok,10,7,1386274,False,False,False,,,
28369,capped,1000,8,12218724,False,False,True,,,
28372,ok,0,5,69,True,False,False,,,
28374,ok,25,7,21990424,False,False,False,,,
28375,capped,1000,7,249505,False,False,True,,,
28376,ok,89,6,5635,False,False,False,,,
28377,ok,0,8,95,True,False,False,,,
28378,ok,750,3,76169,False,False,False,,,
28380,capped,1000,6,1399021,False,False,True,,,
28383,ok,125,7,24283,False,False,False,,,
28385,ok,1,6,209,False,False,False,,,
28386,ok,0,8,85,True,False,False,,,
28389,capped,1000,6,81651,False,False,True,,,
28390,ok,0,7,113,True,False,False,,,
28392,capped,1000,9,299606,False,False,True,,,
28393,ok,0,8,112,True,False,False,,,
28396,ok,0,7,115,True,False,False,,,
28397,ok,100,12,26652,False,False,False,,,
28398,ok,401,6,59275,False,False,False,,,
28399,ok,1,5,151,False,False,False,,,
28400,ok,0,7,103,True,False,False,,,
28401,ok,0,8,97,True,False,False,,,
28404,ok,75,10,11714,False,False,False,,,
28406,ok,4,7,1196,False,False,False,,,
28407,ok,0,3,51,True,False,False,,,
28410,ok,0,6,122,True,False,False,,,
28411,ok,0,9,149,True,False,False,,,
28414,capped,1000,8,158375,False,False,True,,,
28415,ok,0,7,86,True,False,False,,,
28416,capped,1000,8,123111,False,False,True,,,
28418,capped,1000,7,146423,False,False,True,,,
28419,capped,1000,5,109280,False,False,True,,,
28422,ok,0,7,117,True,False,False,,,
28423,ok,100,7,14975,False,False,False,,,
28426,ok,0,6,98,True,False,False,,,
28430,ok,0,8,119,True,False,False,,,
28434,ok,10,4,631710,False,False,False,,,
28435,ok,10,5,2443,False,False,False,,,
28437,capped,1000,8,106959,False,False,True,,,
28439,ok,0,7,111,True,False,False,,,
28441,ok,0,7,121,True,False,False,,,
28442,ok,0,6,80,True,False,False,,,
28444,ok,0,8,95,True,False,False,,,
28445,capped,1000,10,132325,False,False,True,,,
28448,capped,1000,7,262257,False,False,True,,,
28451,capped,1000,6,102552,False,False,True,,,
28452,ok,25,3,3573,False,False,False,,,
28453,capped,1000,9,226078,False,False,True,,,
28454,ok,0,7,115,True,False,False,,,
28455,capped,1000,5,126350,False,False,True,,,
28464,ok,0,5,85,True,False,False,,,
28467,ok,5,4,436,False,False,False,,,
28470,ok,50,7,9828,False,False,False,,,
28472,ok,0,5,83,True,False,False,,,
28474,ok,1,4,71796265,False,False,False,,,
28475,ok,10,5,2443,False,False,False,,,
28476,capped,1000,9,268306,False,False,True,,,
28477,ok,0,5,69,True,False,False,,,
28478,capped,1000,10,446346,False,False,True,,,
28479,ok,0,5,84,True,False,False,,,
28485,ok,0,6,102,True,False,False,,,
28487,ok,0,5,78,True,False,False,,,
28489,ok,0,5,78,True,False,False,,,
28490,ok,10,6,1207,False,False,False,,,
28491,ok,1,5,176,False,False,False,,,
28492,capped,1000,7,94441,False,False,True,,,
28494,ok,7,7,1160,False,False,False,,,
28500,ok,0,6,72,True,False,False,,,
28501,ok,0,9,141,True,False,False,,,
28503,ok,0,7,80,True,False,False,,,
28504,capped,1000,6,108739,False,False,True,,,
28506,ok,0,14,142,True,False,False,,,
28507,ok,10,4,1001,False,False,False,,,
28508,ok,0,7,132,True,False,False,,,
28511,ok,0,4,80,True,False,False,,,
28512,ok,10,6,1257,False,False,False,,,
28513,ok,0,6,67,True,False,False,,,
28514,ok,5,4,398,False,False,False,,,
28516,capped,1000,8,168024,False,False,True,,,
28517,capped,1000,7,99589,False,False,True,,,
28518,ok,0,7,107,True,False,False,,,
28519,ok,0,8,152,True,False,False,,,
28520,ok,0,6,105,True,False,False,,,
28521,ok,0,6,74,True,False,False,,,
28522,ok,0,10,129,True,False,False,,,
28523,ok,0,7,105,True,False,False,,,
28526,ok,0,6,105,True,False,False,,,
28527,ok,75,5,4121,False,False,False,,,
28528,ok,0,6,96,True,False,False,,,
28529,ok,0,7,82,True,False,False,,,
28532,ok,10,7,4587,False,False,False,,,
28537,ok,10,6,925,False,False,False,,,
28538,ok,0,5,73,True,False,False,,,
28539,ok,5,5,352,False,False,False,,,
28541,ok,25,4,2815,False,False,False,,,
28542,ok,0,9,116,True,False,False,,,
28543,ok,50,9,8068,False,False,False,,,
28544,capped,1000,9,125626,False,False,True,,,
28545,capped,1000,8,128081,False,False,True,,,
28550,capped,1000,6,88591,False,False,True,,,
28551,ok,10,4,27421,False,False,False,,,
28552,ok,0,5,72,True,False,False,,,
28553,ok,10,1,2448,False,False,False,,,
28555,capped,1000,7,130322,False,False,True,,,
28558,ok,25,4,3084,False,False,False,,,
28561,ok,0,8,124,True,False,False,,,
28565,ok,261,5,27401,False,False,False,,,
28566,ok,0,7,96,True,False,False,,,
28568,ok,10,5,1130,False,False,False,,,
28570,ok,0,7,80,True,False,False,,,
28571,ok,10,6,1900,False,False,False,,,
28573,ok,172,9,19758,False,False,False,,,
28574,ok,0,5,76,True,False,False,,,
28579,ok,0,4,82,True,False,False,,,
28582,ok,100,10,15505,False,False,False,,,
28583,ok,0,5,90,True,False,False,,,
28591,ok,0,8,115,True,False,False,,,
28594,ok,120,3,7484,False,False,False,,,
28596,ok,125,4,15395,False,False,False,,,
28598,ok,0,5,77,True,False,False,,,
28599,capped,1000,4,80191,False,False,True,,,
28600,capped,1000,1,139751,False,False,True,,,
28601,ok,0,7,103,True,False,False,,,
28602,ok,0,4,58,True,False,False,,,
28603,capped,1000,9,192979,False,False,True,,,
28605,ok,0,5,60,True,False,False,,,
28606,ok,0,9,125,True,False,False,,,
28607,ok,0,7,126,True,False,False,,,
28609,capped,1000,7,129277,False,False,True,,,
28612,ok,0,5,76,True,False,False,,,
28613,ok,0,8,126,True,False,False,,,
28614,ok,0,6,105,True,False,False,,,
28615,ok,0,6,96,True,False,False,,,
28619,capped,1000,5,60057,False,False,True,,,
28620,ok,10,6,3195,False,False,False,,,
28621,ok,0,7,106,True,False,False,,,
28622,ok,0,8,116,True,False,False,,,
28623,ok,0,4,63,True,False,False,,,
28624,ok,0,5,99,True,False,False,,,
28626,ok,0,8,131,True,False,False,,,
28627,capped,1000,8,1148511,False,False,True,,,
28628,ok,0,7,89,True,False,False,,,
28629,ok,0,8,111,True,False,False,,,
28630,capped,1000,8,130141,False,False,True,,,
28631,ok,0,7,91,True,False,False,,,
28633,ok,100,6,14212,False,False,False,,,
28634,capped,1000,5,96605,False,False,True,,,
28635,ok,0,5,99,True,False,False,,,
28639,ok,0,8,89,True,False,False,,,
28644,ok,100,10,23869,False,False,False,,,
28645,capped,1000,7,181463,False,False,True,,,
28646,ok,10,7,2250,False,False,False,,,
28647,ok,0,5,63,True,False,False,,,
28649,ok,0,5,86,True,False,False,,,
28655,ok,10,4,1970,False,False,False,,,
28656,ok,0,6,114,True,False,False,,,
28659,ok,0,4,61,True,False,False,,,
28661,ok,0,5,77,True,False,False,,,
28662,ok,0,8,91,True,False,False,,,
28664,ok,10,4,1128,False,False,False,,,
28668,ok,0,7,97,True,False,False,,,
28669,ok,0,3,57,True,False,False,,,
28670,ok,100,8,9672,False,False,False,,,
28671,capped,1000,3,77043,False,False,True,,,
28672,ok,0,8,150,True,False,False,,,
28673,ok,0,5,80,True,False,False,,,
28676,ok,0,5,96,True,False,False,,,
28677,ok,0,7,136,True,False,False,,,
28678,ok,25,6,4020087,False,False,False,,,
28680,ok,0,5,71,True,False,False,,,
28683,ok,10,7,1115,False,False,False,,,
28684,ok,5,2,83974,False,False,False,,,
28689,ok,5,4,342,False,False,False,,,
28690,capped,1000,4,3944264,False,False,True,,,
28695,ok,0,9,122,True,False,False,,,
28698,ok,50,6,8633,False,False,False,,,
28701,ok,25,5,27802577,False,False,False,,,
28702,ok,10,4,305,False,False,False,,,
28703,ok,0,11,133,True,False,False,,,
28704,ok,0,8,88,True,False,False,,,
28705,ok,0,10,133,True,False,False,,,
28708,ok,0,7,142,True,False,False,,,
28710,ok,125,5,11151,False,False,False,,,
28711,ok,10,8,4751,False,False,False,,,
28712,ok,10,5,1083,False,False,False,,,
28713,ok,0,6,92,True,False,False,,,
28714,ok,0,7,96,True,False,False,,,
28716,ok,100,1,14686,False,False,False,,,
28717,ok,10,6,1253,False,False,False,,,
28718,ok,3,6,304,False,False,False,,,
28721,ok,0,7,116,True,False,False,,,
28722,capped,1000,5,95076,False,False,True,,,
28723,ok,25,4,21201,False,False,False,,,
28724,capped,1000,7,170376,False,False,True,,,
28725,capped,1000,6,100105,False,False,True,,,
28726,ok,730,5,170835,False,False,False,,,
28729,capped,1000,10,235883,False,False,True,,,
28732,ok,934,5,262710,False,False,False,,,
28734,ok,0,8,128,True,False,False,,,
28735,ok,0,2,42,True,False,False,,,
28737,ok,0,7,80,True,False,False,,,
28738,ok,100,8,17441,False,False,False,,,
28739,ok,0,8,115,True,False,False,,,
28740,ok,0,5,79,True,False,False,,,
28745,ok,0,8,121,True,False,False,,,
28747,ok,10,7,3332,False,False,False,,,
28749,capped,1000,5,89015,False,False,True,,,
28752,ok,0,9,97,True,False,False,,,
28753,ok,0,6,83,True,False,False,,,
28754,ok,375,4,28207,False,False,False,,,
28755,capped,1000,7,214559,False,False,True,,,
28756,capped,1000,5,126942,False,False,True,,,
28757,ok,0,9,120,True,False,False,,,
28759,ok,10,6,1028,False,False,False,,,
28761,ok,25,2,4787,False,False,False,,,
28762,ok,5,3,265,False,False,False,,,
28764,capped,1000,1,309632,False,False,True,,,
28765,ok,25,6,2172,False,False,False,,,
28768,ok,0,9,134,True,False,False,,,
28769,ok,15,3,1115,False,False,False,,,
28770,ok,10,5,1063,False,False,False,,,
28772,ok,0,9,96,True,False,False,,,
28774,ok,0,7,93,True,False,False,,,
28777,ok,0,7,107,True,False,False,,,
28779,capped,1000,6,89070,False,False,True,,,
28780,ok,0,9,98,True,False,False,,,
28781,capped,1000,10,134696,False,False,True,,,
28782,ok,10,7,1744,False,False,False,,,
28783,ok,0,7,93,True,False,False,,,
28784,ok,0,12,158,True,False,False,,,
28788,ok,0,7,144,True,False,False,,,
28792,ok,5,4,256,False,False,False,,,
28794,ok,0,5,88,True,False,False,,,
28796,ok,50,5,7396,False,False,False,,,
28798,ok,171,3,22791,False,False,False,,,
28802,capped,1000,2,310670,False,False,True,,,
28804,ok,0,4,76,True,False,False,,,
28805,capped,1000,7,122640,False,False,True,,,
28806,ok,0,4,87,True,False,False,,,
28810,ok,0,10,156,True,False,False,,,
28812,ok,1,5,309,False,False,False,,,
28813,ok,0,5,78,True,True,False,,,
28815,ok,0,5,98,True,False,False,,,
28817,capped,1000,6,112726,False,False,True,,,
28818,ok,581,5,29953,False,False,False,,,
28823,ok,0,5,78,True,False,False,,,
28824,ok,10,5,2401,False,False,False,,,
28825,ok,0,9,138,True,False,False,,,
28826,capped,1000,5,2459746,False,False,True,,,
28829,ok,10,4,2433,False,False,False,,,
28831,ok,0,4,51,True,False,False,,,
28836,ok,25,4,3159,False,False,False,O390,2,3
28837,ok,0,5,67,True,False,False,,,
28839,ok,0,8,110,True,False,False,,,
28841,ok,0,5,83,True,False,False,,,
28842,capped,1000,4,361899,False,False,True,,,
28845,ok,125,3,12588,False,False,False,,,
28847,capped,1000,9,166304,False,False,True,,,
28849,ok,0,6,99,True,False,False,,,
28853,ok,25,10,3452,False,False,False,,,
28856,ok,5,3,212,False,False,False,,,
28857,ok,10,5,2046,False,False,False,,,
28862,capped,1000,6,173884,False,False,True,,,
28863,ok,0,9,150,True,False,False,,,
28864,ok,0,4,61,True,False,False,,,
28866,ok,0,6,110,True,False,False,,,
28868,ok,0,7,103,True,False,False,,,
28870,ok,63,4,5356,False,False,False,,,
28871,ok,0,6,83,True,False,False,,,
28872,ok,41,6,7592,False,False,False,,,
28875,ok,50,7,5850,False,False,False,,,
28876,ok,0,7,117,True,False,False,,,
28877,ok,0,4,65,True,False,False,,,
28878,capped,1000,6,124740,False,False,True,,,
28880,ok,0,7,102,True,False,False,,,
28881,ok,0,5,88,True,False,False,,,
28882,ok,0,9,154,True,False,False,,,
28883,ok,10,4,2346,False,False,False,,,
28884,ok,0,5,88,True,False,False,,,
28887,capped,1000,6,97037,False,False,True,,,
28891,ok,0,8,106,True,False,False,,,
28893,ok,0,7,116,True,False,False,,,
28894,capped,1000,6,131836,False,False,True,,,
28895,ok,1,6,113,False,False,False,,,
28896,ok,10,5,1899,False,False,False,,,
28898,capped,1000,7,160788,False,False,True,,,
28899,ok,10,6,1766,False,False,False,,,
28900,ok,0,8,91,True,False,False,,,
28902,ok,0,7,100,True,False,False,,,
28903,capped,1000,5,100262,False,False,True,,,
28904,capped,1000,7,114285,False,False,True,,,
28905,ok,1,4,92,False,False,False,,,
28907,ok,0,4,94,True,False,False,,,
28908,capped,1000,5,2911007,False,False,True,,,
28909,ok,0,8,147,True,False,False,,,
28911,ok,0,3,55,True,False,False,,,
28913,ok,10,4,3000,False,False,False,,,
28914,ok,0,6,70,True,False,False,,,
28915,ok,0,5,78,True,False,False,,,
28918,capped,1000,7,163987,False,False,True,,,
28920,ok,0,5,84,True,False,False,,,
28924,ok,0,5,89,True,False,False,,,
28925,ok,0,6,123,True,False,False,,,
28927,ok,0,9,116,True,False,False,,,
28928,ok,100,10,19806,False,False,False,,,
28932,capped,1000,3,3502085,False,False,True,,,
28936,ok,0,7,111,True,False,False,,,
28938,ok,0,5,112,True,False,False,,,
28939,capped,1000,7,137350,False,False,True,,,
28940,ok,100,9,25908,False,False,False,,,
28941,ok,10,9,2918,False,False,False,,,
28944,ok,0,5,83,True,False,False,,,
28945,ok,0,5,70,True,False,False,,,
28948,capped,1000,5,1505694,False,False,True,,,
28949,ok,0,6,99,True,False,False,,,
28950,ok,31,7,3323,False,False,False,,,
28952,ok,442,6,73594,False,False,False,,,
28955,capped,1000,7,81679,False,False,True,,,
28956,ok,0,5,90,True,False,False,,,
28959,ok,0,6,89,True,False,False,,,
28961,ok,0,9,161,True,False,False,,,
28965,capped,1000,5,141631,False,False,True,,,
28967,ok,0,6,84,True,False,False,,,
28969,ok,0,6,119,True,False,False,,,
28970,ok,0,1,23,True,False,False,,,
28971,ok,0,6,113,True,False,False,,,
28973,ok,50,8,7459,False,False,False,,,
28974,ok,0,9,109,True,False,False,,,
28976,ok,0,7,116,True,False,False,,,
28977,ok,1,7,131,False,False,False,,,
28980,ok,0,6,105,True,False,False,,,
28981,ok,833,7,163603,False,False,False,,,
28982,ok,0,8,135,True,False,False,,,
28983,ok,0,7,110,True,False,False,,,
28986,ok,5,6,398,False,False,False,,,
28988,ok,0,5,98,True,False,False,,,
28991,ok,0,8,138,True,False,False,,,
28992,capped,1000,6,191387,False,False,True,,,
28995,ok,0,3,51,True,False,False,,,
28997,ok,0,6,102,True,False,False,,,
29002,ok,25,3,6448,False,False,False,,,
29003,ok,100,7,18002,False,False,False,,,
29006,ok,0,5,82,True,False,False,,,
29008,capped,1000,6,194427,False,False,True,,,
29009,ok,50,8,10797,False,False,False,,,
29010,ok,0,8,100,True,False,False,,,
29011,ok,0,7,88,True,False,False,,,
29014,ok,0,5,69,True,False,False,,,
29016,ok,0,7,130,True,False,False,,,
29020,capped,1000,6,135088,False,False,True,,,
29024,ok,0,6,116,True,False,False,,,
29026,ok,25,6,11690138,False,False,False,,,
29027,ok,0,10,160,True,False,False,,,
29028,capped,1000,4,64054,False,False,True,,,
29029,ok,0,10,165,True,False,False,,,
29030,ok,0,5,78,True,False,False,,,
29034,ok,259,6,29144,False,False,False,,,
29035,ok,100,13,22327,False,False,False,,,
29036,ok,0,9,110,True,False,False,,,
29039,ok,0,5,83,True,False,False,,,
29040,ok,0,2,38,True,False,False,,,
29042,ok,0,5,91,True,False,False,,,
29043,ok,50,6,5472,False,False,False,,,
29044,ok,100,10,17789,False,False,False,,,
29046,ok,25,3,101202408,False,False,False,,,
29050,ok,0,5,75,True,False,False,,,
29051,ok,100,7,11395,False,False,False,,,
29052,ok,0,6,82,True,False,False,,,
29053,ok,0,6,76,True,False,False,,,
29056,ok,0,6,98,True,False,False,,,
29058,ok,0,7,103,True,False,False,,,
29060,ok,15,4,1014,False,False,False,,,
29062,capped,1000,5,230082,False,False,True,,,
29063,capped,1000,6,142692,False,False,True,,,
29064,ok,0,10,109,True,False,False,,,
29065,ok,25,7,26181153,False,False,False,,,
29066,ok,0,7,83,True,False,False,,,
29067,ok,0,6,111,True,False,False,,,
29068,ok,100,1,33271,False,False,False,,,
29071,capped,1000,8,132905,False,False,True,,,
29072,ok,5,5,14217,False,False,False,,,
29074,ok,0,6,72,True,False,False,,,
29076,ok,0,5,76,True,False,False,,,
29079,ok,10,10,2253,False,False,False,,,
29081,ok,0,9,121,True,False,False,,,
29082,ok,1,4,14890738,False,False,False,,,
29083,ok,0,5,83,True,False,False,,,
29084,ok,100,11,20224,False,False,False,,,
29085,ok,0,6,83,True,False,False,,,
29086,capped,1000,5,1119614,False,False,True,,,
29087,capped,1000,5,149584,False,False,True,,,
29089,ok,0,7,96,True,False,False,,,
29090,ok,12,4,9791,False,False,False,,,
29094,ok,3,7,650,False,False,False,,,
29097,ok,0,6,82,True,False,False,,,
29100,ok,0,6,81,True,False,False,,,
29104,ok,10,3,97119,False,False,False,,,
29107,ok,0,8,138,True,False,False,,,
29110,ok,10,3,1992,False,False,False,,,
29116,ok,5,4,4174,False,False,False,,,
29118,ok,0,8,101,True,False,False,,,
29119,capped,1000,10,163438,False,False,True,,,
29120,capped,1000,2,6452415,False,False,True,,,
29122,ok,0,18,224,True,False,False,,,
29123,capped,1000,13,305135,False,False,True,,,
29126,ok,0,7,120,True,False,False,,,
29127,ok,0,6,113,True,False,False,,,
29129,capped,1000,10,215635,False,False,True,,,
29132,ok,1,5,467,False,False,False,,,
29133,ok,0,6,89,True,False,False,,,
29134,capped,1000,5,271546,False,False,True,,,
29135,ok,0,4,54,True,False,False,,,
29137,ok,0,4,83,True,False,False,,,
29138,ok,0,6,92,True,False,False,,,
29139,ok,0,5,72,True,False,False,,,
29140,ok,10,6,939,False,False,False,,,
29141,capped,1000,6,105722,False,False,True,,,
29142,ok,0,6,89,True,False,False,,,
29143,capped,1000,9,100924,False,False,True,,,
29145,ok,10,8,3147,False,False,False,,,
29148,ok,5,2,18610,False,False,False,,,
29150,ok,1,5,161,False,False,False,,,
29152,ok,0,10,150,True,False,False,,,
29156,ok,0,5,107,True,False,False,,,
29157,ok,10,7,2302,False,False,False,,,
29159,ok,0,7,104,True,False,False,,,
29160,ok,50,11,10946,False,False,False,,,
29161,ok,17,5,1050,False,False,False,,,
29162,ok,0,8,94,True,False,False,,,
29163,ok,5,6,50201311,False,False,False,,,
29165,capped,1000,6,241098,False,False,True,,,
29167,ok,0,8,116,True,False,False,,,
29168,ok,75,6,6529,False,False,False,,,
29170,ok,0,7,102,True,False,False,,,
29173,ok,100,9,26966,False,False,False,,,
29175,capped,1000,5,253062,False,False,True,,,
29176,ok,0,6,112,True,False,False,,,
29178,ok,0,6,111,True,False,False,,,
29179,ok,0,7,92,True,False,False,,,
29180,ok,0,5,76,True,False,False,,,
29181,ok,0,3,51,True,False,False,,,
29183,capped,1000,6,291718,False,False,True,,,
29184,ok,0,5,72,True,False,False,,,
29188,capped,1000,5,89875,False,False,True,,,
29189,ok,0,5,68,True,False,False,,,
29191,ok,0,8,103,True,False,False,,,
29192,ok,100,12,22228,False,False,False,,,
29193,capped,1000,8,178916,False,False,True,,,
29197,ok,0,6,96,True,False,False,,,
29199,ok,0,8,126,True,False,False,,,
29200,ok,75,5,8490,False,False,False,,,
29201,ok,0,7,109,True,False,False,,,
29202,ok,833,7,2408160,False,False,False,,,
29203,ok,100,12,27222,False,False,False,,,
29205,ok,10,1,2293,False,False,False,,,
29207,ok,0,6,91,True,False,False,,,
29209,ok,0,6,97,True,False,False,,,
29210,ok,0,9,133,True,False,False,,,
29211,capped,1000,4,123394,False,False,True,,,
29212,ok,475,8,76685,False,False,False,,,
29214,capped,1000,5,475778,False,False,True,,,
29215,capped,1000,8,152282,False,False,True,,,
29216,capped,1000,8,95560,False,False,True,,,
29217,ok,0,7,112,True,False,False,,,
29219,ok,0,8,112,True,False,False,,,
29220,capped,1000,5,45095,False,False,True,,,
29222,ok,0,5,87,True,False,False,,,
29223,ok,100,5,13773,False,False,False,,,
29224,ok,840,6,126738,False,False,False,,,
29227,ok,0,5,70,True,False,False,,,
29228,ok,0,6,91,True,False,False,,,
29231,ok,250,7,29779,False,False,False,,,
29232,ok,0,8,116,True,False,False,,,
29233,ok,0,6,105,True,False,False,,,
29234,ok,25,4,173992,False,False,False,,,
29235,ok,0,8,128,True,False,False,,,
29236,capped,1000,6,89103,False,False,True,,,
29237,ok,10,6,966,False,False,False,,,
29238,ok,0,6,85,True,False,False,,,
29240,ok,0,6,98,True,False,False,,,
29241,ok,0,7,86,True,False,False,,,
29244,ok,16,6,1650,False,False,False,,,
29245,ok,223,6,45896,False,False,False,,,
29246,capped,1000,10,177167,False,False,True,,,
29247,ok,100,7,14408,False,False,False,,,
29248,capped,1000,7,119847,False,False,True,,,
29249,ok,10,6,1308,False,False,False,,,
29250,ok,10,8,2050,False,False,False,,,
29251,ok,10,6,2088,False,False,False,,,
29252,capped,1000,5,97746,False,False,True,,,
29253,ok,0,7,112,True,False,False,,,
29255,ok,1,4,112,False,False,False,,,
29258,ok,10,8,1584,False,False,False,,,
29259,ok,0,4,83,True,False,False,,,
29260,ok,0,9,140,True,False,False,,,
29262,ok,0,8,119,True,False,False,,,
29263,ok,126,4,11869,False,False,False,,,
29265,ok,0,7,124,True,False,False,,,
29266,ok,1,3,93,False,False,False,,,
29268,ok,0,5,90,True,False,False,,,
29269,ok,0,10,152,True,False,False,,,
29271,capped,1000,1,171765,False,False,True,,,
29272,capped,1000,7,358327,False,False,True,,,
29274,ok,0,6,103,True,False,False,,,
29275,ok,0,5,84,True,False,False,,,
29280,ok,1,4,19616085,False,False,False,,,
29281,ok,0,8,116,True,False,False,,,
29283,ok,0,7,106,True,False,False,,,
29284,ok,10,6,14474,False,False,False,,,
29286,ok,5,5,444,False,False,False,,,
29287,ok,0,4,64,True,False,False,,,
29290,ok,10,5,5914,False,False,False,,,
29292,ok,0,11,158,True,False,False,,,
29294,capped,1000,5,114989,False,False,True,,,
29297,ok,0,9,156,True,False,False,,,
29298,ok,1,5,513037,False,False,False,,,
29299,ok,0,6,71,True,False,False,,,
29300,ok,10,7,1601,False,False,False,,,
29301,ok,0,6,102,True,False,False,,,
29302,ok,0,6,77,True,False,False,,,
29303,ok,0,5,65,True,False,False,,,
29305,ok,0,7,84,True,False,False,,,
29308,ok,0,5,66,True,False,False,,,
29312,ok,0,6,86,True,False,False,,,
29313,ok,0,6,98,True,False,False,,,
29314,ok,0,6,80,True,False,False,,,
29315,ok,0,4,69,True,False,False,,,
29317,capped,1000,4,4709489,False,False,True,,,
29318,ok,100,4,22824,False,False,False,,,
29319,ok,0,6,67,True,False,False,,,
29321,ok,0,11,171,True,False,False,,,
29323,ok,5,5,4103042,False,False,False,,,
29324,ok,100,9,14599,False,False,False,,,
29326,ok,0,7,101,True,False,False,,,
29327,ok,10,6,1007,False,False,False,,,
29329,capped,1000,4,91754,False,False,True,,,
29330,ok,10,3,664,False,False,False,,,
29333,ok,13,4,14918142,False,False,False,,,
29334,ok,75,6,356067,False,False,False,,,
29339,capped,1000,6,111370,False,False,True,,,
29340,capped,1000,5,83081,False,False,True,,,
29343,ok,248,6,24466,False,False,False,,,
29347,ok,10,5,40977,False,False,False,,,
29349,capped,1000,7,118751,False,False,True,,,
29350,ok,0,6,74,True,False,False,,,
29351,capped,1000,5,447031,False,False,True,,,
29352,ok,0,6,112,True,False,False,,,
29354,ok,10,6,14782,False,False,False,,,
29355,ok,0,6,96,True,False,False,,,
29358,ok,0,2,38,True,False,False,,,
29360,ok,0,5,71,True,False,False,,,
29361,ok,5,5,64601262,False,False,False,,,
29363,ok,5,6,477549,False,False,False,,,
29365,ok,10,6,981,False,False,False,,,
29366,capped,1000,9,149116,False,False,True,,,
29368,capped,1000,5,1859640,False,False,True,,,
29372,ok,0,7,96,True,False,False,,,
29374,ok,0,5,68,True,False,False,,,
29375,capped,1000,5,204968,False,False,True,,,
29377,ok,0,9,127,True,False,False,,,
29378,ok,125,10,27469,False,False,False,,,
29379,capped,1000,5,2863439,False,False,True,,,
29380,ok,25,4,1808,False,False,False,,,
29381,ok,0,6,120,True,False,False,,,
29383,ok,0,6,85,True,False,False,,,
29384,ok,5,6,7191,False,False,False,,,
29386,ok,25,3,4887,False,False,False,,,
29388,ok,378,4,15201,False,False,False,,,
29389,ok,0,6,86,True,False,False,,,
29390,ok,10,5,28341,False,False,False,,,
29392,ok,10,3,957,False,False,False,,,
29393,ok,241,6,38096,False,False,False,,,
29395,ok,0,6,97,True,False,False,,,
29397,capped,1000,6,2591173,False,False,True,,,
29404,ok,0,5,70,True,False,False,,,
29405,capped,1000,6,2845830,False,False,True,,,
29406,ok,0,1,26,True,False,False,,,
29407,ok,0,10,128,True,False,False,,,
29410,capped,1000,8,182327,False,False,True,,,
29412,ok,0,8,120,True,False,False,,,
29416,ok,0,9,115,True,False,False,,,
29417,ok,0,5,65,True,False,False,,,
29419,ok,0,6,98,True,False,False,,,
29420,ok,5,3,1747,False,False,False,,,
29421,ok,0,6,94,True,False,False,,,
29422,ok,0,5,81,True,False,False,,,
29424,ok,0,6,103,True,False,False,,,
29425,ok,10,3,1455,False,False,False,,,
29427,capped,1000,1,231419,False,False,True,,,
29428,capped,1000,9,172519,False,False,True,,,
29429,ok,0,6,69,True,False,False,,,
29431,ok,0,10,145,True,False,False,,,
29432,ok,0,6,116,True,False,False,,,
29433,ok,50,8,9012,False,False,False,,,
29435,ok,0,4,53,True,False,False,,,
29438,ok,0,7,92,True,False,False,,,
29440,ok,0,5,81,True,False,False,,,
29444,ok,0,6,80,True,False,False,,,
29445,ok,1,5,97,False,False,False,,,
29448,ok,0,4,63,True,False,False,,,
29450,ok,0,8,120,True,False,False,,,
29451,ok,0,7,94,True,False,False,,,
29452,ok,0,5,81,True,False,False,,,
29454,ok,0,6,85,True,False,False,,,
29456,ok,5,7,521,False,False,False,,,
29459,ok,10,4,2072,False,False,False,,,
29460,ok,0,5,75,True,False,False,,,
29465,ok,0,6,81,True,False,False,,,
29467,capped,1000,5,70060,False,False,True,,,
29468,capped,1000,10,169652,False,False,True,,,
29469,ok,0,4,52,True,False,False,,,
29473,ok,0,7,99,True,False,False,,,
29474,ok,0,4,74,True,False,False,,,
29475,ok,0,5,103,True,False,False,,,
29480,ok,10,5,1056,False,False,False,,,
29481,capped,1000,5,126199,False,False,True,,,
29483,ok,0,8,122,True,False,False,,,
29487,capped,1000,6,532636,False,False,True,,,
29489,ok,0,7,118,True,False,False,,,
29490,capped,1000,6,140639,False,False,True,,,
29493,ok,0,9,133,True,False,False,,,
29494,ok,0,8,138,True,False,False,,,
29495,ok,0,3,60,True,False,False,,,
29497,capped,1000,7,724097,False,False,True,,,
29498,ok,125,8,35815,False,False,False,,,
29499,ok,0,8,112,True,False,False,,,
29500,capped,1000,7,126347,False,False,True,,,
29501,ok,0,7,87,True,False,False,,,
29502,ok,16,7,2027,False,False,False,,,
29504,ok,5,7,6950720,False,False,False,,,
29508,ok,10,10,3092,False,False,False,,,
29510,ok,5,4,314,False,False,False,,,
29511,capped,1000,11,163071,False,False,True,,,
29513,ok,0,5,84,True,False,False,,,
29515,capped,1000,4,250055,False,False,True,,,
29518,ok,0,5,103,True,False,False,,,
29520,ok,10,6,1115,False,False,False,,,
29521,ok,50,11,8196,False,False,False,,,
29522,ok,0,6,105,True,False,False,,,
29527,ok,0,7,88,True,False,False,,,
29530,ok,0,8,130,True,False,False,,,
29531,ok,0,6,110,True,False,False,,,
29533,ok,67,8,11440,False,False,False,,,
29535,ok,0,9,92,True,False,False,,,
29536,ok,0,6,107,True,False,False,,,
29537,ok,0,5,111,True,False,False,,,
29538,ok,0,6,88,True,False,False,,,
29539,ok,0,7,119,True,False,False,,,
29540,ok,0,10,147,True,False,False,,,
29542,ok,100,4,9122,False,False,False,,,
29543,ok,0,6,89,True,False,False,,,
29544,ok,0,7,94,True,False,False,,,
29545,capped,1000,7,119090,False,False,True,,,
29547,ok,0,8,121,True,False,False,,,
29550,ok,0,6,81,True,False,False,,,
29552,capped,1000,3,812273,False,False,True,,,
29554,ok,100,5,6333,False,False,False,,,
29557,ok,500,8,59839,False,False,False,,,
29558,capped,1000,8,77927,False,False,True,,,
29559,capped,1000,6,164770,False,False,True,,,
29562,ok,0,5,90,True,False,False,,,
29563,ok,0,3,50,True,False,False,,,
29565,ok,44,6,4643,False,False,False,,,
29566,ok,10,4,1690,False,False,False,,,
29568,capped,1000,4,94105,False,False,True,,,
29570,ok,325,5,63002,False,False,False,,,
29572,ok,0,8,99,True,False,False,,,
29573,ok,0,7,107,True,False,False,,,
29575,capped,1000,5,1459773,False,False,True,,,
29579,capped,1000,5,141844,False,False,True,,,
29581,ok,0,6,76,True,False,False,,,
29582,capped,1000,3,71665,False,False,True,,,
29583,ok,0,9,121,True,False,False,,,
29585,capped,1000,5,156087,False,False,True,,,
29586,ok,833,8,2395773,False,False,False,,,
29587,ok,0,8,123,True,False,False,,,
29589,ok,0,6,73,True,False,False,,,
29591,ok,0,6,79,True,False,False,,,
29592,capped,1000,5,88260,False,False,True,,,
29595,ok,0,6,97,True,False,False,,,
29596,ok,25,4,1145026,False,False,False,,,
29598,capped,1000,8,161135,False,False,True,,,
29600,ok,0,6,91,True,False,False,,,
29602,ok,0,7,94,True,False,False,,,
29604,ok,0,9,157,True,False,False,,,
29605,ok,500,8,70481,False,False,False,,,
29606,ok,0,5,98,True,False,False,,,
29607,ok,50,6,6655,False,False,False,,,
29611,ok,25,6,12265,False,False,False,,,
29613,capped,1000,2,572732,False,False,True,,,
29614,ok,10,6,1111,False,False,False,,,
29615,capped,1000,4,75966,False,False,True,,,
29616,ok,10,7,2039,False,False,False,,,
29617,ok,0,9,132,True,False,False,,,
29618,capped,1000,7,2860590,False,False,True,,,
29619,ok,0,9,101,True,False,False,,,
29622,ok,0,9,136,True,False,False,,,
29624,ok,0,7,94,True,False,False,,,
29625,ok,0,7,109,True,False,False,,,
29626,ok,0,5,80,True,False,False,,,
29627,capped,1000,3,182438,False,False,True,,,
29628,ok,25,3,3648,False,False,False,,,
29630,ok,0,5,71,True,False,False,,,
29632,ok,0,5,100,True,False,False,,,
29634,ok,0,14,185,True,False,False,,,
29636,capped,1000,7,291934,False,False,True,,,
29638,capped,1000,6,137177,False,False,True,,,
29639,ok,0,5,76,True,False,False,,,
29641,capped,1000,8,137580,False,False,True,,,
29642,ok,0,8,102,True,False,False,,,
29643,ok,500,6,59745,False,False,False,,,
29644,ok,100,7,22836,False,False,False,,,
29645,capped,1000,8,225434,False,False,True,,,
29646,ok,0,8,122,True,False,False,,,
29647,ok,0,8,152,True,False,False,,,
29648,ok,0,6,90,True,False,False,,,
29650,capped,1000,8,214900,False,False,True,,,
29653,ok,10,5,28664,False,False,False,,,
29655,ok,25,5,64805116,False,False,False,,,
29658,ok,0,5,108,True,False,False,,,
29659,ok,0,7,112,True,False,False,,,
29660,ok,0,4,63,True,False,False,,,
29663,ok,0,6,110,True,False,False,,,
29664,ok,75,5,6153,False,False,False,,,
29665,ok,0,9,132,True,False,False,,,
29668,ok,100,9,12923,False,False,False,,,
29670,ok,0,8,117,True,False,False,,,
29672,ok,0,7,127,True,False,False,,,
29673,capped,1000,6,2869206,False,False,True,,,
29674,ok,0,6,99,True,False,False,,,
29675,capped,1000,5,2858808,False,False,True,,,
29679,ok,0,6,85,True,False,False,,,
29682,capped,1000,5,133917,False,False,True,,,
29683,capped,1000,6,232352,False,False,True,,,
29684,capped,1000,4,26079,False,False,True,,,
29686,ok,0,6,99,True,False,False,,,
29687,ok,0,5,70,True,False,False,,,
29689,ok,0,8,114,True,False,False,,,
29690,ok,0,5,81,True,False,False,,,
29691,ok,0,6,89,True,False,False,,,
29692,capped,1000,7,80106,False,False,True,,,
29694,ok,0,5,83,True,False,False,,,
29695,capped,1000,5,246879,False,False,True,,,
29696,ok,0,5,64,True,False,False,,,
29697,ok,125,6,27192,False,False,False,,,
29698,ok,0,6,104,True,False,False,,,
29699,ok,25,4,212948,False,False,False,,,
29700,capped,1000,6,112919,False,False,True,,,
29701,ok,15,4,634,False,False,False,,,
29703,capped,1000,6,267036,False,False,True,,,
29710,ok,0,6,104,True,False,False,,,
29711,capped,1000,7,176881,False,False,True,,,
29712,ok,0,6,86,True,False,False,,,
29714,capped,1000,6,118420,False,False,True,,,
29716,ok,0,6,92,True,False,False,,,
29717,capped,1000,4,3849475,False,False,True,,,
29718,ok,0,9,132,True,False,False,,,
29720,ok,0,6,76,True,False,False,,,
29722,ok,25,4,1631,False,False,False,,,
29723,ok,0,6,93,True,False,False,,,
29724,ok,0,8,117,True,False,False,,,
29725,ok,0,6,81,True,False,False,,,
29727,ok,0,10,113,True,False,False,,,
29728,ok,0,6,108,True,False,False,,,
29729,ok,125,4,444575,False,False,False,,,
29731,ok,0,5,61,True,False,False,,,
29733,capped,1000,5,187167,False,False,True,,,
29734,ok,0,7,117,True,False,False,,,
29735,ok,0,6,106,True,False,False,,,
29736,ok,100,10,24256,False,False,False,,,
29737,capped,1000,6,102840,False,False,True,,,
29738,ok,0,5,83,True,False,False,,,
29739,ok,0,5,88,True,False,False,,,
29740,ok,0,5,87,True,False,False,,,
29741,ok,0,7,82,True,False,False,,,
29742,ok,500,6,110350,False,False,False,,,
29743,capped,1000,9,2889154,False,False,True,,,
29745,ok,500,7,37284,False,False,False,,,
29747,ok,0,7,105,True,False,False,,,
29748,ok,10,8,1977,False,False,False,,,
29750,ok,10,3,959,False,False,False,,,
29751,ok,376,7,60557,False,False,False,,,
29752,ok,0,7,107,True,False,False,,,
29753,capped,1000,6,78084,False,False,True,,,
29757,ok,50,6,15404,False,False,False,,,
29760,ok,0,7,115,True,False,False,,,
29762,ok,0,6,119,True,False,False,,,
29763,capped,1000,7,111237,False,False,True,,,
29764,ok,50,6,3710,False,False,False,,,
29765,ok,25,6,2265,False,False,False,,,
29766,capped,1000,7,100545,False,False,True,,,
29768,ok,10,5,2234,False,False,False,,,
29769,ok,0,7,118,True,False,False,,,
29771,capped,1000,7,123865,False,False,True,,,
29772,ok,100,8,10227,False,False,False,,,
29774,ok,0,5,80,True,False,False,,,
29776,ok,0,7,108,True,False,False,,,
29777,ok,100,4,14640,False,False,False,,,
29778,ok,0,5,68,True,False,False,,,
29780,ok,0,5,79,True,False,False,,,
29782,ok,2,6,278,False,False,False,,,
29784,ok,25,4,4906,False,False,False,,,
29786,ok,0,13,173,True,False,False,,,
29787,ok,0,8,135,True,False,False,,,
29788,ok,0,4,65,True,False,False,,,
29790,ok,75,9,56658,False,False,False,,,
29791,ok,0,5,90,True,False,False,,,
29792,ok,0,5,81,True,False,False,,,
29793,ok,0,8,134,True,False,False,,,
29794,ok,0,4,45,True,False,False,,,
29795,ok,0,3,39,True,False,False,,,
29797,ok,0,5,78,True,False,False,,,
29799,ok,0,6,81,True,False,False,,,
29800,ok,10,5,21030,False,False,False,,,
29802,ok,0,8,141,True,False,False,,,
29804,ok,0,7,116,True,False,False,,,
29805,ok,0,7,115,True,False,False,,,
29806,capped,1000,6,102016,False,False,True,,,
29813,ok,10,5,1503,False,False,False,,,
29815,ok,15,5,2355,False,False,False,,,
29818,ok,0,5,73,True,False,False,,,
29821,ok,0,8,133,True,False,False,,,
29822,ok,0,4,68,True,False,False,,,
29824,ok,0,7,95,True,False,False,,,
29827,ok,1,3,11160202,False,False,False,,,
29829,ok,0,9,147,True,False,False,,,
29830,ok,5,6,848,False,False,False,,,
29834,ok,0,5,86,True,False,False,,,
29835,ok,0,7,100,True,False,False,,,
29837,ok,0,5,68,True,False,False,,,
29838,ok,0,7,85,True,False,False,,,
29841,ok,100,5,15932,False,False,False,,,
29842,ok,0,7,102,True,False,False,,,
29843,ok,55,8,9300,False,False,False,,,
29844,ok,10,5,961,False,False,False,,,
29845,ok,0,6,96,True,False,False,,,
29846,ok,0,9,124,True,False,False,,,
29848,capped,1000,4,221033,False,False,True,,,
29849,ok,0,7,93,True,False,False,,,
29850,ok,0,10,153,True,False,False,,,
29851,ok,0,7,115,True,True,False,,,
29852,ok,25,4,1889,False,False,False,O408,1,2
29853,ok,0,7,119,True,False,False,,,
29856,ok,5,8,814,False,False,False,,,
29861,capped,1000,4,58850,False,False,True,,,
29863,ok,0,36,420,True,False,False,,,
29864,ok,300,4,28043,False,False,False,,,
29865,ok,0,4,79,True,False,False,,,
29866,ok,0,6,104,True,False,False,,,
29867,ok,0,6,107,True,False,False,,,
29868,ok,0,9,116,True,False,False,,,
29869,ok,0,9,103,True,False,False,,,
29870,ok,100,14,31439,False,False,False,,,
29871,ok,10,8,1834,False,False,False,,,
29872,ok,75,5,9588,False,False,False,,,
29875,capped,1000,9,162089,False,False,True,,,
29876,ok,0,7,125,True,False,False,,,
29877,capped,1000,9,222641,False,False,True,,,
29878,capped,1000,6,3525656,False,False,True,,,
29883,ok,5,7,26637947,False,False,False,,,
29884,capped,1000,4,57498,False,False,True,,,
29887,ok,0,7,110,True,False,False,,,
29889,capped,1000,7,1805955,False,False,True,,,
29892,ok,25,5,203669,False,False,False,,,
29894,capped,1000,6,104356,False,False,True,,,
29896,ok,10,6,1462,False,False,False,,,
29897,ok,0,7,95,True,False,False,,,
29898,capped,1000,9,151779,False,False,True,,,
29899,ok,5,4,365,False,False,False,,,
29900,ok,10,5,1256,False,False,False,,,
29902,ok,0,6,82,True,False,False,,,
29903,ok,25,5,201749,False,False,False,,,
29905,capped,1000,7,155098,False,False,True,,,
29907,ok,0,6,88,True,False,False,,,
29908,ok,10,3,1034,False,False,False,,,
29909,ok,0,7,83,True,False,False,,,
29910,capped,1000,5,3061114,False,True,True,,,
29911,ok,409,5,46819,False,False,False,,,
29912,ok,0,7,116,True,False,False,,,
29913,ok,150,3,6732,False,False,False,,,
29914,capped,1000,6,56874,False,False,True,,,
29915,ok,10,6,1624,False,False,False,,,
29918,ok,0,6,79,True,False,False,,,
29919,ok,0,6,82,True,False,False,,,
29920,capped,1000,6,2370364,False,False,True,,,
29922,ok,0,6,85,True,False,False,,,
29924,ok,100,8,15244,False,False,False,,,
29929,ok,0,10,133,True,False,False,,,
29930,ok,450,4,40543,False,False,False,O399,1,2
29932,ok,0,6,94,True,False,False,,,
29935,capped,1000,5,7993381,False,False,True,,,
29938,ok,0,4,81,True,False,False,,,
29939,ok,0,5,74,True,False,False,,,
29943,ok,0,6,69,True,False,False,,,
29944,ok,1,5,96,False,False,False,,,
29946,ok,10,6,28555,False,False,False,,,
29947,capped,1000,6,102615,False,False,True,,,
29949,ok,0,10,117,True,False,False,,,
29950,ok,0,7,123,True,False,False,,,
29953,ok,0,7,129,True,False,False,,,
29954,ok,750,8,100857,False,False,False,,,
29955,ok,0,5,80,True,False,False,,,
29956,ok,10,7,1342,False,False,False,,,
29957,ok,812,8,67399,False,False,False,,,
29958,ok,0,7,115,True,False,False,,,
29962,ok,0,8,121,True,False,False,,,
29963,ok,1,7,124,False,False,False,,,
29964,capped,1000,5,88473,False,False,True,,,
29965,ok,0,5,70,True,False,False,,,
29967,ok,0,8,116,True,False,False,,,
29968,ok,8,8,1603,False,False,False,,,
29969,ok,0,6,121,True,False,False,,,
29970,ok,10,9,1788,False,False,False,,,
29971,ok,10,4,621,False,False,False,,,
29974,ok,10,7,1094,False,False,False,,,
29985,ok,0,7,113,True,False,False,,,
29986,ok,1,8,171,False,False,False,,,
29990,ok,25,5,3095,False,False,False,,,
29992,ok,175,9,26728,False,False,False,,,
29994,ok,10,8,1418,False,False,False,,,
29997,capped,1000,9,204629,False,False,True,,,
29999,ok,0,7,79,True,False,False,,,
30000,capped,1000,6,166768,False,False,True,,,
30008,ok,0,5,87,True,False,False,,,
30010,ok,100,6,9187,False,False,False,,,
30011,ok,0,4,54,True,False,False,,,
30013,capped,1000,6,81842,False,False,True,,,
30026,ok,0,4,58,True,False,False,,,
30033,ok,10,9,12594,False,False,False,,,
30034,ok,25,5,2104,False,False,False,,,
30041,ok,0,8,110,True,False,False,,,
30046,ok,0,6,70,True,False,False,,,
30056,ok,0,7,100,True,False,False,,,
30063,capped,1000,6,57954,False,False,True,,,
30069,capped,1000,6,120243,False,False,True,,,
30071,ok,0,5,51,True,False,False,,,
30080,ok,0,5,74,True,False,False,,,
30085,ok,10,5,667,False,False,False,,,
30094,capped,1000,8,99956,False,False,True,,,
30098,ok,10,6,624,False,False,False,,,
30109,ok,10,4,416,False,False,False,,,
30112,ok,0,8,106,True,False,False,,,
30125,ok,100,8,8401,False,False,False,,,
30126,ok,0,6,86,True,False,False,,,
30128,ok,0,6,83,True,False,False,,,
30131,ok,25,5,1328,False,False,False,,,
30138,ok,17,6,1992,False,False,False,,,
30156,ok,0,6,110,True,False,False,,,
30157,ok,0,4,54,True,False,False,,,
30168,ok,5,3,288,False,False,False,,,
30175,ok,0,4,63,True,False,False,,,
30178,ok,0,4,65,True,False,False,,,
30180,capped,1000,6,74243,False,False,True,,,
30183,ok,0,9,126,True,False,False,,,
30185,ok,0,7,121,True,False,False,,,
30188,ok,25,6,24538846,False,False,False,,,
30199,capped,1000,4,36936,False,False,True,,,
30211,ok,25,5,2538,False,False,False,,,
30216,ok,0,5,76,True,False,False,,,
30220,ok,100,7,10203,False,False,False,,,
30223,ok,0,5,68,True,False,False,,,
30228,ok,25,6,1865,False,False,False,,,
30230,ok,10,6,16481,False,False,False,,,
30235,capped,1000,5,94046,False,False,True,,,
30247,ok,0,8,137,True,False,False,,,
30252,ok,0,6,95,True,False,False,,,
30254,capped,1000,7,99107,False,False,True,,,
30255,capped,1000,9,133651,False,False,True,,,
30261,ok,10,6,1163,False,False,False,,,
30267,ok,10,5,948,False,False,False,,,
30276,ok,5,5,234,False,False,False,,,
30280,ok,0,5,64,True,False,False,,,
30281,ok,0,8,116,True,False,False,,,
30284,ok,0,6,69,True,False,False,,,
30288,ok,10,4,619,False,False,False,,,
30296,ok,0,6,89,True,False,False,,,
30306,ok,50,7,4434,False,False,False,,,
30308,capped,1000,5,62722,False,False,True,,,
30309,ok,0,7,109,True,False,False,,,
30313,ok,0,6,81,True,False,False,,,
30319,ok,0,7,102,True,False,False,,,
30324,ok,3,6,303,False,False,False,,,
30348,ok,0,5,79,True,False,False,,,
30349,ok,5,2,248,False,False,False,O40,16,13
30350,capped,1000,5,58127,False,False,True,,,
30356,ok,0,6,97,True,False,False,,,
30357,ok,0,7,117,True,False,False,,,
30359,ok,0,6,88,True,False,False,,,
30370,ok,0,6,79,True,False,False,,,
30372,ok,0,6,126,True,False,False,,,
30378,ok,10,7,2682,False,False,False,,,
30381,capped,1000,6,44127,False,False,True,,,
30388,ok,750,8,85407,False,False,False,,,
30400,capped,1000,7,72099,False,False,True,,,
30408,ok,5,5,417,False,False,False,,,
30415,capped,1000,7,78494,False,False,True,,,
30425,ok,0,6,85,True,False,False,,,
30427,ok,100,6,10059,False,False,False,,,
30435,ok,10,5,853,False,False,False,,,
30436,ok,0,5,95,True,False,False,,,
30438,ok,2,7,335,False,False,False,,,
30441,capped,1000,11,130708,False,False,True,,,
30445,capped,1000,3,57026,False,False,True,,,
30447,ok,50,6,5482,False,False,False,,,
30459,ok,0,4,69,True,False,False,,,
30460,capped,1000,7,129258,False,False,True,,,
30463,ok,0,4,57,True,False,False,,,
30468,ok,0,6,78,True,False,False,,,
30477,ok,5,3,264,False,False,False,O99,8,6
30488,ok,10,5,698,False,False,False,,,
30501,ok,100,6,9603,False,False,False,,,
30502,ok,0,4,60,True,False,False,,,
30504,capped,1000,6,68443,False,False,True,,,
30520,capped,1000,6,95489,False,False,True,,,
30522,ok,5,6,369,False,False,False,,,
30525,ok,0,6,103,True,False,False,,,
30530,ok,10,6,1116,False,False,False,,,
30532,ok,0,10,159,True,False,False,,,
30533,ok,0,4,60,True,False,False,,,
30535,ok,10,6,1076,False,False,False,,,
30549,ok,25,4,1301,False,False,False,,,
30551,ok,10,4,606,False,False,False,,,
30555,ok,0,5,76,True,False,False,,,
30559,ok,7,6,663,False,False,False,,,
30569,ok,5,4,431,False,False,False,,,
30574,ok,0,6,96,True,False,False,,,
30580,ok,0,5,78,True,False,False,,,
30585,capped,1000,5,92132,False,False,True,,,
30592,capped,1000,8,118618,False,False,True,,,
30596,capped,1000,5,67026,False,False,True,,,
30597,ok,10,3,576,False,False,False,,,
30603,ok,0,5,83,True,False,False,,,
30607,ok,0,5,69,True,False,False,,,
30615,ok,10,5,925,False,False,False,,,
30619,capped,1000,8,84789,False,False,True,,,
30623,ok,5,5,468,False,False,False,,,
30629,ok,50,4,1650,False,False,False,,,
30631,capped,1000,6,103808,False,False,True,,,
30640,capped,1000,6,53261,False,False,True,,,
30643,ok,0,5,80,True,False,False,,,
30646,capped,1000,7,110991,False,False,True,,,
30652,ok,0,7,94,True,False,False,,,
30653,ok,0,9,115,True,False,False,,,
30655,capped,1000,8,140179,False,False,True,,,
30670,capped,1000,6,59761,False,False,True,,,
30677,ok,0,7,77,True,False,False,,,
30678,ok,0,6,80,True,False,False,,,
30679,ok,0,6,82,True,False,False,,,
30680,ok,0,9,118,True,False,False,,,
30691,ok,5,6,656,False,False,False,,,
30704,ok,0,3,49,True,False,False,,,
30713,ok,0,6,76,True,False,False,,,
30714,ok,10,5,559,False,False,False,,,
30721,ok,0,7,119,True,False,False,,,
30722,ok,10,7,1337,False,False,False,,,
30724,capped,1000,6,699072,False,False,True,,,
30730,ok,100,4,2038,False,False,False,,,
30733,ok,10,7,1142,False,False,False,,,
30735,ok,0,6,94,True,False,False,,,
30745,ok,23,7,2201,False,False,False,,,
30746,ok,0,7,94,True,False,False,,,
30751,ok,50,6,4546,False,False,False,,,
30756,ok,10,6,1069,False,False,False,,,
30758,ok,5,5,335,False,False,False,,,
30764,ok,0,7,106,True,False,False,,,
30765,ok,0,5,59,True,False,False,,,
30775,ok,25,1,2498,False,False,False,,,
30791,ok,10,7,1026,False,False,False,,,
30796,ok,0,6,83,True,False,False,,,
30798,ok,0,8,149,True,False,False,,,
30807,ok,0,6,73,True,False,False,,,
30813,ok,0,4,53,True,False,False,,,
30820,ok,10,4,556,False,False,False,,,
30826,ok,0,8,132,True,False,False,,,
30830,ok,25,8,614,False,False,False,,,
30833,ok,0,5,59,True,False,False,,,
30838,ok,0,6,73,True,False,False,,,
30840,ok,25,5,3175,False,False,False,,,
30849,ok,25,4,1687,False,False,False,,,
30859,capped,1000,6,77325,False,False,True,,,
30861,ok,5,4,327,False,False,False,,,
30862,ok,2,5,250,False,False,False,,,
30867,ok,100,7,6236,False,False,False,,,
30873,ok,5,5,446,False,False,False,,,
30875,ok,0,5,62,True,False,False,,,
30897,ok,0,4,55,True,False,False,,,
30901,ok,0,6,106,True,False,False,,,
30929,ok,10,8,1372,False,False,False,,,
30934,ok,5,3,336,False,False,False,,,
30937,capped,1000,6,61229,False,False,True,,,
30943,ok,472,4,24018,False,False,False,,,
30944,ok,0,6,78,True,False,False,,,
30967,capped,1000,6,69983,False,False,True,,,
30971,capped,1000,7,39094,False,False,True,,,
30974,ok,5,3,206,False,False,False,,,
30978,capped,1000,5,69564,False,False,True,,,
30981,ok,0,5,80,True,False,False,,,
30986,ok,5,4,371,False,False,False,,,
30991,ok,5,5,489,False,False,False,,,
30992,ok,100,6,9077,False,False,False,,,
30993,capped,1000,6,18068,False,False,True,,,
30999,ok,23,7,2430,False,False,False,,,
31001,ok,1,5,114,False,False,False,,,
31002,ok,0,5,75,True,False,False,,,
31003,ok,0,8,123,True,False,False,,,
31009,ok,25,7,2358,False,False,False,,,
31014,ok,9,5,829,False,False,False,,,
31020,ok,0,5,69,True,False,False,,,
31021,ok,5,3,259,False,False,False,O413,1,2
31024,ok,0,7,104,True,False,False,,,
31035,ok,10,7,1087,False,False,False,,,
31043,capped,1000,4,64541,False,False,True,,,
31047,ok,0,8,101,True,False,False,,,
31048,capped,1000,4,14973,False,False,True,,,
31051,capped,1000,5,81894,False,False,True,,,
31054,ok,5,5,1328,False,False,False,,,
31060,ok,5,5,678,False,False,False,,,
31068,ok,10,4,413,False,False,False,,,
31072,ok,0,4,47,True,False,False,,,
31073,ok,10,4,689,False,False,False,,,
31074,capped,1000,7,86371,False,False,True,,,
31076,ok,0,7,102,True,False,False,,,
31077,capped,1000,5,42678,False,False,True,,,
31080,capped,1000,6,63554,False,False,True,,,
31082,ok,0,5,85,True,False,False,,,
31093,ok,0,7,97,True,False,False,,,
31099,ok,50,6,3638,False,False,False,,,
31111,ok,0,6,98,True,False,False,,,
31113,ok,0,11,125,True,False,False,,,
31114,ok,277,7,23088,False,False,False,,,
31117,ok,0,6,94,True,False,False,,,
31122,ok,0,6,71,True,False,False,,,
31123,ok,25,7,1973,False,False,False,,,
31138,ok,25,6,1707,False,False,False,,,
31148,ok,0,4,63,True,False,False,,,
31170,ok,0,4,63,True,False,False,,,
31172,ok,100,6,3930,False,False,False,,,
31173,ok,13,5,1019,False,False,False,,,
31192,ok,10,6,692,False,False,False,,,
31198,ok,0,6,83,True,False,False,,,
31202,ok,100,12,13145,False,False,False,,,
31205,ok,100,7,12795,False,False,False,,,
31229,capped,1000,7,95813,False,False,True,,,
31234,ok,0,7,109,True,False,False,,,
31235,capped,1000,6,309236,False,False,True,,,
31248,ok,5,5,29097,False,False,False,,,
31251,capped,1000,9,131149,False,False,True,,,
31253,ok,0,4,54,True,False,False,,,
31266,ok,5,3,296,False,False,False,,,
31271,ok,0,6,79,True,False,False,,,
31279,capped,1000,7,123998,False,False,True,,,
31282,ok,0,7,91,True,False,False,,,
31284,capped,1000,5,69476,False,False,True,,,
31289,capped,1000,7,60517,False,False,True,,,
31301,ok,0,6,86,True,False,False,,,
31302,capped,1000,5,78012,False,False,True,,,
31309,capped,1000,11,65902,False,False,True,,,
31317,ok,0,7,82,True,False,False,,,
31331,ok,10,5,436,False,False,False,,,
31336,ok,25,3,1667,False,False,False,,,
31345,ok,10,6,898,False,False,False,,,
31350,capped,1000,6,78013,False,False,True,,,
31355,ok,0,6,81,True,False,False,,,
31368,ok,0,7,79,True,False,False,,,
31372,ok,0,7,101,True,False,False,,,
31382,ok,10,5,789,False,False,False,,,
31384,ok,0,5,64,True,False,False,,,
31393,ok,0,5,73,True,False,False,,,
31394,ok,25,7,2542,False,False,False,,,
31395,ok,0,5,70,True,False,False,,,
31425,ok,5,4,254,False,False,False,,,
31431,ok,0,7,93,True,False,False,,,
31441,ok,100,7,11346,False,False,False,,,
31443,ok,313,8,21190,False,False,False,,,
31444,ok,64,6,7976,False,False,False,,,
31448,ok,25,5,1809,False,False,False,,,
31451,ok,0,5,62,True,False,False,,,
31461,ok,0,6,74,True,False,False,,,
31463,ok,9,3,435,False,False,False,,,
31464,ok,10,6,10421971,False,False,False,,,
31468,capped,1000,5,60949,False,False,True,,,
31473,ok,0,7,104,True,False,False,,,
31474,ok,10,5,682,False,False,False,,,
31480,ok,25,4,1758,False,False,False,,,
31484,ok,5,5,453,False,False,False,,,
31494,ok,10,3,490,False,False,False,,,
31509,ok,10,6,575,False,False,False,,,
31510,ok,0,7,82,True,False,False,,,
31514,ok,0,4,55,True,False,False,,,
31516,ok,0,6,76,True,False,False,,,
31524,ok,10,6,1081,False,False,False,,,
31526,ok,10,6,1267,False,False,False,,,
31530,capped,1000,6,91020,False,False,True,,,
31538,ok,10,3,416,False,False,False,,,
31540,capped,1000,4,77858,False,False,True,,,
31552,ok,100,7,9042,False,False,False,,,
31561,ok,5,3,346,False,False,False,,,
31562,ok,0,8,120,True,False,False,,,
31563,ok,0,6,76,True,False,False,,,
31569,ok,0,6,97,True,False,False,,,
31577,capped,1000,7,111000,False,False,True,,,
31579,capped,1000,7,104318,False,False,True,,,
31580,ok,25,5,2277,False,False,False,,,
31582,ok,10,5,11745686,False,False,False,,,
31591,ok,25,6,2467,False,False,False,,,
31596,capped,1000,7,79583,False,False,True,,,
31606,ok,5,4,402,False,False,False,,,
31607,capped,1000,4,51670,False,False,True,,,
31609,ok,5,4,360,False,False,False,,,
31612,ok,0,8,110,True,False,False,,,
31613,ok,25,5,2118,False,False,False,,,
31621,ok,5,6,295,False,False,False,,,
31631,ok,0,7,94,True,False,False,,,
31633,capped,1000,8,68584,False,False,True,,,
31635,ok,10,7,1168,False,False,False,,,
31636,ok,10,5,838,False,False,False,,,
31642,ok,0,7,75,True,False,False,,,
31644,ok,5,5,253,False,False,False,,,
31648,capped,1000,7,122369,False,False,True,,,
31651,capped,1000,10,136461,False,False,True,,,
31662,ok,0,6,83,True,False,False,,,
31665,ok,0,8,93,True,False,False,,,
31666,ok,5,4,405,False,False,False,,,
31667,ok,3,4,227,False,False,False,,,
31668,ok,0,6,79,True,False,False,,,
31672,ok,0,4,50,True,False,False,,,
31679,ok,1,4,131,False,False,False,,,
31694,ok,0,5,65,True,False,False,,,
31695,ok,10,6,1018,False,False,False,,,
31705,ok,0,6,91,True,False,False,,,
31724,ok,10,6,1140,False,False,False,,,
31726,ok,0,7,99,True,False,False,,,
31732,capped,1000,5,68314,False,False,True,,,
31743,ok,0,8,92,True,False,False,,,
31746,capped,1000,7,56168,False,False,True,,,
31748,ok,3,5,314,False,False,False,,,
31755,ok,0,7,95,True,False,False,,,
31756,ok,0,6,98,True,False,False,,,
31760,ok,1,5,153,False,False,False,,,
31763,ok,10,5,780,False,False,False,,,
31765,ok,10,7,1032,False,False,False,,,
31767,ok,0,6,98,True,False,False,,,
31778,ok,254,9,23582,False,False,False,,,
31783,ok,0,6,83,True,False,False,,,
31784,ok,0,7,89,True,False,False,,,
31790,ok,50,6,4118,False,False,False,,,
31792,ok,5,4,307,False,False,False,,,
31796,ok,0,8,111,True,False,False,,,
31797,ok,25,4,1466,False,False,False,,,
31798,ok,0,5,76,True,False,False,,,
31803,capped,1000,6,76583,False,False,True,,,
31808,capped,1000,6,89978,False,False,True,,,
31817,ok,5,5,380,False,False,False,,,
31839,ok,0,7,112,True,False,False,,,
31840,capped,1000,5,44799,False,False,True,,,
31842,ok,0,6,96,True,False,False,,,
31846,ok,25,4,1403,False,False,False,,,
31850,ok,10,7,1075,False,False,False,,,
31857,capped,1000,8,102059,False,False,True,,,
31858,ok,10,6,570,False,False,False,,,
31859,ok,0,6,82,True,False,False,,,
31862,ok,0,6,66,True,False,False,,,
31869,ok,1,3,80,False,False,False,,,
31872,ok,0,5,82,True,False,False,,,
31873,ok,0,4,52,True,False,False,,,
31880,ok,10,4,458,False,False,False,,,
31883,ok,0,8,104,True,False,False,,,
31887,ok,10,5,811,False,False,False,,,
31891,ok,0,8,102,True,False,False,,,
31894,capped,1000,5,101754,False,False,True,,,
31897,ok,0,9,112,True,False,False,,,
31898,ok,5,4,225,False,False,False,,,
31899,ok,10,5,548,False,False,False,,,
31911,ok,0,5,72,True,False,False,,,
31919,ok,12,7,1358,False,False,False,,,
31939,ok,0,8,100,True,False,False,,,
31940,ok,100,5,6783,False,False,False,,,
31946,ok,0,9,106,True,False,False,,,
31948,ok,0,10,151,True,False,False,,,
31953,ok,160,7,9371,False,False,False,,,
31955,ok,0,6,82,True,False,False,,,
31969,ok,0,5,63,True,False,False,,,
31979,ok,10,5,772,False,False,False,,,
31981,ok,0,8,95,True,False,False,,,
31982,ok,25,6,1862,False,False,False,,,
31983,ok,0,7,110,True,False,False,,,
31991,capped,1000,6,64077,False,False,True,,,
32005,capped,1000,8,150053,False,False,True,,,
32007,ok,10,6,705,False,False,False,,,
32013,ok,5,4,281,False,False,False,,,
32014,ok,25,5,1969,False,False,False,,,
32018,ok,0,6,94,True,False,False,,,
32020,ok,792,7,90756,False,False,False,,,
32026,ok,0,7,100,True,False,False,,,
32031,ok,30,4,3575,False,False,False,,,
32032,capped,1000,8,66885,False,False,True,,,
32033,capped,1000,7,64043,False,False,True,,,
32036,ok,0,9,115,True,False,False,,,
32038,ok,0,3,51,True,False,False,,,
32055,ok,148,5,12721,False,False,False,,,
32058,ok,0,5,67,True,False,False,,,
32060,ok,0,7,117,True,False,False,,,
32062,ok,29,4,1510,False,False,False,,,
32070,ok,25,5,2145,False,False,False,,,
32072,ok,5,4,405,False,False,False,,,
32074,ok,25,5,1772,False,False,False,,,
32075,ok,250,8,29364,False,False,False,,,
32077,capped,1000,6,71101,False,False,True,,,
32084,ok,0,4,58,True,False,False,,,
32103,ok,0,6,104,True,False,False,,,
32108,ok,0,5,84,True,False,False,,,
32109,ok,250,4,8795,False,False,False,,,
32114,ok,10,5,785,False,False,False,,,
32116,ok,0,8,101,True,False,False,,,
32127,capped,1000,8,63146,False,False,True,,,
32130,ok,5,5,522,False,False,False,,,
32137,ok,10,7,1696,False,False,False,,,
32138,ok,25,5,1857,False,False,False,,,
32140,capped,1000,7,57816,False,False,True,,,
32141,ok,5,4,335,False,False,False,,,
32143,ok,500,9,72627,False,False,False,,,
32144,ok,0,5,73,True,False,False,,,
32147,ok,100,7,8143,False,False,False,,,
32148,ok,5,5,457,False,False,False,,,
32149,ok,5,5,443,False,False,False,,,
32159,ok,28,6,2161,False,False,False,,,
32161,capped,1000,7,54070,False,False,True,,,
32173,ok,16,7,1224,False,False,False,,,
32178,ok,10,5,806,False,False,False,,,
32186,ok,100,6,9654,False,False,False,,,
32188,ok,10,6,996,False,False,False,,,
32192,capped,1000,9,89053,False,False,True,,,
32193,ok,4,6,407,False,False,False,,,
32200,ok,10,3,278,False,False,False,,,
32208,ok,0,10,136,True,False,False,,,
32211,ok,0,5,58,True,False,False,,,
32215,ok,50,5,4374,False,False,False,,,
32218,ok,0,5,70,True,False,False,,,
32219,capped,1000,4,38054,False,False,True,,,
32220,capped,1000,5,31176,False,False,True,,,
32223,ok,0,5,71,True,False,False,,,
32239,ok,24,5,1449,False,False,False,,,
32240,ok,0,6,79,True,False,False,,,
32244,ok,5,4,311,False,False,False,,,
32245,ok,0,9,120,True,False,False,,,
32248,ok,4,3,230,False,False,False,,,
32254,ok,0,7,92,True,False,False,,,
32257,ok,0,6,61,True,False,False,,,
32267,ok,0,8,128,True,False,False,,,
32269,ok,0,7,99,True,False,False,,,
32271,ok,100,5,5553,False,False,False,,,
32305,ok,0,8,110,True,False,False,,,
32311,capped,1000,6,99885,False,False,True,,,
32312,ok,0,4,56,True,False,False,,,
32319,ok,0,4,65,True,True,False,,,
32326,ok,5,6,484,False,False,False,,,
32329,ok,0,5,81,True,False,False,,,
32337,ok,0,7,97,True,False,False,,,
32341,ok,100,9,8398,False,False,False,,,
32345,ok,10,6,870,False,False,False,,,
32348,ok,10,5,996,False,False,False,,,
32366,ok,0,5,77,True,False,False,,,
32368,ok,5,7,1987695,False,False,False,,,
32370,ok,0,8,99,True,False,False,,,
32379,ok,5,5,443,False,False,False,,,
32391,ok,0,6,80,True,False,False,,,
32395,ok,0,9,137,True,False,False,,,
32406,capped,1000,7,63980,False,False,True,,,
32412,ok,5,5,441,False,False,False,,,
32418,capped,1000,6,75161,False,False,True,,,
32420,ok,30,3,1554,False,False,False,,,
32429,ok,0,5,74,True,False,False,,,
32430,ok,10,5,831,False,False,False,,,
32440,capped,1000,7,109867,False,False,True,,,
32441,capped,1000,7,102661,False,False,True,,,
32446,ok,15,6,1678,False,False,False,,,
32451,ok,0,4,71,True,False,False,,,
32452,ok,25,5,1857,False,False,False,,,
32458,ok,100,6,8975,False,False,False,,,
32467,ok,30,3,1824,False,False,False,,,
32472,ok,0,9,123,True,False,False,,,
32487,capped,1000,6,54771,False,False,True,,,
32503,ok,0,3,50,True,False,False,,,
32504,ok,5,4,399,False,False,False,,,
32509,ok,10,6,1154,False,False,False,,,
32524,capped,1000,6,48899,False,False,True,,,
32529,ok,0,7,70,True,False,False,,,
32530,ok,0,7,90,True,False,False,,,
32533,ok,0,4,75,True,False,False,,,
32546,ok,0,6,75,True,False,False,,,
32547,capped,1000,8,97934,False,False,True,,,
32551,ok,0,6,101,True,False,False,,,
32555,capped,1000,5,65054,False,False,True,,,
32562,ok,0,5,92,True,False,False,,,
32570,ok,0,5,80,True,False,False,,,
32573,ok,10,4,563,False,False,False,,,
32578,ok,100,4,5058,False,False,False,,,
32582,ok,0,6,76,True,False,False,,,
32591,ok,250,4,3378,False,False,False,,,
32595,ok,0,6,112,True,False,False,,,
32597,ok,5,6,383,False,False,False,,,
32600,ok,10,5,915,False,False,False,,,
32603,ok,25,6,2357,False,False,False,,,
32606,capped,1000,4,82438,False,False,True,,,
32607,ok,0,8,97,True,False,False,,,
32609,ok,0,6,77,True,False,False,,,
32614,ok,0,5,87,True,False,False,,,
32617,ok,0,4,75,True,False,False,,,
32618,ok,0,5,62,True,False,False,,,
32623,ok,25,5,28850740,False,False,False,,,
32624,ok,5,4,673,False,False,False,,,
32626,ok,0,5,67,True,False,False,,,
32629,ok,0,7,112,True,False,False,,,
32631,ok,25,4,2351,False,False,False,,,
32635,ok,0,5,73,True,False,False,,,
32637,ok,10,5,555,False,False,False,,,
32641,capped,1000,7,86339,False,False,True,,,
32645,ok,10,5,7605,False,False,False,,,
32646,ok,0,5,82,True,False,False,,,
32650,ok,100,7,9226,False,False,False,,,
32651,ok,10,7,945,False,False,False,,,
32654,ok,0,6,65,True,False,False,,,
32659,ok,10,7,1182,False,False,False,,,
32663,ok,0,6,88,True,False,False,,,
32667,ok,0,4,77,True,False,False,,,
32672,ok,5,3,320,False,False,False,,,
32673,ok,100,7,9272,False,False,False,,,
32679,ok,25,5,1928,False,False,False,,,
32680,ok,0,5,67,True,False,False,,,
32684,ok,5,5,434,False,False,False,,,
32712,ok,0,8,115,True,True,False,,,
32717,ok,10,5,612,False,False,False,,,
32721,ok,10,3,581,False,False,False,,,
32722,capped,1000,5,20631,False,False,True,,,
32723,ok,5,5,463,False,False,False,,,
32724,capped,1000,6,94064,False,False,True,,,
32742,ok,100,7,8465,False,False,False,,,
32747,capped,1000,9,109919,False,False,True,,,
32751,ok,0,7,97,True,False,False,,,
32764,ok,0,5,59,True,False,False,,,
32773,ok,25,5,2255,False,False,False,,,
32776,ok,10,4,398,False,False,False,,,
32785,ok,0,7,89,True,False,False,,,
32790,ok,25,4,1714,False,False,False,,,
32793,ok,50,7,5561,False,False,False,,,
32808,capped,1000,10,69335,False,False,True,,,
32818,ok,10,6,900,False,False,False,,,
32819,ok,10,5,1115,False,False,False,,,
32823,ok,0,6,83,True,False,False,,,
32831,capped,1000,4,72064,False,False,True,,,
32858,capped,1000,7,120456,False,False,True,,,
32861,ok,0,4,73,True,False,False,,,
32863,ok,10,6,968,False,False,False,,,
32866,ok,0,9,121,True,False,False,,,
32869,capped,1000,4,32176,False,False,True,,,
32878,ok,5,4,368,False,False,False,,,
32894,ok,10,6,732,False,False,False,,,
32909,ok,5,7,668,False,False,False,,,
32910,capped,1000,8,85179,False,False,True,,,
32914,ok,0,7,101,True,False,False,,,
32918,ok,50,6,3889,False,False,False,,,
32925,capped,1000,8,77990,False,False,True,,,
32938,ok,0,5,52,True,False,False,,,
32939,capped,1000,8,65123,False,False,True,,,
32946,ok,10,8,7102,False,False,False,,,
32949,ok,25,5,2404,False,False,False,,,
32961,ok,0,6,108,True,False,False,,,
32966,ok,12,4,1084,False,False,False,,,
32968,ok,0,5,74,True,False,False,,,
32971,ok,0,9,102,True,False,False,,,
32974,ok,10,7,1035,False,False,False,,,
32981,ok,10,3,608,False,False,False,,,
32985,capped,1000,7,82578,False,False,True,,,
32988,ok,0,4,69,True,False,False,,,
32989,capped,1000,6,75064,False,False,True,,,
32993,ok,0,8,114,True,False,False,,,
32994,capped,1000,7,112451,False,False,True,,,
32995,capped,1000,7,45864,False,False,True,,,
33002,ok,25,6,2162,False,False,False,,,
33004,capped,1000,5,75731,False,False,True,,,
33014,ok,0,6,94,True,False,False,,,
33018,ok,0,5,63,True,False,False,,,
33022,capped,1000,6,81144,False,False,True,,,
33026,ok,0,6,75,True,False,False,,,
33028,ok,0,5,82,True,False,False,,,
33044,ok,10,7,492,False,False,False,,,
33054,capped,1000,4,39084,False,False,True,,,
33057,ok,10,4,490,False,False,False,,,
33062,ok,0,8,119,True,False,False,,,
33069,ok,0,8,116,True,False,False,,,
33071,ok,5,4,363,False,False,False,,,
33075,capped,1000,7,131785,False,False,True,,,
33080,capped,1000,3,18602,False,False,True,,,
33082,capped,1000,11,143097,False,False,True,,,
33086,ok,10,6,1228,False,False,False,,,
33092,ok,4,5,351,False,False,False,,,
33094,ok,0,4,54,True,False,False,,,
33095,ok,0,6,87,True,False,False,,,
33104,capped,1000,6,86968,False,False,True,,,
33106,ok,5,5,9451,False,False,False,,,
33110,ok,25,5,71366,False,False,False,,,
33111,ok,10,3,546,False,False,False,,,
33117,ok,10,5,598,False,False,False,,,
33130,ok,5,6,469,False,False,False,,,
33134,capped,1000,6,95274,False,False,True,,,
33138,ok,0,4,84,True,False,False,,,
33147,ok,0,6,93,True,False,False,,,
33149,ok,100,7,10420,False,False,False,,,
33152,ok,0,6,93,True,False,False,,,
33165,ok,0,5,61,True,False,False,,,
33171,ok,25,6,2483,False,False,False,,,
33172,ok,10,7,838,False,False,False,,,
33175,ok,5,3,203,False,False,False,,,
33181,capped,1000,8,117713,False,False,True,,,
33182,capped,1000,5,82080,False,False,True,,,
33188,ok,0,7,87,True,False,False,,,
33189,ok,10,4,557,False,False,False,,,
33192,ok,25,8,3942,False,False,False,,,
33197,ok,10,6,952,False,False,False,,,
33209,ok,0,8,116,True,False,False,,,
33217,ok,50,7,4117,False,False,False,,,
33223,ok,0,5,60,True,False,False,,,
33237,ok,0,4,65,True,False,False,,,
33238,ok,25,6,2542,False,False,False,,,
33242,ok,10,6,4695,False,False,False,,,
33244,capped,1000,8,124865,False,False,True,,,
33245,ok,25,4,2073,False,False,False,,,
33252,capped,1000,7,123078,False,False,True,,,
33259,capped,1000,7,97993,False,False,True,,,
33267,ok,0,5,79,True,False,False,,,
33269,capped,1000,5,92765,False,False,True,,,
33272,ok,0,9,133,True,False,False,,,
33276,ok,100,8,8160,False,False,False,,,
33280,capped,1000,7,69694,False,False,True,,,
33285,ok,5,4,302,False,False,False,,,
33288,ok,10,6,565,False,False,False,,,
33289,ok,0,6,93,True,False,False,,,
33295,capped,1000,6,57788,False,False,True,,,
33310,ok,0,7,91,True,False,False,,,
33315,capped,1000,6,71593,False,False,True,,,
33318,ok,0,10,135,True,False,False,,,
33322,ok,10,4,636,False,False,False,,,
33326,ok,10,6,573,False,False,False,,,
33331,ok,0,5,65,True,False,False,,,
33336,ok,16,7,2054,False,False,False,,,
33348,ok,20,8,2817,False,False,False,,,
33349,ok,0,5,91,True,False,False,,,
33352,ok,0,6,85,True,False,False,,,
33354,ok,50,6,4640,False,False,False,,,
33358,ok,28,7,2562,False,False,False,,,
33361,ok,120,5,10541,False,False,False,,,
33362,ok,0,6,85,True,False,False,,,
33364,ok,0,6,74,True,False,False,,,
33372,ok,0,6,79,True,False,False,,,
33382,ok,112,8,10826,False,False,False,,,
33383,ok,0,7,90,True,False,False,,,
33389,ok,0,8,103,True,False,False,,,
33390,ok,0,8,94,True,False,False,,,
33392,ok,10,5,613,False,False,False,,,
33393,ok,0,7,90,True,False,False,,,
33402,ok,0,8,110,True,False,False,,,
33404,ok,0,10,147,True,False,False,,,
33409,ok,100,6,7745,False,False,False,,,
33414,ok,10,5,927,False,False,False,,,
33419,ok,0,5,62,True,False,False,,,
33420,ok,0,5,78,True,False,False,,,
33421,ok,25,5,1513,False,False,False,,,
33435,ok,25,6,2192,False,False,False,,,
33439,ok,5,4,293,False,False,False,,,
33443,ok,100,6,6190,False,False,False,,,
33451,ok,0,6,89,True,False,False,,,
33459,ok,0,5,62,True,False,False,,,
33463,ok,0,8,94,True,False,False,,,
33473,capped,1000,8,71658,False,False,True,,,
33489,ok,0,5,91,True,False,False,,,
33491,ok,0,5,93,True,False,False,,,
33495,ok,0,5,75,True,False,False,,,
33504,ok,25,7,3134,False,False,False,,,
33514,ok,0,6,99,True,False,False,,,
33519,ok,5,6,563,False,False,False,,,
33520,ok,0,6,89,True,False,False,,,
33521,ok,5,4,297,False,False,False,,,
33533,ok,0,5,70,True,False,False,,,
33537,capped,1000,8,100452,False,False,True,,,
33541,capped,1000,3,35933,False,False,True,,,
33547,ok,10,4,657,False,False,False,,,
33549,ok,25,5,1500,False,False,False,,,
33550,ok,0,5,78,True,False,False,,,
33551,ok,0,4,56,True,False,False,,,
33553,capped,1000,8,99680,False,False,True,,,
33556,capped,1000,8,108013,False,False,True,,,
33563,ok,25,5,47315307,False,False,False,,,
33570,ok,5,4,395,False,False,False,,,
33571,ok,2,4,146,False,False,False,,,
33572,capped,1000,7,81992,False,False,True,,,
33582,capped,1000,9,111786,False,False,True,,,
33585,ok,0,7,102,True,False,False,,,
33595,ok,5,6,561,False,False,False,,,
33597,ok,0,6,83,True,False,False,,,
33600,capped,1000,3,34028,False,False,True,,,
33604,ok,5,5,380,False,False,False,,,
33609,ok,0,9,144,True,False,False,,,
33612,ok,44,5,3923,False,False,False,,,
33619,capped,1000,5,136579,False,False,True,,,
33622,ok,5,5,310,False,False,False,,,
33634,ok,0,4,63,True,False,False,,,
33635,ok,25,3,1765,False,False,False,O425,1,2
33637,capped,1000,5,39063,False,False,True,,,
33638,capped,1000,6,72897,False,False,True,,,
33643,capped,1000,5,28197,False,False,True,,,
33655,ok,50,5,2630,False,False,False,,,
33664,ok,0,5,74,True,False,False,,,
33667,ok,10,5,662,False,False,False,,,
33672,capped,1000,6,78081,False,False,True,,,
33673,ok,5,3,293,False,False,False,,,
33676,ok,50,8,4849,False,False,False,,,
33677,capped,1000,7,81955,False,False,True,,,
33685,ok,5,4,337,False,False,False,,,
33689,capped,1000,8,69359,False,False,True,,,
33703,ok,10,7,5629792,False,False,False,,,
33704,ok,0,6,82,True,False,False,,,
33713,capped,1000,4,57032,False,False,True,,,
33714,ok,25,4,1238,False,False,False,,,
33727,ok,20,5,1611,False,False,False,,,
33733,ok,25,5,2384,False,False,False,,,
33736,ok,0,6,84,True,False,False,,,
33737,ok,25,5,2102,False,False,False,,,
33741,capped,1000,6,65855,False,False,True,,,
33746,ok,597,7,74116,False,False,False,,,
33747,ok,5,6,391,False,False,False,,,
33752,ok,10,6,1391,False,False,False,,,
33756,ok,0,6,84,True,False,False,,,
33762,ok,0,5,76,True,False,False,,,
33772,capped,1000,5,82954,False,False,True,,,
33774,ok,100,5,7352,False,False,False,,,
33782,ok,10,7,543,False,False,False,,,
33785,capped,1000,4,34056,False,False,True,,,
33790,ok,0,8,133,True,False,False,,,
33805,ok,0,5,78,True,False,False,,,
33814,ok,25,6,1948,False,False,False,,,
33815,ok,0,5,70,True,False,False,,,
33816,capped,1000,5,26939,False,False,True,,,
33817,ok,5,5,381,False,False,False,,,
33820,ok,16,8,1474,False,False,False,,,
33831,ok,25,3,1495,False,False,False,,,
33841,ok,5,3,269,False,False,False,,,
33843,ok,0,5,74,True,False,False,,,
33868,ok,0,5,54,True,False,False,,,
33873,ok,0,12,182,True,False,False,,,
33877,ok,24,6,2843,False,False,False,,,
33884,ok,0,4,57,True,False,False,,,
33885,ok,0,6,103,True,False,False,,,
33888,ok,0,6,71,True,False,False,,,
33892,ok,0,8,92,True,False,False,,,
33898,capped,1000,9,104880,False,False,True,,,
33902,ok,810,8,79875,False,False,False,,,
33905,capped,1000,4,49444,False,False,True,,,
33924,ok,0,5,72,True,False,False,,,
33936,ok,0,4,53,True,False,False,,,
33938,capped,1000,6,120980,False,False,True,,,
33947,capped,1000,7,26882,False,False,True,,,
33954,ok,50,6,4929,False,False,False,,,
33973,ok,0,6,70,True,False,False,,,
33978,ok,10,5,638,False,False,False,,,
33985,ok,0,5,72,True,False,False,,,
33992,capped,1000,5,50954,False,False,True,,,
34003,ok,0,7,101,True,False,False,,,
34006,ok,0,5,82,True,False,False,,,
34017,ok,0,5,66,True,False,False,,,
34021,ok,10,7,990,False,False,False,,,
34029,capped,1000,4,47050,False,False,True,,,
34030,ok,5,2,243,False,False,False,,,
34032,ok,0,7,100,True,False,False,,,
34041,ok,5,4,167,False,False,False,,,
34068,ok,0,6,72,True,False,False,,,
34069,ok,0,7,84,True,False,False,,,
34074,ok,0,6,74,True,False,False,,,
34078,ok,0,7,87,True,False,False,,,
34081,ok,0,6,82,True,False,False,,,
34094,ok,10,7,845,False,False,False,,,
34096,ok,10,7,883,False,False,False,,,
34100,ok,0,4,61,True,False,False,,,
34101,ok,0,6,89,True,False,False,,,
34103,ok,0,4,61,True,False,False,,,
34106,ok,0,10,132,True,False,False,,,
34107,capped,1000,3,57938,False,False,True,,,
34119,ok,0,5,52,True,False,False,,,
34126,ok,5,4,291,False,False,False,,,
34135,ok,50,10,7857,False,False,False,,,
34138,ok,10,5,775,False,False,False,,,
34139,ok,0,8,104,True,False,False,,,
34142,ok,0,6,90,True,False,False,,,
34154,ok,25,8,1392,False,False,False,,,
34155,ok,4,6,497,False,False,False,,,
34171,ok,10,6,1468,False,False,False,,,
34174,capped,1000,6,34610,False,False,True,,,
34176,capped,1000,6,77961,False,False,True,,,
34187,ok,425,8,37053,False,False,False,,,
34191,ok,25,6,13562509,False,False,False,,,
34194,ok,25,6,2503,False,False,False,,,
34203,capped,1000,5,50863,False,False,True,,,
34207,capped,1000,8,108070,False,False,True,,,
34210,ok,10,6,878,False,False,False,,,
34212,ok,0,4,59,True,False,False,,,
34217,ok,5,5,446,False,False,False,,,
34232,ok,10,4,603,False,False,False,,,
34246,ok,50,8,5102,False,False,False,,,
34250,ok,5,3,205,False,False,False,,,
34254,ok,6,3,438,False,False,False,,,
34274,ok,0,4,68,True,False,False,,,
34284,ok,100,9,9777,False,False,False,,,
34289,ok,0,9,135,True,False,False,,,
34297,ok,25,4,1503,False,False,False,,,
34305,ok,0,6,82,True,False,False,,,
34310,ok,3,3,172,False,False,False,,,
34332,ok,100,6,8226,False,False,False,,,
34334,ok,25,4,2228,False,False,False,,,
34343,capped,1000,4,65563,False,False,True,,,
34348,capped,1000,6,47880,False,False,True,,,
34354,ok,5,5,448,False,False,False,,,
34360,ok,118,4,5371,False,False,False,,,
34367,ok,10,5,815,False,False,False,,,
34371,ok,5,5,380,False,False,False,,,
34376,ok,10,4,566,False,False,False,,,
34380,capped,1000,6,58560,False,False,True,,,
34383,ok,5,3,315,False,False,False,,,
34389,ok,0,7,116,True,False,False,,,
34391,ok,25,4,1917,False,False,False,,,
34392,ok,10,5,900,False,False,False,,,
34399,ok,5,5,326,False,False,False,,,
34408,ok,100,6,5138,False,False,False,,,
34413,ok,100,4,6449,False,False,False,,,
34430,capped,1000,10,72577,False,False,True,,,
34441,ok,0,9,143,True,False,False,,,
34442,ok,560,4,26071,False,False,False,,,
34443,ok,5,6,471,False,False,False,,,
34450,ok,100,7,9769,False,False,False,,,
34453,ok,3,4,233,False,False,False,,,
34454,ok,10,7,1279,False,False,False,,,
34455,ok,0,5,94,True,False,False,,,
34471,ok,0,8,109,True,False,False,,,
34475,capped,1000,7,76533,False,False,True,,,
34476,ok,0,5,82,True,False,False,,,
34477,ok,0,7,106,True,False,False,,,
34481,ok,0,4,65,True,False,False,,,
34484,ok,25,5,1799,False,False,False,,,
34486,ok,0,6,82,True,False,False,,,
34499,ok,0,5,86,True,False,False,,,
34506,ok,0,6,88,True,False,False,,,
34511,ok,25,5,3378,False,False,False,,,
34524,ok,10,3,495,False,False,False,,,
34526,ok,0,8,135,True,False,False,,,
34532,ok,0,5,68,True,False,False,,,
34533,capped,1000,7,92090,False,False,True,,,
34540,capped,1000,7,85581,False,False,True,,,
34545,ok,0,5,78,True,False,False,,,
34548,ok,10,4,691,False,False,False,,,
34549,ok,10,7,793,False,False,False,,,
34559,capped,1000,8,97888,False,False,True,,,
34562,capped,1000,6,53229,False,False,True,,,
34576,ok,13,7,1492,False,False,False,,,
34587,ok,25,7,2314,False,False,False,,,
34588,ok,25,6,874,False,False,False,,,
34589,ok,0,7,94,True,False,False,,,
34605,ok,0,6,75,True,False,False,,,
34623,ok,110,5,10313,False,False,False,,,
34627,ok,0,6,81,True,False,False,,,
34632,capped,1000,4,72561,False,False,True,,,
34636,ok,50,3,2886,False,False,False,,,
34641,ok,10,8,1369,False,False,False,,,
34642,ok,2,5,212,False,False,False,,,
34648,ok,0,6,87,True,False,False,,,
34661,ok,0,5,54,True,False,False,,,
34673,ok,0,5,75,True,False,False,,,
34687,ok,0,5,68,True,False,False,,,
34691,ok,0,4,67,True,False,False,,,
34692,capped,1000,5,52347,False,False,True,,,
34702,ok,0,5,61,True,False,False,,,
34709,ok,0,10,123,True,False,False,,,
34711,ok,0,7,101,True,False,False,,,
34712,ok,25,4,1943,False,False,False,,,
34723,ok,0,5,85,True,False,False,,,
34731,ok,0,5,78,True,False,False,,,
34733,capped,1000,8,776563,False,False,True,,,
34740,ok,5,4,322,False,False,False,,,
34744,ok,0,4,61,True,False,False,,,
34746,ok,2,4,132,False,False,False,,,
34754,ok,25,4,1272,False,False,False,,,
34769,ok,0,6,79,True,False,False,,,
34792,ok,10,5,735,False,False,False,,,
34793,ok,0,6,76,True,False,False,,,
34794,capped,1000,6,42842,False,False,True,,,
34804,ok,5,6,507,False,False,False,,,
34814,ok,0,8,106,True,False,False,,,
34816,capped,1000,7,51881,False,False,True,,,
34821,ok,5,4,291,False,False,False,,,
34822,ok,0,7,99,True,False,False,,,
34825,ok,10,6,750,False,False,False,,,
34832,ok,0,8,107,True,False,False,,,
34837,ok,0,5,81,True,False,False,,,
34842,capped,1000,7,107950,False,False,True,,,
34860,capped,1000,7,95769,False,False,True,,,
34862,ok,100,10,13401,False,False,False,,,
34863,ok,5,6,469,False,False,False,,,
34868,capped,1000,5,62477,False,False,True,,,
34869,ok,0,5,73,True,False,False,,,
34879,ok,0,4,45,True,False,False,,,
34881,ok,10,5,854,False,False,False,,,
34896,ok,0,5,79,True,False,False,,,
34897,capped,1000,4,21952,False,False,True,,,
34899,ok,10,4,599,False,False,False,,,
34902,ok,0,7,97,True,False,False,,,
34906,ok,0,5,93,True,False,False,,,
34907,ok,100,10,11454,False,False,False,,,
34908,capped,1000,9,110792,False,False,True,,,
34911,capped,1000,7,48444,False,False,True,,,
34916,capped,1000,5,74026,False,False,True,,,
34917,ok,25,5,1576,False,False,False,,,
34919,ok,25,4,1386,False,False,False,,,
34921,ok,25,4,1254,False,True,False,,,
34928,ok,19,6,2141,False,False,False,,,
34929,capped,1000,4,42472,False,False,True,,,
34930,ok,25,5,2053,False,False,False,,,
34932,ok,5,5,2525555,False,False,False,,,
34935,ok,0,4,64,True,False,False,,,
34937,ok,125,7,12755,False,False,False,,,
34939,ok,0,6,83,True,False,False,,,
34943,ok,0,7,75,True,False,False,,,
34944,ok,0,5,70,True,False,False,,,
34945,capped,1000,7,64252,False,False,True,,,
34946,ok,10,6,434,False,False,False,,,
34955,ok,0,5,70,True,False,False,,,
34961,ok,0,5,69,True,False,False,,,
34963,ok,25,4,1576,False,False,False,,,
34966,ok,0,7,111,True,False,False,,,
34967,ok,0,5,64,True,False,False,,,
34971,ok,0,4,42,True,False,False,,,
34975,capped,1000,6,90386,False,False,True,,,
34992,ok,5,8,470,False,False,False,,,
34993,ok,10,5,522,False,False,False,,,
