qid,status,rows,rows_at_least,records_kept,ncol,bytes,multiline,dup_rows,all_rows_identical,identical_output_group,sql_copies,same_rows_as_n_queries,limit,run_s,sqlstorm_status,sqlstorm_elapsed_s
3,ok,10.0,False,10.0,9.0,847,False,0.0,False,,0,0.0,,1.559,pass,2.213
11,ok,100.0,False,100.0,12.0,6773,False,0.0,False,,0,0.0,100.0,2.432,pass,3.498
18,ok,326.0,False,326.0,9.0,18935,False,0.0,False,,0,0.0,,0.622,pass,0.76
21,ok,5.0,False,5.0,9.0,614,False,0.0,False,,0,0.0,50.0,0.67,pass,0.868
23,ok,76.0,False,76.0,9.0,6756,False,0.0,False,,0,0.0,,0.648,pass,0.853
26,capped,1000.0,True,1000.0,7.0,23538,False,0.0,False,,0,0.0,,0.553,pass,0.677
28,ok,50.0,False,50.0,8.0,5454,False,0.0,False,,0,0.0,50.0,0.838,pass,1.147
29,ok,0.0,False,0.0,7.0,91,False,0.0,False,,0,,10.0,0.126,pass,0.195
32,ok,0.0,False,0.0,4.0,67,False,0.0,False,,0,,10.0,0.935,pass,1.343
37,ok,1.0,False,1.0,12.0,204,False,0.0,False,,0,0.0,,1.149,pass,1.597
39,capped,1000.0,True,1000.0,8.0,35321,False,0.0,False,,0,0.0,,1.377,pass,2.024
42,ok,39.0,False,39.0,7.0,1470,False,1.0,False,,0,0.0,,0.093,pass,0.135
44,capped,1000.0,True,1000.0,11.0,49794,False,0.0,False,,0,0.0,,1.24,pass,1.68
51,ok,10.0,False,10.0,8.0,730,False,0.0,False,,0,0.0,,1.003,pass,1.324
54,ok,10.0,False,10.0,11.0,1022,False,0.0,False,,0,0.0,10.0,0.7,pass,1.033
55,ok,10.0,False,10.0,10.0,1180,False,0.0,False,,0,0.0,,0.867,pass,1.202
57,ok,0.0,False,0.0,14.0,163,False,0.0,False,,0,,,1.248,pass,1.749
61,capped,1000.0,True,1000.0,8.0,67548,False,0.0,False,,0,0.0,,1.257,pass,1.787
63,ok,0.0,False,0.0,11.0,123,False,0.0,False,,0,,10.0,1.072,pass,1.533
64,ok,10.0,False,10.0,10.0,656,False,0.0,False,,0,0.0,,2.279,pass,3.258
65,ok,422.0,False,422.0,12.0,34483,False,0.0,False,,0,0.0,,4.068,pass,6.32
68,ok,36.0,False,36.0,10.0,3565,False,0.0,False,,0,0.0,50.0,0.13,pass,0.232
70,ok,10.0,False,10.0,9.0,358,False,0.0,False,,0,0.0,,0.091,pass,0.134
71,ok,10.0,False,10.0,10.0,1282,False,0.0,False,,0,0.0,,3.039,pass,3.372
74,capped,1000.0,True,1000.0,10.0,70833,False,0.0,False,,0,0.0,,1.84,pass,2.619
79,ok,10.0,False,10.0,7.0,1205,False,0.0,False,,0,0.0,,0.683,pass,0.862
84,ok,50.0,False,50.0,9.0,4193,False,0.0,False,,0,0.0,50.0,0.349,pass,0.52
90,ok,0.0,False,0.0,9.0,102,False,0.0,False,,0,,5.0,0.926,pass,1.308
96,ok,100.0,False,100.0,9.0,13803,False,76.0,False,,0,0.0,100.0,1.814,pass,2.579
98,ok,13.0,False,13.0,6.0,988,False,3.0,False,,0,0.0,,3.449,pass,4.555
101,ok,100.0,False,100.0,10.0,6713,False,0.0,False,,0,0.0,,0.736,pass,1.047
102,ok,10.0,False,10.0,5.0,499,False,0.0,False,,0,0.0,10.0,0.673,pass,0.966
114,ok,11.0,False,11.0,6.0,705,False,1.0,False,,0,0.0,,2.012,pass,2.275
115,ok,10.0,False,10.0,10.0,1457,False,0.0,False,,0,0.0,10.0,0.263,pass,0.381
121,ok,0.0,False,0.0,8.0,98,False,0.0,False,,0,,100.0,1.483,pass,1.969
134,ok,50.0,False,50.0,9.0,5883,False,0.0,False,,0,0.0,50.0,0.583,pass,0.68
135,ok,50.0,False,50.0,13.0,2160,False,0.0,False,,0,0.0,50.0,1.127,pass,1.618
136,ok,50.0,False,50.0,8.0,2692,False,0.0,False,,0,0.0,50.0,0.422,pass,0.571
137,ok,13.0,False,13.0,6.0,699,False,0.0,False,,0,0.0,,0.372,pass,0.481
139,ok,0.0,False,0.0,7.0,72,False,0.0,False,,0,,50.0,1.253,pass,2.218
140,ok,50.0,False,50.0,12.0,3682,False,0.0,False,,0,0.0,50.0,2.696,pass,3.683
142,ok,0.0,False,0.0,8.0,101,False,0.0,False,,0,,,0.96,pass,1.259
148,capped,1000.0,True,1000.0,15.0,126653,False,0.0,False,,0,0.0,,2.095,pass,2.837
149,ok,20.0,False,20.0,8.0,1180,False,0.0,False,,0,0.0,20.0,3.015,pass,3.752
151,ok,10.0,False,10.0,6.0,1126,False,0.0,False,,0,0.0,10.0,0.564,pass,0.721
152,ok,0.0,False,0.0,7.0,78,False,0.0,False,,0,,100.0,0.622,pass,0.766
160,ok,108.0,False,108.0,10.0,12817,False,0.0,False,,0,0.0,,0.378,pass,0.54
161,ok,10.0,False,10.0,8.0,466,False,0.0,False,,0,0.0,,0.683,pass,0.973
164,ok,100.0,False,100.0,11.0,6129,False,0.0,False,,0,0.0,100.0,0.902,pass,1.253
168,ok,100.0,False,100.0,10.0,6076,False,0.0,False,,0,0.0,100.0,0.326,pass,0.435
175,ok,10.0,False,10.0,9.0,1363,False,0.0,False,,0,0.0,10.0,2.162,pass,2.94
176,ok,100.0,False,100.0,11.0,6574,False,0.0,False,,0,0.0,100.0,4.858,pass,6.886
177,ok,10.0,False,10.0,6.0,367,False,0.0,False,,0,0.0,10.0,0.551,pass,0.667
178,ok,10.0,False,10.0,9.0,695,False,0.0,False,,0,0.0,10.0,0.575,pass,0.852
180,ok,10.0,False,10.0,8.0,507,False,0.0,False,,0,0.0,,0.118,pass,0.139
185,ok,0.0,False,0.0,10.0,131,False,0.0,False,,0,,20.0,0.81,pass,1.011
187,ok,20.0,False,20.0,10.0,1326,False,0.0,False,,0,0.0,20.0,0.51,pass,0.685
188,ok,0.0,False,0.0,5.0,72,False,0.0,False,,0,,,0.728,pass,0.964
189,ok,100.0,False,100.0,12.0,5734,False,0.0,False,,0,0.0,100.0,1.07,pass,1.252
191,ok,10.0,False,10.0,8.0,1117,False,0.0,False,,0,0.0,,1.063,pass,1.334
193,capped,1000.0,True,1000.0,9.0,47770,False,0.0,False,,0,0.0,,0.414,pass,0.493
194,ok,10.0,False,10.0,7.0,1132,False,0.0,False,,0,0.0,10.0,1.316,pass,1.724
196,ok,0.0,False,0.0,10.0,123,False,0.0,False,,0,,10.0,0.399,pass,0.592
200,ok,11.0,False,11.0,10.0,1648,False,0.0,False,,0,0.0,,19.915,timeout 15 s,15.165
202,ok,10.0,False,10.0,10.0,1270,False,0.0,False,,0,0.0,,0.561,pass,0.694
205,ok,10.0,False,10.0,5.0,598,False,0.0,False,,0,0.0,10.0,0.413,pass,0.53
206,capped,1000.0,True,1000.0,7.0,20080,False,999.0,True,,0,0.0,,0.308,pass,0.381
207,ok,10.0,False,10.0,8.0,727,False,0.0,False,,0,0.0,,1.749,pass,2.19
210,ok,20.0,False,20.0,10.0,987,False,0.0,False,,0,0.0,,0.378,pass,0.451
214,ok,10.0,False,10.0,7.0,1098,False,0.0,False,,0,0.0,10.0,0.548,pass,0.724
222,capped,1000.0,True,1000.0,13.0,55238,False,0.0,False,,0,0.0,,7.257,pass,11.67
224,capped,1000.0,True,1000.0,11.0,101634,False,0.0,False,,0,0.0,,0.589,pass,0.805
225,ok,50.0,False,50.0,7.0,1871,False,0.0,False,,0,0.0,50.0,2.322,pass,2.855
228,ok,91.0,False,91.0,7.0,3142,False,0.0,False,,0,0.0,,6.166,pass,7.226
235,ok,0.0,False,0.0,7.0,85,False,0.0,False,,0,,,0.385,pass,0.453
240,ok,0.0,False,0.0,9.0,124,False,0.0,False,,0,,,1.227,pass,1.621
249,ok,42.0,False,42.0,6.0,5162,False,0.0,False,,0,0.0,1.0,2.123,pass,2.871
252,ok,10.0,False,10.0,8.0,673,False,1.0,False,,0,0.0,10.0,0.344,pass,0.422
255,ok,20.0,False,20.0,9.0,1695,False,0.0,False,,0,0.0,,1.397,pass,1.641
263,ok,50.0,False,50.0,8.0,6269,False,0.0,False,,0,0.0,50.0,0.648,pass,0.702
270,ok,125.0,False,125.0,6.0,4815,False,0.0,False,,0,0.0,,2.44,pass,2.676
271,ok,0.0,False,0.0,9.0,114,False,0.0,False,,0,,,0.226,pass,0.317
279,capped,1000.0,True,1000.0,9.0,51173,False,0.0,False,,0,0.0,,0.458,pass,0.746
284,ok,0.0,False,0.0,10.0,116,False,0.0,False,,0,,,0.136,pass,0.202
289,ok,0.0,False,0.0,7.0,91,False,0.0,False,,0,,,0.13,pass,0.215
292,ok,0.0,False,0.0,8.0,104,False,0.0,False,,0,,10.0,0.514,pass,0.655
293,ok,853.0,False,853.0,10.0,43141,False,0.0,False,,0,0.0,,1.242,pass,1.692
294,ok,0.0,False,0.0,6.0,64,False,0.0,False,,0,,,0.421,pass,0.637
297,capped,1000.0,True,1000.0,12.0,62653,False,0.0,False,,0,0.0,,0.295,pass,0.407
302,capped,1000.0,True,1000.0,7.0,54577,False,67.0,False,,0,0.0,,0.203,pass,0.283
305,ok,0.0,False,0.0,15.0,181,False,0.0,False,,0,,1.0,0.848,pass,1.247
306,ok,10.0,False,10.0,8.0,897,False,0.0,False,,0,0.0,,0.363,pass,0.526
310,ok,0.0,False,0.0,7.0,77,False,0.0,False,,0,,,3.502,pass,3.897
311,ok,10.0,False,10.0,7.0,763,False,0.0,False,,0,0.0,,0.769,pass,1.09
312,ok,0.0,False,0.0,8.0,103,False,0.0,False,,0,,,0.972,pass,1.338
317,ok,0.0,False,0.0,12.0,155,False,0.0,False,,0,,,1.996,pass,2.886
318,ok,100.0,False,100.0,9.0,8331,False,0.0,False,,0,0.0,100.0,0.815,pass,0.973
320,ok,10.0,False,10.0,6.0,633,False,0.0,False,,0,0.0,,0.718,pass,0.925
321,capped,1000.0,True,1000.0,8.0,48340,False,0.0,False,,0,0.0,,0.714,pass,1.065
325,ok,0.0,False,0.0,12.0,140,False,0.0,False,,0,,,1.348,pass,1.83
328,ok,28.0,False,28.0,11.0,3846,False,0.0,False,,0,0.0,,0.28,pass,0.412
330,ok,44.0,False,44.0,5.0,1138,False,0.0,False,,0,0.0,,1.167,pass,1.62
331,ok,10.0,False,10.0,12.0,658,False,0.0,False,,0,0.0,,0.983,pass,1.265
332,ok,560.0,False,560.0,11.0,33770,False,163.0,False,,0,0.0,,0.362,pass,0.495
333,ok,50.0,False,50.0,11.0,3534,False,0.0,False,,0,0.0,50.0,16.818,timeout 15 s,15.067
334,ok,15.0,False,15.0,9.0,1025,False,5.0,False,,0,0.0,1.0,1.099,pass,1.552
337,ok,35.0,False,35.0,12.0,2503,False,0.0,False,,0,0.0,50.0,0.575,pass,0.738
342,ok,0.0,False,0.0,5.0,63,False,0.0,False,,0,,,0.54,pass,0.708
344,ok,1.0,False,1.0,6.0,123,False,0.0,False,,0,0.0,,0.115,pass,0.146
347,ok,114.0,False,114.0,8.0,9218,False,0.0,False,,0,0.0,,1.4,pass,2.069
348,capped,1000.0,True,1000.0,9.0,59076,False,0.0,False,,0,0.0,,1.6,pass,2.167
356,ok,422.0,False,422.0,8.0,13852,False,0.0,False,,0,0.0,,0.283,pass,0.396
360,ok,10.0,False,10.0,4.0,456,False,0.0,False,,0,0.0,,1.255,pass,1.856
361,ok,10.0,False,10.0,7.0,692,False,0.0,False,,0,0.0,10.0,2.109,pass,2.992
362,ok,0.0,False,0.0,8.0,98,False,0.0,False,,0,,10.0,0.151,pass,0.208
369,ok,0.0,False,0.0,13.0,190,False,0.0,False,,0,,100.0,50.534,timeout 15 s,15.063
371,ok,0.0,False,0.0,7.0,79,False,0.0,False,,0,,,0.339,pass,0.48
373,ok,10.0,False,10.0,7.0,737,False,0.0,False,,0,0.0,10.0,0.696,pass,1.211
374,ok,0.0,False,0.0,10.0,128,False,0.0,False,,0,,50.0,0.508,pass,0.682
380,ok,0.0,False,0.0,10.0,133,False,0.0,False,,0,,10.0,0.195,pass,0.26
382,ok,10.0,False,10.0,10.0,487,False,0.0,False,,0,0.0,10.0,1.758,pass,2.417
386,capped,1000.0,True,1000.0,8.0,56143,False,0.0,False,,0,0.0,,1.024,pass,1.473
391,capped,1000.0,True,1000.0,7.0,127542,False,0.0,False,,0,0.0,,0.289,pass,0.44
392,ok,1.0,False,1.0,10.0,230,False,0.0,False,,0,0.0,,0.308,pass,0.408
394,ok,10.0,False,10.0,6.0,712,False,0.0,False,,0,0.0,10.0,0.199,pass,0.297
395,ok,100.0,False,100.0,11.0,11450,False,0.0,False,,0,0.0,100.0,1.21,pass,1.655
396,ok,20.0,False,20.0,10.0,1526,False,0.0,False,,0,0.0,20.0,1.683,pass,2.454
397,ok,50.0,False,50.0,10.0,6454,False,0.0,False,,0,0.0,50.0,0.83,pass,1.143
398,ok,9.0,False,9.0,9.0,604,False,0.0,False,,0,0.0,10.0,0.397,pass,0.625
401,ok,0.0,False,0.0,11.0,137,False,0.0,False,,0,,,0.134,pass,0.21
412,ok,10.0,False,10.0,10.0,855,False,0.0,False,,0,0.0,10.0,0.216,pass,0.298
415,ok,10.0,False,10.0,5.0,865,False,0.0,False,,0,0.0,,0.738,pass,1.008
420,ok,10.0,False,10.0,10.0,838,False,0.0,False,,0,0.0,,0.333,pass,0.489
425,ok,10.0,False,10.0,5.0,411,False,0.0,False,,0,0.0,,0.122,pass,0.18
435,ok,0.0,False,0.0,5.0,71,False,0.0,False,,0,,100.0,0.687,pass,1.021
438,ok,10.0,False,10.0,9.0,1251,False,0.0,False,,0,0.0,10.0,0.79,pass,1.015
440,ok,10.0,False,10.0,9.0,947,False,0.0,False,,0,0.0,,1.215,pass,1.759
442,capped,1000.0,True,1000.0,6.0,59131,False,0.0,False,,0,0.0,,11.599,timeout 15 s,15.075
447,ok,190.0,False,190.0,7.0,13885,False,95.0,False,,0,0.0,,1.437,pass,2.112
448,ok,10.0,False,10.0,6.0,1085,False,0.0,False,,0,0.0,10.0,0.158,pass,0.218
451,ok,50.0,False,50.0,8.0,4209,False,0.0,False,,0,0.0,50.0,18.194,timeout 15 s,15.057
452,ok,10.0,False,10.0,7.0,479,False,0.0,False,,0,0.0,,0.247,pass,0.387
453,ok,10.0,False,10.0,9.0,831,False,0.0,False,,0,0.0,,1.227,pass,1.736
460,ok,10.0,False,10.0,10.0,1419,False,0.0,False,,0,0.0,10.0,0.215,pass,0.306
463,ok,2.0,False,2.0,4.0,164,False,0.0,False,,0,0.0,,0.999,pass,1.434
468,ok,10.0,False,10.0,11.0,1687,False,0.0,False,,0,0.0,,1.163,pass,1.509
471,ok,10.0,False,10.0,9.0,565,False,0.0,False,,0,0.0,,4.903,pass,7.634
472,ok,13.0,False,13.0,6.0,780,False,3.0,False,,0,0.0,,3.41,pass,4.468
475,ok,128.0,False,128.0,9.0,11168,False,0.0,False,,0,0.0,,0.317,pass,0.428
481,ok,90.0,False,90.0,7.0,6440,False,61.0,False,,0,0.0,,0.754,pass,1.029
487,capped,1000.0,True,1000.0,9.0,101399,False,0.0,False,,0,0.0,,5.943,pass,8.825
489,ok,10.0,False,10.0,8.0,574,False,0.0,False,,0,0.0,10.0,1.46,pass,1.916
491,ok,35.0,False,35.0,6.0,1141,False,25.0,False,,0,0.0,,0.67,pass,0.852
496,ok,50.0,False,50.0,5.0,5345,False,10.0,False,,0,0.0,50.0,0.253,pass,0.345
498,ok,10.0,False,10.0,5.0,372,False,0.0,False,,0,0.0,10.0,0.152,pass,0.228
500,ok,10.0,False,10.0,10.0,667,False,0.0,False,,0,0.0,,0.647,pass,0.895
510,ok,50.0,False,50.0,10.0,5941,False,0.0,False,,0,0.0,50.0,0.598,pass,0.757
513,ok,20.0,False,20.0,12.0,1961,False,0.0,False,,0,0.0,20.0,5.38,pass,5.739
515,ok,10.0,False,10.0,10.0,907,False,0.0,False,,0,0.0,10.0,24.398,timeout 15 s,15.305
516,capped,1000.0,True,1000.0,8.0,82570,False,0.0,False,,0,0.0,,1.065,pass,1.74
518,capped,1000.0,True,1000.0,9.0,99366,False,0.0,False,,0,0.0,,0.694,pass,1.028
522,capped,1000.0,True,1000.0,8.0,75055,False,0.0,False,,0,0.0,,1.929,pass,2.745
523,ok,10.0,False,10.0,7.0,652,False,0.0,False,,0,0.0,,1.57,pass,2.258
525,ok,5.0,False,5.0,10.0,788,False,0.0,False,,0,0.0,,2.601,pass,3.826
526,ok,20.0,False,20.0,11.0,2796,False,0.0,False,,0,0.0,,1.449,pass,1.958
528,capped,1000.0,True,1000.0,12.0,49089,False,0.0,False,,0,0.0,,0.987,pass,1.334
529,ok,10.0,False,10.0,6.0,588,False,0.0,False,,0,0.0,,0.714,pass,0.979
530,ok,10.0,False,10.0,7.0,891,False,0.0,False,,0,0.0,10.0,1.232,pass,1.648
531,ok,0.0,False,0.0,9.0,110,False,0.0,False,,0,,100.0,0.134,pass,0.213
542,ok,103.0,False,103.0,6.0,7994,False,1.0,False,,0,0.0,,0.487,pass,0.652
543,ok,5.0,False,5.0,5.0,168,False,0.0,False,,0,0.0,5.0,1.666,pass,2.477
544,capped,1000.0,True,1000.0,13.0,110598,False,0.0,False,,0,0.0,,0.708,pass,0.999
546,ok,100.0,False,100.0,7.0,3647,False,0.0,False,,0,0.0,100.0,0.664,pass,0.85
550,ok,50.0,False,50.0,9.0,6760,False,0.0,False,,0,0.0,,0.28,pass,0.408
553,ok,10.0,False,10.0,11.0,913,False,0.0,False,,0,0.0,10.0,0.601,pass,0.876
555,capped,1000.0,True,1000.0,7.0,75240,False,0.0,False,,0,0.0,,0.227,pass,0.31
558,ok,0.0,False,0.0,8.0,100,False,0.0,False,,0,,,0.072,pass,0.095
568,ok,10.0,False,10.0,8.0,383,False,0.0,False,,0,0.0,,0.374,pass,0.499
570,capped,1000.0,True,1000.0,7.0,48977,False,11.0,False,,0,0.0,,1.58,pass,2.381
573,ok,10.0,False,10.0,12.0,845,False,0.0,False,,0,0.0,,0.665,pass,0.867
574,ok,0.0,False,0.0,7.0,86,False,0.0,False,,0,,20.0,0.197,pass,0.272
582,ok,10.0,False,10.0,8.0,693,False,9.0,True,,0,0.0,10.0,1.524,pass,2.153
597,ok,10.0,False,10.0,11.0,1770,False,0.0,False,,0,0.0,10.0,0.654,pass,0.921
598,ok,50.0,False,50.0,9.0,2621,False,0.0,False,,0,0.0,50.0,0.643,pass,0.924
600,capped,1000.0,True,1000.0,10.0,41052,False,0.0,False,,0,0.0,,2.873,pass,4.198
602,ok,10.0,False,10.0,7.0,413,False,0.0,False,,0,0.0,,0.212,pass,0.308
604,ok,10.0,False,10.0,11.0,920,False,0.0,False,,0,0.0,10.0,0.562,pass,0.748
608,ok,10.0,False,10.0,11.0,1140,False,0.0,False,,0,0.0,10.0,0.345,pass,0.498
617,ok,10.0,False,10.0,8.0,700,False,0.0,False,,0,0.0,,0.723,pass,0.943
621,capped,1000.0,True,1000.0,16.0,127884,False,0.0,False,,0,0.0,,1.645,pass,2.401
622,ok,10.0,False,10.0,11.0,1255,False,0.0,False,,0,0.0,10.0,5.222,pass,7.993
623,ok,10.0,False,10.0,9.0,1448,False,0.0,False,,0,0.0,,1.055,pass,1.495
635,ok,39.0,False,39.0,10.0,2550,False,0.0,False,,0,0.0,,0.559,pass,0.841
636,ok,10.0,False,10.0,13.0,620,False,0.0,False,,0,0.0,,2.763,pass,4.038
637,ok,10.0,False,10.0,6.0,667,False,0.0,False,,0,0.0,10.0,0.2,pass,0.271
643,ok,10.0,False,10.0,10.0,580,False,0.0,False,,0,0.0,10.0,0.709,pass,0.918
650,ok,50.0,False,50.0,9.0,4970,False,0.0,False,,0,0.0,50.0,4.045,pass,5.696
656,ok,39.0,False,39.0,12.0,2762,False,0.0,False,,0,0.0,,0.13,pass,0.191
659,capped,1000.0,True,1000.0,11.0,125305,False,29.0,False,,0,0.0,1.0,0.721,pass,1.084
660,ok,10.0,False,10.0,11.0,634,False,3.0,False,,0,0.0,,1.609,pass,2.304
663,ok,10.0,False,10.0,6.0,2725,False,0.0,False,,0,0.0,10.0,1.172,pass,1.656
669,ok,10.0,False,10.0,7.0,649,False,0.0,False,,0,0.0,,1.631,pass,2.112
674,ok,10.0,False,10.0,8.0,727,False,0.0,False,,0,0.0,,30.325,timeout 15 s,15.177
678,capped,1000.0,True,1000.0,8.0,50848,False,0.0,False,,0,0.0,,1.285,pass,1.916
686,ok,20.0,False,20.0,7.0,1677,False,8.0,False,,0,0.0,20.0,1.192,pass,1.714
690,ok,1.0,False,1.0,6.0,117,False,0.0,False,,0,0.0,10.0,0.345,pass,0.503
691,ok,10.0,False,10.0,8.0,824,False,0.0,False,,0,0.0,,0.211,pass,0.288
692,ok,0.0,False,0.0,9.0,104,False,0.0,False,,0,,,0.118,pass,0.163
700,ok,10.0,False,10.0,6.0,1065,False,0.0,False,,0,0.0,10.0,0.385,pass,0.581
701,capped,1000.0,True,1000.0,7.0,45760,False,989.0,False,,0,0.0,,1.301,pass,1.865
705,capped,1000.0,True,1000.0,7.0,38154,False,26.0,False,,0,0.0,,0.821,pass,1.09
707,capped,1000.0,True,1000.0,6.0,45890,False,0.0,False,,0,0.0,,0.936,pass,1.388
720,ok,10.0,False,10.0,11.0,1322,False,0.0,False,,0,0.0,10.0,1.248,pass,1.763
721,ok,50.0,False,50.0,8.0,2744,False,0.0,False,,0,0.0,50.0,6.636,pass,9.557
726,ok,11.0,False,11.0,9.0,604,False,0.0,False,,0,0.0,,0.236,pass,0.329
727,capped,1000.0,True,1000.0,8.0,58987,False,0.0,False,,0,0.0,,0.965,pass,1.679
729,ok,10.0,False,10.0,5.0,1168,False,0.0,False,,0,0.0,,0.648,pass,0.896
730,ok,10.0,False,10.0,8.0,519,False,8.0,False,,0,0.0,10.0,0.754,pass,0.985
737,ok,10.0,False,10.0,7.0,534,False,0.0,False,,0,0.0,10.0,0.447,pass,0.584
739,capped,1000.0,True,1000.0,6.0,47407,False,0.0,False,,0,0.0,,0.129,pass,0.207
749,capped,1000.0,True,1000.0,9.0,113103,False,0.0,False,,0,0.0,,0.571,pass,0.828
752,ok,741.0,False,741.0,4.0,13287,False,0.0,False,,0,0.0,,0.465,pass,0.67
755,ok,10.0,False,10.0,11.0,803,False,0.0,False,,0,0.0,10.0,1.632,pass,2.394
757,ok,10.0,False,10.0,9.0,842,False,0.0,False,,0,0.0,10.0,0.644,pass,0.83
758,ok,100.0,False,100.0,11.0,8560,False,0.0,False,,0,0.0,100.0,8.696,pass,12.282
761,ok,10.0,False,10.0,8.0,668,False,0.0,False,,0,0.0,10.0,0.797,pass,1.1
764,ok,5.0,False,5.0,10.0,343,False,0.0,False,,0,0.0,,1.184,pass,1.711
766,ok,677.0,False,677.0,7.0,40781,False,0.0,False,,0,0.0,,0.466,pass,0.604
769,ok,10.0,False,10.0,8.0,662,False,0.0,False,,0,0.0,,1.734,pass,2.147
772,capped,1000.0,True,1000.0,9.0,33227,False,0.0,False,,0,0.0,,25.41,timeout 15 s,15.198
776,capped,1000.0,True,1000.0,8.0,73625,False,0.0,False,,0,0.0,,1.09,pass,1.643
798,capped,1000.0,True,1000.0,7.0,63853,False,0.0,False,,0,0.0,,5.661,pass,9.067
803,ok,50.0,False,50.0,7.0,6852,False,0.0,False,,0,0.0,50.0,0.654,pass,0.737
804,capped,1000.0,True,1000.0,8.0,141054,False,0.0,False,,0,0.0,,0.811,pass,1.058
806,ok,0.0,False,0.0,10.0,117,False,0.0,False,,0,,100.0,0.068,pass,0.095
808,ok,0.0,False,0.0,8.0,100,False,0.0,False,,0,,,0.373,pass,0.512
809,ok,10.0,False,10.0,5.0,520,False,0.0,False,,0,0.0,,0.664,pass,0.872
810,capped,1000.0,True,1000.0,10.0,90959,False,0.0,False,,0,0.0,,0.732,pass,1.028
813,ok,0.0,False,0.0,5.0,81,False,0.0,False,,0,,10.0,0.35,pass,0.507
816,ok,10.0,False,10.0,8.0,566,False,0.0,False,,0,0.0,,0.228,pass,0.336
823,ok,27.0,False,27.0,10.0,2195,False,0.0,False,,0,0.0,,19.904,timeout 15 s,15.329
825,ok,10.0,False,10.0,7.0,278,False,0.0,False,,0,0.0,10.0,0.789,pass,1.129
826,ok,0.0,False,0.0,10.0,107,False,0.0,False,,0,,10.0,0.126,pass,0.174
830,ok,119.0,False,119.0,8.0,13342,False,0.0,False,,0,0.0,,7.902,pass,8.016
831,ok,139.0,False,139.0,7.0,13942,False,0.0,False,,0,0.0,,0.174,pass,0.249
833,ok,10.0,False,10.0,10.0,761,False,0.0,False,,0,0.0,,0.39,pass,0.598
834,ok,0.0,False,0.0,6.0,82,False,0.0,False,,0,,,16.327,timeout 15 s,15.067
835,capped,1000.0,True,1000.0,8.0,73065,False,0.0,False,,0,0.0,,2.615,pass,3.777
838,capped,1000.0,True,1000.0,10.0,105878,False,0.0,False,,0,0.0,,0.398,pass,0.658
841,capped,1000.0,True,1000.0,12.0,121293,False,0.0,False,,0,0.0,1.0,5.92,pass,8.677
842,ok,0.0,False,0.0,13.0,138,False,0.0,False,,0,,,0.159,pass,0.227
849,ok,0.0,False,0.0,9.0,112,False,0.0,False,,0,,,0.718,pass,1.058
854,ok,0.0,False,0.0,10.0,116,False,0.0,False,,0,,,22.36,timeout 15 s,15.069
856,capped,1000.0,True,1000.0,6.0,97882,False,0.0,False,,0,0.0,1.0,0.393,pass,0.615
864,ok,0.0,False,0.0,8.0,91,False,0.0,False,,0,,,0.692,pass,1.015
865,ok,10.0,False,10.0,11.0,1390,False,0.0,False,,0,0.0,10.0,0.669,pass,0.983
866,ok,10.0,False,10.0,6.0,520,False,0.0,False,,0,0.0,10.0,0.741,pass,1.119
868,capped,1000.0,True,1000.0,11.0,70049,False,0.0,False,,0,0.0,,5.33,pass,8.304
870,ok,50.0,False,50.0,12.0,4781,False,0.0,False,,0,0.0,50.0,1.483,pass,2.071
871,ok,10.0,False,10.0,10.0,634,False,0.0,False,,0,0.0,10.0,0.65,pass,0.836
872,ok,10.0,False,10.0,10.0,1005,False,0.0,False,,0,0.0,,0.629,pass,0.875
873,ok,853.0,False,853.0,14.0,39884,False,0.0,False,,0,0.0,,0.479,pass,0.711
877,ok,853.0,False,853.0,9.0,74087,False,0.0,False,,0,0.0,,0.718,pass,0.965
882,ok,100.0,False,100.0,10.0,13704,False,0.0,False,,0,0.0,100.0,0.541,pass,0.676
883,ok,20.0,False,20.0,6.0,1428,False,0.0,False,,0,0.0,20.0,0.261,pass,0.341
888,ok,377.0,False,377.0,11.0,28446,False,0.0,False,,0,0.0,,0.153,pass,0.236
889,ok,0.0,False,0.0,8.0,86,False,0.0,False,,0,,,5.52,pass,8.325
890,ok,100.0,False,100.0,5.0,3630,False,0.0,False,,0,0.0,,0.804,pass,1.113
891,ok,10.0,False,10.0,7.0,460,False,0.0,False,,0,0.0,,0.854,pass,1.092
908,capped,1000.0,True,1000.0,11.0,65825,False,972.0,False,,0,0.0,,0.829,pass,1.111
911,ok,10.0,False,10.0,11.0,586,False,0.0,False,,0,0.0,,1.489,pass,2.247
913,ok,10.0,False,10.0,8.0,958,False,0.0,False,,0,0.0,10.0,0.093,pass,0.136
915,capped,1000.0,True,1000.0,8.0,86710,False,0.0,False,,0,0.0,,0.348,pass,0.508
919,ok,8.0,False,8.0,8.0,703,False,0.0,False,,0,0.0,10.0,1.236,pass,1.636
920,ok,1.0,False,1.0,13.0,263,False,0.0,False,,0,0.0,100.0,1.75,pass,2.658
925,ok,0.0,False,0.0,9.0,123,False,0.0,False,,0,,,0.191,pass,0.255
928,ok,10.0,False,10.0,5.0,1304,False,0.0,False,,0,0.0,10.0,0.761,pass,0.87
930,capped,1000.0,True,1000.0,8.0,40611,False,0.0,False,,0,0.0,,0.588,pass,0.809
932,capped,1000.0,True,1000.0,8.0,58990,False,0.0,False,,0,0.0,,0.918,pass,1.268
936,ok,50.0,False,50.0,8.0,2946,False,0.0,False,,0,0.0,50.0,0.703,pass,0.984
938,ok,10.0,False,10.0,7.0,830,False,0.0,False,,0,0.0,,0.583,pass,0.835
948,ok,20.0,False,20.0,7.0,961,False,0.0,False,,0,0.0,50.0,0.246,pass,0.362
951,capped,1000.0,True,1000.0,10.0,162449,False,0.0,False,,0,0.0,,0.893,pass,1.291
952,ok,0.0,False,0.0,10.0,108,False,0.0,False,,0,,25.0,0.271,pass,0.394
953,ok,0.0,False,0.0,12.0,142,False,0.0,False,,0,,100.0,0.605,pass,1.059
954,ok,150.0,False,150.0,6.0,5347,False,0.0,False,,0,0.0,,0.186,pass,0.271
961,ok,10.0,False,10.0,7.0,602,False,0.0,False,,0,0.0,10.0,0.911,pass,1.278
962,capped,1000.0,True,1000.0,11.0,168198,False,285.0,False,,0,0.0,,1.717,pass,2.418
963,ok,10.0,False,10.0,10.0,804,False,0.0,False,,0,0.0,10.0,0.553,pass,0.733
967,ok,0.0,False,0.0,12.0,137,False,0.0,False,,0,,,1.327,pass,1.85
968,ok,0.0,False,0.0,9.0,114,False,0.0,False,,0,,,0.392,pass,0.58
969,ok,10.0,False,10.0,10.0,852,False,0.0,False,,0,0.0,,1.446,pass,2.185
971,ok,20.0,False,20.0,9.0,1516,False,0.0,False,,0,0.0,20.0,1.372,pass,1.893
975,ok,0.0,False,0.0,6.0,68,False,0.0,False,,0,,,0.082,pass,0.126
981,ok,5.0,False,5.0,4.0,185,False,0.0,False,,0,0.0,5.0,0.365,pass,0.518
982,ok,100.0,False,100.0,10.0,11940,False,0.0,False,,0,0.0,100.0,0.527,pass,0.774
987,capped,1000.0,True,1000.0,8.0,38706,False,11.0,False,,0,0.0,,1.61,pass,2.764
990,ok,0.0,False,0.0,5.0,56,False,0.0,False,,0,,10.0,0.484,pass,0.691
995,ok,0.0,False,0.0,11.0,116,False,0.0,False,,0,,10.0,0.377,pass,0.56
1002,ok,50.0,False,50.0,9.0,6314,False,0.0,False,,0,0.0,50.0,0.523,pass,0.825
1007,capped,1000.0,True,1000.0,10.0,71199,False,0.0,False,,0,0.0,,0.575,pass,0.871
1014,ok,10.0,False,10.0,9.0,1319,False,0.0,False,,0,0.0,10.0,0.357,pass,0.518
1017,ok,10.0,False,10.0,6.0,939,False,0.0,False,,0,0.0,,0.802,pass,1.177
1018,capped,1000.0,True,1000.0,8.0,64191,False,552.0,False,,0,0.0,,24.197,timeout 15 s,15.071
1021,capped,1000.0,True,1000.0,8.0,110346,False,0.0,False,,0,0.0,,0.678,pass,0.974
1035,ok,100.0,False,100.0,14.0,4865,False,0.0,False,,0,0.0,100.0,0.978,pass,1.495
1040,ok,10.0,False,10.0,7.0,694,False,0.0,False,,0,0.0,,0.975,pass,1.391
1041,ok,50.0,False,50.0,8.0,6096,False,0.0,False,,0,0.0,50.0,1.355,pass,1.918
1043,ok,50.0,False,50.0,8.0,4410,False,0.0,False,,0,0.0,50.0,0.242,pass,0.342
1044,ok,10.0,False,10.0,11.0,940,False,0.0,False,,0,0.0,,1.719,pass,2.43
1049,ok,20.0,False,20.0,9.0,1757,False,0.0,False,,0,0.0,,1.289,pass,1.439
1050,ok,50.0,False,50.0,12.0,3827,False,48.0,False,,0,0.0,50.0,0.627,pass,0.81
1051,ok,50.0,False,50.0,11.0,3465,False,0.0,False,,0,0.0,50.0,0.634,pass,0.809
1056,ok,10.0,False,10.0,10.0,1189,False,0.0,False,,0,0.0,10.0,1.826,pass,2.545
1057,ok,4.0,False,4.0,13.0,569,False,0.0,False,,0,0.0,100.0,0.395,pass,0.513
1061,ok,10.0,False,10.0,11.0,608,False,0.0,False,,0,0.0,10.0,0.553,pass,0.752
1066,ok,0.0,False,0.0,4.0,50,False,0.0,False,,0,,10.0,1.606,pass,2.326
1068,ok,48.0,False,48.0,10.0,3236,False,40.0,False,,0,0.0,50.0,30.722,timeout 15 s,15.218
1074,ok,50.0,False,50.0,8.0,2830,False,0.0,False,,0,0.0,,0.251,pass,0.349
1078,ok,50.0,False,50.0,13.0,7320,False,13.0,False,,0,0.0,50.0,27.915,timeout 15 s,15.208
1080,ok,0.0,False,0.0,8.0,116,False,0.0,False,,0,,,1.809,pass,2.565
1081,ok,10.0,False,10.0,7.0,755,False,0.0,False,,0,0.0,,0.879,pass,1.107
1084,ok,100.0,False,100.0,12.0,12783,False,0.0,False,,0,0.0,100.0,0.534,pass,0.725
1090,ok,2.0,False,2.0,10.0,300,False,0.0,False,,0,0.0,,1.554,pass,2.27
1095,ok,10.0,False,10.0,9.0,904,False,0.0,False,,0,0.0,,0.563,pass,0.745
1097,ok,10.0,False,10.0,9.0,692,False,0.0,False,,0,0.0,10.0,2.03,pass,2.845
1102,capped,1000.0,True,1000.0,10.0,108928,False,1.0,False,,0,0.0,,3.078,pass,5.398
1105,ok,27.0,False,27.0,8.0,1324,False,9.0,False,,0,0.0,50.0,0.664,pass,0.922
1110,ok,10.0,False,10.0,10.0,661,False,0.0,False,,0,0.0,10.0,0.496,pass,0.628
1116,ok,100.0,False,100.0,9.0,5996,False,0.0,False,,0,0.0,100.0,13.353,timeout 15 s,15.216
1119,capped,1000.0,True,1000.0,6.0,94053,False,0.0,False,,0,0.0,,0.627,pass,0.915
1120,ok,100.0,False,100.0,12.0,12999,False,0.0,False,,0,0.0,100.0,4.022,pass,4.544
1125,capped,1000.0,True,1000.0,11.0,43378,False,0.0,False,,0,0.0,,1.044,pass,1.548
1127,ok,0.0,False,0.0,7.0,88,False,0.0,False,,0,,10.0,0.217,pass,0.312
1128,ok,50.0,False,50.0,9.0,6049,False,0.0,False,,0,0.0,,0.738,pass,1.067
1134,capped,1000.0,True,1000.0,8.0,86972,False,2.0,False,,0,0.0,,1.096,pass,1.476
1136,ok,10.0,False,11.0,8.0,3734,True,0.0,False,,0,0.0,,0.585,pass,0.808
1140,ok,392.0,False,392.0,13.0,32968,False,2.0,False,,0,0.0,,0.691,pass,1.046
1143,ok,10.0,False,10.0,12.0,438,False,0.0,False,,0,0.0,10.0,0.43,pass,0.596
1154,ok,10.0,False,10.0,6.0,486,False,0.0,False,,0,0.0,,0.707,pass,0.995
1156,capped,1000.0,True,1000.0,9.0,44774,False,0.0,False,,0,0.0,,1.261,pass,1.831
1168,capped,548.0,True,548.0,6.0,66599,True,0.0,False,,0,0.0,,0.754,pass,1.042
1173,ok,10.0,False,10.0,9.0,868,False,0.0,False,,0,0.0,,0.131,pass,0.177
1185,ok,10.0,False,10.0,9.0,1050,False,0.0,False,,0,0.0,10.0,2.044,pass,2.641
1189,capped,1000.0,True,1000.0,9.0,59439,False,0.0,False,,0,0.0,,1.6,pass,2.09
1193,capped,1000.0,True,1000.0,10.0,84946,False,0.0,False,,0,0.0,,1.369,pass,1.679
1201,ok,10.0,False,10.0,6.0,409,False,0.0,False,,0,0.0,,1.255,pass,1.711
1205,capped,1000.0,True,1000.0,8.0,34735,False,0.0,False,,0,0.0,,1.018,pass,1.244
1213,ok,5.0,False,5.0,11.0,334,False,0.0,False,,0,0.0,,0.478,pass,0.636
1214,ok,11.0,False,11.0,9.0,1856,False,0.0,False,,0,0.0,50.0,12.219,pass,14.796
1222,ok,10.0,False,10.0,12.0,1082,False,0.0,False,,0,0.0,1.0,0.668,pass,1.056
1223,ok,0.0,False,0.0,9.0,98,False,0.0,False,,0,,10.0,1.028,pass,1.174
1240,ok,50.0,False,50.0,15.0,4427,False,0.0,False,,0,0.0,50.0,3.022,pass,4.349
1244,ok,19.0,False,19.0,7.0,2031,False,0.0,False,,0,0.0,,0.107,pass,0.145
1246,ok,853.0,False,853.0,11.0,62596,False,0.0,False,,0,0.0,,0.453,pass,0.534
1250,ok,59.0,False,59.0,6.0,5200,False,0.0,False,,0,0.0,,0.26,pass,0.349
1251,ok,0.0,False,0.0,6.0,76,False,0.0,False,,0,,,0.245,pass,0.232
1254,ok,0.0,False,0.0,7.0,73,False,0.0,False,,0,,,0.669,pass,0.862
1255,ok,2.0,False,2.0,8.0,260,False,0.0,False,,0,0.0,,0.364,pass,0.437
1263,ok,10.0,False,10.0,10.0,724,False,0.0,False,,0,0.0,10.0,0.665,pass,0.771
1268,ok,10.0,False,10.0,9.0,838,False,0.0,False,,0,0.0,10.0,0.988,pass,1.251
1270,ok,0.0,False,0.0,9.0,125,False,0.0,False,,0,,10.0,0.821,pass,1.041
1271,ok,10.0,False,10.0,7.0,657,False,0.0,False,,0,0.0,10.0,0.8,pass,1.062
1274,ok,0.0,False,0.0,8.0,98,False,0.0,False,,0,,,1.792,pass,2.519
1276,ok,10.0,False,10.0,10.0,649,False,0.0,False,,0,0.0,10.0,1.549,pass,2.177
1280,ok,100.0,False,100.0,5.0,2573,False,0.0,False,,0,0.0,100.0,0.847,pass,1.036
1282,ok,272.0,False,272.0,10.0,18720,False,0.0,False,,0,0.0,,0.278,pass,0.326
1284,ok,10.0,False,10.0,9.0,461,False,0.0,False,,0,0.0,,0.572,pass,0.787
1285,ok,5.0,False,5.0,6.0,365,False,0.0,False,,0,0.0,,0.458,pass,0.575
1287,capped,1000.0,True,1000.0,6.0,41286,False,0.0,False,,0,0.0,,0.667,pass,0.886
1288,ok,0.0,False,0.0,7.0,80,False,0.0,False,,0,,,0.256,pass,0.4
1290,ok,10.0,False,10.0,8.0,828,False,0.0,False,,0,0.0,10.0,0.336,pass,0.341
1291,ok,10.0,False,10.0,10.0,12192,True,0.0,False,,0,0.0,10.0,1.295,pass,1.804
1292,ok,0.0,False,0.0,9.0,101,False,0.0,False,,0,,,0.793,pass,1.001
1299,ok,0.0,False,0.0,8.0,109,False,0.0,False,,0,,100.0,0.69,pass,0.848
1300,ok,0.0,False,0.0,11.0,122,False,0.0,False,,0,,,0.18,pass,0.267
1303,ok,50.0,False,50.0,9.0,2592,False,0.0,False,,0,0.0,,1.122,pass,1.624
1307,ok,10.0,False,10.0,9.0,605,False,0.0,False,,0,0.0,10.0,0.243,pass,0.334
1309,ok,100.0,False,100.0,13.0,7586,False,0.0,False,,0,0.0,100.0,7.276,pass,7.805
1317,ok,10.0,False,10.0,12.0,884,False,0.0,False,,0,0.0,10.0,1.127,pass,1.553
1325,ok,0.0,False,0.0,10.0,124,False,0.0,False,,0,,100.0,0.214,pass,0.223
1337,ok,150.0,False,150.0,8.0,4740,False,0.0,False,,0,0.0,,0.794,pass,1.012
1339,ok,5.0,False,5.0,10.0,656,False,0.0,False,,0,0.0,,1.209,pass,1.626
1345,ok,10.0,False,10.0,7.0,718,False,0.0,False,,0,0.0,10.0,0.601,pass,0.689
1350,ok,100.0,False,100.0,7.0,6025,False,0.0,False,,0,0.0,100.0,1.988,pass,2.859
1354,ok,10.0,False,10.0,8.0,1365,False,0.0,False,,0,0.0,10.0,0.641,pass,0.754
1362,ok,0.0,False,0.0,6.0,81,False,0.0,False,,0,,10.0,0.13,pass,0.091
1363,ok,10.0,False,10.0,9.0,781,False,0.0,False,,0,0.0,10.0,0.378,pass,0.458
1366,ok,50.0,False,50.0,10.0,7511,False,0.0,False,,0,0.0,50.0,0.427,pass,0.528
1368,capped,1000.0,True,1000.0,11.0,84742,False,0.0,False,,0,0.0,,0.849,pass,1.023
1370,ok,20.0,False,20.0,9.0,1379,False,0.0,False,,0,0.0,,0.335,pass,0.416
1371,ok,6.0,False,6.0,6.0,804,False,0.0,False,,0,0.0,10.0,0.288,pass,0.428
1372,ok,10.0,False,10.0,10.0,1263,False,0.0,False,,0,0.0,10.0,0.419,pass,0.642
1375,ok,47.0,False,47.0,7.0,3706,False,0.0,False,,0,0.0,100.0,0.277,pass,0.293
1376,ok,0.0,False,0.0,7.0,80,False,0.0,False,,0,,,0.533,pass,0.648
1379,ok,0.0,False,0.0,7.0,85,False,0.0,False,,0,,10.0,0.53,pass,0.618
1380,ok,4.0,False,4.0,3.0,171,False,0.0,False,,0,0.0,,0.393,pass,0.459
1381,ok,10.0,False,10.0,9.0,916,False,0.0,False,,0,0.0,,1.446,pass,2.029
1382,ok,10.0,False,10.0,11.0,1259,False,0.0,False,,0,0.0,10.0,0.441,pass,0.566
1385,ok,100.0,False,100.0,8.0,4924,False,0.0,False,,0,0.0,100.0,0.581,pass,0.746
1392,capped,1000.0,True,1000.0,14.0,84417,False,0.0,False,,0,0.0,,24.192,timeout 15 s,15.192
1399,ok,825.0,False,825.0,8.0,55620,False,0.0,False,,0,0.0,,1.937,pass,2.772
1401,ok,10.0,False,10.0,8.0,548,False,0.0,False,,0,0.0,10.0,0.368,pass,0.436
1402,ok,0.0,False,0.0,10.0,119,False,0.0,False,,0,,10.0,0.179,pass,0.199
1405,ok,10.0,False,10.0,9.0,797,False,0.0,False,,0,0.0,,0.24,pass,0.343
1407,ok,10.0,False,10.0,7.0,1261,False,0.0,False,,0,0.0,,1.311,pass,1.675
1409,capped,1000.0,True,1000.0,13.0,155558,False,0.0,False,,0,0.0,,1.321,pass,1.844
1415,capped,1000.0,True,1000.0,16.0,55757,False,0.0,False,,0,0.0,,1.008,pass,1.328
1418,ok,777.0,False,777.0,7.0,33430,False,0.0,False,,0,0.0,,0.404,pass,0.506
1421,ok,0.0,False,0.0,4.0,37,False,0.0,False,,0,,,1.287,pass,1.802
1427,ok,10.0,False,10.0,11.0,704,False,0.0,False,,0,0.0,,1.087,pass,1.426
1428,ok,36.0,False,36.0,10.0,3279,False,0.0,False,,0,0.0,,0.761,pass,0.988
1429,ok,50.0,False,50.0,9.0,4413,False,0.0,False,,0,0.0,50.0,0.367,pass,0.444
1432,ok,10.0,False,10.0,7.0,616,False,0.0,False,,0,0.0,5.0,0.971,pass,1.242
1435,ok,10.0,False,10.0,7.0,605,False,0.0,False,,0,0.0,10.0,1.386,pass,1.86
1439,ok,10.0,False,10.0,9.0,477,False,0.0,False,,0,0.0,10.0,0.662,pass,0.724
1443,ok,0.0,False,0.0,9.0,99,False,0.0,False,,0,,50.0,0.605,pass,0.714
1447,capped,1000.0,True,1000.0,10.0,57653,False,0.0,False,,0,0.0,,0.279,pass,0.313
1451,capped,1000.0,True,1000.0,8.0,56021,False,198.0,False,,0,0.0,,1.095,pass,1.298
1452,ok,10.0,False,10.0,6.0,512,False,0.0,False,,0,0.0,10.0,0.34,pass,0.384
1458,ok,0.0,False,0.0,8.0,89,False,0.0,False,,0,,10.0,2.184,pass,2.999
1463,ok,17.0,False,17.0,11.0,2233,False,9.0,False,,0,0.0,50.0,0.169,pass,0.194
1466,capped,1000.0,True,1000.0,12.0,122322,False,0.0,False,,0,0.0,,0.774,pass,1.09
1467,ok,211.0,False,211.0,11.0,13475,False,117.0,False,,0,0.0,,0.47,pass,0.63
1468,ok,10.0,False,10.0,9.0,723,False,0.0,False,,0,0.0,,0.793,pass,0.923
1470,ok,10.0,False,10.0,6.0,348,False,0.0,False,,0,0.0,,0.852,pass,1.119
1472,ok,28.0,False,28.0,8.0,1039,False,7.0,False,,0,0.0,,0.318,pass,0.351
1473,ok,0.0,False,0.0,6.0,72,False,0.0,False,,0,,,0.276,pass,0.315
1474,ok,46.0,False,46.0,10.0,3060,False,0.0,False,,0,0.0,,1.457,pass,2.049
1479,ok,0.0,False,0.0,10.0,118,False,0.0,False,,0,,1.0,1.0,pass,1.299
1480,ok,10.0,False,10.0,11.0,678,False,0.0,False,,0,0.0,,1.099,pass,1.427
1481,ok,50.0,False,50.0,9.0,2650,False,0.0,False,,0,0.0,,0.31,pass,0.348
1487,capped,1000.0,True,1000.0,9.0,67028,False,0.0,False,,0,0.0,,10.279,pass,15.017
1489,ok,27.0,False,27.0,13.0,2657,False,0.0,False,,0,0.0,,0.096,pass,0.134
1492,ok,0.0,False,0.0,8.0,97,False,0.0,False,,0,,,0.927,pass,1.21
1494,ok,28.0,False,28.0,9.0,3409,False,0.0,False,,0,0.0,50.0,0.327,pass,0.439
1495,ok,10.0,False,10.0,7.0,806,False,0.0,False,,0,0.0,10.0,1.165,pass,1.687
1497,ok,50.0,False,50.0,9.0,2238,False,0.0,False,,0,0.0,50.0,0.955,pass,1.25
1498,ok,28.0,False,28.0,8.0,1826,False,0.0,False,,0,0.0,,0.451,pass,0.588
1500,ok,0.0,False,0.0,10.0,115,False,0.0,False,,0,,,0.945,pass,1.222
1504,ok,0.0,False,0.0,9.0,105,False,0.0,False,,0,,,0.224,pass,0.327
1506,ok,50.0,False,50.0,12.0,6482,False,0.0,False,,0,0.0,50.0,3.841,pass,4.857
1507,ok,19.0,False,19.0,11.0,1763,False,4.0,False,,0,0.0,,0.795,pass,1.011
1508,ok,10.0,False,10.0,9.0,734,False,0.0,False,,0,0.0,10.0,0.533,pass,0.68
1512,ok,100.0,False,100.0,9.0,3661,False,0.0,False,,0,0.0,100.0,2.618,pass,3.683
1513,ok,314.0,False,314.0,9.0,37101,False,0.0,False,,0,0.0,,6.091,pass,8.985
1517,ok,10.0,False,10.0,9.0,1349,False,0.0,False,,0,0.0,,0.729,pass,1.03
1518,ok,0.0,False,0.0,9.0,103,False,0.0,False,,0,,100.0,1.674,pass,2.066
1525,ok,5.0,False,5.0,5.0,167,False,0.0,False,,0,0.0,10.0,0.296,pass,0.354
1531,ok,10.0,False,10.0,9.0,700,False,0.0,False,,0,0.0,10.0,0.126,pass,0.211
1532,ok,0.0,False,0.0,6.0,65,False,0.0,False,,0,,10.0,0.152,pass,0.131
1538,ok,10.0,False,10.0,7.0,392,False,0.0,False,,0,0.0,,4.157,pass,4.398
1540,ok,10.0,False,10.0,7.0,596,False,0.0,False,,0,0.0,,0.503,pass,0.637
1543,capped,1000.0,True,1000.0,10.0,38957,False,1.0,False,,0,0.0,,1.605,pass,2.285
1545,ok,10.0,False,10.0,7.0,668,False,0.0,False,,0,0.0,10.0,0.665,pass,0.884
1554,ok,20.0,False,20.0,9.0,1617,False,0.0,False,,0,0.0,,3.939,pass,4.387
1557,ok,0.0,False,0.0,4.0,49,False,0.0,False,,0,,,0.344,pass,0.443
1561,ok,0.0,False,0.0,6.0,86,False,0.0,False,,0,,1.0,0.413,pass,0.481
1572,ok,10.0,False,10.0,5.0,928,False,0.0,False,,0,0.0,10.0,0.301,pass,0.342
1573,ok,10.0,False,10.0,5.0,1270,False,0.0,False,,0,0.0,10.0,1.943,pass,2.893
1575,ok,10.0,False,10.0,11.0,530,False,0.0,False,,0,0.0,100.0,9.095,pass,13.523
1581,ok,12.0,False,12.0,8.0,799,False,0.0,False,,0,0.0,,0.855,pass,1.014
1584,ok,10.0,False,10.0,7.0,610,False,0.0,False,,0,0.0,10.0,0.376,pass,0.516
1585,ok,50.0,False,50.0,6.0,2115,False,0.0,False,,0,0.0,50.0,2.048,pass,2.676
1591,capped,1000.0,True,1000.0,7.0,90510,False,0.0,False,,0,0.0,,0.996,pass,1.297
1595,ok,5.0,False,5.0,8.0,881,False,0.0,False,,0,0.0,,1.336,pass,1.748
1596,ok,100.0,False,100.0,12.0,13411,False,0.0,False,,0,0.0,100.0,0.574,pass,0.819
1597,ok,10.0,False,10.0,8.0,1084,False,0.0,False,,0,0.0,10.0,0.964,pass,1.204
1602,ok,10.0,False,10.0,8.0,1398,False,0.0,False,,0,0.0,,1.073,pass,1.359
1615,ok,50.0,False,50.0,8.0,3147,False,0.0,False,,0,0.0,50.0,0.907,pass,1.243
1616,ok,0.0,False,0.0,9.0,116,False,0.0,False,,0,,,1.086,pass,1.315
1619,ok,50.0,False,50.0,13.0,4028,False,0.0,False,,0,0.0,,1.263,pass,1.682
1622,ok,100.0,False,100.0,6.0,10810,False,0.0,False,,0,0.0,,0.89,pass,1.104
1625,ok,10.0,False,10.0,11.0,696,False,0.0,False,,0,0.0,,0.549,pass,0.702
1633,ok,50.0,False,50.0,8.0,2574,False,0.0,False,,0,0.0,50.0,0.524,pass,0.664
1634,capped,1000.0,True,1000.0,11.0,115632,False,440.0,False,,0,0.0,,0.827,pass,1.044
1648,ok,10.0,False,10.0,10.0,737,False,0.0,False,,0,0.0,10.0,0.807,pass,0.965
1651,ok,100.0,False,100.0,6.0,9938,False,0.0,False,,0,0.0,100.0,0.305,pass,0.505
1654,ok,673.0,False,673.0,7.0,38106,False,0.0,False,,0,0.0,,0.327,pass,0.464
1655,ok,0.0,False,0.0,7.0,89,False,0.0,False,,0,,50.0,1.394,pass,2.054
1657,ok,10.0,False,10.0,9.0,882,False,0.0,False,,0,0.0,10.0,1.249,pass,1.63
1665,ok,10.0,False,10.0,6.0,388,False,0.0,False,,0,0.0,10.0,0.847,pass,1.008
1669,ok,10.0,False,10.0,9.0,555,False,0.0,False,,0,0.0,,1.197,pass,1.54
1673,capped,1000.0,True,1000.0,12.0,62922,False,0.0,False,,0,0.0,,0.949,pass,1.244
1677,ok,10.0,False,10.0,9.0,375,False,5.0,False,,0,0.0,10.0,1.839,pass,2.678
1681,ok,100.0,False,100.0,11.0,7776,False,97.0,False,,0,0.0,100.0,0.224,pass,0.314
1683,ok,20.0,False,20.0,8.0,1478,False,0.0,False,,0,0.0,20.0,0.808,pass,1.029
1692,capped,1000.0,True,1000.0,9.0,115213,False,0.0,False,,0,0.0,,0.759,pass,1.096
1693,ok,0.0,False,0.0,7.0,81,False,0.0,False,,0,,100.0,0.32,pass,0.401
1696,ok,10.0,False,10.0,8.0,561,False,0.0,False,,0,0.0,10.0,1.186,pass,1.637
1697,ok,100.0,False,100.0,10.0,4487,False,0.0,False,,0,0.0,100.0,0.915,pass,1.255
1703,ok,10.0,False,10.0,10.0,646,False,0.0,False,,0,0.0,10.0,0.353,pass,0.432
1713,ok,10.0,False,10.0,7.0,589,False,0.0,False,,0,0.0,,0.937,pass,1.14
1714,ok,10.0,False,10.0,7.0,629,False,0.0,False,,0,0.0,,1.985,pass,2.287
1717,ok,50.0,False,50.0,8.0,5840,False,49.0,True,,0,0.0,50.0,0.3,pass,0.454
1723,ok,422.0,False,422.0,8.0,13531,False,0.0,False,,0,0.0,1.0,0.383,pass,0.5
1724,timeout,,False,,,93,,,False,,0,,50.0,60.11,timeout 15 s,15.066
1727,ok,41.0,False,41.0,13.0,4494,False,0.0,False,,0,0.0,100.0,1.087,pass,1.45
1732,capped,1000.0,True,1000.0,8.0,54059,False,866.0,False,,0,0.0,,0.355,pass,0.542
1737,ok,10.0,False,10.0,7.0,697,False,0.0,False,,0,0.0,10.0,1.125,pass,1.283
1738,ok,10.0,False,10.0,9.0,719,False,0.0,False,,0,0.0,,1.756,pass,2.211
1743,capped,1000.0,True,1000.0,9.0,98362,False,0.0,False,,0,0.0,,22.757,timeout 15 s,15.064
1745,ok,10.0,False,10.0,6.0,645,False,0.0,False,,0,0.0,10.0,0.722,pass,0.892
1748,ok,0.0,False,0.0,12.0,124,False,0.0,False,,0,,100.0,0.648,pass,0.678
1753,ok,50.0,False,50.0,7.0,2872,False,0.0,False,,0,0.0,,0.81,pass,0.895
1765,ok,50.0,False,50.0,9.0,3882,False,0.0,False,,0,0.0,50.0,24.386,timeout 15 s,15.225
1766,ok,380.0,False,380.0,9.0,19502,False,0.0,False,,0,0.0,,1.164,pass,1.461
1771,ok,10.0,False,10.0,9.0,819,False,0.0,False,,0,0.0,,0.965,pass,1.135
1776,ok,0.0,False,0.0,6.0,65,False,0.0,False,,0,,10.0,0.425,pass,0.563
1780,capped,1000.0,True,1000.0,9.0,115800,False,0.0,False,,0,0.0,5.0,1.238,pass,1.596
1781,ok,10.0,False,10.0,12.0,705,False,0.0,False,,0,0.0,10.0,0.591,pass,0.688
1783,capped,1000.0,True,1000.0,10.0,73838,False,0.0,False,,0,0.0,,0.515,pass,0.746
1787,ok,6.0,False,6.0,10.0,760,False,0.0,False,,0,0.0,100.0,0.279,pass,0.331
1793,ok,677.0,False,677.0,9.0,34089,False,1.0,False,,0,0.0,,1.155,pass,1.635
1794,ok,10.0,False,10.0,10.0,772,False,0.0,False,,0,0.0,,0.545,pass,0.75
1798,capped,1000.0,True,1000.0,8.0,127116,False,0.0,False,,0,0.0,,0.863,pass,1.202
1802,capped,1000.0,True,1000.0,10.0,123247,False,0.0,False,,0,0.0,,1.181,pass,1.474
1803,ok,163.0,False,163.0,8.0,15785,False,0.0,False,,0,0.0,,1.406,pass,1.955
1804,ok,10.0,False,10.0,9.0,779,False,0.0,False,,0,0.0,,1.52,pass,2.095
1805,ok,50.0,False,50.0,7.0,3780,False,0.0,False,,0,0.0,50.0,0.307,pass,0.369
1807,capped,1000.0,True,1000.0,9.0,72414,False,0.0,False,,0,0.0,,1.519,pass,2.127
1810,ok,27.0,False,27.0,8.0,2639,False,0.0,False,,0,0.0,,1.512,pass,1.802
1820,ok,541.0,False,541.0,6.0,37983,False,1.0,False,,0,0.0,10.0,59.039,timeout 15 s,15.058
1823,ok,10.0,False,10.0,8.0,806,False,0.0,False,,0,0.0,10.0,0.929,pass,1.058
1827,capped,1000.0,True,1000.0,9.0,113249,False,0.0,False,,0,0.0,,1.469,pass,1.968
1832,ok,50.0,False,50.0,9.0,5194,False,0.0,False,,0,0.0,50.0,0.618,pass,0.824
1833,ok,10.0,False,10.0,6.0,429,False,0.0,False,,0,0.0,10.0,2.608,pass,3.853
1840,capped,1000.0,True,1000.0,9.0,44618,False,0.0,False,,0,0.0,,1.189,pass,1.871
1843,ok,10.0,False,10.0,9.0,592,False,0.0,False,,0,0.0,,0.912,pass,1.375
1854,ok,369.0,False,369.0,10.0,52685,False,0.0,False,,0,0.0,,0.887,pass,1.174
1856,ok,100.0,False,100.0,13.0,11796,False,0.0,False,,0,0.0,100.0,0.651,pass,0.883
1859,ok,5.0,False,5.0,9.0,457,False,0.0,False,,0,0.0,5.0,0.436,pass,0.625
1867,ok,50.0,False,50.0,12.0,7314,False,0.0,False,,0,0.0,50.0,1.101,pass,1.209
1870,ok,27.0,False,27.0,8.0,1162,False,9.0,False,,0,0.0,,0.816,pass,0.953
1877,ok,10.0,False,10.0,12.0,1013,False,0.0,False,,0,0.0,,0.566,pass,0.721
1882,capped,1000.0,True,1000.0,10.0,47728,False,0.0,False,,0,0.0,1.0,0.463,pass,0.711
1884,ok,10.0,False,10.0,9.0,497,False,9.0,True,,0,0.0,10.0,5.002,pass,8.204
1886,ok,10.0,False,10.0,10.0,685,False,0.0,False,,0,0.0,,2.498,pass,3.476
1887,capped,1000.0,True,1000.0,9.0,58115,False,0.0,False,,0,0.0,,0.556,pass,0.679
1890,ok,0.0,False,0.0,10.0,132,False,0.0,False,,0,,,0.187,pass,0.148
1892,ok,10.0,False,10.0,9.0,1314,False,8.0,False,,0,0.0,10.0,0.316,pass,0.451
1900,ok,1.0,False,1.0,9.0,207,False,0.0,False,,0,0.0,50.0,0.379,pass,0.587
1905,ok,10.0,False,10.0,8.0,1202,False,0.0,False,,0,0.0,,0.544,pass,0.732
1908,ok,0.0,False,0.0,13.0,153,False,0.0,False,,0,,,1.147,pass,1.522
1909,ok,47.0,False,47.0,9.0,3197,False,0.0,False,,0,0.0,,0.628,pass,0.891
1910,ok,0.0,False,0.0,7.0,105,False,0.0,False,,0,,,1.414,pass,1.919
1912,ok,100.0,False,100.0,9.0,8817,False,0.0,False,,0,0.0,100.0,0.802,pass,0.991
1913,ok,10.0,False,10.0,8.0,530,False,0.0,False,,0,0.0,10.0,0.457,pass,0.617
1915,capped,1000.0,True,1000.0,7.0,115328,False,0.0,False,,0,0.0,,1.014,pass,1.329
1918,ok,20.0,False,20.0,8.0,2274,False,0.0,False,,0,0.0,20.0,0.234,pass,0.332
1919,ok,0.0,False,0.0,6.0,70,False,0.0,False,,0,,,0.769,pass,0.962
1921,ok,10.0,False,10.0,7.0,736,False,0.0,False,,0,0.0,10.0,0.917,pass,1.15
1925,ok,10.0,False,10.0,8.0,547,False,0.0,False,,0,0.0,,0.624,pass,0.81
1926,ok,10.0,False,10.0,8.0,627,False,0.0,False,,0,0.0,,1.168,pass,1.623
1927,capped,1000.0,True,1000.0,5.0,45034,False,0.0,False,,0,0.0,1.0,1.721,pass,2.419
1930,ok,4.0,False,4.0,11.0,613,False,0.0,False,,0,0.0,,2.899,pass,3.969
1934,ok,5.0,False,5.0,9.0,423,False,0.0,False,,0,0.0,,1.694,pass,2.496
1937,ok,50.0,False,50.0,10.0,3950,False,0.0,False,,0,0.0,50.0,0.446,pass,0.643
1941,ok,10.0,False,10.0,8.0,903,False,0.0,False,,0,0.0,10.0,2.598,pass,3.667
1945,ok,50.0,False,50.0,11.0,4534,False,0.0,False,,0,0.0,50.0,2.744,pass,4.116
1946,ok,50.0,False,50.0,8.0,2154,False,0.0,False,,0,0.0,50.0,1.007,pass,1.181
1953,ok,10.0,False,10.0,8.0,1142,False,0.0,False,,0,0.0,10.0,0.26,pass,0.318
1955,ok,10.0,False,10.0,8.0,614,False,0.0,False,,0,0.0,10.0,26.097,timeout 15 s,15.211
1959,capped,1000.0,True,1000.0,9.0,71021,False,0.0,False,,0,0.0,,1.544,pass,2.074
1962,ok,10.0,False,10.0,13.0,936,False,0.0,False,,0,0.0,10.0,23.046,timeout 15 s,15.288
1963,ok,26.0,False,26.0,6.0,1336,False,0.0,False,,0,0.0,,0.421,pass,0.499
1965,ok,0.0,False,0.0,6.0,72,False,0.0,False,,0,,,1.389,pass,1.832
1971,ok,10.0,False,10.0,9.0,1186,False,0.0,False,,0,0.0,,1.509,pass,2.213
1974,ok,853.0,False,853.0,11.0,49596,False,0.0,False,,0,0.0,,0.707,pass,0.85
1977,ok,5.0,False,5.0,9.0,741,False,0.0,False,,0,0.0,50.0,2.998,pass,4.522
1986,capped,1000.0,True,1000.0,12.0,75833,False,0.0,False,,0,0.0,,10.912,timeout 15 s,15.071
1987,ok,10.0,False,10.0,12.0,1284,False,0.0,False,,0,0.0,10.0,2.307,pass,3.262
1990,ok,777.0,False,777.0,6.0,19110,False,0.0,False,,0,0.0,,0.473,pass,0.61
1992,ok,50.0,False,50.0,7.0,2626,False,0.0,False,,0,0.0,50.0,0.867,pass,1.569
1996,ok,19.0,False,19.0,8.0,1463,False,0.0,False,,0,0.0,,1.811,pass,2.421
1997,ok,421.0,False,421.0,9.0,17348,False,0.0,False,,0,0.0,,0.386,pass,0.438
2001,ok,14.0,False,14.0,5.0,555,False,5.0,False,,0,0.0,100.0,0.191,pass,0.264
2004,ok,10.0,False,10.0,6.0,491,False,1.0,False,,0,0.0,10.0,3.489,pass,4.83
2010,ok,10.0,False,10.0,9.0,555,False,0.0,False,,0,0.0,,0.371,pass,0.442
2011,ok,10.0,False,10.0,9.0,1215,False,0.0,False,,0,0.0,10.0,0.163,pass,0.172
2017,capped,1000.0,True,1000.0,8.0,62890,False,0.0,False,,0,0.0,,2.172,pass,2.991
2024,ok,10.0,False,10.0,8.0,635,False,0.0,False,,0,0.0,,2.157,pass,2.411
2028,ok,10.0,False,10.0,7.0,659,False,0.0,False,,0,0.0,,0.681,pass,0.859
2035,ok,10.0,False,10.0,13.0,1052,False,0.0,False,,0,0.0,,1.723,pass,2.449
2036,ok,100.0,False,100.0,12.0,12724,False,0.0,False,,0,0.0,100.0,0.634,pass,0.86
2038,ok,0.0,False,0.0,8.0,100,False,0.0,False,,0,,,2.159,pass,2.992
2039,ok,10.0,False,10.0,8.0,789,False,0.0,False,,0,0.0,,0.961,pass,1.17
2042,ok,100.0,False,100.0,8.0,2980,False,0.0,False,,0,0.0,100.0,0.777,pass,1.028
2043,capped,1000.0,True,1000.0,11.0,33019,False,0.0,False,,0,0.0,,0.974,pass,1.325
2044,ok,491.0,False,491.0,8.0,48986,False,0.0,False,,0,0.0,,1.393,pass,1.759
2058,ok,10.0,False,10.0,10.0,704,False,0.0,False,,0,0.0,10.0,2.387,pass,3.475
2061,ok,10.0,False,10.0,14.0,874,False,0.0,False,,0,0.0,10.0,1.148,pass,1.486
2074,ok,10.0,False,10.0,9.0,854,False,0.0,False,,0,0.0,10.0,0.578,pass,0.63
2080,ok,50.0,False,50.0,10.0,6053,False,0.0,False,,0,0.0,50.0,16.192,timeout 15 s,15.056
2083,ok,10.0,False,10.0,9.0,703,False,0.0,False,,0,0.0,10.0,0.63,pass,0.707
2084,ok,0.0,False,0.0,8.0,90,False,0.0,False,,0,,10.0,0.177,pass,0.17
2088,ok,39.0,False,39.0,9.0,2868,False,0.0,False,,0,0.0,,0.286,pass,0.312
2089,ok,853.0,False,853.0,10.0,27651,False,0.0,False,,0,0.0,,1.618,pass,2.294
2090,ok,10.0,False,10.0,9.0,596,False,0.0,False,,0,0.0,,0.567,pass,0.687
2096,ok,0.0,False,0.0,19.0,210,False,0.0,False,,0,,10.0,6.086,pass,7.532
2102,ok,0.0,False,0.0,13.0,142,False,0.0,False,,0,,50.0,0.402,pass,0.473
2106,ok,0.0,False,0.0,6.0,70,False,0.0,False,,0,,20.0,0.204,pass,0.205
2112,ok,10.0,False,10.0,9.0,553,False,0.0,False,,0,0.0,,0.275,pass,0.3
2114,ok,0.0,False,0.0,11.0,134,False,0.0,False,,0,,,1.993,pass,2.605
2116,ok,0.0,False,0.0,8.0,91,False,0.0,False,,0,,10.0,0.183,pass,0.149
2118,ok,50.0,False,50.0,9.0,6549,False,0.0,False,,0,0.0,,0.35,pass,0.521
2123,ok,50.0,False,50.0,9.0,9087,False,0.0,False,,0,0.0,50.0,4.769,pass,7.293
2137,ok,100.0,False,100.0,10.0,11321,False,0.0,False,,0,0.0,100.0,7.94,pass,8.654
2139,capped,1000.0,True,1000.0,8.0,67225,False,0.0,False,,0,0.0,,2.132,pass,3.311
2141,ok,0.0,False,0.0,9.0,112,False,0.0,False,,0,,,0.244,pass,0.247
2151,capped,1000.0,True,1000.0,9.0,109823,False,0.0,False,,0,0.0,,1.775,pass,2.833
2159,capped,1000.0,True,1000.0,8.0,30640,False,11.0,False,,0,0.0,,0.917,pass,1.265
2161,ok,100.0,False,100.0,11.0,8936,False,0.0,False,,0,0.0,100.0,0.363,pass,0.439
2163,ok,10.0,False,10.0,7.0,447,False,0.0,False,,0,0.0,10.0,0.802,pass,1.022
2174,ok,0.0,False,0.0,9.0,125,False,0.0,False,,0,,100.0,0.431,pass,0.48
2178,ok,853.0,False,853.0,9.0,30405,False,0.0,False,,0,0.0,,0.836,pass,0.958
2180,ok,54.0,False,54.0,8.0,3517,False,0.0,False,,0,0.0,,1.166,pass,1.489
2181,ok,100.0,False,100.0,7.0,10276,False,0.0,False,,0,0.0,,1.169,pass,1.601
2184,ok,10.0,False,10.0,10.0,709,False,0.0,False,,0,0.0,10.0,0.967,pass,1.348
2188,ok,92.0,False,92.0,10.0,4687,False,0.0,False,,0,0.0,100.0,1.468,pass,2.054
2189,ok,10.0,False,10.0,6.0,1399,False,0.0,False,,0,0.0,,18.434,timeout 15 s,15.057
2192,ok,193.0,False,193.0,8.0,20361,False,0.0,False,,0,0.0,,3.479,pass,4.404
2195,capped,1000.0,True,1000.0,8.0,52686,False,0.0,False,,0,0.0,,2.431,pass,3.472
2199,ok,0.0,False,0.0,6.0,80,False,0.0,False,,0,,,0.16,pass,0.145
2204,ok,71.0,False,71.0,11.0,8119,False,28.0,False,,0,0.0,,0.852,pass,1.033
2207,ok,1.0,False,1.0,7.0,154,False,0.0,False,,0,0.0,10.0,1.092,pass,1.442
2215,ok,100.0,False,100.0,12.0,9118,False,0.0,False,,0,0.0,100.0,2.384,pass,3.291
2218,ok,0.0,False,0.0,7.0,77,False,0.0,False,,0,,100.0,0.901,pass,1.178
2219,ok,50.0,False,50.0,9.0,4068,False,0.0,False,,0,0.0,,0.299,pass,0.304
2222,ok,11.0,False,11.0,6.0,640,False,0.0,False,,0,0.0,,0.229,pass,0.263
2225,ok,41.0,False,41.0,3.0,593,False,0.0,False,,0,0.0,,1.069,pass,1.468
2227,capped,1000.0,True,1000.0,8.0,49931,False,0.0,False,,0,0.0,,1.491,pass,2.009
2232,ok,100.0,False,100.0,9.0,4140,False,0.0,False,,0,0.0,100.0,1.002,pass,1.325
2235,ok,50.0,False,50.0,10.0,2482,False,0.0,False,,0,0.0,,0.558,pass,0.676
2236,ok,10.0,False,10.0,8.0,1045,False,0.0,False,,0,0.0,,0.551,pass,0.727
2238,ok,13.0,False,13.0,9.0,844,False,0.0,False,,0,0.0,50.0,1.283,pass,1.736
2243,capped,1000.0,True,1000.0,7.0,42302,False,0.0,False,,0,0.0,,1.022,pass,1.402
2245,capped,1000.0,True,1000.0,8.0,34312,False,0.0,False,,0,0.0,,1.091,pass,1.408
2246,capped,1000.0,True,1000.0,6.0,63122,False,0.0,False,,0,0.0,,0.812,pass,0.887
2248,ok,10.0,False,10.0,7.0,654,False,0.0,False,,0,0.0,10.0,0.331,pass,0.393
2249,ok,10.0,False,10.0,9.0,513,False,0.0,False,,0,0.0,10.0,0.716,pass,0.891
2254,ok,100.0,False,100.0,9.0,7122,False,0.0,False,,0,0.0,,0.162,pass,0.137
2257,capped,1000.0,True,1000.0,7.0,33111,False,0.0,False,,0,0.0,,1.453,pass,2.032
2258,ok,1.0,False,1.0,9.0,149,False,0.0,False,,0,0.0,100.0,0.565,pass,0.738
2263,capped,1000.0,True,1000.0,11.0,51027,False,0.0,False,,0,0.0,,22.56,timeout 15 s,15.212
2272,ok,421.0,False,421.0,10.0,27445,False,0.0,False,,0,0.0,,1.486,pass,1.956
2276,ok,20.0,False,20.0,8.0,1004,False,0.0,False,,0,0.0,20.0,0.42,pass,0.559
2277,ok,28.0,False,28.0,10.0,2475,False,0.0,False,,0,0.0,,0.553,pass,0.728
2282,capped,1000.0,True,1000.0,8.0,65002,False,797.0,False,,0,0.0,,1.518,pass,2.096
2283,ok,10.0,False,10.0,9.0,747,False,0.0,False,,0,0.0,10.0,1.227,pass,1.668
2284,capped,1000.0,True,1000.0,9.0,39428,False,0.0,False,,0,0.0,,0.8,pass,0.947
2287,ok,853.0,False,853.0,5.0,21946,False,0.0,False,,0,0.0,,0.763,pass,1.07
2288,ok,100.0,False,100.0,12.0,9584,False,0.0,False,,0,0.0,100.0,0.79,pass,1.066
2289,ok,10.0,False,10.0,8.0,703,False,0.0,False,,0,0.0,10.0,0.264,pass,0.286
2294,ok,0.0,False,0.0,8.0,90,False,0.0,False,,0,,,1.01,pass,1.325
2298,ok,5.0,False,5.0,10.0,509,False,0.0,False,,0,0.0,5.0,0.122,pass,0.165
2301,ok,100.0,False,100.0,8.0,13496,False,0.0,False,,0,0.0,100.0,0.595,pass,0.775
2315,ok,10.0,False,10.0,4.0,655,False,0.0,False,,0,0.0,,0.147,pass,0.108
2320,ok,50.0,False,50.0,8.0,5368,False,0.0,False,,0,0.0,50.0,0.429,pass,0.505
2323,ok,20.0,False,20.0,9.0,2591,False,0.0,False,,0,0.0,,1.48,pass,2.098
2326,ok,16.0,False,16.0,11.0,2240,False,0.0,False,,0,0.0,10.0,10.488,timeout 15 s,15.073
2333,capped,1000.0,True,1000.0,9.0,142276,False,42.0,False,,0,0.0,,1.206,pass,1.597
2337,capped,1000.0,True,1000.0,8.0,107009,False,100.0,False,,0,0.0,,0.55,pass,0.744
2339,ok,10.0,False,10.0,10.0,650,False,0.0,False,,0,0.0,,0.71,pass,0.797
2340,capped,1000.0,True,1000.0,7.0,31625,False,0.0,False,,0,0.0,5.0,2.181,pass,3.03
2344,ok,8.0,False,8.0,6.0,287,False,0.0,False,,0,0.0,,1.536,pass,2.135
2346,ok,0.0,False,0.0,9.0,97,False,0.0,False,,0,,,1.156,pass,1.554
2348,ok,289.0,False,289.0,9.0,23308,False,0.0,False,,0,0.0,,1.217,pass,1.624
2349,ok,10.0,False,10.0,7.0,736,False,0.0,False,,0,0.0,,0.853,pass,0.985
2350,ok,10.0,False,10.0,10.0,602,False,0.0,False,,0,0.0,,0.936,pass,1.243
2354,ok,10.0,False,10.0,6.0,1016,False,0.0,False,,0,0.0,10.0,0.412,pass,0.503
2355,ok,24.0,False,24.0,7.0,853,False,0.0,False,,0,0.0,,0.418,pass,0.495
2358,ok,10.0,False,10.0,7.0,701,False,0.0,False,,0,0.0,,0.376,pass,0.477
2359,capped,1000.0,True,1000.0,7.0,19139,False,911.0,False,,0,0.0,,0.835,pass,1.152
2360,capped,1000.0,True,1000.0,9.0,33294,False,0.0,False,,0,0.0,,1.601,pass,2.389
2364,ok,10.0,False,10.0,7.0,1053,False,8.0,False,,0,0.0,10.0,0.6,pass,0.811
2366,ok,56.0,False,56.0,7.0,5690,False,0.0,False,,0,0.0,,0.75,pass,1.031
2369,ok,10.0,False,10.0,6.0,445,False,0.0,False,,0,0.0,,1.85,pass,2.594
2372,ok,0.0,False,0.0,14.0,156,False,0.0,False,,0,,,1.524,pass,2.076
2373,ok,0.0,False,0.0,10.0,127,False,0.0,False,,0,,50.0,0.53,pass,0.63
2378,capped,1000.0,True,1000.0,7.0,53126,False,0.0,False,,0,0.0,,1.01,pass,1.2
2379,ok,9.0,False,9.0,5.0,372,False,0.0,False,,0,0.0,,0.82,pass,0.955
2381,ok,5.0,False,5.0,7.0,319,False,0.0,False,,0,0.0,,0.843,pass,1.187
2386,ok,4.0,False,4.0,8.0,541,False,0.0,False,,0,0.0,10.0,0.211,pass,0.219
2399,capped,1000.0,True,1000.0,8.0,72210,False,0.0,False,,0,0.0,,1.356,pass,1.717
2412,ok,5.0,False,5.0,10.0,760,False,0.0,False,,0,0.0,10.0,0.377,pass,0.463
2421,ok,10.0,False,10.0,8.0,847,False,0.0,False,,0,0.0,,0.709,pass,0.84
2430,ok,20.0,False,20.0,10.0,1426,False,0.0,False,,0,0.0,,0.223,pass,0.243
2442,ok,10.0,False,10.0,8.0,867,False,0.0,False,,0,0.0,,0.823,pass,1.122
2444,ok,50.0,False,50.0,8.0,2408,False,21.0,False,,0,0.0,50.0,0.304,pass,0.344
2452,capped,1000.0,True,1000.0,9.0,111091,False,0.0,False,,0,0.0,,0.61,pass,0.772
2453,ok,16.0,False,16.0,9.0,1243,False,0.0,False,,0,0.0,,1.735,pass,2.402
2455,ok,10.0,False,10.0,8.0,680,False,0.0,False,,0,0.0,,0.492,pass,0.625
2459,ok,10.0,False,10.0,9.0,819,False,0.0,False,,0,0.0,,0.236,pass,0.329
2460,ok,0.0,False,0.0,9.0,93,False,0.0,False,,0,,,0.732,pass,0.845
2461,capped,1000.0,True,1000.0,8.0,38591,False,0.0,False,,0,0.0,,0.598,pass,0.705
2485,ok,10.0,False,10.0,8.0,707,False,0.0,False,,0,0.0,10.0,0.455,pass,0.545
2487,capped,1000.0,True,1000.0,7.0,123207,False,0.0,False,,0,0.0,,0.345,pass,0.41
2490,ok,25.0,False,25.0,10.0,1967,False,0.0,False,,0,0.0,,1.856,pass,2.616
2499,ok,0.0,False,0.0,9.0,103,False,0.0,False,,0,,,0.228,pass,0.219
2500,ok,10.0,False,10.0,6.0,468,False,0.0,False,,0,0.0,,1.311,pass,1.805
2507,ok,50.0,False,50.0,10.0,4030,False,0.0,False,,0,0.0,50.0,2.758,pass,4.028
2509,ok,10.0,False,10.0,7.0,502,False,0.0,False,,0,0.0,10.0,0.627,pass,0.803
2510,ok,100.0,False,100.0,11.0,4025,False,0.0,False,,0,0.0,100.0,0.598,pass,0.702
2515,ok,100.0,False,100.0,5.0,3136,False,0.0,False,,0,0.0,100.0,0.49,pass,0.54
2516,ok,60.0,False,60.0,10.0,5630,False,0.0,False,,0,0.0,,10.236,pass,15.042
2520,ok,10.0,False,10.0,8.0,654,False,0.0,False,,0,0.0,,1.632,pass,2.06
2521,ok,223.0,False,223.0,7.0,14183,False,0.0,False,,0,0.0,,0.434,pass,0.62
2531,ok,1.0,False,1.0,10.0,172,False,0.0,False,,0,0.0,,1.127,pass,1.448
2537,capped,1000.0,True,1000.0,8.0,23916,False,0.0,False,,0,0.0,,0.558,pass,0.753
2540,ok,18.0,False,18.0,9.0,1047,False,0.0,False,,0,0.0,,0.286,pass,0.316
2543,ok,0.0,False,0.0,10.0,120,False,0.0,False,,0,,,0.935,pass,1.163
2546,ok,100.0,False,100.0,11.0,11293,False,0.0,False,,0,0.0,100.0,2.499,pass,4.202
2551,ok,10.0,False,10.0,11.0,818,False,0.0,False,,0,0.0,10.0,1.007,pass,1.237
2557,ok,10.0,False,10.0,7.0,1123,False,0.0,False,,0,0.0,,0.899,pass,1.107
2559,ok,10.0,False,10.0,6.0,568,False,0.0,False,,0,0.0,,0.683,pass,0.805
2561,capped,1000.0,True,1000.0,11.0,85271,False,0.0,False,,0,0.0,,7.105,pass,14.706
2562,ok,10.0,False,10.0,9.0,800,False,0.0,False,,0,0.0,,2.153,pass,3.093
2569,ok,0.0,False,0.0,10.0,107,False,0.0,False,,0,,,1.183,pass,1.589
2571,ok,1.0,False,1.0,6.0,145,False,0.0,False,,0,0.0,,1.116,pass,1.518
2574,ok,10.0,False,10.0,5.0,292,False,0.0,False,,0,0.0,,1.465,pass,2.039
2575,ok,784.0,False,784.0,10.0,33069,False,0.0,False,,0,0.0,,1.14,pass,1.474
2582,capped,1000.0,True,1000.0,8.0,36182,False,0.0,False,,0,0.0,,1.072,pass,1.39
2584,ok,10.0,False,10.0,7.0,1303,False,0.0,False,,0,0.0,,0.232,pass,0.249
2592,ok,50.0,False,50.0,6.0,3397,False,3.0,False,,0,0.0,50.0,1.161,pass,1.601
2596,ok,11.0,False,11.0,9.0,653,False,0.0,False,,0,0.0,,1.33,pass,1.647
2598,ok,10.0,False,10.0,8.0,1349,False,0.0,False,,0,0.0,,1.018,pass,1.386
2603,ok,0.0,False,0.0,11.0,114,False,0.0,False,,0,,,0.91,pass,1.11
2604,ok,100.0,False,100.0,9.0,11555,False,0.0,False,,0,0.0,100.0,0.795,pass,0.929
2609,ok,10.0,False,10.0,9.0,716,False,0.0,False,,0,0.0,,0.323,pass,0.459
2611,ok,73.0,False,73.0,10.0,5096,False,0.0,False,,0,0.0,100.0,0.386,pass,0.418
2612,ok,50.0,False,50.0,11.0,5652,False,0.0,False,,0,0.0,50.0,1.047,pass,1.274
2613,ok,0.0,False,0.0,9.0,108,False,0.0,False,,0,,100.0,1.502,pass,2.099
2617,capped,1000.0,True,1000.0,11.0,115124,False,0.0,False,,0,0.0,,1.513,pass,2.124
2623,ok,163.0,False,163.0,6.0,11072,False,0.0,False,,0,0.0,,0.439,pass,0.489
2628,ok,550.0,False,550.0,10.0,45586,False,0.0,False,,0,0.0,,0.279,pass,0.271
2632,ok,10.0,False,10.0,10.0,1245,False,0.0,False,,0,0.0,10.0,1.477,pass,2.042
2635,capped,1000.0,True,1000.0,8.0,88709,False,519.0,False,,0,0.0,,2.146,pass,2.896
2638,ok,0.0,False,0.0,7.0,87,False,0.0,False,,0,,5.0,0.677,pass,0.911
2640,ok,17.0,False,17.0,8.0,1609,False,0.0,False,,0,0.0,,0.927,pass,1.031
2642,ok,852.0,False,852.0,10.0,66148,False,0.0,False,,0,0.0,,0.369,pass,0.421
2644,capped,1000.0,True,1000.0,8.0,80671,False,0.0,False,,0,0.0,,2.556,pass,3.433
2648,ok,10.0,False,10.0,8.0,695,False,0.0,False,,0,0.0,,1.0,pass,1.138
2649,capped,1000.0,True,1000.0,7.0,43095,False,988.0,False,,0,0.0,,8.829,pass,13.177
2653,ok,10.0,False,10.0,9.0,605,False,0.0,False,,0,0.0,,0.866,pass,1.171
2655,capped,1000.0,True,1000.0,7.0,63695,False,26.0,False,,0,0.0,,1.643,pass,2.196
2656,ok,33.0,False,33.0,6.0,1450,False,19.0,False,,0,0.0,,0.622,pass,0.844
2658,ok,0.0,False,0.0,8.0,98,False,0.0,False,,0,,,10.523,pass,14.287
2661,capped,1000.0,True,1000.0,11.0,64918,False,0.0,False,,0,0.0,,1.057,pass,1.508
2665,ok,0.0,False,0.0,8.0,101,False,0.0,False,,0,,,1.942,pass,2.775
2666,ok,38.0,False,38.0,7.0,2365,False,0.0,False,,0,0.0,,0.381,pass,0.611
2668,ok,10.0,False,10.0,11.0,1580,False,0.0,False,,0,0.0,10.0,11.453,timeout 15 s,15.106
2670,ok,10.0,False,10.0,7.0,569,False,0.0,False,,0,0.0,10.0,0.132,pass,0.222
2687,ok,10.0,False,10.0,7.0,1092,False,0.0,False,,0,0.0,10.0,0.749,pass,1.031
2689,ok,35.0,False,35.0,5.0,2833,False,0.0,False,,0,0.0,50.0,0.472,pass,0.661
2691,ok,10.0,False,10.0,9.0,1639,False,0.0,False,,0,0.0,10.0,0.708,pass,0.956
2697,ok,2.0,False,2.0,6.0,278,False,0.0,False,,0,0.0,,0.316,pass,0.425
2698,ok,791.0,False,791.0,8.0,103532,False,0.0,False,,0,0.0,,0.123,pass,0.208
2703,ok,10.0,False,10.0,6.0,349,False,0.0,False,,0,0.0,10.0,0.294,pass,0.434
2709,ok,0.0,False,0.0,9.0,104,False,0.0,False,,0,,50.0,0.357,pass,0.485
2711,ok,0.0,False,0.0,10.0,133,False,0.0,False,,0,,,1.741,pass,2.574
2713,ok,10.0,False,10.0,9.0,1524,False,0.0,False,,0,0.0,10.0,0.676,pass,0.923
2719,ok,1.0,False,1.0,6.0,116,False,0.0,False,,0,0.0,,0.311,pass,0.428
2726,ok,0.0,False,0.0,12.0,132,False,0.0,False,,0,,,0.144,pass,0.204
2731,ok,10.0,False,10.0,7.0,461,False,0.0,False,,0,0.0,10.0,0.543,pass,0.764
2733,ok,10.0,False,10.0,7.0,1039,False,2.0,False,,0,0.0,10.0,0.799,pass,0.909
2739,ok,10.0,False,10.0,4.0,256,False,0.0,False,,0,0.0,10.0,0.549,pass,0.744
2741,ok,10.0,False,10.0,7.0,556,False,0.0,False,,0,0.0,1.0,1.103,pass,1.48
2746,ok,10.0,False,10.0,9.0,581,False,0.0,False,,0,0.0,10.0,0.406,pass,0.635
2748,ok,100.0,False,100.0,10.0,5880,False,0.0,False,,0,0.0,100.0,1.169,pass,1.665
2749,ok,15.0,False,15.0,7.0,1089,False,0.0,False,,0,0.0,,0.742,pass,1.098
2757,ok,100.0,False,100.0,10.0,7488,False,0.0,False,,0,0.0,100.0,0.47,pass,0.678
2758,ok,0.0,False,0.0,4.0,66,False,0.0,False,,0,,,0.106,pass,0.155
2762,ok,853.0,False,853.0,7.0,22296,False,0.0,False,,0,0.0,,0.43,pass,0.638
2764,ok,10.0,False,10.0,9.0,1178,False,0.0,False,,0,0.0,10.0,0.342,pass,0.492
2765,ok,50.0,False,50.0,11.0,5236,False,0.0,False,,0,0.0,50.0,0.55,pass,0.868
2766,ok,10.0,False,10.0,9.0,612,False,0.0,False,,0,0.0,,1.462,pass,2.138
2772,ok,208.0,False,208.0,6.0,9034,False,0.0,False,,0,0.0,,4.84,pass,5.822
2774,ok,853.0,False,853.0,11.0,48163,False,0.0,False,,0,0.0,,0.608,pass,0.741
2783,ok,10.0,False,10.0,7.0,1292,False,0.0,False,,0,0.0,10.0,0.351,pass,0.457
2784,ok,100.0,False,100.0,11.0,13865,False,0.0,False,,0,0.0,100.0,6.207,pass,11.557
2785,ok,10.0,False,10.0,9.0,578,False,0.0,False,,0,0.0,,0.367,pass,0.51
2788,ok,33.0,False,33.0,9.0,1671,False,13.0,False,,0,0.0,,3.593,pass,5.062
2793,capped,1000.0,True,1000.0,9.0,58635,False,0.0,False,,0,0.0,,2.569,pass,3.839
2812,capped,1000.0,True,1000.0,10.0,126321,False,0.0,False,,0,0.0,,0.21,pass,0.282
2815,ok,41.0,False,41.0,9.0,4087,False,0.0,False,,0,0.0,,0.435,pass,0.631
2817,ok,10.0,False,10.0,8.0,390,False,0.0,False,,0,0.0,,0.215,pass,0.311
2827,ok,50.0,False,50.0,9.0,2519,False,1.0,False,,0,0.0,50.0,0.352,pass,0.46
2831,ok,0.0,False,0.0,10.0,107,False,0.0,False,,0,,100.0,0.523,pass,0.748
2832,ok,10.0,False,10.0,13.0,971,False,0.0,False,,0,0.0,10.0,1.65,pass,2.387
2835,ok,19.0,False,19.0,6.0,1135,False,0.0,False,,0,0.0,1.0,2.034,pass,2.078
2836,ok,0.0,False,0.0,10.0,116,False,0.0,False,,0,,,0.634,pass,0.906
2838,ok,10.0,False,10.0,8.0,717,False,0.0,False,,0,0.0,,2.053,pass,3.073
2849,ok,0.0,False,0.0,7.0,80,False,0.0,False,,0,,50.0,0.11,pass,0.159
2850,ok,10.0,False,10.0,10.0,862,False,0.0,False,,0,0.0,,0.333,pass,0.428
2851,ok,10.0,False,10.0,10.0,1230,False,0.0,False,,0,0.0,10.0,23.923,timeout 15 s,15.201
2856,ok,100.0,False,100.0,10.0,8073,False,1.0,False,,0,0.0,100.0,0.482,pass,0.709
2857,capped,1000.0,True,1000.0,8.0,69932,False,0.0,False,,0,0.0,,3.229,pass,5.0
2861,capped,1000.0,True,1000.0,9.0,39172,False,0.0,False,,0,0.0,,0.829,pass,1.244
2863,ok,10.0,False,10.0,9.0,1416,False,0.0,False,,0,0.0,10.0,1.116,pass,1.549
2865,ok,10.0,False,10.0,8.0,359,False,0.0,False,,0,0.0,10.0,1.183,pass,1.715
2867,ok,10.0,False,10.0,12.0,1236,False,0.0,False,,0,0.0,,0.443,pass,0.659
2869,ok,10.0,False,10.0,8.0,551,False,0.0,False,,0,0.0,10.0,0.932,pass,1.341
2872,ok,20.0,False,20.0,13.0,2639,False,0.0,False,,0,0.0,50.0,1.09,pass,1.547
2878,ok,10.0,False,10.0,9.0,735,False,0.0,False,,0,0.0,10.0,0.42,pass,0.642
2879,ok,10.0,False,10.0,6.0,517,False,0.0,False,,0,0.0,,0.218,pass,0.315
2880,ok,10.0,False,10.0,7.0,962,False,0.0,False,,0,0.0,10.0,0.931,pass,1.195
2883,ok,0.0,False,0.0,9.0,114,False,0.0,False,,0,,,0.229,pass,0.311
2885,ok,10.0,False,10.0,11.0,719,False,0.0,False,,0,0.0,,0.562,pass,0.727
2886,capped,1000.0,True,1000.0,14.0,108175,False,0.0,False,,0,0.0,,0.96,pass,1.375
2894,ok,0.0,False,0.0,12.0,130,False,0.0,False,,0,,,2.852,pass,3.903
2911,capped,1000.0,True,1000.0,7.0,122781,False,0.0,False,,0,0.0,,0.368,pass,0.449
2916,ok,5.0,False,5.0,5.0,303,False,0.0,False,,0,0.0,5.0,1.087,pass,1.526
2919,ok,7.0,False,7.0,11.0,1193,False,0.0,False,,0,0.0,,1.581,pass,2.237
2924,ok,0.0,False,0.0,9.0,98,False,0.0,False,,0,,,0.611,pass,0.899
2931,ok,715.0,False,715.0,7.0,35256,False,0.0,False,,0,0.0,,1.177,pass,1.803
2936,ok,100.0,False,100.0,10.0,9262,False,0.0,False,,0,0.0,100.0,0.519,pass,0.719
2940,ok,10.0,False,10.0,11.0,777,False,0.0,False,,0,0.0,10.0,0.867,pass,1.03
2943,ok,10.0,False,10.0,6.0,720,False,0.0,False,,0,0.0,,0.304,pass,0.453
2952,ok,50.0,False,50.0,11.0,2631,False,0.0,False,,0,0.0,,0.528,pass,0.806
2956,ok,6.0,False,6.0,6.0,290,False,0.0,False,,0,0.0,,0.469,pass,0.678
2961,ok,20.0,False,20.0,9.0,1199,False,0.0,False,,0,0.0,,0.684,pass,0.998
2965,ok,10.0,False,10.0,8.0,991,False,1.0,False,,0,0.0,,0.837,pass,1.247
2967,ok,15.0,False,15.0,7.0,961,False,0.0,False,,0,0.0,10.0,1.245,pass,1.84
2975,ok,850.0,False,850.0,9.0,51385,False,3.0,False,,0,0.0,,21.467,timeout 15 s,15.222
2977,capped,1000.0,True,1000.0,8.0,24999,False,0.0,False,,0,0.0,,0.931,pass,1.356
2980,ok,10.0,False,10.0,6.0,1076,False,0.0,False,,0,0.0,10.0,0.764,pass,1.153
2985,ok,14.0,False,14.0,8.0,1079,False,0.0,False,,0,0.0,,0.501,pass,0.775
2986,ok,0.0,False,0.0,12.0,139,False,0.0,False,,0,,,1.521,pass,2.252
2991,capped,1000.0,True,1000.0,10.0,113527,False,0.0,False,,0,0.0,,3.391,pass,4.964
2997,capped,1000.0,True,1000.0,7.0,88534,False,0.0,False,,0,0.0,,0.39,pass,0.567
2999,capped,1000.0,True,1000.0,7.0,47314,False,0.0,False,,0,0.0,,1.289,pass,1.819
3004,ok,50.0,False,50.0,8.0,5731,False,20.0,False,,0,0.0,50.0,0.263,pass,0.368
3005,capped,1000.0,True,1000.0,7.0,52363,False,0.0,False,,0,0.0,,0.882,pass,1.201
3009,ok,4.0,False,4.0,8.0,416,False,1.0,False,,0,0.0,100.0,0.818,pass,1.124
3011,timeout,,False,,,93,,,False,,0,,100.0,60.061,timeout 15 s,15.081
3014,ok,37.0,False,37.0,12.0,5782,False,0.0,False,,0,0.0,,0.83,pass,1.075
3018,ok,10.0,False,10.0,5.0,476,False,0.0,False,,0,0.0,10.0,0.112,pass,0.19
3031,capped,1000.0,True,1000.0,11.0,75429,False,0.0,False,,0,0.0,,1.689,pass,2.521
3037,ok,10.0,False,10.0,8.0,835,False,0.0,False,,0,0.0,10.0,0.531,pass,0.668
3042,ok,119.0,False,119.0,7.0,9548,False,0.0,False,,0,0.0,,0.263,pass,0.384
3044,ok,0.0,False,0.0,7.0,85,False,0.0,False,,0,,,0.114,pass,0.167
3046,ok,100.0,False,100.0,8.0,11425,False,0.0,False,,0,0.0,100.0,0.335,pass,0.5
3047,ok,10.0,False,10.0,10.0,776,False,0.0,False,,0,0.0,,0.868,pass,1.191
3049,ok,0.0,False,0.0,10.0,99,False,0.0,False,,0,,,1.91,pass,2.621
3051,ok,20.0,False,20.0,9.0,1278,False,0.0,False,,0,0.0,20.0,0.23,pass,0.332
3052,ok,10.0,False,10.0,9.0,848,False,0.0,False,,0,0.0,,5.759,pass,8.837
3053,ok,10.0,False,10.0,7.0,909,False,2.0,False,,0,0.0,,0.109,pass,0.137
3054,ok,10.0,False,10.0,6.0,542,False,0.0,False,,0,0.0,10.0,0.447,pass,0.578
3055,capped,1000.0,True,1000.0,9.0,35398,False,0.0,False,,0,0.0,,10.619,timeout 15 s,15.075
3056,ok,21.0,False,21.0,10.0,2941,False,0.0,False,,0,0.0,,0.647,pass,0.882
3064,ok,10.0,False,10.0,9.0,732,False,0.0,False,,0,0.0,10.0,0.909,pass,1.46
3065,ok,10.0,False,10.0,8.0,1131,False,0.0,False,,0,0.0,10.0,0.929,pass,1.339
3067,ok,0.0,False,0.0,10.0,126,False,0.0,False,,0,,,0.355,pass,0.499
3071,ok,10.0,False,10.0,12.0,1016,False,0.0,False,,0,0.0,,1.55,pass,2.29
3073,capped,1000.0,True,1000.0,8.0,53122,False,0.0,False,,0,0.0,,0.897,pass,1.169
3074,ok,10.0,False,10.0,7.0,1189,False,0.0,False,,0,0.0,,1.411,pass,1.754
3081,ok,100.0,False,100.0,13.0,14318,False,0.0,False,,0,0.0,100.0,6.413,pass,8.198
3082,ok,100.0,False,100.0,9.0,10929,False,0.0,False,,0,0.0,100.0,0.668,pass,0.958
3088,ok,331.0,False,331.0,8.0,20248,False,0.0,False,,0,0.0,,0.108,pass,0.123
3090,ok,0.0,False,0.0,7.0,88,False,0.0,False,,0,,50.0,0.795,pass,1.128
3091,ok,0.0,False,0.0,7.0,84,False,0.0,False,,0,,,3.914,pass,6.47
3097,ok,1.0,False,1.0,9.0,199,False,0.0,False,,0,0.0,,26.307,timeout 15 s,15.194
3100,ok,44.0,False,44.0,8.0,2453,False,0.0,False,,0,0.0,,0.444,pass,0.633
3103,ok,10.0,False,10.0,9.0,741,False,0.0,False,,0,0.0,10.0,0.118,pass,0.169
3104,ok,10.0,False,10.0,9.0,797,False,0.0,False,,0,0.0,,0.293,pass,0.434
3109,ok,20.0,False,20.0,11.0,1458,False,0.0,False,,0,0.0,20.0,0.737,pass,1.021
3111,ok,15.0,False,15.0,9.0,2114,False,0.0,False,,0,0.0,15.0,0.839,pass,1.227
3112,ok,0.0,False,0.0,8.0,100,False,0.0,False,,0,,50.0,0.785,pass,1.052
3121,ok,12.0,False,12.0,8.0,1060,False,1.0,False,,0,0.0,,2.82,pass,3.238
3124,ok,10.0,False,10.0,11.0,1451,False,0.0,False,,0,0.0,10.0,1.777,pass,2.675
3125,capped,1000.0,True,1000.0,9.0,48348,False,0.0,False,,0,0.0,,0.789,pass,1.262
3132,capped,1000.0,True,1000.0,10.0,62936,False,0.0,False,,0,0.0,,1.689,pass,2.446
3133,capped,1000.0,True,1000.0,7.0,113142,False,0.0,False,,0,0.0,,0.631,pass,0.849
3135,ok,13.0,False,13.0,8.0,748,False,0.0,False,,0,0.0,50.0,0.952,pass,1.462
3136,ok,10.0,False,10.0,5.0,525,False,0.0,False,,0,0.0,10.0,1.353,pass,1.939
3144,ok,10.0,False,10.0,11.0,998,False,0.0,False,,0,0.0,10.0,0.715,pass,0.95
3147,capped,1000.0,True,1000.0,8.0,97337,False,0.0,False,,0,0.0,,1.013,pass,1.494
3148,ok,10.0,False,10.0,9.0,660,False,0.0,False,,0,0.0,,0.341,pass,0.516
3152,ok,20.0,False,20.0,5.0,827,False,0.0,False,,0,0.0,20.0,0.242,pass,0.325
3156,ok,26.0,False,26.0,7.0,4302,False,14.0,False,,0,0.0,,1.581,pass,2.223
3159,ok,0.0,False,0.0,9.0,96,False,0.0,False,,0,,50.0,0.77,pass,1.196
3160,ok,100.0,False,100.0,7.0,7012,False,0.0,False,,0,0.0,100.0,0.796,pass,1.074
3164,ok,560.0,False,560.0,10.0,42722,False,58.0,False,,0,0.0,,5.933,pass,9.161
3167,ok,0.0,False,0.0,10.0,115,False,0.0,False,,0,,10.0,0.715,pass,1.044
3179,ok,10.0,False,10.0,9.0,546,False,0.0,False,,0,0.0,,0.579,pass,0.832
3182,ok,10.0,False,10.0,6.0,531,False,0.0,False,,0,0.0,10.0,0.166,pass,0.255
3188,ok,100.0,False,100.0,6.0,2862,False,78.0,False,,0,0.0,100.0,0.293,pass,0.414
3198,ok,10.0,False,10.0,11.0,1278,False,0.0,False,,0,0.0,10.0,0.796,pass,1.155
3202,ok,100.0,False,100.0,8.0,7425,False,0.0,False,,0,0.0,,0.484,pass,0.7
3205,ok,0.0,False,0.0,11.0,126,False,0.0,False,,0,,,4.989,pass,7.759
3207,ok,10.0,False,10.0,6.0,607,False,0.0,False,,0,0.0,10.0,0.688,pass,0.988
3208,capped,1000.0,True,1000.0,11.0,99174,False,0.0,False,,0,0.0,,1.363,pass,1.988
3222,capped,1000.0,True,1000.0,7.0,84410,False,0.0,False,,0,0.0,,3.803,pass,6.096
3224,capped,1000.0,True,1000.0,10.0,60772,False,0.0,False,,0,0.0,,1.207,pass,1.64
3226,ok,34.0,False,34.0,10.0,3572,False,15.0,False,,0,0.0,,1.933,pass,2.684
3234,ok,81.0,False,81.0,7.0,4695,False,0.0,False,,0,0.0,100.0,0.325,pass,0.423
3236,ok,10.0,False,10.0,7.0,490,False,0.0,False,,0,0.0,,1.594,pass,2.326
3240,ok,10.0,False,10.0,9.0,947,False,0.0,False,,0,0.0,,0.598,pass,0.831
3242,capped,1000.0,True,1000.0,10.0,69738,False,4.0,False,,0,0.0,,1.709,pass,2.453
3245,ok,50.0,False,50.0,13.0,3565,False,0.0,False,,0,0.0,,1.791,pass,2.473
3250,ok,0.0,False,0.0,10.0,130,False,0.0,False,,0,,100.0,0.185,pass,0.253
3251,ok,0.0,False,0.0,10.0,113,False,0.0,False,,0,,1.0,0.107,pass,0.151
3257,ok,10.0,False,10.0,10.0,908,False,0.0,False,,0,0.0,,8.715,pass,14.055
3260,ok,0.0,False,0.0,8.0,92,False,0.0,False,,0,,,0.889,pass,1.325
3262,ok,10.0,False,10.0,9.0,1331,False,0.0,False,,0,0.0,,0.932,pass,1.27
3268,ok,10.0,False,10.0,5.0,1237,False,0.0,False,,0,0.0,10.0,0.141,pass,0.201
3273,ok,10.0,False,10.0,11.0,1057,False,0.0,False,,0,0.0,,0.74,pass,0.975
3274,capped,1000.0,True,1000.0,7.0,76697,False,0.0,False,,0,0.0,,1.803,pass,2.669
3278,ok,10.0,False,10.0,10.0,866,False,0.0,False,,0,0.0,,1.099,pass,1.597
3280,ok,10.0,False,10.0,6.0,413,False,0.0,False,,0,0.0,,0.698,pass,0.89
3281,ok,10.0,False,10.0,8.0,766,False,0.0,False,,0,0.0,10.0,0.107,pass,0.155
3285,ok,26.0,False,26.0,8.0,2012,False,0.0,False,,0,0.0,10.0,0.236,pass,0.331
3290,capped,1000.0,True,1000.0,7.0,75689,False,0.0,False,,0,0.0,,0.916,pass,1.214
3293,ok,100.0,False,100.0,7.0,7342,False,0.0,False,,0,0.0,100.0,0.649,pass,0.914
3295,ok,0.0,False,0.0,8.0,101,False,0.0,False,,0,,10.0,0.568,pass,0.718
3297,ok,12.0,False,12.0,8.0,1056,False,0.0,False,,0,0.0,,1.222,pass,1.637
3299,ok,50.0,False,50.0,7.0,1973,False,0.0,False,,0,0.0,,0.323,pass,0.447
3301,ok,0.0,False,0.0,9.0,117,False,0.0,False,,0,,50.0,1.018,pass,1.475
3302,ok,10.0,False,10.0,9.0,1561,False,0.0,False,,0,0.0,10.0,10.196,pass,14.887
3309,ok,10.0,False,10.0,9.0,517,False,0.0,False,,0,0.0,,0.792,pass,0.932
3319,capped,1000.0,True,1000.0,11.0,100085,False,0.0,False,,0,0.0,,0.453,pass,0.623
3322,capped,1000.0,True,1000.0,7.0,106975,False,0.0,False,,0,0.0,,0.985,pass,1.329
3332,ok,10.0,False,10.0,12.0,1640,False,0.0,False,,0,0.0,10.0,0.338,pass,0.514
3335,capped,1000.0,True,1000.0,11.0,48600,False,0.0,False,,0,0.0,,1.056,pass,1.48
3338,ok,10.0,False,10.0,12.0,898,False,0.0,False,,0,0.0,10.0,0.274,pass,0.447
3339,ok,5.0,False,5.0,8.0,600,False,0.0,False,,0,0.0,5.0,2.021,pass,2.97
3340,ok,0.0,False,0.0,9.0,99,False,0.0,False,,0,,,0.77,pass,1.108
3346,ok,20.0,False,20.0,6.0,1155,False,0.0,False,,0,0.0,20.0,0.204,pass,0.302
3347,ok,0.0,False,0.0,9.0,95,False,0.0,False,,0,,100.0,0.354,pass,0.49
3348,ok,10.0,False,10.0,15.0,756,False,0.0,False,,0,0.0,,4.175,pass,6.235
3351,capped,1000.0,True,1000.0,11.0,52370,False,0.0,False,,0,0.0,,1.259,pass,1.883
3352,ok,100.0,False,100.0,10.0,11513,False,0.0,False,,0,0.0,100.0,1.724,pass,2.355
3353,ok,50.0,False,50.0,9.0,3296,False,0.0,False,,0,0.0,50.0,0.943,pass,1.354
3354,ok,10.0,False,10.0,6.0,517,False,0.0,False,,0,0.0,,1.69,pass,2.404
3355,ok,127.0,False,127.0,7.0,7240,False,0.0,False,,0,0.0,,10.339,pass,14.731
3359,ok,88.0,False,88.0,7.0,3985,False,0.0,False,,0,0.0,100.0,0.877,pass,1.243
3366,ok,10.0,False,10.0,10.0,816,False,0.0,False,,0,0.0,,1.02,pass,1.306
3367,ok,0.0,False,0.0,9.0,112,False,0.0,False,,0,,,0.118,pass,0.173
3369,capped,1000.0,True,1000.0,9.0,29528,False,0.0,False,,0,0.0,,2.028,pass,2.899
3377,ok,0.0,False,0.0,5.0,73,False,0.0,False,,0,,10.0,0.077,pass,0.111
3381,ok,10.0,False,10.0,12.0,1138,False,0.0,False,,0,0.0,10.0,0.877,pass,1.106
3387,ok,50.0,False,50.0,8.0,4335,False,0.0,False,,0,0.0,50.0,6.652,pass,7.006
3392,ok,0.0,False,0.0,7.0,84,False,0.0,False,,0,,,0.068,pass,0.094
3394,ok,0.0,False,0.0,9.0,99,False,0.0,False,,0,,50.0,0.169,pass,0.229
3401,capped,1000.0,True,1000.0,9.0,63898,False,0.0,False,,0,0.0,,7.279,pass,11.456
3405,ok,10.0,False,10.0,9.0,656,False,0.0,False,,0,0.0,,0.279,pass,0.383
3407,ok,10.0,False,10.0,5.0,330,False,0.0,False,,0,0.0,,1.326,pass,1.951
3417,capped,1000.0,True,1000.0,10.0,67096,False,0.0,False,,0,0.0,,0.796,pass,1.145
3427,ok,10.0,False,10.0,7.0,603,False,0.0,False,,0,0.0,,0.549,pass,0.806
3432,ok,853.0,False,853.0,13.0,64047,False,0.0,False,,0,0.0,,0.54,pass,0.749
3434,ok,0.0,False,0.0,8.0,109,False,0.0,False,,0,,,0.117,pass,0.171
3435,ok,12.0,False,12.0,11.0,1322,False,0.0,False,,0,0.0,,1.317,pass,1.909
3436,ok,100.0,False,100.0,11.0,5933,False,0.0,False,,0,0.0,,3.48,pass,5.115
3439,ok,10.0,False,10.0,8.0,1257,False,0.0,False,,0,0.0,10.0,0.379,pass,0.6
3442,capped,1000.0,True,1000.0,9.0,58055,False,0.0,False,,0,0.0,,1.743,pass,2.557
3445,capped,1000.0,True,1000.0,11.0,84323,False,319.0,False,,0,0.0,,0.872,pass,1.255
3446,ok,10.0,False,10.0,7.0,618,False,0.0,False,,0,0.0,,0.227,pass,0.3
3447,ok,10.0,False,10.0,11.0,468,False,0.0,False,,0,0.0,,5.287,pass,7.888
3449,ok,0.0,False,0.0,8.0,92,False,0.0,False,,0,,,0.102,pass,0.145
3453,ok,10.0,False,10.0,7.0,665,False,0.0,False,,0,0.0,10.0,0.629,pass,0.811
3454,ok,50.0,False,50.0,7.0,5758,False,0.0,False,,0,0.0,,0.386,pass,0.529
3461,capped,1000.0,True,1000.0,8.0,45880,False,0.0,False,,0,0.0,,0.959,pass,1.218
3462,ok,20.0,False,20.0,12.0,2672,False,0.0,False,,0,0.0,,0.396,pass,0.522
3468,ok,10.0,False,10.0,9.0,227836,False,0.0,False,,0,0.0,10.0,1.353,pass,1.93
3472,ok,0.0,False,0.0,12.0,148,False,0.0,False,,0,,,21.778,timeout 15 s,15.232
3474,ok,50.0,False,50.0,8.0,4642,False,0.0,False,,0,0.0,50.0,0.692,pass,0.96
3478,capped,1000.0,True,1000.0,10.0,114471,False,0.0,False,,0,0.0,,0.66,pass,0.938
3481,ok,12.0,False,12.0,9.0,1289,False,0.0,False,,0,0.0,,0.386,pass,0.556
3486,ok,100.0,False,100.0,8.0,6594,False,0.0,False,,0,0.0,100.0,0.77,pass,1.097
3490,ok,10.0,False,10.0,8.0,1076,False,0.0,False,,0,0.0,10.0,0.604,pass,0.863
3491,ok,537.0,False,537.0,10.0,44590,False,1.0,False,,0,0.0,,1.783,pass,2.594
3497,ok,10.0,False,10.0,10.0,657,False,0.0,False,,0,0.0,10.0,0.571,pass,0.72
3500,ok,20.0,False,20.0,8.0,1298,False,0.0,False,,0,0.0,20.0,1.375,pass,2.07
3508,ok,20.0,False,20.0,8.0,1114,False,0.0,False,,0,0.0,20.0,1.434,pass,2.103
3510,ok,0.0,False,0.0,11.0,156,False,0.0,False,,0,,1.0,1.049,pass,1.503
3518,ok,10.0,False,10.0,8.0,738,False,0.0,False,,0,0.0,10.0,1.167,pass,1.649
3519,ok,0.0,False,0.0,8.0,92,False,0.0,False,,0,,,0.681,pass,0.945
3522,ok,10.0,False,10.0,9.0,1073,False,0.0,False,,0,0.0,10.0,1.47,pass,2.089
3525,ok,10.0,False,10.0,9.0,1342,False,0.0,False,,0,0.0,10.0,0.702,pass,0.826
3526,ok,45.0,False,45.0,9.0,2765,False,0.0,False,,0,0.0,,0.486,pass,0.648
3529,ok,50.0,False,50.0,10.0,3567,False,0.0,False,,0,0.0,50.0,0.978,pass,1.402
3530,ok,0.0,False,0.0,10.0,108,False,0.0,False,,0,,100.0,7.654,pass,11.63
3532,ok,50.0,False,50.0,7.0,11345,False,0.0,False,,0,0.0,50.0,1.095,pass,1.576
3535,ok,10.0,False,10.0,6.0,567,False,0.0,False,,0,0.0,10.0,1.092,pass,1.519
3539,ok,10.0,False,10.0,5.0,352,False,0.0,False,,0,0.0,10.0,0.635,pass,0.864
3540,ok,0.0,False,0.0,9.0,100,False,0.0,False,,0,,,1.538,pass,2.071
3542,ok,71.0,False,71.0,7.0,6594,False,0.0,False,,0,0.0,,3.336,pass,5.021
3544,capped,1000.0,True,1000.0,10.0,61436,False,0.0,False,,0,0.0,5.0,3.029,pass,4.663
3550,ok,10.0,False,10.0,8.0,664,False,0.0,False,,0,0.0,10.0,0.876,pass,1.096
3560,capped,1000.0,True,1000.0,11.0,131329,False,0.0,False,,0,0.0,,4.027,pass,5.994
3561,ok,208.0,False,208.0,7.0,10995,False,0.0,False,,0,0.0,,0.717,pass,0.991
3562,capped,1000.0,True,1000.0,7.0,92525,False,0.0,False,,0,0.0,,0.486,pass,0.664
3563,ok,50.0,False,50.0,8.0,6233,False,0.0,False,,0,0.0,,0.205,pass,0.276
3565,ok,10.0,False,10.0,9.0,973,False,0.0,False,,0,0.0,,0.992,pass,1.255
3568,capped,1000.0,True,1000.0,10.0,39760,False,0.0,False,,0,0.0,,0.967,pass,1.418
3584,ok,10.0,False,10.0,11.0,862,False,0.0,False,,0,0.0,,1.002,pass,1.458
3590,ok,10.0,False,10.0,7.0,393,False,0.0,False,,0,0.0,10.0,0.238,pass,0.427
3592,ok,19.0,False,19.0,10.0,1565,False,0.0,False,,0,0.0,,1.49,pass,1.915
3603,ok,10.0,False,10.0,7.0,549,False,0.0,False,,0,0.0,,1.32,pass,1.821
3606,ok,8.0,False,8.0,8.0,578,False,0.0,False,,0,0.0,100.0,0.932,pass,1.273
3608,capped,1000.0,True,1000.0,9.0,58926,False,121.0,False,,0,0.0,,2.017,pass,2.781
3609,ok,0.0,False,0.0,12.0,142,False,0.0,False,,0,,,0.499,pass,0.656
3619,capped,1000.0,True,1000.0,12.0,79593,False,412.0,False,,0,0.0,,0.873,pass,1.236
3624,ok,10.0,False,10.0,9.0,747,False,0.0,False,,0,0.0,,0.754,pass,1.011
3627,ok,10.0,False,10.0,11.0,682,False,0.0,False,,0,0.0,,0.818,pass,1.194
3628,ok,0.0,False,0.0,8.0,103,False,0.0,False,,0,,,0.124,pass,0.094
3629,ok,10.0,False,10.0,8.0,625,False,0.0,False,,0,0.0,10.0,0.363,pass,0.512
3642,ok,10.0,False,10.0,8.0,610,False,0.0,False,,0,0.0,,0.466,pass,0.639
3643,ok,100.0,False,100.0,8.0,13008,False,0.0,False,,0,0.0,100.0,0.408,pass,0.614
3644,ok,10.0,False,10.0,6.0,1633,False,0.0,False,,0,0.0,10.0,0.105,pass,0.155
3646,ok,10.0,False,10.0,10.0,603,False,0.0,False,,0,0.0,10.0,0.664,pass,0.919
3655,ok,0.0,False,0.0,7.0,88,False,0.0,False,,0,,50.0,0.372,pass,0.484
3656,ok,620.0,False,620.0,11.0,85893,False,0.0,False,,0,0.0,,2.898,pass,4.187
3658,capped,1000.0,True,1000.0,10.0,51179,False,3.0,False,,0,0.0,,0.563,pass,0.725
3659,ok,10.0,False,10.0,7.0,1111,False,0.0,False,,0,0.0,10.0,2.495,pass,3.615
3661,ok,9.0,False,9.0,8.0,1203,False,0.0,False,,0,0.0,,0.216,pass,0.289
3666,ok,82.0,False,82.0,8.0,4480,False,0.0,False,,0,0.0,,0.381,pass,0.539
3667,ok,10.0,False,10.0,9.0,1109,False,0.0,False,,0,0.0,10.0,0.5,pass,0.681
3670,ok,10.0,False,10.0,5.0,344,False,0.0,False,,0,0.0,,0.959,pass,1.405
3672,ok,10.0,False,10.0,6.0,542,False,0.0,False,,0,0.0,10.0,0.232,pass,0.256
3676,capped,1000.0,True,1000.0,8.0,46268,False,0.0,False,,0,0.0,,0.315,pass,0.451
3679,ok,10.0,False,10.0,9.0,531,False,0.0,False,,0,0.0,10.0,1.64,pass,2.297
3681,ok,0.0,False,0.0,9.0,93,False,0.0,False,,0,,,1.273,pass,1.778
3682,ok,944.0,False,944.0,10.0,61301,False,837.0,False,,0,0.0,,0.363,pass,0.468
3684,ok,10.0,False,10.0,5.0,598,False,0.0,False,,0,0.0,,0.97,pass,1.363
3691,ok,10.0,False,10.0,11.0,935,False,0.0,False,,0,0.0,10.0,0.76,pass,0.994
3693,ok,10.0,False,10.0,10.0,615,False,0.0,False,,0,0.0,,1.039,pass,1.366
3695,ok,0.0,False,0.0,9.0,101,False,0.0,False,,0,,,0.912,pass,1.276
3696,ok,0.0,False,0.0,12.0,129,False,0.0,False,,0,,,0.261,pass,0.434
3697,ok,13.0,False,13.0,12.0,1463,False,0.0,False,,0,0.0,,1.482,pass,2.182
3704,ok,7.0,False,7.0,10.0,403,False,0.0,False,,0,0.0,50.0,0.723,pass,1.025
3706,ok,777.0,False,777.0,7.0,23427,False,0.0,False,,0,0.0,,1.437,pass,2.044
3708,ok,22.0,False,22.0,9.0,1915,False,11.0,False,,0,0.0,,0.209,pass,0.299
3709,ok,0.0,False,0.0,11.0,124,False,0.0,False,,0,,,1.521,pass,2.166
3710,ok,5.0,False,5.0,8.0,642,False,0.0,False,,0,0.0,,0.572,pass,0.821
3713,capped,1000.0,True,1000.0,7.0,119859,False,0.0,False,,0,0.0,,0.552,pass,0.725
3718,ok,0.0,False,0.0,11.0,133,False,0.0,False,,0,,50.0,0.205,pass,0.3
3719,ok,5.0,False,5.0,7.0,461,False,0.0,False,,0,0.0,,0.867,pass,1.203
3720,capped,1000.0,True,1000.0,7.0,104234,False,0.0,False,,0,0.0,,0.774,pass,1.015
3721,ok,0.0,False,0.0,11.0,137,False,0.0,False,,0,,,0.539,pass,0.827
3737,ok,0.0,False,0.0,11.0,123,False,0.0,False,,0,,10.0,26.356,timeout 15 s,15.223
3741,ok,50.0,False,50.0,7.0,2623,False,0.0,False,,0,0.0,50.0,10.109,pass,14.962
3742,capped,1000.0,True,1000.0,8.0,73882,False,0.0,False,,0,0.0,,0.577,pass,0.693
3743,ok,10.0,False,10.0,4.0,309,False,9.0,True,,0,0.0,10.0,0.139,pass,0.23
3748,ok,10.0,False,10.0,7.0,472,False,0.0,False,,0,0.0,,0.684,pass,0.894
3750,ok,5.0,False,5.0,9.0,608,False,0.0,False,,0,0.0,1.0,1.445,pass,1.945
3758,ok,3.0,False,3.0,8.0,323,False,0.0,False,,0,0.0,10.0,0.382,pass,0.578
3764,ok,20.0,False,20.0,8.0,1743,False,0.0,False,,0,0.0,20.0,1.177,pass,1.585
3765,ok,0.0,False,0.0,8.0,95,False,0.0,False,,0,,,1.425,pass,2.044
3766,ok,10.0,False,10.0,7.0,719,False,0.0,False,,0,0.0,,0.531,pass,0.725
3774,ok,10.0,False,10.0,9.0,667,False,0.0,False,,0,0.0,,0.279,pass,0.416
3777,ok,100.0,False,100.0,8.0,10645,False,0.0,False,,0,0.0,100.0,1.377,pass,1.927
3778,ok,80.0,False,80.0,7.0,3569,False,0.0,False,,0,0.0,,0.486,pass,0.674
3779,capped,1000.0,True,1000.0,10.0,142646,False,0.0,False,,0,0.0,,0.646,pass,0.857
3784,ok,0.0,False,0.0,11.0,129,False,0.0,False,,0,,,1.073,pass,1.519
3787,capped,1000.0,True,1000.0,12.0,118220,False,647.0,False,,0,0.0,,2.603,pass,3.844
3804,ok,0.0,False,0.0,8.0,89,False,0.0,False,,0,,,0.136,pass,0.213
3806,ok,10.0,False,10.0,9.0,1196,False,0.0,False,,0,0.0,10.0,0.543,pass,0.838
3808,ok,50.0,False,50.0,10.0,4084,False,0.0,False,,0,0.0,50.0,0.493,pass,0.713
3809,capped,1000.0,True,1000.0,6.0,29125,False,0.0,False,,0,0.0,,1.284,pass,1.87
3811,ok,20.0,False,20.0,7.0,1569,False,0.0,False,,0,0.0,20.0,0.145,pass,0.238
3812,ok,16.0,False,16.0,7.0,1936,False,0.0,False,,0,0.0,100.0,1.419,pass,1.833
3816,ok,3.0,False,3.0,11.0,447,False,0.0,False,,0,0.0,,2.581,pass,3.72
3817,ok,10.0,False,10.0,8.0,1277,False,0.0,False,,0,0.0,10.0,0.326,pass,0.454
3822,ok,50.0,False,50.0,10.0,3517,False,0.0,False,,0,0.0,50.0,0.273,pass,0.41
3824,ok,10.0,False,10.0,7.0,915,False,0.0,False,,0,0.0,10.0,0.548,pass,0.698
3828,capped,1000.0,True,1000.0,10.0,105277,False,0.0,False,,0,0.0,,1.834,pass,2.624
3830,ok,10.0,False,10.0,7.0,543,False,0.0,False,,0,0.0,10.0,0.298,pass,0.423
3834,ok,100.0,False,100.0,7.0,4048,False,0.0,False,,0,0.0,100.0,0.246,pass,0.359
3837,timeout,,False,,,93,,,False,,0,,,60.046,timeout 15 s,15.063
3839,ok,100.0,False,100.0,15.0,9005,False,0.0,False,,0,0.0,100.0,0.695,pass,1.019
3847,ok,30.0,False,30.0,8.0,4003,False,0.0,False,,0,0.0,,0.52,pass,0.79
3849,capped,1000.0,True,1000.0,9.0,113488,False,1.0,False,,0,0.0,,1.084,pass,1.725
3852,capped,1000.0,True,1000.0,7.0,112069,False,0.0,False,,0,0.0,,1.024,pass,1.576
3854,ok,100.0,False,100.0,6.0,11185,False,0.0,False,,0,0.0,100.0,0.745,pass,0.994
3855,ok,0.0,False,0.0,12.0,131,False,0.0,False,,0,,50.0,0.523,pass,0.853
3856,ok,10.0,False,10.0,7.0,651,False,0.0,False,,0,0.0,10.0,5.832,pass,9.074
3858,ok,0.0,False,0.0,8.0,100,False,0.0,False,,0,,,0.073,pass,0.106
3859,ok,14.0,False,14.0,7.0,1189,False,4.0,False,,0,0.0,10.0,4.225,pass,4.898
3860,ok,100.0,False,100.0,9.0,4302,False,0.0,False,,0,0.0,100.0,0.511,pass,0.717
3862,ok,50.0,False,50.0,10.0,5829,False,0.0,False,,0,0.0,,0.69,pass,0.983
3863,ok,50.0,False,50.0,4.0,1706,False,0.0,False,,0,0.0,,9.26,pass,13.126
3865,ok,0.0,False,0.0,6.0,88,False,0.0,False,,0,,,1.02,pass,1.453
3866,ok,0.0,False,0.0,6.0,81,False,0.0,False,,0,,10.0,1.366,pass,1.968
3867,ok,10.0,False,10.0,8.0,541,False,0.0,False,,0,0.0,10.0,1.428,pass,2.109
3868,ok,0.0,False,0.0,9.0,100,False,0.0,False,,0,,,0.211,pass,0.288
3873,ok,291.0,False,291.0,8.0,34037,False,0.0,False,,0,0.0,,0.214,pass,0.347
3874,ok,0.0,False,0.0,7.0,83,False,0.0,False,,0,,,0.221,pass,0.319
3878,capped,1000.0,True,1000.0,10.0,30847,False,0.0,False,,0,0.0,,0.325,pass,0.452
3879,ok,0.0,False,0.0,11.0,128,False,0.0,False,,0,,,0.817,pass,1.077
3880,ok,0.0,False,0.0,10.0,122,False,0.0,False,,0,,,2.426,pass,3.52
3888,ok,10.0,False,10.0,8.0,415,False,0.0,False,,0,0.0,10.0,0.495,pass,0.676
3894,ok,100.0,False,100.0,7.0,4593,False,0.0,False,,0,0.0,100.0,0.245,pass,0.36
3895,ok,41.0,False,41.0,8.0,2903,False,0.0,False,,0,0.0,,0.104,pass,0.148
3897,ok,0.0,False,0.0,8.0,97,False,0.0,False,,0,,,2.147,pass,3.265
3902,ok,10.0,False,10.0,7.0,1420,False,0.0,False,,0,0.0,10.0,0.297,pass,0.436
3906,ok,50.0,False,50.0,13.0,5795,False,0.0,False,,0,0.0,,9.94,pass,11.886
3909,ok,100.0,False,100.0,10.0,6527,False,0.0,False,,0,0.0,100.0,0.62,pass,0.879
3910,capped,1000.0,True,1000.0,11.0,135245,False,0.0,False,,0,0.0,,1.794,pass,3.045
3913,capped,1000.0,True,1000.0,6.0,26114,False,3.0,False,,0,0.0,,0.979,pass,1.422
3914,ok,10.0,False,10.0,5.0,339,False,0.0,False,,0,0.0,10.0,0.218,pass,0.297
3917,ok,0.0,False,0.0,9.0,106,False,0.0,False,,0,,10.0,0.179,pass,0.258
3918,ok,50.0,False,50.0,6.0,3055,False,0.0,False,,0,0.0,50.0,0.474,pass,0.651
3920,capped,1000.0,True,1000.0,12.0,75576,False,0.0,False,,0,0.0,,2.333,pass,3.24
3922,ok,108.0,False,108.0,9.0,7147,False,0.0,False,,0,0.0,,0.545,pass,0.71
3923,ok,59.0,False,59.0,12.0,5002,False,0.0,False,,0,0.0,,0.604,pass,0.812
3924,ok,50.0,False,50.0,11.0,4107,False,0.0,False,,0,0.0,50.0,1.472,pass,2.043
3925,capped,1000.0,True,1000.0,8.0,98801,False,0.0,False,,0,0.0,,2.517,pass,3.71
3928,ok,1.0,False,1.0,8.0,190,False,0.0,False,,0,0.0,10.0,1.007,pass,1.421
3932,ok,10.0,False,10.0,7.0,1034,False,0.0,False,,0,0.0,10.0,0.546,pass,0.708
3935,capped,1000.0,True,1000.0,6.0,31844,False,0.0,False,,0,0.0,,0.309,pass,0.437
3938,ok,100.0,False,100.0,10.0,9197,False,5.0,False,,0,0.0,100.0,1.741,pass,2.121
3940,ok,10.0,False,10.0,7.0,576,False,0.0,False,,0,0.0,,1.162,pass,1.615
3947,capped,1000.0,True,1000.0,9.0,67663,False,810.0,False,,0,0.0,,1.125,pass,1.59
3948,ok,50.0,False,50.0,8.0,5543,False,0.0,False,,0,0.0,50.0,0.198,pass,0.277
3949,ok,20.0,False,20.0,9.0,1123,False,0.0,False,,0,0.0,20.0,0.361,pass,0.549
3954,ok,100.0,False,100.0,9.0,10359,False,0.0,False,,0,0.0,100.0,0.697,pass,1.003
3959,ok,10.0,False,10.0,8.0,1336,False,0.0,False,,0,0.0,,27.574,timeout 15 s,15.088
3966,ok,5.0,False,5.0,6.0,407,False,0.0,False,,0,0.0,,1.651,pass,2.386
3967,ok,5.0,False,5.0,7.0,427,False,0.0,False,,0,0.0,5.0,0.999,pass,1.415
3968,ok,10.0,False,10.0,9.0,531,False,0.0,False,,0,0.0,,0.399,pass,0.575
3972,capped,1000.0,True,1000.0,11.0,40341,False,0.0,False,,0,0.0,,0.996,pass,1.341
3973,ok,20.0,False,20.0,12.0,1494,False,0.0,False,,0,0.0,20.0,0.57,pass,0.759
3975,ok,50.0,False,50.0,12.0,4100,False,0.0,False,,0,0.0,50.0,0.768,pass,1.082
3980,ok,0.0,False,0.0,5.0,63,False,0.0,False,,0,,10.0,1.017,pass,1.559
3989,ok,10.0,False,10.0,8.0,573,False,0.0,False,,0,0.0,10.0,0.619,pass,0.816
3997,ok,10.0,False,10.0,9.0,1154,False,0.0,False,,0,0.0,10.0,2.2,pass,2.617
3998,ok,50.0,False,50.0,10.0,3249,False,0.0,False,,0,0.0,50.0,0.255,pass,0.361
4001,capped,1000.0,True,1000.0,7.0,98655,False,607.0,False,,0,0.0,,1.09,pass,1.525
4003,ok,0.0,False,0.0,7.0,82,False,0.0,False,,0,,,0.482,pass,0.718
4004,ok,13.0,False,13.0,8.0,994,False,2.0,False,,0,0.0,10.0,4.259,pass,4.873
4013,ok,10.0,False,10.0,10.0,773,False,0.0,False,,0,0.0,10.0,0.208,pass,0.298
4019,capped,1000.0,True,1000.0,8.0,53456,False,0.0,False,,0,0.0,,0.703,pass,1.062
4025,ok,0.0,False,0.0,13.0,145,False,0.0,False,,0,,,0.121,pass,0.182
4027,ok,0.0,False,0.0,5.0,68,False,0.0,False,,0,,10.0,0.083,pass,0.115
4028,ok,10.0,False,10.0,10.0,1010,False,0.0,False,,0,0.0,,0.895,pass,1.218
4040,ok,50.0,False,50.0,11.0,2678,False,0.0,False,,0,0.0,50.0,0.69,pass,0.933
4041,ok,10.0,False,10.0,7.0,1137,False,0.0,False,,0,0.0,10.0,0.769,pass,1.057
4043,ok,10.0,False,10.0,9.0,1288,False,0.0,False,,0,0.0,10.0,1.252,pass,1.649
4053,ok,10.0,False,10.0,7.0,594,False,0.0,False,,0,0.0,10.0,0.296,pass,0.318
4061,ok,0.0,False,0.0,13.0,160,False,0.0,False,,0,,100.0,0.932,pass,1.292
4072,ok,50.0,False,50.0,12.0,3388,False,0.0,False,,0,0.0,50.0,0.632,pass,0.892
4076,ok,10.0,False,10.0,7.0,540,False,0.0,False,,0,0.0,10.0,1.651,pass,2.316
4080,capped,1000.0,True,1000.0,6.0,42889,False,0.0,False,,0,0.0,,0.73,pass,1.019
4082,ok,20.0,False,20.0,8.0,1113,False,0.0,False,,0,0.0,20.0,0.389,pass,0.577
4084,ok,10.0,False,10.0,7.0,514,False,0.0,False,,0,0.0,,4.526,pass,6.268
4088,ok,10.0,False,10.0,6.0,969,False,0.0,False,,0,0.0,10.0,0.824,pass,1.1
4090,ok,10.0,False,10.0,7.0,955,False,0.0,False,,0,0.0,,0.297,pass,0.404
4094,ok,405.0,False,405.0,8.0,62715,False,0.0,False,,0,0.0,,1.253,pass,1.809
4109,ok,0.0,False,0.0,9.0,107,False,0.0,False,,0,,,0.865,pass,1.214
4114,ok,5.0,False,5.0,8.0,802,False,0.0,False,,0,0.0,50.0,0.596,pass,0.782
4122,ok,10.0,False,10.0,10.0,632,False,0.0,False,,0,0.0,,1.656,pass,2.247
4124,ok,10.0,False,10.0,9.0,580,False,0.0,False,,0,0.0,10.0,0.229,pass,0.32
4135,ok,10.0,False,10.0,7.0,538,False,0.0,False,,0,0.0,,0.866,pass,1.081
4138,ok,496.0,False,496.0,7.0,27978,False,24.0,False,,0,0.0,,0.459,pass,0.637
4142,ok,10.0,False,10.0,9.0,958,False,0.0,False,,0,0.0,10.0,0.462,pass,0.674
4143,ok,10.0,False,10.0,12.0,1111,False,0.0,False,,0,0.0,,0.706,pass,0.834
4147,ok,100.0,False,100.0,7.0,3887,False,0.0,False,,0,0.0,100.0,0.436,pass,0.648
4153,ok,21.0,False,21.0,6.0,663,False,0.0,False,,0,0.0,,0.287,pass,0.407
4163,capped,1000.0,True,1000.0,8.0,108356,False,0.0,False,,0,0.0,,0.654,pass,0.997
4167,ok,12.0,False,12.0,11.0,1219,False,3.0,False,,0,0.0,,0.677,pass,0.889
4170,ok,0.0,False,0.0,9.0,90,False,0.0,False,,0,,,0.865,pass,1.215
4171,ok,10.0,False,10.0,8.0,1160,False,0.0,False,,0,0.0,,0.473,pass,0.703
4172,capped,1000.0,True,1000.0,13.0,111567,False,0.0,False,,0,0.0,,2.38,pass,3.451
4174,ok,0.0,False,0.0,10.0,113,False,0.0,False,,0,,100.0,8.709,pass,12.977
4175,ok,0.0,False,0.0,8.0,111,False,0.0,False,,0,,10.0,0.495,pass,0.671
4178,ok,7.0,False,7.0,10.0,776,False,0.0,False,,0,0.0,,0.594,pass,0.821
4180,ok,100.0,False,100.0,14.0,13736,False,0.0,False,,0,0.0,100.0,0.618,pass,0.812
4191,ok,0.0,False,0.0,11.0,128,False,0.0,False,,0,,,0.195,pass,0.202
4194,ok,10.0,False,10.0,5.0,250,False,0.0,False,,0,0.0,,0.24,pass,0.346
4203,ok,0.0,False,0.0,10.0,105,False,0.0,False,,0,,50.0,3.787,pass,5.902
4207,ok,50.0,False,50.0,6.0,1751,False,0.0,False,,0,0.0,50.0,0.701,pass,0.892
4208,ok,0.0,False,0.0,8.0,105,False,0.0,False,,0,,,0.633,pass,0.856
4212,ok,10.0,False,10.0,9.0,742,False,0.0,False,,0,0.0,,1.67,pass,1.914
4214,ok,10.0,False,10.0,8.0,1256,False,0.0,False,,0,0.0,10.0,1.136,pass,1.618
4216,ok,0.0,False,0.0,11.0,119,False,0.0,False,,0,,,0.606,pass,0.864
4217,ok,0.0,False,0.0,8.0,107,False,0.0,False,,0,,10.0,0.165,pass,0.232
4222,ok,2.0,False,2.0,7.0,234,False,0.0,False,,0,0.0,10.0,1.195,pass,1.547
4225,ok,100.0,False,100.0,10.0,12033,False,0.0,False,,0,0.0,100.0,0.816,pass,1.114
4230,ok,10.0,False,10.0,8.0,1126,False,0.0,False,,0,0.0,10.0,10.258,pass,14.521
4232,ok,0.0,False,0.0,7.0,96,False,0.0,False,,0,,,0.138,pass,0.239
4233,ok,0.0,False,0.0,7.0,84,False,0.0,False,,0,,50.0,0.751,pass,1.148
4238,ok,50.0,False,50.0,9.0,3239,False,0.0,False,,0,0.0,50.0,0.593,pass,0.78
4249,ok,10.0,False,10.0,7.0,1100,False,0.0,False,,0,0.0,10.0,9.43,timeout 15 s,15.057
4263,ok,50.0,False,50.0,7.0,4263,False,0.0,False,,0,0.0,,0.301,pass,0.446
4265,ok,10.0,False,10.0,7.0,1053,False,0.0,False,,0,0.0,10.0,0.578,pass,0.826
4270,ok,10.0,False,10.0,8.0,1082,False,0.0,False,,0,0.0,50.0,0.363,pass,0.604
4282,ok,5.0,False,5.0,7.0,367,False,0.0,False,,0,0.0,,0.617,pass,0.914
4283,ok,10.0,False,10.0,8.0,667,False,0.0,False,,0,0.0,,0.718,pass,0.935
4297,capped,1000.0,True,1000.0,8.0,44763,False,0.0,False,,0,0.0,,6.871,pass,9.909
4298,ok,10.0,False,10.0,7.0,687,False,0.0,False,,0,0.0,,0.671,pass,0.87
4299,ok,0.0,False,0.0,6.0,74,False,0.0,False,,0,,100.0,0.41,pass,0.505
4306,ok,39.0,False,39.0,10.0,1471,False,0.0,False,,0,0.0,,1.041,pass,1.125
4307,ok,10.0,False,10.0,7.0,630,False,0.0,False,,0,0.0,10.0,0.531,pass,0.737
4308,ok,10.0,False,10.0,9.0,1283,False,0.0,False,,0,0.0,,0.333,pass,0.464
4311,ok,10.0,False,10.0,8.0,550,False,0.0,False,,0,0.0,,0.869,pass,1.263
4313,ok,10.0,False,10.0,8.0,942,False,0.0,False,,0,0.0,,1.253,pass,1.946
4324,ok,10.0,False,10.0,8.0,544,False,0.0,False,,0,0.0,,0.518,pass,0.681
4326,ok,10.0,False,10.0,9.0,745,False,0.0,False,,0,0.0,10.0,0.542,pass,0.858
4327,ok,10.0,False,10.0,7.0,353,False,0.0,False,,0,0.0,,1.623,pass,2.343
4330,ok,10.0,False,10.0,7.0,525,False,0.0,False,,0,0.0,10.0,0.299,pass,0.419
4340,capped,1000.0,True,1000.0,8.0,12078,False,999.0,True,,0,0.0,10.0,0.141,pass,0.201
4341,ok,0.0,False,0.0,10.0,117,False,0.0,False,,0,,50.0,0.169,pass,0.259
4346,ok,274.0,False,274.0,6.0,29361,False,0.0,False,,0,0.0,,0.186,pass,0.313
4357,ok,150.0,False,150.0,9.0,5847,False,0.0,False,,0,0.0,,0.552,pass,0.698
4363,ok,0.0,False,0.0,9.0,102,False,0.0,False,,0,,50.0,0.644,pass,0.797
4368,ok,20.0,False,20.0,7.0,1371,False,0.0,False,,0,0.0,20.0,0.788,pass,1.142
4372,ok,10.0,False,10.0,7.0,616,False,0.0,False,,0,0.0,10.0,0.208,pass,0.208
4377,ok,20.0,False,20.0,9.0,1608,False,0.0,False,,0,0.0,,0.29,pass,0.431
4379,ok,0.0,False,0.0,11.0,125,False,0.0,False,,0,,10.0,0.49,pass,0.651
4385,ok,3.0,False,3.0,8.0,445,False,0.0,False,,0,0.0,100.0,1.037,pass,1.436
4387,capped,1000.0,True,1000.0,6.0,57408,False,312.0,False,,0,0.0,,0.894,pass,1.268
4395,ok,0.0,False,0.0,9.0,124,False,0.0,False,,0,,10.0,0.363,pass,0.497
4404,ok,853.0,False,853.0,6.0,17531,False,0.0,False,,0,0.0,,0.277,pass,0.401
4406,ok,10.0,False,10.0,12.0,1439,False,0.0,False,,0,0.0,,8.133,pass,11.07
4412,ok,0.0,False,0.0,11.0,122,False,0.0,False,,0,,,0.072,pass,0.1
4413,ok,10.0,False,10.0,6.0,861,False,0.0,False,,0,0.0,10.0,2.928,pass,4.052
4419,ok,50.0,False,50.0,8.0,5874,False,0.0,False,,0,0.0,50.0,0.477,pass,0.634
4420,ok,0.0,False,0.0,10.0,120,False,0.0,False,,0,,,0.23,pass,0.31
4428,ok,2.0,False,2.0,8.0,190,False,0.0,False,,0,0.0,20.0,0.736,pass,1.015
4429,ok,10.0,False,10.0,7.0,489,False,0.0,False,,0,0.0,1.0,1.35,pass,1.89
4431,ok,5.0,False,5.0,12.0,524,False,0.0,False,,0,0.0,50.0,0.492,pass,0.64
4436,ok,0.0,False,0.0,10.0,127,False,0.0,False,,0,,10.0,24.074,timeout 15 s,15.196
4440,capped,1000.0,True,1000.0,11.0,50102,False,0.0,False,,0,0.0,,1.233,pass,1.697
4442,ok,50.0,False,50.0,6.0,1585,False,0.0,False,,0,0.0,50.0,1.066,pass,1.459
4448,ok,1.0,False,1.0,9.0,1998,True,0.0,False,,0,0.0,,2.394,pass,3.659
4452,ok,50.0,False,50.0,7.0,8099,False,0.0,False,,0,0.0,50.0,0.208,pass,0.28
4454,ok,204.0,False,204.0,8.0,8311,False,21.0,False,,0,0.0,,0.177,pass,0.178
4457,ok,0.0,False,0.0,8.0,109,False,0.0,False,,0,,,0.42,pass,0.626
4463,ok,10.0,False,10.0,8.0,305,False,1.0,False,,0,0.0,,0.251,pass,0.353
4465,ok,0.0,False,0.0,9.0,146,False,0.0,False,,0,,,0.83,pass,1.275
4466,ok,10.0,False,10.0,11.0,638,False,0.0,False,,0,0.0,10.0,1.584,pass,2.358
4470,ok,3.0,False,3.0,5.0,396,False,0.0,False,,0,0.0,20.0,0.071,pass,0.1
4474,ok,0.0,False,0.0,8.0,95,False,0.0,False,,0,,,1.046,pass,1.541
4484,ok,10.0,False,10.0,6.0,533,False,0.0,False,,0,0.0,10.0,0.421,pass,0.633
4487,ok,20.0,False,20.0,6.0,955,False,0.0,False,,0,0.0,20.0,1.032,pass,1.446
4490,ok,154.0,False,154.0,8.0,14671,False,0.0,False,,0,0.0,,13.747,timeout 15 s,15.214
4492,ok,50.0,False,50.0,7.0,4820,False,0.0,False,,0,0.0,50.0,0.114,pass,0.192
4496,ok,10.0,False,10.0,8.0,1224,False,0.0,False,,0,0.0,10.0,1.718,pass,2.385
4498,ok,10.0,False,10.0,10.0,815,False,0.0,False,,0,0.0,10.0,1.639,pass,2.436
4503,ok,10.0,False,10.0,8.0,692,False,0.0,False,,0,0.0,10.0,0.413,pass,0.627
4506,ok,10.0,False,10.0,11.0,1280,False,0.0,False,,0,0.0,10.0,1.038,pass,1.412
4507,ok,10.0,False,10.0,6.0,335,False,1.0,False,,0,0.0,10.0,0.355,pass,0.553
4510,ok,0.0,False,0.0,8.0,99,False,0.0,False,,0,,,0.115,pass,0.176
4516,capped,1000.0,True,1000.0,10.0,63233,False,0.0,False,,0,0.0,,1.133,pass,1.537
4517,ok,50.0,False,50.0,12.0,6429,False,0.0,False,,0,0.0,50.0,15.643,timeout 15 s,15.276
4531,ok,50.0,False,50.0,10.0,2413,False,0.0,False,,0,0.0,50.0,0.552,pass,0.72
4532,ok,50.0,False,50.0,12.0,2856,False,0.0,False,,0,0.0,50.0,0.562,pass,0.789
4544,ok,50.0,False,50.0,7.0,6962,False,0.0,False,,0,0.0,50.0,0.265,pass,0.422
4546,capped,1000.0,True,1000.0,9.0,94461,False,2.0,False,,0,0.0,,1.86,pass,2.866
4548,ok,20.0,False,20.0,8.0,1313,False,0.0,False,,0,0.0,20.0,1.531,pass,2.245
4550,ok,0.0,False,0.0,12.0,116,False,0.0,False,,0,,,0.863,pass,1.138
4552,ok,10.0,False,10.0,6.0,433,False,0.0,False,,0,0.0,,1.228,pass,1.707
4559,capped,1000.0,True,1000.0,9.0,127155,False,0.0,False,,0,0.0,,28.675,timeout 15 s,15.056
4565,ok,50.0,False,50.0,6.0,5500,False,0.0,False,,0,0.0,50.0,0.786,pass,1.053
4568,ok,50.0,False,50.0,12.0,3167,False,0.0,False,,0,0.0,50.0,3.711,pass,5.233
4572,ok,4.0,False,4.0,12.0,589,False,0.0,False,,0,0.0,100.0,0.23,pass,0.327
4579,ok,164.0,False,164.0,7.0,20144,False,0.0,False,,0,0.0,,0.503,pass,0.644
4581,ok,10.0,False,10.0,9.0,1141,False,0.0,False,,0,0.0,,0.405,pass,0.604
4584,capped,1000.0,True,1000.0,8.0,54200,False,1.0,False,,0,0.0,,2.519,pass,3.966
4587,ok,6.0,False,6.0,10.0,578,False,0.0,False,,0,0.0,,0.538,pass,0.841
4592,capped,1000.0,True,1000.0,8.0,119773,False,241.0,False,,0,0.0,,1.567,pass,2.264
4593,ok,10.0,False,10.0,12.0,970,False,0.0,False,,0,0.0,10.0,3.116,pass,4.804
4608,ok,10.0,False,10.0,8.0,1403,False,0.0,False,,0,0.0,10.0,0.347,pass,0.515
4610,ok,100.0,False,100.0,12.0,11537,False,0.0,False,,0,0.0,100.0,1.14,pass,1.589
4611,ok,5.0,False,5.0,7.0,351,False,0.0,False,,0,0.0,,1.244,pass,1.743
4615,capped,1000.0,True,1000.0,8.0,71201,False,0.0,False,,0,0.0,,1.39,pass,1.902
4625,ok,10.0,False,10.0,9.0,900,False,0.0,False,,0,0.0,10.0,0.765,pass,0.908
4626,ok,100.0,False,100.0,8.0,3813,False,68.0,False,,0,0.0,100.0,0.728,pass,0.956
4631,capped,1000.0,True,1000.0,8.0,118502,False,0.0,False,,0,0.0,,0.615,pass,0.933
4635,ok,10.0,False,10.0,7.0,1253,False,0.0,False,,0,0.0,10.0,1.533,pass,2.219
4638,ok,10.0,False,10.0,7.0,709,False,0.0,False,,0,0.0,,1.513,pass,2.019
4643,ok,0.0,False,0.0,10.0,115,False,0.0,False,,0,,,0.348,pass,0.502
4650,ok,10.0,False,10.0,7.0,1015,False,0.0,False,,0,0.0,10.0,1.244,pass,1.815
4654,ok,20.0,False,20.0,9.0,1384,False,0.0,False,,0,0.0,20.0,9.935,timeout 15 s,15.069
4658,capped,1000.0,True,1000.0,10.0,71055,False,148.0,False,,0,0.0,,1.579,pass,2.463
4659,ok,10.0,False,10.0,10.0,704,False,0.0,False,,0,0.0,10.0,0.245,pass,0.348
4661,ok,10.0,False,10.0,10.0,604,False,0.0,False,,0,0.0,10.0,0.761,pass,1.081
4662,capped,1000.0,True,1000.0,12.0,101977,False,0.0,False,,0,0.0,,2.576,pass,3.904
4666,ok,10.0,False,10.0,8.0,885,False,0.0,False,,0,0.0,10.0,0.215,pass,0.28
4668,capped,1000.0,True,1000.0,8.0,50629,False,245.0,False,,0,0.0,,0.505,pass,0.678
4672,ok,10.0,False,10.0,7.0,621,False,9.0,True,,0,0.0,,0.132,pass,0.222
4675,ok,50.0,False,50.0,9.0,7352,False,0.0,False,,0,0.0,50.0,0.507,pass,0.661
4682,ok,853.0,False,853.0,10.0,28287,False,0.0,False,,0,0.0,,0.609,pass,0.829
4683,ok,10.0,False,10.0,10.0,582,False,0.0,False,,0,0.0,,0.92,pass,1.385
4685,ok,0.0,False,0.0,9.0,115,False,0.0,False,,0,,50.0,1.006,pass,1.453
4689,ok,0.0,False,0.0,9.0,103,False,0.0,False,,0,,,0.384,pass,0.484
4697,ok,100.0,False,100.0,9.0,6013,False,0.0,False,,0,0.0,,3.116,pass,5.161
4698,ok,48.0,False,48.0,9.0,2759,False,0.0,False,,0,0.0,100.0,0.235,pass,0.328
4705,ok,90.0,False,90.0,13.0,10076,False,0.0,False,,0,0.0,,1.5,pass,1.739
4709,ok,10.0,False,10.0,9.0,994,False,0.0,False,,0,0.0,,1.576,pass,2.299
4713,ok,5.0,False,5.0,7.0,518,False,0.0,False,,0,0.0,5.0,1.011,pass,1.332
4714,ok,677.0,False,677.0,4.0,50068,False,0.0,False,,0,0.0,,0.348,pass,0.468
4716,capped,1000.0,True,1000.0,11.0,45193,False,1.0,False,,0,0.0,,0.722,pass,1.072
4718,capped,1000.0,True,1000.0,10.0,30532,False,0.0,False,,0,0.0,,0.94,pass,1.378
4719,ok,10.0,False,10.0,5.0,471,False,1.0,False,,0,0.0,10.0,0.178,pass,0.257
4721,ok,10.0,False,10.0,9.0,552,False,0.0,False,,0,0.0,,0.481,pass,0.712
4729,capped,1000.0,True,1000.0,11.0,136231,False,761.0,False,,0,0.0,,1.172,pass,1.704
4736,ok,10.0,False,10.0,6.0,776,False,8.0,False,,0,0.0,10.0,1.745,pass,2.477
4738,capped,1000.0,True,1000.0,10.0,64403,False,0.0,False,,0,0.0,,1.421,pass,1.906
4750,ok,10.0,False,10.0,7.0,497,False,0.0,False,,0,0.0,,1.22,pass,1.764
4751,ok,0.0,False,0.0,11.0,116,False,0.0,False,,0,,,0.622,pass,0.859
4752,ok,0.0,False,0.0,9.0,102,False,0.0,False,,0,,5.0,0.23,pass,0.317
4756,ok,20.0,False,20.0,10.0,1971,False,0.0,False,,0,0.0,20.0,1.377,pass,1.794
4757,ok,50.0,False,50.0,12.0,3571,False,0.0,False,,0,0.0,50.0,3.241,pass,4.62
4759,capped,1000.0,True,1000.0,9.0,58978,False,0.0,False,,0,0.0,,2.015,pass,3.034
4760,ok,10.0,False,10.0,9.0,538,False,0.0,False,,0,0.0,10.0,0.923,pass,1.131
4761,ok,9.0,False,9.0,10.0,765,False,0.0,False,,0,0.0,,0.599,pass,0.81
4764,ok,0.0,False,0.0,10.0,131,False,0.0,False,,0,,,1.075,pass,1.443
4767,ok,0.0,False,0.0,9.0,116,False,0.0,False,,0,,100.0,0.332,pass,0.503
4768,capped,1000.0,True,1000.0,13.0,64292,False,0.0,False,,0,0.0,,0.912,pass,1.245
4769,ok,35.0,False,35.0,8.0,3022,False,7.0,False,,0,0.0,,0.505,pass,0.741
4771,ok,50.0,False,50.0,11.0,7410,False,0.0,False,,0,0.0,50.0,0.876,pass,1.233
4773,capped,1000.0,True,1000.0,9.0,72623,False,0.0,False,,0,0.0,,1.651,pass,2.27
4775,ok,10.0,False,10.0,6.0,785,False,0.0,False,,0,0.0,10.0,0.922,pass,1.344
4776,ok,4.0,False,4.0,6.0,202,False,1.0,False,,0,0.0,,0.234,pass,0.33
4788,ok,10.0,False,10.0,9.0,866,False,0.0,False,,0,0.0,10.0,0.541,pass,0.695
4789,ok,73.0,False,73.0,8.0,5941,False,0.0,False,,0,0.0,,0.107,pass,0.158
4801,ok,0.0,False,0.0,10.0,106,False,0.0,False,,0,,10.0,0.131,pass,0.181
4808,ok,10.0,False,10.0,15.0,1046,False,0.0,False,,0,0.0,,2.985,pass,4.241
4812,ok,671.0,False,671.0,7.0,19794,False,0.0,False,,0,0.0,,0.262,pass,0.418
4815,ok,0.0,False,0.0,10.0,112,False,0.0,False,,0,,,0.589,pass,0.843
4816,ok,3.0,False,3.0,8.0,421,False,0.0,False,,0,0.0,,0.824,pass,1.149
4819,ok,0.0,False,0.0,12.0,133,False,0.0,False,,0,,,0.894,pass,1.152
4820,ok,50.0,False,50.0,12.0,6820,False,0.0,False,,0,0.0,50.0,1.806,pass,2.687
4826,ok,0.0,False,0.0,6.0,64,False,0.0,False,,0,,,4.315,pass,6.44
4830,capped,1000.0,True,1000.0,9.0,64829,False,8.0,False,,0,0.0,,2.4,pass,4.645
4835,ok,100.0,False,100.0,6.0,2947,False,0.0,False,,0,0.0,100.0,0.564,pass,0.822
4837,ok,57.0,False,57.0,7.0,5821,False,0.0,False,,0,0.0,,0.476,pass,0.653
4843,ok,0.0,False,0.0,13.0,151,False,0.0,False,,0,,,0.607,pass,1.03
4844,capped,1000.0,True,1000.0,11.0,147623,False,0.0,False,,0,0.0,,0.353,pass,0.463
4845,ok,50.0,False,50.0,8.0,2752,False,0.0,False,,0,0.0,50.0,0.707,pass,0.955
4850,ok,0.0,False,0.0,8.0,95,False,0.0,False,,0,,,0.527,pass,0.688
4852,ok,351.0,False,351.0,7.0,10112,False,0.0,False,,0,0.0,,0.303,pass,0.419
4858,ok,9.0,False,9.0,8.0,1006,False,0.0,False,,0,0.0,50.0,0.283,pass,0.434
4861,ok,5.0,False,5.0,11.0,647,False,0.0,False,,0,0.0,5.0,2.059,pass,2.955
4863,ok,27.0,False,27.0,11.0,2250,False,0.0,False,,0,0.0,100.0,2.354,pass,3.033
4866,ok,10.0,False,10.0,9.0,688,False,0.0,False,,0,0.0,,0.902,pass,1.126
4871,ok,50.0,False,50.0,10.0,4498,False,0.0,False,,0,0.0,50.0,1.448,pass,1.991
4881,capped,1000.0,True,1000.0,6.0,98673,False,0.0,False,,0,0.0,,0.389,pass,0.57
4888,ok,0.0,False,0.0,8.0,94,False,0.0,False,,0,,,0.367,pass,0.478
4891,ok,1.0,False,1.0,5.0,202,False,0.0,False,,0,0.0,,0.38,pass,0.536
4904,ok,6.0,False,6.0,9.0,442,False,0.0,False,,0,0.0,,1.328,pass,2.041
4907,ok,233.0,False,233.0,10.0,21845,False,136.0,False,,0,0.0,,0.65,pass,0.822
4910,ok,10.0,False,10.0,7.0,595,False,0.0,False,,0,0.0,,1.325,pass,1.976
4921,ok,100.0,False,100.0,8.0,9702,False,0.0,False,,0,0.0,100.0,0.553,pass,0.768
4922,ok,0.0,False,0.0,10.0,104,False,0.0,False,,0,,,0.9,pass,1.306
4923,ok,140.0,False,140.0,7.0,7809,False,35.0,False,,0,0.0,5.0,10.288,timeout 15 s,15.068
4925,ok,899.0,False,899.0,10.0,56024,False,799.0,False,,0,0.0,,1.453,pass,2.119
4927,capped,1000.0,True,1000.0,7.0,123125,False,102.0,False,,0,0.0,,2.912,pass,4.605
4934,ok,50.0,False,50.0,5.0,1671,False,0.0,False,,0,0.0,5.0,11.298,timeout 15 s,15.055
4937,capped,1000.0,True,1000.0,9.0,90188,False,2.0,False,,0,0.0,,1.904,pass,2.748
4941,ok,50.0,False,50.0,10.0,4549,False,1.0,False,,0,0.0,50.0,1.601,pass,2.322
4944,ok,3.0,False,3.0,6.0,326,False,0.0,False,,0,0.0,,0.338,pass,0.487
4945,capped,1000.0,True,1000.0,8.0,69053,False,0.0,False,,0,0.0,,0.701,pass,0.923
4946,ok,1.0,False,1.0,11.0,209,False,0.0,False,,0,0.0,,1.81,pass,2.87
4957,ok,20.0,False,20.0,9.0,1904,False,1.0,False,,0,0.0,,0.553,pass,0.838
4961,capped,1000.0,True,1000.0,8.0,28229,False,1.0,False,,0,0.0,,1.268,pass,1.763
4962,ok,10.0,False,10.0,7.0,642,False,0.0,False,,0,0.0,,0.947,pass,1.196
4965,ok,0.0,False,0.0,11.0,121,False,0.0,False,,0,,,0.864,pass,1.186
4968,ok,0.0,False,0.0,15.0,159,False,0.0,False,,0,,100.0,4.441,pass,6.889
4972,ok,100.0,False,100.0,10.0,14057,False,0.0,False,,0,0.0,,0.993,pass,1.288
4974,capped,1000.0,True,1000.0,9.0,83015,False,839.0,False,,0,0.0,,1.489,pass,2.083
4979,ok,0.0,False,0.0,7.0,90,False,0.0,False,,0,,,1.504,pass,2.072
4981,ok,0.0,False,0.0,7.0,102,False,0.0,False,,0,,10.0,0.485,pass,0.716
4983,ok,50.0,False,50.0,10.0,4350,False,0.0,False,,0,0.0,50.0,0.618,pass,0.927
4984,ok,283.0,False,283.0,8.0,23057,False,37.0,False,,0,0.0,,0.214,pass,0.297
4986,ok,120.0,False,120.0,5.0,5688,False,0.0,False,,0,0.0,,0.484,pass,0.609
4988,ok,5.0,False,5.0,9.0,435,False,0.0,False,,0,0.0,,0.374,pass,0.562
4990,ok,10.0,False,10.0,6.0,372,False,0.0,False,,0,0.0,,1.218,pass,1.767
4998,ok,10.0,False,10.0,8.0,755,False,0.0,False,,0,0.0,10.0,0.489,pass,0.634
4999,ok,0.0,False,0.0,9.0,99,False,0.0,False,,0,,,0.14,pass,0.202
5003,ok,10.0,False,10.0,8.0,493,False,0.0,False,,0,0.0,,0.501,pass,0.706
5004,ok,10.0,False,10.0,8.0,948,False,0.0,False,,0,0.0,10.0,0.252,pass,0.357
5006,ok,12.0,False,12.0,12.0,1457,False,0.0,False,,0,0.0,,0.094,pass,0.132
5007,capped,1000.0,True,1000.0,7.0,107706,False,0.0,False,,0,0.0,,0.152,pass,0.231
5008,ok,10.0,False,10.0,10.0,848,False,0.0,False,,0,0.0,10.0,1.025,pass,1.251
5009,ok,20.0,False,20.0,8.0,951,False,6.0,False,,0,0.0,,0.162,pass,0.252
5015,ok,4.0,False,4.0,8.0,284,False,2.0,False,,0,0.0,,0.241,pass,0.331
5016,ok,10.0,False,10.0,10.0,809,False,0.0,False,,0,0.0,,25.997,timeout 15 s,15.242
5018,ok,10.0,False,10.0,9.0,746,False,0.0,False,,0,0.0,,0.451,pass,0.594
5020,ok,50.0,False,50.0,14.0,7119,False,0.0,False,,0,0.0,50.0,1.401,pass,1.969
5021,ok,20.0,False,20.0,10.0,1651,False,0.0,False,,0,0.0,,0.512,pass,0.746
5027,ok,10.0,False,10.0,10.0,1211,False,0.0,False,,0,0.0,,1.084,pass,1.488
5028,capped,1000.0,True,1000.0,4.0,39550,False,0.0,False,,0,0.0,,0.88,pass,1.231
5029,capped,1000.0,True,1000.0,8.0,52911,False,0.0,False,,0,0.0,,1.272,pass,1.933
5030,ok,0.0,False,0.0,9.0,93,False,0.0,False,,0,,10.0,0.121,pass,0.19
5032,ok,10.0,False,10.0,6.0,523,False,0.0,False,,0,0.0,10.0,0.529,pass,0.662
5034,ok,19.0,False,19.0,7.0,1779,False,0.0,False,,0,0.0,,0.148,pass,0.24
5037,capped,1000.0,True,1000.0,15.0,46659,False,0.0,False,,0,0.0,,0.965,pass,1.42
5042,ok,0.0,False,0.0,9.0,116,False,0.0,False,,0,,,0.184,pass,0.266
5049,ok,0.0,False,0.0,8.0,91,False,0.0,False,,0,,,0.071,pass,0.099
5050,ok,10.0,False,10.0,9.0,675,False,0.0,False,,0,0.0,,0.706,pass,1.015
5051,ok,59.0,False,59.0,7.0,3002,False,0.0,False,,0,0.0,,0.521,pass,0.75
5052,ok,50.0,False,50.0,7.0,2909,False,0.0,False,,0,0.0,50.0,18.14,timeout 15 s,15.311
5054,ok,100.0,False,100.0,10.0,15785,False,0.0,False,,0,0.0,100.0,0.468,pass,0.637
5056,ok,10.0,False,10.0,7.0,718,False,0.0,False,,0,0.0,,5.657,pass,8.774
5058,ok,31.0,False,31.0,7.0,1645,False,5.0,False,,0,0.0,,0.328,pass,0.44
5059,ok,10.0,False,10.0,10.0,802,False,0.0,False,,0,0.0,,1.996,pass,2.661
5063,capped,1000.0,True,1000.0,7.0,78541,False,0.0,False,,0,0.0,,0.348,pass,0.52
5070,ok,22.0,False,22.0,6.0,1676,False,1.0,False,,0,0.0,,0.113,pass,0.169
5071,ok,32.0,False,32.0,10.0,1890,False,0.0,False,,0,0.0,,0.159,pass,0.3
5073,ok,10.0,False,10.0,11.0,851,False,0.0,False,,0,0.0,,1.253,pass,1.915
5074,ok,10.0,False,10.0,8.0,863,False,0.0,False,,0,0.0,,1.773,pass,1.882
5081,ok,10.0,False,10.0,11.0,1028,False,0.0,False,,0,0.0,,0.953,pass,1.292
5088,capped,1000.0,True,1000.0,6.0,78161,False,0.0,False,,0,0.0,,0.26,pass,0.379
5090,ok,10.0,False,10.0,8.0,585,False,0.0,False,,0,0.0,10.0,0.46,pass,0.591
5094,ok,12.0,False,12.0,9.0,1103,False,0.0,False,,0,0.0,,2.032,pass,2.963
5097,ok,10.0,False,10.0,10.0,621,False,0.0,False,,0,0.0,,1.799,pass,2.642
5103,ok,12.0,False,12.0,8.0,588,False,0.0,False,,0,0.0,,1.078,pass,1.447
5105,ok,36.0,False,36.0,9.0,2315,False,0.0,False,,0,0.0,,0.187,pass,0.271
5106,ok,3.0,False,3.0,9.0,253,False,0.0,False,,0,0.0,,0.546,pass,0.754
5109,capped,1000.0,True,1000.0,9.0,104404,False,0.0,False,,0,0.0,,0.867,pass,1.272
5112,ok,10.0,False,10.0,10.0,627,False,0.0,False,,0,0.0,10.0,0.655,pass,0.844
5115,ok,10.0,False,10.0,6.0,834,False,0.0,False,,0,0.0,10.0,0.565,pass,0.728
5130,ok,10.0,False,10.0,9.0,628,False,0.0,False,,0,0.0,10.0,0.7,pass,0.91
5134,ok,100.0,False,100.0,13.0,6033,False,0.0,False,,0,0.0,100.0,1.604,pass,2.383
5136,ok,193.0,False,193.0,6.0,20836,False,0.0,False,,0,0.0,,1.506,pass,2.149
5138,ok,100.0,False,100.0,12.0,6873,False,0.0,False,,0,0.0,100.0,2.655,pass,4.322
5149,ok,12.0,False,12.0,9.0,934,False,0.0,False,,0,0.0,,0.112,pass,0.164
5150,ok,10.0,False,10.0,8.0,711,False,0.0,False,,0,0.0,,31.425,timeout 15 s,15.254
5152,ok,10.0,False,10.0,12.0,704,False,0.0,False,,0,0.0,,0.911,pass,1.305
5154,ok,20.0,False,20.0,8.0,1762,False,0.0,False,,0,0.0,,0.486,pass,0.724
5157,ok,588.0,False,588.0,11.0,34675,False,0.0,False,,0,0.0,,0.492,pass,0.673
5158,ok,10.0,False,10.0,9.0,1418,False,0.0,False,,0,0.0,10.0,0.9,pass,1.395
5163,ok,10.0,False,10.0,11.0,726,False,0.0,False,,0,0.0,10.0,0.398,pass,0.604
5164,ok,19.0,False,19.0,10.0,1492,False,4.0,False,,0,0.0,,0.424,pass,0.657
5166,ok,10.0,False,10.0,10.0,617,False,0.0,False,,0,0.0,10.0,0.823,pass,1.228
5168,ok,50.0,False,50.0,13.0,2887,False,0.0,False,,0,0.0,50.0,0.845,pass,1.163
5170,ok,0.0,False,0.0,9.0,91,False,0.0,False,,0,,,0.749,pass,0.998
5171,ok,0.0,False,0.0,6.0,74,False,0.0,False,,0,,,0.178,pass,0.26
5172,ok,20.0,False,20.0,10.0,1455,False,0.0,False,,0,0.0,20.0,0.444,pass,0.631
5174,ok,10.0,False,10.0,6.0,381,False,0.0,False,,0,0.0,,0.371,pass,0.516
5178,ok,853.0,False,853.0,13.0,46372,False,0.0,False,,0,0.0,,0.55,pass,0.824
5180,ok,550.0,False,550.0,10.0,39831,False,0.0,False,,0,0.0,,0.412,pass,0.54
5181,capped,1000.0,True,1000.0,8.0,121976,False,0.0,False,,0,0.0,,0.239,pass,0.347
5182,ok,10.0,False,10.0,5.0,331,False,0.0,False,,0,0.0,10.0,0.541,pass,0.749
5183,ok,0.0,False,0.0,8.0,107,False,0.0,False,,0,,,1.518,pass,2.162
5190,capped,1000.0,True,1000.0,13.0,136976,False,0.0,False,,0,0.0,,1.094,pass,1.473
5191,ok,10.0,False,10.0,9.0,629,False,0.0,False,,0,0.0,10.0,0.59,pass,0.814
5192,ok,10.0,False,10.0,9.0,598,False,0.0,False,,0,1.0,10.0,0.96,pass,1.258
5194,ok,170.0,False,170.0,8.0,13663,False,63.0,False,,0,0.0,,0.449,pass,0.615
5201,ok,853.0,False,853.0,11.0,37376,False,0.0,False,,0,0.0,,0.655,pass,0.853
5203,ok,17.0,False,17.0,10.0,1131,False,0.0,False,,0,0.0,,1.109,pass,1.628
5206,ok,47.0,False,47.0,8.0,2438,False,19.0,False,,0,0.0,50.0,0.097,pass,0.142
5209,capped,1000.0,True,1000.0,8.0,51176,False,0.0,False,,0,0.0,,1.219,pass,1.881
5211,ok,0.0,False,0.0,7.0,81,False,0.0,False,,0,,,0.058,pass,0.08
5214,ok,20.0,False,20.0,6.0,900,False,0.0,False,,0,0.0,,0.104,pass,0.152
5216,ok,853.0,False,853.0,7.0,30861,False,0.0,False,,0,0.0,,0.875,pass,1.238
5223,ok,100.0,False,100.0,12.0,5758,False,0.0,False,,0,0.0,100.0,0.674,pass,0.851
5227,ok,560.0,False,560.0,9.0,35019,False,0.0,False,,0,0.0,,0.576,pass,0.832
5228,ok,19.0,False,19.0,9.0,1980,False,0.0,False,,0,0.0,,0.156,pass,0.218
5231,capped,1000.0,True,1000.0,11.0,44779,False,0.0,False,,0,0.0,,1.633,pass,2.261
5232,ok,10.0,False,10.0,10.0,1256,False,0.0,False,,0,0.0,10.0,1.779,pass,2.442
5234,ok,0.0,False,0.0,10.0,112,False,0.0,False,,0,,,0.111,pass,0.182
5235,ok,10.0,False,10.0,11.0,1340,False,0.0,False,,0,0.0,10.0,0.242,pass,0.368
5239,ok,8.0,False,8.0,10.0,1210,False,0.0,False,,0,0.0,10.0,14.456,timeout 15 s,15.069
5242,ok,65.0,False,65.0,6.0,6522,False,23.0,False,,0,0.0,,1.162,pass,1.636
5243,ok,10.0,False,10.0,5.0,762,False,0.0,False,,0,0.0,,0.631,pass,0.97
5244,ok,9.0,False,9.0,11.0,1294,False,0.0,False,,0,0.0,,0.17,pass,0.247
5246,ok,35.0,False,35.0,11.0,2914,False,0.0,False,,0,0.0,,2.208,pass,3.106
5251,ok,10.0,False,10.0,8.0,515,False,0.0,False,,0,0.0,,0.631,pass,0.817
5254,ok,35.0,False,35.0,9.0,2722,False,7.0,False,,0,0.0,,0.188,pass,0.263
5255,ok,10.0,False,10.0,11.0,984,False,0.0,False,,0,0.0,,1.239,pass,1.691
5261,ok,73.0,False,73.0,5.0,3069,False,0.0,False,,0,0.0,,0.077,pass,0.098
5262,capped,1000.0,True,1000.0,6.0,28008,False,0.0,False,,0,0.0,,0.935,pass,1.324
5267,ok,100.0,False,100.0,12.0,7483,False,0.0,False,,0,0.0,100.0,0.788,pass,1.162
5272,capped,1000.0,True,1000.0,8.0,46811,False,0.0,False,,0,0.0,,1.131,pass,1.645
5276,ok,10.0,False,10.0,6.0,1126,False,0.0,False,,0,0.0,20.0,0.11,pass,0.148
5277,ok,100.0,False,100.0,16.0,11243,False,0.0,False,,0,0.0,,1.112,pass,1.615
5279,capped,1000.0,True,1000.0,11.0,112671,False,0.0,False,,0,0.0,10.0,1.021,pass,1.43
5283,ok,38.0,False,38.0,9.0,2763,False,0.0,False,,0,0.0,,2.455,pass,3.497
5285,capped,1000.0,True,1000.0,12.0,97998,False,0.0,False,,0,0.0,1.0,2.691,pass,3.896
5287,ok,10.0,False,10.0,8.0,1008,False,0.0,False,,0,0.0,,0.136,pass,0.234
5290,ok,20.0,False,20.0,11.0,1478,False,0.0,False,,0,0.0,,0.135,pass,0.184
5296,ok,10.0,False,10.0,9.0,626,False,0.0,False,,0,0.0,,0.352,pass,0.588
5297,ok,38.0,False,38.0,8.0,2145,False,0.0,False,,0,0.0,,0.256,pass,0.395
5301,ok,10.0,False,10.0,8.0,610,False,0.0,False,,0,0.0,,1.086,pass,1.616
5302,ok,10.0,False,10.0,7.0,769,False,0.0,False,,0,0.0,,0.263,pass,0.361
5303,ok,20.0,False,20.0,6.0,1685,False,0.0,False,,0,0.0,,0.123,pass,0.209
5305,ok,100.0,False,100.0,10.0,6292,False,0.0,False,,0,0.0,100.0,0.715,pass,0.925
5309,ok,20.0,False,20.0,10.0,2033,False,0.0,False,,0,0.0,,0.195,pass,0.224
5311,ok,71.0,False,71.0,8.0,7159,False,23.0,False,,0,0.0,,1.258,pass,1.826
5313,ok,10.0,False,10.0,8.0,515,False,0.0,False,,0,0.0,,0.277,pass,0.412
5314,ok,0.0,False,0.0,9.0,127,False,0.0,False,,0,,50.0,0.288,pass,0.443
5315,ok,42.0,False,42.0,8.0,2409,False,1.0,False,,0,0.0,10.0,22.388,timeout 15 s,15.187
5317,ok,10.0,False,10.0,6.0,371,False,0.0,False,,0,0.0,,0.428,pass,0.558
5318,ok,10.0,False,10.0,8.0,647,False,0.0,False,,0,0.0,,25.837,timeout 15 s,15.221
5320,ok,10.0,False,10.0,11.0,774,False,0.0,False,,0,0.0,10.0,1.476,pass,2.184
5321,ok,10.0,False,10.0,6.0,445,False,0.0,False,,0,0.0,,1.297,pass,1.906
5324,ok,32.0,False,32.0,8.0,2961,False,0.0,False,,0,0.0,,0.107,pass,0.163
5325,ok,10.0,False,10.0,9.0,616,False,0.0,False,,0,0.0,,1.396,pass,1.994
5329,ok,50.0,False,50.0,9.0,3503,False,0.0,False,,0,0.0,50.0,0.645,pass,0.931
5332,ok,35.0,False,35.0,7.0,2314,False,7.0,False,,0,0.0,,0.285,pass,0.421
5333,ok,22.0,False,22.0,6.0,1905,False,0.0,False,,0,0.0,,0.112,pass,0.161
5336,ok,5.0,False,5.0,5.0,148,False,0.0,False,,0,0.0,,0.117,pass,0.194
5339,ok,50.0,False,50.0,9.0,2962,False,0.0,False,,0,0.0,50.0,0.264,pass,0.414
5342,capped,1000.0,True,1000.0,5.0,41451,False,0.0,False,,0,0.0,,0.562,pass,0.801
5343,ok,152.0,False,152.0,7.0,10058,False,0.0,False,,0,0.0,,0.076,pass,0.112
5344,ok,28.0,False,28.0,9.0,1420,False,0.0,False,,0,0.0,,0.322,pass,0.471
5345,ok,10.0,False,10.0,7.0,1064,False,0.0,False,,0,0.0,10.0,0.269,pass,0.426
5355,ok,50.0,False,50.0,11.0,2735,False,0.0,False,,0,0.0,,1.107,pass,1.462
5356,ok,10.0,False,10.0,11.0,823,False,0.0,False,,0,0.0,,0.408,pass,0.622
5360,ok,100.0,False,100.0,10.0,4704,False,0.0,False,,0,0.0,,2.343,pass,3.49
5361,ok,100.0,False,100.0,7.0,5711,False,0.0,False,,0,0.0,10.0,16.083,timeout 15 s,15.071
5362,ok,64.0,False,64.0,6.0,6020,False,23.0,False,,0,0.0,,1.246,pass,1.741
5369,ok,0.0,False,0.0,7.0,79,False,0.0,False,,0,,,1.244,pass,1.768
5372,ok,112.0,False,112.0,11.0,19928,False,0.0,False,,0,0.0,,0.67,pass,0.87
5373,ok,23.0,False,23.0,8.0,2510,False,0.0,False,,0,0.0,,0.766,pass,1.13
5375,ok,20.0,False,20.0,12.0,2399,False,0.0,False,,0,0.0,,2.003,pass,2.892
5376,ok,0.0,False,0.0,10.0,128,False,0.0,False,,0,,,0.172,pass,0.25
5377,ok,20.0,False,20.0,7.0,1190,False,0.0,False,,0,0.0,,0.139,pass,0.241
5379,ok,50.0,False,50.0,12.0,3605,False,0.0,False,,0,0.0,50.0,0.297,pass,0.438
5381,ok,50.0,False,50.0,7.0,4968,False,15.0,False,,0,0.0,50.0,0.92,pass,1.264
5382,ok,7.0,False,7.0,8.0,690,False,0.0,False,,0,0.0,,0.134,pass,0.206
5383,ok,18.0,False,18.0,9.0,1231,False,0.0,False,,0,0.0,,0.45,pass,0.654
5387,capped,1000.0,True,1000.0,8.0,122745,False,0.0,False,,0,0.0,,1.642,pass,2.504
5388,ok,10.0,False,10.0,8.0,1031,False,0.0,False,,0,0.0,,0.113,pass,0.16
5390,ok,10.0,False,10.0,8.0,882,False,0.0,False,,0,0.0,10.0,0.774,pass,1.012
5393,capped,1000.0,True,1000.0,10.0,47776,False,0.0,False,,0,0.0,,0.89,pass,1.22
5395,ok,10.0,False,10.0,6.0,472,False,0.0,False,,0,0.0,,0.557,pass,0.828
5399,ok,100.0,False,100.0,12.0,7403,False,0.0,False,,0,0.0,,0.885,pass,1.269
5401,ok,13.0,False,13.0,11.0,878,False,0.0,False,,0,0.0,,1.24,pass,1.74
5403,ok,10.0,False,10.0,4.0,424,False,0.0,False,,0,0.0,10.0,0.142,pass,0.198
5405,capped,1000.0,True,1000.0,7.0,106760,False,0.0,False,,0,0.0,5.0,0.468,pass,0.763
5407,ok,20.0,False,20.0,6.0,1000,False,0.0,False,,0,0.0,20.0,0.24,pass,0.269
5410,capped,1000.0,True,1000.0,8.0,100377,False,0.0,False,,0,0.0,,1.353,pass,1.855
5411,ok,10.0,False,10.0,9.0,1198,False,0.0,False,,0,0.0,,0.852,pass,1.236
5412,ok,10.0,False,10.0,12.0,670,False,0.0,False,,0,0.0,10.0,0.561,pass,0.7
5413,ok,777.0,False,777.0,6.0,31265,False,0.0,False,,0,0.0,,0.232,pass,0.325
5416,ok,161.0,False,161.0,10.0,21278,False,0.0,False,,0,0.0,,9.032,pass,13.537
5417,ok,10.0,False,10.0,5.0,362,False,0.0,False,,0,0.0,10.0,0.678,pass,0.842
5420,ok,23.0,False,23.0,7.0,1864,False,0.0,False,,0,0.0,50.0,0.152,pass,0.224
5423,ok,100.0,False,100.0,11.0,9340,False,0.0,False,,0,0.0,100.0,9.123,pass,9.65
5426,ok,10.0,False,10.0,6.0,869,False,0.0,False,,0,0.0,,0.787,pass,1.114
5434,ok,35.0,False,35.0,13.0,3373,False,0.0,False,,0,0.0,,0.156,pass,0.244
5435,ok,443.0,False,443.0,13.0,59025,False,0.0,False,,0,0.0,,0.252,pass,0.379
5437,ok,0.0,False,0.0,11.0,111,False,0.0,False,,0,,,0.33,pass,0.443
5444,ok,10.0,False,10.0,7.0,1028,False,0.0,False,,0,0.0,,0.122,pass,0.194
5448,ok,100.0,False,100.0,11.0,8096,False,0.0,False,,0,0.0,,23.238,timeout 15 s,15.228
5449,ok,10.0,False,10.0,7.0,448,False,0.0,False,,0,0.0,,0.473,pass,0.672
5450,ok,20.0,False,20.0,7.0,1192,False,0.0,False,,0,0.0,,0.153,pass,0.244
5454,ok,10.0,False,10.0,8.0,482,False,0.0,False,,0,0.0,,1.767,pass,2.541
5457,ok,10.0,False,10.0,9.0,672,False,0.0,False,,0,0.0,10.0,0.476,pass,0.683
5461,ok,50.0,False,50.0,7.0,1586,False,0.0,False,,0,0.0,10.0,3.03,pass,4.869
5463,ok,10.0,False,10.0,8.0,534,False,0.0,False,,0,0.0,,0.629,pass,0.81
5464,ok,0.0,False,0.0,11.0,135,False,0.0,False,,0,,,0.184,pass,0.262
5467,ok,100.0,False,100.0,5.0,4128,False,0.0,False,,0,0.0,,0.267,pass,0.388
5469,ok,10.0,False,10.0,8.0,1173,False,0.0,False,,0,0.0,,0.264,pass,0.431
5470,ok,61.0,False,61.0,7.0,7187,False,0.0,False,,0,0.0,,0.297,pass,0.399
5471,ok,25.0,False,25.0,11.0,2603,False,0.0,False,,0,0.0,,0.114,pass,0.162
5474,ok,50.0,False,50.0,14.0,5103,False,0.0,False,,0,0.0,50.0,1.414,pass,2.003
5476,ok,50.0,False,50.0,8.0,2543,False,0.0,False,,0,0.0,5.0,0.218,pass,0.354
5477,ok,10.0,False,10.0,7.0,467,False,0.0,False,,0,0.0,,0.713,pass,1.0
5478,ok,10.0,False,10.0,8.0,1412,False,0.0,False,,0,0.0,,0.18,pass,0.184
5480,ok,10.0,False,10.0,7.0,1093,False,0.0,False,,0,0.0,,1.952,pass,3.109
5481,ok,50.0,False,50.0,12.0,2969,False,0.0,False,,0,0.0,50.0,0.461,pass,0.646
5483,ok,50.0,False,50.0,8.0,2738,False,0.0,False,,0,0.0,,0.385,pass,0.577
5489,ok,10.0,False,10.0,6.0,464,False,0.0,False,,0,0.0,,0.91,pass,1.302
5490,ok,10.0,False,10.0,8.0,868,False,0.0,False,,0,0.0,,0.805,pass,1.135
5491,ok,0.0,False,0.0,12.0,151,False,0.0,False,,0,,,4.344,pass,6.693
5502,ok,396.0,False,396.0,9.0,23557,False,1.0,False,,0,0.0,,0.464,pass,0.742
5504,ok,10.0,False,10.0,10.0,631,False,0.0,False,,0,0.0,,0.211,pass,0.308
5506,ok,10.0,False,10.0,10.0,1160,False,0.0,False,,0,0.0,,0.554,pass,0.773
5507,ok,10.0,False,10.0,8.0,535,False,0.0,False,,0,0.0,,1.391,pass,2.037
5508,ok,29.0,False,29.0,8.0,1210,False,0.0,False,,0,0.0,,0.199,pass,0.289
5512,ok,12.0,False,12.0,7.0,1001,False,0.0,False,,0,0.0,,0.338,pass,0.516
5514,capped,1000.0,True,1000.0,8.0,122821,False,0.0,False,,0,0.0,,0.404,pass,0.609
5515,ok,20.0,False,20.0,6.0,1912,False,0.0,False,,0,0.0,20.0,0.26,pass,0.372
5516,ok,0.0,False,0.0,8.0,96,False,0.0,False,,0,,,0.065,pass,0.089
5517,ok,9.0,False,9.0,12.0,959,False,0.0,False,,0,0.0,,1.537,pass,1.86
5518,ok,853.0,False,853.0,10.0,35648,False,0.0,False,,0,0.0,,0.809,pass,1.134
5519,capped,1000.0,True,1000.0,9.0,72304,False,0.0,False,,0,0.0,,0.254,pass,0.299
5527,ok,10.0,False,10.0,8.0,463,False,0.0,False,,0,0.0,,0.788,pass,1.128
5529,capped,1000.0,True,1000.0,9.0,119918,False,0.0,False,,0,0.0,,1.518,pass,2.144
5531,ok,10.0,False,10.0,7.0,506,False,0.0,False,,0,0.0,,0.742,pass,0.97
5532,ok,31.0,False,31.0,8.0,2739,False,14.0,False,,0,0.0,,1.853,pass,2.67
5533,ok,10.0,False,10.0,9.0,571,False,0.0,False,,0,0.0,,2.094,pass,3.021
5535,ok,10.0,False,10.0,9.0,568,False,0.0,False,,0,0.0,,1.475,pass,2.146
5537,capped,1000.0,True,1000.0,8.0,115844,False,0.0,False,,0,0.0,,0.395,pass,0.587
5540,ok,10.0,False,10.0,11.0,716,False,0.0,False,,0,0.0,10.0,0.864,pass,1.168
5544,capped,1000.0,True,1000.0,10.0,56048,False,0.0,False,,0,0.0,,2.929,pass,5.006
5548,ok,125.0,False,125.0,7.0,4671,False,76.0,False,,0,0.0,,0.178,pass,0.251
5549,ok,3.0,False,3.0,10.0,572,False,0.0,False,,0,0.0,,0.934,pass,1.35
5552,ok,28.0,False,28.0,9.0,1907,False,0.0,False,,0,0.0,,0.631,pass,0.887
5553,ok,10.0,False,10.0,11.0,1065,False,0.0,False,,0,0.0,,6.82,pass,10.321
5555,ok,11.0,False,11.0,9.0,585,False,0.0,False,,0,0.0,,4.322,pass,6.848
5556,ok,225.0,False,225.0,12.0,17964,False,0.0,False,,0,0.0,10.0,0.15,pass,0.22
5561,ok,10.0,False,10.0,8.0,1186,False,8.0,False,,0,0.0,10.0,1.517,pass,2.125
5566,ok,35.0,False,35.0,10.0,2680,False,0.0,False,,0,0.0,,0.126,pass,0.2
5567,ok,74.0,False,74.0,9.0,5258,False,0.0,False,,0,0.0,10.0,0.637,pass,0.929
5569,ok,10.0,False,10.0,7.0,494,False,0.0,False,,0,0.0,10.0,0.504,pass,0.622
5572,ok,10.0,False,10.0,5.0,395,False,0.0,False,,0,0.0,10.0,0.792,pass,1.017
5575,capped,1000.0,True,1000.0,10.0,112355,False,0.0,False,,0,0.0,,1.302,pass,1.875
5582,ok,10.0,False,10.0,10.0,1308,False,0.0,False,,0,0.0,,0.254,pass,0.346
5589,ok,15.0,False,15.0,9.0,1049,False,0.0,False,,0,0.0,10.0,0.139,pass,0.231
5590,ok,10.0,False,10.0,7.0,1207,False,0.0,False,,0,0.0,10.0,0.251,pass,0.379
5591,ok,0.0,False,0.0,9.0,98,False,0.0,False,,0,,1.0,0.226,pass,0.31
5601,ok,10.0,False,10.0,7.0,1140,False,0.0,False,,0,0.0,,0.18,pass,0.219
5603,ok,217.0,False,217.0,7.0,12335,False,0.0,False,,0,0.0,,0.189,pass,0.247
5605,ok,10.0,False,10.0,9.0,989,False,0.0,False,,0,0.0,,1.715,pass,2.654
5609,ok,521.0,False,521.0,10.0,67705,False,0.0,False,,0,0.0,,0.113,pass,0.168
5616,capped,1000.0,True,1000.0,14.0,135361,False,0.0,False,,0,0.0,,1.072,pass,1.443
5617,ok,10.0,False,10.0,8.0,526,False,0.0,False,,0,0.0,10.0,0.891,pass,1.181
5619,capped,1000.0,True,1000.0,9.0,48094,False,0.0,False,,0,0.0,,0.544,pass,0.81
5620,ok,100.0,False,100.0,13.0,4859,False,0.0,False,,0,0.0,100.0,0.72,pass,0.968
5621,ok,50.0,False,50.0,10.0,3895,False,0.0,False,,0,0.0,50.0,10.845,timeout 15 s,15.218
5626,ok,50.0,False,50.0,8.0,2670,False,0.0,False,,0,0.0,10.0,16.875,timeout 15 s,15.065
5628,ok,10.0,False,10.0,10.0,843,False,0.0,False,,0,0.0,,1.05,pass,1.512
5630,capped,1000.0,True,1000.0,8.0,42294,False,991.0,False,,0,0.0,,0.658,pass,0.971
5634,ok,724.0,False,724.0,10.0,62484,False,0.0,False,,0,0.0,,3.195,pass,4.536
5636,capped,1000.0,True,1000.0,9.0,122246,False,0.0,False,,0,0.0,,3.524,pass,5.223
5637,ok,10.0,False,10.0,13.0,821,False,0.0,False,,0,0.0,10.0,0.866,pass,1.212
5638,ok,100.0,False,100.0,11.0,6640,False,0.0,False,,0,0.0,100.0,0.777,pass,1.017
5646,capped,1000.0,True,1000.0,8.0,88106,False,0.0,False,,0,0.0,,1.648,pass,2.295
5648,ok,12.0,False,12.0,10.0,1129,False,0.0,False,,0,0.0,,1.438,pass,1.824
5654,ok,54.0,False,54.0,9.0,5565,False,6.0,False,,0,0.0,,0.482,pass,0.667
5656,ok,10.0,False,10.0,11.0,1336,False,0.0,False,,0,0.0,,0.124,pass,0.177
5657,capped,1000.0,True,1000.0,11.0,38287,False,0.0,False,,0,0.0,,0.747,pass,1.027
5665,capped,1000.0,True,1000.0,9.0,89830,False,0.0,False,,0,0.0,,0.139,pass,0.24
5666,ok,20.0,False,20.0,11.0,2263,False,0.0,False,,0,0.0,,0.442,pass,0.601
5669,ok,10.0,False,10.0,10.0,643,False,0.0,False,,0,0.0,10.0,0.787,pass,1.024
5671,ok,10.0,False,10.0,7.0,531,False,0.0,False,,0,0.0,10.0,0.2,pass,0.205
5673,capped,1000.0,True,1000.0,11.0,109296,False,0.0,False,,0,0.0,,10.033,pass,14.597
5674,ok,100.0,False,100.0,12.0,12228,False,0.0,False,,0,0.0,,1.644,pass,2.246
5675,ok,10.0,False,10.0,10.0,705,False,0.0,False,,0,0.0,,0.167,pass,0.295
5677,ok,39.0,False,39.0,9.0,2828,False,0.0,False,,0,0.0,,0.293,pass,0.406
5680,ok,0.0,False,0.0,10.0,107,False,0.0,False,,0,,,0.11,pass,0.157
5681,ok,10.0,False,10.0,9.0,870,False,0.0,False,,0,0.0,,23.938,timeout 15 s,15.265
5683,ok,26.0,False,26.0,9.0,1527,False,0.0,False,,0,0.0,,0.148,pass,0.223
5684,ok,10.0,False,10.0,14.0,1216,False,0.0,False,,0,0.0,10.0,0.762,pass,1.034
5686,ok,50.0,False,50.0,13.0,4757,False,0.0,False,,0,0.0,50.0,0.469,pass,0.605
5689,capped,1000.0,True,1000.0,8.0,140862,False,0.0,False,,0,0.0,,0.911,pass,1.35
5690,ok,0.0,False,0.0,8.0,80,False,0.0,False,,0,,,1.175,pass,1.849
5691,ok,49.0,False,49.0,10.0,3665,False,0.0,False,,0,0.0,,0.125,pass,0.172
5696,ok,20.0,False,20.0,7.0,1389,False,0.0,False,,0,0.0,,1.365,pass,1.926
5698,ok,10.0,False,10.0,10.0,572,False,0.0,False,,0,0.0,10.0,0.764,pass,1.067
5700,ok,0.0,False,0.0,9.0,102,False,0.0,False,,0,,,0.074,pass,0.1
5701,ok,20.0,False,20.0,8.0,1542,False,0.0,False,,0,0.0,,0.12,pass,0.231
5704,ok,10.0,False,10.0,7.0,818,False,0.0,False,,0,0.0,,0.164,pass,0.241
5705,ok,10.0,False,10.0,7.0,575,False,0.0,False,,0,0.0,10.0,1.375,pass,1.934
5708,ok,10.0,False,10.0,9.0,818,False,0.0,False,,0,0.0,10.0,0.42,pass,0.541
5709,ok,5.0,False,5.0,14.0,915,False,0.0,False,,0,0.0,5.0,4.532,pass,7.048
5711,ok,853.0,False,853.0,12.0,42107,False,0.0,False,,0,0.0,,0.731,pass,1.044
5714,ok,10.0,False,10.0,8.0,699,False,0.0,False,,0,0.0,,0.774,pass,1.03
5715,ok,10.0,False,10.0,8.0,567,False,0.0,False,,0,0.0,10.0,0.759,pass,1.103
5719,ok,0.0,False,0.0,10.0,136,False,0.0,False,,0,,100.0,1.014,pass,1.271
5720,ok,10.0,False,10.0,9.0,1333,False,0.0,False,,0,0.0,,0.128,pass,0.211
5722,ok,0.0,False,0.0,11.0,115,False,0.0,False,,0,,,1.132,pass,1.59
5724,ok,0.0,False,0.0,6.0,66,False,0.0,False,,0,,,1.966,pass,2.689
5725,ok,10.0,False,10.0,8.0,449,False,0.0,False,,0,0.0,10.0,0.574,pass,0.685
5726,ok,20.0,False,20.0,9.0,1790,False,0.0,False,,0,0.0,50.0,2.24,pass,2.951
5728,capped,1000.0,True,1000.0,7.0,31124,False,0.0,False,,0,0.0,,1.065,pass,1.446
5729,ok,10.0,False,10.0,10.0,709,False,0.0,False,,0,0.0,,0.136,pass,0.188
5730,ok,0.0,False,0.0,15.0,159,False,0.0,False,,0,,100.0,23.103,timeout 15 s,15.226
5732,ok,0.0,False,0.0,9.0,111,False,0.0,False,,0,,,0.181,pass,0.262
5737,ok,10.0,False,10.0,12.0,752,False,0.0,False,,0,0.0,10.0,0.333,pass,0.464
5738,ok,10.0,False,10.0,6.0,609,False,0.0,False,,0,0.0,,1.183,pass,1.634
5740,ok,12.0,False,12.0,7.0,1233,False,0.0,False,,0,0.0,,0.114,pass,0.169
5742,ok,10.0,False,10.0,7.0,878,False,0.0,False,,0,0.0,,0.805,pass,1.101
5745,ok,36.0,False,36.0,8.0,4564,False,21.0,False,,0,0.0,,0.112,pass,0.177
5746,ok,35.0,False,35.0,10.0,2897,False,7.0,False,,0,0.0,,0.313,pass,0.462
5748,ok,0.0,False,0.0,12.0,141,False,0.0,False,,0,,10.0,0.669,pass,0.929
5749,ok,10.0,False,10.0,11.0,1280,False,0.0,False,,0,0.0,,0.585,pass,0.85
5752,ok,23.0,False,23.0,8.0,1414,False,4.0,False,,0,0.0,,0.963,pass,1.431
5753,ok,0.0,False,0.0,9.0,103,False,0.0,False,,0,,,1.051,pass,1.513
5754,ok,10.0,False,10.0,9.0,618,False,0.0,False,,0,0.0,,0.984,pass,1.628
5755,ok,10.0,False,10.0,8.0,973,False,0.0,False,,0,0.0,,0.442,pass,0.659
5756,ok,10.0,False,10.0,7.0,949,False,0.0,False,,0,0.0,,0.592,pass,0.862
5757,ok,5.0,False,5.0,3.0,126,False,0.0,False,,0,0.0,5.0,0.198,pass,0.293
5758,ok,13.0,False,13.0,7.0,1435,False,0.0,False,,0,0.0,,0.119,pass,0.196
5764,ok,0.0,False,0.0,8.0,103,False,0.0,False,,0,,,0.97,pass,1.372
5766,ok,50.0,False,50.0,10.0,4834,False,0.0,False,,0,0.0,50.0,0.794,pass,1.045
5767,ok,35.0,False,35.0,8.0,2528,False,0.0,False,,0,0.0,,0.392,pass,0.613
5778,ok,10.0,False,10.0,7.0,518,False,0.0,False,,0,0.0,,0.51,pass,0.712
5784,capped,1000.0,True,1000.0,11.0,81317,False,224.0,False,,0,0.0,,2.621,pass,4.559
5786,capped,1000.0,True,1000.0,15.0,78371,False,0.0,False,,0,0.0,,2.11,pass,3.022
5788,ok,87.0,False,87.0,10.0,8076,False,21.0,False,,0,0.0,,0.494,pass,0.641
5789,capped,1000.0,True,1000.0,11.0,83872,False,0.0,False,,0,0.0,,22.623,timeout 15 s,15.221
5792,ok,0.0,False,0.0,9.0,129,False,0.0,False,,0,,,0.076,pass,0.096
5795,ok,10.0,False,10.0,9.0,667,False,0.0,False,,0,0.0,,0.138,pass,0.243
5798,ok,50.0,False,50.0,11.0,2235,False,0.0,False,,0,0.0,50.0,0.547,pass,0.698
5806,ok,10.0,False,10.0,6.0,650,False,0.0,False,,0,0.0,10.0,2.326,pass,3.319
5808,capped,1000.0,True,1000.0,7.0,101522,False,0.0,False,,0,0.0,,0.427,pass,0.636
5812,ok,10.0,False,10.0,11.0,1283,False,0.0,False,,0,0.0,,2.095,pass,2.931
5813,ok,10.0,False,10.0,7.0,680,False,0.0,False,,0,0.0,,0.5,pass,0.742
5814,ok,35.0,False,35.0,9.0,2639,False,0.0,False,,0,0.0,,0.136,pass,0.238
5817,ok,10.0,False,10.0,7.0,1100,False,0.0,False,,0,0.0,10.0,0.448,pass,0.61
5822,capped,1000.0,True,1000.0,7.0,112228,False,0.0,False,,0,0.0,,0.121,pass,0.195
5830,ok,10.0,False,10.0,8.0,1421,False,0.0,False,,0,0.0,10.0,0.158,pass,0.217
5834,ok,10.0,False,10.0,8.0,674,False,0.0,False,,0,0.0,10.0,0.767,pass,1.074
5840,ok,100.0,False,100.0,7.0,11972,False,0.0,False,,0,0.0,100.0,0.748,pass,1.06
5841,ok,100.0,False,100.0,10.0,8832,False,0.0,False,,0,0.0,,1.654,pass,2.332
5842,ok,121.0,False,121.0,9.0,11359,False,0.0,False,,0,0.0,,0.438,pass,0.651
5843,ok,100.0,False,100.0,13.0,7676,False,0.0,False,,0,0.0,100.0,1.019,pass,1.477
5844,capped,1000.0,True,1000.0,11.0,75430,False,130.0,False,,0,0.0,10.0,10.138,timeout 15 s,15.057
5845,ok,38.0,False,38.0,9.0,2788,False,0.0,False,,0,0.0,,0.11,pass,0.155
5846,ok,10.0,False,10.0,9.0,586,False,0.0,False,,0,0.0,,1.032,pass,1.471
5851,capped,1000.0,True,1000.0,11.0,96336,False,0.0,False,,0,0.0,,2.222,pass,4.033
5852,capped,1000.0,True,1000.0,7.0,27763,False,0.0,False,,0,0.0,,2.003,pass,2.859
5860,ok,10.0,False,10.0,10.0,635,False,0.0,False,,0,0.0,10.0,2.902,pass,4.281
5861,ok,50.0,False,50.0,13.0,4228,False,0.0,False,,0,0.0,50.0,1.21,pass,1.74
5866,ok,10.0,False,10.0,9.0,589,False,0.0,False,,0,0.0,,0.114,pass,0.161
5869,capped,1000.0,True,1000.0,11.0,24849,False,0.0,False,,0,0.0,,0.728,pass,1.124
5870,capped,1000.0,True,1000.0,11.0,119909,False,0.0,False,,0,0.0,,2.615,pass,4.109
5871,ok,0.0,False,0.0,8.0,85,False,0.0,False,,0,,,1.307,pass,2.014
5875,ok,5.0,False,5.0,7.0,354,False,0.0,False,,0,0.0,,1.398,pass,1.959
5876,capped,1000.0,True,1000.0,11.0,41633,False,0.0,False,,0,0.0,,0.831,pass,1.217
5877,ok,10.0,False,10.0,11.0,1185,False,0.0,False,,0,0.0,,2.743,pass,4.091
5878,capped,1000.0,True,1000.0,10.0,125995,False,0.0,False,,0,0.0,,0.996,pass,1.473
5881,ok,10.0,False,10.0,6.0,438,False,0.0,False,,0,0.0,,1.356,pass,1.99
5882,ok,94.0,False,94.0,10.0,12101,False,0.0,False,,0,0.0,,0.43,pass,0.581
5891,capped,1000.0,True,1000.0,8.0,80585,False,0.0,False,,0,0.0,,0.149,pass,0.214
5892,ok,87.0,False,87.0,8.0,5868,False,0.0,False,,0,0.0,,0.407,pass,0.538
5894,ok,12.0,False,12.0,8.0,1094,False,1.0,False,,0,0.0,,0.149,pass,0.23
5901,ok,5.0,False,5.0,10.0,677,False,0.0,False,,0,0.0,,0.436,pass,0.64
5904,ok,1.0,False,1.0,8.0,148,False,0.0,False,,0,0.0,100.0,0.484,pass,0.699
5906,ok,100.0,False,100.0,11.0,12151,False,0.0,False,,0,0.0,,2.198,pass,3.262
5908,ok,10.0,False,10.0,8.0,690,False,0.0,False,,0,0.0,,1.005,pass,1.436
5911,capped,1000.0,True,1000.0,10.0,56814,False,782.0,False,,0,0.0,,0.214,pass,0.316
5912,capped,1000.0,True,1000.0,15.0,95422,False,0.0,False,,0,0.0,,1.711,pass,2.544
5913,ok,10.0,False,10.0,8.0,459,False,0.0,False,,0,0.0,,3.083,pass,4.939
5914,ok,10.0,False,10.0,12.0,758,False,0.0,False,,0,0.0,10.0,0.533,pass,0.72
5917,capped,1000.0,True,1000.0,8.0,41975,False,0.0,False,,0,0.0,,0.757,pass,1.113
5928,ok,10.0,False,10.0,6.0,869,False,0.0,False,,0,0.0,,0.264,pass,0.344
5929,ok,10.0,False,10.0,7.0,966,False,0.0,False,,0,0.0,10.0,0.856,pass,1.211
5931,capped,1000.0,True,1000.0,7.0,47527,False,0.0,False,,0,0.0,,0.964,pass,1.277
5934,ok,777.0,False,777.0,8.0,44813,False,0.0,False,,0,0.0,,0.236,pass,0.343
5935,ok,10.0,False,10.0,10.0,785,False,0.0,False,,0,0.0,,0.807,pass,1.032
5936,ok,0.0,False,0.0,9.0,98,False,0.0,False,,0,,,0.08,pass,0.109
5939,ok,50.0,False,50.0,9.0,5212,False,0.0,False,,0,0.0,50.0,0.452,pass,0.67
5940,ok,7.0,False,7.0,10.0,955,False,0.0,False,,0,0.0,,0.15,pass,0.236
5941,ok,20.0,False,20.0,8.0,1064,False,4.0,False,,0,0.0,,0.13,pass,0.192
5943,ok,197.0,False,197.0,10.0,17794,False,0.0,False,,0,0.0,,0.125,pass,0.172
5946,ok,627.0,False,627.0,13.0,58066,False,0.0,False,,0,0.0,,0.816,pass,1.193
5949,ok,27.0,False,27.0,9.0,3537,False,0.0,False,,0,0.0,10.0,0.191,pass,0.254
5953,ok,10.0,False,10.0,8.0,474,False,0.0,False,,0,0.0,10.0,0.647,pass,0.88
5956,ok,100.0,False,100.0,12.0,14490,False,0.0,False,,0,0.0,,1.77,pass,2.844
5957,ok,10.0,False,10.0,11.0,1054,False,0.0,False,,0,0.0,10.0,24.174,timeout 15 s,15.256
5958,capped,1000.0,True,1000.0,6.0,44275,False,0.0,False,,0,0.0,,3.63,pass,5.115
5960,ok,10.0,False,10.0,7.0,694,False,0.0,False,,0,0.0,,0.148,pass,0.231
5961,ok,50.0,False,50.0,9.0,3470,False,0.0,False,,0,0.0,50.0,0.558,pass,0.722
5962,ok,10.0,False,10.0,8.0,1182,False,0.0,False,,0,0.0,,0.377,pass,0.589
5963,ok,22.0,False,22.0,10.0,2150,False,0.0,False,,0,0.0,,0.111,pass,0.207
5964,ok,0.0,False,0.0,9.0,93,False,0.0,False,,0,,,0.074,pass,0.1
5966,ok,799.0,False,799.0,6.0,17533,False,0.0,False,,0,0.0,,0.075,pass,0.104
5973,capped,1000.0,True,1000.0,11.0,118361,False,0.0,False,,0,0.0,,0.83,pass,1.09
5976,ok,5.0,False,5.0,7.0,389,False,0.0,False,,0,0.0,5.0,0.487,pass,0.713
5983,ok,938.0,False,938.0,11.0,119916,False,0.0,False,,0,0.0,,0.585,pass,0.79
5984,ok,0.0,False,0.0,8.0,99,False,0.0,False,,0,,,1.406,pass,2.055
5985,capped,1000.0,True,1000.0,10.0,44438,False,0.0,False,,0,0.0,,1.016,pass,1.429
5986,capped,1000.0,True,1000.0,7.0,101569,False,287.0,False,,0,0.0,,0.326,pass,0.462
5988,capped,1000.0,True,1000.0,4.0,44099,False,309.0,False,,0,0.0,,0.186,pass,0.277
5989,ok,10.0,False,10.0,9.0,1296,False,0.0,False,,0,0.0,10.0,1.079,pass,1.447
5990,ok,100.0,False,100.0,14.0,8558,False,25.0,False,,0,0.0,100.0,0.874,pass,1.284
5991,ok,691.0,False,691.0,12.0,59443,False,0.0,False,,0,0.0,,7.733,pass,11.682
5998,capped,1000.0,True,1000.0,10.0,43201,False,0.0,False,,0,0.0,,1.527,pass,2.239
6002,capped,1000.0,True,1000.0,16.0,93301,False,0.0,False,,0,0.0,,1.146,pass,1.558
6004,ok,10.0,False,10.0,12.0,663,False,0.0,False,,0,0.0,,0.855,pass,1.176
6006,ok,0.0,False,0.0,8.0,92,False,0.0,False,,0,,100.0,0.425,pass,0.537
6007,capped,1000.0,True,1000.0,10.0,111514,False,0.0,False,,0,0.0,,0.465,pass,0.676
6009,ok,100.0,False,100.0,11.0,4814,False,0.0,False,,0,0.0,,0.79,pass,1.029
6011,ok,10.0,False,10.0,10.0,978,False,0.0,False,,0,0.0,,0.162,pass,0.246
6012,ok,5.0,False,5.0,9.0,698,False,0.0,False,,0,0.0,,0.118,pass,0.186
6014,ok,10.0,False,10.0,8.0,461,False,0.0,False,,0,0.0,10.0,1.354,pass,1.989
6017,ok,10.0,False,10.0,12.0,1590,False,0.0,False,,0,0.0,,0.385,pass,0.545
6023,ok,44.0,False,44.0,9.0,3383,False,0.0,False,,0,0.0,,0.129,pass,0.199
6026,ok,10.0,False,10.0,8.0,529,False,0.0,False,,0,0.0,,1.316,pass,1.996
6030,ok,10.0,False,10.0,13.0,1012,False,0.0,False,,0,0.0,,0.548,pass,0.816
6033,ok,10.0,False,10.0,3.0,268,False,0.0,False,,0,0.0,,1.035,pass,1.34
6034,ok,0.0,False,0.0,9.0,88,False,0.0,False,,0,,,0.059,pass,0.081
6036,ok,10.0,False,10.0,7.0,487,False,0.0,False,,0,0.0,,1.039,pass,1.579
6038,capped,1000.0,True,1000.0,7.0,115391,False,0.0,False,,0,0.0,5.0,19.282,timeout 15 s,15.107
6041,ok,10.0,False,10.0,10.0,1461,False,0.0,False,,0,0.0,,0.281,pass,0.413
6049,capped,1000.0,True,1000.0,9.0,116358,False,0.0,False,,0,0.0,,1.485,pass,2.04
6050,ok,123.0,False,123.0,9.0,6963,False,0.0,False,,0,0.0,,0.921,pass,1.29
6051,ok,10.0,False,10.0,11.0,793,False,0.0,False,,0,0.0,10.0,2.113,pass,3.092
6054,capped,1000.0,True,1000.0,9.0,117465,False,0.0,False,,0,0.0,,0.387,pass,0.491
6055,ok,100.0,False,100.0,10.0,3772,False,0.0,False,,0,0.0,100.0,0.604,pass,0.785
6060,ok,12.0,False,12.0,7.0,711,False,1.0,False,,0,0.0,,0.327,pass,0.481
6064,ok,10.0,False,10.0,7.0,1143,False,0.0,False,,0,0.0,,6.095,pass,9.179
6066,capped,1000.0,True,1000.0,5.0,19760,False,76.0,False,,0,0.0,,0.194,pass,0.263
6068,ok,10.0,False,10.0,10.0,682,False,0.0,False,,0,0.0,,1.467,pass,2.081
6069,ok,35.0,False,35.0,10.0,2715,False,0.0,False,,0,0.0,,0.16,pass,0.246
6071,ok,10.0,False,10.0,9.0,715,False,0.0,False,,0,0.0,,1.066,pass,1.533
6074,ok,10.0,False,10.0,8.0,772,False,0.0,False,,0,0.0,,2.622,pass,4.282
6080,ok,10.0,False,10.0,12.0,878,False,0.0,False,,0,0.0,10.0,1.691,pass,2.504
6081,ok,0.0,False,0.0,9.0,101,False,0.0,False,,0,,1.0,0.729,pass,1.076
6083,ok,0.0,False,0.0,10.0,120,False,0.0,False,,0,,,0.192,pass,0.173
6084,ok,10.0,False,10.0,12.0,728,False,0.0,False,,0,0.0,,0.605,pass,0.808
6087,ok,10.0,False,10.0,7.0,1172,False,0.0,False,,0,0.0,10.0,0.133,pass,0.213
6088,ok,246.0,False,246.0,6.0,21775,False,0.0,False,,0,0.0,,0.183,pass,0.27
6092,ok,0.0,False,0.0,9.0,90,False,0.0,False,,0,,,0.674,pass,0.92
6099,ok,20.0,False,20.0,9.0,1530,False,0.0,False,,0,0.0,,1.766,pass,2.611
6103,ok,0.0,False,0.0,7.0,87,False,0.0,False,,0,,10.0,0.111,pass,0.193
6104,ok,20.0,False,20.0,9.0,1394,False,0.0,False,,0,0.0,,0.392,pass,0.571
6109,ok,50.0,False,50.0,9.0,6476,False,0.0,False,,0,0.0,,0.13,pass,0.157
6110,ok,17.0,False,17.0,10.0,1275,False,0.0,False,,0,0.0,,1.033,pass,1.486
6111,ok,0.0,False,0.0,8.0,90,False,0.0,False,,0,,,0.067,pass,0.094
6112,ok,60.0,False,60.0,11.0,4163,False,0.0,False,,0,0.0,,1.335,pass,1.972
6113,ok,10.0,False,10.0,8.0,539,False,0.0,False,,0,0.0,10.0,0.487,pass,0.615
6118,ok,40.0,False,40.0,9.0,2811,False,0.0,False,,0,0.0,,0.193,pass,0.269
6119,capped,1000.0,True,1000.0,7.0,29892,False,0.0,False,,0,0.0,,1.322,pass,1.829
6123,ok,10.0,False,10.0,12.0,733,False,0.0,False,,0,0.0,10.0,2.91,pass,3.798
6125,capped,1000.0,True,1000.0,6.0,39114,False,0.0,False,,0,0.0,5.0,0.095,pass,0.141
6127,ok,10.0,False,10.0,9.0,1678,False,0.0,False,,0,0.0,10.0,0.448,pass,0.608
6128,ok,0.0,False,0.0,8.0,119,False,0.0,False,,0,,,0.939,pass,1.283
6131,ok,50.0,False,50.0,12.0,3111,False,0.0,False,,0,0.0,50.0,1.103,pass,1.593
6132,ok,0.0,False,0.0,11.0,127,False,0.0,False,,0,,5.0,0.065,pass,0.09
6133,capped,1000.0,True,1000.0,12.0,89895,False,0.0,False,,0,0.0,10.0,14.486,timeout 15 s,15.069
6136,ok,20.0,False,20.0,10.0,3091,False,0.0,False,,0,0.0,,0.612,pass,0.853
6138,capped,1000.0,True,1000.0,7.0,102912,False,0.0,False,,0,0.0,,1.61,pass,2.357
6139,ok,81.0,False,81.0,7.0,2422,False,0.0,False,,0,0.0,,0.51,pass,0.65
6141,ok,22.0,False,22.0,7.0,1372,False,0.0,False,,0,0.0,,0.113,pass,0.171
6142,ok,1.0,False,1.0,12.0,239,False,0.0,False,,0,0.0,10.0,1.189,pass,1.699
6143,ok,10.0,False,10.0,12.0,1441,False,0.0,False,,0,0.0,,0.492,pass,0.699
6147,capped,1000.0,True,1000.0,11.0,32577,False,0.0,False,,0,0.0,,1.03,pass,1.353
6148,ok,10.0,False,10.0,7.0,505,False,0.0,False,G254,0,1.0,,1.35,pass,2.044
6152,ok,250.0,False,250.0,9.0,19616,False,230.0,False,,0,0.0,,7.024,pass,7.361
6153,ok,0.0,False,0.0,12.0,160,False,0.0,False,,0,,,0.075,pass,0.092
6154,ok,100.0,False,100.0,11.0,8584,False,0.0,False,,0,0.0,100.0,2.066,pass,2.928
6159,ok,0.0,False,0.0,10.0,137,False,0.0,False,,0,,1.0,0.844,pass,1.122
6163,capped,1000.0,True,1000.0,6.0,53505,False,0.0,False,,0,0.0,10.0,1.169,pass,1.691
6164,ok,560.0,False,560.0,9.0,35941,False,0.0,False,,0,0.0,,0.447,pass,0.644
6165,ok,50.0,False,50.0,7.0,4706,False,0.0,False,,0,0.0,50.0,0.397,pass,0.626
6166,ok,10.0,False,10.0,5.0,589,False,0.0,False,,0,0.0,10.0,0.618,pass,0.839
6173,ok,10.0,False,10.0,13.0,1442,False,0.0,False,,0,0.0,,0.611,pass,0.86
6176,ok,1.0,False,1.0,5.0,159,False,0.0,False,,0,0.0,,0.128,pass,0.211
6177,capped,1000.0,True,1000.0,11.0,59461,False,7.0,False,,0,0.0,,0.217,pass,0.311
6179,capped,1000.0,True,1000.0,9.0,36093,False,245.0,False,,0,0.0,,2.004,pass,2.801
6180,ok,76.0,False,76.0,6.0,4782,False,37.0,False,,0,0.0,,1.69,pass,2.387
6181,ok,10.0,False,10.0,8.0,553,False,0.0,False,,0,0.0,,16.681,timeout 15 s,15.069
6182,ok,12.0,False,12.0,9.0,1169,False,0.0,False,,0,0.0,,0.291,pass,0.43
6186,ok,10.0,False,10.0,10.0,510,False,0.0,False,,0,0.0,,0.735,pass,1.109
6187,ok,0.0,False,0.0,5.0,53,False,0.0,False,,0,,10.0,0.276,pass,0.37
6188,ok,10.0,False,10.0,11.0,1498,False,0.0,False,,0,0.0,,16.687,timeout 15 s,15.254
6195,ok,10.0,False,10.0,7.0,428,False,0.0,False,,0,0.0,,0.203,pass,0.284
6201,ok,0.0,False,0.0,6.0,120,False,0.0,False,,0,,10.0,1.161,pass,1.703
6202,ok,10.0,False,10.0,6.0,358,False,0.0,False,,0,0.0,,0.164,pass,0.231
6203,ok,10.0,False,10.0,13.0,1011,False,0.0,False,,0,0.0,10.0,0.472,pass,0.619
6204,ok,10.0,False,10.0,10.0,522,False,0.0,False,,0,0.0,,0.168,pass,0.239
6209,ok,32.0,False,32.0,8.0,2505,False,0.0,False,,0,0.0,,0.135,pass,0.238
6212,capped,1000.0,True,1000.0,8.0,45233,False,0.0,False,,0,0.0,10.0,1.515,pass,2.218
6213,ok,10.0,False,10.0,9.0,594,False,0.0,False,,0,0.0,,1.37,pass,2.002
6214,ok,28.0,False,28.0,11.0,2066,False,0.0,False,,0,0.0,,0.696,pass,1.027
6215,ok,10.0,False,10.0,9.0,1270,False,0.0,False,,0,0.0,,0.436,pass,0.585
6218,ok,0.0,False,0.0,10.0,136,False,0.0,False,,0,,1.0,1.473,pass,2.109
6219,ok,10.0,False,10.0,9.0,646,False,0.0,False,,0,0.0,,0.55,pass,0.795
6220,ok,22.0,False,22.0,8.0,1906,False,0.0,False,,0,0.0,,0.115,pass,0.184
6221,ok,1.0,False,1.0,8.0,191,False,0.0,False,,0,0.0,,0.212,pass,0.304
6226,ok,19.0,False,19.0,9.0,1475,False,0.0,False,,0,0.0,,0.777,pass,1.087
6227,ok,10.0,False,10.0,9.0,1201,False,0.0,False,,0,0.0,10.0,0.185,pass,0.286
6228,ok,42.0,False,42.0,6.0,3957,False,20.0,False,,0,0.0,,1.2,pass,1.728
6235,ok,10.0,False,10.0,16.0,1485,False,0.0,False,,0,0.0,10.0,15.506,timeout 15 s,15.301
6238,ok,26.0,False,26.0,8.0,3270,False,0.0,False,,0,0.0,5.0,0.254,pass,0.342
6241,capped,1000.0,True,1000.0,8.0,63825,False,0.0,False,,0,0.0,,0.738,pass,1.01
6245,ok,10.0,False,10.0,7.0,436,False,0.0,False,,0,0.0,,0.647,pass,0.95
6248,ok,10.0,False,10.0,7.0,733,False,0.0,False,,0,0.0,10.0,0.769,pass,1.08
6250,ok,50.0,False,50.0,11.0,2777,False,0.0,False,,0,0.0,50.0,0.77,pass,1.083
6256,ok,691.0,False,691.0,9.0,50308,False,0.0,False,,0,0.0,,1.125,pass,1.625
6257,ok,77.0,False,77.0,8.0,8718,False,34.0,False,,0,0.0,,1.022,pass,1.436
6259,ok,10.0,False,10.0,8.0,578,False,0.0,False,,0,0.0,10.0,0.632,pass,0.82
6260,ok,0.0,False,0.0,9.0,108,False,0.0,False,,0,,,0.941,pass,1.328
6262,capped,1000.0,True,1000.0,11.0,49817,False,0.0,False,,0,0.0,,1.772,pass,2.622
6263,ok,10.0,False,10.0,9.0,547,False,0.0,False,,0,0.0,10.0,0.599,pass,0.806
6264,ok,100.0,False,100.0,8.0,5565,False,0.0,False,,0,0.0,,1.314,pass,1.901
6265,ok,0.0,False,0.0,8.0,101,False,0.0,False,,0,,,0.068,pass,0.095
6268,ok,10.0,False,10.0,6.0,1019,False,0.0,False,,0,0.0,10.0,0.253,pass,0.375
6269,capped,1000.0,True,1000.0,11.0,54255,False,0.0,False,,0,0.0,,1.124,pass,1.631
6270,ok,10.0,False,10.0,11.0,1255,False,0.0,False,,0,0.0,10.0,0.723,pass,1.002
6271,ok,10.0,False,10.0,6.0,338,False,0.0,False,,0,0.0,,0.109,pass,0.16
6276,ok,5.0,False,5.0,7.0,640,False,0.0,False,,0,0.0,10.0,0.189,pass,0.26
6279,ok,8.0,False,8.0,9.0,1027,False,0.0,False,,0,0.0,,0.535,pass,0.748
6283,ok,0.0,False,0.0,10.0,125,False,0.0,False,,0,,50.0,0.995,pass,1.425
6287,ok,10.0,False,10.0,6.0,376,False,0.0,False,,0,0.0,10.0,4.322,pass,6.479
6288,ok,0.0,False,0.0,8.0,94,False,0.0,False,,0,,,1.653,pass,2.357
6289,ok,896.0,False,896.0,9.0,41520,False,0.0,False,,0,0.0,,0.764,pass,1.144
6290,ok,0.0,False,0.0,8.0,99,False,0.0,False,,0,,50.0,4.342,pass,6.723
6291,ok,0.0,False,0.0,8.0,110,False,0.0,False,,0,,,0.122,pass,0.206
6292,ok,10.0,False,10.0,8.0,1139,False,0.0,False,,0,0.0,,0.29,pass,0.404
6294,ok,36.0,False,36.0,9.0,2887,False,0.0,False,,0,0.0,,0.275,pass,0.403
6295,ok,10.0,False,10.0,8.0,759,False,0.0,False,,0,0.0,,1.176,pass,1.644
6296,ok,70.0,False,70.0,11.0,7085,False,16.0,False,,0,0.0,,10.953,timeout 15 s,15.059
6300,ok,10.0,False,10.0,8.0,592,False,0.0,False,,0,0.0,10.0,1.083,pass,1.446
6302,ok,0.0,False,0.0,7.0,80,False,0.0,False,,0,,,0.42,pass,0.545
6303,capped,1000.0,True,1000.0,8.0,48654,False,0.0,False,,0,0.0,5.0,10.045,timeout 15 s,15.06
6305,capped,1000.0,True,1000.0,11.0,44128,False,0.0,False,,0,0.0,,1.038,pass,1.496
6308,ok,0.0,False,0.0,11.0,112,False,0.0,False,,0,,,1.621,pass,2.315
6315,ok,10.0,False,10.0,7.0,641,False,0.0,False,,0,0.0,10.0,0.64,pass,0.826
6324,ok,72.0,False,72.0,8.0,7061,False,52.0,False,,0,0.0,,0.221,pass,0.296
6326,ok,36.0,False,36.0,6.0,1475,False,10.0,False,,0,0.0,,0.137,pass,0.236
6328,ok,0.0,False,0.0,8.0,88,False,0.0,False,,0,,,0.554,pass,0.813
6330,capped,1000.0,True,1000.0,8.0,42506,False,0.0,False,,0,0.0,,0.539,pass,0.815
6332,ok,10.0,False,10.0,7.0,1100,False,0.0,False,,0,0.0,,0.327,pass,0.471
6333,ok,27.0,False,27.0,9.0,2229,False,0.0,False,,0,0.0,,2.313,pass,3.293
6336,ok,36.0,False,36.0,7.0,2209,False,8.0,False,,0,0.0,,0.207,pass,0.315
6337,ok,20.0,False,20.0,10.0,1118,False,0.0,False,,0,0.0,20.0,0.283,pass,0.423
6339,capped,1000.0,True,1000.0,5.0,29966,False,995.0,False,,0,0.0,,0.229,pass,0.313
6342,ok,10.0,False,10.0,10.0,604,False,0.0,False,,0,0.0,,0.87,pass,1.244
6345,ok,100.0,False,100.0,14.0,8533,False,0.0,False,,0,0.0,,2.12,pass,3.149
6347,ok,36.0,False,36.0,8.0,2354,False,0.0,False,,0,0.0,,0.119,pass,0.155
6348,ok,0.0,False,0.0,8.0,99,False,0.0,False,,0,,,0.961,pass,1.294
6349,ok,820.0,False,820.0,8.0,33580,False,0.0,False,,0,0.0,,0.323,pass,0.429
6354,ok,327.0,False,327.0,7.0,7621,False,0.0,False,,0,0.0,,0.139,pass,0.226
6355,capped,1000.0,True,1000.0,5.0,126523,False,0.0,False,,0,0.0,,1.264,pass,1.811
6358,ok,20.0,False,20.0,10.0,1619,False,0.0,False,,0,0.0,,0.137,pass,0.236
6360,capped,1000.0,True,1000.0,7.0,83540,False,0.0,False,,0,0.0,,0.548,pass,0.823
6363,ok,10.0,False,10.0,6.0,566,False,0.0,False,,0,0.0,,0.734,pass,1.059
6364,ok,50.0,False,50.0,10.0,3213,False,0.0,False,,0,0.0,50.0,0.844,pass,1.098
6365,ok,27.0,False,27.0,8.0,1792,False,7.0,False,,0,0.0,,0.433,pass,0.636
6372,ok,10.0,False,10.0,6.0,711,False,0.0,False,,0,0.0,10.0,0.854,pass,1.22
6373,ok,3.0,False,3.0,11.0,289,False,0.0,False,,0,0.0,10.0,1.201,pass,1.631
6374,ok,10.0,False,10.0,11.0,38945,True,0.0,False,,0,0.0,,2.132,pass,3.157
6376,ok,20.0,False,20.0,7.0,1827,False,0.0,False,,0,0.0,,0.137,pass,0.201
6381,ok,10.0,False,10.0,10.0,1249,False,0.0,False,,0,0.0,,0.143,pass,0.21
6386,ok,10.0,False,10.0,8.0,541,False,0.0,False,,0,0.0,10.0,0.878,pass,1.275
6388,ok,100.0,False,100.0,14.0,9666,False,0.0,False,,0,0.0,100.0,10.094,pass,10.808
6389,capped,1000.0,True,1000.0,7.0,108475,False,0.0,False,,0,0.0,,0.389,pass,0.615
6390,ok,10.0,False,10.0,11.0,1252,False,0.0,False,,0,0.0,1.0,1.71,pass,2.352
6392,ok,29.0,False,29.0,8.0,1987,False,0.0,False,,0,0.0,,2.304,pass,3.489
6393,ok,10.0,False,10.0,8.0,885,False,0.0,False,,0,0.0,,1.11,pass,1.561
6394,ok,163.0,False,163.0,8.0,16447,False,0.0,False,,0,0.0,10.0,1.033,pass,1.289
6395,ok,270.0,False,270.0,10.0,29551,False,0.0,False,,0,0.0,,1.21,pass,1.779
6397,ok,50.0,False,50.0,11.0,2747,False,0.0,False,,0,0.0,50.0,0.57,pass,0.744
6401,capped,1000.0,True,1000.0,7.0,36992,False,0.0,False,,0,0.0,,1.572,pass,2.475
6402,ok,0.0,False,0.0,10.0,117,False,0.0,False,,0,,,0.257,pass,0.381
6403,ok,4.0,False,4.0,9.0,246,False,0.0,False,,0,0.0,,1.342,pass,1.891
6407,ok,2.0,False,2.0,10.0,241,False,0.0,False,,0,0.0,10.0,0.133,pass,0.222
6419,capped,1000.0,True,1000.0,7.0,37585,False,0.0,False,,0,0.0,,0.099,pass,0.141
6421,ok,10.0,False,10.0,7.0,731,False,0.0,False,,0,0.0,,27.869,timeout 15 s,15.246
6422,ok,100.0,False,100.0,14.0,5258,False,0.0,False,,0,0.0,100.0,0.552,pass,0.792
6423,ok,0.0,False,0.0,7.0,78,False,0.0,False,,0,,,0.455,pass,0.59
6424,ok,50.0,False,50.0,8.0,4213,False,0.0,False,,0,0.0,,0.145,pass,0.206
6425,ok,10.0,False,10.0,11.0,675,False,0.0,False,,0,0.0,,0.704,pass,0.914
6429,ok,250.0,False,250.0,8.0,23207,False,0.0,False,,0,0.0,,0.153,pass,0.236
6430,ok,853.0,False,853.0,6.0,22791,False,0.0,False,,0,0.0,,0.318,pass,0.449
6431,ok,10.0,False,10.0,7.0,781,False,0.0,False,,0,0.0,10.0,0.466,pass,0.62
6433,ok,5.0,False,5.0,8.0,613,False,0.0,False,,0,0.0,,0.75,pass,1.122
6434,ok,0.0,False,0.0,12.0,140,False,0.0,False,,0,,,0.188,pass,0.272
6435,capped,1000.0,True,1000.0,10.0,54957,False,0.0,False,,0,0.0,,0.616,pass,0.805
6443,ok,10.0,False,10.0,9.0,486,False,0.0,False,,0,0.0,,0.269,pass,0.398
6445,ok,86.0,False,86.0,8.0,4183,False,0.0,False,,0,0.0,,0.832,pass,1.11
6446,capped,1000.0,True,1000.0,10.0,63798,False,0.0,False,,0,0.0,,0.409,pass,0.578
6448,ok,100.0,False,100.0,10.0,6233,False,0.0,False,,0,0.0,100.0,1.037,pass,1.447
6451,ok,408.0,False,408.0,8.0,49407,False,0.0,False,,0,0.0,10.0,0.44,pass,0.63
6457,ok,0.0,False,0.0,12.0,131,False,0.0,False,,0,,,13.764,timeout 15 s,15.197
6462,ok,10.0,False,10.0,10.0,1278,False,0.0,False,,0,0.0,,2.702,pass,3.288
6463,ok,100.0,False,100.0,8.0,3909,False,0.0,False,,0,0.0,,0.558,pass,0.781
6464,ok,100.0,False,100.0,11.0,3688,False,0.0,False,,0,0.0,100.0,0.387,pass,0.605
6467,ok,10.0,False,10.0,8.0,971,False,0.0,False,,0,0.0,,0.659,pass,0.85
6468,ok,100.0,False,100.0,12.0,6068,False,0.0,False,,0,0.0,100.0,0.783,pass,1.024
6469,ok,10.0,False,10.0,8.0,703,False,0.0,False,,0,0.0,10.0,0.217,pass,0.295
6470,ok,10.0,False,10.0,5.0,425,False,0.0,False,,0,0.0,1.0,1.856,pass,1.989
6473,ok,0.0,False,0.0,9.0,88,False,0.0,False,,0,,,0.242,pass,0.328
6474,ok,20.0,False,20.0,7.0,1316,False,0.0,False,,0,0.0,,0.347,pass,0.516
6478,capped,1000.0,True,1000.0,13.0,42117,False,0.0,False,,0,0.0,,0.933,pass,1.234
6480,ok,10.0,False,10.0,6.0,457,False,0.0,False,,0,0.0,,0.105,pass,0.149
6483,capped,1000.0,True,1000.0,7.0,39031,False,236.0,False,,0,0.0,,1.737,pass,2.836
6486,ok,10.0,False,10.0,11.0,996,False,0.0,False,,0,0.0,,0.249,pass,0.342
6488,capped,1000.0,True,1000.0,8.0,34144,False,623.0,False,,0,0.0,,1.148,pass,1.533
6491,ok,13.0,False,13.0,9.0,1051,False,0.0,False,,0,0.0,,1.204,pass,1.749
6494,ok,49.0,False,49.0,10.0,5050,False,34.0,False,,0,0.0,,1.042,pass,1.427
6497,ok,39.0,False,39.0,8.0,2003,False,4.0,False,,0,0.0,,0.717,pass,0.946
6499,ok,8.0,False,8.0,8.0,1000,False,0.0,False,,0,0.0,,1.091,pass,1.528
6500,ok,12.0,False,12.0,8.0,1037,False,0.0,False,,0,0.0,,0.383,pass,0.594
6501,ok,57.0,False,57.0,7.0,5860,False,34.0,False,,0,0.0,10.0,0.995,pass,1.444
6503,ok,675.0,False,675.0,8.0,20313,False,0.0,False,,0,0.0,,0.258,pass,0.303
6505,ok,10.0,False,10.0,8.0,732,False,0.0,False,,0,0.0,,0.361,pass,0.536
6507,ok,0.0,False,0.0,12.0,155,False,0.0,False,,0,,,18.254,timeout 15 s,15.071
6509,ok,23.0,False,23.0,8.0,1435,False,0.0,False,,0,0.0,,0.275,pass,0.431
6510,ok,10.0,False,10.0,10.0,932,False,0.0,False,,0,0.0,,1.747,pass,2.44
6513,ok,12.0,False,12.0,9.0,916,False,1.0,False,,0,0.0,,0.169,pass,0.245
6514,ok,50.0,False,50.0,10.0,3084,False,0.0,False,,0,0.0,,1.13,pass,1.668
6515,capped,1000.0,True,1000.0,14.0,77602,False,0.0,False,,0,0.0,10.0,0.45,pass,0.664
6518,ok,0.0,False,0.0,12.0,126,False,0.0,False,,0,,100.0,0.082,pass,0.115
6520,ok,0.0,False,0.0,8.0,89,False,0.0,False,,0,,,0.125,pass,0.198
6523,ok,0.0,False,0.0,8.0,97,False,0.0,False,,0,,10.0,0.813,pass,1.182
6524,ok,31.0,False,31.0,9.0,2997,False,13.0,False,,0,0.0,,1.493,pass,2.065
6527,ok,10.0,False,10.0,7.0,1176,False,0.0,False,,0,0.0,,0.097,pass,0.145
6529,ok,100.0,False,100.0,10.0,386019,False,0.0,False,,0,0.0,100.0,1.986,pass,2.834
6530,ok,10.0,False,10.0,8.0,568,False,0.0,False,G255,0,1.0,,1.349,pass,1.998
6531,ok,16.0,False,16.0,7.0,1495,False,0.0,False,,0,0.0,,0.314,pass,0.41
6535,ok,100.0,False,100.0,10.0,7022,False,0.0,False,,0,0.0,,0.356,pass,0.53
6537,ok,10.0,False,10.0,10.0,815,False,0.0,False,,0,0.0,10.0,0.743,pass,0.947
6543,ok,853.0,False,853.0,11.0,75405,False,0.0,False,,0,0.0,,0.363,pass,0.511
6545,capped,1000.0,True,1000.0,11.0,139602,False,0.0,False,,0,0.0,,1.72,pass,2.514
6547,ok,9.0,False,9.0,6.0,375,False,0.0,False,,0,0.0,10.0,0.784,pass,1.073
6559,ok,12.0,False,12.0,8.0,1222,False,0.0,False,,0,0.0,,0.153,pass,0.23
6562,ok,0.0,False,0.0,9.0,103,False,0.0,False,,0,,,0.412,pass,0.582
6563,ok,6.0,False,6.0,9.0,406,False,0.0,False,,0,0.0,10.0,0.756,pass,1.099
6566,ok,10.0,False,10.0,10.0,671,False,0.0,False,,0,0.0,,6.768,pass,9.984
6568,ok,35.0,False,35.0,8.0,2359,False,7.0,False,,0,0.0,,0.389,pass,0.598
6573,ok,10.0,False,10.0,11.0,1155,False,0.0,False,,0,0.0,10.0,0.181,pass,0.265
6576,ok,0.0,False,0.0,7.0,85,False,0.0,False,,0,,,0.14,pass,0.233
6586,ok,50.0,False,50.0,9.0,1912,False,0.0,False,,0,0.0,,0.604,pass,0.865
6588,ok,10.0,False,10.0,11.0,1337,False,0.0,False,,0,0.0,,1.732,pass,2.415
6591,ok,0.0,False,0.0,12.0,173,False,0.0,False,,0,,,3.409,pass,5.037
6594,ok,91.0,False,91.0,10.0,13005,False,0.0,False,,0,0.0,,21.786,timeout 15 s,15.283
6595,ok,10.0,False,10.0,6.0,905,False,0.0,False,,0,0.0,,0.432,pass,0.579
6597,ok,20.0,False,20.0,7.0,889,False,0.0,False,,0,0.0,20.0,0.506,pass,0.722
6598,capped,1000.0,True,1000.0,9.0,66927,False,0.0,False,,0,0.0,,0.395,pass,0.602
6599,ok,0.0,False,0.0,11.0,167,False,0.0,False,,0,,1.0,0.327,pass,0.462
6602,capped,1000.0,True,1000.0,8.0,130660,False,0.0,False,,0,0.0,,0.174,pass,0.31
6605,ok,0.0,False,0.0,12.0,134,False,0.0,False,,0,,100.0,12.078,timeout 15 s,15.224
6607,ok,0.0,False,0.0,15.0,172,False,0.0,False,,0,,,1.46,pass,1.956
6608,capped,1000.0,True,1000.0,7.0,54627,False,882.0,False,,0,0.0,,1.18,pass,1.745
6614,ok,12.0,False,12.0,5.0,476,False,2.0,False,,0,0.0,,0.723,pass,1.228
6620,ok,22.0,False,22.0,12.0,2273,False,0.0,False,,0,0.0,,1.65,pass,2.355
6621,ok,12.0,False,12.0,9.0,1010,False,1.0,False,,0,0.0,,0.516,pass,0.736
6623,ok,249.0,False,249.0,9.0,16195,False,221.0,False,,0,0.0,,0.18,pass,0.259
6624,ok,10.0,False,10.0,8.0,1328,False,0.0,False,,0,0.0,,0.12,pass,0.199
6625,capped,1000.0,True,1000.0,5.0,105093,False,0.0,False,,0,0.0,,0.098,pass,0.132
6627,capped,1000.0,True,1000.0,9.0,114571,False,0.0,False,,0,0.0,,0.875,pass,1.183
6628,ok,0.0,False,0.0,14.0,139,False,0.0,False,,0,,,0.067,pass,0.093
6630,ok,50.0,False,50.0,8.0,1884,False,0.0,False,,0,0.0,50.0,0.757,pass,1.001
6632,ok,0.0,False,0.0,6.0,83,False,0.0,False,,0,,100.0,0.884,pass,1.192
6636,ok,10.0,False,10.0,9.0,1291,False,0.0,False,,0,0.0,,0.786,pass,1.152
6637,ok,10.0,False,10.0,8.0,543,False,0.0,False,,0,0.0,,0.903,pass,1.281
6640,ok,0.0,False,0.0,8.0,83,False,0.0,False,,0,,1.0,2.217,pass,2.78
6641,ok,0.0,False,0.0,10.0,111,False,0.0,False,,0,,,0.134,pass,0.199
6643,ok,12.0,False,12.0,10.0,1212,False,0.0,False,,0,0.0,,2.066,pass,3.018
6645,ok,0.0,False,0.0,8.0,93,False,0.0,False,,0,,,0.731,pass,1.034
6647,capped,1000.0,True,1000.0,12.0,92925,False,0.0,False,,0,0.0,,0.905,pass,1.308
6648,ok,22.0,False,22.0,10.0,2773,False,0.0,False,,0,0.0,,0.114,pass,0.163
6649,ok,10.0,False,10.0,6.0,426,False,0.0,False,,0,0.0,10.0,0.492,pass,0.631
6651,ok,11.0,False,11.0,8.0,578,False,0.0,False,,0,0.0,,0.104,pass,0.152
6652,ok,100.0,False,100.0,16.0,11571,False,0.0,False,,0,0.0,100.0,1.545,pass,2.148
6653,ok,20.0,False,20.0,8.0,1559,False,0.0,False,,0,0.0,,0.183,pass,0.264
6654,ok,10.0,False,10.0,9.0,961,False,0.0,False,,0,0.0,,0.114,pass,0.163
6655,ok,5.0,False,5.0,7.0,329,False,0.0,False,,0,0.0,5.0,1.205,pass,1.694
6656,capped,1000.0,True,1000.0,9.0,120606,False,2.0,False,,0,0.0,,0.837,pass,1.247
6658,ok,22.0,False,22.0,10.0,2605,False,0.0,False,,0,0.0,,0.111,pass,0.164
6659,ok,10.0,False,10.0,6.0,817,False,0.0,False,,0,0.0,10.0,0.161,pass,0.23
6660,ok,10.0,False,10.0,7.0,956,False,0.0,False,,0,0.0,,0.936,pass,1.278
6663,ok,10.0,False,10.0,11.0,723,False,0.0,False,,0,0.0,10.0,0.505,pass,0.754
6664,ok,100.0,False,100.0,8.0,11908,False,0.0,False,,0,0.0,100.0,0.172,pass,0.272
6678,ok,853.0,False,853.0,14.0,44194,False,0.0,False,,0,0.0,,0.486,pass,0.695
6680,ok,10.0,False,10.0,10.0,1228,False,0.0,False,,0,0.0,,0.223,pass,0.317
6681,ok,20.0,False,20.0,11.0,1627,False,0.0,False,,0,0.0,,0.633,pass,0.813
6682,capped,1000.0,True,1000.0,14.0,139906,False,0.0,False,,0,0.0,,22.83,timeout 15 s,15.197
6683,ok,10.0,False,10.0,6.0,506,False,0.0,False,,0,0.0,10.0,0.51,pass,0.652
6684,capped,1000.0,True,1000.0,10.0,129501,False,0.0,False,,0,0.0,,1.049,pass,1.546
6686,ok,10.0,False,10.0,11.0,722,False,0.0,False,,0,0.0,10.0,0.785,pass,0.995
6687,ok,5.0,False,5.0,10.0,649,False,0.0,False,,0,0.0,,1.259,pass,1.804
6688,ok,12.0,False,12.0,11.0,1244,False,0.0,False,,0,0.0,,0.201,pass,0.233
6690,capped,1000.0,True,1000.0,7.0,27062,False,0.0,False,,0,0.0,,0.918,pass,1.499
6691,ok,10.0,False,10.0,8.0,558,False,0.0,False,,0,0.0,,1.071,pass,1.5
6695,ok,54.0,False,54.0,11.0,3670,False,0.0,False,,0,0.0,,0.769,pass,1.101
6696,ok,100.0,False,100.0,13.0,8013,False,0.0,False,,0,0.0,100.0,0.906,pass,1.312
6698,ok,100.0,False,100.0,8.0,5299,False,0.0,False,,0,0.0,100.0,0.792,pass,0.941
6701,ok,10.0,False,10.0,8.0,870,False,0.0,False,,0,0.0,,0.395,pass,0.583
6703,capped,1000.0,True,1000.0,5.0,38802,False,0.0,False,,0,0.0,,0.592,pass,0.869
6704,ok,100.0,False,100.0,11.0,12823,False,0.0,False,,0,0.0,100.0,2.748,pass,4.727
6706,capped,1000.0,True,1000.0,7.0,104458,False,0.0,False,,0,0.0,,1.053,pass,1.345
6707,ok,10.0,False,10.0,4.0,307,False,0.0,False,,0,0.0,10.0,0.719,pass,1.036
6710,capped,1000.0,True,1000.0,15.0,59859,False,0.0,False,,0,0.0,,2.348,pass,3.492
6712,ok,98.0,False,98.0,9.0,8168,False,88.0,False,,0,0.0,,0.214,pass,0.303
6716,ok,11.0,False,11.0,9.0,688,False,0.0,False,,0,0.0,,1.056,pass,1.723
6721,ok,0.0,False,0.0,9.0,105,False,0.0,False,,0,,5.0,0.6,pass,0.855
6722,ok,0.0,False,0.0,8.0,86,False,0.0,False,,0,,5.0,9.609,pass,14.635
6725,ok,10.0,False,10.0,10.0,794,False,0.0,False,,0,0.0,,1.623,pass,2.39
6726,ok,0.0,False,0.0,8.0,96,False,0.0,False,,0,,10.0,1.157,pass,1.662
6728,ok,106.0,False,106.0,10.0,15640,False,2.0,False,,0,0.0,10.0,1.265,pass,1.812
6729,ok,5.0,False,5.0,4.0,425,False,0.0,False,,0,0.0,,0.087,pass,0.125
6732,ok,10.0,False,10.0,11.0,841,False,0.0,False,,0,0.0,10.0,0.646,pass,0.855
6733,ok,10.0,False,10.0,11.0,534,False,0.0,False,,0,0.0,10.0,0.425,pass,0.605
6734,ok,10.0,False,10.0,8.0,568,False,0.0,False,,0,0.0,,0.339,pass,0.507
6740,ok,10.0,False,10.0,7.0,818,False,0.0,False,,0,0.0,10.0,0.312,pass,0.468
6743,ok,10.0,False,10.0,7.0,818,False,0.0,False,,0,0.0,,0.125,pass,0.199
6747,ok,20.0,False,20.0,15.0,2577,False,0.0,False,,0,0.0,,0.743,pass,1.026
6749,ok,10.0,False,10.0,7.0,432,False,0.0,False,,0,0.0,,0.702,pass,0.917
6752,ok,50.0,False,50.0,9.0,3401,False,0.0,False,,0,0.0,50.0,1.066,pass,1.55
6755,ok,0.0,False,0.0,7.0,81,False,0.0,False,,0,,,0.185,pass,0.265
6757,ok,10.0,False,10.0,12.0,1278,False,0.0,False,,0,0.0,10.0,1.357,pass,1.862
6758,ok,50.0,False,50.0,11.0,3972,False,0.0,False,,0,0.0,,1.026,pass,1.52
6759,ok,10.0,False,10.0,7.0,484,False,0.0,False,,0,0.0,10.0,0.228,pass,0.354
6760,ok,0.0,False,0.0,10.0,127,False,0.0,False,,0,,,0.944,pass,1.335
6761,ok,28.0,False,28.0,7.0,1950,False,0.0,False,,0,0.0,1.0,3.958,pass,7.537
6762,ok,10.0,False,10.0,8.0,1147,False,0.0,False,,0,0.0,,0.452,pass,0.613
6765,ok,10.0,False,10.0,9.0,1225,False,0.0,False,,0,0.0,,1.003,pass,1.342
6767,ok,10.0,False,10.0,11.0,852,False,0.0,False,,0,0.0,10.0,0.928,pass,1.206
6768,capped,1000.0,True,1000.0,7.0,140755,False,3.0,False,,0,0.0,,0.387,pass,0.528
6773,ok,155.0,False,155.0,6.0,7472,False,0.0,False,,0,0.0,,0.07,pass,0.096
6779,ok,10.0,False,10.0,7.0,409,False,0.0,False,,0,0.0,,0.447,pass,0.586
6780,ok,0.0,False,0.0,8.0,119,False,0.0,False,,0,,5.0,0.685,pass,0.991
6783,ok,0.0,False,0.0,8.0,78,False,0.0,False,,0,,,0.515,pass,0.742
6785,ok,10.0,False,10.0,11.0,718,False,0.0,False,,0,0.0,10.0,2.752,pass,4.077
6787,capped,1000.0,True,1000.0,9.0,52988,False,0.0,False,,0,0.0,,0.81,pass,1.087
6788,ok,0.0,False,0.0,7.0,88,False,0.0,False,,0,,10.0,0.212,pass,0.278
6793,ok,13.0,False,13.0,11.0,821,False,0.0,False,,0,0.0,,0.993,pass,1.513
6799,ok,20.0,False,20.0,8.0,1651,False,0.0,False,,0,0.0,,0.147,pass,0.133
6802,ok,12.0,False,12.0,8.0,945,False,1.0,False,,0,0.0,,0.18,pass,0.264
6804,ok,10.0,False,10.0,7.0,693,False,0.0,False,,0,0.0,10.0,0.595,pass,0.751
6807,ok,10.0,False,10.0,7.0,630,False,0.0,False,,0,0.0,,28.576,timeout 15 s,15.187
6809,ok,369.0,False,369.0,7.0,36731,False,0.0,False,,0,0.0,,0.132,pass,0.229
6812,ok,10.0,False,10.0,7.0,547,False,0.0,False,,0,0.0,,0.798,pass,1.185
6815,ok,10.0,False,10.0,11.0,732,False,0.0,False,,0,0.0,10.0,1.948,pass,2.717
6817,ok,36.0,False,36.0,6.0,1632,False,4.0,False,,0,0.0,,0.181,pass,0.262
6818,ok,10.0,False,10.0,9.0,594,False,0.0,False,,0,0.0,,1.218,pass,1.736
6820,ok,10.0,False,10.0,9.0,871,False,0.0,False,,0,0.0,,3.411,pass,3.746
6821,capped,1000.0,True,1000.0,8.0,26611,False,0.0,False,,0,0.0,,0.294,pass,0.432
6824,ok,10.0,False,10.0,11.0,753,False,0.0,False,,0,0.0,,0.342,pass,0.51
6825,capped,1000.0,True,1000.0,11.0,57105,False,0.0,False,,0,0.0,,1.12,pass,1.883
6832,ok,30.0,False,30.0,10.0,2130,False,1.0,False,,0,0.0,10.0,0.345,pass,0.407
6834,ok,10.0,False,10.0,9.0,1023,False,0.0,False,,0,0.0,10.0,0.171,pass,0.263
6835,ok,10.0,False,10.0,4.0,304,False,0.0,False,,0,0.0,10.0,0.457,pass,0.614
6839,ok,10.0,False,10.0,8.0,512,False,0.0,False,,0,0.0,,0.107,pass,0.156
6843,ok,20.0,False,20.0,7.0,1090,False,0.0,False,,0,0.0,,1.485,pass,2.2
6845,capped,1000.0,True,1000.0,16.0,113279,False,0.0,False,,0,0.0,,0.969,pass,1.409
6846,ok,298.0,False,298.0,8.0,22617,False,0.0,False,,0,0.0,,0.484,pass,0.667
6852,ok,10.0,False,10.0,9.0,635,False,0.0,False,,0,0.0,,6.915,pass,10.311
6854,ok,10.0,False,10.0,8.0,1426,False,0.0,False,,0,0.0,,0.491,pass,0.659
6858,ok,10.0,False,10.0,8.0,715,False,0.0,False,,0,0.0,,20.298,timeout 15 s,15.269
6859,ok,10.0,False,10.0,8.0,613,False,0.0,False,,0,0.0,,0.364,pass,0.525
6864,ok,20.0,False,20.0,11.0,2079,False,0.0,False,,0,0.0,,0.231,pass,0.34
6865,ok,0.0,False,0.0,10.0,115,False,0.0,False,,0,,,0.115,pass,0.17
6868,ok,0.0,False,0.0,6.0,77,False,0.0,False,,0,,10.0,0.093,pass,0.136
6869,capped,1000.0,True,1000.0,9.0,63456,False,0.0,False,,0,0.0,,0.434,pass,0.654
6872,capped,1000.0,True,1000.0,7.0,40062,False,709.0,False,,0,0.0,10.0,16.292,timeout 15 s,15.064
6873,ok,46.0,False,46.0,11.0,3784,False,0.0,False,,0,0.0,,0.655,pass,0.828
6875,ok,10.0,False,10.0,11.0,758,False,0.0,False,,0,0.0,10.0,0.234,pass,0.325
6878,ok,20.0,False,20.0,7.0,2264,False,0.0,False,,0,0.0,10.0,0.481,pass,0.674
6879,ok,0.0,False,0.0,16.0,177,False,0.0,False,,0,,10.0,5.374,pass,6.92
6885,ok,10.0,False,10.0,8.0,1100,False,0.0,False,,0,0.0,,0.105,pass,0.153
6889,ok,50.0,False,50.0,11.0,2643,False,0.0,False,,0,0.0,50.0,0.644,pass,0.844
6891,ok,10.0,False,10.0,9.0,555,False,0.0,False,,0,0.0,,5.889,pass,8.665
6892,ok,100.0,False,100.0,10.0,13414,False,0.0,False,,0,0.0,100.0,1.571,pass,2.596
6893,ok,22.0,False,22.0,10.0,2233,False,0.0,False,,0,0.0,,0.111,pass,0.163
6894,ok,50.0,False,50.0,11.0,7889,False,0.0,False,,0,0.0,50.0,5.039,pass,7.558
6896,ok,50.0,False,50.0,7.0,2347,False,0.0,False,,0,0.0,5.0,0.784,pass,1.094
6900,ok,20.0,False,20.0,10.0,1471,False,0.0,False,,0,0.0,,0.16,pass,0.246
6902,ok,0.0,False,0.0,14.0,148,False,0.0,False,,0,,,0.664,pass,0.944
6903,ok,10.0,False,10.0,11.0,705,False,0.0,False,,0,0.0,10.0,1.533,pass,2.265
6906,ok,12.0,False,12.0,7.0,1177,False,0.0,False,,0,0.0,,0.094,pass,0.137
6907,ok,54.0,False,54.0,10.0,4312,False,0.0,False,,0,0.0,,1.65,pass,2.399
6912,ok,29.0,False,29.0,9.0,2240,False,0.0,False,,0,0.0,,1.427,pass,2.23
6918,ok,10.0,False,10.0,9.0,580,False,0.0,False,,0,0.0,,1.379,pass,2.027
6920,capped,1000.0,True,1000.0,8.0,50091,False,0.0,False,,0,0.0,10.0,1.194,pass,1.853
6921,capped,1000.0,True,1000.0,10.0,94546,False,0.0,False,,0,0.0,,17.497,timeout 15 s,15.061
6922,ok,10.0,False,10.0,8.0,1259,False,0.0,False,,0,0.0,,2.065,pass,2.962
6924,capped,1000.0,True,1000.0,10.0,73777,False,0.0,False,,0,0.0,,12.179,timeout 15 s,15.201
6925,ok,10.0,False,10.0,10.0,1310,False,0.0,False,,0,0.0,,0.175,pass,0.242
6929,ok,22.0,False,22.0,10.0,2068,False,0.0,False,,0,0.0,,0.289,pass,0.431
6930,ok,10.0,False,10.0,6.0,622,False,0.0,False,,0,0.0,10.0,0.825,pass,1.065
6931,ok,10.0,False,10.0,12.0,774,False,0.0,False,,0,0.0,10.0,1.225,pass,1.807
6934,capped,1000.0,True,1000.0,13.0,47161,False,0.0,False,,0,0.0,,2.843,pass,4.314
6936,capped,1000.0,True,1000.0,8.0,70348,False,0.0,False,,0,0.0,,0.142,pass,0.207
6938,ok,20.0,False,20.0,8.0,1430,False,0.0,False,,0,0.0,,0.125,pass,0.233
6939,ok,10.0,False,10.0,10.0,755,False,0.0,False,,0,0.0,,25.554,timeout 15 s,15.186
6940,ok,21.0,False,21.0,9.0,1604,False,0.0,False,,0,0.0,,0.094,pass,0.138
6942,ok,49.0,False,49.0,9.0,7081,False,23.0,False,,0,0.0,,1.276,pass,1.856
6943,ok,10.0,False,10.0,9.0,587,False,0.0,False,,0,0.0,,0.56,pass,0.8
6947,capped,1000.0,True,1000.0,10.0,110108,False,989.0,False,,0,0.0,,0.811,pass,1.197
6948,ok,20.0,False,20.0,7.0,1064,False,0.0,False,,0,0.0,20.0,2.542,pass,3.841
6949,ok,50.0,False,50.0,14.0,3370,False,0.0,False,,0,0.0,50.0,2.287,pass,3.416
6952,ok,17.0,False,17.0,11.0,1485,False,0.0,False,,0,0.0,50.0,0.406,pass,0.552
6953,ok,56.0,False,56.0,11.0,7636,False,16.0,False,,0,0.0,,1.197,pass,1.705
6955,capped,1000.0,True,1000.0,7.0,104182,False,0.0,False,,0,0.0,,1.038,pass,1.615
6957,ok,0.0,False,0.0,10.0,122,False,0.0,False,,0,,,0.32,pass,0.442
6959,ok,787.0,False,787.0,8.0,36927,False,0.0,False,,0,0.0,,0.285,pass,0.398
6962,ok,10.0,False,10.0,8.0,731,False,0.0,False,,0,0.0,,25.931,timeout 15 s,15.061
6963,ok,100.0,False,100.0,13.0,5745,False,0.0,False,,0,0.0,100.0,0.599,pass,0.883
6964,ok,10.0,False,10.0,5.0,333,False,0.0,False,,0,0.0,10.0,0.469,pass,0.626
6966,ok,10.0,False,10.0,21.0,1960,False,0.0,False,,0,0.0,10.0,1.652,pass,2.403
6969,ok,137.0,False,137.0,8.0,17624,False,0.0,False,,0,0.0,10.0,0.201,pass,0.272
6970,ok,10.0,False,10.0,11.0,871,False,0.0,False,,0,0.0,10.0,0.895,pass,1.146
6973,ok,4.0,False,4.0,13.0,682,False,0.0,False,,0,0.0,,1.192,pass,1.619
6976,ok,10.0,False,10.0,9.0,1295,False,0.0,False,,0,0.0,,0.512,pass,0.636
6980,ok,38.0,False,38.0,8.0,1996,False,0.0,False,,0,0.0,,0.519,pass,0.755
6982,ok,0.0,False,0.0,11.0,120,False,0.0,False,,0,,,0.597,pass,0.711
6987,ok,10.0,False,10.0,8.0,565,False,0.0,False,,0,0.0,10.0,0.93,pass,1.158
6989,ok,14.0,False,14.0,10.0,1121,False,0.0,False,,0,0.0,,1.691,pass,2.57
6991,ok,853.0,False,853.0,10.0,31104,False,0.0,False,,0,0.0,,0.685,pass,0.935
6995,ok,0.0,False,0.0,8.0,97,False,0.0,False,,0,,,0.066,pass,0.093
6997,ok,10.0,False,10.0,8.0,563,False,0.0,False,,0,0.0,,0.675,pass,0.914
7000,ok,10.0,False,10.0,9.0,784,False,0.0,False,,0,0.0,10.0,0.861,pass,1.151
7003,ok,54.0,False,54.0,9.0,3306,False,10.0,False,,0,0.0,,1.354,pass,1.99
7007,ok,10.0,False,10.0,9.0,1079,False,0.0,False,,0,0.0,,0.11,pass,0.166
7011,capped,1000.0,True,1000.0,6.0,38593,False,0.0,False,,0,0.0,,0.957,pass,1.441
7012,ok,24.0,False,24.0,8.0,3309,False,0.0,False,,0,0.0,,1.94,pass,2.852
7013,ok,10.0,False,10.0,9.0,528,False,0.0,False,,0,0.0,,0.638,pass,0.869
7014,ok,10.0,False,10.0,8.0,530,False,0.0,False,,0,0.0,,0.156,pass,0.22
7015,ok,10.0,False,10.0,10.0,673,False,0.0,False,,0,0.0,,0.105,pass,0.15
7017,ok,10.0,False,10.0,8.0,572,False,0.0,False,,0,0.0,,0.809,pass,1.199
7018,ok,144.0,False,144.0,7.0,14803,False,0.0,False,,0,0.0,10.0,0.373,pass,0.56
7023,ok,22.0,False,22.0,9.0,2127,False,0.0,False,,0,0.0,,0.11,pass,0.18
7024,ok,5.0,False,5.0,12.0,754,False,0.0,False,,0,0.0,,1.82,pass,2.482
7029,ok,10.0,False,10.0,9.0,945,False,0.0,False,,0,0.0,,1.404,pass,2.031
7034,ok,10.0,False,10.0,12.0,965,False,0.0,False,,0,0.0,,1.4,pass,2.117
7035,ok,0.0,False,0.0,8.0,99,False,0.0,False,,0,,10.0,0.143,pass,0.222
7041,capped,1000.0,True,1000.0,10.0,84859,False,0.0,False,,0,0.0,,2.159,pass,3.162
7044,ok,34.0,False,34.0,7.0,3220,False,10.0,False,,0,0.0,,6.9,pass,7.137
7045,ok,50.0,False,50.0,11.0,7861,False,21.0,False,,0,0.0,50.0,0.545,pass,0.693
7046,ok,10.0,False,10.0,9.0,1247,False,0.0,False,,0,0.0,,2.068,pass,2.432
7053,ok,10.0,False,10.0,10.0,677,False,0.0,False,,0,0.0,,1.327,pass,1.808
7055,ok,10.0,False,10.0,8.0,686,False,0.0,False,,0,0.0,,0.805,pass,1.228
7056,ok,35.0,False,35.0,8.0,1773,False,0.0,False,,0,0.0,,0.394,pass,0.579
7058,ok,10.0,False,10.0,6.0,575,False,0.0,False,,0,0.0,10.0,0.194,pass,0.281
7061,ok,50.0,False,50.0,10.0,3309,False,0.0,False,,0,0.0,50.0,0.235,pass,0.328
7062,ok,12.0,False,12.0,8.0,1045,False,1.0,False,,0,0.0,,0.627,pass,0.901
7069,ok,10.0,False,10.0,7.0,479,False,0.0,False,,0,0.0,,1.639,pass,2.332
7073,ok,0.0,False,0.0,10.0,121,False,0.0,False,,0,,,1.569,pass,2.24
7074,ok,100.0,False,100.0,10.0,4728,False,0.0,False,,0,0.0,100.0,0.64,pass,0.823
7079,ok,10.0,False,10.0,7.0,490,False,0.0,False,,0,0.0,,0.594,pass,0.824
7086,capped,1000.0,True,1000.0,8.0,102916,False,797.0,False,,0,0.0,,2.328,pass,3.331
7087,capped,1000.0,True,1000.0,9.0,118612,False,0.0,False,,0,0.0,,0.19,pass,0.277
7095,ok,10.0,False,10.0,9.0,1266,False,0.0,False,,0,0.0,,0.067,pass,0.091
7097,ok,115.0,False,115.0,9.0,11161,False,0.0,False,,0,0.0,,9.538,pass,14.576
7100,ok,10.0,False,10.0,9.0,837,False,0.0,False,,0,0.0,,20.546,timeout 15 s,15.062
7101,capped,1000.0,True,1000.0,11.0,66733,False,0.0,False,,0,0.0,,10.055,timeout 15 s,15.067
7106,ok,100.0,False,100.0,8.0,4000,False,0.0,False,,0,0.0,,0.368,pass,0.53
7108,ok,36.0,False,36.0,9.0,2661,False,0.0,False,,0,0.0,,0.359,pass,0.537
7109,ok,0.0,False,0.0,8.0,100,False,0.0,False,,0,,,0.289,pass,0.389
7111,ok,10.0,False,10.0,8.0,544,False,0.0,False,,0,0.0,,0.719,pass,0.964
7113,ok,38.0,False,38.0,5.0,1518,False,10.0,False,,0,0.0,,0.298,pass,0.431
7117,capped,1000.0,True,1000.0,8.0,120097,False,0.0,False,,0,0.0,,0.197,pass,0.313
7118,capped,1000.0,True,1000.0,6.0,35111,False,819.0,False,,0,0.0,,1.271,pass,1.952
7119,ok,8.0,False,8.0,11.0,1253,False,0.0,False,,0,0.0,,0.874,pass,1.264
7122,ok,20.0,False,20.0,13.0,1546,False,0.0,False,,0,0.0,10.0,0.287,pass,0.42
7123,ok,0.0,False,0.0,10.0,128,False,0.0,False,,0,,,2.066,pass,3.056
7128,ok,3.0,False,3.0,7.0,312,False,0.0,False,,0,0.0,10.0,0.176,pass,0.265
7129,ok,10.0,False,10.0,10.0,1258,False,0.0,False,,0,0.0,,0.564,pass,0.688
7130,ok,10.0,False,10.0,8.0,1323,False,0.0,False,,0,0.0,10.0,1.181,pass,1.707
7132,ok,10.0,False,10.0,11.0,678,False,0.0,False,,0,0.0,,3.622,pass,5.441
7137,capped,1000.0,True,1000.0,10.0,111626,False,0.0,False,,0,0.0,,0.853,pass,1.242
7139,ok,10.0,False,10.0,9.0,602,False,0.0,False,,0,0.0,10.0,0.341,pass,0.474
7141,capped,1000.0,True,1000.0,6.0,28216,False,0.0,False,,0,0.0,,1.239,pass,1.723
7142,ok,50.0,False,50.0,10.0,3273,False,0.0,False,,0,0.0,50.0,11.142,timeout 15 s,15.076
7144,ok,10.0,False,10.0,13.0,791,False,0.0,False,,0,0.0,,0.857,pass,1.146
7145,ok,10.0,False,10.0,12.0,693,False,0.0,False,,0,0.0,10.0,0.524,pass,0.665
7146,ok,0.0,False,0.0,9.0,99,False,0.0,False,,0,,,0.075,pass,0.099
7147,ok,54.0,False,54.0,8.0,2428,False,0.0,False,,0,0.0,,1.307,pass,1.888
7151,ok,36.0,False,36.0,6.0,1818,False,0.0,False,,0,0.0,,0.135,pass,0.226
7155,ok,10.0,False,10.0,8.0,524,False,0.0,False,,0,0.0,,1.421,pass,1.699
7159,ok,10.0,False,10.0,8.0,1179,False,0.0,False,,0,0.0,,0.103,pass,0.145
7163,capped,1000.0,True,1000.0,8.0,116458,False,0.0,False,,0,0.0,,0.113,pass,0.152
7164,ok,10.0,False,10.0,8.0,550,False,0.0,False,,0,0.0,,1.279,pass,1.87
7169,ok,0.0,False,0.0,8.0,87,False,0.0,False,,0,,10.0,0.579,pass,0.87
7170,ok,10.0,False,10.0,8.0,1099,False,0.0,False,,0,0.0,,0.654,pass,0.934
7171,ok,10.0,False,10.0,6.0,630,False,0.0,False,,0,0.0,10.0,0.084,pass,0.117
7174,ok,10.0,False,10.0,8.0,710,False,0.0,False,,0,0.0,10.0,0.879,pass,1.109
7180,ok,2.0,False,2.0,10.0,336,False,0.0,False,,0,0.0,10.0,0.447,pass,0.561
7182,ok,0.0,False,0.0,6.0,70,False,0.0,False,,0,,,0.572,pass,0.875
7183,ok,10.0,False,10.0,9.0,680,False,0.0,False,,0,0.0,,0.132,pass,0.227
7184,capped,1000.0,True,1000.0,7.0,51051,False,3.0,False,,0,0.0,,0.151,pass,0.209
7185,ok,100.0,False,100.0,8.0,5392,False,0.0,False,,0,0.0,,0.418,pass,0.601
7188,ok,0.0,False,0.0,13.0,151,False,0.0,False,,0,,,1.612,pass,2.29
7190,ok,10.0,False,10.0,9.0,1324,False,0.0,False,,0,0.0,,0.108,pass,0.158
7191,ok,405.0,False,405.0,8.0,28546,False,0.0,False,,0,0.0,,0.19,pass,0.267
7192,capped,1000.0,True,1000.0,5.0,37085,False,0.0,False,,0,0.0,,0.444,pass,0.562
7193,ok,0.0,False,0.0,7.0,78,False,0.0,False,,0,,,0.112,pass,0.161
7199,ok,10.0,False,10.0,8.0,657,False,0.0,False,,0,0.0,,1.279,pass,1.927
7201,ok,0.0,False,0.0,12.0,169,False,0.0,False,,0,,,0.587,pass,0.768
7204,ok,10.0,False,10.0,8.0,1249,False,0.0,False,,0,0.0,,0.14,pass,0.2
7207,ok,10.0,False,10.0,9.0,861,False,0.0,False,,0,0.0,,0.147,pass,0.231
7208,ok,10.0,False,10.0,9.0,580,False,0.0,False,,0,0.0,,1.015,pass,1.364
7211,ok,10.0,False,10.0,10.0,836,False,0.0,False,,0,0.0,10.0,1.151,pass,1.586
7212,ok,10.0,False,10.0,12.0,747,False,0.0,False,,0,0.0,10.0,0.779,pass,1.022
7215,ok,0.0,False,0.0,9.0,115,False,0.0,False,,0,,,0.067,pass,0.091
7216,ok,0.0,False,0.0,9.0,120,False,0.0,False,,0,,,0.254,pass,0.354
7217,ok,10.0,False,10.0,9.0,667,False,0.0,False,,0,0.0,10.0,1.609,pass,2.354
7218,capped,1000.0,True,1000.0,12.0,44947,False,0.0,False,,0,0.0,,1.017,pass,1.474
7222,ok,106.0,False,106.0,12.0,18050,False,2.0,False,,0,0.0,,1.35,pass,1.885
7223,ok,0.0,False,0.0,8.0,97,False,0.0,False,,0,,10.0,0.089,pass,0.12
7224,ok,0.0,False,0.0,11.0,116,False,0.0,False,,0,,,0.446,pass,0.602
7231,capped,1000.0,True,1000.0,8.0,93612,False,699.0,False,,0,0.0,,2.34,pass,3.442
7235,ok,10.0,False,10.0,9.0,471,False,0.0,False,,0,0.0,,0.158,pass,0.227
7236,capped,1000.0,True,1000.0,8.0,40852,False,0.0,False,,0,0.0,,2.006,pass,2.758
7237,ok,22.0,False,22.0,8.0,2429,False,0.0,False,,0,0.0,,0.31,pass,0.429
7239,capped,1000.0,True,1000.0,11.0,139147,False,0.0,False,,0,0.0,,0.155,pass,0.219
7245,ok,36.0,False,36.0,9.0,3142,False,7.0,False,,0,0.0,,0.138,pass,0.236
7246,ok,10.0,False,10.0,9.0,628,False,0.0,False,,0,0.0,,1.704,pass,2.49
7247,ok,10.0,False,10.0,11.0,1186,False,0.0,False,,0,0.0,10.0,0.606,pass,0.879
7248,ok,219.0,False,219.0,7.0,12398,False,0.0,False,,0,0.0,,0.231,pass,0.357
7249,ok,10.0,False,10.0,10.0,779,False,0.0,False,,0,0.0,,0.11,pass,0.164
7250,ok,0.0,False,0.0,8.0,94,False,0.0,False,,0,,1.0,0.569,pass,0.815
7258,capped,1000.0,True,1000.0,11.0,125153,False,0.0,False,,0,0.0,,0.576,pass,0.722
7259,ok,10.0,False,10.0,9.0,1258,False,0.0,False,,0,0.0,10.0,0.575,pass,0.807
7263,ok,0.0,False,0.0,9.0,104,False,0.0,False,,0,,10.0,0.217,pass,0.305
7264,ok,100.0,False,100.0,13.0,4574,False,0.0,False,,0,0.0,100.0,0.788,pass,1.038
7269,ok,10.0,False,10.0,10.0,1164,False,0.0,False,,0,0.0,,0.74,pass,1.055
7274,ok,100.0,False,100.0,15.0,6342,False,0.0,False,,0,0.0,100.0,0.989,pass,1.333
7275,ok,0.0,False,0.0,10.0,111,False,0.0,False,,0,,,0.074,pass,0.101
7280,ok,0.0,False,0.0,13.0,136,False,0.0,False,,0,,,0.232,pass,0.339
7281,ok,100.0,False,100.0,11.0,4731,False,0.0,False,,0,0.0,100.0,0.312,pass,0.448
7282,ok,10.0,False,10.0,8.0,680,False,0.0,False,,0,0.0,,9.375,pass,14.322
7283,capped,1000.0,True,1000.0,11.0,45129,False,0.0,False,,0,0.0,,0.72,pass,0.93
7287,ok,0.0,False,0.0,8.0,85,False,0.0,False,,0,,,0.128,pass,0.187
7289,ok,50.0,False,50.0,7.0,2586,False,0.0,False,,0,0.0,50.0,0.833,pass,1.202
7293,ok,20.0,False,20.0,7.0,1412,False,4.0,False,,0,0.0,,0.396,pass,0.604
7296,ok,16.0,False,16.0,9.0,858,False,0.0,False,,0,0.0,,2.056,pass,2.894
7298,ok,10.0,False,10.0,9.0,792,False,0.0,False,,0,0.0,,0.864,pass,1.203
7300,ok,10.0,False,10.0,8.0,736,False,0.0,False,,0,0.0,,0.35,pass,0.517
7303,ok,10.0,False,10.0,9.0,603,False,0.0,False,,0,0.0,,1.372,pass,1.9
7304,ok,10.0,False,10.0,8.0,457,False,0.0,False,,0,0.0,,3.758,pass,5.657
7305,ok,30.0,False,30.0,7.0,1205,False,0.0,False,,0,0.0,5.0,0.336,pass,0.453
7310,ok,10.0,False,10.0,10.0,683,False,0.0,False,,0,0.0,,0.901,pass,1.253
7311,ok,121.0,False,121.0,5.0,5403,False,0.0,False,,0,0.0,,2.233,pass,3.14
7312,ok,100.0,False,100.0,10.0,6617,False,0.0,False,,0,0.0,,0.595,pass,0.756
7313,ok,8.0,False,8.0,12.0,1129,False,0.0,False,,0,0.0,,21.561,timeout 15 s,15.258
7315,capped,1000.0,True,1000.0,10.0,28774,False,12.0,False,,0,0.0,,1.085,pass,1.582
7319,ok,38.0,False,38.0,10.0,1968,False,0.0,False,,0,0.0,,7.566,pass,11.822
7320,ok,50.0,False,50.0,10.0,2833,False,0.0,False,,0,0.0,50.0,0.737,pass,0.955
7322,ok,0.0,False,0.0,9.0,116,False,0.0,False,,0,,,1.663,pass,2.174
7325,ok,0.0,False,0.0,11.0,128,False,0.0,False,,0,,10.0,0.604,pass,0.851
7328,ok,10.0,False,10.0,12.0,736,False,0.0,False,,0,0.0,,0.798,pass,1.033
7333,capped,1000.0,True,1000.0,10.0,122438,False,0.0,False,,0,0.0,,1.263,pass,1.931
7335,ok,20.0,False,20.0,8.0,1263,False,4.0,False,,0,0.0,,0.472,pass,0.655
7339,ok,924.0,False,924.0,9.0,81785,False,0.0,False,,0,0.0,,1.363,pass,1.902
7346,capped,1000.0,True,1000.0,10.0,54417,False,0.0,False,,0,0.0,5.0,0.548,pass,0.708
7349,ok,0.0,False,0.0,7.0,81,False,0.0,False,,0,,,0.772,pass,1.089
7350,ok,100.0,False,100.0,10.0,15479,False,0.0,False,,0,0.0,100.0,0.127,pass,0.218
7353,capped,1000.0,True,1000.0,8.0,126281,False,0.0,False,,0,0.0,,0.21,pass,0.292
7354,ok,10.0,False,10.0,10.0,948,False,0.0,False,,0,0.0,,0.21,pass,0.363
7355,ok,13.0,False,13.0,8.0,1485,False,0.0,False,,0,0.0,,0.21,pass,0.301
7358,ok,6.0,False,6.0,11.0,912,False,0.0,False,,0,0.0,,0.104,pass,0.142
7360,capped,1000.0,True,1000.0,11.0,27559,False,0.0,False,,0,0.0,,0.918,pass,1.336
7362,ok,10.0,False,10.0,10.0,666,False,0.0,False,,0,0.0,,1.292,pass,1.93
7363,ok,10.0,False,10.0,6.0,398,False,0.0,False,,0,0.0,10.0,0.378,pass,0.536
7365,ok,10.0,False,10.0,6.0,494,False,0.0,False,,0,0.0,10.0,0.604,pass,0.733
7367,capped,1000.0,True,1000.0,8.0,88366,False,0.0,False,,0,0.0,,0.223,pass,0.307
7372,ok,0.0,False,0.0,7.0,77,False,0.0,False,G256,0,,,0.189,pass,0.261
7376,ok,10.0,False,10.0,11.0,677,False,0.0,False,,0,0.0,,0.815,pass,1.211
7382,ok,54.0,False,54.0,8.0,6444,False,0.0,False,,0,0.0,,0.123,pass,0.173
7384,ok,10.0,False,10.0,7.0,532,False,0.0,False,,0,0.0,,0.217,pass,0.324
7385,ok,10.0,False,10.0,5.0,520,False,0.0,False,,0,0.0,10.0,0.535,pass,0.695
7386,ok,20.0,False,20.0,9.0,1583,False,0.0,False,,0,0.0,20.0,0.292,pass,0.442
7388,capped,1000.0,True,1000.0,8.0,109177,False,0.0,False,,0,0.0,,0.376,pass,0.487
7389,ok,20.0,False,20.0,10.0,1152,False,0.0,False,,0,0.0,20.0,0.699,pass,0.882
7390,ok,10.0,False,10.0,10.0,1277,False,0.0,False,,0,0.0,,1.117,pass,1.518
7394,ok,19.0,False,19.0,7.0,1300,False,1.0,False,,0,0.0,,0.139,pass,0.214
7401,ok,22.0,False,22.0,10.0,2634,False,0.0,False,,0,0.0,,0.419,pass,0.63
7404,ok,10.0,False,10.0,9.0,950,False,0.0,False,,0,0.0,,0.471,pass,0.678
7407,ok,25.0,False,25.0,9.0,1725,False,0.0,False,,0,0.0,,4.937,pass,5.841
7410,ok,10.0,False,10.0,9.0,701,False,0.0,False,,0,0.0,10.0,21.311,timeout 15 s,15.263
7412,ok,3.0,False,3.0,11.0,492,False,0.0,False,,0,0.0,,1.672,pass,2.598
7413,capped,1000.0,True,1000.0,13.0,47049,False,0.0,False,,0,0.0,,1.322,pass,1.866
7415,capped,1000.0,True,1000.0,7.0,39195,False,0.0,False,,0,0.0,,1.453,pass,2.175
7417,ok,10.0,False,10.0,6.0,1241,False,0.0,False,,0,0.0,10.0,0.13,pass,0.195
7428,ok,0.0,False,0.0,6.0,83,False,0.0,False,,0,,10.0,0.109,pass,0.16
7429,capped,1000.0,True,1000.0,9.0,57781,False,0.0,False,,0,0.0,,1.625,pass,2.148
7434,ok,853.0,False,853.0,7.0,27951,False,0.0,False,,0,0.0,,0.186,pass,0.264
7442,ok,0.0,False,0.0,10.0,101,False,0.0,False,,0,,,0.068,pass,0.091
7447,ok,20.0,False,20.0,6.0,1570,False,0.0,False,,0,0.0,20.0,0.302,pass,0.425
7449,ok,100.0,False,100.0,9.0,11140,False,0.0,False,,0,0.0,,0.826,pass,1.222
7450,capped,1000.0,True,1000.0,10.0,119617,False,0.0,False,,0,0.0,,0.172,pass,0.271
7452,ok,537.0,False,537.0,9.0,46862,False,0.0,False,,0,0.0,,0.088,pass,0.122
7453,capped,1000.0,True,1000.0,4.0,17107,False,0.0,False,,0,0.0,,0.353,pass,0.506
7454,ok,10.0,False,10.0,8.0,1125,False,0.0,False,,0,0.0,,0.21,pass,0.296
7458,ok,10.0,False,10.0,10.0,811,False,0.0,False,,0,0.0,,1.148,pass,1.629
7459,ok,0.0,False,0.0,6.0,58,False,0.0,False,,0,,10.0,0.117,pass,0.167
7462,ok,43.0,False,43.0,7.0,2851,False,0.0,False,,0,0.0,,0.678,pass,0.986
7466,ok,10.0,False,10.0,7.0,427,False,0.0,False,,0,0.0,10.0,0.649,pass,0.779
7469,ok,10.0,False,10.0,10.0,919,False,0.0,False,,0,0.0,,0.825,pass,1.122
7472,ok,20.0,False,20.0,7.0,1683,False,0.0,False,,0,0.0,,0.177,pass,0.251
7474,ok,1.0,False,1.0,9.0,177,False,0.0,False,,0,0.0,,0.24,pass,0.343
7475,ok,853.0,False,853.0,10.0,33827,False,0.0,False,,0,0.0,,0.512,pass,0.746
7479,ok,426.0,False,426.0,9.0,50787,False,0.0,False,,0,0.0,10.0,1.411,pass,2.009
7483,capped,1000.0,True,1000.0,11.0,126529,False,0.0,False,,0,0.0,,0.469,pass,0.717
7485,ok,10.0,False,10.0,7.0,1509,False,0.0,False,,0,0.0,10.0,10.388,timeout 15 s,15.068
7491,ok,20.0,False,20.0,12.0,1986,False,0.0,False,,0,0.0,,0.641,pass,0.928
7492,capped,1000.0,True,1000.0,6.0,40576,False,0.0,False,,0,0.0,,0.131,pass,0.215
7497,ok,10.0,False,10.0,10.0,1766,False,0.0,False,,0,0.0,,1.174,pass,1.718
7498,ok,32.0,False,32.0,7.0,2899,False,14.0,False,,0,0.0,,1.907,pass,2.705
7499,ok,20.0,False,20.0,7.0,1299,False,0.0,False,,0,0.0,20.0,1.059,pass,1.421
7501,ok,10.0,False,10.0,8.0,820,False,0.0,False,,0,0.0,,0.39,pass,0.601
7504,ok,10.0,False,10.0,7.0,1201,False,0.0,False,,0,0.0,10.0,1.042,pass,1.513
7506,ok,11.0,False,11.0,15.0,1078,False,0.0,False,,0,0.0,,0.347,pass,0.508
7516,capped,1000.0,True,1000.0,11.0,129339,False,0.0,False,,0,0.0,,0.735,pass,1.002
7519,capped,22.0,True,22.0,11.0,77501,True,0.0,False,,0,0.0,50.0,0.283,pass,0.426
7522,ok,10.0,False,10.0,7.0,1471,False,0.0,False,,0,0.0,,1.014,pass,1.4
7523,ok,10.0,False,10.0,10.0,630,False,0.0,False,,0,0.0,,1.522,pass,2.22
7524,ok,10.0,False,10.0,12.0,486,False,0.0,False,,0,0.0,10.0,0.462,pass,0.637
7525,ok,565.0,False,565.0,9.0,65847,False,0.0,False,,0,0.0,,0.204,pass,0.287
7535,ok,50.0,False,50.0,13.0,3566,False,0.0,False,,0,0.0,50.0,0.46,pass,0.644
7538,ok,0.0,False,0.0,8.0,96,False,0.0,False,,0,,50.0,0.162,pass,0.239
7542,ok,10.0,False,10.0,7.0,1063,False,0.0,False,,0,0.0,10.0,1.84,pass,2.897
7545,ok,3.0,False,3.0,9.0,634,False,0.0,False,,0,0.0,,2.874,pass,3.643
7546,ok,10.0,False,10.0,9.0,664,False,0.0,False,,0,0.0,10.0,0.46,pass,0.68
7549,ok,34.0,False,34.0,6.0,4591,False,16.0,False,,0,0.0,10.0,0.537,pass,0.77
7551,ok,10.0,False,10.0,6.0,1217,False,0.0,False,,0,0.0,10.0,0.167,pass,0.25
7552,ok,10.0,False,10.0,9.0,1021,False,0.0,False,,0,0.0,,0.857,pass,1.256
7553,ok,100.0,False,100.0,10.0,11571,False,0.0,False,,0,0.0,,1.273,pass,1.709
7555,ok,50.0,False,50.0,11.0,6368,False,0.0,False,,0,0.0,50.0,16.577,timeout 15 s,15.075
7559,ok,10.0,False,10.0,10.0,705,False,0.0,False,,0,0.0,,0.143,pass,0.206
7560,ok,10.0,False,10.0,11.0,1012,False,0.0,False,,0,0.0,10.0,1.615,pass,1.946
7561,ok,10.0,False,10.0,9.0,3029,False,0.0,False,,0,0.0,,0.259,pass,0.268
7562,ok,10.0,False,10.0,10.0,647,False,0.0,False,,0,0.0,10.0,1.1,pass,1.384
7563,ok,10.0,False,10.0,8.0,1158,False,0.0,False,,0,0.0,10.0,0.509,pass,0.688
7565,capped,1000.0,True,1000.0,14.0,54665,False,0.0,False,,0,0.0,,1.084,pass,1.61
7566,ok,10.0,False,10.0,11.0,645,False,0.0,False,,0,0.0,,0.883,pass,1.261
7567,ok,10.0,False,10.0,12.0,1666,False,0.0,False,,0,0.0,10.0,1.344,pass,1.911
7570,ok,20.0,False,20.0,8.0,1536,False,0.0,False,,0,0.0,,0.193,pass,0.273
7572,ok,50.0,False,50.0,11.0,6200,False,14.0,False,,0,0.0,,1.334,pass,1.913
7575,ok,0.0,False,0.0,7.0,75,False,0.0,False,,0,,10.0,0.39,pass,0.564
7576,ok,0.0,False,0.0,13.0,138,False,0.0,False,,0,,10.0,25.7,timeout 15 s,15.216
7580,ok,10.0,False,10.0,12.0,757,False,0.0,False,,0,0.0,10.0,1.677,pass,2.426
7583,capped,1000.0,True,1000.0,4.0,15223,False,0.0,False,,0,0.0,,0.136,pass,0.198
7587,ok,10.0,False,10.0,6.0,482,False,0.0,False,,0,0.0,10.0,0.075,pass,0.097
7588,ok,10.0,False,10.0,9.0,1208,False,0.0,False,,0,0.0,10.0,0.659,pass,0.905
7591,ok,10.0,False,10.0,8.0,530,False,0.0,False,,0,0.0,,0.724,pass,1.096
7592,ok,100.0,False,100.0,10.0,12232,False,0.0,False,,0,0.0,100.0,0.447,pass,0.639
7593,ok,100.0,False,100.0,10.0,4781,False,0.0,False,,0,0.0,100.0,0.739,pass,0.96
7595,ok,22.0,False,22.0,8.0,1966,False,0.0,False,,0,0.0,,0.112,pass,0.171
7597,ok,2.0,False,2.0,7.0,338,False,0.0,False,,0,0.0,,0.833,pass,1.216
7599,ok,17.0,False,17.0,10.0,1930,False,0.0,False,,0,0.0,,0.12,pass,0.159
7604,ok,10.0,False,10.0,7.0,545,False,0.0,False,,0,0.0,,0.653,pass,0.974
7605,ok,10.0,False,10.0,9.0,1025,False,0.0,False,,0,0.0,,1.202,pass,1.679
7609,ok,50.0,False,50.0,12.0,3979,False,0.0,False,,0,0.0,50.0,1.019,pass,1.405
7611,ok,0.0,False,0.0,11.0,148,False,0.0,False,,0,,10.0,20.03,timeout 15 s,15.176
7612,ok,50.0,False,50.0,16.0,3779,False,0.0,False,,0,0.0,50.0,0.749,pass,1.081
7613,ok,10.0,False,10.0,12.0,732,False,0.0,False,,0,0.0,10.0,0.7,pass,0.902
7614,ok,1.0,False,1.0,10.0,172,False,0.0,False,,0,0.0,,0.124,pass,0.219
7621,ok,10.0,False,10.0,8.0,766,False,0.0,False,,0,0.0,,1.438,pass,2.103
7623,ok,0.0,False,0.0,9.0,103,False,0.0,False,,0,,,0.106,pass,0.156
7624,ok,22.0,False,22.0,9.0,1935,False,1.0,False,,0,0.0,,0.156,pass,0.227
7626,ok,10.0,False,10.0,9.0,489,False,0.0,False,,0,0.0,,1.231,pass,1.767
7629,ok,10.0,False,10.0,8.0,541,False,0.0,False,,0,0.0,10.0,1.428,pass,2.029
7631,capped,1000.0,True,1000.0,8.0,135035,False,123.0,False,,0,0.0,,0.402,pass,0.539
7633,ok,10.0,False,10.0,7.0,505,False,0.0,False,G254,0,1.0,,1.438,pass,1.969
7634,ok,10.0,False,10.0,7.0,428,False,0.0,False,,0,0.0,,1.401,pass,1.838
7637,ok,0.0,False,0.0,10.0,151,False,0.0,False,,0,,,26.964,timeout 15 s,15.257
7638,capped,1000.0,True,1000.0,11.0,30769,False,0.0,False,,0,0.0,,22.23,timeout 15 s,15.246
7639,ok,10.0,False,10.0,11.0,1081,False,0.0,False,,0,0.0,,5.856,pass,8.107
7642,ok,20.0,False,20.0,12.0,2704,False,0.0,False,,0,0.0,,1.065,pass,1.592
7643,capped,1000.0,True,1000.0,15.0,144723,False,0.0,False,,0,0.0,,0.434,pass,0.634
7647,ok,50.0,False,50.0,10.0,5738,False,0.0,False,,0,0.0,50.0,0.72,pass,1.059
7649,ok,10.0,False,10.0,11.0,874,False,0.0,False,,0,0.0,,0.225,pass,0.345
7654,capped,1000.0,True,1000.0,11.0,103286,False,0.0,False,,0,0.0,,1.361,pass,2.023
7660,ok,10.0,False,10.0,11.0,706,False,0.0,False,,0,0.0,10.0,0.786,pass,1.026
7664,ok,100.0,False,100.0,12.0,14129,False,0.0,False,,0,0.0,100.0,0.955,pass,1.216
7667,ok,100.0,False,100.0,12.0,9117,False,0.0,False,,0,0.0,100.0,3.239,pass,4.679
7668,ok,12.0,False,12.0,8.0,917,False,0.0,False,,0,0.0,,0.093,pass,0.136
7669,ok,10.0,False,10.0,12.0,931,False,0.0,False,,0,0.0,10.0,0.564,pass,0.821
7673,ok,50.0,False,50.0,12.0,3043,False,0.0,False,,0,0.0,50.0,1.586,pass,2.319
7679,ok,10.0,False,10.0,6.0,409,False,0.0,False,,0,0.0,10.0,0.454,pass,0.662
7681,ok,38.0,False,38.0,11.0,2941,False,0.0,False,,0,0.0,,0.557,pass,0.752
7685,ok,0.0,False,0.0,9.0,122,False,0.0,False,,0,,,0.654,pass,0.864
7694,ok,50.0,False,50.0,16.0,6226,False,0.0,False,,0,0.0,50.0,2.894,pass,4.131
7695,ok,10.0,False,10.0,8.0,1265,False,0.0,False,,0,0.0,,0.27,pass,0.34
7697,ok,150.0,False,150.0,9.0,4847,False,0.0,False,,0,0.0,,0.543,pass,0.703
7700,capped,1000.0,True,1000.0,13.0,72115,False,0.0,False,,0,0.0,,1.574,pass,2.315
7701,ok,0.0,False,0.0,4.0,71,False,0.0,False,,0,,10.0,0.186,pass,0.253
7706,ok,22.0,False,22.0,8.0,2032,False,0.0,False,,0,0.0,,0.11,pass,0.17
7707,ok,20.0,False,20.0,8.0,786,False,10.0,False,,0,0.0,,1.668,pass,2.38
7717,ok,0.0,False,0.0,5.0,80,False,0.0,False,,0,,10.0,0.457,pass,0.582
7719,ok,50.0,False,50.0,9.0,4681,False,0.0,False,,0,0.0,,0.702,pass,0.99
7720,ok,11.0,False,11.0,9.0,724,False,0.0,False,,0,0.0,,0.11,pass,0.173
7721,ok,22.0,False,22.0,11.0,2384,False,0.0,False,,0,0.0,,0.263,pass,0.384
7723,ok,50.0,False,50.0,11.0,3698,False,0.0,False,,0,0.0,50.0,0.587,pass,0.788
7724,ok,10.0,False,10.0,9.0,884,False,0.0,False,,0,0.0,,1.649,pass,1.889
7725,ok,100.0,False,100.0,12.0,12556,False,0.0,False,,0,0.0,100.0,0.705,pass,1.037
7727,ok,1.0,False,1.0,12.0,294,False,0.0,False,,0,0.0,,0.672,pass,0.951
7739,ok,20.0,False,20.0,14.0,2349,False,0.0,False,,0,0.0,,0.627,pass,0.908
7740,capped,1000.0,True,1000.0,8.0,116225,False,0.0,False,,0,0.0,,0.303,pass,0.315
7747,ok,0.0,False,0.0,10.0,116,False,0.0,False,,0,,10.0,4.71,pass,7.279
7749,ok,0.0,False,0.0,8.0,92,False,0.0,False,,0,,,0.919,pass,1.339
7750,ok,22.0,False,22.0,8.0,2073,False,1.0,False,,0,0.0,,0.116,pass,0.179
7752,ok,12.0,False,12.0,12.0,1519,False,0.0,False,,0,0.0,,0.499,pass,0.79
7756,capped,1000.0,True,1000.0,10.0,144160,False,107.0,False,,0,0.0,,5.45,pass,8.374
7757,ok,12.0,False,12.0,8.0,1121,False,0.0,False,,0,0.0,,0.166,pass,0.169
7758,ok,77.0,False,77.0,6.0,6757,False,36.0,False,,0,0.0,,0.975,pass,1.413
7759,ok,20.0,False,20.0,7.0,1320,False,0.0,False,,0,0.0,,0.132,pass,0.231
7762,ok,100.0,False,100.0,8.0,6137,False,0.0,False,,0,0.0,100.0,12.092,timeout 15 s,15.069
7766,ok,9.0,False,9.0,9.0,1204,False,0.0,False,,0,0.0,,0.094,pass,0.136
7769,ok,10.0,False,10.0,9.0,576,False,0.0,False,,0,0.0,10.0,0.96,pass,1.279
7771,ok,70.0,False,70.0,7.0,7236,False,16.0,False,,0,0.0,,1.045,pass,1.509
7776,ok,0.0,False,0.0,10.0,121,False,0.0,False,,0,,,0.177,pass,0.254
7784,ok,0.0,False,0.0,12.0,128,False,0.0,False,,0,,,0.122,pass,0.187
7785,ok,10.0,False,10.0,10.0,877,False,0.0,False,,0,0.0,,0.442,pass,0.654
7786,ok,0.0,False,0.0,6.0,66,False,0.0,False,,0,,,0.177,pass,0.252
7788,ok,10.0,False,10.0,9.0,2827,False,0.0,False,,0,0.0,,0.406,pass,0.596
7793,ok,0.0,False,0.0,12.0,126,False,0.0,False,,0,,,4.516,pass,7.028
7798,ok,10.0,False,10.0,11.0,979,False,0.0,False,,0,0.0,10.0,0.897,pass,1.31
7803,ok,50.0,False,50.0,9.0,6836,False,0.0,False,,0,0.0,50.0,0.78,pass,1.13
7804,ok,0.0,False,0.0,11.0,117,False,0.0,False,,0,,,0.138,pass,0.251
7806,ok,0.0,False,0.0,9.0,117,False,0.0,False,,0,,,0.717,pass,1.022
7808,ok,10.0,False,10.0,6.0,480,False,0.0,False,,0,0.0,10.0,0.227,pass,0.237
7811,ok,50.0,False,50.0,9.0,2004,False,0.0,False,,0,0.0,50.0,2.116,pass,3.264
7812,ok,14.0,False,14.0,9.0,1177,False,2.0,False,,0,0.0,,3.712,pass,3.947
7814,ok,22.0,False,22.0,7.0,1526,False,0.0,False,,0,0.0,,0.247,pass,0.288
7815,ok,10.0,False,10.0,5.0,255,False,0.0,False,,0,0.0,10.0,0.301,pass,0.43
7821,ok,10.0,False,10.0,6.0,880,False,0.0,False,,0,0.0,10.0,5.145,pass,7.902
7823,ok,10.0,False,10.0,7.0,716,False,0.0,False,,0,0.0,,0.152,pass,0.217
7824,ok,10.0,False,10.0,7.0,519,False,0.0,False,,0,0.0,10.0,1.851,pass,2.282
7826,ok,64.0,False,64.0,7.0,5505,False,16.0,False,,0,0.0,1.0,1.197,pass,1.745
7827,ok,10.0,False,10.0,3.0,263,False,0.0,False,,0,0.0,10.0,0.487,pass,0.611
7828,ok,10.0,False,10.0,8.0,1022,False,0.0,False,,0,0.0,,0.166,pass,0.224
7829,ok,29.0,False,29.0,9.0,1737,False,0.0,False,,0,0.0,,1.279,pass,1.934
7830,ok,50.0,False,50.0,10.0,2915,False,0.0,False,,0,0.0,50.0,0.781,pass,1.02
7833,capped,1000.0,True,1000.0,11.0,32657,False,0.0,False,,0,0.0,,0.577,pass,0.752
7835,ok,10.0,False,10.0,9.0,475,False,0.0,False,,0,0.0,,0.139,pass,0.253
7836,ok,50.0,False,50.0,8.0,3819,False,0.0,False,,0,0.0,50.0,0.592,pass,0.871
7838,ok,10.0,False,10.0,8.0,1286,False,0.0,False,,0,0.0,10.0,0.102,pass,0.15
7840,ok,10.0,False,10.0,12.0,740,False,0.0,False,,0,0.0,,1.355,pass,1.983
7845,ok,91.0,False,91.0,8.0,3513,False,6.0,False,,0,0.0,,0.248,pass,0.376
7847,capped,1000.0,True,1000.0,8.0,111094,False,0.0,False,,0,0.0,,0.436,pass,0.656
7849,ok,12.0,False,12.0,10.0,700,False,0.0,False,,0,0.0,,1.47,pass,2.023
7852,ok,39.0,False,39.0,6.0,1448,False,15.0,False,,0,0.0,,0.194,pass,0.287
7861,ok,100.0,False,100.0,9.0,5303,False,0.0,False,,0,0.0,100.0,1.058,pass,1.367
7864,ok,10.0,False,10.0,8.0,538,False,0.0,False,,0,0.0,,1.382,pass,2.017
7866,ok,5.0,False,5.0,10.0,813,False,0.0,False,,0,0.0,,0.501,pass,0.643
7869,capped,1000.0,True,1000.0,8.0,55485,False,100.0,False,,0,0.0,,1.173,pass,1.817
7872,ok,10.0,False,10.0,12.0,734,False,0.0,False,,0,0.0,10.0,0.765,pass,1.021
7873,ok,10.0,False,10.0,8.0,643,False,0.0,False,,0,0.0,10.0,0.407,pass,0.475
7875,ok,0.0,False,0.0,8.0,81,False,0.0,False,,0,,1.0,0.062,pass,0.084
7876,ok,853.0,False,853.0,16.0,50942,False,0.0,False,,0,0.0,,0.716,pass,1.097
7877,ok,100.0,False,100.0,12.0,7632,False,0.0,False,,0,0.0,100.0,0.712,pass,0.929
7878,ok,10.0,False,10.0,7.0,515,False,0.0,False,,0,0.0,,0.857,pass,1.213
7881,ok,10.0,False,10.0,9.0,1280,False,0.0,False,,0,0.0,,0.155,pass,0.244
7884,ok,12.0,False,12.0,11.0,1147,False,0.0,False,,0,0.0,,0.146,pass,0.235
7890,capped,1000.0,True,1000.0,11.0,63911,False,0.0,False,,0,0.0,,1.134,pass,1.722
7891,ok,10.0,False,10.0,8.0,1188,False,0.0,False,,0,0.0,,0.174,pass,0.266
7894,ok,10.0,False,10.0,5.0,453,False,0.0,False,,0,0.0,10.0,1.17,pass,1.7
7896,ok,10.0,False,10.0,7.0,565,False,0.0,False,,0,0.0,,27.024,timeout 15 s,15.216
7898,ok,36.0,False,36.0,6.0,3530,False,0.0,False,,0,0.0,,0.322,pass,0.484
7900,ok,10.0,False,10.0,9.0,963,False,0.0,False,,0,0.0,,0.092,pass,0.136
7902,capped,1000.0,True,1000.0,12.0,54766,False,0.0,False,,0,0.0,,0.826,pass,1.099
7903,ok,10.0,False,10.0,8.0,637,False,0.0,False,,0,0.0,10.0,0.668,pass,0.886
7905,ok,10.0,False,10.0,10.0,736,False,0.0,False,,0,0.0,,0.464,pass,0.728
7906,ok,100.0,False,100.0,10.0,5328,False,0.0,False,,0,0.0,100.0,0.975,pass,1.422
7912,capped,1000.0,True,1000.0,7.0,109985,False,0.0,False,,0,0.0,5.0,0.241,pass,0.351
7913,ok,134.0,False,134.0,8.0,7158,False,0.0,False,,0,0.0,,6.853,pass,9.96
7915,ok,10.0,False,10.0,9.0,875,False,0.0,False,,0,0.0,10.0,0.181,pass,0.265
7921,ok,20.0,False,20.0,9.0,1268,False,0.0,False,,0,0.0,,0.144,pass,0.229
7923,ok,10.0,False,10.0,8.0,548,False,0.0,False,,0,0.0,10.0,0.949,pass,1.36
7924,ok,0.0,False,0.0,11.0,119,False,0.0,False,,0,,,0.093,pass,0.137
7925,ok,10.0,False,10.0,7.0,1316,False,0.0,False,,0,0.0,,1.302,pass,1.768
7926,ok,10.0,False,10.0,8.0,1117,False,0.0,False,,0,0.0,,0.881,pass,1.212
7930,ok,10.0,False,10.0,10.0,786,False,0.0,False,,0,0.0,,0.397,pass,0.583
7934,capped,1000.0,True,1000.0,8.0,58036,False,0.0,False,,0,0.0,,0.145,pass,0.208
7937,ok,0.0,False,0.0,6.0,73,False,0.0,False,,0,,,0.065,pass,0.088
7939,ok,100.0,False,100.0,14.0,7145,False,0.0,False,,0,0.0,,1.163,pass,1.665
7940,ok,100.0,False,100.0,13.0,7898,False,0.0,False,,0,0.0,100.0,0.568,pass,0.829
7944,ok,50.0,False,50.0,9.0,3150,False,0.0,False,,0,0.0,50.0,18.802,timeout 15 s,15.062
7946,ok,100.0,False,100.0,13.0,5991,False,0.0,False,,0,0.0,100.0,1.734,pass,2.479
7948,ok,10.0,False,10.0,10.0,782,False,0.0,False,,0,0.0,,1.21,pass,1.643
7949,ok,50.0,False,50.0,10.0,3623,False,0.0,False,,0,0.0,50.0,25.154,timeout 15 s,15.198
7951,capped,1000.0,True,1000.0,6.0,21828,False,837.0,False,,0,0.0,,1.524,pass,2.212
7952,capped,1000.0,True,1000.0,13.0,41438,False,0.0,False,,0,0.0,,0.624,pass,0.901
7954,capped,1000.0,True,1000.0,12.0,120676,False,0.0,False,,0,0.0,10.0,12.262,timeout 15 s,15.25
7956,capped,1000.0,True,1000.0,12.0,87269,False,0.0,False,,0,0.0,,2.987,pass,4.557
7958,ok,9.0,False,9.0,7.0,541,False,0.0,False,,0,0.0,10.0,0.1,pass,0.14
7960,ok,28.0,False,28.0,9.0,1980,False,0.0,False,,0,0.0,,0.16,pass,0.229
7963,capped,1000.0,True,1000.0,9.0,61388,False,0.0,False,,0,0.0,,7.021,pass,10.342
7966,ok,56.0,False,56.0,9.0,9445,False,28.0,False,,0,0.0,,1.711,pass,2.449
7969,capped,1000.0,True,1000.0,8.0,44106,False,0.0,False,,0,0.0,,1.362,pass,2.136
7970,capped,1000.0,True,1000.0,11.0,53028,False,0.0,False,,0,0.0,,1.072,pass,1.43
7972,ok,10.0,False,10.0,9.0,778,False,0.0,False,,0,0.0,,1.519,pass,2.217
7977,ok,10.0,False,10.0,9.0,727,False,0.0,False,,0,0.0,,10.247,timeout 15 s,15.101
7979,ok,36.0,False,36.0,7.0,2586,False,0.0,False,,0,0.0,,0.283,pass,0.416
7985,ok,38.0,False,38.0,9.0,2580,False,7.0,False,,0,0.0,,0.16,pass,0.254
7986,ok,234.0,False,234.0,7.0,27389,False,0.0,False,,0,0.0,,0.129,pass,0.221
7991,ok,10.0,False,10.0,7.0,542,False,0.0,False,,0,0.0,,1.844,pass,2.603
7994,ok,0.0,False,0.0,11.0,159,False,0.0,False,,0,,,2.305,pass,3.265
8000,ok,10.0,False,10.0,7.0,300,False,0.0,False,,0,0.0,,0.149,pass,0.213
8001,ok,42.0,False,42.0,8.0,2747,False,34.0,False,,0,0.0,,2.171,pass,3.148
8002,ok,853.0,False,853.0,13.0,40631,False,0.0,False,,0,0.0,,0.722,pass,1.041
8003,ok,10.0,False,10.0,6.0,643,False,0.0,False,,0,0.0,,0.572,pass,0.846
8008,ok,80.0,False,80.0,7.0,3600,False,0.0,False,,0,0.0,,5.86,pass,6.421
8009,ok,0.0,False,0.0,8.0,106,False,0.0,False,,0,,,1.228,pass,1.876
8010,ok,22.0,False,22.0,9.0,1994,False,0.0,False,,0,0.0,,1.682,pass,2.451
8011,ok,10.0,False,10.0,11.0,651,False,0.0,False,,0,0.0,10.0,0.625,pass,0.819
8017,ok,0.0,False,0.0,9.0,104,False,0.0,False,,0,,10.0,8.123,pass,12.147
8018,ok,2.0,False,2.0,6.0,216,False,0.0,False,,0,0.0,,2.096,pass,3.022
8019,ok,0.0,False,0.0,9.0,87,False,0.0,False,,0,,10.0,0.67,pass,0.955
8020,ok,50.0,False,50.0,11.0,2309,False,0.0,False,,0,0.0,50.0,0.604,pass,0.822
8021,capped,1000.0,True,1000.0,8.0,109432,False,0.0,False,,0,0.0,,0.59,pass,0.856
8025,ok,2.0,False,2.0,4.0,133,False,0.0,False,,0,0.0,,0.114,pass,0.155
8026,ok,100.0,False,100.0,10.0,5196,False,0.0,False,,0,0.0,100.0,5.318,pass,8.198
8028,ok,550.0,False,550.0,4.0,8934,False,450.0,False,,0,0.0,5.0,9.406,pass,14.494
8035,ok,100.0,False,100.0,15.0,9877,False,0.0,False,,0,0.0,100.0,9.241,pass,9.651
8041,ok,2.0,False,2.0,10.0,273,False,0.0,False,,0,0.0,,0.636,pass,0.833
8042,ok,74.0,False,74.0,8.0,8550,False,0.0,False,,0,0.0,10.0,1.27,pass,1.81
8049,ok,100.0,False,100.0,10.0,5659,False,0.0,False,,0,0.0,,13.917,timeout 15 s,15.236
8050,ok,100.0,False,100.0,10.0,5380,False,0.0,False,,0,0.0,100.0,1.553,pass,2.271
8056,ok,10.0,False,10.0,7.0,658,False,0.0,False,,0,0.0,,0.675,pass,0.849
8060,ok,13.0,False,13.0,10.0,1008,False,1.0,False,,0,0.0,,0.11,pass,0.165
8067,ok,10.0,False,10.0,15.0,2221,False,0.0,False,,0,0.0,10.0,0.22,pass,0.372
8068,ok,10.0,False,10.0,8.0,726,False,0.0,False,,0,0.0,,0.698,pass,1.036
8069,ok,12.0,False,12.0,9.0,871,False,0.0,False,,0,0.0,,0.335,pass,0.441
8072,capped,1000.0,True,1000.0,14.0,71767,False,0.0,False,,0,0.0,,1.963,pass,2.527
8074,ok,8.0,False,8.0,8.0,654,False,0.0,False,,0,0.0,,0.144,pass,0.24
8075,capped,1000.0,True,1000.0,8.0,73995,False,0.0,False,,0,0.0,,0.893,pass,1.149
8076,ok,20.0,False,20.0,9.0,1623,False,0.0,False,,0,0.0,,0.213,pass,0.293
8077,ok,0.0,False,0.0,7.0,91,False,0.0,False,,0,,,0.095,pass,0.139
8079,ok,10.0,False,10.0,9.0,922,False,0.0,False,,0,0.0,10.0,0.842,pass,1.076
8081,ok,10.0,False,10.0,7.0,339,False,0.0,False,,0,0.0,,1.311,pass,1.905
8082,ok,10.0,False,10.0,9.0,606,False,0.0,False,,0,0.0,,0.991,pass,1.439
8084,ok,20.0,False,20.0,8.0,876,False,0.0,False,,0,0.0,20.0,0.737,pass,1.004
8086,capped,1000.0,True,1000.0,8.0,50515,False,0.0,False,,0,0.0,10.0,6.609,pass,9.591
8087,ok,12.0,False,12.0,9.0,1153,False,0.0,False,,0,0.0,,0.113,pass,0.164
8088,ok,10.0,False,10.0,6.0,526,False,0.0,False,,0,0.0,10.0,0.263,pass,0.395
8098,ok,20.0,False,20.0,8.0,1085,False,0.0,False,,0,0.0,,2.659,pass,3.728
8099,ok,20.0,False,20.0,8.0,972,False,0.0,False,,0,0.0,,0.428,pass,0.641
8100,capped,1000.0,True,1000.0,5.0,21986,False,0.0,False,,0,0.0,,0.581,pass,0.81
8104,ok,91.0,False,91.0,9.0,8356,False,1.0,False,,0,0.0,,0.434,pass,0.603
8106,capped,1000.0,True,1000.0,8.0,26050,False,0.0,False,,0,0.0,,2.131,pass,3.145
8107,ok,10.0,False,10.0,9.0,509,False,0.0,False,,0,0.0,10.0,12.723,timeout 15 s,15.176
8110,ok,9.0,False,9.0,8.0,366,False,0.0,False,,0,0.0,,0.172,pass,0.262
8111,ok,0.0,False,0.0,8.0,82,False,0.0,False,,0,,,0.123,pass,0.2
8112,ok,50.0,False,50.0,11.0,2915,False,0.0,False,,0,0.0,50.0,1.276,pass,1.895
8113,ok,10.0,False,10.0,6.0,578,False,0.0,False,,0,0.0,,0.094,pass,0.129
8115,capped,1000.0,True,1000.0,10.0,113016,False,0.0,False,,0,0.0,,2.799,pass,4.545
8117,ok,10.0,False,10.0,11.0,1395,False,0.0,False,,0,0.0,,0.228,pass,0.311
8118,ok,100.0,False,100.0,11.0,6639,False,0.0,False,,0,0.0,100.0,3.49,pass,4.931
8120,ok,50.0,False,50.0,10.0,6030,False,0.0,False,,0,0.0,50.0,1.532,pass,2.204
8123,ok,35.0,False,35.0,9.0,2623,False,0.0,False,,0,0.0,,0.791,pass,1.182
8124,ok,10.0,False,10.0,7.0,721,False,0.0,False,,0,0.0,10.0,0.368,pass,0.5
8126,ok,10.0,False,10.0,6.0,594,False,0.0,False,,0,0.0,,5.323,pass,8.099
8130,ok,50.0,False,50.0,10.0,2875,False,0.0,False,,0,0.0,50.0,0.559,pass,0.621
8131,ok,6.0,False,6.0,8.0,681,False,0.0,False,,0,0.0,,0.093,pass,0.121
8132,ok,36.0,False,36.0,6.0,1326,False,0.0,False,,0,0.0,,0.117,pass,0.156
8133,ok,35.0,False,35.0,6.0,2398,False,0.0,False,,0,0.0,,0.164,pass,0.232
8140,ok,100.0,False,100.0,14.0,10890,False,14.0,False,,0,0.0,100.0,1.593,pass,2.292
8142,capped,1000.0,True,1000.0,7.0,26815,False,0.0,False,,0,0.0,,0.857,pass,1.255
8145,ok,10.0,False,10.0,9.0,570,False,0.0,False,,0,0.0,10.0,0.371,pass,0.548
8147,ok,10.0,False,10.0,6.0,408,False,0.0,False,,0,0.0,,1.117,pass,1.65
8150,ok,2.0,False,2.0,9.0,216,False,0.0,False,,0,0.0,10.0,0.144,pass,0.215
8151,ok,10.0,False,10.0,12.0,758,False,0.0,False,,0,0.0,,1.713,pass,2.479
8154,ok,10.0,False,10.0,9.0,1441,False,0.0,False,,0,0.0,,3.53,pass,4.731
8156,ok,0.0,False,0.0,7.0,73,False,0.0,False,,0,,,0.158,pass,0.177
8160,capped,1000.0,True,1000.0,11.0,117101,False,0.0,False,,0,0.0,,0.419,pass,0.639
8161,ok,50.0,False,50.0,10.0,6170,False,0.0,False,,0,0.0,,0.885,pass,1.287
8164,ok,1.0,False,1.0,4.0,405,False,0.0,False,,0,0.0,1.0,0.073,pass,0.101
8173,ok,10.0,False,10.0,9.0,932,False,0.0,False,,0,0.0,50.0,0.139,pass,0.23
8175,ok,10.0,False,10.0,10.0,1288,False,0.0,False,,0,0.0,,0.117,pass,0.191
8176,ok,10.0,False,10.0,9.0,513,False,0.0,False,,0,0.0,,0.586,pass,0.888
8177,ok,0.0,False,0.0,12.0,154,False,0.0,False,,0,,,0.836,pass,1.273
8179,ok,10.0,False,10.0,10.0,1272,False,0.0,False,,0,0.0,,1.898,pass,2.545
8184,ok,25.0,False,25.0,7.0,2466,False,0.0,False,,0,0.0,,0.41,pass,0.568
8185,ok,10.0,False,10.0,9.0,1372,False,0.0,False,,0,0.0,,1.25,pass,1.829
8188,ok,10.0,False,10.0,7.0,574,False,0.0,False,,0,0.0,,0.934,pass,1.327
8203,ok,10.0,False,10.0,8.0,920,False,0.0,False,,0,0.0,,0.122,pass,0.215
8205,capped,1000.0,True,1000.0,7.0,64441,False,0.0,False,,0,0.0,,2.324,pass,3.352
8207,capped,1000.0,True,1000.0,7.0,51602,False,888.0,False,,0,0.0,,0.931,pass,1.368
8208,ok,0.0,False,0.0,10.0,128,False,0.0,False,,0,,,0.768,pass,1.141
8209,ok,50.0,False,50.0,9.0,2245,False,0.0,False,,0,0.0,50.0,0.621,pass,0.852
8214,ok,10.0,False,10.0,7.0,1139,False,0.0,False,,0,0.0,10.0,0.419,pass,0.609
8217,capped,1000.0,True,1000.0,10.0,44847,False,0.0,False,,0,0.0,,0.563,pass,0.86
8219,ok,29.0,False,29.0,9.0,2118,False,0.0,False,,0,0.0,,0.29,pass,0.434
8220,ok,10.0,False,10.0,10.0,591,False,0.0,False,,0,0.0,10.0,0.595,pass,0.831
8225,ok,10.0,False,10.0,8.0,505,False,0.0,False,,0,0.0,,0.945,pass,1.359
8229,ok,20.0,False,20.0,10.0,1602,False,0.0,False,,0,0.0,,0.098,pass,0.184
8231,ok,0.0,False,0.0,9.0,106,False,0.0,False,,0,,,0.162,pass,0.23
8232,ok,0.0,False,0.0,9.0,106,False,0.0,False,,0,,10.0,0.068,pass,0.094
8233,ok,10.0,False,10.0,12.0,1337,False,0.0,False,,0,0.0,10.0,2.028,pass,2.979
8235,ok,0.0,False,0.0,8.0,84,False,0.0,False,,0,,,0.154,pass,0.217
8239,ok,0.0,False,0.0,10.0,121,False,0.0,False,,0,,100.0,0.393,pass,0.572
8242,ok,100.0,False,100.0,12.0,6856,False,0.0,False,,0,0.0,100.0,0.326,pass,0.537
8247,ok,36.0,False,36.0,9.0,2121,False,0.0,False,,0,0.0,,0.137,pass,0.197
8248,ok,23.0,False,23.0,8.0,1874,False,0.0,False,,0,0.0,,0.276,pass,0.396
8253,ok,10.0,False,10.0,8.0,736,False,0.0,False,,0,0.0,,18.547,timeout 15 s,15.237
8256,ok,35.0,False,35.0,7.0,1791,False,0.0,False,,0,0.0,,0.13,pass,0.19
8261,ok,10.0,False,10.0,11.0,853,False,0.0,False,,0,0.0,10.0,0.247,pass,0.384
8263,ok,0.0,False,0.0,13.0,151,False,0.0,False,,0,,100.0,0.628,pass,0.841
8270,ok,10.0,False,10.0,8.0,726,False,0.0,False,,0,0.0,10.0,0.676,pass,1.011
8271,capped,1000.0,True,1000.0,9.0,85585,False,826.0,False,,0,0.0,,0.767,pass,1.071
8277,ok,853.0,False,853.0,13.0,49836,False,0.0,False,,0,0.0,,0.808,pass,1.011
8281,ok,10.0,False,10.0,12.0,921,False,0.0,False,,0,0.0,10.0,0.959,pass,1.217
8283,ok,10.0,False,10.0,10.0,874,False,0.0,False,,0,0.0,10.0,0.244,pass,0.342
8285,ok,0.0,False,0.0,6.0,82,False,0.0,False,,0,,,4.163,pass,6.502
8288,ok,9.0,False,9.0,9.0,504,False,0.0,False,,0,0.0,10.0,0.618,pass,0.716
8293,ok,0.0,False,0.0,8.0,107,False,0.0,False,,0,,,0.143,pass,0.204
8299,ok,0.0,False,0.0,8.0,92,False,0.0,False,,0,,,0.176,pass,0.251
8300,ok,1.0,False,1.0,8.0,232,False,0.0,False,,0,0.0,10.0,0.135,pass,0.188
8305,ok,0.0,False,0.0,7.0,95,False,0.0,False,,0,,,0.18,pass,0.261
8306,ok,10.0,False,10.0,10.0,913,False,0.0,False,,0,0.0,,0.286,pass,0.483
8307,ok,20.0,False,20.0,5.0,1158,False,0.0,False,,0,0.0,,1.771,pass,2.746
8309,ok,920.0,False,920.0,9.0,107205,False,0.0,False,,0,0.0,,1.031,pass,1.471
8310,ok,10.0,False,10.0,10.0,646,False,0.0,False,,0,1.0,10.0,0.867,pass,1.078
8317,capped,1000.0,True,1000.0,10.0,71100,False,999.0,True,,0,0.0,,3.426,pass,5.055
8323,ok,0.0,False,0.0,9.0,108,False,0.0,False,,0,,,0.112,pass,0.16
8324,ok,853.0,False,853.0,8.0,32490,False,0.0,False,,0,0.0,,0.484,pass,0.617
8326,ok,0.0,False,0.0,9.0,111,False,0.0,False,,0,,,0.956,pass,1.441
8329,ok,10.0,False,10.0,8.0,517,False,0.0,False,,0,0.0,,1.303,pass,1.904
8332,ok,10.0,False,10.0,11.0,1107,False,0.0,False,,0,0.0,10.0,0.24,pass,0.313
8333,capped,1000.0,True,1000.0,10.0,75035,False,716.0,False,,0,0.0,,0.216,pass,0.317
8340,ok,0.0,False,0.0,10.0,120,False,0.0,False,,0,,,0.463,pass,0.651
8342,ok,10.0,False,10.0,9.0,947,False,0.0,False,,0,0.0,10.0,0.867,pass,1.021
8345,ok,10.0,False,10.0,11.0,705,False,0.0,False,,0,0.0,10.0,0.782,pass,1.006
8346,ok,11.0,False,11.0,9.0,765,False,0.0,False,,0,0.0,,0.159,pass,0.225
8353,ok,20.0,False,20.0,9.0,1802,False,0.0,False,,0,0.0,,0.319,pass,0.467
8357,ok,76.0,False,76.0,11.0,7671,False,37.0,False,,0,0.0,,2.49,pass,3.687
8358,ok,10.0,False,10.0,9.0,1200,False,0.0,False,,0,0.0,,1.152,pass,1.67
8359,ok,15.0,False,15.0,5.0,473,False,0.0,False,,0,0.0,,23.454,timeout 15 s,15.241
8360,ok,0.0,False,0.0,14.0,154,False,0.0,False,,0,,,0.886,pass,1.239
8367,ok,10.0,False,10.0,8.0,876,False,0.0,False,,0,0.0,,0.221,pass,0.312
8370,ok,60.0,False,60.0,9.0,4960,False,0.0,False,,0,0.0,,1.224,pass,1.745
8372,ok,12.0,False,12.0,9.0,917,False,0.0,False,,0,0.0,,1.189,pass,1.472
8376,ok,36.0,False,36.0,6.0,1750,False,0.0,False,,0,0.0,,0.137,pass,0.241
8382,ok,4.0,False,4.0,10.0,508,False,0.0,False,,0,0.0,50.0,0.176,pass,0.238
8384,ok,10.0,False,10.0,8.0,910,False,0.0,False,,0,0.0,,0.444,pass,0.656
8386,ok,0.0,False,0.0,7.0,77,False,0.0,False,,0,,,0.835,pass,1.32
8387,ok,100.0,False,100.0,12.0,5813,False,0.0,False,,0,0.0,100.0,0.762,pass,0.998
8395,ok,560.0,False,560.0,11.0,49338,False,0.0,False,,0,0.0,,0.111,pass,0.201
8396,ok,0.0,False,0.0,13.0,138,False,0.0,False,,0,,,1.159,pass,1.573
8397,ok,50.0,False,50.0,9.0,4907,False,0.0,False,,0,0.0,50.0,0.443,pass,0.599
8398,ok,50.0,False,50.0,8.0,2246,False,0.0,False,,0,0.0,50.0,0.192,pass,0.253
8401,ok,0.0,False,0.0,10.0,121,False,0.0,False,,0,,,1.055,pass,1.519
8405,ok,10.0,False,10.0,10.0,1347,False,0.0,False,,0,0.0,,0.18,pass,0.256
8408,ok,50.0,False,50.0,12.0,3138,False,0.0,False,,0,0.0,50.0,0.514,pass,0.665
8411,ok,100.0,False,100.0,17.0,10320,False,0.0,False,,0,0.0,100.0,1.189,pass,1.65
8413,ok,0.0,False,0.0,6.0,77,False,0.0,False,,0,,,0.171,pass,0.248
8414,ok,12.0,False,12.0,9.0,1043,False,1.0,False,,0,0.0,,1.666,pass,2.351
8415,capped,1000.0,True,1000.0,9.0,118441,False,0.0,False,,0,0.0,,0.132,pass,0.203
8419,ok,12.0,False,12.0,8.0,1183,False,0.0,False,,0,0.0,,0.147,pass,0.229
8420,ok,9.0,False,9.0,7.0,389,False,0.0,False,,0,0.0,,0.136,pass,0.206
8422,ok,0.0,False,0.0,12.0,127,False,0.0,False,,0,,100.0,1.559,pass,2.237
8424,capped,1000.0,True,1000.0,11.0,42126,False,0.0,False,,0,0.0,,0.992,pass,1.329
8425,ok,0.0,False,0.0,10.0,131,False,0.0,False,,0,,,0.866,pass,1.259
8426,ok,10.0,False,10.0,8.0,1338,False,0.0,False,,0,0.0,,0.102,pass,0.147
8432,ok,12.0,False,12.0,10.0,1195,False,0.0,False,,0,0.0,,0.115,pass,0.196
8433,ok,10.0,False,10.0,14.0,890,False,0.0,False,,0,0.0,10.0,1.561,pass,2.293
8434,ok,10.0,False,10.0,9.0,1183,False,0.0,False,,0,0.0,,0.621,pass,0.902
8437,ok,90.0,False,90.0,11.0,7542,False,0.0,False,,0,0.0,,6.574,pass,12.764
8438,ok,50.0,False,50.0,8.0,5743,False,0.0,False,,0,0.0,50.0,2.144,pass,3.131
8442,ok,10.0,False,10.0,8.0,518,False,0.0,False,,0,0.0,,0.726,pass,1.032
8446,ok,100.0,False,100.0,11.0,10571,False,0.0,False,,0,0.0,,1.195,pass,1.583
8449,ok,20.0,False,20.0,9.0,1830,False,0.0,False,,0,0.0,,0.16,pass,0.247
8453,ok,35.0,False,35.0,13.0,2802,False,0.0,False,,0,0.0,,1.3,pass,1.812
8458,ok,0.0,False,0.0,8.0,89,False,0.0,False,,0,,10.0,0.117,pass,0.093
8459,ok,0.0,False,0.0,10.0,102,False,0.0,False,,0,,,0.731,pass,1.04
8467,ok,12.0,False,12.0,9.0,1071,False,0.0,False,,0,0.0,,0.385,pass,0.586
8468,ok,0.0,False,0.0,7.0,106,False,0.0,False,,0,,10.0,4.822,pass,7.488
8471,ok,50.0,False,50.0,9.0,4470,False,0.0,False,,0,0.0,5.0,0.891,pass,1.337
8473,ok,10.0,False,10.0,8.0,771,False,0.0,False,,0,0.0,,2.385,pass,3.556
8474,ok,28.0,False,28.0,8.0,2458,False,1.0,False,,0,0.0,,0.936,pass,1.275
8475,ok,22.0,False,22.0,10.0,1556,False,0.0,False,,0,0.0,,0.44,pass,0.648
8479,ok,10.0,False,10.0,11.0,1021,False,0.0,False,,0,0.0,,1.306,pass,1.885
8480,ok,20.0,False,20.0,8.0,1670,False,0.0,False,,0,0.0,,0.097,pass,0.13
8481,capped,1000.0,True,1000.0,9.0,47155,False,966.0,False,,0,0.0,,2.466,pass,3.632
8484,ok,10.0,False,10.0,9.0,1098,False,0.0,False,,0,0.0,,0.167,pass,0.241
8486,ok,677.0,False,677.0,8.0,22001,False,0.0,False,,0,0.0,,3.843,pass,5.814
8487,ok,100.0,False,100.0,10.0,7586,False,0.0,False,,0,0.0,100.0,0.767,pass,1.069
8491,ok,0.0,False,0.0,12.0,120,False,0.0,False,,0,,,0.686,pass,1.02
8495,ok,10.0,False,10.0,8.0,729,False,0.0,False,,0,0.0,,0.474,pass,0.606
8500,ok,10.0,False,10.0,9.0,529,False,0.0,False,,0,0.0,10.0,0.517,pass,0.654
8507,ok,50.0,False,50.0,11.0,2804,False,0.0,False,,0,0.0,50.0,0.748,pass,0.977
8510,ok,10.0,False,10.0,6.0,326,False,0.0,False,,0,0.0,,0.197,pass,0.287
8514,ok,10.0,False,10.0,6.0,741,False,0.0,False,,0,0.0,,0.161,pass,0.236
8516,ok,20.0,False,20.0,8.0,1349,False,0.0,False,,0,0.0,,0.293,pass,0.44
8519,ok,10.0,False,10.0,9.0,583,False,0.0,False,,0,0.0,,0.775,pass,1.114
8522,capped,1000.0,True,1000.0,11.0,77681,False,3.0,False,,0,0.0,,0.873,pass,1.315
8525,ok,50.0,False,50.0,9.0,5946,False,0.0,False,,0,0.0,50.0,0.111,pass,0.173
8526,capped,1000.0,True,1000.0,11.0,142538,False,0.0,False,,0,0.0,,0.825,pass,1.188
8528,ok,50.0,False,50.0,7.0,2399,False,0.0,False,,0,0.0,50.0,0.504,pass,0.708
8529,ok,0.0,False,0.0,13.0,147,False,0.0,False,,0,,,0.084,pass,0.121
8541,ok,10.0,False,10.0,10.0,1071,False,0.0,False,,0,0.0,,3.107,pass,3.31
8543,ok,10.0,False,10.0,10.0,686,False,0.0,False,,0,0.0,,12.448,timeout 15 s,15.284
8546,ok,10.0,False,10.0,11.0,663,False,0.0,False,,0,0.0,10.0,1.517,pass,1.911
8547,ok,10.0,False,10.0,10.0,1272,False,0.0,False,,0,0.0,,1.874,pass,2.673
8550,ok,68.0,False,68.0,9.0,7709,False,0.0,False,,0,0.0,,0.184,pass,0.249
8552,ok,10.0,False,10.0,8.0,539,False,0.0,False,,0,1.0,,1.348,pass,2.03
8560,ok,352.0,False,352.0,10.0,47106,False,92.0,False,,0,0.0,10.0,0.532,pass,0.769
8564,ok,20.0,False,20.0,10.0,1792,False,0.0,False,,0,0.0,,0.313,pass,0.428
8565,ok,10.0,False,10.0,10.0,739,False,0.0,False,,0,0.0,,0.143,pass,0.206
8566,capped,1000.0,True,1000.0,13.0,50910,False,0.0,False,,0,0.0,,1.648,pass,2.362
8567,ok,50.0,False,50.0,6.0,2818,False,0.0,False,,0,0.0,50.0,0.532,pass,0.735
8568,ok,35.0,False,35.0,9.0,2638,False,0.0,False,,0,0.0,,0.171,pass,0.254
8570,ok,10.0,False,10.0,11.0,1171,False,0.0,False,,0,0.0,10.0,0.343,pass,0.509
8571,ok,10.0,False,10.0,9.0,1547,False,0.0,False,,0,0.0,,1.51,pass,2.174
8572,ok,0.0,False,0.0,13.0,158,False,0.0,False,,0,,,0.285,pass,0.413
8573,ok,10.0,False,10.0,5.0,675,False,0.0,False,,0,0.0,10.0,2.345,pass,3.407
8580,ok,20.0,False,20.0,9.0,1270,False,0.0,False,,0,0.0,20.0,0.744,pass,1.097
8584,ok,10.0,False,10.0,10.0,840,False,0.0,False,,0,0.0,10.0,0.801,pass,1.066
8585,ok,10.0,False,10.0,11.0,1470,False,0.0,False,,0,0.0,,2.638,pass,3.816
8587,ok,74.0,False,74.0,7.0,8297,False,0.0,False,,0,0.0,10.0,0.706,pass,0.925
8589,ok,10.0,False,10.0,12.0,953,False,0.0,False,,0,0.0,10.0,1.149,pass,1.601
8595,ok,118.0,False,118.0,9.0,17126,False,0.0,False,,0,0.0,,0.182,pass,0.248
8601,capped,1000.0,True,1000.0,11.0,53029,False,0.0,False,,0,0.0,,3.245,pass,4.865
8602,ok,36.0,False,36.0,10.0,4445,False,0.0,False,,0,0.0,,0.14,pass,0.201
8616,ok,35.0,False,35.0,12.0,4047,False,0.0,False,,0,0.0,,0.314,pass,0.446
8617,ok,0.0,False,0.0,9.0,96,False,0.0,False,,0,,10.0,1.32,pass,1.968
8618,ok,10.0,False,10.0,11.0,1312,False,0.0,False,,0,0.0,10.0,0.233,pass,0.339
8623,ok,50.0,False,50.0,7.0,2655,False,0.0,False,,0,0.0,50.0,0.49,pass,0.716
8625,ok,10.0,False,10.0,12.0,968,False,0.0,False,,0,0.0,10.0,2.163,pass,3.139
8626,ok,50.0,False,50.0,10.0,3564,False,0.0,False,,0,0.0,50.0,0.824,pass,1.229
8631,ok,20.0,False,20.0,10.0,2144,False,0.0,False,,0,0.0,,0.242,pass,0.334
8632,capped,1000.0,True,1000.0,9.0,62887,False,0.0,False,,0,0.0,,0.553,pass,0.837
8636,ok,0.0,False,0.0,11.0,129,False,0.0,False,,0,,,1.12,pass,1.537
8643,ok,35.0,False,35.0,10.0,2973,False,4.0,False,,0,0.0,,0.375,pass,0.499
8645,ok,10.0,False,10.0,9.0,680,False,0.0,False,,0,0.0,,0.478,pass,0.646
8648,ok,267.0,False,267.0,11.0,19503,False,174.0,False,,0,0.0,,0.198,pass,0.284
8649,ok,100.0,False,100.0,10.0,5054,False,0.0,False,,0,0.0,,1.541,pass,2.236
8651,ok,0.0,False,0.0,10.0,116,False,0.0,False,,0,,,0.427,pass,0.604
8652,ok,0.0,False,0.0,9.0,101,False,0.0,False,,0,,,0.07,pass,0.096
8654,ok,100.0,False,100.0,9.0,7539,False,0.0,False,,0,0.0,100.0,0.308,pass,0.406
8655,ok,50.0,False,50.0,8.0,6412,False,0.0,False,,0,0.0,50.0,6.671,pass,7.025
8656,ok,94.0,False,94.0,10.0,6321,False,0.0,False,,0,0.0,,1.782,pass,2.537
8658,ok,10.0,False,10.0,12.0,914,False,0.0,False,,0,0.0,,0.935,pass,1.294
8660,ok,0.0,False,0.0,6.0,54,False,0.0,False,,0,,,0.118,pass,0.193
8662,ok,62.0,False,62.0,12.0,7611,False,32.0,False,,0,0.0,,4.527,pass,7.023
8665,ok,67.0,False,67.0,8.0,4351,False,0.0,False,,0,0.0,,0.41,pass,0.531
8669,ok,12.0,False,12.0,9.0,1182,False,0.0,False,,0,0.0,,0.115,pass,0.169
8671,ok,20.0,False,20.0,9.0,1529,False,0.0,False,,0,0.0,,0.593,pass,0.888
8672,ok,82.0,False,82.0,12.0,12653,False,0.0,False,,0,0.0,,0.661,pass,0.937
8674,capped,1000.0,True,1000.0,10.0,37602,False,0.0,False,,0,0.0,,1.167,pass,1.674
8675,ok,12.0,False,12.0,9.0,1066,False,0.0,False,,0,0.0,,0.098,pass,0.136
8676,ok,184.0,False,184.0,10.0,10496,False,0.0,False,,0,0.0,,0.232,pass,0.312
8677,ok,147.0,False,147.0,8.0,8287,False,0.0,False,,0,0.0,,4.955,pass,8.145
8679,ok,22.0,False,22.0,9.0,1997,False,1.0,False,,0,0.0,,0.11,pass,0.171
8682,ok,20.0,False,20.0,7.0,1675,False,0.0,False,,0,0.0,,0.196,pass,0.269
8685,ok,8.0,False,8.0,9.0,939,False,0.0,False,,0,0.0,,2.192,pass,3.217
8689,ok,20.0,False,20.0,7.0,1749,False,0.0,False,,0,0.0,,0.111,pass,0.161
8692,ok,0.0,False,0.0,8.0,100,False,0.0,False,,0,,10.0,0.877,pass,1.281
8694,ok,50.0,False,50.0,11.0,7209,False,0.0,False,,0,0.0,,0.135,pass,0.232
8696,ok,10.0,False,10.0,10.0,839,False,0.0,False,,0,0.0,,0.631,pass,0.935
8700,ok,852.0,False,852.0,9.0,33976,False,0.0,False,,0,0.0,,5.276,pass,8.167
8701,ok,10.0,False,10.0,6.0,1009,False,0.0,False,,0,0.0,,0.516,pass,0.72
8702,ok,0.0,False,0.0,10.0,125,False,0.0,False,,0,,,0.786,pass,1.105
8706,ok,0.0,False,0.0,9.0,112,False,0.0,False,,0,,,1.724,pass,2.454
8708,capped,1000.0,True,1000.0,8.0,43218,False,0.0,False,,0,0.0,,0.681,pass,1.113
8709,ok,5.0,False,5.0,7.0,375,False,0.0,False,,0,0.0,5.0,1.188,pass,1.686
8712,ok,38.0,False,38.0,9.0,2703,False,0.0,False,,0,0.0,,0.307,pass,0.413
8715,ok,10.0,False,10.0,9.0,1125,False,0.0,False,,0,0.0,,1.215,pass,1.612
8717,ok,10.0,False,10.0,7.0,910,False,0.0,False,,0,0.0,10.0,0.224,pass,0.323
8718,ok,10.0,False,10.0,8.0,537,False,0.0,False,,0,0.0,,0.762,pass,1.11
8719,ok,5.0,False,5.0,7.0,301,False,0.0,False,,0,0.0,,0.978,pass,1.434
8720,capped,1000.0,True,1000.0,10.0,126547,False,0.0,False,,0,0.0,,0.722,pass,0.933
8724,ok,50.0,False,50.0,9.0,3990,False,0.0,False,,0,0.0,50.0,1.174,pass,1.731
8725,capped,1000.0,True,1000.0,12.0,139643,False,485.0,False,,0,0.0,,5.838,pass,8.984
8727,ok,10.0,False,10.0,11.0,762,False,0.0,False,,0,0.0,,1.486,pass,2.248
8730,ok,100.0,False,100.0,8.0,6514,False,0.0,False,,0,0.0,100.0,1.595,pass,2.395
8731,ok,100.0,False,100.0,9.0,4768,False,0.0,False,,0,0.0,100.0,0.719,pass,0.994
8733,ok,10.0,False,10.0,8.0,628,False,0.0,False,,0,0.0,,1.376,pass,2.028
8735,capped,1000.0,True,1000.0,12.0,91045,False,0.0,False,,0,0.0,,0.65,pass,0.952
8739,ok,50.0,False,50.0,10.0,2623,False,0.0,False,,0,0.0,50.0,0.361,pass,0.543
8743,ok,20.0,False,20.0,8.0,851,False,0.0,False,,0,0.0,,0.398,pass,0.624
8744,ok,10.0,False,10.0,7.0,1176,False,0.0,False,,0,0.0,10.0,0.224,pass,0.325
8745,ok,10.0,False,10.0,9.0,464,False,0.0,False,,0,0.0,,0.253,pass,0.365
8746,capped,1000.0,True,1000.0,11.0,77517,False,0.0,False,,0,0.0,,3.05,pass,5.07
8748,ok,12.0,False,12.0,10.0,1007,False,0.0,False,,0,0.0,50.0,0.103,pass,0.138
8749,ok,50.0,False,50.0,8.0,2166,False,0.0,False,,0,0.0,50.0,1.656,pass,2.468
8750,ok,100.0,False,100.0,7.0,12602,False,0.0,False,,0,0.0,,0.121,pass,0.174
8755,ok,71.0,False,71.0,7.0,5543,False,0.0,False,,0,0.0,,0.153,pass,0.24
8757,ok,0.0,False,0.0,11.0,144,False,0.0,False,,0,,,0.178,pass,0.301
8758,ok,0.0,False,0.0,8.0,116,False,0.0,False,,0,,5.0,0.476,pass,0.646
8761,ok,10.0,False,10.0,11.0,657,False,0.0,False,,0,0.0,10.0,0.688,pass,0.863
8762,ok,100.0,False,100.0,14.0,16372,False,16.0,False,,0,0.0,100.0,2.871,pass,4.151
8764,capped,1000.0,True,1000.0,9.0,45583,False,0.0,False,,0,0.0,,0.581,pass,0.797
8770,ok,10.0,False,10.0,5.0,449,False,0.0,False,,0,0.0,,0.071,pass,0.098
8774,ok,0.0,False,0.0,10.0,121,False,0.0,False,,0,,100.0,0.093,pass,0.138
8775,ok,50.0,False,50.0,7.0,3209,False,0.0,False,,0,0.0,50.0,0.593,pass,0.822
8776,ok,12.0,False,12.0,7.0,825,False,1.0,False,,0,0.0,,0.097,pass,0.137
8785,ok,10.0,False,10.0,9.0,588,False,0.0,False,,0,0.0,,0.458,pass,0.687
8788,ok,10.0,False,10.0,8.0,462,False,0.0,False,,0,0.0,,4.229,pass,7.617
8789,ok,250.0,False,250.0,8.0,28645,False,0.0,False,,0,0.0,,0.11,pass,0.159
8792,ok,10.0,False,10.0,10.0,1332,False,0.0,False,,0,0.0,10.0,0.539,pass,0.82
8795,capped,1000.0,True,1000.0,9.0,112151,False,0.0,False,,0,0.0,,1.57,pass,2.249
8799,ok,5.0,False,5.0,9.0,723,False,0.0,False,,0,0.0,,0.096,pass,0.14
8800,ok,0.0,False,0.0,7.0,75,False,0.0,False,,0,,50.0,0.206,pass,0.297
8802,ok,0.0,False,0.0,12.0,148,False,0.0,False,,0,,,1.459,pass,2.119
8804,ok,20.0,False,20.0,8.0,1547,False,0.0,False,,0,0.0,,0.17,pass,0.246
8805,ok,100.0,False,100.0,10.0,7046,False,0.0,False,,0,0.0,,0.867,pass,1.105
8808,ok,10.0,False,10.0,8.0,739,False,0.0,False,,0,0.0,10.0,0.246,pass,0.273
8812,ok,58.0,False,58.0,10.0,4624,False,0.0,False,,0,0.0,,0.11,pass,0.17
8815,ok,18.0,False,18.0,9.0,1789,False,1.0,False,,0,0.0,,0.263,pass,0.39
8819,ok,19.0,False,19.0,9.0,1357,False,0.0,False,,0,0.0,,0.178,pass,0.261
8820,ok,10.0,False,10.0,10.0,790,False,0.0,False,,0,0.0,,0.366,pass,0.539
8821,ok,15.0,False,15.0,9.0,1164,False,0.0,False,,0,0.0,15.0,0.236,pass,0.35
8826,ok,12.0,False,12.0,10.0,1419,False,0.0,False,,0,0.0,,0.11,pass,0.171
8827,ok,221.0,False,221.0,8.0,14985,False,211.0,False,,0,0.0,,0.708,pass,1.053
8830,ok,10.0,False,10.0,9.0,642,False,0.0,False,,0,0.0,,0.214,pass,0.317
8832,ok,0.0,False,0.0,7.0,84,False,0.0,False,,0,,,0.079,pass,0.109
8834,capped,1000.0,True,1000.0,12.0,109785,False,870.0,False,,0,0.0,,2.678,pass,4.776
8838,ok,54.0,False,54.0,10.0,4901,False,6.0,False,,0,0.0,,1.687,pass,2.308
8846,ok,64.0,False,64.0,9.0,7271,False,16.0,False,,0,0.0,,1.426,pass,2.092
8849,ok,4.0,False,4.0,6.0,475,False,0.0,False,,0,0.0,,2.804,pass,4.179
8851,capped,1000.0,True,1000.0,9.0,89648,False,0.0,False,,0,0.0,,2.363,pass,4.105
8853,ok,0.0,False,0.0,7.0,94,False,0.0,False,,0,,,0.069,pass,0.093
8856,ok,0.0,False,0.0,9.0,102,False,0.0,False,,0,,10.0,0.111,pass,0.224
8857,ok,3.0,False,3.0,9.0,296,False,0.0,False,,0,0.0,,0.356,pass,0.51
8861,ok,10.0,False,10.0,9.0,970,False,0.0,False,,0,0.0,,1.36,pass,1.913
8865,ok,0.0,False,0.0,9.0,88,False,0.0,False,,0,,5.0,0.285,pass,0.435
8866,ok,0.0,False,0.0,8.0,93,False,0.0,False,,0,,,0.074,pass,0.101
8868,ok,0.0,False,0.0,8.0,100,False,0.0,False,,0,,,0.15,pass,0.222
8873,capped,1000.0,True,1000.0,11.0,93081,False,0.0,False,,0,0.0,,1.829,pass,2.805
8875,capped,1000.0,True,1000.0,9.0,62601,False,919.0,False,,0,0.0,,2.336,pass,3.373
8877,ok,10.0,False,10.0,8.0,659,False,0.0,False,,0,0.0,,0.429,pass,0.542
8878,ok,10.0,False,10.0,6.0,416,False,0.0,False,,0,0.0,10.0,0.276,pass,0.431
8880,ok,10.0,False,10.0,10.0,1087,False,0.0,False,,0,0.0,,0.93,pass,1.315
8882,ok,35.0,False,35.0,10.0,3123,False,0.0,False,,0,0.0,,0.179,pass,0.257
8884,capped,1000.0,True,1000.0,9.0,70029,False,0.0,False,,0,0.0,,0.103,pass,0.139
8885,ok,10.0,False,10.0,8.0,1280,False,0.0,False,,0,0.0,,0.941,pass,1.291
8888,ok,10.0,False,10.0,7.0,448,False,0.0,False,,0,0.0,10.0,0.881,pass,1.37
8891,ok,12.0,False,12.0,7.0,1003,False,0.0,False,,0,0.0,,0.109,pass,0.162
8893,ok,0.0,False,0.0,6.0,69,False,0.0,False,,0,,5.0,16.263,timeout 15 s,15.065
8894,ok,38.0,False,38.0,8.0,2502,False,0.0,False,,0,0.0,,6.381,pass,10.509
8896,capped,1000.0,True,1000.0,8.0,102469,False,0.0,False,,0,0.0,,0.299,pass,0.45
8901,ok,10.0,False,10.0,4.0,317,False,0.0,False,,0,0.0,10.0,0.568,pass,0.824
8902,ok,10.0,False,10.0,9.0,622,False,0.0,False,,0,0.0,,1.457,pass,2.156
8905,ok,10.0,False,10.0,9.0,609,False,0.0,False,,0,0.0,,0.379,pass,0.551
8906,ok,22.0,False,22.0,8.0,1896,False,0.0,False,,0,0.0,,0.113,pass,0.168
8910,ok,853.0,False,853.0,12.0,45014,False,0.0,False,,0,0.0,,0.919,pass,1.258
8912,ok,12.0,False,12.0,10.0,1221,False,0.0,False,,0,0.0,,0.064,pass,0.089
8914,capped,1000.0,True,1000.0,5.0,75081,False,0.0,False,,0,0.0,,2.093,pass,3.082
8918,ok,20.0,False,20.0,11.0,1814,False,0.0,False,,0,0.0,,3.196,pass,3.804
8919,ok,0.0,False,0.0,10.0,122,False,0.0,False,,0,,,2.029,pass,2.909
8922,ok,10.0,False,10.0,7.0,914,False,0.0,False,,0,0.0,,0.792,pass,1.062
8926,ok,12.0,False,12.0,9.0,1073,False,0.0,False,,0,0.0,,0.285,pass,0.423
8928,ok,0.0,False,0.0,6.0,82,False,0.0,False,,0,,,0.144,pass,0.244
8929,ok,10.0,False,10.0,9.0,1254,False,0.0,False,,0,0.0,,0.11,pass,0.168
8930,ok,10.0,False,10.0,5.0,340,False,0.0,False,,0,0.0,10.0,0.866,pass,1.22
8931,capped,1000.0,True,1000.0,5.0,42722,False,123.0,False,,0,0.0,,0.216,pass,0.317
8933,ok,10.0,False,10.0,10.0,773,False,0.0,False,,0,0.0,10.0,1.075,pass,1.456
8936,ok,10.0,False,10.0,8.0,695,False,0.0,False,,0,0.0,10.0,0.507,pass,0.648
8937,capped,1000.0,True,1000.0,8.0,89871,False,804.0,False,,0,0.0,,0.331,pass,0.495
8942,ok,100.0,False,100.0,12.0,9049,False,0.0,False,,0,0.0,100.0,0.831,pass,0.978
8946,ok,10.0,False,10.0,9.0,970,False,0.0,False,,0,0.0,,0.235,pass,0.352
8947,ok,26.0,False,26.0,10.0,3052,False,0.0,False,,0,0.0,,0.468,pass,0.653
8948,capped,1000.0,True,1000.0,12.0,123549,False,0.0,False,,0,0.0,,0.093,pass,0.121
8949,ok,50.0,False,50.0,6.0,4612,False,2.0,False,,0,0.0,50.0,0.743,pass,0.98
8950,ok,100.0,False,100.0,10.0,5093,False,0.0,False,,0,0.0,,0.493,pass,0.696
8952,ok,1.0,False,1.0,13.0,304,False,0.0,False,,0,0.0,50.0,0.999,pass,1.423
8954,ok,100.0,False,100.0,14.0,9588,False,0.0,False,,0,0.0,100.0,0.757,pass,0.979
8955,capped,1000.0,True,1000.0,15.0,31593,False,0.0,False,,0,0.0,5.0,0.758,pass,1.045
8957,ok,0.0,False,0.0,11.0,126,False,0.0,False,,0,,,0.552,pass,0.799
8961,ok,10.0,False,10.0,7.0,829,False,0.0,False,,0,0.0,,0.325,pass,0.474
8962,ok,6.0,False,6.0,7.0,406,False,0.0,False,,0,0.0,,0.182,pass,0.272
8964,ok,10.0,False,10.0,9.0,739,False,0.0,False,,0,0.0,10.0,0.611,pass,0.838
8965,ok,38.0,False,38.0,8.0,1718,False,5.0,False,,0,0.0,,6.176,pass,8.684
8966,ok,10.0,False,10.0,9.0,586,False,0.0,False,,0,0.0,10.0,0.841,pass,1.118
8972,capped,1000.0,True,1000.0,4.0,19103,False,0.0,False,,0,0.0,10.0,17.111,timeout 15 s,15.065
8976,ok,3.0,False,3.0,8.0,304,False,0.0,False,,0,0.0,10.0,0.175,pass,0.233
8981,ok,50.0,False,50.0,9.0,4824,False,0.0,False,,0,0.0,5.0,1.042,pass,1.424
8984,ok,10.0,False,10.0,7.0,822,False,0.0,False,,0,0.0,,1.415,pass,2.061
8986,ok,10.0,False,10.0,13.0,1350,False,0.0,False,,0,0.0,10.0,0.955,pass,1.423
8987,ok,10.0,False,10.0,10.0,753,False,0.0,False,,0,0.0,,0.127,pass,0.226
8988,capped,1000.0,True,1000.0,8.0,53321,False,29.0,False,,0,0.0,,0.658,pass,0.966
8994,capped,1000.0,True,1000.0,12.0,89517,False,0.0,False,,0,0.0,,0.228,pass,0.333
8995,ok,0.0,False,0.0,10.0,114,False,0.0,False,,0,,,0.227,pass,0.314
9000,ok,14.0,False,14.0,9.0,1254,False,0.0,False,,0,0.0,,0.312,pass,0.405
9003,ok,0.0,False,0.0,11.0,127,False,0.0,False,,0,,,0.104,pass,0.149
9004,capped,1000.0,True,1000.0,8.0,52667,False,0.0,False,,0,0.0,,0.858,pass,1.344
9006,capped,1000.0,True,1000.0,11.0,91926,False,888.0,False,,0,0.0,,0.339,pass,0.483
9007,ok,12.0,False,12.0,9.0,1082,False,0.0,False,,0,0.0,,0.238,pass,0.348
9010,ok,4.0,False,4.0,10.0,380,False,0.0,False,,0,0.0,,0.509,pass,0.747
9011,ok,3.0,False,3.0,6.0,297,False,0.0,False,,0,0.0,,0.526,pass,0.717
9016,ok,10.0,False,10.0,7.0,1196,False,0.0,False,,0,0.0,,0.809,pass,1.156
9017,ok,0.0,False,0.0,9.0,104,False,0.0,False,,0,,10.0,1.138,pass,1.574
9023,ok,36.0,False,36.0,7.0,2172,False,0.0,False,,0,0.0,,0.111,pass,0.156
9024,ok,10.0,False,10.0,9.0,1024,False,0.0,False,,0,0.0,,1.053,pass,1.539
9025,ok,2.0,False,2.0,8.0,293,False,1.0,True,,0,0.0,10.0,1.325,pass,1.881
9028,ok,38.0,False,38.0,9.0,2910,False,0.0,False,,0,0.0,,0.185,pass,0.269
9035,ok,10.0,False,10.0,9.0,892,False,0.0,False,,0,0.0,,0.282,pass,0.423
9037,ok,10.0,False,10.0,8.0,760,False,0.0,False,,0,0.0,,0.451,pass,0.663
9038,ok,12.0,False,12.0,10.0,1269,False,0.0,False,,0,0.0,,0.148,pass,0.233
9039,ok,10.0,False,10.0,6.0,947,False,0.0,False,,0,0.0,10.0,0.147,pass,0.21
9040,ok,10.0,False,10.0,10.0,685,False,0.0,False,,0,0.0,,0.793,pass,1.024
9043,ok,10.0,False,10.0,7.0,509,False,0.0,False,,0,0.0,,0.764,pass,1.093
9044,ok,721.0,False,721.0,8.0,68040,False,0.0,False,,0,0.0,,0.779,pass,1.026
9045,capped,1000.0,True,1000.0,8.0,41244,False,0.0,False,,0,0.0,,0.715,pass,1.048
9058,ok,0.0,False,0.0,10.0,117,False,0.0,False,,0,,,0.434,pass,0.614
9066,capped,1000.0,True,1000.0,10.0,129995,False,0.0,False,,0,0.0,,1.898,pass,2.98
9072,ok,0.0,False,0.0,12.0,140,False,0.0,False,,0,,,0.148,pass,0.247
9074,capped,1000.0,True,1000.0,11.0,67325,False,0.0,False,,0,0.0,,0.719,pass,1.03
9075,ok,100.0,False,100.0,8.0,10391,False,0.0,False,,0,0.0,100.0,1.103,pass,1.51
9076,ok,24.0,False,24.0,9.0,2356,False,8.0,False,,0,0.0,,0.581,pass,0.822
9078,capped,1000.0,True,1000.0,9.0,106619,False,0.0,False,,0,0.0,,1.438,pass,2.021
9087,ok,29.0,False,29.0,10.0,2319,False,0.0,False,,0,0.0,,1.498,pass,2.266
9088,ok,10.0,False,10.0,9.0,792,False,0.0,False,,0,0.0,,0.99,pass,1.37
9090,ok,10.0,False,10.0,7.0,494,False,0.0,False,,0,0.0,,1.149,pass,1.619
9093,ok,90.0,False,90.0,5.0,1987,False,0.0,False,,0,0.0,,0.077,pass,0.102
9094,ok,50.0,False,50.0,11.0,5781,False,0.0,False,,0,0.0,5.0,2.032,pass,2.937
9095,ok,0.0,False,0.0,7.0,108,False,0.0,False,,0,,,16.156,timeout 15 s,15.065
9100,ok,10.0,False,10.0,7.0,517,False,0.0,False,,0,0.0,10.0,0.453,pass,0.64
9103,ok,10.0,False,10.0,7.0,597,False,0.0,False,,0,0.0,,1.107,pass,1.67
9105,ok,10.0,False,10.0,8.0,1129,False,0.0,False,,0,0.0,,0.825,pass,1.167
9106,ok,0.0,False,0.0,6.0,79,False,0.0,False,,0,,,6.173,pass,9.689
9109,ok,10.0,False,10.0,4.0,240,False,0.0,False,,0,0.0,10.0,0.48,pass,0.624
9110,ok,100.0,False,100.0,11.0,5089,False,0.0,False,,0,0.0,100.0,1.42,pass,2.07
9114,ok,10.0,False,10.0,7.0,430,False,0.0,False,,0,0.0,,1.828,pass,2.641
9115,capped,1000.0,True,1000.0,10.0,104025,False,591.0,False,,0,0.0,,1.493,pass,2.615
9122,ok,0.0,False,0.0,9.0,136,False,0.0,False,,0,,50.0,8.275,pass,11.694
9123,capped,1000.0,True,1000.0,11.0,40515,False,0.0,False,,0,0.0,,0.975,pass,1.327
9129,ok,10.0,False,10.0,6.0,1287,False,0.0,False,,0,0.0,,1.197,pass,1.761
9134,ok,20.0,False,20.0,8.0,1079,False,5.0,False,,0,0.0,,5.058,pass,5.208
9136,ok,0.0,False,0.0,11.0,144,False,0.0,False,,0,,,1.97,pass,2.751
9137,ok,50.0,False,50.0,9.0,3064,False,0.0,False,,0,0.0,50.0,0.71,pass,0.919
9138,ok,10.0,False,10.0,6.0,612,False,0.0,False,,0,0.0,,0.161,pass,0.231
9140,ok,10.0,False,10.0,6.0,457,False,0.0,False,,0,0.0,10.0,0.842,pass,1.116
9141,ok,10.0,False,10.0,11.0,920,False,0.0,False,,0,0.0,10.0,1.027,pass,1.414
9142,ok,10.0,False,10.0,10.0,560,False,0.0,False,,0,0.0,10.0,0.504,pass,0.633
9144,ok,10.0,False,10.0,11.0,645,False,0.0,False,,0,0.0,,1.262,pass,1.925
9149,ok,50.0,False,50.0,12.0,4036,False,0.0,False,,0,0.0,50.0,0.864,pass,1.005
9152,ok,28.0,False,28.0,10.0,4501,False,0.0,False,,0,0.0,,1.616,pass,2.444
9154,ok,12.0,False,12.0,4.0,557,False,5.0,False,,0,0.0,,0.144,pass,0.137
9156,ok,36.0,False,36.0,11.0,3147,False,0.0,False,,0,0.0,,1.227,pass,1.783
9160,ok,22.0,False,22.0,9.0,2210,False,0.0,False,,0,0.0,,0.135,pass,0.233
9161,ok,5.0,False,5.0,6.0,383,False,0.0,False,,0,0.0,,12.821,timeout 15 s,15.06
9163,ok,0.0,False,0.0,8.0,93,False,0.0,False,,0,,,0.072,pass,0.099
9164,capped,1000.0,True,1000.0,11.0,78151,False,0.0,False,,0,0.0,,1.123,pass,1.662
9172,ok,10.0,False,10.0,14.0,758,False,0.0,False,,0,0.0,,0.926,pass,1.322
9173,capped,1000.0,True,1000.0,11.0,59045,False,0.0,False,,0,0.0,,0.536,pass,0.811
9175,capped,1000.0,True,1000.0,10.0,76621,False,859.0,False,,0,0.0,10.0,1.361,pass,2.011
9177,ok,12.0,False,12.0,10.0,1315,False,0.0,False,,0,0.0,,2.191,pass,2.501
9178,ok,0.0,False,0.0,9.0,96,False,0.0,False,,0,,10.0,0.147,pass,0.21
9179,ok,8.0,False,8.0,8.0,500,False,0.0,False,,0,0.0,,0.347,pass,0.485
9180,ok,2.0,False,2.0,15.0,386,False,0.0,False,,0,0.0,,1.561,pass,2.259
9182,ok,10.0,False,10.0,9.0,1040,False,0.0,False,,0,0.0,,0.193,pass,0.257
9184,ok,10.0,False,10.0,6.0,485,False,0.0,False,,0,0.0,,0.724,pass,1.093
9185,ok,42.0,False,42.0,10.0,4982,False,0.0,False,,0,0.0,,0.439,pass,0.626
9191,ok,10.0,False,10.0,8.0,648,False,0.0,False,,0,0.0,,0.157,pass,0.158
9192,ok,10.0,False,10.0,8.0,692,False,0.0,False,,0,0.0,,0.18,pass,0.255
9193,ok,10.0,False,10.0,10.0,1316,False,0.0,False,,0,0.0,,0.157,pass,0.245
9194,ok,12.0,False,12.0,7.0,856,False,0.0,False,,0,0.0,,0.181,pass,0.268
9196,ok,5.0,False,5.0,8.0,306,False,0.0,False,,0,0.0,5.0,0.569,pass,0.704
9199,ok,0.0,False,0.0,9.0,109,False,0.0,False,,0,,,0.076,pass,0.101
9202,capped,1000.0,True,1000.0,10.0,122274,False,0.0,False,,0,0.0,,0.511,pass,0.782
9205,ok,2.0,False,2.0,6.0,201,False,0.0,False,,0,0.0,,1.756,pass,2.454
9206,capped,1000.0,True,1000.0,10.0,51871,False,0.0,False,,0,0.0,,0.968,pass,1.254
9208,ok,2.0,False,2.0,7.0,151,False,0.0,False,,0,0.0,,0.111,pass,0.162
9210,ok,10.0,False,10.0,9.0,676,False,0.0,False,,0,0.0,,1.089,pass,1.556
9211,ok,10.0,False,10.0,7.0,1097,False,0.0,False,,0,0.0,,0.734,pass,1.062
9212,ok,0.0,False,0.0,7.0,77,False,0.0,False,G256,0,,,0.175,pass,0.255
9214,ok,779.0,False,779.0,6.0,31878,False,0.0,False,,0,0.0,,2.133,pass,3.018
9218,ok,0.0,False,0.0,9.0,100,False,0.0,False,,0,,,2.236,pass,3.178
9220,ok,100.0,False,100.0,10.0,5156,False,0.0,False,,0,0.0,,0.792,pass,1.088
9227,ok,10.0,False,10.0,8.0,1251,False,0.0,False,,0,0.0,,0.108,pass,0.16
9231,ok,39.0,False,39.0,10.0,2037,False,0.0,False,,0,0.0,,0.28,pass,0.42
9233,ok,10.0,False,10.0,7.0,615,False,0.0,False,,0,0.0,,0.639,pass,0.827
9241,ok,10.0,False,10.0,7.0,579,False,0.0,False,,0,0.0,10.0,2.672,pass,4.334
9245,ok,100.0,False,100.0,13.0,6516,False,0.0,False,,0,0.0,100.0,0.855,pass,1.159
9246,ok,10.0,False,10.0,9.0,1215,False,0.0,False,,0,0.0,10.0,0.663,pass,0.949
9248,ok,658.0,False,658.0,7.0,69677,False,468.0,False,,0,0.0,10.0,1.883,pass,2.681
9251,ok,0.0,False,0.0,10.0,103,False,0.0,False,,0,,10.0,0.119,pass,0.165
9255,ok,10.0,False,10.0,6.0,1127,False,0.0,False,,0,0.0,,0.137,pass,0.217
9261,ok,10.0,False,10.0,7.0,463,False,0.0,False,,0,0.0,,1.948,pass,2.749
9265,ok,53.0,False,53.0,8.0,3697,False,0.0,False,,0,0.0,,1.191,pass,1.677
9267,capped,1000.0,True,1000.0,7.0,56861,False,556.0,False,,0,0.0,,0.655,pass,0.912
9270,ok,10.0,False,10.0,10.0,1769,False,0.0,False,,0,0.0,10.0,0.62,pass,0.888
9271,ok,14.0,False,14.0,12.0,1238,False,0.0,False,,0,0.0,,0.401,pass,0.64
9275,ok,100.0,False,100.0,12.0,3959,False,0.0,False,,0,0.0,100.0,0.583,pass,0.844
9276,ok,10.0,False,10.0,7.0,446,False,0.0,False,,0,0.0,10.0,0.265,pass,0.43
9279,ok,415.0,False,415.0,7.0,17013,False,360.0,False,,0,0.0,,0.65,pass,0.94
9281,ok,35.0,False,35.0,6.0,2181,False,7.0,False,,0,0.0,,0.128,pass,0.167
9283,ok,10.0,False,10.0,8.0,373,False,0.0,False,,0,0.0,,0.285,pass,0.4
9284,ok,10.0,False,10.0,9.0,727,False,0.0,False,,0,0.0,,0.875,pass,1.207
9285,ok,155.0,False,155.0,10.0,19312,False,0.0,False,,0,0.0,,1.306,pass,1.885
9289,capped,1000.0,True,1000.0,8.0,60241,False,0.0,False,,0,0.0,,0.67,pass,0.857
9291,ok,12.0,False,12.0,7.0,1118,False,0.0,False,,0,0.0,,0.116,pass,0.168
9294,ok,10.0,False,10.0,9.0,644,False,0.0,False,,0,0.0,10.0,6.621,pass,10.083
9303,ok,0.0,False,0.0,11.0,123,False,0.0,False,,0,,100.0,0.07,pass,0.093
9304,ok,20.0,False,20.0,10.0,2008,False,0.0,False,,0,0.0,,3.122,pass,3.442
9306,ok,20.0,False,20.0,7.0,1229,False,0.0,False,,0,0.0,,0.567,pass,0.845
9307,ok,0.0,False,0.0,9.0,110,False,0.0,False,,0,,,0.133,pass,0.225
9310,ok,10.0,False,10.0,10.0,470,False,0.0,False,,0,0.0,,0.8,pass,1.036
9312,ok,10.0,False,10.0,8.0,568,False,0.0,False,G255,0,1.0,,0.403,pass,0.554
9315,ok,20.0,False,20.0,9.0,1829,False,0.0,False,,0,0.0,,0.593,pass,0.853
9318,ok,10.0,False,10.0,11.0,702,False,0.0,False,,0,0.0,10.0,0.64,pass,0.846
9319,ok,1.0,False,1.0,9.0,320,False,0.0,False,,0,0.0,10.0,9.541,pass,14.763
9321,ok,0.0,False,0.0,9.0,100,False,0.0,False,,0,,,3.35,pass,5.49
9322,ok,10.0,False,10.0,13.0,1107,False,0.0,False,,0,0.0,,11.87,timeout 15 s,15.185
9324,capped,1000.0,True,1000.0,7.0,28010,False,0.0,False,,0,0.0,,1.468,pass,2.456
9325,ok,10.0,False,10.0,10.0,620,False,0.0,False,,0,0.0,,0.665,pass,0.859
9326,ok,0.0,False,0.0,8.0,99,False,0.0,False,,0,,,0.758,pass,1.268
9327,ok,10.0,False,10.0,8.0,1064,False,0.0,False,,0,0.0,10.0,1.397,pass,1.984
9328,ok,10.0,False,10.0,10.0,844,False,0.0,False,,0,0.0,,1.551,pass,2.283
9329,ok,5.0,False,5.0,5.0,434,False,0.0,False,,0,0.0,5.0,0.223,pass,0.323
9332,capped,1000.0,True,1000.0,7.0,80700,False,0.0,False,,0,0.0,,1.624,pass,2.527
9336,ok,2.0,False,2.0,4.0,125,False,0.0,False,,0,0.0,10.0,0.125,pass,0.203
9337,ok,5.0,False,5.0,8.0,425,False,0.0,False,,0,0.0,5.0,0.324,pass,0.46
9342,ok,10.0,False,10.0,9.0,469,False,0.0,False,,0,0.0,,0.289,pass,0.43
9346,ok,49.0,False,49.0,10.0,4055,False,0.0,False,,0,0.0,,0.363,pass,0.535
9353,ok,100.0,False,100.0,11.0,12576,False,0.0,False,,0,0.0,,14.262,timeout 15 s,15.8
9354,ok,10.0,False,10.0,10.0,672,False,0.0,False,,0,0.0,10.0,1.167,pass,1.375
9355,ok,27.0,False,27.0,12.0,2175,False,0.0,False,,0,0.0,,0.103,pass,0.139
9356,ok,853.0,False,853.0,14.0,93532,False,0.0,False,,0,0.0,,0.703,pass,0.896
9357,ok,39.0,False,39.0,8.0,2859,False,0.0,False,,0,0.0,5.0,9.944,pass,14.372
9363,ok,10.0,False,10.0,10.0,834,False,0.0,False,,0,0.0,,9.639,pass,13.058
9369,ok,20.0,False,20.0,7.0,1205,False,0.0,False,,0,0.0,20.0,0.702,pass,1.013
9370,ok,10.0,False,10.0,6.0,1089,False,0.0,False,,0,0.0,10.0,4.649,pass,7.343
9371,ok,853.0,False,853.0,10.0,87396,False,0.0,False,,0,0.0,,0.811,pass,1.149
9374,ok,6.0,False,6.0,11.0,857,False,0.0,False,,0,0.0,,0.112,pass,0.164
9377,ok,10.0,False,10.0,10.0,968,False,0.0,False,,0,0.0,10.0,0.244,pass,0.319
9380,ok,106.0,False,106.0,10.0,15113,False,0.0,False,,0,0.0,10.0,2.361,pass,3.476
9381,capped,1000.0,True,1000.0,8.0,112550,False,0.0,False,,0,0.0,,0.646,pass,0.973
9382,ok,10.0,False,10.0,8.0,612,False,0.0,False,,0,0.0,,0.836,pass,1.222
9388,ok,10.0,False,10.0,14.0,1035,False,0.0,False,,0,0.0,10.0,1.261,pass,1.836
9389,ok,0.0,False,0.0,10.0,102,False,0.0,False,,0,,100.0,0.484,pass,0.759
9392,ok,10.0,False,10.0,7.0,502,False,0.0,False,,0,0.0,10.0,0.405,pass,0.551
9396,ok,10.0,False,10.0,11.0,640,False,0.0,False,,0,0.0,,0.461,pass,0.69
9398,ok,10.0,False,10.0,7.0,610,False,0.0,False,,0,0.0,,5.658,pass,8.698
9400,ok,100.0,False,100.0,11.0,7530,False,0.0,False,,0,0.0,100.0,0.531,pass,0.732
9401,ok,10.0,False,10.0,10.0,569,False,0.0,False,,0,0.0,,0.882,pass,1.29
9402,ok,10.0,False,10.0,9.0,530,False,0.0,False,,0,0.0,10.0,0.493,pass,0.687
9404,ok,0.0,False,0.0,10.0,125,False,0.0,False,,0,,,0.888,pass,1.268
9410,capped,1000.0,True,1000.0,10.0,32746,False,0.0,False,,0,0.0,,20.887,timeout 15 s,15.259
9412,ok,10.0,False,10.0,10.0,800,False,0.0,False,,0,0.0,10.0,0.693,pass,0.908
9414,ok,10.0,False,10.0,9.0,550,False,0.0,False,,0,0.0,,1.452,pass,2.045
9416,ok,10.0,False,10.0,8.0,655,False,0.0,False,,0,0.0,,0.677,pass,0.901
9417,ok,0.0,False,0.0,7.0,84,False,0.0,False,,0,,,0.137,pass,0.201
9419,ok,10.0,False,10.0,13.0,1290,False,0.0,False,,0,0.0,10.0,0.78,pass,1.033
9422,ok,35.0,False,35.0,9.0,2624,False,0.0,False,,0,0.0,,0.161,pass,0.248
9426,ok,20.0,False,20.0,8.0,1094,False,0.0,False,,0,0.0,,0.166,pass,0.251
9428,ok,215.0,False,215.0,7.0,20699,False,44.0,False,,0,0.0,10.0,0.713,pass,1.086
9432,ok,10.0,False,10.0,11.0,901,False,0.0,False,,0,0.0,10.0,0.75,pass,1.038
9433,ok,10.0,False,10.0,11.0,724,False,0.0,False,,0,0.0,10.0,0.923,pass,1.222
9434,ok,0.0,False,0.0,7.0,71,False,0.0,False,,0,,10.0,0.351,pass,0.477
9437,ok,45.0,False,45.0,9.0,2603,False,0.0,False,,0,0.0,,4.202,pass,5.54
9441,ok,0.0,False,0.0,7.0,115,False,0.0,False,,0,,10.0,0.058,pass,0.086
9443,capped,1000.0,True,1000.0,8.0,61443,False,242.0,False,,0,0.0,,1.915,pass,2.822
9444,capped,1000.0,True,1000.0,11.0,156087,False,0.0,False,,0,0.0,,0.221,pass,0.279
9450,ok,100.0,False,100.0,15.0,9499,False,0.0,False,,0,0.0,100.0,0.717,pass,1.005
9451,ok,92.0,False,92.0,10.0,29762,False,81.0,False,,0,0.0,,1.902,pass,2.502
9452,ok,40.0,False,40.0,8.0,2824,False,0.0,False,,0,0.0,,0.196,pass,0.267
9457,ok,22.0,False,22.0,10.0,2256,False,0.0,False,,0,0.0,,0.112,pass,0.17
9458,capped,1000.0,True,1000.0,9.0,41731,False,0.0,False,,0,0.0,,1.099,pass,1.602
9461,ok,10.0,False,10.0,6.0,598,False,0.0,False,,0,0.0,,0.186,pass,0.254
9465,ok,10.0,False,10.0,11.0,958,False,0.0,False,,0,0.0,,0.852,pass,1.214
9469,ok,10.0,False,10.0,9.0,521,False,0.0,False,,0,0.0,10.0,0.705,pass,0.877
9471,capped,1000.0,True,1000.0,8.0,105785,False,0.0,False,,0,0.0,,1.119,pass,1.643
9472,ok,22.0,False,22.0,9.0,2321,False,0.0,False,,0,0.0,,0.423,pass,0.588
9473,capped,1000.0,True,1000.0,9.0,114674,False,0.0,False,,0,0.0,,1.432,pass,2.053
9476,ok,10.0,False,10.0,8.0,390,False,0.0,False,,0,0.0,,1.255,pass,1.42
9478,ok,216.0,False,216.0,10.0,20434,False,0.0,False,,0,0.0,,12.025,timeout 15 s,15.071
9480,capped,1000.0,True,1000.0,10.0,79441,False,0.0,False,,0,0.0,,0.976,pass,1.411
9482,ok,50.0,False,50.0,11.0,4427,False,0.0,False,,0,0.0,,16.341,timeout 15 s,15.07
9490,ok,0.0,False,0.0,10.0,104,False,0.0,False,,0,,,0.067,pass,0.093
9491,ok,10.0,False,10.0,9.0,693,False,0.0,False,,0,0.0,10.0,0.603,pass,0.819
9492,capped,1000.0,True,1000.0,8.0,114225,False,0.0,False,,0,0.0,,1.383,pass,2.058
9493,ok,0.0,False,0.0,8.0,126,False,0.0,False,,0,,,0.37,pass,0.554
9497,ok,50.0,False,50.0,9.0,2696,False,0.0,False,,0,0.0,50.0,26.413,timeout 15 s,15.182
9498,ok,12.0,False,12.0,9.0,1082,False,0.0,False,,0,0.0,,0.24,pass,0.352
9499,capped,1000.0,True,1000.0,7.0,105886,False,0.0,False,,0,0.0,,2.769,pass,4.341
9501,ok,10.0,False,10.0,9.0,1208,False,0.0,False,,0,0.0,,0.109,pass,0.153
9502,ok,10.0,False,10.0,15.0,851,False,0.0,False,,0,0.0,,0.986,pass,1.439
9503,ok,0.0,False,0.0,10.0,108,False,0.0,False,,0,,,0.151,pass,0.226
9505,ok,10.0,False,10.0,10.0,1173,False,0.0,False,,0,0.0,,0.267,pass,0.366
9507,ok,12.0,False,12.0,8.0,1010,False,0.0,False,,0,0.0,,0.096,pass,0.135
9509,ok,10.0,False,10.0,9.0,976,False,0.0,False,,0,0.0,,0.68,pass,0.907
9511,capped,1000.0,True,1000.0,5.0,66019,False,696.0,False,,0,0.0,,1.725,pass,2.529
9512,ok,10.0,False,10.0,8.0,738,False,0.0,False,,0,0.0,,27.173,timeout 15 s,15.061
9513,ok,20.0,False,20.0,11.0,1575,False,0.0,False,,0,0.0,,0.087,pass,0.118
9515,ok,22.0,False,22.0,8.0,1674,False,0.0,False,,0,0.0,,0.186,pass,0.261
9517,ok,10.0,False,10.0,9.0,597,False,0.0,False,,0,0.0,10.0,1.014,pass,1.326
9519,ok,100.0,False,100.0,10.0,4965,False,0.0,False,,0,0.0,100.0,3.762,pass,4.217
9520,ok,10.0,False,10.0,9.0,592,False,0.0,False,,0,1.0,10.0,0.695,pass,0.9
9521,ok,0.0,False,0.0,8.0,80,False,0.0,False,,0,,,1.623,pass,2.363
9522,ok,0.0,False,0.0,7.0,85,False,0.0,False,,0,,10.0,0.822,pass,1.235
9524,ok,83.0,False,83.0,12.0,10716,False,33.0,False,,0,0.0,,8.807,pass,13.219
9526,ok,100.0,False,100.0,9.0,3452,False,0.0,False,,0,0.0,100.0,0.741,pass,0.981
9528,ok,50.0,False,50.0,15.0,3438,False,0.0,False,,0,0.0,50.0,0.478,pass,0.641
9529,ok,12.0,False,12.0,6.0,1265,False,0.0,False,,0,0.0,,0.13,pass,0.219
9530,capped,1000.0,True,1000.0,9.0,52519,False,0.0,False,,0,0.0,,1.061,pass,1.503
9533,ok,22.0,False,22.0,9.0,2283,False,0.0,False,,0,0.0,,0.096,pass,0.137
9536,capped,1000.0,True,1000.0,8.0,58369,False,856.0,False,,0,0.0,,1.58,pass,2.307
9538,capped,1000.0,True,1000.0,6.0,44368,False,720.0,False,,0,0.0,,0.501,pass,0.631
9540,ok,10.0,False,10.0,9.0,1027,False,0.0,False,,0,0.0,10.0,0.708,pass,1.028
9542,ok,0.0,False,0.0,8.0,93,False,0.0,False,,0,,,0.09,pass,0.094
9543,capped,1000.0,True,1000.0,7.0,125119,False,0.0,False,,0,0.0,,0.564,pass,0.829
9545,capped,1000.0,True,1000.0,12.0,51126,False,999.0,True,,0,0.0,,2.557,pass,3.982
9557,ok,10.0,False,10.0,6.0,451,False,0.0,False,,0,0.0,,0.321,pass,0.479
9561,capped,1000.0,True,1000.0,10.0,124990,False,0.0,False,,0,0.0,,0.338,pass,0.506
9562,ok,0.0,False,0.0,8.0,91,False,0.0,False,,0,,,0.453,pass,0.662
9569,capped,1000.0,True,1000.0,6.0,49625,False,0.0,False,,0,0.0,,0.127,pass,0.181
9571,ok,10.0,False,10.0,5.0,366,False,0.0,False,,0,0.0,10.0,0.073,pass,0.098
9572,ok,0.0,False,0.0,7.0,93,False,0.0,False,,0,,10.0,2.052,pass,3.226
9574,ok,100.0,False,100.0,14.0,8504,False,0.0,False,,0,0.0,100.0,1.632,pass,2.346
9575,ok,50.0,False,50.0,13.0,4252,False,0.0,False,,0,0.0,50.0,0.439,pass,0.581
9581,ok,50.0,False,50.0,9.0,4157,False,0.0,False,,0,0.0,,0.338,pass,0.505
9583,ok,10.0,False,10.0,9.0,1184,False,0.0,False,,0,0.0,,25.185,timeout 15 s,15.192
9584,capped,1000.0,True,1000.0,11.0,144677,False,0.0,False,,0,0.0,,0.642,pass,0.891
9585,ok,10.0,False,10.0,8.0,694,False,0.0,False,,0,0.0,,26.253,timeout 15 s,15.205
9588,ok,0.0,False,0.0,7.0,74,False,0.0,False,,0,,,0.146,pass,0.202
9590,ok,50.0,False,50.0,9.0,2469,False,0.0,False,,0,0.0,50.0,0.558,pass,0.725
9591,ok,10.0,False,10.0,8.0,1148,False,0.0,False,,0,0.0,,0.825,pass,1.179
9592,capped,1000.0,True,1000.0,9.0,74722,False,131.0,False,,0,0.0,,1.89,pass,2.815
9593,ok,399.0,False,399.0,7.0,17246,False,0.0,False,,0,0.0,,0.103,pass,0.144
9598,ok,100.0,False,100.0,10.0,4829,False,0.0,False,,0,0.0,,0.896,pass,1.175
9599,ok,10.0,False,10.0,11.0,1131,False,0.0,False,,0,0.0,,0.136,pass,0.187
9600,ok,17.0,False,17.0,6.0,1017,False,0.0,False,,0,0.0,10.0,0.822,pass,1.183
9601,ok,20.0,False,20.0,8.0,1745,False,0.0,False,,0,0.0,,0.139,pass,0.205
9603,ok,10.0,False,10.0,9.0,1276,False,0.0,False,,0,0.0,10.0,0.238,pass,0.37
9606,ok,9.0,False,9.0,8.0,536,False,0.0,False,,0,0.0,,0.685,pass,1.023
9608,ok,10.0,False,10.0,6.0,398,False,0.0,False,,0,0.0,,0.226,pass,0.322
9609,ok,853.0,False,853.0,9.0,34698,False,0.0,False,,0,0.0,,1.205,pass,1.648
9610,ok,54.0,False,54.0,7.0,2509,False,29.0,False,,0,0.0,,1.983,pass,2.775
9611,ok,100.0,False,100.0,14.0,10323,False,0.0,False,,0,0.0,100.0,19.782,timeout 15 s,15.145
9613,ok,10.0,False,10.0,8.0,515,False,0.0,False,,0,0.0,10.0,1.132,pass,1.684
9614,ok,0.0,False,0.0,8.0,99,False,0.0,False,,0,,10.0,1.107,pass,1.603
9615,ok,10.0,False,10.0,7.0,411,False,0.0,False,,0,0.0,10.0,1.437,pass,2.251
9623,ok,0.0,False,0.0,12.0,145,False,0.0,False,,0,,,0.197,pass,0.249
9626,ok,10.0,False,10.0,7.0,483,False,0.0,False,,0,0.0,,1.659,pass,2.223
9627,ok,10.0,False,10.0,11.0,504,False,0.0,False,,0,0.0,10.0,0.641,pass,0.854
9630,ok,100.0,False,100.0,9.0,329046,False,0.0,False,,0,0.0,,0.326,pass,0.479
9632,ok,10.0,False,10.0,7.0,638,False,0.0,False,,0,0.0,10.0,0.436,pass,0.559
9634,ok,10.0,False,10.0,9.0,1034,False,0.0,False,,0,0.0,,1.555,pass,2.04
9635,ok,36.0,False,36.0,7.0,1623,False,0.0,False,,0,0.0,,0.131,pass,0.234
9640,ok,10.0,False,10.0,8.0,493,False,0.0,False,,0,0.0,10.0,0.513,pass,0.654
9641,ok,10.0,False,10.0,10.0,750,False,0.0,False,,0,0.0,,0.705,pass,0.905
9646,ok,10.0,False,10.0,5.0,942,False,0.0,False,,0,0.0,10.0,0.135,pass,0.234
9650,ok,0.0,False,0.0,11.0,111,False,0.0,False,,0,,,0.243,pass,0.344
9651,ok,22.0,False,22.0,9.0,2195,False,0.0,False,,0,0.0,,0.115,pass,0.177
9655,ok,20.0,False,20.0,11.0,1423,False,0.0,False,,0,0.0,20.0,0.441,pass,0.647
9663,capped,1000.0,True,1000.0,7.0,47086,False,0.0,False,,0,0.0,,0.966,pass,1.415
9667,ok,0.0,False,0.0,12.0,143,False,0.0,False,,0,,100.0,1.45,pass,2.15
9668,ok,12.0,False,12.0,10.0,1283,False,0.0,False,,0,0.0,,0.114,pass,0.164
9670,ok,10.0,False,10.0,10.0,903,False,0.0,False,,0,0.0,,1.449,pass,2.056
9673,ok,114.0,False,114.0,13.0,11345,False,20.0,False,,0,0.0,,0.522,pass,0.714
9675,capped,1000.0,True,1000.0,9.0,52325,False,0.0,False,,0,0.0,,1.086,pass,1.464
9677,ok,20.0,False,20.0,6.0,1683,False,0.0,False,,0,0.0,,1.182,pass,1.762
9678,ok,10.0,False,10.0,9.0,529,False,0.0,False,,0,0.0,10.0,0.175,pass,0.254
9682,ok,10.0,False,10.0,8.0,952,False,0.0,False,,0,0.0,,0.523,pass,0.776
9683,ok,10.0,False,10.0,12.0,1368,False,0.0,False,,0,0.0,,0.16,pass,0.25
9690,ok,10.0,False,10.0,12.0,1341,False,0.0,False,,0,0.0,10.0,0.519,pass,0.704
9692,capped,1000.0,True,1000.0,9.0,112730,False,0.0,False,,0,0.0,,0.613,pass,0.944
9693,ok,10.0,False,10.0,8.0,511,False,0.0,False,,0,0.0,,0.211,pass,0.303
9697,ok,58.0,False,58.0,11.0,6505,False,0.0,False,,0,0.0,,0.448,pass,0.626
9698,capped,1000.0,True,1000.0,7.0,89546,False,0.0,False,,0,0.0,,0.202,pass,0.283
9700,ok,190.0,False,190.0,8.0,7524,False,95.0,False,,0,0.0,,0.462,pass,0.617
9701,ok,10.0,False,10.0,7.0,1207,False,0.0,False,,0,0.0,,0.28,pass,0.405
9703,ok,10.0,False,10.0,12.0,751,False,0.0,False,,0,0.0,10.0,1.515,pass,2.223
9705,ok,20.0,False,20.0,8.0,1456,False,4.0,False,,0,0.0,,2.025,pass,2.661
9708,capped,1000.0,True,1000.0,10.0,142245,False,0.0,False,,0,0.0,,0.777,pass,1.141
9711,ok,326.0,False,326.0,11.0,31901,False,0.0,False,,0,0.0,,0.846,pass,1.163
9713,capped,1000.0,True,1000.0,7.0,29725,False,786.0,False,,0,0.0,,5.011,pass,8.206
9716,ok,537.0,False,537.0,9.0,53256,False,0.0,False,,0,0.0,,0.112,pass,0.204
9717,ok,193.0,False,193.0,8.0,10558,False,0.0,False,,0,0.0,,0.427,pass,0.614
9718,capped,1000.0,True,1000.0,12.0,125313,False,0.0,False,,0,0.0,,23.563,timeout 15 s,15.199
9719,ok,12.0,False,12.0,8.0,554,False,0.0,False,,0,0.0,,0.405,pass,0.558
9721,ok,0.0,False,0.0,10.0,106,False,0.0,False,,0,,,0.616,pass,0.913
9722,ok,0.0,False,0.0,7.0,108,False,0.0,False,,0,,10.0,0.332,pass,0.478
9724,ok,6.0,False,6.0,8.0,408,False,0.0,False,,0,0.0,20.0,1.007,pass,1.459
9728,ok,8.0,False,8.0,8.0,1063,False,0.0,False,,0,0.0,,0.115,pass,0.173
9732,ok,50.0,False,50.0,7.0,3518,False,0.0,False,,0,0.0,,1.096,pass,1.604
9734,ok,50.0,False,50.0,12.0,6665,False,0.0,False,,0,0.0,50.0,1.25,pass,1.821
9736,ok,10.0,False,10.0,10.0,1065,False,0.0,False,,0,0.0,,28.558,timeout 15 s,15.061
9737,ok,853.0,False,853.0,7.0,70110,False,0.0,False,,0,0.0,,1.071,pass,1.45
9738,ok,659.0,False,659.0,7.0,26741,False,0.0,False,,0,0.0,,2.89,pass,4.188
9741,ok,19.0,False,19.0,13.0,1747,False,0.0,False,,0,0.0,,1.344,pass,1.974
9743,ok,20.0,False,20.0,7.0,1126,False,0.0,False,,0,0.0,20.0,0.53,pass,0.692
9744,ok,50.0,False,50.0,12.0,3072,False,0.0,False,,0,0.0,,1.587,pass,2.389
9745,ok,20.0,False,20.0,7.0,2167,False,0.0,False,,0,0.0,20.0,0.074,pass,0.103
9753,ok,10.0,False,10.0,7.0,1026,False,0.0,False,,0,0.0,,0.195,pass,0.287
9755,ok,20.0,False,20.0,8.0,1176,False,0.0,False,,0,0.0,,1.519,pass,2.337
9758,ok,12.0,False,12.0,8.0,1162,False,1.0,False,,0,0.0,,0.156,pass,0.222
9759,ok,10.0,False,10.0,7.0,551,False,0.0,False,,0,0.0,,5.476,pass,8.67
9764,ok,35.0,False,35.0,8.0,2687,False,0.0,False,,0,0.0,,0.175,pass,0.253
9766,capped,1000.0,True,1000.0,13.0,37276,False,0.0,False,,0,0.0,,0.997,pass,1.327
9767,ok,35.0,False,35.0,9.0,2713,False,0.0,False,,0,0.0,,0.184,pass,0.263
9768,capped,1000.0,True,1000.0,10.0,119461,False,0.0,False,,0,0.0,,0.753,pass,1.136
9769,ok,100.0,False,100.0,12.0,7133,False,0.0,False,,0,0.0,100.0,1.014,pass,1.385
9772,ok,22.0,False,22.0,8.0,1578,False,0.0,False,,0,0.0,,0.115,pass,0.182
9775,ok,20.0,False,20.0,10.0,935,False,0.0,False,,0,0.0,20.0,1.164,pass,1.697
9779,ok,18.0,False,18.0,6.0,991,False,5.0,False,,0,0.0,,0.121,pass,0.193
9787,ok,50.0,False,50.0,8.0,6096,False,0.0,False,,0,0.0,50.0,0.235,pass,0.323
9791,ok,0.0,False,0.0,7.0,101,False,0.0,False,,0,,10.0,0.899,pass,1.228
9793,ok,20.0,False,20.0,7.0,1676,False,0.0,False,,0,0.0,,3.294,pass,3.635
9794,ok,123.0,False,123.0,9.0,15087,False,92.0,False,,0,0.0,,1.184,pass,1.664
9795,ok,10.0,False,10.0,8.0,759,False,0.0,False,,0,0.0,,1.119,pass,1.653
9797,capped,1000.0,True,1000.0,9.0,56842,False,0.0,False,,0,0.0,,1.033,pass,1.358
9799,ok,38.0,False,38.0,7.0,1668,False,9.0,False,,0,0.0,,8.504,pass,10.03
9801,ok,10.0,False,10.0,12.0,938,False,0.0,False,,0,0.0,,0.821,pass,1.072
9803,capped,1000.0,True,1000.0,11.0,132824,False,0.0,False,,0,0.0,,0.626,pass,0.733
9809,ok,35.0,False,35.0,10.0,2668,False,0.0,False,,0,0.0,,0.437,pass,0.637
9812,ok,100.0,False,100.0,15.0,9495,False,0.0,False,,0,0.0,,2.588,pass,3.761
9814,ok,10.0,False,10.0,10.0,1283,False,0.0,False,,0,0.0,,1.278,pass,1.84
9815,ok,154.0,False,154.0,9.0,14035,False,91.0,False,,0,0.0,,0.746,pass,1.026
9816,ok,10.0,False,10.0,5.0,324,False,0.0,False,,0,0.0,,0.381,pass,0.623
9819,capped,1000.0,True,1000.0,8.0,31537,False,0.0,False,,0,0.0,,0.348,pass,0.527
9824,ok,39.0,False,39.0,7.0,2658,False,0.0,False,,0,0.0,,0.148,pass,0.198
9825,capped,1000.0,True,1000.0,8.0,103626,False,189.0,False,,0,0.0,,1.461,pass,2.104
9826,ok,0.0,False,0.0,6.0,72,False,0.0,False,,0,,,0.318,pass,0.452
9829,ok,5.0,False,5.0,7.0,341,False,0.0,False,,0,0.0,5.0,0.644,pass,0.845
9830,capped,1000.0,True,1000.0,8.0,94105,False,0.0,False,,0,0.0,,1.029,pass,1.544
9831,ok,74.0,False,74.0,8.0,5784,False,38.0,False,,0,0.0,,1.692,pass,2.348
9834,ok,370.0,False,370.0,6.0,23536,False,0.0,False,,0,0.0,10.0,1.515,pass,2.09
9838,ok,10.0,False,10.0,8.0,1042,False,0.0,False,,0,0.0,10.0,0.325,pass,0.489
9841,capped,1000.0,True,1000.0,16.0,82388,False,0.0,False,,0,0.0,,2.549,pass,3.746
9844,ok,83.0,False,83.0,8.0,9443,False,27.0,False,,0,0.0,,0.96,pass,1.396
9845,ok,20.0,False,20.0,6.0,1633,False,0.0,False,,0,0.0,,0.326,pass,0.446
9847,ok,12.0,False,12.0,7.0,1071,False,1.0,False,,0,0.0,,0.47,pass,0.656
9848,ok,10.0,False,10.0,8.0,526,False,0.0,False,,0,1.0,,1.36,pass,2.043
9851,ok,100.0,False,100.0,14.0,6465,False,0.0,False,,0,0.0,100.0,0.536,pass,0.84
9852,ok,0.0,False,0.0,8.0,88,False,0.0,False,,0,,,0.079,pass,0.11
9855,ok,5.0,False,5.0,8.0,335,False,0.0,False,,0,0.0,,0.204,pass,0.305
9856,ok,10.0,False,10.0,6.0,589,False,0.0,False,,0,0.0,10.0,0.864,pass,1.211
9859,ok,0.0,False,0.0,8.0,110,False,0.0,False,,0,,,0.066,pass,0.092
9860,ok,20.0,False,20.0,9.0,2242,False,0.0,False,,0,0.0,,1.123,pass,1.614
9861,capped,1000.0,True,1000.0,14.0,132600,False,0.0,False,,0,0.0,5.0,0.872,pass,1.253
9867,ok,39.0,False,39.0,9.0,6221,False,18.0,False,,0,0.0,,2.129,pass,3.077
9869,ok,0.0,False,0.0,8.0,94,False,0.0,False,,0,,,0.124,pass,0.18
9871,ok,12.0,False,12.0,6.0,655,False,1.0,False,,0,0.0,,0.904,pass,1.325
9874,ok,100.0,False,100.0,11.0,6288,False,0.0,False,,0,0.0,100.0,0.904,pass,1.072
9876,capped,1000.0,True,1000.0,10.0,122754,False,0.0,False,,0,0.0,,1.408,pass,2.018
9877,ok,10.0,False,10.0,8.0,710,False,0.0,False,,0,0.0,10.0,0.763,pass,0.88
9878,ok,50.0,False,50.0,12.0,2293,False,0.0,False,,0,0.0,50.0,1.837,pass,2.587
9880,ok,88.0,False,88.0,8.0,7619,False,0.0,False,,0,0.0,,0.109,pass,0.152
9886,ok,0.0,False,0.0,5.0,67,False,0.0,False,,0,,10.0,2.017,pass,2.94
9887,ok,50.0,False,50.0,13.0,3120,False,0.0,False,,0,0.0,50.0,1.057,pass,1.555
9898,ok,10.0,False,10.0,9.0,650,False,0.0,False,,0,0.0,,26.804,timeout 15 s,15.183
9902,ok,0.0,False,0.0,6.0,75,False,0.0,False,,0,,10.0,0.259,pass,0.385
9903,ok,10.0,False,10.0,10.0,626,False,0.0,False,,0,1.0,10.0,0.874,pass,1.036
9904,ok,54.0,False,54.0,7.0,1610,False,0.0,False,,0,0.0,,9.245,pass,10.08
9905,capped,1000.0,True,1000.0,10.0,142991,False,0.0,False,,0,0.0,,0.461,pass,0.628
9908,ok,10.0,False,10.0,8.0,1222,False,0.0,False,,0,0.0,,1.513,pass,2.063
9911,ok,10.0,False,10.0,8.0,423,False,0.0,False,,0,0.0,10.0,0.528,pass,0.684
9912,ok,20.0,False,20.0,6.0,1189,False,0.0,False,,0,0.0,,0.263,pass,0.404
9913,ok,853.0,False,853.0,4.0,16126,False,0.0,False,,0,0.0,,0.252,pass,0.386
9922,ok,36.0,False,36.0,8.0,2917,False,0.0,False,,0,0.0,,0.148,pass,0.212
9923,ok,6.0,False,6.0,9.0,902,False,0.0,False,,0,0.0,,0.671,pass,0.852
9925,ok,0.0,False,0.0,13.0,150,False,0.0,False,,0,,,0.119,pass,0.158
9926,ok,20.0,False,20.0,10.0,2474,False,0.0,False,,0,0.0,20.0,0.916,pass,1.362
9931,ok,12.0,False,12.0,9.0,1171,False,0.0,False,,0,0.0,,1.018,pass,1.45
9933,ok,10.0,False,10.0,9.0,593,False,0.0,False,,0,0.0,10.0,1.045,pass,1.412
9936,capped,1000.0,True,1000.0,10.0,67585,False,880.0,False,,0,0.0,,1.991,pass,2.895
9943,ok,625.0,False,625.0,10.0,61311,False,0.0,False,,0,0.0,,1.3,pass,1.837
9950,ok,10.0,False,10.0,6.0,733,False,0.0,False,,0,0.0,,1.54,pass,2.283
9951,capped,1000.0,True,1000.0,15.0,52792,False,0.0,False,,0,0.0,,0.91,pass,1.329
9952,ok,10.0,False,10.0,9.0,750,False,0.0,False,,0,0.0,1.0,4.644,pass,7.261
9955,ok,10.0,False,10.0,10.0,1366,False,0.0,False,,0,0.0,10.0,1.586,pass,2.308
9956,ok,10.0,False,10.0,9.0,1577,False,0.0,False,,0,0.0,,0.638,pass,0.945
9957,ok,100.0,False,100.0,14.0,9582,False,35.0,False,,0,0.0,,1.573,pass,2.315
9958,ok,100.0,False,100.0,11.0,5289,False,0.0,False,,0,0.0,100.0,0.898,pass,1.166
9960,ok,100.0,False,100.0,13.0,12578,False,0.0,False,,0,0.0,,0.639,pass,1.035
9963,ok,100.0,False,100.0,7.0,3091,False,0.0,False,,0,0.0,100.0,0.745,pass,0.953
9964,ok,35.0,False,35.0,7.0,1710,False,0.0,False,,0,0.0,,0.793,pass,1.189
9966,ok,4.0,False,4.0,5.0,239,False,0.0,False,,0,0.0,,0.449,pass,0.575
9971,ok,0.0,False,0.0,5.0,63,False,0.0,False,,0,,10.0,0.076,pass,0.099
9976,ok,0.0,False,0.0,11.0,124,False,0.0,False,,0,,10.0,1.153,pass,1.634
9978,ok,10.0,False,10.0,10.0,880,False,0.0,False,,0,0.0,,0.568,pass,0.833
9979,ok,10.0,False,10.0,7.0,937,False,5.0,False,,0,0.0,10.0,0.168,pass,0.247
9981,ok,0.0,False,0.0,9.0,95,False,0.0,False,,0,,10.0,0.09,pass,0.121
9986,ok,10.0,False,10.0,11.0,859,False,0.0,False,,0,0.0,10.0,0.884,pass,1.234
9991,ok,10.0,False,10.0,12.0,604,False,0.0,False,,0,0.0,,1.22,pass,1.868
9993,ok,35.0,False,35.0,11.0,3212,False,0.0,False,,0,0.0,,0.375,pass,0.594
9994,ok,10.0,False,10.0,10.0,1525,False,0.0,False,,0,0.0,,0.711,pass,1.038
9996,ok,10.0,False,10.0,12.0,877,False,0.0,False,,0,0.0,,0.845,pass,1.235
9998,ok,10.0,False,10.0,7.0,707,False,0.0,False,,0,0.0,10.0,0.209,pass,0.306
10000,ok,0.0,False,0.0,9.0,106,False,0.0,False,,0,,,0.824,pass,0.094
10004,ok,10.0,False,10.0,9.0,712,False,0.0,False,,0,0.0,,0.244,pass,0.376
10006,capped,1000.0,True,1000.0,14.0,95807,False,0.0,False,,0,0.0,,2.126,pass,3.064
10007,capped,1000.0,True,1000.0,9.0,96403,False,0.0,False,,0,0.0,,2.509,pass,3.757
10008,ok,100.0,False,100.0,9.0,12266,False,0.0,False,,0,0.0,100.0,0.192,pass,0.194
10009,capped,1000.0,True,1000.0,7.0,80783,False,0.0,False,,0,0.0,,0.539,pass,0.837
10010,ok,10.0,False,10.0,8.0,709,False,0.0,False,,0,0.0,10.0,0.223,pass,0.319
10011,capped,1000.0,True,1000.0,12.0,87897,False,0.0,False,,0,0.0,,2.133,pass,3.076
10016,capped,1000.0,True,1000.0,9.0,66743,False,0.0,False,,0,0.0,,0.184,pass,0.269
10017,ok,4.0,False,4.0,9.0,424,False,0.0,False,,0,0.0,,0.203,pass,0.306
10018,ok,6.0,False,6.0,4.0,304,False,0.0,False,G103,6,38.0,,0.074,pass,0.107
10021,ok,100.0,False,100.0,10.0,4082,False,0.0,False,,0,0.0,100.0,0.735,pass,1.007
10023,capped,1000.0,True,1000.0,11.0,75647,False,0.0,False,,0,0.0,,10.74,timeout 15 s,15.065
10026,capped,1000.0,True,1000.0,8.0,35333,False,0.0,False,,0,0.0,,2.564,pass,3.862
10028,ok,6.0,False,6.0,4.0,300,False,0.0,False,,0,1.0,,0.079,pass,0.107
10029,ok,6.0,False,6.0,5.0,460,False,0.0,False,,0,0.0,,0.109,pass,0.159
10030,capped,1000.0,True,1000.0,14.0,109263,False,0.0,False,,0,0.0,,4.949,pass,7.31
10031,capped,1000.0,True,1000.0,15.0,112406,False,0.0,False,,0,0.0,,6.793,pass,10.274
10035,ok,100.0,False,100.0,4.0,4237,False,0.0,False,,0,0.0,100.0,0.538,pass,0.698
10036,capped,1000.0,True,1000.0,5.0,22659,False,0.0,False,,0,0.0,,1.412,pass,1.91
10042,capped,1000.0,True,1000.0,10.0,65727,False,0.0,False,,0,0.0,,1.313,pass,2.015
10043,capped,1000.0,True,1000.0,13.0,82398,False,0.0,False,,0,0.0,,2.299,pass,3.309
10044,ok,10.0,False,10.0,6.0,620,False,0.0,False,,0,0.0,,0.556,pass,0.746
10051,ok,100.0,False,100.0,10.0,11583,False,0.0,False,,0,0.0,100.0,0.541,pass,0.744
10053,capped,1000.0,True,1000.0,8.0,57936,False,3.0,False,,0,0.0,10.0,0.831,pass,1.237
10054,ok,6.0,False,6.0,4.0,304,False,0.0,False,,0,1.0,,0.079,pass,0.11
10056,capped,1000.0,True,1000.0,10.0,57373,False,0.0,False,,0,0.0,,2.934,pass,4.671
10057,ok,10.0,False,10.0,8.0,459,False,0.0,False,,0,0.0,,1.061,pass,1.596
10060,ok,100.0,False,100.0,13.0,16692,False,56.0,False,,0,0.0,100.0,25.999,timeout 15 s,15.169
10061,ok,6.0,False,6.0,6.0,417,False,0.0,False,,0,0.0,,0.448,pass,0.631
10063,ok,6.0,False,6.0,5.0,333,False,0.0,False,,0,0.0,,0.101,pass,0.148
10064,ok,0.0,False,0.0,11.0,130,False,0.0,False,,0,,,1.616,pass,2.127
10065,ok,6.0,False,6.0,3.0,277,False,0.0,False,,0,17.0,,0.073,pass,0.108
10066,ok,8.0,False,8.0,4.0,326,False,0.0,False,,0,0.0,,0.934,pass,1.332
10068,ok,100.0,False,100.0,9.0,5126,False,0.0,False,,0,0.0,100.0,0.4,pass,0.534
10069,ok,10.0,False,10.0,9.0,583,False,0.0,False,,0,0.0,,1.098,pass,1.679
10074,ok,1.0,False,1.0,16.0,341,False,0.0,False,,0,0.0,,0.268,pass,0.401
10075,ok,4.0,False,4.0,5.0,234,False,0.0,False,,0,0.0,,0.077,pass,0.11
10076,capped,1000.0,True,1000.0,12.0,100556,False,0.0,False,,0,0.0,,0.154,pass,0.235
10078,capped,1000.0,True,1000.0,14.0,83547,False,0.0,False,,0,0.0,,0.274,pass,0.427
10083,ok,1.0,False,1.0,7.0,160,False,0.0,False,,0,0.0,,0.197,pass,0.284
10085,ok,6.0,False,6.0,4.0,318,False,0.0,False,G32,18,39.0,,0.077,pass,0.124
10092,capped,1000.0,True,1000.0,14.0,84388,False,0.0,False,,0,0.0,,1.839,pass,2.704
10093,ok,100.0,False,100.0,10.0,11050,False,0.0,False,,0,0.0,100.0,0.862,pass,1.214
10094,capped,1000.0,True,1000.0,13.0,95183,False,0.0,False,,0,0.0,,9.653,pass,13.911
10096,ok,100.0,False,100.0,5.0,3155,False,0.0,False,,0,0.0,100.0,1.036,pass,1.358
10098,ok,10.0,False,10.0,7.0,633,False,0.0,False,,0,0.0,,0.571,pass,0.748
10099,ok,6.0,False,6.0,4.0,307,False,0.0,False,G192,1,3.0,,0.25,pass,0.368
10102,ok,10.0,False,10.0,8.0,547,False,0.0,False,G193,0,6.0,,0.501,pass,0.671
10105,ok,100.0,False,100.0,8.0,7761,False,0.0,False,,0,0.0,100.0,1.059,pass,1.656
10106,ok,109.0,False,109.0,9.0,9004,False,0.0,False,,0,0.0,,1.057,pass,1.633
10107,ok,100.0,False,100.0,11.0,14738,False,11.0,False,,0,0.0,100.0,0.536,pass,0.744
10108,ok,100.0,False,100.0,14.0,11694,False,0.0,False,,0,0.0,100.0,6.216,pass,9.689
10111,ok,100.0,False,100.0,7.0,9607,False,0.0,False,,0,0.0,100.0,0.717,pass,0.974
10113,ok,6.0,False,6.0,4.0,314,False,0.0,False,,0,0.0,,0.069,pass,0.099
10114,capped,1000.0,True,1000.0,11.0,60803,False,0.0,False,,0,0.0,,0.937,pass,1.381
10116,ok,31.0,False,31.0,10.0,2831,False,0.0,False,,0,0.0,100.0,0.177,pass,0.251
10117,ok,6.0,False,6.0,2.0,130,False,0.0,False,G104,6,9.0,,0.071,pass,0.102
10118,ok,1.0,False,1.0,12.0,355,False,0.0,False,,0,0.0,,0.406,pass,0.624
10119,ok,6.0,False,6.0,3.0,273,False,0.0,False,,0,1.0,,0.085,pass,0.123
10123,capped,1000.0,True,1000.0,11.0,56901,False,0.0,False,,0,0.0,,1.006,pass,1.343
10125,ok,537.0,False,537.0,13.0,49373,False,0.0,False,,0,0.0,,0.116,pass,0.172
10127,ok,10.0,False,10.0,7.0,830,False,0.0,False,,0,0.0,,0.839,pass,1.233
10130,ok,6.0,False,6.0,6.0,478,False,0.0,False,,0,0.0,,0.445,pass,0.65
10131,ok,100.0,False,100.0,4.0,2822,False,0.0,False,,0,0.0,100.0,0.433,pass,0.584
10133,ok,100.0,False,100.0,4.0,2802,False,0.0,False,,0,0.0,100.0,0.43,pass,0.613
10136,capped,1000.0,True,1000.0,8.0,130952,False,0.0,False,,0,0.0,,0.918,pass,1.41
10137,capped,1000.0,True,1000.0,9.0,56885,False,0.0,False,,0,0.0,,0.833,pass,1.104
10140,ok,100.0,False,100.0,11.0,7420,False,0.0,False,,0,0.0,100.0,0.678,pass,0.962
10141,ok,1.0,False,1.0,9.0,267,False,0.0,False,,0,0.0,,0.238,pass,0.314
10144,ok,100.0,False,100.0,12.0,12156,False,0.0,False,,0,0.0,,0.424,pass,0.622
10147,ok,100.0,False,100.0,10.0,11971,False,0.0,False,,0,0.0,100.0,0.774,pass,1.101
10149,ok,6.0,False,6.0,6.0,370,False,0.0,False,,0,0.0,,0.947,pass,1.42
10150,capped,1000.0,True,1000.0,11.0,164231,False,0.0,False,,0,0.0,,2.171,pass,3.394
10152,capped,1000.0,True,1000.0,8.0,28708,False,0.0,False,G86,0,10.0,,0.497,pass,0.789
10155,ok,14.0,False,14.0,7.0,624,False,0.0,False,,0,0.0,,1.076,pass,1.576
10159,ok,100.0,False,100.0,14.0,9727,False,0.0,False,,0,0.0,100.0,5.036,pass,6.184
10161,capped,1000.0,True,1000.0,9.0,50957,False,0.0,False,,0,0.0,,0.887,pass,1.293
10162,ok,6.0,False,6.0,3.0,175,False,0.0,False,,0,0.0,,0.076,pass,0.107
10163,capped,1000.0,True,1000.0,8.0,28708,False,0.0,False,G86,0,10.0,,0.501,pass,0.785
10165,ok,6.0,False,6.0,4.0,303,False,0.0,False,,0,38.0,,0.076,pass,0.11
10166,capped,1000.0,True,1000.0,6.0,67328,False,0.0,False,,0,0.0,,0.387,pass,0.543
10169,capped,1000.0,True,1000.0,14.0,132494,False,0.0,False,,0,0.0,,0.195,pass,0.283
10170,ok,10.0,False,10.0,7.0,462,False,0.0,False,,0,0.0,,0.968,pass,1.394
10171,ok,100.0,False,100.0,13.0,9987,False,0.0,False,,0,0.0,100.0,0.103,pass,0.153
10176,ok,6.0,False,6.0,4.0,313,False,0.0,False,,0,39.0,,0.075,pass,0.111
10177,ok,100.0,False,100.0,8.0,11714,False,0.0,False,,0,0.0,100.0,1.146,pass,1.534
10181,ok,100.0,False,100.0,9.0,8081,False,0.0,False,,0,0.0,100.0,2.019,pass,3.108
10182,ok,10.0,False,10.0,5.0,413,False,0.0,False,,0,0.0,10.0,0.287,pass,0.413
10183,capped,1000.0,True,1000.0,16.0,91058,False,0.0,False,,0,0.0,,3.23,pass,4.892
10184,ok,10.0,False,10.0,7.0,740,False,0.0,False,,0,0.0,,0.434,pass,0.646
10185,ok,6.0,False,6.0,7.0,471,False,0.0,False,,0,0.0,,1.454,pass,2.142
10186,ok,6.0,False,6.0,4.0,303,False,0.0,False,,0,38.0,,0.075,pass,0.108
10187,ok,4.0,False,4.0,5.0,237,False,0.0,False,,0,0.0,,0.595,pass,0.857
10189,ok,1.0,False,1.0,2.0,48,False,0.0,False,,0,0.0,,0.193,pass,0.247
10190,ok,6.0,False,6.0,4.0,300,False,0.0,False,G34,19,38.0,,0.075,pass,0.108
10191,capped,1000.0,True,1000.0,9.0,49077,False,0.0,False,,0,0.0,,1.702,pass,2.495
10193,capped,1000.0,True,1000.0,11.0,72382,False,0.0,False,,0,0.0,,0.362,pass,0.52
10199,ok,6.0,False,6.0,4.0,300,False,0.0,False,G34,19,38.0,,0.076,pass,0.107
10204,ok,10.0,False,10.0,9.0,933,False,0.0,False,,0,0.0,10.0,0.596,pass,0.823
10207,ok,100.0,False,100.0,8.0,8582,False,0.0,False,,0,0.0,100.0,0.222,pass,0.311
10209,capped,1000.0,True,1000.0,11.0,73410,False,0.0,False,,0,0.0,,5.219,pass,8.143
10210,ok,6.0,False,6.0,4.0,417,False,0.0,False,,0,2.0,,0.111,pass,0.18
10212,capped,1000.0,True,1000.0,5.0,37055,False,0.0,False,,0,0.0,,0.306,pass,0.432
10213,capped,1000.0,True,1000.0,9.0,54100,False,0.0,False,,0,0.0,,1.231,pass,1.667
10214,ok,100.0,False,100.0,14.0,12711,False,0.0,False,,0,0.0,100.0,1.668,pass,2.354
10215,ok,100.0,False,100.0,10.0,14207,False,0.0,False,,0,0.0,100.0,1.6,pass,2.628
10216,ok,10.0,False,10.0,8.0,550,False,0.0,False,,0,6.0,,0.525,pass,0.71
10217,ok,10.0,False,10.0,8.0,591,False,0.0,False,,0,0.0,10.0,1.402,pass,2.08
10218,ok,42.0,False,42.0,6.0,1820,False,1.0,False,,0,0.0,10.0,1.775,pass,2.086
10220,ok,6.0,False,6.0,4.0,322,False,0.0,False,,0,1.0,,0.077,pass,0.108
10221,capped,1000.0,True,1000.0,11.0,46378,False,0.0,False,,0,0.0,,1.409,pass,2.114
10223,ok,100.0,False,100.0,9.0,9248,False,0.0,False,,0,0.0,100.0,7.074,pass,10.512
10226,capped,1000.0,True,1000.0,12.0,35767,False,0.0,False,,0,2.0,,0.91,pass,1.267
10227,ok,10.0,False,10.0,6.0,768,False,0.0,False,,0,0.0,10.0,0.999,pass,1.291
10230,ok,6.0,False,6.0,4.0,300,False,0.0,False,G34,19,38.0,,0.077,pass,0.109
10231,ok,100.0,False,100.0,10.0,6740,False,0.0,False,,0,0.0,100.0,0.957,pass,1.351
10232,capped,1000.0,True,1000.0,6.0,109048,False,0.0,False,,0,0.0,,0.087,pass,0.121
10233,capped,1000.0,True,1000.0,9.0,31347,False,0.0,False,,0,0.0,,1.235,pass,1.924
10235,ok,6.0,False,6.0,2.0,130,False,0.0,False,,0,0.0,,0.074,pass,0.103
10238,ok,10.0,False,10.0,7.0,494,False,0.0,False,,0,0.0,,2.063,pass,3.133
10239,capped,1000.0,True,1000.0,10.0,47965,False,118.0,False,,0,0.0,,0.27,pass,0.469
10241,ok,10.0,False,10.0,7.0,828,False,0.0,False,,0,0.0,,0.608,pass,0.803
10246,ok,100.0,False,100.0,11.0,5773,False,0.0,False,,0,0.0,100.0,14.976,timeout 15 s,15.215
10247,ok,6.0,False,6.0,6.0,425,False,0.0,False,G257,1,3.0,,0.097,pass,0.143
10252,ok,6.0,False,6.0,4.0,206,False,0.0,False,,0,0.0,,0.478,pass,0.68
10253,ok,6.0,False,6.0,5.0,355,False,0.0,False,G160,2,4.0,,0.226,pass,0.329
10254,ok,100.0,False,100.0,8.0,6009,False,0.0,False,,0,0.0,100.0,0.064,pass,0.088
10255,ok,100.0,False,100.0,10.0,9516,False,0.0,False,,0,0.0,100.0,1.401,pass,2.031
10256,ok,0.0,False,0.0,10.0,117,False,0.0,False,,0,,100.0,0.248,pass,0.355
10261,ok,6.0,False,6.0,9.0,829,False,0.0,False,,0,0.0,,0.514,pass,0.751
10266,capped,1000.0,True,1000.0,9.0,51340,False,0.0,False,,0,0.0,,5.176,pass,8.322
10268,ok,23.0,False,23.0,4.0,1297,False,0.0,False,,0,0.0,,0.106,pass,0.148
10269,ok,100.0,False,100.0,5.0,2615,False,0.0,False,,0,0.0,100.0,1.765,pass,2.61
10271,ok,100.0,False,100.0,9.0,8555,False,0.0,False,,0,1.0,100.0,0.126,pass,0.223
10272,capped,1000.0,True,1000.0,10.0,80144,False,0.0,False,,0,0.0,,0.112,pass,0.174
10274,ok,10.0,False,10.0,9.0,499,False,0.0,False,,0,0.0,,1.121,pass,1.657
10277,capped,1000.0,True,1000.0,10.0,31660,False,0.0,False,,0,0.0,,0.686,pass,1.1
10280,capped,1000.0,True,1000.0,11.0,51121,False,0.0,False,,0,0.0,,1.42,pass,2.131
10281,ok,100.0,False,100.0,9.0,11911,False,0.0,False,,0,0.0,100.0,0.751,pass,1.087
10283,capped,1000.0,True,1000.0,5.0,36045,False,0.0,False,,0,0.0,,0.404,pass,0.633
10284,ok,100.0,False,100.0,3.0,1597,False,0.0,False,,0,0.0,100.0,0.317,pass,0.354
10285,ok,4.0,False,4.0,6.0,546,False,0.0,False,,0,0.0,,1.121,pass,1.827
10286,capped,1000.0,True,1000.0,10.0,82460,False,0.0,False,,0,0.0,,0.669,pass,0.927
10287,capped,1000.0,True,1000.0,10.0,52262,False,0.0,False,,0,0.0,,0.176,pass,0.255
10288,ok,537.0,False,537.0,11.0,47798,False,0.0,False,,0,0.0,,0.113,pass,0.172
10296,ok,6.0,False,6.0,4.0,304,False,0.0,False,,0,1.0,,0.074,pass,0.106
10297,ok,100.0,False,100.0,9.0,5963,False,0.0,False,,0,0.0,100.0,0.979,pass,1.369
10301,capped,1000.0,True,1000.0,8.0,28366,False,907.0,False,,0,0.0,1.0,3.322,pass,5.305
10302,capped,1000.0,True,1000.0,10.0,95428,False,0.0,False,,0,0.0,,0.206,pass,0.299
10303,capped,1000.0,True,1000.0,9.0,75756,False,0.0,False,,0,0.0,,1.141,pass,1.549
10304,ok,6.0,False,6.0,7.0,647,False,0.0,False,,0,0.0,,0.64,pass,0.897
10306,capped,1000.0,True,1000.0,8.0,49139,False,0.0,False,,0,0.0,,0.573,pass,0.789
10307,capped,1000.0,True,1000.0,13.0,94434,False,0.0,False,,0,0.0,,0.137,pass,0.198
10308,ok,6.0,False,6.0,4.0,201,False,0.0,False,,0,0.0,,0.178,pass,0.262
10309,capped,1000.0,True,1000.0,11.0,128063,False,0.0,False,,0,0.0,,0.538,pass,0.836
10310,ok,100.0,False,100.0,10.0,9613,False,0.0,False,,0,0.0,100.0,0.99,pass,1.545
10312,capped,1000.0,True,1000.0,9.0,77446,False,0.0,False,,0,0.0,,1.657,pass,2.48
10313,ok,100.0,False,100.0,10.0,8476,False,0.0,False,,0,0.0,100.0,0.665,pass,0.93
10314,capped,1000.0,True,1000.0,11.0,34747,False,0.0,False,G258,0,2.0,,0.762,pass,1.042
10315,capped,1000.0,True,1000.0,12.0,117785,False,0.0,False,,0,0.0,,1.433,pass,2.22
10316,capped,1000.0,True,1000.0,7.0,130782,False,0.0,False,,0,0.0,,0.276,pass,0.441
10318,ok,100.0,False,100.0,9.0,7695,False,0.0,False,,0,0.0,,2.663,pass,4.415
10322,ok,5.0,False,5.0,4.0,256,False,0.0,False,,0,0.0,,0.084,pass,0.121
10325,ok,100.0,False,100.0,10.0,4592,False,0.0,False,,0,0.0,100.0,0.841,pass,1.13
10327,ok,100.0,False,100.0,10.0,11997,False,0.0,False,,0,0.0,100.0,0.759,pass,1.098
10328,capped,1000.0,True,1000.0,6.0,33468,False,0.0,False,,0,0.0,,1.017,pass,1.41
10331,ok,100.0,False,100.0,13.0,9258,False,0.0,False,,0,0.0,,3.293,pass,4.733
10332,ok,100.0,False,100.0,6.0,3646,False,0.0,False,,0,0.0,100.0,0.8,pass,1.139
10333,ok,100.0,False,100.0,9.0,11785,False,0.0,False,G259,0,2.0,100.0,0.75,pass,1.071
10334,ok,6.0,False,6.0,7.0,425,False,0.0,False,,0,0.0,,0.712,pass,1.029
10336,ok,10.0,False,10.0,7.0,789,False,0.0,False,,0,1.0,,0.618,pass,0.806
10338,capped,1000.0,True,1000.0,15.0,95956,False,0.0,False,,0,0.0,,13.887,timeout 15 s,15.179
10342,ok,100.0,False,100.0,6.0,5068,False,0.0,False,,0,0.0,100.0,0.564,pass,0.778
10346,ok,6.0,False,6.0,9.0,541,False,0.0,False,,0,0.0,,0.441,pass,0.628
10347,ok,6.0,False,6.0,4.0,307,False,0.0,False,G192,0,3.0,,0.258,pass,0.368
10348,capped,1000.0,True,1000.0,11.0,47251,False,0.0,False,,0,0.0,,2.142,pass,3.071
10349,ok,100.0,False,100.0,9.0,7295,False,0.0,False,,0,0.0,100.0,1.014,pass,1.478
10350,capped,1000.0,True,1000.0,14.0,130184,False,0.0,False,,0,0.0,,0.829,pass,1.208
10351,ok,100.0,False,100.0,11.0,13789,False,0.0,False,,0,0.0,100.0,0.758,pass,1.106
10356,ok,8.0,False,8.0,6.0,425,False,0.0,False,,0,0.0,,0.867,pass,1.295
10359,ok,0.0,False,0.0,13.0,143,False,0.0,False,,0,,,1.375,pass,2.047
10360,ok,0.0,False,0.0,13.0,154,False,0.0,False,,0,,,0.11,pass,0.155
10363,ok,10.0,False,10.0,4.0,342,False,0.0,False,G194,0,3.0,10.0,0.435,pass,0.587
10364,ok,100.0,False,100.0,14.0,13310,False,0.0,False,,0,0.0,100.0,12.246,timeout 15 s,15.066
10365,ok,100.0,False,100.0,12.0,13825,False,0.0,False,,0,0.0,100.0,1.016,pass,1.5
10367,ok,6.0,False,6.0,4.0,300,False,0.0,False,G34,19,38.0,,0.075,pass,0.108
10368,ok,10.0,False,10.0,11.0,698,False,0.0,False,,0,0.0,10.0,1.269,pass,1.845
10370,ok,100.0,False,100.0,12.0,5427,False,0.0,False,,0,0.0,100.0,2.172,pass,3.025
10371,ok,100.0,False,100.0,10.0,8554,False,0.0,False,,0,0.0,100.0,0.645,pass,0.878
10372,capped,1000.0,True,1000.0,12.0,100264,False,0.0,False,,0,0.0,,1.122,pass,2.679
10377,ok,100.0,False,100.0,6.0,4110,False,0.0,False,,0,0.0,100.0,17.976,timeout 15 s,15.251
10378,ok,0.0,False,0.0,10.0,121,False,0.0,False,,0,,,0.752,pass,1.154
10379,capped,1000.0,True,1000.0,7.0,66150,False,0.0,False,,0,0.0,,0.131,pass,0.244
10380,ok,4.0,False,4.0,10.0,430,False,0.0,False,,0,0.0,,0.075,pass,0.1
10381,ok,10.0,False,10.0,8.0,454,False,0.0,False,,0,1.0,,1.106,pass,1.638
10382,capped,1000.0,True,1000.0,7.0,26695,False,0.0,False,,0,1.0,,0.499,pass,0.8
10383,ok,10.0,False,10.0,7.0,433,False,0.0,False,,0,0.0,,0.489,pass,0.708
10384,ok,6.0,False,6.0,7.0,433,False,0.0,False,,0,0.0,,5.498,pass,7.888
10386,ok,100.0,False,100.0,14.0,11332,False,0.0,False,,0,0.0,100.0,0.866,pass,1.239
10387,capped,1000.0,True,1000.0,10.0,72365,False,0.0,False,,0,0.0,,1.75,pass,2.527
10391,capped,1000.0,True,1000.0,11.0,76026,False,0.0,False,,0,0.0,,0.829,pass,1.225
10393,capped,1000.0,True,1000.0,8.0,53641,False,0.0,False,,0,0.0,,9.72,pass,14.671
10395,capped,1000.0,True,1000.0,5.0,26988,False,0.0,False,,0,0.0,,2.26,pass,3.366
10397,ok,6.0,False,6.0,5.0,463,False,0.0,False,,0,0.0,,0.08,pass,0.113
10398,ok,100.0,False,100.0,7.0,3765,False,0.0,False,,0,0.0,100.0,0.626,pass,0.878
10399,capped,1000.0,True,1000.0,15.0,124963,False,63.0,False,,0,0.0,,2.775,pass,4.299
10403,ok,537.0,False,537.0,13.0,49937,False,0.0,False,,0,0.0,,0.113,pass,0.204
10406,capped,1000.0,True,1000.0,15.0,99558,False,562.0,False,,0,0.0,,2.167,pass,3.441
10408,ok,100.0,False,100.0,5.0,4602,False,0.0,False,,0,0.0,100.0,0.74,pass,0.952
10410,capped,1000.0,True,1000.0,11.0,111624,False,0.0,False,,0,0.0,1000.0,2.419,pass,4.06
10414,ok,0.0,False,0.0,10.0,128,False,0.0,False,,0,,,0.127,pass,0.174
10415,capped,1000.0,True,1000.0,9.0,75485,False,0.0,False,,0,0.0,,0.785,pass,1.211
10417,ok,100.0,False,100.0,11.0,9572,False,0.0,False,,0,0.0,100.0,1.422,pass,2.063
10418,ok,100.0,False,100.0,10.0,7875,False,0.0,False,,0,0.0,100.0,0.142,pass,0.269
10422,ok,0.0,False,0.0,12.0,136,False,0.0,False,,0,,,0.071,pass,0.1
10423,capped,1000.0,True,1000.0,10.0,39293,False,0.0,False,,0,0.0,,0.947,pass,1.264
10426,ok,10.0,False,10.0,8.0,430,False,0.0,False,,0,0.0,,0.571,pass,0.82
10427,capped,1000.0,True,1000.0,14.0,95522,False,0.0,False,,0,0.0,,0.106,pass,0.156
10428,ok,6.0,False,6.0,8.0,469,False,0.0,False,,0,0.0,,1.941,pass,2.815
10430,ok,100.0,False,100.0,10.0,5577,False,0.0,False,,0,0.0,100.0,1.572,pass,2.316
10433,ok,6.0,False,6.0,7.0,411,False,0.0,False,,0,0.0,,0.761,pass,1.029
10434,ok,6.0,False,6.0,5.0,336,False,0.0,False,,0,0.0,,0.63,pass,0.975
10435,ok,6.0,False,6.0,6.0,290,False,0.0,False,,0,0.0,,0.079,pass,0.114
10437,ok,0.0,False,0.0,9.0,108,False,0.0,False,,0,,10.0,4.24,pass,6.444
10438,ok,6.0,False,6.0,5.0,257,False,0.0,False,,0,0.0,,0.739,pass,1.06
10440,ok,0.0,False,0.0,12.0,133,False,0.0,False,,0,,100.0,1.438,pass,2.044
10441,ok,6.0,False,6.0,6.0,273,False,0.0,False,,0,0.0,,0.709,pass,0.959
10443,ok,100.0,False,100.0,4.0,1804,False,0.0,False,,0,0.0,100.0,0.475,pass,0.606
10444,ok,100.0,False,100.0,12.0,9233,False,0.0,False,,0,0.0,100.0,0.744,pass,1.143
10448,ok,100.0,False,100.0,9.0,9724,False,0.0,False,,0,0.0,100.0,1.51,pass,2.176
10450,capped,1000.0,True,1000.0,14.0,85722,False,0.0,False,,0,0.0,,3.068,pass,4.612
10452,ok,0.0,False,0.0,10.0,146,False,0.0,False,,0,,,0.108,pass,0.134
10453,capped,1000.0,True,1000.0,8.0,28705,False,0.0,False,G260,0,10.0,,0.622,pass,0.861
10456,ok,6.0,False,6.0,4.0,300,False,0.0,False,G34,19,38.0,,0.077,pass,0.108
10457,ok,10.0,False,10.0,8.0,603,False,0.0,False,,0,0.0,,2.655,pass,3.908
10459,capped,1000.0,True,1000.0,4.0,39628,False,0.0,False,,0,1.0,,0.5,pass,0.666
10460,ok,35.0,False,35.0,7.0,2197,False,0.0,False,,0,0.0,,0.073,pass,0.099
10461,ok,10.0,False,10.0,4.0,432,False,0.0,False,,0,0.0,10.0,0.256,pass,0.338
10464,ok,10.0,False,10.0,6.0,435,False,0.0,False,,0,0.0,,0.491,pass,0.655
10465,capped,1000.0,True,1000.0,11.0,37854,False,0.0,False,,0,0.0,,13.514,timeout 15 s,15.208
10467,capped,1000.0,True,1000.0,14.0,116058,False,0.0,False,,0,0.0,,0.674,pass,0.988
10469,capped,1000.0,True,1000.0,11.0,97963,False,764.0,False,,0,0.0,,3.772,pass,5.444
10470,ok,8.0,False,8.0,5.0,380,False,0.0,False,,0,0.0,,0.79,pass,1.105
10472,capped,1000.0,True,1000.0,9.0,48024,False,0.0,False,,0,0.0,,0.781,pass,1.153
10473,ok,6.0,False,6.0,4.0,420,False,0.0,False,,0,0.0,,0.112,pass,0.163
10474,capped,1000.0,True,1000.0,8.0,28708,False,0.0,False,G86,0,10.0,,0.628,pass,0.867
10475,ok,100.0,False,100.0,9.0,7628,False,0.0,False,,0,0.0,,0.871,pass,1.391
10477,ok,6.0,False,6.0,4.0,317,False,0.0,False,G68,8,39.0,,0.074,pass,0.107
10478,ok,1.0,False,1.0,6.0,125,False,0.0,False,,0,0.0,,0.185,pass,0.271
10480,ok,100.0,False,100.0,11.0,7512,False,0.0,False,,0,0.0,100.0,0.722,pass,1.058
10481,ok,100.0,False,100.0,12.0,5259,False,0.0,False,,0,0.0,100.0,0.704,pass,0.995
10486,ok,100.0,False,100.0,10.0,13266,False,0.0,False,,0,0.0,100.0,4.611,pass,6.902
10488,ok,6.0,False,6.0,5.0,464,False,0.0,False,G261,1,2.0,,0.078,pass,0.113
10490,ok,0.0,False,0.0,11.0,132,False,0.0,False,,0,,100.0,4.711,pass,7.24
10491,capped,1000.0,True,1000.0,8.0,47452,False,0.0,False,,0,0.0,,2.05,pass,3.118
10493,ok,100.0,False,100.0,9.0,11137,False,0.0,False,,0,0.0,100.0,2.72,pass,4.171
10495,ok,100.0,False,100.0,11.0,10666,False,0.0,False,,0,0.0,100.0,0.222,pass,0.317
10497,capped,1000.0,True,1000.0,9.0,85282,False,0.0,False,,0,0.0,,1.053,pass,1.496
10501,capped,1000.0,True,1000.0,9.0,39635,False,0.0,False,,0,0.0,,2.212,pass,3.282
10507,ok,6.0,False,6.0,3.0,273,False,0.0,False,G121,4,17.0,,0.076,pass,0.107
10509,capped,1000.0,True,1000.0,10.0,55499,False,0.0,False,,0,0.0,,1.022,pass,1.437
10514,ok,4.0,False,4.0,4.0,224,False,0.0,False,G195,0,2.0,,0.065,pass,0.088
10518,capped,1000.0,True,1000.0,11.0,70799,False,0.0,False,,0,0.0,1.0,18.767,timeout 15 s,15.243
10519,ok,550.0,False,550.0,9.0,42429,False,0.0,False,,0,0.0,,0.261,pass,0.289
10523,ok,0.0,False,0.0,4.0,62,False,0.0,False,,0,,10.0,0.421,pass,0.639
10526,capped,1000.0,True,1000.0,8.0,27713,False,0.0,False,,0,0.0,,0.571,pass,0.862
10528,capped,1000.0,True,1000.0,8.0,82396,False,1.0,False,,0,0.0,,0.376,pass,0.545
10529,capped,1000.0,True,1000.0,17.0,129083,False,0.0,False,,0,0.0,,2.682,pass,3.853
10530,ok,100.0,False,100.0,10.0,10876,False,0.0,False,,0,0.0,100.0,1.035,pass,1.623
10531,ok,100.0,False,100.0,9.0,7695,False,0.0,False,,0,0.0,100.0,0.138,pass,0.237
10532,ok,1.0,False,1.0,4.0,141,False,0.0,False,,0,0.0,,0.093,pass,0.129
10533,capped,1000.0,True,1000.0,11.0,45162,False,0.0,False,,0,0.0,,0.452,pass,0.647
10534,ok,6.0,False,6.0,6.0,370,False,0.0,False,,0,0.0,,0.077,pass,0.111
10535,ok,4.0,False,4.0,4.0,215,False,0.0,False,,0,0.0,,0.076,pass,0.107
10536,ok,100.0,False,100.0,10.0,8958,False,0.0,False,,0,0.0,100.0,0.148,pass,0.214
10537,ok,1.0,False,1.0,8.0,187,False,0.0,False,,0,0.0,,0.318,pass,0.461
10538,ok,100.0,False,100.0,10.0,8761,False,0.0,False,,0,0.0,100.0,0.176,pass,0.257
10539,ok,100.0,False,100.0,12.0,9339,False,0.0,False,,0,0.0,100.0,0.132,pass,0.228
10540,capped,1000.0,True,1000.0,12.0,41075,False,0.0,False,,0,0.0,,1.879,pass,2.701
10543,ok,100.0,False,100.0,11.0,8268,False,82.0,False,,0,0.0,100.0,1.689,pass,2.485
10544,ok,100.0,False,100.0,9.0,8219,False,0.0,False,,0,1.0,100.0,1.056,pass,1.373
10545,ok,10.0,False,10.0,10.0,736,False,0.0,False,,0,0.0,,0.095,pass,0.13
10546,capped,1000.0,True,1000.0,10.0,60566,False,0.0,False,,0,0.0,,1.584,pass,2.479
10547,capped,1000.0,True,1000.0,10.0,37938,False,0.0,False,,0,0.0,,2.073,pass,3.014
10549,ok,1.0,False,1.0,7.0,147,False,0.0,False,,0,0.0,,0.091,pass,0.131
10550,ok,100.0,False,100.0,9.0,7878,False,0.0,False,,0,0.0,100.0,0.976,pass,1.361
10551,capped,1000.0,True,1000.0,8.0,83869,False,0.0,False,,0,0.0,,0.09,pass,0.13
10552,capped,1000.0,True,1000.0,12.0,117207,False,0.0,False,,0,0.0,,1.96,pass,2.688
10553,ok,6.0,False,6.0,5.0,187,False,0.0,False,,0,0.0,,0.654,pass,0.906
10555,ok,19.0,False,19.0,11.0,1752,False,0.0,False,,0,0.0,,0.894,pass,1.237
10563,ok,100.0,False,100.0,7.0,8182,False,0.0,False,,0,0.0,100.0,0.564,pass,0.786
10564,ok,100.0,False,100.0,16.0,12486,False,0.0,False,,0,0.0,100.0,2.204,pass,3.136
10565,ok,10.0,False,10.0,10.0,1344,False,0.0,False,,0,0.0,,0.79,pass,1.146
10566,ok,100.0,False,100.0,15.0,9999,False,0.0,False,,0,0.0,100.0,2.526,pass,3.701
10567,ok,100.0,False,100.0,13.0,13774,False,0.0,False,,0,0.0,100.0,15.539,timeout 15 s,15.301
10568,ok,100.0,False,100.0,9.0,11845,False,0.0,False,,0,0.0,100.0,12.795,timeout 15 s,15.646
10569,ok,100.0,False,100.0,10.0,3800,False,0.0,False,,0,0.0,100.0,0.641,pass,0.878
10571,capped,1000.0,True,1000.0,4.0,30527,False,0.0,False,,0,0.0,,0.498,pass,0.639
10572,capped,1000.0,True,1000.0,10.0,65989,False,0.0,False,,0,0.0,,2.671,pass,3.994
10573,ok,100.0,False,100.0,13.0,10796,False,0.0,False,,0,0.0,100.0,0.971,pass,1.515
10574,ok,100.0,False,100.0,11.0,7313,False,0.0,False,,0,0.0,100.0,1.535,pass,2.369
10576,ok,6.0,False,6.0,2.0,69,False,0.0,False,G262,1,1.0,,0.064,pass,0.092
10579,capped,1000.0,True,1000.0,11.0,98627,False,0.0,False,,0,0.0,,1.78,pass,3.11
10581,ok,8.0,False,8.0,4.0,343,False,0.0,False,,0,0.0,,0.464,pass,0.712
10582,ok,4.0,False,4.0,5.0,227,False,0.0,False,,0,0.0,,0.074,pass,0.104
10583,ok,100.0,False,100.0,11.0,8972,False,0.0,False,,0,0.0,100.0,0.851,pass,1.038
10584,ok,30.0,False,30.0,7.0,2176,False,0.0,False,,0,0.0,5.0,0.466,pass,0.607
10585,ok,10.0,False,10.0,7.0,652,False,0.0,False,,0,1.0,,0.591,pass,0.807
10586,ok,10.0,False,10.0,8.0,460,False,0.0,False,,0,1.0,,1.066,pass,1.635
10587,ok,6.0,False,6.0,5.0,339,False,0.0,False,,0,0.0,,9.587,pass,14.625
10588,ok,6.0,False,6.0,5.0,461,False,0.0,False,,0,1.0,,0.111,pass,0.157
10590,ok,10.0,False,10.0,7.0,650,False,0.0,False,,0,0.0,,0.592,pass,0.738
10591,capped,1000.0,True,1000.0,12.0,78486,False,0.0,False,,0,0.0,,25.624,timeout 15 s,15.152
10592,ok,6.0,False,6.0,4.0,315,False,0.0,False,,0,8.0,,0.266,pass,0.371
10596,ok,6.0,False,6.0,6.0,380,False,0.0,False,,0,0.0,,0.08,pass,0.113
10597,ok,100.0,False,100.0,8.0,11043,False,0.0,False,,0,0.0,100.0,5.525,pass,5.955
10600,ok,10.0,False,10.0,7.0,519,False,0.0,False,,0,0.0,10.0,0.588,pass,0.813
10604,ok,776.0,False,776.0,9.0,43388,False,0.0,False,,0,0.0,,0.073,pass,0.101
10605,ok,4.0,False,4.0,7.0,334,False,0.0,False,,0,0.0,,6.414,pass,10.226
10606,ok,10.0,False,13.0,8.0,8167,True,0.0,False,,0,0.0,10.0,2.207,pass,3.235
10608,capped,1000.0,True,1000.0,9.0,34365,False,0.0,False,,0,3.0,,0.864,pass,1.23
10610,ok,100.0,False,100.0,14.0,8544,False,0.0,False,,0,0.0,100.0,5.213,pass,7.885
10611,ok,1.0,False,1.0,9.0,243,False,0.0,False,,0,0.0,,0.396,pass,0.496
10612,capped,1000.0,True,1000.0,12.0,168099,False,0.0,False,,0,0.0,,4.883,pass,7.633
10616,capped,1000.0,True,1000.0,9.0,70247,False,0.0,False,,0,0.0,,0.807,pass,1.19
10619,ok,10.0,False,10.0,7.0,588,False,0.0,False,,0,0.0,,0.647,pass,0.846
10620,ok,6.0,False,6.0,4.0,435,False,0.0,False,,0,0.0,,0.078,pass,0.112
10621,ok,4.0,False,4.0,4.0,203,False,0.0,False,,0,0.0,,0.093,pass,0.137
10629,ok,10.0,False,10.0,6.0,322,False,0.0,False,,0,0.0,,1.93,pass,3.219
10631,ok,100.0,False,100.0,10.0,4855,False,0.0,False,,0,0.0,100.0,0.907,pass,1.225
10635,ok,1.0,False,1.0,6.0,189,False,0.0,False,,0,0.0,,0.071,pass,0.095
10636,capped,1000.0,True,1000.0,9.0,34359,False,0.0,False,,0,3.0,,0.799,pass,1.15
10639,capped,1000.0,True,1000.0,12.0,69539,False,0.0,False,,0,0.0,,1.828,pass,2.662
10640,ok,6.0,False,6.0,14.0,1004,False,0.0,False,,0,0.0,,0.143,pass,0.213
10641,ok,4.0,False,4.0,4.0,207,False,0.0,False,,0,0.0,,0.063,pass,0.087
10643,ok,100.0,False,100.0,6.0,5967,False,0.0,False,,0,0.0,100.0,0.596,pass,0.84
10644,capped,1000.0,True,1000.0,12.0,98296,False,0.0,False,,0,0.0,,1.677,pass,2.468
10645,ok,100.0,False,100.0,10.0,7404,False,0.0,False,,0,0.0,100.0,0.606,pass,0.916
10646,capped,1000.0,True,1000.0,4.0,18433,False,0.0,False,,0,0.0,,0.185,pass,0.216
10647,ok,6.0,False,6.0,3.0,274,False,0.0,False,G72,8,17.0,,0.094,pass,0.107
10649,ok,6.0,False,6.0,5.0,431,False,0.0,False,,0,0.0,,2.305,pass,3.342
10650,ok,10.0,False,10.0,5.0,396,False,0.0,False,,0,1.0,,25.125,timeout 15 s,15.202
10651,ok,6.0,False,6.0,4.0,325,False,0.0,False,,0,0.0,,24.75,timeout 15 s,15.148
10652,capped,1000.0,True,1000.0,17.0,89942,False,0.0,False,,0,0.0,,1.982,pass,2.832
10653,ok,100.0,False,100.0,15.0,11020,False,0.0,False,,0,0.0,100.0,0.51,pass,0.707
10654,ok,1.0,False,1.0,8.0,161,False,0.0,False,,0,0.0,,0.601,pass,0.873
10656,ok,6.0,False,6.0,5.0,331,False,0.0,False,G263,1,3.0,,0.075,pass,0.109
10657,ok,6.0,False,6.0,5.0,340,False,0.0,False,,0,2.0,,0.222,pass,0.338
10658,capped,1000.0,True,1000.0,6.0,54066,False,0.0,False,,0,0.0,,0.742,pass,1.138
10660,capped,1000.0,True,1000.0,15.0,66246,False,0.0,False,,0,0.0,,1.618,pass,2.29
10661,capped,1000.0,True,1000.0,11.0,70006,False,0.0,False,,0,0.0,,0.702,pass,1.036
10662,ok,100.0,False,100.0,7.0,5868,False,0.0,False,,0,0.0,100.0,1.335,pass,1.954
10663,ok,56.0,False,56.0,15.0,6159,False,0.0,False,,0,0.0,,1.343,pass,1.983
10664,ok,100.0,False,100.0,8.0,8109,False,0.0,False,,0,0.0,100.0,0.899,pass,1.226
10665,capped,1000.0,True,1000.0,14.0,86701,False,0.0,False,,0,0.0,,3.694,pass,5.887
10667,capped,1000.0,True,1000.0,11.0,67081,False,0.0,False,,0,0.0,,0.994,pass,1.427
10668,ok,6.0,False,6.0,4.0,211,False,0.0,False,,0,0.0,,0.28,pass,0.333
10675,ok,100.0,False,100.0,11.0,9014,False,0.0,False,,0,0.0,100.0,0.5,pass,0.71
10677,ok,10.0,False,10.0,6.0,440,False,0.0,False,,0,0.0,,0.506,pass,0.651
10679,ok,100.0,False,100.0,11.0,4886,False,0.0,False,,0,0.0,100.0,2.018,pass,2.961
10681,ok,6.0,False,6.0,5.0,341,False,0.0,False,,0,0.0,,18.22,timeout 15 s,15.066
10682,ok,19.0,False,19.0,11.0,1432,False,0.0,False,,0,0.0,,1.57,pass,2.285
10685,ok,100.0,False,100.0,7.0,8725,False,0.0,False,,0,0.0,100.0,0.952,pass,1.437
10687,capped,1000.0,True,1000.0,11.0,66948,False,0.0,False,,0,0.0,10.0,1.187,pass,1.645
10688,capped,1000.0,True,1000.0,4.0,46848,False,0.0,False,,0,0.0,,0.11,pass,0.154
10689,ok,1.0,False,1.0,5.0,119,False,0.0,False,,0,0.0,,0.116,pass,0.206
10693,ok,100.0,False,100.0,9.0,10729,False,0.0,False,,0,0.0,100.0,2.554,pass,4.194
10694,ok,6.0,False,6.0,5.0,329,False,0.0,False,,0,0.0,,0.086,pass,0.123
10695,capped,1000.0,True,1000.0,6.0,62123,False,0.0,False,,0,0.0,,0.352,pass,0.489
10696,ok,1.0,False,1.0,7.0,195,False,0.0,False,,0,0.0,,0.063,pass,0.088
10698,ok,10.0,False,10.0,5.0,583,False,0.0,False,,0,0.0,10.0,0.846,pass,1.235
10703,ok,100.0,False,100.0,16.0,8933,False,0.0,False,,0,0.0,100.0,21.826,timeout 15 s,15.219
10705,ok,1.0,False,1.0,12.0,303,False,0.0,False,,0,0.0,,0.388,pass,0.607
10706,ok,100.0,False,100.0,11.0,9511,False,0.0,False,,0,0.0,100.0,0.407,pass,0.646
10707,ok,100.0,False,100.0,18.0,14611,False,0.0,False,,0,0.0,100.0,2.267,pass,3.347
10708,ok,100.0,False,100.0,7.0,3679,False,0.0,False,,0,0.0,100.0,0.546,pass,0.639
10709,capped,1000.0,True,1000.0,8.0,55066,False,0.0,False,,0,0.0,,0.253,pass,0.37
10710,ok,100.0,False,100.0,7.0,5007,False,0.0,False,,0,0.0,100.0,0.781,pass,0.946
10713,ok,1.0,False,1.0,4.0,152,False,0.0,False,,0,0.0,,0.817,pass,1.271
10714,ok,1.0,False,1.0,3.0,99,False,0.0,False,,0,0.0,,0.076,pass,0.107
10715,ok,6.0,False,6.0,5.0,466,False,0.0,False,,0,0.0,,0.252,pass,0.367
10716,ok,550.0,False,550.0,10.0,47382,False,0.0,False,,0,0.0,,0.113,pass,0.164
10717,capped,43.0,True,43.0,9.0,86528,True,0.0,False,,0,0.0,,0.87,pass,1.289
10718,capped,1000.0,True,1000.0,7.0,38773,False,0.0,False,,0,0.0,,0.589,pass,0.741
10719,ok,10.0,False,10.0,12.0,1098,False,0.0,False,,0,0.0,10.0,0.832,pass,1.165
10723,ok,10.0,False,10.0,9.0,832,False,0.0,False,,0,0.0,10.0,1.217,pass,1.551
10724,ok,100.0,False,100.0,10.0,7018,False,0.0,False,,0,0.0,,1.285,pass,1.809
10725,capped,1000.0,True,1000.0,5.0,24051,False,999.0,True,,0,0.0,,0.526,pass,0.765
10728,ok,100.0,False,100.0,15.0,10236,False,0.0,False,,0,0.0,100.0,21.049,timeout 15 s,15.265
10729,capped,1000.0,True,1000.0,9.0,41706,False,0.0,False,,0,0.0,,0.526,pass,0.728
10734,ok,100.0,False,100.0,7.0,4385,False,0.0,False,,0,0.0,,1.362,pass,1.928
10735,ok,1.0,False,1.0,7.0,175,False,0.0,False,,0,0.0,,0.357,pass,0.537
10737,ok,6.0,False,6.0,5.0,240,False,0.0,False,,0,0.0,,2.495,pass,3.685
10743,ok,6.0,False,6.0,6.0,501,False,0.0,False,,0,0.0,,0.506,pass,0.72
10746,ok,6.0,False,6.0,6.0,450,False,0.0,False,,0,0.0,,0.348,pass,0.472
10747,capped,1000.0,True,1000.0,9.0,77498,False,0.0,False,,0,0.0,,0.994,pass,1.608
10749,ok,6.0,False,6.0,4.0,318,False,0.0,False,G32,18,39.0,,0.076,pass,0.107
10751,capped,1000.0,True,1000.0,11.0,38705,False,0.0,False,,0,0.0,,0.755,pass,1.054
10752,capped,1000.0,True,1000.0,9.0,80781,False,0.0,False,,0,0.0,,1.539,pass,2.267
10753,ok,10.0,False,10.0,9.0,1183,False,0.0,False,,0,0.0,,0.745,pass,1.024
10754,ok,6.0,False,6.0,7.0,753,False,0.0,False,,0,0.0,,1.332,pass,2.09
10755,ok,6.0,False,6.0,4.0,317,False,0.0,False,G68,8,39.0,,0.074,pass,0.107
10756,ok,0.0,False,0.0,7.0,106,False,0.0,False,,0,,,0.094,pass,0.136
10757,capped,1000.0,True,1000.0,9.0,45602,False,0.0,False,,0,0.0,,0.166,pass,0.242
10760,ok,100.0,False,100.0,7.0,3962,False,0.0,False,,0,0.0,100.0,2.149,pass,3.1
10762,ok,100.0,False,100.0,10.0,5755,False,0.0,False,,0,0.0,100.0,0.524,pass,0.752
10764,capped,1000.0,True,1000.0,13.0,97017,False,0.0,False,,0,0.0,,0.425,pass,0.628
10766,ok,10.0,False,10.0,5.0,575,False,0.0,False,,0,0.0,,1.391,pass,1.819
10767,ok,6.0,False,6.0,2.0,131,False,0.0,False,G196,2,9.0,,0.072,pass,0.103
10768,capped,1000.0,True,1000.0,8.0,38131,False,0.0,False,,0,0.0,,2.325,pass,3.44
10770,capped,1000.0,True,1000.0,9.0,34355,False,0.0,False,,0,3.0,,0.809,pass,1.194
10771,ok,6.0,False,6.0,5.0,377,False,0.0,False,,0,0.0,,0.184,pass,0.256
10774,ok,6.0,False,6.0,4.0,300,False,0.0,False,G34,19,38.0,,0.075,pass,0.107
10781,capped,1000.0,True,1000.0,7.0,36137,False,0.0,False,,0,0.0,,1.874,pass,2.871
10785,capped,1000.0,True,1000.0,8.0,34624,False,0.0,False,,0,0.0,,0.568,pass,0.841
10786,capped,1000.0,True,1000.0,12.0,122123,False,0.0,False,,0,0.0,,0.294,pass,0.416
10788,capped,1000.0,True,1000.0,8.0,28623,False,0.0,False,,0,0.0,,0.729,pass,1.079
10789,ok,10.0,False,10.0,6.0,442,False,0.0,False,,0,0.0,,0.83,pass,1.193
10790,ok,100.0,False,100.0,6.0,10317,False,0.0,False,,0,0.0,100.0,0.411,pass,0.596
10791,ok,100.0,False,100.0,11.0,5238,False,0.0,False,G264,0,1.0,100.0,0.745,pass,0.998
10792,capped,1000.0,True,1000.0,11.0,117917,False,0.0,False,,0,0.0,,2.385,pass,3.995
10794,ok,10.0,False,10.0,9.0,954,False,0.0,False,,0,0.0,10.0,0.359,pass,0.501
10797,ok,1.0,False,1.0,5.0,146,False,0.0,False,,0,0.0,,0.123,pass,0.206
10798,ok,6.0,False,6.0,7.0,563,False,0.0,False,,0,0.0,,0.151,pass,0.217
10799,ok,100.0,False,100.0,10.0,8151,False,0.0,False,,0,0.0,100.0,0.92,pass,1.313
10801,ok,10.0,False,10.0,4.0,342,False,0.0,False,G194,0,3.0,10.0,0.444,pass,0.634
10803,ok,1.0,False,1.0,3.0,79,False,0.0,False,,0,0.0,,0.074,pass,0.104
10804,ok,10.0,False,10.0,6.0,278,False,0.0,False,,0,0.0,,1.133,pass,1.66
10806,ok,100.0,False,100.0,10.0,8718,False,0.0,False,,0,0.0,100.0,0.354,pass,0.543
10807,ok,100.0,False,100.0,10.0,8659,False,0.0,False,,0,0.0,100.0,0.223,pass,0.325
10809,capped,1000.0,True,1000.0,12.0,109296,False,0.0,False,,0,0.0,,1.877,pass,2.894
10810,ok,100.0,False,100.0,6.0,11086,False,0.0,False,,0,0.0,,0.298,pass,0.406
10811,ok,100.0,False,100.0,8.0,7338,False,0.0,False,,0,0.0,100.0,0.826,pass,1.287
10814,ok,100.0,False,100.0,11.0,5238,False,0.0,False,,0,0.0,100.0,0.74,pass,1.005
10815,capped,1000.0,True,1000.0,8.0,28709,False,0.0,False,,0,10.0,,0.679,pass,0.932
10817,ok,6.0,False,6.0,4.0,317,False,0.0,False,G68,8,39.0,,0.078,pass,0.107
10818,ok,6.0,False,6.0,4.0,311,False,0.0,False,G122,3,5.0,,0.166,pass,0.24
10819,capped,1000.0,True,1000.0,12.0,114041,False,0.0,False,,0,0.0,,0.322,pass,0.453
10820,ok,6.0,False,6.0,4.0,321,False,0.0,False,,0,39.0,,0.077,pass,0.107
10821,ok,10.0,False,10.0,8.0,569,False,0.0,False,,0,0.0,,1.358,pass,1.986
10823,ok,10.0,False,10.0,7.0,841,False,0.0,False,,0,0.0,10.0,0.629,pass,0.888
10825,ok,6.0,False,6.0,4.0,416,False,0.0,False,,0,0.0,,0.107,pass,0.156
10830,capped,1000.0,True,1000.0,9.0,44664,False,0.0,False,,0,0.0,,0.939,pass,1.421
10831,capped,1000.0,True,1000.0,7.0,26704,False,0.0,False,,0,1.0,,0.558,pass,0.89
10835,ok,19.0,False,19.0,9.0,985,False,0.0,False,,0,0.0,,0.694,pass,1.0
10837,ok,10.0,False,10.0,8.0,575,False,0.0,False,,0,0.0,,2.19,pass,3.258
10839,ok,100.0,False,100.0,12.0,8866,False,0.0,False,,0,0.0,100.0,0.948,pass,1.495
10840,ok,6.0,False,6.0,4.0,311,False,0.0,False,G122,3,5.0,,0.165,pass,0.239
10841,capped,1000.0,True,1000.0,9.0,162365,False,0.0,False,,0,0.0,,0.707,pass,1.04
10842,capped,1000.0,True,1000.0,15.0,61741,False,0.0,False,,0,0.0,,2.181,pass,3.311
10845,ok,100.0,False,100.0,8.0,8339,False,0.0,False,G265,1,1.0,100.0,0.882,pass,1.369
10846,ok,100.0,False,100.0,11.0,8889,False,0.0,False,,0,0.0,100.0,0.13,pass,0.187
10847,ok,100.0,False,100.0,10.0,9207,False,0.0,False,,0,0.0,100.0,0.091,pass,0.148
10848,ok,1.0,False,1.0,7.0,168,False,0.0,False,,0,0.0,,0.199,pass,0.282
10849,ok,10.0,False,10.0,12.0,770,False,0.0,False,,0,0.0,10.0,1.248,pass,1.854
10850,ok,100.0,False,100.0,9.0,11758,False,0.0,False,G266,0,1.0,100.0,0.769,pass,1.14
10851,ok,10.0,False,10.0,7.0,469,False,0.0,False,,0,0.0,,0.498,pass,0.662
10852,ok,5.0,False,5.0,5.0,312,False,0.0,False,,0,0.0,,0.096,pass,0.141
10855,ok,100.0,False,100.0,8.0,11113,False,0.0,False,,0,0.0,100.0,0.337,pass,0.479
10859,capped,1000.0,True,1000.0,13.0,78239,False,0.0,False,,0,0.0,,1.368,pass,2.112
10860,ok,8.0,False,8.0,6.0,415,False,0.0,False,,0,0.0,,3.509,pass,5.108
10861,capped,1000.0,True,1000.0,14.0,101533,False,0.0,False,,0,0.0,,0.321,pass,0.469
10863,capped,1000.0,True,1000.0,5.0,22818,False,0.0,False,,0,0.0,,0.734,pass,0.983
10865,capped,1000.0,True,1000.0,9.0,42561,False,0.0,False,,0,0.0,,0.932,pass,1.354
10867,capped,1000.0,True,1000.0,11.0,83752,False,0.0,False,,0,0.0,,1.98,pass,3.014
10868,ok,10.0,False,10.0,6.0,595,False,0.0,False,,0,0.0,10.0,0.201,pass,0.269
10869,ok,6.0,False,6.0,5.0,379,False,0.0,False,,0,0.0,,18.408,timeout 15 s,15.253
10871,ok,100.0,False,100.0,11.0,9393,False,0.0,False,,0,0.0,,1.198,pass,1.841
10872,ok,6.0,False,6.0,7.0,350,False,0.0,False,,0,0.0,,1.107,pass,1.704
10873,ok,100.0,False,100.0,9.0,5602,False,0.0,False,,0,0.0,100.0,0.13,pass,0.224
10877,capped,1000.0,True,1000.0,8.0,78947,False,0.0,False,,0,0.0,,1.054,pass,1.567
10879,capped,1000.0,True,1000.0,7.0,56927,False,0.0,False,,0,0.0,,0.67,pass,0.946
10880,ok,10.0,False,10.0,9.0,611,False,0.0,False,,0,0.0,,0.559,pass,0.749
10881,capped,1000.0,True,1000.0,13.0,150908,False,0.0,False,,0,0.0,,0.531,pass,0.893
10882,ok,10.0,False,10.0,7.0,882,False,0.0,False,,0,0.0,,0.737,pass,1.066
10885,ok,6.0,False,6.0,11.0,950,False,0.0,False,,0,0.0,,0.443,pass,0.649
10886,ok,10.0,False,10.0,9.0,659,False,0.0,False,,0,0.0,10.0,2.259,pass,3.396
10888,ok,6.0,False,6.0,6.0,370,False,0.0,False,,0,0.0,,0.461,pass,0.661
10890,capped,1000.0,True,1000.0,15.0,50702,False,0.0,False,,0,0.0,,1.094,pass,1.479
10892,capped,1000.0,True,1000.0,14.0,136249,False,0.0,False,,0,0.0,,0.654,pass,0.919
10893,capped,1000.0,True,1000.0,7.0,49387,False,0.0,False,,0,0.0,,0.742,pass,1.089
10895,ok,100.0,False,100.0,12.0,17515,False,57.0,False,,0,0.0,100.0,6.302,pass,8.017
10896,ok,100.0,False,100.0,8.0,9364,False,0.0,False,,0,0.0,100.0,0.182,pass,0.251
10899,capped,1000.0,True,1000.0,11.0,89348,False,0.0,False,,0,0.0,,0.105,pass,0.155
10900,ok,1.0,False,1.0,4.0,131,False,0.0,False,,0,0.0,,0.825,pass,1.164
10903,ok,100.0,False,100.0,11.0,6276,False,0.0,False,,0,0.0,100.0,0.937,pass,1.208
10907,ok,10.0,False,10.0,7.0,625,False,0.0,False,,0,0.0,10.0,0.81,pass,1.09
10908,capped,1000.0,True,1000.0,5.0,44897,False,0.0,False,,0,0.0,,0.88,pass,1.264
10909,ok,6.0,False,6.0,5.0,346,False,0.0,False,,0,0.0,,0.497,pass,0.723
10910,capped,1000.0,True,1000.0,11.0,61752,False,0.0,False,,0,0.0,,24.779,timeout 15 s,15.269
10911,ok,10.0,False,10.0,8.0,701,False,0.0,False,,0,0.0,,8.87,pass,14.178
10912,ok,100.0,False,100.0,8.0,6149,False,0.0,False,,0,0.0,100.0,1.265,pass,1.707
10916,ok,31.0,False,31.0,14.0,4568,False,0.0,False,,0,0.0,10.0,2.218,pass,2.966
10919,capped,1000.0,True,1000.0,7.0,79838,False,0.0,False,,0,0.0,1000.0,0.831,pass,1.187
10921,ok,10.0,False,10.0,5.0,554,False,0.0,False,,0,1.0,10.0,0.54,pass,0.662
10922,capped,49.0,True,49.0,16.0,92300,True,13.0,False,,0,0.0,100.0,0.088,pass,0.119
10923,ok,10.0,False,10.0,9.0,919,False,0.0,False,,0,0.0,,0.761,pass,1.101
10924,ok,100.0,False,100.0,10.0,4423,False,0.0,False,,0,0.0,100.0,0.723,pass,0.983
10925,ok,100.0,False,100.0,8.0,11061,False,0.0,False,,0,0.0,100.0,0.739,pass,1.052
10926,capped,1000.0,True,1000.0,8.0,29698,False,0.0,False,,0,1.0,,0.63,pass,0.925
10928,ok,840.0,False,840.0,14.0,98537,False,0.0,False,,0,0.0,10.0,1.601,pass,2.225
10933,ok,100.0,False,100.0,8.0,10347,False,0.0,False,,0,0.0,100.0,0.282,pass,0.396
10934,capped,1000.0,True,1000.0,12.0,62267,False,0.0,False,,0,0.0,,1.63,pass,2.461
10936,capped,13.0,True,13.0,13.0,55958,True,0.0,False,,0,0.0,,0.392,pass,0.557
10937,ok,6.0,False,6.0,5.0,355,False,0.0,False,G160,0,4.0,,0.222,pass,0.333
10939,capped,1000.0,True,1000.0,9.0,34541,False,0.0,False,,0,1.0,,0.805,pass,1.142
10940,ok,6.0,False,6.0,4.0,300,False,0.0,False,G34,19,38.0,,0.076,pass,0.107
10941,ok,6.0,False,6.0,6.0,370,False,0.0,False,,0,0.0,,0.079,pass,0.113
10944,ok,10.0,False,10.0,8.0,770,False,0.0,False,,0,0.0,,27.266,timeout 15 s,15.062
10945,capped,1000.0,True,1000.0,10.0,37283,False,0.0,False,,0,0.0,,0.722,pass,1.021
10946,ok,100.0,False,100.0,17.0,10652,False,0.0,False,,0,0.0,100.0,0.759,pass,1.054
10948,ok,100.0,False,100.0,9.0,8563,False,0.0,False,,0,0.0,100.0,0.335,pass,0.478
10949,capped,1000.0,True,1000.0,10.0,60585,False,0.0,False,,0,0.0,,0.83,pass,1.346
10951,ok,100.0,False,100.0,8.0,8099,False,0.0,False,,0,0.0,100.0,1.816,pass,2.734
10952,ok,100.0,False,100.0,11.0,8896,False,0.0,False,,0,0.0,100.0,3.906,pass,6.381
10955,ok,100.0,False,100.0,11.0,9031,False,0.0,False,,0,0.0,100.0,1.023,pass,1.644
10960,capped,1000.0,True,1000.0,10.0,58812,False,0.0,False,,0,0.0,,1.225,pass,1.777
10961,capped,1000.0,True,1000.0,12.0,110498,False,0.0,False,,0,0.0,,1.199,pass,1.632
10964,ok,0.0,False,0.0,11.0,118,False,0.0,False,,0,,10.0,0.474,pass,0.699
10965,capped,1000.0,True,1000.0,11.0,79731,False,0.0,False,,0,0.0,,0.926,pass,1.457
10966,ok,1.0,False,1.0,9.0,264,False,0.0,False,,0,0.0,,0.678,pass,0.995
10971,ok,5.0,False,5.0,8.0,677,False,0.0,False,,0,0.0,5.0,0.626,pass,0.745
10972,ok,100.0,False,100.0,12.0,8737,False,0.0,False,,0,0.0,100.0,1.345,pass,2.007
10973,ok,100.0,False,100.0,13.0,8915,False,0.0,False,,0,0.0,100.0,1.393,pass,2.024
10974,ok,100.0,False,100.0,13.0,9864,False,0.0,False,,0,0.0,100.0,3.062,pass,4.519
10975,capped,1000.0,True,1000.0,9.0,105038,False,0.0,False,,0,0.0,,3.231,pass,5.313
10978,capped,1000.0,True,1000.0,8.0,68539,False,331.0,False,,0,0.0,,0.797,pass,1.173
10979,capped,1000.0,True,1000.0,9.0,31335,False,0.0,False,,0,0.0,,0.64,pass,1.03
10980,ok,54.0,False,54.0,7.0,2841,False,0.0,False,,0,0.0,,1.171,pass,1.702
10981,ok,10.0,False,10.0,8.0,763,False,0.0,False,,0,0.0,10.0,1.161,pass,1.649
10982,ok,0.0,False,0.0,10.0,112,False,0.0,False,,0,,,0.067,pass,0.093
10984,capped,1000.0,True,1000.0,4.0,39606,False,0.0,False,,0,0.0,,0.304,pass,0.415
10988,capped,1000.0,True,1000.0,11.0,68982,False,0.0,False,,0,0.0,,2.023,pass,2.881
10989,capped,1000.0,True,1000.0,13.0,80162,False,0.0,False,,0,0.0,,2.43,pass,4.26
10992,capped,1000.0,True,1000.0,9.0,70720,False,12.0,False,,0,0.0,,1.829,pass,2.618
10993,ok,100.0,False,100.0,9.0,4197,False,0.0,False,,0,0.0,100.0,0.845,pass,1.026
10994,capped,1000.0,True,1000.0,8.0,40918,False,0.0,False,,0,0.0,,0.575,pass,0.839
10995,ok,4.0,False,4.0,4.0,302,False,0.0,False,,0,0.0,10.0,0.085,pass,0.111
10998,capped,1000.0,True,1000.0,14.0,141287,False,0.0,False,,0,0.0,,1.302,pass,6.709
11001,capped,1000.0,True,1000.0,15.0,66853,False,0.0,False,,0,0.0,,1.597,pass,2.698
11002,ok,6.0,False,6.0,15.0,1009,False,0.0,False,,0,0.0,,0.225,pass,0.33
11004,ok,100.0,False,100.0,7.0,9435,False,0.0,False,,0,0.0,100.0,2.141,pass,3.618
11005,ok,100.0,False,100.0,7.0,7428,False,0.0,False,,0,0.0,100.0,1.366,pass,2.088
11006,capped,1000.0,True,1000.0,6.0,36688,False,0.0,False,,0,0.0,,0.797,pass,1.123
11008,ok,6.0,False,6.0,4.0,337,False,0.0,False,,0,0.0,,0.159,pass,0.251
11009,capped,1000.0,True,1000.0,6.0,46500,False,0.0,False,,0,0.0,,2.576,pass,3.887
11010,ok,100.0,False,100.0,9.0,8689,False,0.0,False,,0,0.0,100.0,0.652,pass,0.877
11011,capped,1000.0,True,1000.0,11.0,88266,False,0.0,False,,0,0.0,,3.228,pass,5.489
11012,ok,100.0,False,100.0,11.0,9118,False,0.0,False,,0,0.0,100.0,0.825,pass,1.091
11014,ok,6.0,False,6.0,3.0,225,False,0.0,False,,0,0.0,,0.452,pass,0.639
11018,capped,1000.0,True,1000.0,13.0,64219,False,0.0,False,,0,0.0,,0.973,pass,1.244
11020,ok,10.0,False,10.0,6.0,402,False,0.0,False,,0,0.0,,1.295,pass,1.878
11022,capped,1000.0,True,1000.0,9.0,108299,False,0.0,False,,0,0.0,,0.554,pass,0.839
11024,capped,1000.0,True,1000.0,5.0,56943,False,0.0,False,,0,0.0,,0.506,pass,0.693
11026,ok,100.0,False,100.0,9.0,9251,False,0.0,False,,0,0.0,100.0,0.79,pass,1.096
11029,ok,100.0,False,100.0,12.0,6699,False,81.0,False,,0,0.0,100.0,2.575,pass,3.718
11032,capped,1000.0,True,1000.0,12.0,36770,False,0.0,False,,0,0.0,,1.295,pass,1.752
11034,ok,6.0,False,6.0,5.0,337,False,0.0,False,G267,0,1.0,,0.259,pass,0.419
11035,ok,100.0,False,100.0,6.0,8603,False,0.0,False,,0,0.0,100.0,0.134,pass,0.216
11036,capped,1000.0,True,1000.0,11.0,32050,False,0.0,False,,0,0.0,,0.944,pass,1.327
11037,ok,100.0,False,100.0,9.0,9144,False,0.0,False,,0,0.0,100.0,0.946,pass,1.47
11039,ok,6.0,False,6.0,5.0,354,False,0.0,False,G268,1,4.0,,0.373,pass,0.531
11040,ok,6.0,False,6.0,5.0,364,False,0.0,False,,0,0.0,,0.269,pass,0.392
11043,capped,1000.0,True,1000.0,9.0,30022,False,0.0,False,,0,1.0,,0.807,pass,1.185
11045,ok,4.0,False,4.0,9.0,418,False,0.0,False,,0,0.0,,0.095,pass,0.137
11050,ok,10.0,False,10.0,8.0,719,False,0.0,False,,0,0.0,,1.409,pass,2.071
11053,ok,0.0,False,0.0,11.0,131,False,0.0,False,,0,,100.0,1.454,pass,1.976
11055,capped,1000.0,True,1000.0,7.0,47692,False,0.0,False,,0,0.0,,2.024,pass,3.202
11057,ok,100.0,False,100.0,8.0,14400,False,0.0,False,,0,0.0,100.0,0.257,pass,0.391
11058,ok,6.0,False,6.0,8.0,557,False,0.0,False,,0,0.0,,1.011,pass,1.438
11059,ok,6.0,False,6.0,7.0,424,False,0.0,False,,0,0.0,,2.633,pass,3.677
11065,capped,1000.0,True,1000.0,9.0,71562,False,0.0,False,,0,0.0,,1.473,pass,2.26
11068,ok,0.0,False,0.0,13.0,143,False,0.0,False,,0,,100.0,1.354,pass,2.017
11070,ok,100.0,False,100.0,12.0,10225,False,0.0,False,,0,0.0,100.0,0.189,pass,0.275
11073,ok,4.0,False,4.0,10.0,332,False,0.0,False,,0,0.0,,0.267,pass,0.4
11074,capped,1000.0,True,1000.0,15.0,111487,False,0.0,False,,0,0.0,,2.878,pass,4.42
11075,capped,1000.0,True,1000.0,9.0,30920,False,0.0,False,,0,0.0,,1.28,pass,1.844
11076,ok,10.0,False,10.0,7.0,504,False,0.0,False,,0,0.0,,0.723,pass,1.013
11077,ok,4.0,False,4.0,5.0,250,False,0.0,False,,0,0.0,,0.065,pass,0.09
11079,capped,1000.0,True,1000.0,14.0,73193,False,985.0,False,,0,0.0,,3.079,pass,4.691
11080,capped,1000.0,True,1000.0,15.0,127752,False,0.0,False,,0,0.0,,0.929,pass,1.416
11082,capped,1000.0,True,1000.0,10.0,27976,False,22.0,False,,0,0.0,,0.787,pass,1.077
11083,capped,1000.0,True,1000.0,9.0,90890,False,0.0,False,,0,0.0,,1.058,pass,1.512
11084,ok,100.0,False,100.0,8.0,10909,False,0.0,False,,0,0.0,,0.71,pass,0.928
11085,ok,36.0,False,36.0,11.0,3076,False,0.0,False,,0,0.0,,0.138,pass,0.238
11087,ok,6.0,False,6.0,4.0,312,False,0.0,False,,0,0.0,,0.087,pass,0.124
11089,capped,1000.0,True,1000.0,11.0,94721,False,0.0,False,,0,0.0,,2.138,pass,3.559
11090,capped,1000.0,True,1000.0,15.0,129795,False,0.0,False,,0,0.0,,1.953,pass,2.861
11091,capped,1000.0,True,1000.0,10.0,65940,False,26.0,False,,0,0.0,,1.7,pass,2.758
11092,ok,6.0,False,6.0,5.0,351,False,0.0,False,,0,0.0,,0.373,pass,0.527
11094,ok,10.0,False,10.0,5.0,391,False,0.0,False,G161,0,3.0,,0.505,pass,0.67
11095,ok,10.0,False,10.0,7.0,481,False,0.0,False,,0,0.0,,0.51,pass,0.687
11096,capped,1000.0,True,1000.0,9.0,103523,False,1.0,False,,0,0.0,,1.353,pass,1.815
11099,ok,6.0,False,6.0,7.0,776,False,0.0,False,,0,0.0,,0.882,pass,1.205
11102,ok,1.0,False,1.0,5.0,124,False,0.0,False,,0,0.0,,0.103,pass,0.16
11103,capped,1000.0,True,1000.0,19.0,103623,False,0.0,False,,0,0.0,,1.495,pass,2.223
11104,ok,100.0,False,100.0,12.0,10234,False,0.0,False,,0,0.0,100.0,21.475,timeout 15 s,15.208
11105,capped,1000.0,True,1000.0,11.0,163973,False,0.0,False,,0,0.0,,1.811,pass,2.914
11108,ok,100.0,False,100.0,10.0,12004,False,0.0,False,,0,0.0,100.0,0.73,pass,1.056
11111,ok,100.0,False,100.0,10.0,10490,False,0.0,False,,0,0.0,100.0,1.724,pass,2.575
11113,ok,100.0,False,100.0,4.0,2828,False,0.0,False,,0,0.0,100.0,1.141,pass,1.632
11115,capped,1000.0,True,1000.0,10.0,31779,False,0.0,False,,0,0.0,,1.451,pass,2.053
11118,capped,1000.0,True,1000.0,11.0,60796,False,0.0,False,,0,0.0,,0.867,pass,1.148
11119,capped,1000.0,True,1000.0,8.0,51755,False,0.0,False,,0,0.0,,0.18,pass,0.271
11120,ok,10.0,False,10.0,6.0,432,False,0.0,False,,0,0.0,,0.901,pass,1.184
11121,capped,1000.0,True,1000.0,9.0,38598,False,0.0,False,,0,0.0,,0.878,pass,1.405
11123,capped,1000.0,True,1000.0,11.0,73998,False,0.0,False,,0,0.0,,0.189,pass,0.275
11124,ok,100.0,False,100.0,9.0,8622,False,0.0,False,,0,0.0,100.0,0.131,pass,0.22
11125,capped,1000.0,True,1000.0,7.0,112628,False,0.0,False,,0,0.0,,1.262,pass,1.846
11127,ok,10.0,False,10.0,8.0,547,False,0.0,False,G193,0,6.0,10.0,0.587,pass,0.796
11128,ok,6.0,False,6.0,4.0,300,False,0.0,False,G34,19,38.0,,0.074,pass,0.107
11129,ok,6.0,False,6.0,5.0,435,False,0.0,False,,0,0.0,,0.108,pass,0.163
11131,ok,100.0,False,100.0,8.0,8486,False,0.0,False,,0,0.0,100.0,1.439,pass,1.921
11133,ok,100.0,False,100.0,10.0,12070,False,0.0,False,,0,0.0,100.0,0.784,pass,1.119
11134,ok,20.0,False,20.0,6.0,1258,False,0.0,False,,0,0.0,10.0,0.475,pass,0.628
11135,ok,10.0,False,10.0,8.0,731,False,0.0,False,,0,0.0,10.0,0.948,pass,1.389
11136,ok,100.0,False,100.0,10.0,7873,False,0.0,False,,0,0.0,100.0,0.678,pass,0.992
11137,ok,100.0,False,100.0,8.0,8393,False,0.0,False,,0,0.0,100.0,0.175,pass,0.259
11138,capped,1000.0,True,1000.0,8.0,86645,False,0.0,False,,0,0.0,,1.41,pass,2.012
11143,capped,1000.0,True,1000.0,7.0,47963,False,0.0,False,,0,0.0,,0.954,pass,1.364
11144,capped,1000.0,True,1000.0,12.0,114747,False,0.0,False,,0,0.0,,0.198,pass,0.418
11147,ok,19.0,False,19.0,8.0,912,False,0.0,False,,0,0.0,,0.976,pass,1.335
11148,ok,0.0,False,0.0,11.0,132,False,0.0,False,,0,,,0.26,pass,0.401
11150,capped,1000.0,True,1000.0,12.0,71681,False,0.0,False,,0,0.0,,1.944,pass,2.695
11151,capped,1000.0,True,1000.0,13.0,136246,False,0.0,False,,0,0.0,,13.71,timeout 15 s,15.184
11152,ok,1.0,False,1.0,7.0,217,False,0.0,False,,0,0.0,,0.36,pass,0.537
11153,ok,100.0,False,100.0,9.0,6214,False,0.0,False,,0,0.0,100.0,1.091,pass,1.467
11154,capped,1000.0,True,1000.0,14.0,182726,False,0.0,False,,0,0.0,,2.421,pass,4.046
11155,capped,1000.0,True,1000.0,14.0,103269,False,0.0,False,,0,0.0,,2.612,pass,3.847
11157,capped,1000.0,True,1000.0,11.0,36782,False,0.0,False,,0,0.0,,1.348,pass,2.042
11158,ok,100.0,False,100.0,13.0,9500,False,0.0,False,,0,0.0,100.0,2.718,pass,4.295
11163,ok,100.0,False,100.0,9.0,7171,False,0.0,False,,0,0.0,100.0,0.191,pass,0.279
11164,ok,6.0,False,6.0,4.0,307,False,0.0,False,,0,38.0,,0.075,pass,0.107
11165,ok,100.0,False,100.0,8.0,6240,False,0.0,False,,0,0.0,,0.81,pass,1.061
11166,capped,1000.0,True,1000.0,15.0,88988,False,0.0,False,,0,0.0,,3.022,pass,4.685
11167,capped,1000.0,True,1000.0,11.0,71379,False,0.0,False,,0,0.0,,1.304,pass,1.841
11171,ok,10.0,False,10.0,9.0,1256,False,0.0,False,,0,0.0,10.0,0.791,pass,1.096
11173,ok,100.0,False,100.0,9.0,7525,False,0.0,False,,0,0.0,100.0,1.656,pass,2.427
11174,capped,1000.0,True,1000.0,6.0,29052,False,2.0,False,,0,0.0,,0.96,pass,1.676
11178,ok,100.0,False,100.0,5.0,2640,False,0.0,False,,0,0.0,100.0,0.274,pass,0.433
11180,capped,1000.0,True,1000.0,11.0,70841,False,0.0,False,,0,0.0,,0.624,pass,0.897
11181,capped,1000.0,True,1000.0,8.0,36715,False,0.0,False,,0,0.0,,1.093,pass,1.479
11182,capped,1000.0,True,1000.0,10.0,81823,False,0.0,False,,0,0.0,,1.096,pass,1.54
11186,ok,6.0,False,6.0,5.0,362,False,0.0,False,,0,4.0,,0.379,pass,0.53
11187,ok,8.0,False,8.0,5.0,370,False,0.0,False,,0,0.0,,0.807,pass,1.1
11190,ok,100.0,False,100.0,9.0,8050,False,0.0,False,,0,0.0,100.0,0.288,pass,0.417
11197,ok,100.0,False,100.0,9.0,7788,False,0.0,False,,0,0.0,100.0,1.199,pass,1.745
11198,capped,1000.0,True,1000.0,6.0,48411,False,0.0,False,,0,0.0,,1.34,pass,1.958
11199,ok,10.0,False,10.0,6.0,324,False,0.0,False,,0,0.0,,0.612,pass,0.803
11200,ok,4.0,False,4.0,4.0,207,False,0.0,False,,0,0.0,,0.097,pass,0.184
11201,capped,1000.0,True,1000.0,12.0,101078,False,0.0,False,,0,0.0,,1.793,pass,2.717
11205,ok,1.0,False,1.0,7.0,213,False,0.0,False,,0,0.0,,1.075,pass,1.793
11207,ok,100.0,False,100.0,8.0,4246,False,0.0,False,,0,0.0,100.0,1.376,pass,1.884
11210,ok,6.0,False,6.0,5.0,347,False,0.0,False,G269,0,2.0,,0.237,pass,0.338
11211,capped,1000.0,True,1000.0,10.0,80106,False,0.0,False,,0,0.0,,2.06,pass,3.623
11212,capped,1000.0,True,1000.0,8.0,80817,False,0.0,False,,0,0.0,,0.708,pass,0.929
11215,ok,6.0,False,6.0,6.0,393,False,0.0,False,,0,0.0,,0.776,pass,1.044
11216,ok,10.0,False,10.0,6.0,756,False,0.0,False,,0,0.0,10.0,0.206,pass,0.273
11220,ok,100.0,False,100.0,9.0,4728,False,0.0,False,,0,0.0,100.0,0.869,pass,1.182
11221,ok,100.0,False,100.0,10.0,5112,False,0.0,False,,0,0.0,,2.078,pass,2.894
11222,ok,10.0,False,10.0,7.0,435,False,0.0,False,,0,0.0,,1.105,pass,1.596
11224,ok,100.0,False,100.0,12.0,9819,False,0.0,False,,0,0.0,100.0,5.765,pass,8.299
11225,capped,1000.0,True,1000.0,11.0,60473,False,0.0,False,,0,0.0,,5.359,pass,8.08
11226,ok,0.0,False,0.0,12.0,127,False,0.0,False,,0,,100.0,1.457,pass,2.027
11227,capped,1000.0,True,1000.0,10.0,86747,False,0.0,False,,0,0.0,,2.179,pass,3.74
11228,ok,10.0,False,10.0,7.0,461,False,0.0,False,,0,0.0,,1.136,pass,1.666
11229,ok,6.0,False,6.0,4.0,310,False,0.0,False,,0,1.0,,0.432,pass,0.653
11230,ok,10.0,False,10.0,8.0,685,False,0.0,False,,0,0.0,,0.596,pass,0.795
11231,capped,1000.0,True,1000.0,10.0,88153,False,0.0,False,,0,0.0,,0.998,pass,1.456
11233,ok,10.0,False,10.0,5.0,475,False,0.0,False,,0,0.0,,1.072,pass,1.625
11234,ok,6.0,False,6.0,5.0,216,False,0.0,False,,0,0.0,,0.076,pass,0.108
11235,ok,100.0,False,100.0,9.0,7688,False,0.0,False,,0,0.0,100.0,1.055,pass,1.622
11236,capped,1000.0,True,1000.0,7.0,21614,False,11.0,False,,0,0.0,,0.634,pass,1.026
11237,capped,1000.0,True,1000.0,11.0,43548,False,450.0,False,,0,0.0,,1.543,pass,2.156
11239,ok,6.0,False,6.0,4.0,198,False,0.0,False,,0,0.0,,0.636,pass,0.92
11240,ok,10.0,False,10.0,8.0,586,False,0.0,False,,0,0.0,10.0,1.135,pass,1.537
11242,capped,1000.0,True,1000.0,13.0,67241,False,0.0,False,,0,0.0,,0.107,pass,0.157
11243,capped,1000.0,True,1000.0,12.0,104758,False,0.0,False,,0,0.0,,0.972,pass,1.459
11245,ok,50.0,False,50.0,8.0,2310,False,0.0,False,,0,0.0,50.0,1.685,pass,2.311
11246,ok,1.0,False,1.0,11.0,259,False,0.0,False,,0,0.0,,0.124,pass,0.186
11247,capped,1000.0,True,1000.0,9.0,86020,False,0.0,False,,0,0.0,,4.612,pass,6.819
11250,ok,6.0,False,6.0,5.0,461,False,0.0,False,,0,1.0,,0.112,pass,0.158
11251,ok,6.0,False,6.0,6.0,515,False,0.0,False,,0,0.0,,2.072,pass,3.113
11252,capped,1000.0,True,1000.0,13.0,106635,False,0.0,False,,0,0.0,,0.114,pass,0.178
11253,capped,1000.0,True,1000.0,10.0,86315,False,0.0,False,,0,0.0,,0.288,pass,0.408
11256,ok,10.0,False,10.0,5.0,546,False,0.0,False,,0,0.0,10.0,0.678,pass,0.847
11259,capped,1000.0,True,1000.0,8.0,34148,False,0.0,False,,0,0.0,,1.441,pass,2.099
11261,ok,10.0,False,10.0,5.0,550,False,0.0,False,,0,1.0,10.0,0.526,pass,0.666
11262,ok,10.0,False,10.0,5.0,446,False,0.0,False,,0,0.0,,1.141,pass,1.625
11263,ok,10.0,False,10.0,8.0,715,False,0.0,False,,0,0.0,,1.038,pass,1.471
11264,ok,6.0,False,6.0,6.0,497,False,0.0,False,,0,0.0,,0.483,pass,0.661
11265,ok,10.0,False,10.0,9.0,746,False,0.0,False,,0,0.0,,0.97,pass,1.358
11266,ok,6.0,False,6.0,7.0,518,False,0.0,False,,0,0.0,,0.472,pass,0.683
11267,ok,100.0,False,100.0,11.0,11104,False,0.0,False,,0,0.0,100.0,0.754,pass,1.042
11268,ok,100.0,False,100.0,13.0,6714,False,0.0,False,,0,0.0,100.0,0.832,pass,1.095
11269,ok,100.0,False,100.0,9.0,12116,False,0.0,False,,0,0.0,100.0,3.422,pass,5.282
11270,capped,1000.0,True,1000.0,9.0,27787,False,0.0,False,,0,0.0,1.0,2.116,pass,2.882
11271,ok,6.0,False,6.0,4.0,300,False,0.0,False,G34,19,38.0,,0.077,pass,0.108
11272,ok,100.0,False,100.0,9.0,8632,False,0.0,False,,0,0.0,100.0,0.235,pass,0.32
11274,ok,100.0,False,100.0,10.0,12578,False,0.0,False,,0,0.0,100.0,2.71,pass,5.046
11275,capped,1000.0,True,1000.0,7.0,65372,False,0.0,False,,0,0.0,,0.704,pass,1.03
11276,capped,1000.0,True,1000.0,15.0,117278,False,0.0,False,,0,0.0,,2.962,pass,4.548
11277,capped,1000.0,True,1000.0,11.0,110173,False,0.0,False,,0,0.0,,1.734,pass,2.569
11280,ok,6.0,False,6.0,5.0,372,False,0.0,False,,0,0.0,,0.351,pass,0.503
11282,ok,100.0,False,100.0,11.0,11882,False,0.0,False,,0,0.0,100.0,0.997,pass,1.268
11283,ok,100.0,False,100.0,3.0,3575,False,0.0,False,,0,0.0,100.0,0.492,pass,0.619
11284,capped,1000.0,True,1000.0,8.0,47835,False,0.0,False,,0,0.0,,2.684,pass,3.981
11285,ok,100.0,False,100.0,10.0,12038,False,0.0,False,,0,0.0,100.0,5.394,pass,5.771
11286,ok,6.0,False,6.0,6.0,358,False,0.0,False,,0,0.0,,0.089,pass,0.116
11287,ok,100.0,False,100.0,8.0,10883,False,0.0,False,,0,0.0,,0.579,pass,0.821
11289,ok,6.0,False,6.0,6.0,633,False,0.0,False,,0,0.0,,0.076,pass,0.11
11293,ok,0.0,False,0.0,14.0,180,False,0.0,False,,0,,,0.578,pass,0.677
11294,ok,10.0,False,10.0,9.0,616,False,0.0,False,,0,0.0,,0.657,pass,0.943
11299,capped,1000.0,True,1000.0,12.0,55583,False,0.0,False,,0,0.0,,2.111,pass,3.384
11304,capped,1000.0,True,1000.0,10.0,33482,False,0.0,False,,0,0.0,,0.808,pass,1.178
11307,capped,914.0,True,914.0,10.0,220705,True,0.0,False,,0,0.0,1000.0,0.093,pass,0.124
11308,ok,1.0,False,1.0,9.0,308,False,0.0,False,,0,0.0,,0.751,pass,1.236
11309,ok,10.0,False,10.0,9.0,599,False,0.0,False,,0,2.0,,1.354,pass,2.025
11310,capped,1000.0,True,1000.0,11.0,50399,False,0.0,False,,0,0.0,,1.327,pass,2.679
11312,capped,1000.0,True,1000.0,11.0,87447,False,0.0,False,,0,0.0,,0.71,pass,1.071
11314,ok,3.0,False,3.0,4.0,189,False,0.0,False,,0,0.0,,0.272,pass,0.402
11315,ok,6.0,False,6.0,8.0,369,False,0.0,False,,0,0.0,,0.232,pass,0.373
11318,capped,1000.0,True,1000.0,9.0,37495,False,0.0,False,,0,0.0,,1.162,pass,1.666
11319,capped,1000.0,True,1000.0,7.0,113834,False,0.0,False,,0,0.0,,0.438,pass,0.667
11321,ok,100.0,False,100.0,5.0,4607,False,0.0,False,,0,0.0,100.0,0.744,pass,0.953
11322,capped,1000.0,True,1000.0,9.0,58621,False,859.0,False,,0,0.0,10.0,0.52,pass,0.687
11325,capped,21.0,True,21.0,10.0,81857,True,0.0,False,,0,0.0,100.0,16.391,timeout 15 s,15.722
11326,ok,100.0,False,100.0,13.0,8445,False,0.0,False,,0,0.0,100.0,1.414,pass,2.036
11327,capped,1000.0,True,1000.0,12.0,101661,False,0.0,False,,0,0.0,1.0,2.179,pass,3.156
11329,ok,10.0,False,10.0,5.0,522,False,0.0,False,,0,0.0,10.0,0.281,pass,0.391
11330,ok,100.0,False,100.0,14.0,12040,False,0.0,False,,0,0.0,100.0,0.95,pass,1.45
11333,ok,1.0,False,1.0,10.0,225,False,0.0,False,,0,0.0,,0.263,pass,0.41
11335,ok,100.0,False,100.0,9.0,4578,False,0.0,False,,0,0.0,100.0,1.062,pass,1.504
11336,capped,1000.0,True,1000.0,10.0,66190,False,0.0,False,,0,0.0,,1.176,pass,5.885
11342,capped,1000.0,True,1000.0,5.0,26248,False,0.0,False,,0,0.0,10.0,0.568,pass,0.746
11344,ok,6.0,False,6.0,4.0,300,False,0.0,False,G34,19,38.0,,0.079,pass,0.107
11345,ok,10.0,False,10.0,7.0,516,False,0.0,False,,0,1.0,,0.514,pass,0.668
11348,ok,10.0,False,10.0,8.0,519,False,0.0,False,,0,0.0,,0.763,pass,1.062
11349,ok,100.0,False,100.0,10.0,8828,False,0.0,False,,0,0.0,100.0,1.075,pass,1.671
11351,ok,10.0,False,10.0,8.0,473,False,0.0,False,,0,0.0,10.0,0.59,pass,0.711
11352,capped,1000.0,True,1000.0,10.0,63137,False,965.0,False,,0,0.0,1.0,1.855,pass,2.691
11353,capped,1000.0,True,1000.0,7.0,61624,False,0.0,False,,0,0.0,,0.948,pass,1.278
11357,ok,100.0,False,100.0,11.0,7645,False,0.0,False,,0,0.0,100.0,0.86,pass,1.158
11358,ok,100.0,False,100.0,13.0,8559,False,0.0,False,,0,0.0,100.0,0.577,pass,0.78
11360,ok,100.0,False,100.0,9.0,11345,False,0.0,False,,0,0.0,100.0,0.499,pass,0.705
11362,ok,10.0,False,10.0,10.0,980,False,0.0,False,,0,0.0,10.0,11.594,timeout 15 s,15.062
11363,capped,1000.0,True,1000.0,7.0,43016,False,0.0,False,,0,0.0,,2.135,pass,3.359
11364,ok,60.0,False,60.0,7.0,3983,False,0.0,False,,0,0.0,10.0,0.516,pass,0.679
11366,ok,1.0,False,1.0,8.0,187,False,0.0,False,,0,0.0,,0.251,pass,0.363
11369,ok,6.0,False,6.0,4.0,317,False,0.0,False,,0,9.0,,0.074,pass,0.107
11370,ok,691.0,False,691.0,6.0,24320,False,0.0,False,,0,0.0,,0.183,pass,0.277
11373,ok,100.0,False,100.0,11.0,14293,False,44.0,False,,0,0.0,100.0,7.728,pass,10.021
11374,capped,1000.0,True,1000.0,5.0,17361,False,0.0,False,,0,0.0,,1.131,pass,1.57
11375,ok,100.0,False,100.0,4.0,6258,False,0.0,False,,0,0.0,100.0,0.09,pass,0.131
11376,capped,1000.0,True,1000.0,16.0,80477,False,0.0,False,,0,0.0,,1.081,pass,1.682
11383,capped,1000.0,True,1000.0,9.0,92778,False,0.0,False,,0,0.0,,1.032,pass,1.476
11384,capped,1000.0,True,1000.0,13.0,75603,False,0.0,False,,0,0.0,,2.286,pass,3.335
11386,ok,10.0,False,10.0,9.0,595,False,0.0,False,,0,0.0,,1.367,pass,1.993
11387,ok,6.0,False,6.0,4.0,321,False,0.0,False,,0,39.0,,0.074,pass,0.108
11388,capped,1000.0,True,1000.0,4.0,18918,False,0.0,False,,0,0.0,,0.265,pass,0.4
11389,ok,10.0,False,10.0,12.0,983,False,0.0,False,,0,0.0,,1.432,pass,1.943
11391,ok,1.0,False,1.0,6.0,140,False,0.0,False,,0,0.0,,1.416,pass,1.964
11392,ok,100.0,False,100.0,10.0,7965,False,0.0,False,,0,0.0,,0.39,pass,0.648
11393,capped,1000.0,True,1000.0,11.0,97791,False,0.0,False,,0,0.0,,1.613,pass,2.26
11395,ok,100.0,False,100.0,10.0,9095,False,0.0,False,,0,0.0,100.0,0.74,pass,1.017
11396,capped,1000.0,True,1000.0,10.0,99955,False,0.0,False,,0,0.0,,4.344,pass,7.493
11397,ok,100.0,False,100.0,10.0,8827,False,0.0,False,,0,0.0,100.0,0.965,pass,1.472
11400,capped,1000.0,True,1000.0,14.0,67865,False,0.0,False,,0,0.0,,1.493,pass,2.059
11404,capped,1000.0,True,1000.0,9.0,88693,False,0.0,False,,0,0.0,,0.258,pass,0.302
11405,capped,1000.0,True,1000.0,10.0,31041,False,0.0,False,,0,1.0,,0.914,pass,1.259
11406,ok,6.0,False,6.0,4.0,317,False,0.0,False,,0,2.0,,0.22,pass,0.334
11409,capped,1000.0,True,1000.0,10.0,120221,False,0.0,False,,0,0.0,,0.152,pass,0.228
11410,ok,100.0,False,100.0,13.0,9996,False,0.0,False,,0,0.0,100.0,0.953,pass,1.434
11412,capped,1000.0,True,1000.0,4.0,33050,False,0.0,False,,0,0.0,,0.806,pass,1.134
11414,capped,1000.0,True,1000.0,3.0,33085,False,0.0,False,,0,0.0,,0.151,pass,0.236
11422,capped,1000.0,True,1000.0,9.0,43777,False,0.0,False,,0,0.0,,5.503,pass,8.171
11423,ok,100.0,False,100.0,10.0,7963,False,0.0,False,,0,0.0,100.0,1.301,pass,1.752
11425,ok,12.0,False,12.0,12.0,910,False,0.0,False,,0,0.0,100.0,0.277,pass,0.405
11427,capped,1000.0,True,1000.0,11.0,109084,False,0.0,False,,0,0.0,,1.913,pass,2.877
11430,ok,10.0,False,10.0,8.0,587,False,0.0,False,,0,0.0,10.0,0.913,pass,1.319
11432,ok,10.0,False,10.0,7.0,502,False,0.0,False,,0,0.0,,0.869,pass,1.218
11435,capped,1000.0,True,1000.0,12.0,54618,False,0.0,False,,0,0.0,,16.996,timeout 15 s,15.797
11441,ok,100.0,False,100.0,7.0,3582,False,0.0,False,,0,0.0,100.0,0.8,pass,1.092
11444,ok,4.0,False,4.0,5.0,422,False,0.0,False,,0,0.0,,0.089,pass,0.12
11446,capped,1000.0,True,1000.0,11.0,44779,False,0.0,False,,0,1.0,,0.8,pass,1.088
11449,ok,50.0,False,50.0,10.0,3080,False,0.0,False,,0,0.0,,1.665,pass,2.276
11450,capped,1000.0,True,1000.0,10.0,112208,False,0.0,False,,0,0.0,,5.842,pass,9.89
11453,ok,1.0,False,1.0,4.0,123,False,0.0,False,,0,0.0,,0.073,pass,0.099
11454,capped,1000.0,True,1000.0,13.0,140297,False,0.0,False,,0,0.0,,1.997,pass,2.922
11457,ok,27.0,False,27.0,4.0,1516,False,0.0,False,,0,0.0,,0.109,pass,0.136
11459,ok,100.0,False,100.0,9.0,9880,False,0.0,False,,0,0.0,,1.074,pass,1.411
11460,capped,1000.0,True,1000.0,10.0,87113,False,0.0,False,,0,0.0,,0.934,pass,1.488
11461,ok,100.0,False,100.0,10.0,7799,False,0.0,False,,0,0.0,100.0,0.281,pass,0.351
11462,ok,100.0,False,100.0,12.0,14392,False,0.0,False,,0,0.0,100.0,0.775,pass,1.122
11463,ok,8.0,False,8.0,12.0,777,False,0.0,False,,0,0.0,,1.022,pass,1.348
11464,ok,22.0,False,22.0,9.0,1088,False,0.0,False,,0,0.0,,1.176,pass,1.716
11465,ok,10.0,False,10.0,9.0,1014,False,0.0,False,,0,0.0,10.0,24.428,timeout 15 s,15.202
11466,capped,1000.0,True,1000.0,10.0,66343,False,0.0,False,,0,0.0,,1.518,pass,2.151
11468,ok,100.0,False,100.0,7.0,3851,False,0.0,False,,0,0.0,100.0,0.781,pass,0.949
11469,ok,6.0,False,6.0,9.0,875,False,0.0,False,,0,0.0,,0.392,pass,0.548
11470,ok,6.0,False,6.0,4.0,317,False,0.0,False,G68,8,39.0,,0.075,pass,0.107
11471,capped,1000.0,True,1000.0,10.0,28890,False,0.0,False,,0,0.0,10.0,1.13,pass,1.829
11473,capped,1000.0,True,1000.0,5.0,35252,False,0.0,False,,0,0.0,,0.114,pass,0.172
11476,ok,0.0,False,0.0,14.0,165,False,0.0,False,,0,,,0.943,pass,1.321
11477,capped,1000.0,True,1000.0,11.0,51614,False,0.0,False,,0,0.0,,11.113,timeout 15 s,15.277
11478,ok,6.0,False,6.0,8.0,535,False,0.0,False,,0,0.0,,0.372,pass,0.534
11479,ok,6.0,False,6.0,6.0,472,False,0.0,False,,0,0.0,,0.113,pass,0.161
11482,capped,1000.0,True,1000.0,12.0,56519,False,0.0,False,,0,0.0,,4.867,pass,7.652
11484,ok,6.0,False,6.0,4.0,311,False,0.0,False,G122,3,5.0,,0.17,pass,0.241
11485,ok,60.0,False,60.0,8.0,4993,False,0.0,False,,0,0.0,10.0,0.179,pass,0.245
11488,ok,180.0,False,180.0,5.0,10487,False,0.0,False,,0,0.0,,0.251,pass,0.38
11489,capped,1000.0,True,1000.0,11.0,90007,False,0.0,False,,0,0.0,,0.132,pass,0.193
11490,ok,1.0,False,1.0,4.0,109,False,0.0,False,,0,0.0,,0.096,pass,0.142
11492,ok,6.0,False,6.0,4.0,299,False,0.0,False,,0,0.0,,0.077,pass,0.113
11493,capped,1000.0,True,1000.0,9.0,106795,False,0.0,False,,0,0.0,,4.405,pass,7.859
11494,capped,1000.0,True,1000.0,4.0,49041,False,736.0,False,,0,0.0,,0.881,pass,1.027
11495,ok,100.0,False,100.0,11.0,9400,False,0.0,False,,0,0.0,100.0,7.153,pass,8.874
11499,capped,1000.0,True,1000.0,8.0,28615,False,0.0,False,,0,1.0,,2.618,pass,4.115
11500,ok,100.0,False,100.0,9.0,4780,False,0.0,False,,0,0.0,100.0,1.499,pass,2.196
11501,ok,54.0,False,54.0,7.0,3073,False,9.0,False,,0,0.0,,0.589,pass,0.769
11502,ok,10.0,False,10.0,5.0,295,False,0.0,False,,0,0.0,,0.534,pass,0.771
11504,ok,100.0,False,100.0,10.0,13010,False,0.0,False,,0,0.0,100.0,1.13,pass,1.563
11506,ok,6.0,False,6.0,4.0,304,False,0.0,False,G103,6,38.0,,0.077,pass,0.109
11508,capped,1000.0,True,1000.0,8.0,65339,False,0.0,False,,0,0.0,,0.35,pass,0.638
11510,ok,84.0,False,84.0,6.0,4905,False,0.0,False,,0,0.0,,0.691,pass,1.071
11514,ok,6.0,False,6.0,5.0,326,False,0.0,False,,0,1.0,,0.075,pass,0.107
11516,ok,100.0,False,100.0,10.0,9623,False,0.0,False,,0,0.0,100.0,0.19,pass,0.28
11520,capped,1000.0,True,1000.0,10.0,76706,False,0.0,False,,0,0.0,,1.957,pass,2.68
11527,ok,100.0,False,100.0,7.0,8898,False,0.0,False,,0,0.0,100.0,0.247,pass,0.381
11529,capped,1000.0,True,1000.0,5.0,56815,False,0.0,False,,0,1.0,,0.562,pass,0.718
11530,capped,1000.0,True,1000.0,13.0,74819,False,0.0,False,,0,0.0,,0.435,pass,0.585
11531,capped,1000.0,True,1000.0,13.0,92937,False,0.0,False,,0,0.0,,0.323,pass,0.492
11532,ok,100.0,False,100.0,14.0,11293,False,0.0,False,,0,0.0,100.0,2.772,pass,4.034
11535,ok,100.0,False,100.0,10.0,10926,False,0.0,False,,0,0.0,100.0,1.977,pass,2.832
11537,ok,6.0,False,6.0,4.0,318,False,0.0,False,G32,18,39.0,,0.074,pass,0.109
11539,capped,1000.0,True,1000.0,8.0,36874,False,0.0,False,,0,0.0,,0.733,pass,1.068
11540,ok,6.0,False,6.0,4.0,299,False,0.0,False,G162,2,38.0,,0.079,pass,0.107
11541,ok,100.0,False,100.0,5.0,4676,False,0.0,False,,0,0.0,100.0,0.522,pass,0.653
11542,ok,6.0,False,6.0,5.0,352,False,0.0,False,,0,0.0,,0.395,pass,0.662
11543,ok,100.0,False,100.0,8.0,31140,True,15.0,False,,0,0.0,100.0,0.468,pass,0.675
11545,capped,1000.0,True,1000.0,13.0,135624,False,0.0,False,,0,0.0,,0.409,pass,0.637
11547,capped,1000.0,True,1000.0,12.0,49452,False,0.0,False,,0,0.0,,1.165,pass,1.723
11549,ok,10.0,False,10.0,4.0,317,False,0.0,False,G163,0,4.0,,0.606,pass,0.833
11550,ok,6.0,False,6.0,6.0,506,False,0.0,False,,0,0.0,,0.506,pass,0.732
11551,ok,100.0,False,100.0,11.0,8347,False,0.0,False,,0,0.0,100.0,1.036,pass,1.439
11552,ok,10.0,False,10.0,9.0,958,False,0.0,False,,0,0.0,,0.635,pass,0.862
11554,ok,100.0,False,100.0,10.0,15567,False,0.0,False,,0,0.0,100.0,1.432,pass,2.234
11556,capped,1000.0,True,1000.0,9.0,56686,False,0.0,False,,0,0.0,,0.775,pass,1.066
11561,ok,100.0,False,100.0,7.0,10696,False,0.0,False,,0,0.0,100.0,1.654,pass,2.089
11562,ok,10.0,False,10.0,6.0,665,False,0.0,False,,0,0.0,,0.44,pass,0.651
11563,capped,1000.0,True,1000.0,11.0,76292,False,0.0,False,,0,0.0,,0.272,pass,0.48
11564,capped,1000.0,True,1000.0,11.0,90388,False,0.0,False,,0,0.0,,2.485,pass,3.698
11566,capped,1000.0,True,1000.0,14.0,133845,False,0.0,False,,0,0.0,,0.178,pass,0.265
11567,ok,1.0,False,1.0,11.0,267,False,0.0,False,,0,0.0,,0.475,pass,0.722
11570,ok,6.0,False,6.0,6.0,359,False,0.0,False,,0,0.0,,0.076,pass,0.11
11571,capped,1000.0,True,1000.0,5.0,19550,False,0.0,False,,0,0.0,,0.507,pass,0.714
11573,capped,1000.0,True,1000.0,12.0,96457,False,0.0,False,,0,0.0,,0.201,pass,0.289
11575,ok,100.0,False,100.0,9.0,8547,False,0.0,False,,0,1.0,100.0,0.948,pass,1.399
11576,ok,0.0,False,0.0,7.0,72,False,0.0,False,,0,,100.0,0.045,pass,0.062
11578,ok,1.0,False,1.0,6.0,144,False,0.0,False,,0,0.0,,0.789,pass,1.247
11581,capped,1000.0,True,1000.0,13.0,30639,False,0.0,False,,0,0.0,,1.124,pass,1.606
11583,capped,1000.0,True,1000.0,14.0,56201,False,0.0,False,,0,0.0,,1.487,pass,2.203
11584,ok,10.0,False,10.0,7.0,842,False,0.0,False,,0,0.0,10.0,0.569,pass,0.727
11586,ok,100.0,False,100.0,12.0,11227,False,0.0,False,,0,0.0,100.0,0.383,pass,0.548
11587,ok,1.0,False,1.0,6.0,154,False,0.0,False,,0,0.0,,0.135,pass,0.255
11591,capped,1000.0,True,1000.0,16.0,100869,False,0.0,False,,0,0.0,,2.805,pass,3.887
11592,ok,6.0,False,6.0,4.0,321,False,0.0,False,,0,0.0,,0.083,pass,0.111
11593,capped,1000.0,True,1000.0,14.0,112410,False,0.0,False,,0,0.0,,2.402,pass,3.434
11595,ok,100.0,False,100.0,9.0,11914,False,0.0,False,,0,0.0,100.0,0.77,pass,1.083
11598,capped,1000.0,True,1000.0,7.0,66484,False,513.0,False,,0,0.0,,1.166,pass,1.989
11600,ok,100.0,False,100.0,7.0,7641,False,0.0,False,,0,0.0,100.0,0.103,pass,0.178
11602,capped,1000.0,True,1000.0,5.0,28673,False,0.0,False,,0,0.0,,0.485,pass,0.645
11603,capped,1000.0,True,1000.0,8.0,27624,False,0.0,False,,0,0.0,,1.015,pass,1.434
11604,ok,6.0,False,6.0,4.0,313,False,0.0,False,,0,9.0,,0.077,pass,0.108
11605,ok,100.0,False,100.0,10.0,7935,False,0.0,False,,0,0.0,100.0,7.273,pass,10.514
11607,ok,30.0,False,30.0,6.0,2011,False,0.0,False,,0,0.0,,0.106,pass,0.151
11608,ok,100.0,False,100.0,11.0,9226,False,0.0,False,,0,0.0,100.0,0.202,pass,0.287
11610,capped,1000.0,True,1000.0,5.0,17203,False,0.0,False,,0,0.0,,1.238,pass,1.638
11611,ok,100.0,False,100.0,5.0,10215,False,0.0,False,,0,0.0,100.0,0.504,pass,0.671
11612,ok,10.0,False,10.0,8.0,547,False,0.0,False,,0,0.0,,0.518,pass,0.691
11613,ok,100.0,False,100.0,7.0,6656,False,0.0,False,,0,0.0,100.0,2.337,pass,3.651
11614,ok,10.0,False,10.0,6.0,778,False,0.0,False,,0,0.0,10.0,0.726,pass,1.052
11616,ok,6.0,False,6.0,5.0,331,False,0.0,False,G263,1,3.0,,0.076,pass,0.109
11619,ok,100.0,False,100.0,8.0,13131,False,0.0,False,,0,0.0,100.0,0.086,pass,0.117
11621,capped,1000.0,True,1000.0,13.0,102513,False,0.0,False,,0,0.0,,2.559,pass,4.146
11622,ok,100.0,False,100.0,10.0,13672,False,5.0,False,,0,0.0,100.0,6.042,pass,8.732
11623,capped,1000.0,True,1000.0,10.0,87905,False,0.0,False,,0,0.0,,0.868,pass,1.264
11626,ok,100.0,False,100.0,10.0,8972,False,0.0,False,,0,0.0,100.0,1.731,pass,2.487
11628,ok,100.0,False,100.0,10.0,8712,False,0.0,False,,0,0.0,100.0,0.181,pass,0.254
11629,ok,10.0,False,10.0,8.0,295,False,0.0,False,,0,0.0,,0.583,pass,0.756
11631,capped,1000.0,True,1000.0,13.0,86459,False,0.0,False,,0,0.0,,1.748,pass,2.53
11632,capped,1000.0,True,1000.0,16.0,94766,False,0.0,False,,0,0.0,,1.806,pass,2.589
11634,ok,4.0,False,4.0,4.0,299,False,0.0,False,,0,0.0,,0.084,pass,0.089
11635,ok,100.0,False,100.0,12.0,5728,False,0.0,False,,0,0.0,,1.168,pass,1.629
11636,ok,100.0,False,100.0,10.0,9112,False,0.0,False,,0,0.0,100.0,14.673,timeout 15 s,15.524
11639,ok,10.0,False,10.0,10.0,780,False,0.0,False,,0,0.0,,0.1,pass,0.137
11640,ok,100.0,False,100.0,15.0,13345,False,0.0,False,,0,0.0,100.0,5.776,pass,8.769
11643,ok,10.0,False,10.0,9.0,537,False,0.0,False,,0,1.0,,1.148,pass,1.691
11648,capped,1000.0,True,1000.0,5.0,49406,False,0.0,False,,0,0.0,,0.933,pass,1.275
11649,ok,100.0,False,100.0,11.0,9232,False,0.0,False,,0,0.0,100.0,0.132,pass,0.226
11650,ok,10.0,False,10.0,5.0,531,False,0.0,False,,0,0.0,10.0,0.748,pass,1.096
11653,ok,100.0,False,100.0,10.0,10546,False,0.0,False,,0,0.0,100.0,2.226,pass,3.458
11654,capped,1000.0,True,1000.0,14.0,87776,False,0.0,False,,0,0.0,,17.131,timeout 15 s,15.252
11655,capped,1000.0,True,1000.0,14.0,72144,False,0.0,False,,0,0.0,,15.068,timeout 15 s,15.245
11656,ok,10.0,False,10.0,15.0,889,False,0.0,False,,0,0.0,10.0,4.967,pass,7.688
11657,capped,1000.0,True,1000.0,6.0,69217,False,0.0,False,,0,0.0,,0.152,pass,0.231
11659,capped,1000.0,True,1000.0,6.0,62099,False,0.0,False,,0,0.0,,0.538,pass,0.757
11661,ok,100.0,False,100.0,11.0,10910,False,0.0,False,,0,0.0,100.0,3.222,pass,4.81
11662,ok,1.0,False,1.0,4.0,105,False,0.0,False,,0,0.0,,0.068,pass,0.096
11664,capped,1000.0,True,1000.0,11.0,74184,False,0.0,False,,0,0.0,,2.306,pass,3.879
11666,ok,100.0,False,100.0,10.0,11392,False,0.0,False,,0,0.0,100.0,0.819,pass,1.2
11667,ok,550.0,False,550.0,10.0,45562,False,0.0,False,,0,0.0,,0.11,pass,0.161
11671,ok,100.0,False,100.0,7.0,8140,False,0.0,False,,0,0.0,100.0,0.179,pass,0.251
11672,ok,100.0,False,100.0,10.0,6582,False,0.0,False,,0,0.0,100.0,0.118,pass,0.164
11674,capped,1000.0,True,1000.0,7.0,36752,False,0.0,False,,0,0.0,,0.881,pass,1.258
11675,capped,1000.0,True,1000.0,10.0,48819,False,0.0,False,,0,0.0,,1.089,pass,1.58
11676,ok,6.0,False,6.0,7.0,412,False,0.0,False,,0,0.0,,0.508,pass,0.722
11677,capped,1000.0,True,1000.0,12.0,66323,False,0.0,False,,0,0.0,,0.898,pass,1.225
11678,capped,1000.0,True,1000.0,11.0,134174,False,0.0,False,,0,0.0,,0.936,pass,1.323
11679,ok,10.0,False,10.0,12.0,1352,False,0.0,False,,0,0.0,10.0,1.583,pass,2.162
11680,ok,6.0,False,6.0,12.0,848,False,0.0,False,,0,0.0,,0.613,pass,0.89
11681,capped,1000.0,True,1000.0,10.0,57566,False,0.0,False,,0,0.0,,1.741,pass,2.854
11682,ok,100.0,False,100.0,10.0,8758,False,0.0,False,,0,0.0,100.0,2.059,pass,3.119
11683,capped,1000.0,True,1000.0,10.0,80876,False,246.0,False,,0,0.0,,1.852,pass,2.733
11685,capped,1000.0,True,1000.0,5.0,63628,False,0.0,False,,0,1.0,,0.645,pass,0.845
11686,capped,1000.0,True,1000.0,13.0,66441,False,0.0,False,,0,0.0,,1.308,pass,1.896
11687,ok,100.0,False,100.0,8.0,3689,False,0.0,False,,0,0.0,100.0,1.15,pass,1.648
11688,ok,6.0,False,6.0,6.0,493,False,0.0,False,,0,0.0,,0.771,pass,0.983
11689,capped,1000.0,True,1000.0,9.0,44293,False,0.0,False,,0,0.0,,2.018,pass,3.057
11691,capped,1000.0,True,1000.0,10.0,52537,False,0.0,False,,0,0.0,,0.658,pass,0.967
11692,ok,100.0,False,100.0,10.0,6689,False,0.0,False,,0,0.0,100.0,1.549,pass,2.478
11693,ok,100.0,False,100.0,9.0,7994,False,0.0,False,,0,0.0,100.0,0.929,pass,1.47
11696,ok,100.0,False,100.0,10.0,12121,False,0.0,False,,0,0.0,100.0,0.781,pass,1.116
11698,capped,1000.0,True,1000.0,7.0,81863,False,0.0,False,,0,0.0,,0.175,pass,0.262
11701,ok,6.0,False,6.0,12.0,575,False,0.0,False,,0,0.0,,0.121,pass,0.164
11702,ok,6.0,False,6.0,4.0,304,False,0.0,False,,0,0.0,,0.227,pass,0.318
11703,ok,10.0,False,10.0,10.0,1316,False,0.0,False,,0,0.0,10.0,0.837,pass,1.097
11706,ok,6.0,False,6.0,5.0,236,False,0.0,False,,0,0.0,,0.394,pass,0.617
11708,ok,100.0,False,100.0,13.0,9134,False,0.0,False,,0,0.0,100.0,1.64,pass,2.316
11712,ok,100.0,False,100.0,11.0,11474,False,0.0,False,,0,0.0,100.0,1.01,pass,1.551
11714,ok,100.0,False,100.0,7.0,5303,False,0.0,False,,0,0.0,100.0,0.377,pass,0.597
11719,ok,17.0,False,17.0,4.0,687,False,0.0,False,,0,0.0,,12.545,timeout 15 s,15.204
11720,ok,100.0,False,100.0,12.0,5656,False,0.0,False,,0,0.0,100.0,14.89,timeout 15 s,15.243
11727,capped,1000.0,True,1000.0,15.0,96212,False,0.0,False,,0,0.0,,2.334,pass,3.161
11730,ok,100.0,False,100.0,13.0,6586,False,0.0,False,,0,0.0,100.0,1.224,pass,1.875
11731,ok,6.0,False,6.0,5.0,221,False,0.0,False,,0,0.0,,0.075,pass,0.109
11732,capped,1000.0,True,1000.0,9.0,88447,False,0.0,False,,0,0.0,,4.554,pass,7.625
11734,ok,10.0,False,10.0,9.0,754,False,0.0,False,,0,0.0,,1.018,pass,1.358
11736,capped,1000.0,True,1000.0,9.0,80936,False,0.0,False,,0,0.0,,0.398,pass,0.597
11737,ok,100.0,False,100.0,10.0,17934,False,0.0,False,,0,0.0,100.0,1.769,pass,2.847
11743,ok,6.0,False,6.0,6.0,394,False,0.0,False,,0,0.0,,0.603,pass,0.866
11744,ok,8.0,False,8.0,5.0,321,False,0.0,False,,0,0.0,,0.622,pass,0.893
11749,ok,13.0,False,13.0,9.0,882,False,0.0,False,,0,0.0,,0.843,pass,1.153
11752,ok,10.0,False,10.0,7.0,796,False,0.0,False,,0,1.0,,0.594,pass,0.82
11753,capped,1000.0,True,1000.0,6.0,60663,False,0.0,False,,0,0.0,,0.567,pass,0.749
11754,ok,6.0,False,6.0,4.0,300,False,0.0,False,,0,1.0,,0.078,pass,0.108
11755,ok,6.0,False,6.0,5.0,457,False,0.0,False,,0,2.0,,0.076,pass,0.109
11757,ok,6.0,False,6.0,4.0,318,False,0.0,False,G32,18,39.0,,0.074,pass,0.109
11760,ok,10.0,False,10.0,7.0,533,False,0.0,False,,0,0.0,10.0,0.774,pass,0.911
11761,ok,12.0,False,12.0,9.0,789,False,0.0,False,,0,0.0,,0.092,pass,0.121
11765,ok,100.0,False,100.0,11.0,15180,False,0.0,False,,0,0.0,100.0,0.731,pass,1.059
11766,capped,1000.0,True,1000.0,7.0,95896,False,1.0,False,,0,0.0,,0.174,pass,0.258
11767,capped,1000.0,True,1000.0,10.0,63933,False,0.0,False,,0,0.0,,1.503,pass,2.174
11769,ok,100.0,False,100.0,8.0,13318,False,0.0,False,,0,0.0,100.0,1.584,pass,2.535
11771,capped,1000.0,True,1000.0,6.0,48051,False,0.0,False,,0,0.0,,0.952,pass,1.3
11772,capped,1000.0,True,1000.0,12.0,80801,False,0.0,False,,0,0.0,,0.876,pass,1.207
11773,capped,1000.0,True,1000.0,5.0,44322,False,0.0,False,,0,0.0,,0.558,pass,0.747
11774,capped,1000.0,True,1000.0,9.0,57978,False,0.0,False,,0,0.0,,2.598,pass,3.932
11778,ok,6.0,False,6.0,7.0,466,False,0.0,False,,0,0.0,,3.092,pass,4.597
11780,ok,6.0,False,6.0,2.0,130,False,0.0,False,G104,6,9.0,,0.072,pass,0.103
11782,ok,4.0,False,4.0,6.0,326,False,0.0,False,,0,0.0,,0.063,pass,0.087
11783,ok,6.0,False,6.0,5.0,451,False,0.0,False,,0,2.0,,0.079,pass,0.113
11784,capped,1000.0,True,1000.0,9.0,63189,False,0.0,False,,0,0.0,,1.861,pass,3.067
11785,ok,840.0,False,840.0,8.0,54282,False,0.0,False,,0,0.0,10.0,0.499,pass,0.699
11786,ok,10.0,False,10.0,7.0,515,False,0.0,False,,0,0.0,,1.956,pass,2.872
11787,capped,1000.0,True,1000.0,14.0,101153,False,0.0,False,,0,0.0,,2.282,pass,3.451
11792,ok,6.0,False,6.0,7.0,424,False,0.0,False,,0,0.0,,0.432,pass,0.637
11794,capped,1000.0,True,1000.0,11.0,143187,False,0.0,False,,0,0.0,,0.365,pass,0.538
11795,capped,1000.0,True,1000.0,10.0,85976,False,0.0,False,,0,0.0,,0.178,pass,0.268
11796,capped,1000.0,True,1000.0,8.0,75200,False,0.0,False,,0,0.0,,1.289,pass,1.892
11799,capped,1000.0,True,1000.0,4.0,33733,False,0.0,False,,0,0.0,,0.114,pass,0.168
11802,ok,100.0,False,100.0,9.0,8167,False,0.0,False,,0,0.0,100.0,5.75,pass,6.237
11808,capped,1000.0,True,1000.0,10.0,67516,False,0.0,False,,0,0.0,,6.251,pass,9.405
11809,ok,0.0,False,0.0,10.0,112,False,0.0,False,,0,,,0.883,pass,1.263
11810,capped,1000.0,True,1000.0,12.0,81429,False,0.0,False,,0,0.0,,20.879,timeout 15 s,15.071
11814,capped,1000.0,True,1000.0,14.0,136022,False,0.0,False,,0,0.0,,3.373,pass,5.59
11815,ok,10.0,False,10.0,5.0,427,False,0.0,False,,0,0.0,10.0,1.385,pass,1.623
11819,capped,1000.0,True,1000.0,14.0,101753,False,0.0,False,,0,0.0,,1.491,pass,1.023
11821,ok,100.0,False,100.0,12.0,10016,False,0.0,False,,0,0.0,100.0,1.967,pass,1.322
11823,ok,100.0,False,100.0,8.0,11480,False,0.0,False,,0,0.0,100.0,1.683,pass,1.054
11825,ok,100.0,False,100.0,9.0,10903,False,0.0,False,,0,0.0,,0.228,pass,0.144
11826,capped,1000.0,True,1000.0,11.0,60787,False,0.0,False,,0,0.0,,1.526,pass,1.11
11832,capped,1000.0,True,1000.0,10.0,103103,False,0.0,False,,0,0.0,,0.304,pass,0.201
11833,ok,6.0,False,6.0,7.0,457,False,0.0,False,,0,0.0,,0.261,pass,0.169
11834,ok,6.0,False,6.0,8.0,695,False,0.0,False,,0,0.0,,0.857,pass,0.609
11836,ok,562.0,False,562.0,13.0,51910,False,12.0,False,,0,0.0,,0.324,pass,0.167
11837,capped,1000.0,True,1000.0,11.0,46932,False,0.0,False,,0,0.0,,0.264,pass,0.244
11838,ok,10.0,False,10.0,8.0,679,False,0.0,False,,0,1.0,,1.149,pass,0.785
11840,ok,10.0,False,10.0,6.0,454,False,0.0,False,,0,0.0,,3.194,pass,3.198
11843,capped,1000.0,True,1000.0,5.0,30613,False,0.0,False,,0,0.0,,1.079,pass,1.768
11845,ok,1.0,False,1.0,7.0,166,False,0.0,False,,0,0.0,,0.147,pass,0.132
11846,ok,100.0,False,100.0,8.0,6782,False,0.0,False,,0,0.0,100.0,1.349,pass,1.817
11847,ok,10.0,False,10.0,6.0,581,False,0.0,False,,0,0.0,,0.939,pass,1.222
11848,capped,1000.0,True,1000.0,9.0,37980,False,0.0,False,,0,0.0,,1.26,pass,1.74
11851,ok,8.0,False,8.0,6.0,415,False,0.0,False,,0,0.0,,0.431,pass,0.543
11853,ok,100.0,False,100.0,6.0,4992,False,0.0,False,,0,0.0,100.0,0.983,pass,1.344
11858,capped,1000.0,True,1000.0,4.0,34669,False,0.0,False,,0,0.0,,0.165,pass,0.156
11859,capped,43.0,True,43.0,12.0,87710,True,0.0,False,,0,0.0,,0.569,pass,0.836
11860,ok,6.0,False,6.0,5.0,238,False,0.0,False,,0,0.0,,0.324,pass,0.333
11865,capped,1000.0,True,1000.0,13.0,45993,False,0.0,False,,0,0.0,,27.851,timeout 15 s,15.265
11867,ok,6.0,False,6.0,4.0,300,False,0.0,False,G34,19,38.0,,0.149,pass,0.107
11869,capped,1000.0,True,1000.0,6.0,69165,False,0.0,False,,0,0.0,,0.135,pass,0.243
11870,ok,100.0,False,100.0,13.0,14970,False,0.0,False,,0,0.0,100.0,1.81,pass,2.784
11871,ok,100.0,False,100.0,11.0,5275,False,0.0,False,,0,0.0,100.0,0.892,pass,1.254
11872,ok,100.0,False,100.0,16.0,12552,False,0.0,False,,0,0.0,100.0,7.499,pass,10.432
11873,ok,100.0,False,100.0,10.0,9553,False,0.0,False,,0,0.0,100.0,1.086,pass,1.531
11874,capped,1000.0,True,1000.0,14.0,50624,False,0.0,False,,0,0.0,,2.689,pass,3.853
11875,ok,1.0,False,1.0,6.0,216,False,0.0,False,,0,0.0,,4.61,pass,7.494
11881,ok,6.0,False,6.0,6.0,444,False,0.0,False,,0,0.0,,0.16,pass,0.213
11883,capped,1000.0,True,1000.0,8.0,39794,False,0.0,False,,0,0.0,,2.494,pass,3.522
11884,capped,1000.0,True,1000.0,4.0,24691,False,0.0,False,G270,1,1.0,,0.524,pass,0.599
11885,ok,6.0,False,6.0,6.0,480,False,0.0,False,,0,0.0,,0.525,pass,0.7
11886,ok,6.0,False,6.0,4.0,300,False,0.0,False,,0,1.0,,0.133,pass,0.109
11887,ok,6.0,False,6.0,6.0,392,False,0.0,False,,0,0.0,1.0,2.622,pass,3.715
11892,capped,1000.0,True,1000.0,11.0,81537,False,0.0,False,,0,0.0,,6.054,pass,8.624
11894,ok,100.0,False,100.0,10.0,11238,False,0.0,False,,0,0.0,100.0,1.841,pass,2.545
11898,ok,6.0,False,6.0,4.0,299,False,0.0,False,G162,2,38.0,,0.077,pass,0.108
11905,capped,1000.0,True,1000.0,11.0,78260,False,0.0,False,,0,0.0,,1.276,pass,1.832
11909,capped,1000.0,True,1000.0,8.0,35848,False,0.0,False,,0,0.0,,4.831,pass,7.353
11911,ok,6.0,False,6.0,4.0,315,False,0.0,False,,0,3.0,,0.407,pass,0.503
11913,ok,100.0,False,100.0,8.0,7826,False,0.0,False,,0,0.0,100.0,0.794,pass,1.019
11916,capped,1000.0,True,1000.0,12.0,92043,False,0.0,False,,0,0.0,,4.371,pass,6.371
11922,ok,10.0,False,10.0,16.0,1570,False,0.0,False,,0,0.0,10.0,0.622,pass,0.798
11924,ok,0.0,False,0.0,7.0,76,False,0.0,False,,0,,,0.185,pass,0.093
11926,ok,1.0,False,1.0,16.0,375,False,0.0,False,,0,0.0,,0.174,pass,0.207
11929,ok,6.0,False,6.0,5.0,244,False,0.0,False,,0,0.0,,0.349,pass,0.334
11930,capped,1000.0,True,1000.0,11.0,32655,False,0.0,False,,0,0.0,,0.99,pass,1.494
11931,capped,1000.0,True,1000.0,11.0,70622,False,0.0,False,,0,0.0,,5.783,pass,8.317
11932,ok,4.0,False,4.0,4.0,224,False,0.0,False,G195,1,2.0,,0.12,pass,0.089
11935,ok,1.0,False,1.0,6.0,156,False,0.0,False,,0,0.0,,0.11,pass,0.174
11936,capped,1000.0,True,1000.0,10.0,59119,False,0.0,False,,0,0.0,,1.073,pass,1.497
11937,capped,1000.0,True,1000.0,14.0,90684,False,0.0,False,,0,0.0,,2.411,pass,3.276
11938,ok,30.0,False,30.0,8.0,1273,False,0.0,False,,0,0.0,,0.132,pass,0.106
11940,ok,100.0,False,100.0,10.0,4789,False,0.0,False,,0,0.0,100.0,0.511,pass,0.646
11944,capped,1000.0,True,1000.0,7.0,71181,False,0.0,False,,0,0.0,,0.217,pass,0.242
11946,capped,1000.0,True,1000.0,8.0,35561,False,0.0,False,,0,0.0,,1.515,pass,2.118
11949,ok,100.0,False,100.0,12.0,9632,False,0.0,False,,0,0.0,100.0,0.301,pass,0.27
11950,capped,1000.0,True,1000.0,11.0,38829,False,0.0,False,,0,0.0,,0.882,pass,1.225
11951,ok,10.0,False,10.0,6.0,638,False,0.0,False,G271,0,1.0,,0.641,pass,0.811
11953,ok,100.0,False,100.0,9.0,8754,False,0.0,False,,0,0.0,100.0,0.295,pass,0.26
11955,capped,1000.0,True,1000.0,17.0,110350,False,0.0,False,,0,0.0,,3.029,pass,4.544
11959,ok,10.0,False,10.0,9.0,434,False,0.0,False,,0,0.0,10.0,0.191,pass,0.196
11961,ok,100.0,False,100.0,9.0,7847,False,0.0,False,,0,0.0,100.0,0.164,pass,0.219
11962,ok,100.0,False,100.0,10.0,7534,False,0.0,False,,0,0.0,100.0,0.426,pass,0.46
11964,capped,1000.0,True,1000.0,5.0,24028,False,0.0,False,,0,0.0,,0.577,pass,0.831
11965,capped,1000.0,True,1000.0,5.0,43090,False,0.0,False,,0,0.0,,2.106,pass,3.052
11966,ok,10.0,False,10.0,11.0,1017,False,0.0,False,,0,0.0,,1.373,pass,1.749
11968,capped,1000.0,True,1000.0,11.0,77851,False,0.0,False,,0,0.0,,0.535,pass,0.702
11969,capped,1000.0,True,1000.0,10.0,66491,False,0.0,False,,0,0.0,,1.459,pass,1.823
11971,ok,100.0,False,100.0,9.0,10391,False,0.0,False,,0,0.0,,1.282,pass,1.373
11974,ok,6.0,False,6.0,5.0,354,False,0.0,False,,0,0.0,,0.115,pass,0.178
11976,ok,10.0,False,10.0,7.0,427,False,0.0,False,,0,0.0,,0.527,pass,0.763
11977,capped,1000.0,True,1000.0,13.0,139840,False,0.0,False,,0,0.0,,0.97,pass,1.259
11981,capped,1000.0,True,1000.0,13.0,62754,False,0.0,False,,0,0.0,,18.312,timeout 15 s,15.255
11986,ok,100.0,False,100.0,11.0,9165,False,0.0,False,,0,0.0,100.0,10.027,pass,13.957
11987,ok,100.0,False,100.0,9.0,7408,False,0.0,False,,0,0.0,,1.127,pass,1.698
11988,ok,100.0,False,100.0,11.0,14182,False,0.0,False,,0,0.0,100.0,0.816,pass,1.148
11990,ok,1.0,False,1.0,7.0,225,False,0.0,False,,0,0.0,,0.15,pass,0.131
11991,ok,50.0,False,50.0,5.0,1481,False,0.0,False,,0,0.0,50.0,0.831,pass,1.128
11992,ok,10.0,False,10.0,5.0,392,False,0.0,False,,0,0.0,,1.227,pass,1.652
11993,ok,100.0,False,100.0,10.0,9415,False,0.0,False,,0,0.0,100.0,4.446,pass,6.336
11994,ok,6.0,False,6.0,5.0,471,False,0.0,False,,0,0.0,,0.448,pass,0.637
11995,ok,10.0,False,10.0,7.0,549,False,0.0,False,,0,1.0,10.0,1.408,pass,1.917
11997,capped,1000.0,True,1000.0,14.0,111511,False,0.0,False,,0,0.0,,22.229,timeout 15 s,15.241
11998,ok,100.0,False,100.0,8.0,5587,False,0.0,False,,0,0.0,100.0,0.643,pass,0.774
11999,ok,100.0,False,100.0,5.0,4725,False,0.0,False,,0,0.0,100.0,0.615,pass,0.705
12000,ok,100.0,False,100.0,10.0,4517,False,0.0,False,,0,0.0,100.0,1.14,pass,1.416
12001,ok,1.0,False,1.0,4.0,147,False,0.0,False,,0,0.0,,1.937,pass,2.432
12002,ok,1.0,False,1.0,6.0,129,False,0.0,False,,0,0.0,,0.132,pass,0.197
12003,ok,10.0,False,10.0,8.0,572,False,0.0,False,,0,0.0,,0.929,pass,1.309
12006,capped,1000.0,True,1000.0,12.0,48290,False,0.0,False,,0,0.0,,0.898,pass,1.172
12007,ok,6.0,False,6.0,4.0,207,False,0.0,False,,0,0.0,,0.128,pass,0.108
12008,ok,100.0,False,100.0,10.0,12005,False,0.0,False,,0,0.0,100.0,0.768,pass,1.093
12010,ok,100.0,False,100.0,9.0,8407,False,0.0,False,,0,0.0,100.0,0.294,pass,0.247
12011,capped,1000.0,True,1000.0,9.0,46487,False,0.0,False,,0,0.0,,0.738,pass,2.368
12012,ok,6.0,False,6.0,5.0,403,False,0.0,False,,0,0.0,,0.136,pass,0.115
12013,ok,100.0,False,100.0,10.0,6618,False,0.0,False,,0,0.0,100.0,1.025,pass,1.404
12014,capped,1000.0,True,1000.0,8.0,53962,False,0.0,False,,0,0.0,,1.648,pass,2.257
12015,ok,6.0,False,6.0,4.0,304,False,0.0,False,,0,38.0,,0.133,pass,0.109
12018,capped,1000.0,True,1000.0,5.0,43413,False,0.0,False,,0,0.0,,1.335,pass,1.889
12020,ok,4.0,False,4.0,12.0,575,False,0.0,False,,0,0.0,,1.455,pass,2.113
12021,capped,1000.0,True,1000.0,7.0,40654,False,0.0,False,,0,0.0,,0.834,pass,1.203
12022,ok,6.0,False,6.0,4.0,317,False,0.0,False,G68,0,39.0,100.0,0.135,pass,0.109
12023,capped,1000.0,True,1000.0,11.0,95641,False,0.0,False,,0,0.0,,6.236,pass,9.294
12026,capped,1000.0,True,1000.0,10.0,44372,False,0.0,False,,0,0.0,,0.606,pass,0.717
12029,ok,100.0,False,100.0,9.0,7351,False,0.0,False,,0,0.0,100.0,0.692,pass,0.803
12030,capped,1000.0,True,1000.0,13.0,129463,False,0.0,False,,0,0.0,,0.941,pass,1.257
12031,ok,34.0,False,34.0,3.0,1236,False,0.0,False,,0,0.0,,0.261,pass,0.32
12033,capped,1000.0,True,1000.0,10.0,25307,False,7.0,False,,0,0.0,,1.148,pass,1.337
12036,ok,1.0,False,1.0,4.0,118,False,0.0,False,,0,0.0,,0.122,pass,0.094
12038,ok,6.0,False,6.0,8.0,621,False,0.0,False,,0,0.0,,0.421,pass,0.643
12039,ok,680.0,False,680.0,4.0,36710,False,0.0,False,,0,0.0,,0.339,pass,0.41
12040,ok,6.0,False,6.0,4.0,318,False,0.0,False,G32,18,39.0,,0.14,pass,0.108
12042,capped,1000.0,True,1000.0,13.0,127101,False,0.0,False,,0,0.0,,0.931,pass,1.565
12044,capped,1000.0,True,1000.0,16.0,116143,False,0.0,False,,0,0.0,,2.985,pass,4.137
12046,ok,6.0,False,6.0,3.0,179,False,0.0,False,,0,0.0,,0.126,pass,0.109
12048,capped,1000.0,True,1000.0,10.0,50956,False,0.0,False,,0,0.0,,3.008,pass,4.519
12050,capped,1000.0,True,1000.0,7.0,85179,False,0.0,False,,0,0.0,,0.587,pass,0.767
12051,capped,1000.0,True,1000.0,6.0,45564,False,0.0,False,,0,0.0,,0.644,pass,0.764
12056,capped,1000.0,True,1000.0,12.0,115831,False,0.0,False,,0,0.0,,5.52,pass,8.444
12058,ok,0.0,False,0.0,13.0,142,False,0.0,False,,0,,,0.128,pass,0.1
12059,ok,4.0,False,4.0,5.0,172,False,0.0,False,,0,0.0,,0.1,pass,0.145
12060,ok,1.0,False,1.0,6.0,178,False,0.0,False,,0,0.0,,0.261,pass,0.398
12061,ok,12.0,False,12.0,4.0,444,False,0.0,False,,0,0.0,,0.174,pass,0.16
12062,ok,1.0,False,1.0,5.0,139,False,0.0,False,,0,0.0,,0.065,pass,0.091
12064,capped,1000.0,True,1000.0,11.0,123841,False,0.0,False,,0,0.0,,2.535,pass,3.844
12065,ok,10.0,False,10.0,7.0,484,False,0.0,False,,0,0.0,,0.63,pass,0.754
12066,ok,6.0,False,6.0,4.0,300,False,0.0,False,G34,19,38.0,,0.13,pass,0.107
12067,ok,6.0,False,6.0,4.0,305,False,0.0,False,,0,1.0,,0.268,pass,0.327
12070,capped,1000.0,True,1000.0,14.0,69822,False,0.0,False,,0,0.0,,1.995,pass,2.813
12071,ok,10.0,False,10.0,8.0,514,False,0.0,False,,0,1.0,,1.421,pass,1.897
12073,ok,10.0,False,10.0,7.0,451,False,0.0,False,,0,0.0,10.0,0.82,pass,1.119
12074,capped,1000.0,True,1000.0,10.0,89583,False,0.0,False,,0,0.0,,2.886,pass,4.134
12075,capped,1000.0,True,1000.0,11.0,93755,False,0.0,False,,0,0.0,,26.51,timeout 15 s,16.356
12076,ok,100.0,False,100.0,6.0,3398,False,0.0,False,,0,0.0,100.0,0.534,pass,0.609
12077,ok,10.0,False,10.0,7.0,652,False,0.0,False,,0,0.0,,0.607,pass,0.768
12081,ok,100.0,False,100.0,11.0,9845,False,0.0,False,,0,0.0,100.0,6.593,pass,10.325
12082,capped,1000.0,True,1000.0,8.0,46599,False,0.0,False,,0,0.0,,0.622,pass,0.887
12084,ok,100.0,False,100.0,9.0,6863,False,0.0,False,,0,0.0,100.0,0.992,pass,1.386
12085,ok,100.0,False,100.0,11.0,11708,False,0.0,False,,0,0.0,100.0,0.76,pass,1.09
12087,ok,10.0,False,10.0,9.0,534,False,0.0,False,,0,1.0,,1.144,pass,1.713
12088,ok,8.0,False,8.0,6.0,411,False,0.0,False,,0,0.0,,0.868,pass,1.217
12093,capped,1000.0,True,1000.0,8.0,28708,False,0.0,False,G86,0,10.0,,0.578,pass,0.78
12094,capped,1000.0,True,1000.0,10.0,120166,False,0.0,False,,0,0.0,,0.212,pass,0.222
12095,ok,1.0,False,1.0,10.0,237,False,0.0,False,,0,0.0,,0.154,pass,0.12
12098,ok,10.0,False,10.0,7.0,514,False,0.0,False,,0,0.0,,2.372,pass,3.488
12105,capped,1000.0,True,1000.0,13.0,98865,False,0.0,False,,0,0.0,,8.496,pass,13.335
12109,ok,100.0,False,100.0,13.0,10005,False,0.0,False,,0,0.0,100.0,1.063,pass,1.472
12110,ok,100.0,False,100.0,7.0,3348,False,0.0,False,,0,0.0,100.0,2.009,pass,2.962
12111,ok,100.0,False,100.0,11.0,10211,False,0.0,False,,0,0.0,100.0,2.555,pass,3.789
12112,capped,1000.0,True,1000.0,9.0,83886,False,0.0,False,,0,0.0,,0.297,pass,0.364
12113,ok,100.0,False,100.0,8.0,8397,False,0.0,False,,0,0.0,100.0,0.359,pass,0.349
12115,capped,1000.0,True,1000.0,9.0,48781,False,0.0,False,,0,0.0,,0.627,pass,0.937
12116,ok,100.0,False,100.0,11.0,8933,False,0.0,False,,0,0.0,100.0,0.503,pass,0.554
12117,ok,100.0,False,100.0,13.0,10944,False,0.0,False,,0,0.0,100.0,5.134,pass,5.874
12118,ok,4.0,False,4.0,4.0,207,False,0.0,False,,0,0.0,,0.08,pass,0.106
12119,capped,1000.0,True,1000.0,10.0,99336,False,0.0,False,,0,0.0,,8.793,pass,12.771
12120,ok,100.0,False,100.0,9.0,7677,False,0.0,False,,0,0.0,100.0,0.639,pass,0.722
12122,ok,10.0,False,10.0,7.0,542,False,0.0,False,,0,0.0,10.0,0.706,pass,0.944
12123,capped,1000.0,True,1000.0,6.0,27878,False,0.0,False,,0,0.0,,0.336,pass,0.418
12128,capped,1000.0,True,1000.0,11.0,88923,False,0.0,False,,0,0.0,,2.505,pass,3.511
12129,ok,100.0,False,100.0,10.0,6387,False,0.0,False,,0,0.0,100.0,2.814,pass,4.302
12130,ok,100.0,False,100.0,9.0,8037,False,0.0,False,,0,1.0,100.0,0.845,pass,1.031
12132,ok,6.0,False,6.0,10.0,762,False,0.0,False,,0,0.0,,0.503,pass,0.642
12134,ok,8.0,False,8.0,5.0,428,False,0.0,False,,0,0.0,,1.447,pass,1.992
12136,capped,1000.0,True,1000.0,12.0,30069,False,0.0,False,,0,0.0,,3.321,pass,4.636
12137,ok,6.0,False,6.0,5.0,327,False,0.0,False,,0,1.0,,0.082,pass,0.106
12139,ok,6.0,False,6.0,5.0,355,False,0.0,False,G160,2,4.0,,0.242,pass,0.334
12140,ok,6.0,False,6.0,5.0,337,False,0.0,False,G272,1,1.0,,0.438,pass,0.534
12142,ok,100.0,False,100.0,11.0,9063,False,0.0,False,,0,0.0,100.0,3.16,pass,4.799
12143,ok,6.0,False,6.0,5.0,364,False,0.0,False,G273,0,1.0,,0.799,pass,1.079
12144,ok,100.0,False,100.0,8.0,4621,False,0.0,False,,0,0.0,100.0,7.77,pass,9.744
12145,capped,1000.0,True,1000.0,15.0,74727,False,0.0,False,,0,0.0,,3.39,pass,4.537
12146,capped,1000.0,True,1000.0,12.0,101254,False,0.0,False,,0,0.0,,13.786,timeout 15 s,15.179
12148,ok,6.0,False,6.0,8.0,439,False,0.0,False,,0,0.0,,0.135,pass,0.116
12156,ok,6.0,False,6.0,4.0,304,False,0.0,False,,0,1.0,,0.075,pass,0.11
12158,ok,100.0,False,100.0,8.0,8412,False,0.0,False,,0,0.0,,1.036,pass,1.593
12159,ok,100.0,False,100.0,12.0,10967,False,0.0,False,,0,0.0,100.0,2.1,pass,2.856
12160,ok,0.0,False,0.0,13.0,144,False,0.0,False,,0,,,0.612,pass,0.868
12161,capped,1000.0,True,1000.0,10.0,46634,False,0.0,False,,0,0.0,,3.154,pass,5.129
12163,capped,1000.0,True,1000.0,11.0,34747,False,0.0,False,,0,2.0,,0.854,pass,1.06
12168,ok,6.0,False,6.0,5.0,453,False,0.0,False,,0,0.0,,0.296,pass,0.337
12169,ok,10.0,False,10.0,6.0,446,False,0.0,False,,0,0.0,,0.833,pass,1.146
12170,ok,6.0,False,6.0,8.0,553,False,0.0,False,,0,0.0,,0.484,pass,0.628
12171,ok,0.0,False,0.0,10.0,119,False,0.0,False,,0,,,0.261,pass,0.296
12174,capped,1000.0,True,1000.0,15.0,135060,False,0.0,False,,0,0.0,,4.81,pass,6.815
12175,ok,100.0,False,100.0,9.0,11793,False,0.0,False,,0,2.0,100.0,0.821,pass,1.069
12178,ok,100.0,False,100.0,10.0,11994,False,0.0,False,,0,0.0,100.0,5.444,pass,5.658
12179,ok,6.0,False,6.0,6.0,500,False,0.0,False,,0,0.0,,0.142,pass,0.166
12180,ok,537.0,False,537.0,9.0,46210,False,0.0,False,,0,0.0,,0.638,pass,0.739
12184,ok,6.0,False,6.0,9.0,739,False,0.0,False,,0,0.0,,10.843,timeout 15 s,15.098
12189,capped,1000.0,True,1000.0,11.0,82859,False,0.0,False,,0,0.0,,17.035,timeout 15 s,15.284
12190,capped,1000.0,True,1000.0,13.0,92427,False,0.0,False,,0,0.0,,0.2,pass,0.219
12193,capped,1000.0,True,1000.0,4.0,52994,False,0.0,False,,0,0.0,,0.148,pass,0.195
12194,ok,6.0,False,6.0,7.0,414,False,0.0,False,,0,0.0,,0.26,pass,0.266
12196,ok,6.0,False,6.0,6.0,530,False,0.0,False,,0,0.0,,0.095,pass,0.134
12200,ok,10.0,False,10.0,8.0,703,False,0.0,False,,0,0.0,,0.603,pass,0.787
12201,ok,100.0,False,100.0,9.0,10738,False,0.0,False,,0,0.0,100.0,2.397,pass,3.77
12204,capped,1000.0,True,1000.0,6.0,19929,False,26.0,False,,0,1.0,,0.708,pass,0.949
12205,ok,100.0,False,100.0,4.0,2580,False,0.0,False,,0,0.0,100.0,2.301,pass,3.309
12206,ok,6.0,False,6.0,7.0,537,False,0.0,False,,0,0.0,,1.265,pass,1.718
12210,ok,6.0,False,6.0,4.0,207,False,0.0,False,,0,0.0,,0.22,pass,0.238
12212,ok,6.0,False,6.0,4.0,310,False,0.0,False,G197,2,39.0,,0.075,pass,0.107
12216,ok,100.0,False,100.0,14.0,5707,False,0.0,False,,0,0.0,100.0,0.858,pass,1.175
12218,ok,4.0,False,4.0,8.0,463,False,0.0,False,,0,0.0,,0.118,pass,0.089
12220,ok,100.0,False,100.0,9.0,9201,False,0.0,False,,0,0.0,100.0,1.177,pass,1.408
12222,ok,6.0,False,6.0,8.0,432,False,0.0,False,,0,0.0,,0.895,pass,1.309
12223,ok,6.0,False,6.0,4.0,296,False,0.0,False,G274,1,38.0,,0.127,pass,0.107
12224,ok,10.0,False,10.0,10.0,1236,False,0.0,False,,0,0.0,10.0,0.871,pass,1.233
12225,ok,196.0,False,196.0,11.0,23870,False,9.0,False,,0,0.0,,0.395,pass,0.5
12226,ok,100.0,False,100.0,10.0,8761,False,0.0,False,,0,0.0,100.0,0.184,pass,0.166
12234,ok,6.0,False,6.0,8.0,552,False,0.0,False,,0,0.0,,0.566,pass,0.706
12235,ok,100.0,False,100.0,12.0,9032,False,0.0,False,,0,0.0,100.0,0.754,pass,1.095
12241,ok,194.0,False,194.0,6.0,8089,False,0.0,False,,0,0.0,,0.294,pass,0.426
12242,capped,1000.0,True,1000.0,12.0,105216,False,0.0,False,,0,0.0,,0.224,pass,0.213
12246,capped,1000.0,True,1000.0,8.0,69541,False,0.0,False,,0,0.0,,0.418,pass,0.611
12247,capped,1000.0,True,1000.0,8.0,53230,False,0.0,False,,0,0.0,,0.714,pass,0.782
12248,capped,1000.0,True,1000.0,10.0,31357,False,0.0,False,,0,0.0,,2.937,pass,4.327
12251,capped,1000.0,True,1000.0,9.0,77465,False,0.0,False,,0,0.0,,1.778,pass,2.577
12255,ok,100.0,False,100.0,9.0,8807,False,0.0,False,,0,0.0,100.0,2.26,pass,3.307
12256,ok,100.0,False,100.0,15.0,13473,False,0.0,False,,0,0.0,100.0,0.322,pass,0.407
12257,ok,6.0,False,6.0,4.0,314,False,0.0,False,,0,8.0,,0.328,pass,0.416
12258,ok,100.0,False,100.0,10.0,11911,False,0.0,False,,0,0.0,100.0,1.376,pass,1.771
12260,capped,1000.0,True,1000.0,10.0,58041,False,0.0,False,,0,0.0,,1.146,pass,1.504
12261,ok,100.0,False,100.0,13.0,10038,False,0.0,False,,0,0.0,100.0,0.204,pass,0.213
12262,capped,1000.0,True,1000.0,6.0,36194,False,0.0,False,,0,0.0,,24.104,timeout 15 s,15.061
12264,ok,100.0,False,100.0,14.0,19324,False,0.0,False,,0,0.0,100.0,1.618,pass,2.295
12266,capped,1000.0,True,1000.0,4.0,38442,False,0.0,False,,0,0.0,,0.544,pass,0.7
12267,ok,10.0,False,10.0,11.0,1200,False,0.0,False,,0,0.0,,0.753,pass,1.036
12269,ok,100.0,False,100.0,10.0,7290,False,0.0,False,,0,0.0,100.0,0.814,pass,0.964
12270,capped,1000.0,True,1000.0,7.0,46656,False,0.0,False,,0,0.0,,1.225,pass,1.908
12272,capped,1000.0,True,1000.0,4.0,32900,False,0.0,False,,0,0.0,,0.548,pass,0.652
12276,capped,1000.0,True,1000.0,14.0,142137,False,0.0,False,,0,0.0,,2.178,pass,3.068
12277,ok,100.0,False,100.0,9.0,11109,False,0.0,False,,0,0.0,,1.219,pass,1.617
12278,capped,1000.0,True,1000.0,12.0,67786,False,0.0,False,,0,0.0,,7.255,pass,10.958
12280,ok,100.0,False,100.0,11.0,6628,False,0.0,False,,0,0.0,100.0,0.866,pass,1.063
12283,capped,1000.0,True,1000.0,13.0,92431,False,0.0,False,,0,0.0,,0.425,pass,0.539
12284,capped,1000.0,True,1000.0,12.0,59829,False,0.0,False,,0,0.0,,3.449,pass,4.906
12285,capped,1000.0,True,1000.0,5.0,43024,False,0.0,False,,0,1.0,,0.87,pass,1.068
12286,ok,10.0,False,10.0,8.0,865,False,0.0,False,,0,0.0,,0.71,pass,0.822
12287,ok,100.0,False,100.0,9.0,8203,False,0.0,False,,0,0.0,100.0,0.958,pass,1.443
12293,ok,100.0,False,100.0,11.0,11335,False,0.0,False,,0,0.0,,0.709,pass,0.918
12294,ok,94.0,False,94.0,10.0,9896,False,0.0,False,,0,0.0,,1.364,pass,2.015
12297,ok,100.0,False,100.0,7.0,7265,False,0.0,False,,0,0.0,,1.108,pass,1.502
12298,ok,100.0,False,100.0,12.0,7884,False,0.0,False,,0,0.0,100.0,1.463,pass,2.135
12303,ok,6.0,False,6.0,4.0,317,False,0.0,False,,0,2.0,,0.288,pass,0.327
12304,ok,100.0,False,100.0,9.0,11750,False,0.0,False,,0,0.0,100.0,1.45,pass,2.002
12306,ok,4.0,False,4.0,6.0,280,False,0.0,False,,0,0.0,,1.285,pass,1.832
12308,ok,100.0,False,100.0,6.0,6876,False,0.0,False,,0,0.0,100.0,1.046,pass,1.379
12309,ok,10.0,False,10.0,10.0,613,False,0.0,False,,0,0.0,,0.737,pass,1.015
12311,ok,10.0,False,10.0,12.0,878,False,0.0,False,,0,0.0,,0.894,pass,1.209
12312,ok,100.0,False,100.0,10.0,9610,False,0.0,False,,0,0.0,100.0,6.043,pass,8.711
12313,capped,1000.0,True,1000.0,11.0,109957,False,564.0,False,,0,0.0,,6.307,pass,9.357
12314,ok,10.0,False,10.0,7.0,716,False,0.0,False,,0,0.0,,1.347,pass,1.879
12318,ok,6.0,False,6.0,5.0,360,False,0.0,False,,0,4.0,,0.421,pass,0.53
12319,capped,1000.0,True,1000.0,6.0,51795,False,0.0,False,,0,0.0,,1.047,pass,1.419
12320,capped,1000.0,True,1000.0,13.0,86473,False,0.0,False,,0,0.0,,1.066,pass,1.464
12324,ok,100.0,False,100.0,10.0,8713,False,0.0,False,,0,0.0,100.0,0.429,pass,0.548
12327,ok,6.0,False,6.0,4.0,317,False,0.0,False,G68,8,39.0,,0.138,pass,0.108
12328,ok,4.0,False,4.0,8.0,326,False,0.0,False,,0,0.0,,0.064,pass,0.089
12329,ok,10.0,False,10.0,13.0,1338,False,0.0,False,,0,0.0,10.0,1.097,pass,1.482
12330,capped,1000.0,True,1000.0,9.0,75786,False,0.0,False,,0,0.0,,1.659,pass,2.342
12331,ok,1.0,False,1.0,9.0,274,False,0.0,False,,0,0.0,5.0,0.391,pass,0.474
12332,capped,1000.0,True,1000.0,11.0,43569,False,0.0,False,,0,0.0,,1.182,pass,1.612
12335,capped,1000.0,True,1000.0,10.0,35677,False,0.0,False,,0,0.0,,0.212,pass,0.225
12337,ok,1.0,False,1.0,6.0,166,False,0.0,False,,0,0.0,,0.534,pass,0.64
12339,capped,1000.0,True,1000.0,8.0,49522,False,0.0,False,,0,0.0,,1.157,pass,1.472
12343,ok,100.0,False,100.0,11.0,7227,False,0.0,False,,0,0.0,100.0,17.547,timeout 15 s,15.245
12347,ok,1.0,False,1.0,3.0,83,False,0.0,False,,0,0.0,,0.155,pass,0.193
12352,capped,1000.0,True,1000.0,8.0,112283,False,0.0,False,,0,0.0,,1.019,pass,1.72
12354,ok,10.0,False,10.0,8.0,531,False,0.0,False,,0,6.0,,0.684,pass,0.899
12356,ok,6.0,False,6.0,4.0,300,False,0.0,False,G34,19,38.0,,0.129,pass,0.108
12357,capped,1000.0,True,1000.0,6.0,50854,False,0.0,False,,0,0.0,,18.394,timeout 15 s,15.308
12358,capped,1000.0,True,1000.0,8.0,57663,False,0.0,False,,0,0.0,10.0,0.676,pass,0.811
12363,capped,1000.0,True,1000.0,10.0,90380,False,0.0,False,,0,0.0,,0.808,pass,1.107
12366,capped,1000.0,True,1000.0,9.0,39929,False,0.0,False,,0,0.0,,2.33,pass,4.029
12367,ok,6.0,False,6.0,4.0,318,False,0.0,False,G32,18,39.0,,0.13,pass,0.107
12369,ok,6.0,False,6.0,10.0,710,False,0.0,False,,0,0.0,,1.411,pass,2.045
12370,ok,100.0,False,100.0,14.0,13232,False,58.0,False,,0,0.0,100.0,1.289,pass,1.922
12374,capped,1000.0,True,1000.0,7.0,38053,False,0.0,False,,0,0.0,,3.002,pass,4.313
12376,ok,6.0,False,6.0,4.0,318,False,0.0,False,G32,0,39.0,10.0,0.128,pass,0.107
12379,capped,1000.0,True,1000.0,17.0,92121,False,0.0,False,,0,0.0,,2.164,pass,3.154
12381,capped,1000.0,True,1000.0,11.0,70425,False,0.0,False,,0,0.0,,24.327,timeout 15 s,15.214
12382,ok,6.0,False,6.0,4.0,310,False,0.0,False,,0,0.0,,0.171,pass,0.157
12385,capped,1000.0,True,1000.0,9.0,34362,False,0.0,False,,0,3.0,,0.876,pass,1.274
12386,ok,100.0,False,100.0,11.0,4917,False,0.0,False,,0,0.0,100.0,0.811,pass,1.016
12389,capped,1000.0,True,1000.0,10.0,47549,False,0.0,False,,0,0.0,,1.736,pass,2.342
12391,capped,1000.0,True,1000.0,11.0,86933,False,0.0,False,,0,0.0,,0.888,pass,1.227
12393,ok,100.0,False,100.0,14.0,10752,False,0.0,False,,0,0.0,,1.492,pass,2.22
12394,ok,6.0,False,6.0,5.0,215,False,0.0,False,,0,0.0,,0.154,pass,0.111
12396,ok,1.0,False,1.0,3.0,90,False,0.0,False,,0,0.0,,0.187,pass,0.26
12397,ok,6.0,False,6.0,4.0,219,False,0.0,False,,0,0.0,,0.152,pass,0.107
12399,ok,6.0,False,6.0,5.0,354,False,0.0,False,,0,0.0,,0.372,pass,0.528
12400,ok,10.0,False,10.0,7.0,650,False,0.0,False,,0,0.0,,0.638,pass,0.737
12401,capped,1000.0,True,1000.0,11.0,81664,False,0.0,False,,0,0.0,,0.779,pass,1.039
12402,ok,100.0,False,100.0,8.0,10596,False,0.0,False,,0,0.0,100.0,1.05,pass,1.438
12408,ok,10.0,False,10.0,7.0,415,False,0.0,False,,0,0.0,10.0,1.058,pass,1.536
12409,capped,1000.0,True,1000.0,5.0,23576,False,0.0,False,,0,0.0,,0.599,pass,0.688
12411,ok,100.0,False,100.0,14.0,7690,False,0.0,False,,0,0.0,100.0,1.238,pass,1.622
12412,ok,6.0,False,6.0,3.0,278,False,0.0,False,G275,1,17.0,,0.169,pass,0.107
12414,capped,1000.0,True,1000.0,9.0,25840,False,0.0,False,,0,0.0,10.0,0.395,pass,0.599
12421,capped,1000.0,True,1000.0,9.0,105689,False,0.0,False,,0,0.0,,0.561,pass,0.696
12422,ok,10.0,False,10.0,8.0,503,False,0.0,False,,0,0.0,,22.796,timeout 15 s,15.242
12424,ok,6.0,False,6.0,4.0,318,False,0.0,False,G32,18,39.0,,0.127,pass,0.107
12425,ok,100.0,False,100.0,11.0,11744,False,0.0,False,,0,0.0,100.0,0.723,pass,1.082
12426,capped,1000.0,True,1000.0,4.0,39592,False,0.0,False,,0,1.0,,0.605,pass,0.697
12428,ok,6.0,False,6.0,4.0,309,False,0.0,False,,0,1.0,,0.332,pass,0.332
12436,capped,1000.0,True,1000.0,12.0,39708,False,0.0,False,,0,0.0,,1.154,pass,1.615
12437,ok,1.0,False,1.0,4.0,105,False,0.0,False,,0,0.0,,0.152,pass,0.136
12440,capped,1000.0,True,1000.0,6.0,25842,False,0.0,False,,0,0.0,,0.667,pass,0.868
12441,ok,6.0,False,6.0,5.0,355,False,0.0,False,,0,0.0,,0.317,pass,0.37
12444,ok,13.0,False,13.0,9.0,869,False,0.0,False,,0,0.0,,1.276,pass,1.534
12445,capped,1000.0,True,1000.0,11.0,90269,False,0.0,False,,0,0.0,,0.32,pass,0.401
12446,capped,1000.0,True,1000.0,4.0,56500,False,0.0,False,,0,0.0,,0.202,pass,0.203
12447,ok,100.0,False,100.0,14.0,10961,False,0.0,False,,0,0.0,100.0,1.545,pass,1.992
12451,ok,6.0,False,6.0,6.0,196,False,0.0,False,,0,0.0,,0.591,pass,0.787
12453,ok,6.0,False,6.0,3.0,273,False,0.0,False,G121,4,17.0,,0.127,pass,0.106
12455,ok,100.0,False,100.0,9.0,8064,False,0.0,False,,0,0.0,100.0,2.662,pass,4.335
12457,capped,26.0,True,26.0,13.0,70909,True,0.0,False,,0,0.0,,0.278,pass,0.49
12458,capped,1000.0,True,1000.0,9.0,25597,False,0.0,False,,0,0.0,,0.206,pass,0.172
12460,ok,100.0,False,100.0,9.0,8447,False,0.0,False,,0,0.0,100.0,0.386,pass,0.374
12461,ok,6.0,False,6.0,8.0,473,False,0.0,False,,0,0.0,,0.108,pass,0.129
12462,ok,6.0,False,6.0,4.0,343,False,0.0,False,,0,0.0,,8.414,pass,12.866
12463,ok,6.0,False,6.0,7.0,469,False,0.0,False,,0,0.0,,0.589,pass,0.731
12464,ok,100.0,False,100.0,11.0,8376,False,0.0,False,,0,0.0,100.0,0.716,pass,1.048
12465,capped,1000.0,True,1000.0,12.0,72958,False,0.0,False,,0,0.0,,1.814,pass,2.737
12470,ok,100.0,False,100.0,10.0,4674,False,0.0,False,,0,0.0,,0.793,pass,0.99
12471,ok,4.0,False,4.0,7.0,279,False,0.0,False,,0,0.0,,0.147,pass,0.158
12472,ok,6.0,False,6.0,5.0,354,False,0.0,False,,0,0.0,,0.079,pass,0.112
12474,ok,100.0,False,100.0,8.0,9688,False,0.0,False,,0,0.0,100.0,1.659,pass,2.345
12476,ok,2.0,False,2.0,4.0,153,False,0.0,False,,0,0.0,,0.174,pass,0.245
12477,capped,1000.0,True,1000.0,10.0,71000,False,0.0,False,,0,0.0,,1.876,pass,2.515
12478,ok,100.0,False,100.0,12.0,10257,False,0.0,False,,0,0.0,100.0,0.418,pass,0.493
12479,ok,10.0,False,10.0,7.0,517,False,0.0,False,,0,0.0,,1.366,pass,1.867
12480,capped,1000.0,True,1000.0,7.0,50749,False,0.0,False,,0,0.0,,0.45,pass,0.554
12482,ok,1.0,False,1.0,6.0,193,False,0.0,False,,0,0.0,,0.127,pass,0.095
12484,capped,1000.0,True,1000.0,13.0,79726,False,0.0,False,,0,0.0,,1.81,pass,2.565
12485,capped,1000.0,True,1000.0,12.0,94482,False,0.0,False,,0,0.0,,2.697,pass,3.97
12486,capped,1000.0,True,1000.0,15.0,138087,False,0.0,False,,0,0.0,,10.596,timeout 15 s,15.51
12487,ok,10.0,False,10.0,8.0,1069,False,0.0,False,,0,0.0,10.0,1.156,pass,1.596
12489,ok,537.0,False,537.0,10.0,46701,False,0.0,False,,0,0.0,,0.119,pass,0.165
12492,ok,10.0,False,10.0,5.0,407,False,0.0,False,G276,0,1.0,10.0,0.456,pass,0.59
12493,capped,1000.0,True,1000.0,6.0,117112,False,0.0,False,,0,0.0,,0.089,pass,0.117
12495,capped,1000.0,True,1000.0,12.0,66294,False,60.0,False,,0,0.0,10.0,4.406,pass,7.515
12497,ok,6.0,False,6.0,5.0,461,False,0.0,False,,0,0.0,,0.114,pass,0.169
12498,ok,100.0,False,100.0,10.0,8822,False,0.0,False,,0,0.0,100.0,0.96,pass,1.484
12500,ok,1.0,False,1.0,8.0,224,False,0.0,False,,0,0.0,,0.201,pass,0.282
12501,ok,10.0,False,10.0,6.0,462,False,0.0,False,,0,0.0,,0.8,pass,1.132
12502,ok,6.0,False,6.0,5.0,464,False,0.0,False,G261,1,2.0,,0.08,pass,0.115
12504,ok,10.0,False,10.0,7.0,476,False,0.0,False,,0,0.0,,0.604,pass,0.857
12507,capped,1000.0,True,1000.0,9.0,77071,False,0.0,False,,0,0.0,,0.851,pass,1.14
12508,ok,6.0,False,6.0,3.0,274,False,0.0,False,G72,8,17.0,,0.085,pass,0.11
12509,ok,100.0,False,100.0,10.0,5802,False,0.0,False,,0,0.0,100.0,3.036,pass,4.824
12510,ok,10.0,False,10.0,9.0,576,False,0.0,False,,0,0.0,,0.986,pass,1.278
12515,capped,1000.0,True,1000.0,9.0,105748,False,0.0,False,,0,0.0,,0.341,pass,0.415
12517,ok,10.0,False,10.0,6.0,434,False,0.0,False,,0,0.0,,14.948,timeout 15 s,15.267
12518,ok,0.0,False,0.0,15.0,165,False,0.0,False,,0,,100.0,1.415,pass,1.854
12520,capped,1000.0,True,1000.0,14.0,109556,False,0.0,False,,0,0.0,,0.236,pass,0.294
12521,capped,1000.0,True,1000.0,9.0,30704,False,0.0,False,,0,0.0,,0.742,pass,0.916
12522,capped,1000.0,True,1000.0,9.0,153225,False,350.0,False,,0,0.0,,0.682,pass,1.306
12523,ok,6.0,False,6.0,7.0,895,False,0.0,False,,0,0.0,,1.338,pass,1.811
12524,ok,100.0,False,100.0,10.0,9613,False,0.0,False,,0,0.0,100.0,1.055,pass,1.589
12525,ok,100.0,False,100.0,12.0,9012,False,0.0,False,,0,0.0,100.0,0.923,pass,1.081
12528,ok,6.0,False,6.0,10.0,751,False,0.0,False,,0,0.0,,1.124,pass,1.423
12529,capped,1000.0,True,1000.0,8.0,96703,False,0.0,False,,0,0.0,,3.757,pass,6.717
12530,capped,1000.0,True,1000.0,4.0,24700,False,0.0,False,,0,0.0,,0.486,pass,0.648
12531,ok,100.0,False,100.0,11.0,12208,False,0.0,False,,0,0.0,100.0,9.003,pass,11.63
12533,ok,6.0,False,6.0,6.0,497,False,0.0,False,,0,0.0,,0.377,pass,0.386
12534,ok,100.0,False,100.0,11.0,14370,False,0.0,False,,0,0.0,100.0,0.795,pass,1.114
12537,ok,6.0,False,6.0,8.0,675,False,0.0,False,,0,0.0,,0.146,pass,0.125
12538,capped,1000.0,True,1000.0,7.0,50838,False,0.0,False,,0,0.0,,0.94,pass,1.319
12539,ok,6.0,False,6.0,5.0,458,False,0.0,False,,0,2.0,,0.134,pass,0.108
12540,ok,100.0,False,100.0,9.0,5244,False,0.0,False,,0,0.0,100.0,1.502,pass,2.024
12541,ok,100.0,False,100.0,10.0,11879,False,0.0,False,,0,0.0,100.0,6.157,pass,7.704
12543,ok,6.0,False,6.0,3.0,274,False,0.0,False,G72,8,17.0,,0.095,pass,0.108
12544,ok,100.0,False,100.0,10.0,13730,False,44.0,False,,0,0.0,100.0,0.174,pass,0.234
12545,ok,6.0,False,6.0,4.0,311,False,0.0,False,,0,3.0,,0.376,pass,0.505
12546,ok,100.0,False,100.0,8.0,3947,False,0.0,False,,0,0.0,,0.759,pass,0.913
12547,ok,100.0,False,100.0,9.0,7695,False,0.0,False,,0,0.0,100.0,0.193,pass,0.238
12548,capped,1000.0,True,1000.0,13.0,95594,False,0.0,False,,0,0.0,,9.598,pass,14.186
12550,capped,1000.0,True,1000.0,10.0,31047,False,0.0,False,,0,1.0,,1.051,pass,1.415
12552,ok,0.0,False,0.0,12.0,153,False,0.0,False,,0,,100.0,1.661,pass,2.33
12553,ok,192.0,False,192.0,4.0,9224,False,0.0,False,,0,0.0,,0.293,pass,0.333
12555,capped,1000.0,True,1000.0,10.0,33359,False,0.0,False,,0,0.0,,0.663,pass,0.825
12557,capped,1000.0,True,1000.0,10.0,74623,False,0.0,False,,0,0.0,,1.175,pass,1.458
12558,ok,1.0,False,1.0,1.0,26,False,0.0,False,G277,1,2.0,,0.107,pass,0.073
12559,ok,6.0,False,6.0,4.0,318,False,0.0,False,,0,0.0,,0.074,pass,0.108
12560,ok,100.0,False,100.0,11.0,13658,False,0.0,False,,0,0.0,100.0,0.922,pass,1.197
12561,ok,100.0,False,100.0,15.0,8159,False,0.0,False,,0,0.0,100.0,2.414,pass,3.72
12562,ok,100.0,False,100.0,10.0,9203,False,0.0,False,,0,0.0,100.0,0.709,pass,0.98
12563,ok,10.0,False,10.0,8.0,539,False,0.0,False,,0,6.0,,0.772,pass,1.01
12565,ok,6.0,False,6.0,3.0,274,False,0.0,False,G72,8,17.0,,0.131,pass,0.107
12567,capped,1000.0,True,1000.0,10.0,86203,False,0.0,False,,0,0.0,,0.454,pass,0.672
12574,ok,10.0,False,10.0,8.0,547,False,0.0,False,G193,0,6.0,,0.637,pass,0.705
12575,ok,10.0,False,10.0,7.0,515,False,0.0,False,,0,0.0,10.0,0.576,pass,0.688
12576,capped,1000.0,True,1000.0,5.0,43026,False,0.0,False,,0,1.0,,0.863,pass,1.023
12578,ok,100.0,False,100.0,10.0,10940,False,0.0,False,,0,0.0,100.0,2.503,pass,3.964
12580,capped,1000.0,True,1000.0,10.0,88707,False,0.0,False,,0,0.0,,1.065,pass,1.595
12581,ok,100.0,False,100.0,11.0,11931,False,0.0,False,,0,0.0,100.0,0.847,pass,1.114
12582,capped,1000.0,True,1000.0,7.0,68789,False,0.0,False,,0,0.0,,0.579,pass,0.753
12583,ok,30.0,False,30.0,7.0,2118,False,0.0,False,,0,0.0,5.0,0.583,pass,0.672
12584,capped,1000.0,True,1000.0,7.0,32078,False,80.0,False,,0,0.0,,0.937,pass,1.296
12588,ok,1.0,False,1.0,4.0,154,False,0.0,False,,0,0.0,,0.344,pass,0.413
12589,capped,1000.0,True,1000.0,14.0,128816,False,0.0,False,,0,0.0,,1.25,pass,1.763
12594,capped,1000.0,True,1000.0,10.0,104334,False,0.0,False,,0,0.0,,0.569,pass,0.728
12595,ok,100.0,False,100.0,11.0,5483,False,0.0,False,,0,0.0,100.0,1.185,pass,1.553
12596,ok,100.0,False,100.0,9.0,8758,False,0.0,False,,0,0.0,100.0,0.241,pass,0.263
12597,ok,100.0,False,100.0,12.0,11461,False,0.0,False,,0,0.0,100.0,1.409,pass,2.001
12598,ok,100.0,False,100.0,9.0,11758,False,0.0,False,G266,0,1.0,100.0,0.827,pass,1.084
12600,capped,1000.0,True,1000.0,8.0,76007,False,0.0,False,,0,0.0,,1.427,pass,1.811
12603,capped,1000.0,True,1000.0,10.0,79118,False,0.0,False,,0,0.0,,1.92,pass,2.709
12605,ok,100.0,False,100.0,8.0,8346,False,0.0,False,,0,0.0,100.0,0.229,pass,0.252
12606,ok,10.0,False,10.0,8.0,631,False,0.0,False,,0,0.0,10.0,1.41,pass,1.942
12610,capped,1000.0,True,1000.0,12.0,65979,False,0.0,False,,0,0.0,,2.158,pass,3.1
12613,ok,100.0,False,100.0,9.0,8751,False,0.0,False,,0,0.0,100.0,0.394,pass,0.51
12614,capped,1000.0,True,1000.0,10.0,42794,False,0.0,False,,0,0.0,,0.816,pass,1.016
12616,ok,1.0,False,1.0,1.0,26,False,0.0,False,G198,2,2.0,,0.112,pass,0.076
12617,ok,100.0,False,100.0,6.0,9730,False,0.0,False,,0,0.0,100.0,0.416,pass,0.521
12618,capped,1000.0,True,1000.0,6.0,50248,False,0.0,False,,0,0.0,,1.421,pass,2.06
12620,capped,1000.0,True,1000.0,4.0,32017,False,0.0,False,,0,0.0,,0.149,pass,0.145
12621,capped,1000.0,True,1000.0,14.0,54824,False,0.0,False,,0,0.0,,0.911,pass,1.253
12623,capped,1000.0,True,1000.0,7.0,134763,False,0.0,False,,0,0.0,,1.593,pass,2.399
12628,capped,1000.0,True,1000.0,10.0,119909,False,0.0,False,,0,0.0,,0.768,pass,1.107
12629,ok,10.0,False,10.0,9.0,595,False,0.0,False,,0,0.0,10.0,1.4,pass,1.737
12632,ok,6.0,False,6.0,4.0,304,False,0.0,False,,0,0.0,,0.161,pass,0.096
12634,ok,8.0,False,8.0,5.0,467,False,0.0,False,,0,0.0,,0.335,pass,0.501
12635,ok,54.0,False,54.0,6.0,1426,False,0.0,False,,0,0.0,10.0,0.613,pass,0.702
12636,ok,536.0,False,536.0,7.0,44863,False,0.0,False,,0,0.0,,0.164,pass,0.172
12637,capped,1000.0,True,1000.0,11.0,54891,False,0.0,False,,0,0.0,,0.567,pass,0.833
12638,ok,4.0,False,4.0,8.0,420,False,0.0,False,,0,0.0,,0.268,pass,0.283
12639,ok,6.0,False,6.0,13.0,530,False,0.0,False,,0,0.0,,2.282,pass,3.226
12640,capped,1000.0,True,1000.0,8.0,28948,False,0.0,False,,0,0.0,,0.626,pass,0.742
12641,ok,100.0,False,100.0,9.0,8294,False,0.0,False,,0,0.0,100.0,1.559,pass,2.069
12642,capped,203.0,True,203.0,17.0,126610,True,0.0,False,,0,0.0,,2.625,pass,4.08
12643,ok,4.0,False,4.0,10.0,522,False,0.0,False,,0,0.0,,0.13,pass,0.11
12644,ok,100.0,False,100.0,15.0,12634,False,0.0,False,,0,0.0,100.0,0.145,pass,0.193
12645,ok,100.0,False,100.0,10.0,8038,False,0.0,False,,0,0.0,100.0,1.337,pass,1.92
12646,capped,1000.0,True,1000.0,7.0,37223,False,0.0,False,,0,0.0,,1.238,pass,1.619
12647,ok,100.0,False,100.0,14.0,11471,False,0.0,False,,0,0.0,100.0,1.554,pass,2.059
12648,ok,4.0,False,4.0,7.0,275,False,0.0,False,,0,0.0,,0.664,pass,0.926
12650,ok,1.0,False,1.0,7.0,200,False,0.0,False,,0,0.0,,0.356,pass,0.441
12653,ok,8.0,False,8.0,5.0,381,False,0.0,False,,0,0.0,,0.656,pass,0.876
12658,capped,1000.0,True,1000.0,10.0,35371,False,0.0,False,,0,0.0,,0.89,pass,1.2
12659,ok,100.0,False,100.0,13.0,9988,False,0.0,False,,0,0.0,100.0,5.53,pass,8.474
12660,capped,1000.0,True,1000.0,10.0,53154,False,0.0,False,,0,0.0,,1.593,pass,2.2
12662,ok,100.0,False,100.0,11.0,5090,False,0.0,False,,0,0.0,100.0,1.715,pass,2.238
12664,ok,10.0,False,10.0,7.0,667,False,0.0,False,,0,0.0,,25.841,timeout 15 s,15.285
12665,ok,550.0,False,550.0,7.0,39930,False,0.0,False,,0,0.0,,0.206,pass,0.213
12668,ok,100.0,False,100.0,10.0,8707,False,0.0,False,,0,0.0,100.0,0.781,pass,1.077
12670,ok,100.0,False,100.0,10.0,12013,False,0.0,False,,0,0.0,100.0,0.287,pass,0.284
12671,ok,100.0,False,100.0,10.0,11693,False,0.0,False,,0,0.0,100.0,0.788,pass,1.101
12673,ok,100.0,False,100.0,11.0,12333,False,0.0,False,,0,0.0,100.0,0.86,pass,1.13
12675,capped,1000.0,True,1000.0,15.0,102637,False,0.0,False,,0,0.0,,8.534,pass,12.868
12676,ok,54.0,False,54.0,8.0,3462,False,0.0,False,,0,0.0,,0.477,pass,0.611
12677,capped,1000.0,True,1000.0,16.0,103878,False,0.0,False,,0,0.0,,2.066,pass,3.065
12678,capped,1000.0,True,1000.0,13.0,86893,False,0.0,False,,0,0.0,,5.55,pass,8.244
12680,ok,1.0,False,1.0,5.0,159,False,0.0,False,,0,0.0,,0.18,pass,0.173
12682,capped,1000.0,True,1000.0,8.0,26282,False,11.0,False,,0,0.0,,1.064,pass,1.469
12685,capped,1000.0,True,1000.0,10.0,83304,False,0.0,False,,0,0.0,,2.166,pass,3.091
12687,ok,1.0,False,1.0,9.0,264,False,0.0,False,,0,0.0,,1.6,pass,2.208
12688,capped,1000.0,True,1000.0,13.0,105811,False,0.0,False,,0,0.0,,24.02,timeout 15 s,15.183
12690,capped,1000.0,True,1000.0,13.0,93764,False,0.0,False,,0,0.0,,0.396,pass,0.466
12692,ok,10.0,False,10.0,8.0,715,False,0.0,False,,0,0.0,,0.704,pass,0.878
12693,ok,10.0,False,10.0,7.0,643,False,0.0,False,,0,1.0,,0.653,pass,0.748
12695,capped,1000.0,True,1000.0,9.0,94178,False,0.0,False,,0,0.0,,1.365,pass,2.052
12697,ok,6.0,False,6.0,12.0,615,False,0.0,False,,0,0.0,,14.5,timeout 15 s,15.333
12698,ok,1.0,False,1.0,7.0,163,False,0.0,False,,0,0.0,,0.253,pass,0.303
12701,capped,1000.0,True,1000.0,9.0,109648,False,0.0,False,,0,0.0,,1.417,pass,1.861
12703,ok,6.0,False,6.0,4.0,318,False,0.0,False,G278,1,9.0,,0.135,pass,0.107
12704,ok,100.0,False,100.0,8.0,6215,False,0.0,False,,0,0.0,100.0,1.126,pass,1.453
12705,ok,10.0,False,10.0,7.0,663,False,0.0,False,,0,0.0,,0.646,pass,0.738
12706,capped,1000.0,True,1000.0,8.0,30780,False,0.0,False,,0,0.0,,0.18,pass,0.215
12708,capped,1000.0,True,1000.0,7.0,27689,False,0.0,False,,0,1.0,,0.509,pass,0.742
12709,ok,13.0,False,13.0,7.0,566,False,0.0,False,,0,0.0,,0.583,pass,0.65
12711,capped,1000.0,True,1000.0,6.0,31871,False,0.0,False,,0,0.0,,0.606,pass,0.725
12712,ok,100.0,False,100.0,12.0,5696,False,0.0,False,,0,0.0,,1.664,pass,2.313
12713,ok,1.0,False,1.0,7.0,205,False,0.0,False,,0,0.0,,0.116,pass,0.086
12714,capped,1000.0,True,1000.0,7.0,26609,False,0.0,False,,0,1.0,,0.7,pass,1.111
12716,ok,6.0,False,6.0,4.0,300,False,0.0,False,G34,19,38.0,,0.13,pass,0.109
12717,ok,100.0,False,100.0,10.0,7042,False,0.0,False,,0,0.0,100.0,0.312,pass,0.43
12718,ok,6.0,False,6.0,4.0,310,False,0.0,False,G279,0,8.0,,0.321,pass,0.363
12719,ok,10.0,False,10.0,10.0,1288,False,0.0,False,,0,0.0,,0.614,pass,0.863
12720,capped,1000.0,True,1000.0,9.0,41914,False,0.0,False,,0,0.0,,1.014,pass,1.229
12724,capped,1000.0,True,1000.0,11.0,71187,False,0.0,False,,0,0.0,,12.48,timeout 15 s,15.349
12725,ok,10.0,False,10.0,5.0,377,False,0.0,False,,0,0.0,,0.919,pass,1.258
12726,ok,10.0,False,10.0,7.0,505,False,0.0,False,,0,0.0,10.0,16.829,timeout 15 s,15.067
12728,ok,10.0,False,10.0,6.0,448,False,0.0,False,,0,0.0,,0.67,pass,0.868
12730,capped,1000.0,True,1000.0,14.0,84860,False,0.0,False,,0,0.0,,2.115,pass,3.014
12732,capped,1000.0,True,1000.0,6.0,48561,False,0.0,False,,0,0.0,,0.684,pass,0.828
12733,capped,1000.0,True,1000.0,7.0,30648,False,0.0,False,,0,0.0,,1.614,pass,2.264
12734,ok,100.0,False,100.0,10.0,11998,False,0.0,False,,0,0.0,100.0,0.841,pass,1.083
12737,capped,1000.0,True,1000.0,15.0,86079,False,0.0,False,,0,0.0,,2.57,pass,3.557
12741,ok,6.0,False,6.0,5.0,325,False,0.0,False,,0,0.0,,0.127,pass,0.108
12742,ok,100.0,False,100.0,11.0,8172,False,0.0,False,,0,0.0,100.0,6.049,pass,8.571
12743,ok,100.0,False,100.0,8.0,5809,False,0.0,False,,0,0.0,100.0,1.719,pass,2.516
12745,ok,0.0,False,0.0,12.0,146,False,0.0,False,,0,,,20.401,timeout 15 s,15.23
12750,capped,802.0,True,802.0,9.0,217672,True,0.0,False,,0,0.0,,0.221,pass,0.265
12753,capped,1000.0,True,1000.0,5.0,63633,False,0.0,False,,0,1.0,,0.657,pass,0.845
12754,capped,1000.0,True,1000.0,11.0,67727,False,0.0,False,,0,0.0,,0.903,pass,1.201
12755,capped,1000.0,True,1000.0,13.0,55904,False,0.0,False,,0,0.0,,1.617,pass,2.147
12756,ok,100.0,False,100.0,9.0,3997,False,0.0,False,,0,0.0,100.0,0.621,pass,0.799
12757,ok,10.0,False,10.0,7.0,505,False,0.0,False,,0,0.0,,1.424,pass,1.891
12758,capped,1000.0,True,1000.0,13.0,97189,False,0.0,False,,0,0.0,,2.976,pass,4.563
12761,capped,1000.0,True,1000.0,7.0,33622,False,0.0,False,,0,0.0,,0.483,pass,0.627
12768,ok,6.0,False,6.0,4.0,311,False,0.0,False,G199,0,8.0,,0.316,pass,0.362
12769,ok,10.0,False,10.0,8.0,1203,False,0.0,False,,0,0.0,10.0,0.934,pass,1.213
12771,ok,6.0,False,6.0,5.0,354,False,0.0,False,,0,4.0,,0.446,pass,0.53
12772,ok,10.0,False,10.0,6.0,638,False,0.0,False,G271,0,1.0,,0.607,pass,0.711
12773,capped,1000.0,True,1000.0,11.0,75894,False,0.0,False,,0,0.0,,0.796,pass,1.905
12779,capped,1000.0,True,1000.0,11.0,51493,False,0.0,False,,0,0.0,,1.116,pass,1.756
12780,capped,1000.0,True,1000.0,13.0,71323,False,0.0,False,,0,0.0,,5.027,pass,7.641
12781,ok,180.0,False,180.0,9.0,11090,False,0.0,False,,0,0.0,,0.317,pass,0.392
12783,ok,100.0,False,100.0,12.0,15653,False,0.0,False,,0,0.0,100.0,0.312,pass,0.349
12785,ok,4.0,False,4.0,4.0,282,False,0.0,False,,0,0.0,,0.131,pass,0.098
12786,ok,10.0,False,10.0,9.0,888,False,0.0,False,,0,0.0,,0.677,pass,0.876
12787,capped,1000.0,True,1000.0,11.0,32051,False,0.0,False,,0,1.0,,1.086,pass,1.427
12790,ok,100.0,False,100.0,9.0,11003,False,0.0,False,,0,0.0,100.0,0.586,pass,0.717
12794,ok,100.0,False,100.0,11.0,7060,False,0.0,False,,0,0.0,100.0,1.005,pass,1.053
12797,ok,100.0,False,100.0,9.0,13840,False,0.0,False,,0,0.0,100.0,1.162,pass,1.527
12800,capped,1000.0,True,1000.0,2.0,23668,False,106.0,False,,0,0.0,,0.341,pass,0.581
12802,ok,12.0,False,12.0,10.0,704,False,0.0,False,,0,0.0,,1.675,pass,2.379
12804,ok,6.0,False,6.0,5.0,336,False,0.0,False,,0,1.0,,0.157,pass,0.147
12806,capped,1000.0,True,1000.0,10.0,32046,False,0.0,False,,0,0.0,,1.109,pass,1.562
12807,ok,100.0,False,100.0,9.0,8810,False,0.0,False,,0,0.0,100.0,0.679,pass,0.867
12809,ok,100.0,False,100.0,9.0,8547,False,0.0,False,,0,0.0,100.0,0.986,pass,1.446
12810,capped,1000.0,True,1000.0,18.0,148766,False,0.0,False,,0,0.0,,22.2,timeout 15 s,15.257
12811,ok,6.0,False,6.0,7.0,315,False,0.0,False,,0,0.0,,0.141,pass,0.116
12813,ok,100.0,False,100.0,9.0,13966,False,0.0,False,,0,0.0,100.0,1.659,pass,2.517
12814,ok,100.0,False,100.0,11.0,12235,False,0.0,False,,0,0.0,100.0,0.506,pass,0.736
12815,ok,8.0,False,8.0,6.0,524,False,0.0,False,,0,0.0,,0.508,pass,0.609
12816,ok,100.0,False,100.0,8.0,8534,False,0.0,False,,0,0.0,100.0,0.138,pass,0.108
12817,capped,1000.0,True,1000.0,8.0,30319,False,0.0,False,,0,0.0,,0.728,pass,1.052
12818,capped,1000.0,True,1000.0,11.0,53032,False,0.0,False,,0,0.0,,2.521,pass,3.827
12820,ok,100.0,False,100.0,10.0,5059,False,0.0,False,,0,0.0,100.0,1.418,pass,2.085
12825,ok,6.0,False,6.0,4.0,318,False,0.0,False,,0,3.0,,0.411,pass,0.513
12826,capped,1000.0,True,1000.0,8.0,52994,False,0.0,False,,0,0.0,,4.786,pass,7.225
12827,ok,5.0,False,5.0,6.0,313,False,0.0,False,,0,0.0,,0.203,pass,0.216
12828,ok,100.0,False,100.0,7.0,7654,False,0.0,False,,0,0.0,100.0,5.681,pass,6.16
12831,capped,1000.0,True,1000.0,7.0,50874,False,0.0,False,,0,0.0,,1.031,pass,1.404
12833,ok,10.0,False,10.0,8.0,720,False,0.0,False,,0,0.0,10.0,0.659,pass,0.828
12837,ok,4.0,False,4.0,4.0,205,False,0.0,False,,0,0.0,,0.123,pass,0.095
12840,ok,100.0,False,100.0,11.0,4104,False,0.0,False,,0,0.0,100.0,1.611,pass,2.249
12841,capped,1000.0,True,1000.0,10.0,38215,False,0.0,False,,0,0.0,,0.866,pass,1.102
12844,ok,10.0,False,10.0,8.0,831,False,0.0,False,,0,0.0,,0.729,pass,0.875
12847,ok,10.0,False,10.0,9.0,605,False,0.0,False,,0,2.0,,1.432,pass,2.008
12850,ok,100.0,False,100.0,15.0,11863,False,0.0,False,,0,0.0,,22.13,timeout 15 s,15.223
12853,ok,100.0,False,100.0,11.0,7111,False,0.0,False,,0,0.0,,0.417,pass,0.55
12854,capped,1000.0,True,1000.0,13.0,70742,False,0.0,False,,0,0.0,,2.36,pass,3.302
12855,ok,100.0,False,100.0,8.0,7796,False,0.0,False,,0,0.0,100.0,1.976,pass,2.709
12857,ok,537.0,False,537.0,11.0,51524,False,0.0,False,,0,0.0,,0.231,pass,0.333
12858,ok,1.0,False,1.0,5.0,132,False,0.0,False,,0,0.0,,0.165,pass,0.145
12862,ok,1.0,False,1.0,12.0,272,False,0.0,False,,0,0.0,,0.496,pass,0.736
12863,ok,6.0,False,6.0,3.0,212,False,0.0,False,,0,0.0,,0.07,pass,0.095
12864,capped,1000.0,True,1000.0,13.0,76622,False,0.0,False,,0,0.0,,1.955,pass,3.182
12869,capped,1000.0,True,1000.0,15.0,94025,False,0.0,False,,0,0.0,,2.597,pass,3.802
12870,ok,6.0,False,6.0,6.0,507,False,0.0,False,,0,0.0,,0.146,pass,0.133
12871,capped,1000.0,True,1000.0,7.0,39361,False,0.0,False,,0,0.0,,22.799,timeout 15 s,15.261
12872,ok,6.0,False,6.0,4.0,314,False,0.0,False,,0,0.0,,0.317,pass,0.366
12875,ok,100.0,False,100.0,11.0,3368,False,0.0,False,,0,0.0,100.0,0.909,pass,1.076
12876,ok,13.0,False,13.0,10.0,808,False,0.0,False,,0,0.0,,0.875,pass,1.092
12878,capped,1000.0,True,1000.0,11.0,82323,False,19.0,False,,0,0.0,,1.02,pass,1.376
12879,ok,4.0,False,4.0,8.0,451,False,0.0,False,,0,0.0,,0.162,pass,0.155
12880,capped,1000.0,True,1000.0,10.0,33470,False,0.0,False,,0,0.0,,0.838,pass,1.012
12881,ok,100.0,False,100.0,13.0,10858,False,0.0,False,,0,0.0,100.0,1.425,pass,2.014
12883,capped,1000.0,True,1000.0,11.0,44769,False,0.0,False,,0,1.0,,0.865,pass,1.071
12884,ok,6.0,False,6.0,5.0,464,False,0.0,False,,0,0.0,,0.134,pass,0.111
12885,ok,537.0,False,537.0,11.0,71474,False,0.0,False,,0,0.0,,0.83,pass,1.008
12891,capped,1000.0,True,1000.0,5.0,63260,False,0.0,False,G280,0,1.0,,0.538,pass,0.68
12894,ok,6.0,False,6.0,4.0,311,False,0.0,False,G122,0,5.0,,0.224,pass,0.24
12895,ok,0.0,False,0.0,9.0,109,False,0.0,False,,0,,,0.144,pass,0.091
12897,ok,10.0,False,10.0,9.0,1126,False,0.0,False,,0,0.0,10.0,0.701,pass,1.012
12898,ok,10.0,False,10.0,9.0,537,False,0.0,False,,0,0.0,,2.119,pass,3.077
12902,capped,1000.0,True,1000.0,10.0,85997,False,0.0,False,,0,0.0,,0.485,pass,0.703
12903,ok,6.0,False,6.0,4.0,318,False,0.0,False,G32,0,39.0,,0.13,pass,0.108
12905,capped,1000.0,True,1000.0,4.0,33163,False,0.0,False,,0,0.0,,0.097,pass,0.136
12906,capped,1000.0,True,1000.0,8.0,52614,False,0.0,False,,0,0.0,10.0,0.299,pass,0.397
12908,ok,6.0,False,6.0,4.0,318,False,0.0,False,,0,0.0,,0.136,pass,0.201
12912,ok,1.0,False,1.0,6.0,167,False,0.0,False,,0,0.0,,0.618,pass,0.764
12914,ok,6.0,False,6.0,4.0,322,False,0.0,False,G281,1,39.0,,0.169,pass,0.107
12915,ok,1.0,False,1.0,8.0,196,False,0.0,False,,0,0.0,,0.155,pass,0.234
12919,ok,1.0,False,1.0,5.0,134,False,0.0,False,,0,0.0,,0.92,pass,1.336
12920,ok,100.0,False,100.0,9.0,7921,False,0.0,False,,0,0.0,100.0,0.135,pass,0.195
12921,ok,6.0,False,6.0,6.0,369,False,0.0,False,,0,1.0,,0.578,pass,0.708
12923,capped,1000.0,True,1000.0,5.0,26250,False,0.0,False,,0,0.0,,0.954,pass,1.12
12926,ok,8.0,False,8.0,8.0,582,False,0.0,False,,0,0.0,,1.376,pass,1.867
12927,ok,4.0,False,4.0,3.0,179,False,0.0,False,,0,0.0,,0.116,pass,0.087
12928,ok,100.0,False,100.0,10.0,9229,False,0.0,False,,0,0.0,100.0,0.148,pass,0.216
12929,capped,1000.0,True,1000.0,14.0,65143,False,0.0,False,,0,0.0,,0.914,pass,1.118
12930,capped,1000.0,True,1000.0,6.0,49963,False,0.0,False,,0,0.0,,5.444,pass,8.224
12931,ok,6.0,False,6.0,3.0,277,False,0.0,False,,0,1.0,,0.163,pass,0.201
12932,ok,6.0,False,6.0,5.0,378,False,0.0,False,,0,0.0,,0.474,pass,0.677
12934,ok,4.0,False,4.0,6.0,351,False,0.0,False,,0,0.0,,0.12,pass,0.087
12936,ok,100.0,False,100.0,9.0,11790,False,0.0,False,,0,0.0,100.0,5.49,pass,5.808
12937,ok,6.0,False,6.0,2.0,130,False,0.0,False,G104,6,9.0,,0.079,pass,0.102
12940,capped,1000.0,True,1000.0,9.0,48124,False,0.0,False,,0,0.0,,27.102,timeout 15 s,15.061
12941,ok,6.0,False,6.0,6.0,395,False,0.0,False,,0,0.0,,1.615,pass,2.265
12942,capped,1000.0,True,1000.0,11.0,64463,False,0.0,False,,0,0.0,,21.958,timeout 15 s,15.199
12944,ok,10.0,False,10.0,6.0,407,False,0.0,False,,0,1.0,,0.55,pass,0.653
12946,ok,6.0,False,6.0,6.0,421,False,0.0,False,,0,3.0,,0.164,pass,0.179
12949,ok,10.0,False,10.0,7.0,513,False,0.0,False,,0,1.0,,0.626,pass,0.897
12953,capped,1000.0,True,1000.0,15.0,98565,False,0.0,False,,0,0.0,,1.266,pass,1.866
12954,ok,100.0,False,100.0,9.0,8444,False,0.0,False,,0,0.0,100.0,0.26,pass,0.298
12956,capped,1000.0,True,1000.0,6.0,45024,False,621.0,False,,0,0.0,,0.831,pass,1.223
12957,ok,6.0,False,6.0,5.0,347,False,0.0,False,,0,0.0,,1.166,pass,1.562
12961,ok,6.0,False,6.0,4.0,310,False,0.0,False,G279,0,8.0,,0.315,pass,0.367
12962,capped,1000.0,True,1000.0,13.0,86900,False,0.0,False,,0,0.0,,8.104,pass,14.685
12963,capped,1000.0,True,1000.0,11.0,96429,False,0.0,False,,0,0.0,,1.029,pass,1.449
12965,capped,1000.0,True,1000.0,14.0,85085,False,0.0,False,,0,0.0,,1.577,pass,2.243
12968,ok,6.0,False,6.0,8.0,477,False,0.0,False,,0,0.0,,0.729,pass,0.967
12969,ok,4.0,False,4.0,6.0,313,False,0.0,False,,0,0.0,,2.379,pass,3.473
12972,ok,100.0,False,100.0,12.0,13884,False,0.0,False,,0,0.0,100.0,1.236,pass,1.547
12974,ok,6.0,False,6.0,5.0,340,False,0.0,False,,0,0.0,,0.521,pass,0.646
12975,ok,8.0,False,8.0,13.0,878,False,0.0,False,,0,0.0,100.0,0.379,pass,0.456
12976,ok,100.0,False,100.0,11.0,11329,False,0.0,False,,0,0.0,,0.992,pass,1.44
12979,ok,6.0,False,6.0,4.0,295,False,0.0,False,,0,0.0,,0.143,pass,0.107
12980,capped,1000.0,True,1000.0,5.0,25595,False,0.0,False,,0,0.0,,0.714,pass,0.937
12981,ok,6.0,False,6.0,4.0,212,False,0.0,False,,0,1.0,,0.145,pass,0.108
12983,capped,1000.0,True,1000.0,10.0,40924,False,0.0,False,,0,0.0,,2.239,pass,3.318
12984,ok,4.0,False,4.0,3.0,258,False,0.0,False,,0,0.0,,0.126,pass,0.097
12985,ok,366.0,False,366.0,8.0,21650,False,0.0,False,,0,0.0,,0.831,pass,1.3
12987,capped,1000.0,True,1000.0,5.0,44322,False,0.0,False,,0,1.0,,0.617,pass,0.714
12990,ok,10.0,False,10.0,14.0,1617,False,0.0,False,,0,0.0,,1.565,pass,2.134
12993,ok,6.0,False,6.0,3.0,168,False,0.0,False,,0,0.0,,1.412,pass,2.018
12994,ok,0.0,False,0.0,4.0,56,False,0.0,False,,0,,,0.201,pass,0.254
12995,ok,10.0,False,10.0,8.0,409,False,0.0,False,,0,0.0,,2.176,pass,3.523
12996,ok,10.0,False,10.0,4.0,343,False,0.0,False,,0,3.0,10.0,0.511,pass,0.564
12998,ok,6.0,False,6.0,4.0,208,False,0.0,False,,0,1.0,,0.131,pass,0.107
12999,ok,6.0,False,6.0,7.0,564,False,0.0,False,,0,0.0,,0.091,pass,0.132
13002,ok,6.0,False,6.0,5.0,332,False,0.0,False,,0,3.0,,0.137,pass,0.109
13004,ok,100.0,False,100.0,11.0,9683,False,0.0,False,,0,0.0,100.0,0.132,pass,0.233
13005,ok,4.0,False,4.0,4.0,224,False,0.0,False,G195,1,2.0,,0.063,pass,0.087
13007,ok,4.0,False,4.0,5.0,234,False,0.0,False,,0,0.0,,0.07,pass,0.099
13010,ok,6.0,False,6.0,2.0,130,False,0.0,False,G104,6,9.0,,0.071,pass,0.103
13012,ok,6.0,False,6.0,6.0,610,False,0.0,False,,0,0.0,,0.077,pass,0.112
13017,ok,6.0,False,6.0,8.0,628,False,0.0,False,,0,0.0,,0.089,pass,0.128
13018,ok,100.0,False,100.0,12.0,10755,False,0.0,False,,0,0.0,100.0,0.206,pass,0.293
13019,ok,100.0,False,100.0,9.0,3225,False,0.0,False,,0,0.0,,0.907,pass,1.078
13020,capped,1000.0,True,1000.0,7.0,63385,False,0.0,False,,0,0.0,,0.371,pass,0.513
13022,capped,1000.0,True,1000.0,12.0,95122,False,654.0,False,,0,0.0,,3.15,pass,4.614
13023,capped,1000.0,True,1000.0,6.0,48604,False,734.0,False,,0,0.0,,0.891,pass,1.914
13024,capped,1000.0,True,1000.0,10.0,81579,False,0.0,False,,0,0.0,,0.601,pass,0.842
13026,ok,4.0,False,4.0,5.0,307,False,0.0,False,,0,0.0,,0.125,pass,0.097
13029,ok,6.0,False,6.0,7.0,446,False,0.0,False,,0,0.0,,1.165,pass,1.718
13032,ok,19.0,False,19.0,9.0,990,False,0.0,False,,0,0.0,,0.846,pass,1.075
13035,capped,1000.0,True,1000.0,15.0,116642,False,0.0,False,,0,0.0,,1.826,pass,2.652
13037,ok,10.0,False,10.0,5.0,559,False,0.0,False,,0,0.0,10.0,0.583,pass,0.694
13038,capped,1000.0,True,1000.0,11.0,83264,False,0.0,False,,0,0.0,,0.847,pass,1.084
13041,capped,1000.0,True,1000.0,12.0,71446,False,0.0,False,,0,0.0,,1.789,pass,2.482
13042,ok,100.0,False,100.0,9.0,14004,False,0.0,False,,0,0.0,100.0,1.648,pass,2.536
13043,ok,853.0,False,853.0,9.0,47745,False,0.0,False,,0,0.0,,0.458,pass,0.659
13044,ok,12.0,False,12.0,8.0,692,False,0.0,False,,0,0.0,,0.113,pass,0.159
13050,ok,6.0,False,6.0,7.0,645,False,0.0,False,,0,0.0,,0.113,pass,0.172
13053,ok,100.0,False,100.0,10.0,8641,False,0.0,False,,0,0.0,100.0,1.043,pass,1.642
13056,ok,10.0,False,10.0,7.0,471,False,0.0,False,,0,0.0,,0.6,pass,0.671
13057,capped,1000.0,True,1000.0,8.0,72586,False,0.0,False,,0,0.0,,0.648,pass,0.792
13058,ok,6.0,False,6.0,6.0,385,False,0.0,False,,0,0.0,,0.139,pass,0.114
13060,ok,10.0,False,10.0,8.0,695,False,0.0,False,,0,0.0,,0.611,pass,0.796
13061,ok,8.0,False,8.0,7.0,927,False,0.0,False,,0,0.0,,1.107,pass,1.511
13064,ok,20.0,False,20.0,8.0,870,False,0.0,False,,0,0.0,,0.905,pass,1.266
13065,ok,6.0,False,6.0,4.0,318,False,0.0,False,G32,18,39.0,,0.13,pass,0.109
13067,ok,6.0,False,6.0,5.0,580,False,0.0,False,,0,0.0,,1.21,pass,1.757
13068,ok,6.0,False,6.0,5.0,461,False,0.0,False,,0,0.0,,0.14,pass,0.129
13074,capped,1000.0,True,1000.0,10.0,34794,False,0.0,False,,0,0.0,,1.763,pass,2.554
13075,capped,1000.0,True,1000.0,12.0,61929,False,0.0,False,,0,0.0,,1.149,pass,1.612
13076,ok,6.0,False,6.0,6.0,499,False,0.0,False,,0,0.0,,1.666,pass,2.441
13079,capped,1000.0,True,1000.0,9.0,76040,False,0.0,False,,0,0.0,,1.291,pass,1.814
13082,ok,100.0,False,100.0,15.0,9629,False,0.0,False,,0,0.0,100.0,1.485,pass,1.928
13083,capped,1000.0,True,1000.0,12.0,64870,False,0.0,False,,0,0.0,,0.798,pass,1.116
13084,capped,1000.0,True,1000.0,6.0,25687,False,0.0,False,,0,0.0,,0.56,pass,0.759
13085,ok,10.0,False,10.0,8.0,511,False,0.0,False,,0,0.0,10.0,1.95,pass,2.803
13086,ok,10.0,False,10.0,7.0,533,False,0.0,False,,0,0.0,,4.075,pass,6.247
13091,ok,6.0,False,6.0,4.0,228,False,0.0,False,,0,0.0,,0.314,pass,0.319
13092,ok,6.0,False,6.0,6.0,497,False,0.0,False,,0,0.0,,0.475,pass,0.679
13094,ok,100.0,False,100.0,12.0,9329,False,0.0,False,,0,0.0,100.0,2.547,pass,4.265
13095,ok,100.0,False,100.0,9.0,11787,False,0.0,False,,0,0.0,100.0,0.983,pass,1.208
13096,ok,10.0,False,10.0,6.0,620,False,0.0,False,,0,0.0,10.0,0.827,pass,1.067
13101,ok,6.0,False,6.0,4.0,206,False,0.0,False,,0,0.0,,0.281,pass,0.342
13103,ok,6.0,False,6.0,4.0,309,False,0.0,False,,0,39.0,,0.153,pass,0.107
13105,ok,4.0,False,4.0,4.0,213,False,0.0,False,,0,0.0,,0.121,pass,0.18
13106,ok,100.0,False,100.0,9.0,11893,False,0.0,False,,0,0.0,100.0,0.25,pass,0.388
13107,capped,1000.0,True,1000.0,15.0,68210,False,0.0,False,,0,0.0,,0.697,pass,1.129
13108,ok,6.0,False,6.0,4.0,257,False,0.0,False,,0,0.0,,0.146,pass,0.096
13110,capped,1000.0,True,1000.0,5.0,63260,False,0.0,False,G280,0,1.0,,0.599,pass,0.692
13111,ok,15.0,False,15.0,9.0,794,False,0.0,False,,0,0.0,,1.051,pass,1.349
13114,ok,4.0,False,4.0,6.0,268,False,0.0,False,,0,0.0,,0.217,pass,0.24
13115,capped,1000.0,True,1000.0,8.0,50789,False,0.0,False,,0,0.0,,1.565,pass,2.219
13119,capped,1000.0,True,1000.0,8.0,109708,False,0.0,False,,0,0.0,,1.068,pass,1.708
13123,ok,1.0,False,1.0,1.0,26,False,0.0,False,G277,1,2.0,,0.105,pass,0.072
13124,ok,100.0,False,100.0,12.0,16795,False,0.0,False,,0,0.0,100.0,1.821,pass,2.897
13125,capped,1000.0,True,1000.0,12.0,87029,False,0.0,False,,0,0.0,,7.301,pass,11.852
13126,ok,6.0,False,6.0,9.0,515,False,0.0,False,,0,0.0,,0.907,pass,1.205
13129,ok,6.0,False,6.0,4.0,311,False,0.0,False,G122,3,5.0,,0.235,pass,0.24
13130,capped,1000.0,True,1000.0,10.0,56268,False,0.0,False,,0,0.0,,1.982,pass,3.063
13131,capped,1000.0,True,1000.0,4.0,53237,False,0.0,False,,0,0.0,,0.209,pass,0.258
13133,ok,5.0,False,5.0,9.0,336,False,0.0,False,,0,0.0,,0.181,pass,0.2
13136,ok,100.0,False,100.0,9.0,12630,False,0.0,False,,0,0.0,100.0,0.769,pass,1.083
13138,capped,1000.0,True,1000.0,14.0,92030,False,0.0,False,,0,0.0,,0.4,pass,0.494
13141,ok,100.0,False,100.0,10.0,11997,False,0.0,False,,0,0.0,100.0,0.877,pass,1.094
13143,ok,12.0,False,12.0,4.0,466,False,0.0,False,,0,0.0,,0.123,pass,0.097
13144,ok,100.0,False,100.0,8.0,10797,False,0.0,False,,0,0.0,,0.613,pass,0.727
13147,ok,100.0,False,100.0,9.0,8234,False,0.0,False,,0,0.0,100.0,0.945,pass,1.414
13148,capped,1000.0,True,1000.0,10.0,87162,False,0.0,False,,0,0.0,,0.474,pass,0.688
13150,ok,100.0,False,100.0,11.0,7245,False,0.0,False,,0,0.0,100.0,0.783,pass,0.942
13151,ok,100.0,False,100.0,8.0,6521,False,0.0,False,,0,0.0,100.0,1.008,pass,1.271
13153,ok,10.0,False,10.0,7.0,475,False,0.0,False,,0,0.0,,1.386,pass,1.915
13155,ok,100.0,False,100.0,8.0,6064,False,0.0,False,,0,0.0,100.0,1.606,pass,2.289
13159,capped,1000.0,True,1000.0,8.0,28705,False,0.0,False,G260,0,10.0,,0.711,pass,0.91
13160,capped,1000.0,True,1000.0,11.0,52221,False,0.0,False,,0,0.0,,11.282,timeout 15 s,15.355
13161,capped,1000.0,True,1000.0,9.0,34556,False,0.0,False,,0,1.0,,0.875,pass,1.142
13163,ok,4.0,False,4.0,8.0,525,False,0.0,False,,0,0.0,,0.125,pass,0.096
13165,capped,1000.0,True,1000.0,10.0,71243,False,0.0,False,,0,0.0,,1.014,pass,1.31
13167,ok,100.0,False,100.0,11.0,9122,False,0.0,False,,0,0.0,100.0,0.484,pass,0.619
13168,capped,1000.0,True,1000.0,11.0,32605,False,0.0,False,,0,0.0,,0.889,pass,1.287
13170,ok,10.0,False,10.0,8.0,487,False,0.0,False,,0,0.0,,2.09,pass,2.96
13171,capped,1000.0,True,1000.0,10.0,30740,False,0.0,False,,0,0.0,,0.825,pass,1.077
13174,capped,1000.0,True,1000.0,10.0,69670,False,0.0,False,,0,0.0,,2.092,pass,3.173
13176,capped,1000.0,True,1000.0,11.0,43863,False,0.0,False,,0,0.0,,1.516,pass,2.122
13177,capped,1000.0,True,1000.0,11.0,38621,False,0.0,False,,0,0.0,,0.886,pass,1.212
13179,capped,1000.0,True,1000.0,11.0,34729,False,0.0,False,,0,0.0,,0.913,pass,1.146
13180,capped,1000.0,True,1000.0,12.0,84529,False,0.0,False,,0,0.0,,1.329,pass,1.691
13181,capped,1000.0,True,1000.0,12.0,64299,False,0.0,False,,0,0.0,,0.898,pass,1.149
13182,ok,100.0,False,100.0,12.0,15014,False,0.0,False,,0,0.0,100.0,0.285,pass,0.32
13185,capped,1000.0,True,1000.0,9.0,58423,False,0.0,False,,0,0.0,,1.023,pass,1.27
13186,ok,100.0,False,100.0,16.0,16791,False,0.0,False,,0,0.0,100.0,3.105,pass,4.479
13187,ok,6.0,False,6.0,2.0,131,False,0.0,False,G196,2,9.0,,0.132,pass,0.102
13188,ok,100.0,False,100.0,11.0,5886,False,0.0,False,,0,0.0,100.0,7.075,pass,10.402
13190,ok,100.0,False,100.0,9.0,7896,False,0.0,False,,0,0.0,100.0,1.545,pass,2.201
13191,capped,1000.0,True,1000.0,10.0,32723,False,0.0,False,,0,0.0,,1.238,pass,1.621
13194,capped,1000.0,True,1000.0,10.0,84649,False,0.0,False,,0,0.0,,1.726,pass,2.381
13195,capped,1000.0,True,1000.0,8.0,38148,False,0.0,False,,0,0.0,,0.882,pass,1.231
13197,ok,6.0,False,6.0,7.0,527,False,0.0,False,,0,0.0,,0.094,pass,0.129
13199,ok,0.0,False,0.0,17.0,202,False,0.0,False,,0,,100.0,0.129,pass,0.202
13200,ok,0.0,False,0.0,10.0,121,False,0.0,False,,0,,100.0,0.503,pass,0.646
13201,ok,6.0,False,6.0,10.0,750,False,0.0,False,,0,0.0,1.0,0.713,pass,0.836
13203,ok,10.0,False,10.0,6.0,461,False,0.0,False,,0,0.0,10.0,0.608,pass,0.691
13204,capped,1000.0,True,1000.0,11.0,96008,False,0.0,False,,0,0.0,,0.922,pass,1.275
13208,ok,6.0,False,6.0,4.0,300,False,0.0,False,G34,19,38.0,,0.1,pass,0.107
13211,capped,1000.0,True,1000.0,10.0,47958,False,0.0,False,,0,0.0,,0.339,pass,0.535
13212,ok,100.0,False,100.0,8.0,8941,False,0.0,False,,0,0.0,100.0,1.071,pass,1.528
13213,capped,1000.0,True,1000.0,9.0,50913,False,0.0,False,,0,0.0,,0.798,pass,1.046
13215,ok,6.0,False,6.0,4.0,300,False,0.0,False,G34,19,38.0,,0.131,pass,0.107
13216,ok,10.0,False,10.0,12.0,1959,False,0.0,False,,0,0.0,10.0,0.357,pass,0.497
13217,capped,1000.0,True,1000.0,11.0,86922,False,0.0,False,,0,0.0,,24.451,timeout 15 s,15.291
13218,capped,1000.0,True,1000.0,11.0,56533,False,0.0,False,,0,0.0,,0.904,pass,1.238
13219,ok,100.0,False,100.0,11.0,10055,False,0.0,False,,0,0.0,100.0,1.177,pass,1.631
13223,ok,1.0,False,1.0,10.0,201,False,0.0,False,,0,0.0,,0.177,pass,0.229
13225,ok,6.0,False,6.0,6.0,402,False,0.0,False,,0,1.0,,23.294,timeout 15 s,15.233
13229,ok,100.0,False,100.0,9.0,5102,False,0.0,False,,0,0.0,,0.998,pass,1.31
13231,ok,6.0,False,6.0,2.0,69,False,0.0,False,G262,1,1.0,,0.124,pass,0.091
13232,ok,100.0,False,100.0,9.0,8669,False,0.0,False,,0,0.0,100.0,3.443,pass,5.041
13234,capped,1000.0,True,1000.0,10.0,43602,False,0.0,False,,0,0.0,,4.236,pass,7.115
13237,ok,8.0,False,8.0,6.0,422,False,0.0,False,,0,0.0,,0.922,pass,1.3
13238,ok,10.0,False,10.0,9.0,570,False,0.0,False,,0,0.0,,1.162,pass,1.599
13239,ok,10.0,False,10.0,8.0,355,False,0.0,False,,0,0.0,,1.234,pass,1.684
13240,capped,1000.0,True,1000.0,10.0,84816,False,0.0,False,,0,0.0,,0.198,pass,0.214
13241,ok,6.0,False,6.0,6.0,510,False,0.0,False,,0,0.0,,0.185,pass,0.178
13244,ok,100.0,False,100.0,12.0,9880,False,0.0,False,,0,0.0,100.0,0.862,pass,1.152
13245,capped,1000.0,True,1000.0,8.0,35122,False,0.0,False,,0,0.0,,1.558,pass,2.202
13246,ok,6.0,False,6.0,5.0,325,False,0.0,False,,0,0.0,,0.132,pass,0.112
13247,capped,1000.0,True,1000.0,9.0,30730,False,0.0,False,,0,0.0,,1.338,pass,1.767
13249,ok,100.0,False,100.0,9.0,11785,False,0.0,False,G259,0,2.0,100.0,0.811,pass,1.068
13250,ok,0.0,False,0.0,13.0,160,False,0.0,False,,0,,100.0,17.55,timeout 15 s,15.515
13251,ok,10.0,False,10.0,8.0,577,False,0.0,False,,0,0.0,10.0,2.308,pass,3.322
13252,ok,6.0,False,6.0,10.0,660,False,0.0,False,,0,0.0,,1.854,pass,2.401
13253,capped,1000.0,True,1000.0,12.0,95957,False,0.0,False,,0,0.0,,1.186,pass,1.594
13255,ok,100.0,False,100.0,11.0,9247,False,0.0,False,,0,0.0,100.0,0.62,pass,0.794
13256,ok,10.0,False,10.0,13.0,1150,False,0.0,False,,0,0.0,,1.414,pass,1.953
13257,ok,100.0,False,100.0,10.0,6861,False,0.0,False,,0,0.0,,1.701,pass,2.442
13260,ok,100.0,False,100.0,10.0,7470,False,0.0,False,,0,0.0,100.0,1.558,pass,2.121
13263,capped,1000.0,True,1000.0,11.0,75316,False,0.0,False,,0,0.0,,5.504,pass,8.29
13268,ok,100.0,False,100.0,14.0,15067,False,0.0,False,,0,0.0,100.0,3.406,pass,5.343
13271,capped,1000.0,True,1000.0,10.0,69830,False,0.0,False,,0,0.0,,0.391,pass,0.467
13272,capped,1000.0,True,1000.0,10.0,54504,False,0.0,False,,0,0.0,,1.935,pass,2.9
13276,capped,1000.0,True,1000.0,13.0,89451,False,0.0,False,,0,0.0,,3.344,pass,5.007
13277,capped,1000.0,True,1000.0,8.0,50059,False,0.0,False,,0,0.0,,0.817,pass,1.07
13278,capped,1000.0,True,1000.0,8.0,59510,False,0.0,False,,0,0.0,,1.194,pass,1.843
13279,ok,10.0,False,10.0,8.0,1141,False,0.0,False,,0,0.0,,0.546,pass,0.634
13282,ok,100.0,False,100.0,11.0,12607,False,0.0,False,,0,0.0,100.0,12.069,timeout 15 s,15.661
13283,ok,100.0,False,100.0,8.0,5237,False,0.0,False,,0,0.0,100.0,0.517,pass,0.679
13285,ok,100.0,False,100.0,10.0,9011,False,0.0,False,,0,0.0,100.0,0.878,pass,1.207
13286,ok,100.0,False,100.0,13.0,9130,False,0.0,False,,0,0.0,100.0,1.431,pass,1.958
13287,ok,6.0,False,6.0,4.0,311,False,0.0,False,G199,0,8.0,,0.256,pass,0.364
13288,ok,6.0,False,6.0,4.0,317,False,0.0,False,G68,8,39.0,,0.076,pass,0.107
13289,capped,1000.0,True,1000.0,13.0,93539,False,0.0,False,,0,0.0,,0.135,pass,0.194
13294,ok,6.0,False,6.0,4.0,317,False,0.0,False,G68,8,39.0,,0.079,pass,0.107
13295,ok,6.0,False,6.0,6.0,519,False,0.0,False,,0,0.0,,0.271,pass,0.391
13296,capped,1000.0,True,1000.0,9.0,38710,False,0.0,False,,0,0.0,,1.544,pass,3.072
13301,ok,100.0,False,100.0,12.0,9975,False,0.0,False,,0,0.0,100.0,1.091,pass,1.607
13303,ok,6.0,False,6.0,4.0,311,False,0.0,False,G199,0,8.0,,0.335,pass,0.378
13305,capped,1000.0,True,1000.0,10.0,65347,False,0.0,False,,0,0.0,,2.547,pass,3.603
13307,ok,1.0,False,1.0,5.0,167,False,0.0,False,,0,0.0,,1.543,pass,2.14
13308,capped,1000.0,True,1000.0,13.0,34617,False,0.0,False,,0,0.0,,0.909,pass,1.234
13311,capped,1000.0,True,1000.0,15.0,182718,False,0.0,False,,0,0.0,,1.336,pass,2.022
13312,capped,1000.0,True,1000.0,10.0,45694,False,0.0,False,,0,0.0,,1.528,pass,2.108
13313,ok,1.0,False,1.0,1.0,26,False,0.0,False,G198,2,2.0,,0.109,pass,0.072
13314,ok,100.0,False,100.0,9.0,7338,False,0.0,False,,0,0.0,100.0,0.752,pass,1.077
13315,ok,10.0,False,10.0,9.0,648,False,0.0,False,,0,0.0,10.0,1.05,pass,1.434
13318,ok,10.0,False,10.0,6.0,462,False,0.0,False,,0,0.0,,0.613,pass,0.693
13321,ok,4.0,False,4.0,8.0,319,False,0.0,False,,0,0.0,,0.391,pass,0.471
13322,capped,1000.0,True,1000.0,5.0,57029,False,0.0,False,,0,0.0,,0.567,pass,0.727
13323,capped,1000.0,True,1000.0,5.0,112984,False,0.0,False,,0,0.0,,0.224,pass,0.222
13325,ok,6.0,False,6.0,6.0,384,False,0.0,False,,0,0.0,,1.228,pass,1.705
13327,capped,1000.0,True,1000.0,10.0,83374,False,0.0,False,,0,0.0,,5.985,pass,9.553
13328,ok,100.0,False,100.0,9.0,12610,False,0.0,False,,0,0.0,100.0,0.862,pass,1.196
13330,capped,1000.0,True,1000.0,9.0,114059,False,0.0,False,,0,0.0,,0.144,pass,0.1
13334,ok,1.0,False,1.0,6.0,126,False,0.0,False,,0,0.0,,0.091,pass,0.136
13336,ok,192.0,False,192.0,3.0,11278,False,0.0,False,,0,0.0,,1.068,pass,1.529
13337,ok,10.0,False,10.0,9.0,753,False,0.0,False,,0,0.0,,1.047,pass,1.494
13338,ok,10.0,False,10.0,6.0,425,False,0.0,False,,0,0.0,10.0,0.262,pass,0.304
13341,ok,3.0,False,3.0,8.0,489,False,0.0,False,,0,0.0,,0.755,pass,0.944
13342,capped,103.0,True,103.0,8.0,85386,True,4.0,False,,0,0.0,,0.143,pass,0.12
13344,ok,60.0,False,60.0,6.0,3805,False,0.0,False,,0,0.0,10.0,0.276,pass,0.42
13346,capped,1000.0,True,1000.0,14.0,44687,False,0.0,False,,0,0.0,,0.618,pass,0.736
13348,ok,11.0,False,11.0,8.0,749,False,0.0,False,,0,0.0,,0.114,pass,0.169
13351,ok,100.0,False,100.0,8.0,8607,False,0.0,False,,0,0.0,100.0,0.805,pass,1.09
13352,ok,6.0,False,6.0,7.0,418,False,0.0,False,,0,0.0,,1.424,pass,1.952
13355,ok,10.0,False,10.0,8.0,735,False,0.0,False,,0,0.0,10.0,0.837,pass,1.071
13356,ok,100.0,False,100.0,10.0,11021,False,0.0,False,,0,0.0,100.0,0.156,pass,0.13
13357,ok,100.0,False,100.0,9.0,6840,False,0.0,False,,0,0.0,100.0,0.762,pass,1.043
13358,capped,1000.0,True,1000.0,10.0,65689,False,0.0,False,,0,0.0,,1.072,pass,1.343
13361,capped,1000.0,True,1000.0,14.0,109430,False,0.0,False,,0,0.0,,1.113,pass,1.591
13362,ok,100.0,False,100.0,11.0,8535,False,0.0,False,,0,0.0,100.0,0.99,pass,1.439
13363,ok,10.0,False,10.0,8.0,751,False,0.0,False,,0,0.0,,1.22,pass,1.683
13364,capped,1000.0,True,1000.0,8.0,28708,False,0.0,False,G86,2,10.0,,0.731,pass,0.863
13365,ok,100.0,False,100.0,9.0,9866,False,0.0,False,,0,0.0,100.0,0.211,pass,0.249
13366,ok,100.0,False,100.0,9.0,10547,False,0.0,False,,0,0.0,100.0,0.693,pass,0.85
13367,capped,1000.0,True,1000.0,6.0,61567,False,0.0,False,,0,0.0,,0.702,pass,0.81
13369,capped,1000.0,True,1000.0,12.0,93049,False,0.0,False,,0,0.0,,2.741,pass,4.547
13371,capped,1000.0,True,1000.0,8.0,30050,False,0.0,False,,0,0.0,,1.846,pass,2.477
13374,ok,6.0,False,6.0,4.0,309,False,0.0,False,,0,0.0,,0.133,pass,0.109
13381,capped,1000.0,True,1000.0,16.0,97176,False,0.0,False,,0,0.0,,2.029,pass,2.953
13386,capped,1000.0,True,1000.0,8.0,64387,False,0.0,False,,0,0.0,,1.266,pass,1.812
13388,ok,6.0,False,6.0,2.0,130,False,0.0,False,G104,6,9.0,,0.128,pass,0.102
13392,ok,10.0,False,10.0,9.0,737,False,0.0,False,,0,0.0,,1.072,pass,1.541
13395,ok,10.0,False,10.0,7.0,544,False,0.0,False,,0,1.0,,1.356,pass,1.926
13397,capped,1000.0,True,1000.0,9.0,64590,False,0.0,False,,0,0.0,,2.526,pass,3.835
13400,ok,6.0,False,6.0,4.0,314,False,0.0,False,G282,1,9.0,,0.165,pass,0.107
13402,ok,100.0,False,100.0,11.0,7401,False,0.0,False,,0,0.0,100.0,5.363,pass,8.088
13403,ok,10.0,False,10.0,9.0,788,False,0.0,False,,0,0.0,10.0,1.091,pass,1.439
13405,capped,1000.0,True,1000.0,11.0,87295,False,0.0,False,,0,0.0,,0.814,pass,1.026
13406,ok,100.0,False,100.0,7.0,8522,False,0.0,False,,0,0.0,100.0,0.488,pass,0.584
13408,ok,100.0,False,100.0,11.0,8995,False,0.0,False,,0,0.0,100.0,0.208,pass,0.213
13410,ok,6.0,False,6.0,7.0,531,False,0.0,False,,0,0.0,,2.112,pass,2.967
13411,ok,100.0,False,100.0,11.0,7827,False,0.0,False,,0,0.0,100.0,0.921,pass,1.098
13412,ok,5.0,False,5.0,6.0,351,False,0.0,False,,0,0.0,5.0,0.223,pass,0.223
13414,ok,1.0,False,1.0,11.0,238,False,0.0,False,,0,0.0,,0.215,pass,0.213
13415,ok,1.0,False,1.0,7.0,161,False,0.0,False,,0,0.0,,1.008,pass,1.262
13416,ok,6.0,False,6.0,5.0,464,False,0.0,False,,0,0.0,,0.153,pass,0.112
13418,capped,1000.0,True,1000.0,7.0,26404,False,0.0,False,,0,0.0,,0.59,pass,0.748
13419,ok,100.0,False,100.0,9.0,8654,False,0.0,False,,0,0.0,100.0,0.219,pass,0.23
13421,ok,100.0,False,100.0,12.0,17303,False,57.0,False,,0,0.0,100.0,0.322,pass,0.373
13422,ok,6.0,False,6.0,4.0,318,False,0.0,False,G32,18,39.0,,0.171,pass,0.107
13423,ok,100.0,False,100.0,8.0,3496,False,0.0,False,,0,0.0,100.0,0.715,pass,0.841
13424,ok,10.0,False,10.0,9.0,932,False,0.0,False,,0,0.0,10.0,1.816,pass,2.577
13426,capped,1000.0,True,1000.0,11.0,92853,False,0.0,False,,0,0.0,,3.521,pass,5.144
13428,capped,1000.0,True,1000.0,9.0,89568,False,0.0,False,,0,0.0,,1.561,pass,2.142
13429,capped,1000.0,True,1000.0,7.0,27697,False,0.0,False,,0,1.0,,0.67,pass,0.835
13430,capped,1000.0,True,1000.0,11.0,49647,False,0.0,False,,0,0.0,,0.769,pass,1.004
13433,ok,100.0,False,100.0,9.0,12252,False,0.0,False,,0,0.0,100.0,0.712,pass,0.93
13434,ok,0.0,False,0.0,11.0,126,False,0.0,False,,0,,50.0,1.167,pass,1.431
13436,ok,10.0,False,10.0,5.0,1028,False,0.0,False,,0,0.0,10.0,0.14,pass,0.099
13437,ok,100.0,False,100.0,17.0,16042,False,0.0,False,,0,0.0,100.0,1.052,pass,1.645
13438,ok,6.0,False,6.0,4.0,335,False,0.0,False,,0,0.0,,0.27,pass,0.325
13439,ok,10.0,False,10.0,9.0,607,False,0.0,False,,0,2.0,,1.45,pass,2.011
13440,ok,6.0,False,6.0,4.0,307,False,0.0,False,G192,1,3.0,,0.319,pass,0.369
13441,ok,100.0,False,100.0,14.0,15718,False,0.0,False,,0,0.0,100.0,12.826,timeout 15 s,15.821
13443,ok,1.0,False,1.0,8.0,205,False,0.0,False,,0,0.0,,0.571,pass,0.751
13444,capped,1000.0,True,1000.0,8.0,42791,False,0.0,False,,0,0.0,,2.449,pass,3.859
13445,capped,1000.0,True,1000.0,5.0,26653,False,0.0,False,,0,0.0,,0.844,pass,1.214
13446,ok,10.0,False,10.0,5.0,555,False,0.0,False,,0,0.0,10.0,0.517,pass,0.653
13447,ok,10.0,False,10.0,6.0,480,False,0.0,False,,0,0.0,,4.514,pass,7.035
13448,capped,1000.0,True,1000.0,10.0,48816,False,0.0,False,,0,0.0,,10.694,timeout 15 s,15.216
13449,capped,1000.0,True,1000.0,12.0,47636,False,0.0,False,,0,0.0,,1.797,pass,2.536
13450,capped,1000.0,True,1000.0,12.0,91469,False,0.0,False,,0,0.0,,0.245,pass,0.271
13452,ok,112.0,False,112.0,12.0,8480,False,0.0,False,,0,0.0,,0.396,pass,0.491
13453,ok,1.0,False,1.0,3.0,79,False,0.0,False,,0,0.0,,0.135,pass,0.086
13455,ok,6.0,False,6.0,4.0,318,False,0.0,False,G32,18,39.0,,0.074,pass,0.107
13456,ok,4.0,False,4.0,4.0,209,False,0.0,False,,0,0.0,,0.068,pass,0.089
13457,capped,1000.0,True,1000.0,13.0,53872,False,0.0,False,,0,0.0,,0.556,pass,0.773
13461,ok,100.0,False,100.0,10.0,8530,False,0.0,False,,0,0.0,100.0,6.899,pass,10.228
13462,ok,6.0,False,6.0,6.0,392,False,0.0,False,,0,1.0,,3.01,pass,4.327
13463,ok,100.0,False,100.0,8.0,6149,False,0.0,False,,0,0.0,100.0,1.663,pass,2.394
13465,ok,1.0,False,1.0,7.0,141,False,0.0,False,,0,0.0,,0.208,pass,0.21
13466,ok,1.0,False,1.0,17.0,374,False,0.0,False,,0,0.0,1.0,0.447,pass,0.528
13467,ok,30.0,False,30.0,6.0,910,False,0.0,False,,0,0.0,,0.301,pass,0.354
13468,ok,6.0,False,6.0,6.0,371,False,0.0,False,,0,0.0,,0.146,pass,0.114
13469,capped,1000.0,True,1000.0,10.0,64937,False,0.0,False,,0,0.0,,1.114,pass,1.666
13471,ok,0.0,False,0.0,9.0,110,False,0.0,False,,0,,,1.325,pass,1.883
13473,ok,100.0,False,100.0,8.0,8660,False,0.0,False,,0,0.0,100.0,1.941,pass,2.833
13474,capped,1000.0,True,1000.0,10.0,54725,False,0.0,False,,0,0.0,,0.979,pass,1.271
13475,ok,6.0,False,6.0,6.0,499,False,0.0,False,,0,0.0,,0.817,pass,1.254
13476,ok,84.0,False,84.0,7.0,6952,False,0.0,False,,0,0.0,,0.224,pass,0.256
13477,capped,1000.0,True,1000.0,12.0,86588,False,0.0,False,,0,0.0,,2.412,pass,3.993
13478,ok,100.0,False,100.0,12.0,6422,False,0.0,False,,0,0.0,100.0,1.623,pass,2.295
13479,capped,1000.0,True,1000.0,8.0,37201,False,0.0,False,,0,0.0,,2.484,pass,3.681
13480,ok,100.0,False,100.0,14.0,9340,False,0.0,False,,0,0.0,100.0,1.513,pass,1.959
13481,ok,1.0,False,1.0,7.0,197,False,0.0,False,,0,0.0,,0.257,pass,0.273
13482,ok,10.0,False,10.0,8.0,1175,False,0.0,False,,0,0.0,,0.854,pass,1.092
13485,ok,1.0,False,1.0,13.0,260,False,0.0,False,,0,0.0,,0.153,pass,0.214
13486,ok,4.0,False,4.0,7.0,309,False,0.0,False,,0,0.0,,0.319,pass,0.327
13489,ok,100.0,False,100.0,10.0,8436,False,0.0,False,,0,0.0,100.0,1.314,pass,1.816
13492,capped,1000.0,True,1000.0,7.0,24623,False,0.0,False,,0,0.0,,0.704,pass,0.887
13494,capped,1000.0,True,1000.0,9.0,49208,False,0.0,False,,0,0.0,,0.938,pass,1.143
13495,ok,10.0,False,10.0,6.0,316,False,0.0,False,,0,0.0,,2.263,pass,3.097
13497,ok,6.0,False,6.0,4.0,310,False,0.0,False,,0,0.0,,0.524,pass,0.626
13500,ok,100.0,False,100.0,11.0,9571,False,0.0,False,,0,0.0,100.0,0.146,pass,0.208
13502,ok,6.0,False,6.0,5.0,262,False,0.0,False,,0,0.0,,0.153,pass,0.11
13503,ok,20.0,False,20.0,9.0,1708,False,0.0,False,,0,0.0,,0.437,pass,0.611
13504,ok,4.0,False,4.0,9.0,283,False,0.0,False,,0,0.0,,1.926,pass,2.63
13506,ok,100.0,False,100.0,8.0,11514,False,0.0,False,,0,0.0,100.0,0.983,pass,1.312
13507,ok,100.0,False,100.0,10.0,9103,False,0.0,False,,0,0.0,100.0,0.28,pass,0.32
13508,capped,1000.0,True,1000.0,11.0,44782,False,0.0,False,,0,0.0,,0.883,pass,1.065
13510,ok,10.0,False,10.0,10.0,846,False,0.0,False,,0,0.0,,0.894,pass,1.233
13512,capped,1000.0,True,1000.0,13.0,98654,False,0.0,False,,0,0.0,,3.899,pass,5.639
13513,ok,6.0,False,6.0,9.0,651,False,0.0,False,,0,0.0,,0.163,pass,0.145
13517,capped,1000.0,True,1000.0,18.0,142307,False,0.0,False,,0,0.0,,1.488,pass,2.042
13524,ok,100.0,False,100.0,8.0,11551,False,0.0,False,G283,1,1.0,100.0,0.747,pass,1.057
13525,ok,6.0,False,6.0,4.0,318,False,0.0,False,G32,18,39.0,,0.131,pass,0.107
13527,capped,1000.0,True,1000.0,8.0,28710,False,0.0,False,,0,0.0,,0.708,pass,1.014
13529,ok,100.0,False,100.0,11.0,14385,False,0.0,False,,0,0.0,100.0,1.717,pass,2.751
13530,ok,6.0,False,6.0,3.0,274,False,0.0,False,G72,8,17.0,,0.139,pass,0.106
13531,capped,1000.0,True,1000.0,11.0,93937,False,0.0,False,,0,0.0,,0.142,pass,0.205
13533,capped,1000.0,True,1000.0,13.0,88067,False,0.0,False,,0,0.0,,2.832,pass,4.048
13535,capped,1000.0,True,1000.0,12.0,46695,False,0.0,False,,0,0.0,,0.727,pass,0.987
13536,ok,10.0,False,10.0,12.0,1115,False,0.0,False,,0,0.0,10.0,0.929,pass,1.13
13538,capped,1000.0,True,1000.0,10.0,73500,False,0.0,False,,0,0.0,,10.4,timeout 15 s,15.063
13540,ok,100.0,False,100.0,12.0,5632,False,0.0,False,,0,0.0,100.0,1.698,pass,2.458
13541,capped,1000.0,True,1000.0,11.0,44947,False,0.0,False,,0,0.0,,0.87,pass,1.151
13542,ok,6.0,False,6.0,8.0,722,False,0.0,False,,0,0.0,,0.66,pass,0.766
13543,capped,1000.0,True,1000.0,15.0,90182,False,0.0,False,,0,0.0,,1.919,pass,2.758
13544,ok,8.0,False,8.0,5.0,276,False,0.0,False,,0,0.0,,3.038,pass,4.36
13545,ok,10.0,False,10.0,5.0,391,False,0.0,False,G161,0,3.0,,0.603,pass,0.707
13547,ok,100.0,False,100.0,11.0,12267,False,0.0,False,,0,0.0,,0.857,pass,1.145
13549,ok,6.0,False,6.0,3.0,274,False,0.0,False,G72,8,17.0,,0.134,pass,0.105
13550,capped,1000.0,True,1000.0,8.0,81889,False,0.0,False,,0,0.0,,0.178,pass,0.257
13553,ok,6.0,False,6.0,4.0,314,False,0.0,False,,0,2.0,,0.289,pass,0.323
13554,ok,100.0,False,100.0,9.0,8752,False,0.0,False,,0,0.0,100.0,0.27,pass,0.262
13555,capped,1000.0,True,1000.0,9.0,117504,False,0.0,False,,0,0.0,,1.267,pass,1.859
13556,capped,1000.0,True,1000.0,6.0,45915,False,0.0,False,,0,0.0,,0.977,pass,1.297
13557,capped,1000.0,True,1000.0,5.0,45050,False,0.0,False,,0,0.0,,1.015,pass,1.269
13558,ok,1.0,False,1.0,3.0,62,False,0.0,False,,0,0.0,,0.143,pass,0.126
13561,ok,100.0,False,100.0,9.0,11297,False,0.0,False,,0,0.0,100.0,0.755,pass,1.078
13564,ok,100.0,False,100.0,10.0,12112,False,0.0,False,,0,0.0,100.0,11.634,timeout 15 s,16.266
13566,ok,922.0,False,922.0,9.0,85900,False,199.0,False,,0,0.0,,0.094,pass,0.137
13567,capped,1000.0,True,1000.0,10.0,68717,False,0.0,False,,0,0.0,,2.63,pass,3.714
13568,ok,6.0,False,6.0,3.0,273,False,0.0,False,G121,0,17.0,,0.082,pass,0.109
13570,capped,1000.0,True,1000.0,7.0,40930,False,0.0,False,,0,0.0,,1.618,pass,2.613
13574,ok,6.0,False,6.0,5.0,484,False,0.0,False,,0,0.0,,0.078,pass,0.107
13575,capped,1000.0,True,1000.0,15.0,62148,False,0.0,False,,0,0.0,,1.863,pass,2.706
13579,capped,1000.0,True,1000.0,10.0,57277,False,0.0,False,,0,0.0,,0.798,pass,1.119
13580,ok,10.0,False,10.0,6.0,410,False,0.0,False,,0,1.0,,0.487,pass,0.625
13582,ok,100.0,False,100.0,10.0,6571,False,0.0,False,,0,0.0,100.0,7.075,pass,8.123
13584,ok,1.0,False,1.0,5.0,121,False,0.0,False,,0,0.0,,0.117,pass,0.189
13585,ok,0.0,False,0.0,10.0,116,False,0.0,False,,0,,,1.683,pass,2.445
13586,capped,1000.0,True,1000.0,13.0,73251,False,0.0,False,,0,0.0,,2.052,pass,2.904
13587,ok,4.0,False,4.0,5.0,249,False,0.0,False,,0,0.0,,0.12,pass,0.092
13588,ok,100.0,False,100.0,14.0,12325,False,0.0,False,,0,0.0,100.0,2.372,pass,3.971
13590,ok,100.0,False,100.0,9.0,14001,False,0.0,False,,0,0.0,100.0,1.631,pass,2.548
13592,ok,100.0,False,100.0,8.0,6767,False,0.0,False,,0,0.0,100.0,2.664,pass,3.76
13593,capped,1000.0,True,1000.0,12.0,35761,False,0.0,False,,0,2.0,,0.906,pass,1.215
13594,capped,1000.0,True,1000.0,8.0,69489,False,0.0,False,,0,0.0,,0.965,pass,1.321
13598,capped,1000.0,True,1000.0,6.0,47783,False,0.0,False,,0,0.0,,0.834,pass,1.023
13601,ok,10.0,False,10.0,8.0,686,False,0.0,False,,0,0.0,,0.673,pass,0.749
13604,capped,1000.0,True,1000.0,10.0,45768,False,0.0,False,,0,0.0,,5.047,pass,7.573
13606,ok,100.0,False,100.0,13.0,15313,False,0.0,False,,0,0.0,100.0,0.165,pass,0.162
13608,ok,6.0,False,6.0,14.0,789,False,0.0,False,,0,0.0,,0.309,pass,0.44
13610,ok,100.0,False,100.0,12.0,14570,False,0.0,False,,0,0.0,100.0,0.857,pass,1.131
13613,capped,1000.0,True,1000.0,8.0,35809,False,0.0,False,,0,0.0,,1.096,pass,1.491
13614,capped,1000.0,True,1000.0,8.0,68331,False,1.0,False,,0,0.0,,0.47,pass,0.603
13616,ok,6.0,False,6.0,4.0,322,False,0.0,False,G281,1,39.0,,0.079,pass,0.107
13617,ok,100.0,False,100.0,12.0,9519,False,0.0,False,,0,0.0,100.0,2.226,pass,3.24
13618,ok,6.0,False,6.0,6.0,356,False,0.0,False,,0,0.0,,0.435,pass,0.539
13619,ok,100.0,False,100.0,8.0,7269,False,0.0,False,,0,0.0,100.0,0.243,pass,0.237
13625,capped,1000.0,True,1000.0,12.0,54944,False,0.0,False,,0,0.0,,1.122,pass,1.519
13626,capped,1000.0,True,1000.0,12.0,48591,False,0.0,False,,0,0.0,,1.807,pass,2.523
13628,ok,6.0,False,6.0,7.0,396,False,0.0,False,,0,0.0,,0.135,pass,0.114
13629,ok,100.0,False,100.0,11.0,11483,False,0.0,False,,0,0.0,100.0,3.365,pass,5.203
13630,ok,100.0,False,100.0,8.0,8339,False,0.0,False,,0,0.0,100.0,0.941,pass,1.376
13632,ok,100.0,False,100.0,10.0,8900,False,0.0,False,,0,0.0,100.0,0.389,pass,0.473
13635,ok,1.0,False,1.0,5.0,129,False,0.0,False,,0,0.0,,0.259,pass,0.313
13636,ok,100.0,False,100.0,10.0,8761,False,0.0,False,,0,0.0,100.0,1.034,pass,1.451
13637,ok,1.0,False,1.0,1.0,48,False,0.0,False,,0,0.0,,0.17,pass,0.128
13641,ok,6.0,False,6.0,7.0,565,False,0.0,False,,0,0.0,,0.137,pass,0.24
13644,ok,6.0,False,6.0,5.0,354,False,0.0,False,G268,1,4.0,,0.45,pass,0.531
13646,capped,1000.0,True,1000.0,10.0,54550,False,0.0,False,,0,0.0,,5.983,pass,8.66
13648,ok,100.0,False,100.0,12.0,7612,False,0.0,False,,0,0.0,100.0,0.22,pass,0.242
13649,ok,194.0,False,194.0,4.0,6556,False,0.0,False,,0,0.0,,0.342,pass,0.411
13650,ok,10.0,False,10.0,6.0,454,False,0.0,False,,0,0.0,,0.615,pass,0.867
13653,ok,100.0,False,100.0,7.0,4046,False,0.0,False,,0,0.0,100.0,2.261,pass,3.238
13658,ok,100.0,False,100.0,13.0,7933,False,0.0,False,,0,0.0,100.0,0.807,pass,1.019
13659,ok,100.0,False,100.0,8.0,8624,False,0.0,False,,0,0.0,100.0,1.01,pass,1.363
13661,capped,1000.0,True,1000.0,16.0,80121,False,0.0,False,,0,0.0,,1.535,pass,2.258
13662,ok,100.0,False,100.0,12.0,14295,False,0.0,False,,0,0.0,100.0,4.151,pass,6.181
13664,capped,1000.0,True,1000.0,7.0,49120,False,0.0,False,,0,0.0,,2.456,pass,3.556
13665,ok,0.0,False,0.0,12.0,131,False,0.0,False,,0,,,1.072,pass,1.496
13668,ok,6.0,False,6.0,6.0,425,False,0.0,False,G257,1,3.0,,0.151,pass,0.146
13670,capped,1000.0,True,1000.0,9.0,98879,False,0.0,False,,0,0.0,,0.752,pass,0.89
13672,ok,6.0,False,6.0,3.0,278,False,0.0,False,G275,1,17.0,,0.099,pass,0.106
13673,capped,1000.0,True,1000.0,8.0,28708,False,0.0,False,G86,0,10.0,,0.526,pass,0.789
13674,ok,100.0,False,100.0,11.0,8978,False,0.0,False,,0,0.0,100.0,1.018,pass,1.49
13677,capped,1000.0,True,1000.0,10.0,32368,False,0.0,False,,0,0.0,,1.31,pass,1.905
13678,ok,100.0,False,100.0,8.0,11578,False,0.0,False,,0,0.0,100.0,0.799,pass,1.047
13680,ok,5.0,False,5.0,7.0,329,False,0.0,False,,0,0.0,,0.459,pass,0.54
13681,ok,6.0,False,6.0,4.0,296,False,0.0,False,G274,1,38.0,,0.133,pass,0.108
13682,capped,1000.0,True,1000.0,9.0,38068,False,0.0,False,,0,0.0,,1.843,pass,2.681
13683,capped,1000.0,True,1000.0,10.0,62481,False,0.0,False,,0,0.0,,1.332,pass,2.022
13692,ok,10.0,False,10.0,8.0,539,False,0.0,False,,0,6.0,,0.631,pass,0.889
13694,capped,1000.0,True,1000.0,8.0,37059,False,0.0,False,,0,0.0,,0.611,pass,0.742
13698,capped,1000.0,True,1000.0,10.0,110891,False,0.0,False,,0,0.0,,6.774,pass,10.538
13701,ok,6.0,False,6.0,6.0,362,False,0.0,False,,0,0.0,,0.154,pass,0.113
13702,capped,1000.0,True,1000.0,7.0,25112,False,0.0,False,,0,0.0,,0.843,pass,1.15
13705,ok,100.0,False,100.0,8.0,13267,False,0.0,False,,0,0.0,100.0,11.661,timeout 15 s,15.69
13706,capped,1000.0,True,1000.0,5.0,44685,False,0.0,False,,0,0.0,,0.289,pass,0.351
13710,ok,10.0,False,10.0,4.0,446,False,0.0,False,,0,0.0,10.0,0.817,pass,1.062
13711,ok,6.0,False,6.0,5.0,361,False,0.0,False,,0,0.0,,0.081,pass,0.113
13713,capped,1000.0,True,1000.0,6.0,58913,False,0.0,False,,0,0.0,,0.27,pass,0.377
13714,ok,100.0,False,100.0,8.0,12201,False,0.0,False,,0,0.0,100.0,0.695,pass,0.976
13717,capped,1000.0,True,1000.0,11.0,107043,False,0.0,False,,0,0.0,,3.737,pass,5.605
13719,ok,6.0,False,6.0,4.0,306,False,0.0,False,G284,0,8.0,,0.265,pass,0.36
13721,capped,1000.0,True,1000.0,9.0,74159,False,0.0,False,,0,0.0,,4.893,pass,6.907
13722,capped,1000.0,True,1000.0,10.0,87390,False,0.0,False,,0,0.0,,0.418,pass,0.552
13724,capped,1000.0,True,1000.0,5.0,34930,False,0.0,False,,0,0.0,,0.149,pass,0.125
13725,capped,1000.0,True,1000.0,9.0,23785,False,0.0,False,,0,0.0,,0.353,pass,0.528
13726,ok,10.0,False,10.0,10.0,1255,False,0.0,False,,0,0.0,,0.868,pass,1.192
13727,ok,100.0,False,100.0,11.0,8911,False,0.0,False,,0,0.0,100.0,0.783,pass,1.087
13728,ok,10.0,False,10.0,7.0,512,False,0.0,False,,0,0.0,,1.066,pass,1.431
13729,ok,1.0,False,1.0,6.0,203,False,0.0,False,,0,0.0,,0.447,pass,0.55
13730,capped,1000.0,True,1000.0,10.0,96331,False,0.0,False,,0,0.0,,0.435,pass,0.654
13731,capped,1000.0,True,1000.0,12.0,101682,False,0.0,False,,0,0.0,,1.379,pass,2.037
13732,ok,100.0,False,100.0,13.0,4562,False,0.0,False,,0,0.0,100.0,4.612,pass,6.986
13733,ok,100.0,False,100.0,10.0,12112,False,0.0,False,,0,0.0,100.0,0.809,pass,1.016
13734,ok,1.0,False,1.0,12.0,309,False,0.0,False,,0,0.0,,0.08,pass,0.102
13735,capped,1000.0,True,1000.0,5.0,44323,False,0.0,False,,0,1.0,,0.548,pass,0.719
13737,capped,1000.0,True,1000.0,8.0,139285,False,0.0,False,,0,0.0,,0.236,pass,0.321
13738,capped,1000.0,True,1000.0,12.0,60617,False,0.0,False,,0,0.0,,0.943,pass,1.208
13739,capped,1000.0,True,1000.0,8.0,29703,False,0.0,False,,0,1.0,,0.584,pass,0.804
13741,ok,1.0,False,1.0,5.0,140,False,0.0,False,,0,0.0,,0.144,pass,0.13
13743,ok,100.0,False,100.0,11.0,5185,False,0.0,False,,0,0.0,100.0,1.275,pass,1.731
13744,capped,1000.0,True,1000.0,11.0,108266,False,0.0,False,,0,0.0,,1.678,pass,2.433
13745,ok,100.0,False,100.0,11.0,8820,False,0.0,False,,0,0.0,100.0,0.989,pass,1.45
13752,ok,100.0,False,100.0,8.0,10707,False,0.0,False,,0,0.0,100.0,0.497,pass,0.611
13754,ok,100.0,False,100.0,8.0,11551,False,0.0,False,G283,1,1.0,100.0,0.814,pass,1.069
13756,ok,100.0,False,100.0,10.0,11200,False,0.0,False,,0,0.0,100.0,2.795,pass,4.491
13758,ok,1.0,False,1.0,6.0,152,False,0.0,False,,0,0.0,,0.162,pass,0.159
13759,capped,1000.0,True,1000.0,16.0,93743,False,0.0,False,,0,0.0,,3.366,pass,4.941
13760,ok,10.0,False,10.0,6.0,371,False,0.0,False,,0,0.0,,1.02,pass,1.452
13761,capped,1000.0,True,1000.0,5.0,56816,False,0.0,False,,0,0.0,,0.562,pass,0.718
13763,capped,1000.0,True,1000.0,15.0,114159,False,0.0,False,,0,0.0,,1.617,pass,2.208
13764,ok,100.0,False,100.0,12.0,7827,False,0.0,False,,0,0.0,100.0,1.098,pass,1.428
13765,capped,1000.0,True,1000.0,11.0,77910,False,0.0,False,,0,0.0,,1.426,pass,1.854
13766,ok,100.0,False,100.0,9.0,5977,False,0.0,False,,0,0.0,100.0,0.913,pass,1.114
13769,ok,28.0,False,28.0,5.0,2521,False,0.0,False,,0,0.0,,0.111,pass,0.139
13770,ok,100.0,False,100.0,9.0,9140,False,0.0,False,,0,0.0,100.0,0.94,pass,1.482
13772,capped,1000.0,True,1000.0,8.0,50009,False,0.0,False,,0,0.0,,1.367,pass,1.904
13773,ok,1.0,False,1.0,13.0,281,False,0.0,False,,0,0.0,,0.277,pass,0.328
13776,capped,1000.0,True,1000.0,11.0,94837,False,0.0,False,,0,0.0,,5.378,pass,7.619
13778,ok,100.0,False,100.0,13.0,9468,False,0.0,False,,0,0.0,100.0,1.047,pass,1.204
13784,ok,550.0,False,550.0,10.0,49596,False,0.0,False,,0,0.0,,0.373,pass,0.448
13785,ok,1.0,False,1.0,5.0,135,False,0.0,False,,0,0.0,,0.145,pass,0.131
13788,capped,1000.0,True,1000.0,10.0,117852,False,0.0,False,,0,0.0,,0.28,pass,0.415
13789,capped,1000.0,True,1000.0,6.0,25846,False,0.0,False,,0,0.0,,0.95,pass,1.106
13791,capped,1000.0,True,1000.0,14.0,85137,False,0.0,False,,0,0.0,,1.527,pass,2.117
13792,ok,100.0,False,100.0,9.0,11828,False,0.0,False,,0,0.0,100.0,0.907,pass,1.202
13794,ok,6.0,False,6.0,5.0,337,False,0.0,False,G267,0,1.0,,0.32,pass,0.372
13798,ok,6.0,False,6.0,4.0,304,False,0.0,False,G103,6,38.0,,0.168,pass,0.107
13799,capped,1000.0,True,1000.0,9.0,125618,False,0.0,False,,0,0.0,,1.134,pass,1.504
13800,capped,1000.0,True,1000.0,12.0,79143,False,0.0,False,,0,0.0,,17.045,timeout 15 s,15.312
13801,ok,6.0,False,6.0,4.0,208,False,0.0,False,,0,0.0,,0.707,pass,0.947
13802,capped,1000.0,True,1000.0,13.0,61193,False,0.0,False,,0,0.0,,0.293,pass,0.27
13803,ok,10.0,False,10.0,9.0,924,False,0.0,False,,0,0.0,,1.164,pass,1.708
13805,capped,1000.0,True,1000.0,7.0,34149,False,0.0,False,,0,0.0,,2.2,pass,3.251
13806,capped,1000.0,True,1000.0,6.0,19926,False,26.0,False,,0,1.0,,0.759,pass,0.997
13809,capped,1000.0,True,1000.0,11.0,83840,False,0.0,False,,0,0.0,,17.405,timeout 15 s,15.207
13810,ok,100.0,False,100.0,8.0,8339,False,0.0,False,G265,1,1.0,100.0,0.939,pass,1.361
13811,ok,100.0,False,100.0,9.0,11838,False,0.0,False,,0,0.0,100.0,1.095,pass,1.389
13813,capped,1000.0,True,1000.0,14.0,145604,False,0.0,False,,0,0.0,,3.502,pass,5.651
13816,ok,1.0,False,1.0,9.0,227,False,0.0,False,,0,0.0,,0.49,pass,0.649
13818,capped,1000.0,True,1000.0,5.0,43724,False,0.0,False,,0,0.0,,0.617,pass,0.705
13826,ok,6.0,False,6.0,6.0,284,False,0.0,False,,0,0.0,,0.243,pass,0.258
13827,ok,100.0,False,100.0,7.0,5568,False,0.0,False,,0,0.0,,1.103,pass,1.596
13828,capped,1000.0,True,1000.0,8.0,29623,False,0.0,False,,0,0.0,,1.259,pass,1.835
13829,ok,6.0,False,6.0,5.0,361,False,0.0,False,G285,1,1.0,,0.132,pass,0.113
13831,ok,100.0,False,100.0,13.0,13655,False,0.0,False,,0,0.0,100.0,10.16,pass,14.53
13832,capped,1000.0,True,1000.0,13.0,93874,False,0.0,False,,0,0.0,,1.469,pass,1.942
13834,ok,100.0,False,100.0,11.0,14456,False,0.0,False,,0,0.0,100.0,4.238,pass,6.382
13835,ok,10.0,False,10.0,6.0,516,False,4.0,False,,0,0.0,5.0,0.937,pass,1.331
13836,ok,6.0,False,6.0,4.0,257,False,0.0,False,,0,0.0,,0.527,pass,0.633
13839,ok,10.0,False,10.0,10.0,1097,False,0.0,False,,0,0.0,,0.73,pass,0.962
13841,ok,6.0,False,6.0,3.0,273,False,0.0,False,G121,4,17.0,,0.143,pass,0.107
13842,ok,10.0,False,10.0,5.0,391,False,0.0,False,G161,0,3.0,,0.564,pass,0.71
13843,ok,6.0,False,6.0,9.0,684,False,0.0,False,,0,0.0,,3.319,pass,4.659
13845,ok,100.0,False,100.0,8.0,3616,False,0.0,False,,0,0.0,100.0,0.83,pass,1.066
13846,ok,10.0,False,10.0,7.0,486,False,0.0,False,,0,0.0,,0.675,pass,0.881
13850,ok,100.0,False,100.0,9.0,10589,False,0.0,False,,0,0.0,100.0,3.775,pass,5.232
13852,capped,1000.0,True,1000.0,14.0,86186,False,0.0,False,,0,0.0,,5.875,pass,8.468
13855,ok,100.0,False,100.0,9.0,8223,False,0.0,False,,0,1.0,100.0,0.27,pass,0.319
13858,capped,1000.0,True,1000.0,10.0,40306,False,0.0,False,,0,0.0,,0.917,pass,1.148
13859,capped,1000.0,True,1000.0,13.0,99247,False,447.0,False,,0,0.0,,3.349,pass,4.886
13860,ok,6.0,False,6.0,4.0,416,False,0.0,False,G286,1,2.0,,0.162,pass,0.157
13861,ok,100.0,False,100.0,8.0,3774,False,0.0,False,,0,0.0,100.0,7.654,pass,12.433
13863,ok,10.0,False,10.0,5.0,398,False,0.0,False,,0,1.0,10.0,25.238,timeout 15 s,15.242
13865,ok,537.0,False,537.0,8.0,40959,False,1.0,False,,0,0.0,,0.205,pass,0.238
13867,ok,6.0,False,6.0,6.0,604,False,0.0,False,,0,0.0,,0.953,pass,1.214
13869,capped,1000.0,True,1000.0,7.0,74835,False,0.0,False,,0,0.0,,1.74,pass,2.525
13871,ok,100.0,False,100.0,12.0,14132,False,0.0,False,,0,0.0,100.0,0.441,pass,0.564
13872,capped,1000.0,True,1000.0,7.0,34469,False,89.0,False,,0,0.0,,14.14,timeout 15 s,15.224
13873,capped,1000.0,True,1000.0,8.0,30063,False,0.0,False,,0,0.0,,0.733,pass,0.969
13874,ok,6.0,False,6.0,6.0,424,False,0.0,False,,0,3.0,,0.151,pass,0.149
13875,capped,1000.0,True,1000.0,5.0,79562,False,0.0,False,,0,0.0,,0.428,pass,0.608
13876,capped,1000.0,True,1000.0,7.0,33024,False,0.0,False,,0,0.0,,2.589,pass,3.786
13878,ok,100.0,False,100.0,8.0,12049,False,2.0,False,,0,0.0,100.0,1.048,pass,1.394
13880,ok,6.0,False,6.0,4.0,313,False,0.0,False,,0,9.0,,0.145,pass,0.107
13881,ok,6.0,False,6.0,5.0,361,False,0.0,False,G285,1,1.0,,0.101,pass,0.113
13883,ok,10.0,False,10.0,10.0,873,False,0.0,False,,0,0.0,,1.034,pass,1.584
13887,ok,100.0,False,100.0,5.0,3153,False,0.0,False,,0,0.0,100.0,2.497,pass,3.558
13888,capped,1000.0,True,1000.0,8.0,78216,False,0.0,False,,0,0.0,,2.01,pass,2.951
13889,capped,1000.0,True,1000.0,10.0,87740,False,0.0,False,,0,0.0,,2.055,pass,3.052
13892,capped,1000.0,True,1000.0,11.0,72291,False,793.0,False,,0,0.0,,1.164,pass,1.733
13896,ok,10.0,False,10.0,9.0,737,False,0.0,False,,0,0.0,10.0,0.922,pass,1.416
13902,capped,1000.0,True,1000.0,11.0,36158,False,0.0,False,,0,0.0,,2.141,pass,3.595
13903,ok,6.0,False,6.0,6.0,374,False,0.0,False,,0,0.0,,0.132,pass,0.115
13906,capped,1000.0,True,1000.0,13.0,84061,False,0.0,False,,0,0.0,,0.422,pass,0.606
13907,capped,1000.0,True,1000.0,12.0,112300,False,0.0,False,,0,0.0,,1.529,pass,2.21
13911,capped,1000.0,True,1000.0,6.0,20839,False,0.0,False,,0,0.0,,0.345,pass,0.404
13912,capped,1000.0,True,1000.0,12.0,138825,False,0.0,False,,0,0.0,,3.877,pass,5.827
13913,capped,1000.0,True,1000.0,13.0,84554,False,0.0,False,,0,0.0,,1.046,pass,1.321
13918,ok,0.0,False,0.0,8.0,96,False,0.0,False,,0,,,0.128,pass,0.101
13920,ok,10.0,False,10.0,9.0,1139,False,0.0,False,,0,0.0,10.0,1.135,pass,1.559
13921,ok,1.0,False,1.0,5.0,135,False,0.0,False,,0,0.0,,0.408,pass,0.51
13923,ok,8.0,False,8.0,9.0,704,False,0.0,False,,0,0.0,,1.211,pass,1.621
13924,ok,100.0,False,100.0,7.0,11237,False,0.0,False,,0,0.0,100.0,1.263,pass,1.717
13926,capped,1000.0,True,1000.0,13.0,83549,False,0.0,False,,0,0.0,,1.902,pass,2.642
13927,capped,1000.0,True,1000.0,9.0,56762,False,0.0,False,,0,0.0,,2.089,pass,2.926
13928,capped,1000.0,True,1000.0,11.0,95582,False,0.0,False,,0,0.0,,20.183,timeout 15 s,15.194
13931,ok,4.0,False,4.0,5.0,306,False,0.0,False,,0,0.0,,0.136,pass,0.102
13932,ok,10.0,False,10.0,8.0,916,False,0.0,False,,0,0.0,,0.638,pass,0.847
13933,ok,100.0,False,100.0,11.0,12343,False,0.0,False,,0,0.0,100.0,1.318,pass,1.775
13935,ok,4.0,False,4.0,5.0,324,False,0.0,False,,0,0.0,,0.116,pass,0.087
13936,ok,100.0,False,100.0,9.0,8608,False,0.0,False,,0,0.0,,0.924,pass,1.431
13938,capped,1000.0,True,1000.0,8.0,66433,False,0.0,False,,0,0.0,,0.524,pass,0.665
13940,ok,100.0,False,100.0,8.0,5721,False,0.0,False,,0,0.0,100.0,0.831,pass,1.018
13941,capped,1000.0,True,1000.0,11.0,124061,False,0.0,False,,0,0.0,,0.688,pass,0.898
13942,ok,100.0,False,100.0,8.0,11106,False,0.0,False,,0,0.0,100.0,1.224,pass,1.67
13943,ok,100.0,False,100.0,10.0,11712,False,0.0,False,,0,0.0,100.0,5.949,pass,8.445
13945,capped,1000.0,True,1000.0,10.0,71281,False,0.0,False,,0,0.0,,1.745,pass,2.593
13946,capped,1000.0,True,1000.0,8.0,48802,False,0.0,False,,0,0.0,,1.204,pass,1.624
13948,ok,100.0,False,100.0,16.0,9507,False,0.0,False,,0,0.0,100.0,0.858,pass,1.037
13949,capped,1000.0,True,1000.0,9.0,28730,False,0.0,False,,0,0.0,,0.706,pass,0.947
13950,ok,6.0,False,6.0,4.0,318,False,0.0,False,G32,18,39.0,,0.13,pass,0.107
13951,ok,853.0,False,853.0,7.0,22608,False,0.0,False,,0,0.0,,0.297,pass,0.444
13955,ok,100.0,False,100.0,11.0,11629,False,0.0,False,,0,0.0,100.0,6.625,pass,8.259
13957,capped,1000.0,True,1000.0,7.0,61314,False,0.0,False,,0,0.0,,24.058,timeout 15 s,15.061
13958,capped,1000.0,True,1000.0,8.0,73189,False,0.0,False,,0,0.0,,0.194,pass,0.22
13959,capped,1000.0,True,1000.0,9.0,80601,False,0.0,False,,0,0.0,,0.293,pass,0.34
13960,capped,1000.0,True,1000.0,9.0,70621,False,0.0,False,,0,0.0,,14.388,timeout 15 s,15.39
13963,ok,6.0,False,6.0,4.0,318,False,0.0,False,G32,18,39.0,,0.135,pass,0.108
13964,capped,1000.0,True,1000.0,8.0,35410,False,0.0,False,,0,0.0,,1.178,pass,1.72
13966,ok,1.0,False,1.0,8.0,168,False,0.0,False,,0,0.0,,1.473,pass,2.122
13967,ok,100.0,False,100.0,9.0,8690,False,0.0,False,,0,0.0,100.0,2.399,pass,3.464
13968,ok,6.0,False,6.0,5.0,337,False,0.0,False,G272,1,1.0,,0.438,pass,0.577
13969,ok,6.0,False,6.0,4.0,318,False,0.0,False,G32,18,39.0,,0.133,pass,0.107
13970,ok,100.0,False,100.0,11.0,5275,False,0.0,False,,0,0.0,100.0,0.937,pass,1.259
13971,ok,6.0,False,6.0,4.0,212,False,0.0,False,,0,0.0,,0.189,pass,0.197
13975,ok,100.0,False,100.0,11.0,5234,False,0.0,False,,0,0.0,100.0,0.811,pass,0.992
13977,ok,100.0,False,100.0,11.0,8409,False,0.0,False,,0,0.0,100.0,3.18,pass,4.711
13978,ok,100.0,False,100.0,11.0,7062,False,0.0,False,,0,0.0,100.0,1.987,pass,2.813
13981,ok,100.0,False,100.0,6.0,8198,False,0.0,False,,0,0.0,100.0,0.504,pass,0.584
13982,ok,19.0,False,19.0,9.0,972,False,0.0,False,,0,0.0,,0.832,pass,1.063
13984,ok,10.0,False,10.0,3.0,246,False,0.0,False,,0,0.0,10.0,0.788,pass,0.988
13990,ok,100.0,False,100.0,10.0,4748,False,0.0,False,,0,0.0,100.0,1.029,pass,1.307
13991,ok,6.0,False,6.0,4.0,303,False,0.0,False,,0,38.0,,0.129,pass,0.107
13992,ok,6.0,False,6.0,5.0,367,False,0.0,False,,0,0.0,,0.403,pass,0.684
13996,ok,100.0,False,100.0,12.0,10902,False,0.0,False,,0,0.0,100.0,2.728,pass,4.001
13997,capped,1000.0,True,1000.0,4.0,39593,False,0.0,False,,0,1.0,,0.589,pass,0.705
13999,ok,10.0,False,10.0,9.0,589,False,0.0,False,,0,0.0,,0.201,pass,0.23
14000,ok,100.0,False,100.0,11.0,9724,False,0.0,False,,0,0.0,100.0,2.485,pass,3.507
14003,ok,100.0,False,100.0,11.0,12106,False,0.0,False,,0,0.0,100.0,0.986,pass,1.31
14004,ok,100.0,False,100.0,11.0,11471,False,0.0,False,,0,0.0,100.0,0.809,pass,1.009
14005,ok,6.0,False,6.0,4.0,304,False,0.0,False,G103,6,38.0,,0.137,pass,0.107
14007,ok,10.0,False,10.0,9.0,613,False,0.0,False,,0,0.0,10.0,0.146,pass,0.209
14009,capped,1000.0,True,1000.0,14.0,96806,False,0.0,False,,0,0.0,,22.122,timeout 15 s,15.21
14011,capped,1000.0,True,1000.0,9.0,54812,False,0.0,False,,0,0.0,,1.181,pass,1.579
14012,capped,1000.0,True,1000.0,6.0,68633,False,0.0,False,,0,0.0,,0.635,pass,0.812
14015,ok,100.0,False,100.0,9.0,7688,False,0.0,False,,0,0.0,100.0,1.054,pass,1.608
14017,capped,1000.0,True,1000.0,12.0,42800,False,0.0,False,,0,0.0,,1.597,pass,2.303
14018,capped,1000.0,True,1000.0,13.0,83320,False,0.0,False,,0,0.0,,21.952,timeout 15 s,15.197
14019,ok,100.0,False,100.0,11.0,9732,False,0.0,False,,0,0.0,100.0,1.461,pass,1.885
14021,capped,1000.0,True,1000.0,11.0,65656,False,641.0,False,,0,0.0,,30.354,timeout 15 s,15.191
14023,ok,100.0,False,100.0,8.0,11475,False,0.0,False,,0,0.0,100.0,0.787,pass,1.05
14030,capped,1000.0,True,1000.0,8.0,74514,False,0.0,False,,0,0.0,,0.226,pass,0.266
14034,capped,1000.0,True,1000.0,7.0,39546,False,0.0,False,,0,0.0,,0.802,pass,1.018
14035,ok,1.0,False,1.0,6.0,213,False,0.0,False,,0,0.0,,0.287,pass,0.351
14038,capped,1000.0,True,1000.0,14.0,68290,False,0.0,False,,0,0.0,,1.873,pass,3.036
14039,ok,6.0,False,6.0,6.0,405,False,0.0,False,,0,1.0,,23.31,timeout 15 s,15.222
14040,capped,1000.0,True,1000.0,12.0,64090,False,0.0,False,,0,0.0,,1.036,pass,1.388
14044,ok,100.0,False,100.0,8.0,13011,False,0.0,False,,0,0.0,100.0,2.34,pass,3.267
14045,capped,1000.0,True,1000.0,11.0,90792,False,0.0,False,,0,0.0,,4.431,pass,6.747
14046,capped,1000.0,True,1000.0,6.0,27057,False,0.0,False,,0,0.0,,1.054,pass,2.577
14048,ok,4.0,False,4.0,5.0,315,False,0.0,False,,0,0.0,,0.115,pass,0.087
14050,ok,100.0,False,100.0,9.0,10773,False,0.0,False,,0,0.0,100.0,1.168,pass,1.718
14054,capped,1000.0,True,1000.0,12.0,114777,False,0.0,False,,0,0.0,,1.982,pass,2.955
14055,capped,1000.0,True,1000.0,11.0,48062,False,0.0,False,,0,0.0,,1.408,pass,2.021
14057,ok,100.0,False,100.0,12.0,11588,False,0.0,False,,0,0.0,100.0,1.329,pass,1.825
14060,ok,100.0,False,100.0,8.0,8455,False,0.0,False,,0,0.0,100.0,0.652,pass,0.84
14061,ok,100.0,False,100.0,12.0,9885,False,0.0,False,,0,0.0,100.0,1.057,pass,1.603
14062,ok,1.0,False,1.0,20.0,461,False,0.0,False,,0,0.0,,0.939,pass,1.286
14065,ok,100.0,False,100.0,9.0,9013,False,0.0,False,,0,0.0,100.0,0.193,pass,0.208
14066,capped,1000.0,True,1000.0,6.0,35490,False,0.0,False,,0,0.0,,0.298,pass,0.403
14068,ok,0.0,False,0.0,16.0,189,False,0.0,False,,0,,,4.575,pass,6.879
14070,ok,6.0,False,6.0,4.0,322,False,0.0,False,G287,1,9.0,,0.134,pass,0.108
14071,ok,100.0,False,100.0,6.0,9597,False,0.0,False,,0,0.0,,0.105,pass,0.144
14072,capped,80.0,True,80.0,14.0,67412,True,0.0,False,,0,0.0,,1.441,pass,2.067
14076,capped,1000.0,True,1000.0,15.0,111022,False,0.0,False,,0,0.0,,2.468,pass,3.516
14079,capped,1000.0,True,1000.0,9.0,32366,False,0.0,False,,0,0.0,,0.493,pass,0.689
14082,ok,6.0,False,6.0,2.0,131,False,0.0,False,G196,2,9.0,,0.127,pass,0.103
14083,capped,1000.0,True,1000.0,14.0,99042,False,0.0,False,,0,0.0,,0.165,pass,0.251
14087,ok,6.0,False,6.0,6.0,385,False,0.0,False,,0,1.0,,3.03,pass,4.33
14090,capped,1000.0,True,1000.0,10.0,48829,False,0.0,False,,0,0.0,,2.082,pass,2.98
14091,ok,4.0,False,4.0,5.0,325,False,0.0,False,,0,0.0,,0.129,pass,0.104
14095,capped,1000.0,True,1000.0,13.0,78299,False,0.0,False,,0,0.0,,2.063,pass,3.051
14098,ok,6.0,False,6.0,5.0,364,False,0.0,False,G273,0,1.0,,0.812,pass,1.106
14099,ok,100.0,False,100.0,14.0,12667,False,0.0,False,,0,0.0,100.0,2.496,pass,4.109
14100,ok,100.0,False,100.0,14.0,8288,False,0.0,False,,0,0.0,100.0,27.552,timeout 15 s,15.193
14101,ok,100.0,False,100.0,11.0,5238,False,0.0,False,G264,0,1.0,100.0,0.795,pass,1.003
14102,capped,1000.0,True,1000.0,20.0,105130,False,0.0,False,,0,0.0,,2.973,pass,4.355
14104,ok,100.0,False,100.0,9.0,8751,False,0.0,False,,0,0.0,100.0,0.249,pass,0.279
14106,ok,100.0,False,100.0,12.0,11706,False,0.0,False,,0,0.0,100.0,2.127,pass,2.825
14109,ok,10.0,False,10.0,7.0,739,False,0.0,False,,0,0.0,10.0,0.939,pass,1.175
14110,ok,6.0,False,6.0,4.0,306,False,0.0,False,G284,0,8.0,,0.305,pass,0.366
14111,ok,10.0,False,10.0,9.0,728,False,0.0,False,,0,0.0,,0.925,pass,1.102
14112,ok,10.0,False,10.0,4.0,402,False,0.0,False,,0,0.0,10.0,0.316,pass,0.406
14114,ok,6.0,False,6.0,4.0,310,False,0.0,False,G197,2,39.0,,0.149,pass,0.108
14115,ok,10.0,False,10.0,8.0,548,False,0.0,False,,0,0.0,,0.543,pass,0.671
14117,capped,1000.0,True,1000.0,9.0,50727,False,0.0,False,,0,0.0,,1.12,pass,1.693
14118,ok,100.0,False,100.0,11.0,4870,False,0.0,False,,0,0.0,100.0,0.823,pass,1.002
14119,capped,1000.0,True,1000.0,9.0,30738,False,0.0,False,,0,0.0,,0.962,pass,1.351
14120,capped,1000.0,True,1000.0,13.0,78435,False,0.0,False,,0,0.0,,2.611,pass,3.499
14121,ok,1.0,False,1.0,7.0,183,False,0.0,False,,0,0.0,,0.473,pass,0.647
14124,ok,100.0,False,100.0,9.0,9196,False,0.0,False,,0,0.0,100.0,0.168,pass,0.151
14125,ok,6.0,False,6.0,4.0,304,False,0.0,False,G103,6,38.0,,0.075,pass,0.108
14130,capped,1000.0,True,1000.0,14.0,85642,False,716.0,False,,0,0.0,,0.377,pass,0.551
14133,ok,12.0,False,12.0,7.0,835,False,0.0,False,,0,0.0,,0.185,pass,0.171
14134,ok,100.0,False,100.0,10.0,11705,False,0.0,False,,0,0.0,100.0,1.048,pass,1.489
14135,ok,100.0,False,100.0,7.0,3314,False,0.0,False,,0,0.0,100.0,1.094,pass,1.584
14136,ok,6.0,False,6.0,6.0,488,False,0.0,False,,0,0.0,,0.587,pass,0.817
14137,ok,1.0,False,1.0,18.0,439,False,0.0,False,,0,0.0,,0.307,pass,0.383
14139,capped,1000.0,True,1000.0,10.0,58034,False,0.0,False,,0,0.0,,0.202,pass,0.207
14140,ok,100.0,False,100.0,7.0,8948,False,0.0,False,,0,0.0,100.0,1.601,pass,2.194
14143,ok,10.0,False,10.0,10.0,1179,False,0.0,False,,0,0.0,,0.692,pass,0.893
14144,capped,1000.0,True,1000.0,8.0,28708,False,0.0,False,G86,2,10.0,,0.698,pass,0.863
14146,capped,1000.0,True,1000.0,12.0,35754,False,0.0,False,,0,2.0,,0.946,pass,1.159
14147,ok,6.0,False,6.0,2.0,130,False,0.0,False,G104,6,9.0,,0.125,pass,0.103
14149,ok,10.0,False,10.0,6.0,468,False,0.0,False,,0,0.0,10.0,0.492,pass,0.668
14153,ok,100.0,False,100.0,10.0,8761,False,0.0,False,,0,0.0,100.0,1.0,pass,1.462
14154,capped,1000.0,True,1000.0,6.0,68001,False,0.0,False,,0,0.0,,0.658,pass,0.747
14156,capped,1000.0,True,1000.0,10.0,76369,False,0.0,False,,0,0.0,,0.405,pass,0.502
14157,ok,0.0,False,0.0,10.0,108,False,0.0,False,,0,,,1.406,pass,1.938
14160,capped,1000.0,True,1000.0,7.0,46467,False,0.0,False,,0,0.0,,1.573,pass,3.965
14161,ok,100.0,False,100.0,10.0,5798,False,0.0,False,,0,0.0,100.0,0.942,pass,1.396
14162,ok,60.0,False,60.0,6.0,3723,False,0.0,False,,0,0.0,,0.234,pass,0.259
14165,capped,1000.0,True,1000.0,12.0,100526,False,0.0,False,,0,0.0,,5.101,pass,7.951
14166,capped,1000.0,True,1000.0,5.0,44804,False,0.0,False,,0,0.0,,0.608,pass,0.72
14168,ok,100.0,False,100.0,8.0,5796,False,0.0,False,,0,0.0,100.0,0.904,pass,1.188
14171,capped,1000.0,True,1000.0,9.0,74963,False,0.0,False,,0,0.0,,1.427,pass,2.004
14172,ok,100.0,False,100.0,11.0,11695,False,0.0,False,,0,0.0,100.0,1.26,pass,1.671
14173,ok,100.0,False,100.0,12.0,6651,False,0.0,False,,0,0.0,100.0,0.587,pass,0.794
14175,capped,1000.0,True,1000.0,7.0,33640,False,0.0,False,,0,0.0,,0.807,pass,1.082
14177,ok,6.0,False,6.0,3.0,273,False,0.0,False,G121,4,17.0,,0.129,pass,0.106
14179,ok,6.0,False,6.0,5.0,355,False,0.0,False,G160,2,4.0,,0.221,pass,0.333
14182,capped,1000.0,True,1000.0,9.0,29692,False,0.0,False,,0,0.0,,0.821,pass,1.015
14183,ok,10.0,False,10.0,9.0,705,False,0.0,False,,0,0.0,10.0,1.303,pass,1.799
14184,ok,165.0,False,165.0,6.0,7556,False,0.0,False,,0,0.0,,0.691,pass,0.896
14185,capped,1000.0,True,1000.0,13.0,147320,False,0.0,False,,0,0.0,,2.584,pass,3.958
14187,capped,1000.0,True,1000.0,13.0,61421,False,0.0,False,,0,0.0,,3.176,pass,4.791
14191,capped,1000.0,True,1000.0,6.0,30768,False,0.0,False,,0,0.0,,0.617,pass,0.811
14192,capped,1000.0,True,1000.0,11.0,34747,False,0.0,False,G258,0,2.0,,0.822,pass,1.049
14193,capped,1000.0,True,1000.0,14.0,88529,False,0.0,False,,0,0.0,,6.101,pass,9.189
14197,ok,6.0,False,6.0,5.0,451,False,0.0,False,,0,0.0,,0.162,pass,0.171
14200,ok,100.0,False,100.0,12.0,6974,False,0.0,False,,0,0.0,100.0,1.398,pass,1.841
14201,capped,1000.0,True,1000.0,8.0,57973,False,0.0,False,,0,0.0,,1.485,pass,2.318
14203,ok,4.0,False,4.0,4.0,204,False,0.0,False,,0,0.0,,0.092,pass,0.124
14205,ok,12.0,False,12.0,8.0,844,False,0.0,False,,0,0.0,,0.078,pass,0.109
14208,capped,1000.0,True,1000.0,6.0,38697,False,699.0,False,,0,0.0,,0.689,pass,0.938
14209,capped,1000.0,True,1000.0,13.0,64814,False,0.0,False,,0,0.0,,1.161,pass,1.436
14211,ok,100.0,False,100.0,13.0,7652,False,0.0,False,,0,0.0,,1.769,pass,2.411
14213,ok,10.0,False,10.0,10.0,765,False,0.0,False,,0,0.0,,0.191,pass,0.23
14214,ok,0.0,False,0.0,14.0,165,False,0.0,False,,0,,100.0,1.086,pass,1.637
14215,capped,1000.0,True,1000.0,9.0,111708,False,0.0,False,,0,0.0,,2.441,pass,3.905
14220,capped,1000.0,True,1000.0,8.0,81321,False,0.0,False,,0,0.0,,0.394,pass,0.449
14223,ok,6.0,False,6.0,8.0,589,False,0.0,False,,0,0.0,,0.489,pass,0.644
14225,ok,6.0,False,6.0,4.0,300,False,0.0,False,G34,19,38.0,,0.148,pass,0.107
14226,ok,4.0,False,4.0,9.0,450,False,0.0,False,,0,0.0,,1.348,pass,1.965
14228,ok,100.0,False,100.0,15.0,13055,False,0.0,False,,0,0.0,100.0,0.165,pass,0.163
14229,ok,6.0,False,6.0,4.0,304,False,0.0,False,G103,6,38.0,,0.074,pass,0.107
14230,capped,1000.0,True,1000.0,10.0,54872,False,0.0,False,,0,0.0,10.0,3.273,pass,4.849
14231,ok,84.0,False,84.0,10.0,6533,False,0.0,False,,0,0.0,,0.39,pass,0.477
14232,ok,100.0,False,100.0,8.0,11568,False,0.0,False,,0,0.0,100.0,1.142,pass,1.55
14233,ok,938.0,False,938.0,14.0,112737,False,0.0,False,,0,0.0,,0.304,pass,0.316
14234,ok,100.0,False,100.0,12.0,7011,False,0.0,False,,0,0.0,100.0,1.655,pass,2.416
14237,ok,6.0,False,6.0,4.0,318,False,0.0,False,G32,18,39.0,,0.128,pass,0.107
14241,ok,60.0,False,60.0,5.0,2613,False,0.0,False,,0,0.0,,1.015,pass,1.427
14242,capped,1000.0,True,1000.0,11.0,42182,False,0.0,False,,0,0.0,,1.462,pass,2.03
14246,ok,10.0,False,10.0,7.0,565,False,0.0,False,,0,0.0,,1.579,pass,2.156
14250,capped,1000.0,True,1000.0,6.0,54820,False,0.0,False,,0,0.0,,1.064,pass,1.297
14251,ok,1.0,False,1.0,8.0,165,False,0.0,False,,0,0.0,,0.419,pass,0.622
14252,capped,1000.0,True,1000.0,11.0,94501,False,0.0,False,,0,0.0,1000.0,0.737,pass,1.012
14255,capped,1000.0,True,1000.0,8.0,29605,False,0.0,False,,0,0.0,,0.67,pass,0.853
14256,ok,1.0,False,1.0,15.0,386,False,0.0,False,,0,0.0,,0.477,pass,0.625
14257,ok,446.0,False,446.0,14.0,43216,False,0.0,False,,0,0.0,,25.1,timeout 15 s,15.253
14258,capped,1000.0,True,1000.0,12.0,97422,False,0.0,False,,0,0.0,,3.355,pass,4.661
14259,ok,6.0,False,6.0,6.0,394,False,0.0,False,,0,0.0,,0.461,pass,0.65
14261,ok,100.0,False,100.0,14.0,11743,False,0.0,False,,0,0.0,100.0,1.088,pass,1.593
14265,capped,1000.0,True,1000.0,9.0,75513,False,0.0,False,,0,0.0,,0.293,pass,0.355
14266,ok,100.0,False,100.0,11.0,11024,False,0.0,False,,0,0.0,100.0,0.976,pass,1.277
14267,capped,1000.0,True,1000.0,9.0,52034,False,0.0,False,,0,0.0,,0.686,pass,0.877
14268,capped,1000.0,True,1000.0,10.0,57496,False,0.0,False,,0,0.0,,0.3,pass,0.371
14270,ok,6.0,False,6.0,14.0,1309,False,0.0,False,,0,0.0,1.0,5.852,pass,8.846
14271,capped,1000.0,True,1000.0,7.0,60267,False,0.0,False,,0,0.0,,1.016,pass,1.375
14273,ok,100.0,False,100.0,12.0,16108,False,0.0,False,,0,0.0,100.0,6.561,pass,8.335
14274,ok,100.0,False,100.0,7.0,6944,False,0.0,False,,0,0.0,100.0,0.279,pass,0.318
14275,capped,1000.0,True,1000.0,8.0,50397,False,0.0,False,,0,0.0,,0.665,pass,0.784
14277,capped,1000.0,True,1000.0,13.0,84745,False,0.0,False,,0,0.0,,1.206,pass,1.594
14278,ok,6.0,False,6.0,11.0,1014,False,0.0,False,,0,0.0,,0.146,pass,0.158
14279,capped,1000.0,True,1000.0,9.0,104301,False,0.0,False,,0,0.0,,0.513,pass,0.823
14281,ok,100.0,False,100.0,9.0,11041,False,0.0,False,,0,0.0,100.0,1.891,pass,2.875
14284,capped,1000.0,True,1000.0,10.0,86282,False,0.0,False,,0,0.0,,0.19,pass,0.194
14291,capped,1000.0,True,1000.0,9.0,61683,False,0.0,False,,0,0.0,,2.328,pass,3.302
14293,ok,10.0,False,10.0,7.0,840,False,0.0,False,,0,0.0,10.0,0.601,pass,0.75
14294,ok,100.0,False,100.0,8.0,10352,False,0.0,False,,0,0.0,,0.557,pass,0.702
14297,ok,6.0,False,6.0,4.0,314,False,0.0,False,,0,1.0,,0.496,pass,0.611
14298,capped,1000.0,True,1000.0,11.0,45471,False,0.0,False,,0,0.0,,1.092,pass,1.36
14299,ok,100.0,False,100.0,8.0,8343,False,0.0,False,,0,0.0,100.0,1.189,pass,1.549
14300,ok,100.0,False,100.0,10.0,4451,False,0.0,False,,0,0.0,100.0,0.879,pass,0.94
14302,ok,10.0,False,10.0,8.0,733,False,0.0,False,,0,0.0,,1.11,pass,1.507
14303,ok,100.0,False,100.0,9.0,9456,False,0.0,False,,0,0.0,100.0,0.21,pass,0.226
14304,capped,1000.0,True,1000.0,12.0,86895,False,0.0,False,,0,0.0,,5.262,pass,7.849
14305,ok,1.0,False,1.0,7.0,244,False,0.0,False,,0,0.0,,0.326,pass,0.397
14307,capped,1000.0,True,1000.0,11.0,91867,False,0.0,False,,0,0.0,,0.952,pass,1.33
14308,ok,1.0,False,1.0,7.0,167,False,0.0,False,,0,0.0,,0.381,pass,0.512
14309,capped,1000.0,True,1000.0,11.0,44731,False,0.0,False,,0,0.0,,0.837,pass,1.088
14310,capped,1000.0,True,1000.0,11.0,32068,False,0.0,False,,0,1.0,,1.104,pass,1.425
14313,capped,1000.0,True,1000.0,16.0,99603,False,0.0,False,,0,0.0,,2.578,pass,3.83
14314,ok,19.0,False,19.0,7.0,823,False,0.0,False,,0,0.0,,0.774,pass,1.032
14316,ok,6.0,False,6.0,7.0,530,False,0.0,False,,0,0.0,,0.445,pass,0.557
14318,capped,1000.0,True,1000.0,9.0,33927,False,0.0,False,,0,0.0,,1.8,pass,2.467
14319,ok,537.0,False,537.0,10.0,46946,False,0.0,False,,0,0.0,,0.167,pass,0.173
14320,ok,100.0,False,100.0,11.0,9833,False,0.0,False,,0,0.0,100.0,0.209,pass,0.242
14321,capped,1000.0,True,1000.0,10.0,43662,False,0.0,False,,0,0.0,,1.377,pass,2.01
14323,capped,1000.0,True,1000.0,6.0,25703,False,0.0,False,,0,0.0,,1.621,pass,2.45
14326,ok,6.0,False,6.0,3.0,274,False,0.0,False,,0,1.0,,0.144,pass,0.125
14328,ok,10.0,False,10.0,8.0,630,False,0.0,False,,0,0.0,10.0,1.009,pass,1.452
14329,ok,100.0,False,100.0,11.0,6102,False,0.0,False,,0,0.0,100.0,1.437,pass,2.057
14331,capped,1000.0,True,1000.0,14.0,113802,False,0.0,False,,0,0.0,,0.989,pass,1.435
14332,ok,199.0,False,199.0,5.0,11449,False,0.0,False,,0,0.0,,0.187,pass,0.177
14333,ok,6.0,False,6.0,5.0,328,False,0.0,False,,0,1.0,,0.108,pass,0.185
14334,capped,89.0,True,89.0,10.0,64205,True,0.0,False,,0,0.0,100.0,1.536,pass,2.266
14336,capped,1000.0,True,1000.0,7.0,42897,False,0.0,False,,0,0.0,,0.295,pass,0.337
14337,capped,1000.0,True,1000.0,10.0,35426,False,0.0,False,,0,0.0,,1.829,pass,2.496
14340,ok,6.0,False,6.0,2.0,130,False,0.0,False,G104,6,9.0,,0.125,pass,0.104
14342,capped,1000.0,True,1000.0,5.0,34754,False,0.0,False,,0,1.0,,0.125,pass,0.19
14343,ok,100.0,False,100.0,10.0,11481,False,0.0,False,,0,0.0,100.0,0.19,pass,0.268
14344,ok,1.0,False,1.0,11.0,345,False,0.0,False,,0,0.0,,0.296,pass,0.339
14345,capped,1000.0,True,1000.0,8.0,45409,False,0.0,False,,0,0.0,,0.85,pass,1.258
14346,capped,1000.0,True,1000.0,10.0,65836,False,0.0,False,,0,0.0,,0.876,pass,1.046
14347,capped,1000.0,True,1000.0,9.0,34714,False,0.0,False,,0,0.0,,27.901,timeout 15 s,15.162
14348,ok,100.0,False,100.0,10.0,12601,False,0.0,False,,0,0.0,100.0,0.234,pass,0.222
14349,ok,100.0,False,100.0,7.0,10582,False,0.0,False,,0,0.0,,3.458,pass,3.587
14350,ok,6.0,False,6.0,4.0,318,False,0.0,False,G32,18,39.0,,0.131,pass,0.108
14351,ok,6.0,False,6.0,4.0,318,False,0.0,False,G32,18,39.0,,0.074,pass,0.107
14352,capped,1000.0,True,1000.0,7.0,26611,False,0.0,False,,0,1.0,,0.824,pass,1.281
14354,ok,100.0,False,100.0,12.0,9788,False,0.0,False,,0,0.0,100.0,0.291,pass,0.369
14355,capped,1000.0,True,1000.0,11.0,56572,False,0.0,False,,0,0.0,,1.057,pass,1.432
14356,ok,100.0,False,100.0,12.0,9241,False,0.0,False,,0,0.0,100.0,0.99,pass,1.478
14358,capped,1000.0,True,1000.0,11.0,88386,False,0.0,False,,0,0.0,,0.357,pass,0.415
14360,capped,1000.0,True,1000.0,9.0,69899,False,0.0,False,,0,0.0,,1.705,pass,2.236
14362,ok,100.0,False,100.0,8.0,11575,False,0.0,False,,0,0.0,,0.158,pass,0.147
14367,capped,1000.0,True,1000.0,6.0,46513,False,0.0,False,,0,0.0,,0.119,pass,0.189
14368,ok,10.0,False,10.0,11.0,1830,False,0.0,False,,0,0.0,10.0,0.391,pass,0.553
14369,capped,1000.0,True,1000.0,10.0,61850,False,0.0,False,,0,0.0,,1.17,pass,1.5
14370,ok,10.0,False,10.0,8.0,528,False,0.0,False,,0,0.0,,0.812,pass,1.06
14371,capped,1000.0,True,1000.0,10.0,46368,False,0.0,False,,0,0.0,,1.585,pass,2.204
14372,ok,1.0,False,1.0,14.0,378,False,0.0,False,,0,0.0,,0.36,pass,0.45
14374,ok,1.0,False,1.0,2.0,64,False,0.0,False,,0,0.0,,0.125,pass,0.079
14375,ok,6.0,False,6.0,4.0,308,False,0.0,False,,0,3.0,,0.262,pass,0.364
14376,ok,1.0,False,1.0,8.0,194,False,0.0,False,,0,0.0,,0.106,pass,0.165
14378,capped,1000.0,True,1000.0,11.0,132112,False,0.0,False,,0,0.0,,11.002,timeout 15 s,15.522
14379,ok,100.0,False,100.0,8.0,7606,False,0.0,False,,0,0.0,100.0,0.234,pass,0.25
14380,ok,10.0,False,10.0,5.0,876,False,0.0,False,,0,0.0,,0.197,pass,0.238
14381,capped,1000.0,True,1000.0,7.0,29576,False,0.0,False,,0,0.0,,13.808,timeout 15 s,15.069
14382,ok,6.0,False,6.0,4.0,300,False,0.0,False,G34,19,38.0,,0.131,pass,0.11
14386,ok,100.0,False,100.0,8.0,8552,False,0.0,False,,0,0.0,100.0,0.388,pass,0.595
14387,capped,1000.0,True,1000.0,9.0,112925,False,0.0,False,,0,0.0,,1.314,pass,2.124
14388,ok,6.0,False,6.0,6.0,378,False,0.0,False,,0,0.0,,0.89,pass,1.188
14389,capped,1000.0,True,1000.0,5.0,22673,False,0.0,False,,0,0.0,,0.568,pass,0.728
14391,ok,10.0,False,10.0,6.0,384,False,0.0,False,,0,0.0,,2.118,pass,3.011
14396,ok,4.0,False,4.0,8.0,388,False,0.0,False,,0,0.0,,0.636,pass,0.802
14397,capped,1000.0,True,1000.0,13.0,65635,False,0.0,False,,0,0.0,,1.189,pass,1.664
14398,ok,100.0,False,100.0,15.0,14190,False,0.0,False,,0,0.0,100.0,1.049,pass,1.343
14400,ok,100.0,False,100.0,9.0,7273,False,0.0,False,,0,0.0,100.0,7.054,pass,10.557
14401,ok,100.0,False,100.0,10.0,10743,False,0.0,False,,0,0.0,100.0,5.723,pass,8.331
14402,ok,10.0,False,10.0,9.0,899,False,0.0,False,,0,0.0,10.0,0.674,pass,0.811
14403,ok,6.0,False,6.0,4.0,316,False,0.0,False,,0,3.0,,0.415,pass,0.512
14405,ok,6.0,False,6.0,8.0,629,False,0.0,False,,0,0.0,,1.022,pass,1.407
14406,capped,1000.0,True,1000.0,11.0,79729,False,0.0,False,,0,0.0,,2.557,pass,3.797
14407,capped,1000.0,True,1000.0,14.0,64796,False,0.0,False,,0,0.0,,0.904,pass,1.252
14408,capped,1000.0,True,1000.0,11.0,80230,False,0.0,False,,0,0.0,,2.201,pass,3.368
14409,capped,1000.0,True,1000.0,11.0,93330,False,0.0,False,,0,0.0,,2.386,pass,5.661
14411,ok,100.0,False,100.0,7.0,13959,False,0.0,False,,0,0.0,100.0,0.152,pass,0.111
14412,ok,6.0,False,6.0,6.0,374,False,0.0,False,,0,1.0,,0.499,pass,0.708
14415,ok,30.0,False,30.0,5.0,2629,False,0.0,False,,0,0.0,,0.104,pass,0.147
14416,capped,1000.0,True,1000.0,5.0,22679,False,0.0,False,,0,0.0,,1.125,pass,1.67
14418,ok,6.0,False,6.0,8.0,449,False,0.0,False,,0,0.0,,1.852,pass,2.644
14420,ok,6.0,False,6.0,6.0,415,False,0.0,False,,0,0.0,,0.175,pass,0.16
14421,capped,1000.0,True,1000.0,9.0,36372,False,0.0,False,,0,0.0,,0.576,pass,0.799
14422,capped,1000.0,True,1000.0,9.0,50597,False,0.0,False,,0,0.0,,2.569,pass,4.206
14423,ok,1.0,False,1.0,7.0,209,False,0.0,False,,0,0.0,,0.149,pass,0.133
14425,capped,1000.0,True,1000.0,4.0,24691,False,0.0,False,G270,1,1.0,,0.449,pass,0.608
14426,ok,100.0,False,100.0,8.0,8390,False,0.0,False,,0,0.0,,1.091,pass,1.634
14428,capped,1000.0,True,1000.0,12.0,54955,False,0.0,False,,0,0.0,,1.938,pass,2.991
14429,ok,8.0,False,8.0,4.0,236,False,0.0,False,,0,0.0,,2.684,pass,3.895
14432,capped,1000.0,True,1000.0,10.0,55576,False,0.0,False,,0,0.0,,1.126,pass,1.37
14438,ok,10.0,False,10.0,6.0,583,False,0.0,False,,0,0.0,10.0,0.612,pass,0.685
14441,ok,6.0,False,6.0,4.0,318,False,0.0,False,G32,18,39.0,,0.133,pass,0.107
14443,ok,10.0,False,10.0,6.0,643,False,0.0,False,,0,0.0,10.0,0.495,pass,0.629
14449,ok,6.0,False,6.0,3.0,274,False,0.0,False,G72,8,17.0,,0.127,pass,0.107
14451,ok,100.0,False,100.0,13.0,7871,False,0.0,False,,0,0.0,100.0,6.231,pass,7.722
14454,ok,6.0,False,6.0,5.0,333,False,0.0,False,,0,0.0,,0.842,pass,1.147
14455,ok,6.0,False,6.0,5.0,347,False,0.0,False,,0,4.0,,0.277,pass,0.339
14458,ok,6.0,False,6.0,7.0,532,False,0.0,False,,0,0.0,,0.475,pass,0.618
14460,ok,6.0,False,6.0,5.0,366,False,0.0,False,,0,0.0,,0.144,pass,0.124
14462,capped,1000.0,True,1000.0,9.0,83382,False,0.0,False,,0,0.0,,0.936,pass,1.461
14464,ok,100.0,False,100.0,8.0,8400,False,0.0,False,,0,0.0,100.0,0.949,pass,1.428
14465,ok,100.0,False,100.0,8.0,11101,False,0.0,False,,0,0.0,100.0,0.844,pass,1.006
14466,ok,100.0,False,100.0,13.0,14314,False,0.0,False,,0,0.0,100.0,2.673,pass,3.76
14468,ok,100.0,False,100.0,6.0,6263,False,0.0,False,,0,0.0,,0.242,pass,0.258
14469,capped,1000.0,True,1000.0,12.0,63610,False,0.0,False,,0,0.0,,0.951,pass,1.185
14471,capped,1000.0,True,1000.0,7.0,34488,False,0.0,False,,0,0.0,,0.656,pass,1.025
14472,ok,6.0,False,6.0,3.0,274,False,0.0,False,G72,8,17.0,,0.128,pass,0.106
14473,capped,1000.0,True,1000.0,13.0,72089,False,0.0,False,,0,0.0,,0.244,pass,0.352
14475,ok,10.0,False,10.0,9.0,735,False,0.0,False,,0,0.0,,0.206,pass,0.248
14476,ok,550.0,False,550.0,7.0,15213,False,0.0,False,,0,0.0,,0.211,pass,0.222
14477,ok,6.0,False,6.0,4.0,250,False,0.0,False,,0,0.0,,0.344,pass,0.415
14478,ok,100.0,False,100.0,9.0,11290,False,0.0,False,,0,0.0,100.0,5.63,pass,5.86
14479,ok,1.0,False,1.0,6.0,159,False,0.0,False,,0,0.0,,1.211,pass,1.716
14481,capped,1000.0,True,1000.0,8.0,71387,False,0.0,False,,0,0.0,,1.932,pass,2.898
14482,ok,100.0,False,100.0,16.0,15034,False,0.0,False,,0,0.0,100.0,0.14,pass,0.128
14483,capped,1000.0,True,1000.0,12.0,99408,False,39.0,False,,0,0.0,10.0,1.633,pass,2.343
14485,capped,1000.0,True,1000.0,15.0,92768,False,0.0,False,,0,0.0,,1.638,pass,2.452
14486,ok,100.0,False,100.0,5.0,4741,False,0.0,False,,0,0.0,100.0,0.93,pass,1.22
14489,ok,100.0,False,100.0,9.0,11396,False,0.0,False,,0,0.0,100.0,0.19,pass,0.276
14492,ok,100.0,False,100.0,8.0,6624,False,0.0,False,,0,0.0,,0.961,pass,1.27
14493,ok,100.0,False,100.0,10.0,13165,False,0.0,False,,0,0.0,100.0,3.963,pass,5.552
14496,capped,1000.0,True,1000.0,8.0,28708,False,0.0,False,G86,2,10.0,,0.622,pass,0.873
14503,ok,100.0,False,100.0,6.0,10546,False,0.0,False,,0,0.0,100.0,0.364,pass,0.429
14504,capped,1000.0,True,1000.0,5.0,56816,False,0.0,False,,0,1.0,,0.626,pass,0.72
14505,ok,54.0,False,54.0,8.0,3334,False,0.0,False,,0,0.0,,0.534,pass,0.655
14506,capped,1000.0,True,1000.0,8.0,69719,False,0.0,False,,0,0.0,,1.767,pass,2.616
14507,capped,1000.0,True,1000.0,16.0,36587,False,0.0,False,,0,0.0,,1.873,pass,2.772
14508,ok,10.0,False,10.0,5.0,347,False,0.0,False,,0,0.0,,0.592,pass,0.701
14509,capped,1000.0,True,1000.0,15.0,82425,False,0.0,False,,0,0.0,,2.79,pass,4.317
14510,ok,100.0,False,100.0,12.0,10973,False,0.0,False,,0,0.0,100.0,2.303,pass,3.337
14511,ok,4.0,False,4.0,8.0,322,False,0.0,False,,0,0.0,,0.191,pass,0.2
14512,capped,1000.0,True,1000.0,5.0,39393,False,0.0,False,,0,0.0,,0.667,pass,0.876
14513,capped,1000.0,True,1000.0,11.0,78485,False,0.0,False,,0,0.0,,0.945,pass,1.157
14514,capped,1000.0,True,1000.0,5.0,34749,False,0.0,False,,0,1.0,,0.166,pass,0.194
14515,capped,1000.0,True,1000.0,16.0,96376,False,0.0,False,,0,0.0,,19.905,timeout 15 s,15.073
14517,capped,1000.0,True,1000.0,7.0,53869,False,0.0,False,,0,0.0,,18.248,timeout 15 s,15.28
14519,capped,1000.0,True,1000.0,15.0,73107,False,0.0,False,,0,0.0,,1.895,pass,2.785
14520,ok,100.0,False,100.0,12.0,12199,False,0.0,False,,0,0.0,100.0,1.525,pass,2.102
14521,capped,1000.0,True,1000.0,8.0,29318,False,0.0,False,,0,0.0,,0.697,pass,1.036
14523,capped,1000.0,True,1000.0,6.0,47830,False,0.0,False,,0,0.0,,2.159,pass,3.252
14524,ok,1.0,False,1.0,1.0,26,False,0.0,False,G198,2,2.0,,0.113,pass,0.073
14525,ok,100.0,False,100.0,10.0,8089,False,0.0,False,,0,0.0,,0.441,pass,0.636
14526,capped,1000.0,True,1000.0,9.0,99339,False,0.0,False,,0,0.0,1000.0,0.983,pass,1.434
14527,ok,100.0,False,100.0,10.0,12004,False,0.0,False,,0,0.0,100.0,0.998,pass,1.276
14528,ok,100.0,False,100.0,9.0,8032,False,0.0,False,,0,1.0,100.0,0.878,pass,1.036
14529,capped,1000.0,True,1000.0,12.0,89488,False,0.0,False,,0,0.0,,0.55,pass,0.713
14530,ok,100.0,False,100.0,11.0,13923,False,0.0,False,,0,0.0,100.0,1.473,pass,2.034
14531,ok,100.0,False,100.0,9.0,4820,False,0.0,False,,0,0.0,100.0,2.469,pass,3.396
14532,ok,6.0,False,6.0,4.0,322,False,0.0,False,G287,1,9.0,,0.13,pass,0.109
14533,ok,6.0,False,6.0,4.0,310,False,0.0,False,,0,1.0,,0.075,pass,0.107
14535,ok,6.0,False,6.0,7.0,615,False,0.0,False,,0,0.0,,0.08,pass,0.115
14536,ok,10.0,False,10.0,7.0,654,False,0.0,False,,0,0.0,10.0,0.526,pass,0.644
14540,ok,192.0,False,192.0,6.0,7997,False,0.0,False,,0,0.0,,0.383,pass,0.478
14543,ok,0.0,False,0.0,8.0,122,False,0.0,False,,0,,,0.127,pass,0.1
14545,capped,1000.0,True,1000.0,7.0,49835,False,0.0,False,,0,0.0,,0.58,pass,0.739
14546,capped,1000.0,True,1000.0,11.0,81662,False,0.0,False,,0,0.0,,1.432,pass,1.887
14547,ok,60.0,False,60.0,7.0,5153,False,0.0,False,,0,0.0,10.0,0.526,pass,0.628
14548,ok,6.0,False,6.0,4.0,299,False,0.0,False,,0,38.0,,0.129,pass,0.107
14550,ok,10.0,False,10.0,8.0,686,False,0.0,False,,0,1.0,,0.634,pass,0.79
14551,ok,100.0,False,100.0,10.0,9296,False,0.0,False,,0,0.0,100.0,0.207,pass,0.225
14552,ok,10.0,False,10.0,8.0,585,False,0.0,False,,0,0.0,10.0,2.49,pass,3.464
14554,capped,1000.0,True,1000.0,8.0,28616,False,0.0,False,,0,1.0,,2.67,pass,4.047
14555,ok,4.0,False,4.0,5.0,249,False,0.0,False,,0,0.0,,0.123,pass,0.097
14556,ok,10.0,False,10.0,7.0,569,False,0.0,False,,0,0.0,,25.667,timeout 15 s,15.061
14558,ok,10.0,False,10.0,4.0,477,False,0.0,False,,0,0.0,,0.755,pass,0.862
14560,ok,6.0,False,6.0,7.0,534,False,0.0,False,,0,0.0,,0.44,pass,0.542
14561,ok,6.0,False,6.0,7.0,311,False,0.0,False,,0,0.0,,1.074,pass,1.445
14563,capped,1000.0,True,1000.0,8.0,36632,False,0.0,False,,0,0.0,,1.317,pass,1.796
14567,capped,1000.0,True,1000.0,6.0,65370,False,0.0,False,,0,0.0,,3.702,pass,7.496
14568,ok,6.0,False,6.0,4.0,300,False,0.0,False,G34,19,38.0,,0.13,pass,0.107
14569,ok,1.0,False,1.0,8.0,212,False,0.0,False,,0,0.0,,0.158,pass,0.239
14571,capped,1000.0,True,1000.0,11.0,78855,False,0.0,False,,0,0.0,,1.264,pass,1.702
14576,capped,1000.0,True,1000.0,12.0,67038,False,0.0,False,,0,0.0,,1.229,pass,1.725
14579,ok,100.0,False,100.0,8.0,6596,False,0.0,False,,0,0.0,100.0,0.416,pass,0.531
14580,ok,6.0,False,6.0,4.0,300,False,0.0,False,G34,19,38.0,,0.102,pass,0.108
14581,capped,1000.0,True,1000.0,7.0,49747,False,0.0,False,,0,0.0,,1.178,pass,1.662
14582,capped,1000.0,True,1000.0,8.0,75098,False,0.0,False,,0,0.0,,0.92,pass,1.37
14583,capped,1000.0,True,1000.0,7.0,52457,False,0.0,False,,0,0.0,,1.89,pass,2.484
14588,ok,100.0,False,100.0,12.0,13529,False,0.0,False,,0,0.0,100.0,0.835,pass,1.131
14590,ok,100.0,False,100.0,10.0,11408,False,0.0,False,,0,0.0,100.0,10.803,timeout 15 s,15.654
14591,ok,6.0,False,6.0,5.0,337,False,0.0,False,,0,3.0,,0.077,pass,0.109
14595,ok,100.0,False,100.0,6.0,2461,False,0.0,False,,0,0.0,100.0,0.608,pass,0.726
14596,ok,6.0,False,6.0,9.0,476,False,0.0,False,,0,0.0,,3.083,pass,4.536
14597,ok,6.0,False,6.0,2.0,69,False,0.0,False,,0,0.0,,0.068,pass,0.092
14598,ok,6.0,False,6.0,4.0,311,False,0.0,False,G122,0,5.0,,0.169,pass,0.242
14599,ok,100.0,False,100.0,16.0,11886,False,0.0,False,,0,0.0,100.0,0.196,pass,0.282
14600,ok,6.0,False,6.0,4.0,318,False,0.0,False,,0,9.0,,0.077,pass,0.107
14603,ok,1.0,False,1.0,10.0,251,False,0.0,False,,0,0.0,,0.39,pass,0.605
14604,ok,0.0,False,0.0,11.0,131,False,0.0,False,,0,,,0.7,pass,1.109
14605,capped,1000.0,True,1000.0,9.0,40450,False,0.0,False,,0,0.0,,1.697,pass,2.627
14606,ok,6.0,False,6.0,4.0,330,False,0.0,False,,0,0.0,,0.379,pass,0.487
14608,ok,10.0,False,10.0,8.0,686,False,0.0,False,,0,0.0,,1.437,pass,2.15
14609,ok,1.0,False,1.0,10.0,264,False,0.0,False,,0,0.0,,1.678,pass,2.476
14611,ok,8.0,False,8.0,8.0,598,False,0.0,False,,0,0.0,,1.344,pass,1.858
14612,ok,100.0,False,51.0,8.0,3151,True,0.0,False,,0,0.0,100.0,0.879,pass,1.164
14613,ok,100.0,False,100.0,12.0,4734,False,0.0,False,,0,0.0,100.0,0.758,pass,0.893
14616,capped,1000.0,True,1000.0,8.0,61918,False,32.0,False,,0,0.0,,24.335,timeout 15 s,15.236
14619,ok,4.0,False,4.0,5.0,257,False,0.0,False,,0,0.0,,0.125,pass,0.091
14620,capped,1000.0,True,1000.0,16.0,86452,False,0.0,False,,0,0.0,,0.929,pass,1.344
14622,ok,10.0,False,10.0,13.0,1372,False,0.0,False,,0,0.0,,0.677,pass,0.801
14623,ok,10.0,False,10.0,7.0,524,False,0.0,False,,0,0.0,,0.657,pass,0.907
14624,capped,1000.0,True,1000.0,18.0,97091,False,0.0,False,,0,0.0,,23.876,timeout 15 s,15.194
14627,ok,6.0,False,6.0,4.0,317,False,0.0,False,G68,8,39.0,,0.138,pass,0.107
14628,capped,1000.0,True,1000.0,7.0,31511,False,0.0,False,,0,0.0,,1.156,pass,1.675
14629,capped,1000.0,True,1000.0,12.0,56043,False,0.0,False,,0,0.0,,15.562,timeout 15 s,15.235
14632,capped,1000.0,True,1000.0,5.0,43078,False,0.0,False,,0,0.0,,0.745,pass,0.984
14633,ok,100.0,False,100.0,12.0,9211,False,0.0,False,,0,0.0,100.0,0.779,pass,1.08
14634,capped,1000.0,True,1000.0,9.0,68392,False,0.0,False,,0,0.0,,1.54,pass,2.218
14635,ok,100.0,False,100.0,9.0,8592,False,0.0,False,,0,0.0,100.0,0.847,pass,0.952
14638,capped,1000.0,True,1000.0,15.0,107992,False,0.0,False,,0,0.0,,0.449,pass,0.496
14639,capped,1000.0,True,1000.0,9.0,72398,False,0.0,False,,0,0.0,,0.14,pass,0.102
14641,ok,6.0,False,6.0,4.0,318,False,0.0,False,G32,18,39.0,,0.076,pass,0.108
14642,capped,1000.0,True,1000.0,9.0,40758,False,0.0,False,,0,0.0,,1.403,pass,2.051
14644,capped,1000.0,True,1000.0,11.0,34656,False,0.0,False,,0,0.0,,0.981,pass,1.331
14645,capped,1000.0,True,1000.0,9.0,65796,False,0.0,False,,0,0.0,,6.314,pass,9.508
14648,capped,1000.0,True,1000.0,9.0,31626,False,0.0,False,,0,0.0,,0.371,pass,0.464
14649,capped,1000.0,True,1000.0,11.0,115094,False,0.0,False,,0,0.0,,0.303,pass,0.315
14651,capped,1000.0,True,1000.0,9.0,30033,False,0.0,False,,0,1.0,,0.89,pass,1.151
14652,ok,537.0,False,537.0,10.0,51749,False,0.0,False,,0,0.0,,0.171,pass,0.171
14653,ok,100.0,False,100.0,10.0,7567,False,0.0,False,,0,0.0,100.0,0.95,pass,1.286
14655,ok,0.0,False,0.0,8.0,86,False,0.0,False,,0,,,0.157,pass,0.092
14660,capped,1000.0,True,1000.0,8.0,28450,False,0.0,False,,0,0.0,,1.28,pass,1.541
14661,capped,1000.0,True,1000.0,12.0,91835,False,0.0,False,,0,0.0,,0.395,pass,0.504
14662,capped,1000.0,True,1000.0,14.0,90668,False,0.0,False,,0,0.0,,1.984,pass,2.849
14665,ok,6.0,False,6.0,5.0,463,False,0.0,False,,0,0.0,,0.132,pass,0.113
14668,ok,100.0,False,100.0,8.0,7424,False,0.0,False,,0,0.0,,1.051,pass,1.499
14670,ok,100.0,False,100.0,7.0,4075,False,0.0,False,,0,0.0,100.0,2.418,pass,3.451
14671,capped,1000.0,True,1000.0,10.0,38991,False,0.0,False,,0,0.0,,1.059,pass,1.316
14673,capped,1000.0,True,1000.0,7.0,72728,False,0.0,False,,0,0.0,,1.804,pass,2.973
14674,ok,10.0,False,10.0,8.0,855,False,0.0,False,,0,0.0,10.0,0.653,pass,0.811
14676,ok,6.0,False,6.0,9.0,482,False,0.0,False,,0,0.0,,0.194,pass,0.235
14682,capped,1000.0,True,1000.0,9.0,60648,False,0.0,False,,0,0.0,,0.792,pass,1.007
14685,ok,10.0,False,10.0,8.0,542,False,0.0,False,,0,0.0,,0.614,pass,0.704
14687,capped,1000.0,True,1000.0,9.0,73822,False,0.0,False,,0,0.0,,0.209,pass,0.228
14689,ok,100.0,False,100.0,11.0,9413,False,0.0,False,,0,0.0,100.0,3.157,pass,4.967
14692,capped,1000.0,True,1000.0,9.0,34896,False,0.0,False,,0,0.0,,16.962,timeout 15 s,15.248
14693,ok,100.0,False,100.0,9.0,4935,False,0.0,False,,0,0.0,100.0,2.231,pass,3.229
14694,ok,100.0,False,100.0,9.0,8113,False,0.0,False,,0,0.0,100.0,1.433,pass,2.1
14696,ok,10.0,False,10.0,5.0,391,False,0.0,False,G161,0,3.0,,0.611,pass,0.71
14700,ok,100.0,False,100.0,12.0,6912,False,0.0,False,,0,0.0,100.0,0.919,pass,1.161
14703,ok,10.0,False,10.0,8.0,912,False,0.0,False,,0,0.0,,0.675,pass,0.784
14708,ok,100.0,False,100.0,8.0,8414,False,0.0,False,,0,0.0,100.0,0.984,pass,1.452
14709,ok,6.0,False,6.0,5.0,347,False,0.0,False,G269,0,2.0,,0.289,pass,0.338
14710,capped,1000.0,True,1000.0,6.0,20920,False,26.0,False,,0,0.0,,0.773,pass,0.936
14713,capped,1000.0,True,1000.0,16.0,66914,False,0.0,False,,0,0.0,,2.103,pass,3.129
14715,ok,100.0,False,100.0,11.0,9436,False,0.0,False,,0,0.0,100.0,0.267,pass,0.354
14717,ok,1.0,False,1.0,4.0,122,False,0.0,False,,0,0.0,,0.256,pass,0.26
14719,ok,0.0,False,0.0,14.0,157,False,0.0,False,,0,,,0.615,pass,0.645
14720,capped,1000.0,True,1000.0,11.0,106108,False,0.0,False,,0,0.0,,0.129,pass,0.098
14722,capped,1000.0,True,1000.0,11.0,65679,False,0.0,False,,0,0.0,,2.442,pass,4.128
14723,ok,100.0,False,100.0,9.0,12561,False,0.0,False,,0,0.0,,0.669,pass,0.784
14726,ok,13.0,False,13.0,10.0,968,False,0.0,False,,0,0.0,,0.929,pass,1.201
14727,ok,0.0,False,0.0,9.0,93,False,0.0,False,,0,,,1.209,pass,1.611
14728,ok,0.0,False,0.0,5.0,54,False,0.0,False,,0,,10.0,0.237,pass,0.264
14729,capped,1000.0,True,1000.0,13.0,99262,False,0.0,False,,0,0.0,,2.468,pass,3.707
14730,ok,6.0,False,6.0,6.0,479,False,0.0,False,,0,0.0,,0.3,pass,0.346
14731,capped,1000.0,True,1000.0,6.0,47177,False,0.0,False,,0,0.0,,0.848,pass,1.023
14732,capped,1000.0,True,1000.0,8.0,82150,False,0.0,False,,0,0.0,,2.13,pass,3.149
14735,capped,1000.0,True,1000.0,12.0,58889,False,0.0,False,,0,0.0,,4.031,pass,5.41
14739,capped,1000.0,True,1000.0,7.0,38644,False,0.0,False,,0,0.0,,13.4,timeout 15 s,15.196
14740,capped,1000.0,True,1000.0,6.0,67334,False,0.0,False,,0,0.0,,0.424,pass,0.514
14741,ok,853.0,False,853.0,10.0,98823,False,0.0,False,,0,0.0,,1.437,pass,1.968
14743,ok,6.0,False,6.0,4.0,310,False,0.0,False,G197,2,39.0,,0.079,pass,0.109
14747,ok,84.0,False,84.0,11.0,8405,False,0.0,False,,0,0.0,,0.132,pass,0.234
14751,ok,100.0,False,100.0,12.0,5453,False,0.0,False,,0,0.0,100.0,0.843,pass,1.031
14752,ok,100.0,False,100.0,8.0,10221,False,0.0,False,,0,0.0,100.0,0.662,pass,0.828
14753,ok,6.0,False,6.0,4.0,222,False,0.0,False,,0,0.0,,0.843,pass,1.186
14757,ok,10.0,False,10.0,9.0,784,False,0.0,False,,0,0.0,10.0,1.225,pass,1.663
14758,capped,1000.0,True,1000.0,11.0,70297,False,0.0,False,,0,0.0,,0.408,pass,0.453
14759,ok,10.0,False,10.0,11.0,711,False,0.0,False,,0,0.0,10.0,0.821,pass,1.035
14760,capped,1000.0,True,1000.0,9.0,21573,False,0.0,False,,0,0.0,,0.858,pass,1.114
14762,ok,100.0,False,100.0,10.0,7370,False,0.0,False,,0,0.0,100.0,0.236,pass,0.256
14763,ok,10.0,False,10.0,4.0,494,False,0.0,False,,0,0.0,10.0,0.621,pass,0.653
14766,ok,100.0,False,100.0,13.0,8543,False,0.0,False,,0,0.0,100.0,1.518,pass,2.144
14769,ok,100.0,False,100.0,9.0,11758,False,0.0,False,,0,0.0,100.0,0.86,pass,1.083
14770,capped,1000.0,True,1000.0,15.0,108207,False,0.0,False,,0,0.0,,5.913,pass,8.65
14771,capped,1000.0,True,1000.0,15.0,128765,False,0.0,False,,0,0.0,,3.001,pass,4.398
14772,capped,1000.0,True,1000.0,6.0,21515,False,0.0,False,,0,0.0,,1.714,pass,2.219
14775,ok,10.0,False,10.0,8.0,538,False,0.0,False,,0,1.0,,1.358,pass,1.908
14776,ok,100.0,False,100.0,11.0,6267,False,0.0,False,,0,0.0,100.0,0.383,pass,0.404
14777,capped,1000.0,True,1000.0,10.0,56529,False,0.0,False,,0,0.0,,0.562,pass,0.719
14779,capped,1000.0,True,1000.0,12.0,66434,False,0.0,False,,0,0.0,,1.968,pass,2.786
14780,capped,1000.0,True,1000.0,10.0,68336,False,0.0,False,,0,0.0,,0.298,pass,0.368
14781,capped,1000.0,True,1000.0,12.0,39000,False,0.0,False,,0,0.0,,1.825,pass,2.518
14782,ok,100.0,False,100.0,8.0,7790,False,0.0,False,,0,0.0,100.0,1.5,pass,2.161
14784,capped,1000.0,True,1000.0,5.0,23985,False,0.0,False,,0,0.0,,0.574,pass,0.763
14785,ok,100.0,False,100.0,13.0,10043,False,0.0,False,,0,0.0,100.0,0.186,pass,0.236
14787,ok,4.0,False,4.0,4.0,282,False,0.0,False,,0,0.0,,0.132,pass,0.097
14788,capped,1000.0,True,1000.0,12.0,36770,False,0.0,False,,0,0.0,,0.868,pass,1.194
14790,ok,0.0,False,0.0,12.0,130,False,0.0,False,,0,,100.0,0.361,pass,0.441
14792,ok,100.0,False,100.0,9.0,11574,False,0.0,False,,0,0.0,100.0,2.323,pass,3.799
14793,ok,8.0,False,8.0,12.0,816,False,0.0,False,,0,0.0,,0.366,pass,0.427
14794,ok,38.0,False,38.0,6.0,3931,False,0.0,False,,0,0.0,,0.159,pass,0.143
14795,capped,1000.0,True,1000.0,12.0,66128,False,0.0,False,,0,0.0,,1.005,pass,1.363
14799,ok,100.0,False,100.0,10.0,4165,False,0.0,False,,0,0.0,100.0,1.122,pass,1.49
14802,capped,1000.0,True,1000.0,8.0,45713,False,0.0,False,,0,0.0,10.0,0.509,pass,0.57
14804,capped,1000.0,True,1000.0,6.0,49306,False,0.0,False,,0,0.0,,0.654,pass,0.737
14805,ok,100.0,False,100.0,13.0,9977,False,0.0,False,,0,0.0,100.0,0.753,pass,1.038
14807,ok,1.0,False,1.0,7.0,156,False,0.0,False,,0,0.0,,0.194,pass,0.178
14808,ok,100.0,False,100.0,10.0,12006,False,0.0,False,,0,0.0,100.0,0.847,pass,1.136
14809,ok,100.0,False,100.0,11.0,6382,False,0.0,False,,0,0.0,100.0,0.885,pass,1.056
14810,capped,1000.0,True,1000.0,11.0,70493,False,0.0,False,,0,0.0,,1.496,pass,2.158
14814,capped,1000.0,True,1000.0,7.0,16520,False,0.0,False,,0,0.0,,15.429,timeout 15 s,15.322
14815,ok,8.0,False,8.0,5.0,374,False,0.0,False,,0,0.0,100.0,0.492,pass,0.698
14816,ok,100.0,False,100.0,10.0,8459,False,0.0,False,,0,0.0,100.0,1.942,pass,2.62
14817,ok,6.0,False,6.0,10.0,744,False,0.0,False,,0,0.0,,0.54,pass,0.694
14819,capped,1000.0,True,1000.0,10.0,65821,False,0.0,False,,0,0.0,,6.47,pass,9.796
14821,ok,1.0,False,1.0,3.0,83,False,0.0,False,,0,0.0,,0.348,pass,0.421
14822,capped,1000.0,True,1000.0,12.0,59268,False,0.0,False,,0,0.0,,0.187,pass,0.22
14823,ok,10.0,False,10.0,10.0,692,False,0.0,False,,0,0.0,,2.428,pass,3.438
14826,ok,6.0,False,6.0,4.0,317,False,0.0,False,G68,8,39.0,,0.13,pass,0.107
14827,capped,1000.0,True,1000.0,13.0,67211,False,0.0,False,,0,0.0,,0.914,pass,1.247
14828,ok,0.0,False,0.0,13.0,156,False,0.0,False,,0,,,0.763,pass,0.961
14829,capped,1000.0,True,1000.0,10.0,81526,False,0.0,False,,0,0.0,,0.689,pass,0.86
14830,ok,100.0,False,100.0,8.0,11621,False,0.0,False,,0,0.0,100.0,0.758,pass,1.063
14834,ok,100.0,False,100.0,12.0,5466,False,0.0,False,,0,0.0,100.0,1.59,pass,2.175
14835,ok,100.0,False,100.0,10.0,5951,False,0.0,False,,0,0.0,100.0,1.442,pass,1.842
14836,ok,4.0,False,4.0,6.0,248,False,0.0,False,,0,0.0,,0.116,pass,0.088
14838,ok,0.0,False,0.0,14.0,160,False,0.0,False,,0,,,23.969,timeout 15 s,15.2
14841,ok,100.0,False,100.0,9.0,7342,False,0.0,False,,0,0.0,100.0,0.822,pass,1.146
14842,capped,1000.0,True,1000.0,7.0,21939,False,26.0,False,,0,0.0,,0.766,pass,0.951
14843,ok,4.0,False,4.0,4.0,214,False,0.0,False,,0,0.0,,0.178,pass,0.176
14844,ok,100.0,False,100.0,13.0,9903,False,0.0,False,,0,0.0,100.0,0.927,pass,1.437
14845,capped,1000.0,True,1000.0,5.0,20644,False,0.0,False,,0,0.0,,2.258,pass,3.263
14848,capped,1000.0,True,1000.0,7.0,26192,False,0.0,False,,0,0.0,,0.912,pass,1.229
14849,ok,6.0,False,6.0,4.0,314,False,0.0,False,G282,1,9.0,,0.143,pass,0.107
14850,ok,10.0,False,10.0,8.0,760,False,0.0,False,,0,0.0,10.0,1.431,pass,1.836
14851,ok,10.0,False,10.0,10.0,857,False,0.0,False,,0,0.0,,1.122,pass,1.406
14852,capped,1000.0,True,1000.0,4.0,39627,False,0.0,False,,0,1.0,,0.569,pass,0.668
14853,capped,1000.0,True,1000.0,7.0,104947,False,0.0,False,,0,0.0,,4.311,pass,7.83
14854,ok,1.0,False,1.0,5.0,113,False,0.0,False,,0,0.0,,0.94,pass,1.471
14855,ok,6.0,False,6.0,5.0,359,False,0.0,False,,0,0.0,,0.541,pass,0.66
14856,capped,1000.0,True,1000.0,10.0,45999,False,0.0,False,,0,0.0,,1.792,pass,2.616
14857,capped,1000.0,True,1000.0,12.0,63807,False,0.0,False,,0,0.0,1.0,2.036,pass,2.745
14858,ok,8.0,False,8.0,8.0,628,False,0.0,False,,0,0.0,,0.926,pass,1.392
14860,ok,4.0,False,4.0,7.0,198,False,0.0,False,,0,0.0,,0.2,pass,0.21
14861,capped,1000.0,True,1000.0,15.0,143502,False,0.0,False,,0,0.0,,0.197,pass,0.172
14864,ok,100.0,False,100.0,11.0,5212,False,0.0,False,,0,0.0,,1.246,pass,1.494
14865,ok,10.0,False,10.0,5.0,407,False,0.0,False,G276,0,1.0,10.0,0.537,pass,0.634
14867,capped,1000.0,True,1000.0,12.0,100181,False,0.0,False,,0,0.0,,1.599,pass,2.169
14871,ok,100.0,False,100.0,10.0,12043,False,0.0,False,,0,0.0,,1.894,pass,2.753
14872,ok,10.0,False,10.0,4.0,383,False,0.0,False,,0,0.0,10.0,0.319,pass,0.323
14873,capped,1000.0,True,1000.0,10.0,136905,False,0.0,False,,0,0.0,,0.165,pass,0.177
14874,capped,1000.0,True,1000.0,9.0,62524,False,0.0,False,,0,0.0,,0.094,pass,0.129
14875,capped,1000.0,True,1000.0,9.0,118366,False,0.0,False,,0,0.0,,1.714,pass,2.594
14876,ok,10.0,False,10.0,9.0,743,False,0.0,False,,0,0.0,10.0,1.217,pass,1.524
14878,ok,6.0,False,6.0,5.0,464,False,0.0,False,,0,2.0,,0.08,pass,0.109
14879,ok,1.0,False,1.0,3.0,83,False,0.0,False,,0,0.0,,0.077,pass,0.107
14880,ok,0.0,False,0.0,12.0,152,False,0.0,False,,0,,,1.477,pass,1.932
14885,ok,537.0,False,537.0,9.0,51329,False,0.0,False,,0,0.0,,0.213,pass,0.162
14888,ok,100.0,False,100.0,11.0,12199,False,0.0,False,,0,0.0,100.0,0.636,pass,0.812
14889,ok,1.0,False,1.0,1.0,21,False,0.0,False,,0,2.0,,0.111,pass,0.072
14890,ok,6.0,False,6.0,13.0,754,False,0.0,False,,0,0.0,,0.299,pass,0.444
14891,capped,1000.0,True,1000.0,10.0,80039,False,0.0,False,,0,0.0,,7.44,pass,11.403
14892,capped,1000.0,True,1000.0,12.0,47627,False,0.0,False,,0,0.0,,1.692,pass,2.404
14893,ok,1.0,False,1.0,3.0,83,False,0.0,False,,0,0.0,,0.304,pass,0.38
14894,capped,1000.0,True,1000.0,11.0,75661,False,0.0,False,,0,0.0,,0.873,pass,1.115
14895,capped,1000.0,True,1000.0,13.0,95584,False,0.0,False,,0,0.0,,3.33,pass,4.803
14897,ok,6.0,False,6.0,3.0,274,False,0.0,False,G72,8,17.0,,0.126,pass,0.106
14898,capped,1000.0,True,1000.0,10.0,72174,False,0.0,False,,0,0.0,,5.676,pass,8.707
14901,capped,1000.0,True,1000.0,15.0,53768,False,0.0,False,,0,0.0,,0.186,pass,0.234
14903,ok,1.0,False,1.0,9.0,193,False,0.0,False,,0,0.0,,0.313,pass,0.488
14904,capped,1000.0,True,1000.0,10.0,33144,False,15.0,False,,0,0.0,1.0,0.729,pass,0.903
14905,capped,1000.0,True,1000.0,10.0,79171,False,0.0,False,,0,0.0,,2.008,pass,3.217
14906,capped,1000.0,True,1000.0,11.0,60830,False,0.0,False,,0,0.0,,0.553,pass,0.799
14907,capped,1000.0,True,1000.0,9.0,85235,False,0.0,False,,0,0.0,,3.32,pass,5.158
14908,ok,100.0,False,100.0,7.0,5289,False,0.0,False,,0,0.0,100.0,1.022,pass,1.347
14910,ok,10.0,False,10.0,4.0,317,False,0.0,False,G163,0,4.0,,0.585,pass,0.701
14912,ok,10.0,False,10.0,8.0,887,False,0.0,False,,0,0.0,10.0,0.721,pass,0.873
14913,ok,6.0,False,6.0,7.0,556,False,0.0,False,,0,0.0,,1.336,pass,1.853
14915,ok,6.0,False,6.0,4.0,310,False,0.0,False,,0,0.0,,0.41,pass,0.494
14916,capped,1000.0,True,1000.0,13.0,36696,False,0.0,False,,0,0.0,,1.084,pass,1.401
14917,capped,1000.0,True,1000.0,8.0,74442,False,0.0,False,,0,0.0,,2.452,pass,4.103
14919,ok,10.0,False,10.0,6.0,369,False,0.0,False,,0,0.0,,2.094,pass,3.018
14920,ok,6.0,False,6.0,6.0,367,False,0.0,False,,0,0.0,,0.505,pass,0.629
14922,ok,84.0,False,84.0,16.0,16539,False,0.0,False,,0,0.0,,0.293,pass,0.273
14924,ok,10.0,False,10.0,9.0,793,False,0.0,False,,0,0.0,10.0,0.64,pass,0.697
14925,ok,20.0,False,20.0,10.0,1795,False,0.0,False,,0,0.0,,1.397,pass,1.898
14926,ok,10.0,False,10.0,4.0,342,False,0.0,False,G194,0,3.0,10.0,0.477,pass,0.532
14927,capped,1000.0,True,1000.0,8.0,95898,False,0.0,False,,0,0.0,,0.322,pass,0.363
14928,capped,1000.0,True,1000.0,10.0,70280,False,0.0,False,,0,0.0,,0.193,pass,0.2
14929,ok,100.0,False,100.0,10.0,9016,False,0.0,False,,0,0.0,100.0,0.789,pass,1.083
14930,ok,1.0,False,1.0,8.0,273,False,0.0,False,,0,0.0,,0.255,pass,0.254
14931,capped,1000.0,True,1000.0,11.0,123098,False,0.0,False,,0,0.0,,0.255,pass,0.276
14932,capped,1000.0,True,1000.0,8.0,53506,False,0.0,False,,0,0.0,,2.315,pass,3.389
14934,capped,1000.0,True,1000.0,8.0,37571,False,18.0,False,,0,0.0,,1.241,pass,2.0
14935,ok,4.0,False,4.0,4.0,206,False,0.0,False,,0,0.0,,0.15,pass,0.133
14937,ok,6.0,False,6.0,3.0,273,False,0.0,False,G121,4,17.0,,0.074,pass,0.106
14938,ok,1.0,False,1.0,8.0,172,False,0.0,False,,0,0.0,,0.136,pass,0.213
14940,ok,100.0,False,100.0,8.0,8136,False,0.0,False,,0,0.0,100.0,0.56,pass,0.636
14942,ok,6.0,False,6.0,5.0,492,False,0.0,False,,0,0.0,,2.321,pass,3.229
14943,ok,6.0,False,6.0,6.0,389,False,0.0,False,,0,0.0,,0.484,pass,0.616
14944,ok,100.0,False,100.0,8.0,3385,False,0.0,False,,0,0.0,100.0,0.294,pass,0.315
14945,capped,1000.0,True,1000.0,13.0,38128,False,0.0,False,,0,0.0,,1.052,pass,1.419
14948,ok,6.0,False,6.0,7.0,669,False,0.0,False,,0,0.0,,0.152,pass,0.128
14950,capped,1000.0,True,1000.0,10.0,37685,False,0.0,False,,0,0.0,,0.998,pass,1.317
14951,capped,1000.0,True,1000.0,11.0,124341,False,0.0,False,,0,0.0,,0.183,pass,0.207
14952,ok,100.0,False,100.0,10.0,8928,False,0.0,False,,0,0.0,100.0,5.494,pass,7.806
14953,capped,1000.0,True,1000.0,13.0,88329,False,0.0,False,,0,0.0,,1.596,pass,2.183
14954,ok,6.0,False,6.0,9.0,463,False,0.0,False,,0,0.0,,0.133,pass,0.114
14958,capped,1000.0,True,1000.0,8.0,48771,False,0.0,False,,0,0.0,,0.785,pass,1.159
14959,ok,6.0,False,6.0,4.0,304,False,0.0,False,G103,6,38.0,,0.137,pass,0.107
14966,ok,10.0,False,10.0,10.0,848,False,0.0,False,,0,0.0,,0.68,pass,1.003
14967,ok,10.0,False,10.0,5.0,377,False,0.0,False,G200,0,2.0,,0.572,pass,0.661
14973,ok,2.0,False,2.0,5.0,211,False,0.0,False,,0,0.0,,0.168,pass,0.146
14974,ok,100.0,False,100.0,10.0,8989,False,0.0,False,,0,0.0,100.0,1.057,pass,1.556
14975,ok,6.0,False,6.0,4.0,299,False,0.0,False,G162,0,38.0,,0.128,pass,0.108
14976,ok,10.0,False,10.0,8.0,772,False,0.0,False,,0,0.0,,1.062,pass,1.513
14978,ok,6.0,False,6.0,4.0,416,False,0.0,False,G286,1,2.0,,0.162,pass,0.158
14979,capped,1000.0,True,1000.0,6.0,42018,False,0.0,False,,0,0.0,,0.141,pass,0.219
14980,capped,1000.0,True,1000.0,9.0,48516,False,0.0,False,,0,0.0,,2.931,pass,4.489
14981,capped,1000.0,True,1000.0,10.0,30652,False,0.0,False,,0,0.0,,1.082,pass,1.519
14983,ok,10.0,False,10.0,9.0,599,False,0.0,False,,0,0.0,,0.853,pass,1.227
14984,capped,1000.0,True,1000.0,9.0,44550,False,0.0,False,,0,0.0,,2.435,pass,3.58
14985,ok,6.0,False,6.0,5.0,408,False,0.0,False,,0,0.0,,0.515,pass,0.644
14990,ok,10.0,False,10.0,5.0,319,False,0.0,False,,0,0.0,10.0,0.68,pass,0.801
14991,capped,1000.0,True,1000.0,10.0,79464,False,0.0,False,,0,0.0,,1.82,pass,2.686
14992,ok,100.0,False,100.0,9.0,9488,False,0.0,False,,0,0.0,100.0,3.619,pass,5.795
14993,ok,100.0,False,100.0,10.0,10824,False,0.0,False,,0,0.0,100.0,2.254,pass,3.139
14994,ok,6.0,False,6.0,4.0,318,False,0.0,False,G278,1,9.0,,0.127,pass,0.107
14996,ok,100.0,False,100.0,8.0,12143,False,0.0,False,,0,0.0,100.0,0.435,pass,0.617
14997,ok,6.0,False,6.0,4.0,299,False,0.0,False,G162,2,38.0,,0.142,pass,0.108
14999,ok,6.0,False,6.0,4.0,246,False,0.0,False,,0,0.0,,0.109,pass,0.157
15001,ok,10.0,False,10.0,5.0,1126,False,0.0,False,G11,26,57.0,10.0,0.194,pass,0.232
15002,ok,10.0,False,10.0,6.0,1215,False,0.0,False,,0,21.0,10.0,0.498,pass,0.564
15003,ok,10.0,False,10.0,4.0,1093,False,0.0,False,G53,11,14.0,10.0,0.13,pass,0.099
15004,ok,10.0,False,10.0,5.0,811,False,0.0,False,,0,0.0,10.0,0.08,pass,0.115
15005,ok,10.0,False,10.0,6.0,1151,False,0.0,False,G41,13,111.0,10.0,0.306,pass,0.427
15006,ok,10.0,False,10.0,5.0,1135,False,0.0,False,G87,4,9.0,10.0,0.3,pass,0.292
15007,ok,10.0,False,10.0,4.0,1138,False,0.0,False,G73,8,16.0,10.0,0.144,pass,0.1
15008,ok,10.0,False,10.0,4.0,1096,False,0.0,False,G42,12,107.0,10.0,0.136,pass,0.217
15009,ok,10.0,False,10.0,6.0,1219,False,0.0,False,G288,1,3.0,10.0,0.499,pass,0.559
15010,ok,10.0,False,10.0,7.0,1247,False,0.0,False,G5,45,84.0,10.0,0.508,pass,0.593
15011,ok,10.0,False,10.0,4.0,1093,False,0.0,False,G3,48,71.0,10.0,0.125,pass,0.101
15012,ok,10.0,False,10.0,5.0,1123,False,0.0,False,G164,2,42.0,10.0,0.31,pass,0.446
15013,ok,10.0,False,10.0,8.0,1279,False,0.0,False,G36,18,34.0,10.0,0.152,pass,0.102
15014,ok,10.0,False,10.0,5.0,1171,False,0.0,False,G289,1,16.0,10.0,0.447,pass,0.554
15015,ok,10.0,False,10.0,5.0,1132,False,0.0,False,G2,63,73.0,10.0,0.142,pass,0.099
15016,ok,10.0,False,10.0,7.0,1188,False,0.0,False,,0,0.0,10.0,0.435,pass,0.586
15017,ok,10.0,False,10.0,5.0,1942,False,0.0,False,G201,1,2.0,10.0,0.159,pass,0.102
15018,ok,10.0,False,10.0,5.0,1021,False,0.0,False,G28,18,21.0,10.0,0.097,pass,0.097
15019,ok,10.0,False,10.0,4.0,1093,False,0.0,False,G3,48,71.0,10.0,0.081,pass,0.101
15020,ok,10.0,False,10.0,7.0,1238,False,0.0,False,G105,6,19.0,10.0,0.755,pass,1.043
15021,ok,10.0,False,10.0,6.0,1210,False,0.0,False,G202,0,91.0,10.0,0.126,pass,0.1
15022,ok,10.0,False,10.0,4.0,1110,False,0.0,False,G165,0,3.0,10.0,0.071,pass,0.099
15023,ok,10.0,False,10.0,6.0,1169,False,0.0,False,G19,22,111.0,10.0,0.305,pass,0.428
15024,ok,10.0,False,10.0,4.0,1093,False,0.0,False,G3,1,71.0,10.0,0.135,pass,0.099
15025,ok,10.0,False,10.0,7.0,1077,False,0.0,False,G123,4,30.0,10.0,0.878,pass,1.348
15026,ok,10.0,False,10.0,5.0,1164,False,0.0,False,,0,16.0,10.0,0.135,pass,0.099
15027,ok,10.0,False,10.0,5.0,1180,False,0.0,False,G1,95,197.0,10.0,0.449,pass,0.549
15028,ok,10.0,False,10.0,5.0,1133,False,0.0,False,G17,17,42.0,10.0,0.359,pass,0.429
15029,ok,10.0,False,10.0,6.0,1161,False,0.0,False,G12,31,111.0,10.0,0.383,pass,0.426
15030,ok,10.0,False,10.0,8.0,1110,False,0.0,False,,0,1.0,10.0,0.962,pass,1.374
15031,ok,10.0,False,10.0,6.0,1170,False,0.0,False,G43,12,28.0,10.0,0.204,pass,0.188
15032,capped,1000.0,True,1000.0,6.0,110640,False,0.0,False,,0,0.0,,0.622,pass,0.749
15033,ok,10.0,False,10.0,6.0,1214,False,0.0,False,G6,50,86.0,10.0,0.142,pass,0.1
15034,ok,10.0,False,10.0,7.0,1246,False,0.0,False,G7,34,193.0,10.0,0.757,pass,1.03
15035,ok,10.0,False,10.0,5.0,1166,False,0.0,False,G33,20,28.0,10.0,0.136,pass,0.099
15036,ok,10.0,False,10.0,7.0,1247,False,0.0,False,G106,6,9.0,10.0,0.444,pass,0.577
15037,ok,10.0,False,10.0,5.0,1126,False,0.0,False,G11,3,57.0,10.0,0.192,pass,0.184
15038,capped,1000.0,True,1000.0,6.0,105670,False,0.0,False,G107,4,10.0,,0.977,pass,1.457
15039,ok,10.0,False,10.0,4.0,1016,False,0.0,False,,0,3.0,10.0,0.118,pass,0.088
15040,ok,10.0,False,10.0,6.0,1059,False,0.0,False,G88,1,12.0,10.0,0.912,pass,1.319
15041,ok,10.0,False,10.0,7.0,1237,False,0.0,False,G89,0,49.0,,0.506,pass,0.586
15042,ok,10.0,False,10.0,4.0,18276,True,0.0,False,,0,0.0,10.0,0.144,pass,0.12
15043,ok,10.0,False,10.0,5.0,1180,False,0.0,False,G1,95,197.0,10.0,0.43,pass,0.556
15044,ok,10.0,False,10.0,7.0,1227,False,0.0,False,G45,10,193.0,10.0,0.802,pass,1.039
15045,ok,10.0,False,10.0,4.0,318,False,0.0,False,G90,3,15.0,10.0,0.533,pass,0.615
15046,ok,10.0,False,10.0,5.0,1166,False,0.0,False,G61,10,33.0,10.0,0.129,pass,0.099
15047,ok,10.0,False,10.0,7.0,1238,False,0.0,False,G203,1,2.0,10.0,0.748,pass,1.036
15048,ok,10.0,False,10.0,7.0,1237,False,0.0,False,G91,7,27.0,10.0,0.489,pass,0.582
15049,ok,10.0,False,10.0,5.0,1137,False,0.0,False,G10,39,63.0,10.0,0.129,pass,0.099
15050,ok,10.0,False,10.0,4.0,1109,False,0.0,False,,0,1.0,10.0,0.071,pass,0.102
15051,ok,10.0,False,10.0,7.0,1227,False,0.0,False,G45,10,193.0,10.0,0.748,pass,1.048
15052,ok,10.0,False,10.0,7.0,1238,False,0.0,False,G105,6,19.0,10.0,0.804,pass,1.039
15053,ok,10.0,False,10.0,5.0,1170,False,0.0,False,G21,22,197.0,10.0,0.488,pass,0.555
15054,ok,10.0,False,10.0,6.0,1214,False,0.0,False,G9,45,91.0,10.0,0.124,pass,0.101
15055,ok,10.0,False,10.0,5.0,1133,False,0.0,False,G204,2,73.0,10.0,0.071,pass,0.099
15056,ok,10.0,False,10.0,6.0,1208,False,0.0,False,G35,19,26.0,10.0,0.437,pass,0.564
15057,ok,10.0,False,10.0,7.0,1246,False,0.0,False,G92,0,19.0,10.0,0.807,pass,1.043
15058,ok,10.0,False,10.0,4.0,1093,False,0.0,False,G3,48,71.0,10.0,0.129,pass,0.1
15059,ok,10.0,False,10.0,7.0,1247,False,0.0,False,G13,34,49.0,10.0,0.437,pass,0.587
15060,ok,10.0,False,10.0,6.0,1159,False,0.0,False,G290,1,8.0,10.0,0.126,pass,0.102
15061,ok,10.0,False,10.0,4.0,936,False,0.0,False,G14,23,43.0,10.0,0.069,pass,0.098
15062,ok,10.0,False,10.0,7.0,1238,False,0.0,False,,0,0.0,10.0,0.723,pass,1.017
15063,ok,10.0,False,10.0,5.0,1180,False,0.0,False,G1,95,197.0,10.0,0.495,pass,0.552
15064,ok,10.0,False,10.0,6.0,1174,False,0.0,False,,0,28.0,10.0,0.193,pass,0.271
15065,ok,10.0,False,10.0,3.0,1065,False,0.0,False,G16,15,30.0,10.0,0.152,pass,0.099
15066,ok,10.0,False,10.0,4.0,937,False,0.0,False,G291,1,4.0,10.0,0.069,pass,0.097
15067,ok,10.0,False,10.0,5.0,1170,False,0.0,False,G21,22,197.0,10.0,0.42,pass,0.549
15068,ok,10.0,False,10.0,5.0,1132,False,0.0,False,G2,63,73.0,10.0,0.145,pass,0.1
15069,ok,10.0,False,10.0,4.0,1147,False,0.0,False,G205,2,30.0,10.0,0.071,pass,0.099
15070,ok,10.0,False,10.0,3.0,889,False,0.0,False,,0,0.0,10.0,0.125,pass,0.097
15071,ok,10.0,False,10.0,7.0,1244,False,0.0,False,,0,84.0,10.0,0.441,pass,0.575
15072,ok,10.0,False,10.0,7.0,1156,False,0.0,False,,0,0.0,10.0,0.699,pass,0.875
15073,ok,10.0,False,10.0,5.0,885,False,0.0,False,G292,1,3.0,10.0,0.475,pass,0.554
15074,ok,10.0,False,10.0,4.0,1104,False,0.0,False,G62,8,10.0,10.0,0.123,pass,0.1
15075,ok,10.0,False,10.0,5.0,1137,False,0.0,False,G38,16,30.0,10.0,0.072,pass,0.101
15076,ok,10.0,False,10.0,8.0,1272,False,0.0,False,G166,3,34.0,10.0,0.072,pass,0.102
15077,ok,10.0,False,10.0,3.0,276,False,0.0,False,,0,0.0,10.0,0.457,pass,0.563
15078,ok,10.0,False,10.0,6.0,1199,False,0.0,False,G108,3,53.0,10.0,0.774,pass,1.01
15079,ok,10.0,False,10.0,6.0,1163,False,0.0,False,G293,1,7.0,10.0,0.192,pass,0.187
15080,ok,10.0,False,10.0,6.0,1154,False,0.0,False,G74,1,111.0,10.0,0.365,pass,0.43
15081,ok,10.0,False,10.0,5.0,1166,False,0.0,False,G33,20,28.0,10.0,0.141,pass,0.101
15082,ok,100.0,False,100.0,7.0,11352,False,0.0,False,G294,1,2.0,100.0,0.448,pass,0.579
15083,ok,10.0,False,10.0,7.0,1087,False,0.0,False,G75,1,30.0,10.0,0.935,pass,1.432
15084,ok,10.0,False,10.0,5.0,1137,False,0.0,False,G38,16,30.0,10.0,0.145,pass,0.099
15085,ok,10.0,False,10.0,6.0,1214,False,0.0,False,G9,45,91.0,10.0,0.072,pass,0.101
15086,ok,10.0,False,10.0,5.0,1021,False,0.0,False,G28,18,21.0,10.0,0.07,pass,0.097
15087,ok,10.0,False,10.0,5.0,1137,False,0.0,False,G10,39,63.0,10.0,0.071,pass,0.099
15088,ok,10.0,False,10.0,6.0,1210,False,0.0,False,,0,4.0,10.0,0.072,pass,0.1
15089,ok,10.0,False,10.0,9.0,1292,False,0.0,False,G295,1,4.0,10.0,0.074,pass,0.102
15090,ok,10.0,False,10.0,7.0,1095,False,0.0,False,G296,1,4.0,10.0,0.874,pass,1.367
15091,ok,10.0,False,10.0,7.0,1237,False,0.0,False,G91,7,27.0,10.0,0.51,pass,0.602
15092,ok,10.0,False,10.0,7.0,1247,False,0.0,False,G13,34,49.0,10.0,0.512,pass,0.573
15093,ok,10.0,False,10.0,6.0,1214,False,0.0,False,G6,50,86.0,10.0,0.125,pass,0.102
15094,ok,10.0,False,10.0,7.0,1090,False,0.0,False,G167,2,5.0,10.0,0.66,pass,0.919
15095,ok,10.0,False,10.0,5.0,985,False,0.0,False,G54,1,44.0,10.0,0.205,pass,0.213
15096,ok,10.0,False,10.0,4.0,1138,False,0.0,False,G22,24,30.0,10.0,0.135,pass,0.101
15097,ok,10.0,False,10.0,5.0,1142,False,0.0,False,G139,3,5.0,10.0,0.141,pass,0.223
15098,ok,10.0,False,10.0,6.0,1000,False,0.0,False,,0,14.0,10.0,1.146,pass,2.008
15099,ok,10.0,False,10.0,4.0,1005,False,0.0,False,,0,3.0,10.0,0.138,pass,0.089
15100,ok,10.0,False,10.0,6.0,1150,False,0.0,False,G76,5,111.0,10.0,0.369,pass,0.43
15101,ok,10.0,False,10.0,5.0,1192,False,0.0,False,G297,0,8.0,10.0,0.15,pass,0.1
15102,ok,10.0,False,10.0,4.0,1104,False,0.0,False,G298,1,2.0,10.0,0.071,pass,0.101
15103,ok,10.0,False,10.0,5.0,3370,False,0.0,False,,0,2.0,10.0,0.09,pass,0.127
15104,ok,10.0,False,10.0,5.0,1137,False,0.0,False,G10,39,63.0,10.0,0.073,pass,0.101
15105,ok,10.0,False,10.0,6.0,1219,False,0.0,False,G39,16,21.0,10.0,0.456,pass,0.555
15106,ok,10.0,False,10.0,5.0,1177,False,0.0,False,G299,1,3.0,10.0,0.125,pass,0.1
15107,ok,10.0,False,10.0,6.0,1208,False,0.0,False,G40,13,25.0,10.0,0.433,pass,0.566
15108,ok,10.0,False,10.0,9.0,1711,False,0.0,False,,0,0.0,10.0,0.13,pass,0.103
15109,ok,10.0,False,10.0,7.0,1238,False,0.0,False,G4,51,193.0,10.0,0.741,pass,1.083
15110,ok,10.0,False,10.0,4.0,936,False,0.0,False,G14,23,43.0,10.0,0.122,pass,0.097
15111,ok,10.0,False,10.0,4.0,1098,False,0.0,False,G23,22,107.0,10.0,0.138,pass,0.211
15112,ok,10.0,False,10.0,7.0,1246,False,0.0,False,G7,34,193.0,10.0,0.831,pass,1.034
15113,ok,10.0,False,10.0,4.0,318,False,0.0,False,G90,3,15.0,10.0,0.537,pass,0.606
15114,ok,10.0,False,10.0,8.0,1271,False,0.0,False,G300,1,1.0,10.0,0.317,pass,0.356
15115,ok,10.0,False,10.0,6.0,1219,False,0.0,False,G39,16,21.0,10.0,0.511,pass,0.56
15116,capped,1000.0,True,1000.0,6.0,105677,False,0.0,False,,0,0.0,,0.915,pass,1.488
15117,ok,10.0,False,10.0,5.0,1132,False,0.0,False,G2,63,73.0,10.0,0.125,pass,0.099
15118,ok,10.0,False,10.0,5.0,1132,False,0.0,False,G2,63,73.0,10.0,0.073,pass,0.1
15119,ok,10.0,False,10.0,6.0,1049,False,0.0,False,,0,12.0,10.0,0.832,pass,1.295
15120,ok,10.0,False,10.0,4.0,315,False,0.0,False,,0,0.0,10.0,0.546,pass,0.632
15121,ok,10.0,False,10.0,6.0,1214,False,0.0,False,G6,50,86.0,10.0,0.125,pass,0.101
15122,ok,10.0,False,10.0,7.0,1237,False,0.0,False,G91,7,27.0,10.0,0.442,pass,0.585
15123,ok,10.0,False,10.0,6.0,1150,False,0.0,False,G76,0,111.0,,0.376,pass,0.429
15124,ok,10.0,False,10.0,6.0,1216,False,0.0,False,,0,29.0,10.0,0.129,pass,0.1
15125,ok,10.0,False,10.0,6.0,1214,False,0.0,False,G9,45,91.0,10.0,0.072,pass,0.101
15126,ok,10.0,False,10.0,7.0,1247,False,0.0,False,G5,45,84.0,10.0,0.435,pass,0.584
15127,ok,10.0,False,10.0,4.0,1102,False,0.0,False,G124,2,11.0,10.0,0.173,pass,0.193
15128,capped,1000.0,True,1000.0,4.0,20569,False,0.0,False,,0,1.0,,0.8,pass,1.139
15129,ok,10.0,False,10.0,4.0,1098,False,0.0,False,G23,22,107.0,10.0,0.188,pass,0.211
15130,ok,10.0,False,10.0,6.0,1088,False,0.0,False,G140,4,6.0,10.0,0.138,pass,0.098
15131,ok,10.0,False,10.0,6.0,1210,False,0.0,False,G15,22,53.0,10.0,0.713,pass,1.0
15132,ok,10.0,False,10.0,6.0,845,False,0.0,False,G301,1,2.0,10.0,0.93,pass,1.362
15133,ok,10.0,False,10.0,5.0,1126,False,0.0,False,G11,26,57.0,10.0,0.193,pass,0.212
15134,ok,10.0,False,10.0,5.0,1171,False,0.0,False,G25,22,197.0,10.0,0.488,pass,0.545
15135,ok,10.0,False,10.0,6.0,1169,False,0.0,False,G19,22,111.0,10.0,0.36,pass,0.427
15136,ok,10.0,False,10.0,6.0,1930,False,0.0,False,,0,0.0,10.0,0.155,pass,0.103
15137,ok,10.0,False,10.0,4.0,1103,False,0.0,False,G8,44,107.0,10.0,0.136,pass,0.213
15138,ok,10.0,False,10.0,7.0,1247,False,0.0,False,G13,34,49.0,10.0,0.503,pass,0.574
15139,ok,10.0,False,10.0,7.0,1246,False,0.0,False,G50,12,25.0,10.0,0.13,pass,0.102
15140,ok,10.0,False,10.0,7.0,1247,False,0.0,False,G13,0,49.0,10.0,0.447,pass,0.584
15141,ok,10.0,False,10.0,5.0,1166,False,0.0,False,G125,5,16.0,10.0,0.153,pass,0.1
15143,ok,10.0,False,10.0,4.0,1093,False,0.0,False,G3,48,71.0,10.0,0.071,pass,0.099
15144,ok,10.0,False,10.0,4.0,1041,False,0.0,False,G51,8,12.0,10.0,0.07,pass,0.101
15145,ok,10.0,False,10.0,5.0,1003,False,0.0,False,G302,1,1.0,10.0,0.07,pass,0.097
15146,ok,10.0,False,10.0,5.0,1113,False,0.0,False,,0,0.0,10.0,0.253,pass,0.352
15147,ok,10.0,False,10.0,5.0,1180,False,0.0,False,G1,95,197.0,10.0,0.53,pass,0.556
15148,ok,10.0,False,10.0,7.0,1087,False,0.0,False,G303,1,4.0,10.0,0.913,pass,1.354
15149,ok,10.0,False,10.0,5.0,1132,False,0.0,False,G2,63,73.0,10.0,0.133,pass,0.1
15150,ok,10.0,False,10.0,7.0,1247,False,0.0,False,G13,34,49.0,10.0,0.442,pass,0.625
15151,ok,10.0,False,10.0,4.0,1098,False,0.0,False,G37,11,63.0,10.0,0.191,pass,0.211
15152,ok,10.0,False,10.0,7.0,1247,False,0.0,False,G5,5,84.0,10.0,0.543,pass,0.519
15153,ok,10.0,False,10.0,6.0,1137,False,0.0,False,,0,0.0,10.0,0.201,pass,0.185
15154,ok,10.0,False,10.0,5.0,1131,False,0.0,False,,0,0.0,10.0,0.195,pass,0.199
15155,ok,10.0,False,10.0,4.0,1122,False,0.0,False,G304,0,2.0,10.0,0.514,pass,0.573
15156,ok,10.0,False,10.0,6.0,1210,False,0.0,False,G15,22,53.0,10.0,0.797,pass,1.004
15157,ok,10.0,False,10.0,5.0,1127,False,0.0,False,G93,5,58.0,10.0,0.132,pass,0.099
15158,ok,10.0,False,10.0,7.0,1231,False,0.0,False,G63,7,193.0,10.0,0.757,pass,1.035
15160,ok,10.0,False,10.0,7.0,1228,False,0.0,False,G27,15,193.0,10.0,0.807,pass,1.031
15161,ok,10.0,False,10.0,5.0,1131,False,0.0,False,G64,6,17.0,10.0,0.192,pass,0.217
15162,ok,10.0,False,10.0,4.0,1096,False,0.0,False,G42,12,107.0,10.0,0.208,pass,0.215
15163,ok,10.0,False,10.0,5.0,1137,False,0.0,False,G10,39,63.0,10.0,0.136,pass,0.104
15164,ok,10.0,False,10.0,5.0,1171,False,0.0,False,G25,22,197.0,10.0,0.425,pass,0.552
15165,ok,10.0,False,10.0,7.0,1111,False,0.0,False,,0,10.0,10.0,0.501,pass,0.59
15166,ok,10.0,False,10.0,4.0,1096,False,0.0,False,G42,12,107.0,10.0,0.188,pass,0.218
15167,ok,10.0,False,10.0,4.0,1093,False,0.0,False,G3,48,71.0,10.0,0.145,pass,0.1
15168,ok,10.0,False,10.0,6.0,1169,False,0.0,False,G19,22,111.0,10.0,0.31,pass,0.433
15169,ok,10.0,False,10.0,4.0,1093,False,0.0,False,G3,48,71.0,10.0,0.127,pass,0.099
15170,ok,10.0,False,10.0,5.0,1170,False,0.0,False,G21,22,197.0,10.0,0.487,pass,0.559
15171,ok,10.0,False,10.0,7.0,1239,False,0.0,False,G141,0,5.0,10.0,0.325,pass,0.364
15172,ok,10.0,False,10.0,4.0,936,False,0.0,False,G14,23,43.0,10.0,0.142,pass,0.097
15173,ok,10.0,False,10.0,7.0,1246,False,0.0,False,G7,34,193.0,10.0,0.763,pass,1.039
15174,capped,1000.0,True,1000.0,7.0,113852,False,0.0,False,,0,0.0,,0.517,pass,0.612
15175,ok,10.0,False,10.0,4.0,1147,False,0.0,False,G305,1,16.0,10.0,0.076,pass,0.099
15177,ok,10.0,False,10.0,6.0,1208,False,0.0,False,G40,13,25.0,10.0,0.427,pass,0.562
15178,ok,10.0,False,10.0,6.0,1212,False,0.0,False,G77,6,10.0,10.0,0.795,pass,1.026
15179,ok,10.0,False,10.0,7.0,1097,False,0.0,False,,0,0.0,,0.791,pass,1.077
15180,ok,10.0,False,10.0,7.0,1246,False,0.0,False,G7,34,193.0,10.0,0.797,pass,1.035
15181,ok,10.0,False,10.0,4.0,1093,False,0.0,False,G3,48,71.0,10.0,0.125,pass,0.101
15182,ok,10.0,False,10.0,5.0,1090,False,0.0,False,G206,1,5.0,10.0,0.133,pass,0.21
15183,ok,10.0,False,10.0,7.0,1247,False,0.0,False,G13,34,49.0,10.0,0.498,pass,0.579
15184,ok,10.0,False,10.0,5.0,1126,False,0.0,False,G94,7,15.0,10.0,0.138,pass,0.099
15185,ok,10.0,False,10.0,5.0,1133,False,0.0,False,G17,1,42.0,10.0,0.303,pass,0.477
15186,ok,10.0,False,10.0,6.0,1214,False,0.0,False,G9,45,91.0,10.0,0.145,pass,0.101
15187,ok,10.0,False,10.0,7.0,1237,False,0.0,False,G91,7,27.0,10.0,0.436,pass,0.579
15188,ok,10.0,False,10.0,7.0,1246,False,0.0,False,G7,34,193.0,10.0,0.804,pass,1.037
15189,ok,10.0,False,10.0,6.0,1208,False,0.0,False,G306,1,10.0,10.0,0.776,pass,1.013
15190,ok,10.0,False,10.0,5.0,1132,False,0.0,False,G18,24,38.0,10.0,0.126,pass,0.102
15191,ok,10.0,False,10.0,5.0,885,False,0.0,False,G292,1,3.0,10.0,0.425,pass,0.559
15192,ok,10.0,False,10.0,8.0,1182,False,0.0,False,,0,0.0,10.0,0.812,pass,1.047
15193,ok,10.0,False,10.0,5.0,1197,False,0.0,False,G207,2,8.0,10.0,0.125,pass,0.1
15194,ok,10.0,False,10.0,6.0,1199,False,0.0,False,G108,1,53.0,10.0,0.726,pass,1.017
15195,ok,10.0,False,10.0,7.0,1247,False,0.0,False,G13,34,49.0,10.0,0.489,pass,0.587
15196,ok,10.0,False,10.0,7.0,1235,False,0.0,False,G142,0,193.0,10.0,0.827,pass,1.054
15197,ok,10.0,False,10.0,6.0,1214,False,0.0,False,G55,11,29.0,10.0,0.127,pass,0.101
15198,ok,10.0,False,10.0,5.0,1171,False,0.0,False,G25,22,197.0,10.0,0.434,pass,0.557
15199,ok,10.0,False,10.0,5.0,1180,False,0.0,False,G1,95,197.0,10.0,0.485,pass,0.55
15200,ok,10.0,False,10.0,5.0,1132,False,0.0,False,G2,63,73.0,10.0,0.149,pass,0.101
15201,ok,10.0,False,10.0,4.0,1103,False,0.0,False,G8,44,107.0,10.0,0.134,pass,0.213
15202,ok,10.0,False,10.0,6.0,1208,False,0.0,False,G35,19,26.0,10.0,0.53,pass,0.569
15203,ok,10.0,False,10.0,5.0,976,False,0.0,False,,0,0.0,10.0,0.295,pass,0.352
15204,ok,10.0,False,10.0,4.0,1093,False,0.0,False,G53,11,14.0,10.0,0.146,pass,0.1
15205,ok,10.0,False,10.0,7.0,1246,False,0.0,False,G7,34,193.0,10.0,0.748,pass,1.034
15206,ok,10.0,False,10.0,3.0,1065,False,0.0,False,G16,15,30.0,10.0,0.126,pass,0.099
15207,ok,10.0,False,10.0,5.0,1170,False,0.0,False,G21,22,197.0,10.0,0.424,pass,0.55
15209,capped,1000.0,True,1000.0,5.0,95529,False,0.0,False,,0,0.0,,0.354,pass,0.636
15210,ok,10.0,False,10.0,4.0,936,False,0.0,False,G208,2,2.0,10.0,0.145,pass,0.097
15211,ok,10.0,False,10.0,7.0,1228,False,0.0,False,G27,15,193.0,10.0,0.742,pass,1.035
15213,ok,10.0,False,10.0,4.0,1138,False,0.0,False,G22,24,30.0,10.0,0.124,pass,0.1
15214,ok,10.0,False,10.0,5.0,1166,False,0.0,False,G61,10,33.0,10.0,0.074,pass,0.102
15215,ok,10.0,False,10.0,5.0,1166,False,0.0,False,G209,2,11.0,10.0,0.071,pass,0.1
15216,ok,10.0,False,10.0,6.0,1214,False,0.0,False,G6,50,86.0,10.0,0.071,pass,0.1
15217,ok,10.0,False,10.0,7.0,1228,False,0.0,False,G27,15,193.0,10.0,0.75,pass,1.034
15218,ok,10.0,False,10.0,7.0,1247,False,0.0,False,G13,34,49.0,10.0,0.488,pass,0.569
15219,ok,10.0,False,10.0,6.0,1219,False,0.0,False,G39,16,21.0,10.0,0.485,pass,0.563
15220,ok,10.0,False,10.0,7.0,1247,False,0.0,False,G5,45,84.0,10.0,0.496,pass,0.594
15221,ok,10.0,False,10.0,5.0,1131,False,0.0,False,G65,2,14.0,10.0,0.488,pass,0.564
15222,ok,10.0,False,10.0,5.0,3397,False,0.0,False,G307,0,2.0,10.0,0.143,pass,0.131
15223,ok,10.0,False,10.0,5.0,1125,False,0.0,False,G210,0,38.0,10.0,0.071,pass,0.099
15224,ok,10.0,False,10.0,5.0,1125,False,0.0,False,,0,13.0,10.0,0.307,pass,0.429
15225,ok,10.0,False,10.0,5.0,524,False,0.0,False,,0,0.0,10.0,0.621,pass,0.664
15226,ok,10.0,False,10.0,6.0,1169,False,0.0,False,G19,22,111.0,10.0,0.357,pass,0.428
15227,ok,10.0,False,10.0,5.0,1127,False,0.0,False,G69,6,57.0,10.0,0.142,pass,0.214
15228,ok,10.0,False,10.0,4.0,1098,False,0.0,False,G23,22,107.0,10.0,0.138,pass,0.214
15230,ok,10.0,False,10.0,5.0,997,False,0.0,False,,0,0.0,,0.494,pass,0.56
15231,ok,10.0,False,10.0,3.0,1065,False,0.0,False,G16,3,30.0,10.0,0.123,pass,0.099
15232,ok,10.0,False,10.0,6.0,1208,False,0.0,False,G40,13,25.0,10.0,0.441,pass,0.563
15233,ok,10.0,False,10.0,5.0,1137,False,0.0,False,G38,16,30.0,10.0,0.126,pass,0.099
15234,ok,10.0,False,10.0,5.0,1143,False,0.0,False,,0,13.0,10.0,0.83,pass,1.063
15235,ok,10.0,False,10.0,6.0,1210,False,0.0,False,G15,4,53.0,10.0,0.815,pass,1.009
15236,ok,10.0,False,10.0,6.0,1151,False,0.0,False,,0,26.0,10.0,0.348,pass,0.413
15237,ok,10.0,False,10.0,7.0,1610,False,0.0,False,,0,0.0,10.0,0.27,pass,0.273
15238,ok,10.0,False,10.0,5.0,1175,False,0.0,False,G109,6,11.0,10.0,0.144,pass,0.101
15239,ok,10.0,False,10.0,4.0,937,False,0.0,False,G168,2,43.0,10.0,0.07,pass,0.097
15241,ok,10.0,False,10.0,4.0,1046,False,0.0,False,G211,2,2.0,10.0,0.07,pass,0.098
15242,ok,10.0,False,10.0,5.0,18299,True,0.0,False,,0,0.0,10.0,0.086,pass,0.12
15243,ok,10.0,False,10.0,5.0,1180,False,0.0,False,G1,95,197.0,10.0,0.441,pass,0.547
15244,ok,10.0,False,10.0,4.0,1041,False,0.0,False,G51,8,12.0,10.0,0.125,pass,0.099
15245,ok,10.0,False,10.0,5.0,1130,False,0.0,False,G126,5,58.0,10.0,0.071,pass,0.1
15246,ok,10.0,False,10.0,4.0,936,False,0.0,False,G14,8,43.0,10.0,0.069,pass,0.097
15247,ok,10.0,False,10.0,5.0,950,False,0.0,False,,0,0.0,10.0,0.732,pass,1.06
15250,ok,10.0,False,10.0,5.0,910,False,0.0,False,,0,0.0,10.0,0.813,pass,1.037
15251,ok,10.0,False,10.0,4.0,1093,False,0.0,False,G3,48,71.0,10.0,0.132,pass,0.099
15252,ok,10.0,False,10.0,6.0,1168,False,0.0,False,G169,1,26.0,10.0,0.294,pass,0.413
15253,ok,10.0,False,10.0,4.0,1095,False,0.0,False,G24,2,63.0,10.0,0.206,pass,0.207
15254,ok,10.0,False,10.0,4.0,1041,False,0.0,False,G51,1,12.0,10.0,0.139,pass,0.098
15255,ok,10.0,False,10.0,6.0,1219,False,0.0,False,G170,3,3.0,10.0,0.466,pass,0.571
15256,ok,10.0,False,10.0,6.0,1210,False,0.0,False,G15,22,53.0,10.0,0.78,pass,1.001
15257,ok,10.0,False,10.0,5.0,1132,False,0.0,False,G18,24,38.0,10.0,0.126,pass,0.099
15258,ok,10.0,False,10.0,7.0,1236,False,0.0,False,G78,6,193.0,10.0,0.734,pass,1.03
15259,ok,10.0,False,10.0,6.0,1208,False,0.0,False,G35,19,26.0,10.0,0.487,pass,0.567
15260,ok,10.0,False,10.0,5.0,1137,False,0.0,False,G38,16,30.0,10.0,0.126,pass,0.099
15261,ok,10.0,False,10.0,7.0,1227,False,0.0,False,G45,0,193.0,10.0,0.74,pass,1.087
15262,ok,10.0,False,10.0,7.0,1246,False,0.0,False,G56,11,14.0,10.0,0.075,pass,0.101
15263,ok,10.0,False,10.0,5.0,1130,False,0.0,False,,0,0.0,10.0,0.072,pass,0.1
15264,ok,10.0,False,10.0,5.0,1126,False,0.0,False,G127,4,63.0,10.0,0.071,pass,0.1
15265,ok,10.0,False,10.0,6.0,1214,False,0.0,False,G26,22,32.0,10.0,0.072,pass,0.101
15266,ok,10.0,False,10.0,4.0,315,False,0.0,False,G308,0,15.0,10.0,0.454,pass,0.612
15268,ok,10.0,False,10.0,6.0,1214,False,0.0,False,G6,50,86.0,10.0,0.127,pass,0.1
15269,ok,10.0,False,10.0,6.0,1161,False,0.0,False,G12,31,111.0,10.0,0.307,pass,0.426
15270,ok,10.0,False,10.0,6.0,1161,False,0.0,False,G12,31,111.0,10.0,0.379,pass,0.429
15271,capped,1000.0,True,1000.0,7.0,112667,False,0.0,False,G309,1,16.0,,0.836,pass,1.073
15272,ok,10.0,False,10.0,8.0,18458,True,0.0,False,,0,0.0,10.0,0.664,pass,0.804
15273,ok,10.0,False,10.0,6.0,1159,False,0.0,False,G212,1,111.0,10.0,0.39,pass,0.43
15274,ok,10.0,False,10.0,6.0,1210,False,0.0,False,G213,2,5.0,10.0,0.797,pass,1.006
15275,ok,10.0,False,10.0,7.0,1228,False,0.0,False,G27,15,193.0,10.0,0.823,pass,1.089
15276,ok,10.0,False,10.0,8.0,1279,False,0.0,False,G310,0,1.0,10.0,0.504,pass,0.602
15279,ok,10.0,False,10.0,6.0,1214,False,0.0,False,,0,0.0,10.0,0.075,pass,0.101
15280,ok,10.0,False,10.0,7.0,1247,False,0.0,False,G13,34,49.0,10.0,0.432,pass,0.585
15281,ok,10.0,False,10.0,4.0,1092,False,0.0,False,G79,6,107.0,10.0,0.192,pass,0.21
15282,ok,10.0,False,10.0,4.0,1096,False,0.0,False,G42,12,107.0,10.0,0.203,pass,0.215
15283,ok,10.0,False,10.0,5.0,1137,False,0.0,False,G20,25,58.0,10.0,0.146,pass,0.099
15284,ok,10.0,False,10.0,6.0,1027,False,0.0,False,,0,0.0,10.0,0.434,pass,0.573
15285,ok,10.0,False,10.0,5.0,1021,False,0.0,False,G95,0,8.0,10.0,0.125,pass,0.098
15286,ok,10.0,False,10.0,7.0,1236,False,0.0,False,G143,4,25.0,10.0,0.072,pass,0.101
15287,ok,10.0,False,10.0,4.0,936,False,0.0,False,G14,23,43.0,10.0,0.07,pass,0.097
15288,ok,10.0,False,10.0,5.0,1187,False,0.0,False,,0,33.0,10.0,0.072,pass,0.101
15290,ok,10.0,False,10.0,4.0,936,False,0.0,False,G144,4,7.0,10.0,0.069,pass,0.101
15291,ok,10.0,False,10.0,5.0,1130,False,0.0,False,,0,0.0,10.0,0.121,pass,0.164
15292,ok,10.0,False,10.0,4.0,1098,False,0.0,False,G23,22,107.0,10.0,0.14,pass,0.183
15293,ok,10.0,False,10.0,5.0,1166,False,0.0,False,G33,20,28.0,10.0,0.143,pass,0.101
15294,ok,10.0,False,10.0,8.0,1143,False,0.0,False,,0,0.0,10.0,0.301,pass,0.424
15295,ok,10.0,False,10.0,7.0,1247,False,0.0,False,G5,45,84.0,10.0,0.533,pass,0.578
15296,ok,10.0,False,10.0,7.0,1240,False,0.0,False,G214,2,27.0,10.0,0.473,pass,0.608
15297,ok,10.0,False,10.0,6.0,1198,False,0.0,False,G311,1,26.0,10.0,0.492,pass,0.562
15298,ok,10.0,False,10.0,6.0,1210,False,0.0,False,G15,22,53.0,10.0,0.828,pass,1.004
15299,ok,10.0,False,10.0,7.0,899,False,0.0,False,,0,0.0,10.0,0.963,pass,1.431
15300,ok,10.0,False,10.0,6.0,1210,False,0.0,False,G15,22,53.0,10.0,0.785,pass,1.005
15301,ok,10.0,False,10.0,6.0,1225,False,0.0,False,,0,4.0,,0.496,pass,0.575
15302,ok,10.0,False,10.0,6.0,1059,False,0.0,False,G88,3,12.0,10.0,0.894,pass,1.296
15303,ok,10.0,False,10.0,6.0,1198,False,0.0,False,G215,0,25.0,10.0,0.534,pass,0.514
15304,ok,10.0,False,10.0,4.0,1095,False,0.0,False,G24,3,63.0,10.0,0.201,pass,0.258
15305,ok,10.0,False,10.0,6.0,1201,False,0.0,False,G96,7,38.0,10.0,0.503,pass,0.576
15306,ok,10.0,False,10.0,6.0,1214,False,0.0,False,G6,50,86.0,10.0,0.124,pass,0.101
15307,ok,10.0,False,10.0,6.0,1219,False,0.0,False,G39,16,21.0,10.0,0.447,pass,0.566
15308,ok,10.0,False,10.0,7.0,1238,False,0.0,False,G4,51,193.0,10.0,0.826,pass,1.083
15310,ok,10.0,False,10.0,3.0,287,False,0.0,False,,0,2.0,10.0,0.455,pass,0.569
15311,ok,10.0,False,10.0,5.0,1175,False,0.0,False,G66,10,33.0,10.0,0.075,pass,0.101
15313,ok,10.0,False,10.0,6.0,1159,False,0.0,False,G171,3,28.0,10.0,0.139,pass,0.228
15314,ok,10.0,False,10.0,7.0,1235,False,0.0,False,G142,3,193.0,10.0,0.818,pass,1.084
15315,ok,10.0,False,10.0,3.0,1110,False,0.0,False,,0,0.0,10.0,0.136,pass,0.111
15316,ok,10.0,False,10.0,4.0,1093,False,0.0,False,G3,8,71.0,10.0,0.071,pass,0.1
15317,ok,10.0,False,10.0,8.0,1269,False,0.0,False,G128,5,34.0,10.0,0.073,pass,0.103
15318,ok,10.0,False,10.0,7.0,1087,False,0.0,False,G75,4,30.0,10.0,0.878,pass,1.375
15319,ok,10.0,False,10.0,5.0,1180,False,0.0,False,G1,95,197.0,10.0,0.482,pass,0.566
15320,ok,10.0,False,10.0,6.0,1214,False,0.0,False,G6,50,86.0,10.0,0.074,pass,0.099
15321,ok,10.0,False,10.0,7.0,1247,False,0.0,False,G106,6,9.0,10.0,0.434,pass,0.583
15322,ok,10.0,False,10.0,5.0,1175,False,0.0,False,G66,10,33.0,10.0,0.124,pass,0.101
15323,ok,10.0,False,10.0,5.0,1137,False,0.0,False,G38,16,30.0,10.0,0.071,pass,0.1
15324,ok,10.0,False,10.0,5.0,1180,False,0.0,False,G1,95,197.0,10.0,0.433,pass,0.553
15325,ok,10.0,False,10.0,5.0,1180,False,0.0,False,G1,95,197.0,10.0,0.487,pass,0.603
15327,ok,10.0,False,10.0,6.0,1214,False,0.0,False,G26,22,32.0,10.0,0.126,pass,0.101
15328,ok,10.0,False,10.0,4.0,1093,False,0.0,False,G3,8,71.0,10.0,0.072,pass,0.101
15329,ok,10.0,False,10.0,6.0,1205,False,0.0,False,,0,91.0,10.0,0.072,pass,0.101
15330,ok,10.0,False,10.0,5.0,384,False,0.0,False,,0,0.0,10.0,0.598,pass,0.862
15332,ok,10.0,False,10.0,5.0,985,False,0.0,False,G54,3,44.0,10.0,0.192,pass,0.196
15333,ok,10.0,False,10.0,6.0,1210,False,0.0,False,G15,22,53.0,10.0,0.798,pass,1.009
15334,ok,10.0,False,10.0,4.0,1093,False,0.0,False,G3,48,71.0,10.0,0.125,pass,0.1
15335,ok,10.0,False,10.0,7.0,1247,False,0.0,False,G5,45,84.0,10.0,0.452,pass,0.585
15336,ok,10.0,False,10.0,7.0,1246,False,0.0,False,G7,0,193.0,10.0,0.799,pass,1.088
15337,ok,10.0,False,10.0,5.0,1137,False,0.0,False,G10,39,63.0,10.0,0.126,pass,0.1
15338,ok,10.0,False,10.0,6.0,1170,False,0.0,False,G46,11,18.0,10.0,0.137,pass,0.232
15340,ok,10.0,False,10.0,5.0,1177,False,0.0,False,G57,11,13.0,10.0,0.15,pass,0.1
15341,ok,10.0,False,10.0,5.0,994,False,0.0,False,G312,1,4.0,10.0,0.068,pass,0.097
15342,ok,10.0,False,10.0,4.0,1093,False,0.0,False,G3,8,71.0,10.0,0.071,pass,0.1
15343,ok,0.0,False,0.0,7.0,76,False,0.0,False,G216,2,,10.0,0.045,pass,0.062
15345,ok,10.0,False,10.0,6.0,1208,False,0.0,False,G35,19,26.0,10.0,0.441,pass,0.566
15346,ok,10.0,False,10.0,4.0,1098,False,0.0,False,G23,22,107.0,10.0,0.188,pass,0.227
15347,ok,10.0,False,10.0,4.0,1143,False,0.0,False,G217,2,16.0,10.0,0.145,pass,0.102
15348,ok,10.0,False,10.0,5.0,1142,False,0.0,False,G110,4,57.0,10.0,0.137,pass,0.214
15349,ok,10.0,False,10.0,5.0,1168,False,0.0,False,G313,1,33.0,10.0,0.135,pass,0.099
15350,ok,10.0,False,10.0,5.0,1132,False,0.0,False,G2,63,73.0,10.0,0.072,pass,0.099
15351,ok,10.0,False,10.0,7.0,1247,False,0.0,False,G5,45,84.0,10.0,0.45,pass,0.583
15352,ok,10.0,False,10.0,5.0,1126,False,0.0,False,G11,26,57.0,10.0,0.191,pass,0.185
15353,ok,10.0,False,10.0,4.0,936,False,0.0,False,G14,23,43.0,10.0,0.143,pass,0.097
15354,ok,10.0,False,10.0,7.0,1238,False,0.0,False,G218,2,4.0,10.0,0.748,pass,1.026
15355,ok,10.0,False,10.0,6.0,1198,False,0.0,False,,0,1.0,10.0,0.508,pass,0.571
15356,ok,10.0,False,10.0,5.0,1141,False,0.0,False,G314,0,2.0,10.0,0.126,pass,0.103
15357,ok,10.0,False,10.0,7.0,1247,False,0.0,False,G5,45,84.0,10.0,0.451,pass,0.584
15358,ok,10.0,False,10.0,6.0,1210,False,0.0,False,G202,1,91.0,10.0,0.126,pass,0.101
15359,ok,10.0,False,10.0,5.0,1132,False,0.0,False,,0,0.0,10.0,0.072,pass,0.1
15360,ok,10.0,False,10.0,7.0,1077,False,0.0,False,G123,4,30.0,10.0,0.881,pass,1.352
15361,ok,10.0,False,10.0,4.0,1103,False,0.0,False,G8,44,107.0,10.0,0.199,pass,0.213
15362,capped,1000.0,True,1000.0,6.0,105678,False,0.0,False,G315,1,10.0,,0.933,pass,1.494
15363,ok,10.0,False,10.0,8.0,1263,False,0.0,False,,0,0.0,10.0,0.311,pass,0.354
15367,ok,10.0,False,10.0,4.0,1041,False,0.0,False,G51,0,12.0,10.0,0.138,pass,0.098
15368,ok,10.0,False,10.0,4.0,1041,False,0.0,False,G51,8,12.0,10.0,0.073,pass,0.098
15369,ok,10.0,False,10.0,7.0,1236,False,0.0,False,G172,2,27.0,10.0,0.439,pass,0.567
15370,ok,10.0,False,10.0,5.0,969,False,0.0,False,G29,0,44.0,10.0,0.182,pass,0.208
15371,ok,10.0,False,10.0,6.0,1170,False,0.0,False,G46,11,18.0,10.0,0.139,pass,0.224
15372,ok,10.0,False,10.0,3.0,1065,False,0.0,False,G16,15,30.0,10.0,0.139,pass,0.099
15373,ok,10.0,False,10.0,3.0,1065,False,0.0,False,G16,15,30.0,10.0,0.07,pass,0.099
15374,ok,10.0,False,10.0,2.0,215,False,0.0,False,G316,1,8.0,10.0,0.293,pass,0.372
15375,ok,10.0,False,10.0,4.0,1096,False,0.0,False,G42,12,107.0,10.0,0.201,pass,0.183
15376,ok,10.0,False,10.0,6.0,1204,False,0.0,False,G70,8,86.0,10.0,0.148,pass,0.101
15377,ok,10.0,False,10.0,7.0,1247,False,0.0,False,G5,45,84.0,10.0,0.452,pass,0.58
15378,ok,10.0,False,10.0,6.0,1214,False,0.0,False,,0,0.0,10.0,0.14,pass,0.1
15379,ok,10.0,False,10.0,6.0,1210,False,0.0,False,G15,22,53.0,10.0,0.726,pass,1.004
15381,ok,10.0,False,10.0,4.0,1104,False,0.0,False,G62,8,10.0,10.0,0.127,pass,0.1
15382,ok,10.0,False,10.0,4.0,1093,False,0.0,False,G3,8,71.0,10.0,0.073,pass,0.1
15383,ok,10.0,False,10.0,6.0,1214,False,0.0,False,G6,2,86.0,10.0,0.07,pass,0.102
15384,ok,10.0,False,10.0,7.0,1239,False,0.0,False,G141,3,5.0,10.0,0.251,pass,0.362
15385,ok,10.0,False,10.0,5.0,1166,False,0.0,False,G125,5,16.0,10.0,0.177,pass,0.1
15386,ok,10.0,False,10.0,5.0,1180,False,0.0,False,G1,95,197.0,10.0,0.51,pass,0.551
15387,ok,10.0,False,10.0,4.0,1103,False,0.0,False,G8,44,107.0,10.0,0.19,pass,0.182
15388,ok,10.0,False,10.0,5.0,1034,False,0.0,False,G317,0,6.0,10.0,0.165,pass,0.119
15389,ok,10.0,False,10.0,5.0,1167,False,0.0,False,,0,4.0,10.0,0.07,pass,0.102
15390,capped,1000.0,True,1000.0,6.0,110679,False,0.0,False,G173,0,3.0,,0.741,pass,1.052
15391,ok,10.0,False,10.0,6.0,1214,False,0.0,False,G6,50,86.0,10.0,0.126,pass,0.1
15393,ok,10.0,False,10.0,5.0,1127,False,0.0,False,G219,2,30.0,10.0,0.073,pass,0.1
15394,ok,10.0,False,10.0,7.0,1246,False,0.0,False,G50,12,25.0,10.0,0.072,pass,0.101
15395,ok,10.0,False,10.0,7.0,1247,False,0.0,False,G5,45,84.0,10.0,0.441,pass,0.591
15396,ok,10.0,False,10.0,5.0,1180,False,0.0,False,G1,95,197.0,10.0,0.483,pass,0.591
15398,ok,10.0,False,10.0,7.0,1085,False,0.0,False,,0,30.0,10.0,0.933,pass,1.414
15399,ok,10.0,False,10.0,4.0,1095,False,0.0,False,G24,8,63.0,10.0,0.213,pass,0.221
15400,ok,10.0,False,10.0,5.0,1037,False,0.0,False,,0,0.0,10.0,0.12,pass,0.135
15401,ok,10.0,False,10.0,7.0,1247,False,0.0,False,G58,10,27.0,10.0,0.438,pass,0.59
15402,ok,10.0,False,10.0,7.0,1114,False,0.0,False,G174,3,10.0,10.0,0.489,pass,0.567
15403,ok,10.0,False,10.0,4.0,1007,False,0.0,False,,0,0.0,10.0,0.065,pass,0.088
15404,ok,10.0,False,10.0,5.0,1166,False,0.0,False,G125,5,16.0,10.0,0.072,pass,0.103
15405,ok,10.0,False,10.0,5.0,1212,False,0.0,False,G318,1,2.0,10.0,0.072,pass,0.104
15406,ok,10.0,False,10.0,5.0,18358,True,0.0,False,,0,0.0,10.0,0.087,pass,0.121
15407,ok,10.0,False,10.0,5.0,1126,False,0.0,False,G11,26,57.0,10.0,0.138,pass,0.216
15409,ok,10.0,False,10.0,7.0,1095,False,0.0,False,G111,5,30.0,10.0,0.943,pass,1.353
15411,ok,10.0,False,10.0,6.0,1214,False,0.0,False,G6,50,86.0,10.0,0.128,pass,0.101
15412,ok,10.0,False,10.0,5.0,1177,False,0.0,False,G57,11,13.0,10.0,0.07,pass,0.1
15413,ok,10.0,False,10.0,4.0,1110,False,0.0,False,G47,3,63.0,10.0,0.133,pass,0.208
15414,ok,10.0,False,10.0,5.0,1127,False,0.0,False,G93,5,58.0,10.0,0.134,pass,0.1
15415,ok,10.0,False,10.0,5.0,1170,False,0.0,False,G21,22,197.0,10.0,0.421,pass,0.553
15416,ok,10.0,False,10.0,5.0,1132,False,0.0,False,G2,63,73.0,10.0,0.135,pass,0.099
15417,ok,10.0,False,10.0,5.0,1120,False,0.0,False,G319,0,17.0,10.0,0.458,pass,0.515
15418,ok,10.0,False,10.0,5.0,1171,False,0.0,False,G220,2,33.0,10.0,0.144,pass,0.099
15419,ok,10.0,False,10.0,6.0,1219,False,0.0,False,G170,3,3.0,10.0,0.435,pass,0.569
15420,ok,10.0,False,10.0,5.0,1137,False,0.0,False,G20,25,58.0,10.0,0.124,pass,0.099
15421,ok,10.0,False,10.0,5.0,1173,False,0.0,False,G30,21,197.0,10.0,0.425,pass,0.55
15422,ok,10.0,False,10.0,7.0,1037,False,0.0,False,,0,0.0,10.0,0.832,pass,1.072
15423,ok,10.0,False,10.0,5.0,1126,False,0.0,False,G175,3,42.0,10.0,0.359,pass,0.426
15425,capped,1000.0,True,1000.0,7.0,112677,False,0.0,False,G145,4,16.0,,0.749,pass,1.067
15426,ok,10.0,False,10.0,4.0,1138,False,0.0,False,G22,24,30.0,10.0,0.126,pass,0.099
15427,ok,10.0,False,10.0,5.0,1180,False,0.0,False,G1,95,197.0,10.0,0.423,pass,0.551
15428,ok,10.0,False,10.0,6.0,1169,False,0.0,False,G19,22,111.0,10.0,0.36,pass,0.429
15430,ok,10.0,False,10.0,4.0,1103,False,0.0,False,G8,44,107.0,10.0,0.196,pass,0.214
15431,ok,10.0,False,10.0,5.0,969,False,0.0,False,G29,0,44.0,10.0,0.195,pass,0.173
15433,ok,10.0,False,10.0,6.0,1200,False,0.0,False,G146,2,53.0,10.0,0.789,pass,1.06
15434,ok,10.0,False,10.0,5.0,1133,False,0.0,False,G17,3,42.0,,0.355,pass,0.426
15435,ok,10.0,False,10.0,4.0,1093,False,0.0,False,G3,48,71.0,10.0,0.15,pass,0.101
15436,ok,10.0,False,10.0,5.0,1127,False,0.0,False,G69,6,57.0,10.0,0.136,pass,0.215
15437,ok,10.0,False,10.0,5.0,994,False,0.0,False,G129,5,7.0,10.0,0.133,pass,0.099
15438,ok,10.0,False,10.0,6.0,1201,False,0.0,False,G96,7,38.0,10.0,0.424,pass,0.568
15439,ok,10.0,False,10.0,5.0,1100,False,0.0,False,,0,0.0,10.0,0.125,pass,0.099
15440,ok,10.0,False,10.0,7.0,1236,False,0.0,False,G78,6,193.0,10.0,0.741,pass,1.038
15441,ok,10.0,False,10.0,5.0,1166,False,0.0,False,G33,20,28.0,10.0,0.124,pass,0.1
15442,ok,10.0,False,10.0,4.0,1098,False,0.0,False,G37,11,63.0,10.0,0.138,pass,0.21
15443,ok,10.0,False,10.0,5.0,1126,False,0.0,False,G11,0,57.0,10.0,0.216,pass,0.213
15444,ok,10.0,False,10.0,4.0,1093,False,0.0,False,G53,11,14.0,10.0,0.14,pass,0.1
15445,ok,10.0,False,10.0,3.0,286,False,0.0,False,,0,2.0,10.0,0.229,pass,0.301
15446,ok,10.0,False,10.0,5.0,1180,False,0.0,False,G1,95,197.0,10.0,0.487,pass,0.553
15447,ok,10.0,False,10.0,7.0,1246,False,0.0,False,G7,6,193.0,10.0,0.806,pass,1.051
15448,ok,10.0,False,10.0,6.0,1196,False,0.0,False,,0,1.0,,0.842,pass,1.044
15450,ok,10.0,False,10.0,7.0,1231,False,0.0,False,G63,7,193.0,10.0,0.768,pass,1.041
15452,ok,10.0,False,10.0,4.0,1096,False,0.0,False,G42,12,107.0,10.0,0.189,pass,0.213
15453,ok,50.0,False,50.0,7.0,5919,False,0.0,False,,0,0.0,50.0,0.507,pass,0.588
15454,ok,10.0,False,10.0,7.0,1269,False,0.0,False,,0,0.0,10.0,0.491,pass,0.582
15455,ok,10.0,False,10.0,7.0,1247,False,0.0,False,G13,34,49.0,10.0,0.491,pass,0.612
15456,ok,10.0,False,10.0,7.0,1079,False,0.0,False,,0,5.0,10.0,0.715,pass,0.876
15457,ok,10.0,False,10.0,4.0,1095,False,0.0,False,G24,8,63.0,10.0,0.187,pass,0.181
15458,ok,10.0,False,10.0,6.0,1214,False,0.0,False,G26,22,32.0,10.0,0.135,pass,0.101
15459,ok,10.0,False,10.0,4.0,937,False,0.0,False,G168,2,43.0,10.0,0.069,pass,0.097
15460,ok,10.0,False,10.0,6.0,1151,False,0.0,False,G41,13,111.0,10.0,0.309,pass,0.432
15464,ok,10.0,False,10.0,5.0,1137,False,0.0,False,G10,39,63.0,10.0,0.132,pass,0.1
15465,capped,1000.0,True,1000.0,7.0,80805,False,0.0,False,,0,0.0,,0.191,pass,0.324
15466,ok,10.0,False,10.0,5.0,1137,False,0.0,False,G20,25,58.0,10.0,0.13,pass,0.101
15469,ok,100.0,False,100.0,6.0,7924,False,0.0,False,G221,2,3.0,100.0,0.855,pass,1.331
15470,ok,10.0,False,10.0,6.0,1199,False,0.0,False,G108,1,53.0,10.0,1.126,pass,1.014
15471,ok,10.0,False,10.0,6.0,1061,False,0.0,False,,0,0.0,,0.848,pass,1.312
15472,ok,10.0,False,10.0,7.0,1247,False,0.0,False,G5,45,84.0,10.0,0.448,pass,0.586
15473,ok,10.0,False,10.0,7.0,1246,False,0.0,False,G7,34,193.0,10.0,0.735,pass,1.033
15474,ok,10.0,False,10.0,4.0,1138,False,0.0,False,G22,24,30.0,10.0,0.139,pass,0.099
15475,ok,10.0,False,10.0,6.0,1219,False,0.0,False,G39,16,21.0,10.0,0.424,pass,0.567
15476,ok,10.0,False,10.0,7.0,1240,False,0.0,False,G80,6,84.0,10.0,0.438,pass,0.595
15477,ok,10.0,False,10.0,5.0,1132,False,0.0,False,G2,63,73.0,10.0,0.088,pass,0.101
15478,ok,10.0,False,10.0,4.0,1098,False,0.0,False,G37,1,63.0,10.0,0.132,pass,0.208
15479,ok,10.0,False,10.0,7.0,1246,False,0.0,False,G7,34,193.0,10.0,0.759,pass,1.032
15480,ok,10.0,False,10.0,7.0,1228,False,0.0,False,,0,5.0,10.0,0.252,pass,0.358
15483,ok,10.0,False,10.0,6.0,1170,False,0.0,False,G43,12,28.0,10.0,0.222,pass,0.223
15484,ok,10.0,False,10.0,6.0,1219,False,0.0,False,G170,3,3.0,10.0,0.426,pass,0.568
15486,ok,10.0,False,10.0,5.0,1131,False,0.0,False,G64,6,17.0,10.0,0.194,pass,0.231
15487,ok,10.0,False,10.0,4.0,1093,False,0.0,False,G3,48,71.0,10.0,0.15,pass,0.101
15488,ok,10.0,False,10.0,6.0,1165,False,0.0,False,G222,2,7.0,10.0,0.137,pass,0.224
15489,ok,10.0,False,10.0,6.0,1203,False,0.0,False,G176,3,86.0,10.0,0.137,pass,0.101
15490,ok,10.0,False,10.0,5.0,1137,False,0.0,False,,0,0.0,10.0,0.071,pass,0.101
15491,ok,10.0,False,10.0,7.0,1247,False,0.0,False,,0,0.0,10.0,0.439,pass,0.587
15492,ok,10.0,False,10.0,4.0,342,False,0.0,False,,0,0.0,10.0,0.522,pass,0.571
15493,ok,10.0,False,10.0,7.0,1246,False,0.0,False,G7,34,193.0,10.0,0.811,pass,1.035
15494,ok,10.0,False,10.0,5.0,1180,False,0.0,False,G1,95,197.0,10.0,0.491,pass,0.548
15495,ok,10.0,False,10.0,6.0,1210,False,0.0,False,G15,22,53.0,10.0,0.778,pass,1.006
15496,ok,10.0,False,10.0,4.0,1104,False,0.0,False,G62,8,10.0,10.0,0.125,pass,0.099
15497,ok,10.0,False,10.0,7.0,18367,True,0.0,False,,0,0.0,10.0,1.095,pass,2.076
15498,ok,10.0,False,10.0,5.0,1132,False,0.0,False,G2,63,73.0,10.0,0.14,pass,0.1
15499,ok,10.0,False,10.0,7.0,1238,False,0.0,False,G4,51,193.0,10.0,0.737,pass,1.044
15500,ok,10.0,False,10.0,7.0,1246,False,0.0,False,G56,11,14.0,10.0,0.126,pass,0.101
15502,ok,10.0,False,10.0,6.0,1208,False,0.0,False,G35,19,26.0,10.0,0.431,pass,0.575
15503,ok,10.0,False,10.0,6.0,1214,False,0.0,False,G9,45,91.0,10.0,0.127,pass,0.1
15504,ok,10.0,False,10.0,4.0,1093,False,0.0,False,G320,1,1.0,10.0,0.071,pass,0.1
15505,ok,10.0,False,10.0,7.0,1246,False,0.0,False,G56,11,14.0,10.0,0.072,pass,0.102
15506,ok,10.0,False,10.0,5.0,1180,False,0.0,False,G1,95,197.0,10.0,0.422,pass,0.552
15507,ok,10.0,False,10.0,6.0,1208,False,0.0,False,G31,19,38.0,10.0,0.488,pass,0.565
15509,ok,10.0,False,10.0,5.0,1173,False,0.0,False,G30,21,197.0,10.0,0.482,pass,0.548
15511,ok,10.0,False,10.0,4.0,1095,False,0.0,False,G24,8,63.0,10.0,0.189,pass,0.184
15512,ok,10.0,False,10.0,6.0,1214,False,0.0,False,G26,22,32.0,10.0,0.144,pass,0.1
15513,ok,10.0,False,10.0,5.0,1126,False,0.0,False,G59,11,58.0,10.0,0.072,pass,0.101
15514,ok,10.0,False,10.0,6.0,1161,False,0.0,False,G12,31,111.0,10.0,0.306,pass,0.429
15515,ok,10.0,False,10.0,6.0,1210,False,0.0,False,G15,22,53.0,10.0,0.798,pass,1.023
15516,ok,10.0,False,10.0,2.0,190,False,0.0,False,,0,0.0,10.0,0.13,pass,0.103
15517,ok,10.0,False,10.0,5.0,1021,False,0.0,False,G28,0,21.0,10.0,0.083,pass,0.117
15520,ok,10.0,False,10.0,4.0,1103,False,0.0,False,G8,44,107.0,10.0,0.136,pass,0.183
15521,ok,10.0,False,10.0,7.0,1095,False,0.0,False,G296,1,4.0,10.0,0.932,pass,1.353
15523,ok,10.0,False,10.0,5.0,524,False,0.0,False,,0,3.0,10.0,0.672,pass,0.742
15524,ok,10.0,False,10.0,7.0,1238,False,0.0,False,G105,6,19.0,10.0,0.794,pass,1.037
15526,ok,10.0,False,10.0,6.0,1208,False,0.0,False,G35,19,26.0,10.0,0.497,pass,0.612
15527,ok,10.0,False,10.0,5.0,1019,False,0.0,False,G223,2,18.0,10.0,0.124,pass,0.097
15528,ok,10.0,False,10.0,3.0,279,False,0.0,False,G147,1,4.0,10.0,0.45,pass,0.563
15529,ok,10.0,False,10.0,4.0,1093,False,0.0,False,,0,1.0,10.0,0.19,pass,0.227
15530,ok,10.0,False,10.0,6.0,1036,False,0.0,False,G321,1,2.0,10.0,0.507,pass,0.564
15531,ok,10.0,False,10.0,7.0,1179,False,3.0,False,,0,0.0,10.0,0.195,pass,0.192
15532,ok,10.0,False,10.0,6.0,1161,False,0.0,False,G12,31,111.0,10.0,0.37,pass,0.427
15533,ok,10.0,False,10.0,5.0,988,False,0.0,False,,0,7.0,10.0,0.134,pass,0.097
15534,ok,10.0,False,10.0,8.0,1279,False,0.0,False,G36,18,34.0,10.0,0.073,pass,0.103
15535,ok,10.0,False,10.0,4.0,1093,False,0.0,False,G67,10,13.0,10.0,0.07,pass,0.1
15536,ok,0.0,False,0.0,5.0,60,False,0.0,False,,0,,10.0,0.045,pass,0.062
15537,ok,10.0,False,10.0,6.0,1165,False,0.0,False,G97,7,7.0,10.0,0.139,pass,0.218
15538,ok,10.0,False,10.0,4.0,941,False,0.0,False,G322,1,7.0,10.0,0.133,pass,0.097
15539,ok,10.0,False,10.0,4.0,1098,False,0.0,False,G37,11,63.0,10.0,0.135,pass,0.208
15540,ok,10.0,False,10.0,4.0,1035,False,0.0,False,,0,0.0,10.0,0.148,pass,0.099
15541,ok,10.0,False,10.0,8.0,1268,False,0.0,False,G148,0,34.0,10.0,0.073,pass,0.103
15543,ok,10.0,False,10.0,5.0,1126,False,0.0,False,G59,11,58.0,10.0,0.071,pass,0.1
15544,ok,10.0,False,10.0,4.0,1095,False,0.0,False,G24,8,63.0,10.0,0.136,pass,0.208
15545,ok,10.0,False,10.0,5.0,1166,False,0.0,False,G209,2,11.0,10.0,0.143,pass,0.101
15546,ok,10.0,False,10.0,4.0,1138,False,0.0,False,G73,8,16.0,10.0,0.071,pass,0.1
15547,ok,10.0,False,10.0,5.0,1131,False,0.0,False,G65,7,14.0,10.0,0.136,pass,0.219
15549,ok,10.0,False,10.0,7.0,1247,False,0.0,False,G5,45,84.0,10.0,0.502,pass,0.578
15550,ok,10.0,False,10.0,6.0,1059,False,0.0,False,G88,3,12.0,10.0,0.887,pass,1.325
15551,ok,10.0,False,10.0,5.0,1173,False,0.0,False,,0,16.0,10.0,0.495,pass,0.551
15552,capped,1000.0,True,1000.0,6.0,110274,False,0.0,False,,0,0.0,,0.799,pass,1.056
15553,ok,10.0,False,10.0,5.0,1197,False,0.0,False,G207,2,8.0,10.0,0.124,pass,0.101
15554,ok,10.0,False,10.0,5.0,985,False,0.0,False,G54,3,44.0,10.0,0.131,pass,0.195
15555,ok,10.0,False,10.0,3.0,1065,False,0.0,False,G16,15,30.0,10.0,0.15,pass,0.098
15556,ok,10.0,False,10.0,5.0,1181,False,0.0,False,,0,33.0,10.0,0.071,pass,0.1
15557,ok,10.0,False,10.0,6.0,1178,False,0.0,False,,0,7.0,10.0,0.137,pass,0.218
15558,ok,10.0,False,10.0,5.0,1130,False,0.0,False,G126,5,58.0,10.0,0.133,pass,0.101
15559,ok,10.0,False,10.0,6.0,837,False,0.0,False,,0,2.0,10.0,0.885,pass,1.361
15561,ok,10.0,False,10.0,6.0,1161,False,0.0,False,G12,31,111.0,10.0,0.376,pass,0.428
15562,ok,10.0,False,10.0,7.0,1239,False,0.0,False,G141,3,5.0,10.0,0.261,pass,0.358
15563,ok,10.0,False,10.0,8.0,1110,False,0.0,False,,0,0.0,10.0,0.948,pass,1.365
15564,ok,10.0,False,10.0,4.0,1103,False,0.0,False,G8,44,107.0,10.0,0.205,pass,0.213
15565,ok,10.0,False,10.0,5.0,1132,False,0.0,False,G2,63,73.0,10.0,0.145,pass,0.1
15567,ok,10.0,False,10.0,5.0,1126,False,0.0,False,G175,3,42.0,10.0,0.303,pass,0.43
15568,ok,10.0,False,10.0,4.0,1138,False,0.0,False,G22,24,30.0,10.0,0.153,pass,0.099
15569,ok,10.0,False,10.0,6.0,1208,False,0.0,False,G35,19,26.0,10.0,0.433,pass,0.57
15570,ok,10.0,False,10.0,7.0,1239,False,0.0,False,G112,5,193.0,10.0,0.81,pass,1.084
15572,ok,10.0,False,10.0,6.0,1214,False,0.0,False,G9,45,91.0,10.0,0.126,pass,0.101
15573,ok,10.0,False,10.0,5.0,1126,False,0.0,False,G127,4,63.0,10.0,0.071,pass,0.099
15574,ok,10.0,False,10.0,7.0,1239,False,0.0,False,G112,5,193.0,10.0,0.75,pass,1.034
15575,ok,10.0,False,10.0,4.0,1095,False,0.0,False,G24,3,63.0,10.0,0.188,pass,0.208
15576,ok,10.0,False,10.0,7.0,1246,False,0.0,False,G7,34,193.0,10.0,0.821,pass,1.029
15577,ok,10.0,False,10.0,4.0,726,False,0.0,False,G224,2,2.0,10.0,0.287,pass,0.397
15580,ok,10.0,False,10.0,5.0,1126,False,0.0,False,G113,6,30.0,10.0,0.14,pass,0.099
15581,ok,10.0,False,10.0,5.0,1003,False,0.0,False,G323,1,4.0,10.0,0.07,pass,0.097
15582,ok,10.0,False,10.0,4.0,1138,False,0.0,False,G22,24,30.0,10.0,0.07,pass,0.1
15583,ok,10.0,False,10.0,6.0,1204,False,0.0,False,G44,14,91.0,10.0,0.073,pass,0.1
15584,ok,10.0,False,10.0,4.0,1138,False,0.0,False,G73,8,16.0,10.0,0.071,pass,0.101
15585,ok,10.0,False,10.0,5.0,1136,False,0.0,False,,0,2.0,10.0,0.071,pass,0.1
15586,ok,10.0,False,10.0,7.0,1264,False,0.0,False,,0,0.0,10.0,0.072,pass,0.101
15588,ok,10.0,False,10.0,5.0,1132,False,0.0,False,G18,24,38.0,10.0,0.071,pass,0.101
15590,ok,10.0,False,10.0,7.0,1246,False,0.0,False,G7,0,193.0,,0.744,pass,1.036
15591,ok,10.0,False,10.0,7.0,1247,False,0.0,False,G5,0,84.0,10.0,0.306,pass,0.354
15594,ok,10.0,False,10.0,5.0,1123,False,0.0,False,G164,0,42.0,10.0,0.384,pass,0.426
15595,ok,10.0,False,10.0,6.0,1214,False,0.0,False,G55,11,29.0,10.0,0.13,pass,0.101
15596,ok,10.0,False,10.0,5.0,1137,False,0.0,False,G114,6,10.0,10.0,0.136,pass,0.214
15597,ok,10.0,False,10.0,5.0,1132,False,0.0,False,G2,63,73.0,10.0,0.14,pass,0.1
15598,ok,10.0,False,10.0,7.0,1239,False,0.0,False,,0,0.0,10.0,0.254,pass,0.356
15599,ok,10.0,False,10.0,4.0,1104,False,0.0,False,G62,8,10.0,10.0,0.204,pass,0.1
15601,ok,10.0,False,10.0,7.0,1208,False,0.0,False,,0,0.0,10.0,0.382,pass,0.371
15602,ok,10.0,False,10.0,6.0,1214,False,0.0,False,G6,50,86.0,10.0,0.159,pass,0.1
15603,ok,10.0,False,10.0,4.0,1098,False,0.0,False,G23,22,107.0,10.0,0.172,pass,0.212
15604,ok,10.0,False,10.0,5.0,1137,False,0.0,False,G10,39,63.0,10.0,0.152,pass,0.099
15605,ok,10.0,False,10.0,5.0,989,False,0.0,False,,0,0.0,10.0,1.08,pass,2.005
15606,ok,10.0,False,10.0,7.0,1237,False,0.0,False,G71,9,84.0,10.0,0.434,pass,0.579
15608,ok,10.0,False,10.0,5.0,1133,False,0.0,False,G17,17,42.0,10.0,0.359,pass,0.428
15609,ok,10.0,False,10.0,7.0,1247,False,0.0,False,G5,45,84.0,10.0,0.486,pass,0.566
15610,ok,10.0,False,10.0,4.0,1104,False,0.0,False,G62,8,10.0,10.0,0.132,pass,0.099
15611,ok,10.0,False,10.0,4.0,1103,False,0.0,False,G8,44,107.0,10.0,0.134,pass,0.211
15612,ok,10.0,False,10.0,7.0,1247,False,0.0,False,G13,34,49.0,10.0,0.508,pass,0.595
15613,ok,10.0,False,10.0,6.0,1208,False,0.0,False,G31,19,38.0,10.0,0.499,pass,0.563
15614,ok,10.0,False,10.0,8.0,1271,False,0.0,False,,0,7.0,10.0,0.817,pass,1.05
15615,ok,10.0,False,10.0,6.0,1230,False,0.0,False,G225,1,4.0,,0.497,pass,0.593
15616,ok,10.0,False,10.0,4.0,947,False,0.0,False,G324,0,4.0,10.0,0.255,pass,0.264
15617,ok,10.0,False,10.0,5.0,1171,False,0.0,False,G325,1,28.0,10.0,0.149,pass,0.1
15618,ok,10.0,False,10.0,7.0,1237,False,0.0,False,G91,7,27.0,10.0,0.446,pass,0.58
15619,ok,10.0,False,10.0,8.0,1279,False,0.0,False,G326,0,1.0,10.0,1.196,pass,1.345
15620,ok,10.0,False,10.0,7.0,1646,False,0.0,False,G327,1,1.0,10.0,0.128,pass,0.103
15621,ok,10.0,False,10.0,6.0,1203,False,0.0,False,G115,5,29.0,10.0,0.072,pass,0.102
15622,ok,10.0,False,10.0,5.0,1135,False,0.0,False,G116,5,13.0,10.0,0.304,pass,0.432
15624,ok,10.0,False,10.0,7.0,1228,False,0.0,False,G27,15,193.0,10.0,0.813,pass,1.039
15625,capped,1000.0,True,1000.0,4.0,101611,False,0.0,False,,0,1.0,,0.232,pass,0.336
15627,ok,10.0,False,10.0,5.0,1182,False,0.0,False,,0,8.0,10.0,0.136,pass,0.1
15629,ok,10.0,False,10.0,5.0,1175,False,0.0,False,G66,10,33.0,10.0,0.072,pass,0.1
15630,ok,10.0,False,10.0,5.0,1132,False,0.0,False,G2,63,73.0,10.0,0.071,pass,0.099
15632,ok,10.0,False,10.0,4.0,1110,False,0.0,False,,0,1.0,10.0,0.07,pass,0.099
15633,ok,10.0,False,10.0,8.0,1277,False,0.0,False,G130,5,7.0,10.0,0.745,pass,1.055
15634,ok,10.0,False,10.0,5.0,1166,False,0.0,False,G33,20,28.0,10.0,0.128,pass,0.1
15635,ok,10.0,False,10.0,6.0,1203,False,0.0,False,G98,7,91.0,10.0,0.071,pass,0.101
15636,ok,10.0,False,10.0,6.0,1205,False,0.0,False,G81,8,86.0,10.0,0.071,pass,0.102
15638,ok,10.0,False,10.0,4.0,952,False,0.0,False,G328,1,43.0,10.0,0.069,pass,0.097
15640,ok,10.0,False,10.0,6.0,1617,False,0.0,False,,0,0.0,10.0,0.597,pass,0.979
15644,ok,10.0,False,10.0,5.0,1180,False,0.0,False,G1,95,197.0,10.0,0.488,pass,0.575
15645,ok,10.0,False,10.0,4.0,1103,False,0.0,False,G8,44,107.0,10.0,0.192,pass,0.183
15646,ok,10.0,False,10.0,5.0,1026,False,0.0,False,G131,5,18.0,10.0,0.152,pass,0.097
15647,ok,10.0,False,10.0,7.0,1247,False,0.0,False,G5,5,84.0,10.0,0.461,pass,0.516
15649,ok,10.0,False,10.0,4.0,1132,False,0.0,False,G329,1,16.0,10.0,0.076,pass,0.101
15650,ok,10.0,False,10.0,6.0,1214,False,0.0,False,G9,45,91.0,10.0,0.072,pass,0.101
15651,ok,10.0,False,10.0,7.0,18425,True,0.0,False,,0,0.0,10.0,0.09,pass,0.121
15653,ok,10.0,False,10.0,6.0,1210,False,0.0,False,G15,1,53.0,,0.712,pass,1.047
15654,ok,10.0,False,10.0,6.0,1161,False,0.0,False,G12,3,111.0,10.0,0.354,pass,0.478
15655,ok,10.0,False,10.0,7.0,1247,False,0.0,False,G5,45,84.0,10.0,0.501,pass,0.587
15656,ok,10.0,False,10.0,7.0,1247,False,0.0,False,G58,10,27.0,10.0,0.491,pass,0.614
15657,ok,10.0,False,10.0,2.0,214,False,0.0,False,G117,0,8.0,10.0,0.348,pass,0.373
15658,ok,10.0,False,10.0,5.0,1126,False,0.0,False,G11,26,57.0,10.0,0.198,pass,0.185
15659,ok,10.0,False,10.0,5.0,1137,False,0.0,False,G10,39,63.0,10.0,0.134,pass,0.1
15660,ok,10.0,False,10.0,6.0,1197,False,0.0,False,G330,1,38.0,10.0,0.442,pass,0.558
15662,ok,10.0,False,10.0,6.0,1059,False,0.0,False,G331,1,3.0,10.0,0.345,pass,0.408
15663,ok,10.0,False,10.0,5.0,1180,False,0.0,False,G1,95,197.0,10.0,0.5,pass,0.552
15665,capped,1000.0,True,1000.0,7.0,112685,False,0.0,False,G118,0,16.0,,0.824,pass,1.083
15666,ok,10.0,False,10.0,7.0,1246,False,0.0,False,G56,11,14.0,10.0,0.087,pass,0.101
15667,ok,10.0,False,10.0,6.0,1169,False,0.0,False,G19,22,111.0,10.0,0.309,pass,0.427
15668,ok,10.0,False,10.0,7.0,1231,False,0.0,False,G63,0,193.0,10.0,0.821,pass,1.032
15669,ok,10.0,False,10.0,5.0,1029,False,0.0,False,,0,1.0,10.0,0.687,pass,0.836
15670,ok,10.0,False,10.0,5.0,1131,False,0.0,False,G119,5,7.0,10.0,0.194,pass,0.221
15671,ok,10.0,False,10.0,6.0,1205,False,0.0,False,G81,8,86.0,10.0,0.152,pass,0.1
15672,ok,10.0,False,10.0,4.0,1103,False,0.0,False,G8,44,107.0,10.0,0.137,pass,0.218
15673,ok,10.0,False,10.0,5.0,1025,False,0.0,False,,0,12.0,10.0,0.717,pass,0.847
15674,ok,10.0,False,10.0,4.0,1110,False,0.0,False,G47,3,63.0,10.0,0.194,pass,0.258
15675,ok,10.0,False,10.0,5.0,1175,False,0.0,False,G177,3,4.0,10.0,0.144,pass,0.099
15676,ok,10.0,False,10.0,7.0,1237,False,0.0,False,G71,9,84.0,10.0,0.449,pass,0.568
15677,ok,10.0,False,10.0,7.0,1238,False,0.0,False,G4,51,193.0,10.0,0.801,pass,1.033
15678,ok,10.0,False,10.0,4.0,938,False,0.0,False,G332,1,5.0,10.0,0.557,pass,0.672
15679,ok,10.0,False,10.0,5.0,1180,False,0.0,False,G82,7,16.0,10.0,0.425,pass,0.55
15680,ok,10.0,False,10.0,6.0,1201,False,0.0,False,G96,7,38.0,10.0,0.479,pass,0.566
15681,ok,10.0,False,10.0,5.0,1021,False,0.0,False,G28,18,21.0,10.0,0.123,pass,0.096
15682,ok,10.0,False,10.0,5.0,970,False,0.0,False,G83,1,44.0,10.0,0.129,pass,0.197
15685,ok,10.0,False,10.0,5.0,1168,False,0.0,False,G313,1,33.0,10.0,0.157,pass,0.1
15687,ok,10.0,False,10.0,6.0,1214,False,0.0,False,G9,45,91.0,10.0,0.072,pass,0.102
15688,ok,10.0,False,10.0,5.0,1137,False,0.0,False,G20,25,58.0,10.0,0.071,pass,0.1
15689,ok,10.0,False,10.0,7.0,1228,False,0.0,False,G27,2,193.0,10.0,0.755,pass,1.05
15690,ok,10.0,False,10.0,5.0,1137,False,0.0,False,G10,39,63.0,10.0,0.124,pass,0.1
15692,ok,10.0,False,10.0,6.0,1165,False,0.0,False,G97,7,7.0,10.0,0.135,pass,0.223
15694,ok,10.0,False,10.0,4.0,1104,False,0.0,False,G298,1,2.0,10.0,0.145,pass,0.1
15695,ok,10.0,False,10.0,5.0,1137,False,0.0,False,G10,39,63.0,10.0,0.071,pass,0.101
15696,ok,10.0,False,10.0,4.0,1093,False,0.0,False,G3,1,71.0,10.0,0.071,pass,0.099
15697,ok,10.0,False,10.0,5.0,1124,False,0.0,False,,0,14.0,10.0,0.139,pass,0.185
15698,ok,10.0,False,10.0,4.0,1103,False,0.0,False,G8,44,107.0,10.0,0.206,pass,0.214
15699,ok,10.0,False,10.0,5.0,1141,False,0.0,False,G314,0,2.0,10.0,0.141,pass,0.099
15700,ok,10.0,False,10.0,7.0,1077,False,0.0,False,G123,4,30.0,10.0,0.872,pass,1.364
15701,ok,10.0,False,10.0,4.0,1103,False,0.0,False,G8,0,107.0,10.0,0.192,pass,0.222
15703,ok,10.0,False,10.0,6.0,1151,False,0.0,False,G41,13,111.0,10.0,0.377,pass,0.427
15704,ok,10.0,False,10.0,4.0,1098,False,0.0,False,G333,1,2.0,10.0,0.154,pass,0.101
15705,ok,10.0,False,10.0,5.0,1132,False,0.0,False,G2,63,73.0,10.0,0.071,pass,0.099
15707,ok,10.0,False,10.0,6.0,1151,False,0.0,False,G41,13,111.0,10.0,0.307,pass,0.428
15708,ok,10.0,False,10.0,6.0,1203,False,0.0,False,G98,7,91.0,10.0,0.148,pass,0.1
15709,ok,10.0,False,10.0,6.0,1208,False,0.0,False,G31,19,38.0,10.0,0.438,pass,0.573
15710,ok,10.0,False,10.0,6.0,1170,False,0.0,False,G46,11,18.0,10.0,0.194,pass,0.195
15711,ok,10.0,False,10.0,5.0,1175,False,0.0,False,G99,7,16.0,10.0,0.157,pass,0.101
15714,ok,10.0,False,10.0,6.0,452,False,0.0,False,,0,0.0,10.0,0.891,pass,1.215
15715,ok,10.0,False,10.0,5.0,1126,False,0.0,False,G113,6,30.0,10.0,0.126,pass,0.099
15716,ok,10.0,False,10.0,7.0,1228,False,0.0,False,G27,2,193.0,10.0,0.76,pass,1.052
15717,ok,10.0,False,10.0,4.0,1095,False,0.0,False,G24,8,63.0,10.0,0.186,pass,0.205
15718,ok,10.0,False,10.0,7.0,1238,False,0.0,False,G4,51,193.0,10.0,0.812,pass,1.082
15720,ok,10.0,False,10.0,5.0,1173,False,0.0,False,G30,21,197.0,10.0,0.506,pass,0.55
15721,ok,10.0,False,10.0,6.0,980,False,0.0,False,G334,1,5.0,10.0,0.745,pass,1.031
15722,ok,10.0,False,10.0,6.0,1214,False,0.0,False,G6,50,86.0,10.0,0.125,pass,0.101
15723,ok,10.0,False,10.0,6.0,1210,False,0.0,False,G15,22,53.0,10.0,0.73,pass,1.007
15724,ok,10.0,False,10.0,4.0,1093,False,0.0,False,G3,0,71.0,10.0,0.126,pass,0.1
15725,ok,10.0,False,10.0,8.0,1255,False,0.0,False,,0,1.0,10.0,0.784,pass,1.103
15726,ok,10.0,False,10.0,5.0,522,False,0.0,False,,0,6.0,10.0,1.321,pass,1.87
15727,capped,1000.0,True,1000.0,6.0,105670,False,0.0,False,G107,4,10.0,,0.931,pass,1.462
15728,ok,10.0,False,10.0,5.0,1126,False,0.0,False,G11,26,57.0,10.0,0.187,pass,0.213
15729,ok,10.0,False,10.0,5.0,1180,False,0.0,False,,0,0.0,10.0,0.291,pass,0.306
15730,ok,10.0,False,10.0,8.0,1266,False,0.0,False,G335,1,2.0,10.0,0.796,pass,1.098
15731,ok,10.0,False,10.0,6.0,1169,False,0.0,False,G19,22,111.0,10.0,0.362,pass,0.426
15734,ok,10.0,False,10.0,4.0,1093,False,0.0,False,G67,10,13.0,10.0,0.135,pass,0.1
15735,ok,10.0,False,10.0,7.0,1095,False,0.0,False,G111,5,30.0,10.0,0.865,pass,1.371
15736,ok,10.0,False,10.0,7.0,1246,False,0.0,False,G7,6,193.0,10.0,0.803,pass,1.048
15737,ok,10.0,False,10.0,4.0,1093,False,0.0,False,G53,11,14.0,10.0,0.127,pass,0.102
15738,ok,10.0,False,10.0,4.0,1093,False,0.0,False,G67,10,13.0,10.0,0.071,pass,0.101
15739,ok,10.0,False,10.0,6.0,1208,False,0.0,False,G226,2,2.0,10.0,0.436,pass,0.556
15740,ok,10.0,False,10.0,7.0,1247,False,0.0,False,G5,45,84.0,10.0,0.494,pass,0.581
15741,ok,10.0,False,10.0,6.0,1204,False,0.0,False,G149,4,29.0,10.0,0.126,pass,0.101
15742,ok,10.0,False,10.0,4.0,1103,False,0.0,False,G8,44,107.0,10.0,0.135,pass,0.213
15743,ok,10.0,False,10.0,5.0,1157,False,0.0,False,,0,1.0,10.0,0.142,pass,0.104
15744,ok,10.0,False,10.0,5.0,1132,False,0.0,False,G18,24,38.0,10.0,0.072,pass,0.1
15745,ok,10.0,False,10.0,8.0,1279,False,0.0,False,G52,12,16.0,10.0,0.073,pass,0.101
15747,ok,10.0,False,10.0,6.0,1158,False,0.0,False,G227,2,16.0,10.0,0.071,pass,0.1
15748,ok,10.0,False,10.0,5.0,1133,False,0.0,False,G204,2,73.0,10.0,0.072,pass,0.099
15749,ok,10.0,False,10.0,5.0,1171,False,0.0,False,G25,22,197.0,10.0,0.428,pass,0.552
15750,ok,10.0,False,10.0,6.0,1214,False,0.0,False,G6,50,86.0,10.0,0.131,pass,0.1
15751,ok,10.0,False,10.0,6.0,1203,False,0.0,False,G115,5,29.0,10.0,0.071,pass,0.101
15753,ok,10.0,False,10.0,6.0,1219,False,0.0,False,G39,16,21.0,10.0,0.439,pass,0.562
15754,ok,10.0,False,10.0,5.0,1132,False,0.0,False,G2,63,73.0,10.0,0.126,pass,0.1
15755,ok,10.0,False,10.0,6.0,1201,False,0.0,False,G178,3,26.0,10.0,0.429,pass,0.568
15756,ok,10.0,False,10.0,7.0,1231,False,0.0,False,G63,0,193.0,10.0,0.803,pass,1.039
15759,ok,10.0,False,10.0,4.0,1098,False,0.0,False,G23,22,107.0,10.0,0.192,pass,0.212
15760,ok,10.0,False,10.0,5.0,1131,False,0.0,False,G64,6,17.0,10.0,0.211,pass,0.216
15761,ok,10.0,False,10.0,5.0,982,False,0.0,False,G132,0,6.0,,1.152,pass,1.992
15762,ok,10.0,False,10.0,5.0,1132,False,0.0,False,G150,2,58.0,10.0,0.14,pass,0.1
15763,ok,10.0,False,10.0,5.0,1137,False,0.0,False,G228,2,2.0,10.0,0.072,pass,0.1
15765,ok,10.0,False,10.0,5.0,1171,False,0.0,False,G25,22,197.0,10.0,0.431,pass,0.546
15766,ok,10.0,False,10.0,4.0,1103,False,0.0,False,G336,0,63.0,10.0,0.189,pass,0.208
15768,ok,10.0,False,10.0,4.0,1103,False,0.0,False,G8,44,107.0,10.0,0.205,pass,0.214
15769,ok,10.0,False,10.0,6.0,1161,False,0.0,False,G12,31,111.0,10.0,0.382,pass,0.427
15770,ok,10.0,False,10.0,7.0,1087,False,0.0,False,G75,4,30.0,10.0,0.949,pass,1.35
15771,ok,10.0,False,10.0,7.0,1246,False,0.0,False,G7,6,193.0,10.0,0.817,pass,1.051
15772,ok,10.0,False,10.0,5.0,1127,False,0.0,False,G337,1,57.0,10.0,0.19,pass,0.214
15773,ok,10.0,False,10.0,7.0,1083,False,0.0,False,,0,30.0,10.0,0.947,pass,1.349
15774,ok,10.0,False,10.0,8.0,1269,False,0.0,False,G128,5,34.0,10.0,0.15,pass,0.102
15775,ok,10.0,False,10.0,5.0,1192,False,0.0,False,G297,0,8.0,10.0,0.072,pass,0.1
15776,ok,10.0,False,10.0,5.0,1126,False,0.0,False,G11,26,57.0,10.0,0.137,pass,0.213
15777,ok,10.0,False,10.0,7.0,1246,False,0.0,False,G7,34,193.0,10.0,0.812,pass,1.091
15778,ok,10.0,False,10.0,5.0,1137,False,0.0,False,G228,2,2.0,10.0,0.147,pass,0.099
15779,ok,10.0,False,10.0,6.0,1208,False,0.0,False,G40,13,25.0,10.0,0.438,pass,0.578
15780,ok,10.0,False,10.0,7.0,1227,False,0.0,False,G45,10,193.0,10.0,0.741,pass,1.038
15781,ok,10.0,False,10.0,5.0,1171,False,0.0,False,G25,22,197.0,10.0,0.474,pass,0.553
15783,ok,10.0,False,10.0,6.0,1150,False,0.0,False,G76,5,111.0,10.0,0.359,pass,0.429
15784,ok,10.0,False,10.0,5.0,1180,False,0.0,False,G1,95,197.0,10.0,0.423,pass,0.565
15785,ok,10.0,False,10.0,5.0,1132,False,0.0,False,G18,24,38.0,10.0,0.126,pass,0.1
15786,ok,10.0,False,10.0,6.0,1122,False,0.0,False,G179,0,11.0,10.0,0.128,pass,0.184
15787,ok,10.0,False,10.0,3.0,950,False,0.0,False,,0,0.0,10.0,0.073,pass,0.099
15788,ok,10.0,False,10.0,4.0,1093,False,0.0,False,G3,48,71.0,10.0,0.071,pass,0.1
15789,ok,10.0,False,10.0,5.0,1133,False,0.0,False,G17,17,42.0,10.0,0.305,pass,0.431
15790,ok,10.0,False,10.0,5.0,1173,False,0.0,False,G30,21,197.0,10.0,0.487,pass,0.56
15791,ok,10.0,False,10.0,2.0,214,False,0.0,False,G117,0,8.0,10.0,0.285,pass,0.297
15793,ok,10.0,False,10.0,3.0,257,False,0.0,False,G180,0,3.0,10.0,0.294,pass,0.305
15794,ok,10.0,False,10.0,5.0,1166,False,0.0,False,G33,20,28.0,10.0,0.141,pass,0.099
15795,ok,10.0,False,10.0,5.0,1177,False,0.0,False,G57,11,13.0,10.0,0.072,pass,0.1
15796,ok,10.0,False,10.0,5.0,985,False,0.0,False,G54,3,44.0,10.0,0.129,pass,0.195
15797,ok,10.0,False,10.0,5.0,1137,False,0.0,False,G20,25,58.0,10.0,0.144,pass,0.1
15798,ok,10.0,False,10.0,7.0,1238,False,0.0,False,G4,51,193.0,10.0,0.751,pass,1.038
15799,ok,10.0,False,10.0,4.0,1093,False,0.0,False,G53,11,14.0,10.0,0.132,pass,0.099
15800,ok,10.0,False,10.0,6.0,1219,False,0.0,False,G39,16,21.0,10.0,0.446,pass,0.56
15801,ok,10.0,False,10.0,6.0,1214,False,0.0,False,G26,22,32.0,10.0,0.126,pass,0.101
15803,ok,10.0,False,10.0,7.0,1095,False,0.0,False,G111,5,30.0,10.0,0.869,pass,1.348
15804,ok,10.0,False,10.0,6.0,1201,False,0.0,False,G178,3,26.0,10.0,0.518,pass,0.561
15805,ok,10.0,False,10.0,4.0,1098,False,0.0,False,G37,11,63.0,10.0,0.19,pass,0.214
15806,capped,1000.0,True,1000.0,4.0,20583,False,0.0,False,,0,1.0,,0.89,pass,1.142
15807,ok,10.0,False,10.0,6.0,987,False,0.0,False,G338,1,5.0,10.0,0.798,pass,1.033
15808,ok,10.0,False,10.0,5.0,1166,False,0.0,False,G33,20,28.0,10.0,0.125,pass,0.101
15810,ok,10.0,False,10.0,5.0,1134,False,0.0,False,,0,0.0,10.0,0.318,pass,0.356
15811,ok,10.0,False,10.0,5.0,1029,False,0.0,False,G100,6,12.0,10.0,0.637,pass,0.842
15812,ok,10.0,False,10.0,6.0,1156,False,0.0,False,G120,6,26.0,10.0,0.353,pass,0.412
15813,ok,10.0,False,10.0,7.0,1236,False,0.0,False,G172,2,27.0,10.0,0.505,pass,0.585
15815,ok,10.0,False,10.0,5.0,1120,False,0.0,False,G339,1,14.0,10.0,0.142,pass,0.191
15816,ok,10.0,False,10.0,4.0,1136,False,0.0,False,,0,16.0,10.0,0.173,pass,0.099
15817,ok,10.0,False,10.0,6.0,1214,False,0.0,False,G9,45,91.0,10.0,0.079,pass,0.101
15818,ok,10.0,False,10.0,5.0,1133,False,0.0,False,G17,17,42.0,10.0,0.307,pass,0.425
15819,ok,10.0,False,10.0,5.0,1137,False,0.0,False,,0,5.0,10.0,0.197,pass,0.222
15821,ok,10.0,False,10.0,6.0,1207,False,0.0,False,G48,13,91.0,10.0,0.136,pass,0.1
15824,ok,10.0,False,10.0,6.0,1204,False,0.0,False,G151,4,32.0,10.0,0.071,pass,0.101
15825,ok,10.0,False,10.0,3.0,287,False,0.0,False,G340,0,1.0,10.0,0.457,pass,0.569
15826,ok,10.0,False,10.0,4.0,936,False,0.0,False,G144,4,7.0,10.0,0.073,pass,0.097
15827,ok,10.0,False,10.0,6.0,1207,False,0.0,False,G48,13,91.0,10.0,0.071,pass,0.101
15828,ok,10.0,False,10.0,5.0,1132,False,0.0,False,G60,0,63.0,10.0,0.071,pass,0.1
15829,ok,10.0,False,10.0,6.0,999,False,0.0,False,,0,14.0,10.0,1.088,pass,2.061
15832,ok,10.0,False,10.0,6.0,1214,False,0.0,False,G6,50,86.0,10.0,0.137,pass,0.101
15833,ok,10.0,False,10.0,4.0,1096,False,0.0,False,G42,12,107.0,10.0,0.134,pass,0.26
15834,ok,10.0,False,10.0,4.0,1093,False,0.0,False,G3,48,71.0,10.0,0.156,pass,0.1
15835,ok,10.0,False,10.0,4.0,1869,False,0.0,False,G341,0,1.0,10.0,0.072,pass,0.102
15836,ok,10.0,False,10.0,5.0,1180,False,0.0,False,G1,95,197.0,10.0,0.423,pass,0.555
15837,ok,10.0,False,10.0,4.0,1157,False,0.0,False,G342,0,1.0,10.0,0.138,pass,0.113
15838,ok,10.0,False,10.0,5.0,1895,False,0.0,False,G343,1,1.0,10.0,0.076,pass,0.102
15839,ok,10.0,False,10.0,6.0,1204,False,0.0,False,,0,4.0,10.0,0.072,pass,0.1
15840,ok,10.0,False,10.0,6.0,1154,False,0.0,False,G74,6,111.0,10.0,0.358,pass,0.429
15841,ok,10.0,False,10.0,5.0,1129,False,0.0,False,G229,2,38.0,10.0,0.135,pass,0.1
15842,ok,10.0,False,10.0,5.0,1026,False,0.0,False,G131,5,18.0,10.0,0.07,pass,0.097
15843,ok,10.0,False,10.0,5.0,1137,False,0.0,False,G10,39,63.0,10.0,0.071,pass,0.102
15844,ok,10.0,False,10.0,7.0,1231,False,0.0,False,G63,7,193.0,10.0,0.739,pass,1.034
15846,ok,10.0,False,10.0,5.0,1177,False,0.0,False,G57,11,13.0,10.0,0.124,pass,0.101
15847,ok,10.0,False,10.0,5.0,1180,False,0.0,False,G1,95,197.0,10.0,0.43,pass,0.548
15848,ok,10.0,False,10.0,4.0,936,False,0.0,False,G14,8,43.0,10.0,0.127,pass,0.097
15849,ok,10.0,False,10.0,5.0,1180,False,0.0,False,G1,95,197.0,10.0,0.424,pass,0.557
15850,ok,10.0,False,10.0,5.0,1180,False,0.0,False,G1,95,197.0,10.0,0.468,pass,0.546
15851,ok,10.0,False,10.0,5.0,966,False,0.0,False,,0,44.0,10.0,0.186,pass,0.196
15853,ok,10.0,False,10.0,6.0,1204,False,0.0,False,G70,8,86.0,10.0,0.147,pass,0.101
15854,ok,10.0,False,10.0,4.0,1093,False,0.0,False,G101,0,107.0,10.0,0.136,pass,0.211
15857,ok,10.0,False,10.0,7.0,1239,False,0.0,False,G141,3,5.0,10.0,0.321,pass,0.356
15858,ok,10.0,False,10.0,6.0,1170,False,0.0,False,G43,12,28.0,10.0,0.159,pass,0.229
15860,ok,10.0,False,10.0,4.0,1093,False,0.0,False,G67,10,13.0,10.0,0.16,pass,0.099
15861,ok,10.0,False,10.0,7.0,1239,False,0.0,False,,0,0.0,10.0,0.265,pass,0.355
15862,ok,10.0,False,10.0,6.0,1207,False,0.0,False,G48,13,91.0,10.0,0.161,pass,0.099
15863,ok,10.0,False,10.0,5.0,1029,False,0.0,False,G100,6,12.0,10.0,0.675,pass,0.841
15864,ok,10.0,False,10.0,6.0,1208,False,0.0,False,G31,19,38.0,10.0,0.497,pass,0.556
15867,ok,10.0,False,10.0,5.0,1021,False,0.0,False,G28,18,21.0,10.0,0.142,pass,0.097
15868,ok,10.0,False,10.0,7.0,1247,False,0.0,False,G13,34,49.0,10.0,0.442,pass,0.624
15869,ok,10.0,False,10.0,7.0,1121,False,0.0,False,G133,4,10.0,10.0,0.503,pass,0.573
15871,ok,10.0,False,10.0,6.0,18391,True,0.0,False,G344,1,1.0,10.0,0.649,pass,0.751
15872,ok,10.0,False,10.0,5.0,1015,False,0.0,False,G134,5,18.0,10.0,0.071,pass,0.097
15873,ok,10.0,False,10.0,7.0,1239,False,0.0,False,G112,5,193.0,10.0,0.77,pass,1.031
15874,ok,10.0,False,10.0,4.0,1103,False,0.0,False,G8,44,107.0,10.0,0.189,pass,0.212
15875,ok,10.0,False,10.0,7.0,1242,False,0.0,False,G345,1,14.0,10.0,0.142,pass,0.102
15877,ok,100.0,False,100.0,5.0,10429,False,0.0,False,,0,0.0,100.0,0.136,pass,0.217
15878,ok,10.0,False,10.0,5.0,1021,False,0.0,False,G28,0,21.0,10.0,0.138,pass,0.097
15879,ok,10.0,False,10.0,5.0,1026,False,0.0,False,G346,1,2.0,10.0,0.069,pass,0.097
15881,ok,10.0,False,10.0,6.0,1088,False,0.0,False,G347,1,2.0,10.0,0.07,pass,0.099
15882,ok,10.0,False,10.0,7.0,1246,False,0.0,False,G50,12,25.0,10.0,0.072,pass,0.101
15883,ok,10.0,False,10.0,6.0,1126,False,0.0,False,G152,3,11.0,10.0,0.692,pass,0.994
15884,ok,10.0,False,10.0,5.0,1169,False,0.0,False,G49,12,197.0,10.0,0.479,pass,0.548
15886,ok,10.0,False,10.0,6.0,1198,False,0.0,False,G311,1,26.0,10.0,0.488,pass,0.562
15887,ok,10.0,False,10.0,4.0,1098,False,0.0,False,G23,22,107.0,10.0,0.191,pass,0.184
15888,ok,10.0,False,10.0,6.0,1214,False,0.0,False,G9,45,91.0,10.0,0.072,pass,0.1
15890,ok,10.0,False,10.0,5.0,1021,False,0.0,False,G28,18,21.0,10.0,0.069,pass,0.097
15892,ok,10.0,False,10.0,5.0,1135,False,0.0,False,G116,5,13.0,10.0,0.309,pass,0.431
15893,ok,10.0,False,10.0,5.0,1045,False,0.0,False,,0,6.0,10.0,0.292,pass,0.308
15894,ok,10.0,False,10.0,7.0,1238,False,0.0,False,G4,51,193.0,10.0,0.829,pass,1.029
15895,ok,10.0,False,10.0,4.0,936,False,0.0,False,G14,23,43.0,10.0,0.142,pass,0.096
15896,ok,10.0,False,10.0,7.0,1253,False,0.0,False,,0,0.0,10.0,0.791,pass,1.099
15897,ok,10.0,False,10.0,6.0,1165,False,0.0,False,G348,0,18.0,10.0,0.526,pass,0.589
15898,ok,10.0,False,10.0,4.0,1102,False,0.0,False,G124,1,11.0,10.0,0.179,pass,0.197
15899,ok,10.0,False,10.0,5.0,1128,False,0.0,False,G349,1,13.0,10.0,0.312,pass,0.428
15900,ok,10.0,False,10.0,6.0,1119,False,0.0,False,,0,0.0,10.0,0.768,pass,0.954
15901,ok,10.0,False,10.0,5.0,1126,False,0.0,False,G59,11,58.0,10.0,0.127,pass,0.1
15902,ok,10.0,False,10.0,6.0,1207,False,0.0,False,G350,1,29.0,10.0,0.072,pass,0.1
15903,ok,10.0,False,10.0,5.0,1133,False,0.0,False,G17,0,42.0,10.0,0.303,pass,0.427
15905,ok,10.0,False,10.0,6.0,1219,False,0.0,False,,0,0.0,10.0,0.516,pass,0.62
15908,ok,10.0,False,10.0,5.0,1131,False,0.0,False,G351,1,1.0,10.0,0.193,pass,0.217
15909,ok,10.0,False,10.0,5.0,1021,False,0.0,False,G28,18,21.0,10.0,0.138,pass,0.097
15910,ok,10.0,False,10.0,7.0,1247,False,0.0,False,G5,1,84.0,10.0,0.483,pass,0.593
15911,ok,10.0,False,10.0,4.0,1007,False,0.0,False,,0,3.0,10.0,0.117,pass,0.088
15912,ok,10.0,False,10.0,7.0,1090,False,0.0,False,G352,1,1.0,10.0,0.67,pass,0.868
15913,ok,10.0,False,10.0,6.0,1214,False,0.0,False,G9,45,91.0,10.0,0.129,pass,0.1
15914,ok,10.0,False,10.0,7.0,1247,False,0.0,False,G5,45,84.0,10.0,0.448,pass,0.586
15915,ok,10.0,False,10.0,6.0,1237,False,0.0,False,,0,0.0,10.0,0.903,pass,1.19
15916,ok,10.0,False,10.0,6.0,1255,False,0.0,False,,0,0.0,10.0,0.123,pass,0.097
15918,capped,1000.0,True,1000.0,7.0,80793,False,0.0,False,,0,0.0,,0.168,pass,0.267
15919,ok,10.0,False,10.0,4.0,1138,False,0.0,False,G22,24,30.0,10.0,0.14,pass,0.1
15920,ok,10.0,False,10.0,2.0,214,False,0.0,False,G117,1,8.0,10.0,0.109,pass,0.151
15922,ok,10.0,False,10.0,6.0,1208,False,0.0,False,,0,86.0,10.0,0.071,pass,0.102
15923,ok,10.0,False,10.0,5.0,1132,False,0.0,False,G2,63,73.0,10.0,0.072,pass,0.1
15924,ok,10.0,False,10.0,5.0,1132,False,0.0,False,G2,63,73.0,10.0,0.071,pass,0.101
15925,ok,10.0,False,10.0,6.0,1154,False,0.0,False,G74,6,111.0,10.0,0.305,pass,0.428
15927,ok,10.0,False,10.0,5.0,1126,False,0.0,False,G11,26,57.0,10.0,0.192,pass,0.222
15928,ok,10.0,False,10.0,4.0,1109,False,0.0,False,,0,0.0,10.0,0.136,pass,0.099
15929,ok,10.0,False,10.0,5.0,1137,False,0.0,False,G10,39,63.0,10.0,0.071,pass,0.1
15930,ok,10.0,False,10.0,6.0,1212,False,0.0,False,G77,6,10.0,10.0,0.731,pass,1.02
15931,ok,10.0,False,10.0,4.0,1138,False,0.0,False,G22,24,30.0,10.0,0.125,pass,0.099
15932,ok,10.0,False,10.0,5.0,831,False,0.0,False,,0,0.0,10.0,0.069,pass,0.098
15933,ok,10.0,False,10.0,7.0,1247,False,0.0,False,G5,45,84.0,10.0,0.433,pass,0.583
15934,ok,10.0,False,10.0,8.0,1279,False,0.0,False,G52,12,16.0,10.0,0.128,pass,0.102
15936,ok,10.0,False,10.0,7.0,1239,False,0.0,False,G112,5,193.0,10.0,0.739,pass,1.033
15937,ok,10.0,False,10.0,3.0,1062,False,0.0,False,,0,30.0,10.0,0.124,pass,0.1
15939,ok,10.0,False,10.0,5.0,974,False,0.0,False,G353,1,1.0,10.0,0.285,pass,0.409
15941,ok,10.0,False,10.0,6.0,1215,False,0.0,False,,0,4.0,10.0,0.523,pass,0.573
15942,capped,1000.0,True,1000.0,6.0,105670,False,0.0,False,G107,4,10.0,,0.926,pass,1.465
15943,ok,10.0,False,10.0,7.0,1246,False,0.0,False,G50,12,25.0,10.0,0.127,pass,0.101
15944,ok,10.0,False,10.0,7.0,1247,False,0.0,False,G13,34,49.0,10.0,0.445,pass,0.58
15945,ok,10.0,False,10.0,7.0,1247,False,0.0,False,G58,10,27.0,10.0,0.49,pass,0.606
15946,ok,10.0,False,10.0,6.0,1209,False,0.0,False,,0,21.0,10.0,0.488,pass,0.56
15947,ok,10.0,False,10.0,4.0,1093,False,0.0,False,G3,48,71.0,10.0,0.125,pass,0.099
15948,ok,10.0,False,10.0,5.0,1026,False,0.0,False,G131,5,18.0,10.0,0.07,pass,0.099
15949,ok,10.0,False,10.0,6.0,1219,False,0.0,False,G39,16,21.0,10.0,0.439,pass,0.561
15950,ok,10.0,False,10.0,7.0,1238,False,0.0,False,G4,51,193.0,10.0,0.792,pass,1.03
15952,ok,10.0,False,10.0,5.0,1180,False,0.0,False,G82,7,16.0,10.0,0.471,pass,0.554
15953,ok,10.0,False,10.0,5.0,1171,False,0.0,False,G25,22,197.0,10.0,0.479,pass,0.551
15954,ok,10.0,False,10.0,5.0,1180,False,0.0,False,G1,95,197.0,10.0,0.477,pass,0.551
15955,ok,10.0,False,10.0,6.0,1161,False,0.0,False,G12,31,111.0,10.0,0.356,pass,0.425
15956,ok,10.0,False,10.0,5.0,1133,False,0.0,False,G17,2,42.0,10.0,0.304,pass,0.428
15957,ok,10.0,False,10.0,6.0,1213,False,0.0,False,,0,21.0,10.0,0.523,pass,0.568
15958,ok,10.0,False,10.0,6.0,1088,False,0.0,False,G140,4,6.0,10.0,0.125,pass,0.099
15959,ok,10.0,False,10.0,5.0,1132,False,0.0,False,G60,10,63.0,10.0,0.072,pass,0.105
15962,ok,10.0,False,10.0,5.0,1166,False,0.0,False,G33,20,28.0,10.0,0.125,pass,0.101
15963,ok,10.0,False,10.0,5.0,969,False,0.0,False,G29,1,44.0,10.0,0.129,pass,0.196
15964,ok,10.0,False,10.0,6.0,1078,False,0.0,False,G230,2,9.0,10.0,0.148,pass,0.1
15965,ok,10.0,False,10.0,5.0,1165,False,0.0,False,,0,1.0,10.0,0.071,pass,0.101
15966,ok,10.0,False,10.0,4.0,318,False,0.0,False,G90,3,15.0,10.0,0.463,pass,0.582
15970,ok,10.0,False,10.0,5.0,1171,False,0.0,False,G25,22,197.0,10.0,0.479,pass,0.547
15971,ok,50.0,False,50.0,6.0,5739,False,0.0,False,,0,0.0,50.0,0.781,pass,1.021
15972,ok,10.0,False,10.0,4.0,1093,False,0.0,False,G101,6,107.0,10.0,0.189,pass,0.214
15973,ok,10.0,False,10.0,5.0,1133,False,0.0,False,G17,17,42.0,10.0,0.371,pass,0.429
15976,ok,10.0,False,10.0,6.0,1010,False,0.0,False,G84,0,14.0,10.0,1.153,pass,2.055
15977,ok,10.0,False,10.0,6.0,1158,False,0.0,False,G227,2,16.0,10.0,0.139,pass,0.1
15978,ok,10.0,False,10.0,5.0,1127,False,0.0,False,G93,1,58.0,10.0,0.076,pass,0.099
15979,ok,100.0,False,100.0,7.0,11261,False,0.0,False,,0,0.0,100.0,0.739,pass,1.04
15980,ok,10.0,False,10.0,6.0,1161,False,0.0,False,G12,31,111.0,10.0,0.362,pass,0.426
15981,ok,10.0,False,10.0,8.0,1279,False,0.0,False,G36,18,34.0,10.0,0.134,pass,0.102
15982,ok,10.0,False,10.0,4.0,1095,False,0.0,False,G24,8,63.0,10.0,0.134,pass,0.211
15983,ok,10.0,False,10.0,7.0,1087,False,0.0,False,G303,1,4.0,10.0,0.937,pass,1.351
15984,ok,10.0,False,10.0,6.0,1059,False,0.0,False,G88,3,12.0,10.0,0.898,pass,1.316
15985,ok,10.0,False,10.0,6.0,1214,False,0.0,False,G6,50,86.0,10.0,0.135,pass,0.1
15986,ok,10.0,False,10.0,6.0,1170,False,0.0,False,G43,12,28.0,10.0,0.142,pass,0.223
15987,ok,10.0,False,10.0,5.0,1180,False,0.0,False,G1,95,197.0,10.0,0.511,pass,0.594
15988,ok,10.0,False,10.0,3.0,277,False,0.0,False,G354,0,2.0,10.0,0.515,pass,0.562
15991,ok,10.0,False,10.0,8.0,1129,False,0.0,False,,0,1.0,10.0,0.954,pass,1.36
15994,capped,1000.0,True,1000.0,5.0,40558,False,0.0,False,,0,0.0,,1.392,pass,1.892
15995,ok,10.0,False,10.0,5.0,1166,False,0.0,False,G33,20,28.0,10.0,0.129,pass,0.099
15996,ok,10.0,False,10.0,4.0,936,False,0.0,False,G14,23,43.0,10.0,0.07,pass,0.097
15997,ok,10.0,False,10.0,5.0,970,False,0.0,False,G83,3,44.0,10.0,0.128,pass,0.176
15998,ok,10.0,False,10.0,6.0,1199,False,0.0,False,,0,5.0,10.0,0.787,pass,1.004
15999,ok,10.0,False,10.0,5.0,1132,False,0.0,False,G2,63,73.0,10.0,0.142,pass,0.101
16000,ok,0.0,False,0.0,5.0,59,False,0.0,False,,0,,10.0,0.113,pass,0.061
16001,ok,10.0,False,10.0,4.0,1093,False,0.0,False,G53,11,14.0,10.0,0.072,pass,0.099
16003,ok,10.0,False,10.0,5.0,1180,False,0.0,False,G1,95,197.0,10.0,0.426,pass,0.549
16004,ok,10.0,False,10.0,6.0,1208,False,0.0,False,,0,1.0,10.0,0.493,pass,0.563
16005,ok,10.0,False,10.0,7.0,1247,False,0.0,False,G5,45,84.0,10.0,0.504,pass,0.588
16006,ok,10.0,False,10.0,4.0,1041,False,0.0,False,G51,8,12.0,10.0,0.127,pass,0.098
16007,ok,10.0,False,10.0,5.0,1026,False,0.0,False,G346,1,2.0,10.0,0.07,pass,0.098
16008,ok,10.0,False,10.0,7.0,1247,False,0.0,False,G13,34,49.0,10.0,0.442,pass,0.583
16009,ok,10.0,False,10.0,6.0,1214,False,0.0,False,G9,45,91.0,10.0,0.126,pass,0.101
16010,ok,10.0,False,10.0,8.0,1277,False,0.0,False,,0,0.0,10.0,0.76,pass,1.052
16011,ok,10.0,False,10.0,7.0,1238,False,0.0,False,G4,4,193.0,10.0,0.807,pass,1.046
16013,ok,10.0,False,10.0,6.0,1203,False,0.0,False,G98,7,91.0,10.0,0.126,pass,0.101
16014,ok,10.0,False,10.0,3.0,257,False,0.0,False,G180,0,3.0,10.0,0.205,pass,0.3
16015,ok,10.0,False,10.0,7.0,1087,False,0.0,False,G75,4,30.0,10.0,0.931,pass,1.356
16016,ok,10.0,False,10.0,7.0,1236,False,0.0,False,G102,6,84.0,10.0,0.494,pass,0.593
16018,ok,10.0,False,10.0,6.0,1210,False,0.0,False,G15,22,53.0,10.0,0.768,pass,1.01
16019,ok,10.0,False,10.0,5.0,1180,False,0.0,False,G1,95,197.0,10.0,0.498,pass,0.55
16021,ok,10.0,False,10.0,5.0,1166,False,0.0,False,G125,5,16.0,10.0,0.145,pass,0.1
16022,ok,10.0,False,10.0,7.0,1247,False,0.0,False,G5,45,84.0,10.0,0.43,pass,0.59
16023,ok,10.0,False,10.0,5.0,529,False,0.0,False,G231,1,6.0,10.0,0.632,pass,0.72
16024,ok,10.0,False,10.0,5.0,376,False,0.0,False,,0,0.0,10.0,0.854,pass,1.102
16027,ok,10.0,False,10.0,7.0,1247,False,0.0,False,G13,34,49.0,10.0,0.503,pass,0.584
16028,ok,10.0,False,10.0,5.0,1132,False,0.0,False,G2,63,73.0,10.0,0.126,pass,0.099
16030,ok,10.0,False,10.0,6.0,1224,False,0.0,False,,0,1.0,10.0,0.072,pass,0.101
16031,ok,10.0,False,10.0,4.0,1138,False,0.0,False,G22,24,30.0,10.0,0.07,pass,0.1
16033,ok,10.0,False,10.0,5.0,1137,False,0.0,False,G20,25,58.0,10.0,0.071,pass,0.1
16034,ok,10.0,False,10.0,3.0,274,False,0.0,False,G355,0,1.0,10.0,0.45,pass,0.547
16035,ok,10.0,False,10.0,5.0,1133,False,0.0,False,G17,17,42.0,10.0,0.361,pass,0.431
16036,ok,10.0,False,10.0,7.0,1231,False,0.0,False,,0,19.0,10.0,0.81,pass,1.035
16037,ok,10.0,False,10.0,5.0,1131,False,0.0,False,G64,1,17.0,,0.194,pass,0.217
16039,ok,10.0,False,10.0,5.0,1126,False,0.0,False,,0,13.0,10.0,0.38,pass,0.429
16040,ok,10.0,False,10.0,6.0,1219,False,0.0,False,G39,16,21.0,10.0,0.505,pass,0.563
16041,ok,10.0,False,10.0,6.0,1203,False,0.0,False,G98,7,91.0,10.0,0.13,pass,0.1
16042,ok,10.0,False,10.0,4.0,1098,False,0.0,False,G23,22,107.0,10.0,0.139,pass,0.21
16043,ok,10.0,False,10.0,4.0,1095,False,0.0,False,G24,8,63.0,10.0,0.206,pass,0.21
16044,ok,0.0,False,0.0,4.0,60,False,0.0,False,,0,,10.0,0.113,pass,0.062
16045,ok,10.0,False,10.0,5.0,1180,False,0.0,False,G1,95,197.0,10.0,0.457,pass,0.551
16046,ok,10.0,False,10.0,7.0,1247,False,0.0,False,G13,34,49.0,10.0,0.503,pass,0.565
16047,ok,10.0,False,10.0,6.0,1078,False,0.0,False,G230,2,9.0,10.0,0.124,pass,0.099
16048,ok,10.0,False,10.0,6.0,1199,False,0.0,False,G108,3,53.0,10.0,0.728,pass,1.046
16049,ok,10.0,False,10.0,6.0,1214,False,0.0,False,G9,45,91.0,10.0,0.083,pass,0.1
16052,ok,10.0,False,10.0,6.0,1204,False,0.0,False,G44,14,91.0,10.0,0.072,pass,0.1
16053,ok,10.0,False,10.0,4.0,1093,False,0.0,False,G3,8,71.0,10.0,0.071,pass,0.1
16054,ok,10.0,False,10.0,4.0,936,False,0.0,False,G14,23,43.0,10.0,0.07,pass,0.097
16056,ok,10.0,False,10.0,6.0,1214,False,0.0,False,G6,50,86.0,10.0,0.072,pass,0.1
16058,ok,10.0,False,10.0,4.0,1095,False,0.0,False,G24,8,63.0,10.0,0.133,pass,0.208
16059,ok,10.0,False,10.0,5.0,981,False,0.0,False,,0,0.0,10.0,0.194,pass,0.265
16060,ok,10.0,False,10.0,5.0,1180,False,0.0,False,G82,7,16.0,10.0,0.497,pass,0.552
16061,ok,10.0,False,10.0,8.0,1277,False,0.0,False,G130,5,7.0,10.0,0.797,pass,1.093
16062,ok,10.0,False,10.0,5.0,1171,False,0.0,False,G25,22,197.0,10.0,0.476,pass,0.547
16063,ok,10.0,False,10.0,6.0,1214,False,0.0,False,G9,45,91.0,10.0,0.105,pass,0.1
16064,ok,10.0,False,10.0,6.0,1219,False,0.0,False,G39,16,21.0,10.0,0.446,pass,0.557
16066,ok,10.0,False,10.0,5.0,1180,False,0.0,False,G82,7,16.0,10.0,0.491,pass,0.55
16067,ok,10.0,False,10.0,7.0,1231,False,0.0,False,G63,7,193.0,10.0,0.795,pass,1.031
16070,ok,10.0,False,10.0,4.0,1098,False,0.0,False,G356,1,1.0,10.0,0.127,pass,0.099
16071,ok,10.0,False,10.0,3.0,257,False,0.0,False,G180,0,3.0,10.0,0.212,pass,0.302
16074,ok,10.0,False,10.0,6.0,1208,False,0.0,False,G35,19,26.0,10.0,0.504,pass,0.561
16076,ok,10.0,False,10.0,6.0,1059,False,0.0,False,G88,1,12.0,10.0,0.835,pass,1.308
16077,ok,10.0,False,10.0,4.0,1093,False,0.0,False,G3,48,71.0,10.0,0.15,pass,0.099
16078,ok,10.0,False,10.0,2.0,218,False,0.0,False,,0,0.0,10.0,0.454,pass,0.622
16079,ok,10.0,False,10.0,6.0,1524,False,0.0,False,,0,0.0,10.0,0.197,pass,0.266
16081,ok,10.0,False,10.0,5.0,1132,False,0.0,False,G2,63,73.0,10.0,0.144,pass,0.099
16082,ok,10.0,False,10.0,5.0,1171,False,0.0,False,G220,2,33.0,10.0,0.071,pass,0.1
16083,ok,10.0,False,10.0,5.0,1173,False,0.0,False,G30,21,197.0,10.0,0.419,pass,0.553
16084,ok,10.0,False,10.0,5.0,974,False,0.0,False,,0,0.0,10.0,0.343,pass,0.405
16085,ok,10.0,False,10.0,5.0,3375,False,0.0,False,,0,2.0,10.0,0.158,pass,0.127
16087,ok,10.0,False,10.0,7.0,1247,False,0.0,False,G5,45,84.0,10.0,0.435,pass,0.585
16088,ok,10.0,False,10.0,5.0,1126,False,0.0,False,G127,4,63.0,10.0,0.128,pass,0.101
16089,ok,10.0,False,10.0,4.0,934,False,0.0,False,,0,5.0,10.0,0.472,pass,0.672
16090,ok,10.0,False,10.0,3.0,1065,False,0.0,False,G16,5,30.0,10.0,0.127,pass,0.099
16091,ok,10.0,False,10.0,7.0,1238,False,0.0,False,G4,51,193.0,10.0,0.738,pass,1.036
16093,ok,10.0,False,10.0,6.0,1169,False,0.0,False,G85,8,16.0,10.0,0.125,pass,0.102
16094,ok,10.0,False,10.0,6.0,1161,False,0.0,False,G12,31,111.0,10.0,0.307,pass,0.431
16095,ok,10.0,False,10.0,5.0,1127,False,0.0,False,G69,1,57.0,10.0,0.142,pass,0.213
16096,ok,10.0,False,10.0,5.0,1126,False,0.0,False,G59,11,58.0,10.0,0.149,pass,0.099
16097,ok,10.0,False,10.0,5.0,969,False,0.0,False,G29,14,44.0,10.0,0.129,pass,0.195
16098,ok,10.0,False,10.0,5.0,1021,False,0.0,False,G28,0,21.0,10.0,0.084,pass,0.096
16099,ok,10.0,False,10.0,5.0,1132,False,0.0,False,G2,63,73.0,10.0,0.071,pass,0.1
16100,ok,10.0,False,10.0,5.0,2048,False,0.0,False,,0,1.0,10.0,0.194,pass,0.205
16102,ok,10.0,False,10.0,8.0,1328,False,0.0,False,,0,0.0,10.0,0.138,pass,0.102
16103,ok,10.0,False,10.0,5.0,1131,False,0.0,False,G65,7,14.0,10.0,0.137,pass,0.221
16104,ok,10.0,False,10.0,4.0,936,False,0.0,False,G14,23,43.0,10.0,0.138,pass,0.096
16105,ok,10.0,False,10.0,6.0,1201,False,0.0,False,G181,3,25.0,10.0,0.453,pass,0.568
16106,ok,10.0,False,10.0,5.0,1180,False,0.0,False,G1,95,197.0,10.0,0.483,pass,0.571
16107,ok,10.0,False,10.0,5.0,970,False,0.0,False,G83,1,44.0,10.0,0.189,pass,0.26
16108,ok,10.0,False,10.0,6.0,1156,False,0.0,False,,0,0.0,10.0,0.374,pass,0.42
16109,ok,10.0,False,10.0,6.0,1212,False,0.0,False,,0,0.0,10.0,0.777,pass,0.85
16110,ok,10.0,False,10.0,6.0,1205,False,0.0,False,G81,8,86.0,10.0,0.127,pass,0.1
16111,ok,10.0,False,10.0,6.0,1218,False,0.0,False,,0,29.0,10.0,0.072,pass,0.101
16112,ok,10.0,False,10.0,4.0,1092,False,0.0,False,,0,1.0,10.0,0.136,pass,0.215
16113,ok,10.0,False,10.0,5.0,1173,False,0.0,False,G30,21,197.0,10.0,0.5,pass,0.555
16114,ok,10.0,False,10.0,7.0,1247,False,0.0,False,G13,34,49.0,10.0,0.498,pass,0.606
16115,ok,10.0,False,10.0,4.0,1104,False,0.0,False,G62,8,10.0,10.0,0.161,pass,0.099
16116,ok,10.0,False,10.0,4.0,1103,False,0.0,False,G8,44,107.0,10.0,0.139,pass,0.214
16119,ok,10.0,False,10.0,6.0,1204,False,0.0,False,G151,4,32.0,10.0,0.146,pass,0.1
16121,ok,10.0,False,10.0,5.0,1141,False,0.0,False,G357,0,1.0,10.0,0.072,pass,0.101
16123,ok,10.0,False,10.0,5.0,1124,False,0.0,False,,0,9.0,10.0,0.224,pass,0.289
16124,ok,10.0,False,10.0,7.0,1237,False,0.0,False,G71,9,84.0,10.0,0.499,pass,0.581
16126,ok,10.0,False,10.0,5.0,1132,False,0.0,False,G2,63,73.0,10.0,0.126,pass,0.101
16127,ok,10.0,False,10.0,6.0,1003,False,0.0,False,,0,14.0,10.0,1.092,pass,2.086
16129,ok,10.0,False,10.0,6.0,1208,False,0.0,False,G31,19,38.0,10.0,0.497,pass,0.563
16130,ok,10.0,False,10.0,4.0,1138,False,0.0,False,G73,8,16.0,10.0,0.125,pass,0.1
16131,ok,10.0,False,10.0,4.0,1098,False,0.0,False,G232,2,13.0,10.0,0.071,pass,0.099
16132,ok,10.0,False,10.0,5.0,1175,False,0.0,False,G177,3,4.0,10.0,0.071,pass,0.099
16133,ok,10.0,False,10.0,7.0,1239,False,0.0,False,G112,5,193.0,10.0,0.749,pass,1.03
16134,ok,10.0,False,10.0,7.0,1228,False,0.0,False,G358,0,4.0,10.0,0.782,pass,1.02
16135,ok,10.0,False,10.0,7.0,1246,False,0.0,False,G7,6,193.0,10.0,0.792,pass,1.044
16136,ok,10.0,False,10.0,7.0,1236,False,0.0,False,G78,6,193.0,10.0,0.798,pass,1.03
16137,ok,10.0,False,10.0,6.0,1161,False,0.0,False,G12,31,111.0,10.0,0.361,pass,0.426
16138,ok,10.0,False,10.0,5.0,1126,False,0.0,False,,0,0.0,10.0,0.386,pass,0.431
16139,ok,10.0,False,10.0,5.0,1180,False,0.0,False,G1,95,197.0,10.0,0.505,pass,0.55
16140,ok,10.0,False,10.0,6.0,1169,False,0.0,False,G19,1,111.0,,0.31,pass,0.427
16141,ok,10.0,False,10.0,5.0,362,False,0.0,False,,0,2.0,10.0,0.558,pass,0.622
16142,ok,10.0,False,10.0,6.0,1212,False,0.0,False,G77,6,10.0,10.0,0.782,pass,1.014
16144,ok,10.0,False,10.0,3.0,1065,False,0.0,False,G16,5,30.0,10.0,0.125,pass,0.1
16145,ok,100.0,False,100.0,7.0,11243,False,0.0,False,,0,6.0,100.0,0.741,pass,1.035
16146,ok,10.0,False,10.0,5.0,1166,False,0.0,False,G61,10,33.0,10.0,0.125,pass,0.101
16147,ok,10.0,False,10.0,8.0,1279,False,0.0,False,G52,12,16.0,10.0,0.072,pass,0.103
16148,ok,10.0,False,10.0,5.0,1180,False,0.0,False,G1,95,197.0,10.0,0.42,pass,0.558
16149,ok,10.0,False,10.0,6.0,1208,False,0.0,False,G182,0,3.0,10.0,0.485,pass,0.571
16150,ok,10.0,False,10.0,5.0,1130,False,0.0,False,G233,2,30.0,10.0,0.131,pass,0.101
16151,ok,10.0,False,10.0,7.0,1246,False,0.0,False,G359,1,84.0,10.0,0.43,pass,0.584
16152,ok,10.0,False,10.0,4.0,1103,False,0.0,False,G8,44,107.0,10.0,0.191,pass,0.182
16153,ok,10.0,False,10.0,7.0,1227,False,0.0,False,G45,10,193.0,10.0,0.823,pass,1.038
16154,ok,10.0,False,10.0,6.0,1161,False,0.0,False,G12,31,111.0,10.0,0.356,pass,0.43
16156,ok,10.0,False,10.0,6.0,1198,False,0.0,False,G215,1,25.0,10.0,0.484,pass,0.559
16157,ok,10.0,False,10.0,4.0,1098,False,0.0,False,G23,22,107.0,10.0,0.189,pass,0.218
16158,ok,10.0,False,10.0,5.0,1026,False,0.0,False,,0,0.0,10.0,0.144,pass,0.096
16159,ok,10.0,False,10.0,4.0,1147,False,0.0,False,G205,2,30.0,10.0,0.07,pass,0.101
16160,ok,10.0,False,10.0,5.0,1132,False,0.0,False,G2,63,73.0,10.0,0.124,pass,0.099
16161,ok,10.0,False,10.0,5.0,1170,False,0.0,False,G21,22,197.0,10.0,0.427,pass,0.554
16162,ok,10.0,False,10.0,6.0,1170,False,0.0,False,G43,1,28.0,10.0,0.437,pass,0.592
16163,ok,10.0,False,10.0,6.0,1212,False,0.0,False,G77,6,10.0,10.0,0.781,pass,1.057
16164,ok,10.0,False,10.0,5.0,1015,False,0.0,False,G134,5,18.0,10.0,0.139,pass,0.096
16165,ok,10.0,False,10.0,7.0,1238,False,0.0,False,G4,51,193.0,10.0,0.74,pass,1.042
16166,ok,10.0,False,10.0,6.0,1212,False,0.0,False,,0,38.0,10.0,0.481,pass,0.574
16167,ok,10.0,False,10.0,5.0,1132,False,0.0,False,G60,10,63.0,10.0,0.125,pass,0.099
16168,ok,10.0,False,10.0,5.0,1126,False,0.0,False,G11,2,57.0,10.0,0.135,pass,0.261
16170,ok,10.0,False,10.0,6.0,1210,False,0.0,False,G183,3,86.0,10.0,0.14,pass,0.101
16172,ok,10.0,False,10.0,5.0,1137,False,0.0,False,G10,39,63.0,10.0,0.071,pass,0.099
16173,ok,10.0,False,10.0,5.0,1180,False,0.0,False,G1,95,197.0,10.0,0.423,pass,0.551
16174,ok,10.0,False,10.0,6.0,1204,False,0.0,False,G70,8,86.0,10.0,0.125,pass,0.1
16175,ok,10.0,False,10.0,5.0,1166,False,0.0,False,G33,20,28.0,10.0,0.071,pass,0.1
16176,ok,10.0,False,10.0,6.0,1151,False,0.0,False,G41,13,111.0,10.0,0.305,pass,0.427
16177,ok,10.0,False,10.0,6.0,1208,False,0.0,False,G35,19,26.0,10.0,0.487,pass,0.566
16180,ok,10.0,False,10.0,4.0,1103,False,0.0,False,G8,44,107.0,10.0,0.188,pass,0.183
16182,ok,10.0,False,10.0,6.0,1200,False,0.0,False,G146,2,53.0,10.0,0.806,pass,1.014
16183,ok,10.0,False,10.0,7.0,1086,False,0.0,False,,0,0.0,10.0,0.905,pass,1.32
16184,ok,10.0,False,10.0,7.0,1238,False,0.0,False,G4,51,193.0,10.0,0.805,pass,1.029
16187,ok,10.0,False,10.0,7.0,1238,False,0.0,False,G4,51,193.0,10.0,0.79,pass,1.028
16188,ok,10.0,False,10.0,7.0,1247,False,0.0,False,G106,6,9.0,10.0,0.523,pass,0.586
16190,ok,10.0,False,10.0,6.0,1201,False,0.0,False,G181,3,25.0,10.0,0.48,pass,0.56
16191,ok,10.0,False,10.0,5.0,1171,False,0.0,False,G220,2,33.0,10.0,0.074,pass,0.1
16192,ok,10.0,False,10.0,5.0,1126,False,0.0,False,,0,0.0,10.0,0.254,pass,0.362
16195,ok,10.0,False,10.0,7.0,1247,False,0.0,False,G5,45,84.0,10.0,0.509,pass,0.575
16196,ok,10.0,False,10.0,6.0,1201,False,0.0,False,G181,3,25.0,10.0,0.488,pass,0.557
16203,ok,10.0,False,10.0,4.0,1093,False,0.0,False,G3,48,71.0,10.0,0.074,pass,0.099
16205,ok,10.0,False,10.0,6.0,1212,False,0.0,False,G77,0,10.0,10.0,0.731,pass,1.014
16206,ok,10.0,False,10.0,4.0,1138,False,0.0,False,G22,24,30.0,10.0,0.126,pass,0.102
16207,ok,10.0,False,10.0,5.0,1180,False,0.0,False,G1,1,197.0,,0.428,pass,0.549
16208,ok,10.0,False,10.0,5.0,1142,False,0.0,False,G110,1,57.0,10.0,0.191,pass,0.212
16210,ok,10.0,False,10.0,7.0,1237,False,0.0,False,G89,5,49.0,10.0,0.514,pass,0.587
16212,ok,10.0,False,10.0,7.0,1238,False,0.0,False,G4,51,193.0,10.0,0.798,pass,1.038
16213,ok,10.0,False,10.0,5.0,1186,False,0.0,False,G360,1,3.0,10.0,0.075,pass,0.101
16214,ok,10.0,False,10.0,4.0,1109,False,0.0,False,,0,71.0,10.0,0.072,pass,0.099
16216,ok,10.0,False,10.0,5.0,1171,False,0.0,False,G25,22,197.0,10.0,0.425,pass,0.55
16217,ok,10.0,False,10.0,5.0,1170,False,0.0,False,G21,22,197.0,10.0,0.481,pass,0.551
16218,ok,10.0,False,10.0,6.0,1214,False,0.0,False,G9,45,91.0,10.0,0.129,pass,0.101
16219,ok,10.0,False,10.0,5.0,1135,False,0.0,False,G87,1,9.0,10.0,0.392,pass,0.64
16220,ok,10.0,False,10.0,3.0,1065,False,0.0,False,G16,5,30.0,10.0,0.123,pass,0.098
16221,ok,10.0,False,10.0,4.0,1093,False,0.0,False,G3,48,71.0,10.0,0.072,pass,0.1
16222,ok,10.0,False,10.0,5.0,1124,False,0.0,False,,0,7.0,10.0,0.136,pass,0.222
16224,capped,1000.0,True,1000.0,7.0,112677,False,0.0,False,G145,4,16.0,,0.828,pass,1.073
16225,ok,10.0,False,10.0,6.0,1169,False,0.0,False,G19,22,111.0,10.0,0.363,pass,0.426
16226,ok,10.0,False,10.0,4.0,1138,False,0.0,False,G22,24,30.0,10.0,0.151,pass,0.099
16227,ok,10.0,False,10.0,5.0,1132,False,0.0,False,G18,24,38.0,10.0,0.071,pass,0.1
16228,ok,10.0,False,10.0,6.0,1208,False,0.0,False,G35,19,26.0,10.0,0.439,pass,0.571
16229,ok,10.0,False,10.0,4.0,1103,False,0.0,False,G8,1,107.0,,0.188,pass,0.23
16230,ok,10.0,False,10.0,8.0,1285,False,0.0,False,,0,2.0,10.0,0.847,pass,1.068
16231,ok,10.0,False,10.0,7.0,1121,False,0.0,False,,0,0.0,10.0,0.487,pass,0.588
16232,ok,10.0,False,10.0,5.0,1166,False,0.0,False,,0,1.0,10.0,0.13,pass,0.1
16233,ok,10.0,False,10.0,6.0,1056,False,0.0,False,,0,0.0,10.0,0.07,pass,0.098
16235,ok,10.0,False,10.0,7.0,1247,False,0.0,False,G5,45,84.0,10.0,0.449,pass,0.582
16237,ok,10.0,False,10.0,6.0,1060,False,0.0,False,,0,12.0,10.0,0.895,pass,1.304
16240,ok,100.0,False,100.0,7.0,11247,False,0.0,False,,0,6.0,100.0,0.805,pass,1.038
16241,ok,10.0,False,10.0,7.0,1246,False,0.0,False,G7,1,193.0,10.0,1.321,pass,1.69
16242,ok,10.0,False,10.0,7.0,1238,False,0.0,False,G4,51,193.0,10.0,0.789,pass,1.03
16244,ok,10.0,False,10.0,7.0,1095,False,0.0,False,G111,5,30.0,10.0,0.943,pass,1.347
16245,ok,10.0,False,10.0,6.0,1161,False,0.0,False,G12,31,111.0,10.0,0.368,pass,0.426
16247,ok,10.0,False,10.0,5.0,1132,False,0.0,False,G18,24,38.0,10.0,0.141,pass,0.103
16248,ok,10.0,False,10.0,8.0,1269,False,0.0,False,G128,5,34.0,10.0,0.074,pass,0.102
16249,ok,10.0,False,10.0,5.0,1132,False,0.0,False,G2,63,73.0,10.0,0.072,pass,0.1
16250,ok,10.0,False,10.0,6.0,1159,False,0.0,False,,0,0.0,10.0,0.187,pass,0.202
16251,ok,10.0,False,10.0,6.0,1220,False,0.0,False,,0,0.0,10.0,0.145,pass,0.099
16252,ok,10.0,False,10.0,5.0,1019,False,0.0,False,G223,2,18.0,10.0,0.069,pass,0.097
16253,ok,0.0,False,0.0,6.0,69,False,0.0,False,G361,1,,10.0,0.044,pass,0.061
16254,ok,10.0,False,10.0,6.0,1214,False,0.0,False,,0,0.0,10.0,0.072,pass,0.1
16255,ok,10.0,False,10.0,6.0,1214,False,0.0,False,G9,45,91.0,10.0,0.071,pass,0.102
16256,ok,10.0,False,10.0,4.0,1092,False,0.0,False,G79,0,107.0,10.0,0.137,pass,0.212
16258,ok,10.0,False,10.0,4.0,1098,False,0.0,False,G37,1,63.0,10.0,0.201,pass,0.21
16259,capped,1000.0,True,1000.0,5.0,104752,False,0.0,False,,0,0.0,,0.241,pass,0.345
16260,ok,10.0,False,10.0,5.0,1171,False,0.0,False,G25,22,197.0,10.0,0.504,pass,0.55
16264,ok,10.0,False,10.0,7.0,1246,False,0.0,False,G7,34,193.0,10.0,0.813,pass,1.028
16265,ok,10.0,False,10.0,7.0,1238,False,0.0,False,G4,51,193.0,10.0,0.748,pass,1.033
16266,ok,10.0,False,10.0,6.0,1207,False,0.0,False,G362,1,32.0,10.0,0.126,pass,0.1
16267,ok,10.0,False,10.0,5.0,536,False,0.0,False,,0,0.0,10.0,0.327,pass,0.421
16269,ok,10.0,False,10.0,6.0,1204,False,0.0,False,G70,8,86.0,10.0,0.131,pass,0.099
16272,ok,10.0,False,10.0,6.0,1199,False,0.0,False,,0,25.0,10.0,0.433,pass,0.561
16273,ok,10.0,False,10.0,6.0,1161,False,0.0,False,G12,31,111.0,10.0,0.365,pass,0.43
16274,ok,10.0,False,10.0,7.0,1238,False,0.0,False,G4,51,193.0,10.0,0.741,pass,1.039
16275,ok,10.0,False,10.0,5.0,1021,False,0.0,False,,0,18.0,10.0,0.123,pass,0.097
16276,ok,10.0,False,10.0,5.0,1137,False,0.0,False,G10,39,63.0,10.0,0.071,pass,0.099
16278,ok,10.0,False,10.0,7.0,1238,False,0.0,False,G4,51,193.0,10.0,0.74,pass,1.039
16279,ok,10.0,False,10.0,5.0,3398,False,0.0,False,G363,0,2.0,10.0,0.141,pass,0.126
16281,ok,10.0,False,10.0,6.0,1214,False,0.0,False,G26,22,32.0,10.0,0.072,pass,0.101
16282,ok,10.0,False,10.0,7.0,1240,False,0.0,False,G80,6,84.0,10.0,0.428,pass,0.575
16284,ok,10.0,False,10.0,5.0,957,False,0.0,False,,0,1.0,,0.477,pass,0.563
16285,ok,10.0,False,10.0,7.0,1121,False,0.0,False,G133,4,10.0,10.0,0.507,pass,0.574
16287,ok,10.0,False,10.0,6.0,1111,False,0.0,False,,0,11.0,10.0,0.747,pass,0.967
16288,ok,10.0,False,10.0,5.0,1169,False,0.0,False,G364,0,16.0,10.0,0.5,pass,0.555
16289,ok,10.0,False,10.0,4.0,1095,False,0.0,False,G24,8,63.0,10.0,0.191,pass,0.184
16290,ok,10.0,False,10.0,7.0,2017,False,0.0,False,G365,0,1.0,10.0,0.154,pass,0.105
16292,ok,10.0,False,10.0,5.0,1154,False,0.0,False,,0,0.0,10.0,0.136,pass,0.22
16293,ok,10.0,False,10.0,5.0,1171,False,0.0,False,G25,22,197.0,10.0,0.503,pass,0.55
16294,ok,10.0,False,10.0,7.0,1247,False,0.0,False,G366,1,1.0,10.0,0.457,pass,0.577
16295,ok,10.0,False,10.0,7.0,1246,False,0.0,False,G7,6,193.0,10.0,0.749,pass,1.044
16296,ok,10.0,False,10.0,8.0,1279,False,0.0,False,,0,0.0,10.0,0.797,pass,1.032
16297,ok,10.0,False,10.0,5.0,352,False,0.0,False,G367,1,2.0,10.0,0.53,pass,0.651
16298,ok,10.0,False,10.0,4.0,1103,False,0.0,False,G8,44,107.0,10.0,0.181,pass,0.182
16299,ok,10.0,False,10.0,8.0,1269,False,0.0,False,,0,1.0,10.0,0.138,pass,0.103
16300,ok,10.0,False,10.0,6.0,1204,False,0.0,False,G44,14,91.0,10.0,0.071,pass,0.101
16301,ok,10.0,False,10.0,5.0,1170,False,0.0,False,G21,22,197.0,10.0,0.422,pass,0.549
16302,ok,10.0,False,10.0,4.0,1098,False,0.0,False,G23,22,107.0,10.0,0.189,pass,0.212
16304,capped,1000.0,True,1000.0,4.0,101604,False,0.0,False,G234,2,4.0,,0.246,pass,0.331
16305,ok,10.0,False,10.0,7.0,1095,False,0.0,False,G111,5,30.0,10.0,0.93,pass,1.348
16307,ok,10.0,False,10.0,6.0,1170,False,0.0,False,G153,4,7.0,10.0,0.198,pass,0.188
16308,ok,10.0,False,10.0,6.0,1169,False,0.0,False,G19,0,111.0,10.0,0.373,pass,0.428
16309,ok,10.0,False,10.0,4.0,938,False,0.0,False,G332,1,5.0,10.0,0.546,pass,0.674
16310,ok,10.0,False,10.0,6.0,1208,False,0.0,False,G182,2,3.0,10.0,0.488,pass,0.558
16311,ok,10.0,False,10.0,5.0,1142,False,0.0,False,G110,4,57.0,10.0,0.194,pass,0.217
16312,ok,10.0,False,10.0,5.0,1135,False,0.0,False,G87,4,9.0,10.0,0.295,pass,0.287
16313,ok,10.0,False,10.0,6.0,1154,False,0.0,False,G74,6,111.0,10.0,0.369,pass,0.428
16315,ok,10.0,False,10.0,4.0,313,False,0.0,False,,0,4.0,10.0,0.583,pass,0.623
16316,ok,10.0,False,10.0,5.0,1183,False,0.0,False,G368,1,8.0,10.0,0.073,pass,0.099
16317,ok,100.0,False,100.0,5.0,12390,False,3.0,False,,0,0.0,100.0,0.098,pass,0.135
16320,ok,10.0,False,10.0,5.0,1126,False,0.0,False,G11,26,57.0,10.0,0.135,pass,0.213
16321,ok,10.0,False,10.0,6.0,1079,False,0.0,False,,0,6.0,10.0,0.146,pass,0.098
16322,ok,10.0,False,10.0,5.0,1126,False,0.0,False,G11,26,57.0,10.0,0.135,pass,0.212
16324,ok,6.0,False,6.0,3.0,278,False,0.0,False,,0,1.0,,0.171,pass,0.154
16325,ok,10.0,False,10.0,6.0,1212,False,0.0,False,G77,0,10.0,10.0,0.807,pass,1.057
16326,ok,10.0,False,10.0,6.0,1210,False,0.0,False,G15,22,53.0,10.0,0.786,pass,1.051
16327,ok,10.0,False,10.0,5.0,1175,False,0.0,False,G109,6,11.0,10.0,0.125,pass,0.1
16329,ok,10.0,False,10.0,5.0,1128,False,0.0,False,G235,2,42.0,10.0,0.301,pass,0.425
16330,ok,10.0,False,10.0,7.0,1121,False,0.0,False,G133,4,10.0,10.0,0.531,pass,0.569
16331,ok,10.0,False,10.0,5.0,1029,False,0.0,False,G100,6,12.0,10.0,0.698,pass,0.842
16332,ok,10.0,False,10.0,7.0,1228,False,0.0,False,G27,0,193.0,10.0,0.768,pass,1.048
16333,ok,10.0,False,10.0,6.0,1214,False,0.0,False,G9,45,91.0,10.0,0.125,pass,0.101
16335,ok,10.0,False,10.0,6.0,1214,False,0.0,False,G6,50,86.0,10.0,0.071,pass,0.101
16336,ok,10.0,False,10.0,8.0,1268,False,0.0,False,G148,3,34.0,10.0,0.073,pass,0.102
16337,ok,10.0,False,10.0,6.0,1162,False,0.0,False,,0,7.0,10.0,0.135,pass,0.22
16338,ok,10.0,False,10.0,7.0,1246,False,0.0,False,G7,34,193.0,10.0,0.806,pass,1.033
16339,ok,10.0,False,10.0,5.0,1131,False,0.0,False,G351,1,1.0,10.0,0.19,pass,0.222
16341,ok,10.0,False,10.0,5.0,1131,False,0.0,False,G65,7,14.0,10.0,0.192,pass,0.218
16342,ok,10.0,False,10.0,6.0,1092,False,0.0,False,,0,0.0,10.0,0.544,pass,0.661
16343,ok,10.0,False,10.0,5.0,1137,False,0.0,False,G20,25,58.0,10.0,0.077,pass,0.1
16345,ok,10.0,False,10.0,7.0,1239,False,0.0,False,G154,3,4.0,10.0,0.251,pass,0.355
16347,ok,10.0,False,10.0,5.0,1179,False,0.0,False,,0,13.0,10.0,0.159,pass,0.099
16348,ok,10.0,False,10.0,5.0,1170,False,0.0,False,G369,1,16.0,10.0,0.442,pass,0.555
16349,ok,10.0,False,10.0,5.0,1166,False,0.0,False,G125,5,16.0,10.0,0.126,pass,0.1
16350,ok,10.0,False,10.0,5.0,1166,False,0.0,False,G61,10,33.0,10.0,0.071,pass,0.1
16351,ok,10.0,False,10.0,5.0,1132,False,0.0,False,G2,0,73.0,10.0,0.072,pass,0.1
16352,ok,10.0,False,10.0,7.0,1246,False,0.0,False,G92,6,19.0,10.0,0.737,pass,1.038
16353,ok,10.0,False,10.0,6.0,1203,False,0.0,False,G155,4,53.0,10.0,0.71,pass,1.011
16355,ok,10.0,False,10.0,5.0,529,False,0.0,False,G231,1,6.0,10.0,0.617,pass,0.772
16356,ok,10.0,False,10.0,6.0,1159,False,0.0,False,G184,3,16.0,10.0,0.126,pass,0.1
16359,ok,0.0,False,0.0,6.0,66,False,0.0,False,,0,,10.0,0.045,pass,0.062
16360,ok,10.0,False,10.0,6.0,1203,False,0.0,False,G370,1,32.0,10.0,0.071,pass,0.1
16361,ok,10.0,False,10.0,5.0,1020,False,0.0,False,G371,1,12.0,10.0,0.629,pass,0.837
16363,capped,1000.0,True,1000.0,5.0,41250,False,0.0,False,,0,0.0,,1.84,pass,2.624
16364,ok,10.0,False,10.0,5.0,1180,False,0.0,False,G1,95,197.0,10.0,0.482,pass,0.549
16365,ok,10.0,False,10.0,5.0,1121,False,0.0,False,G372,1,17.0,10.0,0.193,pass,0.219
16367,ok,10.0,False,10.0,7.0,1236,False,0.0,False,G143,4,25.0,10.0,0.14,pass,0.102
16368,ok,10.0,False,10.0,6.0,1214,False,0.0,False,G6,50,86.0,10.0,0.071,pass,0.1
16369,ok,10.0,False,10.0,7.0,1228,False,0.0,False,G27,15,193.0,10.0,0.734,pass,1.03
16370,ok,10.0,False,10.0,6.0,1169,False,0.0,False,G85,8,16.0,10.0,0.124,pass,0.1
16372,ok,10.0,False,10.0,4.0,1093,False,0.0,False,G3,48,71.0,10.0,0.07,pass,0.1
16373,ok,10.0,False,10.0,5.0,1942,False,0.0,False,G201,1,2.0,10.0,0.074,pass,0.103
16374,ok,10.0,False,10.0,7.0,1237,False,0.0,False,G91,7,27.0,10.0,0.44,pass,0.578
16375,ok,10.0,False,10.0,4.0,936,False,0.0,False,G14,8,43.0,10.0,0.14,pass,0.097
16377,ok,10.0,False,10.0,6.0,1203,False,0.0,False,,0,5.0,10.0,0.707,pass,1.042
16378,ok,10.0,False,10.0,5.0,1176,False,0.0,False,G135,5,197.0,10.0,0.477,pass,0.546
16380,ok,10.0,False,10.0,7.0,1247,False,0.0,False,G366,1,1.0,10.0,0.488,pass,0.629
16381,ok,10.0,False,10.0,7.0,1247,False,0.0,False,,0,0.0,10.0,0.49,pass,0.575
16383,ok,10.0,False,10.0,6.0,1169,False,0.0,False,,0,0.0,10.0,0.324,pass,0.56
16386,ok,10.0,False,10.0,6.0,1162,False,0.0,False,G236,2,111.0,10.0,0.373,pass,0.426
16388,ok,10.0,False,10.0,5.0,1130,False,0.0,False,G373,1,15.0,10.0,0.127,pass,0.103
16389,ok,10.0,False,10.0,7.0,1228,False,0.0,False,G27,15,193.0,10.0,0.742,pass,1.033
16390,ok,10.0,False,10.0,4.0,1093,False,0.0,False,G3,48,71.0,10.0,0.073,pass,0.1
16392,ok,10.0,False,10.0,6.0,1169,False,0.0,False,G85,8,16.0,10.0,0.071,pass,0.105
16393,ok,10.0,False,10.0,6.0,1151,False,0.0,False,G41,13,111.0,10.0,0.301,pass,0.426
16394,ok,10.0,False,10.0,7.0,1228,False,0.0,False,G27,15,193.0,10.0,0.807,pass,1.03
16395,ok,10.0,False,10.0,4.0,18276,True,0.0,False,,0,0.0,10.0,0.141,pass,0.121
16397,ok,10.0,False,10.0,3.0,1065,False,0.0,False,G16,15,30.0,10.0,0.071,pass,0.099
16399,ok,10.0,False,10.0,6.0,1214,False,0.0,False,G6,50,86.0,10.0,0.072,pass,0.1
16401,ok,10.0,False,10.0,4.0,1103,False,0.0,False,G8,44,107.0,10.0,0.191,pass,0.183
16402,ok,10.0,False,10.0,7.0,1247,False,0.0,False,G5,45,84.0,10.0,0.499,pass,0.616
16404,ok,10.0,False,10.0,4.0,1103,False,0.0,False,G8,44,107.0,10.0,0.193,pass,0.212
16406,ok,10.0,False,10.0,5.0,1170,False,0.0,False,G21,22,197.0,10.0,0.495,pass,0.553
16407,capped,1000.0,True,1000.0,4.0,101596,False,0.0,False,,0,1.0,,0.237,pass,0.331
16409,ok,10.0,False,10.0,7.0,1237,False,0.0,False,G71,9,84.0,10.0,0.518,pass,0.566
16410,ok,10.0,False,10.0,6.0,1210,False,0.0,False,G213,2,5.0,10.0,0.762,pass,1.003
16411,ok,10.0,False,10.0,6.0,1048,False,0.0,False,G374,0,12.0,10.0,0.903,pass,1.322
16413,ok,10.0,False,10.0,5.0,1131,False,0.0,False,G65,7,14.0,10.0,0.191,pass,0.218
16414,ok,10.0,False,10.0,7.0,1247,False,0.0,False,G58,10,27.0,10.0,0.537,pass,0.581
16416,ok,10.0,False,10.0,3.0,1065,False,0.0,False,G375,0,1.0,10.0,0.123,pass,0.098
16417,ok,10.0,False,10.0,6.0,1208,False,0.0,False,G31,19,38.0,10.0,0.427,pass,0.566
16418,ok,10.0,False,10.0,6.0,1169,False,0.0,False,G85,8,16.0,10.0,0.136,pass,0.101
16420,ok,10.0,False,10.0,6.0,1214,False,0.0,False,G6,50,86.0,10.0,0.072,pass,0.101
16421,ok,10.0,False,10.0,8.0,1286,False,0.0,False,,0,0.0,10.0,0.072,pass,0.101
16424,ok,10.0,False,10.0,7.0,1228,False,0.0,False,G27,15,193.0,10.0,0.736,pass,1.035
16425,capped,1000.0,True,1000.0,5.0,103646,False,0.0,False,,0,1.0,,0.917,pass,1.442
16426,ok,10.0,False,10.0,4.0,1093,False,0.0,False,G3,8,71.0,10.0,0.124,pass,0.099
16427,ok,10.0,False,10.0,7.0,1237,False,0.0,False,G89,5,49.0,10.0,0.432,pass,0.585
16429,ok,10.0,False,10.0,5.0,969,False,0.0,False,G29,14,44.0,10.0,0.183,pass,0.175
16430,ok,10.0,False,10.0,6.0,1154,False,0.0,False,G74,6,111.0,10.0,0.312,pass,0.43
16431,ok,10.0,False,10.0,7.0,1247,False,0.0,False,G13,34,49.0,10.0,0.507,pass,0.563
16432,ok,10.0,False,10.0,6.0,1159,False,0.0,False,G171,3,28.0,10.0,0.196,pass,0.233
16434,ok,10.0,False,10.0,3.0,1065,False,0.0,False,G16,1,30.0,10.0,0.136,pass,0.098
16435,ok,10.0,False,10.0,4.0,1095,False,0.0,False,G24,2,63.0,10.0,0.133,pass,0.21
16437,ok,10.0,False,10.0,6.0,1210,False,0.0,False,G183,3,86.0,10.0,0.137,pass,0.101
16438,ok,10.0,False,10.0,4.0,1095,False,0.0,False,G24,8,63.0,10.0,0.134,pass,0.208
16440,ok,10.0,False,10.0,5.0,1130,False,0.0,False,G126,5,58.0,10.0,0.071,pass,0.099
16442,ok,10.0,False,10.0,4.0,1138,False,0.0,False,G73,8,16.0,10.0,0.071,pass,0.099
16443,ok,10.0,False,10.0,7.0,1247,False,0.0,False,G58,0,27.0,10.0,0.468,pass,0.526
16444,ok,10.0,False,10.0,5.0,1026,False,0.0,False,G131,5,18.0,10.0,0.144,pass,0.097
16445,ok,10.0,False,10.0,5.0,982,False,0.0,False,G132,0,6.0,10.0,1.082,pass,2.031
16447,ok,10.0,False,10.0,5.0,1180,False,0.0,False,G1,95,197.0,10.0,0.481,pass,0.551
16448,ok,10.0,False,10.0,6.0,1154,False,0.0,False,G74,1,111.0,10.0,0.375,pass,0.426
16450,capped,1000.0,True,1000.0,7.0,79819,False,0.0,False,,0,0.0,,0.877,pass,1.429
16451,ok,10.0,False,10.0,7.0,1227,False,0.0,False,G45,10,193.0,10.0,0.787,pass,1.034
16452,ok,10.0,False,10.0,6.0,1161,False,0.0,False,G12,3,111.0,10.0,0.375,pass,0.428
16453,ok,10.0,False,10.0,5.0,355,False,0.0,False,,0,2.0,10.0,0.563,pass,0.603
16454,ok,10.0,False,10.0,5.0,969,False,0.0,False,G29,1,44.0,10.0,0.184,pass,0.195
16455,capped,1000.0,True,1000.0,3.0,15892,False,0.0,False,,0,0.0,,0.655,pass,0.76
16456,ok,10.0,False,10.0,7.0,1095,False,0.0,False,,0,30.0,10.0,0.931,pass,1.344
16457,ok,10.0,False,10.0,6.0,1214,False,0.0,False,G6,50,86.0,10.0,0.146,pass,0.1
16459,ok,10.0,False,10.0,4.0,726,False,0.0,False,G224,2,2.0,10.0,0.287,pass,0.447
16460,ok,10.0,False,10.0,5.0,1137,False,0.0,False,G20,25,58.0,10.0,0.157,pass,0.1
16461,ok,10.0,False,10.0,5.0,1175,False,0.0,False,G156,4,28.0,10.0,0.072,pass,0.099
16462,ok,10.0,False,10.0,6.0,1214,False,0.0,False,G6,50,86.0,10.0,0.071,pass,0.102
16463,ok,10.0,False,10.0,8.0,1279,False,0.0,False,G36,18,34.0,10.0,0.073,pass,0.102
16464,capped,1000.0,True,1000.0,6.0,110662,False,0.0,False,G376,1,1.0,,0.744,pass,1.056
16466,ok,10.0,False,10.0,7.0,1121,False,0.0,False,,0,0.0,10.0,0.49,pass,0.579
16468,ok,10.0,False,10.0,6.0,1150,False,0.0,False,G76,5,111.0,10.0,0.358,pass,0.428
16469,ok,10.0,False,10.0,5.0,1173,False,0.0,False,G30,21,197.0,10.0,0.498,pass,0.552
16472,ok,10.0,False,10.0,6.0,1208,False,0.0,False,G31,19,38.0,10.0,0.495,pass,0.561
16473,ok,10.0,False,10.0,5.0,1137,False,0.0,False,G10,39,63.0,10.0,0.154,pass,0.099
16474,ok,10.0,False,10.0,5.0,1127,False,0.0,False,G93,5,58.0,10.0,0.072,pass,0.102
16476,ok,10.0,False,10.0,5.0,1130,False,0.0,False,G126,5,58.0,10.0,0.071,pass,0.1
16478,ok,10.0,False,10.0,6.0,1214,False,0.0,False,G9,45,91.0,10.0,0.072,pass,0.099
16479,ok,10.0,False,10.0,5.0,970,False,0.0,False,G83,0,44.0,10.0,0.185,pass,0.253
16480,ok,10.0,False,10.0,5.0,1175,False,0.0,False,G99,7,16.0,10.0,0.14,pass,0.1
16482,ok,10.0,False,10.0,6.0,1163,False,0.0,False,G377,0,28.0,10.0,0.139,pass,0.224
16483,ok,10.0,False,10.0,6.0,1059,False,0.0,False,G88,3,12.0,10.0,0.9,pass,1.318
16485,ok,10.0,False,10.0,6.0,1208,False,0.0,False,G306,1,10.0,10.0,0.796,pass,1.013
16486,ok,10.0,False,10.0,4.0,1093,False,0.0,False,G3,48,71.0,10.0,0.126,pass,0.099
16487,ok,10.0,False,10.0,5.0,1141,False,0.0,False,G357,0,1.0,10.0,0.071,pass,0.1
16488,ok,10.0,False,10.0,4.0,1104,False,0.0,False,G62,0,10.0,10.0,0.071,pass,0.099
16489,ok,10.0,False,10.0,6.0,1208,False,0.0,False,G182,2,3.0,10.0,0.433,pass,0.563
16491,ok,10.0,False,10.0,5.0,1137,False,0.0,False,G38,16,30.0,10.0,0.075,pass,0.101
16492,ok,10.0,False,10.0,5.0,1135,False,0.0,False,G116,5,13.0,10.0,0.303,pass,0.429
16493,ok,10.0,False,10.0,4.0,1143,False,0.0,False,G217,2,16.0,10.0,0.136,pass,0.1
16494,ok,10.0,False,10.0,4.0,1093,False,0.0,False,G101,6,107.0,10.0,0.136,pass,0.212
16495,ok,10.0,False,10.0,5.0,1127,False,0.0,False,,0,15.0,10.0,0.133,pass,0.1
16497,ok,10.0,False,10.0,6.0,1212,False,0.0,False,G378,1,21.0,10.0,0.436,pass,0.56
16499,ok,10.0,False,10.0,6.0,1161,False,0.0,False,G12,31,111.0,10.0,0.365,pass,0.428
16500,capped,1000.0,True,1000.0,8.0,115508,False,0.0,False,G379,1,1.0,,0.854,pass,1.094
16502,ok,10.0,False,10.0,4.0,315,False,0.0,False,G308,0,15.0,10.0,0.538,pass,0.658
16503,ok,10.0,False,10.0,4.0,1252,False,0.0,False,,0,0.0,10.0,0.176,pass,0.142
16504,ok,10.0,False,10.0,5.0,1180,False,0.0,False,G1,95,197.0,10.0,0.43,pass,0.555
16505,ok,10.0,False,10.0,6.0,1207,False,0.0,False,G48,13,91.0,10.0,0.125,pass,0.1
16506,ok,10.0,False,10.0,5.0,1170,False,0.0,False,G21,22,197.0,10.0,0.43,pass,0.546
16507,ok,10.0,False,10.0,4.0,1869,False,0.0,False,G341,0,1.0,10.0,0.126,pass,0.102
16509,ok,10.0,False,10.0,6.0,1209,False,0.0,False,,0,0.0,10.0,0.071,pass,0.099
16510,ok,10.0,False,10.0,5.0,1078,False,0.0,False,,0,0.0,10.0,0.385,pass,0.421
16511,ok,10.0,False,10.0,7.0,1238,False,0.0,False,G105,6,19.0,10.0,0.748,pass,1.033
16512,ok,10.0,False,10.0,6.0,1170,False,0.0,False,G43,12,28.0,10.0,0.192,pass,0.224
16513,ok,10.0,False,10.0,5.0,536,False,0.0,False,,0,6.0,10.0,0.647,pass,0.718
16515,ok,10.0,False,10.0,4.0,1098,False,0.0,False,G23,22,107.0,10.0,0.198,pass,0.214
16516,ok,100.0,False,100.0,7.0,11261,False,0.0,False,G237,1,6.0,100.0,0.819,pass,1.03
16517,ok,10.0,False,10.0,7.0,1238,False,0.0,False,G4,51,193.0,10.0,0.799,pass,1.029
16518,ok,10.0,False,10.0,4.0,1095,False,0.0,False,G24,2,63.0,10.0,0.192,pass,0.21
16519,ok,10.0,False,10.0,5.0,1180,False,0.0,False,G82,7,16.0,10.0,0.493,pass,0.548
16521,ok,10.0,False,10.0,5.0,1177,False,0.0,False,G57,11,13.0,10.0,0.125,pass,0.1
16523,ok,10.0,False,10.0,6.0,1219,False,0.0,False,G39,16,21.0,10.0,0.443,pass,0.564
16526,capped,1000.0,True,1000.0,7.0,112667,False,0.0,False,G309,1,16.0,,0.756,pass,1.07
16527,ok,10.0,False,10.0,6.0,1169,False,0.0,False,G19,0,111.0,10.0,0.36,pass,0.433
16529,ok,10.0,False,10.0,6.0,1169,False,0.0,False,G136,5,8.0,10.0,0.152,pass,0.101
16530,ok,10.0,False,10.0,4.0,936,False,0.0,False,G14,23,43.0,10.0,0.07,pass,0.097
16531,capped,1000.0,True,1000.0,7.0,112685,False,0.0,False,G118,5,16.0,,0.749,pass,1.115
16532,ok,10.0,False,10.0,6.0,1169,False,0.0,False,G136,5,8.0,10.0,0.126,pass,0.101
16535,ok,10.0,False,10.0,4.0,321,False,0.0,False,,0,15.0,10.0,0.46,pass,0.584
16536,ok,10.0,False,10.0,5.0,1173,False,0.0,False,G30,21,197.0,10.0,0.475,pass,0.588
16537,ok,10.0,False,10.0,6.0,1126,False,0.0,False,G152,3,11.0,10.0,0.746,pass,0.974
16539,ok,10.0,False,10.0,5.0,1132,False,0.0,False,G2,63,73.0,10.0,0.126,pass,0.1
16540,ok,10.0,False,10.0,5.0,1135,False,0.0,False,G87,4,9.0,10.0,0.275,pass,0.29
16541,ok,10.0,False,10.0,7.0,1240,False,0.0,False,G380,1,49.0,10.0,0.497,pass,0.576
16542,capped,1000.0,True,1000.0,7.0,112685,False,0.0,False,G118,5,16.0,,0.747,pass,1.078
16545,ok,10.0,False,10.0,5.0,1135,False,0.0,False,,0,0.0,10.0,0.219,pass,0.235
16546,ok,10.0,False,10.0,7.0,1121,False,0.0,False,G133,0,10.0,10.0,0.492,pass,0.588
16547,ok,10.0,False,10.0,5.0,1145,False,0.0,False,,0,38.0,10.0,0.125,pass,0.1
16548,ok,10.0,False,10.0,5.0,1137,False,0.0,False,G10,39,63.0,10.0,0.071,pass,0.099
16549,capped,1000.0,True,1000.0,4.0,101591,False,0.0,False,G381,1,2.0,,0.153,pass,0.286
16550,ok,10.0,False,10.0,6.0,1204,False,0.0,False,G44,14,91.0,10.0,0.125,pass,0.101
16552,ok,10.0,False,10.0,8.0,1279,False,0.0,False,G52,12,16.0,10.0,0.072,pass,0.103
16553,ok,10.0,False,10.0,4.0,1103,False,0.0,False,G8,44,107.0,10.0,0.135,pass,0.215
16554,ok,10.0,False,10.0,6.0,1198,False,0.0,False,G238,2,38.0,10.0,0.493,pass,0.557
16555,ok,10.0,False,10.0,5.0,1130,False,0.0,False,G233,2,30.0,10.0,0.072,pass,0.099
16556,ok,10.0,False,10.0,5.0,1166,False,0.0,False,G33,20,28.0,10.0,0.071,pass,0.1
16557,ok,10.0,False,10.0,5.0,1186,False,0.0,False,,0,13.0,10.0,0.072,pass,0.099
16559,ok,10.0,False,10.0,5.0,969,False,0.0,False,G29,14,44.0,10.0,0.129,pass,0.194
16560,ok,10.0,False,10.0,7.0,1238,False,0.0,False,G4,51,193.0,10.0,0.796,pass,1.029
16561,ok,10.0,False,10.0,5.0,1133,False,0.0,False,G17,3,42.0,,0.363,pass,0.433
16563,ok,10.0,False,10.0,5.0,1180,False,0.0,False,G1,95,197.0,10.0,0.489,pass,0.55
16564,ok,10.0,False,10.0,7.0,1246,False,0.0,False,G7,34,193.0,10.0,0.784,pass,1.034
16565,ok,10.0,False,10.0,5.0,1169,False,0.0,False,G49,12,197.0,10.0,0.48,pass,0.554
16566,ok,10.0,False,10.0,4.0,936,False,0.0,False,G14,8,43.0,10.0,0.128,pass,0.096
16568,ok,10.0,False,10.0,4.0,1103,False,0.0,False,G8,44,107.0,10.0,0.135,pass,0.213
16569,ok,10.0,False,10.0,6.0,1161,False,0.0,False,G382,0,26.0,10.0,0.367,pass,0.415
16570,ok,10.0,False,10.0,6.0,1214,False,0.0,False,G9,45,91.0,10.0,0.077,pass,0.1
16572,ok,10.0,False,10.0,4.0,930,False,0.0,False,,0,0.0,10.0,0.069,pass,0.096
16573,ok,10.0,False,10.0,5.0,1132,False,0.0,False,G2,63,73.0,10.0,0.071,pass,0.099
16576,ok,10.0,False,10.0,5.0,1174,False,0.0,False,G383,1,197.0,10.0,0.417,pass,0.55
16577,ok,10.0,False,10.0,5.0,1175,False,0.0,False,G66,10,33.0,10.0,0.14,pass,0.101
16578,ok,10.0,False,10.0,5.0,1175,False,0.0,False,,0,0.0,10.0,0.136,pass,0.217
16579,ok,10.0,False,10.0,6.0,1214,False,0.0,False,G26,22,32.0,10.0,0.165,pass,0.101
16582,ok,10.0,False,10.0,7.0,1240,False,0.0,False,G214,2,27.0,10.0,0.432,pass,0.581
16584,ok,10.0,False,10.0,4.0,944,False,0.0,False,G384,0,1.0,10.0,0.245,pass,0.261
16585,ok,10.0,False,10.0,6.0,1059,False,0.0,False,,0,0.0,10.0,0.256,pass,0.257
16586,ok,10.0,False,10.0,6.0,1151,False,0.0,False,G41,13,111.0,10.0,0.32,pass,0.432
16588,ok,10.0,False,10.0,5.0,1171,False,0.0,False,G25,22,197.0,10.0,0.489,pass,0.549
16589,ok,10.0,False,10.0,5.0,357,False,0.0,False,,0,0.0,10.0,0.532,pass,0.606
16591,ok,10.0,False,10.0,3.0,274,False,0.0,False,G355,0,1.0,10.0,0.345,pass,0.377
16592,ok,10.0,False,10.0,3.0,1065,False,0.0,False,G16,5,30.0,10.0,0.13,pass,0.099
16593,ok,10.0,False,10.0,5.0,1135,False,0.0,False,G87,4,9.0,10.0,0.222,pass,0.292
16594,ok,10.0,False,10.0,5.0,1180,False,0.0,False,G1,95,197.0,10.0,0.495,pass,0.55
16595,ok,10.0,False,10.0,5.0,1173,False,0.0,False,G30,21,197.0,10.0,0.493,pass,0.552
16596,ok,10.0,False,10.0,9.0,1303,False,0.0,False,,0,0.0,10.0,0.129,pass,0.103
16597,ok,10.0,False,10.0,8.0,1290,False,0.0,False,,0,0.0,10.0,0.459,pass,0.625
16598,ok,10.0,False,10.0,8.0,1272,False,0.0,False,G166,3,34.0,10.0,0.157,pass,0.102
16600,ok,10.0,False,10.0,6.0,1271,False,0.0,False,,0,0.0,10.0,0.482,pass,0.581
16601,ok,10.0,False,10.0,5.0,1180,False,0.0,False,G1,95,197.0,10.0,0.499,pass,0.583
16602,ok,10.0,False,10.0,7.0,1238,False,0.0,False,G4,4,193.0,10.0,0.809,pass,1.054
16603,ok,10.0,False,10.0,7.0,1246,False,0.0,False,G7,3,193.0,10.0,0.797,pass,1.083
16604,ok,10.0,False,10.0,5.0,1130,False,0.0,False,G385,1,3.0,10.0,0.346,pass,0.413
16605,ok,10.0,False,10.0,6.0,1204,False,0.0,False,G70,0,86.0,10.0,0.128,pass,0.101
16606,ok,10.0,False,10.0,5.0,1126,False,0.0,False,G11,26,57.0,10.0,0.133,pass,0.214
16607,ok,10.0,False,10.0,4.0,936,False,0.0,False,G14,3,43.0,10.0,0.13,pass,0.098
16609,ok,10.0,False,10.0,7.0,1222,False,0.0,False,,0,0.0,10.0,0.631,pass,0.884
16610,ok,10.0,False,10.0,5.0,1180,False,0.0,False,G1,95,197.0,10.0,0.515,pass,0.556
16612,ok,10.0,False,10.0,4.0,1138,False,0.0,False,G22,24,30.0,10.0,0.072,pass,0.101
16614,ok,10.0,False,10.0,5.0,1137,False,0.0,False,G10,39,63.0,10.0,0.071,pass,0.101
16616,ok,10.0,False,10.0,3.0,792,False,0.0,False,,0,1.0,10.0,0.423,pass,0.548
16617,ok,10.0,False,10.0,7.0,1246,False,0.0,False,G7,34,193.0,10.0,0.791,pass,1.03
16618,ok,10.0,False,10.0,4.0,1098,False,0.0,False,G356,1,1.0,10.0,0.124,pass,0.099
16619,ok,10.0,False,10.0,4.0,1104,False,0.0,False,G62,8,10.0,10.0,0.072,pass,0.1
16621,ok,10.0,False,10.0,7.0,1247,False,0.0,False,G13,34,49.0,10.0,0.432,pass,0.579
16622,ok,10.0,False,10.0,4.0,1103,False,0.0,False,G8,44,107.0,10.0,0.17,pass,0.182
16623,ok,10.0,False,10.0,6.0,1214,False,0.0,False,G9,45,91.0,10.0,0.139,pass,0.101
16624,ok,10.0,False,10.0,4.0,1110,False,0.0,False,G47,2,63.0,10.0,0.136,pass,0.214
16625,ok,10.0,False,10.0,8.0,1266,False,0.0,False,G386,1,1.0,10.0,0.815,pass,1.048
16626,ok,10.0,False,10.0,7.0,1239,False,0.0,False,,0,19.0,10.0,0.788,pass,1.031
16627,ok,10.0,False,10.0,5.0,1171,False,0.0,False,G25,22,197.0,10.0,0.508,pass,0.549
16628,ok,10.0,False,10.0,3.0,257,False,0.0,False,G180,0,3.0,10.0,0.63,pass,0.694
16629,ok,10.0,False,10.0,7.0,1247,False,0.0,False,G13,34,49.0,10.0,0.493,pass,0.591
16630,capped,1000.0,True,1000.0,7.0,112677,False,0.0,False,G145,4,16.0,,0.818,pass,1.071
16631,ok,10.0,False,10.0,7.0,1237,False,0.0,False,G71,9,84.0,10.0,0.487,pass,0.586
16632,ok,10.0,False,10.0,4.0,1098,False,0.0,False,G23,1,107.0,,0.188,pass,0.184
16633,ok,10.0,False,10.0,5.0,1126,False,0.0,False,G11,3,57.0,10.0,0.137,pass,0.182
16635,ok,10.0,False,10.0,4.0,1098,False,0.0,False,G37,1,63.0,10.0,0.213,pass,0.184
16636,ok,10.0,False,10.0,3.0,1065,False,0.0,False,G16,3,30.0,10.0,0.139,pass,0.098
16638,ok,10.0,False,10.0,5.0,1029,False,0.0,False,G100,6,12.0,10.0,0.647,pass,0.835
16640,ok,10.0,False,10.0,4.0,1143,False,0.0,False,G217,2,16.0,10.0,0.125,pass,0.099
16641,ok,10.0,False,10.0,5.0,1177,False,0.0,False,G299,1,3.0,10.0,0.071,pass,0.1
16642,ok,10.0,False,10.0,4.0,1136,False,0.0,False,,0,30.0,10.0,0.072,pass,0.102
16644,ok,10.0,False,10.0,6.0,1158,False,0.0,False,,0,111.0,10.0,0.305,pass,0.431
16645,ok,10.0,False,10.0,4.0,1138,False,0.0,False,G22,24,30.0,10.0,0.145,pass,0.101
16646,ok,10.0,False,10.0,6.0,1200,False,0.0,False,G146,1,53.0,10.0,0.716,pass,1.012
16647,ok,10.0,False,10.0,5.0,1169,False,0.0,False,G364,0,16.0,,0.481,pass,0.549
16648,ok,10.0,False,10.0,5.0,1176,False,0.0,False,,0,3.0,10.0,0.111,pass,0.099
16649,ok,10.0,False,10.0,5.0,1089,False,0.0,False,G239,1,6.0,10.0,0.064,pass,0.09
16652,ok,10.0,False,10.0,6.0,1214,False,0.0,False,G6,50,86.0,10.0,0.078,pass,0.101
16655,ok,10.0,False,10.0,4.0,1103,False,0.0,False,G8,44,107.0,10.0,0.134,pass,0.182
16657,ok,10.0,False,10.0,7.0,1240,False,0.0,False,G80,6,84.0,10.0,0.49,pass,0.609
16658,ok,10.0,False,10.0,4.0,945,False,0.0,False,G240,2,5.0,10.0,0.527,pass,0.677
16659,ok,10.0,False,10.0,6.0,1122,False,0.0,False,G179,0,11.0,10.0,0.183,pass,0.205
16660,ok,10.0,False,10.0,6.0,1214,False,0.0,False,G9,45,91.0,10.0,0.143,pass,0.1
16661,ok,10.0,False,10.0,6.0,1088,False,0.0,False,G185,3,9.0,10.0,0.07,pass,0.099
16663,ok,10.0,False,10.0,5.0,999,False,0.0,False,,0,7.0,10.0,0.07,pass,0.098
16664,ok,10.0,False,10.0,6.0,1198,False,0.0,False,G215,1,25.0,10.0,0.434,pass,0.564
16665,ok,10.0,False,10.0,3.0,277,False,0.0,False,,0,0.0,10.0,0.818,pass,1.075
16667,ok,10.0,False,10.0,5.0,1130,False,0.0,False,G126,5,58.0,10.0,0.151,pass,0.1
16668,ok,10.0,False,10.0,7.0,1235,False,0.0,False,G157,4,25.0,10.0,0.073,pass,0.102
16669,ok,10.0,False,10.0,5.0,1124,False,0.0,False,G387,0,17.0,10.0,0.136,pass,0.266
16671,ok,10.0,False,10.0,6.0,450,False,0.0,False,,0,0.0,10.0,0.277,pass,0.303
16672,capped,1000.0,True,1000.0,6.0,110662,False,0.0,False,G376,1,1.0,,0.813,pass,1.054
16674,ok,10.0,False,10.0,6.0,1122,False,0.0,False,G179,0,11.0,10.0,0.745,pass,0.997
16675,ok,10.0,False,10.0,8.0,1228,False,0.0,False,,0,0.0,10.0,0.322,pass,0.446
16677,ok,10.0,False,10.0,5.0,1169,False,0.0,False,,0,1.0,10.0,0.434,pass,0.47
16679,ok,10.0,False,10.0,5.0,967,False,0.0,False,,0,0.0,10.0,0.361,pass,0.405
16681,ok,10.0,False,10.0,5.0,1126,False,0.0,False,G59,11,58.0,10.0,0.145,pass,0.099
16682,ok,10.0,False,10.0,5.0,1175,False,0.0,False,G66,10,33.0,10.0,0.071,pass,0.1
16683,ok,10.0,False,10.0,5.0,1132,False,0.0,False,G2,63,73.0,10.0,0.071,pass,0.101
16684,ok,10.0,False,10.0,6.0,1205,False,0.0,False,G81,8,86.0,10.0,0.072,pass,0.101
16685,ok,10.0,False,10.0,6.0,1048,False,0.0,False,,0,3.0,10.0,0.294,pass,0.405
16686,ok,10.0,False,10.0,5.0,970,False,0.0,False,,0,0.0,10.0,0.199,pass,0.174
16687,ok,10.0,False,10.0,5.0,1175,False,0.0,False,G156,4,28.0,10.0,0.141,pass,0.102
16689,ok,10.0,False,10.0,8.0,1279,False,0.0,False,G52,12,16.0,10.0,0.073,pass,0.102
16690,ok,10.0,False,10.0,7.0,1246,False,0.0,False,,0,0.0,10.0,0.125,pass,0.101
16691,ok,10.0,False,10.0,6.0,764,False,0.0,False,,0,0.0,10.0,0.644,pass,0.856
16693,ok,10.0,False,10.0,6.0,1205,False,0.0,False,,0,38.0,10.0,0.484,pass,0.566
16694,ok,10.0,False,10.0,7.0,1246,False,0.0,False,G7,34,193.0,10.0,0.733,pass,1.035
16696,ok,10.0,False,10.0,7.0,1086,False,0.0,False,,0,30.0,10.0,0.92,pass,1.352
16697,ok,10.0,False,10.0,6.0,976,False,0.0,False,,0,5.0,10.0,0.798,pass,1.088
16698,ok,10.0,False,10.0,6.0,1176,False,0.0,False,G241,1,26.0,10.0,0.349,pass,0.413
16699,ok,10.0,False,10.0,5.0,1021,False,0.0,False,G28,18,21.0,10.0,0.133,pass,0.097
16701,ok,10.0,False,10.0,5.0,994,False,0.0,False,G186,3,4.0,10.0,0.069,pass,0.097
16702,ok,10.0,False,10.0,6.0,1222,False,0.0,False,,0,29.0,10.0,0.072,pass,0.1
16703,ok,10.0,False,10.0,6.0,1208,False,0.0,False,G182,2,3.0,10.0,0.43,pass,0.561
16706,ok,10.0,False,10.0,4.0,1093,False,0.0,False,G3,48,71.0,10.0,0.125,pass,0.099
16707,ok,10.0,False,10.0,5.0,1132,False,0.0,False,G2,63,73.0,10.0,0.071,pass,0.1
16708,ok,10.0,False,10.0,4.0,1092,False,0.0,False,G79,0,107.0,,0.134,pass,0.263
16709,ok,10.0,False,10.0,5.0,1132,False,0.0,False,G2,63,73.0,10.0,0.146,pass,0.1
16712,ok,10.0,False,10.0,5.0,1170,False,0.0,False,G388,0,1.0,10.0,0.071,pass,0.099
16713,ok,10.0,False,10.0,5.0,1132,False,0.0,False,G389,1,1.0,10.0,0.072,pass,0.099
16715,ok,10.0,False,10.0,4.0,1103,False,0.0,False,G8,44,107.0,10.0,0.135,pass,0.215
16716,ok,10.0,False,10.0,7.0,1646,False,0.0,False,,0,0.0,10.0,0.138,pass,0.102
16717,ok,10.0,False,10.0,5.0,1132,False,0.0,False,G2,63,73.0,10.0,0.071,pass,0.101
16718,ok,10.0,False,10.0,6.0,1214,False,0.0,False,G6,50,86.0,10.0,0.072,pass,0.101
16719,ok,10.0,False,10.0,5.0,968,False,0.0,False,,0,0.0,,0.441,pass,0.562
16721,ok,10.0,False,10.0,6.0,1214,False,0.0,False,G9,45,91.0,10.0,0.126,pass,0.103
16722,ok,10.0,False,10.0,7.0,1238,False,0.0,False,G4,51,193.0,10.0,0.784,pass,1.036
16723,ok,10.0,False,10.0,7.0,1236,False,0.0,False,G78,6,193.0,10.0,0.788,pass,1.034
16725,ok,10.0,False,10.0,6.0,987,False,0.0,False,G338,1,5.0,10.0,0.799,pass,1.052
16727,ok,10.0,False,10.0,7.0,1239,False,0.0,False,,0,0.0,10.0,0.308,pass,0.36
16728,ok,10.0,False,10.0,5.0,1123,False,0.0,False,G164,2,42.0,10.0,0.374,pass,0.426
16729,ok,10.0,False,10.0,5.0,1137,False,0.0,False,G20,25,58.0,10.0,0.136,pass,0.1
16730,ok,10.0,False,10.0,5.0,1132,False,0.0,False,G18,24,38.0,10.0,0.125,pass,0.1
16732,ok,10.0,False,10.0,6.0,1036,False,0.0,False,G242,2,2.0,10.0,0.418,pass,0.571
16733,ok,10.0,False,10.0,5.0,1166,False,0.0,False,G61,10,33.0,10.0,0.126,pass,0.101
16734,ok,10.0,False,10.0,5.0,1126,False,0.0,False,G113,6,30.0,10.0,0.071,pass,0.101
16735,ok,10.0,False,10.0,6.0,1208,False,0.0,False,G35,19,26.0,10.0,0.417,pass,0.559
16736,ok,10.0,False,10.0,6.0,1214,False,0.0,False,G26,22,32.0,10.0,0.13,pass,0.101
16737,ok,10.0,False,26.0,7.0,10457,True,0.0,False,,0,0.0,10.0,0.532,pass,0.749
16738,ok,10.0,False,10.0,6.0,1214,False,0.0,False,G6,50,86.0,10.0,0.131,pass,0.101
16739,ok,10.0,False,10.0,5.0,1165,False,0.0,False,,0,197.0,10.0,0.448,pass,0.55
16740,ok,10.0,False,10.0,7.0,1246,False,0.0,False,G50,12,25.0,10.0,0.126,pass,0.102
16743,ok,10.0,False,10.0,7.0,1239,False,0.0,False,G243,2,25.0,10.0,0.072,pass,0.101
16744,ok,10.0,False,10.0,4.0,1869,False,0.0,False,,0,0.0,10.0,0.072,pass,0.101
16745,ok,10.0,False,10.0,5.0,18349,True,0.0,False,,0,0.0,10.0,0.088,pass,0.121
16746,ok,10.0,False,10.0,6.0,1220,False,0.0,False,,0,38.0,10.0,0.428,pass,0.563
16747,ok,10.0,False,10.0,7.0,1249,False,0.0,False,,0,0.0,10.0,0.801,pass,1.038
16748,ok,10.0,False,14.0,5.0,27929,True,1.0,False,,0,0.0,10.0,0.166,pass,0.208
16749,ok,10.0,False,10.0,5.0,1132,False,0.0,False,G18,3,38.0,10.0,0.071,pass,0.1
16752,ok,10.0,False,10.0,6.0,1208,False,0.0,False,G35,19,26.0,10.0,0.429,pass,0.557
16754,ok,10.0,False,10.0,8.0,1277,False,0.0,False,G130,5,7.0,10.0,0.794,pass,1.047
16755,ok,10.0,False,10.0,5.0,1132,False,0.0,False,G150,2,58.0,10.0,0.124,pass,0.101
16757,ok,10.0,False,10.0,4.0,1093,False,0.0,False,G3,48,71.0,10.0,0.071,pass,0.1
16758,ok,10.0,False,10.0,6.0,1170,False,0.0,False,G43,12,28.0,10.0,0.141,pass,0.189
16759,ok,10.0,False,10.0,5.0,1126,False,0.0,False,,0,1.0,10.0,0.196,pass,0.184
16761,ok,10.0,False,10.0,3.0,1065,False,0.0,False,G16,5,30.0,10.0,0.14,pass,0.098
16762,ok,10.0,False,10.0,5.0,1132,False,0.0,False,G18,24,38.0,10.0,0.071,pass,0.1
16765,ok,10.0,False,10.0,4.0,1093,False,0.0,False,G101,6,107.0,10.0,0.138,pass,0.223
16767,ok,10.0,False,10.0,7.0,1192,False,0.0,False,,0,1.0,10.0,0.137,pass,0.102
16768,ok,10.0,False,10.0,6.0,1203,False,0.0,False,G98,7,91.0,10.0,0.073,pass,0.101
16772,ok,10.0,False,10.0,5.0,1180,False,0.0,False,G1,95,197.0,10.0,0.476,pass,0.555
16774,ok,10.0,False,10.0,6.0,1214,False,0.0,False,G6,50,86.0,10.0,0.124,pass,0.1
16775,ok,10.0,False,10.0,4.0,1046,False,0.0,False,G211,2,2.0,10.0,0.07,pass,0.099
16776,ok,10.0,False,10.0,5.0,439,False,0.0,False,,0,1.0,10.0,0.063,pass,0.089
16777,ok,10.0,False,10.0,5.0,1177,False,0.0,False,G57,11,13.0,10.0,0.071,pass,0.1
16778,ok,10.0,False,10.0,4.0,1093,False,0.0,False,G3,48,71.0,10.0,0.071,pass,0.099
16780,ok,10.0,False,10.0,8.0,1271,False,0.0,False,,0,0.0,10.0,0.073,pass,0.104
16781,ok,10.0,False,10.0,6.0,1150,False,0.0,False,G76,5,111.0,10.0,0.305,pass,0.429
16782,ok,10.0,False,10.0,5.0,1137,False,0.0,False,G10,39,63.0,10.0,0.139,pass,0.101
16783,ok,10.0,False,10.0,6.0,1208,False,0.0,False,G40,13,25.0,10.0,0.432,pass,0.557
16785,ok,10.0,False,10.0,5.0,1170,False,0.0,False,G21,1,197.0,,0.48,pass,0.555
16786,ok,10.0,False,10.0,5.0,1132,False,0.0,False,G18,24,38.0,10.0,0.124,pass,0.099
16787,ok,10.0,False,10.0,5.0,1180,False,0.0,False,G1,95,197.0,10.0,0.424,pass,0.549
16788,ok,10.0,False,10.0,6.0,1214,False,0.0,False,G6,50,86.0,10.0,0.127,pass,0.101
16789,ok,10.0,False,10.0,6.0,1048,False,0.0,False,G374,0,12.0,10.0,0.832,pass,1.3
16790,ok,10.0,False,10.0,7.0,1246,False,0.0,False,G92,6,19.0,10.0,0.809,pass,1.034
16791,ok,10.0,False,10.0,9.0,1303,False,0.0,False,G244,2,4.0,10.0,0.127,pass,0.103
16792,ok,10.0,False,10.0,3.0,1065,False,0.0,False,G16,15,30.0,10.0,0.07,pass,0.098
16793,ok,10.0,False,10.0,5.0,1131,False,0.0,False,G65,2,14.0,10.0,0.43,pass,0.569
16795,ok,10.0,False,10.0,7.0,1237,False,0.0,False,G390,1,1.0,10.0,0.502,pass,0.593
16796,ok,10.0,False,10.0,7.0,1236,False,0.0,False,G102,6,84.0,10.0,0.486,pass,0.58
16797,ok,10.0,False,10.0,4.0,1098,False,0.0,False,G23,22,107.0,10.0,0.188,pass,0.183
16798,ok,10.0,False,10.0,5.0,1132,False,0.0,False,G2,63,73.0,10.0,0.14,pass,0.099
16799,ok,10.0,False,10.0,4.0,1093,False,0.0,False,G3,48,71.0,10.0,0.071,pass,0.108
16800,ok,10.0,False,10.0,6.0,1018,False,0.0,False,G245,2,14.0,10.0,1.157,pass,2.012
16802,ok,10.0,False,10.0,6.0,1161,False,0.0,False,G12,31,111.0,10.0,0.378,pass,0.429
16803,ok,10.0,False,10.0,6.0,1169,False,0.0,False,G85,8,16.0,10.0,0.128,pass,0.101
16804,ok,100.0,False,100.0,5.0,10316,False,0.0,False,,0,0.0,100.0,0.136,pass,0.215
16805,ok,10.0,False,10.0,5.0,1126,False,0.0,False,G94,7,15.0,10.0,0.144,pass,0.099
16806,ok,10.0,False,10.0,4.0,1093,False,0.0,False,G101,6,107.0,10.0,0.136,pass,0.211
16807,ok,10.0,False,10.0,6.0,1204,False,0.0,False,G70,8,86.0,10.0,0.137,pass,0.1
16808,ok,10.0,False,10.0,5.0,1164,False,0.0,False,G158,4,33.0,10.0,0.072,pass,0.1
16809,ok,10.0,False,10.0,5.0,1137,False,0.0,False,G10,39,63.0,10.0,0.071,pass,0.101
16810,ok,10.0,False,10.0,5.0,1132,False,0.0,False,G18,24,38.0,10.0,0.141,pass,0.099
16812,ok,10.0,False,10.0,4.0,1038,False,2.0,False,,0,0.0,10.0,0.192,pass,0.269
16813,ok,10.0,False,10.0,7.0,1238,False,0.0,False,G4,3,193.0,10.0,0.83,pass,1.04
16814,ok,10.0,False,10.0,6.0,1161,False,0.0,False,G12,31,111.0,10.0,0.357,pass,0.427
16815,ok,10.0,False,10.0,5.0,1126,False,0.0,False,G11,26,57.0,10.0,0.2,pass,0.216
16817,ok,10.0,False,10.0,5.0,1026,False,0.0,False,G137,4,6.0,10.0,0.133,pass,0.097
16818,ok,10.0,False,10.0,7.0,1246,False,0.0,False,G7,34,193.0,10.0,0.74,pass,1.031
16820,ok,10.0,False,10.0,4.0,1092,False,0.0,False,G79,6,107.0,10.0,0.19,pass,0.215
16822,ok,10.0,False,10.0,5.0,1180,False,0.0,False,G1,95,197.0,10.0,0.504,pass,0.554
16823,ok,10.0,False,10.0,4.0,1135,False,0.0,False,,0,1.0,10.0,0.128,pass,0.103
16826,ok,10.0,False,10.0,6.0,1208,False,0.0,False,G35,19,26.0,10.0,0.436,pass,0.562
16827,ok,10.0,False,10.0,5.0,1132,False,0.0,False,G2,63,73.0,10.0,0.074,pass,0.1
16828,ok,10.0,False,10.0,5.0,1132,False,0.0,False,G18,24,38.0,10.0,0.071,pass,0.099
16829,ok,10.0,False,10.0,6.0,1169,False,0.0,False,G19,22,111.0,10.0,0.307,pass,0.429
16830,ok,10.0,False,10.0,6.0,1212,False,0.0,False,G77,6,10.0,10.0,0.782,pass,1.018
16832,ok,10.0,False,10.0,5.0,1209,False,0.0,False,G391,1,1.0,10.0,0.276,pass,0.309
16834,ok,10.0,False,10.0,7.0,1152,False,0.0,False,G392,1,1.0,10.0,0.974,pass,1.439
16835,ok,10.0,False,10.0,5.0,1090,False,0.0,False,G206,1,5.0,10.0,0.201,pass,0.21
16836,ok,10.0,False,10.0,5.0,985,False,0.0,False,G54,3,44.0,10.0,0.203,pass,0.176
16837,ok,10.0,False,10.0,7.0,1247,False,0.0,False,G5,45,84.0,10.0,0.531,pass,0.61
16839,ok,10.0,False,10.0,5.0,1132,False,0.0,False,G2,0,73.0,10.0,0.12,pass,0.1
16840,ok,10.0,False,10.0,7.0,1247,False,0.0,False,G5,45,84.0,10.0,0.438,pass,0.566
16842,ok,10.0,False,10.0,4.0,941,False,0.0,False,,0,4.0,10.0,0.244,pass,0.264
16843,ok,10.0,False,10.0,5.0,1188,False,0.0,False,G187,3,197.0,10.0,0.506,pass,0.546
16844,ok,10.0,False,10.0,4.0,1122,False,0.0,False,G304,0,2.0,10.0,0.499,pass,0.579
16845,ok,10.0,False,10.0,4.0,1093,False,0.0,False,G320,1,1.0,10.0,0.125,pass,0.1
16846,ok,10.0,False,10.0,8.0,1267,False,0.0,False,,0,7.0,10.0,0.748,pass,1.051
16847,ok,10.0,False,10.0,5.0,1149,False,0.0,False,G393,1,10.0,10.0,0.189,pass,0.214
16849,ok,10.0,False,10.0,5.0,1131,False,0.0,False,G64,6,17.0,10.0,0.201,pass,0.217
16850,ok,10.0,False,10.0,5.0,969,False,0.0,False,G29,14,44.0,10.0,0.199,pass,0.172
16851,ok,10.0,False,10.0,6.0,1214,False,0.0,False,G6,50,86.0,10.0,0.171,pass,0.101
16852,ok,10.0,False,10.0,8.0,1279,False,0.0,False,G36,18,34.0,10.0,0.073,pass,0.104
16853,ok,10.0,False,10.0,6.0,1214,False,0.0,False,G6,50,86.0,10.0,0.071,pass,0.1
16855,ok,10.0,False,10.0,6.0,1214,False,0.0,False,G26,22,32.0,10.0,0.072,pass,0.1
16856,ok,10.0,False,10.0,5.0,1137,False,0.0,False,G10,39,63.0,10.0,0.071,pass,0.099
16857,ok,10.0,False,10.0,6.0,1214,False,0.0,False,G9,45,91.0,10.0,0.071,pass,0.101
16858,ok,10.0,False,10.0,8.0,1277,False,0.0,False,G130,5,7.0,10.0,0.748,pass,1.046
16859,ok,100.0,False,100.0,7.0,11261,False,0.0,False,G237,0,6.0,100.0,0.784,pass,1.033
16861,ok,10.0,False,10.0,6.0,1010,False,0.0,False,G84,7,14.0,10.0,1.146,pass,2.092
16862,capped,1000.0,True,1000.0,7.0,112677,False,0.0,False,,0,0.0,,0.81,pass,1.072
16863,ok,10.0,False,10.0,3.0,1065,False,0.0,False,G16,5,30.0,10.0,0.127,pass,0.099
16864,ok,10.0,False,10.0,5.0,969,False,0.0,False,G394,0,5.0,10.0,0.184,pass,0.256
16865,ok,10.0,False,10.0,4.0,1138,False,0.0,False,G22,24,30.0,10.0,0.135,pass,0.1
16866,ok,10.0,False,10.0,6.0,1077,False,0.0,False,,0,1.0,10.0,0.071,pass,0.097
16868,ok,10.0,False,10.0,8.0,1272,False,0.0,False,G395,1,16.0,10.0,0.072,pass,0.103
16870,ok,10.0,False,10.0,6.0,1165,False,0.0,False,G222,2,7.0,10.0,0.136,pass,0.22
16871,ok,10.0,False,10.0,6.0,1214,False,0.0,False,G6,2,86.0,10.0,0.132,pass,0.1
16873,ok,10.0,False,10.0,7.0,1114,False,0.0,False,G174,3,10.0,10.0,0.441,pass,0.585
16874,ok,10.0,False,10.0,4.0,322,False,0.0,False,,0,15.0,10.0,0.518,pass,0.583
16875,ok,10.0,False,10.0,4.0,1138,False,0.0,False,G22,24,30.0,10.0,0.123,pass,0.1
16876,ok,10.0,False,10.0,4.0,1093,False,0.0,False,G3,48,71.0,10.0,0.072,pass,0.1
16879,ok,10.0,False,10.0,4.0,952,False,0.0,False,,0,4.0,10.0,0.195,pass,0.312
16880,ok,10.0,False,10.0,6.0,1214,False,0.0,False,G9,45,91.0,10.0,0.14,pass,0.101
16881,ok,10.0,False,10.0,5.0,1015,False,0.0,False,,0,4.0,10.0,0.07,pass,0.097
16882,ok,10.0,False,10.0,5.0,1137,False,0.0,False,G10,39,63.0,10.0,0.072,pass,0.1
16883,ok,10.0,False,10.0,6.0,1214,False,0.0,False,G26,22,32.0,10.0,0.071,pass,0.102
16885,ok,10.0,False,10.0,5.0,1180,False,0.0,False,G1,95,197.0,10.0,0.429,pass,0.549
16887,ok,10.0,False,10.0,4.0,1093,False,0.0,False,G3,48,71.0,10.0,0.124,pass,0.1
16889,ok,10.0,False,10.0,5.0,1003,False,0.0,False,G323,1,4.0,10.0,0.07,pass,0.096
16890,ok,10.0,False,10.0,5.0,1170,False,0.0,False,G369,1,16.0,10.0,0.422,pass,0.553
16893,ok,10.0,False,10.0,5.0,1133,False,0.0,False,G17,17,42.0,10.0,0.307,pass,0.426
16894,ok,10.0,False,10.0,7.0,1246,False,0.0,False,G7,34,193.0,10.0,0.815,pass,1.037
16895,ok,10.0,False,10.0,5.0,1021,False,0.0,False,G95,5,8.0,10.0,0.122,pass,0.097
16896,ok,10.0,False,10.0,5.0,1169,False,0.0,False,G49,12,197.0,10.0,0.428,pass,0.549
16898,ok,100.0,False,100.0,7.0,11253,False,0.0,False,,0,6.0,100.0,0.809,pass,1.031
16899,ok,10.0,False,10.0,5.0,1089,False,0.0,False,G239,1,6.0,10.0,0.117,pass,0.088
16900,ok,10.0,False,10.0,5.0,1169,False,0.0,False,G49,12,197.0,10.0,0.425,pass,0.548
16901,ok,10.0,False,10.0,6.0,1160,False,0.0,False,G246,0,28.0,10.0,0.19,pass,0.223
16902,ok,10.0,False,10.0,7.0,1260,False,0.0,False,,0,0.0,10.0,0.827,pass,1.042
16904,ok,10.0,False,10.0,8.0,1279,False,0.0,False,G36,18,34.0,10.0,0.075,pass,0.101
16905,ok,10.0,False,10.0,6.0,1207,False,0.0,False,G48,13,91.0,10.0,0.072,pass,0.1
16906,ok,10.0,False,10.0,4.0,1093,False,0.0,False,G53,11,14.0,10.0,0.071,pass,0.1
16908,ok,10.0,False,10.0,5.0,1130,False,0.0,False,G396,0,1.0,10.0,0.866,pass,1.543
16912,ok,10.0,False,10.0,6.0,1200,False,0.0,False,G146,2,53.0,10.0,0.794,pass,1.013
16915,ok,10.0,False,10.0,6.0,1200,False,0.0,False,,0,91.0,10.0,0.126,pass,0.101
16916,ok,10.0,False,10.0,6.0,1169,False,0.0,False,G85,8,16.0,10.0,0.072,pass,0.101
16917,ok,10.0,False,10.0,7.0,1238,False,0.0,False,G105,6,19.0,10.0,0.764,pass,1.037
16918,ok,10.0,False,10.0,5.0,1137,False,0.0,False,G114,6,10.0,10.0,0.208,pass,0.259
16919,ok,10.0,False,10.0,5.0,1166,False,0.0,False,G125,5,16.0,10.0,0.132,pass,0.099
16920,ok,10.0,False,10.0,6.0,1169,False,0.0,False,G136,5,8.0,10.0,0.127,pass,0.102
16922,ok,10.0,False,10.0,5.0,1137,False,0.0,False,G20,25,58.0,10.0,0.071,pass,0.101
16924,ok,10.0,False,10.0,6.0,1214,False,0.0,False,G9,45,91.0,10.0,0.072,pass,0.101
16925,ok,10.0,False,10.0,4.0,1093,False,0.0,False,G67,10,13.0,10.0,0.071,pass,0.1
16926,ok,10.0,False,10.0,7.0,1247,False,0.0,False,G58,10,27.0,10.0,0.442,pass,0.574
16927,ok,10.0,False,10.0,6.0,1151,False,0.0,False,G41,13,111.0,10.0,0.363,pass,0.429
16929,ok,10.0,False,10.0,7.0,1247,False,0.0,False,G13,34,49.0,10.0,0.433,pass,0.589
16930,ok,10.0,False,10.0,4.0,1138,False,0.0,False,G22,24,30.0,10.0,0.156,pass,0.1
16931,ok,10.0,False,10.0,8.0,1279,False,0.0,False,G310,0,1.0,,0.494,pass,0.685
16932,ok,10.0,False,10.0,5.0,1127,False,0.0,False,G69,6,57.0,10.0,0.21,pass,0.217
16933,ok,10.0,False,10.0,9.0,1292,False,0.0,False,G295,1,4.0,10.0,0.146,pass,0.103
16934,ok,10.0,False,10.0,5.0,1131,False,0.0,False,G119,5,7.0,10.0,0.14,pass,0.221
16935,ok,10.0,False,10.0,3.0,1065,False,0.0,False,G16,15,30.0,10.0,0.13,pass,0.099
16936,ok,10.0,False,10.0,5.0,1133,False,0.0,False,G17,17,42.0,10.0,0.307,pass,0.429
16937,ok,10.0,False,10.0,7.0,1246,False,0.0,False,G7,34,193.0,10.0,0.805,pass,1.033
16938,ok,10.0,False,10.0,5.0,1175,False,0.0,False,G99,7,16.0,10.0,0.149,pass,0.1
16942,ok,10.0,False,10.0,5.0,1180,False,0.0,False,G1,95,197.0,10.0,0.43,pass,0.553
16943,ok,10.0,False,10.0,4.0,321,False,0.0,False,,0,0.0,10.0,0.855,pass,1.106
16944,ok,10.0,False,10.0,5.0,1132,False,0.0,False,G2,63,73.0,10.0,0.14,pass,0.1
16945,ok,10.0,False,10.0,4.0,947,False,0.0,False,G324,0,4.0,10.0,0.197,pass,0.262
16946,ok,10.0,False,10.0,6.0,1161,False,0.0,False,G12,31,111.0,10.0,0.367,pass,0.427
16947,ok,10.0,False,10.0,5.0,1137,False,0.0,False,,0,38.0,10.0,0.14,pass,0.1
16949,ok,10.0,False,10.0,6.0,1203,False,0.0,False,G397,1,4.0,10.0,0.072,pass,0.1
16950,ok,10.0,False,10.0,5.0,1173,False,0.0,False,G30,21,197.0,10.0,0.465,pass,0.555
16952,ok,10.0,False,10.0,5.0,1131,False,0.0,False,G65,7,14.0,10.0,0.199,pass,0.221
16953,ok,10.0,False,10.0,5.0,1171,False,0.0,False,G25,22,197.0,10.0,0.502,pass,0.555
16955,ok,10.0,False,10.0,5.0,968,False,0.0,False,,0,5.0,10.0,0.347,pass,0.406
16956,ok,10.0,False,10.0,7.0,1238,False,0.0,False,G4,51,193.0,10.0,0.812,pass,1.037
16957,ok,10.0,False,10.0,5.0,1161,False,0.0,False,,0,1.0,10.0,0.258,pass,0.292
16958,ok,10.0,False,10.0,7.0,1236,False,0.0,False,G78,0,193.0,10.0,0.814,pass,1.03
16960,ok,10.0,False,10.0,6.0,1169,False,0.0,False,G19,22,111.0,10.0,0.359,pass,0.426
16962,ok,10.0,False,10.0,6.0,1088,False,0.0,False,,0,0.0,10.0,0.134,pass,0.099
16964,ok,10.0,False,10.0,4.0,1041,False,0.0,False,G51,8,12.0,10.0,0.071,pass,0.099
16965,ok,10.0,False,10.0,5.0,1166,False,0.0,False,G33,20,28.0,10.0,0.072,pass,0.1
16966,ok,10.0,False,10.0,6.0,1203,False,0.0,False,G115,5,29.0,10.0,0.072,pass,0.101
16968,ok,10.0,False,10.0,6.0,1203,False,0.0,False,G115,5,29.0,10.0,0.072,pass,0.101
16969,ok,10.0,False,10.0,5.0,1093,False,0.0,False,G398,1,6.0,10.0,0.064,pass,0.088
16971,ok,10.0,False,10.0,5.0,1132,False,0.0,False,G2,63,73.0,10.0,0.133,pass,0.101
16972,ok,10.0,False,10.0,5.0,1137,False,0.0,False,G38,16,30.0,10.0,0.07,pass,0.1
16973,ok,10.0,False,10.0,7.0,1247,False,0.0,False,G5,5,84.0,10.0,0.451,pass,0.519
16974,ok,100.0,False,100.0,7.0,11352,False,0.0,False,G294,1,2.0,100.0,0.511,pass,0.576
16977,ok,10.0,False,10.0,6.0,1210,False,0.0,False,G15,22,53.0,10.0,0.773,pass,1.006
16978,ok,10.0,False,10.0,6.0,1170,False,0.0,False,G188,2,4.0,10.0,0.189,pass,0.222
16980,capped,1000.0,True,1000.0,6.0,110679,False,0.0,False,G173,2,3.0,,0.801,pass,1.051
16981,ok,10.0,False,10.0,4.0,1132,False,0.0,False,G329,1,16.0,10.0,0.125,pass,0.1
16983,ok,10.0,False,10.0,5.0,1170,False,0.0,False,G21,22,197.0,10.0,0.423,pass,0.545
16985,ok,10.0,False,10.0,9.0,1303,False,0.0,False,G399,1,1.0,10.0,0.126,pass,0.102
16986,ok,10.0,False,10.0,5.0,540,False,0.0,False,,0,3.0,10.0,0.596,pass,0.743
16987,ok,10.0,False,10.0,7.0,1247,False,0.0,False,G5,45,84.0,10.0,0.497,pass,0.586
16988,ok,10.0,False,10.0,6.0,1208,False,0.0,False,G35,19,26.0,10.0,0.487,pass,0.557
16989,ok,10.0,False,10.0,6.0,1036,False,0.0,False,G321,1,2.0,10.0,0.492,pass,0.564
16991,ok,10.0,False,10.0,5.0,1120,False,0.0,False,G339,1,14.0,10.0,0.142,pass,0.228
16993,ok,10.0,False,10.0,6.0,1126,False,0.0,False,G152,3,11.0,10.0,0.797,pass,0.945
16994,ok,10.0,False,10.0,4.0,1093,False,0.0,False,G3,48,71.0,10.0,0.074,pass,0.1
16995,ok,10.0,False,10.0,5.0,1132,False,0.0,False,G2,63,73.0,10.0,0.07,pass,0.104
16996,ok,10.0,False,10.0,8.0,1271,False,0.0,False,G300,1,1.0,10.0,0.257,pass,0.355
16998,ok,10.0,False,10.0,6.0,1169,False,0.0,False,G85,8,16.0,10.0,0.159,pass,0.101
16999,ok,10.0,False,10.0,4.0,1110,False,0.0,False,G165,0,3.0,10.0,0.094,pass,0.098
17000,ok,10.0,False,10.0,6.0,1208,False,0.0,False,G40,13,25.0,10.0,0.43,pass,0.621
17001,ok,10.0,False,10.0,4.0,936,False,0.0,False,G14,8,43.0,10.0,0.133,pass,0.097
17002,ok,10.0,False,10.0,6.0,18386,True,0.0,False,,0,0.0,10.0,0.089,pass,0.12
17004,ok,10.0,False,10.0,6.0,1205,False,0.0,False,G81,8,86.0,10.0,0.071,pass,0.103
17005,ok,10.0,False,10.0,5.0,1137,False,0.0,False,G20,25,58.0,10.0,0.071,pass,0.1
17006,ok,10.0,False,10.0,5.0,985,False,0.0,False,G54,1,44.0,10.0,0.131,pass,0.194
17007,ok,10.0,False,10.0,4.0,1093,False,0.0,False,G53,11,14.0,10.0,0.074,pass,0.099
17008,ok,10.0,False,10.0,5.0,1166,False,0.0,False,G33,20,28.0,10.0,0.071,pass,0.1
17009,ok,10.0,False,10.0,5.0,1173,False,0.0,False,G30,21,197.0,10.0,0.421,pass,0.554
17011,ok,10.0,False,10.0,5.0,1130,False,0.0,False,G385,1,3.0,10.0,0.347,pass,0.413
17012,ok,10.0,False,10.0,5.0,1132,False,0.0,False,G2,63,73.0,10.0,0.136,pass,0.101
17014,ok,10.0,False,10.0,5.0,1188,False,0.0,False,G187,3,197.0,10.0,0.423,pass,0.553
17015,ok,10.0,False,10.0,5.0,1137,False,0.0,False,G38,16,30.0,10.0,0.075,pass,0.101
17016,ok,10.0,False,10.0,7.0,1246,False,0.0,False,G50,12,25.0,10.0,0.072,pass,0.101
17017,ok,10.0,False,10.0,6.0,1176,False,0.0,False,G241,0,26.0,10.0,0.295,pass,0.412
17019,ok,10.0,False,10.0,5.0,1132,False,0.0,False,G18,3,38.0,10.0,0.145,pass,0.099
17020,ok,10.0,False,10.0,7.0,1236,False,0.0,False,G78,6,193.0,10.0,0.74,pass,1.033
17021,ok,10.0,False,10.0,7.0,1237,False,0.0,False,G89,5,49.0,10.0,0.485,pass,0.584
17024,ok,10.0,False,10.0,7.0,1238,False,0.0,False,G4,51,193.0,10.0,0.794,pass,1.037
17025,ok,10.0,False,10.0,5.0,1180,False,0.0,False,G1,95,197.0,10.0,0.418,pass,0.551
17026,capped,1000.0,True,1000.0,4.0,101584,False,0.0,False,,0,2.0,,0.206,pass,0.286
17029,capped,1000.0,True,1000.0,6.0,105667,False,0.0,False,,0,10.0,,0.936,pass,1.495
17030,ok,10.0,False,10.0,5.0,1177,False,0.0,False,G57,11,13.0,10.0,0.133,pass,0.1
17031,ok,10.0,False,10.0,5.0,1137,False,0.0,False,G189,3,15.0,10.0,0.07,pass,0.099
17032,ok,10.0,False,10.0,5.0,1137,False,0.0,False,G20,25,58.0,10.0,0.072,pass,0.101
17033,ok,10.0,False,10.0,7.0,1238,False,0.0,False,G4,4,193.0,10.0,0.742,pass,1.043
17036,ok,10.0,False,10.0,4.0,1103,False,0.0,False,G8,44,107.0,10.0,0.189,pass,0.183
17037,ok,10.0,False,10.0,5.0,1137,False,0.0,False,G38,16,30.0,10.0,0.136,pass,0.1
17038,ok,10.0,False,10.0,7.0,1247,False,0.0,False,G5,5,84.0,10.0,0.459,pass,0.52
17039,ok,10.0,False,10.0,6.0,1201,False,0.0,False,G96,7,38.0,10.0,0.533,pass,0.564
17040,ok,10.0,False,10.0,7.0,1246,False,0.0,False,G92,6,19.0,10.0,0.794,pass,1.031
17041,capped,1000.0,True,1000.0,5.0,86839,False,612.0,False,,0,0.0,,0.255,pass,0.328
17043,ok,10.0,False,10.0,5.0,1126,False,0.0,False,G94,7,15.0,10.0,0.124,pass,0.1
17045,ok,10.0,False,10.0,8.0,1271,False,0.0,False,,0,0.0,10.0,0.253,pass,0.353
17047,ok,10.0,False,10.0,5.0,1124,False,0.0,False,G387,0,17.0,10.0,0.242,pass,0.217
17048,capped,1000.0,True,1000.0,7.0,112677,False,0.0,False,G145,4,16.0,,0.868,pass,1.068
17049,ok,10.0,False,10.0,5.0,1166,False,0.0,False,G209,2,11.0,10.0,0.125,pass,0.1
17050,ok,10.0,False,10.0,7.0,1246,False,0.0,False,G7,34,193.0,10.0,0.735,pass,1.033
17051,ok,10.0,False,10.0,7.0,1235,False,0.0,False,G157,4,25.0,10.0,0.073,pass,0.102
17052,ok,10.0,False,10.0,5.0,1132,False,0.0,False,G2,63,73.0,10.0,0.071,pass,0.1
17054,ok,10.0,False,10.0,5.0,1132,False,0.0,False,G2,63,73.0,10.0,0.071,pass,0.099
17055,ok,10.0,False,10.0,4.0,1103,False,0.0,False,G8,44,107.0,10.0,0.135,pass,0.215
17058,ok,10.0,False,10.0,5.0,999,False,0.0,False,,0,4.0,10.0,0.13,pass,0.097
17059,ok,10.0,False,10.0,4.0,1110,False,0.0,False,G47,3,63.0,10.0,0.133,pass,0.208
17061,ok,10.0,False,10.0,4.0,593,False,1.0,False,,0,0.0,10.0,0.316,pass,0.369
17062,ok,10.0,False,10.0,6.0,1049,False,0.0,False,,0,0.0,10.0,0.509,pass,0.603
17063,ok,10.0,False,10.0,4.0,321,False,0.0,False,G400,0,1.0,10.0,0.856,pass,1.142
17064,ok,10.0,False,10.0,6.0,1214,False,0.0,False,G26,22,32.0,10.0,0.129,pass,0.1
17066,ok,10.0,False,10.0,7.0,1240,False,0.0,False,G214,2,27.0,10.0,0.443,pass,0.584
17067,ok,10.0,False,10.0,4.0,1110,False,0.0,False,G47,3,63.0,10.0,0.196,pass,0.181
17068,ok,10.0,False,10.0,8.0,1277,False,0.0,False,G130,5,7.0,10.0,0.832,pass,1.046
17069,ok,10.0,False,10.0,5.0,1133,False,0.0,False,G17,1,42.0,10.0,0.362,pass,0.429
17071,ok,10.0,False,10.0,3.0,279,False,0.0,False,G147,0,4.0,10.0,0.362,pass,0.382
17073,ok,10.0,False,10.0,6.0,1214,False,0.0,False,G247,2,4.0,10.0,0.147,pass,0.102
17074,ok,10.0,False,10.0,4.0,1098,False,0.0,False,G37,11,63.0,10.0,0.133,pass,0.207
17076,ok,10.0,False,10.0,5.0,1126,False,0.0,False,G11,26,57.0,10.0,0.205,pass,0.213
17077,ok,10.0,False,10.0,6.0,1219,False,0.0,False,G39,16,21.0,10.0,0.431,pass,0.559
17078,ok,10.0,False,10.0,8.0,1255,False,0.0,False,,0,1.0,10.0,0.504,pass,0.574
17079,ok,10.0,False,10.0,6.0,1219,False,0.0,False,G288,1,3.0,10.0,0.518,pass,0.567
17080,ok,10.0,False,10.0,5.0,1180,False,0.0,False,G1,95,197.0,10.0,0.517,pass,0.604
17082,ok,10.0,False,10.0,7.0,1227,False,0.0,False,G45,10,193.0,10.0,0.798,pass,1.043
17083,ok,10.0,False,10.0,5.0,1126,False,0.0,False,G11,26,57.0,10.0,0.188,pass,0.217
17084,ok,10.0,False,10.0,6.0,1214,False,0.0,False,G9,45,91.0,10.0,0.141,pass,0.1
17085,ok,10.0,False,10.0,8.0,18458,True,0.0,False,G401,1,1.0,10.0,0.542,pass,0.765
17086,ok,10.0,False,10.0,7.0,1237,False,0.0,False,G71,9,84.0,10.0,0.431,pass,0.584
17088,ok,10.0,False,10.0,5.0,1126,False,0.0,False,G11,26,57.0,10.0,0.204,pass,0.182
17089,ok,10.0,False,10.0,7.0,1238,False,0.0,False,G4,51,193.0,10.0,0.812,pass,1.032
17090,ok,10.0,False,10.0,5.0,1001,False,0.0,False,,0,0.0,10.0,0.117,pass,0.096
17091,ok,10.0,False,10.0,4.0,1103,False,0.0,False,G8,44,107.0,10.0,0.134,pass,0.21
17093,ok,10.0,False,10.0,5.0,1137,False,0.0,False,G114,6,10.0,10.0,0.197,pass,0.213
17094,ok,10.0,False,10.0,6.0,1170,False,0.0,False,G46,11,18.0,10.0,0.202,pass,0.223
17098,ok,10.0,False,10.0,6.0,1212,False,0.0,False,G378,1,21.0,10.0,0.503,pass,0.567
17101,ok,10.0,False,10.0,5.0,1175,False,0.0,False,G109,6,11.0,10.0,0.126,pass,0.1
17103,ok,10.0,False,10.0,6.0,1159,False,0.0,False,,0,7.0,10.0,0.447,pass,0.584
17104,ok,10.0,False,10.0,6.0,3430,False,0.0,False,G402,1,1.0,10.0,0.142,pass,0.126
17105,ok,10.0,False,10.0,4.0,1106,False,0.0,False,,0,0.0,10.0,0.067,pass,0.093
17106,ok,10.0,False,10.0,5.0,1137,False,0.0,False,G38,16,30.0,10.0,0.071,pass,0.1
17108,ok,10.0,False,10.0,5.0,1132,False,0.0,False,G18,24,38.0,10.0,0.071,pass,0.1
17109,ok,0.0,False,0.0,6.0,66,False,0.0,False,,0,,10.0,0.044,pass,0.061
17113,ok,10.0,False,10.0,7.0,1238,False,0.0,False,G4,51,193.0,10.0,0.74,pass,1.036
17116,ok,10.0,False,10.0,5.0,2048,False,0.0,False,,0,1.0,10.0,0.193,pass,0.204
17118,ok,10.0,False,10.0,5.0,1132,False,0.0,False,G2,63,73.0,10.0,0.141,pass,0.101
17119,ok,10.0,False,10.0,7.0,1237,False,0.0,False,G248,2,9.0,10.0,0.434,pass,0.583
17120,capped,46.0,True,46.0,6.0,51865,True,0.0,False,,0,0.0,,0.443,pass,1.223
17121,ok,10.0,False,10.0,7.0,1152,False,0.0,False,G392,1,1.0,10.0,0.952,pass,1.414
17125,ok,10.0,False,10.0,6.0,1214,False,0.0,False,G9,45,91.0,10.0,0.146,pass,0.1
17126,ok,10.0,False,10.0,7.0,1228,False,0.0,False,G27,15,193.0,10.0,0.733,pass,1.038
17127,ok,10.0,False,10.0,6.0,1051,False,0.0,False,,0,0.0,10.0,0.846,pass,1.089
17129,ok,10.0,False,10.0,5.0,1078,False,0.0,False,,0,6.0,10.0,0.119,pass,0.089
17130,ok,10.0,False,10.0,7.0,1240,False,0.0,False,G80,6,84.0,10.0,0.477,pass,0.584
17131,ok,10.0,False,10.0,7.0,1236,False,0.0,False,G403,1,49.0,10.0,0.429,pass,0.614
17132,ok,100.0,False,100.0,7.0,11362,False,0.0,False,,0,2.0,100.0,0.459,pass,0.581
17133,ok,10.0,False,10.0,6.0,1205,False,0.0,False,G81,8,86.0,10.0,0.135,pass,0.1
17135,ok,10.0,False,10.0,5.0,1132,False,0.0,False,G60,10,63.0,10.0,0.071,pass,0.101
17137,ok,10.0,False,10.0,4.0,1092,False,0.0,False,G79,6,107.0,10.0,0.135,pass,0.214
17140,capped,1000.0,True,1000.0,5.0,108611,False,0.0,False,G404,1,3.0,,0.484,pass,0.622
17143,ok,10.0,False,10.0,6.0,1208,False,0.0,False,G40,13,25.0,10.0,0.477,pass,0.57
17145,ok,10.0,False,10.0,5.0,1180,False,0.0,False,G1,95,197.0,10.0,0.476,pass,0.562
17147,ok,10.0,False,10.0,6.0,1170,False,0.0,False,G46,11,18.0,10.0,0.191,pass,0.231
17150,ok,10.0,False,10.0,5.0,781,False,0.0,False,,0,2.0,10.0,0.494,pass,0.549
17151,ok,10.0,False,10.0,3.0,277,False,0.0,False,G354,0,2.0,10.0,0.345,pass,0.391
17152,ok,10.0,False,10.0,4.0,1103,False,0.0,False,G8,44,107.0,10.0,0.142,pass,0.214
17156,ok,10.0,False,10.0,5.0,1109,False,0.0,False,,0,0.0,10.0,0.192,pass,0.166
17157,ok,10.0,False,10.0,5.0,1180,False,0.0,False,G1,95,197.0,10.0,0.433,pass,0.567
17160,ok,10.0,False,10.0,5.0,377,False,0.0,False,G200,0,2.0,10.0,0.603,pass,0.839
17161,ok,10.0,False,10.0,6.0,1214,False,0.0,False,G55,11,29.0,10.0,0.125,pass,0.099
17162,ok,10.0,False,10.0,6.0,1151,False,0.0,False,G41,13,111.0,10.0,0.304,pass,0.427
17163,ok,10.0,False,10.0,7.0,1090,False,0.0,False,G352,1,1.0,10.0,0.739,pass,0.878
17164,ok,10.0,False,10.0,6.0,1199,False,0.0,False,G108,0,53.0,10.0,0.84,pass,1.029
17165,ok,10.0,False,10.0,6.0,1170,False,0.0,False,G43,1,28.0,10.0,0.505,pass,0.582
17166,ok,10.0,False,10.0,7.0,1247,False,0.0,False,G13,34,49.0,10.0,0.494,pass,0.588
17168,ok,10.0,False,10.0,5.0,1126,False,0.0,False,G11,26,57.0,10.0,0.188,pass,0.182
17169,ok,10.0,False,10.0,8.0,1269,False,0.0,False,G405,1,16.0,10.0,0.141,pass,0.101
17171,ok,10.0,False,10.0,6.0,1204,False,0.0,False,G44,14,91.0,10.0,0.088,pass,0.101
17173,ok,10.0,False,10.0,4.0,330,False,0.0,False,G406,1,15.0,10.0,0.469,pass,0.606
17174,ok,10.0,False,10.0,4.0,1143,False,0.0,False,,0,30.0,10.0,0.124,pass,0.099
17175,ok,10.0,False,10.0,4.0,1098,False,0.0,False,G23,22,107.0,10.0,0.138,pass,0.213
17177,ok,10.0,False,10.0,5.0,1180,False,0.0,False,G1,95,197.0,10.0,0.51,pass,0.551
17178,ok,10.0,False,10.0,5.0,1180,False,0.0,False,G82,7,16.0,10.0,0.484,pass,0.555
17179,ok,10.0,False,10.0,5.0,1132,False,0.0,False,G18,24,38.0,10.0,0.125,pass,0.099
17180,capped,1000.0,True,1000.0,7.0,112685,False,0.0,False,G118,5,16.0,,0.757,pass,1.116
17181,ok,10.0,False,10.0,6.0,1161,False,0.0,False,,0,111.0,10.0,0.793,pass,1.037
17183,ok,10.0,False,10.0,6.0,1198,False,0.0,False,G238,2,38.0,10.0,0.484,pass,0.562
17184,ok,10.0,False,10.0,6.0,1150,False,0.0,False,G76,1,111.0,10.0,0.36,pass,0.429
17185,capped,1000.0,True,1000.0,6.0,105670,False,0.0,False,G107,0,10.0,,0.817,pass,1.067
17186,ok,10.0,False,10.0,6.0,1161,False,0.0,False,G12,31,111.0,10.0,0.308,pass,0.427
17188,ok,10.0,False,10.0,7.0,1234,False,0.0,False,G407,1,193.0,10.0,0.818,pass,1.037
17189,ok,10.0,False,10.0,7.0,1247,False,0.0,False,G106,6,9.0,10.0,0.479,pass,0.586
17190,ok,10.0,False,10.0,6.0,1214,False,0.0,False,G55,11,29.0,10.0,0.125,pass,0.1
17191,ok,10.0,False,10.0,6.0,1169,False,0.0,False,G19,22,111.0,10.0,0.305,pass,0.428
17192,ok,10.0,False,10.0,6.0,1223,False,0.0,False,,0,0.0,10.0,0.131,pass,0.103
17195,ok,0.0,False,0.0,7.0,76,False,0.0,False,G408,1,,10.0,0.045,pass,0.061
17196,ok,10.0,False,10.0,24.0,18761,True,0.0,False,,0,0.0,10.0,0.764,pass,1.024
17197,ok,10.0,False,10.0,6.0,1205,False,0.0,False,G81,8,86.0,10.0,0.128,pass,0.101
17198,ok,10.0,False,10.0,6.0,1158,False,0.0,False,G227,2,16.0,10.0,0.073,pass,0.101
17199,ok,0.0,False,0.0,7.0,76,False,0.0,False,G216,2,,10.0,0.045,pass,0.062
17200,ok,10.0,False,10.0,5.0,1021,False,0.0,False,G28,18,21.0,10.0,0.069,pass,0.098
17201,ok,10.0,False,10.0,6.0,1161,False,0.0,False,G12,3,111.0,10.0,0.306,pass,0.431
17202,ok,10.0,False,10.0,5.0,1137,False,0.0,False,G10,39,63.0,10.0,0.071,pass,0.1
17203,ok,10.0,False,10.0,4.0,1087,False,0.0,False,,0,14.0,10.0,0.072,pass,0.1
17205,ok,10.0,False,10.0,4.0,1096,False,0.0,False,G42,12,107.0,10.0,0.137,pass,0.213
17206,ok,10.0,False,10.0,3.0,1065,False,0.0,False,G16,15,30.0,10.0,0.139,pass,0.099
17207,ok,10.0,False,10.0,4.0,1110,False,0.0,False,G47,3,63.0,10.0,0.133,pass,0.183
17208,ok,10.0,False,10.0,6.0,1170,False,0.0,False,G46,1,18.0,10.0,0.5,pass,0.612
17209,ok,10.0,False,10.0,7.0,1236,False,0.0,False,G102,6,84.0,10.0,0.491,pass,0.578
17213,ok,10.0,False,10.0,5.0,1129,False,0.0,False,G229,2,38.0,10.0,0.072,pass,0.099
17216,ok,10.0,False,10.0,7.0,1237,False,0.0,False,G91,7,27.0,10.0,0.437,pass,0.584
17217,ok,10.0,False,10.0,4.0,1093,False,0.0,False,G3,48,71.0,10.0,0.105,pass,0.099
17219,ok,10.0,False,10.0,5.0,1132,False,0.0,False,G18,24,38.0,10.0,0.071,pass,0.099
17222,ok,10.0,False,10.0,6.0,1214,False,0.0,False,G26,22,32.0,10.0,0.072,pass,0.101
17223,ok,10.0,False,10.0,4.0,1094,False,0.0,False,G138,5,71.0,10.0,0.071,pass,0.1
17224,ok,10.0,False,10.0,5.0,1132,False,0.0,False,G2,63,73.0,10.0,0.071,pass,0.1
17225,ok,10.0,False,10.0,6.0,1153,False,0.0,False,G159,3,26.0,10.0,0.298,pass,0.415
17226,ok,10.0,False,10.0,5.0,1132,False,0.0,False,G18,24,38.0,10.0,0.146,pass,0.099
17227,ok,10.0,False,10.0,4.0,1118,False,0.0,False,,0,1.0,10.0,0.072,pass,0.098
17230,ok,10.0,False,10.0,5.0,1180,False,0.0,False,G1,95,197.0,10.0,0.516,pass,0.551
17231,ok,10.0,False,10.0,7.0,1095,False,0.0,False,G111,5,30.0,10.0,0.927,pass,1.379
17233,ok,10.0,False,10.0,5.0,1188,False,0.0,False,G187,3,197.0,10.0,0.493,pass,0.548
17234,ok,10.0,False,10.0,7.0,1247,False,0.0,False,G13,34,49.0,10.0,0.509,pass,0.591
17235,ok,10.0,False,10.0,6.0,1203,False,0.0,False,G98,7,91.0,10.0,0.127,pass,0.104
17236,ok,10.0,False,10.0,6.0,1170,False,0.0,False,G153,4,7.0,10.0,0.137,pass,0.223
17241,ok,10.0,False,10.0,6.0,1161,False,0.0,False,G12,31,111.0,10.0,0.359,pass,0.429
17243,ok,10.0,False,10.0,5.0,1126,False,0.0,False,G113,6,30.0,10.0,0.145,pass,0.099
17245,ok,10.0,False,10.0,5.0,1170,False,0.0,False,G21,22,197.0,10.0,0.412,pass,0.554
17246,ok,10.0,False,10.0,7.0,1237,False,0.0,False,G71,9,84.0,10.0,0.48,pass,0.585
17247,ok,10.0,False,10.0,5.0,1126,False,0.0,False,G113,6,30.0,10.0,0.125,pass,0.1
17249,ok,10.0,False,10.0,5.0,1100,False,0.0,False,,0,0.0,10.0,0.071,pass,0.101
17250,ok,10.0,False,10.0,6.0,1214,False,0.0,False,G26,22,32.0,10.0,0.072,pass,0.101
17251,ok,100.0,False,100.0,6.0,7924,False,0.0,False,G221,2,3.0,100.0,0.851,pass,1.337
17252,ok,10.0,False,10.0,7.0,1232,False,0.0,False,,0,193.0,10.0,0.802,pass,1.037
17253,ok,10.0,False,10.0,5.0,1042,False,0.0,False,,0,6.0,10.0,0.27,pass,0.307
17257,ok,727.0,False,727.0,5.0,37537,False,0.0,False,,0,0.0,,0.154,pass,0.13
17258,ok,10.0,False,10.0,6.0,1207,False,0.0,False,G48,13,91.0,10.0,0.072,pass,0.101
17259,ok,10.0,False,10.0,6.0,1214,False,0.0,False,G9,45,91.0,10.0,0.072,pass,0.101
17260,ok,10.0,False,10.0,4.0,1103,False,0.0,False,G8,44,107.0,10.0,0.136,pass,0.215
17261,ok,10.0,False,10.0,5.0,1046,False,0.0,False,,0,0.0,10.0,0.146,pass,0.125
17262,ok,10.0,False,10.0,5.0,1180,False,0.0,False,G1,95,197.0,10.0,0.426,pass,0.549
17263,ok,10.0,False,10.0,6.0,1210,False,0.0,False,G183,3,86.0,10.0,0.126,pass,0.102
17264,ok,10.0,False,10.0,6.0,1161,False,0.0,False,G12,31,111.0,10.0,0.304,pass,0.428
17265,ok,10.0,False,10.0,5.0,1127,False,0.0,False,G93,5,58.0,10.0,0.15,pass,0.1
17266,ok,10.0,False,10.0,3.0,1065,False,0.0,False,G16,15,30.0,10.0,0.07,pass,0.098
17267,ok,10.0,False,10.0,7.0,1246,False,0.0,False,G50,12,25.0,10.0,0.073,pass,0.102
17269,ok,10.0,False,10.0,6.0,1170,False,0.0,False,G153,4,7.0,10.0,0.137,pass,0.222
17271,ok,10.0,False,10.0,9.0,1709,False,0.0,False,,0,0.0,10.0,0.831,pass,1.087
17273,ok,100.0,False,100.0,6.0,7924,False,0.0,False,G221,2,3.0,100.0,0.901,pass,1.365
17274,ok,10.0,False,10.0,4.0,1094,False,0.0,False,G138,5,71.0,10.0,0.14,pass,0.099
17275,ok,10.0,False,10.0,6.0,1198,False,0.0,False,G238,2,38.0,10.0,0.435,pass,0.562
17276,ok,10.0,False,10.0,4.0,684,False,0.0,False,G409,0,2.0,10.0,0.712,pass,0.853
17279,ok,10.0,False,10.0,5.0,985,False,0.0,False,G54,1,44.0,10.0,0.185,pass,0.196
17281,ok,10.0,False,10.0,5.0,1137,False,0.0,False,G189,3,15.0,10.0,0.144,pass,0.1
17282,ok,10.0,False,10.0,5.0,1029,False,0.0,False,G100,6,12.0,10.0,0.667,pass,0.842
17286,ok,10.0,False,10.0,7.0,1247,False,0.0,False,G58,10,27.0,10.0,0.492,pass,0.583
17288,capped,1000.0,True,1000.0,5.0,108602,False,0.0,False,G410,1,3.0,,0.502,pass,0.59
17289,ok,10.0,False,10.0,7.0,1239,False,0.0,False,,0,14.0,10.0,0.128,pass,0.102
17292,ok,10.0,False,10.0,5.0,1137,False,0.0,False,G20,25,58.0,10.0,0.071,pass,0.1
17293,ok,10.0,False,10.0,4.0,1093,False,0.0,False,G3,48,71.0,10.0,0.071,pass,0.1
17294,ok,10.0,False,10.0,7.0,1237,False,0.0,False,G390,1,1.0,10.0,0.445,pass,0.578
17295,ok,10.0,False,10.0,6.0,1161,False,0.0,False,G12,31,111.0,10.0,0.362,pass,0.427
17296,ok,10.0,False,10.0,5.0,395,False,0.0,False,,0,0.0,10.0,0.557,pass,0.602
17297,ok,10.0,False,10.0,5.0,1180,False,0.0,False,G1,95,197.0,10.0,0.505,pass,0.597
17298,ok,10.0,False,10.0,7.0,1247,False,0.0,False,G5,45,84.0,10.0,0.499,pass,0.572
17299,ok,10.0,False,10.0,9.0,2071,False,0.0,False,G411,0,1.0,10.0,0.128,pass,0.104
17300,ok,10.0,False,10.0,6.0,1214,False,0.0,False,G6,50,86.0,10.0,0.072,pass,0.1
17301,ok,10.0,False,10.0,4.0,1093,False,0.0,False,G3,48,71.0,10.0,0.071,pass,0.1
17304,ok,10.0,False,10.0,4.0,936,False,0.0,False,G14,8,43.0,10.0,0.069,pass,0.097
17305,ok,10.0,False,10.0,5.0,982,False,0.0,False,G132,3,6.0,10.0,1.083,pass,2.035
17306,ok,10.0,False,10.0,5.0,1142,False,0.0,False,G139,3,5.0,10.0,0.203,pass,0.221
17308,ok,10.0,False,10.0,6.0,1150,False,0.0,False,G76,1,111.0,10.0,0.308,pass,0.428
17310,ok,10.0,False,10.0,6.0,1151,False,0.0,False,G412,1,3.0,10.0,0.373,pass,0.429
17311,ok,10.0,False,10.0,4.0,1103,False,0.0,False,G8,1,107.0,,0.202,pass,0.206
17314,ok,10.0,False,10.0,6.0,1203,False,0.0,False,G176,3,86.0,10.0,0.131,pass,0.1
17315,ok,10.0,False,10.0,6.0,1210,False,0.0,False,G15,0,53.0,,0.729,pass,1.015
17316,ok,10.0,False,10.0,4.0,826,False,0.0,False,,0,1.0,10.0,0.213,pass,0.22
17317,ok,10.0,False,10.0,5.0,1131,False,0.0,False,G65,7,14.0,10.0,0.215,pass,0.218
17318,ok,10.0,False,10.0,4.0,936,False,0.0,False,G14,23,43.0,10.0,0.145,pass,0.096
17320,ok,10.0,False,10.0,5.0,1141,False,0.0,False,,0,58.0,10.0,0.134,pass,0.101
17321,ok,10.0,False,10.0,5.0,1128,False,0.0,False,G235,2,42.0,10.0,0.305,pass,0.426
17327,capped,1000.0,True,1000.0,8.0,115508,False,0.0,False,G379,1,1.0,,0.848,pass,1.112
17328,ok,10.0,False,10.0,5.0,1129,False,0.0,False,,0,73.0,10.0,0.127,pass,0.1
17329,ok,10.0,False,10.0,4.0,1093,False,0.0,False,G3,48,71.0,10.0,0.071,pass,0.099
17330,ok,10.0,False,10.0,5.0,1126,False,0.0,False,G127,4,63.0,10.0,0.071,pass,0.099
17331,ok,100.0,False,100.0,6.0,7917,False,0.0,False,,0,3.0,100.0,0.848,pass,1.336
17332,ok,10.0,False,10.0,8.0,1261,False,0.0,False,,0,0.0,10.0,0.693,pass,0.885
17333,ok,10.0,False,10.0,7.0,1247,False,0.0,False,G5,5,84.0,10.0,0.559,pass,0.517
17335,ok,10.0,False,10.0,5.0,1171,False,0.0,False,G289,1,16.0,10.0,0.499,pass,0.55
17337,ok,10.0,False,10.0,6.0,1214,False,0.0,False,G9,45,91.0,10.0,0.127,pass,0.099
17339,ok,10.0,False,10.0,6.0,1149,False,0.0,False,,0,2.0,10.0,0.862,pass,1.54
17341,ok,10.0,False,10.0,7.0,1238,False,0.0,False,G4,3,193.0,10.0,0.813,pass,1.036
17343,ok,10.0,False,10.0,5.0,1133,False,0.0,False,G17,17,42.0,10.0,0.36,pass,0.454
17346,ok,10.0,False,10.0,6.0,1088,False,0.0,False,G140,4,6.0,10.0,0.15,pass,0.098
17347,ok,10.0,False,10.0,7.0,1236,False,0.0,False,G102,6,84.0,10.0,0.436,pass,0.58
17348,ok,10.0,False,10.0,6.0,1151,False,0.0,False,G41,13,111.0,10.0,0.362,pass,0.429
17349,ok,10.0,False,10.0,4.0,1103,False,0.0,False,G8,44,107.0,10.0,0.21,pass,0.213
17350,ok,10.0,False,10.0,4.0,721,False,0.0,False,,0,0.0,10.0,0.197,pass,0.17
17351,ok,10.0,False,10.0,6.0,1418,False,0.0,False,,0,0.0,10.0,0.135,pass,0.101
17352,ok,10.0,False,10.0,4.0,1110,False,0.0,False,G165,1,3.0,10.0,0.071,pass,0.101
17353,ok,10.0,False,10.0,9.0,1295,False,0.0,False,,0,1.0,10.0,0.772,pass,1.077
17354,ok,10.0,False,10.0,6.0,18397,True,0.0,False,,0,0.0,10.0,0.145,pass,0.12
17355,ok,10.0,False,10.0,6.0,1161,False,0.0,False,G12,31,111.0,10.0,0.304,pass,0.429
17356,ok,10.0,False,10.0,5.0,1186,False,0.0,False,,0,3.0,10.0,0.172,pass,0.1
17357,ok,10.0,False,10.0,2.0,214,False,0.0,False,G117,0,8.0,10.0,0.123,pass,0.203
17358,ok,10.0,False,10.0,5.0,1166,False,0.0,False,G61,10,33.0,10.0,0.078,pass,0.1
17359,ok,10.0,False,10.0,6.0,1214,False,0.0,False,G6,50,86.0,10.0,0.073,pass,0.1
17360,ok,10.0,False,10.0,7.0,1240,False,0.0,False,G80,0,84.0,10.0,0.451,pass,0.575
17361,ok,10.0,False,10.0,7.0,1236,False,0.0,False,G78,6,193.0,10.0,0.797,pass,1.03
17362,ok,10.0,False,10.0,7.0,1239,False,0.0,False,G154,3,4.0,10.0,0.31,pass,0.353
17363,ok,10.0,False,10.0,5.0,1074,False,0.0,False,G413,0,5.0,10.0,0.213,pass,0.207
17365,ok,10.0,False,10.0,5.0,1121,False,0.0,False,,0,1.0,10.0,0.223,pass,0.222
17367,ok,10.0,False,10.0,3.0,1065,False,0.0,False,G414,1,5.0,10.0,0.136,pass,0.098
17369,ok,10.0,False,10.0,6.0,1153,False,0.0,False,G159,0,26.0,10.0,0.293,pass,0.416
17371,ok,10.0,False,10.0,5.0,1135,False,0.0,False,G87,1,9.0,10.0,0.451,pass,0.635
17373,ok,10.0,False,10.0,7.0,1240,False,0.0,False,G415,1,193.0,10.0,0.818,pass,1.033
17375,ok,10.0,False,10.0,5.0,1132,False,0.0,False,G2,63,73.0,10.0,0.126,pass,0.099
17376,ok,10.0,False,10.0,5.0,1166,False,0.0,False,G33,20,28.0,10.0,0.071,pass,0.101
17377,ok,10.0,False,10.0,4.0,1105,False,0.0,False,,0,107.0,10.0,0.134,pass,0.211
17378,ok,10.0,False,10.0,5.0,1126,False,0.0,False,G11,3,57.0,10.0,0.207,pass,0.216
17379,ok,10.0,False,10.0,6.0,1054,False,0.0,False,,0,3.0,10.0,0.522,pass,0.59
17380,ok,10.0,False,10.0,7.0,1238,False,0.0,False,G4,0,193.0,10.0,0.793,pass,1.044
17382,capped,1000.0,True,1000.0,6.0,105670,False,0.0,False,G107,4,10.0,,0.905,pass,1.456
17383,ok,10.0,False,10.0,7.0,1237,False,0.0,False,G89,5,49.0,10.0,0.486,pass,0.565
17384,ok,10.0,False,10.0,4.0,1098,False,0.0,False,G37,11,63.0,10.0,0.187,pass,0.216
17386,ok,10.0,False,10.0,6.0,1208,False,0.0,False,G31,19,38.0,10.0,0.498,pass,0.561
17387,ok,10.0,False,10.0,5.0,1021,False,0.0,False,G95,5,8.0,10.0,0.122,pass,0.096
17388,ok,10.0,False,10.0,7.0,1247,False,0.0,False,G5,45,84.0,10.0,0.436,pass,0.575
17389,ok,10.0,False,10.0,7.0,1236,False,0.0,False,G143,4,25.0,10.0,0.126,pass,0.102
17390,ok,10.0,False,10.0,4.0,1098,False,0.0,False,G37,0,63.0,10.0,0.134,pass,0.259
17391,ok,10.0,False,10.0,5.0,1169,False,0.0,False,G49,12,197.0,10.0,0.505,pass,0.547
17392,ok,10.0,False,10.0,6.0,1203,False,0.0,False,G155,4,53.0,10.0,0.793,pass,1.055
17394,ok,10.0,False,10.0,5.0,1131,False,0.0,False,G119,0,7.0,10.0,0.192,pass,0.222
17395,ok,10.0,False,10.0,5.0,1126,False,0.0,False,G94,7,15.0,10.0,0.138,pass,0.1
17397,ok,10.0,False,10.0,5.0,974,False,0.0,False,,0,0.0,10.0,0.292,pass,0.405
17398,ok,10.0,False,10.0,5.0,1127,False,0.0,False,G416,1,3.0,10.0,0.374,pass,0.415
17399,ok,10.0,False,10.0,7.0,1235,False,0.0,False,G157,4,25.0,10.0,0.136,pass,0.102
17400,ok,10.0,False,10.0,4.0,1093,False,0.0,False,G3,48,71.0,10.0,0.072,pass,0.1
17402,ok,10.0,False,10.0,6.0,1214,False,0.0,False,G6,50,86.0,10.0,0.072,pass,0.101
17404,ok,10.0,False,10.0,7.0,1238,False,0.0,False,G218,2,4.0,10.0,0.742,pass,1.073
17405,capped,1000.0,True,1000.0,4.0,94727,False,0.0,False,G417,0,1.0,,0.488,pass,0.589
17408,ok,10.0,False,10.0,6.0,1170,False,0.0,False,G46,1,18.0,10.0,0.49,pass,0.566
17409,ok,10.0,False,10.0,6.0,1214,False,0.0,False,G6,50,86.0,10.0,0.125,pass,0.1
17410,ok,10.0,False,10.0,6.0,1218,False,0.0,False,,0,0.0,10.0,0.537,pass,0.733
17411,ok,10.0,False,10.0,4.0,1093,False,0.0,False,G3,48,71.0,10.0,0.126,pass,0.099
17412,ok,10.0,False,10.0,6.0,1161,False,0.0,False,G12,31,111.0,10.0,0.307,pass,0.429
17414,ok,10.0,False,10.0,7.0,1246,False,0.0,False,G7,34,193.0,10.0,0.824,pass,1.035
17416,ok,10.0,False,10.0,4.0,1093,False,0.0,False,G67,10,13.0,10.0,0.126,pass,0.1
17417,ok,10.0,False,10.0,6.0,1156,False,0.0,False,G120,6,26.0,10.0,0.297,pass,0.413
17419,ok,10.0,False,10.0,5.0,1137,False,0.0,False,G114,6,10.0,10.0,0.207,pass,0.214
17420,ok,10.0,False,10.0,5.0,1130,False,0.0,False,G249,2,63.0,10.0,0.142,pass,0.099
17422,ok,10.0,False,10.0,7.0,1085,False,0.0,False,,0,4.0,10.0,0.925,pass,1.368
17425,ok,10.0,False,10.0,4.0,1095,False,0.0,False,G24,8,63.0,10.0,0.207,pass,0.223
17428,ok,10.0,False,10.0,5.0,1121,False,0.0,False,G372,1,17.0,10.0,0.211,pass,0.236
17429,ok,10.0,False,10.0,6.0,1203,False,0.0,False,G155,4,53.0,10.0,0.789,pass,1.004
17432,ok,10.0,False,10.0,6.0,1208,False,0.0,False,G40,13,25.0,10.0,0.478,pass,0.564
17434,capped,1000.0,True,1000.0,5.0,73658,False,0.0,False,,0,0.0,,0.513,pass,0.899
17435,ok,10.0,False,10.0,5.0,1021,False,0.0,False,G95,5,8.0,10.0,0.128,pass,0.097
17436,ok,10.0,False,10.0,8.0,1279,False,0.0,False,G52,12,16.0,10.0,0.074,pass,0.103
17439,ok,10.0,False,10.0,6.0,1165,False,0.0,False,G97,7,7.0,10.0,0.135,pass,0.221
17441,ok,10.0,False,10.0,6.0,1170,False,0.0,False,G188,2,4.0,10.0,0.207,pass,0.221
17442,capped,1000.0,True,1000.0,5.0,40920,False,0.0,False,,0,0.0,,0.656,pass,0.826
17443,ok,10.0,False,10.0,5.0,1137,False,0.0,False,G38,16,30.0,10.0,0.126,pass,0.099
17444,ok,10.0,False,10.0,6.0,1036,False,0.0,False,,0,0.0,10.0,0.431,pass,0.568
17445,ok,10.0,False,10.0,4.0,1080,False,3.0,False,,0,0.0,10.0,0.187,pass,0.227
17446,ok,10.0,False,10.0,4.0,1093,False,0.0,False,G3,48,71.0,10.0,0.139,pass,0.099
17449,ok,10.0,False,10.0,7.0,1247,False,0.0,False,G13,34,49.0,10.0,0.434,pass,0.57
17451,ok,10.0,False,10.0,5.0,1130,False,0.0,False,,0,0.0,10.0,0.135,pass,0.1
17455,ok,10.0,False,10.0,6.0,1208,False,0.0,False,G31,19,38.0,10.0,0.441,pass,0.563
17457,ok,10.0,False,10.0,7.0,1247,False,0.0,False,G5,45,84.0,10.0,0.492,pass,0.592
17458,capped,1000.0,True,1000.0,5.0,76705,False,0.0,False,,0,0.0,,0.167,pass,0.173
17460,ok,10.0,False,10.0,5.0,1166,False,0.0,False,G33,20,28.0,10.0,0.074,pass,0.102
17462,ok,10.0,False,10.0,6.0,18353,True,0.0,False,,0,0.0,10.0,0.613,pass,0.923
17463,ok,10.0,False,10.0,6.0,980,False,0.0,False,G334,1,5.0,10.0,0.851,pass,1.068
17465,ok,10.0,False,10.0,3.0,279,False,0.0,False,G147,0,4.0,10.0,0.344,pass,0.388
17466,ok,10.0,False,10.0,5.0,1026,False,0.0,False,G137,0,6.0,10.0,0.154,pass,0.119
17467,ok,10.0,False,10.0,5.0,1133,False,0.0,False,G17,3,42.0,,0.303,pass,0.425
17468,ok,10.0,False,10.0,5.0,1173,False,0.0,False,G30,21,197.0,10.0,0.483,pass,0.551
17469,ok,10.0,False,10.0,7.0,1076,False,0.0,False,G418,0,30.0,10.0,0.929,pass,1.355
17471,ok,10.0,False,10.0,6.0,1214,False,0.0,False,G55,11,29.0,10.0,0.131,pass,0.101
17472,ok,10.0,False,10.0,3.0,1059,False,0.0,False,G419,1,5.0,10.0,0.071,pass,0.098
17474,ok,10.0,False,10.0,4.0,1093,False,0.0,False,G53,11,14.0,10.0,0.071,pass,0.1
17475,ok,10.0,False,10.0,8.0,1265,False,0.0,False,,0,1.0,10.0,0.452,pass,0.607
17476,ok,10.0,False,10.0,4.0,1138,False,0.0,False,G22,24,30.0,10.0,0.161,pass,0.099
17477,ok,10.0,False,10.0,4.0,1093,False,0.0,False,G67,10,13.0,10.0,0.099,pass,0.099
17479,ok,10.0,False,10.0,6.0,1163,False,0.0,False,G293,1,7.0,10.0,0.142,pass,0.221
17480,ok,10.0,False,10.0,5.0,1079,False,0.0,False,,0,0.0,10.0,0.249,pass,0.227
17481,ok,10.0,False,10.0,6.0,1169,False,0.0,False,,0,0.0,10.0,0.151,pass,0.103
17482,ok,10.0,False,10.0,6.0,1214,False,0.0,False,G247,2,4.0,10.0,0.072,pass,0.1
17485,capped,1000.0,True,1000.0,4.0,101604,False,0.0,False,G234,2,4.0,,0.177,pass,0.345
17487,ok,10.0,False,10.0,5.0,1132,False,0.0,False,G2,63,73.0,10.0,0.138,pass,0.099
17488,ok,10.0,False,10.0,5.0,3397,False,0.0,False,G307,0,2.0,10.0,0.089,pass,0.127
17489,ok,10.0,False,10.0,5.0,969,False,0.0,False,G29,14,44.0,10.0,0.129,pass,0.196
17490,ok,10.0,False,10.0,8.0,1279,False,0.0,False,G36,18,34.0,10.0,0.147,pass,0.103
17491,ok,10.0,False,10.0,9.0,1313,False,0.0,False,,0,0.0,,0.776,pass,1.121
17494,ok,10.0,False,10.0,7.0,1247,False,0.0,False,G5,45,84.0,10.0,0.506,pass,0.585
17495,ok,10.0,False,10.0,5.0,1180,False,0.0,False,G1,95,197.0,10.0,0.497,pass,0.573
17496,ok,10.0,False,10.0,8.0,1279,False,0.0,False,G36,18,34.0,10.0,0.134,pass,0.102
17497,capped,1000.0,True,1000.0,4.0,101604,False,0.0,False,G234,2,4.0,,0.182,pass,0.333
17501,ok,10.0,False,10.0,7.0,1236,False,0.0,False,G172,2,27.0,10.0,0.491,pass,0.579
17502,ok,10.0,False,10.0,4.0,1110,False,0.0,False,G47,2,63.0,10.0,0.202,pass,0.181
17504,ok,10.0,False,10.0,6.0,1214,False,0.0,False,G6,50,86.0,10.0,0.143,pass,0.1
17505,capped,1000.0,True,1000.0,5.0,108600,False,0.0,False,,0,0.0,,0.442,pass,0.627
17506,ok,10.0,False,10.0,6.0,1159,False,0.0,False,G184,3,16.0,10.0,0.127,pass,0.1
17507,capped,1000.0,True,1000.0,6.0,105670,False,0.0,False,G107,4,10.0,,0.873,pass,1.456
17509,ok,10.0,False,10.0,4.0,1091,False,0.0,False,G190,0,11.0,10.0,0.173,pass,0.164
17510,ok,10.0,False,10.0,6.0,1203,False,0.0,False,G176,3,86.0,10.0,0.073,pass,0.101
17511,ok,10.0,False,10.0,7.0,1238,False,0.0,False,G4,51,193.0,10.0,0.741,pass,1.034
17512,ok,10.0,False,10.0,3.0,1065,False,0.0,False,G16,15,30.0,10.0,0.125,pass,0.098
17513,ok,10.0,False,10.0,3.0,1065,False,0.0,False,G16,15,30.0,10.0,0.07,pass,0.099
17515,ok,10.0,False,10.0,6.0,1214,False,0.0,False,G6,50,86.0,10.0,0.072,pass,0.1
17516,ok,10.0,False,10.0,6.0,1204,False,0.0,False,G44,14,91.0,10.0,0.072,pass,0.101
17517,ok,10.0,False,10.0,4.0,1091,False,0.0,False,G190,0,11.0,10.0,0.119,pass,0.162
17518,ok,10.0,False,10.0,5.0,1130,False,0.0,False,G233,2,30.0,10.0,0.074,pass,0.099
17520,ok,10.0,False,10.0,6.0,1214,False,0.0,False,G26,22,32.0,10.0,0.075,pass,0.102
17522,ok,10.0,False,10.0,7.0,1235,False,0.0,False,G142,3,193.0,10.0,0.736,pass,1.033
17524,ok,100.0,False,100.0,6.0,10546,False,0.0,False,,0,0.0,100.0,0.358,pass,0.46
17526,ok,10.0,False,10.0,7.0,1228,False,0.0,False,G27,15,193.0,10.0,0.802,pass,1.029
17527,ok,10.0,False,10.0,7.0,1237,False,0.0,False,G71,9,84.0,10.0,0.499,pass,0.58
17528,ok,10.0,False,10.0,6.0,1054,False,0.0,False,,0,0.0,10.0,0.185,pass,0.176
17530,ok,10.0,False,10.0,6.0,1162,False,0.0,False,,0,16.0,10.0,0.145,pass,0.101
17532,ok,10.0,False,10.0,6.0,1207,False,0.0,False,G191,3,86.0,10.0,0.073,pass,0.101
17533,ok,10.0,False,10.0,7.0,1231,False,0.0,False,G63,7,193.0,10.0,0.763,pass,1.034
17534,ok,0.0,False,0.0,7.0,76,False,0.0,False,G408,1,,10.0,0.106,pass,0.062
17535,ok,10.0,False,10.0,5.0,1212,False,0.0,False,G318,1,2.0,10.0,0.073,pass,0.102
17537,ok,10.0,False,10.0,5.0,1131,False,0.0,False,G119,5,7.0,10.0,0.139,pass,0.221
17539,ok,10.0,False,10.0,4.0,1096,False,0.0,False,,0,63.0,10.0,0.196,pass,0.212
17540,ok,10.0,False,10.0,6.0,1162,False,0.0,False,G236,2,111.0,10.0,0.371,pass,0.43
17545,ok,10.0,False,10.0,5.0,969,False,0.0,False,,0,0.0,10.0,0.281,pass,0.296
17546,ok,10.0,False,10.0,5.0,1126,False,0.0,False,G94,7,15.0,10.0,0.141,pass,0.101
17547,ok,10.0,False,10.0,6.0,1154,False,0.0,False,G74,6,111.0,10.0,0.31,pass,0.428
17548,ok,10.0,False,10.0,7.0,1239,False,0.0,False,G141,3,5.0,10.0,0.328,pass,0.355
17550,ok,10.0,False,10.0,5.0,1175,False,0.0,False,G99,7,16.0,10.0,0.167,pass,0.1
17551,ok,10.0,False,10.0,4.0,1093,False,0.0,False,G3,48,71.0,10.0,0.098,pass,0.101
17552,ok,10.0,False,10.0,5.0,994,False,0.0,False,G129,5,7.0,10.0,0.07,pass,0.097
17553,ok,10.0,False,10.0,6.0,1204,False,0.0,False,,0,0.0,10.0,0.071,pass,0.101
17556,ok,10.0,False,10.0,5.0,1166,False,0.0,False,G33,20,28.0,10.0,0.071,pass,0.1
17557,ok,10.0,False,10.0,6.0,1208,False,0.0,False,G31,19,38.0,10.0,0.443,pass,0.558
17558,ok,10.0,False,10.0,5.0,1171,False,0.0,False,G25,22,197.0,10.0,0.419,pass,0.551
17559,ok,10.0,False,10.0,7.0,1228,False,0.0,False,G27,2,193.0,10.0,0.803,pass,1.043
17560,ok,10.0,False,10.0,6.0,1153,False,0.0,False,,0,26.0,10.0,0.367,pass,0.414
17561,ok,10.0,False,10.0,6.0,1161,False,0.0,False,,0,26.0,10.0,0.363,pass,0.411
17562,ok,10.0,False,10.0,4.0,1110,False,0.0,False,G47,2,63.0,10.0,0.212,pass,0.212
17563,ok,10.0,False,10.0,5.0,1133,False,0.0,False,G17,0,42.0,10.0,0.41,pass,0.431
17566,ok,10.0,False,10.0,5.0,1142,False,0.0,False,G110,4,57.0,10.0,0.211,pass,0.216
17567,ok,10.0,False,10.0,6.0,1210,False,0.0,False,G15,22,53.0,10.0,0.817,pass,1.001
17569,ok,10.0,False,10.0,8.0,1279,False,0.0,False,G36,18,34.0,10.0,0.125,pass,0.102
17574,ok,10.0,False,10.0,7.0,1076,False,0.0,False,G418,0,30.0,10.0,0.885,pass,1.407
17575,ok,10.0,False,10.0,7.0,1247,False,0.0,False,G5,1,84.0,10.0,0.438,pass,0.563
17576,ok,10.0,False,10.0,4.0,1093,False,0.0,False,G67,10,13.0,10.0,0.101,pass,0.099
17577,ok,10.0,False,10.0,5.0,1165,False,0.0,False,,0,16.0,10.0,0.072,pass,0.1
17578,ok,10.0,False,10.0,5.0,1132,False,0.0,False,G60,10,63.0,10.0,0.071,pass,0.1
17579,ok,10.0,False,10.0,4.0,1098,False,0.0,False,G37,11,63.0,10.0,0.135,pass,0.207
17581,ok,10.0,False,10.0,7.0,1247,False,0.0,False,G13,34,49.0,10.0,0.506,pass,0.587
17583,ok,10.0,False,10.0,6.0,1161,False,0.0,False,G12,3,111.0,10.0,0.368,pass,0.436
17584,capped,1000.0,True,1000.0,6.0,105670,False,0.0,False,G107,0,10.0,,0.963,pass,1.46
17588,ok,10.0,False,10.0,5.0,1180,False,0.0,False,G1,95,197.0,10.0,0.498,pass,0.555
17589,ok,10.0,False,10.0,6.0,1045,False,0.0,False,,0,0.0,10.0,0.707,pass,0.849
17590,ok,10.0,False,10.0,5.0,1170,False,0.0,False,G21,22,197.0,10.0,0.485,pass,0.548
17593,ok,10.0,False,10.0,5.0,1126,False,0.0,False,G11,0,57.0,10.0,0.189,pass,0.214
17594,ok,10.0,False,10.0,5.0,1132,False,0.0,False,G60,10,63.0,10.0,0.139,pass,0.1
17596,ok,10.0,False,10.0,4.0,1138,False,0.0,False,G22,24,30.0,10.0,0.071,pass,0.099
17597,ok,10.0,False,10.0,5.0,1173,False,0.0,False,G30,21,197.0,10.0,0.428,pass,0.562
17598,ok,10.0,False,10.0,7.0,1240,False,0.0,False,G415,1,193.0,10.0,0.793,pass,1.028
17599,ok,10.0,False,10.0,5.0,529,False,0.0,False,G231,0,6.0,10.0,1.385,pass,1.865
17600,ok,10.0,False,10.0,5.0,1197,False,0.0,False,G207,2,8.0,10.0,0.123,pass,0.1
17601,ok,10.0,False,10.0,5.0,1137,False,0.0,False,G20,25,58.0,10.0,0.071,pass,0.099
17602,ok,10.0,False,10.0,5.0,1188,False,0.0,False,,0,16.0,10.0,0.416,pass,0.553
17604,ok,10.0,False,10.0,8.0,1271,False,0.0,False,,0,0.0,10.0,0.309,pass,0.357
17605,ok,10.0,False,10.0,4.0,1093,False,0.0,False,G3,48,71.0,10.0,0.144,pass,0.1
17607,ok,10.0,False,10.0,4.0,1096,False,0.0,False,G42,12,107.0,10.0,0.142,pass,0.213
17608,capped,1000.0,True,1000.0,8.0,115820,False,0.0,False,,0,0.0,,0.834,pass,1.098
17610,ok,10.0,False,10.0,6.0,1204,False,0.0,False,G70,8,86.0,10.0,0.126,pass,0.101
17611,ok,10.0,False,10.0,7.0,1228,False,0.0,False,G27,15,193.0,10.0,0.733,pass,1.031
17612,ok,10.0,False,10.0,7.0,1238,False,0.0,False,G4,4,193.0,10.0,0.826,pass,1.054
17613,ok,10.0,False,10.0,6.0,1206,False,0.0,False,,0,38.0,10.0,0.485,pass,0.568
17614,ok,10.0,False,10.0,7.0,1246,False,0.0,False,G7,3,193.0,10.0,0.796,pass,1.034
17616,capped,1000.0,True,1000.0,6.0,72816,False,0.0,False,,0,0.0,,0.671,pass,1.481
17617,ok,10.0,False,10.0,5.0,1021,False,0.0,False,G28,18,21.0,10.0,0.125,pass,0.097
17618,ok,10.0,False,10.0,6.0,1170,False,0.0,False,G43,12,28.0,10.0,0.141,pass,0.231
17619,ok,10.0,False,10.0,6.0,1150,False,0.0,False,G76,5,111.0,10.0,0.376,pass,0.429
17623,ok,10.0,False,10.0,7.0,1238,False,0.0,False,G4,51,193.0,10.0,0.819,pass,1.04
17624,ok,100.0,False,100.0,6.0,8507,False,0.0,False,,0,0.0,100.0,0.743,pass,0.951
17626,ok,10.0,False,10.0,7.0,1247,False,0.0,False,G13,34,49.0,10.0,0.51,pass,0.58
17629,ok,10.0,False,10.0,7.0,1236,False,0.0,False,G143,4,25.0,10.0,0.126,pass,0.102
17630,ok,10.0,False,10.0,5.0,1132,False,0.0,False,G2,63,73.0,10.0,0.071,pass,0.1
17634,ok,10.0,False,10.0,6.0,1168,False,0.0,False,G169,1,26.0,10.0,0.298,pass,0.414
17635,ok,10.0,False,10.0,4.0,1092,False,0.0,False,,0,0.0,10.0,0.205,pass,0.182
17636,ok,10.0,False,10.0,6.0,1176,False,0.0,False,G241,1,26.0,10.0,0.426,pass,0.414
17637,ok,10.0,False,10.0,7.0,1247,False,0.0,False,G58,10,27.0,10.0,0.521,pass,0.58
17638,ok,10.0,False,10.0,6.0,1214,False,0.0,False,G9,45,91.0,10.0,0.125,pass,0.101
17640,ok,10.0,False,10.0,8.0,1678,False,0.0,False,,0,0.0,10.0,0.073,pass,0.103
17641,ok,10.0,False,10.0,6.0,1170,False,0.0,False,G43,12,28.0,10.0,0.138,pass,0.223
17642,ok,10.0,False,10.0,8.0,1269,False,0.0,False,G128,5,34.0,10.0,0.147,pass,0.102
17644,ok,10.0,False,10.0,5.0,1177,False,0.0,False,G57,11,13.0,10.0,0.072,pass,0.099
17647,ok,10.0,False,10.0,6.0,1059,False,0.0,False,G331,1,3.0,10.0,0.29,pass,0.41
17648,ok,10.0,False,10.0,5.0,18325,True,0.0,False,,0,0.0,10.0,0.372,pass,0.49
17651,ok,10.0,False,10.0,7.0,1238,False,0.0,False,G4,51,193.0,10.0,0.784,pass,1.034
17652,ok,10.0,False,10.0,5.0,398,False,0.0,False,,0,0.0,10.0,0.885,pass,1.233
17654,ok,10.0,False,10.0,6.0,1169,False,0.0,False,G136,5,8.0,10.0,0.129,pass,0.103
17655,ok,10.0,False,10.0,6.0,1161,False,0.0,False,G12,31,111.0,10.0,0.304,pass,0.428
17658,ok,10.0,False,10.0,5.0,1125,False,0.0,False,,0,17.0,10.0,0.489,pass,0.564
17659,ok,10.0,False,10.0,6.0,1161,False,0.0,False,G12,31,111.0,10.0,0.367,pass,0.428
17660,ok,10.0,False,10.0,6.0,1208,False,0.0,False,G40,13,25.0,10.0,0.49,pass,0.559
17662,ok,10.0,False,10.0,5.0,1126,False,0.0,False,G94,7,15.0,10.0,0.132,pass,0.1
17663,ok,10.0,False,10.0,6.0,1208,False,0.0,False,G40,13,25.0,10.0,0.432,pass,0.567
17664,ok,10.0,False,10.0,6.0,1156,False,0.0,False,G120,6,26.0,10.0,0.349,pass,0.418
17665,ok,10.0,False,10.0,4.0,936,False,0.0,False,G14,23,43.0,10.0,0.142,pass,0.097
17666,ok,10.0,False,10.0,5.0,1021,False,0.0,False,G28,18,21.0,10.0,0.07,pass,0.097
17668,ok,10.0,False,10.0,6.0,1210,False,0.0,False,G15,22,53.0,10.0,0.728,pass,1.005
17669,ok,10.0,False,10.0,6.0,1208,False,0.0,False,G31,19,38.0,10.0,0.486,pass,0.611
17670,ok,10.0,False,10.0,4.0,1041,False,0.0,False,G51,8,12.0,10.0,0.124,pass,0.098
17671,ok,10.0,False,10.0,6.0,1210,False,0.0,False,G183,3,86.0,10.0,0.072,pass,0.1
17672,ok,10.0,False,10.0,6.0,1161,False,0.0,False,G12,31,111.0,10.0,0.306,pass,0.428
17673,ok,10.0,False,10.0,8.0,1272,False,0.0,False,G395,1,16.0,10.0,0.153,pass,0.102
17674,ok,10.0,False,10.0,7.0,1246,False,0.0,False,G7,34,193.0,10.0,0.756,pass,1.029
17677,ok,10.0,False,10.0,5.0,1171,False,0.0,False,,0,11.0,10.0,0.133,pass,0.101
17678,ok,10.0,False,10.0,7.0,1246,False,0.0,False,G7,34,193.0,10.0,0.748,pass,1.032
17679,ok,10.0,False,10.0,5.0,1131,False,0.0,False,G64,0,17.0,10.0,0.501,pass,0.566
17680,ok,10.0,False,10.0,4.0,1093,False,0.0,False,G3,1,71.0,10.0,0.125,pass,0.099
17682,ok,10.0,False,10.0,5.0,1126,False,0.0,False,G127,0,63.0,10.0,0.071,pass,0.101
17685,ok,10.0,False,10.0,7.0,1227,False,0.0,False,G45,10,193.0,10.0,0.748,pass,1.031
17686,ok,10.0,False,10.0,7.0,1237,False,0.0,False,G248,2,9.0,10.0,0.507,pass,0.581
17687,ok,10.0,False,10.0,8.0,1279,False,0.0,False,G36,18,34.0,10.0,0.131,pass,0.103
17689,ok,10.0,False,10.0,6.0,1214,False,0.0,False,G26,22,32.0,10.0,0.072,pass,0.1
17690,ok,10.0,False,10.0,5.0,1175,False,0.0,False,G109,6,11.0,10.0,0.071,pass,0.1
17691,ok,10.0,False,10.0,5.0,1176,False,0.0,False,G135,5,197.0,10.0,0.433,pass,0.547
17692,ok,10.0,False,10.0,5.0,1209,False,0.0,False,G391,1,1.0,10.0,0.279,pass,0.307
17697,ok,10.0,False,10.0,5.0,1180,False,0.0,False,G1,95,197.0,10.0,0.499,pass,0.55
17698,ok,10.0,False,10.0,4.0,1093,False,0.0,False,G3,48,71.0,10.0,0.127,pass,0.099
17700,ok,10.0,False,10.0,6.0,1214,False,0.0,False,G26,22,32.0,10.0,0.133,pass,0.1
17701,capped,1000.0,True,1000.0,4.0,101599,False,0.0,False,G420,1,4.0,,0.178,pass,0.335
17702,ok,10.0,False,10.0,6.0,1050,False,0.0,False,G421,1,2.0,10.0,0.131,pass,0.098
17703,ok,10.0,False,10.0,6.0,1169,False,0.0,False,G19,22,111.0,10.0,0.312,pass,0.428
17704,ok,10.0,False,10.0,6.0,1161,False,0.0,False,G12,31,111.0,10.0,0.371,pass,0.427
17706,ok,10.0,False,10.0,5.0,1126,False,0.0,False,G59,11,58.0,10.0,0.128,pass,0.1
17707,ok,10.0,False,10.0,7.0,1246,False,0.0,False,G7,1,193.0,10.0,0.752,pass,1.034
17708,ok,10.0,False,10.0,5.0,1175,False,0.0,False,G156,4,28.0,10.0,0.125,pass,0.102
17710,ok,10.0,False,10.0,5.0,1180,False,0.0,False,G1,95,197.0,10.0,0.476,pass,0.549
17711,ok,10.0,False,10.0,6.0,1160,False,0.0,False,G422,0,2.0,10.0,0.919,pass,1.538
17714,ok,10.0,False,10.0,6.0,1154,False,0.0,False,G74,6,111.0,10.0,0.375,pass,0.427
17715,ok,10.0,False,10.0,8.0,1265,False,0.0,False,G423,1,1.0,10.0,0.485,pass,0.616
17716,ok,10.0,False,10.0,6.0,1159,False,0.0,False,G184,3,16.0,10.0,0.073,pass,0.1
17717,ok,10.0,False,10.0,6.0,1207,False,0.0,False,G191,3,86.0,10.0,0.072,pass,0.101
17718,ok,10.0,False,10.0,4.0,1098,False,0.0,False,G23,22,107.0,10.0,0.137,pass,0.212
17720,ok,10.0,False,10.0,8.0,1279,False,0.0,False,G36,18,34.0,10.0,0.156,pass,0.102
17722,ok,10.0,False,10.0,7.0,1121,False,0.0,False,,0,0.0,10.0,0.458,pass,0.576
17723,ok,10.0,False,10.0,6.0,1165,False,0.0,False,G222,2,7.0,10.0,0.189,pass,0.186
17724,ok,10.0,False,10.0,5.0,1173,False,0.0,False,G30,21,197.0,10.0,0.547,pass,0.571
17725,ok,10.0,False,10.0,4.0,1098,False,0.0,False,G37,11,63.0,10.0,0.188,pass,0.181
17727,ok,10.0,False,10.0,5.0,1180,False,0.0,False,G1,95,197.0,10.0,0.502,pass,0.576
17728,ok,0.0,False,0.0,7.0,76,False,0.0,False,,0,,10.0,0.098,pass,0.061
17729,ok,10.0,False,10.0,5.0,1171,False,0.0,False,G25,22,197.0,10.0,0.435,pass,0.546
17730,ok,10.0,False,10.0,5.0,1132,False,0.0,False,G150,1,58.0,10.0,0.127,pass,0.1
17731,ok,100.0,False,100.0,6.0,7934,False,0.0,False,,0,0.0,100.0,0.662,pass,0.906
17732,ok,10.0,False,10.0,4.0,1138,False,0.0,False,G22,24,30.0,10.0,0.125,pass,0.1
17733,ok,10.0,False,10.0,6.0,1010,False,0.0,False,G84,7,14.0,10.0,1.085,pass,2.032
17736,ok,10.0,False,10.0,5.0,1173,False,0.0,False,G30,21,197.0,10.0,0.495,pass,0.556
17737,ok,10.0,False,10.0,5.0,1127,False,0.0,False,,0,42.0,10.0,0.773,pass,1.014
17738,ok,10.0,False,10.0,4.0,1093,False,0.0,False,G3,48,71.0,10.0,0.124,pass,0.1
17741,ok,100.0,False,100.0,5.0,10819,False,0.0,False,,0,1.0,100.0,0.433,pass,0.548
17742,ok,10.0,False,10.0,6.0,1207,False,0.0,False,G48,13,91.0,10.0,0.131,pass,0.099
17744,ok,10.0,False,10.0,4.0,1098,False,0.0,False,G37,11,63.0,10.0,0.133,pass,0.18
17745,capped,1000.0,True,1000.0,7.0,112685,False,0.0,False,G118,5,16.0,,0.84,pass,1.065
17746,ok,10.0,False,10.0,5.0,1132,False,0.0,False,G389,1,1.0,10.0,0.129,pass,0.1
17747,ok,10.0,False,10.0,5.0,1137,False,0.0,False,G10,39,63.0,10.0,0.071,pass,0.101
17748,ok,10.0,False,10.0,7.0,1238,False,0.0,False,G4,51,193.0,10.0,0.741,pass,1.035
17750,ok,10.0,False,10.0,6.0,1126,False,0.0,False,,0,0.0,10.0,0.747,pass,0.947
17751,ok,10.0,False,10.0,6.0,1201,False,0.0,False,G96,7,38.0,10.0,0.484,pass,0.565
17752,ok,10.0,False,10.0,5.0,969,False,0.0,False,G394,0,5.0,10.0,0.342,pass,0.399
17753,ok,10.0,False,10.0,6.0,1206,False,0.0,False,G424,1,53.0,10.0,0.792,pass,1.001
17756,ok,10.0,False,10.0,7.0,1239,False,0.0,False,G112,5,193.0,10.0,0.799,pass,1.034
17760,ok,10.0,False,10.0,7.0,1239,False,0.0,False,G243,2,25.0,10.0,0.159,pass,0.102
17761,ok,10.0,False,10.0,5.0,1127,False,0.0,False,G69,6,57.0,10.0,0.136,pass,0.215
17762,ok,10.0,False,10.0,6.0,1208,False,0.0,False,G226,2,2.0,10.0,0.494,pass,0.563
17764,ok,10.0,False,10.0,6.0,1219,False,0.0,False,G39,16,21.0,10.0,0.505,pass,0.57
17765,ok,10.0,False,10.0,4.0,1094,False,0.0,False,G138,5,71.0,10.0,0.126,pass,0.099
17766,ok,10.0,False,10.0,5.0,1170,False,0.0,False,,0,1.0,10.0,0.203,pass,0.293
17771,ok,10.0,False,10.0,5.0,969,False,0.0,False,G29,14,44.0,10.0,0.197,pass,0.195
17772,ok,10.0,False,10.0,5.0,1175,False,0.0,False,G156,4,28.0,10.0,0.139,pass,0.1
17773,ok,10.0,False,10.0,7.0,1246,False,0.0,False,G7,34,193.0,10.0,0.747,pass,1.038
17774,ok,10.0,False,10.0,3.0,1070,False,0.0,False,,0,5.0,10.0,0.137,pass,0.1
17775,ok,10.0,False,10.0,7.0,1246,False,0.0,False,G7,34,193.0,10.0,0.776,pass,1.028
17776,ok,10.0,False,10.0,7.0,1238,False,0.0,False,G4,51,193.0,10.0,0.767,pass,1.03
17778,ok,10.0,False,10.0,7.0,1247,False,0.0,False,G5,45,84.0,10.0,0.478,pass,0.581
17779,ok,10.0,False,10.0,7.0,1228,False,0.0,False,G27,0,193.0,10.0,0.793,pass,1.033
17780,ok,10.0,False,10.0,6.0,1170,False,0.0,False,G46,11,18.0,10.0,0.19,pass,0.188
17781,ok,10.0,False,10.0,6.0,1210,False,0.0,False,G15,4,53.0,10.0,0.801,pass,1.057
17783,ok,10.0,False,10.0,6.0,1078,False,0.0,False,,0,2.0,10.0,0.133,pass,0.099
17784,ok,10.0,False,10.0,5.0,1180,False,0.0,False,G1,95,197.0,10.0,0.418,pass,0.55
17790,capped,1000.0,True,1000.0,5.0,108611,False,0.0,False,G404,1,3.0,,0.49,pass,0.617
17792,ok,10.0,False,10.0,6.0,1214,False,0.0,False,G6,50,86.0,10.0,0.128,pass,0.1
17793,ok,10.0,False,10.0,4.0,1138,False,0.0,False,G22,24,30.0,10.0,0.07,pass,0.099
17796,ok,10.0,False,10.0,5.0,1171,False,0.0,False,,0,3.0,10.0,0.072,pass,0.1
17797,ok,10.0,False,10.0,5.0,1175,False,0.0,False,G66,10,33.0,10.0,0.071,pass,0.1
17798,ok,10.0,False,10.0,7.0,1236,False,0.0,False,G78,6,193.0,10.0,0.743,pass,1.032
17799,ok,10.0,False,10.0,5.0,1132,False,0.0,False,G2,63,73.0,10.0,0.125,pass,0.1
17800,ok,10.0,False,10.0,7.0,861,False,0.0,False,,0,0.0,10.0,0.135,pass,0.117
17802,ok,10.0,False,10.0,5.0,1137,False,0.0,False,G20,25,58.0,10.0,0.071,pass,0.101
17803,ok,10.0,False,10.0,5.0,1164,False,0.0,False,,0,16.0,10.0,0.071,pass,0.101
17807,ok,10.0,False,10.0,6.0,1165,False,0.0,False,G97,7,7.0,10.0,0.138,pass,0.217
17809,ok,100.0,False,100.0,4.0,10118,False,0.0,False,,0,0.0,100.0,0.213,pass,0.213
17810,ok,10.0,False,10.0,8.0,1277,False,0.0,False,G425,0,2.0,10.0,0.806,pass,1.051
17813,ok,10.0,False,10.0,6.0,1214,False,0.0,False,G6,50,86.0,10.0,0.125,pass,0.1
17815,ok,10.0,False,10.0,4.0,1098,False,0.0,False,G426,1,3.0,10.0,0.07,pass,0.1
17816,ok,10.0,False,10.0,5.0,1021,False,0.0,False,G95,0,8.0,10.0,0.07,pass,0.097
17818,ok,10.0,False,10.0,6.0,1164,False,0.0,False,,0,0.0,10.0,0.072,pass,0.102
17819,ok,10.0,False,10.0,7.0,1246,False,0.0,False,G7,0,193.0,,0.759,pass,1.031
17820,ok,10.0,False,10.0,5.0,1132,False,0.0,False,G18,24,38.0,10.0,0.074,pass,0.101
17821,ok,10.0,False,10.0,8.0,1269,False,0.0,False,G128,5,34.0,10.0,0.072,pass,0.102
17823,ok,10.0,False,10.0,5.0,1124,False,0.0,False,,0,13.0,10.0,0.304,pass,0.428
17825,capped,1000.0,True,1000.0,3.0,18461,False,0.0,False,,0,0.0,,0.735,pass,1.047
17826,ok,10.0,False,10.0,5.0,1142,False,0.0,False,G139,3,5.0,10.0,0.196,pass,0.223
17827,ok,10.0,False,10.0,5.0,1019,False,0.0,False,G223,2,18.0,10.0,0.134,pass,0.097
17828,ok,10.0,False,10.0,7.0,1247,False,0.0,False,G5,45,84.0,10.0,0.426,pass,0.582
17831,ok,10.0,False,10.0,5.0,1037,False,0.0,False,,0,0.0,10.0,0.282,pass,0.303
17832,ok,10.0,False,10.0,6.0,1214,False,0.0,False,G26,22,32.0,10.0,0.146,pass,0.1
17835,ok,10.0,False,10.0,5.0,1016,False,0.0,False,G250,2,18.0,10.0,0.07,pass,0.097
17838,ok,10.0,False,10.0,5.0,969,False,0.0,False,G29,14,44.0,10.0,0.127,pass,0.194
17840,ok,10.0,False,10.0,7.0,1228,False,0.0,False,G27,15,193.0,10.0,0.817,pass,1.026
17841,ok,10.0,False,10.0,5.0,1026,False,0.0,False,G137,4,6.0,10.0,0.125,pass,0.098
17842,ok,10.0,False,10.0,6.0,1210,False,0.0,False,,0,0.0,10.0,0.733,pass,1.051
17843,ok,10.0,False,10.0,6.0,1036,False,0.0,False,,0,0.0,10.0,0.478,pass,0.558
17844,ok,10.0,False,10.0,7.0,1246,False,0.0,False,G50,12,25.0,10.0,0.126,pass,0.102
17845,ok,10.0,False,10.0,3.0,1065,False,0.0,False,G16,15,30.0,10.0,0.071,pass,0.098
17846,ok,10.0,False,10.0,5.0,1398,False,0.0,False,,0,0.0,10.0,0.135,pass,0.21
17848,ok,10.0,False,10.0,6.0,1170,False,0.0,False,G188,0,4.0,,0.138,pass,0.188
17849,ok,10.0,False,10.0,9.0,18476,True,0.0,False,,0,0.0,10.0,0.52,pass,0.58
17850,ok,10.0,False,10.0,5.0,1137,False,0.0,False,G114,6,10.0,10.0,0.263,pass,0.264
17851,ok,10.0,False,10.0,5.0,1026,False,0.0,False,G137,4,6.0,10.0,0.159,pass,0.097
17854,ok,10.0,False,10.0,4.0,1093,False,0.0,False,G53,11,14.0,10.0,0.092,pass,0.099
17856,ok,10.0,False,10.0,6.0,1209,False,0.0,False,G427,1,3.0,10.0,0.44,pass,0.562
17859,ok,10.0,False,10.0,6.0,1214,False,0.0,False,G26,22,32.0,10.0,0.073,pass,0.099
17860,capped,1000.0,True,1000.0,7.0,112670,False,0.0,False,G428,1,16.0,,0.757,pass,1.067
17861,ok,10.0,False,10.0,6.0,1214,False,0.0,False,G9,45,91.0,10.0,0.137,pass,0.1
17863,ok,10.0,False,10.0,5.0,1177,False,0.0,False,G57,11,13.0,10.0,0.072,pass,0.1
17864,ok,10.0,False,10.0,7.0,1247,False,0.0,False,G5,45,84.0,10.0,0.434,pass,0.576
17865,ok,10.0,False,10.0,5.0,524,False,0.0,False,,0,3.0,10.0,0.644,pass,0.752
17866,ok,10.0,False,10.0,5.0,402,False,0.0,False,,0,0.0,10.0,0.539,pass,0.605
17868,ok,10.0,False,10.0,2.0,214,False,0.0,False,G117,0,8.0,10.0,0.345,pass,0.376
17869,ok,10.0,False,10.0,6.0,1210,False,0.0,False,G15,22,53.0,10.0,0.79,pass,1.001
17870,ok,10.0,False,10.0,5.0,1180,False,0.0,False,G1,95,197.0,10.0,0.514,pass,0.596
17871,ok,10.0,False,10.0,5.0,526,False,0.0,False,,0,6.0,10.0,0.635,pass,0.716
17872,ok,10.0,False,10.0,5.0,1132,False,0.0,False,G60,10,63.0,10.0,0.124,pass,0.1
17876,ok,10.0,False,10.0,2.0,214,False,0.0,False,G117,0,8.0,10.0,0.441,pass,0.535
17878,ok,10.0,False,10.0,6.0,1161,False,0.0,False,G12,31,111.0,10.0,0.36,pass,0.431
17880,ok,10.0,False,10.0,6.0,1210,False,0.0,False,G15,22,53.0,10.0,0.729,pass,1.002
17881,ok,10.0,False,10.0,6.0,1159,False,0.0,False,G171,3,28.0,10.0,0.19,pass,0.187
17883,ok,10.0,False,10.0,7.0,1238,False,0.0,False,G4,51,193.0,10.0,0.81,pass,1.03
17884,ok,10.0,False,10.0,6.0,1210,False,0.0,False,G15,22,53.0,10.0,0.779,pass,1.001
17887,ok,10.0,False,10.0,5.0,1165,False,0.0,False,,0,11.0,10.0,0.126,pass,0.101
17888,ok,10.0,False,10.0,5.0,1180,False,0.0,False,G1,95,197.0,10.0,0.43,pass,0.546
17889,ok,10.0,False,10.0,6.0,1162,False,0.0,False,,0,0.0,10.0,0.258,pass,0.355
17891,ok,10.0,False,10.0,6.0,1199,False,0.0,False,G108,3,53.0,10.0,0.786,pass,0.998
17892,ok,10.0,False,10.0,6.0,1077,False,0.0,False,G429,1,9.0,10.0,0.122,pass,0.098
17893,ok,1.0,False,1.0,4.0,91,False,0.0,False,,0,0.0,,0.061,pass,0.085
17894,ok,10.0,False,10.0,5.0,1142,False,0.0,False,G110,1,57.0,10.0,0.135,pass,0.214
17896,ok,10.0,False,10.0,6.0,1159,False,0.0,False,G290,1,8.0,10.0,0.146,pass,0.102
17898,ok,10.0,False,10.0,7.0,1231,False,0.0,False,G63,7,193.0,10.0,0.739,pass,1.027
17899,ok,10.0,False,10.0,4.0,330,False,0.0,False,G406,1,15.0,10.0,0.519,pass,0.607
17900,ok,10.0,False,10.0,6.0,1153,False,0.0,False,G159,3,26.0,10.0,0.35,pass,0.41
17902,ok,10.0,False,10.0,5.0,1180,False,0.0,False,G1,95,197.0,10.0,0.487,pass,0.597
17903,ok,10.0,False,10.0,7.0,1234,False,0.0,False,G407,1,193.0,10.0,0.796,pass,1.028
17905,ok,10.0,False,10.0,3.0,1065,False,0.0,False,G414,1,5.0,10.0,0.122,pass,0.101
17906,ok,10.0,False,10.0,5.0,1132,False,0.0,False,G18,24,38.0,10.0,0.071,pass,0.101
17908,ok,10.0,False,10.0,4.0,1110,False,0.0,False,G47,3,63.0,10.0,0.132,pass,0.208
17909,ok,10.0,False,10.0,6.0,1204,False,0.0,False,G44,14,91.0,10.0,0.147,pass,0.1
17911,ok,10.0,False,10.0,7.0,1238,False,0.0,False,G4,3,193.0,10.0,0.738,pass,1.032
17912,ok,10.0,False,10.0,8.0,1192,False,0.0,False,G251,1,3.0,10.0,0.959,pass,1.465
17913,capped,1000.0,True,1000.0,3.0,17777,False,0.0,False,,0,0.0,,0.698,pass,0.845
17914,ok,10.0,False,10.0,7.0,1237,False,0.0,False,G89,5,49.0,10.0,0.483,pass,0.579
17916,ok,10.0,False,10.0,6.0,1170,False,0.0,False,G43,12,28.0,10.0,0.192,pass,0.188
17917,ok,10.0,False,10.0,6.0,1214,False,0.0,False,G26,22,32.0,10.0,0.143,pass,0.101
17919,ok,10.0,False,10.0,4.0,684,False,0.0,False,G409,0,2.0,10.0,0.641,pass,0.901
17920,ok,10.0,False,10.0,5.0,994,False,0.0,False,G129,5,7.0,10.0,0.133,pass,0.098
17924,ok,10.0,False,10.0,6.0,1050,False,0.0,False,G421,1,2.0,10.0,0.07,pass,0.099
17925,ok,10.0,False,10.0,6.0,1210,False,0.0,False,G15,1,53.0,10.0,1.145,pass,1.617
17928,ok,10.0,False,10.0,7.0,1115,False,0.0,False,,0,0.0,10.0,0.303,pass,0.351
17929,ok,10.0,False,10.0,5.0,1170,False,0.0,False,G21,22,197.0,10.0,0.501,pass,0.547
17932,ok,10.0,False,10.0,5.0,1021,False,0.0,False,G28,18,21.0,10.0,0.121,pass,0.097
17933,ok,10.0,False,10.0,6.0,1207,False,0.0,False,G48,13,91.0,10.0,0.072,pass,0.102
17934,ok,10.0,False,10.0,7.0,1238,False,0.0,False,G4,51,193.0,10.0,0.742,pass,1.037
17935,ok,10.0,False,10.0,4.0,936,False,0.0,False,G14,8,43.0,10.0,0.123,pass,0.096
17936,ok,10.0,False,10.0,7.0,1239,False,0.0,False,G112,0,193.0,10.0,0.738,pass,1.029
17937,ok,10.0,False,10.0,4.0,1091,False,0.0,False,G430,1,63.0,10.0,0.188,pass,0.208
17938,ok,10.0,False,10.0,7.0,1247,False,0.0,False,G5,45,84.0,10.0,0.508,pass,0.58
17939,ok,10.0,False,10.0,6.0,1214,False,0.0,False,G6,50,86.0,10.0,0.126,pass,0.101
17941,ok,10.0,False,10.0,5.0,1180,False,0.0,False,G1,95,197.0,10.0,0.485,pass,0.6
17943,ok,10.0,False,10.0,5.0,1126,False,0.0,False,G113,6,30.0,10.0,0.129,pass,0.1
17944,ok,10.0,False,10.0,5.0,985,False,0.0,False,G54,3,44.0,10.0,0.131,pass,0.197
17945,ok,10.0,False,10.0,4.0,1095,False,0.0,False,G24,8,63.0,10.0,0.208,pass,0.182
17946,ok,10.0,False,10.0,6.0,1208,False,0.0,False,G31,1,38.0,10.0,0.539,pass,0.512
17947,ok,10.0,False,10.0,7.0,1247,False,0.0,False,G5,45,84.0,10.0,0.519,pass,0.576
17950,ok,10.0,False,10.0,4.0,1103,False,0.0,False,G8,44,107.0,10.0,0.191,pass,0.185
17951,ok,10.0,False,10.0,8.0,1296,False,0.0,False,G431,1,1.0,10.0,0.784,pass,1.076
17952,ok,10.0,False,10.0,6.0,1214,False,0.0,False,G9,45,91.0,10.0,0.124,pass,0.102
17953,ok,10.0,False,10.0,4.0,318,False,0.0,False,G90,2,15.0,10.0,0.471,pass,0.58
17955,ok,10.0,False,10.0,5.0,1122,False,0.0,False,G432,1,42.0,10.0,0.357,pass,0.426
17956,ok,10.0,False,10.0,6.0,1126,False,0.0,False,G152,0,11.0,,0.763,pass,0.94
17957,ok,10.0,False,10.0,5.0,1015,False,0.0,False,G134,5,18.0,10.0,0.125,pass,0.097
17959,ok,10.0,False,10.0,4.0,936,False,0.0,False,G14,8,43.0,10.0,0.071,pass,0.097
17962,ok,10.0,False,10.0,4.0,937,False,0.0,False,G168,2,43.0,10.0,0.069,pass,0.096
17964,ok,10.0,False,10.0,4.0,317,False,0.0,False,G163,0,4.0,10.0,0.478,pass,0.591
17966,ok,10.0,False,10.0,6.0,1169,False,0.0,False,G19,1,111.0,,0.357,pass,0.426
17968,ok,10.0,False,10.0,6.0,1088,False,0.0,False,G185,3,9.0,10.0,0.07,pass,0.098
17969,ok,10.0,False,10.0,7.0,1094,False,0.0,False,,0,0.0,10.0,0.07,pass,0.098
17970,ok,10.0,False,10.0,4.0,1098,False,0.0,False,G426,1,3.0,10.0,0.071,pass,0.099
17971,ok,10.0,False,10.0,8.0,1244,False,0.0,False,,0,0.0,10.0,0.767,pass,1.075
17972,ok,10.0,False,10.0,4.0,1093,False,0.0,False,G3,48,71.0,10.0,0.127,pass,0.1
17973,ok,10.0,False,10.0,5.0,529,False,0.0,False,,0,0.0,10.0,0.563,pass,0.723
17974,ok,10.0,False,10.0,8.0,1274,False,0.0,False,,0,2.0,10.0,1.318,pass,1.69
17976,ok,10.0,False,10.0,7.0,1077,False,0.0,False,G123,0,30.0,10.0,0.917,pass,1.343
17977,ok,10.0,False,10.0,7.0,1246,False,0.0,False,G7,34,193.0,10.0,0.804,pass,1.08
17980,ok,10.0,False,10.0,6.0,845,False,0.0,False,G301,1,2.0,10.0,0.932,pass,1.398
17982,ok,10.0,False,10.0,6.0,1605,False,0.0,False,,0,0.0,10.0,0.528,pass,0.573
17986,ok,10.0,False,10.0,5.0,1126,False,0.0,False,G11,26,57.0,10.0,0.192,pass,0.183
17988,ok,10.0,False,10.0,5.0,1133,False,0.0,False,G17,17,42.0,10.0,0.307,pass,0.427
17989,ok,10.0,False,10.0,5.0,1180,False,0.0,False,G1,95,197.0,10.0,0.502,pass,0.551
17991,ok,10.0,False,10.0,6.0,1010,False,0.0,False,G84,7,14.0,10.0,1.137,pass,2.027
17992,ok,10.0,False,10.0,6.0,1165,False,0.0,False,G97,7,7.0,10.0,0.137,pass,0.219
17994,ok,10.0,False,10.0,6.0,1169,False,0.0,False,G19,22,111.0,10.0,0.367,pass,0.425
17996,ok,10.0,False,10.0,4.0,1098,False,0.0,False,G23,22,107.0,10.0,0.203,pass,0.212
17999,ok,10.0,False,10.0,5.0,1003,False,0.0,False,G302,1,1.0,10.0,0.144,pass,0.097
18001,ok,10.0,False,10.0,5.0,1186,False,0.0,False,G433,1,2.0,10.0,0.072,pass,0.1
18003,ok,10.0,False,10.0,6.0,1156,False,0.0,False,G120,6,26.0,10.0,0.296,pass,0.412
18004,ok,10.0,False,10.0,4.0,1088,False,0.0,False,,0,0.0,10.0,0.271,pass,0.289
18006,ok,10.0,False,10.0,6.0,1214,False,0.0,False,G9,45,91.0,10.0,0.135,pass,0.1
18007,ok,10.0,False,10.0,5.0,1132,False,0.0,False,G18,24,38.0,10.0,0.072,pass,0.099
18009,ok,10.0,False,10.0,6.0,1204,False,0.0,False,G151,4,32.0,10.0,0.071,pass,0.1
18011,ok,10.0,False,10.0,5.0,1127,False,0.0,False,G219,2,30.0,10.0,0.072,pass,0.1
18012,ok,10.0,False,10.0,5.0,1026,False,0.0,False,G137,4,6.0,10.0,0.069,pass,0.099
18015,ok,10.0,False,10.0,4.0,1103,False,0.0,False,G8,44,107.0,10.0,0.136,pass,0.211
18017,ok,10.0,False,10.0,7.0,1246,False,0.0,False,G7,6,193.0,10.0,0.826,pass,1.044
18018,ok,10.0,False,10.0,6.0,1207,False,0.0,False,G48,13,91.0,10.0,0.127,pass,0.101
18019,ok,10.0,False,10.0,6.0,1208,False,0.0,False,G31,19,38.0,10.0,0.426,pass,0.565
18020,ok,10.0,False,10.0,7.0,1090,False,0.0,False,G167,2,5.0,10.0,0.711,pass,0.867
18021,ok,10.0,False,10.0,5.0,1164,False,0.0,False,G158,4,33.0,10.0,0.128,pass,0.101
18022,ok,10.0,False,10.0,6.0,1230,False,0.0,False,G225,1,4.0,,0.442,pass,0.579
18025,ok,10.0,False,10.0,8.0,1279,False,0.0,False,G36,18,34.0,10.0,0.13,pass,0.103
18026,ok,10.0,False,10.0,7.0,18425,True,0.0,False,,0,2.0,10.0,0.089,pass,0.123
18032,ok,10.0,False,10.0,4.0,726,False,0.0,False,G224,2,2.0,10.0,0.338,pass,0.399
18033,ok,10.0,False,10.0,6.0,1208,False,0.0,False,G35,19,26.0,10.0,0.506,pass,0.555
18035,ok,10.0,False,10.0,6.0,1170,False,0.0,False,G46,11,18.0,10.0,0.192,pass,0.225
18036,ok,10.0,False,10.0,4.0,1095,False,0.0,False,G24,8,63.0,10.0,0.213,pass,0.208
18037,ok,10.0,False,10.0,9.0,1305,False,0.0,False,,0,1.0,10.0,0.831,pass,1.076
18040,ok,10.0,False,10.0,4.0,1094,False,0.0,False,G138,5,71.0,10.0,0.129,pass,0.099
18042,ok,10.0,False,10.0,5.0,1131,False,0.0,False,G64,0,17.0,10.0,0.474,pass,0.516
18043,ok,10.0,False,10.0,5.0,1127,False,0.0,False,G337,1,57.0,10.0,0.229,pass,0.213
18044,ok,10.0,False,10.0,6.0,1210,False,0.0,False,G15,4,53.0,10.0,0.797,pass,1.009
18045,ok,10.0,False,10.0,3.0,208,False,0.0,False,,0,0.0,10.0,0.172,pass,0.172
18046,ok,10.0,False,10.0,5.0,1175,False,0.0,False,G109,6,11.0,10.0,0.072,pass,0.1
18047,ok,10.0,False,10.0,4.0,1095,False,0.0,False,G24,8,63.0,10.0,0.134,pass,0.206
18048,ok,10.0,False,10.0,5.0,1168,False,0.0,False,,0,28.0,10.0,0.072,pass,0.1
18049,ok,10.0,False,10.0,4.0,1103,False,0.0,False,G8,44,107.0,10.0,0.135,pass,0.211
18050,ok,10.0,False,10.0,6.0,1177,False,0.0,False,,0,28.0,10.0,0.519,pass,0.605
18051,ok,10.0,False,10.0,8.0,1268,False,0.0,False,G148,3,34.0,10.0,0.13,pass,0.101
18052,ok,10.0,False,10.0,5.0,1131,False,0.0,False,G64,6,17.0,10.0,0.139,pass,0.218
18053,ok,10.0,False,10.0,5.0,1180,False,0.0,False,G1,95,197.0,10.0,0.508,pass,0.552
18054,ok,10.0,False,10.0,6.0,1208,False,0.0,False,G40,0,25.0,10.0,0.478,pass,0.516
18055,ok,10.0,False,10.0,4.0,936,False,0.0,False,G14,23,43.0,10.0,0.128,pass,0.098
18057,ok,10.0,False,10.0,5.0,1164,False,0.0,False,G158,4,33.0,10.0,0.072,pass,0.101
18058,ok,10.0,False,10.0,5.0,1127,False,0.0,False,G416,1,3.0,10.0,0.294,pass,0.411
18059,ok,10.0,False,10.0,5.0,1132,False,0.0,False,G2,63,73.0,10.0,0.136,pass,0.102
18060,ok,10.0,False,10.0,5.0,1137,False,0.0,False,G20,25,58.0,10.0,0.071,pass,0.1
18062,ok,10.0,False,10.0,5.0,1126,False,0.0,False,G59,11,58.0,10.0,0.072,pass,0.1
18065,ok,10.0,False,10.0,9.0,1335,False,0.0,False,,0,0.0,10.0,0.778,pass,1.086
18067,ok,10.0,False,10.0,5.0,1130,False,0.0,False,G249,2,63.0,10.0,0.131,pass,0.1
18068,ok,10.0,False,10.0,7.0,1246,False,0.0,False,G56,11,14.0,10.0,0.077,pass,0.101
18069,ok,10.0,False,10.0,4.0,936,False,0.0,False,G14,23,43.0,10.0,0.07,pass,0.096
18070,ok,10.0,False,10.0,5.0,969,False,0.0,False,G29,14,44.0,10.0,0.13,pass,0.194
18072,ok,10.0,False,10.0,8.0,1272,False,0.0,False,G166,3,34.0,10.0,0.075,pass,0.102
18073,ok,10.0,False,10.0,6.0,1165,False,0.0,False,G97,7,7.0,10.0,0.135,pass,0.22
18074,ok,10.0,False,10.0,4.0,936,False,0.0,False,G14,8,43.0,10.0,0.138,pass,0.097
18075,ok,10.0,False,10.0,5.0,809,False,0.0,False,,0,0.0,,0.848,pass,1.322
18076,ok,10.0,False,10.0,5.0,1170,False,0.0,False,G21,22,197.0,10.0,0.494,pass,0.548
18077,ok,10.0,False,10.0,5.0,1035,False,0.0,False,,0,6.0,10.0,0.273,pass,0.31
18078,ok,10.0,False,10.0,4.0,1095,False,0.0,False,G24,8,63.0,10.0,0.206,pass,0.208
18079,ok,10.0,False,10.0,6.0,1204,False,0.0,False,G44,14,91.0,10.0,0.14,pass,0.1
18080,ok,10.0,False,10.0,5.0,1127,False,0.0,False,G93,1,58.0,10.0,0.071,pass,0.099
18081,ok,10.0,False,10.0,5.0,969,False,0.0,False,G29,14,44.0,10.0,0.127,pass,0.193
18086,ok,10.0,False,10.0,4.0,947,False,0.0,False,,0,0.0,10.0,0.071,pass,0.097
18087,ok,10.0,False,10.0,5.0,1137,False,0.0,False,G38,16,30.0,10.0,0.071,pass,0.1
18088,ok,10.0,False,10.0,7.0,1121,False,0.0,False,,0,0.0,10.0,0.436,pass,0.578
18090,ok,10.0,False,10.0,5.0,1137,False,0.0,False,G20,25,58.0,10.0,0.124,pass,0.1
18091,ok,10.0,False,10.0,7.0,1247,False,0.0,False,G13,34,49.0,10.0,0.44,pass,0.582
18092,ok,10.0,False,10.0,7.0,1246,False,0.0,False,G56,11,14.0,10.0,0.127,pass,0.101
18094,ok,10.0,False,10.0,7.0,1227,False,0.0,False,G45,10,193.0,10.0,0.776,pass,1.032
18095,ok,10.0,False,10.0,5.0,1137,False,0.0,False,G10,0,63.0,10.0,0.125,pass,0.099
18096,ok,10.0,False,10.0,5.0,1137,False,0.0,False,G10,39,63.0,10.0,0.071,pass,0.1
18098,ok,10.0,False,10.0,6.0,1210,False,0.0,False,G15,22,53.0,10.0,0.745,pass,1.001
18101,ok,10.0,False,10.0,5.0,1029,False,0.0,False,G100,6,12.0,10.0,0.675,pass,0.831
18102,ok,10.0,False,10.0,5.0,1015,False,0.0,False,G134,5,18.0,10.0,0.123,pass,0.098
18103,ok,10.0,False,10.0,5.0,1126,False,0.0,False,G11,26,57.0,10.0,0.134,pass,0.213
18106,ok,10.0,False,10.0,4.0,1041,False,0.0,False,,0,0.0,10.0,0.144,pass,0.1
18107,ok,10.0,False,10.0,5.0,1131,False,0.0,False,G65,7,14.0,10.0,0.135,pass,0.223
18108,ok,10.0,False,10.0,7.0,1228,False,0.0,False,G358,0,4.0,10.0,0.804,pass,1.03
18109,ok,10.0,False,10.0,5.0,992,False,0.0,False,,0,0.0,10.0,0.07,pass,0.097
18110,ok,10.0,False,10.0,5.0,1132,False,0.0,False,,0,30.0,10.0,0.071,pass,0.1
18111,ok,10.0,False,10.0,6.0,1170,False,0.0,False,G46,11,18.0,10.0,0.138,pass,0.188
18112,ok,10.0,False,10.0,4.0,1095,False,0.0,False,G24,8,63.0,10.0,0.207,pass,0.18
18113,ok,10.0,False,10.0,5.0,985,False,0.0,False,G54,3,44.0,10.0,0.188,pass,0.176
18114,ok,10.0,False,10.0,4.0,1093,False,0.0,False,G3,48,71.0,10.0,0.143,pass,0.1
18115,ok,10.0,False,10.0,6.0,1059,False,0.0,False,G88,1,12.0,10.0,0.854,pass,1.316
18116,ok,10.0,False,10.0,7.0,1228,False,0.0,False,G27,15,193.0,10.0,0.818,pass,1.033
18117,ok,10.0,False,10.0,5.0,1170,False,0.0,False,G21,22,197.0,10.0,0.477,pass,0.551
18118,ok,10.0,False,10.0,5.0,974,False,0.0,False,G434,1,1.0,10.0,0.267,pass,0.27
18119,ok,10.0,False,10.0,5.0,1152,False,0.0,False,,0,73.0,10.0,0.142,pass,0.099
18122,ok,10.0,False,10.0,5.0,1180,False,0.0,False,G1,95,197.0,10.0,0.43,pass,0.551
18129,ok,10.0,False,10.0,5.0,1126,False,0.0,False,G11,26,57.0,10.0,0.196,pass,0.215
18130,ok,10.0,False,10.0,4.0,1093,False,0.0,False,G3,48,71.0,10.0,0.144,pass,0.1
18131,ok,10.0,False,10.0,5.0,1132,False,0.0,False,G2,63,73.0,10.0,0.072,pass,0.1
18132,ok,10.0,False,10.0,6.0,1169,False,0.0,False,G19,22,111.0,10.0,0.306,pass,0.427
18133,ok,10.0,False,10.0,5.0,1180,False,0.0,False,G1,95,197.0,10.0,0.509,pass,0.547
18134,ok,10.0,False,10.0,5.0,1127,False,0.0,False,,0,1.0,10.0,0.193,pass,0.216
18136,ok,10.0,False,10.0,6.0,1207,False,0.0,False,G191,3,86.0,10.0,0.145,pass,0.101
18138,ok,10.0,False,10.0,6.0,1078,False,0.0,False,G230,2,9.0,10.0,0.07,pass,0.097
18139,ok,10.0,False,10.0,6.0,3430,False,0.0,False,G402,1,1.0,10.0,0.088,pass,0.125
18140,ok,10.0,False,10.0,7.0,1090,False,0.0,False,G167,2,5.0,10.0,0.672,pass,0.873
18141,ok,10.0,False,10.0,6.0,1171,False,0.0,False,,0,0.0,10.0,0.193,pass,0.215
18143,ok,10.0,False,10.0,7.0,1247,False,0.0,False,G5,45,84.0,10.0,0.522,pass,0.585
18145,ok,10.0,False,10.0,5.0,1133,False,0.0,False,,0,73.0,10.0,0.133,pass,0.099
18146,ok,10.0,False,10.0,6.0,1162,False,0.0,False,,0,111.0,10.0,0.308,pass,0.43
18147,ok,10.0,False,10.0,5.0,1166,False,0.0,False,G33,20,28.0,10.0,0.14,pass,0.1
18150,ok,10.0,False,10.0,4.0,1041,False,0.0,False,G51,1,12.0,10.0,0.071,pass,0.098
18151,ok,10.0,False,10.0,7.0,1246,False,0.0,False,G50,12,25.0,10.0,0.073,pass,0.103
18153,ok,10.0,False,10.0,5.0,1171,False,0.0,False,G325,1,28.0,10.0,0.072,pass,0.1
18155,ok,10.0,False,10.0,7.0,1238,False,0.0,False,G4,51,193.0,10.0,0.741,pass,1.031
18157,ok,10.0,False,10.0,5.0,399,False,0.0,False,,0,0.0,10.0,0.887,pass,1.178
18158,ok,10.0,False,10.0,4.0,1098,False,0.0,False,G37,11,63.0,10.0,0.19,pass,0.181
18159,ok,10.0,False,10.0,5.0,1016,False,0.0,False,G250,2,18.0,10.0,0.137,pass,0.099
18160,ok,10.0,False,10.0,5.0,1166,False,0.0,False,G33,20,28.0,10.0,0.071,pass,0.099
18161,ok,10.0,False,10.0,5.0,1135,False,0.0,False,,0,0.0,10.0,0.227,pass,0.29
18163,ok,10.0,False,10.0,5.0,1169,False,0.0,False,G49,12,197.0,10.0,0.507,pass,0.553
18164,ok,10.0,False,10.0,5.0,1135,False,0.0,False,G87,4,9.0,10.0,0.281,pass,0.287
18166,ok,10.0,False,10.0,4.0,1093,False,0.0,False,G3,48,71.0,10.0,0.177,pass,0.1
18167,ok,10.0,False,10.0,4.0,1092,False,0.0,False,G79,6,107.0,10.0,0.14,pass,0.213
18168,ok,10.0,False,10.0,6.0,1151,False,0.0,False,G41,13,111.0,10.0,0.376,pass,0.428
18169,ok,10.0,False,10.0,6.0,1210,False,0.0,False,G15,4,53.0,10.0,0.822,pass,1.006
18171,ok,10.0,False,10.0,6.0,1168,False,0.0,False,G169,0,26.0,10.0,0.352,pass,0.414
18172,ok,10.0,False,10.0,9.0,1156,False,0.0,False,,0,0.0,10.0,0.961,pass,1.417
18173,ok,10.0,False,10.0,6.0,1214,False,0.0,False,G9,45,91.0,10.0,0.149,pass,0.101
18175,ok,10.0,False,10.0,6.0,1029,False,0.0,False,,0,2.0,10.0,0.431,pass,0.561
18177,ok,10.0,False,10.0,7.0,1236,False,0.0,False,G403,1,49.0,10.0,0.495,pass,0.589
18178,ok,0.0,False,0.0,7.0,76,False,0.0,False,,0,,10.0,0.104,pass,0.061
18179,ok,10.0,False,10.0,5.0,1127,False,0.0,False,G69,6,57.0,10.0,0.137,pass,0.217
18180,ok,10.0,False,10.0,6.0,1204,False,0.0,False,G151,4,32.0,10.0,0.15,pass,0.101
18182,ok,10.0,False,10.0,5.0,1173,False,0.0,False,G30,21,197.0,10.0,0.438,pass,0.546
18184,ok,10.0,False,10.0,5.0,996,False,0.0,False,,0,0.0,10.0,0.512,pass,0.651
18187,ok,10.0,False,10.0,4.0,1098,False,0.0,False,G23,22,107.0,10.0,0.188,pass,0.227
18191,ok,10.0,False,10.0,5.0,788,False,0.0,False,,0,2.0,10.0,0.5,pass,0.55
18192,ok,10.0,False,10.0,7.0,17578,True,0.0,False,,0,0.0,10.0,0.998,pass,1.46
18193,capped,41.0,True,41.0,5.0,83205,True,0.0,False,,0,0.0,,0.696,pass,2.031
18194,ok,10.0,False,10.0,5.0,1090,False,0.0,False,G206,0,5.0,10.0,0.178,pass,0.211
18195,ok,10.0,False,10.0,5.0,1137,False,0.0,False,G189,3,15.0,10.0,0.074,pass,0.099
18197,ok,10.0,False,10.0,5.0,1131,False,0.0,False,G65,2,14.0,10.0,0.424,pass,0.558
18198,ok,10.0,False,10.0,7.0,1087,False,0.0,False,G75,1,30.0,10.0,0.945,pass,1.385
18199,ok,10.0,False,10.0,6.0,1207,False,0.0,False,G48,13,91.0,10.0,0.151,pass,0.1
18200,ok,10.0,False,10.0,5.0,1175,False,0.0,False,G99,7,16.0,10.0,0.127,pass,0.1
18201,ok,10.0,False,10.0,5.0,1166,False,0.0,False,G61,10,33.0,10.0,0.071,pass,0.1
18202,ok,6.0,False,6.0,4.0,299,False,0.0,False,,0,0.0,,0.108,pass,0.155
18203,ok,10.0,False,10.0,7.0,1238,False,0.0,False,G4,51,193.0,10.0,0.732,pass,1.034
18204,ok,10.0,False,10.0,6.0,1197,False,0.0,False,,0,25.0,10.0,0.466,pass,0.561
18205,ok,10.0,False,10.0,8.0,1266,False,0.0,False,,0,1.0,10.0,0.805,pass,1.047
18208,ok,10.0,False,10.0,6.0,1210,False,0.0,False,G15,1,53.0,10.0,1.192,pass,1.62
18209,ok,10.0,False,10.0,7.0,1235,False,0.0,False,,0,19.0,10.0,0.81,pass,1.028
18210,ok,10.0,False,10.0,3.0,287,False,0.0,False,G340,0,1.0,10.0,0.342,pass,0.39
18212,ok,10.0,False,10.0,6.0,1208,False,0.0,False,G226,2,2.0,10.0,0.491,pass,0.643
18213,ok,10.0,False,10.0,7.0,1235,False,0.0,False,,0,1.0,10.0,0.129,pass,0.1
18214,ok,10.0,False,10.0,6.0,1200,False,0.0,False,,0,5.0,10.0,0.728,pass,1.014
18215,ok,10.0,False,10.0,7.0,1247,False,0.0,False,G13,34,49.0,10.0,0.494,pass,0.578
18217,ok,10.0,False,10.0,6.0,1214,False,0.0,False,G9,45,91.0,10.0,0.128,pass,0.1
18218,ok,10.0,False,10.0,4.0,1098,False,0.0,False,G435,1,14.0,10.0,0.071,pass,0.099
18219,ok,10.0,False,10.0,7.0,1110,False,0.0,False,,0,0.0,10.0,0.221,pass,0.32
18220,ok,10.0,False,10.0,6.0,1214,False,0.0,False,G6,50,86.0,10.0,0.152,pass,0.102
18221,ok,10.0,False,10.0,6.0,1170,False,0.0,False,G46,11,18.0,10.0,0.138,pass,0.188
18222,ok,10.0,False,10.0,5.0,1021,False,0.0,False,G28,18,21.0,10.0,0.136,pass,0.097
18223,ok,10.0,False,10.0,6.0,1208,False,0.0,False,G31,19,38.0,10.0,0.454,pass,0.568
18226,ok,10.0,False,10.0,5.0,352,False,0.0,False,G367,1,2.0,10.0,0.537,pass,0.603
18227,ok,10.0,False,10.0,6.0,1223,False,0.0,False,,0,91.0,10.0,0.129,pass,0.101
18228,ok,10.0,False,10.0,5.0,1126,False,0.0,False,G59,11,58.0,10.0,0.072,pass,0.1
18229,ok,10.0,False,10.0,6.0,450,False,0.0,False,,0,0.0,10.0,2.378,pass,3.451
18230,ok,10.0,False,10.0,4.0,318,False,0.0,False,G90,3,15.0,10.0,0.516,pass,0.605
18231,ok,10.0,False,10.0,6.0,1056,False,0.0,False,,0,0.0,10.0,0.687,pass,0.851
18234,ok,10.0,False,10.0,6.0,1051,False,0.0,False,,0,2.0,10.0,0.123,pass,0.098
18235,ok,10.0,False,10.0,4.0,1088,False,0.0,False,,0,2.0,10.0,0.071,pass,0.099
18236,ok,10.0,False,10.0,6.0,1169,False,0.0,False,G19,22,111.0,10.0,0.302,pass,0.426
18239,ok,10.0,False,10.0,6.0,1150,False,0.0,False,G76,5,111.0,10.0,0.369,pass,0.425
18241,ok,10.0,False,10.0,5.0,1132,False,0.0,False,G18,24,38.0,10.0,0.13,pass,0.101
18242,ok,10.0,False,10.0,6.0,1112,False,0.0,False,,0,11.0,10.0,0.689,pass,0.942
18243,ok,10.0,False,10.0,5.0,1176,False,0.0,False,G135,5,197.0,10.0,0.493,pass,0.552
18244,ok,10.0,False,10.0,6.0,1170,False,0.0,False,G46,11,18.0,10.0,0.197,pass,0.221
18245,ok,10.0,False,10.0,4.0,1096,False,0.0,False,G42,12,107.0,10.0,0.219,pass,0.212
18246,ok,10.0,False,10.0,6.0,1214,False,0.0,False,G6,50,86.0,10.0,0.147,pass,0.101
18247,ok,10.0,False,10.0,5.0,970,False,0.0,False,G83,3,44.0,10.0,0.128,pass,0.194
18253,ok,10.0,False,10.0,5.0,1142,False,0.0,False,G436,1,1.0,10.0,0.14,pass,0.187
18254,ok,10.0,False,10.0,6.0,1056,False,0.0,False,,0,0.0,10.0,0.655,pass,0.849
18255,ok,10.0,False,10.0,7.0,1246,False,0.0,False,G7,1,193.0,10.0,1.324,pass,1.714
18256,ok,10.0,False,10.0,5.0,1132,False,0.0,False,G2,63,73.0,10.0,0.124,pass,0.101
18257,ok,10.0,False,10.0,5.0,1180,False,0.0,False,G82,0,16.0,,0.416,pass,0.55
18259,ok,10.0,False,10.0,5.0,982,False,0.0,False,G132,3,6.0,10.0,1.138,pass,1.999
18260,ok,10.0,False,10.0,4.0,1092,False,0.0,False,G79,6,107.0,10.0,0.201,pass,0.214
18261,ok,10.0,False,10.0,5.0,1180,False,0.0,False,G1,95,197.0,10.0,0.491,pass,0.549
18262,ok,0.0,False,0.0,7.0,76,False,0.0,False,G216,2,,10.0,0.1,pass,0.062
18266,ok,10.0,False,10.0,6.0,1056,False,0.0,False,,0,0.0,10.0,0.641,pass,0.853
18267,ok,10.0,False,10.0,5.0,1133,False,0.0,False,G17,2,42.0,10.0,0.318,pass,0.426
18269,ok,10.0,False,10.0,4.0,886,False,0.0,False,,0,0.0,10.0,0.505,pass,0.563
18271,ok,10.0,False,10.0,5.0,1126,False,0.0,False,G11,2,57.0,10.0,0.189,pass,0.22
18272,ok,10.0,False,10.0,6.0,1204,False,0.0,False,,0,4.0,10.0,0.146,pass,0.101
18273,ok,10.0,False,10.0,5.0,994,False,0.0,False,G129,5,7.0,10.0,0.07,pass,0.097
18275,ok,10.0,False,10.0,5.0,1133,False,0.0,False,G17,17,42.0,10.0,0.304,pass,0.426
18277,ok,10.0,False,10.0,5.0,366,False,0.0,False,,0,2.0,10.0,0.359,pass,0.441
18278,ok,10.0,False,10.0,5.0,1126,False,0.0,False,G11,2,57.0,10.0,0.189,pass,0.218
18279,ok,10.0,False,10.0,6.0,1222,False,0.0,False,,0,86.0,10.0,0.14,pass,0.1
18280,ok,10.0,False,10.0,6.0,1214,False,0.0,False,G6,50,86.0,10.0,0.072,pass,0.099
18282,ok,10.0,False,10.0,5.0,1180,False,0.0,False,G1,95,197.0,10.0,0.421,pass,0.552
18283,ok,10.0,False,10.0,4.0,1102,False,0.0,False,G124,0,11.0,10.0,0.176,pass,0.164
18284,ok,10.0,False,10.0,5.0,1126,False,0.0,False,G11,3,57.0,10.0,0.144,pass,0.226
18285,ok,10.0,False,10.0,4.0,945,False,0.0,False,G240,2,5.0,10.0,0.549,pass,0.667
18286,ok,10.0,False,10.0,7.0,1238,False,0.0,False,G4,51,193.0,10.0,0.808,pass,1.033
18287,ok,10.0,False,10.0,4.0,1093,False,0.0,False,,0,63.0,10.0,0.188,pass,0.208
18289,ok,10.0,False,10.0,5.0,1180,False,0.0,False,G1,95,197.0,10.0,0.497,pass,0.549
18290,ok,10.0,False,10.0,4.0,952,False,0.0,False,G328,1,43.0,10.0,0.125,pass,0.097
18292,ok,10.0,False,10.0,7.0,1247,False,0.0,False,G13,34,49.0,10.0,0.435,pass,0.582
18297,capped,1000.0,True,1000.0,5.0,85726,False,235.0,False,,0,0.0,,0.194,pass,0.193
18298,ok,10.0,False,10.0,4.0,1093,False,0.0,False,G3,48,71.0,10.0,0.132,pass,0.1
18299,ok,10.0,False,10.0,3.0,1059,False,0.0,False,G419,1,5.0,10.0,0.07,pass,0.099
18300,ok,10.0,False,10.0,8.0,1156,False,0.0,False,G437,1,1.0,10.0,0.072,pass,0.098
18301,ok,10.0,False,10.0,8.0,1279,False,0.0,False,,0,0.0,10.0,0.435,pass,0.6
18302,ok,10.0,False,10.0,6.0,1204,False,0.0,False,G44,14,91.0,10.0,0.185,pass,0.1
18303,ok,10.0,False,10.0,7.0,1246,False,0.0,False,G56,11,14.0,10.0,0.144,pass,0.101
18304,ok,10.0,False,10.0,5.0,963,False,0.0,False,,0,5.0,10.0,0.287,pass,0.406
18305,ok,10.0,False,10.0,4.0,936,False,0.0,False,G14,23,43.0,10.0,0.133,pass,0.096
18307,ok,10.0,False,10.0,5.0,1127,False,0.0,False,G219,2,30.0,10.0,0.071,pass,0.1
18308,ok,10.0,False,10.0,5.0,1180,False,0.0,False,G1,95,197.0,10.0,0.446,pass,0.549
18309,ok,10.0,False,10.0,6.0,1214,False,0.0,False,G9,45,91.0,10.0,0.126,pass,0.101
18311,ok,10.0,False,10.0,5.0,368,False,0.0,False,,0,0.0,10.0,0.044,pass,0.062
18312,ok,10.0,False,10.0,7.0,1236,False,0.0,False,G172,0,27.0,10.0,0.465,pass,0.519
18314,ok,10.0,False,10.0,6.0,1018,False,0.0,False,G245,2,14.0,10.0,1.117,pass,2.035
18316,ok,10.0,False,10.0,5.0,1168,False,0.0,False,,0,0.0,10.0,0.448,pass,0.535
18317,ok,10.0,False,10.0,5.0,1125,False,0.0,False,G210,1,38.0,10.0,0.073,pass,0.101
18318,ok,10.0,False,10.0,5.0,1132,False,0.0,False,G2,63,73.0,10.0,0.074,pass,0.099
18319,ok,10.0,False,10.0,5.0,1179,False,0.0,False,,0,2.0,10.0,0.074,pass,0.1
18320,ok,10.0,False,10.0,7.0,1238,False,0.0,False,G4,51,193.0,10.0,0.732,pass,1.03
18321,ok,10.0,False,10.0,4.0,936,False,0.0,False,G14,3,43.0,10.0,0.071,pass,0.096
18324,ok,10.0,False,10.0,5.0,1166,False,0.0,False,G61,10,33.0,10.0,0.072,pass,0.102
18325,ok,10.0,False,10.0,4.0,485,False,0.0,False,,0,0.0,10.0,0.311,pass,0.411
18327,ok,10.0,False,10.0,5.0,1021,False,0.0,False,G95,5,8.0,10.0,0.07,pass,0.098
18328,ok,10.0,False,10.0,5.0,1015,False,0.0,False,G134,5,18.0,10.0,0.07,pass,0.097
18329,ok,10.0,False,10.0,5.0,1137,False,0.0,False,G38,16,30.0,10.0,0.071,pass,0.1
18330,ok,10.0,False,10.0,7.0,1251,False,0.0,False,,0,0.0,10.0,0.073,pass,0.102
18331,ok,10.0,False,10.0,4.0,936,False,0.0,False,,0,1.0,10.0,0.069,pass,0.097
18333,ok,10.0,False,10.0,5.0,1142,False,0.0,False,G139,0,5.0,10.0,0.135,pass,0.222
18334,ok,10.0,False,10.0,5.0,1166,False,0.0,False,G33,20,28.0,10.0,0.072,pass,0.101
18336,ok,10.0,False,10.0,7.0,1236,False,0.0,False,G143,4,25.0,10.0,0.075,pass,0.101
18338,ok,50.0,False,50.0,7.0,4407,False,0.0,False,,0,0.0,50.0,0.879,pass,1.428
18339,ok,10.0,False,10.0,4.0,1103,False,0.0,False,G8,44,107.0,10.0,0.135,pass,0.182
18340,ok,10.0,False,10.0,6.0,1159,False,0.0,False,G171,3,28.0,10.0,0.137,pass,0.19
18341,ok,10.0,False,10.0,4.0,1095,False,0.0,False,G438,1,11.0,10.0,0.123,pass,0.158
18342,ok,10.0,False,10.0,5.0,1133,False,0.0,False,G17,3,42.0,,0.305,pass,0.427
18343,ok,10.0,False,10.0,4.0,874,False,0.0,False,,0,0.0,10.0,0.71,pass,1.059
18344,ok,10.0,False,10.0,5.0,994,False,0.0,False,G312,1,4.0,10.0,0.07,pass,0.097
18346,ok,10.0,False,10.0,4.0,1157,False,0.0,False,G342,0,1.0,10.0,0.082,pass,0.112
18347,ok,10.0,False,10.0,4.0,1110,False,0.0,False,G47,3,63.0,10.0,0.135,pass,0.21
18351,ok,10.0,False,10.0,6.0,1156,False,0.0,False,G439,1,111.0,10.0,0.305,pass,0.427
18353,ok,10.0,False,10.0,5.0,1022,False,0.0,False,G440,1,12.0,10.0,0.616,pass,0.838
18355,ok,10.0,False,10.0,9.0,1303,False,0.0,False,G244,2,4.0,10.0,0.133,pass,0.103
18356,ok,10.0,False,10.0,5.0,1171,False,0.0,False,G25,22,197.0,10.0,0.412,pass,0.55
18357,ok,10.0,False,10.0,6.0,1214,False,0.0,False,G55,11,29.0,10.0,0.128,pass,0.1
18358,ok,10.0,False,10.0,5.0,1132,False,0.0,False,G18,3,38.0,10.0,0.073,pass,0.101
18362,ok,10.0,False,10.0,3.0,1063,False,0.0,False,,0,5.0,10.0,0.071,pass,0.098
18363,ok,10.0,False,10.0,5.0,1186,False,0.0,False,,0,0.0,10.0,0.071,pass,0.099
18364,ok,10.0,False,10.0,6.0,1169,False,0.0,False,G19,22,111.0,10.0,0.305,pass,0.427
18366,ok,10.0,False,10.0,6.0,1207,False,0.0,False,G48,13,91.0,10.0,0.133,pass,0.102
18368,ok,10.0,False,10.0,5.0,1137,False,0.0,False,G10,39,63.0,10.0,0.071,pass,0.101
18369,ok,10.0,False,10.0,4.0,1095,False,0.0,False,G24,3,63.0,10.0,0.133,pass,0.21
18371,ok,10.0,False,10.0,4.0,1098,False,0.0,False,G23,22,107.0,10.0,0.199,pass,0.212
18372,capped,1000.0,True,1000.0,7.0,112767,False,0.0,False,,0,0.0,,0.807,pass,1.061
18373,ok,10.0,False,10.0,6.0,1209,False,0.0,False,,0,0.0,10.0,0.481,pass,0.557
18376,ok,10.0,False,10.0,5.0,1219,False,0.0,False,,0,0.0,10.0,0.126,pass,0.099
18378,ok,10.0,False,10.0,4.0,1138,False,0.0,False,G22,24,30.0,10.0,0.071,pass,0.099
18379,ok,10.0,False,10.0,5.0,1164,False,0.0,False,G158,4,33.0,10.0,0.071,pass,0.1
18380,ok,10.0,False,10.0,8.0,1279,False,0.0,False,G52,12,16.0,10.0,0.072,pass,0.105
18381,ok,10.0,False,10.0,6.0,1208,False,0.0,False,G40,13,25.0,10.0,0.437,pass,0.561
18384,ok,10.0,False,10.0,3.0,1065,False,0.0,False,G16,3,30.0,10.0,0.124,pass,0.099
18385,ok,10.0,False,10.0,5.0,1596,False,0.0,False,,0,0.0,10.0,0.563,pass,0.919
18387,ok,10.0,False,10.0,4.0,936,False,0.0,False,G144,4,7.0,10.0,0.149,pass,0.096
18388,ok,10.0,False,10.0,5.0,1175,False,0.0,False,G109,6,11.0,10.0,0.073,pass,0.101
18389,ok,10.0,False,10.0,6.0,1214,False,0.0,False,G9,45,91.0,10.0,0.072,pass,0.101
18390,ok,10.0,False,10.0,4.0,747,False,0.0,False,,0,1.0,10.0,0.082,pass,0.114
18391,ok,10.0,False,10.0,4.0,1103,False,0.0,False,G8,44,107.0,10.0,0.139,pass,0.222
18392,ok,10.0,False,10.0,6.0,1206,False,0.0,False,,0,29.0,10.0,0.143,pass,0.101
18393,ok,10.0,False,10.0,5.0,1180,False,0.0,False,G1,95,197.0,10.0,0.428,pass,0.55
18394,ok,10.0,False,10.0,7.0,1121,False,0.0,False,G133,4,10.0,10.0,0.489,pass,0.631
18395,ok,10.0,False,10.0,6.0,1169,False,0.0,False,G136,5,8.0,10.0,0.126,pass,0.1
18396,ok,10.0,False,10.0,6.0,1205,False,0.0,False,G81,8,86.0,10.0,0.071,pass,0.101
18397,ok,10.0,False,10.0,7.0,1246,False,0.0,False,G92,6,19.0,10.0,0.743,pass,1.03
18399,ok,10.0,False,10.0,6.0,1207,False,0.0,False,G48,13,91.0,10.0,0.131,pass,0.1
18400,ok,10.0,False,10.0,5.0,1050,False,0.0,False,,0,6.0,10.0,0.272,pass,0.306
18401,ok,10.0,False,10.0,6.0,1207,False,0.0,False,G48,13,91.0,10.0,0.137,pass,0.101
18402,ok,10.0,False,10.0,6.0,1230,False,0.0,False,G225,0,4.0,10.0,0.436,pass,0.573
18403,ok,10.0,False,10.0,6.0,1151,False,0.0,False,G41,13,111.0,10.0,0.358,pass,0.428
18405,ok,10.0,False,10.0,6.0,1203,False,0.0,False,G98,7,91.0,10.0,0.153,pass,0.101
18406,ok,10.0,False,10.0,5.0,994,False,0.0,False,G129,5,7.0,10.0,0.07,pass,0.098
18407,ok,10.0,False,10.0,6.0,1153,False,0.0,False,G159,3,26.0,10.0,0.298,pass,0.414
18409,ok,10.0,False,10.0,5.0,974,False,0.0,False,G353,1,1.0,10.0,0.367,pass,0.406
18411,ok,10.0,False,10.0,6.0,1156,False,0.0,False,G120,6,26.0,10.0,0.365,pass,0.412
18412,ok,10.0,False,10.0,4.0,318,False,0.0,False,G90,2,15.0,10.0,0.551,pass,0.613
18414,ok,10.0,False,10.0,5.0,1180,False,0.0,False,G1,95,197.0,10.0,0.495,pass,0.55
18415,ok,10.0,False,10.0,7.0,1247,False,0.0,False,G5,45,84.0,10.0,0.498,pass,0.577
18418,ok,10.0,False,10.0,6.0,1214,False,0.0,False,G6,50,86.0,10.0,0.127,pass,0.101
18422,ok,10.0,False,10.0,4.0,493,False,0.0,False,,0,0.0,10.0,0.328,pass,0.405
18423,ok,10.0,False,10.0,4.0,1098,False,0.0,False,G333,1,2.0,10.0,0.14,pass,0.1
18427,ok,10.0,False,10.0,7.0,1238,False,0.0,False,G4,51,193.0,10.0,0.756,pass,1.036
18429,ok,10.0,False,10.0,6.0,1207,False,0.0,False,G362,1,32.0,10.0,0.127,pass,0.101
18432,ok,10.0,False,10.0,4.0,1092,False,0.0,False,G79,6,107.0,10.0,0.188,pass,0.184
18433,ok,100.0,False,100.0,7.0,11242,False,0.0,False,,0,6.0,100.0,0.809,pass,1.034
18438,ok,10.0,False,10.0,6.0,1161,False,0.0,False,G382,0,26.0,10.0,0.349,pass,0.414
18439,ok,10.0,False,10.0,5.0,1169,False,0.0,False,G49,12,197.0,10.0,0.491,pass,0.546
18440,ok,10.0,False,10.0,5.0,1177,False,0.0,False,G57,11,13.0,10.0,0.129,pass,0.102
18441,ok,10.0,False,10.0,4.0,1098,False,0.0,False,G37,0,63.0,10.0,0.135,pass,0.207
18442,ok,10.0,False,10.0,7.0,1246,False,0.0,False,G7,34,193.0,10.0,0.819,pass,1.033
18443,ok,10.0,False,10.0,5.0,1130,False,0.0,False,G249,2,63.0,10.0,0.111,pass,0.099
18448,ok,10.0,False,10.0,4.0,1093,False,0.0,False,G3,48,71.0,10.0,0.071,pass,0.102
18449,ok,10.0,False,10.0,5.0,1137,False,0.0,False,G228,2,2.0,10.0,0.072,pass,0.099
18450,ok,10.0,False,10.0,7.0,1087,False,0.0,False,G75,0,30.0,10.0,0.868,pass,1.352
18451,ok,10.0,False,10.0,7.0,1233,False,0.0,False,,0,0.0,10.0,0.533,pass,0.679
18453,ok,10.0,False,10.0,6.0,1540,False,0.0,False,,0,0.0,10.0,0.236,pass,0.25
18454,ok,10.0,False,10.0,7.0,1228,False,0.0,False,G27,0,193.0,10.0,0.812,pass,1.031
18456,ok,10.0,False,10.0,6.0,1204,False,0.0,False,G149,4,29.0,10.0,0.125,pass,0.101
18457,ok,10.0,False,10.0,7.0,1246,False,0.0,False,,0,1.0,10.0,0.072,pass,0.102
18458,ok,10.0,False,10.0,6.0,1037,False,0.0,False,,0,0.0,10.0,0.429,pass,0.558
18459,ok,10.0,False,10.0,5.0,1180,False,0.0,False,G1,95,197.0,10.0,0.427,pass,0.546
18460,ok,10.0,False,10.0,7.0,1246,False,0.0,False,G7,34,193.0,10.0,0.795,pass,1.029
18463,ok,10.0,False,10.0,6.0,1210,False,0.0,False,G15,4,53.0,10.0,0.782,pass,1.008
18464,ok,10.0,False,10.0,7.0,1237,False,0.0,False,,0,27.0,10.0,0.491,pass,0.575
18468,ok,10.0,False,10.0,3.0,1065,False,0.0,False,G16,0,30.0,10.0,0.126,pass,0.098
18469,ok,10.0,False,10.0,5.0,1176,False,0.0,False,G135,5,197.0,10.0,0.43,pass,0.551
18470,ok,10.0,False,10.0,4.0,318,False,0.0,False,G90,2,15.0,10.0,0.519,pass,0.606
18471,ok,10.0,False,10.0,5.0,941,False,0.0,False,,0,0.0,10.0,0.583,pass,0.696
18477,ok,10.0,False,10.0,4.0,936,False,0.0,False,G252,0,4.0,10.0,0.133,pass,0.097
18478,ok,10.0,False,10.0,6.0,1169,False,0.0,False,G85,8,16.0,10.0,0.072,pass,0.101
18479,ok,10.0,False,10.0,6.0,1274,False,0.0,False,,0,0.0,10.0,0.069,pass,0.099
18480,ok,10.0,False,10.0,7.0,1247,False,0.0,False,G13,34,49.0,10.0,0.443,pass,0.578
18481,ok,10.0,False,10.0,5.0,1021,False,0.0,False,G28,18,21.0,10.0,0.126,pass,0.097
18483,ok,10.0,False,10.0,4.0,1007,False,0.0,False,,0,0.0,10.0,0.063,pass,0.088
18484,ok,10.0,False,10.0,5.0,1137,False,0.0,False,G20,25,58.0,10.0,0.072,pass,0.1
18485,ok,10.0,False,10.0,5.0,1132,False,0.0,False,G60,10,63.0,10.0,0.071,pass,0.1
18487,ok,10.0,False,10.0,4.0,1104,False,0.0,False,G62,8,10.0,10.0,0.072,pass,0.099
18488,ok,10.0,False,10.0,4.0,1104,False,0.0,False,G62,8,10.0,10.0,0.07,pass,0.1
18489,ok,10.0,False,10.0,5.0,1142,False,0.0,False,G139,3,5.0,10.0,0.138,pass,0.223
18490,ok,10.0,False,10.0,5.0,1016,False,0.0,False,G250,2,18.0,10.0,0.134,pass,0.097
18491,ok,10.0,False,10.0,4.0,936,False,0.0,False,G144,4,7.0,10.0,0.07,pass,0.097
18493,ok,10.0,False,10.0,8.0,1266,False,0.0,False,,0,0.0,10.0,0.76,pass,1.05
18494,ok,10.0,False,10.0,5.0,1177,False,0.0,False,,0,3.0,10.0,0.127,pass,0.1
18497,ok,10.0,False,10.0,4.0,1091,False,0.0,False,G430,1,63.0,10.0,0.133,pass,0.207
18499,ok,10.0,False,10.0,7.0,1239,False,0.0,False,G154,3,4.0,10.0,0.318,pass,0.352
18500,ok,10.0,False,10.0,6.0,1214,False,0.0,False,G6,50,86.0,10.0,0.151,pass,0.1
18502,capped,1000.0,True,1000.0,7.0,112677,False,0.0,False,G145,4,16.0,,0.781,pass,1.117
18504,ok,10.0,False,10.0,3.0,327,False,0.0,False,,0,0.0,10.0,0.121,pass,0.087
18507,ok,10.0,False,10.0,6.0,1214,False,0.0,False,G9,0,91.0,10.0,0.072,pass,0.101
18509,ok,10.0,False,10.0,7.0,1237,False,0.0,False,G89,0,49.0,10.0,0.428,pass,0.577
18510,ok,10.0,False,10.0,5.0,969,False,0.0,False,G29,0,44.0,10.0,0.182,pass,0.225
18513,ok,10.0,False,10.0,7.0,1247,False,0.0,False,G58,10,27.0,10.0,0.513,pass,0.586
18514,ok,10.0,False,10.0,5.0,1127,False,0.0,False,G69,1,57.0,10.0,0.189,pass,0.184
18515,ok,10.0,False,10.0,5.0,1126,False,0.0,False,G11,26,57.0,10.0,0.2,pass,0.184
18517,ok,10.0,False,10.0,4.0,746,False,0.0,False,,0,0.0,10.0,0.133,pass,0.097
18519,ok,10.0,False,10.0,4.0,1103,False,0.0,False,G8,44,107.0,10.0,0.135,pass,0.213
18521,ok,10.0,False,10.0,6.0,1010,False,0.0,False,G84,7,14.0,10.0,1.15,pass,2.091
18524,ok,10.0,False,10.0,4.0,1011,False,0.0,False,,0,3.0,10.0,0.145,pass,0.123
18525,ok,10.0,False,10.0,5.0,1126,False,0.0,False,G59,11,58.0,10.0,0.075,pass,0.1
18527,ok,10.0,False,10.0,4.0,1093,False,0.0,False,G67,10,13.0,10.0,0.07,pass,0.1
18529,ok,10.0,False,10.0,5.0,969,False,0.0,False,G29,14,44.0,10.0,0.13,pass,0.197
18530,ok,10.0,False,10.0,5.0,1175,False,0.0,False,G66,10,33.0,10.0,0.148,pass,0.099
18531,ok,10.0,False,10.0,4.0,1109,False,0.0,False,,0,2.0,10.0,0.071,pass,0.101
18532,ok,10.0,False,10.0,4.0,1093,False,0.0,False,G101,6,107.0,10.0,0.135,pass,0.212
18535,ok,10.0,False,10.0,5.0,1180,False,0.0,False,G1,95,197.0,10.0,0.496,pass,0.553
18536,ok,10.0,False,10.0,5.0,1138,False,0.0,False,G441,1,1.0,10.0,0.073,pass,0.099
18539,ok,10.0,False,10.0,5.0,1186,False,0.0,False,G433,1,2.0,10.0,0.071,pass,0.099
18541,ok,10.0,False,10.0,6.0,1054,False,0.0,False,G442,1,1.0,10.0,0.133,pass,0.177
18542,ok,10.0,False,10.0,5.0,1180,False,0.0,False,G1,95,197.0,10.0,0.503,pass,0.548
18543,ok,10.0,False,10.0,5.0,1049,False,0.0,False,,0,6.0,10.0,0.272,pass,0.306
18545,ok,10.0,False,10.0,5.0,1180,False,0.0,False,G1,95,197.0,10.0,0.503,pass,0.549
18548,ok,10.0,False,10.0,4.0,1093,False,0.0,False,G67,10,13.0,10.0,0.123,pass,0.099
18550,ok,10.0,False,10.0,5.0,1137,False,0.0,False,G38,16,30.0,10.0,0.072,pass,0.099
18551,ok,10.0,False,10.0,6.0,1010,False,0.0,False,G84,7,14.0,10.0,1.085,pass,2.003
18554,ok,10.0,False,10.0,8.0,1265,False,0.0,False,G423,1,1.0,10.0,0.509,pass,0.57
18555,ok,10.0,False,10.0,5.0,1127,False,0.0,False,G69,6,57.0,10.0,0.242,pass,0.228
18556,ok,10.0,False,10.0,4.0,1110,False,0.0,False,G47,2,63.0,10.0,0.224,pass,0.179
18558,ok,10.0,False,10.0,4.0,1098,False,0.0,False,G37,1,63.0,10.0,0.199,pass,0.201
18559,ok,10.0,False,10.0,7.0,1238,False,0.0,False,G218,2,4.0,10.0,0.807,pass,1.024
18561,ok,10.0,False,10.0,5.0,1121,False,0.0,False,,0,14.0,10.0,0.196,pass,0.225
18562,ok,10.0,False,10.0,4.0,1046,False,0.0,False,G211,2,2.0,10.0,0.07,pass,0.098
18563,ok,10.0,False,10.0,7.0,1238,False,0.0,False,G4,4,193.0,10.0,0.751,pass,1.041
18566,ok,10.0,False,10.0,7.0,1246,False,0.0,False,G7,34,193.0,10.0,0.79,pass,1.032
18568,ok,10.0,False,10.0,7.0,1247,False,0.0,False,G5,45,84.0,10.0,0.487,pass,0.578
18571,ok,10.0,False,10.0,5.0,1137,False,0.0,False,G20,25,58.0,10.0,0.129,pass,0.101
18572,ok,10.0,False,10.0,5.0,1895,False,0.0,False,G343,1,1.0,10.0,0.074,pass,0.103
18573,ok,10.0,False,10.0,5.0,987,False,0.0,False,,0,0.0,10.0,0.314,pass,0.45
18574,ok,10.0,False,10.0,5.0,1127,False,0.0,False,G443,1,63.0,10.0,0.14,pass,0.102
18575,ok,100.0,False,100.0,7.0,8132,False,0.0,False,,0,0.0,100.0,0.89,pass,1.424
18576,ok,10.0,False,10.0,5.0,1130,False,0.0,False,G373,1,15.0,10.0,0.131,pass,0.099
18580,ok,10.0,False,10.0,7.0,1246,False,0.0,False,G7,6,193.0,10.0,0.746,pass,1.041
18582,ok,10.0,False,10.0,5.0,1015,False,0.0,False,G134,5,18.0,10.0,0.124,pass,0.098
18583,ok,10.0,False,10.0,5.0,1137,False,0.0,False,G20,0,58.0,10.0,0.071,pass,0.099
18585,ok,10.0,False,10.0,6.0,1208,False,0.0,False,G35,19,26.0,10.0,0.431,pass,0.562
18586,ok,10.0,False,10.0,8.0,1279,False,0.0,False,,0,0.0,10.0,0.079,pass,0.101
18587,ok,10.0,False,10.0,5.0,1126,False,0.0,False,G59,11,58.0,10.0,0.071,pass,0.101
18590,ok,10.0,False,10.0,7.0,1227,False,0.0,False,,0,19.0,10.0,0.8,pass,1.036
18592,ok,10.0,False,10.0,5.0,969,False,0.0,False,G29,0,44.0,10.0,0.181,pass,0.245
18593,ok,10.0,False,10.0,6.0,1207,False,0.0,False,G48,13,91.0,10.0,0.148,pass,0.101
18594,ok,10.0,False,10.0,5.0,1177,False,0.0,False,G57,11,13.0,10.0,0.073,pass,0.1
18595,ok,10.0,False,10.0,6.0,1219,False,0.0,False,G39,16,21.0,10.0,0.435,pass,0.565
18596,ok,100.0,False,100.0,7.0,11261,False,0.0,False,G237,1,6.0,100.0,0.792,pass,1.034
18597,ok,10.0,False,10.0,6.0,1149,False,0.0,False,,0,26.0,10.0,0.349,pass,0.411
18601,ok,10.0,False,10.0,4.0,1093,False,0.0,False,G3,8,71.0,10.0,0.145,pass,0.098
18602,ok,10.0,False,10.0,7.0,1246,False,0.0,False,G56,11,14.0,10.0,0.073,pass,0.102
18603,ok,10.0,False,10.0,5.0,1080,False,0.0,False,,0,6.0,10.0,0.064,pass,0.09
18604,ok,10.0,False,10.0,7.0,1238,False,0.0,False,G203,1,2.0,10.0,0.741,pass,1.033
18609,ok,10.0,False,10.0,7.0,1114,False,0.0,False,G174,3,10.0,10.0,0.486,pass,0.571
18612,ok,10.0,False,10.0,4.0,672,False,0.0,False,,0,2.0,10.0,0.699,pass,0.854
18614,ok,10.0,False,10.0,4.0,1102,False,0.0,False,G124,2,11.0,10.0,0.204,pass,0.162
18618,ok,10.0,False,10.0,7.0,1238,False,0.0,False,G4,51,193.0,10.0,0.816,pass,1.083
18619,ok,10.0,False,10.0,6.0,1170,False,0.0,False,G46,11,18.0,10.0,0.194,pass,0.223
18620,ok,10.0,False,10.0,5.0,894,False,0.0,False,G444,1,3.0,10.0,0.499,pass,0.549
18625,ok,10.0,False,10.0,5.0,1137,False,0.0,False,G10,39,63.0,10.0,0.129,pass,0.099
18626,ok,10.0,False,10.0,6.0,1161,False,0.0,False,G12,0,111.0,10.0,0.329,pass,0.464
18627,ok,10.0,False,10.0,5.0,969,False,0.0,False,G29,14,44.0,10.0,0.199,pass,0.197
18628,ok,10.0,False,10.0,5.0,1170,False,0.0,False,G388,0,1.0,10.0,0.134,pass,0.099
18629,ok,10.0,False,10.0,5.0,969,False,0.0,False,G29,14,44.0,10.0,0.129,pass,0.205
18630,ok,10.0,False,10.0,7.0,1246,False,0.0,False,G7,0,193.0,10.0,0.82,pass,1.032
18632,ok,10.0,False,10.0,3.0,281,False,0.0,False,,0,2.0,10.0,0.345,pass,0.383
18634,ok,10.0,False,10.0,6.0,1204,False,0.0,False,G149,4,29.0,10.0,0.134,pass,0.102
18635,ok,10.0,False,10.0,7.0,1247,False,0.0,False,G5,45,84.0,10.0,0.44,pass,0.581
18636,ok,10.0,False,10.0,5.0,1132,False,0.0,False,G18,24,38.0,10.0,0.148,pass,0.1
18637,ok,10.0,False,10.0,5.0,1166,False,0.0,False,G61,10,33.0,10.0,0.071,pass,0.102
18638,ok,10.0,False,10.0,5.0,1118,False,0.0,False,,0,0.0,10.0,0.316,pass,0.442
18640,ok,10.0,False,10.0,5.0,1140,False,0.0,False,,0,1.0,10.0,0.365,pass,0.411
18642,ok,10.0,False,10.0,5.0,1127,False,0.0,False,G93,5,58.0,10.0,0.072,pass,0.1
18643,ok,10.0,False,10.0,8.0,1156,False,0.0,False,G437,1,1.0,10.0,0.07,pass,0.099
18644,ok,10.0,False,10.0,3.0,290,False,0.0,False,,0,2.0,10.0,0.111,pass,0.156
18645,ok,10.0,False,10.0,3.0,279,False,0.0,False,G147,0,4.0,10.0,0.449,pass,0.567
18646,ok,10.0,False,10.0,6.0,1088,False,0.0,False,G185,3,9.0,10.0,0.124,pass,0.099
18647,ok,10.0,False,10.0,7.0,1235,False,0.0,False,G142,3,193.0,10.0,0.746,pass,1.027
18648,ok,10.0,False,10.0,5.0,1137,False,0.0,False,G10,39,63.0,10.0,0.127,pass,0.1
18650,ok,10.0,False,10.0,7.0,1247,False,0.0,False,G106,6,9.0,10.0,0.43,pass,0.579
18654,ok,10.0,False,10.0,7.0,1239,False,0.0,False,,0,193.0,10.0,0.751,pass,0.979
18655,ok,10.0,False,10.0,4.0,1103,False,0.0,False,G8,44,107.0,10.0,0.221,pass,0.184
18656,ok,10.0,False,10.0,5.0,1021,False,0.0,False,G28,18,21.0,10.0,0.136,pass,0.097
18657,ok,10.0,False,10.0,6.0,1212,False,0.0,False,G77,6,10.0,10.0,0.728,pass,1.01
18658,ok,10.0,False,10.0,5.0,1123,False,0.0,False,,0,0.0,10.0,0.308,pass,0.405
18659,ok,10.0,False,10.0,5.0,1025,False,0.0,False,,0,0.0,10.0,0.194,pass,0.173
18660,ok,10.0,False,10.0,5.0,1132,False,0.0,False,G2,63,73.0,10.0,0.158,pass,0.1
18661,ok,10.0,False,10.0,4.0,936,False,0.0,False,G14,23,43.0,10.0,0.07,pass,0.098
18662,ok,10.0,False,10.0,4.0,936,False,0.0,False,G208,2,2.0,10.0,0.07,pass,0.097
18663,ok,10.0,False,10.0,5.0,1170,False,0.0,False,G21,22,197.0,10.0,0.43,pass,0.595
18664,ok,10.0,False,10.0,4.0,936,False,0.0,False,G252,0,4.0,10.0,0.123,pass,0.097
18665,ok,10.0,False,10.0,4.0,1095,False,0.0,False,G24,8,63.0,10.0,0.135,pass,0.208
18666,ok,10.0,False,10.0,5.0,1128,False,0.0,False,G235,2,42.0,10.0,0.386,pass,0.427
18668,ok,10.0,False,10.0,4.0,831,False,0.0,False,,0,1.0,10.0,0.238,pass,0.221
18670,ok,10.0,False,10.0,6.0,1059,False,0.0,False,,0,0.0,10.0,0.885,pass,1.302
18675,ok,10.0,False,10.0,4.0,1110,False,0.0,False,G47,3,63.0,10.0,0.208,pass,0.208
18676,ok,10.0,False,10.0,6.0,1160,False,0.0,False,G422,0,2.0,10.0,0.849,pass,1.043
18677,ok,10.0,False,10.0,5.0,1195,False,0.0,False,,0,0.0,10.0,0.483,pass,0.574
18678,ok,10.0,False,10.0,6.0,1214,False,0.0,False,G445,1,4.0,10.0,0.117,pass,0.1
18679,ok,10.0,False,10.0,6.0,1203,False,0.0,False,G98,7,91.0,10.0,0.073,pass,0.101
18680,ok,10.0,False,10.0,5.0,1173,False,0.0,False,G30,21,197.0,10.0,0.422,pass,0.552
18681,ok,10.0,False,10.0,7.0,1123,False,0.0,False,,0,0.0,10.0,0.125,pass,0.098
18682,ok,10.0,False,10.0,7.0,1228,False,0.0,False,,0,19.0,10.0,0.743,pass,1.035
18684,capped,1000.0,True,1000.0,6.0,110679,False,0.0,False,G173,2,3.0,,0.786,pass,1.041
18685,ok,10.0,False,10.0,4.0,936,False,0.0,False,G208,2,2.0,10.0,0.125,pass,0.097
18686,ok,10.0,False,10.0,5.0,970,False,0.0,False,G83,1,44.0,10.0,0.13,pass,0.193
18687,ok,10.0,False,10.0,7.0,1247,False,0.0,False,G5,45,84.0,10.0,0.529,pass,0.568
18690,ok,10.0,False,10.0,4.0,1110,False,0.0,False,G165,1,3.0,10.0,0.124,pass,0.098
18692,ok,10.0,False,10.0,7.0,1237,False,0.0,False,G71,9,84.0,10.0,0.45,pass,0.581
18693,ok,10.0,False,10.0,5.0,1137,False,0.0,False,G10,39,63.0,10.0,0.128,pass,0.1
18695,ok,10.0,False,10.0,6.0,1077,False,0.0,False,,0,6.0,10.0,0.069,pass,0.097
18697,ok,10.0,False,10.0,5.0,978,False,0.0,False,,0,44.0,10.0,0.131,pass,0.194
18698,ok,10.0,False,10.0,5.0,1144,False,0.0,False,G446,1,38.0,10.0,0.149,pass,0.101
18699,ok,10.0,False,10.0,7.0,1238,False,0.0,False,G4,51,193.0,10.0,0.753,pass,1.035
18700,ok,10.0,False,10.0,5.0,1180,False,0.0,False,G1,95,197.0,10.0,0.488,pass,0.552
18701,ok,10.0,False,10.0,6.0,417,False,0.0,False,,0,0.0,10.0,0.503,pass,0.633
18702,ok,10.0,False,10.0,6.0,1214,False,0.0,False,G55,11,29.0,10.0,0.125,pass,0.1
18703,ok,10.0,False,10.0,5.0,1132,False,0.0,False,G60,10,63.0,10.0,0.071,pass,0.102
18704,ok,10.0,False,10.0,5.0,1132,False,0.0,False,G2,63,73.0,10.0,0.071,pass,0.101
18705,ok,10.0,False,10.0,7.0,1238,False,0.0,False,G4,51,193.0,10.0,0.741,pass,1.035
18706,ok,10.0,False,10.0,4.0,1041,False,0.0,False,G51,8,12.0,10.0,0.123,pass,0.099
18709,ok,10.0,False,10.0,4.0,936,False,0.0,False,G14,23,43.0,10.0,0.07,pass,0.096
18711,ok,10.0,False,10.0,7.0,1247,False,0.0,False,G5,45,84.0,10.0,0.436,pass,0.576
18712,ok,10.0,False,10.0,5.0,1173,False,0.0,False,G30,21,197.0,10.0,0.481,pass,0.559
18713,capped,1000.0,True,1000.0,7.0,112670,False,0.0,False,G428,1,16.0,,0.811,pass,1.069
18714,ok,10.0,False,10.0,5.0,976,False,0.0,False,,0,0.0,10.0,1.142,pass,2.027
18715,ok,10.0,False,10.0,5.0,1130,False,0.0,False,,0,10.0,10.0,0.21,pass,0.183
18718,ok,10.0,False,10.0,6.0,1170,False,0.0,False,,0,7.0,10.0,0.211,pass,0.185
18720,ok,10.0,False,10.0,5.0,1021,False,0.0,False,G28,18,21.0,10.0,0.141,pass,0.096
18721,ok,10.0,False,10.0,6.0,1208,False,0.0,False,G40,13,25.0,10.0,0.43,pass,0.56
18725,ok,10.0,False,10.0,5.0,1132,False,0.0,False,G2,63,73.0,10.0,0.125,pass,0.099
18726,ok,10.0,False,10.0,6.0,1156,False,0.0,False,G120,6,26.0,10.0,0.297,pass,0.411
18729,ok,10.0,False,10.0,9.0,18711,True,0.0,False,,0,0.0,10.0,0.955,pass,1.288
18730,ok,10.0,False,10.0,4.0,1137,False,0.0,False,,0,30.0,10.0,0.151,pass,0.099
18732,ok,10.0,False,10.0,7.0,1039,False,0.0,False,,0,0.0,,1.085,pass,2.014
18734,ok,10.0,False,10.0,5.0,1137,False,0.0,False,G114,6,10.0,10.0,0.2,pass,0.211
18735,ok,10.0,False,10.0,7.0,1084,False,0.0,False,,0,30.0,10.0,0.936,pass,1.355
18736,ok,10.0,False,10.0,6.0,1208,False,0.0,False,G31,19,38.0,10.0,0.508,pass,0.585
18737,ok,10.0,False,10.0,4.0,1093,False,0.0,False,G447,1,3.0,10.0,0.072,pass,0.099
18738,ok,10.0,False,10.0,5.0,1135,False,0.0,False,G116,5,13.0,10.0,0.304,pass,0.426
18739,ok,10.0,False,10.0,5.0,346,False,0.0,False,,0,2.0,10.0,0.488,pass,0.626
18740,ok,10.0,False,10.0,5.0,1131,False,0.0,False,G64,6,17.0,10.0,0.196,pass,0.217
18741,ok,10.0,False,10.0,7.0,1121,False,0.0,False,G133,4,10.0,10.0,0.514,pass,0.585
18744,ok,10.0,False,10.0,7.0,1087,False,0.0,False,G75,4,30.0,10.0,0.918,pass,1.407
18745,ok,10.0,False,10.0,6.0,1151,False,0.0,False,G41,13,111.0,10.0,0.366,pass,0.431
18746,ok,10.0,False,10.0,4.0,321,False,0.0,False,,0,0.0,10.0,0.678,pass,0.891
18748,ok,10.0,False,10.0,4.0,936,False,0.0,False,G14,23,43.0,10.0,0.123,pass,0.097
18749,ok,10.0,False,10.0,5.0,1126,False,0.0,False,G11,26,57.0,10.0,0.135,pass,0.215
18750,ok,10.0,False,10.0,4.0,318,False,0.0,False,G90,0,15.0,10.0,0.368,pass,0.414
18751,ok,10.0,False,10.0,5.0,1131,False,0.0,False,G64,1,17.0,,0.141,pass,0.217
18753,ok,10.0,False,10.0,6.0,1204,False,0.0,False,G149,4,29.0,10.0,0.146,pass,0.102
18754,ok,10.0,False,10.0,5.0,1015,False,0.0,False,,0,0.0,10.0,0.07,pass,0.096
18755,ok,10.0,False,10.0,5.0,1127,False,0.0,False,G69,6,57.0,10.0,0.136,pass,0.224
18756,ok,10.0,False,10.0,5.0,1086,False,0.0,False,,0,5.0,10.0,0.198,pass,0.21
18757,ok,10.0,False,10.0,7.0,1237,False,0.0,False,G91,7,27.0,10.0,0.506,pass,0.575
18758,ok,10.0,False,10.0,6.0,1036,False,0.0,False,G242,2,2.0,10.0,0.49,pass,0.578
18763,ok,10.0,False,10.0,7.0,1247,False,0.0,False,G13,34,49.0,10.0,0.498,pass,0.602
18764,ok,10.0,False,10.0,7.0,18408,True,0.0,False,,0,0.0,10.0,0.601,pass,0.916
18766,ok,10.0,False,10.0,6.0,1207,False,0.0,False,G350,1,29.0,10.0,0.149,pass,0.1
18767,ok,10.0,False,10.0,5.0,1126,False,0.0,False,G11,26,57.0,10.0,0.137,pass,0.215
18768,ok,10.0,False,10.0,6.0,1214,False,0.0,False,G55,11,29.0,10.0,0.136,pass,0.101
18770,ok,10.0,False,10.0,5.0,1138,False,0.0,False,,0,0.0,10.0,0.141,pass,0.101
18771,ok,10.0,False,10.0,6.0,1159,False,0.0,False,G212,1,111.0,10.0,0.302,pass,0.428
18772,ok,10.0,False,10.0,4.0,947,False,0.0,False,,0,0.0,10.0,0.13,pass,0.097
18773,ok,10.0,False,10.0,7.0,1246,False,0.0,False,G7,34,193.0,10.0,0.746,pass,1.03
18774,ok,10.0,False,10.0,7.0,1247,False,0.0,False,G106,6,9.0,10.0,0.435,pass,0.578
18775,ok,10.0,False,10.0,5.0,1173,False,0.0,False,G30,21,197.0,10.0,0.48,pass,0.571
18776,ok,10.0,False,10.0,5.0,1180,False,0.0,False,G82,7,16.0,10.0,0.43,pass,0.561
18777,ok,10.0,False,10.0,5.0,969,False,0.0,False,G29,14,44.0,10.0,0.15,pass,0.2
18779,ok,10.0,False,10.0,6.0,1214,False,0.0,False,G6,50,86.0,10.0,0.132,pass,0.1
18780,ok,10.0,False,10.0,7.0,1184,False,0.0,False,G253,2,2.0,10.0,0.301,pass,0.42
18782,ok,10.0,False,10.0,6.0,1010,False,0.0,False,G84,7,14.0,10.0,1.14,pass,2.004
18783,ok,10.0,False,10.0,5.0,974,False,0.0,False,G434,1,1.0,10.0,0.275,pass,0.269
18784,ok,10.0,False,10.0,5.0,1133,False,0.0,False,G17,17,42.0,10.0,0.379,pass,0.426
18785,ok,10.0,False,10.0,6.0,1170,False,0.0,False,G43,12,28.0,10.0,0.203,pass,0.223
18786,ok,10.0,False,10.0,6.0,1201,False,0.0,False,G178,3,26.0,10.0,0.523,pass,0.555
18787,ok,10.0,False,10.0,5.0,994,False,0.0,False,G186,3,4.0,10.0,0.124,pass,0.097
18788,ok,10.0,False,10.0,7.0,1238,False,0.0,False,G105,6,19.0,10.0,0.743,pass,1.033
18789,capped,1000.0,True,1000.0,5.0,103662,False,0.0,False,,0,1.0,,0.909,pass,1.445
18791,ok,10.0,False,10.0,5.0,1132,False,0.0,False,G18,3,38.0,10.0,0.125,pass,0.1
18792,ok,10.0,False,10.0,6.0,1204,False,0.0,False,G44,14,91.0,10.0,0.073,pass,0.1
18796,ok,10.0,False,10.0,6.0,1121,False,0.0,False,,0,11.0,10.0,0.682,pass,0.954
18797,ok,10.0,False,10.0,6.0,1210,False,0.0,False,G15,0,53.0,10.0,1.058,pass,1.442
18799,ok,10.0,False,10.0,5.0,985,False,0.0,False,G54,3,44.0,10.0,0.183,pass,0.194
18800,ok,10.0,False,10.0,6.0,1205,False,0.0,False,G81,8,86.0,10.0,0.131,pass,0.1
18803,ok,10.0,False,10.0,8.0,1279,False,0.0,False,G36,18,34.0,10.0,0.073,pass,0.102
18804,ok,10.0,False,10.0,5.0,1137,False,0.0,False,G20,25,58.0,10.0,0.07,pass,0.101
18805,ok,10.0,False,10.0,5.0,1026,False,0.0,False,G131,5,18.0,10.0,0.071,pass,0.098
18808,ok,10.0,False,10.0,7.0,1236,False,0.0,False,G102,6,84.0,10.0,0.435,pass,0.594
18809,ok,10.0,False,10.0,5.0,804,False,0.0,False,,0,0.0,10.0,0.799,pass,1.054
18810,ok,10.0,False,10.0,6.0,1161,False,0.0,False,G12,31,111.0,10.0,0.358,pass,0.429
18811,ok,10.0,False,10.0,6.0,1214,False,0.0,False,G6,50,86.0,10.0,0.136,pass,0.1
18815,ok,10.0,False,10.0,6.0,1210,False,0.0,False,G213,2,5.0,10.0,0.712,pass,1.014
18818,ok,10.0,False,10.0,5.0,1137,False,0.0,False,G20,25,58.0,10.0,0.124,pass,0.099
18819,ok,10.0,False,10.0,5.0,1132,False,0.0,False,G2,63,73.0,10.0,0.074,pass,0.102
18821,ok,10.0,False,10.0,5.0,1026,False,0.0,False,G137,4,6.0,10.0,0.134,pass,0.097
18822,ok,10.0,False,10.0,4.0,1093,False,0.0,False,G101,6,107.0,10.0,0.135,pass,0.191
18823,ok,10.0,False,10.0,5.0,1127,False,0.0,False,G443,1,63.0,10.0,0.077,pass,0.101
18825,ok,10.0,False,10.0,5.0,1181,False,0.0,False,,0,8.0,10.0,0.071,pass,0.1
18827,ok,10.0,False,10.0,5.0,1180,False,0.0,False,G1,95,197.0,10.0,0.426,pass,0.552
18828,ok,10.0,False,10.0,9.0,1303,False,0.0,False,G399,1,1.0,10.0,0.126,pass,0.103
18830,ok,10.0,False,10.0,5.0,1170,False,0.0,False,G21,22,197.0,10.0,0.423,pass,0.558
18834,ok,10.0,False,10.0,6.0,1204,False,0.0,False,,0,26.0,10.0,0.481,pass,0.561
18835,ok,10.0,False,10.0,6.0,1204,False,0.0,False,G151,4,32.0,10.0,0.129,pass,0.1
18837,ok,10.0,False,10.0,5.0,1132,False,0.0,False,G2,63,73.0,10.0,0.071,pass,0.102
18838,ok,10.0,False,10.0,5.0,1126,False,0.0,False,G11,2,57.0,10.0,0.137,pass,0.213
18842,ok,10.0,False,10.0,7.0,1646,False,0.0,False,G327,1,1.0,10.0,0.134,pass,0.103
18843,ok,10.0,False,10.0,4.0,1103,False,0.0,False,G8,44,107.0,10.0,0.144,pass,0.213
18844,ok,10.0,False,10.0,7.0,1246,False,0.0,False,G50,12,25.0,10.0,0.137,pass,0.102
18845,ok,10.0,False,10.0,4.0,1096,False,0.0,False,G42,0,107.0,10.0,0.134,pass,0.212
18847,ok,10.0,False,10.0,6.0,1374,False,0.0,False,,0,0.0,10.0,0.14,pass,0.1
18848,ok,10.0,False,10.0,4.0,1175,False,0.0,False,,0,0.0,10.0,0.068,pass,0.095
18852,ok,10.0,False,10.0,7.0,1227,False,0.0,False,G45,10,193.0,10.0,0.731,pass,1.032
18853,ok,10.0,False,10.0,6.0,1204,False,0.0,False,G44,14,91.0,10.0,0.125,pass,0.101
18854,ok,10.0,False,10.0,6.0,1168,False,0.0,False,G169,0,26.0,10.0,0.292,pass,0.417
18859,ok,10.0,False,10.0,6.0,1206,False,0.0,False,G424,1,53.0,10.0,0.71,pass,1.046
18861,ok,10.0,False,10.0,8.0,1279,False,0.0,False,G36,18,34.0,10.0,0.127,pass,0.105
18862,ok,0.0,False,0.0,6.0,58,False,0.0,False,G448,0,,10.0,0.044,pass,0.061
18863,ok,10.0,False,10.0,5.0,1169,False,0.0,False,G49,12,197.0,10.0,0.434,pass,0.549
18864,ok,10.0,False,10.0,7.0,1238,False,0.0,False,G4,51,193.0,10.0,0.778,pass,1.03
18865,ok,10.0,False,10.0,6.0,1214,False,0.0,False,G6,2,86.0,10.0,0.126,pass,0.101
18868,ok,10.0,False,10.0,8.0,1184,False,0.0,False,,0,3.0,10.0,0.941,pass,1.48
18870,ok,0.0,False,0.0,6.0,58,False,0.0,False,G448,0,,10.0,0.11,pass,0.061
18871,ok,10.0,False,10.0,6.0,1156,False,0.0,False,G120,6,26.0,10.0,0.297,pass,0.413
18872,ok,10.0,False,10.0,2.0,214,False,0.0,False,G117,1,8.0,10.0,0.177,pass,0.156
18873,ok,100.0,False,100.0,5.0,10830,False,0.0,False,,0,1.0,100.0,0.447,pass,0.561
18878,ok,10.0,False,10.0,5.0,1026,False,0.0,False,G131,5,18.0,10.0,0.124,pass,0.097
18879,ok,10.0,False,10.0,7.0,18415,True,0.0,False,,0,2.0,10.0,0.087,pass,0.121
18880,ok,10.0,False,10.0,8.0,1279,False,0.0,False,G52,12,16.0,10.0,0.073,pass,0.103
18882,ok,10.0,False,10.0,7.0,1246,False,0.0,False,G50,12,25.0,10.0,0.072,pass,0.104
18884,ok,10.0,False,10.0,4.0,1046,False,0.0,False,,0,0.0,10.0,0.07,pass,0.099
18885,ok,10.0,False,10.0,4.0,930,False,0.0,False,,0,7.0,10.0,0.069,pass,0.098
18886,ok,10.0,False,10.0,5.0,1074,False,0.0,False,G413,0,5.0,10.0,0.135,pass,0.211
18889,ok,10.0,False,10.0,6.0,1170,False,0.0,False,G188,2,4.0,10.0,0.203,pass,0.225
18892,ok,10.0,False,10.0,6.0,1214,False,0.0,False,G9,45,91.0,10.0,0.137,pass,0.1
18894,ok,10.0,False,10.0,5.0,1137,False,0.0,False,G10,39,63.0,10.0,0.071,pass,0.101
18895,ok,10.0,False,10.0,5.0,1029,False,0.0,False,G100,0,12.0,10.0,0.651,pass,0.837
18896,ok,10.0,False,10.0,6.0,1225,False,0.0,False,,0,1.0,10.0,0.123,pass,0.101
18897,ok,10.0,False,10.0,4.0,1110,False,0.0,False,G47,2,63.0,10.0,0.136,pass,0.209
18898,ok,1.0,False,1.0,4.0,103,False,0.0,False,,0,0.0,,0.137,pass,0.089
18899,ok,10.0,False,10.0,6.0,1208,False,0.0,False,G31,19,38.0,10.0,0.436,pass,0.571
18902,ok,10.0,False,10.0,6.0,1170,False,0.0,False,G43,12,28.0,10.0,0.214,pass,0.226
18904,ok,10.0,False,10.0,7.0,1247,False,0.0,False,G106,6,9.0,10.0,0.522,pass,0.577
18905,ok,10.0,False,10.0,5.0,1180,False,0.0,False,G1,95,197.0,10.0,0.482,pass,0.572
18907,ok,10.0,False,10.0,6.0,1210,False,0.0,False,G15,22,53.0,10.0,0.789,pass,0.999
18909,ok,10.0,False,10.0,4.0,1094,False,0.0,False,G138,5,71.0,10.0,0.125,pass,0.099
18913,ok,10.0,False,10.0,7.0,1235,False,0.0,False,G157,4,25.0,10.0,0.073,pass,0.102
18914,ok,10.0,False,10.0,5.0,1018,False,0.0,False,,0,1.0,10.0,0.647,pass,0.885
18915,ok,10.0,False,10.0,6.0,1214,False,0.0,False,G26,22,32.0,10.0,0.125,pass,0.1
18917,ok,10.0,False,10.0,6.0,1201,False,0.0,False,G96,7,38.0,10.0,0.436,pass,0.557
18918,ok,10.0,False,10.0,4.0,937,False,0.0,False,,0,43.0,10.0,0.123,pass,0.097
18922,ok,10.0,False,10.0,6.0,1214,False,0.0,False,G9,45,91.0,10.0,0.155,pass,0.1
18926,ok,10.0,False,10.0,5.0,1018,False,0.0,False,,0,8.0,10.0,0.07,pass,0.097
18929,ok,10.0,False,10.0,6.0,1208,False,0.0,False,G31,1,38.0,10.0,0.472,pass,0.562
18932,ok,10.0,False,10.0,4.0,770,False,0.0,False,,0,0.0,10.0,0.8,pass,1.031
18933,ok,10.0,False,10.0,6.0,1013,False,0.0,False,,0,0.0,10.0,0.125,pass,0.099
18934,ok,10.0,False,10.0,7.0,1247,False,0.0,False,G5,45,84.0,10.0,0.44,pass,0.569
18935,ok,10.0,False,10.0,6.0,1010,False,0.0,False,G84,7,14.0,10.0,1.141,pass,2.005
18936,ok,10.0,False,10.0,7.0,1231,False,0.0,False,G63,7,193.0,10.0,0.803,pass,1.032
18937,ok,10.0,False,10.0,5.0,1131,False,0.0,False,G119,5,7.0,10.0,0.191,pass,0.219
18938,ok,10.0,False,10.0,8.0,1272,False,0.0,False,G166,3,34.0,10.0,0.143,pass,0.102
18939,ok,10.0,False,10.0,4.0,1103,False,0.0,False,G8,44,107.0,10.0,0.14,pass,0.213
18940,ok,10.0,False,10.0,4.0,1102,False,0.0,False,G124,2,11.0,10.0,0.198,pass,0.158
18943,ok,10.0,False,10.0,8.0,1296,False,0.0,False,G431,1,1.0,10.0,0.826,pass,1.065
18944,ok,10.0,False,10.0,3.0,1065,False,0.0,False,G16,1,30.0,10.0,0.124,pass,0.098
18946,ok,10.0,False,10.0,5.0,1173,False,0.0,False,G30,21,197.0,10.0,0.436,pass,0.553
18948,ok,10.0,False,10.0,5.0,3398,False,0.0,False,G363,0,2.0,10.0,0.141,pass,0.125
18951,ok,10.0,False,10.0,6.0,1203,False,0.0,False,G449,1,91.0,10.0,0.072,pass,0.1
18952,ok,10.0,False,10.0,4.0,1041,False,0.0,False,G51,8,12.0,10.0,0.071,pass,0.098
18953,ok,10.0,False,10.0,7.0,1246,False,0.0,False,G56,11,14.0,10.0,0.072,pass,0.102
18956,ok,10.0,False,10.0,7.0,1238,False,0.0,False,G105,6,19.0,10.0,0.75,pass,1.039
18957,ok,10.0,False,10.0,5.0,982,False,0.0,False,G132,3,6.0,10.0,1.146,pass,2.028
18958,ok,10.0,False,10.0,6.0,1159,False,0.0,False,G184,3,16.0,10.0,0.145,pass,0.1
18959,ok,10.0,False,10.0,4.0,316,False,0.0,False,,0,15.0,10.0,0.478,pass,0.628
18960,ok,10.0,False,10.0,7.0,1242,False,0.0,False,G345,1,14.0,10.0,0.127,pass,0.103
18962,ok,10.0,False,10.0,4.0,945,False,0.0,False,G240,2,5.0,10.0,0.475,pass,0.673
18965,ok,10.0,False,10.0,7.0,1247,False,0.0,False,G58,10,27.0,10.0,0.432,pass,0.584
18969,ok,10.0,False,10.0,4.0,1093,False,0.0,False,G53,11,14.0,10.0,0.126,pass,0.099
18971,ok,10.0,False,10.0,4.0,1138,False,0.0,False,G73,8,16.0,10.0,0.071,pass,0.101
18972,capped,1000.0,True,1000.0,7.0,112685,False,0.0,False,G118,5,16.0,,0.749,pass,1.069
18973,ok,10.0,False,10.0,6.0,1212,False,0.0,False,G450,0,1.0,10.0,0.734,pass,0.851
18974,ok,10.0,False,10.0,5.0,1180,False,0.0,False,G1,95,197.0,10.0,0.481,pass,0.557
18976,ok,10.0,False,10.0,5.0,1180,False,0.0,False,G1,95,197.0,10.0,0.488,pass,0.552
18978,capped,1000.0,True,1000.0,4.0,101171,False,0.0,False,,0,0.0,,0.212,pass,0.285
18979,ok,10.0,False,10.0,4.0,1094,False,0.0,False,G138,5,71.0,10.0,0.133,pass,0.099
18980,ok,10.0,False,10.0,5.0,1180,False,0.0,False,G1,95,197.0,10.0,0.436,pass,0.55
18981,ok,10.0,False,10.0,4.0,1093,False,0.0,False,G3,8,71.0,10.0,0.126,pass,0.099
18983,ok,10.0,False,10.0,7.0,1247,False,0.0,False,,0,0.0,10.0,0.072,pass,0.101
18984,ok,10.0,False,10.0,6.0,1054,False,0.0,False,G442,1,1.0,10.0,0.13,pass,0.202
18985,ok,10.0,False,10.0,6.0,1208,False,0.0,False,G35,19,26.0,10.0,0.508,pass,0.558
18989,ok,10.0,False,10.0,4.0,1098,False,0.0,False,G23,22,107.0,10.0,0.19,pass,0.217
18990,ok,10.0,False,10.0,5.0,1128,False,0.0,False,,0,1.0,10.0,0.36,pass,0.419
18995,ok,10.0,False,10.0,5.0,1126,False,0.0,False,G94,7,15.0,10.0,0.136,pass,0.099
18996,ok,10.0,False,10.0,6.0,1204,False,0.0,False,G70,8,86.0,10.0,0.071,pass,0.101
18997,ok,10.0,False,10.0,6.0,1199,False,0.0,False,G108,3,53.0,10.0,0.727,pass,1.003
18998,ok,10.0,False,10.0,4.0,1103,False,0.0,False,G8,44,107.0,10.0,0.191,pass,0.213
18999,ok,10.0,False,10.0,5.0,1137,False,0.0,False,G10,39,63.0,10.0,0.158,pass,0.1
19000,ok,10.0,False,10.0,8.0,1122,False,0.0,False,,0,0.0,,0.939,pass,1.414
19001,ok,10.0,False,10.0,4.0,1092,False,0.0,False,G79,6,107.0,10.0,0.206,pass,0.213
19002,ok,10.0,False,10.0,7.0,2017,False,0.0,False,G365,0,1.0,10.0,0.141,pass,0.104
19003,ok,10.0,False,10.0,6.0,1214,False,0.0,False,G6,50,86.0,10.0,0.072,pass,0.101
19006,ok,10.0,False,10.0,5.0,1125,False,0.0,False,G210,1,38.0,10.0,0.071,pass,0.1
19007,ok,10.0,False,10.0,7.0,1247,False,0.0,False,G58,10,27.0,10.0,0.432,pass,0.594
19009,ok,10.0,False,10.0,7.0,1238,False,0.0,False,G4,51,193.0,10.0,0.792,pass,1.032
19010,ok,10.0,False,10.0,7.0,1240,False,0.0,False,,0,0.0,10.0,0.858,pass,1.054
19011,ok,10.0,False,10.0,7.0,1238,False,0.0,False,G4,0,193.0,10.0,0.894,pass,1.149
19012,ok,0.0,False,0.0,4.0,48,False,0.0,False,,0,,10.0,0.099,pass,0.061
19013,ok,10.0,False,10.0,6.0,1160,False,0.0,False,,0,28.0,10.0,0.432,pass,0.581
19015,ok,0.0,False,0.0,6.0,69,False,0.0,False,,0,,10.0,0.098,pass,0.062
19021,ok,10.0,False,10.0,5.0,1180,False,0.0,False,G1,95,197.0,10.0,0.427,pass,0.548
19024,ok,10.0,False,10.0,8.0,1277,False,0.0,False,G425,0,2.0,10.0,0.818,pass,1.094
19025,ok,10.0,False,10.0,4.0,318,False,0.0,False,,0,0.0,10.0,0.535,pass,0.628
19026,ok,10.0,False,10.0,6.0,1203,False,0.0,False,G155,4,53.0,10.0,0.769,pass,1.009
19027,ok,10.0,False,10.0,3.0,279,False,0.0,False,G147,1,4.0,10.0,0.501,pass,0.56
19028,ok,10.0,False,10.0,4.0,334,False,0.0,False,,0,0.0,10.0,0.83,pass,1.072
19030,ok,10.0,False,10.0,5.0,1126,False,0.0,False,G11,2,57.0,10.0,0.188,pass,0.215
19031,ok,10.0,False,10.0,5.0,1021,False,0.0,False,G28,18,21.0,10.0,0.142,pass,0.097
19032,ok,10.0,False,10.0,4.0,1147,False,0.0,False,G205,2,30.0,10.0,0.071,pass,0.099
19034,ok,10.0,False,10.0,5.0,1942,False,0.0,False,G201,0,2.0,10.0,0.073,pass,0.102
19035,ok,10.0,False,10.0,5.0,1020,False,0.0,False,G371,1,12.0,10.0,0.647,pass,0.835
19037,ok,10.0,False,10.0,5.0,1131,False,0.0,False,,0,15.0,10.0,0.13,pass,0.1
19038,ok,10.0,False,10.0,6.0,1150,False,0.0,False,,0,3.0,10.0,0.311,pass,0.428
19042,ok,10.0,False,10.0,3.0,1065,False,0.0,False,G16,3,30.0,10.0,0.071,pass,0.099
19043,ok,10.0,False,10.0,7.0,1229,False,0.0,False,,0,193.0,10.0,0.734,pass,1.078
19044,ok,10.0,False,10.0,5.0,1120,False,0.0,False,G319,0,17.0,10.0,0.476,pass,0.564
19045,ok,10.0,False,13.0,6.0,28201,True,1.0,False,,0,0.0,10.0,0.18,pass,0.216
19047,ok,10.0,False,10.0,7.0,1238,False,0.0,False,G4,51,193.0,10.0,0.736,pass,1.032
19048,capped,1000.0,True,1000.0,7.0,112685,False,0.0,False,G118,5,16.0,,0.805,pass,1.07
19049,ok,10.0,False,10.0,7.0,1247,False,0.0,False,,0,0.0,10.0,0.485,pass,0.581
19053,ok,10.0,False,10.0,6.0,1161,False,0.0,False,,0,3.0,10.0,0.314,pass,0.43
19054,ok,10.0,False,10.0,5.0,1175,False,0.0,False,G99,7,16.0,10.0,0.15,pass,0.1
19058,ok,10.0,False,10.0,6.0,1214,False,0.0,False,G26,22,32.0,10.0,0.072,pass,0.099
19059,ok,10.0,False,10.0,5.0,1137,False,0.0,False,G38,16,30.0,10.0,0.07,pass,0.099
19061,ok,10.0,False,10.0,5.0,1126,False,0.0,False,G11,26,57.0,10.0,0.142,pass,0.216
19062,ok,10.0,False,10.0,6.0,1088,False,0.0,False,G140,4,6.0,10.0,0.136,pass,0.097
19065,capped,1000.0,True,1000.0,7.0,107377,False,0.0,False,,0,0.0,,0.177,pass,0.255
19066,ok,10.0,False,10.0,4.0,1119,False,0.0,False,,0,2.0,10.0,0.448,pass,0.586
19068,ok,10.0,False,10.0,8.0,1279,False,0.0,False,G52,12,16.0,10.0,0.128,pass,0.101
19071,ok,10.0,False,10.0,4.0,1096,False,0.0,False,G42,0,107.0,,0.137,pass,0.213
19072,capped,1000.0,True,1000.0,4.0,101599,False,0.0,False,G420,1,4.0,,0.255,pass,0.332
19073,ok,10.0,False,10.0,5.0,1178,False,0.0,False,,0,197.0,10.0,0.493,pass,0.551
19075,ok,10.0,False,10.0,5.0,894,False,0.0,False,G444,1,3.0,10.0,0.495,pass,0.553
19077,ok,10.0,False,10.0,8.0,1279,False,0.0,False,,0,1.0,10.0,0.126,pass,0.103
19078,ok,10.0,False,10.0,5.0,1175,False,0.0,False,G177,3,4.0,10.0,0.072,pass,0.1
19079,ok,10.0,False,10.0,7.0,1087,False,0.0,False,G75,4,30.0,10.0,0.877,pass,1.364
19080,ok,10.0,False,10.0,4.0,1093,False,0.0,False,G3,48,71.0,10.0,0.072,pass,0.1
19081,capped,1000.0,True,1000.0,4.0,34764,False,0.0,False,,0,0.0,,0.133,pass,0.247
19082,ok,10.0,False,10.0,8.0,1279,False,0.0,False,G52,12,16.0,10.0,0.142,pass,0.102
19084,ok,10.0,False,10.0,5.0,1132,False,0.0,False,G2,0,73.0,10.0,0.071,pass,0.099
19085,ok,10.0,False,10.0,6.0,1218,False,0.0,False,,0,53.0,10.0,0.715,pass,1.045
19087,ok,10.0,False,10.0,6.0,1161,False,0.0,False,G12,0,111.0,10.0,0.791,pass,1.027
19088,ok,10.0,False,10.0,6.0,1214,False,0.0,False,G26,22,32.0,10.0,0.127,pass,0.1
19091,ok,10.0,False,10.0,7.0,18421,True,0.0,False,,0,2.0,10.0,0.141,pass,0.121
19093,ok,10.0,False,10.0,6.0,1214,False,0.0,False,G6,50,86.0,10.0,0.072,pass,0.1
19094,ok,10.0,False,10.0,7.0,1246,False,0.0,False,G56,11,14.0,10.0,0.072,pass,0.1
19095,ok,10.0,False,10.0,5.0,1171,False,0.0,False,G25,22,197.0,10.0,0.421,pass,0.555
19096,ok,10.0,False,10.0,3.0,1065,False,0.0,False,G16,15,30.0,10.0,0.134,pass,0.098
19097,ok,10.0,False,10.0,5.0,974,False,0.0,False,G451,1,5.0,10.0,0.289,pass,0.449
19098,ok,10.0,False,10.0,5.0,1132,False,0.0,False,G2,63,73.0,10.0,0.143,pass,0.1
19100,ok,10.0,False,10.0,9.0,2082,False,0.0,False,,0,0.0,10.0,0.142,pass,0.105
19101,ok,10.0,False,10.0,5.0,1132,False,0.0,False,G2,63,73.0,10.0,0.07,pass,0.1
19102,ok,10.0,False,10.0,7.0,1237,False,0.0,False,G71,9,84.0,10.0,0.429,pass,0.585
19104,ok,10.0,False,10.0,5.0,1029,False,0.0,False,G100,6,12.0,10.0,0.683,pass,0.832
19105,ok,10.0,False,10.0,5.0,1137,False,0.0,False,G10,39,63.0,10.0,0.125,pass,0.101
19106,ok,10.0,False,10.0,6.0,1108,False,0.0,False,,0,0.0,10.0,0.563,pass,0.823
19109,ok,10.0,False,10.0,5.0,1109,False,0.0,False,,0,0.0,10.0,0.125,pass,0.098
19110,ok,10.0,False,10.0,3.0,1065,False,0.0,False,G16,15,30.0,10.0,0.071,pass,0.098
19111,ok,10.0,False,10.0,7.0,1236,False,0.0,False,G78,0,193.0,,0.742,pass,1.028
19112,ok,10.0,False,10.0,7.0,1228,False,0.0,False,G27,0,193.0,,0.794,pass,1.039
19113,ok,10.0,False,10.0,5.0,974,False,0.0,False,G451,1,5.0,10.0,0.362,pass,0.392
19114,ok,10.0,False,10.0,6.0,1018,False,0.0,False,G245,2,14.0,10.0,1.16,pass,2.002
19115,ok,10.0,False,10.0,4.0,937,False,0.0,False,G168,0,43.0,10.0,0.07,pass,0.099
19116,ok,844.0,False,844.0,4.0,17796,False,0.0,False,,0,0.0,,0.25,pass,0.367
19120,ok,10.0,False,10.0,5.0,1180,False,0.0,False,G1,95,197.0,10.0,0.488,pass,0.586
19121,ok,10.0,False,10.0,4.0,1102,False,0.0,False,G124,1,11.0,10.0,0.174,pass,0.196
19122,ok,10.0,False,10.0,7.0,1230,False,0.0,False,,0,0.0,10.0,0.318,pass,0.414
19124,capped,1000.0,True,1000.0,5.0,79321,False,0.0,False,,0,0.0,,0.797,pass,1.021
19125,ok,10.0,False,10.0,5.0,1083,False,0.0,False,,0,1.0,10.0,0.127,pass,0.099
19126,ok,10.0,False,10.0,5.0,1133,False,0.0,False,G204,2,73.0,10.0,0.071,pass,0.102
19128,ok,10.0,False,10.0,6.0,1164,False,0.0,False,,0,0.0,10.0,0.071,pass,0.101
19130,ok,10.0,False,10.0,6.0,1169,False,0.0,False,G19,22,111.0,10.0,0.377,pass,0.433
19132,ok,10.0,False,10.0,6.0,1208,False,0.0,False,G35,19,26.0,10.0,0.503,pass,0.559
19135,ok,100.0,False,100.0,6.0,7925,False,0.0,False,,0,0.0,100.0,0.906,pass,1.33
19136,ok,10.0,False,10.0,6.0,1010,False,0.0,False,G84,7,14.0,10.0,1.154,pass,2.01
19139,ok,10.0,False,10.0,5.0,1126,False,0.0,False,G59,11,58.0,10.0,0.146,pass,0.099
19140,ok,10.0,False,10.0,5.0,1021,False,0.0,False,G95,5,8.0,10.0,0.07,pass,0.097
19141,ok,10.0,False,10.0,6.0,1204,False,0.0,False,G70,8,86.0,10.0,0.072,pass,0.101
19143,ok,10.0,False,10.0,6.0,1165,False,0.0,False,G348,0,18.0,10.0,0.139,pass,0.19
19144,ok,10.0,False,10.0,6.0,1200,False,0.0,False,G146,1,53.0,10.0,0.786,pass,1.004
19145,ok,10.0,False,10.0,4.0,936,False,0.0,False,G14,23,43.0,10.0,0.124,pass,0.097
19147,capped,1000.0,True,1000.0,6.0,105668,False,0.0,False,,0,10.0,,0.868,pass,1.457
19149,ok,10.0,False,10.0,8.0,1192,False,0.0,False,G251,1,3.0,10.0,0.993,pass,1.462
19152,ok,10.0,False,10.0,7.0,1246,False,0.0,False,G92,6,19.0,10.0,0.729,pass,1.029
19153,ok,10.0,False,10.0,6.0,1203,False,0.0,False,G176,3,86.0,10.0,0.132,pass,0.1
19155,ok,10.0,False,10.0,5.0,1175,False,0.0,False,G66,10,33.0,10.0,0.071,pass,0.101
19156,ok,10.0,False,10.0,6.0,1169,False,0.0,False,,0,0.0,10.0,0.121,pass,0.167
19157,ok,10.0,False,10.0,7.0,1247,False,0.0,False,G13,0,49.0,10.0,0.437,pass,0.586
19158,ok,10.0,False,10.0,5.0,969,False,0.0,False,G29,14,44.0,10.0,0.201,pass,0.173
19159,ok,10.0,False,10.0,6.0,1208,False,0.0,False,G31,19,38.0,10.0,0.505,pass,0.564
19160,ok,10.0,False,10.0,7.0,1247,False,0.0,False,G58,10,27.0,10.0,0.494,pass,0.602
19161,ok,10.0,False,10.0,7.0,1238,False,0.0,False,G4,51,193.0,10.0,0.804,pass,1.078
19162,ok,10.0,False,10.0,5.0,1137,False,0.0,False,G10,39,63.0,10.0,0.146,pass,0.1
19163,ok,10.0,False,10.0,4.0,1103,False,0.0,False,G8,44,107.0,10.0,0.136,pass,0.214
19164,ok,10.0,False,10.0,7.0,1236,False,0.0,False,G102,6,84.0,10.0,0.513,pass,0.585
19165,ok,10.0,False,10.0,6.0,1207,False,0.0,False,G191,3,86.0,10.0,0.126,pass,0.102
19166,ok,10.0,False,10.0,5.0,1166,False,0.0,False,G61,10,33.0,10.0,0.072,pass,0.099
19168,ok,10.0,False,10.0,6.0,1210,False,0.0,False,G15,22,53.0,10.0,0.751,pass,1.099
19172,ok,10.0,False,10.0,4.0,1138,False,0.0,False,G73,8,16.0,10.0,0.126,pass,0.099
19173,ok,10.0,False,10.0,4.0,1096,False,0.0,False,G42,12,107.0,10.0,0.136,pass,0.211
19174,ok,10.0,False,10.0,5.0,1137,False,0.0,False,G114,6,10.0,10.0,0.204,pass,0.185
19176,ok,10.0,False,10.0,9.0,2071,False,0.0,False,G411,0,1.0,10.0,0.144,pass,0.106
19178,ok,10.0,False,10.0,8.0,1268,False,0.0,False,G148,3,34.0,10.0,0.072,pass,0.103
19180,ok,10.0,False,10.0,5.0,994,False,0.0,False,G186,3,4.0,10.0,0.129,pass,0.098
19182,ok,10.0,False,10.0,5.0,1170,False,0.0,False,G21,1,197.0,,0.432,pass,0.552
19184,ok,10.0,False,10.0,4.0,895,False,0.0,False,,0,0.0,10.0,0.542,pass,0.588
19188,ok,10.0,False,10.0,7.0,1095,False,0.0,False,G111,0,30.0,10.0,0.919,pass,1.375
19189,ok,10.0,False,10.0,6.0,1652,False,0.0,False,,0,0.0,10.0,0.267,pass,0.278
19190,ok,10.0,False,10.0,5.0,1170,False,0.0,False,G21,22,197.0,10.0,0.487,pass,0.553
19191,ok,10.0,False,10.0,8.0,1278,False,0.0,False,,0,34.0,10.0,0.129,pass,0.101
19193,ok,10.0,False,10.0,5.0,1131,False,0.0,False,G65,7,14.0,10.0,0.138,pass,0.221
19195,ok,10.0,False,10.0,5.0,1170,False,0.0,False,G21,22,197.0,10.0,0.501,pass,0.548
19196,ok,10.0,False,10.0,4.0,936,False,0.0,False,G252,0,4.0,10.0,0.122,pass,0.098
19198,ok,10.0,False,10.0,5.0,1175,False,0.0,False,G156,4,28.0,10.0,0.072,pass,0.1
19199,ok,10.0,False,10.0,6.0,1088,False,0.0,False,G185,3,9.0,10.0,0.071,pass,0.097
19201,ok,10.0,False,10.0,5.0,1180,False,0.0,False,G1,95,197.0,10.0,0.425,pass,0.552
19202,ok,10.0,False,10.0,7.0,1247,False,0.0,False,,0,0.0,10.0,0.497,pass,0.582
19205,ok,10.0,False,10.0,6.0,1170,False,0.0,False,G43,12,28.0,10.0,0.215,pass,0.187
19206,ok,10.0,False,10.0,4.0,527,False,0.0,False,,0,0.0,10.0,0.129,pass,0.094
19213,ok,10.0,False,10.0,5.0,1171,False,0.0,False,G25,0,197.0,10.0,0.486,pass,0.547
19215,ok,10.0,False,10.0,8.0,1156,False,0.0,False,,0,0.0,10.0,0.128,pass,0.098
19217,ok,10.0,False,10.0,7.0,1239,False,0.0,False,G154,3,4.0,10.0,0.253,pass,0.359
19218,ok,10.0,False,10.0,5.0,1126,False,0.0,False,G175,3,42.0,10.0,0.404,pass,0.43
19219,ok,10.0,False,10.0,4.0,1091,False,0.0,False,G190,0,11.0,10.0,0.187,pass,0.161
19221,ok,10.0,False,10.0,7.0,1247,False,0.0,False,G5,45,84.0,10.0,0.523,pass,0.588
19223,ok,10.0,False,10.0,6.0,1151,False,0.0,False,G412,1,3.0,10.0,0.363,pass,0.43
19224,ok,10.0,False,10.0,5.0,1126,False,0.0,False,G11,26,57.0,10.0,0.214,pass,0.214
19226,ok,10.0,False,10.0,6.0,1203,False,0.0,False,G115,0,29.0,10.0,0.145,pass,0.102
19227,ok,10.0,False,10.0,5.0,1180,False,0.0,False,G1,95,197.0,10.0,0.441,pass,0.552
19228,ok,10.0,False,10.0,6.0,1159,False,0.0,False,,0,0.0,10.0,0.127,pass,0.1
19229,ok,10.0,False,10.0,6.0,1160,False,0.0,False,G452,0,18.0,10.0,0.138,pass,0.222
19230,ok,10.0,False,10.0,6.0,1214,False,0.0,False,G55,11,29.0,10.0,0.145,pass,0.102
19231,ok,10.0,False,10.0,7.0,1227,False,0.0,False,G45,10,193.0,10.0,0.738,pass,1.08
19233,ok,10.0,False,10.0,7.0,1247,False,0.0,False,G13,34,49.0,10.0,0.484,pass,0.578
19234,ok,10.0,False,10.0,5.0,1137,False,0.0,False,G20,25,58.0,10.0,0.127,pass,0.099
19235,ok,10.0,False,10.0,5.0,1132,False,0.0,False,G60,10,63.0,10.0,0.072,pass,0.099
19236,ok,10.0,False,10.0,5.0,1137,False,0.0,False,G20,25,58.0,10.0,0.073,pass,0.101
19238,ok,10.0,False,10.0,6.0,1203,False,0.0,False,G397,1,4.0,10.0,0.073,pass,0.102
19239,ok,10.0,False,10.0,7.0,1238,False,0.0,False,G4,51,193.0,10.0,0.772,pass,1.079
19240,ok,10.0,False,10.0,7.0,1238,False,0.0,False,G4,51,193.0,10.0,0.795,pass,1.031
19244,ok,10.0,False,10.0,7.0,1246,False,0.0,False,G56,11,14.0,10.0,0.126,pass,0.101
19245,capped,1000.0,True,1000.0,4.0,101591,False,0.0,False,G381,1,2.0,,0.151,pass,0.298
19246,ok,10.0,False,10.0,6.0,1203,False,0.0,False,G115,5,29.0,10.0,0.125,pass,0.102
19247,ok,10.0,False,10.0,6.0,1159,False,0.0,False,G212,0,111.0,10.0,0.307,pass,0.43
19248,ok,10.0,False,10.0,7.0,18383,True,0.0,False,,0,0.0,10.0,1.157,pass,2.03
19250,ok,10.0,False,10.0,5.0,1180,False,0.0,False,G1,95,197.0,10.0,0.49,pass,0.563
19251,ok,10.0,False,10.0,4.0,1138,False,0.0,False,G22,24,30.0,10.0,0.125,pass,0.1
19253,ok,10.0,False,10.0,4.0,1093,False,0.0,False,G3,48,71.0,10.0,0.071,pass,0.1
19254,ok,10.0,False,10.0,7.0,1239,False,0.0,False,G154,0,4.0,10.0,0.251,pass,0.356
19255,ok,10.0,False,10.0,5.0,970,False,0.0,False,G83,1,44.0,10.0,0.13,pass,0.175
19256,ok,10.0,False,10.0,6.0,1203,False,0.0,False,G115,5,29.0,10.0,0.077,pass,0.101
19259,ok,10.0,False,10.0,6.0,1214,False,0.0,False,G445,1,4.0,10.0,0.072,pass,0.101
19260,ok,10.0,False,10.0,5.0,1132,False,0.0,False,G18,24,38.0,10.0,0.126,pass,0.101
19261,ok,10.0,False,10.0,7.0,1090,False,0.0,False,G167,0,5.0,10.0,0.651,pass,0.877
19263,ok,10.0,False,10.0,7.0,1227,False,0.0,False,G45,0,193.0,10.0,0.79,pass,1.037
19264,ok,10.0,False,10.0,9.0,1303,False,0.0,False,G244,2,4.0,10.0,0.126,pass,0.102
19265,ok,10.0,False,10.0,5.0,1132,False,0.0,False,G2,63,73.0,10.0,0.071,pass,0.101
19266,ok,0.0,False,0.0,6.0,69,False,0.0,False,G361,1,,10.0,0.044,pass,0.061
19267,ok,10.0,False,10.0,5.0,1180,False,0.0,False,G1,95,197.0,10.0,0.435,pass,0.557
19269,ok,10.0,False,10.0,6.0,1122,False,0.0,False,G179,0,11.0,10.0,0.199,pass,0.218
19270,ok,10.0,False,10.0,5.0,1175,False,0.0,False,G99,7,16.0,10.0,0.125,pass,0.099
19271,ok,10.0,False,10.0,5.0,970,False,0.0,False,G83,3,44.0,10.0,0.131,pass,0.199
19272,ok,10.0,False,10.0,3.0,1065,False,0.0,False,G16,15,30.0,10.0,0.154,pass,0.101
19273,ok,10.0,False,10.0,5.0,1126,False,0.0,False,G11,26,57.0,10.0,0.134,pass,0.223
19277,ok,10.0,False,10.0,5.0,1177,False,0.0,False,G57,11,13.0,10.0,0.14,pass,0.101
19281,ok,10.0,False,10.0,7.0,1247,False,0.0,False,G5,45,84.0,10.0,0.433,pass,0.583
19282,ok,10.0,False,10.0,5.0,1132,False,0.0,False,G2,63,73.0,10.0,0.126,pass,0.099
19283,ok,10.0,False,10.0,7.0,1247,False,0.0,False,G5,5,84.0,10.0,0.464,pass,0.52
19284,ok,10.0,False,10.0,7.0,1247,False,0.0,False,G5,45,84.0,10.0,0.512,pass,0.565
19286,ok,10.0,False,10.0,5.0,695,False,0.0,False,,0,0.0,10.0,0.929,pass,1.235
19290,ok,10.0,False,10.0,5.0,969,False,0.0,False,G29,14,44.0,10.0,0.184,pass,0.198
19293,ok,10.0,False,10.0,4.0,1093,False,0.0,False,G101,6,107.0,10.0,0.21,pass,0.182
19294,ok,10.0,False,10.0,4.0,1096,False,0.0,False,G42,12,107.0,10.0,0.135,pass,0.184
19297,ok,10.0,False,10.0,7.0,1240,False,0.0,False,G80,6,84.0,10.0,0.506,pass,0.584
19298,ok,10.0,False,10.0,5.0,1171,False,0.0,False,G25,22,197.0,10.0,0.491,pass,0.575
19300,capped,1000.0,True,1000.0,7.0,112675,False,0.0,False,,0,16.0,,0.79,pass,1.077
19301,ok,10.0,False,10.0,6.0,1160,False,0.0,False,G246,0,28.0,10.0,0.442,pass,0.516
19302,ok,10.0,False,10.0,8.0,18458,True,0.0,False,G401,1,1.0,10.0,0.611,pass,0.775
19305,ok,10.0,False,10.0,6.0,1165,False,0.0,False,G97,7,7.0,10.0,0.216,pass,0.217
19306,ok,10.0,False,10.0,7.0,1246,False,0.0,False,G7,34,193.0,10.0,0.801,pass,1.029
19307,ok,10.0,False,10.0,3.0,797,False,0.0,False,,0,1.0,,0.481,pass,0.554
19309,ok,10.0,False,10.0,5.0,1142,False,0.0,False,G110,4,57.0,10.0,0.19,pass,0.214
19311,ok,10.0,False,10.0,6.0,1214,False,0.0,False,G9,45,91.0,10.0,0.158,pass,0.101
19313,ok,10.0,False,10.0,5.0,1180,False,0.0,False,G1,95,197.0,10.0,0.432,pass,0.55
19314,ok,10.0,False,10.0,8.0,1269,False,0.0,False,,0,0.0,10.0,0.683,pass,0.949
19317,ok,10.0,False,10.0,5.0,1034,False,0.0,False,G317,0,6.0,10.0,0.271,pass,0.308
19320,ok,10.0,False,10.0,4.0,1138,False,0.0,False,G73,8,16.0,10.0,0.158,pass,0.1
19321,ok,10.0,False,10.0,6.0,1169,False,0.0,False,G19,22,111.0,10.0,0.305,pass,0.426
19323,ok,10.0,False,10.0,8.0,18447,True,0.0,False,,0,0.0,10.0,0.147,pass,0.121
19324,ok,10.0,False,10.0,5.0,1180,False,0.0,False,G1,95,197.0,10.0,0.439,pass,0.596
19326,ok,10.0,False,10.0,8.0,1268,False,0.0,False,G148,3,34.0,10.0,0.125,pass,0.102
19328,ok,10.0,False,10.0,5.0,1129,False,0.0,False,G229,2,38.0,10.0,0.072,pass,0.1
19329,ok,0.0,False,0.0,8.0,88,False,0.0,False,,0,,10.0,0.044,pass,0.061
19330,ok,10.0,False,10.0,5.0,1132,False,0.0,False,G2,63,73.0,10.0,0.071,pass,0.102
19334,ok,10.0,False,10.0,5.0,1180,False,0.0,False,G1,1,197.0,,0.434,pass,0.552
19335,ok,10.0,False,10.0,5.0,1133,False,0.0,False,G17,17,42.0,10.0,0.365,pass,0.433
19336,ok,10.0,False,10.0,4.0,1041,False,0.0,False,G51,0,12.0,10.0,0.144,pass,0.099
19337,ok,10.0,False,10.0,4.0,310,False,0.0,False,,0,15.0,10.0,0.477,pass,0.586
19340,ok,10.0,False,10.0,7.0,1228,False,0.0,False,G27,15,193.0,10.0,0.799,pass,1.037
19343,ok,10.0,False,10.0,7.0,1235,False,0.0,False,G142,3,193.0,10.0,0.793,pass,1.035
19344,ok,10.0,False,10.0,6.0,441,False,0.0,False,,0,0.0,,0.908,pass,1.237
19346,ok,10.0,False,10.0,3.0,1065,False,0.0,False,G375,0,1.0,10.0,0.125,pass,0.099
19348,ok,10.0,False,10.0,6.0,1212,False,0.0,False,G77,6,10.0,10.0,0.725,pass,1.069
19349,ok,10.0,False,10.0,4.0,1098,False,0.0,False,G23,22,107.0,10.0,0.188,pass,0.215
19350,ok,10.0,False,10.0,4.0,1098,False,0.0,False,G232,2,13.0,10.0,0.144,pass,0.1
19352,ok,10.0,False,10.0,6.0,1170,False,0.0,False,,0,0.0,10.0,0.141,pass,0.232
19353,ok,10.0,False,10.0,6.0,1088,False,0.0,False,G347,1,2.0,10.0,0.137,pass,0.097
19354,ok,10.0,False,10.0,4.0,1138,False,0.0,False,G22,24,30.0,10.0,0.071,pass,0.099
19355,ok,10.0,False,10.0,6.0,1208,False,0.0,False,G31,19,38.0,10.0,0.435,pass,0.564
19356,ok,10.0,False,10.0,6.0,1208,False,0.0,False,,0,0.0,10.0,0.48,pass,0.577
19357,ok,10.0,False,10.0,4.0,1041,False,0.0,False,,0,0.0,10.0,0.131,pass,0.099
19359,ok,10.0,False,10.0,6.0,1201,False,0.0,False,G178,3,26.0,10.0,0.434,pass,0.566
19363,ok,10.0,False,10.0,7.0,1238,False,0.0,False,G4,51,193.0,10.0,0.803,pass,1.029
19364,ok,10.0,False,10.0,5.0,1180,False,0.0,False,G1,95,197.0,10.0,0.487,pass,0.548
19365,ok,10.0,False,10.0,6.0,1161,False,0.0,False,G12,31,111.0,10.0,0.36,pass,0.427
19366,ok,10.0,False,10.0,6.0,1154,False,0.0,False,G74,6,111.0,10.0,0.378,pass,0.429
19367,ok,10.0,False,10.0,6.0,1162,False,0.0,False,,0,8.0,10.0,0.132,pass,0.101
19370,ok,10.0,False,10.0,8.0,1493,False,0.0,False,,0,0.0,10.0,0.258,pass,0.402
19371,ok,10.0,False,10.0,4.0,1093,False,0.0,False,G3,0,71.0,10.0,0.165,pass,0.103
19373,ok,0.0,False,0.0,4.0,42,False,0.0,False,,0,,10.0,0.067,pass,0.061
19374,ok,10.0,False,10.0,5.0,1137,False,0.0,False,G20,25,58.0,10.0,0.071,pass,0.099
19376,capped,1000.0,True,1000.0,5.0,108602,False,0.0,False,G410,1,3.0,,0.451,pass,0.615
19377,ok,10.0,False,10.0,7.0,1227,False,0.0,False,G45,10,193.0,10.0,0.802,pass,1.081
19378,ok,10.0,False,10.0,7.0,1191,False,0.0,False,,0,1.0,10.0,0.14,pass,0.104
19380,ok,10.0,False,10.0,4.0,317,False,0.0,False,G163,0,4.0,10.0,0.479,pass,0.625
19381,ok,10.0,False,10.0,6.0,1219,False,0.0,False,G39,16,21.0,10.0,0.484,pass,0.566
19382,ok,10.0,False,10.0,7.0,1090,False,0.0,False,,0,0.0,10.0,0.72,pass,0.922
19383,ok,10.0,False,10.0,4.0,1103,False,0.0,False,G336,0,63.0,10.0,0.186,pass,0.179
19384,ok,0.0,False,0.0,7.0,66,False,0.0,False,,0,,10.0,0.109,pass,0.061
19385,ok,10.0,False,10.0,7.0,1246,False,0.0,False,G7,3,193.0,10.0,0.754,pass,1.03
19386,ok,10.0,False,10.0,4.0,1088,False,0.0,False,,0,0.0,10.0,0.279,pass,0.291
19388,ok,10.0,False,10.0,4.0,1098,False,0.0,False,G37,11,63.0,10.0,0.211,pass,0.208
19390,ok,10.0,False,10.0,7.0,1077,False,0.0,False,G123,4,30.0,10.0,0.943,pass,1.378
19391,ok,10.0,False,10.0,6.0,1077,False,0.0,False,G429,1,9.0,10.0,0.138,pass,0.099
19392,ok,10.0,False,10.0,3.0,279,False,0.0,False,,0,0.0,10.0,0.245,pass,0.367
19393,ok,10.0,False,10.0,7.0,1184,False,0.0,False,G253,2,2.0,10.0,0.359,pass,0.42
19394,ok,10.0,False,10.0,5.0,400,False,0.0,False,,0,1.0,10.0,0.894,pass,1.149
19395,ok,10.0,False,10.0,7.0,1247,False,0.0,False,G13,34,49.0,10.0,0.5,pass,0.576
19396,ok,10.0,False,10.0,6.0,1165,False,0.0,False,G97,7,7.0,10.0,0.205,pass,0.186
19397,ok,10.0,False,10.0,7.0,1239,False,0.0,False,,0,0.0,10.0,0.332,pass,0.355
19398,ok,10.0,False,10.0,4.0,742,False,0.0,False,,0,1.0,10.0,0.162,pass,0.114
19399,capped,1000.0,True,1000.0,6.0,105678,False,0.0,False,G315,1,10.0,,0.897,pass,1.457
19400,ok,10.0,False,10.0,7.0,1246,False,0.0,False,G359,1,84.0,10.0,0.449,pass,0.583
19401,ok,10.0,False,10.0,7.0,1264,False,0.0,False,,0,0.0,,0.495,pass,0.578
19402,ok,10.0,False,10.0,5.0,1175,False,0.0,False,G66,10,33.0,10.0,0.129,pass,0.099
19404,ok,10.0,False,10.0,5.0,994,False,0.0,False,G186,3,4.0,10.0,0.07,pass,0.097
19405,ok,10.0,False,10.0,6.0,1201,False,0.0,False,G96,7,38.0,10.0,0.431,pass,0.573
19407,ok,10.0,False,10.0,4.0,1098,False,0.0,False,G23,22,107.0,10.0,0.222,pass,0.184
19409,ok,10.0,False,10.0,5.0,1130,False,0.0,False,G126,5,58.0,10.0,0.14,pass,0.1
19412,ok,10.0,False,10.0,6.0,1162,False,0.0,False,G236,2,111.0,10.0,0.362,pass,0.427
19413,ok,10.0,False,10.0,7.0,1247,False,0.0,False,G5,45,84.0,10.0,0.496,pass,0.581
19414,ok,10.0,False,10.0,5.0,1126,False,0.0,False,G127,4,63.0,10.0,0.135,pass,0.099
19416,ok,10.0,False,10.0,5.0,1180,False,0.0,False,G1,95,197.0,10.0,0.426,pass,0.549
19417,ok,10.0,False,10.0,6.0,1204,False,0.0,False,G44,14,91.0,10.0,0.127,pass,0.103
19418,ok,10.0,False,10.0,5.0,1173,False,0.0,False,G30,21,197.0,10.0,0.428,pass,0.555
19420,ok,10.0,False,10.0,5.0,1169,False,0.0,False,G49,0,197.0,,0.479,pass,0.556
19421,ok,10.0,False,10.0,7.0,1246,False,0.0,False,G50,12,25.0,10.0,0.076,pass,0.101
19422,ok,10.0,False,10.0,6.0,2475,False,0.0,False,,0,0.0,10.0,0.148,pass,0.237
19423,ok,10.0,False,10.0,6.0,1204,False,0.0,False,G44,14,91.0,10.0,0.154,pass,0.101
19426,ok,10.0,False,10.0,7.0,1080,False,0.0,False,,0,5.0,10.0,0.654,pass,0.867
19428,ok,10.0,False,10.0,4.0,1103,False,0.0,False,G8,44,107.0,10.0,0.189,pass,0.183
19429,ok,10.0,False,10.0,6.0,1214,False,0.0,False,G55,11,29.0,10.0,0.146,pass,0.101
19430,ok,10.0,False,10.0,7.0,1077,False,0.0,False,G123,4,30.0,10.0,0.869,pass,1.351
19431,ok,10.0,False,10.0,4.0,1091,False,0.0,False,G190,0,11.0,10.0,0.174,pass,0.224
19432,ok,10.0,False,10.0,6.0,1197,False,0.0,False,G330,1,38.0,10.0,0.453,pass,0.562
19433,ok,10.0,False,10.0,5.0,1170,False,0.0,False,G21,22,197.0,10.0,0.427,pass,0.553
19435,ok,10.0,False,10.0,6.0,1214,False,0.0,False,G6,50,86.0,10.0,0.127,pass,0.1
19436,ok,10.0,False,10.0,5.0,1180,False,0.0,False,G1,95,197.0,10.0,0.423,pass,0.553
19437,ok,10.0,False,10.0,2.0,215,False,0.0,False,G316,1,8.0,10.0,0.285,pass,0.42
19438,ok,10.0,False,10.0,5.0,778,False,0.0,False,,0,2.0,10.0,0.478,pass,0.551
19439,ok,10.0,False,10.0,8.0,1279,False,0.0,False,G52,12,16.0,10.0,0.128,pass,0.102
19440,ok,10.0,False,10.0,7.0,1247,False,0.0,False,G13,0,49.0,10.0,0.443,pass,0.578
19442,ok,10.0,False,10.0,8.0,1277,False,0.0,False,G130,5,7.0,10.0,0.8,pass,1.101
19443,capped,781.0,True,781.0,5.0,222755,True,0.0,False,,0,0.0,,0.179,pass,0.217
19445,ok,10.0,False,10.0,6.0,1166,False,0.0,False,,0,7.0,10.0,0.214,pass,0.185
19446,ok,10.0,False,10.0,6.0,1214,False,0.0,False,G9,45,91.0,10.0,0.141,pass,0.101
19447,ok,10.0,False,10.0,5.0,994,False,0.0,False,G129,5,7.0,10.0,0.07,pass,0.099
19448,ok,10.0,False,10.0,4.0,1095,False,0.0,False,G438,1,11.0,10.0,0.119,pass,0.164
19452,ok,10.0,False,10.0,5.0,1127,False,0.0,False,G69,0,57.0,10.0,0.197,pass,0.219
19453,ok,10.0,False,10.0,5.0,1131,False,0.0,False,,0,0.0,10.0,0.239,pass,0.219
19455,ok,10.0,False,10.0,7.0,1239,False,0.0,False,G243,2,25.0,10.0,0.153,pass,0.104
19456,ok,10.0,False,10.0,5.0,1153,False,0.0,False,,0,10.0,10.0,0.135,pass,0.215
19458,ok,10.0,False,10.0,5.0,1175,False,0.0,False,G109,6,11.0,10.0,0.14,pass,0.099
19459,ok,10.0,False,10.0,4.0,1110,False,0.0,False,G47,2,63.0,10.0,0.133,pass,0.209
19460,ok,10.0,False,10.0,5.0,1122,False,0.0,False,G432,1,42.0,10.0,0.359,pass,0.425
19463,ok,10.0,False,10.0,8.0,1269,False,0.0,False,G405,1,16.0,10.0,0.142,pass,0.102
19464,ok,10.0,False,10.0,6.0,1170,False,0.0,False,G43,0,28.0,10.0,0.435,pass,0.589
19466,ok,10.0,False,10.0,7.0,1238,False,0.0,False,G4,51,193.0,10.0,0.794,pass,1.039
19468,ok,10.0,False,10.0,6.0,1208,False,0.0,False,G40,13,25.0,10.0,0.49,pass,0.564
19469,ok,10.0,False,10.0,5.0,1137,False,0.0,False,G10,39,63.0,10.0,0.137,pass,0.099
19470,ok,10.0,False,10.0,5.0,959,False,0.0,False,,0,0.0,10.0,0.072,pass,0.104
19472,ok,10.0,False,10.0,4.0,1102,False,0.0,False,,0,63.0,10.0,0.134,pass,0.211
19475,ok,10.0,False,10.0,5.0,913,False,0.0,False,,0,0.0,10.0,0.144,pass,0.099
19476,ok,10.0,False,10.0,5.0,1137,False,0.0,False,G10,39,63.0,10.0,0.071,pass,0.099
19478,ok,10.0,False,10.0,6.0,1163,False,0.0,False,,0,4.0,10.0,0.138,pass,0.224
19480,ok,10.0,False,10.0,5.0,1133,False,0.0,False,G17,17,42.0,10.0,0.373,pass,0.432
19481,ok,10.0,False,10.0,7.0,1087,False,0.0,False,,0,0.0,10.0,0.869,pass,1.186
19482,capped,1000.0,True,1000.0,4.0,94727,False,0.0,False,G417,0,1.0,,0.504,pass,0.63
19483,ok,10.0,False,10.0,5.0,1135,False,0.0,False,,0,0.0,10.0,0.364,pass,0.427
19484,ok,10.0,False,10.0,5.0,1174,False,0.0,False,G383,1,197.0,10.0,0.517,pass,0.55
19485,ok,10.0,False,10.0,5.0,1149,False,0.0,False,G393,1,10.0,10.0,0.195,pass,0.214
19487,ok,10.0,False,10.0,7.0,1290,False,0.0,False,,0,0.0,10.0,0.514,pass,0.567
19488,ok,10.0,False,10.0,5.0,1132,False,0.0,False,G18,24,38.0,10.0,0.127,pass,0.1
19491,ok,10.0,False,10.0,7.0,1238,False,0.0,False,G4,51,193.0,10.0,0.752,pass,1.042
19493,ok,10.0,False,10.0,4.0,1095,False,0.0,False,G24,3,63.0,10.0,0.191,pass,0.21
19495,ok,10.0,False,10.0,8.0,1228,False,0.0,False,,0,0.0,10.0,0.861,pass,1.078
19496,ok,10.0,False,10.0,5.0,448,False,0.0,False,,0,1.0,10.0,0.116,pass,0.087
19499,ok,10.0,False,10.0,7.0,1086,False,0.0,False,,0,0.0,10.0,0.861,pass,1.312
19500,ok,10.0,False,10.0,6.0,1214,False,0.0,False,G9,45,91.0,10.0,0.147,pass,0.101
19501,ok,10.0,False,10.0,6.0,1160,False,0.0,False,G452,0,18.0,10.0,0.439,pass,0.582
19503,ok,10.0,False,10.0,6.0,1218,False,0.0,False,,0,0.0,10.0,0.127,pass,0.1
19504,ok,10.0,False,10.0,6.0,1214,False,0.0,False,G26,0,32.0,10.0,0.072,pass,0.1
19506,ok,10.0,False,10.0,4.0,936,False,0.0,False,G14,23,43.0,10.0,0.069,pass,0.097
19508,ok,10.0,False,10.0,5.0,1188,False,0.0,False,G187,3,197.0,10.0,0.432,pass,0.546
19509,ok,10.0,False,10.0,7.0,1246,False,0.0,False,G7,34,193.0,10.0,0.811,pass,1.034
19510,ok,10.0,False,10.0,8.0,1279,False,0.0,False,G52,12,16.0,10.0,0.127,pass,0.102
19512,ok,10.0,False,10.0,6.0,1059,False,0.0,False,G88,1,12.0,10.0,0.846,pass,1.326
19513,ok,10.0,False,10.0,8.0,1279,False,0.0,False,G52,12,16.0,10.0,0.141,pass,0.101
19515,ok,10.0,False,10.0,6.0,1210,False,0.0,False,G15,1,53.0,,0.725,pass,1.01
19516,ok,10.0,False,10.0,6.0,1210,False,0.0,False,G15,22,53.0,10.0,0.775,pass,1.054
19519,ok,10.0,False,10.0,4.0,1138,False,0.0,False,G22,24,30.0,10.0,0.072,pass,0.102
19520,ok,10.0,False,10.0,5.0,394,False,0.0,False,,0,0.0,10.0,0.259,pass,0.398
19521,ok,10.0,False,10.0,6.0,1073,False,0.0,False,,0,0.0,10.0,0.146,pass,0.097
19522,ok,10.0,False,10.0,5.0,1169,False,0.0,False,G49,12,197.0,10.0,0.422,pass,0.549
19524,ok,10.0,False,10.0,4.0,1147,False,0.0,False,G305,1,16.0,10.0,0.127,pass,0.1
19525,ok,10.0,False,10.0,7.0,1246,False,0.0,False,G7,1,193.0,10.0,0.737,pass,1.084
19526,ok,10.0,False,10.0,5.0,1126,False,0.0,False,G59,11,58.0,10.0,0.126,pass,0.1
19527,ok,10.0,False,10.0,5.0,1166,False,0.0,False,G61,10,33.0,10.0,0.071,pass,0.102
19528,ok,10.0,False,10.0,7.0,1238,False,0.0,False,G4,51,193.0,10.0,0.739,pass,1.033
19531,ok,10.0,False,10.0,4.0,941,False,0.0,False,G322,1,7.0,10.0,0.134,pass,0.097
19533,ok,10.0,False,10.0,6.0,1177,False,0.0,False,,0,7.0,10.0,0.137,pass,0.271
19536,ok,10.0,False,10.0,6.0,996,False,0.0,False,,0,0.0,,0.51,pass,0.589
19537,ok,10.0,False,10.0,6.0,1204,False,0.0,False,G44,14,91.0,10.0,0.126,pass,0.1
19539,ok,10.0,False,10.0,5.0,1137,False,0.0,False,G10,39,63.0,10.0,0.071,pass,0.099
19542,capped,1000.0,True,1000.0,5.0,41404,False,0.0,False,,0,0.0,,1.821,pass,2.653
19543,ok,10.0,False,10.0,5.0,1170,False,0.0,False,G21,22,197.0,10.0,0.471,pass,0.553
19545,ok,10.0,False,10.0,5.0,1021,False,0.0,False,G95,5,8.0,10.0,0.127,pass,0.097
19546,ok,10.0,False,10.0,4.0,773,False,0.0,False,,0,0.0,10.0,0.068,pass,0.096
19552,ok,10.0,False,10.0,5.0,1133,False,0.0,False,G17,17,42.0,10.0,0.354,pass,0.427
19553,ok,10.0,False,10.0,6.0,1210,False,0.0,False,G202,1,91.0,10.0,0.146,pass,0.1
19556,ok,10.0,False,10.0,7.0,1246,False,0.0,False,G7,34,193.0,10.0,0.732,pass,1.079
19557,ok,10.0,False,10.0,7.0,1238,False,0.0,False,G4,0,193.0,10.0,0.778,pass,1.032
19558,ok,10.0,False,10.0,4.0,1096,False,0.0,False,G42,0,107.0,,0.197,pass,0.216
19559,ok,10.0,False,10.0,5.0,1169,False,0.0,False,G49,12,197.0,10.0,0.491,pass,0.549
19560,ok,10.0,False,10.0,6.0,1151,False,0.0,False,G41,13,111.0,10.0,0.358,pass,0.427
19562,ok,10.0,False,10.0,4.0,936,False,0.0,False,G14,3,43.0,10.0,0.146,pass,0.098
19563,ok,10.0,False,10.0,4.0,931,False,0.0,False,,0,1.0,10.0,0.07,pass,0.096
19564,ok,10.0,False,10.0,5.0,1126,False,0.0,False,G11,26,57.0,10.0,0.135,pass,0.215
19566,ok,10.0,False,10.0,7.0,1247,False,0.0,False,G13,34,49.0,10.0,0.508,pass,0.584
19568,ok,10.0,False,10.0,5.0,1183,False,0.0,False,G368,1,8.0,10.0,0.073,pass,0.1
19569,ok,10.0,False,10.0,6.0,1170,False,0.0,False,G153,4,7.0,10.0,0.138,pass,0.223
19570,ok,10.0,False,10.0,5.0,1137,False,0.0,False,G20,25,58.0,10.0,0.145,pass,0.1
19572,ok,10.0,False,10.0,6.0,1088,False,0.0,False,G140,4,6.0,10.0,0.071,pass,0.101
19573,ok,10.0,False,10.0,5.0,1144,False,0.0,False,G446,1,38.0,10.0,0.071,pass,0.1
19574,ok,10.0,False,10.0,6.0,1208,False,0.0,False,G35,19,26.0,10.0,0.439,pass,0.571
19575,ok,10.0,False,10.0,6.0,1153,False,0.0,False,G159,3,26.0,10.0,0.352,pass,0.412
19576,ok,10.0,False,10.0,7.0,1247,False,0.0,False,G13,34,49.0,10.0,0.524,pass,0.587
19578,ok,10.0,False,10.0,5.0,985,False,0.0,False,G54,3,44.0,10.0,0.185,pass,0.174
19579,ok,10.0,False,10.0,6.0,1162,False,0.0,False,,0,0.0,10.0,0.33,pass,0.354
19580,ok,10.0,False,10.0,6.0,1209,False,0.0,False,G427,1,3.0,10.0,0.52,pass,0.566
19581,ok,10.0,False,10.0,5.0,1161,False,0.0,False,,0,0.0,10.0,0.264,pass,0.293
19584,ok,10.0,False,10.0,6.0,1164,False,0.0,False,,0,26.0,10.0,0.379,pass,0.412
19585,ok,10.0,False,10.0,6.0,1214,False,0.0,False,G26,22,32.0,10.0,0.156,pass,0.1
19586,ok,10.0,False,10.0,5.0,377,False,0.0,False,G200,0,2.0,10.0,0.497,pass,0.637
19591,ok,10.0,False,10.0,4.0,1109,False,0.0,False,,0,0.0,10.0,0.125,pass,0.099
19593,ok,10.0,False,10.0,4.0,1093,False,0.0,False,G67,10,13.0,10.0,0.071,pass,0.1
19594,ok,10.0,False,10.0,5.0,972,False,0.0,False,,0,6.0,10.0,1.093,pass,2.012
19597,ok,10.0,False,10.0,4.0,1093,False,0.0,False,G3,8,71.0,10.0,0.155,pass,0.1
19599,ok,10.0,False,10.0,6.0,763,False,0.0,False,,0,0.0,10.0,0.063,pass,0.088
19601,ok,10.0,False,10.0,5.0,1022,False,0.0,False,G440,1,12.0,10.0,0.688,pass,0.83
19602,ok,10.0,False,10.0,5.0,1111,False,0.0,False,,0,0.0,10.0,0.128,pass,0.104
19603,ok,10.0,False,10.0,5.0,1169,False,0.0,False,G49,12,197.0,10.0,0.428,pass,0.547
19604,ok,10.0,False,10.0,5.0,1169,False,0.0,False,G49,12,197.0,10.0,0.499,pass,0.547
19605,ok,10.0,False,10.0,6.0,1169,False,0.0,False,G19,22,111.0,10.0,0.362,pass,0.479
19606,ok,10.0,False,10.0,7.0,1240,False,0.0,False,G80,6,84.0,10.0,0.514,pass,0.573
19607,ok,10.0,False,10.0,6.0,1170,False,0.0,False,G153,4,7.0,10.0,0.16,pass,0.187
19609,ok,10.0,False,10.0,8.0,1120,False,0.0,False,,0,0.0,10.0,0.928,pass,1.338
19611,ok,10.0,False,10.0,7.0,1240,False,0.0,False,G80,0,84.0,10.0,0.307,pass,0.356
19612,ok,10.0,False,10.0,5.0,1137,False,0.0,False,G10,39,63.0,10.0,0.156,pass,0.099
19614,ok,10.0,False,10.0,4.0,936,False,0.0,False,G14,23,43.0,10.0,0.082,pass,0.097
19615,ok,10.0,False,10.0,4.0,1102,False,0.0,False,,0,0.0,10.0,0.072,pass,0.1
19617,ok,10.0,False,10.0,5.0,1126,False,0.0,False,G11,2,57.0,10.0,0.136,pass,0.213
19620,ok,10.0,False,10.0,5.0,404,False,0.0,False,,0,1.0,10.0,0.864,pass,1.155
19621,ok,10.0,False,10.0,5.0,1128,False,0.0,False,G349,1,13.0,10.0,0.359,pass,0.433
19622,ok,10.0,False,10.0,7.0,1231,False,0.0,False,G63,7,193.0,10.0,0.738,pass,1.036
19625,ok,10.0,False,10.0,6.0,1169,False,0.0,False,G85,8,16.0,10.0,0.127,pass,0.1
19626,ok,10.0,False,10.0,6.0,1214,False,0.0,False,G247,2,4.0,10.0,0.072,pass,0.102
19627,ok,10.0,False,10.0,5.0,1169,False,0.0,False,G49,12,197.0,10.0,0.418,pass,0.558
19629,ok,10.0,False,10.0,5.0,521,False,0.0,False,,0,6.0,10.0,0.619,pass,0.726
19630,ok,10.0,False,10.0,7.0,1246,False,0.0,False,G7,34,193.0,10.0,0.803,pass,1.038
19631,ok,10.0,False,10.0,4.0,1112,False,0.0,False,,0,107.0,10.0,0.194,pass,0.212
19633,ok,10.0,False,10.0,7.0,1238,False,0.0,False,G203,0,2.0,10.0,0.811,pass,1.026
19634,ok,10.0,False,10.0,5.0,1180,False,0.0,False,G82,7,16.0,10.0,0.49,pass,0.549
19635,ok,10.0,False,10.0,8.0,1272,False,0.0,False,,0,0.0,10.0,0.41,pass,0.489
19637,ok,10.0,False,10.0,4.0,915,False,0.0,False,,0,0.0,10.0,0.136,pass,0.099
19639,ok,10.0,False,10.0,6.0,1208,False,0.0,False,G31,19,38.0,10.0,0.446,pass,0.565
19640,ok,10.0,False,10.0,6.0,1170,False,0.0,False,G46,11,18.0,10.0,0.193,pass,0.234
19641,ok,10.0,False,10.0,6.0,1208,False,0.0,False,G40,13,25.0,10.0,0.504,pass,0.562
19642,ok,10.0,False,10.0,5.0,1137,False,0.0,False,,0,0.0,10.0,0.125,pass,0.1
19643,ok,10.0,False,10.0,4.0,1138,False,0.0,False,G22,24,30.0,10.0,0.071,pass,0.103
19644,ok,10.0,False,10.0,5.0,1132,False,0.0,False,G18,24,38.0,10.0,0.071,pass,0.1
19645,ok,10.0,False,10.0,4.0,1098,False,0.0,False,G23,1,107.0,,0.136,pass,0.216
19646,ok,10.0,False,10.0,4.0,1095,False,0.0,False,G24,8,63.0,10.0,0.199,pass,0.209
19647,ok,10.0,False,10.0,5.0,1021,False,0.0,False,G28,18,21.0,10.0,0.135,pass,0.097
19649,ok,10.0,False,10.0,4.0,1093,False,0.0,False,G3,1,71.0,10.0,0.071,pass,0.1
19650,ok,10.0,False,10.0,6.0,1156,False,0.0,False,G439,1,111.0,10.0,0.36,pass,0.425
19651,ok,10.0,False,10.0,4.0,1098,False,0.0,False,G23,22,107.0,10.0,0.19,pass,0.212
19652,ok,10.0,False,10.0,7.0,1088,False,0.0,False,,0,30.0,10.0,0.94,pass,1.353
19654,ok,10.0,False,10.0,5.0,1180,False,0.0,False,G1,95,197.0,10.0,0.494,pass,0.547
19656,ok,10.0,False,10.0,5.0,1170,False,0.0,False,G21,0,197.0,10.0,0.487,pass,0.556
19658,ok,10.0,False,10.0,6.0,1160,False,0.0,False,G246,0,28.0,10.0,0.501,pass,0.582
19659,ok,10.0,False,10.0,6.0,1203,False,0.0,False,G449,1,91.0,10.0,0.125,pass,0.1
19661,ok,10.0,False,10.0,5.0,1132,False,0.0,False,G2,63,73.0,10.0,0.071,pass,0.101
19663,ok,10.0,False,10.0,6.0,1092,False,0.0,False,,0,9.0,10.0,0.069,pass,0.098
19664,ok,10.0,False,10.0,7.0,1235,False,0.0,False,G157,4,25.0,10.0,0.075,pass,0.102
19666,ok,10.0,False,10.0,5.0,1132,False,0.0,False,G150,1,58.0,10.0,0.071,pass,0.1
19667,ok,10.0,False,10.0,5.0,1125,False,0.0,False,,0,9.0,10.0,0.397,pass,0.638
19669,ok,10.0,False,10.0,6.0,1208,False,0.0,False,G40,0,25.0,10.0,0.502,pass,0.572
19670,ok,10.0,False,10.0,6.0,1030,False,0.0,False,,0,0.0,10.0,0.311,pass,0.369
19673,ok,10.0,False,10.0,8.0,1192,False,0.0,False,G251,0,3.0,10.0,1.02,pass,1.488
19675,ok,10.0,False,10.0,4.0,944,False,0.0,False,G384,0,1.0,10.0,0.261,pass,0.261
19676,ok,10.0,False,10.0,8.0,1272,False,0.0,False,,0,0.0,10.0,0.556,pass,0.7
19677,ok,10.0,False,10.0,5.0,1021,False,0.0,False,G28,18,21.0,10.0,0.123,pass,0.097
19678,ok,10.0,False,10.0,7.0,1080,False,0.0,False,,0,30.0,10.0,0.877,pass,1.381
19679,ok,10.0,False,10.0,6.0,977,False,0.0,False,,0,5.0,10.0,0.809,pass,1.087
19680,ok,10.0,False,10.0,7.0,1231,False,0.0,False,G63,0,193.0,10.0,0.796,pass,1.041
19683,ok,10.0,False,10.0,5.0,1138,False,0.0,False,G441,1,1.0,10.0,0.124,pass,0.1
19684,ok,10.0,False,10.0,7.0,1237,False,0.0,False,G89,5,49.0,10.0,0.46,pass,0.58
19685,ok,10.0,False,10.0,4.0,936,False,0.0,False,G144,4,7.0,10.0,0.122,pass,0.097
19688,ok,10.0,False,10.0,5.0,1176,False,0.0,False,G135,5,197.0,10.0,0.427,pass,0.562
19689,ok,10.0,False,10.0,6.0,1214,False,0.0,False,G6,50,86.0,10.0,0.126,pass,0.101
19691,ok,10.0,False,10.0,6.0,1208,False,0.0,False,G31,19,38.0,10.0,0.431,pass,0.571
19692,ok,10.0,False,10.0,6.0,1929,False,0.0,False,,0,0.0,10.0,0.13,pass,0.104
19694,ok,10.0,False,10.0,4.0,1093,False,0.0,False,G3,48,71.0,10.0,0.071,pass,0.099
19696,ok,10.0,False,10.0,4.0,1098,False,0.0,False,G37,11,63.0,10.0,0.135,pass,0.211
19697,ok,10.0,False,10.0,6.0,1151,False,0.0,False,G41,1,111.0,,0.376,pass,0.434
19699,ok,10.0,False,10.0,7.0,1228,False,0.0,False,G27,15,193.0,10.0,0.819,pass,1.031
19700,ok,10.0,False,10.0,5.0,1126,False,0.0,False,G11,26,57.0,10.0,0.194,pass,0.216
19701,ok,10.0,False,10.0,5.0,1176,False,0.0,False,G135,5,197.0,10.0,0.505,pass,0.549
19702,ok,10.0,False,10.0,6.0,1036,False,0.0,False,G242,2,2.0,10.0,0.428,pass,0.576
19703,ok,10.0,False,10.0,4.0,1103,False,0.0,False,G8,44,107.0,10.0,0.136,pass,0.232
19704,ok,10.0,False,10.0,7.0,1237,False,0.0,False,G248,2,9.0,10.0,0.515,pass,0.58
19705,ok,10.0,False,10.0,5.0,1123,False,0.0,False,G164,2,42.0,10.0,0.358,pass,0.429
19706,ok,10.0,False,10.0,4.0,1093,False,0.0,False,G3,48,71.0,10.0,0.144,pass,0.101
19707,ok,10.0,False,10.0,5.0,970,False,0.0,False,G83,3,44.0,10.0,0.128,pass,0.195
19709,ok,10.0,False,10.0,5.0,1133,False,0.0,False,G17,2,42.0,10.0,0.377,pass,0.427
19710,ok,10.0,False,10.0,4.0,1124,False,0.0,False,,0,1.0,10.0,0.132,pass,0.105
19711,ok,10.0,False,10.0,4.0,936,False,0.0,False,G14,23,43.0,10.0,0.069,pass,0.097
19712,ok,10.0,False,10.0,5.0,1015,False,0.0,False,,0,2.0,10.0,0.07,pass,0.097
19714,ok,10.0,False,10.0,6.0,1169,False,0.0,False,G19,22,111.0,10.0,0.305,pass,0.428
19715,ok,10.0,False,10.0,4.0,1098,False,0.0,False,,0,1.0,10.0,0.14,pass,0.1
19717,ok,10.0,False,10.0,8.0,1266,False,0.0,False,G335,1,2.0,10.0,0.753,pass,1.057
19720,ok,10.0,False,10.0,5.0,1132,False,0.0,False,G2,63,73.0,10.0,0.125,pass,0.1
19721,ok,10.0,False,10.0,7.0,1247,False,0.0,False,,0,0.0,10.0,0.436,pass,0.578
19722,ok,10.0,False,10.0,5.0,1164,False,0.0,False,G158,4,33.0,10.0,0.072,pass,0.101
19725,ok,10.0,False,10.0,8.0,1279,False,0.0,False,G36,18,34.0,10.0,0.072,pass,0.102
19727,ok,10.0,False,10.0,6.0,1159,False,0.0,False,,0,18.0,10.0,0.139,pass,0.221
19731,ok,10.0,False,10.0,5.0,1166,False,0.0,False,G33,20,28.0,10.0,0.146,pass,0.1
19734,ok,10.0,False,10.0,5.0,1170,False,0.0,False,G21,22,197.0,10.0,0.425,pass,0.547
19735,ok,10.0,False,10.0,5.0,1175,False,0.0,False,G99,7,16.0,10.0,0.124,pass,0.103
19736,ok,10.0,False,10.0,6.0,1214,False,0.0,False,G6,50,86.0,10.0,0.071,pass,0.101
19737,ok,10.0,False,10.0,7.0,1247,False,0.0,False,G13,34,49.0,10.0,0.437,pass,0.579
19738,ok,10.0,False,10.0,6.0,1169,False,0.0,False,G19,22,111.0,10.0,0.362,pass,0.426
19739,ok,10.0,False,10.0,6.0,1214,False,0.0,False,G9,45,91.0,10.0,0.146,pass,0.099
19743,ok,10.0,False,10.0,8.0,1279,False,0.0,False,G36,18,34.0,10.0,0.133,pass,0.101
19744,ok,10.0,False,10.0,6.0,1208,False,0.0,False,G31,19,38.0,10.0,0.435,pass,0.558
19745,ok,10.0,False,10.0,6.0,1163,False,0.0,False,G377,0,28.0,,0.141,pass,0.228
19747,ok,10.0,False,10.0,7.0,1238,False,0.0,False,G4,51,193.0,10.0,0.814,pass,1.036
19749,ok,10.0,False,10.0,5.0,1131,False,0.0,False,G64,6,17.0,10.0,0.195,pass,0.219
19752,ok,10.0,False,10.0,6.0,1056,False,0.0,False,,0,0.0,10.0,0.751,pass,0.911
19753,ok,10.0,False,10.0,4.0,1098,False,0.0,False,G435,1,14.0,10.0,0.125,pass,0.1
19755,ok,10.0,False,10.0,5.0,1135,False,0.0,False,G116,0,13.0,10.0,0.304,pass,0.426
19756,ok,10.0,False,10.0,6.0,1569,False,0.0,False,,0,0.0,10.0,0.073,pass,0.102
19758,ok,10.0,False,10.0,5.0,1130,False,0.0,False,,0,13.0,10.0,0.303,pass,0.432
19760,ok,10.0,False,10.0,3.0,1065,False,0.0,False,G16,0,30.0,10.0,0.137,pass,0.1
19763,ok,10.0,False,10.0,5.0,1133,False,0.0,False,G17,17,42.0,10.0,0.304,pass,0.427
19764,ok,10.0,False,10.0,8.0,1279,False,0.0,False,G36,18,34.0,10.0,0.131,pass,0.102
19766,ok,10.0,False,10.0,5.0,1132,False,0.0,False,G18,24,38.0,10.0,0.071,pass,0.099
19767,ok,100.0,False,100.0,9.0,8547,False,0.0,False,,0,0.0,100.0,0.912,pass,1.409
19770,ok,10.0,False,10.0,6.0,1201,False,0.0,False,G96,7,38.0,10.0,0.479,pass,0.561
19771,ok,10.0,False,10.0,5.0,982,False,0.0,False,G132,3,6.0,10.0,1.151,pass,2.005
19772,ok,10.0,False,10.0,5.0,1080,False,0.0,False,,0,0.0,10.0,0.131,pass,0.088
19773,ok,10.0,False,10.0,5.0,1126,False,0.0,False,G175,3,42.0,10.0,0.302,pass,0.432
19774,ok,10.0,False,10.0,5.0,1132,False,0.0,False,G2,63,73.0,10.0,0.148,pass,0.099
19775,ok,10.0,False,10.0,5.0,1137,False,0.0,False,G189,3,15.0,10.0,0.071,pass,0.1
19778,ok,10.0,False,10.0,2.0,214,False,0.0,False,,0,0.0,10.0,0.285,pass,0.362
19779,capped,1000.0,True,1000.0,5.0,96904,False,0.0,False,,0,0.0,,0.841,pass,1.103
19780,ok,10.0,False,10.0,6.0,1214,False,0.0,False,G6,50,86.0,10.0,0.126,pass,0.1
19782,ok,10.0,False,10.0,7.0,1238,False,0.0,False,G4,51,193.0,10.0,0.745,pass,1.082
19783,ok,10.0,False,10.0,7.0,1246,False,0.0,False,,0,0.0,10.0,0.827,pass,1.048
19784,ok,10.0,False,10.0,5.0,1199,False,0.0,False,,0,2.0,10.0,0.126,pass,0.103
19785,ok,10.0,False,10.0,5.0,1089,False,0.0,False,G239,0,6.0,10.0,0.089,pass,0.125
19786,ok,10.0,False,10.0,6.0,1161,False,0.0,False,G12,31,111.0,10.0,0.303,pass,0.43
19787,ok,10.0,False,10.0,7.0,1236,False,0.0,False,G102,6,84.0,10.0,0.515,pass,0.567
19790,ok,10.0,False,10.0,7.0,1246,False,0.0,False,G56,11,14.0,10.0,0.128,pass,0.102
19791,ok,10.0,False,10.0,5.0,1135,False,0.0,False,G116,5,13.0,10.0,0.304,pass,0.428
19792,ok,10.0,False,10.0,7.0,1246,False,0.0,False,G92,6,19.0,10.0,0.817,pass,1.032
19794,ok,10.0,False,10.0,6.0,1214,False,0.0,False,G55,11,29.0,10.0,0.125,pass,0.101
19795,ok,10.0,False,10.0,5.0,1132,False,0.0,False,G2,63,73.0,10.0,0.071,pass,0.101
19796,ok,10.0,False,10.0,5.0,1175,False,0.0,False,G66,10,33.0,10.0,0.071,pass,0.1
19797,ok,10.0,False,10.0,5.0,969,False,0.0,False,G29,0,44.0,10.0,0.186,pass,0.254
19800,ok,10.0,False,10.0,8.0,1279,False,0.0,False,G36,18,34.0,10.0,0.146,pass,0.102
19801,ok,100.0,False,100.0,6.0,11043,False,0.0,False,,0,0.0,100.0,1.022,pass,1.479
19802,ok,10.0,False,10.0,5.0,524,False,0.0,False,,0,3.0,10.0,0.661,pass,0.742
19803,ok,10.0,False,10.0,5.0,1180,False,0.0,False,G1,95,197.0,10.0,0.477,pass,0.549
19804,ok,10.0,False,10.0,4.0,1098,False,0.0,False,G23,22,107.0,10.0,0.191,pass,0.214
19805,ok,10.0,False,10.0,4.0,1096,False,0.0,False,G42,12,107.0,10.0,0.208,pass,0.202
19806,ok,10.0,False,10.0,7.0,1247,False,0.0,False,G5,45,84.0,10.0,0.515,pass,0.584
19809,ok,10.0,False,10.0,6.0,1088,False,0.0,False,,0,1.0,10.0,0.147,pass,0.098
19811,ok,10.0,False,10.0,6.0,1210,False,0.0,False,G15,22,53.0,10.0,0.718,pass,0.999
19812,ok,10.0,False,10.0,7.0,934,False,0.0,False,,0,0.0,10.0,0.783,pass,1.067
19813,ok,10.0,False,10.0,7.0,1227,False,0.0,False,G45,0,193.0,10.0,0.796,pass,1.037
19814,ok,10.0,False,10.0,5.0,1137,False,0.0,False,G20,25,58.0,10.0,0.125,pass,0.1
19816,ok,10.0,False,10.0,6.0,1214,False,0.0,False,G55,11,29.0,10.0,0.074,pass,0.1
19819,ok,10.0,False,10.0,5.0,1132,False,0.0,False,G150,2,58.0,10.0,0.071,pass,0.1
19820,ok,10.0,False,10.0,4.0,1103,False,0.0,False,G8,44,107.0,10.0,0.136,pass,0.211
19821,ok,10.0,False,10.0,5.0,985,False,0.0,False,G54,1,44.0,10.0,0.198,pass,0.176
19822,ok,10.0,False,10.0,6.0,1219,False,0.0,False,G39,16,21.0,10.0,0.504,pass,0.592
19823,ok,10.0,False,10.0,6.0,1170,False,0.0,False,G43,12,28.0,10.0,0.194,pass,0.188
19824,ok,10.0,False,10.0,5.0,1135,False,0.0,False,G87,0,9.0,10.0,0.312,pass,0.287
19826,ok,10.0,False,10.0,6.0,18391,True,0.0,False,G344,1,1.0,10.0,0.627,pass,0.75
19829,ok,10.0,False,10.0,7.0,1238,False,0.0,False,G4,3,193.0,10.0,0.828,pass,1.035
19830,ok,10.0,False,10.0,5.0,1021,False,0.0,False,G28,18,21.0,10.0,0.128,pass,0.1
19833,ok,10.0,False,10.0,6.0,1204,False,0.0,False,G149,4,29.0,10.0,0.071,pass,0.101
19834,ok,10.0,False,10.0,5.0,1126,False,0.0,False,G94,7,15.0,10.0,0.071,pass,0.101
19836,ok,10.0,False,10.0,4.0,1094,False,0.0,False,,0,71.0,10.0,0.071,pass,0.099
19838,ok,10.0,False,10.0,4.0,1093,False,0.0,False,G3,48,71.0,10.0,0.073,pass,0.099
19840,ok,10.0,False,10.0,5.0,1132,False,0.0,False,G60,10,63.0,10.0,0.07,pass,0.1
19841,ok,10.0,False,10.0,8.0,1258,False,0.0,False,,0,0.0,10.0,0.27,pass,0.395
19843,ok,10.0,False,10.0,6.0,1201,False,0.0,False,G181,3,25.0,10.0,0.531,pass,0.574
19845,ok,10.0,False,10.0,5.0,1016,False,0.0,False,,0,6.0,10.0,0.123,pass,0.097
19846,ok,10.0,False,10.0,5.0,1132,False,0.0,False,G2,63,73.0,10.0,0.071,pass,0.1
19847,ok,10.0,False,10.0,4.0,945,False,0.0,False,,0,4.0,10.0,0.193,pass,0.263
19850,ok,10.0,False,10.0,6.0,1203,False,0.0,False,G155,4,53.0,10.0,0.812,pass,1.005
19851,ok,10.0,False,10.0,5.0,1173,False,0.0,False,G30,21,197.0,10.0,0.429,pass,0.557
19852,ok,10.0,False,10.0,7.0,1246,False,0.0,False,G7,3,193.0,10.0,0.791,pass,1.037
19855,ok,10.0,False,10.0,5.0,1166,False,0.0,False,G33,20,28.0,10.0,0.129,pass,0.101
19857,ok,10.0,False,10.0,4.0,936,False,0.0,False,G14,23,43.0,10.0,0.069,pass,0.097
19859,ok,10.0,False,10.0,5.0,1127,False,0.0,False,G93,5,58.0,10.0,0.071,pass,0.1
19861,ok,10.0,False,10.0,5.0,1131,False,0.0,False,G119,5,7.0,10.0,0.194,pass,0.22
19863,ok,10.0,False,10.0,5.0,1137,False,0.0,False,G38,16,30.0,10.0,0.149,pass,0.1
19865,ok,10.0,False,10.0,5.0,1142,False,0.0,False,G436,1,1.0,10.0,0.138,pass,0.216
19866,ok,10.0,False,10.0,5.0,1144,False,0.0,False,,0,73.0,10.0,0.141,pass,0.107
19870,ok,10.0,False,10.0,5.0,1186,False,0.0,False,G360,1,3.0,10.0,0.108,pass,0.1
19873,ok,10.0,False,10.0,4.0,936,False,0.0,False,G14,23,43.0,10.0,0.069,pass,0.098
19875,ok,10.0,False,10.0,6.0,1164,False,0.0,False,,0,28.0,10.0,0.137,pass,0.222
19876,ok,10.0,False,10.0,6.0,1169,False,0.0,False,G19,0,111.0,10.0,0.384,pass,0.424
19877,ok,10.0,False,10.0,5.0,1102,False,0.0,False,,0,0.0,10.0,0.135,pass,0.098
19878,ok,10.0,False,10.0,5.0,1132,False,0.0,False,G2,63,73.0,10.0,0.071,pass,0.1
19880,ok,10.0,False,10.0,5.0,1175,False,0.0,False,G177,3,4.0,10.0,0.074,pass,0.1
19881,ok,10.0,False,10.0,6.0,1203,False,0.0,False,,0,1.0,10.0,0.736,pass,1.041
19882,ok,10.0,False,10.0,4.0,1245,False,0.0,False,,0,0.0,10.0,0.158,pass,0.145
19883,ok,100.0,False,100.0,4.0,10818,False,25.0,False,,0,0.0,100.0,0.119,pass,0.18
19886,ok,10.0,False,10.0,5.0,1137,False,0.0,False,G10,39,63.0,10.0,0.071,pass,0.099
19887,ok,10.0,False,10.0,5.0,1137,False,0.0,False,G38,16,30.0,10.0,0.072,pass,0.103
19888,ok,10.0,False,10.0,6.0,1219,False,0.0,False,G39,16,21.0,10.0,0.422,pass,0.567
19889,ok,10.0,False,10.0,5.0,1137,False,0.0,False,G10,39,63.0,10.0,0.115,pass,0.099
19890,ok,10.0,False,10.0,6.0,1169,False,0.0,False,G136,5,8.0,10.0,0.072,pass,0.102
19892,ok,10.0,False,10.0,5.0,1180,False,0.0,False,G1,95,197.0,10.0,0.425,pass,0.553
19893,ok,10.0,False,10.0,5.0,1273,False,0.0,False,,0,0.0,10.0,0.193,pass,0.256
19894,ok,10.0,False,10.0,8.0,18439,True,0.0,False,,0,0.0,10.0,0.931,pass,1.263
19895,ok,10.0,False,10.0,6.0,1203,False,0.0,False,G370,1,32.0,10.0,0.13,pass,0.1
19898,ok,10.0,False,10.0,8.0,1269,False,0.0,False,G128,5,34.0,10.0,0.073,pass,0.102
19899,ok,10.0,False,10.0,6.0,1157,False,0.0,False,,0,26.0,10.0,0.293,pass,0.411
19900,ok,10.0,False,10.0,6.0,1169,False,0.0,False,G19,22,111.0,10.0,0.4,pass,0.429
19901,ok,10.0,False,10.0,7.0,1246,False,0.0,False,G50,12,25.0,10.0,0.142,pass,0.102
19902,ok,10.0,False,10.0,8.0,1279,False,0.0,False,G36,18,34.0,10.0,0.073,pass,0.101
19903,ok,10.0,False,10.0,7.0,1246,False,0.0,False,G7,34,193.0,10.0,0.747,pass,1.03
19904,ok,10.0,False,10.0,5.0,1109,False,0.0,False,,0,0.0,10.0,0.174,pass,0.158
19905,ok,10.0,False,10.0,5.0,950,False,0.0,False,,0,1.0,10.0,0.443,pass,0.572
19907,ok,10.0,False,10.0,5.0,1131,False,0.0,False,,0,1.0,10.0,0.206,pass,0.188
19910,ok,10.0,False,10.0,6.0,1214,False,0.0,False,G6,50,86.0,10.0,0.146,pass,0.1
19911,ok,10.0,False,10.0,8.0,1279,False,0.0,False,G326,0,1.0,10.0,0.739,pass,0.92
19912,ok,10.0,False,10.0,7.0,1240,False,0.0,False,G80,6,84.0,10.0,0.491,pass,0.563
19914,ok,10.0,False,10.0,6.0,1219,False,0.0,False,G170,3,3.0,10.0,0.491,pass,0.584
19916,ok,10.0,False,10.0,7.0,1246,False,0.0,False,G92,6,19.0,10.0,0.802,pass,1.046
19917,ok,10.0,False,10.0,8.0,1266,False,0.0,False,G386,1,1.0,10.0,0.822,pass,1.051
19918,ok,10.0,False,10.0,5.0,1135,False,0.0,False,G116,5,13.0,10.0,0.361,pass,0.428
19919,ok,10.0,False,10.0,6.0,1214,False,0.0,False,G9,45,91.0,10.0,0.075,pass,0.1
19920,ok,10.0,False,10.0,5.0,1180,False,0.0,False,G1,95,197.0,10.0,0.479,pass,0.554
19922,ok,10.0,False,10.0,5.0,1137,False,0.0,False,G10,39,63.0,10.0,0.134,pass,0.099
19923,ok,10.0,False,10.0,5.0,1130,False,0.0,False,G396,0,1.0,10.0,0.863,pass,1.533
19924,ok,10.0,False,10.0,5.0,1171,False,0.0,False,G25,22,197.0,10.0,0.492,pass,0.549
19925,ok,10.0,False,10.0,5.0,1131,False,0.0,False,G119,5,7.0,10.0,0.195,pass,0.194
19926,ok,10.0,False,10.0,5.0,1086,False,0.0,False,,0,1.0,10.0,0.151,pass,0.099
19927,ok,10.0,False,10.0,5.0,1137,False,0.0,False,G10,39,63.0,10.0,0.071,pass,0.099
19930,ok,10.0,False,10.0,6.0,1151,False,0.0,False,G41,1,111.0,,0.307,pass,0.429
19935,ok,10.0,False,10.0,6.0,1204,False,0.0,False,G70,8,86.0,10.0,0.128,pass,0.101
19936,capped,802.0,True,802.0,8.0,207055,True,0.0,False,,0,0.0,,0.635,pass,0.889
19937,ok,10.0,False,10.0,5.0,1171,False,0.0,False,G25,22,197.0,10.0,0.489,pass,0.555
19938,ok,10.0,False,10.0,8.0,1187,False,0.0,False,,0,0.0,10.0,0.78,pass,0.996
19940,ok,10.0,False,10.0,4.0,937,False,0.0,False,G291,1,4.0,10.0,0.148,pass,0.097
19941,ok,10.0,False,10.0,5.0,1175,False,0.0,False,G66,10,33.0,10.0,0.072,pass,0.1
19942,ok,10.0,False,10.0,4.0,1104,False,0.0,False,G62,0,10.0,10.0,0.071,pass,0.1
19943,ok,10.0,False,10.0,5.0,1171,False,0.0,False,G25,22,197.0,10.0,0.429,pass,0.557
19945,ok,10.0,False,10.0,6.0,1052,False,0.0,False,,0,12.0,10.0,0.893,pass,1.328
19948,ok,10.0,False,10.0,4.0,1098,False,0.0,False,G232,2,13.0,10.0,0.141,pass,0.099
19950,ok,10.0,False,10.0,5.0,1133,False,0.0,False,G17,17,42.0,10.0,0.309,pass,0.427
19953,ok,10.0,False,10.0,6.0,1208,False,0.0,False,G40,0,25.0,10.0,0.518,pass,0.58
19954,ok,10.0,False,10.0,4.0,1138,False,0.0,False,G73,8,16.0,10.0,0.072,pass,0.099
19955,ok,10.0,False,10.0,6.0,1208,False,0.0,False,G35,19,26.0,10.0,0.432,pass,0.558
19958,ok,10.0,False,10.0,4.0,1093,False,0.0,False,G53,11,14.0,10.0,0.125,pass,0.102
19960,ok,10.0,False,10.0,7.0,1087,False,0.0,False,G75,0,30.0,10.0,0.923,pass,1.36
19961,ok,10.0,False,10.0,7.0,1236,False,0.0,False,G102,0,84.0,10.0,0.495,pass,0.579
19963,ok,10.0,False,10.0,7.0,1114,False,0.0,False,G174,3,10.0,10.0,0.522,pass,0.606
19965,ok,10.0,False,10.0,8.0,1279,False,0.0,False,,0,0.0,10.0,0.127,pass,0.101
19966,ok,10.0,False,10.0,4.0,1041,False,0.0,False,G51,8,12.0,10.0,0.071,pass,0.099
19967,ok,10.0,False,10.0,7.0,1184,False,0.0,False,G253,2,2.0,10.0,0.302,pass,0.424
19970,ok,10.0,False,10.0,5.0,1133,False,0.0,False,G17,17,42.0,10.0,0.367,pass,0.429
19973,ok,10.0,False,10.0,4.0,321,False,0.0,False,G400,0,1.0,,0.869,pass,1.086
19975,ok,10.0,False,10.0,5.0,1142,False,0.0,False,G110,4,57.0,10.0,0.19,pass,0.215
19976,ok,10.0,False,10.0,4.0,920,False,0.0,False,,0,0.0,10.0,0.491,pass,0.549
19977,ok,10.0,False,10.0,5.0,1093,False,0.0,False,G398,1,6.0,10.0,0.115,pass,0.088
19978,ok,10.0,False,10.0,6.0,1169,False,0.0,False,G19,22,111.0,10.0,0.306,pass,0.426
19980,ok,10.0,False,10.0,4.0,1093,False,0.0,False,G447,1,3.0,10.0,0.074,pass,0.1
19983,ok,10.0,False,10.0,6.0,1214,False,0.0,False,G9,45,91.0,10.0,0.071,pass,0.101
19984,ok,10.0,False,10.0,6.0,1161,False,0.0,False,G12,0,111.0,10.0,0.306,pass,0.428
19985,ok,10.0,False,10.0,6.0,1214,False,0.0,False,G9,45,91.0,10.0,0.145,pass,0.1
19987,ok,10.0,False,10.0,6.0,1204,False,0.0,False,G44,14,91.0,10.0,0.072,pass,0.101
19988,ok,10.0,False,10.0,7.0,1238,False,0.0,False,G4,51,193.0,10.0,0.739,pass,1.036
19992,ok,10.0,False,10.0,6.0,1212,False,0.0,False,G450,0,1.0,10.0,0.756,pass,0.888
19993,ok,10.0,False,10.0,5.0,1132,False,0.0,False,G60,10,63.0,10.0,0.132,pass,0.1
19996,ok,10.0,False,10.0,6.0,1126,False,0.0,False,G152,3,11.0,10.0,0.68,pass,0.946
19997,capped,1000.0,True,1000.0,6.0,110679,False,0.0,False,G173,2,3.0,,0.802,pass,1.043
19998,ok,10.0,False,10.0,5.0,1126,False,0.0,False,G113,6,30.0,10.0,0.126,pass,0.101
19999,ok,10.0,False,10.0,7.0,1240,False,0.0,False,G380,1,49.0,10.0,0.435,pass,0.583
20000,ok,10.0,False,10.0,4.0,936,False,0.0,False,G14,3,43.0,10.0,0.123,pass,0.098
20026,ok,0.0,False,0.0,10.0,138,False,0.0,False,,0,,10.0,1.217,pass,1.587
20027,capped,35.0,True,35.0,11.0,72213,True,0.0,False,,0,0.0,,22.813,timeout 15 s,15.285
20028,ok,2.0,False,2.0,7.0,144,False,0.0,False,,0,0.0,10.0,2.41,pass,3.379
20034,ok,0.0,False,0.0,9.0,94,False,0.0,False,,0,,,0.602,pass,0.838
20039,capped,1000.0,True,1000.0,10.0,169080,False,0.0,False,,0,0.0,,1.172,pass,1.496
20055,ok,100.0,False,100.0,7.0,8375,False,0.0,False,,0,0.0,100.0,0.898,pass,1.235
20065,ok,0.0,False,0.0,9.0,105,False,0.0,False,,0,,,0.878,pass,1.148
20076,capped,81.0,True,81.0,11.0,60656,True,0.0,False,,0,0.0,100.0,1.068,pass,1.367
20086,ok,0.0,False,0.0,15.0,201,False,0.0,False,,0,,,0.289,pass,0.318
20091,ok,36.0,False,36.0,9.0,2695,False,0.0,False,,0,0.0,,0.656,pass,0.72
20097,ok,5.0,False,5.0,8.0,637,False,0.0,False,,0,0.0,1.0,1.92,pass,2.698
20100,ok,10.0,False,10.0,10.0,1246,False,0.0,False,,0,0.0,10.0,0.682,pass,0.939
20102,ok,10.0,False,10.0,8.0,817,False,0.0,False,,0,0.0,,1.22,pass,1.64
20115,ok,10.0,False,10.0,9.0,685,False,4.0,False,,0,0.0,,1.164,pass,1.595
20116,ok,0.0,False,0.0,9.0,106,False,0.0,False,,0,,,0.942,pass,1.204
20117,ok,9.0,False,9.0,8.0,740,False,0.0,False,,0,0.0,,0.55,pass,0.604
20120,ok,20.0,False,20.0,8.0,1485,False,0.0,False,,0,0.0,20.0,0.632,pass,0.874
20122,ok,0.0,False,0.0,13.0,153,False,0.0,False,,0,,100.0,1.225,pass,1.566
20137,ok,20.0,False,20.0,6.0,1477,False,0.0,False,,0,0.0,20.0,0.974,pass,1.189
20141,ok,10.0,False,10.0,9.0,784,False,0.0,False,,0,0.0,10.0,1.834,pass,2.172
20152,ok,9.0,False,9.0,12.0,756,False,0.0,False,,0,0.0,,2.736,pass,3.77
20165,ok,10.0,False,10.0,9.0,1166,False,0.0,False,,0,0.0,10.0,0.278,pass,0.329
20182,ok,10.0,False,10.0,12.0,1049,False,0.0,False,,0,0.0,10.0,1.406,pass,2.017
20195,ok,0.0,False,0.0,13.0,154,False,0.0,False,,0,,,0.518,pass,0.659
20205,ok,0.0,False,0.0,12.0,144,False,0.0,False,,0,,100.0,0.497,pass,0.623
20220,ok,25.0,False,25.0,11.0,1251,False,0.0,False,,0,0.0,25.0,4.721,pass,6.765
20227,ok,601.0,False,601.0,10.0,33161,False,0.0,False,,0,0.0,,0.885,pass,1.216
20231,ok,10.0,False,10.0,6.0,881,False,9.0,True,,0,0.0,,0.525,pass,0.672
20234,ok,0.0,False,0.0,7.0,76,False,0.0,False,,0,,,0.598,pass,0.724
20237,capped,1000.0,True,1000.0,16.0,152342,False,0.0,False,,0,0.0,,0.775,pass,0.96
20256,ok,50.0,False,50.0,9.0,20061,False,0.0,False,,0,0.0,50.0,1.4,pass,1.929
20274,ok,0.0,False,0.0,11.0,126,False,0.0,False,,0,,,0.122,pass,0.092
20277,ok,0.0,False,0.0,11.0,141,False,0.0,False,,0,,,0.772,pass,1.014
20286,ok,82.0,False,82.0,7.0,5748,False,0.0,False,,0,0.0,,0.732,pass,0.9
20289,ok,10.0,False,10.0,12.0,1531,False,0.0,False,,0,0.0,25.0,0.824,pass,1.066
20298,ok,133.0,False,133.0,12.0,15842,False,0.0,False,,0,0.0,,1.063,pass,1.346
20306,timeout,,False,,,93,,,False,,0,,50.0,60.112,timeout 15 s,15.079
20310,ok,5.0,False,5.0,12.0,807,False,0.0,False,,0,0.0,,0.787,pass,0.941
20329,capped,1000.0,True,1000.0,10.0,139410,False,0.0,False,,0,0.0,,2.76,pass,4.214
20334,ok,10.0,False,10.0,8.0,472,False,0.0,False,,0,0.0,,4.809,pass,7.375
20335,ok,0.0,False,0.0,9.0,131,False,0.0,False,,0,,1.0,0.835,pass,1.089
20337,ok,0.0,False,0.0,9.0,111,False,0.0,False,,0,,,0.302,pass,0.386
20338,ok,10.0,False,10.0,11.0,1889,False,1.0,False,,0,0.0,10.0,0.2,pass,0.182
20348,ok,805.0,False,805.0,13.0,123259,False,0.0,False,,0,0.0,,1.167,pass,1.518
20365,ok,20.0,False,20.0,8.0,1630,False,0.0,False,,0,0.0,,1.08,pass,1.257
20370,ok,10.0,False,10.0,12.0,547,False,0.0,False,,0,0.0,10.0,0.49,pass,0.628
20378,ok,0.0,False,0.0,10.0,115,False,0.0,False,,0,,,0.249,pass,0.254
20379,ok,5.0,False,5.0,8.0,345,False,0.0,False,,0,0.0,5.0,1.001,pass,1.448
20384,ok,0.0,False,0.0,12.0,138,False,0.0,False,,0,,1.0,1.509,pass,2.086
20388,ok,100.0,False,100.0,10.0,11325,False,0.0,False,,0,0.0,100.0,1.158,pass,1.54
20389,ok,0.0,False,0.0,11.0,129,False,0.0,False,,0,,,0.521,pass,0.658
20396,ok,10.0,False,10.0,9.0,813,False,0.0,False,,0,0.0,10.0,0.179,pass,0.232
20416,ok,100.0,False,100.0,10.0,12517,False,66.0,False,,0,0.0,100.0,1.934,pass,2.81
20426,capped,1000.0,True,1000.0,10.0,64501,False,0.0,False,,0,0.0,,2.467,pass,3.749
20430,ok,50.0,False,50.0,8.0,4050,False,0.0,False,,0,0.0,50.0,1.011,pass,1.321
20434,ok,5.0,False,5.0,8.0,776,False,0.0,False,,0,0.0,5.0,15.903,timeout 15 s,15.059
20436,ok,5.0,False,5.0,10.0,528,False,0.0,False,,0,0.0,,2.064,pass,2.777
20438,ok,50.0,False,50.0,12.0,4453,False,0.0,False,,0,0.0,,6.165,pass,7.129
20439,ok,966.0,False,966.0,16.0,128064,False,414.0,False,,0,0.0,,5.727,pass,8.609
20449,ok,0.0,False,0.0,7.0,92,False,0.0,False,,0,,,0.619,pass,0.722
20450,capped,1000.0,True,1000.0,11.0,154591,False,0.0,False,,0,0.0,,1.626,pass,2.25
20462,ok,100.0,False,100.0,11.0,5248,False,0.0,False,,0,0.0,,0.899,pass,1.196
20479,capped,1000.0,True,1000.0,9.0,128460,False,654.0,False,,0,0.0,,0.914,pass,1.265
20483,capped,1000.0,True,1000.0,9.0,41259,False,1.0,False,,0,0.0,,1.022,pass,1.366
20489,capped,1000.0,True,1000.0,12.0,63401,False,1.0,False,,0,0.0,,1.585,pass,2.278
20490,ok,10.0,False,10.0,11.0,1235,False,0.0,False,,0,0.0,,1.518,pass,2.164
20493,ok,10.0,False,10.0,8.0,426,False,0.0,False,,0,0.0,,5.444,pass,8.158
20495,ok,50.0,False,50.0,10.0,18947,True,0.0,False,,0,0.0,50.0,0.699,pass,0.891
20498,ok,5.0,False,5.0,6.0,315,False,0.0,False,,0,0.0,5.0,1.784,pass,2.567
20507,ok,100.0,False,100.0,15.0,8022,False,0.0,False,,0,0.0,100.0,0.91,pass,1.344
20533,ok,0.0,False,0.0,10.0,113,False,0.0,False,,0,,,1.071,pass,1.452
20538,ok,100.0,False,100.0,11.0,15607,False,0.0,False,,0,0.0,100.0,3.199,pass,4.623
20546,ok,10.0,False,10.0,8.0,808,False,0.0,False,,0,0.0,,0.986,pass,1.341
20548,ok,10.0,False,10.0,11.0,960,False,0.0,False,,0,0.0,,0.776,pass,0.969
20553,ok,2.0,False,2.0,6.0,195,False,0.0,False,,0,0.0,,0.152,pass,0.138
20565,ok,0.0,False,0.0,9.0,95,False,0.0,False,,0,,,0.118,pass,0.176
20576,ok,0.0,False,0.0,11.0,131,False,0.0,False,,0,,50.0,2.474,pass,2.904
20578,ok,10.0,False,10.0,5.0,469,False,0.0,False,,0,0.0,10.0,0.416,pass,0.487
20586,ok,50.0,False,50.0,11.0,6511,False,45.0,False,,0,0.0,50.0,0.773,pass,1.083
20590,ok,100.0,False,100.0,8.0,10717,False,0.0,False,,0,0.0,100.0,0.631,pass,0.858
20596,ok,0.0,False,0.0,7.0,82,False,0.0,False,,0,,10.0,0.321,pass,0.369
20607,ok,10.0,False,10.0,9.0,827,False,6.0,False,,0,0.0,,1.186,pass,1.489
20609,ok,0.0,False,0.0,8.0,88,False,0.0,False,,0,,50.0,0.189,pass,0.203
20615,ok,10.0,False,10.0,7.0,437,False,0.0,False,,0,0.0,,0.863,pass,1.105
20618,ok,43.0,False,43.0,10.0,3224,False,0.0,False,,0,0.0,100.0,0.752,pass,0.838
20621,ok,31.0,False,31.0,15.0,1785,False,0.0,False,,0,0.0,,2.838,pass,4.098
20632,ok,287.0,False,287.0,14.0,50447,False,103.0,False,,0,0.0,,12.542,timeout 15 s,15.19
20652,ok,100.0,False,100.0,11.0,6819,False,3.0,False,,0,0.0,100.0,1.065,pass,1.291
20653,ok,100.0,False,100.0,11.0,14822,False,0.0,False,,0,0.0,100.0,0.88,pass,1.247
20656,ok,7.0,False,7.0,10.0,664,False,0.0,False,,0,0.0,50.0,2.433,pass,2.612
20657,ok,50.0,False,50.0,11.0,5375,False,0.0,False,,0,0.0,50.0,2.168,pass,2.648
20663,ok,0.0,False,0.0,6.0,69,False,0.0,False,,0,,100.0,0.228,pass,0.214
20665,ok,20.0,False,20.0,9.0,1532,False,0.0,False,,0,0.0,20.0,0.284,pass,0.301
20667,ok,100.0,False,100.0,11.0,9078,False,0.0,False,,0,0.0,100.0,0.842,pass,1.1
20678,ok,0.0,False,0.0,14.0,177,False,0.0,False,,0,,,0.516,pass,0.621
20680,ok,100.0,False,100.0,8.0,11242,False,0.0,False,,0,0.0,100.0,11.762,timeout 15 s,15.068
20691,capped,1000.0,True,1000.0,9.0,46525,False,745.0,False,,0,0.0,,0.743,pass,0.87
20692,capped,1000.0,True,1000.0,9.0,55777,False,0.0,False,,0,0.0,,4.772,pass,7.125
20696,capped,1000.0,True,1000.0,10.0,38940,False,0.0,False,,0,0.0,,0.57,pass,0.896
20719,capped,1000.0,True,1000.0,10.0,68045,False,0.0,False,,0,0.0,,1.676,pass,2.19
20726,ok,538.0,False,538.0,10.0,23765,False,0.0,False,,0,0.0,,0.361,pass,0.445
20734,ok,15.0,False,15.0,9.0,895,False,13.0,False,,0,0.0,50.0,4.543,pass,4.739
20737,ok,25.0,False,25.0,8.0,3561,False,0.0,False,,0,0.0,25.0,0.23,pass,0.26
20747,ok,20.0,False,20.0,13.0,3407,False,0.0,False,,0,0.0,,1.295,pass,1.736
20752,ok,100.0,False,100.0,13.0,5066,False,0.0,False,,0,0.0,,0.577,pass,0.785
20755,ok,0.0,False,0.0,10.0,105,False,0.0,False,,0,,,0.797,pass,1.046
20756,ok,20.0,False,20.0,8.0,816,False,0.0,False,,0,0.0,20.0,0.318,pass,0.356
20757,ok,100.0,False,100.0,7.0,6063,False,0.0,False,,0,0.0,100.0,0.39,pass,0.42
20758,ok,0.0,False,0.0,14.0,146,False,0.0,False,,0,,10.0,1.888,pass,2.5
20768,ok,0.0,False,0.0,7.0,72,False,0.0,False,,0,,,0.218,pass,0.213
20788,ok,7.0,False,7.0,9.0,1266,False,0.0,False,,0,0.0,20.0,1.26,pass,1.732
20789,capped,1000.0,True,1000.0,9.0,52443,False,0.0,False,,0,0.0,,0.743,pass,0.92
20794,capped,1000.0,True,1000.0,12.0,128891,False,0.0,False,,0,0.0,,0.796,pass,1.028
20804,ok,0.0,False,0.0,10.0,107,False,0.0,False,,0,,,0.647,pass,0.899
20807,ok,10.0,False,10.0,11.0,1209,False,1.0,False,,0,0.0,10.0,2.103,pass,3.094
20809,ok,100.0,False,100.0,11.0,92198,True,0.0,False,,0,0.0,100.0,1.229,pass,1.678
20810,ok,10.0,False,10.0,9.0,785,False,0.0,False,,0,0.0,,0.743,pass,0.97
20816,ok,54.0,False,54.0,11.0,4266,False,10.0,False,,0,0.0,100.0,4.397,pass,5.624
20820,ok,0.0,False,0.0,10.0,122,False,0.0,False,,0,,,0.484,pass,0.603
20827,ok,0.0,False,0.0,12.0,140,False,0.0,False,,0,,20.0,0.2,pass,0.225
20832,capped,1000.0,True,1000.0,15.0,100659,False,25.0,False,,0,0.0,,20.958,timeout 15 s,15.164
20834,ok,100.0,False,100.0,13.0,35688,True,0.0,False,,0,0.0,100.0,1.125,pass,1.65
20838,capped,1000.0,True,1000.0,6.0,41558,False,0.0,False,,0,0.0,,1.04,pass,1.45
20849,ok,0.0,False,0.0,9.0,116,False,0.0,False,,0,,,0.344,pass,0.471
20853,ok,0.0,False,0.0,11.0,122,False,0.0,False,,0,,50.0,0.221,pass,0.227
20856,ok,50.0,False,50.0,6.0,1134,False,0.0,False,,0,0.0,50.0,1.003,pass,1.298
20861,ok,0.0,False,0.0,8.0,99,False,0.0,False,,0,,,0.294,pass,0.345
20864,ok,0.0,False,0.0,12.0,152,False,0.0,False,,0,,100.0,0.227,pass,0.275
20865,ok,1.0,False,1.0,11.0,237,False,0.0,False,,0,0.0,,0.75,pass,1.004
20866,ok,0.0,False,0.0,13.0,148,False,0.0,False,,0,,100.0,1.044,pass,1.529
20867,capped,1000.0,True,1000.0,6.0,88339,False,0.0,False,,0,0.0,,1.491,pass,2.1
20874,ok,0.0,False,0.0,11.0,124,False,0.0,False,,0,,,0.649,pass,0.764
20887,ok,0.0,False,0.0,5.0,77,False,0.0,False,,0,,10.0,0.341,pass,0.431
20889,ok,1.0,False,1.0,10.0,210,False,0.0,False,,0,0.0,10.0,0.384,pass,0.413
20895,capped,1000.0,True,1000.0,11.0,58078,False,0.0,False,,0,0.0,,0.841,pass,1.051
20897,ok,88.0,False,88.0,7.0,5177,False,0.0,False,,0,0.0,,1.624,pass,2.235
20904,ok,3.0,False,3.0,9.0,538,False,0.0,False,,0,0.0,,1.343,pass,1.727
20911,ok,0.0,False,0.0,10.0,112,False,0.0,False,,0,,1.0,0.624,pass,0.846
20913,ok,0.0,False,0.0,10.0,110,False,0.0,False,,0,,100.0,1.088,pass,1.415
20925,ok,100.0,False,100.0,12.0,15445,False,0.0,False,,0,0.0,100.0,0.477,pass,0.647
20935,ok,20.0,False,20.0,12.0,1954,False,0.0,False,,0,0.0,20.0,0.528,pass,0.629
20936,ok,1.0,False,3.0,6.0,433,True,0.0,False,,0,0.0,,0.171,pass,0.185
20948,ok,10.0,False,10.0,7.0,837,False,0.0,False,,0,0.0,10.0,1.669,pass,2.313
20959,capped,1000.0,True,1000.0,10.0,53520,False,0.0,False,,0,0.0,,1.08,pass,1.436
20967,ok,100.0,False,100.0,13.0,10446,False,1.0,False,,0,0.0,100.0,7.712,pass,11.544
20975,ok,10.0,False,10.0,11.0,1748,False,0.0,False,,0,0.0,1.0,1.302,pass,1.978
20978,ok,20.0,False,20.0,12.0,1777,False,0.0,False,,0,0.0,20.0,1.827,pass,2.648
20981,ok,10.0,False,10.0,7.0,91923,False,0.0,False,,0,0.0,,0.454,pass,0.577
20998,ok,50.0,False,50.0,13.0,5892,False,0.0,False,,0,0.0,50.0,2.081,pass,3.1
21011,ok,10.0,False,10.0,7.0,1412,False,0.0,False,,0,0.0,10.0,0.771,pass,1.004
21013,capped,1000.0,True,1000.0,12.0,91633,False,22.0,False,,0,0.0,,1.405,pass,1.893
21015,ok,100.0,False,100.0,7.0,11964,False,0.0,False,,0,0.0,100.0,0.76,pass,1.061
21017,ok,1.0,False,1.0,13.0,224,False,0.0,False,,0,0.0,,1.057,pass,1.454
21028,ok,100.0,False,100.0,8.0,11405,False,0.0,False,,0,0.0,100.0,1.659,pass,2.234
21032,ok,10.0,False,10.0,10.0,1231,False,0.0,False,,0,0.0,,0.269,pass,0.302
21038,capped,1000.0,True,1000.0,10.0,41001,False,0.0,False,,0,0.0,,4.716,pass,7.333
21042,ok,5.0,False,5.0,9.0,805,False,0.0,False,,0,0.0,,0.446,pass,0.588
21053,capped,1000.0,True,1000.0,7.0,31103,False,999.0,True,,0,0.0,,0.994,pass,1.513
21054,ok,5.0,False,5.0,9.0,774,False,0.0,False,,0,0.0,,0.478,pass,0.657
21057,ok,50.0,False,50.0,11.0,4179,False,0.0,False,,0,0.0,50.0,0.58,pass,0.648
21062,ok,13.0,False,13.0,9.0,1080,False,0.0,False,,0,0.0,,25.889,timeout 15 s,15.175
21065,ok,20.0,False,20.0,8.0,1326,False,7.0,False,,0,0.0,,1.651,pass,2.145
21066,capped,1000.0,True,1000.0,10.0,45522,False,890.0,False,,0,0.0,,1.975,pass,2.818
21085,ok,100.0,False,100.0,12.0,6687,False,0.0,False,,0,0.0,100.0,1.4,pass,1.912
21109,ok,0.0,False,0.0,12.0,165,False,0.0,False,,0,,100.0,21.981,timeout 15 s,15.059
21112,ok,0.0,False,0.0,9.0,103,False,0.0,False,,0,,10.0,0.682,pass,0.813
21116,ok,10.0,False,10.0,12.0,1366,False,0.0,False,,0,0.0,,0.3,pass,0.318
21130,ok,0.0,False,0.0,11.0,127,False,0.0,False,,0,,,0.511,pass,0.625
21134,ok,3.0,False,3.0,7.0,189,False,0.0,False,,0,0.0,1.0,0.696,pass,0.86
21135,ok,20.0,False,20.0,9.0,2205,False,0.0,False,,0,0.0,100.0,2.082,pass,2.683
21161,ok,0.0,False,0.0,4.0,57,False,0.0,False,,0,,100.0,0.219,pass,0.24
21162,ok,137.0,False,137.0,13.0,6815,False,0.0,False,,0,0.0,1.0,1.973,pass,2.587
21168,ok,0.0,False,0.0,9.0,99,False,0.0,False,,0,,,1.275,pass,1.745
21174,ok,50.0,False,50.0,11.0,5627,False,4.0,False,,0,0.0,50.0,1.358,pass,1.906
21176,ok,50.0,False,50.0,12.0,9037,False,0.0,False,,0,0.0,50.0,3.359,pass,3.977
21187,ok,0.0,False,0.0,8.0,106,False,0.0,False,,0,,100.0,0.369,pass,0.419
21189,ok,4.0,False,4.0,11.0,681,False,0.0,False,,0,0.0,,0.508,pass,0.629
21193,ok,10.0,False,10.0,9.0,946,False,0.0,False,,0,0.0,,1.832,pass,2.55
21195,capped,1000.0,True,1000.0,6.0,21246,False,992.0,False,,0,0.0,,1.612,pass,2.44
21211,ok,0.0,False,0.0,12.0,145,False,0.0,False,,0,,,0.177,pass,0.19
21213,ok,0.0,False,0.0,12.0,121,False,0.0,False,,0,,100.0,0.154,pass,0.208
21216,ok,0.0,False,0.0,8.0,130,False,0.0,False,,0,,50.0,1.518,pass,2.135
21219,ok,50.0,False,50.0,7.0,4135,False,0.0,False,,0,0.0,50.0,0.174,pass,0.197
21220,ok,0.0,False,0.0,11.0,126,False,0.0,False,,0,,,0.767,pass,1.082
21224,ok,50.0,False,50.0,6.0,5789,False,0.0,False,,0,0.0,,0.491,pass,0.599
21230,ok,0.0,False,0.0,5.0,74,False,0.0,False,,0,,,0.181,pass,0.214
21241,ok,100.0,False,100.0,12.0,6428,False,0.0,False,,0,0.0,100.0,1.269,pass,1.633
21246,capped,1000.0,True,1000.0,12.0,68336,False,0.0,False,,0,0.0,,2.157,pass,3.121
21250,ok,0.0,False,0.0,10.0,138,False,0.0,False,,0,,50.0,1.845,pass,2.623
21261,ok,4.0,False,4.0,14.0,556,False,0.0,False,,0,0.0,,1.233,pass,1.736
21265,ok,20.0,False,20.0,12.0,1273,False,0.0,False,,0,0.0,20.0,0.901,pass,1.126
21267,ok,10.0,False,10.0,9.0,550,False,0.0,False,,0,0.0,10.0,0.287,pass,0.336
21268,ok,12.0,False,12.0,10.0,1131,False,0.0,False,,0,0.0,,1.203,pass,1.507
21271,ok,10.0,False,10.0,9.0,811,False,0.0,False,,0,0.0,10.0,0.507,pass,0.612
21281,ok,0.0,False,0.0,7.0,89,False,0.0,False,,0,,,0.182,pass,0.164
21293,ok,50.0,False,50.0,8.0,5584,False,0.0,False,,0,0.0,50.0,7.724,pass,8.232
21296,ok,50.0,False,50.0,8.0,5946,False,0.0,False,,0,0.0,50.0,0.285,pass,0.347
21305,capped,1000.0,True,1000.0,14.0,91646,False,0.0,False,,0,0.0,,2.449,pass,4.805
21314,ok,0.0,False,0.0,9.0,108,False,0.0,False,,0,,,0.429,pass,0.517
21321,ok,165.0,False,165.0,12.0,23348,False,0.0,False,,0,0.0,,0.284,pass,0.316
21328,ok,287.0,False,287.0,11.0,30576,False,0.0,False,,0,0.0,,0.71,pass,0.841
21330,capped,985.0,True,985.0,13.0,77753,True,3.0,False,,0,0.0,,0.656,pass,0.864
21342,capped,1000.0,True,1000.0,10.0,114805,False,0.0,False,,0,0.0,,0.973,pass,1.288
21346,ok,44.0,False,44.0,11.0,2785,False,0.0,False,,0,0.0,,1.504,pass,1.974
21357,ok,0.0,False,0.0,9.0,115,False,0.0,False,,0,,,0.605,pass,0.786
21364,ok,0.0,False,0.0,10.0,149,False,0.0,False,,0,,,0.177,pass,0.197
21365,ok,10.0,False,10.0,13.0,1365,False,0.0,False,,0,0.0,,12.367,timeout 15 s,15.238
21366,ok,0.0,False,0.0,9.0,108,False,0.0,False,,0,,,1.241,pass,1.624
21370,capped,1000.0,True,1000.0,11.0,59626,False,0.0,False,,0,0.0,,0.691,pass,0.847
21375,ok,8.0,False,8.0,6.0,465,False,0.0,False,,0,0.0,,0.293,pass,0.324
21391,ok,100.0,False,100.0,11.0,8194,False,1.0,False,,0,0.0,100.0,12.072,timeout 15 s,15.067
21397,ok,20.0,False,20.0,10.0,2218,False,0.0,False,,0,0.0,20.0,1.438,pass,2.029
21405,ok,50.0,False,50.0,10.0,3401,False,0.0,False,,0,0.0,1.0,1.977,pass,2.791
21407,ok,10.0,False,10.0,11.0,943,False,0.0,False,,0,0.0,,0.893,pass,1.053
21419,ok,11.0,False,11.0,12.0,1295,False,0.0,False,,0,0.0,,3.724,pass,6.852
21421,ok,1.0,False,1.0,10.0,340,False,0.0,False,,0,0.0,,0.49,pass,0.636
21422,ok,63.0,False,63.0,11.0,5666,False,0.0,False,,0,0.0,,2.453,pass,3.345
21437,ok,100.0,False,100.0,8.0,5252,False,0.0,False,,0,0.0,100.0,1.001,pass,1.36
21441,ok,10.0,False,10.0,6.0,907,False,0.0,False,,0,0.0,,1.34,pass,1.81
21447,capped,43.0,True,43.0,11.0,87244,True,0.0,False,,0,0.0,50.0,0.893,pass,1.276
21461,ok,93.0,False,93.0,9.0,12585,False,7.0,False,,0,0.0,,0.463,pass,0.519
21467,ok,0.0,False,0.0,12.0,139,False,0.0,False,,0,,10.0,0.256,pass,0.283
21470,ok,853.0,False,853.0,8.0,33632,False,0.0,False,,0,0.0,,1.058,pass,1.31
21473,ok,50.0,False,50.0,12.0,8162,False,0.0,False,,0,0.0,50.0,1.653,pass,2.531
21486,capped,1000.0,True,1000.0,12.0,100686,False,816.0,False,,0,0.0,,2.832,pass,3.718
21497,ok,0.0,False,0.0,13.0,151,False,0.0,False,,0,,50.0,0.766,pass,0.886
21499,ok,10.0,False,10.0,14.0,1158,False,0.0,False,,0,0.0,,1.075,pass,1.424
21503,capped,1000.0,True,1000.0,11.0,123886,False,0.0,False,,0,0.0,,0.653,pass,0.851
21505,ok,10.0,False,10.0,9.0,1009,False,0.0,False,,0,0.0,10.0,0.791,pass,1.062
21508,ok,1.0,False,1.0,10.0,189,False,0.0,False,,0,0.0,50.0,3.116,pass,3.956
21519,ok,100.0,False,100.0,8.0,5314,False,99.0,True,,0,0.0,100.0,0.302,pass,0.392
21521,ok,0.0,False,0.0,7.0,79,False,0.0,False,,0,,10.0,0.219,pass,0.212
21525,ok,48.0,False,48.0,7.0,4685,False,0.0,False,,0,0.0,,0.355,pass,0.41
21526,ok,0.0,False,0.0,9.0,110,False,0.0,False,,0,,1000.0,1.131,pass,1.443
21527,ok,28.0,False,28.0,17.0,4590,False,0.0,False,,0,0.0,,0.766,pass,1.003
21530,ok,10.0,False,10.0,13.0,906,False,0.0,False,,0,0.0,10.0,1.075,pass,1.353
21533,capped,1000.0,True,1000.0,12.0,62476,False,0.0,False,,0,0.0,,1.024,pass,1.32
21535,ok,100.0,False,100.0,10.0,10825,False,0.0,False,,0,0.0,,1.058,pass,1.286
21542,ok,5.0,False,5.0,12.0,724,False,1.0,False,,0,0.0,100.0,1.234,pass,1.528
21549,ok,0.0,False,0.0,8.0,101,False,0.0,False,,0,,,0.49,pass,0.637
21552,ok,10.0,False,10.0,10.0,906,False,0.0,False,,0,0.0,10.0,0.934,pass,1.083
21555,ok,0.0,False,0.0,10.0,105,False,0.0,False,,0,,50.0,0.849,pass,1.183
21561,ok,0.0,False,0.0,14.0,160,False,0.0,False,,0,,,0.525,pass,0.7
21565,ok,10.0,False,10.0,9.0,947,False,0.0,False,,0,0.0,1.0,0.62,pass,0.791
21566,ok,100.0,False,100.0,15.0,9074,False,0.0,False,,0,0.0,100.0,8.391,pass,13.238
21567,ok,50.0,False,50.0,9.0,5262,False,0.0,False,,0,0.0,50.0,0.353,pass,0.414
21570,capped,1000.0,True,1000.0,7.0,71060,False,0.0,False,,0,0.0,,0.783,pass,0.99
21580,ok,48.0,False,48.0,8.0,2910,False,0.0,False,,0,0.0,,0.468,pass,0.553
21586,capped,1000.0,True,1000.0,16.0,69383,False,0.0,False,,0,0.0,,1.331,pass,1.817
21604,ok,50.0,False,50.0,9.0,5676,False,0.0,False,,0,0.0,50.0,0.948,pass,1.268
21608,ok,2.0,False,2.0,11.0,227,False,0.0,False,,0,0.0,100.0,3.444,pass,3.924
21609,ok,731.0,False,731.0,8.0,37257,False,0.0,False,,0,0.0,,1.25,pass,1.701
21627,ok,12.0,False,12.0,6.0,757,False,0.0,False,,0,0.0,,2.294,pass,3.086
21633,capped,1000.0,True,1000.0,10.0,118686,False,0.0,False,,0,0.0,5.0,0.974,pass,1.393
21643,ok,5.0,False,5.0,9.0,445,False,0.0,False,,0,0.0,10.0,1.681,pass,3.059
21649,ok,63.0,False,63.0,11.0,8761,False,30.0,False,,0,0.0,,7.21,pass,8.892
21651,ok,5.0,False,5.0,11.0,761,False,0.0,False,,0,0.0,,0.774,pass,1.003
21655,ok,122.0,False,122.0,8.0,6820,False,48.0,False,,0,0.0,,0.692,pass,0.808
21669,ok,3.0,False,3.0,11.0,751,False,0.0,False,,0,0.0,50.0,1.651,pass,2.28
21679,ok,100.0,False,100.0,9.0,16948,False,0.0,False,,0,0.0,100.0,0.794,pass,0.934
21690,ok,10.0,False,10.0,13.0,2109,False,0.0,False,,0,0.0,100.0,0.923,pass,1.256
21702,ok,50.0,False,50.0,11.0,6643,False,0.0,False,,0,0.0,50.0,0.456,pass,0.605
21706,ok,17.0,False,17.0,12.0,1683,False,0.0,False,,0,0.0,,0.786,pass,0.936
21709,capped,1000.0,True,1000.0,8.0,45516,False,954.0,False,,0,0.0,,0.228,pass,0.259
21710,ok,20.0,False,20.0,11.0,2058,False,0.0,False,,0,0.0,,0.622,pass,0.814
21716,ok,50.0,False,50.0,12.0,6040,False,0.0,False,,0,0.0,10.0,1.493,pass,2.222
21724,ok,0.0,False,0.0,11.0,134,False,0.0,False,,0,,100.0,0.663,pass,0.817
21726,ok,10.0,False,10.0,6.0,303,False,0.0,False,,0,0.0,,1.029,pass,1.322
21729,ok,5.0,False,5.0,9.0,726,False,0.0,False,,0,0.0,100.0,0.621,pass,0.798
21749,ok,100.0,False,100.0,9.0,5480,False,0.0,False,,0,0.0,,1.103,pass,1.528
21754,ok,0.0,False,0.0,9.0,128,False,0.0,False,,0,,50.0,0.212,pass,0.178
21769,ok,0.0,False,0.0,5.0,66,False,0.0,False,,0,,10.0,0.408,pass,0.483
21782,ok,45.0,False,45.0,7.0,1402,False,23.0,False,,0,0.0,100.0,0.437,pass,0.551
21784,ok,100.0,False,100.0,8.0,8346,False,36.0,False,,0,0.0,100.0,0.244,pass,0.259
21792,ok,10.0,False,10.0,9.0,1257,False,0.0,False,,0,0.0,10.0,0.312,pass,0.325
21817,ok,15.0,False,15.0,8.0,1737,False,0.0,False,,0,0.0,,0.924,pass,1.282
21818,ok,0.0,False,0.0,7.0,99,False,0.0,False,,0,,10.0,0.532,pass,0.654
21819,ok,100.0,False,100.0,11.0,6479,False,0.0,False,,0,0.0,100.0,3.669,pass,5.47
21820,ok,0.0,False,0.0,7.0,89,False,0.0,False,,0,,10.0,0.226,pass,0.233
21827,capped,1000.0,True,1000.0,8.0,120047,False,0.0,False,,0,0.0,,1.423,pass,2.006
21853,ok,0.0,False,0.0,13.0,153,False,0.0,False,,0,,,0.915,pass,1.24
21857,ok,2.0,False,2.0,11.0,435,False,0.0,False,,0,0.0,,1.014,pass,1.221
21859,ok,10.0,False,10.0,11.0,1503,False,0.0,False,,0,0.0,,2.173,pass,2.461
21865,ok,1.0,False,1.0,7.0,105,False,0.0,False,,0,0.0,,0.324,pass,0.361
21866,ok,0.0,False,0.0,5.0,60,False,0.0,False,,0,,100.0,0.185,pass,0.223
21867,ok,0.0,False,0.0,8.0,107,False,0.0,False,,0,,,1.216,pass,1.347
21870,capped,1000.0,True,1000.0,13.0,128199,False,0.0,False,,0,0.0,,1.575,pass,2.234
21878,ok,0.0,False,0.0,10.0,110,False,0.0,False,,0,,,1.524,pass,2.087
21879,ok,11.0,False,11.0,10.0,1075,False,1.0,False,,0,0.0,1.0,0.575,pass,0.732
21880,ok,50.0,False,50.0,10.0,3203,False,1.0,False,,0,0.0,50.0,3.217,pass,4.664
21883,ok,11.0,False,11.0,7.0,1013,False,0.0,False,,0,0.0,,0.924,pass,1.233
21884,ok,10.0,False,10.0,11.0,971,False,9.0,True,,0,0.0,10.0,0.5,pass,0.691
21892,ok,50.0,False,50.0,12.0,9357,False,0.0,False,,0,0.0,50.0,5.466,pass,8.624
21894,ok,2.0,False,2.0,9.0,306,False,0.0,False,,0,0.0,,7.84,pass,11.583
21896,ok,20.0,False,20.0,8.0,967,False,0.0,False,,0,0.0,,0.802,pass,1.133
21899,ok,50.0,False,50.0,8.0,8008,False,0.0,False,,0,0.0,50.0,0.338,pass,0.445
21902,ok,18.0,False,18.0,10.0,1288,False,0.0,False,,0,0.0,,1.2,pass,1.639
21910,ok,10.0,False,10.0,10.0,769,False,7.0,False,,0,0.0,,0.255,pass,0.294
21916,ok,0.0,False,0.0,8.0,91,False,0.0,False,,0,,,0.554,pass,0.692
21922,ok,0.0,False,0.0,9.0,108,False,0.0,False,,0,,,0.802,pass,1.19
21926,ok,0.0,False,0.0,13.0,135,False,0.0,False,,0,,100.0,6.023,pass,8.856
21928,ok,0.0,False,0.0,15.0,188,False,0.0,False,,0,,100.0,1.812,pass,2.512
21931,ok,0.0,False,0.0,8.0,116,False,0.0,False,,0,,,3.163,pass,4.05
21933,capped,1000.0,True,1000.0,9.0,80183,False,0.0,False,,0,0.0,,0.958,pass,1.246
21940,capped,1000.0,True,1000.0,9.0,84629,False,685.0,False,,0,0.0,,1.103,pass,1.415
21947,ok,2.0,False,2.0,11.0,436,False,0.0,False,,0,0.0,50.0,1.321,pass,2.042
21972,ok,28.0,False,28.0,10.0,3501,False,16.0,False,,0,0.0,,0.702,pass,0.885
21979,ok,10.0,False,10.0,9.0,984,False,0.0,False,,0,0.0,,1.032,pass,1.407
21981,ok,50.0,False,50.0,13.0,10057,False,1.0,False,,0,0.0,50.0,0.82,pass,1.072
21986,capped,1000.0,True,1000.0,11.0,90706,False,0.0,False,,0,0.0,,1.457,pass,1.935
21992,ok,0.0,False,0.0,11.0,164,False,0.0,False,,0,,10.0,0.521,pass,0.727
21995,ok,5.0,False,5.0,10.0,843,False,4.0,True,,0,0.0,10.0,0.438,pass,0.492
21999,ok,0.0,False,0.0,13.0,143,False,0.0,False,,0,,,0.357,pass,0.406
22010,ok,5.0,False,5.0,9.0,616,False,0.0,False,,0,0.0,1.0,2.732,pass,4.097
22016,ok,5.0,False,5.0,9.0,395,False,0.0,False,,0,0.0,,1.597,pass,2.269
22019,ok,36.0,False,36.0,10.0,2402,False,0.0,False,,0,0.0,,0.521,pass,0.634
22021,ok,0.0,False,0.0,13.0,173,False,0.0,False,,0,,50.0,0.35,pass,0.455
22024,ok,0.0,False,0.0,10.0,113,False,0.0,False,,0,,,9.044,pass,9.774
22028,ok,0.0,False,0.0,12.0,129,False,0.0,False,,0,,,0.452,pass,0.547
22034,ok,10.0,False,10.0,10.0,593,False,0.0,False,,0,0.0,,3.421,pass,5.269
22062,ok,2.0,False,2.0,11.0,513,False,0.0,False,,0,0.0,10.0,0.329,pass,0.413
22066,ok,0.0,False,0.0,6.0,71,False,0.0,False,,0,,100.0,1.291,pass,1.691
22076,ok,10.0,False,10.0,8.0,1037,False,0.0,False,,0,0.0,10.0,0.165,pass,0.156
22085,ok,0.0,False,0.0,9.0,103,False,0.0,False,,0,,,0.127,pass,0.199
22105,ok,0.0,False,0.0,12.0,136,False,0.0,False,,0,,50.0,0.267,pass,0.369
22117,ok,0.0,False,0.0,8.0,136,False,0.0,False,,0,,,1.292,pass,1.65
22118,ok,10.0,False,10.0,7.0,718,False,0.0,False,,0,0.0,10.0,0.616,pass,0.682
22123,ok,100.0,False,100.0,11.0,9780,False,0.0,False,,0,0.0,100.0,0.533,pass,0.683
22126,ok,0.0,False,0.0,13.0,143,False,0.0,False,,0,,50.0,0.36,pass,0.418
22130,capped,1000.0,True,1000.0,8.0,107434,False,41.0,False,,0,0.0,,0.432,pass,0.626
22132,capped,1000.0,True,1000.0,9.0,238862,False,0.0,False,,0,0.0,,0.496,pass,0.613
22144,ok,10.0,False,10.0,9.0,572,False,0.0,False,,0,0.0,,0.714,pass,0.933
22149,ok,10.0,False,10.0,10.0,933,False,0.0,False,,0,0.0,,1.322,pass,1.811
22153,ok,20.0,False,20.0,8.0,1472,False,19.0,True,,0,0.0,,0.279,pass,0.323
22163,capped,30.0,True,30.0,11.0,66712,True,0.0,False,,0,0.0,50.0,0.308,pass,0.339
22166,ok,0.0,False,0.0,10.0,118,False,0.0,False,,0,,,0.208,pass,0.701
22168,ok,10.0,False,10.0,11.0,1415,False,0.0,False,,0,0.0,,1.356,pass,1.801
22177,ok,10.0,False,10.0,11.0,2790,False,0.0,False,,0,0.0,10.0,0.631,pass,0.83
22180,capped,1000.0,True,1000.0,7.0,61567,False,9.0,False,,0,0.0,,21.527,timeout 15 s,15.186
22188,ok,0.0,False,0.0,11.0,113,False,0.0,False,,0,,,0.898,pass,1.24
22193,ok,100.0,False,100.0,8.0,11261,False,0.0,False,,0,0.0,,0.984,pass,1.314
22199,capped,1000.0,True,1000.0,14.0,60723,False,0.0,False,,0,0.0,,0.658,pass,0.845
22203,ok,10.0,False,10.0,9.0,755,False,0.0,False,,0,0.0,10.0,1.087,pass,1.277
22205,ok,1.0,False,1.0,10.0,263,False,0.0,False,,0,0.0,,1.01,pass,1.221
22214,ok,10.0,False,10.0,10.0,730,False,0.0,False,,0,0.0,10.0,1.272,pass,1.761
22216,ok,33.0,False,33.0,10.0,2388,False,0.0,False,,0,0.0,,1.807,pass,2.51
22222,ok,10.0,False,10.0,7.0,1012,False,0.0,False,,0,0.0,10.0,3.129,pass,5.971
22232,ok,19.0,False,19.0,12.0,2096,False,0.0,False,,0,0.0,,6.001,pass,6.427
22237,capped,1000.0,True,1000.0,9.0,138941,False,796.0,False,,0,0.0,,2.548,pass,3.488
22247,ok,50.0,False,50.0,10.0,2545,False,0.0,False,,0,0.0,50.0,1.615,pass,2.121
22249,ok,0.0,False,0.0,11.0,124,False,0.0,False,,0,,,0.328,pass,0.438
22254,ok,20.0,False,20.0,9.0,2627,False,0.0,False,,0,0.0,,0.7,pass,0.945
22259,ok,36.0,False,36.0,5.0,1870,False,16.0,False,,0,0.0,,0.553,pass,0.694
22266,ok,0.0,False,0.0,13.0,144,False,0.0,False,,0,,,0.588,pass,0.76
22271,capped,1000.0,True,1000.0,11.0,52065,False,0.0,False,,0,0.0,,1.197,pass,1.639
22275,ok,10.0,False,10.0,10.0,1306,False,0.0,False,,0,0.0,10.0,0.588,pass,0.742
22279,ok,72.0,False,72.0,9.0,8231,False,0.0,False,,0,0.0,100.0,1.192,pass,1.62
22284,ok,0.0,False,0.0,9.0,108,False,0.0,False,,0,,,0.226,pass,0.219
22290,ok,0.0,False,0.0,9.0,121,False,0.0,False,,0,,10.0,1.976,pass,2.701
22310,ok,10.0,False,10.0,8.0,929,False,0.0,False,,0,0.0,,0.517,pass,0.651
22321,ok,50.0,False,50.0,13.0,3999,False,0.0,False,,0,0.0,50.0,0.908,pass,1.194
22348,ok,10.0,False,10.0,10.0,903,False,0.0,False,,0,0.0,,1.016,pass,1.426
22349,ok,0.0,False,0.0,8.0,99,False,0.0,False,,0,,10.0,0.318,pass,0.338
22350,ok,10.0,False,10.0,11.0,18875,True,0.0,False,,0,0.0,,0.306,pass,0.368
22357,ok,0.0,False,0.0,10.0,123,False,0.0,False,,0,,,1.878,pass,2.612
22371,ok,5.0,False,5.0,6.0,227,False,0.0,False,,0,0.0,10.0,0.632,pass,0.807
22376,ok,35.0,False,35.0,9.0,3185,False,0.0,False,,0,0.0,50.0,5.983,pass,8.818
22382,ok,100.0,False,100.0,16.0,16317,False,66.0,False,,0,0.0,100.0,0.839,pass,1.012
22385,capped,1000.0,True,1000.0,9.0,54649,False,0.0,False,,0,0.0,,0.182,pass,0.225
22390,capped,1000.0,True,1000.0,14.0,52393,False,0.0,False,,0,0.0,,1.463,pass,1.944
22397,ok,10.0,False,10.0,6.0,648,False,0.0,False,,0,0.0,,0.85,pass,1.006
22400,ok,10.0,False,10.0,5.0,490,False,0.0,False,,0,0.0,10.0,2.314,pass,3.001
22407,capped,1000.0,True,1000.0,10.0,67237,False,0.0,False,,0,0.0,,0.943,pass,1.181
22411,capped,1000.0,True,1000.0,10.0,49857,False,0.0,False,,0,0.0,,2.115,pass,2.926
22412,ok,10.0,False,10.0,10.0,965,False,0.0,False,,0,0.0,,0.918,pass,1.232
22414,capped,1000.0,True,1000.0,17.0,75490,False,0.0,False,,0,0.0,1.0,2.355,pass,3.06
22416,ok,0.0,False,0.0,8.0,101,False,0.0,False,,0,,10.0,0.563,pass,0.665
22419,capped,1000.0,True,1000.0,11.0,134715,False,0.0,False,,0,0.0,,1.305,pass,1.855
22445,ok,10.0,False,10.0,9.0,757,False,0.0,False,,0,0.0,10.0,0.458,pass,0.557
22452,ok,9.0,False,9.0,9.0,803,False,0.0,False,,0,0.0,,0.485,pass,0.647
22454,ok,5.0,False,5.0,9.0,793,False,0.0,False,,0,0.0,10.0,1.159,pass,1.349
22456,capped,1000.0,True,1000.0,11.0,111985,False,0.0,False,,0,0.0,,0.456,pass,0.597
22458,ok,0.0,False,0.0,10.0,134,False,0.0,False,,0,,10.0,0.765,pass,0.796
22465,ok,10.0,False,10.0,8.0,515,False,0.0,False,,0,0.0,,1.467,pass,2.088
22467,ok,3.0,False,3.0,14.0,563,False,0.0,False,,0,0.0,,1.668,pass,2.226
22468,ok,10.0,False,10.0,9.0,1484,False,0.0,False,,0,0.0,,0.279,pass,0.3
22470,ok,0.0,False,0.0,7.0,79,False,0.0,False,,0,,100.0,0.345,pass,0.419
22474,ok,5.0,False,5.0,12.0,480,False,0.0,False,,0,0.0,5.0,0.241,pass,0.254
22487,ok,16.0,False,16.0,15.0,2723,False,0.0,False,,0,0.0,,4.464,pass,6.795
22494,capped,1000.0,True,1000.0,10.0,41020,False,0.0,False,,0,0.0,,0.927,pass,1.237
22495,ok,33.0,False,33.0,9.0,2604,False,0.0,False,,0,0.0,100.0,1.575,pass,2.21
22496,capped,1000.0,True,1000.0,10.0,68554,False,0.0,False,,0,0.0,,2.281,pass,3.282
22498,ok,100.0,False,100.0,9.0,9609,False,0.0,False,,0,0.0,100.0,1.394,pass,1.936
22506,ok,0.0,False,0.0,8.0,81,False,0.0,False,,0,,,1.423,pass,2.037
22507,ok,31.0,False,31.0,12.0,7784,True,0.0,False,,0,0.0,,2.488,pass,3.656
22513,ok,100.0,False,100.0,10.0,12644,False,0.0,False,,0,0.0,100.0,1.142,pass,1.468
22517,capped,1000.0,True,1000.0,11.0,97341,False,0.0,False,,0,0.0,,2.288,pass,3.105
22525,capped,1000.0,True,1000.0,11.0,75605,False,0.0,False,,0,0.0,,1.989,pass,2.636
22537,ok,10.0,False,10.0,7.0,1132,False,0.0,False,,0,0.0,50.0,1.117,pass,1.55
22547,ok,0.0,False,0.0,12.0,125,False,0.0,False,,0,,50.0,0.854,pass,1.276
22552,ok,23.0,False,23.0,11.0,2135,False,0.0,False,,0,0.0,,1.559,pass,2.25
22558,ok,0.0,False,0.0,6.0,77,False,0.0,False,,0,,10.0,3.416,pass,5.272
22566,ok,30.0,False,30.0,8.0,2585,False,22.0,False,,0,0.0,,0.508,pass,0.654
22577,capped,1000.0,True,1000.0,9.0,60094,False,999.0,True,,0,0.0,,1.79,pass,2.755
22580,ok,100.0,False,100.0,11.0,5913,False,0.0,False,,0,0.0,100.0,0.401,pass,0.489
22599,ok,20.0,False,20.0,10.0,2006,False,0.0,False,,0,0.0,50.0,0.183,pass,0.218
22600,capped,1000.0,True,1000.0,11.0,61365,False,0.0,False,,0,0.0,,2.595,pass,3.644
22611,ok,100.0,False,100.0,13.0,6709,False,0.0,False,,0,0.0,,1.352,pass,1.868
22616,ok,10.0,False,10.0,11.0,551,False,0.0,False,,0,0.0,,1.785,pass,2.651
22617,ok,100.0,False,100.0,8.0,5529,False,0.0,False,,0,0.0,100.0,5.374,pass,8.491
22618,ok,5.0,False,5.0,9.0,596,False,0.0,False,,0,0.0,,0.845,pass,1.079
22619,ok,0.0,False,0.0,10.0,118,False,0.0,False,,0,,,0.547,pass,0.693
22621,ok,10.0,False,10.0,10.0,830,False,0.0,False,,0,0.0,,0.844,pass,0.912
22634,ok,0.0,False,0.0,5.0,84,False,0.0,False,,0,,10.0,0.472,pass,0.64
22635,ok,0.0,False,0.0,8.0,80,False,0.0,False,,0,,100.0,0.155,pass,0.148
22640,ok,10.0,False,10.0,10.0,1250,False,0.0,False,,0,0.0,,0.36,pass,0.532
22641,ok,50.0,False,50.0,10.0,3515,False,0.0,False,,0,0.0,50.0,19.214,timeout 15 s,15.283
22642,capped,1000.0,True,1000.0,9.0,47124,False,0.0,False,,0,0.0,,1.885,pass,2.759
22653,ok,10.0,False,10.0,8.0,1201,False,0.0,False,,0,0.0,10.0,1.147,pass,1.518
22656,ok,50.0,False,50.0,7.0,6686,False,0.0,False,,0,0.0,50.0,0.197,pass,0.267
22662,ok,0.0,False,0.0,12.0,136,False,0.0,False,,0,,,0.267,pass,0.408
22664,ok,82.0,False,82.0,9.0,10282,False,0.0,False,,0,0.0,10.0,0.754,pass,1.047
22668,ok,100.0,False,100.0,9.0,15176,False,0.0,False,,0,0.0,100.0,0.338,pass,0.503
22677,ok,4.0,False,4.0,10.0,502,False,0.0,False,,0,0.0,50.0,0.379,pass,0.585
22682,ok,0.0,False,0.0,12.0,166,False,0.0,False,,0,,50.0,0.228,pass,0.335
22696,ok,10.0,False,10.0,11.0,1249,False,1.0,False,,0,0.0,10.0,0.78,pass,1.06
22713,ok,10.0,False,10.0,10.0,814,False,0.0,False,,0,0.0,,0.802,pass,1.106
22715,ok,45.0,False,45.0,10.0,6009,False,0.0,False,,0,0.0,,0.881,pass,1.305
22735,ok,20.0,False,20.0,12.0,2074,False,0.0,False,,0,0.0,,1.518,pass,2.079
22740,capped,1000.0,True,1000.0,13.0,111836,False,0.0,False,,0,0.0,,0.924,pass,1.144
22745,ok,50.0,False,50.0,12.0,4677,False,0.0,False,,0,0.0,50.0,6.319,pass,10.016
22746,ok,10.0,False,10.0,8.0,494,False,0.0,False,,0,0.0,,0.596,pass,0.723
22750,ok,0.0,False,0.0,7.0,115,False,0.0,False,,0,,10.0,1.125,pass,1.415
22767,ok,0.0,False,0.0,12.0,136,False,0.0,False,,0,,1.0,0.21,pass,0.216
22769,ok,0.0,False,0.0,9.0,128,False,0.0,False,,0,,50.0,0.273,pass,0.292
22770,ok,11.0,False,11.0,11.0,778,False,0.0,False,,0,0.0,10.0,3.12,pass,3.602
22773,ok,30.0,False,30.0,8.0,1474,False,0.0,False,,0,0.0,,1.887,pass,2.635
22774,ok,20.0,False,20.0,8.0,1295,False,19.0,True,,0,0.0,20.0,3.352,pass,4.3
22777,ok,41.0,False,41.0,8.0,2270,False,1.0,False,,0,0.0,,2.337,pass,3.317
22783,timeout,,False,,,93,,,False,,0,,100.0,60.111,timeout 15 s,15.072
22784,capped,1000.0,True,1000.0,14.0,39812,False,0.0,False,,0,0.0,,1.701,pass,2.413
22786,ok,50.0,False,50.0,10.0,4149,False,0.0,False,,0,0.0,50.0,0.436,pass,0.533
22789,ok,0.0,False,0.0,7.0,88,False,0.0,False,,0,,,1.077,pass,1.466
22792,ok,0.0,False,0.0,7.0,71,False,0.0,False,,0,,,0.763,pass,1.04
22793,ok,10.0,False,10.0,8.0,879,False,2.0,False,,0,0.0,,0.325,pass,0.358
22810,ok,10.0,False,10.0,11.0,1037,False,0.0,False,,0,0.0,100.0,0.576,pass,0.7
22813,ok,5.0,False,5.0,11.0,716,False,0.0,False,,0,0.0,10.0,1.17,pass,1.631
22819,ok,20.0,False,20.0,12.0,33316,True,0.0,False,,0,0.0,,0.563,pass,0.693
22822,ok,0.0,False,0.0,9.0,128,False,0.0,False,,0,,,0.739,pass,0.955
22826,ok,733.0,False,733.0,8.0,35094,False,720.0,False,,0,0.0,,0.222,pass,0.21
22829,ok,0.0,False,0.0,14.0,147,False,0.0,False,,0,,100.0,1.263,pass,1.683
22840,ok,0.0,False,0.0,8.0,109,False,0.0,False,,0,,,0.184,pass,0.171
22856,ok,10.0,False,10.0,14.0,1514,False,0.0,False,,0,0.0,10.0,0.772,pass,0.991
22861,ok,50.0,False,50.0,9.0,7263,False,0.0,False,,0,0.0,,0.836,pass,1.15
22865,ok,1.0,False,1.0,12.0,272,False,0.0,False,,0,0.0,100.0,0.49,pass,0.566
22867,ok,0.0,False,0.0,9.0,114,False,0.0,False,,0,,,0.188,pass,0.168
22868,ok,0.0,False,0.0,8.0,101,False,0.0,False,,0,,100.0,0.938,pass,1.236
22870,ok,100.0,False,100.0,11.0,14335,False,0.0,False,,0,0.0,100.0,0.565,pass,0.726
22872,ok,23.0,False,23.0,15.0,2141,False,0.0,False,,0,0.0,,3.866,pass,5.517
22880,ok,10.0,False,10.0,11.0,1566,False,0.0,False,,0,0.0,10.0,0.546,pass,0.633
22885,ok,5.0,False,5.0,11.0,715,False,0.0,False,,0,0.0,,0.646,pass,0.718
22890,capped,1000.0,True,1000.0,10.0,57517,False,2.0,False,,0,0.0,,0.848,pass,1.035
22894,ok,11.0,False,11.0,11.0,1873,False,10.0,True,,0,0.0,100.0,0.341,pass,0.43
22898,ok,30.0,False,30.0,8.0,2034,False,0.0,False,,0,0.0,,1.139,pass,1.436
22899,ok,0.0,False,0.0,6.0,73,False,0.0,False,,0,,,0.337,pass,0.408
22922,ok,100.0,False,100.0,9.0,4504,False,0.0,False,,0,0.0,100.0,3.038,pass,4.325
22932,capped,1000.0,True,1000.0,13.0,102890,False,0.0,False,,0,0.0,,1.542,pass,2.071
22940,ok,10.0,False,10.0,9.0,863,False,0.0,False,,0,0.0,,6.359,pass,9.679
22945,ok,100.0,False,100.0,13.0,8835,False,0.0,False,,0,0.0,100.0,17.103,timeout 15 s,15.066
22949,ok,0.0,False,0.0,3.0,41,False,0.0,False,,0,,10.0,1.915,pass,2.431
22958,capped,1000.0,True,1000.0,10.0,76722,False,0.0,False,,0,0.0,,1.086,pass,1.272
22960,ok,17.0,False,17.0,11.0,1128,False,0.0,False,,0,0.0,,0.182,pass,0.23
22961,ok,100.0,False,100.0,10.0,11138,False,0.0,False,,0,0.0,,1.436,pass,1.902
22963,ok,0.0,False,0.0,10.0,100,False,0.0,False,,0,,,1.664,pass,2.1
22971,ok,632.0,False,632.0,9.0,20211,False,0.0,False,,0,0.0,,0.445,pass,0.55
22976,ok,29.0,False,29.0,9.0,1214,False,0.0,False,,0,0.0,,4.964,pass,5.504
22980,ok,36.0,False,36.0,7.0,2145,False,27.0,False,,0,0.0,,0.257,pass,0.335
23012,ok,7.0,False,7.0,11.0,814,False,0.0,False,,0,0.0,,2.164,pass,2.872
23016,ok,0.0,False,0.0,7.0,83,False,0.0,False,,0,,,1.971,pass,2.865
23020,ok,38.0,False,38.0,9.0,4994,False,0.0,False,,0,0.0,50.0,1.391,pass,1.867
23040,ok,0.0,False,0.0,7.0,101,False,0.0,False,,0,,10.0,1.795,pass,2.675
23052,ok,0.0,False,0.0,11.0,130,False,0.0,False,,0,,100.0,1.001,pass,1.352
23058,ok,10.0,False,10.0,9.0,1266,False,0.0,False,,0,0.0,,0.54,pass,0.645
23059,ok,0.0,False,0.0,10.0,134,False,0.0,False,,0,,,0.288,pass,0.334
23062,ok,10.0,False,10.0,6.0,434,False,8.0,False,,0,0.0,10.0,0.211,pass,0.254
23063,ok,100.0,False,100.0,7.0,4484,False,0.0,False,,0,0.0,100.0,4.083,pass,5.748
23064,ok,50.0,False,50.0,12.0,7385,False,0.0,False,,0,0.0,50.0,1.026,pass,1.314
23065,capped,1000.0,True,1000.0,5.0,28434,False,0.0,False,,0,0.0,,1.604,pass,2.397
23077,ok,0.0,False,0.0,11.0,119,False,0.0,False,,0,,,0.865,pass,1.086
23079,ok,0.0,False,0.0,12.0,139,False,0.0,False,,0,,100.0,0.595,pass,0.709
23082,capped,1000.0,True,1000.0,8.0,115625,False,630.0,False,,0,0.0,,0.366,pass,0.471
23099,ok,50.0,False,50.0,9.0,2027,False,0.0,False,,0,0.0,50.0,0.452,pass,0.569
23106,ok,4.0,False,4.0,12.0,664,False,0.0,False,,0,0.0,100.0,1.255,pass,1.679
23107,capped,1000.0,True,1000.0,10.0,144430,False,0.0,False,,0,0.0,,0.963,pass,1.229
23109,capped,1000.0,True,1000.0,8.0,53545,False,42.0,False,,0,0.0,,1.735,pass,2.468
23114,ok,10.0,False,10.0,8.0,1151,False,0.0,False,,0,0.0,10.0,0.157,pass,0.137
23122,ok,50.0,False,50.0,6.0,2841,False,0.0,False,,0,0.0,50.0,24.531,timeout 15 s,15.066
23124,ok,50.0,False,50.0,11.0,7300,False,0.0,False,,0,0.0,50.0,1.995,pass,2.871
23128,ok,39.0,False,39.0,8.0,1375,False,0.0,False,,0,0.0,50.0,0.688,pass,0.944
23129,ok,1.0,False,1.0,8.0,128,False,0.0,False,,0,0.0,,0.218,pass,0.199
23137,ok,5.0,False,5.0,13.0,656,False,0.0,False,,0,0.0,,1.732,pass,2.355
23140,ok,100.0,False,100.0,13.0,5151,False,0.0,False,,0,0.0,100.0,0.867,pass,1.26
23141,ok,15.0,False,15.0,10.0,859,False,0.0,False,,0,0.0,15.0,0.372,pass,0.405
23162,ok,0.0,False,0.0,15.0,166,False,0.0,False,,0,,,1.272,pass,1.712
23167,capped,1000.0,True,1000.0,14.0,144475,False,0.0,False,,0,0.0,,0.535,pass,0.677
23169,capped,1000.0,True,1000.0,11.0,69483,False,0.0,False,,0,0.0,,1.094,pass,1.466
23175,ok,101.0,False,101.0,9.0,7376,False,0.0,False,,0,0.0,,6.148,pass,7.412
23180,capped,1000.0,True,1000.0,12.0,124607,False,0.0,False,,0,0.0,,3.797,pass,7.076
23186,capped,1000.0,True,1000.0,11.0,60624,False,0.0,False,,0,0.0,,0.902,pass,1.105
23193,ok,10.0,False,10.0,12.0,1164,False,0.0,False,,0,0.0,,16.283,timeout 15 s,15.274
23200,capped,1000.0,True,1000.0,9.0,69043,False,0.0,False,,0,0.0,,0.848,pass,1.017
23201,capped,1000.0,True,1000.0,6.0,73173,False,0.0,False,,0,0.0,,0.832,pass,1.056
23203,capped,1000.0,True,1000.0,12.0,67739,False,0.0,False,,0,0.0,1.0,0.887,pass,1.13
23214,ok,50.0,False,50.0,12.0,4114,False,0.0,False,,0,0.0,50.0,0.932,pass,1.087
23216,capped,1000.0,True,1000.0,9.0,56662,False,0.0,False,,0,0.0,,1.033,pass,1.208
23217,ok,0.0,False,0.0,14.0,157,False,0.0,False,,0,,100.0,1.198,pass,1.634
23219,capped,1000.0,True,1000.0,8.0,112981,False,0.0,False,,0,0.0,,0.659,pass,0.768
23230,ok,100.0,False,100.0,7.0,7289,False,0.0,False,,0,0.0,100.0,1.325,pass,1.779
23241,capped,1000.0,True,1000.0,6.0,55669,False,0.0,False,,0,0.0,,0.904,pass,1.039
23248,capped,1000.0,True,1000.0,11.0,128075,False,0.0,False,,0,0.0,,2.631,pass,3.89
23249,ok,27.0,False,27.0,7.0,1717,False,0.0,False,,0,0.0,,0.287,pass,0.332
23252,ok,10.0,False,10.0,10.0,845,False,0.0,False,,0,0.0,,0.87,pass,1.034
23255,ok,210.0,False,210.0,13.0,31939,False,0.0,False,,0,0.0,,0.65,pass,0.838
23256,ok,4.0,False,4.0,10.0,561,False,0.0,False,,0,0.0,,1.976,pass,2.642
23266,ok,100.0,False,100.0,11.0,9013,False,1.0,False,,0,0.0,100.0,1.197,pass,1.467
23268,ok,6.0,False,6.0,13.0,652,False,0.0,False,,0,0.0,,1.307,pass,1.603
23269,ok,0.0,False,0.0,14.0,164,False,0.0,False,,0,,100.0,0.606,pass,0.774
23272,capped,1000.0,True,1000.0,11.0,58973,False,0.0,False,,0,0.0,,2.366,pass,3.295
23281,ok,100.0,False,100.0,13.0,11742,False,0.0,False,,0,0.0,100.0,0.657,pass,0.861
23282,ok,127.0,False,127.0,8.0,12065,False,1.0,False,,0,0.0,,0.328,pass,0.455
23293,ok,211.0,False,211.0,13.0,30468,False,0.0,False,,0,0.0,,0.656,pass,0.816
23297,ok,0.0,False,0.0,7.0,96,False,0.0,False,,0,,50.0,0.883,pass,1.163
23299,ok,0.0,False,0.0,12.0,152,False,0.0,False,,0,,10.0,0.581,pass,0.74
23304,ok,50.0,False,50.0,14.0,7929,False,0.0,False,,0,0.0,50.0,4.288,pass,6.143
23306,ok,10.0,False,10.0,10.0,2924,False,0.0,False,,0,0.0,,0.473,pass,0.701
23317,capped,1000.0,True,1000.0,11.0,116054,False,0.0,False,,0,0.0,,0.821,pass,1.079
23319,ok,10.0,False,10.0,7.0,1128,False,0.0,False,,0,0.0,,0.504,pass,0.662
23333,ok,50.0,False,50.0,11.0,3399,False,1.0,False,,0,0.0,50.0,0.582,pass,0.803
23338,ok,100.0,False,100.0,11.0,10684,False,0.0,False,,0,0.0,100.0,0.646,pass,0.86
23345,ok,20.0,False,20.0,11.0,2692,False,0.0,False,,0,0.0,,1.436,pass,1.718
23368,ok,0.0,False,0.0,8.0,103,False,0.0,False,,0,,20.0,1.58,pass,2.29
23376,ok,1.0,False,1.0,9.0,311,False,0.0,False,,0,0.0,100.0,0.334,pass,0.442
23379,ok,0.0,False,0.0,9.0,111,False,0.0,False,,0,,,1.762,pass,2.27
23394,ok,0.0,False,0.0,10.0,107,False,0.0,False,,0,,,0.875,pass,1.208
23397,ok,0.0,False,0.0,13.0,146,False,0.0,False,,0,,,0.191,pass,0.168
23401,capped,1000.0,True,1000.0,11.0,72451,False,0.0,False,,0,0.0,,0.992,pass,1.187
23415,ok,0.0,False,0.0,10.0,110,False,0.0,False,,0,,10.0,1.239,pass,1.588
23429,ok,10.0,False,10.0,10.0,963,False,0.0,False,,0,0.0,10.0,1.117,pass,1.35
23435,ok,2.0,False,2.0,6.0,192,False,0.0,False,,0,0.0,,0.65,pass,0.839
23436,ok,10.0,False,10.0,9.0,808,False,0.0,False,,0,0.0,,1.433,pass,1.877
23440,capped,1000.0,True,1000.0,11.0,119857,False,0.0,False,,0,0.0,,0.174,pass,0.212
23449,ok,20.0,False,20.0,9.0,2225,False,0.0,False,,0,0.0,,0.353,pass,0.505
23451,ok,10.0,False,10.0,9.0,888,False,0.0,False,,0,0.0,,0.481,pass,0.641
23454,ok,0.0,False,0.0,11.0,126,False,0.0,False,,0,,,1.06,pass,1.224
23456,ok,34.0,False,34.0,11.0,5431,False,14.0,False,,0,0.0,,1.522,pass,2.112
23466,ok,50.0,False,50.0,10.0,7182,False,0.0,False,,0,0.0,50.0,1.852,pass,2.93
23468,capped,1000.0,True,1000.0,8.0,54638,False,0.0,False,,0,0.0,,0.752,pass,1.038
23471,ok,4.0,False,4.0,14.0,598,False,0.0,False,,0,0.0,50.0,2.053,pass,2.982
23489,ok,100.0,False,100.0,11.0,12293,False,0.0,False,,0,0.0,,5.436,pass,6.402
23496,ok,5.0,False,5.0,15.0,631,False,0.0,False,,0,0.0,,1.458,pass,1.971
23503,capped,1000.0,True,1000.0,11.0,155912,False,0.0,False,,0,0.0,,0.812,pass,1.114
23505,ok,0.0,False,0.0,14.0,158,False,0.0,False,,0,,,1.356,pass,1.844
23523,ok,10.0,False,10.0,13.0,1040,False,0.0,False,,0,0.0,,0.888,pass,1.115
23526,ok,87.0,False,87.0,10.0,46569,False,48.0,False,,0,0.0,,1.321,pass,1.827
23530,ok,0.0,False,0.0,13.0,154,False,0.0,False,,0,,100.0,0.675,pass,0.747
23537,ok,20.0,False,20.0,7.0,1615,False,0.0,False,,0,0.0,20.0,1.943,pass,2.773
23542,ok,3.0,False,3.0,6.0,304,False,0.0,False,,0,0.0,,1.127,pass,1.51
23545,ok,10.0,False,10.0,12.0,1534,False,0.0,False,,0,0.0,10.0,0.998,pass,1.233
23548,ok,10.0,False,10.0,11.0,1180,False,0.0,False,,0,0.0,10.0,5.801,pass,7.553
23549,ok,2.0,False,2.0,10.0,338,False,1.0,True,,0,0.0,50.0,0.897,pass,1.221
23560,capped,1000.0,True,1000.0,6.0,86679,False,0.0,False,,0,0.0,,0.917,pass,1.223
23571,ok,0.0,False,0.0,7.0,96,False,0.0,False,,0,,,7.374,pass,10.833
23574,ok,10.0,False,10.0,10.0,1192,False,8.0,False,,0,0.0,,1.086,pass,1.575
23578,ok,0.0,False,0.0,4.0,54,False,0.0,False,,0,,,1.084,pass,1.586
23580,ok,5.0,False,5.0,10.0,848,False,0.0,False,,0,0.0,10.0,0.609,pass,0.752
23583,ok,1.0,False,1.0,11.0,215,False,0.0,False,,0,0.0,,1.19,pass,1.507
23584,capped,1000.0,True,1000.0,9.0,77262,False,0.0,False,,0,0.0,,0.513,pass,0.666
23586,ok,100.0,False,100.0,10.0,5650,False,0.0,False,,0,0.0,100.0,0.792,pass,1.002
23590,ok,100.0,False,100.0,8.0,13759,False,0.0,False,,0,0.0,100.0,1.195,pass,1.621
23592,ok,5.0,False,5.0,11.0,748,False,0.0,False,,0,0.0,,1.043,pass,1.444
23593,ok,5.0,False,5.0,8.0,417,False,0.0,False,,0,0.0,,2.248,pass,3.228
23605,ok,20.0,False,20.0,6.0,745,False,9.0,False,,0,0.0,,0.698,pass,0.856
23614,ok,3.0,False,3.0,10.0,390,False,0.0,False,,0,0.0,100.0,1.936,pass,2.443
23619,ok,1.0,False,1.0,7.0,122,False,0.0,False,,0,0.0,10.0,0.473,pass,0.636
23627,ok,10.0,False,10.0,10.0,1480,False,0.0,False,,0,0.0,100.0,0.32,pass,0.337
23631,ok,50.0,False,50.0,9.0,3404,False,0.0,False,,0,0.0,,0.722,pass,0.807
23632,capped,1000.0,True,1000.0,10.0,46091,False,0.0,False,,0,0.0,,0.748,pass,0.917
23633,ok,10.0,False,10.0,9.0,588,False,0.0,False,,0,0.0,10.0,0.226,pass,0.26
23666,capped,1000.0,True,1000.0,14.0,125013,False,949.0,False,,0,0.0,,0.308,pass,0.357
23670,ok,100.0,False,100.0,13.0,14137,False,71.0,False,,0,0.0,100.0,0.84,pass,1.002
23689,capped,1000.0,True,1000.0,10.0,76339,False,2.0,False,,0,0.0,,1.631,pass,2.311
23707,ok,100.0,False,100.0,12.0,7452,False,0.0,False,,0,0.0,100.0,0.76,pass,0.991
23710,ok,50.0,False,50.0,7.0,2419,False,25.0,False,,0,0.0,50.0,0.997,pass,1.431
23713,capped,1000.0,True,1000.0,8.0,63409,False,0.0,False,,0,0.0,,0.563,pass,0.758
23723,ok,430.0,False,430.0,13.0,51395,False,0.0,False,,0,0.0,,0.854,pass,1.12
23731,ok,276.0,False,276.0,9.0,16394,False,0.0,False,,0,0.0,,0.29,pass,0.302
23733,ok,10.0,False,10.0,7.0,577,False,0.0,False,,0,0.0,10.0,4.288,pass,7.072
23752,ok,50.0,False,50.0,10.0,6192,False,0.0,False,,0,0.0,,1.648,pass,2.258
23754,ok,10.0,False,10.0,11.0,1361,False,4.0,False,,0,0.0,,1.778,pass,2.154
23755,ok,1.0,False,1.0,7.0,182,False,0.0,False,,0,0.0,100.0,1.482,pass,2.073
23758,ok,100.0,False,100.0,12.0,11739,False,0.0,False,,0,0.0,,0.908,pass,1.142
23763,ok,102.0,False,102.0,11.0,5605,False,0.0,False,,0,0.0,,0.785,pass,1.009
23765,ok,100.0,False,100.0,12.0,12890,False,0.0,False,,0,0.0,100.0,1.132,pass,1.419
23776,ok,64.0,False,64.0,9.0,4923,False,43.0,False,,0,0.0,,2.907,pass,3.94
23777,ok,12.0,False,12.0,8.0,1263,False,1.0,False,,0,0.0,,0.267,pass,0.301
23779,ok,3.0,False,3.0,7.0,468,False,0.0,False,,0,0.0,,22.235,timeout 15 s,15.193
23780,ok,16.0,False,16.0,14.0,2320,False,0.0,False,,0,0.0,100.0,11.36,timeout 15 s,15.265
23784,ok,0.0,False,0.0,2.0,28,False,0.0,False,,0,,10.0,0.24,pass,0.262
23791,ok,0.0,False,0.0,9.0,103,False,0.0,False,,0,,,0.753,pass,0.968
23792,ok,990.0,False,990.0,8.0,59084,False,274.0,False,,0,0.0,,0.292,pass,0.321
23793,ok,10.0,False,10.0,10.0,1036,False,0.0,False,,0,0.0,20.0,0.318,pass,0.313
23800,ok,50.0,False,50.0,11.0,4534,False,0.0,False,,0,0.0,,2.537,pass,3.866
23808,ok,10.0,False,10.0,10.0,638,False,0.0,False,,0,0.0,10.0,2.571,pass,3.287
23824,ok,20.0,False,20.0,10.0,2530,False,0.0,False,,0,0.0,,0.992,pass,1.304
23826,capped,1000.0,True,1000.0,8.0,95483,False,0.0,False,,0,0.0,,0.475,pass,0.682
23834,ok,50.0,False,50.0,10.0,3310,False,0.0,False,,0,0.0,,1.52,pass,1.906
23835,ok,0.0,False,0.0,9.0,107,False,0.0,False,,0,,,0.781,pass,0.907
23839,ok,20.0,False,20.0,10.0,1549,False,0.0,False,,0,0.0,,2.234,pass,2.569
23840,ok,50.0,False,50.0,10.0,5247,False,0.0,False,,0,0.0,50.0,0.666,pass,0.826
23846,ok,0.0,False,0.0,11.0,115,False,0.0,False,,0,,,13.192,timeout 15 s,15.311
23847,ok,10.0,False,10.0,9.0,635,False,0.0,False,,0,0.0,,1.787,pass,2.273
23848,ok,3.0,False,3.0,9.0,384,False,0.0,False,,0,0.0,1.0,0.479,pass,0.674
23860,ok,0.0,False,0.0,10.0,136,False,0.0,False,,0,,,0.367,pass,0.405
23866,ok,0.0,False,0.0,13.0,150,False,0.0,False,,0,,,1.79,pass,2.075
23874,ok,10.0,False,10.0,7.0,1163,False,0.0,False,,0,0.0,,1.448,pass,1.83
23882,ok,4.0,False,4.0,12.0,650,False,0.0,False,,0,0.0,10.0,0.62,pass,0.702
23889,ok,13.0,False,13.0,8.0,709,False,0.0,False,,0,0.0,25.0,1.224,pass,1.601
23893,ok,0.0,False,0.0,8.0,103,False,0.0,False,,0,,,1.27,pass,1.714
23898,ok,12.0,False,12.0,9.0,1807,False,0.0,False,,0,0.0,,1.383,pass,1.89
23902,ok,0.0,False,0.0,8.0,92,False,0.0,False,,0,,,0.148,pass,0.13
23903,ok,1.0,False,1.0,13.0,165,False,0.0,False,,0,0.0,,0.869,pass,1.134
23928,ok,10.0,False,10.0,11.0,1018,False,0.0,False,,0,0.0,,0.226,pass,0.306
23940,ok,100.0,False,100.0,10.0,9858,False,0.0,False,,0,0.0,100.0,1.165,pass,1.469
23955,capped,1000.0,True,1000.0,10.0,75088,False,452.0,False,,0,0.0,1.0,7.822,timeout 15 s,15.074
23966,ok,10.0,False,10.0,11.0,1004,False,0.0,False,,0,0.0,,0.724,pass,0.935
23969,ok,0.0,False,0.0,10.0,137,False,0.0,False,,0,,,2.194,pass,2.743
23975,ok,0.0,False,0.0,7.0,96,False,0.0,False,,0,,50.0,0.162,pass,0.229
23976,ok,13.0,False,13.0,10.0,1683,False,0.0,False,,0,0.0,50.0,0.509,pass,0.729
23985,ok,0.0,False,0.0,8.0,83,False,0.0,False,,0,,,0.804,pass,1.068
23988,ok,100.0,False,100.0,13.0,10731,False,0.0,False,,0,0.0,100.0,1.386,pass,1.726
23991,ok,0.0,False,0.0,8.0,93,False,0.0,False,,0,,100.0,1.502,pass,1.974
23994,capped,1000.0,True,1000.0,8.0,54549,False,0.0,False,,0,0.0,,1.352,pass,2.011
24000,ok,100.0,False,100.0,12.0,14879,False,1.0,False,,0,0.0,100.0,0.407,pass,0.504
24002,ok,173.0,False,173.0,9.0,8378,False,0.0,False,,0,0.0,,0.248,pass,0.294
24007,ok,10.0,False,10.0,7.0,664,False,0.0,False,,0,0.0,10.0,1.617,pass,2.254
24008,ok,0.0,False,0.0,6.0,71,False,0.0,False,,0,,,0.564,pass,0.748
24009,ok,0.0,False,0.0,14.0,154,False,0.0,False,,0,,,1.462,pass,2.063
24013,ok,10.0,False,10.0,5.0,516,False,0.0,False,,0,0.0,10.0,1.024,pass,1.435
24021,ok,134.0,False,134.0,8.0,7862,False,1.0,False,,0,0.0,,0.795,pass,1.176
24030,capped,11.0,True,11.0,9.0,57264,True,0.0,False,,0,0.0,100.0,3.578,pass,4.133
24035,ok,10.0,False,10.0,8.0,1278,False,0.0,False,,0,0.0,10.0,1.738,pass,2.479
24042,ok,20.0,False,20.0,9.0,797,False,0.0,False,,0,0.0,50.0,1.549,pass,2.119
24043,ok,0.0,False,0.0,10.0,134,False,0.0,False,,0,,,0.848,pass,1.107
24045,ok,10.0,False,10.0,7.0,710,False,0.0,False,,0,0.0,10.0,1.208,pass,1.465
24052,ok,10.0,False,10.0,7.0,435,False,0.0,False,,0,0.0,,0.251,pass,0.277
24053,capped,1000.0,True,1000.0,10.0,123692,False,763.0,False,,0,0.0,,2.079,pass,2.952
24054,ok,0.0,False,0.0,8.0,90,False,0.0,False,,0,,100.0,0.3,pass,0.335
24058,ok,10.0,False,10.0,8.0,971,False,0.0,False,,0,0.0,10.0,2.182,pass,2.965
24062,ok,17.0,False,17.0,10.0,1696,False,0.0,False,,0,0.0,100.0,0.886,pass,1.113
24067,ok,20.0,False,20.0,10.0,2240,False,0.0,False,,0,0.0,,1.022,pass,1.417
24072,ok,10.0,False,10.0,11.0,638,False,0.0,False,,0,0.0,10.0,0.921,pass,1.229
24081,ok,0.0,False,0.0,8.0,99,False,0.0,False,,0,,,0.241,pass,0.324
24104,ok,3.0,False,3.0,9.0,292,False,0.0,False,,0,0.0,,0.339,pass,0.383
24116,ok,47.0,False,47.0,9.0,4092,False,0.0,False,,0,0.0,100.0,0.318,pass,0.389
24122,capped,1000.0,True,1000.0,14.0,85573,False,63.0,False,,0,0.0,,0.64,pass,0.763
24126,ok,10.0,False,10.0,8.0,813,False,0.0,False,,0,0.0,,1.986,pass,2.805
24136,ok,0.0,False,0.0,8.0,89,False,0.0,False,,0,,,0.993,pass,1.256
24143,ok,49.0,False,49.0,8.0,7034,False,0.0,False,,0,0.0,100.0,3.434,pass,6.182
24149,ok,100.0,False,100.0,9.0,7944,False,0.0,False,,0,0.0,100.0,1.394,pass,1.981
24154,ok,100.0,False,100.0,16.0,6345,False,0.0,False,,0,0.0,100.0,5.434,pass,8.285
24159,ok,50.0,False,50.0,7.0,6902,False,0.0,False,,0,0.0,,0.503,pass,0.615
24163,ok,11.0,False,11.0,9.0,636,False,0.0,False,,0,0.0,,1.656,pass,2.1
24164,capped,1000.0,True,1000.0,13.0,64925,False,0.0,False,,0,0.0,,3.309,pass,4.638
24165,ok,1.0,False,1.0,10.0,183,False,0.0,False,,0,0.0,100.0,0.786,pass,1.038
24168,ok,10.0,False,10.0,10.0,720,False,0.0,False,,0,0.0,,0.722,pass,0.936
24181,ok,0.0,False,0.0,15.0,177,False,0.0,False,,0,,20.0,0.421,pass,0.567
24183,capped,1000.0,True,1000.0,11.0,65986,False,0.0,False,,0,0.0,,1.285,pass,1.667
24187,ok,370.0,False,370.0,9.0,41632,False,0.0,False,,0,0.0,,0.78,pass,0.926
24190,ok,5.0,False,5.0,11.0,506,False,0.0,False,,0,0.0,,10.243,timeout 15 s,15.068
24199,ok,116.0,False,116.0,8.0,7622,False,0.0,False,,0,0.0,,1.063,pass,1.338
24204,ok,0.0,False,0.0,7.0,89,False,0.0,False,,0,,10.0,2.468,pass,3.491
24209,capped,1000.0,True,1000.0,12.0,86921,False,4.0,False,,0,0.0,,2.717,pass,3.696
24212,capped,1000.0,True,1000.0,11.0,32124,False,999.0,True,,0,0.0,,0.721,pass,0.924
24215,ok,0.0,False,0.0,14.0,167,False,0.0,False,,0,,,0.188,pass,0.201
24216,ok,0.0,False,0.0,8.0,88,False,0.0,False,,0,,,0.681,pass,0.893
24219,ok,10.0,False,10.0,8.0,1365,False,0.0,False,,0,0.0,10.0,3.44,pass,5.001
24220,ok,0.0,False,0.0,11.0,137,False,0.0,False,,0,,10.0,1.01,pass,1.418
24223,ok,0.0,False,0.0,8.0,93,False,0.0,False,,0,,,0.757,pass,0.995
24229,ok,100.0,False,100.0,10.0,5397,False,0.0,False,,0,0.0,,0.631,pass,0.701
24240,ok,10.0,False,10.0,13.0,890,False,0.0,False,,0,0.0,,1.157,pass,1.416
24245,ok,10.0,False,10.0,8.0,520,False,0.0,False,,0,0.0,10.0,0.968,pass,1.333
24247,ok,10.0,False,10.0,7.0,1310,False,0.0,False,,0,0.0,,0.767,pass,0.928
24258,ok,10.0,False,10.0,9.0,1007,False,0.0,False,,0,0.0,,0.616,pass,0.883
24261,ok,10.0,False,10.0,10.0,1124,False,0.0,False,,0,0.0,10.0,0.428,pass,0.542
24277,ok,0.0,False,0.0,7.0,73,False,0.0,False,,0,,,0.496,pass,0.639
24283,ok,10.0,False,10.0,10.0,4074,True,0.0,False,,0,0.0,50.0,2.732,pass,3.167
24297,ok,20.0,False,20.0,10.0,2936,False,0.0,False,,0,0.0,20.0,2.255,pass,3.028
24299,ok,0.0,False,0.0,8.0,103,False,0.0,False,,0,,50.0,1.345,pass,1.645
24301,ok,2.0,False,2.0,9.0,301,False,0.0,False,,0,0.0,100.0,2.476,pass,3.453
24303,ok,10.0,False,10.0,7.0,567,False,0.0,False,,0,0.0,10.0,3.681,pass,5.26
24304,ok,0.0,False,0.0,12.0,178,False,0.0,False,,0,,50.0,1.571,pass,2.06
24305,ok,100.0,False,100.0,11.0,6681,False,20.0,False,,0,0.0,100.0,0.764,pass,0.969
24313,ok,5.0,False,5.0,10.0,349,False,0.0,False,,0,0.0,,2.597,pass,3.705
24317,ok,0.0,False,0.0,15.0,186,False,0.0,False,,0,,50.0,0.292,pass,0.319
24339,ok,10.0,False,10.0,7.0,1036,False,8.0,False,,0,0.0,,1.616,pass,2.331
24351,ok,18.0,False,18.0,11.0,1478,False,0.0,False,,0,0.0,,1.285,pass,1.816
24362,ok,10.0,False,10.0,6.0,367,False,0.0,False,,0,0.0,,0.72,pass,0.854
24368,ok,50.0,False,50.0,9.0,3586,False,0.0,False,,0,0.0,,1.343,pass,1.831
24372,ok,493.0,False,493.0,10.0,47103,False,0.0,False,,0,0.0,,21.205,timeout 15 s,15.213
24373,ok,105.0,False,105.0,11.0,13622,False,11.0,False,,0,0.0,,0.785,pass,1.008
24381,ok,5.0,False,5.0,9.0,793,False,0.0,False,,0,0.0,,1.701,pass,2.234
24382,capped,1000.0,True,1000.0,10.0,63712,False,0.0,False,,0,0.0,,2.424,pass,3.359
24393,ok,10.0,False,10.0,8.0,1458,False,0.0,False,,0,0.0,10.0,0.63,pass,0.853
24422,ok,29.0,False,29.0,9.0,1296,False,0.0,False,,0,0.0,,1.0,pass,1.285
24424,ok,0.0,False,0.0,7.0,106,False,0.0,False,,0,,,0.744,pass,0.918
24427,ok,0.0,False,0.0,11.0,112,False,0.0,False,,0,,50.0,0.152,pass,0.144
24431,ok,0.0,False,0.0,5.0,58,False,0.0,False,,0,,,1.963,pass,2.661
24432,ok,50.0,False,50.0,7.0,3620,False,0.0,False,,0,0.0,50.0,0.98,pass,1.244
24440,ok,50.0,False,50.0,10.0,3646,False,0.0,False,,0,0.0,50.0,2.863,pass,4.133
24444,ok,0.0,False,0.0,10.0,109,False,0.0,False,,0,,,2.0,pass,2.685
24446,ok,50.0,False,50.0,15.0,5048,False,0.0,False,,0,0.0,50.0,1.102,pass,1.562
24454,capped,1000.0,True,1000.0,18.0,170160,False,0.0,False,,0,0.0,,2.438,pass,3.391
24461,ok,0.0,False,0.0,9.0,105,False,0.0,False,,0,,100.0,0.898,pass,1.232
24468,ok,496.0,False,496.0,11.0,55555,False,0.0,False,,0,0.0,,1.193,pass,1.519
24493,ok,100.0,False,100.0,8.0,5723,False,0.0,False,,0,0.0,100.0,0.329,pass,0.469
24494,ok,0.0,False,0.0,17.0,210,False,0.0,False,,0,,,1.045,pass,1.367
24499,capped,1000.0,True,1000.0,10.0,78901,False,0.0,False,,0,0.0,,1.348,pass,1.828
24500,ok,23.0,False,23.0,12.0,2886,False,0.0,False,,0,0.0,50.0,5.566,pass,8.537
24509,ok,10.0,False,10.0,10.0,1544,False,0.0,False,,0,0.0,50.0,1.047,pass,1.35
24512,ok,0.0,False,0.0,8.0,123,False,0.0,False,,0,,,0.418,pass,0.538
24520,ok,0.0,False,0.0,7.0,88,False,0.0,False,,0,,10.0,0.192,pass,0.192
24522,ok,20.0,False,20.0,10.0,1626,False,0.0,False,,0,0.0,,1.006,pass,1.417
24526,ok,50.0,False,50.0,9.0,2640,False,0.0,False,,0,0.0,50.0,2.049,pass,2.782
24531,ok,853.0,False,853.0,9.0,37144,False,0.0,False,,0,0.0,,0.531,pass,0.708
24533,ok,0.0,False,0.0,9.0,93,False,0.0,False,,0,,100.0,0.364,pass,0.46
24538,ok,0.0,False,0.0,10.0,117,False,0.0,False,,0,,,0.463,pass,0.553
24544,ok,36.0,False,36.0,8.0,2513,False,14.0,False,,0,0.0,,1.763,pass,2.48
24546,capped,1000.0,True,1000.0,10.0,54330,False,0.0,False,,0,0.0,,0.782,pass,0.927
24553,ok,10.0,False,10.0,8.0,1076,False,0.0,False,,0,0.0,,1.582,pass,2.213
24555,ok,9.0,False,9.0,11.0,1056,False,0.0,False,,0,0.0,,26.91,timeout 15 s,15.181
24556,ok,36.0,False,36.0,11.0,2315,False,0.0,False,,0,0.0,,0.725,pass,0.944
24565,ok,3.0,False,3.0,11.0,466,False,0.0,False,,0,0.0,,1.552,pass,2.158
24577,ok,0.0,False,0.0,9.0,118,False,0.0,False,,0,,50.0,0.192,pass,0.233
24581,ok,694.0,False,694.0,8.0,42518,False,0.0,False,,0,0.0,,1.478,pass,1.891
24582,ok,0.0,False,0.0,11.0,172,False,0.0,False,,0,,,15.194,timeout 15 s,15.269
24592,ok,10.0,False,10.0,11.0,1367,False,0.0,False,,0,0.0,10.0,0.501,pass,0.617
24594,ok,0.0,False,0.0,12.0,158,False,0.0,False,,0,,,1.825,pass,2.529
24601,ok,50.0,False,50.0,11.0,5449,False,49.0,True,,0,0.0,50.0,0.285,pass,0.315
24602,ok,0.0,False,0.0,10.0,109,False,0.0,False,,0,,50.0,0.793,pass,1.063
24604,ok,29.0,False,29.0,10.0,2501,False,0.0,False,,0,0.0,,1.918,pass,2.699
24608,ok,0.0,False,0.0,8.0,95,False,0.0,False,,0,,,0.523,pass,0.674
24609,ok,10.0,False,10.0,13.0,1777,False,8.0,False,,0,0.0,,6.055,pass,8.909
24610,ok,0.0,False,0.0,10.0,105,False,0.0,False,,0,,100.0,0.41,pass,0.52
24620,ok,50.0,False,50.0,11.0,3802,False,0.0,False,,0,0.0,50.0,1.123,pass,1.434
24622,capped,1000.0,True,1000.0,12.0,87944,False,0.0,False,,0,0.0,,1.439,pass,1.909
24628,capped,1000.0,True,1000.0,9.0,77014,False,0.0,False,,0,0.0,,1.356,pass,1.654
24632,ok,4.0,False,4.0,5.0,204,False,0.0,False,,0,0.0,,0.293,pass,0.325
24635,ok,0.0,False,0.0,7.0,103,False,0.0,False,,0,,,0.356,pass,0.509
24637,ok,20.0,False,20.0,7.0,23227,False,18.0,False,,0,0.0,,2.003,pass,2.34
24647,ok,10.0,False,10.0,6.0,995,False,0.0,False,,0,0.0,10.0,1.262,pass,1.644
24651,ok,10.0,False,10.0,8.0,1164,False,0.0,False,,0,0.0,10.0,0.874,pass,1.026
24653,ok,50.0,False,50.0,11.0,3901977,False,0.0,False,,0,0.0,50.0,1.429,pass,1.904
24657,capped,1000.0,True,1000.0,10.0,103347,False,0.0,False,,0,0.0,,1.431,pass,1.944
24664,ok,64.0,False,64.0,7.0,6824,False,0.0,False,,0,0.0,,2.669,pass,3.45
24666,ok,3.0,False,3.0,11.0,614,False,0.0,False,,0,0.0,50.0,0.291,pass,0.313
24667,ok,4.0,False,4.0,11.0,503,False,0.0,False,,0,0.0,,0.771,pass,0.923
24671,ok,1.0,False,1.0,8.0,174,False,0.0,False,,0,0.0,,1.049,pass,1.369
24699,ok,0.0,False,0.0,10.0,125,False,0.0,False,,0,,,2.653,pass,4.278
24700,ok,0.0,False,0.0,8.0,103,False,0.0,False,,0,,50.0,0.603,pass,0.771
24704,ok,7.0,False,7.0,7.0,597,False,0.0,False,,0,0.0,,1.811,pass,2.589
24705,ok,10.0,False,10.0,10.0,1178,False,0.0,False,,0,0.0,,1.753,pass,2.531
24710,ok,10.0,False,10.0,9.0,809,False,0.0,False,,0,0.0,,0.93,pass,1.26
24713,ok,10.0,False,10.0,9.0,991,False,0.0,False,,0,0.0,10.0,1.39,pass,1.94
24714,capped,1000.0,True,1000.0,9.0,122180,False,0.0,False,,0,0.0,,0.77,pass,1.032
24730,ok,50.0,False,50.0,9.0,6240,False,15.0,False,,0,0.0,50.0,1.37,pass,1.917
24731,ok,1.0,False,1.0,13.0,205,False,0.0,False,,0,0.0,50.0,0.682,pass,0.873
24734,ok,1.0,False,1.0,8.0,160,False,0.0,False,,0,0.0,1.0,1.62,pass,2.167
24737,ok,50.0,False,50.0,14.0,5534,False,0.0,False,,0,0.0,50.0,0.654,pass,0.857
24742,ok,24.0,False,24.0,10.0,2414,False,0.0,False,,0,0.0,,0.327,pass,0.362
24744,ok,0.0,False,0.0,9.0,101,False,0.0,False,,0,,,0.684,pass,0.873
24751,ok,10.0,False,10.0,8.0,1509,False,0.0,False,,0,0.0,10.0,0.285,pass,0.326
24758,ok,0.0,False,0.0,10.0,115,False,0.0,False,,0,,5.0,0.395,pass,0.596
24761,ok,10.0,False,10.0,8.0,412,False,0.0,False,,0,0.0,,0.778,pass,0.877
24763,ok,0.0,False,0.0,13.0,153,False,0.0,False,,0,,,1.931,pass,2.709
24773,ok,50.0,False,50.0,9.0,4478,False,0.0,False,,0,0.0,50.0,6.357,pass,12.15
24777,ok,0.0,False,0.0,9.0,115,False,0.0,False,,0,,100.0,1.122,pass,1.301
24792,ok,4.0,False,4.0,6.0,339,False,0.0,False,,0,0.0,,1.056,pass,1.375
24801,ok,100.0,False,100.0,10.0,5516,False,0.0,False,,0,0.0,100.0,0.368,pass,0.441
24805,ok,0.0,False,0.0,8.0,85,False,0.0,False,,0,,,1.238,pass,1.605
24811,capped,1000.0,True,1000.0,13.0,139059,False,0.0,False,,0,0.0,,1.121,pass,1.409
24823,ok,10.0,False,10.0,7.0,738,False,0.0,False,,0,0.0,,1.284,pass,1.761
24824,ok,1.0,False,1.0,11.0,189,False,0.0,False,,0,0.0,10.0,0.886,pass,1.026
24837,ok,50.0,False,50.0,10.0,5718,False,0.0,False,,0,0.0,50.0,1.328,pass,1.814
24848,ok,50.0,False,50.0,15.0,7411,False,0.0,False,,0,0.0,,8.85,pass,14.155
24850,ok,10.0,False,10.0,6.0,902,False,0.0,False,,0,0.0,10.0,0.301,pass,0.341
24853,ok,10.0,False,10.0,9.0,1673,False,0.0,False,,0,0.0,,0.708,pass,0.837
24854,ok,100.0,False,100.0,13.0,22551,False,0.0,False,,0,0.0,100.0,1.319,pass,1.818
24855,ok,50.0,False,50.0,14.0,4638,False,0.0,False,,0,0.0,50.0,7.232,pass,10.68
24856,ok,0.0,False,0.0,6.0,65,False,0.0,False,,0,,10.0,0.298,pass,0.318
24864,ok,10.0,False,10.0,11.0,421,False,0.0,False,,0,0.0,100.0,0.498,pass,0.637
24866,ok,100.0,False,100.0,11.0,7708,False,0.0,False,,0,0.0,100.0,12.19,timeout 15 s,15.08
24867,ok,3.0,False,3.0,10.0,256,False,0.0,False,,0,0.0,,0.88,pass,1.127
24878,capped,1000.0,True,1000.0,8.0,39477,False,8.0,False,,0,0.0,,1.239,pass,1.673
24889,capped,1000.0,True,1000.0,10.0,79332,False,1.0,False,,0,0.0,1.0,15.539,timeout 15 s,15.204
24897,ok,10.0,False,10.0,12.0,1147,False,0.0,False,,0,0.0,10.0,0.685,pass,0.824
24920,capped,1000.0,True,1000.0,9.0,50688,False,314.0,False,,0,0.0,,1.962,pass,2.684
24942,ok,10.0,False,10.0,10.0,612,False,0.0,False,,0,0.0,100.0,0.631,pass,0.878
24945,ok,0.0,False,0.0,7.0,71,False,0.0,False,,0,,,0.961,pass,1.291
24947,ok,100.0,False,100.0,10.0,10091,False,0.0,False,,0,0.0,100.0,1.039,pass,1.307
24954,capped,1000.0,True,1000.0,10.0,79081,False,997.0,False,,0,0.0,,1.318,pass,1.599
24968,ok,10.0,False,10.0,9.0,693,False,0.0,False,,0,0.0,,0.687,pass,0.883
24973,ok,20.0,False,20.0,11.0,2287,False,0.0,False,,0,0.0,,21.353,timeout 15 s,15.122
24981,ok,0.0,False,0.0,8.0,91,False,0.0,False,,0,,,1.888,pass,2.682
24986,ok,0.0,False,0.0,7.0,95,False,0.0,False,,0,,10.0,0.183,pass,0.208
25000,ok,1.0,False,1.0,11.0,341,False,0.0,False,,0,0.0,3.0,1.092,pass,1.42
25002,capped,1000.0,True,1000.0,7.0,56680,False,0.0,False,,0,0.0,,5.52,pass,7.938
25005,ok,10.0,False,18.0,13.0,11304,True,0.0,False,,0,0.0,,9.486,pass,13.723
25011,capped,1000.0,True,1000.0,15.0,269602,False,666.0,False,,0,0.0,20.0,1.257,pass,1.838
25012,ok,50.0,False,50.0,12.0,7335,False,0.0,False,,0,0.0,50.0,0.406,pass,0.472
25018,ok,50.0,False,50.0,10.0,6780,False,0.0,False,,0,0.0,50.0,0.909,pass,1.195
25021,capped,1000.0,True,1000.0,9.0,124193,False,0.0,False,,0,0.0,,2.234,pass,3.175
25027,capped,1000.0,True,1000.0,9.0,49462,False,0.0,False,,0,0.0,10.0,0.936,pass,1.227
25028,ok,10.0,False,10.0,7.0,940,False,0.0,False,,0,0.0,,1.25,pass,1.672
25032,ok,853.0,False,853.0,9.0,34798,False,0.0,False,,0,0.0,,0.706,pass,0.785
25034,capped,1000.0,True,1000.0,11.0,48714,False,0.0,False,,0,0.0,10.0,10.17,pass,14.733
25041,ok,0.0,False,0.0,8.0,97,False,0.0,False,,0,,10.0,1.555,pass,2.14
25048,capped,1000.0,True,1000.0,8.0,100810,False,0.0,False,,0,0.0,,1.311,pass,1.807
25050,ok,0.0,False,0.0,10.0,114,False,0.0,False,,0,,,0.121,pass,0.093
25058,ok,10.0,False,10.0,10.0,596,False,0.0,False,,0,0.0,,13.751,timeout 15 s,15.24
25060,ok,0.0,False,0.0,14.0,158,False,0.0,False,,0,,10.0,17.822,timeout 15 s,15.084
25063,ok,10.0,False,10.0,8.0,614,False,0.0,False,,0,0.0,10.0,2.559,pass,3.454
25096,ok,0.0,False,0.0,6.0,68,False,0.0,False,,0,,,1.004,pass,1.324
25098,ok,10.0,False,10.0,8.0,1233,False,0.0,False,,0,0.0,10.0,1.823,pass,2.481
25111,ok,0.0,False,0.0,10.0,114,False,0.0,False,,0,,,0.959,pass,1.324
25114,ok,100.0,False,100.0,13.0,7532,False,0.0,False,,0,0.0,,1.176,pass,1.335
25117,ok,10.0,False,23.0,8.0,10818,True,0.0,False,,0,0.0,,1.536,pass,1.924
25119,capped,1000.0,True,1000.0,7.0,43961,False,0.0,False,,0,0.0,,4.341,pass,6.475
25120,capped,33.0,True,33.0,10.0,71669,True,0.0,False,,0,0.0,,0.562,pass,0.758
25126,ok,10.0,False,10.0,9.0,1413,False,0.0,False,,0,0.0,10.0,0.988,pass,1.281
25128,ok,0.0,False,0.0,11.0,126,False,0.0,False,,0,,,1.173,pass,1.504
25134,capped,84.0,True,84.0,10.0,70967,True,0.0,False,,0,0.0,,2.118,pass,3.032
25142,capped,1000.0,True,1000.0,7.0,83522,False,0.0,False,,0,0.0,,0.793,pass,0.992
25144,ok,13.0,False,13.0,11.0,15532,True,0.0,False,,0,0.0,,0.331,pass,0.405
25154,ok,0.0,False,0.0,6.0,80,False,0.0,False,,0,,10.0,2.172,pass,3.034
25162,ok,0.0,False,0.0,9.0,108,False,0.0,False,,0,,,0.225,pass,0.241
25163,ok,10.0,False,10.0,11.0,1251,False,0.0,False,,0,0.0,10.0,7.446,pass,11.382
25167,capped,28.0,True,28.0,10.0,73050,True,0.0,False,,0,0.0,,0.35,pass,0.416
25168,ok,10.0,False,10.0,8.0,1211,False,0.0,False,,0,0.0,10.0,0.751,pass,0.909
25172,ok,2.0,False,2.0,4.0,106,False,0.0,False,,0,0.0,,8.666,pass,13.404
25173,ok,360.0,False,360.0,10.0,52506,False,0.0,False,,0,0.0,10.0,1.71,pass,2.125
25191,ok,10.0,False,10.0,9.0,6334,True,0.0,False,,0,0.0,,2.547,pass,3.413
25196,ok,11.0,False,20.0,12.0,11554,True,0.0,False,,0,0.0,10.0,1.503,pass,2.124
25198,capped,1000.0,True,1000.0,9.0,124632,False,0.0,False,,0,0.0,,2.533,pass,3.812
25201,capped,1000.0,True,1000.0,5.0,38361,False,0.0,False,,0,0.0,,4.279,pass,6.678
25209,ok,10.0,False,10.0,9.0,1607,False,0.0,False,,0,0.0,10.0,1.211,pass,1.641
25221,ok,0.0,False,0.0,9.0,108,False,0.0,False,,0,,,0.123,pass,0.085
25228,ok,50.0,False,50.0,9.0,3866,False,0.0,False,,0,0.0,50.0,0.148,pass,0.209
25231,ok,10.0,False,10.0,6.0,501,False,0.0,False,,0,0.0,10.0,0.59,pass,0.655
25238,capped,1000.0,True,1000.0,12.0,76305,False,0.0,False,,0,0.0,,9.499,pass,13.457
25254,ok,10.0,False,11.0,11.0,9588,True,0.0,False,,0,0.0,,0.936,pass,1.294
25258,ok,10.0,False,10.0,7.0,1253,False,0.0,False,,0,0.0,10.0,0.139,pass,0.093
25270,capped,54.0,True,54.0,12.0,71863,True,12.0,False,,0,0.0,,0.868,pass,1.173
25272,capped,1000.0,True,1000.0,9.0,98619,False,0.0,False,,0,0.0,,3.168,pass,4.916
25276,ok,5.0,False,5.0,8.0,324,False,0.0,False,,0,0.0,,1.251,pass,1.764
25284,ok,10.0,False,10.0,6.0,975,False,0.0,False,,0,0.0,10.0,0.271,pass,0.296
25301,ok,14.0,False,14.0,7.0,1577,False,0.0,False,,0,0.0,,0.485,pass,0.583
25319,ok,0.0,False,0.0,13.0,156,False,0.0,False,,0,,,1.576,pass,2.202
25335,ok,50.0,False,50.0,10.0,3184,False,0.0,False,,0,0.0,50.0,0.82,pass,0.938
25339,ok,10.0,False,10.0,10.0,7428,True,0.0,False,,0,0.0,10.0,2.748,pass,3.784
25340,capped,107.0,True,107.0,9.0,72488,True,0.0,False,,0,0.0,10.0,1.167,pass,1.536
25342,ok,23.0,False,23.0,9.0,1738,False,0.0,False,,0,0.0,,0.165,pass,0.158
25346,ok,36.0,False,36.0,8.0,1943,False,0.0,False,,0,0.0,,1.597,pass,2.606
25352,ok,4.0,False,4.0,4.0,199,False,0.0,False,,0,0.0,5.0,0.427,pass,0.481
25357,capped,1000.0,True,1000.0,10.0,173702,False,0.0,False,,0,0.0,,1.595,pass,2.274
25360,capped,1000.0,True,1000.0,6.0,77935,False,0.0,False,,0,0.0,,1.072,pass,1.413
25392,capped,1000.0,True,1000.0,8.0,66232,False,0.0,False,,0,0.0,,19.498,timeout 15 s,15.287
25396,capped,1000.0,True,1000.0,11.0,30677,False,0.0,False,,0,0.0,,0.93,pass,1.26
25404,ok,10.0,False,10.0,10.0,817,False,0.0,False,,0,0.0,10.0,0.239,pass,0.256
25408,capped,36.0,True,36.0,10.0,79119,True,4.0,False,,0,0.0,,2.641,pass,3.752
25433,ok,1.0,False,1.0,8.0,192,False,0.0,False,,0,0.0,,1.37,pass,1.864
25437,ok,149.0,False,149.0,10.0,17820,False,21.0,False,,0,0.0,,1.129,pass,1.509
25439,ok,10.0,False,10.0,8.0,744,False,0.0,False,,0,0.0,,2.885,pass,3.87
25441,capped,1000.0,True,1000.0,7.0,140175,False,1.0,False,,0,0.0,,1.786,pass,2.619
25445,capped,28.0,True,28.0,13.0,95123,True,0.0,False,,0,0.0,,2.529,pass,3.546
25446,ok,0.0,False,0.0,7.0,85,False,0.0,False,,0,,,0.525,pass,0.62
25452,ok,50.0,False,50.0,7.0,3287,False,0.0,False,,0,0.0,10.0,1.746,pass,2.43
25453,capped,1000.0,True,1000.0,12.0,82379,False,0.0,False,,0,0.0,,1.838,pass,2.628
25458,capped,1000.0,True,1000.0,5.0,38959,False,0.0,False,,0,0.0,10.0,2.023,pass,2.907
25460,capped,1000.0,True,1000.0,4.0,97976,False,0.0,False,,0,0.0,10.0,0.732,pass,0.928
25467,ok,169.0,False,169.0,5.0,7421,False,0.0,False,,0,0.0,,0.123,pass,0.095
25471,ok,11.0,False,11.0,13.0,1818,False,0.0,False,,0,0.0,,0.646,pass,0.826
25498,capped,80.0,True,80.0,11.0,60847,True,10.0,False,,0,0.0,100.0,0.406,pass,0.499
25507,capped,89.0,True,89.0,11.0,74307,True,0.0,False,,0,0.0,,0.263,pass,0.283
25510,ok,10.0,False,10.0,10.0,1311,False,0.0,False,,0,0.0,10.0,0.489,pass,0.678
25514,ok,0.0,False,0.0,10.0,100,False,0.0,False,,0,,,0.878,pass,1.216
25518,ok,10.0,False,10.0,8.0,1824,False,0.0,False,,0,0.0,10.0,0.184,pass,0.134
25522,ok,10.0,False,10.0,10.0,1447,False,0.0,False,,0,0.0,10.0,0.445,pass,0.55
25526,capped,1000.0,True,1000.0,7.0,48896,False,0.0,False,,0,0.0,,6.204,pass,9.263
25541,ok,845.0,False,845.0,6.0,35701,False,0.0,False,,0,0.0,,0.943,pass,1.255
25546,ok,0.0,False,0.0,11.0,153,False,0.0,False,,0,,,1.058,pass,1.454
25550,capped,38.0,True,38.0,9.0,82316,True,0.0,False,,0,0.0,,1.556,pass,2.033
25554,ok,160.0,False,160.0,9.0,20779,False,0.0,False,,0,0.0,10.0,0.494,pass,0.554
25562,ok,10.0,False,10.0,6.0,608,False,0.0,False,,0,0.0,,4.183,pass,6.237
25567,ok,29.0,False,29.0,7.0,3696,False,0.0,False,,0,0.0,10.0,0.763,pass,0.936
25569,ok,153.0,False,153.0,7.0,14141,False,0.0,False,,0,0.0,,9.737,pass,13.79
25570,ok,0.0,False,0.0,8.0,98,False,0.0,False,,0,,10.0,1.566,pass,2.16
25571,ok,10.0,False,10.0,9.0,858,False,0.0,False,,0,0.0,,16.067,timeout 15 s,15.072
25576,ok,12.0,False,12.0,6.0,1141,False,0.0,False,,0,0.0,,0.823,pass,1.057
25579,ok,10.0,False,10.0,8.0,567,False,0.0,False,,0,0.0,10.0,1.111,pass,1.292
25580,ok,10.0,False,10.0,6.0,851,False,0.0,False,,0,0.0,10.0,1.985,pass,2.85
25587,ok,404.0,False,404.0,8.0,48927,False,0.0,False,,0,0.0,,0.297,pass,0.326
25603,capped,1000.0,True,1000.0,5.0,27145,False,0.0,False,,0,0.0,,0.764,pass,1.128
25611,capped,1000.0,True,1000.0,5.0,38742,False,0.0,False,,0,0.0,10.0,21.173,timeout 15 s,15.235
25617,capped,1000.0,True,1000.0,5.0,28030,False,0.0,False,,0,0.0,,1.475,pass,2.199
25620,capped,1000.0,True,1000.0,13.0,114358,False,0.0,False,,0,0.0,,0.901,pass,1.311
25628,ok,20.0,False,20.0,9.0,2820,False,0.0,False,,0,0.0,20.0,0.776,pass,1.236
25659,ok,40.0,False,40.0,4.0,2072,False,0.0,False,,0,0.0,10.0,0.412,pass,0.529
25661,ok,10.0,False,10.0,13.0,853,False,0.0,False,,0,0.0,10.0,0.797,pass,1.03
25667,ok,10.0,False,10.0,8.0,493,False,0.0,False,,0,0.0,,0.863,pass,1.139
25670,capped,1000.0,True,1000.0,7.0,54977,False,0.0,False,,0,0.0,,1.053,pass,1.622
25679,ok,10.0,False,10.0,9.0,756,False,0.0,False,,0,0.0,10.0,0.674,pass,0.858
25680,capped,1000.0,True,1000.0,6.0,18988,False,0.0,False,,0,0.0,,0.88,pass,1.169
25681,ok,0.0,False,0.0,7.0,100,False,0.0,False,,0,,10.0,0.3,pass,0.328
25687,ok,50.0,False,50.0,12.0,8744,False,0.0,False,,0,0.0,50.0,0.846,pass,1.151
25706,ok,717.0,False,717.0,9.0,69614,False,0.0,False,,0,0.0,,0.153,pass,0.152
25709,ok,10.0,False,10.0,6.0,518,False,0.0,False,,0,0.0,,2.137,pass,3.12
25711,ok,0.0,False,0.0,10.0,124,False,0.0,False,,0,,,9.315,pass,12.82
25717,ok,10.0,False,10.0,12.0,15891,True,0.0,False,,0,0.0,10.0,1.245,pass,1.538
25718,capped,1000.0,True,1000.0,14.0,51242,False,0.0,False,,0,0.0,,0.812,pass,1.033
25728,ok,124.0,False,124.0,5.0,3763,False,0.0,False,,0,0.0,,0.81,pass,1.047
25737,ok,10.0,False,10.0,12.0,775,False,0.0,False,,0,0.0,,2.458,pass,3.221
25748,ok,10.0,False,10.0,1.0,1230,False,0.0,False,,0,0.0,10.0,2.274,pass,3.321
25750,ok,20.0,False,20.0,8.0,2650,False,0.0,False,,0,0.0,,0.886,pass,0.925
25755,ok,149.0,False,149.0,5.0,14819,False,0.0,False,,0,0.0,,1.072,pass,1.521
25760,capped,1000.0,True,1000.0,11.0,131480,False,0.0,False,,0,0.0,,1.365,pass,1.955
25766,ok,10.0,False,10.0,5.0,887,False,0.0,False,,0,0.0,10.0,1.534,pass,2.199
25770,ok,100.0,False,100.0,9.0,13171,False,0.0,False,,0,0.0,100.0,22.404,timeout 15 s,15.22
25771,capped,1000.0,True,1000.0,10.0,44559,False,0.0,False,,0,0.0,,0.747,pass,0.998
25774,capped,1000.0,True,1000.0,5.0,83298,False,0.0,False,,0,0.0,,1.135,pass,1.578
25784,ok,5.0,False,5.0,6.0,246,False,0.0,False,,0,0.0,,0.284,pass,0.338
25788,ok,10.0,False,10.0,12.0,835,False,0.0,False,,0,0.0,,24.052,timeout 15 s,15.237
25795,capped,62.0,True,62.0,6.0,57788,True,2.0,False,,0,0.0,5.0,1.931,pass,2.837
25798,ok,10.0,False,10.0,5.0,700,False,0.0,False,,0,0.0,10.0,1.196,pass,1.702
25800,ok,100.0,False,100.0,12.0,15115,False,0.0,False,,0,0.0,,0.344,pass,0.432
25805,ok,10.0,False,10.0,11.0,686,False,0.0,False,,0,0.0,10.0,0.492,pass,0.643
25806,ok,10.0,False,10.0,9.0,743,False,0.0,False,,0,0.0,10.0,1.274,pass,1.543
25812,capped,1000.0,True,1000.0,14.0,48167,False,0.0,False,,0,0.0,,0.883,pass,1.142
25821,ok,10.0,False,10.0,6.0,907,False,0.0,False,,0,0.0,10.0,0.263,pass,0.291
25827,capped,1000.0,True,1000.0,8.0,45753,False,0.0,False,,0,0.0,,11.639,timeout 15 s,15.066
25837,capped,19.0,True,19.0,12.0,87925,True,0.0,False,,0,0.0,10.0,0.865,pass,1.205
25839,capped,36.0,True,36.0,11.0,78039,True,4.0,False,,0,0.0,,0.996,pass,1.353
25841,capped,1000.0,True,1000.0,7.0,107420,False,0.0,False,,0,0.0,,0.452,pass,0.571
25847,ok,10.0,False,10.0,8.0,1378,False,0.0,False,,0,0.0,,0.572,pass,0.713
25848,capped,1000.0,True,1000.0,13.0,156994,False,0.0,False,,0,0.0,,2.271,pass,3.094
25857,ok,10.0,False,10.0,9.0,1381,False,0.0,False,,0,0.0,,2.01,pass,2.69
25859,ok,0.0,False,0.0,17.0,200,False,0.0,False,,0,,,1.636,pass,2.261
25861,capped,50.0,True,50.0,14.0,90375,True,0.0,False,,0,0.0,100.0,26.762,timeout 15 s,15.174
25866,ok,10.0,False,10.0,11.0,823,False,0.0,False,,0,0.0,10.0,0.894,pass,1.155
25882,ok,0.0,False,0.0,5.0,67,False,0.0,False,,0,,,1.716,pass,2.481
25885,ok,10.0,False,10.0,6.0,706,False,0.0,False,,0,0.0,,1.142,pass,1.605
25913,ok,0.0,False,0.0,11.0,121,False,0.0,False,,0,,,0.328,pass,0.421
25914,capped,25.0,True,25.0,10.0,58310,True,0.0,False,,0,0.0,,1.304,pass,1.727
25918,ok,100.0,False,100.0,13.0,6094,False,0.0,False,,0,0.0,100.0,1.005,pass,1.211
25928,ok,222.0,False,222.0,5.0,8914,False,0.0,False,,0,0.0,,0.906,pass,1.251
25937,capped,1000.0,True,1000.0,6.0,35236,False,0.0,False,,0,0.0,,2.093,pass,3.115
25939,ok,10.0,False,10.0,5.0,1465,False,0.0,False,,0,0.0,10.0,1.041,pass,1.446
25941,ok,10.0,False,10.0,8.0,18394,True,0.0,False,,0,0.0,10.0,5.521,pass,8.306
25942,ok,0.0,False,0.0,8.0,83,False,0.0,False,,0,,10.0,0.912,pass,1.262
25958,ok,0.0,False,0.0,8.0,109,False,0.0,False,,0,,5.0,0.711,pass,0.908
25963,ok,0.0,False,0.0,11.0,132,False,0.0,False,,0,,1.0,0.765,pass,1.003
25967,ok,173.0,False,173.0,14.0,15275,False,0.0,False,,0,0.0,,0.221,pass,0.235
25977,capped,1000.0,True,1000.0,14.0,167018,False,0.0,False,,0,0.0,,1.349,pass,1.729
25981,capped,1000.0,True,1000.0,9.0,92944,False,0.0,False,,0,0.0,10.0,3.201,pass,4.717
25982,capped,1000.0,True,1000.0,9.0,50651,False,0.0,False,,0,0.0,,1.437,pass,1.892
25989,ok,525.0,False,525.0,6.0,21722,False,418.0,False,,0,0.0,,1.551,pass,2.225
25990,capped,72.0,True,72.0,14.0,53906,True,16.0,False,,0,0.0,100.0,1.916,pass,2.725
25996,ok,50.0,False,50.0,10.0,2959,False,0.0,False,,0,0.0,,0.843,pass,0.935
26011,capped,1000.0,True,1000.0,10.0,163278,False,0.0,False,,0,0.0,,1.345,pass,1.781
26014,ok,50.0,False,50.0,12.0,3211,False,0.0,False,,0,0.0,50.0,0.687,pass,0.945
26028,ok,10.0,False,10.0,10.0,620,False,0.0,False,,0,0.0,10.0,0.684,pass,0.782
26034,ok,0.0,False,0.0,6.0,83,False,0.0,False,,0,,10.0,0.63,pass,0.828
26048,ok,10.0,False,10.0,9.0,1702,False,0.0,False,,0,0.0,10.0,1.854,pass,2.433
26058,ok,0.0,False,0.0,5.0,60,False,0.0,False,,0,,5.0,12.443,timeout 15 s,15.253
26076,ok,0.0,False,0.0,12.0,163,False,0.0,False,,0,,,7.944,pass,10.965
26089,ok,13.0,False,13.0,9.0,1773,False,0.0,False,,0,0.0,,2.238,pass,3.065
26100,ok,10.0,False,10.0,8.0,543,False,0.0,False,,0,0.0,10.0,1.082,pass,1.436
26105,capped,1000.0,True,1000.0,9.0,54876,False,0.0,False,,0,0.0,,0.833,pass,1.08
26109,ok,50.0,False,50.0,6.0,2411,False,0.0,False,,0,0.0,10.0,9.791,pass,12.935
26124,ok,0.0,False,0.0,10.0,105,False,0.0,False,,0,,,0.12,pass,0.094
26135,capped,1000.0,True,1000.0,8.0,109838,False,381.0,False,,0,0.0,10.0,0.607,pass,0.76
26142,ok,147.0,False,147.0,5.0,4818,False,0.0,False,,0,0.0,,4.909,pass,6.812
26147,ok,10.0,False,10.0,5.0,347,False,0.0,False,,0,0.0,,0.339,pass,0.414
26151,capped,1000.0,True,1000.0,10.0,147731,False,0.0,False,,0,0.0,10.0,2.066,pass,3.066
26152,ok,10.0,False,10.0,12.0,1210,False,0.0,False,,0,0.0,,0.994,pass,1.391
26163,capped,1000.0,True,1000.0,8.0,110470,False,0.0,False,,0,0.0,,0.851,pass,1.075
26169,ok,10.0,False,10.0,7.0,701,False,0.0,False,,0,0.0,,1.591,pass,2.146
26175,capped,1000.0,True,1000.0,8.0,111163,False,3.0,False,,0,0.0,,2.29,pass,3.409
26177,capped,1000.0,True,1000.0,11.0,127822,False,0.0,False,,0,0.0,,1.848,pass,2.82
26186,ok,50.0,False,73.0,7.0,53996,True,0.0,False,,0,0.0,50.0,0.776,pass,1.029
26191,ok,10.0,False,10.0,10.0,1089,False,0.0,False,,0,0.0,,2.184,pass,2.742
26194,capped,1000.0,True,1000.0,9.0,164089,False,0.0,False,,0,0.0,,1.683,pass,2.244
26199,ok,53.0,False,53.0,8.0,5236,False,0.0,False,,0,0.0,,1.234,pass,1.689
26202,capped,21.0,True,21.0,10.0,72537,True,0.0,False,,0,0.0,50.0,0.266,pass,0.295
26206,ok,10.0,False,10.0,12.0,706,False,0.0,False,,0,0.0,10.0,1.36,pass,1.726
26209,ok,36.0,False,36.0,9.0,4251,False,26.0,False,,0,0.0,,2.398,pass,3.269
26210,capped,1000.0,True,1000.0,15.0,125041,False,0.0,False,,0,0.0,10.0,0.409,pass,0.434
26212,ok,50.0,False,50.0,6.0,2399,False,0.0,False,,0,0.0,10.0,1.642,pass,2.305
26219,ok,20.0,False,20.0,9.0,5374,True,0.0,False,,0,0.0,20.0,0.906,pass,1.118
26221,ok,0.0,False,0.0,8.0,104,False,0.0,False,,0,,,1.222,pass,1.795
26230,ok,50.0,False,50.0,9.0,10951,True,0.0,False,,0,0.0,50.0,1.8,pass,2.266
26235,ok,1.0,False,1.0,9.0,3818,True,0.0,False,,0,0.0,,1.324,pass,1.761
26237,ok,10.0,False,10.0,6.0,798,False,0.0,False,,0,0.0,,0.782,pass,1.104
26245,capped,1000.0,True,1000.0,9.0,68441,False,0.0,False,,0,0.0,,1.03,pass,1.243
26246,ok,10.0,False,10.0,7.0,1419,False,0.0,False,,0,0.0,,1.6,pass,2.124
26257,ok,100.0,False,100.0,11.0,6649,False,0.0,False,,0,0.0,100.0,1.048,pass,1.208
26268,capped,1000.0,True,1000.0,7.0,17402,False,2.0,False,,0,0.0,,1.556,pass,2.208
26271,capped,22.0,True,22.0,11.0,73306,True,0.0,False,,0,0.0,10.0,1.086,pass,1.461
26274,ok,100.0,False,100.0,6.0,4572,False,0.0,False,,0,0.0,,1.733,pass,2.399
26277,ok,10.0,False,10.0,8.0,1210,False,0.0,False,,0,0.0,,0.366,pass,0.405
26285,ok,10.0,False,10.0,10.0,630,False,0.0,False,,0,0.0,10.0,1.012,pass,1.105
26304,ok,0.0,False,0.0,12.0,132,False,0.0,False,,0,,100.0,11.38,timeout 15 s,15.227
26306,ok,0.0,False,0.0,8.0,86,False,0.0,False,,0,,,0.665,pass,0.855
26314,ok,50.0,False,50.0,5.0,1716,False,0.0,False,,0,0.0,5.0,12.006,timeout 15 s,15.215
26318,ok,10.0,False,10.0,13.0,644,False,0.0,False,,0,0.0,10.0,1.038,pass,1.424
26323,capped,1000.0,True,1000.0,9.0,59366,False,0.0,False,,0,0.0,,1.505,pass,2.078
26324,ok,10.0,False,10.0,12.0,22989,True,0.0,False,,0,0.0,,0.456,pass,0.543
26327,ok,10.0,False,10.0,13.0,613,False,0.0,False,,0,0.0,10.0,0.901,pass,1.024
26335,capped,1000.0,True,1000.0,4.0,34393,False,0.0,False,,0,0.0,,1.084,pass,1.422
26340,capped,1000.0,True,1000.0,8.0,39129,False,0.0,False,,0,0.0,,11.708,timeout 15 s,15.066
26351,capped,63.0,True,63.0,10.0,101593,True,30.0,False,,0,0.0,,0.288,pass,0.319
26355,ok,100.0,False,100.0,9.0,13125,False,0.0,False,,0,0.0,100.0,1.171,pass,1.671
26361,ok,27.0,False,27.0,11.0,37189,True,1.0,False,,0,0.0,,0.868,pass,1.157
26365,ok,50.0,False,50.0,6.0,5219,False,31.0,False,,0,0.0,50.0,0.293,pass,0.352
26370,ok,0.0,False,0.0,7.0,66,False,0.0,False,,0,,,2.446,pass,3.018
26374,ok,5.0,False,5.0,8.0,402,False,0.0,False,,0,0.0,,0.491,pass,0.614
26382,ok,10.0,False,10.0,8.0,1250,False,0.0,False,,0,0.0,10.0,9.037,pass,13.308
26388,ok,10.0,False,10.0,12.0,964,False,0.0,False,,0,0.0,10.0,0.762,pass,0.898
26400,ok,10.0,False,10.0,11.0,1307,False,0.0,False,,0,0.0,10.0,11.806,timeout 15 s,15.069
26401,capped,1000.0,True,1000.0,11.0,76572,False,0.0,False,,0,0.0,,4.123,pass,6.053
26403,ok,101.0,False,101.0,9.0,14392,False,0.0,False,,0,0.0,10.0,11.871,timeout 15 s,15.094
26408,ok,0.0,False,0.0,9.0,104,False,0.0,False,,0,,100.0,0.838,pass,1.033
26414,ok,10.0,False,10.0,8.0,481,False,0.0,False,,0,0.0,,1.229,pass,1.59
26420,ok,20.0,False,20.0,12.0,3234,False,0.0,False,,0,0.0,10.0,11.536,timeout 15 s,15.072
26429,capped,1000.0,True,1000.0,7.0,47247,False,0.0,False,,0,0.0,10.0,0.637,pass,0.724
26431,capped,1000.0,True,1000.0,10.0,118214,False,0.0,False,,0,0.0,10.0,12.017,timeout 15 s,15.072
26441,capped,1000.0,True,1000.0,7.0,92403,False,0.0,False,,0,0.0,5.0,0.927,pass,1.132
26450,ok,0.0,False,0.0,11.0,117,False,0.0,False,,0,,10.0,0.155,pass,0.127
26462,capped,1000.0,True,1000.0,11.0,122116,False,0.0,False,,0,0.0,,0.179,pass,0.272
26464,ok,20.0,False,20.0,12.0,2431,False,0.0,False,,0,0.0,,1.431,pass,1.845
26465,ok,36.0,False,36.0,8.0,2232,False,0.0,False,,0,0.0,,0.738,pass,1.054
26472,ok,10.0,False,10.0,12.0,2942,False,0.0,False,,0,0.0,,1.188,pass,1.634
26476,ok,10.0,False,10.0,8.0,1313,False,0.0,False,,0,0.0,10.0,0.485,pass,0.594
26480,ok,10.0,False,10.0,10.0,9152,True,0.0,False,,0,0.0,10.0,1.614,pass,2.319
26491,ok,849.0,False,849.0,5.0,28042,False,0.0,False,,0,0.0,,0.132,pass,0.105
26496,ok,15.0,False,15.0,7.0,1570,False,0.0,False,,0,0.0,,1.148,pass,1.64
26497,capped,1000.0,True,1000.0,17.0,38073,False,0.0,False,,0,0.0,,2.263,pass,3.134
26499,ok,756.0,False,756.0,8.0,141992,False,0.0,False,,0,0.0,,10.037,pass,14.225
26510,capped,1000.0,True,1000.0,12.0,157228,False,0.0,False,,0,0.0,,8.423,pass,10.632
26513,ok,100.0,False,100.0,9.0,31507,True,0.0,False,,0,0.0,100.0,5.577,pass,10.673
26534,ok,50.0,False,50.0,10.0,3452,False,0.0,False,,0,0.0,,11.268,timeout 15 s,15.066
26537,capped,1000.0,True,1000.0,12.0,69317,False,0.0,False,,0,0.0,,12.157,timeout 15 s,15.113
26539,capped,1000.0,True,1000.0,13.0,86797,False,0.0,False,,0,0.0,,1.087,pass,1.444
26547,capped,1000.0,True,1000.0,10.0,52272,False,0.0,False,,0,0.0,,1.183,pass,1.727
26552,ok,7.0,False,7.0,9.0,867,False,0.0,False,,0,0.0,,0.253,pass,0.315
26574,capped,1000.0,True,1000.0,7.0,122891,False,0.0,False,,0,0.0,,2.099,pass,3.043
26593,ok,10.0,False,10.0,12.0,7547,True,0.0,False,,0,0.0,,1.604,pass,2.316
26615,capped,1000.0,True,1000.0,8.0,42042,False,234.0,False,,0,0.0,,2.217,pass,3.034
26630,capped,17.0,True,17.0,11.0,101068,True,0.0,False,,0,0.0,,2.499,pass,4.01
26631,capped,53.0,True,53.0,9.0,75496,True,0.0,False,,0,0.0,,2.471,pass,3.654
26632,capped,298.0,True,298.0,8.0,97909,True,0.0,False,,0,0.0,,2.063,pass,2.753
26637,ok,100.0,False,100.0,11.0,7954,False,0.0,False,,0,0.0,100.0,0.815,pass,1.048
26639,capped,1000.0,True,1000.0,6.0,36304,False,0.0,False,,0,0.0,,0.795,pass,1.26
26640,capped,1000.0,True,1000.0,9.0,145666,False,0.0,False,,0,0.0,,30.272,timeout 15 s,15.061
26652,ok,10.0,False,21.0,10.0,10910,True,0.0,False,,0,0.0,,1.818,pass,2.668
26654,ok,100.0,False,100.0,8.0,13250,False,0.0,False,,0,0.0,100.0,1.357,pass,1.991
26670,capped,1000.0,True,1000.0,12.0,53553,False,0.0,False,,0,0.0,,0.655,pass,0.855
26672,ok,10.0,False,10.0,10.0,1174,False,0.0,False,,0,0.0,,0.954,pass,1.31
26680,capped,28.0,True,28.0,10.0,74599,True,0.0,False,,0,0.0,50.0,0.205,pass,0.302
26683,ok,2.0,False,4.0,10.0,3775,True,0.0,False,,0,0.0,5.0,1.762,pass,2.568
26688,capped,1000.0,True,1000.0,8.0,45163,False,0.0,False,,0,0.0,,1.611,pass,2.416
26692,ok,50.0,False,50.0,8.0,2743,False,0.0,False,,0,0.0,5.0,1.665,pass,2.276
26693,ok,10.0,False,10.0,4.0,265,False,0.0,False,,0,0.0,10.0,0.531,pass,0.733
26700,capped,1000.0,True,1000.0,7.0,147536,False,0.0,False,,0,0.0,10.0,0.871,pass,1.215
26702,capped,1000.0,True,1000.0,13.0,100516,False,0.0,False,,0,0.0,10.0,10.76,timeout 15 s,15.07
26704,capped,25.0,True,25.0,10.0,68637,True,0.0,False,,0,0.0,,43.551,timeout 15 s,15.321
26707,ok,10.0,False,10.0,10.0,419,False,0.0,False,,0,0.0,10.0,0.098,pass,0.142
26711,ok,10.0,False,10.0,12.0,1153,False,0.0,False,,0,0.0,10.0,0.988,pass,1.252
26717,capped,1000.0,True,1000.0,10.0,63532,False,0.0,False,,0,0.0,,11.504,timeout 15 s,15.074
26725,capped,1000.0,True,1000.0,10.0,39827,False,0.0,False,,0,0.0,,1.617,pass,2.314
26729,ok,10.0,False,10.0,13.0,8722,True,0.0,False,,0,0.0,,2.224,pass,3.119
26754,ok,100.0,False,100.0,13.0,7465,False,0.0,False,,0,0.0,,1.215,pass,1.638
26758,ok,123.0,False,123.0,9.0,17958,False,0.0,False,,0,0.0,,8.836,pass,13.246
26771,ok,100.0,False,100.0,11.0,12027,False,0.0,False,,0,0.0,100.0,0.368,pass,0.536
26781,capped,1000.0,True,1000.0,8.0,119905,False,0.0,False,,0,0.0,,1.363,pass,2.126
26783,ok,10.0,False,10.0,9.0,544,False,0.0,False,,0,0.0,10.0,1.059,pass,1.44
26787,ok,0.0,False,0.0,9.0,107,False,0.0,False,,0,,10.0,0.458,pass,0.545
26792,ok,20.0,False,20.0,5.0,1289,False,0.0,False,,0,0.0,20.0,1.379,pass,2.062
26803,capped,23.0,True,23.0,15.0,52332,True,0.0,False,,0,0.0,50.0,0.245,pass,0.343
26806,capped,1000.0,True,1000.0,9.0,129272,False,0.0,False,,0,0.0,,2.089,pass,3.356
26811,ok,10.0,False,10.0,11.0,1139,False,0.0,False,,0,0.0,10.0,1.443,pass,1.909
26819,ok,10.0,False,10.0,11.0,1435,False,0.0,False,,0,0.0,10.0,2.42,pass,3.346
26828,capped,1000.0,True,1000.0,10.0,61933,False,0.0,False,,0,0.0,,3.735,pass,5.362
26829,ok,100.0,False,100.0,12.0,7525,False,0.0,False,,0,0.0,,17.446,timeout 15 s,15.067
26831,ok,10.0,False,10.0,6.0,636,False,0.0,False,,0,0.0,10.0,0.355,pass,0.471
26835,ok,0.0,False,0.0,11.0,115,False,0.0,False,,0,,10.0,12.38,timeout 15 s,15.139
26838,ok,10.0,False,10.0,9.0,755,False,0.0,False,,0,0.0,,1.588,pass,2.246
26840,capped,1000.0,True,1000.0,6.0,58211,False,0.0,False,,0,0.0,,3.167,pass,5.771
26843,capped,1000.0,True,1000.0,7.0,81583,False,0.0,False,,0,0.0,10.0,0.522,pass,0.715
26854,ok,20.0,False,20.0,8.0,4601,False,0.0,False,,0,0.0,20.0,2.809,pass,4.011
26861,capped,1000.0,True,1000.0,7.0,37609,False,0.0,False,,0,0.0,,1.775,pass,2.656
26862,capped,1000.0,True,1000.0,9.0,116602,False,0.0,False,,0,0.0,,0.227,pass,0.305
26863,ok,10.0,False,10.0,10.0,1262,False,0.0,False,,0,0.0,10.0,1.562,pass,2.221
26867,ok,364.0,False,364.0,7.0,22129,False,0.0,False,,0,0.0,,2.037,pass,2.67
26868,capped,1000.0,True,1000.0,4.0,38734,False,0.0,False,,0,0.0,,17.799,timeout 15 s,15.104
26887,ok,10.0,False,10.0,9.0,2094,True,0.0,False,,0,0.0,,0.523,pass,0.662
26895,capped,1000.0,True,1000.0,8.0,48907,False,0.0,False,,0,0.0,,6.121,pass,9.549
26903,capped,1000.0,True,1000.0,12.0,197069,False,0.0,False,,0,0.0,10.0,0.368,pass,0.938
26905,ok,10.0,False,10.0,10.0,1258,False,0.0,False,,0,0.0,,1.077,pass,1.549
26906,capped,53.0,True,53.0,6.0,71248,True,0.0,False,,0,0.0,5.0,2.505,pass,3.542
26911,ok,0.0,False,0.0,10.0,113,False,0.0,False,,0,,,2.079,pass,2.903
26912,ok,10.0,False,10.0,9.0,210742,False,0.0,False,,0,0.0,,3.106,pass,4.447
26918,ok,5.0,False,5.0,6.0,586,False,0.0,False,,0,0.0,5.0,0.131,pass,0.222
26921,ok,100.0,False,100.0,12.0,11215,False,0.0,False,,0,0.0,10.0,0.786,pass,1.1
26922,capped,1000.0,True,1000.0,5.0,43707,False,0.0,False,,0,0.0,,0.514,pass,0.726
26925,ok,1.0,False,1.0,9.0,931,True,0.0,False,,0,0.0,10.0,0.478,pass,0.702
26927,ok,105.0,False,105.0,9.0,9483,False,0.0,False,,0,0.0,,2.609,pass,3.525
26933,ok,76.0,False,76.0,9.0,8296,False,0.0,False,,0,0.0,,1.838,pass,2.766
26940,ok,280.0,False,280.0,11.0,33843,False,0.0,False,,0,0.0,,0.738,pass,0.972
26947,ok,19.0,False,19.0,9.0,1439,False,0.0,False,,0,0.0,,1.481,pass,2.05
26960,ok,0.0,False,0.0,10.0,124,False,0.0,False,,0,,,16.877,timeout 15 s,15.083
26962,ok,2.0,False,2.0,4.0,165,False,0.0,False,,0,0.0,,0.382,pass,0.473
26964,ok,10.0,False,10.0,9.0,1251,False,0.0,False,,0,0.0,10.0,2.722,pass,5.25
26968,capped,1000.0,True,1000.0,8.0,61771,False,0.0,False,,0,0.0,,2.636,pass,3.887
26975,ok,10.0,False,10.0,7.0,1401,False,0.0,False,,0,0.0,10.0,0.652,pass,0.972
26984,ok,10.0,False,10.0,14.0,909,False,0.0,False,,0,0.0,,1.636,pass,2.402
26996,ok,10.0,False,10.0,13.0,23550,True,0.0,False,,0,0.0,,0.73,pass,1.02
27001,capped,26.0,True,26.0,10.0,92624,True,0.0,False,,0,0.0,10.0,1.665,pass,2.408
27008,capped,22.0,True,22.0,13.0,60178,True,6.0,False,,0,0.0,,0.563,pass,0.75
27023,capped,47.0,True,47.0,15.0,79860,True,0.0,False,,0,0.0,100.0,1.003,pass,1.42
27030,ok,0.0,False,0.0,6.0,89,False,0.0,False,,0,,,0.07,pass,0.098
27031,capped,189.0,True,189.0,12.0,96008,True,0.0,False,,0,0.0,,1.157,pass,1.665
27033,capped,36.0,True,36.0,9.0,80472,True,0.0,False,,0,0.0,,1.128,pass,1.79
27036,ok,10.0,False,10.0,4.0,386,False,0.0,False,,0,0.0,10.0,1.116,pass,1.634
27045,capped,1000.0,True,1000.0,10.0,98994,False,0.0,False,,0,0.0,,21.607,timeout 15 s,15.307
27053,capped,1000.0,True,1000.0,6.0,29977,False,0.0,False,,0,0.0,,1.123,pass,1.619
27058,ok,10.0,False,10.0,7.0,508,False,0.0,False,,0,0.0,,6.169,pass,9.148
27062,capped,31.0,True,31.0,11.0,64917,True,0.0,False,,0,0.0,50.0,1.591,pass,2.242
27075,ok,10.0,False,10.0,9.0,807,False,0.0,False,,0,0.0,10.0,1.442,pass,2.058
27077,capped,1000.0,True,1000.0,10.0,79756,False,0.0,False,,0,0.0,,1.696,pass,2.517
27082,ok,50.0,False,50.0,6.0,5614,False,0.0,False,,0,0.0,50.0,0.768,pass,1.104
27086,capped,108.0,True,108.0,6.0,74341,True,0.0,False,,0,0.0,,1.921,pass,3.054
27103,ok,50.0,False,50.0,7.0,2232,False,0.0,False,,0,0.0,,0.899,pass,1.298
27107,ok,50.0,False,50.0,14.0,38395,True,0.0,False,,0,0.0,,2.521,pass,3.695
27112,ok,2.0,False,2.0,7.0,143,False,0.0,False,,0,0.0,,1.013,pass,1.468
27114,ok,0.0,False,0.0,6.0,68,False,0.0,False,,0,,,0.115,pass,0.183
27117,ok,0.0,False,0.0,14.0,139,False,0.0,False,,0,,,0.069,pass,0.095
27120,ok,62.0,False,62.0,8.0,7234,False,0.0,False,,0,0.0,,0.192,pass,0.265
27132,ok,0.0,False,0.0,10.0,116,False,0.0,False,,0,,,8.934,pass,12.121
27148,ok,10.0,False,10.0,5.0,788,False,0.0,False,,0,0.0,10.0,0.69,pass,1.01
27153,capped,1000.0,True,1000.0,10.0,140263,False,0.0,False,,0,0.0,,2.455,pass,3.7
27159,capped,56.0,True,56.0,11.0,63582,True,0.0,False,,0,0.0,,6.902,pass,11.596
27162,capped,92.0,True,92.0,13.0,71457,True,0.0,False,,0,0.0,100.0,11.7,timeout 15 s,15.203
27175,ok,10.0,False,10.0,10.0,786,False,0.0,False,,0,0.0,10.0,0.668,pass,0.835
27176,ok,20.0,False,20.0,11.0,2664,False,0.0,False,,0,0.0,20.0,4.098,pass,4.873
27185,ok,0.0,False,0.0,17.0,191,False,0.0,False,,0,,100.0,2.731,pass,3.83
27195,ok,10.0,False,10.0,5.0,715,False,0.0,False,,0,0.0,,1.133,pass,1.493
27198,ok,10.0,False,10.0,10.0,920,False,0.0,False,,0,0.0,,1.322,pass,1.718
27203,capped,1000.0,True,1000.0,9.0,90320,False,0.0,False,,0,0.0,,9.773,timeout 15 s,15.07
27216,capped,1000.0,True,1000.0,14.0,135762,False,0.0,False,,0,0.0,10.0,1.265,pass,1.833
27220,ok,50.0,False,50.0,13.0,7020,False,0.0,False,,0,0.0,50.0,5.309,pass,7.72
27224,capped,1000.0,True,1000.0,6.0,25969,False,0.0,False,,0,0.0,,1.254,pass,1.831
27229,ok,0.0,False,0.0,11.0,126,False,0.0,False,,0,,5.0,0.072,pass,0.091
27234,capped,1000.0,True,1000.0,7.0,41801,False,0.0,False,,0,0.0,,1.664,pass,2.233
27243,capped,1000.0,True,1000.0,11.0,59335,False,0.0,False,,0,0.0,,1.455,pass,1.99
27244,ok,10.0,False,10.0,11.0,1434,False,0.0,False,,0,0.0,10.0,0.146,pass,0.205
27253,capped,35.0,True,35.0,12.0,70194,True,0.0,False,,0,0.0,,3.461,pass,4.986
27263,ok,10.0,False,10.0,6.0,14239,True,0.0,False,,0,0.0,10.0,1.044,pass,1.49
27264,capped,1000.0,True,1000.0,11.0,105391,False,0.0,False,,0,0.0,1.0,18.423,timeout 15 s,15.277
27267,ok,10.0,False,10.0,12.0,996,False,0.0,False,,0,0.0,10.0,1.714,pass,2.405
27273,capped,1000.0,True,1000.0,13.0,115873,False,726.0,False,,0,0.0,,2.93,pass,4.174
27279,capped,1000.0,True,1000.0,8.0,116777,False,0.0,False,,0,0.0,,2.342,pass,3.544
27292,ok,10.0,False,10.0,5.0,373,False,0.0,False,,0,0.0,,2.256,pass,3.479
27297,ok,50.0,False,50.0,5.0,2123,False,0.0,False,,0,0.0,5.0,0.493,pass,0.72
27309,ok,45.0,False,45.0,7.0,2212,False,0.0,False,,0,0.0,5.0,0.628,pass,0.951
27313,ok,24.0,False,24.0,11.0,3430,False,0.0,False,,0,0.0,10.0,1.318,pass,1.88
27339,ok,852.0,False,852.0,10.0,53138,False,0.0,False,,0,0.0,,0.258,pass,0.345
27342,ok,58.0,False,58.0,12.0,7302,False,0.0,False,,0,0.0,10.0,0.469,pass,0.703
27348,ok,0.0,False,0.0,8.0,102,False,0.0,False,,0,,,0.985,pass,1.441
27349,capped,1000.0,True,1000.0,11.0,113323,False,0.0,False,,0,0.0,,0.495,pass,0.701
27353,ok,29.0,False,29.0,5.0,1287,False,0.0,False,,0,0.0,,1.231,pass,1.725
27368,ok,10.0,False,10.0,7.0,1523,False,0.0,False,,0,0.0,,1.98,pass,2.864
27372,ok,50.0,False,50.0,7.0,2657,False,0.0,False,,0,0.0,50.0,0.618,pass,0.9
27383,ok,10.0,False,10.0,4.0,659,False,0.0,False,,0,0.0,,0.433,pass,0.627
27384,ok,10.0,False,10.0,7.0,702,False,0.0,False,,0,0.0,,10.906,timeout 15 s,15.059
27391,ok,0.0,False,0.0,12.0,142,False,0.0,False,,0,,,1.587,pass,2.319
27402,ok,10.0,False,10.0,11.0,4625,False,0.0,False,,0,0.0,,0.105,pass,0.154
27409,ok,10.0,False,10.0,10.0,1155,False,0.0,False,,0,0.0,10.0,2.22,pass,3.44
27420,ok,0.0,False,0.0,8.0,98,False,0.0,False,,0,,,0.225,pass,0.32
27427,ok,10.0,False,10.0,5.0,901,False,0.0,False,,0,0.0,,1.146,pass,1.615
27428,ok,0.0,False,0.0,11.0,128,False,0.0,False,,0,,,0.651,pass,0.916
27431,ok,10.0,False,10.0,10.0,2243,False,6.0,False,,0,0.0,10.0,1.623,pass,2.326
27435,capped,1000.0,True,1000.0,5.0,38064,False,998.0,False,,0,0.0,,11.543,timeout 15 s,15.114
27437,capped,1000.0,True,1000.0,16.0,174631,False,0.0,False,,0,0.0,,5.195,pass,7.799
27449,ok,10.0,False,10.0,7.0,694,False,0.0,False,,0,0.0,,0.621,pass,0.901
27457,capped,41.0,True,41.0,6.0,76888,True,7.0,False,,0,0.0,,1.142,pass,1.63
27460,capped,1000.0,True,1000.0,6.0,50657,False,0.0,False,,0,0.0,,1.548,pass,2.27
27466,ok,9.0,False,9.0,10.0,49760,True,0.0,False,,0,0.0,,1.74,pass,2.603
27474,capped,76.0,True,76.0,14.0,68768,True,0.0,False,,0,0.0,,2.433,pass,3.617
27475,ok,939.0,False,939.0,7.0,53150,False,0.0,False,,0,0.0,,11.806,timeout 15 s,15.131
27481,ok,361.0,False,361.0,5.0,13611,False,227.0,False,,0,0.0,,2.931,pass,4.608
27491,capped,1000.0,True,1000.0,13.0,48453,False,0.0,False,,0,0.0,,2.468,pass,3.475
27501,ok,10.0,False,23.0,8.0,10475,True,0.0,False,,0,0.0,10.0,9.061,pass,13.339
27505,ok,10.0,False,10.0,7.0,1338,False,0.0,False,,0,0.0,10.0,1.471,pass,2.033
27509,ok,166.0,False,166.0,10.0,24845,False,0.0,False,,0,0.0,10.0,0.859,pass,1.175
27519,capped,69.0,True,69.0,13.0,55910,True,0.0,False,,0,0.0,,2.138,pass,3.083
27529,ok,0.0,False,0.0,14.0,176,False,0.0,False,,0,,,0.874,pass,1.293
27536,ok,10.0,False,10.0,5.0,786,False,0.0,False,,0,0.0,10.0,1.277,pass,2.02
27548,capped,1000.0,True,1000.0,9.0,66939,False,0.0,False,,0,0.0,,2.534,pass,3.905
27578,ok,13.0,False,13.0,12.0,1120,False,0.0,False,,0,0.0,,0.574,pass,0.887
27582,capped,1000.0,True,1000.0,8.0,95049,False,0.0,False,,0,0.0,,0.475,pass,0.633
27619,capped,1000.0,True,1000.0,9.0,126146,False,0.0,False,,0,0.0,,1.899,pass,2.55
27620,ok,30.0,False,30.0,7.0,1482,False,0.0,False,,0,0.0,,0.348,pass,0.447
27623,ok,874.0,False,874.0,11.0,59465,False,0.0,False,,0,0.0,,1.604,pass,2.252
27626,ok,6.0,False,6.0,5.0,473,False,0.0,False,,0,0.0,,0.218,pass,0.311
27631,capped,64.0,True,64.0,11.0,56454,True,0.0,False,,0,0.0,,14.083,timeout 15 s,15.849
27635,ok,0.0,False,0.0,7.0,97,False,0.0,False,,0,,10.0,1.412,pass,2.014
27641,ok,50.0,False,50.0,12.0,8231,False,0.0,False,,0,0.0,50.0,0.148,pass,0.218
27645,ok,50.0,False,50.0,9.0,6189,False,0.0,False,,0,0.0,100.0,1.81,pass,2.513
27651,capped,1000.0,True,1000.0,10.0,66685,False,841.0,False,,0,0.0,,1.108,pass,1.342
27660,ok,50.0,False,50.0,5.0,4020,False,0.0,False,,0,0.0,5.0,0.5,pass,0.721
27667,ok,267.0,False,267.0,11.0,45514,False,0.0,False,,0,0.0,,0.408,pass,0.542
27675,ok,23.0,False,23.0,5.0,722,False,0.0,False,,0,0.0,,5.351,pass,6.907
27679,ok,10.0,False,10.0,6.0,569,False,0.0,False,,0,0.0,,0.852,pass,1.221
27684,ok,10.0,False,10.0,8.0,1534,False,0.0,False,,0,0.0,10.0,0.9,pass,1.198
27685,capped,1000.0,True,1000.0,5.0,47779,False,0.0,False,,0,0.0,,1.421,pass,1.876
27689,ok,10.0,False,10.0,11.0,18694,True,0.0,False,,0,0.0,,1.911,pass,2.685
27708,ok,50.0,False,50.0,7.0,2508,False,0.0,False,,0,0.0,10.0,4.24,pass,5.512
27709,ok,1.0,False,1.0,5.0,154,False,0.0,False,,0,0.0,,0.909,pass,1.514
27712,ok,245.0,False,245.0,10.0,37156,False,0.0,False,,0,0.0,,9.384,pass,13.082
27713,capped,1000.0,True,1000.0,15.0,67032,False,0.0,False,,0,0.0,,6.865,pass,10.576
27716,capped,1000.0,True,1000.0,6.0,39680,False,0.0,False,,0,0.0,,5.876,pass,9.511
27726,ok,10.0,False,22.0,9.0,10557,True,0.0,False,,0,0.0,10.0,0.935,pass,0.835
27729,ok,100.0,False,100.0,6.0,4330,False,0.0,False,,0,0.0,,0.967,pass,1.305
27731,ok,6.0,False,6.0,8.0,2339,True,0.0,False,,0,0.0,10.0,1.218,pass,1.637
27732,capped,1000.0,True,1000.0,10.0,29418,False,0.0,False,,0,0.0,,0.821,pass,1.074
27739,ok,10.0,False,10.0,11.0,2273,False,0.0,False,,0,0.0,10.0,0.782,pass,1.1
27740,capped,1000.0,True,1000.0,6.0,33438,False,4.0,False,,0,0.0,,2.32,pass,3.444
27742,ok,10.0,False,10.0,8.0,570,False,0.0,False,,0,0.0,10.0,14.262,timeout 15 s,15.06
27745,ok,10.0,False,10.0,7.0,529,False,0.0,False,,0,0.0,,1.085,pass,1.38
27754,ok,0.0,False,0.0,7.0,66,False,0.0,False,,0,,50.0,2.064,pass,3.564
27757,ok,10.0,False,10.0,4.0,519,False,0.0,False,,0,0.0,10.0,1.861,pass,2.678
27768,capped,34.0,True,34.0,11.0,58031,True,0.0,False,,0,0.0,,2.437,pass,3.353
27771,ok,0.0,False,0.0,7.0,77,False,0.0,False,,0,,,0.115,pass,0.156
27775,ok,20.0,False,20.0,9.0,2183,False,0.0,False,,0,0.0,,12.237,timeout 15 s,15.091
27782,capped,1000.0,True,1000.0,11.0,64765,False,0.0,False,,0,0.0,,3.881,pass,6.531
27786,capped,33.0,True,33.0,12.0,53748,True,0.0,False,,0,0.0,,2.257,pass,3.292
27788,ok,10.0,False,10.0,9.0,771,False,0.0,False,,0,0.0,,0.82,pass,1.012
27790,ok,960.0,False,960.0,6.0,53677,False,0.0,False,,0,0.0,,2.304,pass,3.317
27809,ok,20.0,False,20.0,10.0,10134,True,0.0,False,,0,0.0,20.0,0.348,pass,0.527
27811,ok,10.0,False,10.0,7.0,552,False,0.0,False,,0,0.0,10.0,1.27,pass,1.756
27814,capped,22.0,True,22.0,8.0,51833,True,0.0,False,,0,0.0,,1.976,pass,2.723
27824,ok,10.0,False,11.0,14.0,14615,True,0.0,False,,0,0.0,10.0,0.145,pass,0.23
27839,ok,10.0,False,10.0,5.0,924,False,0.0,False,,0,0.0,10.0,14.042,timeout 15 s,15.057
27843,ok,10.0,False,10.0,10.0,27161,True,0.0,False,,0,0.0,,0.266,pass,0.373
27846,ok,677.0,False,677.0,7.0,27339,False,0.0,False,,0,0.0,,11.989,timeout 15 s,15.057
27851,ok,10.0,False,10.0,14.0,1553,False,0.0,False,,0,0.0,,28.323,timeout 15 s,15.177
27852,ok,10.0,False,10.0,12.0,15123,True,0.0,False,,0,0.0,10.0,1.377,pass,2.046
27853,ok,5.0,False,5.0,9.0,9469,True,0.0,False,,0,0.0,,0.113,pass,0.168
27855,capped,1000.0,True,1000.0,9.0,241888,False,0.0,False,,0,0.0,10.0,0.548,pass,0.753
27864,capped,25.0,True,25.0,17.0,73907,True,6.0,False,,0,0.0,50.0,0.373,pass,0.544
27877,ok,5.0,False,5.0,5.0,352,False,0.0,False,,0,0.0,,0.741,pass,1.05
27883,capped,1000.0,True,1000.0,14.0,179914,False,0.0,False,,0,0.0,,7.298,pass,11.685
27886,ok,5.0,False,5.0,9.0,11802,True,0.0,False,,0,0.0,10.0,1.716,pass,2.484
27896,capped,1000.0,True,1000.0,11.0,100315,False,0.0,False,,0,0.0,,0.941,pass,1.364
27897,ok,10.0,False,10.0,5.0,581,False,0.0,False,,0,0.0,10.0,1.792,pass,2.37
27917,capped,1000.0,True,1000.0,6.0,42015,False,0.0,False,,0,0.0,,0.494,pass,1.054
27924,capped,1000.0,True,1000.0,8.0,56796,False,557.0,False,,0,0.0,5.0,1.887,pass,2.705
27925,ok,0.0,False,0.0,13.0,199,False,0.0,False,,0,,10.0,23.762,timeout 15 s,15.176
27928,ok,50.0,False,50.0,8.0,6107,False,0.0,False,,0,0.0,,0.874,pass,1.322
27930,ok,10.0,False,10.0,4.0,1072,False,0.0,False,,0,0.0,,0.335,pass,0.457
27935,ok,1.0,False,1.0,6.0,186,False,0.0,False,,0,0.0,,12.83,timeout 15 s,15.859
27936,ok,9.0,False,9.0,6.0,839,False,0.0,False,,0,0.0,10.0,0.777,pass,1.007
27947,ok,10.0,False,10.0,6.0,1598,False,0.0,False,,0,0.0,10.0,3.656,pass,5.593
27949,ok,0.0,False,0.0,11.0,124,False,0.0,False,,0,,10.0,0.253,pass,0.341
27950,capped,1000.0,True,1000.0,13.0,164001,False,0.0,False,,0,0.0,,1.228,pass,1.842
27953,ok,0.0,False,0.0,11.0,132,False,0.0,False,,0,,100.0,0.325,pass,0.471
27966,ok,10.0,False,10.0,12.0,1870,False,0.0,False,,0,0.0,10.0,17.885,timeout 15 s,15.102
27972,ok,4.0,False,4.0,9.0,631,False,0.0,False,,0,0.0,,1.251,pass,1.838
27973,ok,10.0,False,10.0,9.0,7778,True,0.0,False,,0,0.0,,2.219,pass,3.235
27976,ok,0.0,False,0.0,10.0,92,False,0.0,False,,0,,,0.068,pass,0.093
27985,capped,398.0,True,398.0,7.0,125167,True,0.0,False,,0,0.0,,0.092,pass,0.127
27999,ok,10.0,False,10.0,8.0,1347,False,0.0,False,,0,0.0,,2.152,pass,3.104
28000,capped,1000.0,True,1000.0,19.0,154809,False,0.0,False,,0,0.0,10.0,4.555,pass,7.276
28004,capped,1000.0,True,1000.0,6.0,30976,False,0.0,False,,0,0.0,,1.068,pass,1.431
28007,ok,693.0,False,693.0,8.0,88541,False,0.0,False,,0,0.0,5.0,0.489,pass,0.678
28019,capped,42.0,True,42.0,12.0,48970,True,0.0,False,,0,0.0,,2.257,pass,3.531
28022,ok,0.0,False,0.0,15.0,181,False,0.0,False,,0,,,16.807,timeout 15 s,15.081
28027,ok,0.0,False,0.0,5.0,71,False,0.0,False,,0,,10.0,1.401,pass,1.74
28029,ok,1.0,False,1.0,12.0,371,False,0.0,False,,0,0.0,10.0,0.797,pass,1.159
28037,ok,0.0,False,0.0,9.0,83,False,0.0,False,,0,,,2.295,pass,3.369
28038,ok,0.0,False,0.0,14.0,146,False,0.0,False,,0,,100.0,1.792,pass,2.592
28039,ok,3.0,False,3.0,8.0,324,False,0.0,False,,0,0.0,,0.106,pass,0.15
28040,capped,1000.0,True,1000.0,8.0,38249,False,0.0,False,,0,0.0,,1.559,pass,2.133
28042,capped,1000.0,True,1000.0,13.0,162840,False,0.0,False,,0,0.0,,1.398,pass,2.035
28044,ok,17.0,False,17.0,9.0,31908,True,0.0,False,,0,0.0,,0.157,pass,0.208
28069,ok,10.0,False,10.0,9.0,24536,True,0.0,False,,0,0.0,10.0,0.119,pass,0.166
28091,capped,1000.0,True,1000.0,11.0,61020,False,0.0,False,,0,0.0,,0.995,pass,1.266
28099,ok,10.0,False,11.0,8.0,8748,True,0.0,False,,0,0.0,10.0,1.222,pass,1.849
28100,ok,10.0,False,10.0,6.0,643,False,0.0,False,,0,0.0,,0.38,pass,0.552
28101,ok,0.0,False,0.0,10.0,109,False,0.0,False,,0,,,0.45,pass,0.859
28105,capped,29.0,True,29.0,12.0,61972,True,0.0,False,,0,0.0,,0.2,pass,0.275
28108,ok,20.0,False,20.0,6.0,1038,False,0.0,False,,0,0.0,20.0,2.268,pass,2.627
28110,capped,1000.0,True,1000.0,8.0,118225,False,0.0,False,,0,0.0,10.0,1.551,pass,2.196
28124,capped,50.0,True,50.0,13.0,110320,True,0.0,False,,0,0.0,,10.502,pass,14.972
28128,ok,10.0,False,10.0,11.0,728,False,0.0,False,,0,0.0,10.0,1.27,pass,1.678
28150,ok,10.0,False,10.0,7.0,2960,True,0.0,False,,0,0.0,10.0,1.248,pass,1.733
28155,ok,10.0,False,10.0,4.0,257,False,0.0,False,,0,0.0,10.0,0.405,pass,0.57
28157,ok,10.0,False,10.0,6.0,887,False,0.0,False,,0,0.0,10.0,2.519,pass,3.109
28165,ok,10.0,False,10.0,12.0,887,False,0.0,False,,0,0.0,,0.756,pass,1.08
28173,capped,1000.0,True,1000.0,13.0,141546,False,0.0,False,,0,0.0,,1.858,pass,2.615
28182,ok,50.0,False,50.0,7.0,2405,False,0.0,False,,0,0.0,,0.81,pass,1.121
28192,ok,0.0,False,0.0,9.0,95,False,0.0,False,,0,,10.0,0.095,pass,0.138
28195,ok,0.0,False,0.0,14.0,172,False,0.0,False,,0,,50.0,0.203,pass,0.289
28198,capped,1000.0,True,1000.0,12.0,79600,False,0.0,False,,0,0.0,,3.502,pass,5.141
28201,ok,10.0,False,10.0,6.0,1092,False,0.0,False,,0,0.0,10.0,1.484,pass,2.385
28227,capped,26.0,True,26.0,8.0,84088,True,0.0,False,,0,0.0,,0.339,pass,0.485
28232,capped,87.0,True,87.0,11.0,67551,True,0.0,False,,0,0.0,10.0,3.097,pass,4.118
28238,ok,10.0,False,10.0,5.0,557,False,0.0,False,,0,0.0,,2.735,pass,3.552
28250,ok,50.0,False,50.0,13.0,8025,False,0.0,False,,0,0.0,50.0,0.936,pass,1.297
28254,ok,10.0,False,10.0,11.0,9952,True,0.0,False,,0,0.0,,8.547,pass,12.689
28267,ok,0.0,False,0.0,8.0,79,False,0.0,False,,0,,,0.63,pass,0.93
28279,ok,0.0,False,0.0,8.0,96,False,0.0,False,,0,,,0.067,pass,0.093
28283,ok,10.0,False,50.0,10.0,21917,True,0.0,False,,0,0.0,10.0,1.767,pass,2.44
28288,ok,10.0,False,10.0,11.0,1161,False,0.0,False,,0,0.0,10.0,1.498,pass,2.035
28292,ok,0.0,False,0.0,11.0,119,False,0.0,False,,0,,10.0,11.303,timeout 15 s,15.061
28296,ok,0.0,False,0.0,7.0,86,False,0.0,False,,0,,10.0,0.093,pass,0.129
28299,ok,10.0,False,10.0,8.0,1474,False,0.0,False,,0,0.0,,0.095,pass,0.143
28303,ok,10.0,False,10.0,6.0,1093,False,0.0,False,,0,0.0,,0.082,pass,0.11
28309,ok,0.0,False,0.0,11.0,125,False,0.0,False,,0,,,0.521,pass,0.707
28312,ok,0.0,False,0.0,11.0,117,False,0.0,False,,0,,100.0,0.758,pass,1.114
28321,ok,10.0,False,10.0,12.0,1101,False,0.0,False,,0,0.0,,0.733,pass,0.945
28326,ok,10.0,False,10.0,8.0,1179,False,0.0,False,,0,0.0,,0.266,pass,0.398
28329,ok,31.0,False,31.0,9.0,47952,True,0.0,False,,0,0.0,,1.711,pass,2.69
28337,ok,10.0,False,10.0,8.0,476,False,0.0,False,,0,0.0,10.0,9.849,timeout 15 s,15.059
28349,capped,36.0,True,36.0,10.0,84437,True,0.0,False,,0,0.0,,1.489,pass,2.317
28350,capped,1000.0,True,1000.0,10.0,123186,False,0.0,False,,0,0.0,,1.067,pass,1.499
28356,ok,0.0,False,0.0,7.0,73,False,0.0,False,,0,,5.0,0.072,pass,0.097
28360,capped,1000.0,True,1000.0,6.0,43789,False,0.0,False,,0,0.0,10.0,1.152,pass,1.764
28362,ok,10.0,False,10.0,8.0,1609,False,0.0,False,,0,0.0,10.0,2.496,pass,3.811
28369,capped,1000.0,True,1000.0,5.0,90859,False,0.0,False,,0,0.0,,0.875,pass,1.23
28373,ok,10.0,False,10.0,4.0,396,False,0.0,False,,0,0.0,,0.236,pass,0.31
28379,ok,10.0,False,10.0,9.0,483,False,0.0,False,,0,0.0,,0.855,pass,0.994
28380,ok,10.0,False,10.0,10.0,859,False,0.0,False,,0,0.0,10.0,0.986,pass,1.302
28385,ok,10.0,False,10.0,6.0,1308,False,0.0,False,,0,0.0,10.0,0.967,pass,1.136
28390,ok,10.0,False,10.0,7.0,1150,False,0.0,False,,0,0.0,10.0,0.571,pass,0.821
28393,ok,10.0,False,10.0,10.0,1312,False,0.0,False,,0,0.0,,0.155,pass,0.249
28405,capped,1000.0,True,1000.0,10.0,40855,False,0.0,False,,0,0.0,,1.256,pass,1.833
28435,ok,12.0,False,12.0,10.0,1282,False,0.0,False,,0,0.0,,0.116,pass,0.171
28437,ok,100.0,False,100.0,15.0,8033,False,0.0,False,,0,0.0,100.0,1.187,pass,1.522
28445,ok,64.0,False,64.0,10.0,9990,False,21.0,False,,0,0.0,,0.416,pass,0.608
28449,capped,17.0,True,17.0,12.0,63986,True,14.0,False,,0,0.0,5.0,0.332,pass,0.44
28455,ok,10.0,False,10.0,6.0,1276,False,0.0,False,,0,0.0,10.0,0.631,pass,0.892
28468,ok,10.0,False,10.0,8.0,532,False,0.0,False,,0,0.0,,1.543,pass,2.234
28474,capped,1000.0,True,1000.0,13.0,83675,False,0.0,False,,0,0.0,,8.998,timeout 15 s,15.205
28477,ok,0.0,False,0.0,14.0,151,False,0.0,False,,0,,100.0,4.29,pass,6.258
28481,ok,10.0,False,10.0,7.0,1144,False,0.0,False,,0,0.0,10.0,23.888,timeout 15 s,15.203
28482,capped,25.0,True,25.0,9.0,85381,True,0.0,False,,0,0.0,,9.634,pass,14.417
28499,ok,10.0,False,10.0,8.0,1048,False,0.0,False,,0,0.0,10.0,1.209,pass,1.709
28504,capped,1000.0,True,1000.0,9.0,67674,False,0.0,False,,0,0.0,,1.925,pass,3.259
28511,ok,10.0,False,10.0,6.0,408,False,0.0,False,,0,0.0,,2.94,pass,4.284
28516,ok,50.0,False,50.0,8.0,3416,False,0.0,False,,0,0.0,,6.362,pass,9.259
28523,ok,0.0,False,0.0,11.0,115,False,0.0,False,,0,,,0.146,pass,0.204
28524,ok,10.0,False,10.0,10.0,1115,False,0.0,False,,0,0.0,10.0,1.172,pass,1.663
28528,ok,10.0,False,10.0,5.0,682,False,0.0,False,,0,0.0,,0.823,pass,1.247
28529,capped,1000.0,True,1000.0,11.0,117084,False,0.0,False,,0,0.0,,1.532,pass,2.075
28544,capped,1000.0,True,1000.0,11.0,45655,False,0.0,False,,0,0.0,,0.779,pass,1.904
28550,capped,1000.0,True,1000.0,7.0,84708,False,0.0,False,,0,0.0,,1.168,pass,1.736
28557,capped,1000.0,True,1000.0,8.0,56197,False,0.0,False,,0,0.0,,3.622,pass,5.634
28561,ok,10.0,False,10.0,7.0,581,False,0.0,False,,0,0.0,,1.33,pass,1.981
28566,capped,1000.0,True,1000.0,8.0,128071,False,0.0,False,,0,0.0,,0.684,pass,0.989
28577,ok,14.0,False,14.0,9.0,771,False,0.0,False,,0,0.0,,0.692,pass,0.918
28578,ok,20.0,False,20.0,9.0,1720,False,0.0,False,,0,0.0,,0.189,pass,0.269
28579,ok,7.0,False,7.0,11.0,7122,True,0.0,False,,0,0.0,,1.208,pass,1.784
28584,ok,853.0,False,853.0,11.0,38638,False,0.0,False,,0,0.0,,11.144,timeout 15 s,15.252
28589,ok,100.0,False,100.0,9.0,14562,False,0.0,False,,0,0.0,100.0,1.446,pass,2.063
28590,capped,1000.0,True,1000.0,9.0,46689,False,0.0,False,,0,0.0,,1.706,pass,2.531
28592,capped,1000.0,True,1000.0,11.0,173147,False,0.0,False,,0,0.0,,12.154,timeout 15 s,15.274
28593,ok,0.0,False,0.0,8.0,90,False,0.0,False,,0,,,0.781,pass,1.097
28597,capped,1000.0,True,1000.0,11.0,135095,False,0.0,False,,0,0.0,,3.77,pass,6.249
28598,ok,10.0,False,10.0,11.0,871,False,0.0,False,,0,0.0,10.0,0.944,pass,1.252
28604,ok,10.0,False,10.0,8.0,587,False,0.0,False,,0,0.0,10.0,0.836,pass,1.036
28615,capped,81.0,True,81.0,14.0,64891,True,0.0,False,,0,0.0,100.0,1.441,pass,2.089
28617,ok,10.0,False,10.0,7.0,475,False,0.0,False,,0,0.0,,1.374,pass,1.635
28619,ok,10.0,False,10.0,9.0,806,False,0.0,False,,0,0.0,10.0,0.542,pass,0.788
28626,ok,11.0,False,11.0,9.0,910,False,0.0,False,,0,0.0,,3.44,pass,4.986
28630,ok,329.0,False,329.0,8.0,47896,False,0.0,False,,0,0.0,,0.067,pass,0.09
28634,capped,83.0,True,83.0,10.0,66413,True,0.0,False,,0,0.0,,1.264,pass,2.378
28646,ok,10.0,False,10.0,6.0,577,False,0.0,False,,0,0.0,10.0,0.493,pass,0.602
28650,ok,0.0,False,0.0,5.0,66,False,0.0,False,,0,,10.0,2.206,pass,3.154
28651,ok,10.0,False,10.0,7.0,14059,True,0.0,False,,0,0.0,,0.402,pass,0.625
28654,capped,1000.0,True,1000.0,8.0,99909,False,0.0,False,,0,0.0,,1.658,pass,2.314
28659,ok,0.0,False,0.0,9.0,120,False,0.0,False,,0,,10.0,0.796,pass,1.13
28664,capped,1000.0,True,1000.0,7.0,96184,False,0.0,False,,0,0.0,,2.702,pass,3.909
28665,ok,0.0,False,0.0,7.0,93,False,0.0,False,,0,,10.0,0.37,pass,0.526
28666,ok,306.0,False,306.0,15.0,42223,False,0.0,False,,0,0.0,1.0,6.62,pass,7.386
28669,ok,10.0,False,10.0,11.0,7027,True,0.0,False,,0,0.0,,0.973,pass,1.46
28670,capped,51.0,True,51.0,11.0,74112,True,0.0,False,,0,0.0,,2.272,pass,3.308
28678,ok,5.0,False,5.0,8.0,365,False,0.0,False,,0,0.0,,1.515,pass,2.118
28680,capped,1000.0,True,1000.0,7.0,67430,False,0.0,False,,0,0.0,,1.798,pass,2.627
28681,capped,93.0,True,93.0,10.0,52666,True,22.0,False,,0,0.0,,1.239,pass,1.794
28686,ok,614.0,False,614.0,9.0,108221,False,0.0,False,,0,0.0,,1.783,pass,2.512
28696,capped,1000.0,True,1000.0,7.0,89570,False,0.0,False,,0,0.0,10.0,1.591,pass,2.296
28697,capped,1000.0,True,1000.0,9.0,43931,False,0.0,False,,0,0.0,,5.736,pass,9.31
28722,ok,10.0,False,10.0,9.0,600,False,0.0,False,,0,0.0,10.0,1.304,pass,1.729
28731,capped,1000.0,True,1000.0,10.0,27599,False,14.0,False,,0,0.0,,28.488,timeout 15 s,15.061
28743,ok,5.0,False,5.0,5.0,403,False,0.0,False,,0,0.0,,1.164,pass,1.731
28744,capped,541.0,True,541.0,5.0,141184,True,0.0,False,,0,0.0,10.0,0.712,pass,1.063
28751,ok,10.0,False,10.0,9.0,1068,False,0.0,False,,0,0.0,10.0,0.673,pass,1.056
28766,ok,10.0,False,10.0,9.0,849,False,0.0,False,,0,0.0,10.0,7.056,pass,10.663
28773,ok,10.0,False,10.0,8.0,1165,False,0.0,False,,0,0.0,,0.524,pass,0.737
28776,ok,10.0,False,10.0,6.0,596,False,0.0,False,,0,0.0,,9.743,pass,13.955
28777,ok,853.0,False,853.0,8.0,51510,False,0.0,False,,0,0.0,,0.172,pass,0.236
28792,capped,26.0,True,26.0,13.0,87947,True,0.0,False,,0,0.0,10.0,0.235,pass,0.317
28793,ok,50.0,False,50.0,13.0,6697,False,41.0,False,,0,0.0,50.0,0.957,pass,1.501
28796,ok,50.0,False,50.0,11.0,6865,False,0.0,False,,0,0.0,,1.208,pass,1.853
28822,capped,1000.0,True,1000.0,6.0,113548,False,0.0,False,,0,0.0,,1.312,pass,2.942
28829,ok,0.0,False,0.0,11.0,118,False,0.0,False,,0,,,1.348,pass,1.931
28839,ok,0.0,False,0.0,18.0,249,False,0.0,False,,0,,50.0,1.205,pass,1.715
28842,ok,27.0,False,27.0,9.0,4320,False,0.0,False,,0,0.0,,0.299,pass,0.451
28849,ok,10.0,False,10.0,8.0,1156,False,0.0,False,,0,0.0,10.0,0.678,pass,1.047
28853,capped,28.0,True,28.0,8.0,71521,True,0.0,False,,0,0.0,10.0,0.216,pass,0.276
28867,capped,1000.0,True,1000.0,9.0,150294,False,0.0,False,,0,0.0,,9.301,pass,14.285
28868,ok,19.0,False,19.0,7.0,2169,False,0.0,False,,0,0.0,,1.307,pass,1.974
28872,ok,10.0,False,10.0,8.0,748,False,0.0,False,,0,0.0,,1.263,pass,1.808
28873,capped,1000.0,True,1000.0,10.0,137921,False,0.0,False,,0,0.0,10.0,3.487,pass,5.036
28874,ok,10.0,False,10.0,13.0,51242,True,0.0,False,,0,0.0,10.0,1.747,pass,2.512
28876,ok,8.0,False,8.0,6.0,599,False,0.0,False,,0,0.0,,2.004,pass,2.912
28878,capped,45.0,True,45.0,11.0,67742,True,0.0,False,,0,0.0,50.0,0.793,pass,1.106
28879,ok,0.0,False,0.0,11.0,119,False,0.0,False,,0,,100.0,0.634,pass,0.86
28886,ok,10.0,False,10.0,9.0,1115,False,0.0,False,,0,0.0,10.0,0.383,pass,0.605
28890,ok,23.0,False,23.0,7.0,1236,False,0.0,False,,0,0.0,,0.392,pass,0.612
28896,capped,1000.0,True,1000.0,8.0,151873,False,0.0,False,,0,0.0,,0.763,pass,1.089
28916,ok,452.0,False,452.0,9.0,81776,False,0.0,False,,0,0.0,,1.948,pass,2.723
28920,ok,39.0,False,39.0,10.0,32232,True,0.0,False,,0,0.0,,7.174,pass,10.373
28943,ok,852.0,False,852.0,7.0,20408,False,0.0,False,,0,0.0,,0.253,pass,0.379
28949,ok,62.0,False,62.0,8.0,7039,False,0.0,False,,0,0.0,10.0,0.306,pass,0.456
28955,ok,0.0,False,0.0,7.0,77,False,0.0,False,,0,,,1.29,pass,1.888
28958,capped,1000.0,True,1000.0,12.0,141283,False,0.0,False,,0,0.0,,0.581,pass,0.833
28962,capped,33.0,True,33.0,10.0,55318,True,1.0,False,,0,0.0,,1.664,pass,2.237
28965,ok,0.0,False,0.0,10.0,117,False,0.0,False,,0,,,0.086,pass,0.116
28975,ok,0.0,False,0.0,10.0,164,False,0.0,False,,0,,10.0,1.257,pass,1.422
28976,ok,0.0,False,0.0,7.0,87,False,0.0,False,,0,,,0.078,pass,0.096
28985,ok,10.0,False,10.0,6.0,1155,False,0.0,False,,0,0.0,,1.948,pass,3.053
29008,ok,10.0,False,10.0,6.0,555,False,0.0,False,,0,0.0,,10.894,timeout 15 s,15.082
29010,capped,1000.0,True,1000.0,7.0,85502,False,0.0,False,,0,0.0,,1.132,pass,1.574
29016,ok,0.0,False,0.0,7.0,98,False,0.0,False,,0,,5.0,0.64,pass,0.903
29018,ok,194.0,False,194.0,6.0,7110,False,0.0,False,,0,0.0,,0.356,pass,0.464
29019,capped,1000.0,True,1000.0,12.0,63435,False,0.0,False,,0,0.0,,1.735,pass,2.346
29032,ok,922.0,False,922.0,6.0,33251,False,0.0,False,,0,0.0,,1.453,pass,2.088
29037,capped,1000.0,True,1000.0,6.0,103315,False,0.0,False,,0,0.0,,0.523,pass,0.738
29068,ok,316.0,False,316.0,8.0,31361,False,0.0,False,,0,0.0,,2.768,pass,4.675
29080,ok,10.0,False,10.0,8.0,987,False,0.0,False,,0,0.0,,1.1,pass,1.422
29085,capped,36.0,True,36.0,10.0,84826,True,0.0,False,,0,0.0,100.0,1.036,pass,1.512
29086,ok,10.0,False,10.0,9.0,731,False,0.0,False,,0,0.0,10.0,0.81,pass,0.988
29091,ok,1.0,False,1.0,4.0,97,False,0.0,False,,0,0.0,,2.144,pass,3.131
29093,capped,1000.0,True,1000.0,10.0,46868,False,0.0,False,,0,0.0,5.0,4.422,pass,6.984
29102,capped,1000.0,True,1000.0,9.0,125704,False,0.0,False,,0,0.0,10.0,2.524,pass,3.76
29104,ok,23.0,False,23.0,11.0,44294,True,0.0,False,,0,0.0,,0.539,pass,0.751
29112,capped,29.0,True,29.0,10.0,80506,True,0.0,False,,0,0.0,,0.528,pass,0.807
29115,capped,1000.0,True,1000.0,4.0,35238,False,0.0,False,,0,0.0,10.0,0.533,pass,0.802
29126,ok,0.0,False,0.0,8.0,79,False,0.0,False,,0,,,1.989,pass,2.871
29138,capped,1000.0,True,1000.0,13.0,184267,False,0.0,False,,0,0.0,,2.146,pass,3.031
29147,ok,10.0,False,10.0,11.0,784,False,0.0,False,,0,0.0,10.0,0.97,pass,1.194
29151,ok,10.0,False,10.0,8.0,1126,False,0.0,False,,0,0.0,10.0,1.11,pass,1.605
29161,capped,41.0,True,41.0,10.0,64219,True,0.0,False,,0,0.0,10.0,2.316,pass,3.04
29163,ok,408.0,False,408.0,8.0,47279,False,0.0,False,,0,0.0,10.0,0.352,pass,0.495
29167,ok,10.0,False,10.0,6.0,475,False,0.0,False,,0,0.0,,2.166,pass,3.158
29172,capped,1000.0,True,1000.0,7.0,44924,False,0.0,False,,0,0.0,,17.082,timeout 15 s,15.07
29187,capped,1000.0,True,1000.0,9.0,52037,False,0.0,False,,0,0.0,10.0,1.498,pass,2.172
29190,ok,10.0,False,10.0,4.0,275,False,0.0,False,,0,0.0,10.0,0.484,pass,0.62
29197,ok,5.0,False,5.0,10.0,15855,True,0.0,False,,0,0.0,,0.183,pass,0.257
29212,ok,10.0,False,10.0,7.0,1187,False,0.0,False,,0,0.0,,8.291,pass,12.964
29215,ok,10.0,False,10.0,13.0,1157,False,0.0,False,,0,0.0,10.0,2.648,pass,3.712
29222,capped,1000.0,True,1000.0,8.0,124805,False,0.0,False,,0,0.0,,1.109,pass,1.47
29225,ok,10.0,False,11.0,15.0,19116,True,0.0,False,,0,0.0,10.0,1.707,pass,2.376
29228,ok,10.0,False,10.0,8.0,514,False,0.0,False,,0,0.0,,0.921,pass,1.242
29230,ok,792.0,False,792.0,12.0,126595,False,0.0,False,,0,0.0,,1.475,pass,2.043
29234,ok,10.0,False,10.0,7.0,496,False,0.0,False,,0,0.0,,0.655,pass,1.023
29235,ok,0.0,False,0.0,11.0,137,False,0.0,False,,0,,5.0,0.992,pass,1.489
29243,capped,1000.0,True,1000.0,9.0,43191,False,0.0,False,,0,0.0,,0.859,pass,1.085
29245,capped,1000.0,True,1000.0,11.0,150527,False,467.0,False,,0,0.0,,7.239,pass,10.364
29268,capped,1000.0,True,1000.0,8.0,42502,False,0.0,False,,0,0.0,,1.388,pass,2.099
29270,capped,1000.0,True,1000.0,9.0,155654,False,0.0,False,,0,0.0,,0.447,pass,0.812
29283,ok,10.0,False,10.0,11.0,1469,False,0.0,False,,0,0.0,10.0,0.34,pass,0.471
29284,capped,1000.0,True,1000.0,5.0,41219,False,1.0,False,,0,0.0,10.0,0.582,pass,0.838
29293,capped,1000.0,True,1000.0,5.0,21109,False,0.0,False,,0,0.0,,1.634,pass,2.261
29294,capped,1000.0,True,1000.0,12.0,59791,False,0.0,False,,0,0.0,,1.557,pass,2.154
29302,capped,34.0,True,34.0,13.0,68841,True,0.0,False,,0,0.0,,26.45,timeout 15 s,15.196
29307,ok,74.0,False,74.0,8.0,6798,False,8.0,False,,0,0.0,,0.49,pass,0.649
29315,ok,10.0,False,10.0,9.0,1311,False,0.0,False,,0,0.0,10.0,3.072,pass,4.999
29320,ok,10.0,False,10.0,10.0,627,False,0.0,False,,0,0.0,10.0,0.652,pass,0.863
29321,ok,96.0,False,96.0,6.0,5997,False,0.0,False,,0,0.0,,0.604,pass,0.924
29322,ok,10.0,False,10.0,10.0,730,False,0.0,False,,0,0.0,,0.987,pass,1.251
29324,ok,852.0,False,852.0,8.0,45869,False,0.0,False,,0,0.0,,0.249,pass,0.361
29335,capped,1000.0,True,1000.0,6.0,105204,False,135.0,False,,0,0.0,10.0,0.128,pass,0.225
29353,ok,10.0,False,10.0,12.0,715,False,0.0,False,,0,0.0,10.0,1.707,pass,2.235
29365,capped,1000.0,True,1000.0,6.0,41464,False,0.0,False,,0,0.0,,21.187,timeout 15 s,15.192
29371,ok,9.0,False,9.0,7.0,1265,False,0.0,False,,0,0.0,,0.275,pass,0.334
29374,capped,1000.0,True,1000.0,10.0,77933,False,0.0,False,,0,0.0,,12.66,timeout 15 s,15.066
29378,ok,132.0,False,132.0,10.0,14943,False,0.0,False,,0,0.0,,0.288,pass,0.445
29381,capped,1000.0,True,1000.0,13.0,66875,False,0.0,False,,0,0.0,,0.504,pass,0.709
29384,ok,10.0,False,10.0,11.0,1783,False,0.0,False,,0,0.0,10.0,2.103,pass,3.033
29385,ok,33.0,False,33.0,10.0,58075,True,0.0,False,,0,0.0,,2.057,pass,2.879
29389,ok,0.0,False,0.0,11.0,107,False,0.0,False,,0,,,0.76,pass,1.105
29390,ok,10.0,False,10.0,8.0,8473,False,0.0,False,,0,0.0,10.0,0.106,pass,0.158
29391,ok,0.0,False,0.0,12.0,155,False,0.0,False,,0,,,0.5,pass,0.695
29393,ok,9.0,False,9.0,10.0,1143,False,5.0,False,,0,0.0,,0.282,pass,0.418
29394,capped,35.0,True,35.0,14.0,85266,True,0.0,False,,0,0.0,,26.579,timeout 15 s,15.229
29400,ok,32.0,False,32.0,10.0,3316,False,0.0,False,,0,0.0,,2.903,pass,4.281
29409,capped,607.0,True,607.0,7.0,112846,True,0.0,False,,0,0.0,,2.521,pass,3.859
29430,ok,0.0,False,0.0,12.0,155,False,0.0,False,,0,,,1.256,pass,1.771
29437,ok,10.0,False,10.0,12.0,1085,False,0.0,False,,0,0.0,10.0,10.325,pass,14.708
29442,ok,10.0,False,10.0,9.0,8748,True,0.0,False,,0,0.0,10.0,0.915,pass,1.345
29445,ok,264.0,False,264.0,6.0,42581,False,0.0,False,,0,0.0,,0.114,pass,0.159
29450,capped,33.0,True,33.0,10.0,52459,True,0.0,False,,0,0.0,,1.089,pass,1.574
29454,capped,1000.0,True,1000.0,11.0,155893,False,103.0,False,,0,0.0,,1.44,pass,2.054
29466,ok,10.0,False,10.0,8.0,860,False,0.0,False,,0,0.0,10.0,0.541,pass,0.768
29487,ok,10.0,False,10.0,9.0,615,False,0.0,False,,0,0.0,10.0,0.745,pass,1.016
29508,ok,0.0,False,0.0,11.0,117,False,0.0,False,,0,,,0.073,pass,0.102
29512,ok,853.0,False,853.0,6.0,37322,False,0.0,False,,0,0.0,,0.91,pass,1.366
29519,ok,10.0,False,10.0,13.0,1508,False,0.0,False,,0,0.0,,0.251,pass,0.347
29520,ok,10.0,False,10.0,5.0,344,False,0.0,False,,0,0.0,10.0,0.158,pass,0.229
29536,ok,10.0,False,10.0,8.0,1436,False,0.0,False,,0,0.0,10.0,1.152,pass,1.69
29540,ok,20.0,False,20.0,8.0,2340,False,0.0,False,,0,0.0,20.0,0.947,pass,1.423
29541,ok,10.0,False,10.0,9.0,1042,False,0.0,False,,0,0.0,,2.009,pass,3.043
29543,ok,12.0,False,12.0,10.0,1120,False,0.0,False,,0,0.0,,0.333,pass,0.491
29552,ok,9.0,False,9.0,6.0,450,False,0.0,False,,0,0.0,,0.68,pass,0.891
29554,capped,36.0,True,36.0,10.0,84740,True,0.0,False,,0,0.0,,1.746,pass,2.696
29556,ok,0.0,False,0.0,7.0,75,False,0.0,False,,0,,10.0,3.678,pass,4.894
29559,ok,50.0,False,50.0,9.0,5788,False,0.0,False,,0,0.0,50.0,1.782,pass,2.597
29569,capped,90.0,True,90.0,10.0,66744,True,0.0,False,,0,0.0,,2.577,pass,3.748
29577,ok,100.0,False,100.0,9.0,14159,False,0.0,False,,0,0.0,100.0,3.832,pass,4.307
29578,ok,280.0,False,280.0,7.0,41472,False,0.0,False,,0,0.0,,1.131,pass,1.527
29581,ok,260.0,False,260.0,9.0,31482,False,0.0,False,,0,0.0,10.0,0.358,pass,0.495
29583,ok,0.0,False,0.0,6.0,74,False,0.0,False,,0,,,0.068,pass,0.093
29585,capped,1000.0,True,1000.0,12.0,145505,False,0.0,False,,0,0.0,,2.587,pass,3.671
29591,ok,200.0,False,200.0,7.0,9796,False,0.0,False,,0,0.0,,1.157,pass,1.564
29603,capped,36.0,True,36.0,9.0,84323,True,0.0,False,,0,0.0,,2.025,pass,3.033
29608,ok,0.0,False,0.0,13.0,173,False,0.0,False,,0,,,0.104,pass,0.145
29609,ok,10.0,False,10.0,6.0,641,False,0.0,False,,0,0.0,,2.097,pass,2.785
29610,ok,10.0,False,10.0,8.0,1178,False,0.0,False,,0,0.0,10.0,9.989,pass,14.828
29614,ok,852.0,False,852.0,9.0,56228,False,0.0,False,,0,0.0,,1.742,pass,2.383
29631,ok,50.0,False,50.0,11.0,3916,False,0.0,False,,0,0.0,50.0,1.04,pass,1.224
29632,capped,1000.0,True,1000.0,8.0,44124,False,0.0,False,,0,0.0,,1.26,pass,1.817
29639,ok,20.0,False,20.0,8.0,61633,True,0.0,False,,0,0.0,20.0,1.701,pass,2.414
29641,capped,1000.0,True,1000.0,8.0,38337,False,4.0,False,,0,0.0,,1.552,pass,3.449
29644,ok,36.0,False,36.0,7.0,1745,False,0.0,False,,0,0.0,,0.941,pass,1.267
29664,ok,535.0,False,535.0,8.0,37902,False,0.0,False,,0,0.0,,0.236,pass,0.248
29674,capped,1000.0,True,1000.0,6.0,44194,False,0.0,False,,0,0.0,10.0,0.455,pass,0.628
29675,capped,1000.0,True,1000.0,8.0,51063,False,0.0,False,,0,0.0,10.0,11.032,timeout 15 s,15.075
29683,ok,11.0,False,11.0,6.0,599,False,0.0,False,,0,0.0,,0.08,pass,0.104
29685,ok,10.0,False,10.0,11.0,1371,False,0.0,False,,0,0.0,10.0,0.425,pass,0.605
29701,capped,1000.0,True,1000.0,7.0,116512,False,0.0,False,,0,0.0,,0.109,pass,0.152
29705,capped,1000.0,True,1000.0,9.0,111164,False,0.0,False,,0,0.0,,1.205,pass,1.783
29726,ok,50.0,False,50.0,10.0,3260,False,0.0,False,,0,0.0,50.0,0.721,pass,0.927
29745,capped,1000.0,True,1000.0,6.0,37916,False,0.0,False,,0,0.0,,0.708,pass,0.963
29752,ok,10.0,False,10.0,5.0,823,False,0.0,False,,0,0.0,1.0,0.622,pass,0.841
29768,capped,39.0,True,39.0,11.0,99094,True,0.0,False,,0,0.0,100.0,3.565,pass,5.431
29780,ok,100.0,False,100.0,9.0,10601,False,0.0,False,,0,0.0,,1.962,pass,2.671
29791,ok,10.0,False,10.0,15.0,1085,False,0.0,False,,0,0.0,,0.995,pass,1.36
29793,ok,10.0,False,10.0,6.0,495,False,0.0,False,,0,0.0,10.0,0.137,pass,0.246
29797,capped,1000.0,True,1000.0,9.0,107937,False,0.0,False,,0,0.0,,0.169,pass,0.247
29798,capped,1000.0,True,1000.0,9.0,95175,False,0.0,False,,0,0.0,,0.171,pass,0.262
29799,ok,10.0,False,10.0,13.0,1061,False,0.0,False,,0,0.0,10.0,1.379,pass,1.961
29800,ok,50.0,False,50.0,7.0,2121,False,0.0,False,,0,0.0,,1.727,pass,2.601
29808,ok,10.0,False,10.0,7.0,505,False,0.0,False,,0,0.0,,9.914,pass,14.293
29819,ok,20.0,False,34.0,12.0,27041,True,0.0,False,,0,0.0,20.0,1.24,pass,1.929
29831,ok,0.0,False,0.0,11.0,110,False,0.0,False,,0,,,0.468,pass,0.613
29842,ok,10.0,False,10.0,11.0,38003,True,0.0,False,,0,0.0,10.0,0.668,pass,0.905
29874,ok,5.0,False,5.0,9.0,1614,True,0.0,False,,0,0.0,,0.959,pass,1.468
29875,ok,349.0,False,349.0,6.0,15883,False,0.0,False,,0,0.0,,0.121,pass,0.202
29877,ok,180.0,False,180.0,8.0,21138,False,0.0,False,,0,0.0,10.0,0.539,pass,0.714
29885,capped,1000.0,True,1000.0,5.0,25986,False,0.0,False,,0,0.0,,0.239,pass,0.38
29886,ok,10.0,False,10.0,6.0,523,False,0.0,False,,0,0.0,,11.855,timeout 15 s,15.145
29909,ok,10.0,False,10.0,7.0,743,False,0.0,False,,0,0.0,10.0,0.796,pass,1.036
29927,ok,10.0,False,10.0,11.0,899,False,0.0,False,,0,0.0,,0.282,pass,0.401
29929,capped,33.0,True,33.0,13.0,118481,True,23.0,False,,0,0.0,,0.112,pass,0.169
29930,ok,853.0,False,853.0,12.0,44373,False,0.0,False,,0,0.0,,0.661,pass,0.882
29933,ok,10.0,False,10.0,8.0,925,False,0.0,False,,0,0.0,10.0,7.82,pass,13.009
29938,ok,10.0,False,10.0,10.0,726,False,0.0,False,,0,0.0,,0.358,pass,0.53
29940,capped,1000.0,True,1000.0,7.0,90781,False,0.0,False,,0,0.0,10.0,0.831,pass,1.307
29944,ok,0.0,False,0.0,10.0,107,False,0.0,False,,0,,,0.532,pass,0.761
29968,ok,1.0,False,1.0,10.0,182,False,0.0,False,,0,0.0,,1.827,pass,2.608
29975,ok,20.0,False,20.0,5.0,998,False,11.0,False,,0,0.0,10.0,7.988,pass,8.19
29977,ok,10.0,False,10.0,6.0,471,False,0.0,False,,0,0.0,,0.76,pass,1.122
29980,capped,49.0,True,49.0,16.0,55162,True,0.0,False,,0,0.0,,1.151,pass,1.799
29982,ok,0.0,False,0.0,7.0,74,False,0.0,False,,0,,,0.56,pass,0.726
29993,capped,1000.0,True,1000.0,8.0,42854,False,0.0,False,,0,0.0,,10.59,timeout 15 s,15.061
29994,ok,0.0,False,0.0,9.0,115,False,0.0,False,,0,,,3.063,pass,4.505
29996,ok,0.0,False,0.0,8.0,79,False,0.0,False,,0,,10.0,1.989,pass,2.886
30013,capped,1000.0,True,1000.0,11.0,112835,False,0.0,False,,0,0.0,,0.502,pass,0.726
30026,ok,20.0,False,20.0,6.0,1381,False,4.0,False,,0,0.0,,0.991,pass,1.463
30042,ok,100.0,False,100.0,13.0,13860,False,0.0,False,,0,0.0,100.0,1.242,pass,1.681
30052,capped,1000.0,True,1000.0,8.0,48994,False,309.0,False,,0,0.0,,0.861,pass,1.124
30053,ok,0.0,False,0.0,11.0,123,False,0.0,False,,0,,,0.918,pass,1.281
30061,ok,10.0,False,10.0,13.0,1480,False,0.0,False,,0,0.0,,1.926,pass,2.737
30063,ok,10.0,False,10.0,12.0,1564,False,0.0,False,,0,0.0,,0.829,pass,1.193
30067,ok,0.0,False,0.0,11.0,131,False,0.0,False,,0,,,0.357,pass,0.51
30071,ok,0.0,False,0.0,7.0,79,False,0.0,False,,0,,,0.068,pass,0.093
30075,capped,1000.0,True,1000.0,12.0,124645,False,644.0,False,,0,0.0,,1.296,pass,1.803
30077,ok,39.0,False,39.0,8.0,2722,False,7.0,False,,0,0.0,,0.407,pass,0.609
30078,ok,20.0,False,20.0,8.0,1652,False,0.0,False,,0,0.0,,0.398,pass,0.601
30080,ok,10.0,False,10.0,8.0,571,False,8.0,False,,0,0.0,10.0,0.668,pass,0.925
30090,capped,1000.0,True,1000.0,14.0,93733,False,0.0,False,,0,0.0,,1.731,pass,2.394
30100,ok,50.0,False,50.0,11.0,6132,False,0.0,False,,0,0.0,50.0,2.339,pass,3.22
30104,ok,100.0,False,100.0,10.0,5069,False,0.0,False,,0,0.0,100.0,0.949,pass,1.326
30110,ok,157.0,False,157.0,11.0,15114,False,0.0,False,,0,0.0,,0.65,pass,0.897
30114,ok,11.0,False,11.0,16.0,1908,False,2.0,False,,0,0.0,,5.404,pass,7.822
30115,ok,0.0,False,0.0,11.0,117,False,0.0,False,,0,,50.0,0.539,pass,0.78
30120,ok,0.0,False,0.0,10.0,102,False,0.0,False,,0,,,0.747,pass,0.982
30124,ok,100.0,False,100.0,9.0,7494,False,0.0,False,,0,0.0,100.0,0.673,pass,0.876
30128,capped,1000.0,True,1000.0,9.0,45515,False,0.0,False,,0,0.0,,0.586,pass,0.833
30141,ok,772.0,False,772.0,5.0,34598,False,0.0,False,,0,0.0,,1.636,pass,2.276
30151,ok,20.0,False,20.0,10.0,1897,False,0.0,False,,0,0.0,,6.029,pass,9.318
30155,ok,50.0,False,50.0,13.0,8551,False,0.0,False,,0,0.0,50.0,25.555,timeout 15 s,15.2
30156,ok,10.0,False,10.0,7.0,520,False,0.0,False,,0,0.0,10.0,1.427,pass,1.967
30169,ok,100.0,False,100.0,6.0,1579,False,61.0,False,,0,0.0,100.0,0.913,pass,1.119
30171,ok,10.0,False,10.0,11.0,824,False,0.0,False,,0,0.0,10.0,1.933,pass,2.852
30174,ok,0.0,False,0.0,9.0,118,False,0.0,False,,0,,,0.775,pass,1.085
30175,ok,100.0,False,100.0,14.0,13284,False,0.0,False,,0,0.0,100.0,23.271,timeout 15 s,15.229
30183,capped,1000.0,True,1000.0,8.0,48053,False,800.0,False,,0,0.0,5.0,3.957,pass,5.679
30184,capped,1000.0,True,1000.0,9.0,133942,False,0.0,False,,0,0.0,,0.63,pass,0.915
30187,ok,10.0,False,10.0,9.0,1101,False,0.0,False,,0,0.0,,6.121,pass,9.719
30192,ok,100.0,False,100.0,10.0,14527,False,0.0,False,,0,0.0,100.0,0.85,pass,1.222
30197,capped,1000.0,True,1000.0,11.0,86975,False,0.0,False,,0,0.0,,2.866,pass,4.151
30203,ok,50.0,False,50.0,8.0,3644,False,0.0,False,,0,0.0,50.0,0.994,pass,1.431
30204,ok,10.0,False,10.0,10.0,870,False,0.0,False,,0,0.0,10.0,0.315,pass,0.303
30222,ok,0.0,False,0.0,8.0,85,False,0.0,False,,0,,,0.07,pass,0.097
30227,ok,435.0,False,435.0,8.0,23406,False,0.0,False,,0,0.0,,0.83,pass,1.144
30228,ok,0.0,False,0.0,11.0,135,False,0.0,False,,0,,,1.053,pass,1.489
30244,ok,10.0,False,10.0,7.0,923,False,9.0,True,,0,0.0,10.0,0.8,pass,1.117
30248,ok,10.0,False,10.0,8.0,496,False,0.0,False,,0,0.0,10.0,3.082,pass,4.102
30249,ok,0.0,False,0.0,8.0,93,False,0.0,False,,0,,,0.09,pass,0.121
30252,ok,44.0,False,44.0,8.0,3463,False,0.0,False,,0,0.0,,1.284,pass,1.847
30253,ok,100.0,False,100.0,7.0,1860,False,96.0,False,,0,0.0,100.0,0.897,pass,1.319
30254,ok,0.0,False,0.0,9.0,97,False,0.0,False,,0,,10.0,0.871,pass,1.231
30261,ok,100.0,False,100.0,9.0,10779,False,0.0,False,,0,0.0,100.0,0.961,pass,1.4
30296,ok,845.0,False,845.0,5.0,33777,False,0.0,False,,0,0.0,,1.3,pass,1.882
30299,ok,100.0,False,100.0,15.0,12932,False,0.0,False,,0,0.0,100.0,1.742,pass,2.553
30308,ok,100.0,False,100.0,9.0,5900,False,0.0,False,,0,0.0,100.0,0.501,pass,0.717
30325,ok,10.0,False,10.0,8.0,748,False,0.0,False,,0,0.0,,0.508,pass,0.754
30331,ok,27.0,False,27.0,6.0,1798,False,0.0,False,,0,0.0,,0.197,pass,0.279
30355,ok,0.0,False,0.0,8.0,100,False,0.0,False,,0,,10.0,0.745,pass,1.008
30377,ok,10.0,False,10.0,11.0,895,False,0.0,False,,0,0.0,,0.232,pass,0.337
30384,ok,100.0,False,100.0,10.0,12723,False,0.0,False,,0,0.0,100.0,3.53,pass,5.032
30385,ok,0.0,False,0.0,11.0,113,False,0.0,False,,0,,,3.867,pass,6.045
30399,ok,10.0,False,10.0,9.0,618,False,0.0,False,,0,0.0,,0.366,pass,0.519
30419,ok,100.0,False,100.0,8.0,11361,False,0.0,False,,0,0.0,100.0,1.647,pass,2.312
30424,ok,100.0,False,100.0,16.0,16147,False,0.0,False,,0,0.0,100.0,1.295,pass,1.896
30444,ok,0.0,False,0.0,16.0,179,False,0.0,False,,0,,,0.123,pass,0.204
30454,ok,0.0,False,0.0,11.0,132,False,0.0,False,,0,,,1.416,pass,1.918
30455,capped,1000.0,True,1000.0,9.0,127026,False,0.0,False,,0,0.0,,2.458,pass,3.526
30459,ok,0.0,False,0.0,13.0,133,False,0.0,False,,0,,,0.432,pass,0.614
30463,capped,1000.0,True,1000.0,9.0,54041,False,0.0,False,,0,0.0,,1.052,pass,1.473
30466,ok,10.0,False,10.0,8.0,385,False,0.0,False,,0,0.0,10.0,0.613,pass,0.877
30476,capped,1000.0,True,1000.0,11.0,119229,False,0.0,False,,0,0.0,10.0,0.518,pass,0.723
30505,ok,0.0,False,0.0,13.0,126,False,0.0,False,,0,,,0.118,pass,0.159
30509,ok,0.0,False,0.0,12.0,141,False,0.0,False,,0,,,0.098,pass,0.14
30512,ok,50.0,False,50.0,7.0,2188,False,0.0,False,,0,0.0,50.0,0.422,pass,0.642
30518,capped,1000.0,True,1000.0,12.0,139906,False,0.0,False,,0,0.0,,0.841,pass,1.135
30565,ok,100.0,False,100.0,11.0,10238,False,0.0,False,,0,0.0,,1.656,pass,2.28
30572,ok,853.0,False,853.0,7.0,31633,False,0.0,False,,0,0.0,,0.149,pass,0.207
30576,ok,10.0,False,10.0,9.0,826,False,0.0,False,,0,0.0,,1.771,pass,2.464
30581,ok,100.0,False,100.0,10.0,11331,False,2.0,False,,0,0.0,100.0,0.428,pass,0.614
30583,ok,50.0,False,50.0,6.0,4099,False,0.0,False,,0,0.0,50.0,2.229,pass,3.292
30588,ok,45.0,False,45.0,8.0,3742,False,0.0,False,,0,0.0,,1.258,pass,1.857
30603,capped,1000.0,True,1000.0,7.0,105702,False,0.0,False,,0,0.0,,1.312,pass,1.811
30608,capped,1000.0,True,1000.0,9.0,77835,False,997.0,False,,0,0.0,,0.753,pass,1.103
30639,ok,50.0,False,50.0,8.0,2932,False,0.0,False,,0,0.0,,0.234,pass,0.308
30645,capped,1000.0,True,1000.0,11.0,42315,False,0.0,False,,0,0.0,,1.148,pass,1.634
30657,ok,10.0,False,10.0,7.0,535,False,0.0,False,,0,0.0,10.0,0.149,pass,0.217
30662,ok,100.0,False,100.0,13.0,10380,False,0.0,False,,0,0.0,100.0,2.035,pass,2.868
30663,ok,10.0,False,10.0,11.0,940,False,0.0,False,,0,0.0,10.0,2.007,pass,2.827
30664,ok,318.0,False,318.0,8.0,41639,False,0.0,False,,0,0.0,,1.069,pass,1.658
30668,capped,1000.0,True,1000.0,10.0,56662,False,0.0,False,,0,0.0,,2.39,pass,3.683
30674,ok,10.0,False,10.0,8.0,470,False,0.0,False,,0,0.0,,1.047,pass,1.475
30678,capped,1000.0,True,1000.0,13.0,99333,False,0.0,False,,0,0.0,,2.043,pass,2.859
30679,ok,421.0,False,421.0,12.0,30076,False,0.0,False,,0,0.0,,0.626,pass,0.867
30685,capped,1000.0,True,1000.0,9.0,68112,False,999.0,True,,0,0.0,,1.906,pass,2.707
30688,ok,100.0,False,100.0,10.0,5523,False,0.0,False,,0,0.0,,1.725,pass,2.506
30689,ok,23.0,False,23.0,11.0,3676,False,2.0,False,,0,0.0,,1.333,pass,1.842
30692,ok,50.0,False,50.0,11.0,2463,False,0.0,False,,0,0.0,50.0,0.792,pass,1.137
30695,ok,0.0,False,0.0,9.0,104,False,0.0,False,,0,,10.0,1.035,pass,1.488
30712,ok,10.0,False,10.0,6.0,1073,False,0.0,False,,0,0.0,,1.256,pass,1.798
30714,ok,10.0,False,10.0,10.0,1308,False,0.0,False,,0,0.0,,0.902,pass,1.253
30732,ok,850.0,False,850.0,7.0,44360,False,0.0,False,,0,0.0,,0.484,pass,0.625
30741,ok,16.0,False,16.0,13.0,1873,False,0.0,False,,0,0.0,,1.372,pass,1.826
30783,ok,104.0,False,104.0,9.0,8473,False,81.0,False,,0,0.0,,1.642,pass,2.348
30785,ok,10.0,False,10.0,10.0,488,False,0.0,False,,0,0.0,10.0,0.99,pass,1.31
30788,capped,1000.0,True,1000.0,9.0,104036,False,0.0,False,,0,0.0,,2.288,pass,3.217
30824,ok,10.0,False,10.0,10.0,1379,False,0.0,False,,0,0.0,10.0,0.225,pass,0.316
30831,ok,50.0,False,50.0,6.0,3896,False,8.0,False,,0,0.0,50.0,21.634,timeout 15 s,15.279
30832,ok,47.0,False,47.0,10.0,4061,False,0.0,False,,0,0.0,,0.409,pass,0.608
30838,capped,1000.0,True,1000.0,14.0,126672,False,0.0,False,,0,0.0,,1.463,pass,2.082
30841,ok,10.0,False,10.0,12.0,1104,False,0.0,False,,0,0.0,,0.651,pass,0.902
30857,ok,10.0,False,10.0,9.0,518,False,0.0,False,,0,0.0,,2.556,pass,3.745
30899,ok,0.0,False,0.0,10.0,138,False,0.0,False,,0,,,0.267,pass,0.422
30915,ok,10.0,False,10.0,11.0,747,False,0.0,False,,0,0.0,10.0,0.666,pass,1.01
30920,ok,16.0,False,16.0,7.0,978,False,6.0,False,,0,0.0,,1.978,pass,3.007
30944,ok,10.0,False,10.0,6.0,769,False,0.0,False,,0,0.0,,1.35,pass,1.867
30947,ok,0.0,False,0.0,10.0,115,False,0.0,False,,0,,,0.264,pass,0.305
30955,capped,1000.0,True,1000.0,14.0,110140,False,0.0,False,,0,0.0,,0.67,pass,0.981
30959,ok,100.0,False,100.0,9.0,8203,False,0.0,False,,0,0.0,100.0,11.552,timeout 15 s,15.29
30968,ok,0.0,False,0.0,14.0,198,False,0.0,False,,0,,,1.656,pass,2.292
30969,capped,1000.0,True,1000.0,9.0,46041,False,983.0,False,,0,0.0,,10.339,timeout 15 s,15.221
30971,capped,1000.0,True,1000.0,14.0,179307,False,0.0,False,,0,0.0,,2.929,pass,4.308
30982,ok,20.0,False,20.0,12.0,1803,False,0.0,False,,0,0.0,,0.342,pass,0.465
30985,capped,1000.0,True,1000.0,6.0,74082,False,960.0,False,,0,0.0,,1.085,pass,1.622
30992,ok,100.0,False,100.0,10.0,6513,False,0.0,False,,0,0.0,100.0,0.544,pass,0.805
31004,ok,10.0,False,10.0,9.0,701,False,0.0,False,,0,0.0,,0.801,pass,1.034
31037,ok,0.0,False,0.0,12.0,144,False,0.0,False,,0,,100.0,0.49,pass,0.705
31046,ok,90.0,False,90.0,11.0,9139,False,0.0,False,,0,0.0,,6.34,pass,9.999
31048,ok,0.0,False,0.0,8.0,89,False,0.0,False,,0,,,0.11,pass,0.153
31050,ok,12.0,False,12.0,13.0,1312,False,0.0,False,,0,0.0,100.0,0.408,pass,0.601
31052,ok,10.0,False,10.0,6.0,450,False,0.0,False,,0,0.0,,0.606,pass,0.893
31057,ok,10.0,False,10.0,12.0,1314,False,0.0,False,,0,0.0,,0.944,pass,1.291
31064,ok,50.0,False,50.0,13.0,7881,False,0.0,False,,0,0.0,50.0,1.492,pass,2.055
31073,capped,1000.0,True,1000.0,11.0,112773,False,0.0,False,,0,0.0,,1.485,pass,2.062
31084,capped,1000.0,True,1000.0,10.0,189892,False,0.0,False,,0,0.0,,0.471,pass,0.653
31090,ok,10.0,False,10.0,10.0,705,False,0.0,False,,0,0.0,10.0,1.682,pass,2.039
31091,capped,1000.0,True,1000.0,9.0,80413,False,987.0,False,,0,0.0,,0.834,pass,1.116
31093,ok,10.0,False,10.0,7.0,445,False,0.0,False,,0,0.0,10.0,0.7,pass,0.918
31099,ok,0.0,False,0.0,12.0,135,False,0.0,False,,0,,,0.067,pass,0.095
31127,ok,100.0,False,100.0,8.0,4215,False,0.0,False,,0,0.0,,1.574,pass,2.13
31131,ok,0.0,False,0.0,10.0,116,False,0.0,False,,0,,,0.751,pass,1.022
31136,ok,0.0,False,0.0,6.0,89,False,0.0,False,,0,,1.0,0.588,pass,0.828
31144,ok,0.0,False,0.0,7.0,92,False,0.0,False,,0,,,1.344,pass,1.822
31145,ok,10.0,False,10.0,5.0,419,False,0.0,False,,0,0.0,10.0,1.502,pass,2.099
31148,ok,10.0,False,10.0,8.0,1118,False,0.0,False,,0,0.0,10.0,0.609,pass,0.804
31150,capped,1000.0,True,1000.0,9.0,49081,False,0.0,False,,0,0.0,,1.813,pass,2.534
31154,ok,69.0,False,69.0,11.0,5453,False,0.0,False,,0,0.0,,0.57,pass,0.791
31162,ok,10.0,False,10.0,9.0,916,False,0.0,False,,0,0.0,10.0,2.734,pass,4.003
31165,ok,7.0,False,7.0,10.0,1100,False,0.0,False,,0,0.0,,0.53,pass,0.702
31166,ok,100.0,False,100.0,8.0,12731,False,0.0,False,,0,0.0,,1.218,pass,1.501
31175,ok,10.0,False,10.0,8.0,575,False,0.0,False,,0,0.0,10.0,0.373,pass,0.534
31177,capped,1000.0,True,1000.0,12.0,46740,False,0.0,False,,0,0.0,,1.356,pass,1.802
31185,ok,10.0,False,10.0,8.0,651,False,0.0,False,,0,0.0,10.0,4.174,pass,5.663
31194,ok,0.0,False,0.0,12.0,135,False,0.0,False,,0,,50.0,0.498,pass,0.662
31209,ok,2.0,False,2.0,9.0,198,False,0.0,False,,0,0.0,10.0,1.075,pass,1.481
31216,ok,470.0,False,470.0,7.0,23409,False,240.0,False,,0,0.0,,1.064,pass,1.515
31219,ok,0.0,False,0.0,10.0,107,False,0.0,False,,0,,,0.082,pass,0.098
31229,ok,0.0,False,0.0,6.0,69,False,0.0,False,,0,,,0.627,pass,0.89
31238,ok,0.0,False,0.0,8.0,107,False,0.0,False,,0,,,1.265,pass,1.798
31240,ok,100.0,False,100.0,10.0,9207,False,0.0,False,,0,0.0,100.0,2.142,pass,3.175
31256,ok,125.0,False,125.0,9.0,5448,False,0.0,False,,0,0.0,,0.262,pass,0.393
31268,ok,10.0,False,10.0,10.0,835,False,0.0,False,,0,0.0,10.0,0.724,pass,1.063
31269,ok,100.0,False,100.0,7.0,34277,True,0.0,False,,0,0.0,100.0,0.407,pass,0.608
31275,ok,50.0,False,50.0,10.0,3125,False,0.0,False,,0,0.0,50.0,0.65,pass,0.915
31287,ok,10.0,False,10.0,9.0,662,False,0.0,False,,0,0.0,,0.626,pass,0.886
31289,ok,50.0,False,50.0,12.0,6650,False,0.0,False,,0,0.0,50.0,0.777,pass,1.054
31296,ok,60.0,False,60.0,7.0,2513,False,50.0,False,,0,0.0,,2.34,pass,3.516
31317,ok,0.0,False,0.0,11.0,134,False,0.0,False,,0,,100.0,0.979,pass,1.448
31338,ok,100.0,False,100.0,10.0,9953,False,0.0,False,,0,0.0,100.0,0.324,pass,0.436
31347,ok,10.0,False,10.0,9.0,900,False,0.0,False,,0,0.0,,1.379,pass,1.988
31356,ok,10.0,False,10.0,12.0,1194,False,0.0,False,,0,0.0,,2.185,pass,3.336
31367,capped,1000.0,True,1000.0,12.0,114173,False,0.0,False,,0,0.0,,1.109,pass,1.618
31374,ok,29.0,False,29.0,11.0,15302,True,0.0,False,,0,0.0,,1.437,pass,2.097
31375,ok,5.0,False,5.0,6.0,307,False,0.0,False,,0,0.0,,1.363,pass,1.933
31378,ok,2.0,False,2.0,5.0,273,False,0.0,False,,0,0.0,,0.162,pass,0.254
31384,ok,50.0,False,50.0,13.0,5749,False,0.0,False,,0,0.0,50.0,1.828,pass,2.876
31396,capped,1000.0,True,1000.0,12.0,91596,False,0.0,False,,0,0.0,,1.018,pass,1.422
31400,ok,20.0,False,20.0,12.0,2646,False,0.0,False,,0,0.0,50.0,0.426,pass,0.641
31401,ok,100.0,False,100.0,10.0,13406,False,0.0,False,,0,0.0,100.0,0.859,pass,1.144
31429,ok,108.0,False,108.0,9.0,12560,False,0.0,False,,0,0.0,,0.234,pass,0.325
31431,capped,1000.0,True,1000.0,8.0,87908,False,0.0,False,,0,0.0,1.0,0.634,pass,0.898
31432,capped,1000.0,True,1000.0,9.0,47418,False,0.0,False,,0,0.0,,1.837,pass,2.632
31438,ok,50.0,False,50.0,14.0,7675,False,0.0,False,,0,0.0,,0.688,pass,0.949
31447,ok,20.0,False,20.0,9.0,1381,False,0.0,False,,0,0.0,,0.239,pass,0.331
31452,capped,1000.0,True,1000.0,11.0,122387,False,0.0,False,,0,0.0,,0.747,pass,1.028
31459,capped,1000.0,True,1000.0,9.0,35802,False,0.0,False,,0,0.0,,1.288,pass,1.813
31469,ok,10.0,False,10.0,9.0,1081,False,0.0,False,,0,0.0,,1.332,pass,1.875
31472,ok,10.0,False,10.0,11.0,616,False,0.0,False,,0,0.0,10.0,1.14,pass,1.538
31480,ok,100.0,False,100.0,12.0,7362,False,0.0,False,,0,0.0,100.0,0.882,pass,1.216
31482,ok,0.0,False,0.0,10.0,110,False,0.0,False,,0,,,0.123,pass,0.173
31486,ok,12.0,False,12.0,12.0,1792,False,0.0,False,,0,0.0,,0.92,pass,1.34
31504,ok,0.0,False,0.0,9.0,97,False,0.0,False,,0,,,0.111,pass,0.158
31512,ok,859.0,False,859.0,8.0,29671,False,0.0,False,,0,0.0,10.0,16.5,timeout 15 s,15.069
31527,ok,20.0,False,20.0,5.0,664,False,6.0,False,,0,0.0,20.0,0.252,pass,0.415
31536,ok,12.0,False,12.0,9.0,1732,False,0.0,False,,0,0.0,,0.664,pass,0.82
31537,ok,10.0,False,10.0,10.0,549,False,0.0,False,,0,0.0,,0.759,pass,1.055
31544,capped,24.0,True,24.0,11.0,58359,True,0.0,False,,0,0.0,100.0,0.949,pass,1.315
31548,ok,10.0,False,10.0,11.0,738,False,0.0,False,,0,0.0,,1.141,pass,1.438
31562,ok,10.0,False,10.0,9.0,538,False,0.0,False,,0,0.0,10.0,0.935,pass,1.368
31568,ok,100.0,False,100.0,12.0,8939,False,0.0,False,,0,0.0,100.0,0.416,pass,0.619
31570,capped,1000.0,True,1000.0,8.0,124412,False,0.0,False,,0,0.0,,0.93,pass,1.225
31584,capped,1000.0,True,1000.0,13.0,165039,False,0.0,False,,0,0.0,,7.64,pass,12.094
31596,ok,100.0,False,100.0,8.0,6093,False,0.0,False,,0,0.0,,0.767,pass,0.931
31602,ok,10.0,False,10.0,7.0,458,False,0.0,False,,0,0.0,10.0,1.472,pass,1.898
31613,ok,32.0,False,32.0,14.0,4408,False,14.0,False,,0,0.0,,2.147,pass,3.046
31614,ok,0.0,False,0.0,7.0,86,False,0.0,False,,0,,,0.447,pass,0.606
31629,ok,0.0,False,0.0,11.0,136,False,0.0,False,,0,,50.0,0.072,pass,0.097
31631,ok,853.0,False,853.0,9.0,33748,False,0.0,False,,0,0.0,,1.308,pass,1.846
31635,ok,0.0,False,0.0,11.0,127,False,0.0,False,,0,,,0.22,pass,0.319
31641,capped,1000.0,True,1000.0,10.0,55172,False,0.0,False,,0,0.0,,0.681,pass,0.881
31659,ok,0.0,False,0.0,5.0,80,False,0.0,False,,0,,,1.049,pass,1.521
31673,ok,10.0,False,10.0,7.0,818,False,0.0,False,,0,0.0,10.0,0.222,pass,0.312
31678,capped,1000.0,True,1000.0,6.0,55761,False,0.0,False,,0,0.0,,4.754,pass,7.457
31680,ok,39.0,False,39.0,6.0,1953,False,0.0,False,,0,0.0,,0.612,pass,0.874
31681,ok,0.0,False,0.0,6.0,83,False,0.0,False,,0,,20.0,1.308,pass,1.932
31686,ok,10.0,False,10.0,9.0,1406,False,0.0,False,,0,0.0,,1.77,pass,2.427
31702,ok,100.0,False,100.0,9.0,13923,False,0.0,False,,0,0.0,100.0,0.744,pass,0.961
31705,ok,100.0,False,100.0,13.0,10371,False,0.0,False,,0,0.0,100.0,0.618,pass,0.922
31748,ok,4.0,False,4.0,9.0,463,False,1.0,False,,0,0.0,,1.087,pass,1.471
31757,ok,50.0,False,50.0,9.0,4960,False,0.0,False,,0,0.0,50.0,1.644,pass,2.632
31760,capped,1000.0,True,1000.0,15.0,128082,False,0.0,False,,0,0.0,,7.38,pass,10.746
31772,ok,10.0,False,10.0,13.0,968,False,0.0,False,,0,0.0,10.0,1.866,pass,2.634
31779,ok,50.0,False,50.0,10.0,2165,False,0.0,False,,0,0.0,100.0,0.77,pass,1.122
31791,ok,10.0,False,10.0,8.0,643,False,0.0,False,,0,0.0,,1.188,pass,1.539
31797,ok,50.0,False,50.0,6.0,5046,False,0.0,False,,0,0.0,50.0,0.58,pass,0.86
31815,ok,10.0,False,10.0,6.0,458,False,0.0,False,,0,0.0,10.0,0.219,pass,0.316
31826,ok,17.0,False,17.0,10.0,1452,False,0.0,False,,0,0.0,,0.956,pass,1.255
31832,capped,1000.0,True,1000.0,10.0,103907,False,0.0,False,,0,0.0,,1.804,pass,2.612
31859,ok,100.0,False,100.0,11.0,8304,False,0.0,False,,0,0.0,100.0,1.034,pass,1.384
31862,ok,100.0,False,100.0,10.0,14208,False,0.0,False,,0,0.0,100.0,0.91,pass,1.294
31868,ok,10.0,False,10.0,9.0,563,False,0.0,False,,0,0.0,10.0,1.347,pass,1.812
31871,ok,50.0,False,50.0,6.0,2315,False,0.0,False,,0,0.0,50.0,0.14,pass,0.222
31874,ok,0.0,False,0.0,13.0,166,False,0.0,False,,0,,,1.324,pass,1.817
31890,ok,100.0,False,100.0,10.0,8317,False,0.0,False,,0,0.0,100.0,2.9,pass,4.004
31894,ok,10.0,False,10.0,6.0,617,False,0.0,False,,0,0.0,,0.7,pass,1.01
31905,ok,0.0,False,0.0,11.0,125,False,0.0,False,,0,,10.0,1.743,pass,2.557
31911,ok,20.0,False,20.0,7.0,1651,False,18.0,False,,0,0.0,20.0,12.331,timeout 15 s,15.237
31915,ok,10.0,False,10.0,7.0,928,False,0.0,False,,0,0.0,10.0,2.198,pass,2.875
31917,capped,1000.0,True,1000.0,9.0,105480,False,0.0,False,,0,0.0,,3.168,pass,4.594
31932,ok,50.0,False,50.0,12.0,4640,False,37.0,False,,0,0.0,50.0,5.216,pass,6.658
31938,capped,1000.0,True,1000.0,8.0,120085,False,0.0,False,,0,0.0,,0.867,pass,1.256
31948,ok,6.0,False,6.0,10.0,513,False,0.0,False,,0,0.0,100.0,1.597,pass,2.119
31961,capped,1000.0,True,1000.0,11.0,197345,False,0.0,False,,0,0.0,,0.863,pass,1.239
31981,ok,0.0,False,0.0,9.0,115,False,0.0,False,,0,,50.0,0.508,pass,0.651
31986,ok,7.0,False,7.0,10.0,748,False,0.0,False,,0,0.0,,2.234,pass,3.52
31994,capped,1000.0,True,1000.0,12.0,155300,False,0.0,False,,0,0.0,,0.8,pass,1.094
32025,ok,10.0,False,10.0,10.0,1206,False,0.0,False,,0,0.0,,0.561,pass,0.85
32048,capped,1000.0,True,1000.0,9.0,22481,False,0.0,False,,0,0.0,,1.152,pass,1.709
32053,ok,10.0,False,10.0,9.0,891,False,8.0,False,,0,0.0,,0.547,pass,0.733
32055,capped,1000.0,True,1000.0,12.0,46609,False,0.0,False,,0,0.0,,1.502,pass,2.115
32058,capped,1000.0,True,1000.0,12.0,95363,False,0.0,False,,0,0.0,,0.736,pass,0.99
32086,ok,572.0,False,572.0,7.0,24185,False,0.0,False,,0,0.0,,1.339,pass,1.914
32097,ok,0.0,False,0.0,16.0,228,False,0.0,False,,0,,,5.457,pass,9.787
32099,ok,10.0,False,10.0,13.0,1260,False,0.0,False,,0,0.0,10.0,1.005,pass,1.508
32106,capped,1000.0,True,1000.0,10.0,83048,False,0.0,False,,0,0.0,,3.364,pass,4.809
32127,capped,1000.0,True,1000.0,11.0,118676,False,0.0,False,,0,0.0,,3.351,pass,5.032
32139,ok,0.0,False,0.0,6.0,67,False,0.0,False,,0,,,0.172,pass,0.24
32144,ok,853.0,False,853.0,13.0,31340,False,0.0,False,,0,0.0,10.0,0.185,pass,0.264
32153,ok,4.0,False,4.0,8.0,204,False,0.0,False,,0,0.0,,0.483,pass,0.688
32156,ok,10.0,False,10.0,10.0,604,False,0.0,False,,0,0.0,10.0,0.386,pass,0.521
32162,capped,1000.0,True,1000.0,9.0,38740,False,0.0,False,,0,0.0,,2.675,pass,3.827
32181,ok,0.0,False,0.0,13.0,143,False,0.0,False,,0,,,0.123,pass,0.166
32194,ok,100.0,False,100.0,8.0,8847,False,0.0,False,,0,0.0,100.0,1.905,pass,2.646
32195,capped,1000.0,True,1000.0,6.0,36974,False,2.0,False,,0,0.0,,2.541,pass,3.853
32198,ok,50.0,False,50.0,13.0,6718,False,0.0,False,,0,0.0,50.0,0.681,pass,0.889
32203,capped,1000.0,True,1000.0,12.0,75696,False,0.0,False,,0,0.0,,1.945,pass,2.847
32216,capped,1000.0,True,1000.0,12.0,100532,False,0.0,False,,0,0.0,,2.66,pass,4.04
32217,ok,34.0,False,34.0,10.0,4145,False,0.0,False,,0,0.0,50.0,1.092,pass,1.457
32224,ok,874.0,False,874.0,9.0,58898,False,0.0,False,,0,0.0,,0.722,pass,1.118
32230,ok,0.0,False,0.0,12.0,140,False,0.0,False,,0,,,1.662,pass,2.447
32236,capped,1000.0,True,1000.0,12.0,67987,False,0.0,False,,0,0.0,5.0,15.893,timeout 15 s,15.071
32254,ok,20.0,False,20.0,8.0,1669,False,1.0,False,,0,0.0,20.0,0.937,pass,1.179
32256,ok,21.0,False,21.0,12.0,2010,False,0.0,False,,0,0.0,,0.33,pass,0.461
32274,ok,17.0,False,17.0,6.0,581,False,0.0,False,,0,0.0,,0.403,pass,0.529
32283,capped,1000.0,True,1000.0,12.0,179904,False,0.0,False,,0,0.0,,0.786,pass,1.057
32290,ok,0.0,False,0.0,10.0,123,False,0.0,False,,0,,50.0,0.738,pass,1.055
32294,ok,10.0,False,10.0,11.0,998,False,0.0,False,,0,0.0,,0.829,pass,1.006
32327,ok,39.0,False,39.0,7.0,3131,False,0.0,False,,0,0.0,,0.327,pass,0.458
32329,ok,0.0,False,0.0,7.0,82,False,0.0,False,,0,,10.0,2.729,pass,4.034
32341,ok,377.0,False,377.0,7.0,34377,False,13.0,False,,0,0.0,,2.245,pass,3.951
32343,ok,10.0,False,10.0,12.0,1587,False,0.0,False,,0,0.0,10.0,1.972,pass,2.836
32355,ok,0.0,False,0.0,13.0,148,False,0.0,False,,0,,,0.08,pass,0.112
32360,ok,2.0,False,2.0,9.0,240,False,0.0,False,,0,0.0,,0.987,pass,1.343
32369,ok,0.0,False,0.0,12.0,136,False,0.0,False,,0,,,0.485,pass,0.69
32383,ok,0.0,False,0.0,17.0,212,False,0.0,False,,0,,100.0,0.851,pass,1.142
32386,ok,0.0,False,0.0,12.0,139,False,0.0,False,,0,,,0.371,pass,0.533
32414,ok,50.0,False,50.0,9.0,5113,False,5.0,False,,0,0.0,50.0,0.618,pass,0.811
32415,ok,0.0,False,0.0,9.0,117,False,0.0,False,,0,,,0.156,pass,0.22
32433,capped,1000.0,True,1000.0,12.0,105092,False,0.0,False,,0,0.0,,1.79,pass,3.15
32451,capped,1000.0,True,1000.0,9.0,106564,False,0.0,False,,0,0.0,,0.674,pass,0.976
32456,capped,1000.0,True,1000.0,7.0,63929,False,410.0,False,,0,0.0,,1.207,timeout 15 s,15.08
32459,ok,10.0,False,10.0,9.0,594,False,0.0,False,,0,0.0,10.0,0.657,pass,0.873
32482,ok,0.0,False,0.0,10.0,159,False,0.0,False,,0,,,1.301,pass,1.842
32489,ok,10.0,False,10.0,7.0,409,False,4.0,False,,0,0.0,10.0,1.195,pass,1.717
32493,ok,0.0,False,0.0,7.0,99,False,0.0,False,,0,,,0.897,pass,1.259
32518,ok,0.0,False,0.0,10.0,122,False,0.0,False,,0,,,0.074,pass,0.103
32522,ok,679.0,False,679.0,11.0,64420,False,0.0,False,,0,0.0,,1.204,pass,1.639
32526,ok,0.0,False,0.0,11.0,149,False,0.0,False,,0,,,0.156,pass,0.21
32544,ok,0.0,False,0.0,9.0,104,False,0.0,False,,0,,,0.194,pass,0.261
32550,ok,10.0,False,10.0,11.0,937,False,0.0,False,,0,0.0,,0.72,pass,0.94
32554,capped,1000.0,True,1000.0,9.0,112769,False,0.0,False,,0,0.0,,0.373,pass,0.528
32565,ok,47.0,False,47.0,11.0,2125,False,0.0,False,,0,0.0,,1.617,pass,2.307
32582,ok,50.0,False,50.0,6.0,1831,False,49.0,True,,0,0.0,50.0,0.863,pass,1.165
32583,ok,10.0,False,10.0,7.0,701,False,0.0,False,,0,0.0,,0.773,pass,1.078
32588,ok,27.0,False,27.0,9.0,3537,False,0.0,False,,0,0.0,10.0,0.713,pass,0.826
32626,ok,220.0,False,220.0,11.0,18779,False,0.0,False,,0,0.0,,1.166,pass,1.681
32636,capped,1000.0,True,1000.0,13.0,84349,False,406.0,False,,0,0.0,,0.904,pass,1.244
32642,ok,10.0,False,10.0,7.0,539,False,0.0,False,,0,0.0,10.0,0.292,pass,0.394
32648,ok,0.0,False,0.0,13.0,206,False,0.0,False,,0,,,1.177,pass,1.651
32655,ok,50.0,False,50.0,15.0,3536,False,0.0,False,,0,0.0,50.0,0.762,pass,1.016
32661,capped,1000.0,True,1000.0,10.0,110475,False,0.0,False,,0,0.0,,3.231,pass,4.852
32673,ok,50.0,False,50.0,13.0,3265,False,0.0,False,,0,0.0,,0.663,pass,0.865
32675,ok,10.0,False,10.0,11.0,1349,False,0.0,False,,0,0.0,,2.833,pass,4.141
32702,ok,0.0,False,0.0,10.0,112,False,0.0,False,,0,,,0.117,pass,0.171
32707,ok,10.0,False,10.0,8.0,888,False,0.0,False,,0,0.0,10.0,0.399,pass,0.527
32708,ok,37.0,False,37.0,11.0,5236,False,0.0,False,,0,0.0,,10.419,timeout 15 s,15.055
32716,ok,39.0,False,39.0,8.0,2546,False,0.0,False,,0,0.0,,0.205,pass,0.296
32727,ok,10.0,False,10.0,8.0,700,False,0.0,False,,0,0.0,,0.687,pass,0.96
32729,ok,6.0,False,6.0,8.0,379,False,0.0,False,,0,0.0,,1.241,pass,1.732
32732,capped,1000.0,True,1000.0,9.0,47752,False,0.0,False,,0,0.0,,2.809,pass,4.302
32745,capped,1000.0,True,1000.0,8.0,34840,False,0.0,False,,0,0.0,,0.54,pass,0.742
32751,capped,1000.0,True,1000.0,17.0,142095,False,0.0,False,,0,0.0,,6.276,pass,10.307
32773,ok,677.0,False,677.0,14.0,82074,False,0.0,False,,0,0.0,,0.253,pass,0.343
32777,ok,10.0,False,10.0,7.0,618,False,0.0,False,,0,0.0,20.0,0.345,pass,0.445
32779,ok,10.0,False,10.0,9.0,541,False,0.0,False,,0,0.0,,0.126,pass,0.21
32784,ok,100.0,False,100.0,8.0,12774,False,87.0,False,,0,0.0,100.0,1.816,pass,3.291
32785,ok,10.0,False,10.0,8.0,408,False,0.0,False,,0,0.0,,0.697,pass,1.007
32792,ok,30.0,False,30.0,10.0,2234,False,0.0,False,,0,0.0,,4.221,pass,6.121
32796,ok,0.0,False,0.0,9.0,97,False,0.0,False,,0,,100.0,0.718,pass,1.037
32809,ok,100.0,False,100.0,10.0,10885,False,0.0,False,,0,0.0,100.0,6.934,pass,8.875
32813,ok,20.0,False,20.0,11.0,2423,False,0.0,False,,0,0.0,,0.799,pass,1.189
32815,ok,0.0,False,0.0,11.0,154,False,0.0,False,,0,,,0.067,pass,0.093
32829,ok,423.0,False,423.0,13.0,33805,False,0.0,False,,0,0.0,,0.622,pass,0.834
32841,ok,0.0,False,0.0,8.0,86,False,0.0,False,,0,,10.0,0.16,pass,0.218
32843,ok,10.0,False,10.0,4.0,222,False,3.0,False,,0,0.0,10.0,6.737,pass,10.662
32846,ok,0.0,False,0.0,11.0,129,False,0.0,False,,0,,10.0,0.831,pass,1.214
32848,ok,100.0,False,100.0,9.0,11595,False,0.0,False,,0,0.0,100.0,1.786,pass,2.487
32850,capped,1000.0,True,1000.0,6.0,31669,False,0.0,False,,0,0.0,,1.565,pass,2.175
32860,ok,30.0,False,30.0,10.0,3566,False,0.0,False,,0,0.0,,2.096,pass,3.093
32890,capped,1000.0,True,1000.0,9.0,38102,False,999.0,True,,0,0.0,,0.385,pass,0.733
32893,ok,0.0,False,0.0,8.0,101,False,0.0,False,,0,,,1.189,pass,1.616
32898,ok,50.0,False,50.0,8.0,6207,False,0.0,False,,0,0.0,50.0,0.728,pass,1.073
32899,ok,0.0,False,0.0,11.0,130,False,0.0,False,,0,,,0.639,pass,0.851
32925,ok,100.0,False,100.0,10.0,4821,False,0.0,False,,0,0.0,100.0,0.848,pass,1.216
32928,ok,10.0,False,10.0,8.0,946,False,0.0,False,,0,0.0,,2.416,pass,3.462
32936,capped,1000.0,True,1000.0,7.0,40459,False,0.0,False,,0,0.0,,0.547,pass,0.845
32939,capped,1000.0,True,1000.0,11.0,106467,False,387.0,False,,0,0.0,,2.068,pass,2.893
32948,ok,10.0,False,10.0,9.0,1027,False,0.0,False,,0,0.0,,0.179,pass,0.253
32949,ok,10.0,False,10.0,12.0,1697,False,0.0,False,,0,0.0,,0.745,pass,1.052
32966,ok,0.0,False,0.0,11.0,133,False,0.0,False,,0,,,0.119,pass,0.171
32970,ok,100.0,False,100.0,13.0,12072,False,0.0,False,,0,0.0,100.0,0.662,pass,0.952
32973,ok,566.0,False,566.0,8.0,31517,False,0.0,False,,0,0.0,10.0,0.326,pass,0.469
32987,ok,0.0,False,0.0,12.0,139,False,0.0,False,,0,,,0.922,pass,1.262
32990,ok,11.0,False,11.0,8.0,937,False,0.0,False,,0,0.0,,0.718,pass,1.01
33006,ok,0.0,False,0.0,12.0,132,False,0.0,False,,0,,,1.332,pass,1.86
33009,capped,1000.0,True,1000.0,10.0,109844,False,0.0,False,,0,0.0,,2.497,pass,3.66
33013,capped,1000.0,True,1000.0,10.0,114770,False,0.0,False,,0,0.0,,0.167,pass,0.231
33015,ok,0.0,False,0.0,11.0,121,False,0.0,False,,0,,10.0,0.949,pass,1.355
33027,capped,1000.0,True,1000.0,10.0,101822,False,0.0,False,,0,0.0,,1.49,pass,2.228
33034,ok,10.0,False,10.0,6.0,500,False,0.0,False,,0,0.0,,0.598,pass,0.833
33044,ok,0.0,False,0.0,10.0,108,False,0.0,False,,0,,50.0,0.8,pass,1.062
33051,ok,34.0,False,34.0,13.0,4006,False,0.0,False,,0,0.0,,0.646,pass,0.903
33056,ok,10.0,False,10.0,6.0,362,False,0.0,False,,0,0.0,,0.274,pass,0.395
33063,ok,10.0,False,10.0,13.0,2017,False,0.0,False,,0,0.0,5.0,2.477,pass,3.364
33065,ok,942.0,False,942.0,10.0,115367,False,0.0,False,,0,0.0,,9.275,pass,14.067
33066,ok,50.0,False,50.0,8.0,3936,False,0.0,False,,0,0.0,,1.05,pass,1.395
33077,capped,1000.0,True,1000.0,11.0,49414,False,0.0,False,,0,0.0,,0.817,pass,1.214
33081,ok,0.0,False,0.0,10.0,100,False,0.0,False,,0,,10.0,0.286,pass,0.413
33082,ok,35.0,False,35.0,9.0,2196,False,0.0,False,,0,0.0,,0.813,pass,1.104
33084,ok,10.0,False,10.0,7.0,809,False,0.0,False,,0,0.0,10.0,1.793,pass,2.637
33086,ok,10.0,False,10.0,8.0,735,False,0.0,False,,0,0.0,,1.086,pass,1.516
33090,capped,1000.0,True,1000.0,10.0,110798,False,0.0,False,,0,0.0,,1.174,pass,1.484
33104,ok,10.0,False,10.0,9.0,608,False,0.0,False,,0,0.0,10.0,0.886,pass,1.243
33109,capped,1000.0,True,1000.0,9.0,78200,False,998.0,False,,0,0.0,,2.107,pass,3.118
33131,capped,1000.0,True,1000.0,10.0,120596,False,0.0,False,,0,0.0,,2.775,pass,4.226
33132,ok,50.0,False,50.0,9.0,5958,False,0.0,False,,0,0.0,,2.885,pass,3.44
33143,ok,853.0,False,853.0,9.0,61517,False,0.0,False,,0,0.0,,0.894,pass,1.221
33160,ok,853.0,False,853.0,12.0,24729,False,0.0,False,,0,0.0,,0.264,pass,0.431
33167,ok,2.0,False,2.0,10.0,375,False,0.0,False,,0,0.0,,1.537,pass,2.212
33170,ok,50.0,False,50.0,11.0,3781,False,0.0,False,,0,0.0,50.0,2.351,pass,3.505
33172,capped,1000.0,True,1000.0,11.0,72599,False,0.0,False,,0,0.0,,6.624,pass,9.6
33187,ok,10.0,False,10.0,12.0,918,False,0.0,False,,0,0.0,,0.451,pass,0.632
33196,capped,1000.0,True,1000.0,6.0,22081,False,919.0,False,,0,0.0,,0.917,pass,1.223
33204,ok,23.0,False,23.0,10.0,10486,False,0.0,False,,0,0.0,,0.626,pass,0.925
33225,ok,60.0,False,60.0,10.0,6045,False,54.0,False,,0,0.0,,0.559,pass,0.812
33230,capped,1000.0,True,1000.0,6.0,25796,False,0.0,False,,0,0.0,,3.144,pass,4.453
33231,ok,10.0,False,10.0,10.0,1250,False,0.0,False,,0,0.0,10.0,0.273,pass,0.36
33254,ok,0.0,False,0.0,12.0,159,False,0.0,False,,0,,,0.12,pass,0.179
33265,ok,1.0,False,1.0,15.0,443,False,0.0,False,,0,0.0,,1.487,pass,2.196
33285,ok,0.0,False,0.0,5.0,54,False,0.0,False,,0,,10.0,0.168,pass,0.234
33289,ok,10.0,False,10.0,6.0,395,False,0.0,False,,0,0.0,10.0,1.486,pass,1.961
33291,ok,88.0,False,88.0,12.0,9850,False,0.0,False,,0,0.0,100.0,0.626,pass,0.827
33306,capped,1000.0,True,1000.0,8.0,52862,False,0.0,False,,0,0.0,,14.016,timeout 15 s,15.282
33316,ok,10.0,False,10.0,10.0,1520,False,0.0,False,,0,0.0,10.0,2.202,pass,3.111
33350,ok,852.0,False,852.0,7.0,27871,False,0.0,False,,0,0.0,,0.769,pass,1.113
33353,ok,10.0,False,10.0,11.0,1048,False,0.0,False,,0,0.0,10.0,7.622,pass,10.981
33356,ok,50.0,False,50.0,11.0,6120,False,0.0,False,,0,0.0,50.0,2.428,pass,3.322
33358,capped,1000.0,True,1000.0,9.0,52542,False,0.0,False,,0,0.0,,2.657,pass,3.806
33373,ok,20.0,False,20.0,11.0,1266,False,0.0,False,,0,0.0,20.0,3.588,pass,5.253
33375,ok,10.0,False,10.0,10.0,1792,True,0.0,False,,0,0.0,10.0,0.443,pass,0.63
33388,ok,10.0,False,10.0,10.0,733,False,0.0,False,,0,0.0,10.0,0.915,pass,1.192
33391,ok,0.0,False,0.0,6.0,61,False,0.0,False,,0,,100.0,0.123,pass,0.216
33400,ok,50.0,False,50.0,12.0,3898,False,0.0,False,,0,0.0,50.0,0.471,pass,0.667
33414,capped,1000.0,True,1000.0,10.0,116616,False,0.0,False,,0,0.0,,0.604,pass,0.746
33426,ok,169.0,False,169.0,8.0,6319,False,159.0,False,,0,0.0,10.0,0.539,pass,0.676
33427,ok,0.0,False,0.0,11.0,118,False,0.0,False,,0,,,2.352,pass,3.158
33434,ok,50.0,False,50.0,9.0,3820,False,0.0,False,,0,0.0,50.0,0.809,pass,1.107
33435,capped,1000.0,True,1000.0,10.0,57547,False,395.0,False,,0,0.0,5.0,10.805,timeout 15 s,15.071
33447,capped,1000.0,True,1000.0,8.0,51817,False,104.0,False,,0,0.0,,0.601,pass,0.828
33451,capped,1000.0,True,1000.0,7.0,51101,False,0.0,False,,0,0.0,,0.354,pass,0.485
33457,ok,100.0,False,100.0,13.0,12783,False,0.0,False,,0,0.0,100.0,2.6,pass,3.462
33460,ok,10.0,False,10.0,7.0,1129,False,0.0,False,,0,0.0,,0.325,pass,0.448
33465,capped,1000.0,True,1000.0,6.0,34536,False,0.0,False,,0,0.0,,1.227,pass,1.772
33470,ok,50.0,False,50.0,8.0,2296,False,49.0,True,,0,0.0,,2.083,pass,3.015
33478,ok,496.0,False,496.0,11.0,59816,False,0.0,False,,0,0.0,,0.392,pass,0.518
33482,capped,1000.0,True,1000.0,10.0,61261,False,0.0,False,,0,0.0,,0.976,pass,1.726
33489,ok,100.0,False,100.0,8.0,8168,False,0.0,False,,0,0.0,100.0,1.138,pass,1.482
33500,ok,36.0,False,36.0,12.0,4391,False,12.0,False,,0,0.0,,0.204,pass,0.277
33518,ok,10.0,False,10.0,10.0,939,False,0.0,False,,0,0.0,10.0,1.772,pass,2.374
33524,ok,0.0,False,0.0,9.0,97,False,0.0,False,,0,,,0.116,pass,0.159
33531,ok,10.0,False,10.0,6.0,732,False,0.0,False,,0,0.0,10.0,0.22,pass,0.327
33546,ok,10.0,False,10.0,11.0,1596,False,0.0,False,,0,0.0,,1.669,pass,2.312
33551,ok,20.0,False,20.0,11.0,1742,False,0.0,False,,0,0.0,,0.693,pass,0.984
33552,capped,1000.0,True,1000.0,6.0,98734,False,0.0,False,,0,0.0,,1.854,pass,2.547
33563,ok,853.0,False,853.0,6.0,21743,False,0.0,False,,0,0.0,,0.676,pass,0.859
33577,ok,10.0,False,10.0,5.0,628,False,0.0,False,,0,0.0,,1.305,pass,1.943
33590,capped,1000.0,True,1000.0,8.0,40194,False,0.0,False,,0,0.0,,1.546,pass,2.177
33603,ok,50.0,False,50.0,10.0,6408,False,0.0,False,,0,0.0,50.0,0.397,pass,0.617
33610,ok,677.0,False,677.0,5.0,51191,False,0.0,False,,0,0.0,,0.862,pass,1.264
33618,capped,1000.0,True,1000.0,8.0,93833,False,0.0,False,,0,0.0,,1.321,pass,2.267
33633,ok,10.0,False,10.0,12.0,901,False,0.0,False,,0,0.0,,1.0,pass,1.267
33639,ok,0.0,False,0.0,7.0,78,False,0.0,False,,0,,10.0,10.642,timeout 15 s,15.069
33652,ok,10.0,False,10.0,8.0,662,False,0.0,False,,0,0.0,10.0,4.895,pass,7.473
33673,ok,10.0,False,10.0,9.0,710,False,0.0,False,,0,0.0,10.0,4.054,pass,6.078
33679,ok,36.0,False,36.0,13.0,3670,False,0.0,False,,0,0.0,10.0,1.565,pass,2.162
33680,ok,10.0,False,10.0,8.0,1093,False,0.0,False,,0,0.0,10.0,1.317,pass,1.703
33690,capped,1000.0,True,1000.0,10.0,121462,False,0.0,False,,0,0.0,,1.17,pass,1.66
33700,ok,3.0,False,3.0,7.0,426,False,0.0,False,,0,0.0,,0.418,pass,0.624
33707,ok,10.0,False,10.0,11.0,1272,False,0.0,False,,0,0.0,,1.229,pass,1.53
33721,ok,0.0,False,0.0,10.0,125,False,0.0,False,,0,,50.0,0.623,pass,0.94
33742,ok,50.0,False,50.0,6.0,3007,False,0.0,False,,0,0.0,50.0,1.864,pass,2.719
33753,ok,10.0,False,10.0,7.0,824,False,0.0,False,,0,0.0,,0.909,pass,1.243
33771,ok,0.0,False,0.0,11.0,116,False,0.0,False,,0,,5.0,0.252,pass,0.345
33778,ok,2.0,False,2.0,7.0,142,False,1.0,True,,0,0.0,,0.224,pass,0.327
33785,ok,0.0,False,0.0,10.0,111,False,0.0,False,,0,,50.0,0.635,pass,0.83
33789,ok,0.0,False,0.0,8.0,89,False,0.0,False,,0,,10.0,0.079,pass,0.107
33801,ok,0.0,False,0.0,12.0,136,False,0.0,False,,0,,100.0,0.082,pass,0.117
33807,ok,10.0,False,10.0,12.0,1116,False,0.0,False,,0,0.0,,0.508,pass,0.65
33808,ok,19.0,False,19.0,9.0,1562,False,0.0,False,,0,0.0,,0.428,pass,0.638
33815,ok,2.0,False,2.0,9.0,225,False,0.0,False,,0,0.0,,0.677,pass,0.891
33821,ok,10.0,False,10.0,7.0,491,False,0.0,False,,0,0.0,,18.248,timeout 15 s,15.347
33831,ok,72.0,False,72.0,11.0,7448,False,12.0,False,,0,0.0,,0.286,pass,0.438
33873,ok,50.0,False,50.0,12.0,4592,False,0.0,False,,0,0.0,50.0,0.469,pass,0.683
33881,capped,1000.0,True,1000.0,13.0,133912,False,0.0,False,,0,0.0,,0.629,pass,0.872
33887,ok,50.0,False,50.0,11.0,7654,False,40.0,False,,0,0.0,50.0,3.139,pass,4.678
33891,ok,0.0,False,0.0,18.0,215,False,0.0,False,,0,,,0.062,pass,0.088
33911,ok,40.0,False,40.0,10.0,3220,False,28.0,False,,0,0.0,,1.259,pass,1.757
33920,capped,1000.0,True,1000.0,13.0,147914,False,0.0,False,,0,0.0,,1.309,pass,1.802
33929,ok,733.0,False,733.0,11.0,111634,False,235.0,False,,0,0.0,,0.615,pass,0.886
33931,ok,31.0,False,31.0,10.0,2854,False,0.0,False,,0,0.0,,0.433,pass,0.668
33932,capped,1000.0,True,1000.0,6.0,63110,False,0.0,False,,0,0.0,,2.66,pass,3.939
33934,capped,1000.0,True,1000.0,8.0,35463,False,0.0,False,,0,0.0,,2.105,pass,2.872
33949,ok,10.0,False,10.0,11.0,1333,False,0.0,False,,0,0.0,,0.741,pass,1.081
33954,ok,0.0,False,0.0,10.0,119,False,0.0,False,,0,,,0.484,pass,0.728
33962,ok,20.0,False,20.0,9.0,2294,False,0.0,False,,0,0.0,20.0,1.219,pass,1.828
33964,capped,1000.0,True,1000.0,13.0,80901,False,0.0,False,,0,0.0,,0.978,pass,1.422
33973,ok,10.0,False,10.0,5.0,385,False,0.0,False,,0,0.0,10.0,0.95,pass,1.59
33974,ok,0.0,False,0.0,11.0,130,False,0.0,False,,0,,,0.614,pass,0.856
33976,ok,0.0,False,0.0,11.0,112,False,0.0,False,,0,,10.0,0.136,pass,0.216
33977,ok,10.0,False,10.0,8.0,499,False,0.0,False,,0,0.0,,0.719,pass,1.03
33982,ok,0.0,False,0.0,10.0,106,False,0.0,False,,0,,,8.75,pass,14.489
33983,ok,10.0,False,10.0,8.0,1235,False,0.0,False,,0,0.0,,0.988,pass,1.384
33993,ok,0.0,False,0.0,11.0,105,False,0.0,False,,0,,,0.709,pass,1.014
33996,capped,1000.0,True,1000.0,13.0,142756,False,0.0,False,,0,0.0,,0.769,pass,1.1
33999,capped,1000.0,True,1000.0,6.0,34931,False,0.0,False,,0,0.0,,1.672,pass,2.609
34003,ok,50.0,False,50.0,9.0,4860,False,0.0,False,,0,0.0,50.0,0.911,pass,1.161
34030,ok,7.0,False,7.0,10.0,1079,False,0.0,False,,0,0.0,50.0,0.43,pass,0.593
34047,capped,1000.0,True,1000.0,13.0,121270,False,0.0,False,,0,0.0,,0.961,pass,1.426
34051,ok,0.0,False,0.0,5.0,84,False,0.0,False,,0,,10.0,0.701,pass,1.003
34055,capped,1000.0,True,1000.0,11.0,44744,False,0.0,False,,0,0.0,,1.885,pass,2.583
34068,ok,5.0,False,5.0,11.0,775,False,0.0,False,,0,0.0,,0.569,pass,0.777
34071,ok,10.0,False,10.0,12.0,1065,False,0.0,False,,0,0.0,,1.143,pass,1.479
34077,ok,10.0,False,10.0,7.0,953,False,0.0,False,,0,0.0,10.0,2.206,pass,3.067
34078,ok,100.0,False,100.0,8.0,4471,False,0.0,False,,0,0.0,1.0,4.463,pass,6.444
34082,ok,94.0,False,94.0,11.0,8556,False,0.0,False,,0,0.0,,5.342,pass,8.819
34091,capped,1000.0,True,1000.0,7.0,38270,False,0.0,False,,0,0.0,,0.691,pass,0.966
34092,ok,0.0,False,0.0,7.0,87,False,0.0,False,,0,,,0.985,pass,1.414
34096,ok,23.0,False,23.0,12.0,2534,False,0.0,False,,0,0.0,,0.388,pass,0.597
34102,ok,20.0,False,20.0,7.0,1709,False,0.0,False,,0,0.0,20.0,0.279,pass,0.409
34132,ok,16.0,False,16.0,11.0,2883,False,0.0,False,,0,0.0,,1.789,pass,2.443
34168,ok,10.0,False,10.0,11.0,1444,False,0.0,False,,0,0.0,10.0,0.827,pass,1.191
34189,timeout,,False,,,93,,,False,,0,,,60.127,timeout 15 s,15.131
34192,capped,1000.0,True,1000.0,10.0,116972,False,0.0,False,,0,0.0,,0.884,pass,1.258
34195,capped,1000.0,True,1000.0,5.0,21806,False,1.0,False,,0,0.0,,0.417,pass,0.644
34199,ok,69.0,False,69.0,13.0,8636,False,0.0,False,,0,0.0,100.0,19.372,timeout 15 s,15.058
34204,capped,1000.0,True,1000.0,11.0,81395,False,0.0,False,,0,0.0,,2.582,pass,3.763
34265,ok,0.0,False,0.0,5.0,65,False,0.0,False,,0,,,0.311,pass,0.436
34276,ok,50.0,False,50.0,12.0,7401,False,0.0,False,,0,0.0,50.0,24.213,timeout 15 s,15.061
34283,capped,1000.0,True,1000.0,6.0,42239,False,0.0,False,,0,0.0,,2.166,pass,3.194
34292,ok,0.0,False,0.0,9.0,101,False,0.0,False,,0,,,0.121,pass,0.178
34294,ok,100.0,False,100.0,10.0,12068,False,0.0,False,,0,0.0,100.0,0.927,pass,1.458
34298,ok,50.0,False,50.0,9.0,3013,False,0.0,False,,0,0.0,50.0,1.021,pass,1.321
34313,ok,10.0,False,10.0,10.0,774,False,0.0,False,,0,0.0,,1.389,pass,1.838
34314,ok,287.0,False,287.0,7.0,11312,False,0.0,False,,0,0.0,,0.707,pass,0.999
34320,ok,0.0,False,0.0,10.0,145,False,0.0,False,,0,,10.0,0.168,pass,0.244
34350,ok,4.0,False,4.0,12.0,471,False,0.0,False,,0,0.0,100.0,0.906,pass,1.254
34354,capped,1000.0,True,1000.0,6.0,25495,False,0.0,False,,0,0.0,,0.73,pass,1.1
34363,ok,42.0,False,42.0,11.0,3714,False,0.0,False,,0,0.0,,0.468,pass,0.618
34366,capped,1000.0,True,1000.0,7.0,40159,False,430.0,False,,0,0.0,,0.252,pass,0.346
34367,ok,50.0,False,50.0,7.0,4803,False,0.0,False,,0,0.0,50.0,0.74,pass,1.02
34387,capped,1000.0,True,1000.0,10.0,80451,False,0.0,False,,0,0.0,,0.7,pass,1.054
34399,capped,1000.0,True,1000.0,16.0,101547,False,0.0,False,,0,0.0,,1.319,pass,1.661
34400,ok,0.0,False,0.0,10.0,125,False,0.0,False,,0,,,1.232,pass,1.91
34426,ok,100.0,False,100.0,10.0,8018,False,4.0,False,,0,0.0,100.0,1.148,pass,1.522
34437,ok,50.0,False,50.0,11.0,11928,False,21.0,False,,0,0.0,50.0,2.18,pass,2.949
34440,ok,0.0,False,0.0,14.0,208,False,0.0,False,,0,,,0.162,pass,0.172
34443,ok,0.0,False,0.0,9.0,87,False,0.0,False,,0,,50.0,0.17,pass,0.238
34447,capped,1000.0,True,1000.0,11.0,67038,False,0.0,False,,0,0.0,,1.347,pass,1.964
34459,capped,1000.0,True,1000.0,8.0,46262,False,904.0,False,,0,0.0,,1.41,pass,2.02
34479,ok,28.0,False,28.0,12.0,2375,False,0.0,False,,0,0.0,,0.727,pass,1.041
34494,ok,9.0,False,9.0,7.0,687,False,0.0,False,,0,0.0,1.0,1.675,pass,2.463
34497,ok,10.0,False,10.0,9.0,790,False,0.0,False,,0,0.0,10.0,0.608,pass,0.863
34499,ok,10.0,False,10.0,12.0,1293,False,0.0,False,,0,0.0,,1.372,pass,2.052
34515,ok,10.0,False,10.0,8.0,575,False,0.0,False,,0,0.0,,1.273,pass,1.826
34520,capped,1000.0,True,1000.0,12.0,129068,False,0.0,False,,0,0.0,,1.859,pass,2.545
34541,ok,853.0,False,853.0,10.0,30235,False,0.0,False,,0,0.0,,0.938,pass,1.309
34544,ok,0.0,False,0.0,11.0,118,False,0.0,False,,0,,5.0,1.776,pass,2.49
34549,capped,1000.0,True,1000.0,10.0,97063,False,997.0,False,,0,0.0,,10.735,timeout 15 s,15.1
34552,ok,0.0,False,0.0,7.0,94,False,0.0,False,,0,,10.0,0.235,pass,0.339
34568,ok,10.0,False,10.0,8.0,724,False,0.0,False,,0,0.0,10.0,1.705,pass,2.467
34576,ok,50.0,False,50.0,9.0,3330,False,38.0,False,,0,0.0,50.0,2.367,pass,3.636
34585,timeout,,False,,,93,,,False,,0,,1.0,60.061,timeout 15 s,15.062
34586,ok,7.0,False,7.0,10.0,948,False,0.0,False,,0,0.0,50.0,0.411,pass,0.616
34613,ok,0.0,False,0.0,12.0,135,False,0.0,False,,0,,,1.272,pass,1.823
34619,capped,1000.0,True,1000.0,9.0,109539,False,0.0,False,,0,0.0,,3.237,pass,4.861
34625,capped,1000.0,True,1000.0,10.0,74930,False,0.0,False,,0,0.0,,0.595,pass,0.806
34629,ok,10.0,False,10.0,12.0,830,False,0.0,False,,0,0.0,10.0,0.852,pass,1.174
34634,ok,0.0,False,0.0,9.0,127,False,0.0,False,,0,,,0.131,pass,0.208
34639,ok,10.0,False,10.0,11.0,900,False,0.0,False,,0,0.0,,0.245,pass,0.354
34663,ok,10.0,False,10.0,9.0,734,False,9.0,True,,0,0.0,10.0,1.493,pass,2.209
34669,ok,0.0,False,0.0,9.0,100,False,0.0,False,,0,,,0.117,pass,0.162
34673,ok,0.0,False,0.0,7.0,88,False,0.0,False,,0,,,1.087,pass,1.618
34677,capped,1000.0,True,1000.0,10.0,91110,False,0.0,False,,0,0.0,,0.77,pass,9.442
34678,ok,60.0,False,60.0,8.0,2784,False,50.0,False,,0,0.0,,2.588,pass,4.141
34680,ok,821.0,False,821.0,7.0,34205,False,0.0,False,,0,0.0,,1.177,pass,1.724
34696,ok,10.0,False,10.0,11.0,1399,False,0.0,False,,0,0.0,10.0,0.93,pass,1.378
34698,ok,9.0,False,9.0,6.0,895,False,0.0,False,,0,0.0,10.0,1.118,pass,1.526
34713,ok,100.0,False,100.0,11.0,8320,False,0.0,False,,0,0.0,100.0,0.646,pass,1.035
34732,ok,50.0,False,50.0,13.0,6912,False,0.0,False,,0,0.0,50.0,3.76,pass,5.359
34736,ok,8.0,False,8.0,11.0,1509,False,0.0,False,,0,0.0,20.0,0.548,pass,0.606
34763,ok,10.0,False,10.0,10.0,1243,False,0.0,False,,0,0.0,,0.763,pass,1.093
34765,ok,84.0,False,84.0,10.0,10026,False,0.0,False,,0,0.0,,0.462,pass,0.648
34788,capped,1000.0,True,1000.0,9.0,119734,False,0.0,False,,0,0.0,,0.714,pass,0.926
34789,ok,50.0,False,50.0,11.0,2798,False,45.0,False,,0,0.0,50.0,2.825,pass,4.378
34799,ok,10.0,False,10.0,7.0,1050,False,0.0,False,,0,0.0,10.0,0.587,pass,0.842
34801,ok,10.0,False,10.0,17.0,1639,False,0.0,False,,0,0.0,10.0,2.189,pass,3.062
34803,ok,119.0,False,119.0,7.0,6877,False,0.0,False,,0,0.0,,0.583,pass,0.858
34809,ok,100.0,False,100.0,8.0,10513,False,0.0,False,,0,0.0,100.0,0.417,pass,0.605
34814,timeout,,False,,,93,,,False,,0,,,60.166,timeout 15 s,15.328
34823,capped,1000.0,True,1000.0,9.0,30996,False,1.0,False,,0,0.0,,0.904,pass,1.266
34830,ok,10.0,False,10.0,7.0,492,False,0.0,False,,0,0.0,,0.307,pass,0.428
34851,ok,100.0,False,100.0,12.0,11651,False,0.0,False,,0,0.0,100.0,0.763,pass,1.123
34854,ok,8.0,False,8.0,8.0,324,False,0.0,False,,0,0.0,,0.49,pass,0.666
34864,ok,10.0,False,10.0,9.0,670,False,0.0,False,,0,0.0,,0.128,pass,0.189
34867,ok,50.0,False,50.0,11.0,3495,False,0.0,False,,0,0.0,50.0,4.426,pass,6.883
34888,ok,10.0,False,10.0,6.0,545,False,9.0,True,,0,0.0,10.0,0.426,pass,0.609
34915,ok,0.0,False,0.0,9.0,98,False,0.0,False,,0,,10.0,0.233,pass,0.28
34916,capped,1000.0,True,1000.0,11.0,128232,False,0.0,False,,0,0.0,,1.937,pass,4.579
34918,ok,20.0,False,20.0,10.0,1121,False,0.0,False,,0,0.0,,0.753,pass,1.032
34931,ok,5.0,False,5.0,5.0,421,False,0.0,False,,0,0.0,5.0,0.668,pass,0.944
34933,capped,1000.0,True,1000.0,8.0,133455,False,0.0,False,,0,0.0,,1.786,pass,2.512
34942,ok,100.0,False,100.0,9.0,5370,False,0.0,False,,0,0.0,100.0,0.444,pass,0.573
34951,ok,100.0,False,100.0,12.0,12986,False,0.0,False,,0,0.0,100.0,2.128,pass,3.241
34957,capped,1000.0,True,1000.0,10.0,80635,False,0.0,False,,0,0.0,,2.437,pass,3.297
34959,ok,10.0,False,10.0,4.0,363,False,0.0,False,,0,0.0,,1.547,pass,2.211
34961,ok,0.0,False,0.0,8.0,79,False,0.0,False,,0,,,0.656,pass,0.925
34974,ok,0.0,False,0.0,8.0,88,False,0.0,False,,0,,10.0,0.155,pass,0.219
