qid,sqlstorm_energy_j,sqlstorm_elapsed_s,sqlstorm_timeout,cause,wallclock,fixed_ref,window_d,n_join,has_having,has_like,has_exists,has_in_subq,lookup_tbl,sql_copy
29,1.56072998046875,0.195401,0,wall-clock window (NOW / CURRENT_DATE),True,False,30.4,3,False,False,False,False,False,False
32,7.92718505859375,1.343211,0,wall-clock window (NOW / CURRENT_DATE),True,False,30.0,4,True,False,False,False,False,False
57,10.92047119140625,1.748688,0,≥ 5 joins,False,True,365.0,5,False,False,False,False,False,False
63,8.38922119140625,1.532552,0,HAVING threshold,False,True,365.0,5,True,False,False,False,False,False
90,8.89556884765625,1.308047,0,HAVING threshold,False,False,30.0,5,True,False,False,False,False,False
121,15.40350341796875,1.969347,0,"lookup table (tags, links, history/close types)",False,True,365.0,6,False,False,False,False,True,False
139,13.72747802734375,2.218268,0,other,False,True,365.0,4,False,False,False,False,False,False
142,10.15313720703125,1.259296,0,wall-clock window (NOW / CURRENT_DATE),True,False,182.39999999999998,3,False,False,True,True,False,False
152,9.51898193359375,0.76584,0,HAVING threshold,False,False,7.0,5,True,False,False,False,False,False
185,6.2740478515625,1.010962,0,other,False,True,365.0,4,False,False,False,False,False,False
188,8.2701416015625,0.963533,0,HAVING threshold,False,False,,5,True,False,False,False,False,False
196,3.19952392578125,0.592084,0,≥ 5 joins,False,True,365.0,5,False,False,False,False,False,False
235,2.46002197265625,0.453011,0,fixed-date window ≤ 30 days,False,True,30.0,3,False,False,False,False,False,False
240,12.97906494140625,1.621172,0,fixed-date window ≤ 30 days,False,True,30.0,3,False,False,False,False,False,False
271,3.8060302734375,0.316891,0,≥ 5 joins,False,True,365.0,6,False,False,False,False,False,False
284,1.9232177734375,0.201997,0,other,False,False,,3,False,False,False,False,False,False
289,1.5118408203125,0.214816,0,wall-clock window (NOW / CURRENT_DATE),True,False,30.0,4,False,False,False,False,False,False
292,4.08984375,0.655433,0,wall-clock window (NOW / CURRENT_DATE),True,False,30.0,3,False,False,False,False,False,False
294,4.193603515625,0.636647,0,≥ 5 joins,False,True,365.0,5,False,False,False,False,False,False
305,6.71563720703125,1.246927,0,wall-clock window (NOW / CURRENT_DATE),True,False,182.39999999999998,4,False,False,False,False,False,False
310,27.4432373046875,3.897116,0,other,False,True,365.0,4,False,False,False,False,False,False
312,8.04119873046875,1.337539,0,≥ 5 joins,False,True,365.0,5,False,False,False,False,False,False
317,20.777038574218754,2.88572,0,≥ 5 joins,False,False,365.0,6,False,False,False,False,False,False
325,15.48687744140625,1.829776,0,"lookup table (tags, links, history/close types)",False,True,365.0,4,False,False,False,False,True,False
342,5.3564453125,0.707584,0,"lookup table (tags, links, history/close types)",False,True,365.0,6,False,False,False,False,True,False
362,1.875244140625,0.208272,0,EXISTS / IN (SELECT),False,False,365.0,4,False,False,False,True,False,False
369,85.65161132812499,15.062996,1,LIKE pattern,False,True,365.0,7,False,True,False,False,True,False
371,4.84698486328125,0.480395,0,other,False,True,365.0,4,False,False,False,False,False,False
374,5.36395263671875,0.681968,0,fixed-date window ≤ 30 days,False,True,30.0,5,False,False,False,False,False,False
380,2.0989990234375,0.260384,0,other,False,False,,4,False,False,False,False,False,False
401,1.662109375,0.210175,0,wall-clock window (NOW / CURRENT_DATE),True,False,30.0,6,False,False,False,False,False,False
435,7.51263427734375,1.021383,0,fixed-date window ≤ 30 days,False,True,30.0,3,False,False,False,False,False,False
531,1.603271484375,0.21326,0,"lookup table (tags, links, history/close types)",False,False,365.0,5,False,False,False,False,True,False
558,0.8292236328125,0.095278,0,wall-clock window (NOW / CURRENT_DATE),True,False,91.19999999999999,4,False,False,False,True,False,False
574,2.7908935546875,0.271897,0,EXISTS / IN (SELECT),False,True,,2,False,False,False,True,False,False
692,1.5462646484375,0.162904,0,≥ 5 joins,False,True,365.0,6,False,False,False,False,False,False
806,0.83935546875,0.095044,0,wall-clock window (NOW / CURRENT_DATE),True,False,365.0,3,False,False,False,False,False,False
808,2.7392578125,0.511571,0,HAVING threshold,False,False,,4,True,False,False,True,False,False
813,4.14324951171875,0.507146,0,HAVING threshold,False,True,365.0,5,True,False,False,False,False,False
826,1.6046142578125,0.173917,0,wall-clock window (NOW / CURRENT_DATE),True,False,182.39999999999998,3,False,False,False,False,False,False
834,246.18664550781247,15.066964,1,HAVING threshold,False,True,365.0,5,True,True,False,False,True,False
842,2.1136474609375,0.227165,0,≥ 5 joins,False,False,,5,False,False,False,False,False,False
849,8.1947021484375,1.057634,0,≥ 5 joins,False,True,365.0,6,False,False,False,False,False,False
854,86.23223876953125,15.068882,1,EXISTS / IN (SELECT),False,False,,6,False,False,False,True,True,False
864,6.34478759765625,1.015225,0,fixed-date window ≤ 30 days,False,True,30.0,4,True,False,False,False,False,False
889,53.97210693359375,8.324807,0,EXISTS / IN (SELECT),False,False,,3,False,False,False,True,False,False
925,1.90948486328125,0.255321,0,wall-clock window (NOW / CURRENT_DATE),True,False,182.39999999999998,4,False,False,False,False,False,False
952,2.9437255859375,0.39367,0,other,False,True,365.0,3,False,False,False,False,False,False
953,8.33746337890625,1.058937,0,≥ 5 joins,False,False,,5,False,False,False,False,False,False
967,16.22857666015625,1.84966,0,≥ 5 joins,False,True,365.0,6,False,False,False,False,False,False
968,5.94464111328125,0.579876,0,"lookup table (tags, links, history/close types)",False,False,365.0,6,False,False,False,False,True,False
975,1.18463134765625,0.125574,0,wall-clock window (NOW / CURRENT_DATE),True,False,30.0,2,False,False,False,False,False,False
990,5.089599609375,0.690671,0,other,False,True,365.0,3,False,False,False,False,False,False
995,3.7664794921875,0.560325,0,other,False,True,365.0,4,False,False,False,False,False,False
1066,12.92828369140625,2.325786,0,other,False,True,365.0,4,False,False,False,False,False,False
1080,14.358642578125,2.564649,0,fixed-date window ≤ 30 days,False,True,30.0,6,True,False,False,False,False,False
1127,2.5821533203125,0.311731,0,fixed-date window ≤ 30 days,False,True,30.4,6,False,False,False,False,False,False
1223,6.862548828125,1.174148,0,other,False,True,182.39999999999998,2,False,False,False,False,False,False
1251,1.75140380859375,0.232288,0,other,False,False,365.0,2,False,False,False,False,False,False
1254,5.146240234375,0.861664,0,HAVING threshold,False,False,365.0,3,True,False,False,False,False,False
1270,5.71148681640625,1.041442,0,HAVING threshold,False,True,365.0,2,True,False,False,False,False,False
1274,16.6644287109375,2.519171,0,≥ 5 joins,False,False,,7,False,False,False,False,False,False
1288,2.7349853515625,0.399841,0,EXISTS / IN (SELECT),False,True,365.0,3,False,False,True,False,False,False
1292,6.02313232421875,1.000911,0,"lookup table (tags, links, history/close types)",False,True,365.0,8,False,False,False,False,True,False
1299,10.523681640625,0.847724,0,other,False,False,,4,False,False,False,False,False,False
1300,1.82684326171875,0.267199,0,other,False,False,365.0,3,False,False,False,False,False,False
1325,1.7391357421875,0.22305,0,wall-clock window (NOW / CURRENT_DATE),True,False,30.0,6,False,False,False,False,False,False
1362,0.78289794921875,0.091084,0,wall-clock window (NOW / CURRENT_DATE),True,False,365.0,3,False,False,False,False,False,False
1376,3.7454833984375,0.648192,0,other,False,True,365.0,2,False,False,False,False,False,False
1379,3.48382568359375,0.618322,0,wall-clock window (NOW / CURRENT_DATE),True,False,365.0,2,False,False,False,False,False,False
1402,1.60400390625,0.198934,0,other,False,True,365.0,4,False,False,False,False,False,False
1421,10.74420166015625,1.80231,0,fixed-date window ≤ 30 days,False,True,30.0,4,False,False,True,True,True,False
1443,4.87347412109375,0.714229,0,EXISTS / IN (SELECT),False,False,182.39999999999998,3,False,False,False,True,False,False
1458,19.5450439453125,2.999075,0,"lookup table (tags, links, history/close types)",False,True,365.0,3,False,False,False,False,True,False
1473,3.495361328125,0.315451,0,other,False,True,365.0,4,False,False,False,False,False,False
1479,7.09375,1.299483,0,wall-clock window (NOW / CURRENT_DATE),True,False,30.0,5,False,False,False,False,False,False
1492,9.48773193359375,1.209963,0,other,False,True,365.0,3,False,False,False,False,False,False
1500,10.90777587890625,1.221982,0,EXISTS / IN (SELECT),False,True,365.0,3,False,False,False,True,False,False
1504,3.6849975585937504,0.326948,0,"lookup table (tags, links, history/close types)",False,False,30.0,6,False,False,False,False,True,False
1518,14.86492919921875,2.0657,0,fixed-date window ≤ 30 days,False,True,30.0,6,False,False,False,False,False,False
1532,1.301513671875,0.13074,0,other,False,False,365.0,3,False,False,False,False,False,False
1557,2.79998779296875,0.443109,0,HAVING threshold,False,False,365.0,3,True,True,False,False,True,False
1561,2.63824462890625,0.480882,0,fixed-date window ≤ 30 days,False,True,30.0,4,False,False,False,False,True,False
1616,8.025146484375,1.315445,0,≥ 5 joins,False,True,365.0,5,False,False,False,False,False,False
1655,11.6002197265625,2.054355,0,other,False,False,,2,False,False,False,False,False,False
1693,3.692626953125,0.40097,0,≥ 5 joins,False,True,365.0,6,False,False,False,False,False,False
1748,4.072265625,0.678141,0,≥ 5 joins,False,False,30.4,5,False,False,False,False,False,False
1776,4.0523681640625,0.563367,0,"lookup table (tags, links, history/close types)",False,True,365.0,5,False,False,False,False,True,False
1890,1.4632568359375,0.148139,0,HAVING threshold,False,False,,2,True,False,False,False,False,False
1908,12.08642578125,1.521741,0,wall-clock window (NOW / CURRENT_DATE),True,True,30.0,5,False,False,False,False,False,False
1910,13.20587158203125,1.919258,0,wall-clock window (NOW / CURRENT_DATE),True,False,30.0,5,False,False,False,False,False,False
1919,5.24420166015625,0.962235,0,wall-clock window (NOW / CURRENT_DATE),True,False,30.0,3,True,False,False,False,False,False
1965,10.75244140625,1.832484,0,fixed-date window ≤ 30 days,False,True,30.0,5,False,False,False,False,False,False
2038,16.54693603515625,2.992343,0,fixed-date window ≤ 30 days,False,True,30.0,4,False,False,False,False,False,False
2084,1.54156494140625,0.169839,0,other,False,False,365.0,4,False,False,False,False,False,False
2096,41.74237060546875,7.531862,0,fixed-date window ≤ 30 days,False,True,30.0,5,False,False,False,False,False,False
2102,2.94439697265625,0.473204,0,other,False,True,365.0,3,False,False,False,False,False,False
2106,1.64129638671875,0.205029,0,other,False,True,365.0,3,False,False,False,False,False,False
2114,26.544006347656246,2.604941,0,EXISTS / IN (SELECT),False,False,,6,False,False,False,True,False,False
2116,1.3953857421875,0.148531,0,EXISTS / IN (SELECT),False,True,365.0,2,False,False,True,False,False,False
2141,2.55218505859375,0.247238,0,fixed-date window ≤ 30 days,False,True,30.0,4,False,False,False,False,False,False
2174,2.6094970703125,0.480209,0,other,False,False,,3,False,False,False,False,False,False
2199,1.34515380859375,0.144549,0,fixed-date window ≤ 30 days,False,True,30.0,3,False,False,False,False,False,False
2218,10.38397216796875,1.178289,0,EXISTS / IN (SELECT),False,True,365.0,3,False,False,False,True,False,False
2294,12.97637939453125,1.325375,0,HAVING threshold,False,True,365.0,4,True,False,False,False,False,False
2346,13.6917724609375,1.553796,0,≥ 5 joins,False,False,365.0,6,False,False,False,False,False,False
2372,13.2838134765625,2.075746,0,EXISTS / IN (SELECT),False,False,,4,False,False,True,False,True,False
2373,4.6878662109375,0.630487,0,≥ 5 joins,False,True,365.0,5,False,False,False,False,False,False
2460,5.42303466796875,0.845161,0,other,False,True,182.39999999999998,4,False,False,False,False,False,False
2499,2.33331298828125,0.218813,0,other,False,True,365.0,3,False,False,False,False,False,False
2543,7.72283935546875,1.162502,0,EXISTS / IN (SELECT),False,True,365.0,4,False,False,False,True,False,False
2569,10.09844970703125,1.589057,0,≥ 5 joins,False,False,,6,False,False,False,False,False,False
2603,6.1248779296875,1.110287,0,other,False,False,,4,False,False,False,False,False,False
2613,18.095458984375,2.099328,0,HAVING threshold,False,True,365.0,6,True,False,False,True,True,False
2638,5.71087646484375,0.91134,0,fixed-date window ≤ 30 days,False,True,30.0,4,False,False,False,False,False,False
2658,82.60473632812499,14.287147,0,fixed-date window ≤ 30 days,False,True,30.0,2,False,False,False,False,False,False
2665,27.743835449218754,2.775024,0,≥ 5 joins,False,False,,5,False,False,False,False,False,False
2709,2.69146728515625,0.4854,0,fixed-date window ≤ 30 days,False,True,30.0,4,False,False,False,False,False,False
2711,14.7445068359375,2.573537,0,≥ 5 joins,False,True,365.0,6,False,False,False,False,False,False
2726,1.99798583984375,0.203571,0,other,False,True,182.39999999999998,4,False,False,False,False,False,False
2758,1.6873779296875,0.155174,0,other,False,True,365.0,3,False,False,False,False,False,False
2831,7.13580322265625,0.747792,0,other,False,False,365.0,4,False,False,False,False,False,False
2836,7.044189453125,0.906053,0,EXISTS / IN (SELECT),False,False,365.0,4,False,False,False,True,False,False
2849,1.71978759765625,0.158636,0,≥ 5 joins,False,True,365.0,5,False,False,False,False,False,False
2883,3.1204833984375,0.311487,0,other,False,True,182.39999999999998,3,False,False,False,False,False,False
2894,25.010681152343754,3.903045,0,other,False,True,365.0,2,False,False,False,False,False,False
2924,5.82183837890625,0.898518,0,other,False,True,365.0,4,False,False,False,False,False,False
2986,18.029113769531246,2.252004,0,≥ 5 joins,False,True,365.0,7,False,False,False,False,False,False
3044,1.627685546875,0.167309,0,other,False,True,365.0,4,False,False,False,False,False,False
3049,19.922119140625,2.621402,0,other,False,True,365.0,4,False,False,False,False,False,False
3067,2.8154296875,0.498833,0,≥ 5 joins,False,False,,6,False,False,False,False,False,False
3090,6.37371826171875,1.127735,0,other,False,False,,4,False,False,False,False,False,False
3091,39.13201904296875,6.470363,0,fixed-date window ≤ 30 days,False,True,30.0,4,False,False,False,False,True,False
3112,5.77911376953125,1.051536,0,fixed-date window ≤ 30 days,False,True,30.0,6,False,False,False,False,True,False
3159,9.49884033203125,1.196445,0,other,False,True,365.0,3,False,False,False,False,False,False
3167,5.8076171875,1.043654,0,fixed-date window ≤ 30 days,False,True,30.0,3,False,False,False,False,False,False
3205,44.991943359375,7.758565,0,fixed-date window ≤ 30 days,False,True,30.0,5,False,False,False,False,False,False
3250,2.291015625,0.25261,0,wall-clock window (NOW / CURRENT_DATE),True,False,30.0,6,False,False,False,False,False,False
3251,1.2469482421875,0.151332,0,wall-clock window (NOW / CURRENT_DATE),True,False,182.39999999999998,5,False,False,False,False,False,False
3260,7.1710205078125,1.325158,0,"lookup table (tags, links, history/close types)",False,False,,7,False,False,False,False,True,False
3295,4.251220703125,0.71758,0,other,False,True,365.0,3,False,False,False,False,False,False
3301,8.00250244140625,1.475288,0,"lookup table (tags, links, history/close types)",False,False,,5,False,False,False,False,True,False
3340,6.28887939453125,1.108276,0,EXISTS / IN (SELECT),False,False,,4,False,False,True,False,False,False
3347,2.69256591796875,0.489779,0,"lookup table (tags, links, history/close types)",False,False,,5,False,False,False,False,True,False
3367,1.6226806640625,0.173197,0,wall-clock window (NOW / CURRENT_DATE),True,False,365.0,4,False,False,False,False,False,False
3377,0.989501953125,0.111383,0,"lookup table (tags, links, history/close types)",False,False,,5,False,False,False,False,True,False
3392,0.82574462890625,0.093545,0,wall-clock window (NOW / CURRENT_DATE),True,False,365.0,3,False,False,False,False,False,False
3394,2.28656005859375,0.2286,0,other,False,True,365.0,2,False,False,False,False,False,False
3434,1.36346435546875,0.170548,0,wall-clock window (NOW / CURRENT_DATE),True,False,365.0,2,False,False,False,False,False,False
3449,1.34735107421875,0.14527,0,fixed-date window ≤ 30 days,False,True,30.0,4,True,False,False,False,True,False
3472,88.66986083984375,15.231664,1,≥ 5 joins,False,True,365.0,5,False,False,False,False,False,False
3510,8.91558837890625,1.503023,0,wall-clock window (NOW / CURRENT_DATE),True,False,365.0,5,False,False,False,False,False,False
3519,7.16357421875,0.944876,0,"lookup table (tags, links, history/close types)",False,False,,3,False,False,False,False,True,False
3530,65.24005126953125,11.630334,0,other,False,True,365.0,4,False,False,False,False,False,False
3540,11.85498046875,2.070743,0,≥ 5 joins,False,True,365.0,5,False,False,False,False,False,False
3609,3.46368408203125,0.655912,0,other,False,False,,3,False,False,False,False,False,False
3628,0.8162841796875,0.093629,0,wall-clock window (NOW / CURRENT_DATE),True,False,365.0,9,True,False,True,False,False,False
3655,3.33544921875,0.484481,0,fixed-date window ≤ 30 days,False,True,7.0,6,True,False,False,False,False,False
3681,12.447509765625,1.777744,0,other,False,True,365.0,4,False,False,False,False,False,False
3695,10.765625,1.276076,0,"lookup table (tags, links, history/close types)",False,True,365.0,4,False,False,False,False,True,False
3696,3.42352294921875,0.434204,0,other,False,False,,4,False,False,False,False,False,False
3709,11.89849853515625,2.166165,0,other,False,False,,4,False,False,False,False,False,False
3718,1.965576171875,0.299823,0,other,False,False,365.0,3,False,False,False,False,False,False
3721,5.93115234375,0.827148,0,other,False,True,365.0,4,False,False,False,False,False,False
3737,84.44415283203125,15.222614,1,≥ 5 joins,False,True,365.0,5,False,False,False,False,False,False
3765,18.1243896484375,2.043558,0,EXISTS / IN (SELECT),False,True,365.0,4,False,False,True,False,False,False
3784,11.5360107421875,1.519233,0,≥ 5 joins,False,False,30.0,5,False,False,False,False,False,False
3804,1.65283203125,0.213409,0,wall-clock window (NOW / CURRENT_DATE),True,False,365.0,4,False,False,False,False,True,False
3855,7.08642578125,0.852985,0,other,False,True,365.0,4,False,False,False,False,False,False
3858,1.07928466796875,0.105825,0,wall-clock window (NOW / CURRENT_DATE),True,False,365.0,3,False,False,False,False,False,False
3865,8.20904541015625,1.453247,0,EXISTS / IN (SELECT),False,False,,4,False,False,False,True,False,False
3866,13.8232421875,1.968459,0,other,False,True,182.39999999999998,4,False,False,False,False,False,False
3868,2.28411865234375,0.288072,0,other,False,True,365.0,4,False,False,False,False,False,False
3874,2.9423828125,0.319182,0,HAVING threshold,False,False,365.0,5,True,False,False,False,True,False
3879,6.77496337890625,1.076907,0,≥ 5 joins,False,True,365.0,6,False,False,False,False,False,False
3880,20.446533203125,3.520419,0,≥ 5 joins,False,False,30.0,5,False,False,False,False,False,False
3897,21.276794433593754,3.265434,0,"lookup table (tags, links, history/close types)",False,False,,7,False,False,False,False,True,False
3917,1.76275634765625,0.25834,0,wall-clock window (NOW / CURRENT_DATE),True,False,365.0,5,False,False,False,False,False,False
3980,9.3504638671875,1.558757,0,fixed-date window ≤ 30 days,False,True,30.0,4,True,False,False,False,False,False
4003,4.526611328125,0.717609,0,≥ 5 joins,False,False,365.0,5,False,False,False,False,False,False
4025,1.73388671875,0.182033,0,wall-clock window (NOW / CURRENT_DATE),True,False,30.0,5,False,False,False,False,False,False
4027,1.03680419921875,0.115125,0,wall-clock window (NOW / CURRENT_DATE),True,False,365.0,3,True,False,False,False,False,False
4061,8.2008056640625,1.291917,0,"lookup table (tags, links, history/close types)",False,True,365.0,5,False,False,False,False,True,False
4109,7.562377929687501,1.213823,0,wall-clock window (NOW / CURRENT_DATE),True,False,365.0,5,False,True,False,False,False,False
4170,13.5369873046875,1.215018,0,other,False,True,365.0,4,False,False,False,False,False,False
4174,149.29803466796875,12.976989,0,other,False,True,365.0,4,False,False,False,False,False,False
4175,4.7064208984375,0.670603,0,other,False,True,365.0,4,False,False,False,False,False,False
4191,2.32525634765625,0.201634,0,wall-clock window (NOW / CURRENT_DATE),True,False,182.39999999999998,3,False,False,False,False,False,False
4203,34.7669677734375,5.902257,0,≥ 5 joins,False,True,365.0,5,False,False,False,False,False,False
4208,5.5780029296875,0.856078,0,≥ 5 joins,False,True,365.0,5,False,False,False,False,False,False
4216,4.948486328125,0.863581,0,other,False,True,,4,False,False,False,False,False,False
4217,2.0604248046875,0.23157,0,fixed-date window ≤ 30 days,False,True,30.4,1,False,False,True,False,False,False
4232,1.65887451171875,0.239065,0,other,False,True,365.0,2,False,False,False,False,False,False
4233,7.28350830078125,1.14841,0,"lookup table (tags, links, history/close types)",False,True,91.19999999999999,6,False,False,False,False,True,False
4299,3.439453125,0.504501,0,HAVING threshold,False,False,365.0,3,True,False,False,False,False,False
4341,2.26910400390625,0.259221,0,EXISTS / IN (SELECT),False,True,182.39999999999998,4,False,False,False,True,False,False
4363,4.7440185546875,0.796715,0,fixed-date window ≤ 30 days,False,True,30.0,3,True,False,False,False,False,False
4379,3.472900390625,0.651184,0,other,False,False,,3,False,False,False,False,False,False
4395,2.71759033203125,0.497267,0,≥ 5 joins,False,False,365.0,5,False,False,False,False,False,False
4412,0.92205810546875,0.100131,0,wall-clock window (NOW / CURRENT_DATE),True,False,30.0,3,False,False,False,False,False,False
4420,3.44183349609375,0.310496,0,wall-clock window (NOW / CURRENT_DATE),True,False,30.4,4,False,False,False,False,False,False
4436,87.2294921875,15.195825,1,≥ 5 joins,False,False,365.0,6,False,False,False,False,False,False
4457,6.2069091796875,0.625835,0,≥ 5 joins,False,True,365.0,5,False,False,False,False,False,False
4465,6.80743408203125,1.275443,0,fixed-date window ≤ 30 days,False,True,30.4,5,False,False,False,False,True,False
4474,8.4609375,1.540662,0,other,False,False,,3,False,False,False,False,False,False
4510,1.90728759765625,0.175788,0,other,False,True,365.0,4,False,False,False,False,False,False
4550,7.42230224609375,1.13846,0,"lookup table (tags, links, history/close types)",False,False,30.0,6,False,False,False,False,True,False
4643,5.33673095703125,0.50176,0,wall-clock window (NOW / CURRENT_DATE),True,False,365.0,5,False,False,False,False,False,False
4685,8.05645751953125,1.452566,0,"lookup table (tags, links, history/close types)",False,True,365.0,5,False,False,False,False,True,False
4689,3.40008544921875,0.483886,0,fixed-date window ≤ 30 days,False,True,30.0,5,False,False,True,False,False,False
4751,5.072509765625,0.858522,0,EXISTS / IN (SELECT),False,True,365.0,2,False,False,True,False,False,False
4752,3.42132568359375,0.316772,0,wall-clock window (NOW / CURRENT_DATE),True,False,30.0,3,False,False,False,False,False,False
4764,7.709716796875,1.442673,0,HAVING threshold,False,False,,6,True,True,False,True,True,False
4767,3.9238891601562496,0.502712,0,other,False,True,365.0,4,False,False,False,False,False,False
4801,1.42193603515625,0.181116,0,wall-clock window (NOW / CURRENT_DATE),True,False,30.0,2,False,False,False,False,False,False
4815,6.6761474609375,0.843424,0,fixed-date window ≤ 30 days,False,True,30.0,2,False,False,False,False,False,False
4819,6.8065185546875,1.152196,0,other,False,True,365.0,4,False,False,False,False,False,False
4826,37.09851074218751,6.440272,0,other,False,False,365.0,4,False,False,False,False,False,False
4843,8.38262939453125,1.029559,0,≥ 5 joins,False,False,365.0,6,False,False,False,False,False,False
4850,4.50567626953125,0.688379,0,"lookup table (tags, links, history/close types)",False,True,365.0,7,False,False,False,False,True,False
4888,3.5423583984375,0.478269,0,fixed-date window ≤ 30 days,False,True,30.0,3,False,False,False,False,False,False
4922,12.91644287109375,1.305797,0,≥ 5 joins,False,False,,6,False,False,False,False,False,False
4965,7.0120849609375,1.186151,0,other,False,True,365.0,4,False,False,False,False,False,False
4968,41.8564453125,6.888723,0,EXISTS / IN (SELECT),False,False,365.0,5,False,False,True,False,False,False
4979,13.6983642578125,2.072217,0,other,False,False,,4,False,False,False,False,False,False
4981,6.5711669921875,0.715778,0,other,False,False,,3,False,False,False,False,False,False
4999,1.916259765625,0.201665,0,other,False,True,365.0,3,False,False,False,False,False,False
5030,2.07073974609375,0.189829,0,LIKE pattern,False,True,365.0,3,False,True,False,False,False,False
5042,2.318603515625,0.265921,0,other,False,False,365.0,4,False,False,False,False,False,False
5049,0.91021728515625,0.098993,0,wall-clock window (NOW / CURRENT_DATE),True,False,365.0,3,False,False,False,False,False,False
5170,7.90032958984375,0.998064,0,other,False,True,365.0,4,False,False,False,False,False,False
5171,1.7589111328125,0.259509,0,other,False,True,365.0,2,False,False,False,False,False,False
5183,11.8382568359375,2.161557,0,other,False,False,,4,False,False,False,False,False,False
5211,0.651611328125,0.079995,0,wall-clock window (NOW / CURRENT_DATE),True,False,182.39999999999998,3,False,False,False,False,False,False
5234,1.81396484375,0.182102,0,other,False,True,365.0,4,False,False,False,False,False,False
5314,3.8309326171875,0.443453,0,other,False,True,365.0,4,False,False,False,False,False,False
5369,10.00384521484375,1.768354,0,other,False,False,,3,False,False,False,False,False,False
5376,2.22198486328125,0.250467,0,"lookup table (tags, links, history/close types)",False,True,365.0,5,False,False,False,False,True,False
5437,3.0230712890625,0.443065,0,HAVING threshold,False,True,365.0,4,True,False,False,False,False,False
5464,2.2578125,0.261834,0,other,False,True,365.0,3,False,False,False,False,False,False
5491,42.86419677734375,6.692988,0,≥ 5 joins,False,True,365.0,5,False,False,False,False,False,False
5516,0.79217529296875,0.089286,0,wall-clock window (NOW / CURRENT_DATE),True,False,365.0,2,False,False,False,False,False,False
5591,3.4610595703125,0.309668,0,fixed-date window ≤ 30 days,False,True,30.0,5,False,False,False,False,False,False
5680,1.7779541015625,0.156961,0,fixed-date window ≤ 30 days,False,True,30.0,3,False,False,False,False,False,False
5690,15.08660888671875,1.848998,0,other,False,False,,3,False,False,False,False,False,False
5700,0.92108154296875,0.099711,0,wall-clock window (NOW / CURRENT_DATE),True,False,365.0,3,False,False,False,False,True,False
5719,8.6959228515625,1.270942,0,≥ 5 joins,False,True,365.0,7,False,False,False,False,False,False
5722,11.988525390625,1.589854,0,HAVING threshold,False,True,365.0,5,True,False,False,False,False,False
5724,25.596435546875,2.689295,0,≥ 5 joins,False,False,,5,False,False,False,False,False,False
5730,89.8648681640625,15.225554,1,"lookup table (tags, links, history/close types)",False,True,365.0,9,False,False,False,False,True,False
5732,2.259765625,0.262369,0,fixed-date window ≤ 30 days,False,True,30.4,5,False,False,False,False,False,False
5748,5.101806640625,0.928648,0,other,False,False,,3,False,False,False,False,False,False
5753,9.1541748046875,1.513271,0,≥ 5 joins,False,True,365.0,5,False,False,False,False,False,False
5764,12.08404541015625,1.372446,0,other,False,True,365.0,4,False,False,False,False,False,False
5792,0.88861083984375,0.096066,0,other,False,True,365.0,3,False,False,False,False,False,False
5871,14.47052001953125,2.013873,0,other,False,False,,4,False,False,False,False,False,False
5936,0.905517578125,0.109312,0,wall-clock window (NOW / CURRENT_DATE),True,False,365.0,3,False,False,False,False,False,False
5964,0.926513671875,0.100088,0,wall-clock window (NOW / CURRENT_DATE),True,False,30.0,4,False,False,False,False,False,False
5984,11.25665283203125,2.055291,0,≥ 5 joins,False,False,,6,False,False,False,False,False,False
6006,3.202880859375,0.536752,0,wall-clock window (NOW / CURRENT_DATE),True,False,182.39999999999998,3,False,False,False,False,False,False
6034,0.65802001953125,0.081229,0,wall-clock window (NOW / CURRENT_DATE),True,False,365.0,3,False,False,False,True,False,False
6081,8.506591796875,1.075787,0,LIKE pattern,False,False,,5,False,True,False,False,True,False
6083,1.74346923828125,0.173454,0,wall-clock window (NOW / CURRENT_DATE),True,False,30.0,4,False,False,False,False,False,False
6092,5.5032958984375,0.920321,0,≥ 5 joins,False,False,365.0,5,False,False,False,False,False,False
6103,1.8326416015625,0.192608,0,other,False,True,365.0,4,False,False,False,False,False,False
6111,0.8304443359375,0.094261,0,wall-clock window (NOW / CURRENT_DATE),True,False,365.0,3,False,False,False,False,False,False
6128,10.66729736328125,1.283408,0,fixed-date window ≤ 30 days,False,True,30.0,5,False,False,False,False,False,False
6132,0.77642822265625,0.089515,0,"lookup table (tags, links, history/close types)",False,True,365.0,4,False,False,False,False,True,False
6153,0.837890625,0.091934,0,wall-clock window (NOW / CURRENT_DATE),True,False,182.39999999999998,3,False,False,False,False,True,False
6159,9.57220458984375,1.121976,0,wall-clock window (NOW / CURRENT_DATE),True,False,182.39999999999998,7,True,True,False,False,True,False
6187,2.261474609375,0.369751,0,HAVING threshold,False,True,365.0,4,True,False,False,False,False,False
6201,9.9305419921875,1.702846,0,HAVING threshold,False,False,30.0,5,True,False,False,False,False,False
6218,18.1544189453125,2.108804,0,≥ 5 joins,False,False,,6,False,False,False,False,False,False
6260,7.20550537109375,1.327674,0,≥ 5 joins,False,False,,8,False,False,False,False,False,False
6265,0.876220703125,0.095434,0,wall-clock window (NOW / CURRENT_DATE),True,False,30.0,3,False,False,False,False,False,False
6283,13.99053955078125,1.424688,0,HAVING threshold,False,False,,4,True,True,False,False,True,False
6288,13.18994140625,2.357198,0,EXISTS / IN (SELECT),False,False,,3,False,False,False,True,False,False
6290,39.12609863281249,6.722615,0,≥ 5 joins,False,True,365.0,5,False,False,False,False,False,False
6291,2.011962890625,0.20597,0,other,False,True,365.0,3,False,False,False,False,False,False
6302,3.22607421875,0.545444,0,wall-clock window (NOW / CURRENT_DATE),True,False,182.39999999999998,2,False,False,False,False,False,False
6308,14.85577392578125,2.315389,0,≥ 5 joins,False,True,365.0,5,False,False,False,False,False,False
6328,5.19464111328125,0.813456,0,EXISTS / IN (SELECT),False,True,182.39999999999998,4,False,False,False,True,False,False
6348,7.06060791015625,1.294349,0,other,False,False,,2,False,False,False,False,False,False
6402,3.3641357421875,0.38128,0,other,False,False,365.0,4,False,False,False,False,False,False
6423,3.4317626953125,0.589771,0,other,False,False,,2,False,False,False,False,False,False
6434,3.28302001953125,0.271505,0,other,False,False,30.0,4,False,False,False,False,False,False
6457,86.6221923828125,15.197445,1,fixed-date window ≤ 30 days,False,True,30.0,5,False,False,False,False,False,False
6473,3.59625244140625,0.328361,0,other,False,True,365.0,4,False,False,False,False,False,False
6507,89.57818603515625,15.07123,1,≥ 5 joins,False,True,365.0,6,False,False,False,False,False,False
6518,0.66650390625,0.114741,0,HAVING threshold,False,True,365.0,5,True,False,False,False,False,False
6520,1.82403564453125,0.197881,0,wall-clock window (NOW / CURRENT_DATE),True,False,365.0,4,False,False,False,False,False,False
6523,6.6231689453125,1.182086,0,HAVING threshold,False,False,,5,True,False,False,False,False,False
6562,6.81365966796875,0.582169,0,wall-clock window (NOW / CURRENT_DATE),True,False,30.0,3,False,False,False,False,False,False
6576,2.218505859375,0.233277,0,wall-clock window (NOW / CURRENT_DATE),True,False,7.0,5,False,False,False,False,True,False
6591,28.23291015625,5.036569,0,≥ 5 joins,False,False,,6,False,False,False,False,False,False
6599,4.76947021484375,0.461659,0,fixed-date window ≤ 30 days,False,True,30.0,7,True,False,False,False,False,False
6605,186.09094238281247,15.223922,1,fixed-date window ≤ 30 days,False,True,30.4,4,False,False,False,False,False,False
6607,12.436767578125,1.956475,0,EXISTS / IN (SELECT),False,False,,5,False,False,False,True,False,False
6628,0.85906982421875,0.093305,0,wall-clock window (NOW / CURRENT_DATE),True,False,182.39999999999998,3,False,False,False,True,False,False
6632,13.0394287109375,1.19189,0,other,False,False,,4,False,False,False,False,False,False
6640,16.87762451171875,2.780329,0,other,False,True,365.0,3,False,False,False,False,False,False
6641,2.0836181640625,0.199022,0,other,False,False,,3,False,False,False,False,False,False
6645,5.58978271484375,1.034081,0,≥ 5 joins,False,True,365.0,5,False,False,False,False,False,False
6721,4.6766357421875,0.854932,0,wall-clock window (NOW / CURRENT_DATE),True,False,30.0,5,False,True,False,False,True,False
6722,231.48114013671875,14.635084,0,LIKE pattern,False,False,30.0,4,False,True,False,False,True,False
6726,10.44024658203125,1.662469,0,wall-clock window (NOW / CURRENT_DATE),True,False,30.0,4,False,False,False,False,False,False
6755,2.276611328125,0.264845,0,other,False,True,365.0,3,False,False,False,False,False,False
6760,12.86529541015625,1.33478,0,EXISTS / IN (SELECT),False,True,365.0,4,False,False,False,True,False,False
6780,6.1129150390625,0.991188,0,fixed-date window ≤ 30 days,False,True,30.0,5,False,False,False,False,False,False
6783,9.84857177734375,0.74155,0,"lookup table (tags, links, history/close types)",False,True,365.0,4,False,False,False,False,True,False
6788,3.04522705078125,0.277675,0,fixed-date window ≤ 30 days,False,True,30.4,4,True,False,False,False,False,False
6865,1.593505859375,0.169943,0,wall-clock window (NOW / CURRENT_DATE),True,False,30.0,4,False,False,False,False,False,False
6868,1.5166015625,0.136223,0,fixed-date window ≤ 30 days,False,True,30.0,3,False,False,False,False,False,False
6879,111.21783447265624,6.919644,0,wall-clock window (NOW / CURRENT_DATE),True,False,365.0,5,False,False,False,False,False,False
6902,5.765625,0.943831,0,fixed-date window ≤ 30 days,False,True,30.0,3,False,False,False,False,False,False
6957,4.75457763671875,0.441547,0,≥ 5 joins,False,False,,5,False,False,False,False,False,False
6982,9.1827392578125,0.710745,0,EXISTS / IN (SELECT),False,True,365.0,3,False,False,False,True,False,False
6995,0.8441162109375,0.092979,0,wall-clock window (NOW / CURRENT_DATE),True,False,365.0,3,False,False,False,False,False,False
7035,2.15167236328125,0.222266,0,other,False,True,365.0,3,False,False,False,False,False,False
7073,16.3153076171875,2.240018,0,≥ 5 joins,False,False,,7,False,False,False,False,False,False
7109,2.69818115234375,0.388816,0,HAVING threshold,False,True,365.0,3,True,False,False,False,False,False
7123,20.0938720703125,3.055536,0,≥ 5 joins,False,False,,7,False,False,False,False,False,False
7146,0.89837646484375,0.09934,0,wall-clock window (NOW / CURRENT_DATE),True,False,365.0,3,False,False,False,True,False,False
7169,5.9425048828125,0.869854,0,fixed-date window ≤ 30 days,False,True,30.0,5,True,False,False,True,False,False
7182,5.3931884765625,0.874978,0,HAVING threshold,False,True,365.0,2,True,False,False,True,False,False
7188,15.9400634765625,2.290444,0,LIKE pattern,False,True,365.0,8,False,True,False,False,True,False
7193,1.72967529296875,0.161347,0,other,False,True,365.0,3,False,False,False,False,False,False
7201,5.707275390625,0.767826,0,fixed-date window ≤ 30 days,False,True,30.0,5,False,False,False,False,False,False
7215,0.8074951171875,0.091293,0,wall-clock window (NOW / CURRENT_DATE),True,False,182.39999999999998,3,False,False,False,False,False,False
7216,3.1195068359375,0.354015,0,≥ 5 joins,False,True,365.0,6,False,False,False,False,False,False
7223,1.14886474609375,0.119852,0,other,False,True,365.0,3,False,False,False,False,False,False
7224,3.632080078125,0.601937,0,wall-clock window (NOW / CURRENT_DATE),True,False,30.0,6,False,False,False,False,False,False
7250,7.6728515625,0.81508,0,≥ 5 joins,False,True,365.0,5,False,False,False,False,False,False
7263,3.2230224609375,0.305022,0,other,False,True,365.0,4,False,False,False,False,False,False
7275,0.9381103515625,0.10063,0,wall-clock window (NOW / CURRENT_DATE),True,False,30.0,3,False,False,False,False,False,False
7280,3.9589233398437504,0.339207,0,other,False,True,365.0,3,False,False,False,False,False,False
7287,1.7393798828125,0.187018,0,wall-clock window (NOW / CURRENT_DATE),True,False,182.39999999999998,6,False,False,False,False,False,False
7322,19.099670410156246,2.173702,0,other,False,False,,3,False,False,False,False,False,False
7325,5.328369140625,0.851318,0,LIKE pattern,False,True,365.0,4,False,True,False,False,False,False
7349,5.9453125,1.088838,0,"lookup table (tags, links, history/close types)",False,False,,4,False,False,False,False,True,False
7372,2.26904296875,0.26138,0,other,False,True,365.0,3,False,False,False,False,False,False
7428,1.7637939453125,0.159681,0,HAVING threshold,False,True,365.0,3,True,False,False,False,False,False
7442,0.78564453125,0.091415,0,wall-clock window (NOW / CURRENT_DATE),True,False,365.0,3,False,True,False,False,True,False
7459,1.6292724609375,0.16711,0,other,False,False,,3,False,False,False,False,False,False
7538,1.69342041015625,0.239486,0,other,False,True,365.0,4,False,False,False,False,False,False
7575,3.1231689453125,0.564273,0,EXISTS / IN (SELECT),False,True,365.0,3,False,True,False,True,True,False
7576,86.20825195312499,15.216046,1,"lookup table (tags, links, history/close types)",False,True,365.0,6,False,False,False,False,True,False
7611,84.12036132812499,15.175901,1,wall-clock window (NOW / CURRENT_DATE),True,False,30.0,5,False,False,False,False,False,False
7623,1.49139404296875,0.155585,0,other,False,True,365.0,3,False,False,False,False,False,False
7637,86.19561767578125,15.257288,1,fixed-date window ≤ 30 days,False,True,30.4,5,False,False,False,False,False,False
7685,5.06512451171875,0.863707,0,wall-clock window (NOW / CURRENT_DATE),True,False,30.0,4,False,False,False,False,False,False
7701,2.2325439453125,0.253097,0,other,False,True,365.0,3,False,False,False,False,False,False
7717,6.4661865234375,0.582247,0,EXISTS / IN (SELECT),False,False,365.0,4,False,False,False,True,False,False
7747,42.47589111328125,7.2786,0,fixed-date window ≤ 30 days,False,True,30.0,8,False,False,False,False,False,False
7749,7.36322021484375,1.339363,0,≥ 5 joins,False,False,,6,False,False,False,False,False,False
7776,2.2266845703125,0.25441,0,other,False,True,365.0,4,False,False,False,False,False,False
7784,1.5867919921875,0.187487,0,other,False,True,182.39999999999998,4,False,False,False,False,False,False
7786,2.25579833984375,0.251906,0,other,False,True,365.0,3,False,False,False,False,False,False
7793,40.171875,7.028015,0,≥ 5 joins,False,True,365.0,5,False,False,False,False,False,False
7804,2.11798095703125,0.25118,0,other,False,True,365.0,3,False,False,False,False,False,False
7806,10.86676025390625,1.021683,0,≥ 5 joins,False,False,365.0,5,False,False,False,False,False,False
7875,0.65203857421875,0.084101,0,wall-clock window (NOW / CURRENT_DATE),True,False,365.0,3,False,False,False,False,False,False
7924,1.5084228515625,0.136607,0,fixed-date window ≤ 30 days,False,True,30.4,4,True,False,False,False,False,False
7937,0.76336669921875,0.088167,0,other,False,True,365.0,2,False,False,False,False,False,False
7994,19.957214355468754,3.265044,0,≥ 5 joins,False,False,365.0,7,False,False,False,False,False,False
8009,14.94549560546875,1.875704,0,fixed-date window ≤ 30 days,False,True,30.0,6,False,False,False,False,False,False
8017,68.6220703125,12.146566,0,≥ 5 joins,False,False,,5,False,False,False,False,False,False
8019,7.5908203125,0.954784,0,wall-clock window (NOW / CURRENT_DATE),True,False,182.39999999999998,5,False,False,False,False,True,False
8077,1.5352783203125,0.139168,0,fixed-date window ≤ 30 days,False,True,30.0,3,True,False,False,False,False,False
8111,1.6988525390625,0.200353,0,other,False,True,365.0,3,False,False,False,False,False,False
8156,1.62548828125,0.177316,0,wall-clock window (NOW / CURRENT_DATE),True,False,365.0,4,False,False,False,False,False,False
8177,8.7337646484375,1.272984,0,"lookup table (tags, links, history/close types)",False,True,365.0,7,False,False,False,False,True,False
8208,9.15118408203125,1.141407,0,wall-clock window (NOW / CURRENT_DATE),True,False,365.0,4,False,False,False,False,False,False
8231,2.5770263671875,0.22969,0,fixed-date window ≤ 30 days,False,True,30.0,6,False,False,False,False,True,False
8232,0.82464599609375,0.093904,0,wall-clock window (NOW / CURRENT_DATE),True,False,365.0,4,False,False,False,False,False,False
8235,1.65606689453125,0.217423,0,other,False,True,365.0,3,False,False,False,False,False,False
8239,5.39691162109375,0.571585,0,other,False,False,,4,False,False,False,False,False,False
8263,5.63177490234375,0.841024,0,≥ 5 joins,False,True,365.0,6,False,False,False,False,False,False
8285,41.71490478515625,6.502197,0,≥ 5 joins,False,False,,5,False,False,False,False,False,False
8293,2.00433349609375,0.204128,0,other,False,True,365.0,3,False,False,False,False,False,False
8299,2.19976806640625,0.251149,0,other,False,True,365.0,3,False,False,False,False,False,False
8305,2.25732421875,0.260706,0,other,False,True,365.0,3,False,False,False,False,False,False
8323,1.832763671875,0.15987,0,fixed-date window ≤ 30 days,False,True,30.0,4,False,False,False,False,False,False
8326,9.9241943359375,1.441233,0,LIKE pattern,False,False,,6,False,True,False,False,True,False
8340,4.4632568359375,0.650652,0,fixed-date window ≤ 30 days,False,True,30.0,5,True,False,False,False,False,False
8360,9.37335205078125,1.23932,0,≥ 5 joins,False,True,365.0,6,False,False,False,False,False,False
8386,13.92303466796875,1.319946,0,"lookup table (tags, links, history/close types)",False,False,,5,False,False,False,False,True,False
8396,8.808349609375,1.572873,0,EXISTS / IN (SELECT),False,False,,5,False,False,False,True,False,False
8401,9.36260986328125,1.518732,0,≥ 5 joins,False,True,365.0,5,False,False,False,False,False,False
8413,2.1458740234375,0.247705,0,other,False,True,365.0,3,False,False,False,False,False,False
8422,16.76861572265625,2.23697,0,"lookup table (tags, links, history/close types)",False,False,,5,False,False,False,False,True,False
8425,7.67889404296875,1.259449,0,≥ 5 joins,False,False,,6,False,False,False,False,False,False
8458,0.81964111328125,0.092891,0,wall-clock window (NOW / CURRENT_DATE),True,False,365.0,3,False,False,False,False,False,False
8459,5.68402099609375,1.03998,0,fixed-date window ≤ 30 days,False,True,30.0,6,False,False,False,False,False,False
8468,43.21447753906249,7.488316,0,fixed-date window ≤ 30 days,False,True,30.0,4,True,False,False,False,False,False
8491,6.21612548828125,1.019607,0,≥ 5 joins,False,True,365.0,5,False,False,False,False,False,False
8529,1.04791259765625,0.120794,0,HAVING threshold,False,True,365.0,3,True,False,False,True,True,False
8572,4.3408203125,0.413456,0,≥ 5 joins,False,True,365.0,5,False,False,False,False,False,False
8617,11.4344482421875,1.968235,0,other,False,True,365.0,4,False,False,False,False,False,False
8636,9.06787109375,1.537247,0,other,False,False,,2,False,False,False,False,False,False
8651,3.218017578125,0.60421,0,≥ 5 joins,False,False,,6,False,False,False,False,False,False
8652,0.78350830078125,0.095785,0,wall-clock window (NOW / CURRENT_DATE),True,False,91.19999999999999,3,False,False,False,False,False,False
8660,1.85076904296875,0.19309,0,wall-clock window (NOW / CURRENT_DATE),True,False,365.0,4,True,False,False,False,False,False
8692,9.36358642578125,1.281484,0,≥ 5 joins,False,True,365.0,5,False,False,False,False,False,False
8702,6.057861328125,1.105191,0,other,False,False,,4,False,False,False,False,False,False
8706,13.5294189453125,2.454045,0,other,False,False,,4,False,False,False,False,False,False
8757,2.73114013671875,0.300692,0,fixed-date window ≤ 30 days,False,True,30.0,9,False,False,False,False,False,False
8758,7.25091552734375,0.645833,0,EXISTS / IN (SELECT),False,True,1825.0,3,False,False,True,False,False,False
8774,1.5283203125,0.1385,0,fixed-date window ≤ 30 days,False,True,30.0,5,False,False,False,False,False,False
8800,3.27142333984375,0.296832,0,fixed-date window ≤ 30 days,False,True,30.0,4,False,False,False,False,False,False
8802,13.15325927734375,2.118554,0,≥ 5 joins,False,True,365.0,6,False,False,False,False,False,False
8832,0.9276123046875,0.109255,0,wall-clock window (NOW / CURRENT_DATE),True,False,365.0,3,False,False,False,True,False,False
8853,0.83428955078125,0.09281,0,wall-clock window (NOW / CURRENT_DATE),True,False,365.0,3,False,False,False,False,False,False
8856,1.97479248046875,0.224304,0,other,False,False,365.0,3,False,False,False,False,False,False
8865,3.2491455078125,0.434896,0,EXISTS / IN (SELECT),False,True,365.0,4,False,False,False,True,True,False
8866,0.8087158203125,0.100736,0,wall-clock window (NOW / CURRENT_DATE),True,False,182.39999999999998,3,False,False,False,False,False,False
8868,2.07159423828125,0.222478,0,other,False,True,365.0,4,False,False,False,False,False,False
8893,246.66424560546875,15.064562,1,LIKE pattern,False,False,,4,False,True,False,False,True,False
8919,21.586730957031246,2.908687,0,≥ 5 joins,False,False,365.0,5,False,False,False,False,False,False
8928,2.302978515625,0.243636,0,wall-clock window (NOW / CURRENT_DATE),True,False,30.0,4,False,False,False,False,False,False
8957,9.111572265625,0.798706,0,wall-clock window (NOW / CURRENT_DATE),True,False,365.0,4,False,False,False,False,False,False
8995,2.43170166015625,0.31433,0,other,False,True,365.0,4,False,False,False,False,False,False
9003,1.6832275390625,0.148671,0,other,False,False,30.0,4,False,False,False,False,False,False
9017,9.61474609375,1.573997,0,fixed-date window ≤ 30 days,False,True,30.0,4,False,False,False,False,False,False
9058,7.392333984375,0.614363,0,fixed-date window ≤ 30 days,False,True,30.0,3,False,False,False,False,False,False
9072,2.06231689453125,0.247103,0,other,False,True,365.0,4,False,False,False,False,False,False
9095,252.54235839843753,15.065253,1,HAVING threshold,False,True,365.0,4,True,True,False,False,True,False
9106,59.61602783203125,9.688997,0,≥ 5 joins,False,True,365.0,6,False,False,False,False,False,False
9122,143.08642578125,11.694317,0,other,False,True,365.0,4,False,False,False,False,False,False
9136,15.1739501953125,2.750956,0,other,False,False,,4,False,False,False,False,False,False
9163,0.951171875,0.098916,0,other,False,True,365.0,2,False,False,False,False,False,False
9178,2.303955078125,0.210398,0,fixed-date window ≤ 30 days,False,True,30.0,5,False,False,False,False,False,False
9199,0.799072265625,0.100724,0,wall-clock window (NOW / CURRENT_DATE),True,False,365.0,3,False,False,False,False,False,False
9212,2.24609375,0.254653,0,other,False,True,365.0,3,False,False,False,False,False,False
9218,18.881530761718754,3.17831,0,fixed-date window ≤ 30 days,False,True,30.0,6,False,False,False,False,True,False
9251,1.56439208984375,0.165177,0,fixed-date window ≤ 30 days,False,True,30.0,5,False,False,False,False,False,False
9303,0.8082275390625,0.092786,0,fixed-date window ≤ 30 days,False,True,30.0,4,False,False,False,False,True,False
9307,1.96746826171875,0.224735,0,other,False,True,365.0,4,False,False,False,False,False,False
9321,35.9691162109375,5.489898,0,≥ 5 joins,False,True,365.0,5,False,False,False,False,False,False
9326,12.43878173828125,1.268308,0,EXISTS / IN (SELECT),False,True,365.0,3,False,False,False,True,False,False
9389,7.10345458984375,0.759414,0,EXISTS / IN (SELECT),False,False,,4,False,False,False,True,False,False
9404,8.90570068359375,1.268437,0,other,False,False,,4,False,False,False,False,False,False
9417,2.21002197265625,0.201024,0,wall-clock window (NOW / CURRENT_DATE),True,False,182.39999999999998,5,False,False,False,True,False,False
9434,3.8370361328125,0.476757,0,EXISTS / IN (SELECT),False,False,,4,False,False,False,True,False,False
9441,0.68756103515625,0.086188,0,other,False,False,7.0,2,False,False,False,False,False,False
9490,0.82794189453125,0.092723,0,HAVING threshold,False,False,,4,True,False,False,False,False,False
9493,4.80474853515625,0.554262,0,"lookup table (tags, links, history/close types)",False,True,365.0,6,False,False,False,False,True,False
9503,2.1893310546875,0.22598,0,"lookup table (tags, links, history/close types)",False,True,365.0,4,False,False,False,False,True,False
9521,16.09918212890625,2.363304,0,other,False,True,365.0,4,False,False,False,False,False,False
9522,10.6986083984375,1.234723,0,EXISTS / IN (SELECT),False,True,365.0,3,False,True,False,True,True,False
9542,0.82318115234375,0.09351,0,wall-clock window (NOW / CURRENT_DATE),True,False,365.0,3,False,False,False,False,False,False
9562,8.2547607421875,0.661734,0,EXISTS / IN (SELECT),False,True,365.0,3,False,False,False,True,False,False
9572,25.218444824218754,3.225637,0,≥ 5 joins,False,True,182.39999999999998,5,False,False,False,False,False,False
9588,2.323486328125,0.202174,0,other,False,True,365.0,4,False,False,False,False,False,False
9614,9.8116455078125,1.602765,0,fixed-date window ≤ 30 days,False,True,30.0,5,False,False,False,False,True,False
9623,2.15252685546875,0.248518,0,"lookup table (tags, links, history/close types)",False,True,365.0,5,False,False,False,False,True,False
9650,3.8203125,0.344397,0,fixed-date window ≤ 30 days,False,True,30.0,5,True,False,False,False,False,False
9667,23.46240234375,2.149521,0,fixed-date window ≤ 30 days,False,True,30.4,5,False,False,False,False,False,False
9721,5.77886962890625,0.912563,0,"lookup table (tags, links, history/close types)",False,True,365.0,6,False,False,False,False,True,False
9722,4.46832275390625,0.478126,0,≥ 5 joins,False,True,365.0,6,False,False,False,False,False,False
9791,6.654541015625,1.227879,0,other,False,False,,4,False,False,False,False,False,False
9826,3.12042236328125,0.452275,0,other,False,True,365.0,3,False,False,False,False,False,False
9852,1.03765869140625,0.109599,0,other,False,False,30.0,3,False,False,False,False,False,False
9859,0.82440185546875,0.092246,0,wall-clock window (NOW / CURRENT_DATE),True,False,365.0,3,False,False,False,False,False,False
9869,2.107666015625,0.180469,0,fixed-date window ≤ 30 days,False,True,30.0,4,False,False,False,False,False,False
9886,17.70428466796875,2.939615,0,LIKE pattern,False,False,,6,False,True,False,False,False,False
9902,2.9498291015625,0.385487,0,other,False,True,365.0,3,False,False,False,False,False,False
9925,1.54766845703125,0.15772,0,fixed-date window ≤ 30 days,False,True,30.0,2,False,False,False,True,True,False
9971,0.93670654296875,0.099382,0,wall-clock window (NOW / CURRENT_DATE),True,False,365.0,3,False,False,False,False,False,False
9976,15.9052734375,1.633612,0,≥ 5 joins,False,True,,6,False,False,False,False,False,False
9981,1.21337890625,0.120708,0,fixed-date window ≤ 30 days,False,True,30.0,2,False,False,False,False,False,False
10000,0.81256103515625,0.093899,0,wall-clock window (NOW / CURRENT_DATE),True,False,365.0,3,False,False,False,False,False,False
10064,13.30218505859375,2.127353,0,≥ 5 joins,False,False,,6,False,False,False,False,False,False
10256,3.8690185546875,0.355018,0,≥ 5 joins,False,True,365.0,6,False,False,False,False,False,False
10359,19.697204589843754,2.047332,0,≥ 5 joins,False,False,,7,False,False,False,False,False,False
10360,1.2994384765625,0.154501,0,wall-clock window (NOW / CURRENT_DATE),True,False,365.0,6,False,False,False,False,False,False
10378,11.55712890625,1.154281,0,other,False,False,,4,False,False,False,False,False,False
10414,1.78656005859375,0.174457,0,wall-clock window (NOW / CURRENT_DATE),True,False,91.19999999999999,4,False,False,False,False,False,False
10422,0.79010009765625,0.099947,0,wall-clock window (NOW / CURRENT_DATE),True,False,182.39999999999998,3,False,False,False,False,True,False
10437,37.81781005859375,6.443769,0,≥ 5 joins,False,False,,5,False,False,False,False,False,False
10440,14.83935546875,2.043739,0,≥ 5 joins,False,False,365.0,5,False,False,False,False,False,False
10452,1.4197998046875,0.134384,0,other,False,True,365.0,3,False,False,False,False,False,False
10490,43.59967041015625,7.240252,0,≥ 5 joins,False,True,365.0,6,False,False,False,False,False,False
10523,4.54864501953125,0.638524,0,"lookup table (tags, links, history/close types)",False,False,,6,False,False,False,False,True,False
10756,1.3927001953125,0.135783,0,wall-clock window (NOW / CURRENT_DATE),True,False,30.0,4,False,False,False,False,False,False
10964,8.91998291015625,0.699272,0,other,False,False,,4,False,False,False,False,False,False
10982,0.82684326171875,0.092781,0,wall-clock window (NOW / CURRENT_DATE),True,False,182.39999999999998,4,False,False,False,False,False,False
11053,13.914794921875,1.976207,0,≥ 5 joins,False,True,365.0,5,False,False,False,False,False,False
11068,16.35198974609375,2.016878,0,≥ 5 joins,False,True,365.0,5,False,False,False,False,False,False
11148,3.50665283203125,0.400537,0,other,False,False,365.0,4,False,False,False,False,False,False
11226,12.60064697265625,2.026552,0,≥ 5 joins,False,False,,5,False,False,False,False,False,False
11293,8.08056640625,0.676576,0,"lookup table (tags, links, history/close types)",False,False,,5,False,False,False,False,True,False
11476,12.52508544921875,1.321261,0,wall-clock window (NOW / CURRENT_DATE),True,False,30.4,6,False,False,False,False,False,False
11576,0.364013671875,0.062106,0,"lookup table (tags, links, history/close types)",False,False,,2,False,False,False,False,True,False
11809,11.17730712890625,1.263483,0,≥ 5 joins,False,False,,6,False,False,False,False,False,False
11924,0.82342529296875,0.092764,0,wall-clock window (NOW / CURRENT_DATE),True,False,365.0,2,False,False,False,False,False,False
12058,0.80023193359375,0.099515,0,wall-clock window (NOW / CURRENT_DATE),True,False,182.39999999999998,2,False,False,False,False,False,False
12160,8.26165771484375,0.867588,0,≥ 5 joins,False,True,365.0,6,False,False,False,False,False,False
12171,3.47955322265625,0.296246,0,other,False,True,365.0,4,False,False,False,False,False,False
12518,13.0504150390625,1.853756,0,other,False,True,365.0,4,False,False,False,False,False,False
12552,15.8504638671875,2.330036,0,≥ 5 joins,False,True,365.0,5,False,False,False,False,False,False
12745,92.74047851562499,15.229506,1,≥ 5 joins,False,True,365.0,6,False,False,False,False,False,False
12895,0.82037353515625,0.090563,0,wall-clock window (NOW / CURRENT_DATE),True,False,365.0,1,False,False,False,False,False,False
12994,2.49884033203125,0.253575,0,"lookup table (tags, links, history/close types)",False,False,,5,False,False,False,False,True,False
13199,1.5635986328125,0.201571,0,fixed-date window ≤ 30 days,False,True,30.0,6,False,False,False,False,True,False
13200,4.480224609375,0.64598,0,fixed-date window ≤ 30 days,False,True,30.4,4,False,False,False,False,False,False
13250,92.33813476562499,15.514625,1,≥ 5 joins,False,True,365.0,7,False,False,False,False,False,False
13434,9.8236083984375,1.430647,0,wall-clock window (NOW / CURRENT_DATE),True,False,30.0,4,False,False,False,False,False,False
13471,10.424560546875,1.883118,0,≥ 5 joins,False,False,,6,False,False,False,False,False,False
13585,14.9776611328125,2.445214,0,≥ 5 joins,False,False,,6,False,False,False,False,False,False
13665,8.044677734375,1.495798,0,other,False,False,,4,False,False,False,False,False,False
13918,0.802490234375,0.101349,0,wall-clock window (NOW / CURRENT_DATE),True,False,30.4,5,False,False,False,False,False,False
14068,43.17169189453125,6.879154,0,≥ 5 joins,False,True,365.0,5,False,False,False,False,False,False
14157,16.7803955078125,1.938321,0,≥ 5 joins,False,False,,5,False,False,False,False,False,False
14214,25.0899658203125,1.636632,0,LIKE pattern,False,False,,3,False,True,False,False,True,False
14543,0.8126220703125,0.099734,0,wall-clock window (NOW / CURRENT_DATE),True,False,182.39999999999998,3,False,False,False,False,False,False
14604,11.16162109375,1.108977,0,other,False,False,,4,False,False,False,False,False,False
14655,0.8134765625,0.092351,0,wall-clock window (NOW / CURRENT_DATE),True,False,365.0,2,False,False,False,False,False,False
14719,4.045166015625,0.644963,0,wall-clock window (NOW / CURRENT_DATE),True,False,365.0,6,False,False,False,False,False,False
14727,8.728515625,1.610864,0,other,False,False,,4,False,False,False,False,False,False
14728,3.05499267578125,0.26411,0,"lookup table (tags, links, history/close types)",False,False,,3,False,False,False,False,True,False
14790,4.168701171875,0.440533,0,≥ 5 joins,False,True,365.0,6,False,False,False,False,False,False
14828,5.8565673828125,0.961363,0,wall-clock window (NOW / CURRENT_DATE),True,False,365.0,5,False,False,False,False,False,False
14838,92.29052734375,15.200103,1,≥ 5 joins,False,False,,7,False,False,False,False,False,False
14880,14.2205810546875,1.932258,0,≥ 5 joins,False,True,365.0,6,False,False,False,False,False,False
15343,0.38519287109375,0.061589,0,"lookup table (tags, links, history/close types)",False,False,,2,False,False,False,False,True,True
15536,0.3885498046875,0.061575,0,"lookup table (tags, links, history/close types)",False,False,,2,False,False,False,False,True,False
16000,0.3878173828125,0.060866,0,"lookup table (tags, links, history/close types)",False,False,,2,False,False,False,False,True,False
16044,0.3956298828125,0.062341,0,"lookup table (tags, links, history/close types)",False,False,,2,False,False,False,False,True,False
16253,0.38580322265625,0.061058,0,"lookup table (tags, links, history/close types)",False,False,,2,False,False,False,False,True,True
16359,0.3897705078125,0.061537,0,"lookup table (tags, links, history/close types)",False,False,,2,False,False,False,False,True,False
17109,0.3824462890625,0.061347,0,"lookup table (tags, links, history/close types)",False,False,,2,False,False,False,False,True,False
17195,0.39556884765625,0.061173,0,"lookup table (tags, links, history/close types)",False,False,,2,False,False,False,False,True,True
17199,0.37493896484375,0.062125,0,"lookup table (tags, links, history/close types)",False,False,,2,False,False,False,False,True,True
17534,0.3828125,0.061616,0,"lookup table (tags, links, history/close types)",False,False,,2,False,False,False,False,True,True
17728,0.35540771484375,0.061326,0,"lookup table (tags, links, history/close types)",False,False,,2,False,False,False,False,True,False
18178,0.35467529296875,0.061226,0,"lookup table (tags, links, history/close types)",False,False,,2,False,False,False,False,True,False
18262,0.38983154296875,0.061508,0,"lookup table (tags, links, history/close types)",False,False,,2,False,False,False,False,True,True
18862,0.3818359375,0.061454,0,"lookup table (tags, links, history/close types)",False,False,,2,False,False,False,False,True,False
18870,0.3841552734375,0.061139,0,"lookup table (tags, links, history/close types)",False,False,,2,False,False,False,False,True,False
19012,0.38934326171875,0.061196,0,"lookup table (tags, links, history/close types)",False,False,,2,False,False,False,False,True,False
19015,0.36236572265625,0.061679,0,"lookup table (tags, links, history/close types)",False,False,,2,False,False,False,False,True,False
19266,0.38421630859375,0.061003,0,"lookup table (tags, links, history/close types)",False,False,,2,False,False,False,False,True,True
19329,0.39190673828125,0.061068,0,"lookup table (tags, links, history/close types)",False,False,,2,False,False,False,False,True,False
19373,0.38165283203125,0.061305,0,"lookup table (tags, links, history/close types)",False,False,,2,False,False,False,False,True,False
19384,0.3555908203125,0.061199,0,"lookup table (tags, links, history/close types)",False,False,,2,False,False,False,False,True,False
20026,9.83319091796875,1.586647,0,other,False,True,365.0,3,False,False,False,False,False,False
20034,5.61614990234375,0.838256,0,other,False,True,365.0,4,False,False,False,False,False,False
20065,10.39093017578125,1.147647,0,fixed-date window ≤ 30 days,False,True,30.0,4,False,False,False,False,False,False
20086,2.37750244140625,0.318422,0,wall-clock window (NOW / CURRENT_DATE),True,False,365.0,4,True,False,False,False,False,False
20116,6.564453125,1.204101,0,"lookup table (tags, links, history/close types)",False,False,,6,False,False,False,False,True,False
20122,9.097900390625,1.566419,0,fixed-date window ≤ 30 days,False,True,30.0,5,False,False,False,False,False,False
20195,7.414306640625,0.65885,0,wall-clock window (NOW / CURRENT_DATE),True,False,365.0,4,False,False,False,False,False,False
20205,3.30767822265625,0.623278,0,EXISTS / IN (SELECT),False,True,,5,False,False,True,False,False,False
20234,4.71307373046875,0.72447,0,other,False,True,365.0,3,False,False,False,False,False,False
20274,0.80419921875,0.092415,0,other,False,False,365.0,1,False,False,False,False,False,False
20277,8.35101318359375,1.014304,0,EXISTS / IN (SELECT),False,False,365.0,2,False,False,False,True,True,False
20335,9.76776123046875,1.088718,0,wall-clock window (NOW / CURRENT_DATE),True,False,365.0,6,False,False,False,False,False,False
20337,2.8585205078125,0.385734,0,other,False,False,,2,False,False,False,False,False,False
20378,2.91064453125,0.253852,0,fixed-date window ≤ 30 days,False,True,30.0,7,False,False,True,False,True,False
20384,13.42791748046875,2.086165,0,≥ 5 joins,False,True,365.0,5,False,False,False,False,False,False
20389,5.11712646484375,0.65849,0,fixed-date window ≤ 30 days,False,True,30.0,4,False,False,True,False,True,False
20449,5.0008544921875,0.721952,0,≥ 5 joins,False,False,365.0,5,False,False,False,False,False,False
20533,7.83221435546875,1.45182,0,LIKE pattern,False,False,,8,False,True,False,False,True,False
20565,1.59478759765625,0.176323,0,EXISTS / IN (SELECT),False,True,365.0,6,False,False,True,False,True,False
20576,15.5369873046875,2.903883,0,other,False,False,,2,False,False,False,False,False,False
20596,2.676513671875,0.368934,0,other,False,True,365.0,3,False,False,False,False,False,False
20609,2.26708984375,0.203408,0,fixed-date window ≤ 30 days,False,True,30.0,4,False,False,False,False,False,False
20663,2.03411865234375,0.214057,0,fixed-date window ≤ 30 days,False,True,30.0,3,False,False,False,False,True,False
20678,3.39697265625,0.620727,0,"lookup table (tags, links, history/close types)",False,False,,9,False,False,False,False,True,False
20755,8.2916259765625,1.046437,0,EXISTS / IN (SELECT),False,False,,3,False,False,False,True,False,False
20758,15.83331298828125,2.499973,0,fixed-date window ≤ 30 days,False,True,30.0,6,False,False,False,False,False,False
20768,1.5870361328125,0.213189,0,wall-clock window (NOW / CURRENT_DATE),True,False,365.0,7,False,False,False,False,False,False
20804,5.676513671875,0.898807,0,"lookup table (tags, links, history/close types)",False,True,365.0,7,False,False,False,False,True,False
20820,3.728515625,0.603141,0,"lookup table (tags, links, history/close types)",False,True,,7,False,False,False,False,True,False
20827,1.68426513671875,0.224807,0,"lookup table (tags, links, history/close types)",False,True,365.0,4,False,False,False,False,True,False
20849,4.633544921875,0.470765,0,≥ 5 joins,False,True,182.39999999999998,5,False,False,False,False,False,False
20853,1.97589111328125,0.227,0,HAVING threshold,False,True,365.0,6,True,False,False,False,True,False
20861,3.4053955078125,0.345339,0,fixed-date window ≤ 30 days,False,True,30.0,4,False,False,False,False,False,False
20864,2.381591796875,0.275249,0,≥ 5 joins,False,False,30.0,5,False,False,False,False,False,False
20866,9.01593017578125,1.529191,0,other,False,True,182.39999999999998,4,False,False,False,False,False,False
20874,5.22149658203125,0.764306,0,≥ 5 joins,False,True,365.0,5,False,False,False,False,False,False
20887,4.83184814453125,0.431395,0,HAVING threshold,False,False,,7,True,False,False,False,False,False
20911,7.52801513671875,0.84582,0,other,False,True,365.0,4,False,False,False,False,False,False
20913,9.98138427734375,1.415047,0,"lookup table (tags, links, history/close types)",False,True,365.0,2,False,False,False,False,True,False
21109,88.17901611328125,15.059111,1,"lookup table (tags, links, history/close types)",False,True,365.0,7,False,False,False,False,True,False
21112,5.95794677734375,0.812542,0,fixed-date window ≤ 30 days,False,True,30.0,5,False,False,False,False,False,False
21130,7.72918701171875,0.625223,0,wall-clock window (NOW / CURRENT_DATE),True,False,365.0,3,False,False,False,False,False,False
21161,1.97100830078125,0.239673,0,other,False,True,365.0,3,False,False,False,False,False,False
21168,12.00750732421875,1.745371,0,other,False,False,,3,False,False,False,False,False,False
21187,4.24603271484375,0.418704,0,fixed-date window ≤ 30 days,False,True,30.0,4,False,False,False,False,False,False
21211,1.73663330078125,0.189567,0,wall-clock window (NOW / CURRENT_DATE),True,False,30.0,4,False,False,False,False,False,False
21213,1.68243408203125,0.207933,0,fixed-date window ≤ 30 days,False,True,30.0,6,False,False,True,False,True,False
21216,11.7828369140625,2.135214,0,fixed-date window ≤ 30 days,False,True,30.0,9,False,False,False,False,True,False
21220,8.48712158203125,1.082355,0,EXISTS / IN (SELECT),False,False,,7,False,False,False,True,False,False
21230,2.18359375,0.213543,0,fixed-date window ≤ 30 days,False,True,30.0,2,False,True,True,False,False,False
21250,17.9598388671875,2.622644,0,"lookup table (tags, links, history/close types)",False,False,,4,False,False,False,False,True,False
21281,1.6268310546875,0.164065,0,wall-clock window (NOW / CURRENT_DATE),True,False,30.0,4,True,False,False,False,False,False
21314,4.16143798828125,0.516638,0,wall-clock window (NOW / CURRENT_DATE),True,False,365.0,5,False,False,False,False,False,False
21357,6.75067138671875,0.786198,0,HAVING threshold,False,True,365.0,7,True,False,False,False,True,False
21364,1.69793701171875,0.197119,0,wall-clock window (NOW / CURRENT_DATE),True,False,182.39999999999998,3,False,True,False,False,False,False
21366,9.28955078125,1.624031,0,EXISTS / IN (SELECT),False,False,,6,False,False,True,False,False,False
21467,3.0772705078125,0.28302,0,other,False,False,30.0,3,False,False,False,False,False,False
21497,6.17413330078125,0.885549,0,"lookup table (tags, links, history/close types)",False,True,365.0,5,False,False,False,False,True,False
21521,1.792724609375,0.21157,0,wall-clock window (NOW / CURRENT_DATE),True,False,30.0,8,False,False,False,False,True,False
21526,7.910888671875,1.443069,0,HAVING threshold,False,False,,4,True,False,False,False,False,False
21549,4.97918701171875,0.63667,0,"lookup table (tags, links, history/close types)",False,False,365.0,4,False,False,False,False,True,False
21555,6.451904296875,1.183176,0,≥ 5 joins,False,False,,5,False,False,False,False,False,False
21561,4.52630615234375,0.700473,0,fixed-date window ≤ 30 days,False,True,30.0,5,False,False,False,True,False,False
21724,5.70550537109375,0.817161,0,other,False,True,365.0,3,False,False,False,False,False,False
21754,1.333740234375,0.177937,0,wall-clock window (NOW / CURRENT_DATE),True,False,30.0,6,False,False,False,False,False,False
21769,3.0941162109375,0.483426,0,other,False,True,365.0,4,False,False,False,False,False,False
21818,5.04229736328125,0.653736,0,HAVING threshold,False,True,182.39999999999998,6,True,False,False,False,False,False
21820,2.06219482421875,0.232522,0,other,False,True,365.0,4,False,False,False,False,False,False
21853,17.847412109375,1.240024,0,fixed-date window ≤ 30 days,False,True,30.4,3,False,True,False,False,True,False
21866,2.1083984375,0.223135,0,"lookup table (tags, links, history/close types)",False,True,365.0,4,False,False,False,False,True,False
21867,9.93048095703125,1.347363,0,other,False,True,365.0,4,False,False,False,False,False,False
21878,17.567626953125,2.086934,0,LIKE pattern,False,False,,6,False,True,False,False,True,False
21916,5.18157958984375,0.692428,0,EXISTS / IN (SELECT),False,False,30.4,2,False,False,True,False,False,False
21922,6.8448486328125,1.190325,0,≥ 5 joins,False,False,,5,False,False,False,False,False,False
21926,59.88806152343751,8.856006,0,EXISTS / IN (SELECT),False,True,365.0,5,False,True,False,True,True,False
21928,13.42144775390625,2.511537,0,fixed-date window ≤ 30 days,False,True,30.0,9,False,False,False,False,True,False
21931,22.535888671875,4.04971,0,other,False,False,,1,False,False,False,False,False,False
21992,3.9869995117187504,0.727034,0,other,False,False,,3,False,False,False,False,False,False
21999,4.7672119140625,0.406302,0,"lookup table (tags, links, history/close types)",False,True,182.39999999999998,7,False,False,False,False,True,False
22021,3.6661987304687504,0.454715,0,"lookup table (tags, links, history/close types)",False,True,365.0,7,False,False,False,False,True,False
22024,55.03015136718751,9.773868,0,EXISTS / IN (SELECT),False,False,,5,False,False,True,False,False,False
22028,3.6495971679687504,0.546635,0,≥ 5 joins,False,True,365.0,5,False,False,False,False,False,False
22066,9.2015380859375,1.691449,0,HAVING threshold,False,True,365.0,5,True,False,True,False,True,False
22085,1.55609130859375,0.199118,0,wall-clock window (NOW / CURRENT_DATE),True,False,30.0,6,False,False,False,False,True,False
22105,2.56768798828125,0.369403,0,HAVING threshold,False,False,182.39999999999998,7,True,False,False,False,True,False
22117,9.8204345703125,1.649561,0,"lookup table (tags, links, history/close types)",False,False,,6,False,False,False,False,True,False
22126,4.0111083984375,0.417957,0,≥ 5 joins,False,True,365.0,5,False,False,False,False,False,False
22166,5.484130859375,0.701356,0,wall-clock window (NOW / CURRENT_DATE),True,False,182.39999999999998,6,True,False,False,False,True,False
22188,6.5753173828125,1.240342,0,≥ 5 joins,False,False,,5,False,False,False,False,False,False
22249,4.18304443359375,0.438266,0,"lookup table (tags, links, history/close types)",False,True,182.39999999999998,6,False,False,False,False,True,False
22266,3.9468994140625,0.760066,0,"lookup table (tags, links, history/close types)",False,True,365.0,8,False,False,False,False,True,False
22284,1.91693115234375,0.219446,0,EXISTS / IN (SELECT),False,True,182.39999999999998,4,False,False,False,True,True,False
22290,17.17108154296875,2.701193,0,wall-clock window (NOW / CURRENT_DATE),True,False,30.0,7,False,False,False,False,True,False
22349,3.7499389648437504,0.337654,0,other,False,True,365.0,3,False,False,False,False,False,False
22357,14.58563232421875,2.612435,0,LIKE pattern,False,False,,6,False,True,False,False,True,False
22416,4.231201171875,0.665271,0,wall-clock window (NOW / CURRENT_DATE),True,False,30.0,6,False,False,False,False,True,False
22458,8.2655029296875,0.795913,0,"lookup table (tags, links, history/close types)",False,True,365.0,6,False,False,False,False,True,False
22470,3.4344482421875,0.419376,0,≥ 5 joins,False,True,365.0,9,False,False,False,False,False,False
22506,18.823791503906246,2.036882,0,"lookup table (tags, links, history/close types)",False,True,365.0,6,False,False,False,False,True,False
22547,11.86578369140625,1.276028,0,fixed-date window ≤ 30 days,False,True,30.0,6,False,False,False,False,False,False
22558,29.5223388671875,5.271826,0,EXISTS / IN (SELECT),False,False,,6,False,False,True,False,False,False
22619,4.4012451171875,0.692525,0,other,False,False,,3,False,False,False,False,False,False
22634,5.21319580078125,0.640365,0,HAVING threshold,False,True,730.0,5,True,False,False,False,False,False
22635,1.46954345703125,0.147632,0,other,False,False,365.0,2,False,False,False,False,False,False
22662,3.7559814453125,0.408455,0,"lookup table (tags, links, history/close types)",False,False,,3,False,False,False,False,True,False
22682,2.40594482421875,0.33478,0,other,False,False,365.0,4,False,False,False,False,False,False
22750,8.893310546875,1.414827,0,HAVING threshold,False,False,365.0,8,True,False,True,False,True,False
22767,2.0169677734375,0.215586,0,other,False,True,365.0,4,False,False,False,False,False,False
22769,2.72796630859375,0.291568,0,≥ 5 joins,False,True,365.0,7,False,False,False,False,False,False
22789,11.75128173828125,1.466164,0,wall-clock window (NOW / CURRENT_DATE),True,False,730.0,2,False,False,False,False,False,False
22792,8.35028076171875,1.039621,0,HAVING threshold,False,False,182.39999999999998,6,True,False,False,False,False,False
22822,10.870361328125,0.954612,0,wall-clock window (NOW / CURRENT_DATE),True,False,30.0,6,True,False,False,False,True,False
22829,10.9012451171875,1.682529,0,"lookup table (tags, links, history/close types)",False,False,91.19999999999999,7,False,False,False,False,True,False
22840,1.86114501953125,0.17124,0,LIKE pattern,False,True,365.0,4,False,True,False,False,False,False
22867,1.5361328125,0.168167,0,fixed-date window ≤ 30 days,False,True,30.4,6,False,False,False,True,True,False
22868,8.151123046875,1.236036,0,wall-clock window (NOW / CURRENT_DATE),True,False,30.0,7,False,False,True,False,False,False
22899,2.64862060546875,0.408294,0,other,False,True,365.0,4,False,False,False,False,False,False
22949,27.549133300781246,2.431141,0,HAVING threshold,False,True,365.0,5,True,False,False,False,True,False
22963,21.5963134765625,2.10001,0,fixed-date window ≤ 30 days,False,True,7.0,4,False,False,False,False,False,False
23016,19.442138671875,2.865197,0,fixed-date window ≤ 30 days,False,True,30.0,3,False,False,False,False,False,False
23040,19.020568847656246,2.674945,0,HAVING threshold,False,False,,6,True,False,False,False,False,False
23052,11.18145751953125,1.35191,0,fixed-date window ≤ 30 days,False,True,30.0,5,False,True,False,False,True,False
23059,3.30950927734375,0.334124,0,"lookup table (tags, links, history/close types)",False,True,365.0,4,False,False,False,False,True,False
23077,7.0498046875,1.085781,0,other,False,True,365.0,4,False,False,False,False,False,False
23079,5.06402587890625,0.708995,0,≥ 5 joins,False,True,182.39999999999998,5,False,False,False,False,False,False
23162,10.420166015625,1.712375,0,fixed-date window ≤ 30 days,False,True,30.0,5,False,False,True,False,True,False
23217,11.29473876953125,1.63372,0,other,False,False,365.0,4,False,False,False,False,False,False
23269,5.0762939453125,0.774391,0,EXISTS / IN (SELECT),False,True,365.0,5,False,False,False,True,False,False
23297,6.920166015625,1.16342,0,wall-clock window (NOW / CURRENT_DATE),True,False,365.0,5,False,False,False,False,False,False
23299,4.196044921875,0.740496,0,other,False,True,365.0,4,False,False,False,False,False,False
23368,17.48663330078125,2.289641,0,other,False,True,365.0,4,False,False,False,False,False,False
23379,17.81890869140625,2.270445,0,fixed-date window ≤ 30 days,False,True,30.0,7,False,False,False,False,True,False
23394,11.76776123046875,1.208059,0,fixed-date window ≤ 30 days,False,True,30.4,5,True,True,False,False,True,False
23397,1.597412109375,0.167506,0,wall-clock window (NOW / CURRENT_DATE),True,False,30.0,5,False,False,False,False,False,False
23415,10.49029541015625,1.587598,0,other,False,False,,1,False,False,False,False,False,False
23454,7.603881835937501,1.223501,0,≥ 5 joins,False,False,,5,False,False,False,False,False,False
23505,10.0902099609375,1.844273,0,other,False,False,,4,False,False,False,False,False,False
23530,4.81597900390625,0.746916,0,"lookup table (tags, links, history/close types)",False,True,365.0,6,False,False,False,False,True,False
23571,64.1739501953125,10.832571,0,≥ 5 joins,False,False,,9,False,False,False,False,False,False
23578,9.45306396484375,1.585526,0,≥ 5 joins,False,False,,5,False,False,False,False,False,False
23784,2.31793212890625,0.262023,0,other,False,True,365.0,3,False,False,False,False,False,False
23791,7.703857421875,0.967562,0,"lookup table (tags, links, history/close types)",False,False,30.4,3,False,False,False,False,True,False
23835,7.58612060546875,0.906537,0,fixed-date window ≤ 30 days,False,True,30.0,4,False,False,False,False,False,False
23846,151.38043212890625,15.311007,1,≥ 5 joins,False,True,365.0,6,False,False,False,False,False,False
23860,5.0806884765625,0.404701,0,fixed-date window ≤ 30 days,False,True,30.0,5,False,False,False,False,False,False
23866,14.0147705078125,2.075136,0,other,False,True,182.39999999999998,3,False,False,False,False,False,False
23893,9.27752685546875,1.714225,0,EXISTS / IN (SELECT),False,False,,5,False,False,True,False,False,False
23902,1.34686279296875,0.130403,0,wall-clock window (NOW / CURRENT_DATE),True,False,182.39999999999998,4,True,False,False,False,False,False
23969,20.7757568359375,2.743073,0,"lookup table (tags, links, history/close types)",False,True,365.0,2,False,False,False,False,True,False
23975,1.91107177734375,0.229317,0,other,False,False,365.0,3,False,False,False,False,False,False
23985,5.81597900390625,1.067624,0,other,False,False,,4,False,False,False,False,False,False
23991,13.05206298828125,1.973845,0,≥ 5 joins,False,False,,5,False,False,False,False,False,False
24008,4.17901611328125,0.748446,0,"lookup table (tags, links, history/close types)",False,False,,5,False,False,False,False,True,False
24009,12.0643310546875,2.063383,0,wall-clock window (NOW / CURRENT_DATE),True,False,365.0,5,False,False,False,False,True,False
24043,10.7347412109375,1.106704,0,wall-clock window (NOW / CURRENT_DATE),True,False,30.0,8,True,False,False,False,False,False
24054,3.7506103515625,0.335022,0,other,False,True,365.0,3,False,False,False,False,False,False
24081,3.08282470703125,0.324042,0,other,False,True,365.0,2,False,False,False,False,False,False
24136,8.58050537109375,1.256136,0,≥ 5 joins,False,True,,7,False,False,False,False,False,False
24181,3.54779052734375,0.566721,0,wall-clock window (NOW / CURRENT_DATE),True,False,730.0,3,False,False,False,False,False,False
24204,20.1158447265625,3.491411,0,fixed-date window ≤ 30 days,False,True,30.4,3,False,False,False,False,False,False
24215,1.73663330078125,0.200549,0,wall-clock window (NOW / CURRENT_DATE),True,False,7.0,5,False,False,False,False,False,False
24216,5.86859130859375,0.892509,0,≥ 5 joins,False,True,365.0,5,False,False,False,False,False,False
24220,10.75665283203125,1.418303,0,HAVING threshold,False,True,365.0,5,True,True,False,True,True,False
24223,9.9678955078125,0.995403,0,other,False,False,30.0,4,False,False,False,False,False,False
24277,5.0516357421875,0.638657,0,other,False,False,365.0,3,False,False,False,False,False,False
24299,10.300048828125,1.644646,0,≥ 5 joins,False,True,365.0,5,False,False,False,False,False,False
24304,12.12005615234375,2.059608,0,≥ 5 joins,False,False,,6,False,False,False,False,False,False
24317,3.4171142578125,0.319416,0,wall-clock window (NOW / CURRENT_DATE),True,False,91.19999999999999,5,False,False,True,False,False,False
24424,5.84649658203125,0.917697,0,fixed-date window ≤ 30 days,False,True,30.0,8,True,False,False,False,True,False
24427,1.36993408203125,0.143994,0,LIKE pattern,False,True,182.39999999999998,4,False,True,False,False,True,False
24431,19.869079589843754,2.661007,0,≥ 5 joins,False,False,,7,False,False,False,False,False,False
24444,15.8314208984375,2.685309,0,≥ 5 joins,False,True,,7,False,False,False,False,False,False
24461,7.631225585937501,1.231694,0,"lookup table (tags, links, history/close types)",False,False,182.39999999999998,5,False,False,False,False,True,False
24494,7.48199462890625,1.366757,0,LIKE pattern,False,False,,6,False,True,False,False,True,False
24512,4.12969970703125,0.537866,0,fixed-date window ≤ 30 days,False,True,30.4,5,True,False,False,False,True,False
24520,1.74078369140625,0.191916,0,wall-clock window (NOW / CURRENT_DATE),True,False,365.0,4,False,False,False,False,False,False
24533,3.14886474609375,0.460404,0,other,False,True,182.39999999999998,2,False,False,False,False,False,False
24538,4.33465576171875,0.553395,0,"lookup table (tags, links, history/close types)",False,True,365.0,5,False,False,False,False,True,False
24577,1.8194580078125,0.232662,0,"lookup table (tags, links, history/close types)",False,True,365.0,4,False,False,False,False,True,False
24582,89.5252685546875,15.26948,1,HAVING threshold,False,False,,4,True,False,False,True,False,False
24594,15.7398681640625,2.528819,0,EXISTS / IN (SELECT),False,False,,3,False,False,False,True,True,False
24602,6.49188232421875,1.063097,0,"lookup table (tags, links, history/close types)",False,False,,3,False,False,False,False,True,False
24608,5.055908203125,0.673984,0,"lookup table (tags, links, history/close types)",False,True,365.0,3,False,False,False,False,True,False
24610,3.6530151367187504,0.520376,0,≥ 5 joins,False,True,365.0,6,False,False,False,False,False,False
24635,5.8304443359375,0.509136,0,≥ 5 joins,False,True,365.0,5,False,False,False,False,False,False
24699,31.1221923828125,4.278082,0,LIKE pattern,False,False,,9,False,True,False,False,True,False
24700,6.9420166015625,0.77141,0,EXISTS / IN (SELECT),False,True,365.0,1,False,False,True,False,False,False
24744,7.90789794921875,0.873391,0,"lookup table (tags, links, history/close types)",False,True,365.0,5,False,False,False,False,True,False
24758,3.874267578125,0.596059,0,other,False,True,365.0,3,False,False,False,False,False,False
24763,15.10711669921875,2.709126,0,EXISTS / IN (SELECT),False,False,,5,False,True,False,True,True,False
24777,14.230224609375,1.30098,0,"lookup table (tags, links, history/close types)",False,False,30.0,5,False,False,False,False,True,False
24805,20.79736328125,1.605413,0,EXISTS / IN (SELECT),False,True,182.39999999999998,2,False,True,True,False,True,False
24856,3.3486328125,0.318438,0,fixed-date window ≤ 30 days,False,True,7.0,4,False,False,False,False,False,False
24945,9.748779296875,1.290728,0,other,False,True,365.0,3,False,False,False,False,False,False
24981,19.947998046875,2.682269,0,"lookup table (tags, links, history/close types)",False,False,365.0,5,False,False,False,False,True,False
24986,1.95794677734375,0.207892,0,other,False,True,365.0,3,False,False,False,False,False,False
25041,12.202392578125,2.139898,0,other,False,False,,3,False,False,False,False,False,False
25050,0.83197021484375,0.09295,0,wall-clock window (NOW / CURRENT_DATE),True,False,182.39999999999998,5,False,False,False,False,False,False
25060,243.829345703125,15.083686,1,EXISTS / IN (SELECT),False,False,,7,False,True,False,True,True,False
25096,13.8546142578125,1.32402,0,other,False,False,,3,False,False,False,False,False,False
25111,10.49786376953125,1.324041,0,"lookup table (tags, links, history/close types)",False,False,,5,False,False,False,False,True,False
25128,10.2744140625,1.504146,0,"lookup table (tags, links, history/close types)",False,True,365.0,4,False,False,False,False,True,False
25154,18.475524902343754,3.033597,0,HAVING threshold,False,False,,4,True,False,False,False,False,False
25162,1.8004150390625,0.241104,0,"lookup table (tags, links, history/close types)",False,True,365.0,5,False,False,False,False,True,False
25221,0.65020751953125,0.08505,0,wall-clock window (NOW / CURRENT_DATE),True,False,365.0,4,False,False,False,False,False,False
25319,15.03204345703125,2.202245,0,other,False,False,,4,False,False,False,False,False,False
25446,3.28955078125,0.620346,0,EXISTS / IN (SELECT),False,False,,2,False,True,False,True,True,False
25514,8.213134765625,1.215519,0,fixed-date window ≤ 30 days,False,True,30.0,4,False,False,False,False,False,False
25546,16.30828857421875,1.454073,0,"lookup table (tags, links, history/close types)",False,True,365.0,4,False,False,False,False,True,False
25570,12.18096923828125,2.160021,0,"lookup table (tags, links, history/close types)",False,False,,4,False,False,False,False,True,False
25681,1.88323974609375,0.327703,0,LIKE pattern,False,True,365.0,2,False,True,False,False,True,False
25711,115.1754150390625,12.819709,0,wall-clock window (NOW / CURRENT_DATE),True,False,365.0,6,False,True,False,False,True,False
25859,19.2908935546875,2.260808,0,wall-clock window (NOW / CURRENT_DATE),True,False,30.4,9,False,False,False,False,False,False
25882,13.80718994140625,2.480648,0,other,False,False,,4,False,False,False,False,False,False
25913,3.11578369140625,0.421245,0,≥ 5 joins,False,True,365.0,5,False,False,False,False,False,False
25942,6.99554443359375,1.261679,0,"lookup table (tags, links, history/close types)",False,False,,5,False,False,False,False,True,False
25958,7.54864501953125,0.907552,0,other,False,False,,3,False,False,False,False,False,False
25963,6.53021240234375,1.002505,0,"lookup table (tags, links, history/close types)",False,False,,6,False,False,False,False,True,False
26034,4.47308349609375,0.827664,0,HAVING threshold,False,True,365.0,6,True,True,False,True,True,False
26058,231.87469482421875,15.253082,1,fixed-date window ≤ 30 days,False,True,30.0,5,False,True,False,False,True,False
26076,156.43994140625,10.96519,0,LIKE pattern,False,False,,6,False,True,False,False,True,False
26124,0.796142578125,0.093525,0,other,False,True,365.0,4,False,False,False,False,False,False
26221,13.5357666015625,1.795482,0,"lookup table (tags, links, history/close types)",False,False,,6,False,False,False,False,True,False
26304,90.15411376953124,15.226972,1,"lookup table (tags, links, history/close types)",False,False,,8,False,False,False,False,True,False
26306,9.85791015625,0.855374,0,wall-clock window (NOW / CURRENT_DATE),True,False,365.0,6,False,True,False,False,True,False
26370,28.2532958984375,3.017776,0,"lookup table (tags, links, history/close types)",False,False,,6,False,False,False,False,True,False
26408,7.402099609375,1.033319,0,≥ 5 joins,False,False,365.0,6,False,False,False,False,False,False
26450,0.75445556640625,0.126811,0,"lookup table (tags, links, history/close types)",False,False,,3,False,False,False,False,True,False
26787,3.6031494140625,0.544829,0,other,False,False,,4,False,False,False,False,False,False
26835,241.475830078125,15.138897,1,LIKE pattern,False,True,365.0,6,False,True,False,False,True,False
26911,22.508056640625,2.90321,0,fixed-date window ≤ 30 days,False,True,30.0,5,True,False,False,False,False,False
26960,244.43231201171875,15.082587,1,LIKE pattern,False,False,,4,False,True,False,False,True,False
27030,0.96209716796875,0.098443,0,wall-clock window (NOW / CURRENT_DATE),True,False,365.0,4,True,False,False,False,False,False
27114,1.6651611328125,0.183026,0,fixed-date window ≤ 30 days,False,True,30.0,4,False,True,False,False,False,False
27117,0.83758544921875,0.095083,0,wall-clock window (NOW / CURRENT_DATE),True,False,30.0,5,False,True,False,False,False,False
27132,72.7230224609375,12.120638,0,other,False,False,,1,False,False,False,False,False,False
27185,51.59973144531249,3.830211,0,EXISTS / IN (SELECT),False,False,,4,False,True,False,True,False,False
27229,0.7977294921875,0.091448,0,wall-clock window (NOW / CURRENT_DATE),True,False,365.0,3,True,False,False,False,False,False
27348,7.834228515625,1.440972,0,"lookup table (tags, links, history/close types)",False,False,,3,False,False,False,False,True,False
27391,19.1295166015625,2.318953,0,"lookup table (tags, links, history/close types)",False,False,,6,False,False,False,False,True,False
27420,2.806396484375,0.319934,0,≥ 5 joins,False,True,365.0,5,False,False,False,False,False,False
27428,7.424438476562499,0.915723,0,HAVING threshold,False,True,365.0,3,True,False,False,False,False,False
27529,7.14727783203125,1.293005,0,other,False,False,,2,False,False,False,False,False,False
27635,15.12371826171875,2.013713,0,EXISTS / IN (SELECT),False,False,,4,False,False,True,False,False,False
27754,51.44866943359375,3.564196,0,"lookup table (tags, links, history/close types)",False,False,,4,False,False,False,False,True,False
27771,1.52166748046875,0.155506,0,wall-clock window (NOW / CURRENT_DATE),True,False,365.0,3,False,False,False,False,False,False
27925,84.57763671875,15.176116,1,LIKE pattern,False,False,,6,False,True,False,False,True,False
27949,2.4459228515625,0.341045,0,wall-clock window (NOW / CURRENT_DATE),True,False,30.0,4,False,False,False,False,False,False
27953,3.998779296875,0.471194,0,"lookup table (tags, links, history/close types)",False,False,,4,False,False,False,False,True,False
27976,0.8170166015625,0.09283,0,wall-clock window (NOW / CURRENT_DATE),True,False,182.39999999999998,4,False,False,False,False,False,False
28022,242.61138916015625,15.081308,1,EXISTS / IN (SELECT),False,True,365.0,4,False,True,False,True,True,False
28027,17.268798828125,1.739674,0,LIKE pattern,False,False,,6,False,True,False,False,True,False
28037,25.3077392578125,3.368588,0,other,False,False,,4,False,False,False,False,False,False
28038,22.070739746093754,2.59233,0,fixed-date window ≤ 30 days,False,True,30.0,9,False,False,False,False,True,False
28101,5.7957763671875,0.858522,0,HAVING threshold,False,True,182.39999999999998,6,True,False,False,False,False,False
28192,1.11932373046875,0.138345,0,other,False,True,365.0,3,False,False,False,False,False,False
28195,2.5303955078125,0.288889,0,"lookup table (tags, links, history/close types)",False,True,365.0,5,False,False,False,False,True,False
28267,8.6168212890625,0.929922,0,wall-clock window (NOW / CURRENT_DATE),True,False,30.0,6,False,False,False,False,True,False
28279,0.787353515625,0.092609,0,wall-clock window (NOW / CURRENT_DATE),True,False,30.0,4,False,False,False,False,True,False
28292,238.25445556640625,15.060756,1,HAVING threshold,False,False,,6,True,True,False,False,True,False
28296,1.02032470703125,0.128953,0,other,False,True,365.0,3,False,False,False,False,False,False
28309,9.04803466796875,0.706964,0,fixed-date window ≤ 30 days,False,True,30.0,3,False,False,False,False,True,False
28312,9.94873046875,1.114324,0,"lookup table (tags, links, history/close types)",False,False,,2,False,False,False,False,True,False
28356,0.85601806640625,0.096745,0,wall-clock window (NOW / CURRENT_DATE),True,False,7.0,5,False,True,False,False,True,False
28477,41.08703613281249,6.257845,0,≥ 5 joins,False,False,,8,False,False,False,False,False,False
28523,1.85186767578125,0.203784,0,wall-clock window (NOW / CURRENT_DATE),True,False,365.0,7,False,False,False,False,True,False
28593,8.49810791015625,1.097214,0,LIKE pattern,False,True,365.0,2,False,True,False,False,False,False
28650,20.3135986328125,3.153891,0,"lookup table (tags, links, history/close types)",False,False,,7,False,False,False,False,True,False
28659,9.27734375,1.129504,0,fixed-date window ≤ 30 days,False,True,30.0,7,False,True,False,False,True,False
28665,4.2498779296875,0.525885,0,wall-clock window (NOW / CURRENT_DATE),True,False,30.0,4,False,True,False,True,True,False
28829,17.54815673828125,1.931463,0,fixed-date window ≤ 30 days,False,True,30.0,5,False,False,False,True,False,False
28839,14.1776123046875,1.715116,0,LIKE pattern,False,True,365.0,7,False,True,False,False,True,False
28879,11.9407958984375,0.859795,0,LIKE pattern,False,False,,6,False,True,False,False,True,False
28955,16.5111083984375,1.888093,0,other,False,False,,3,False,False,False,False,False,False
28965,1.20587158203125,0.116245,0,fixed-date window ≤ 30 days,False,True,30.0,5,False,True,False,False,True,False
28975,8.3822021484375,1.421638,0,EXISTS / IN (SELECT),False,False,365.0,5,False,False,False,True,True,False
28976,0.84521484375,0.096323,0,other,False,False,365.0,2,False,False,False,False,False,False
29016,5.01446533203125,0.903389,0,LIKE pattern,False,False,,3,False,True,False,False,True,False
29126,21.455383300781246,2.870548,0,HAVING threshold,False,False,,3,True,False,False,False,False,False
29235,9.83935546875,1.489084,0,EXISTS / IN (SELECT),False,False,30.0,7,False,False,False,True,False,False
29389,9.578857421875,1.105335,0,LIKE pattern,False,False,,5,False,True,False,False,True,False
29391,5.17950439453125,0.695137,0,HAVING threshold,False,False,365.0,9,True,True,False,False,True,False
29430,15.66644287109375,1.771008,0,LIKE pattern,False,True,182.39999999999998,5,False,True,False,False,True,False
29508,0.80645751953125,0.101785,0,wall-clock window (NOW / CURRENT_DATE),True,False,365.0,3,False,False,False,False,False,False
29556,53.458251953125,4.894128,0,EXISTS / IN (SELECT),False,False,,5,False,False,False,True,False,False
29583,0.81878662109375,0.093261,0,wall-clock window (NOW / CURRENT_DATE),True,False,365.0,3,False,True,True,True,False,False
29608,0.819091796875,0.144664,0,wall-clock window (NOW / CURRENT_DATE),True,False,182.39999999999998,8,False,False,False,False,True,False
29831,3.973388671875,0.61272,0,HAVING threshold,False,True,,3,True,False,False,False,True,False
29944,6.61297607421875,0.760639,0,LIKE pattern,False,False,,5,False,True,False,False,True,False
29982,4.99169921875,0.725969,0,fixed-date window ≤ 30 days,False,True,30.4,4,False,False,False,False,False,False
29994,27.895080566406246,4.505374,0,≥ 5 joins,False,False,365.0,5,False,False,False,False,False,False
29996,20.783508300781246,2.88583,0,HAVING threshold,False,False,,9,True,False,False,True,False,False
30053,9.4752197265625,1.280514,0,wall-clock window (NOW / CURRENT_DATE),True,False,30.0,4,False,False,False,False,False,False
30067,3.3673095703125,0.510393,0,wall-clock window (NOW / CURRENT_DATE),True,False,365.0,5,False,False,False,False,False,False
30071,0.82196044921875,0.093215,0,wall-clock window (NOW / CURRENT_DATE),True,False,365.0,3,False,False,False,False,False,False
30115,4.76556396484375,0.780157,0,fixed-date window ≤ 30 days,False,True,30.0,3,False,False,False,False,False,False
30120,10.4482421875,0.982008,0,wall-clock window (NOW / CURRENT_DATE),True,False,30.0,6,True,True,False,False,True,False
30174,9.81805419921875,1.085429,0,HAVING threshold,False,True,365.0,5,True,False,False,False,False,False
30222,0.81463623046875,0.097186,0,wall-clock window (NOW / CURRENT_DATE),True,False,365.0,5,False,False,False,False,False,False
30228,8.86016845703125,1.489029,0,fixed-date window ≤ 30 days,False,True,30.0,6,True,False,False,False,False,False
30249,1.1956787109375,0.121493,0,fixed-date window ≤ 30 days,False,True,30.0,3,False,False,False,False,False,False
30254,11.66455078125,1.230628,0,wall-clock window (NOW / CURRENT_DATE),True,False,30.0,3,False,False,False,False,False,False
30355,6.9193115234375,1.008397,0,fixed-date window ≤ 30 days,False,True,30.0,7,False,False,False,False,False,False
30385,36.12103271484375,6.04538,0,≥ 5 joins,False,False,30.0,6,False,False,False,False,False,False
30444,1.7376708984375,0.203665,0,wall-clock window (NOW / CURRENT_DATE),True,False,365.0,8,False,False,False,False,False,False
30454,12.22186279296875,1.918063,0,fixed-date window ≤ 30 days,False,True,30.0,4,False,False,False,False,False,False
30459,5.47412109375,0.614136,0,≥ 5 joins,False,False,,5,False,False,False,False,False,False
30505,1.5126953125,0.158751,0,wall-clock window (NOW / CURRENT_DATE),True,False,365.0,3,False,False,False,False,False,False
30509,1.42431640625,0.140217,0,wall-clock window (NOW / CURRENT_DATE),True,False,91.19999999999999,4,False,False,False,False,False,False
30695,9.72125244140625,1.487767,0,fixed-date window ≤ 30 days,False,True,30.0,10,True,True,False,False,True,False
30899,2.845458984375,0.421985,0,fixed-date window ≤ 30 days,False,True,7.0,6,False,False,False,False,True,False
30947,2.83367919921875,0.30456,0,≥ 5 joins,False,True,182.39999999999998,5,False,False,False,False,False,False
30968,23.751159667968754,2.291723,0,wall-clock window (NOW / CURRENT_DATE),True,False,182.39999999999998,8,False,False,False,False,False,False
31037,3.8484497070312496,0.704563,0,other,False,True,365.0,3,False,False,False,False,False,False
31048,1.494140625,0.15335,0,wall-clock window (NOW / CURRENT_DATE),True,False,365.0,3,False,False,False,False,False,False
31099,0.847900390625,0.094546,0,wall-clock window (NOW / CURRENT_DATE),True,False,30.0,2,False,False,False,False,False,False
31131,6.302734375,1.021808,0,HAVING threshold,False,True,365.0,5,True,False,False,True,False,False
31136,7.81829833984375,0.827771,0,EXISTS / IN (SELECT),False,True,365.0,4,False,False,False,True,True,False
31144,12.76171875,1.821643,0,HAVING threshold,False,False,,5,True,False,False,False,False,False
31194,4.63519287109375,0.661694,0,fixed-date window ≤ 30 days,False,True,30.0,6,False,False,False,False,False,False
31219,0.9510498046875,0.098421,0,EXISTS / IN (SELECT),False,False,30.0,3,False,False,True,False,False,False
31229,8.28118896484375,0.890195,0,wall-clock window (NOW / CURRENT_DATE),True,False,30.0,7,False,False,False,False,False,False
31238,9.6463623046875,1.798042,0,HAVING threshold,False,False,,4,True,False,False,False,False,False
31317,9.970703125,1.448284,0,HAVING threshold,False,False,365.0,4,True,False,True,False,False,False
31482,1.73126220703125,0.173388,0,wall-clock window (NOW / CURRENT_DATE),True,False,182.39999999999998,5,False,False,False,False,False,False
31504,1.54742431640625,0.157912,0,wall-clock window (NOW / CURRENT_DATE),True,False,365.0,4,False,False,False,False,True,False
31614,3.8587036132812496,0.605714,0,other,False,False,,4,False,False,False,False,False,False
31629,0.851806640625,0.096721,0,wall-clock window (NOW / CURRENT_DATE),True,False,365.0,4,False,False,False,False,False,False
31635,4.00567626953125,0.319374,0,wall-clock window (NOW / CURRENT_DATE),True,False,30.0,7,False,False,False,False,False,False
31659,11.29827880859375,1.521112,0,HAVING threshold,False,True,365.0,5,True,False,False,False,False,False
31681,11.91058349609375,1.931983,0,≥ 5 joins,False,True,365.0,5,False,False,False,False,False,False
31874,12.5443115234375,1.817123,0,wall-clock window (NOW / CURRENT_DATE),True,False,91.19999999999999,7,False,False,False,False,False,False
31905,14.6187744140625,2.556773,0,HAVING threshold,False,True,365.0,6,True,False,False,True,False,False
31981,4.10125732421875,0.650914,0,wall-clock window (NOW / CURRENT_DATE),True,False,182.39999999999998,6,False,False,False,False,True,False
32097,55.45208740234375,9.787258,0,≥ 5 joins,False,False,,6,False,False,False,False,False,False
32139,2.43328857421875,0.239921,0,"lookup table (tags, links, history/close types)",False,False,365.0,4,False,False,False,False,True,False
32181,1.60504150390625,0.16603,0,wall-clock window (NOW / CURRENT_DATE),True,False,365.0,5,False,False,False,False,True,False
32230,15.3734130859375,2.447391,0,"lookup table (tags, links, history/close types)",False,False,365.0,6,False,False,False,False,True,False
32290,8.24267578125,1.054921,0,other,False,True,365.0,3,False,False,False,False,False,False
32329,22.3143310546875,4.034313,0,HAVING threshold,False,True,,5,True,False,False,False,True,False
32355,1.0509033203125,0.1116,0,fixed-date window ≤ 30 days,False,True,30.4,4,False,False,False,False,False,False
32369,7.12164306640625,0.69039,0,wall-clock window (NOW / CURRENT_DATE),True,False,182.39999999999998,4,False,False,False,False,True,False
32383,6.2232666015625,1.141891,0,"lookup table (tags, links, history/close types)",False,True,365.0,7,False,False,False,False,True,False
32386,3.4769287109375,0.533306,0,wall-clock window (NOW / CURRENT_DATE),True,False,365.0,5,False,False,False,True,False,False
32415,2.42718505859375,0.220393,0,fixed-date window ≤ 30 days,False,True,30.0,8,True,False,False,False,True,False
32482,10.7615966796875,1.841988,0,"lookup table (tags, links, history/close types)",False,True,365.0,5,False,False,False,False,True,False
32493,9.13140869140625,1.258706,0,wall-clock window (NOW / CURRENT_DATE),True,False,365.0,7,False,False,False,False,False,False
32518,0.814208984375,0.10266,0,wall-clock window (NOW / CURRENT_DATE),True,False,182.39999999999998,3,False,False,False,False,False,False
32526,2.10357666015625,0.210401,0,fixed-date window ≤ 30 days,False,True,30.0,7,False,False,False,False,True,False
32544,2.84832763671875,0.260819,0,wall-clock window (NOW / CURRENT_DATE),True,False,365.0,5,False,False,False,False,False,False
32648,10.755615234375,1.650746,0,fixed-date window ≤ 30 days,False,True,30.4,6,False,False,False,False,False,False
32702,1.66259765625,0.171351,0,other,False,True,365.0,3,False,False,False,False,False,False
32796,8.17828369140625,1.037499,0,wall-clock window (NOW / CURRENT_DATE),True,False,365.0,4,False,False,False,False,False,False
32815,0.84027099609375,0.092566,0,wall-clock window (NOW / CURRENT_DATE),True,False,30.0,1,False,False,False,False,False,False
32841,2.1806640625,0.217877,0,EXISTS / IN (SELECT),False,True,365.0,3,False,False,False,True,False,False
32846,11.89044189453125,1.214158,0,"lookup table (tags, links, history/close types)",False,True,365.0,5,False,False,False,False,True,False
32893,10.89691162109375,1.61619,0,fixed-date window ≤ 30 days,False,True,30.4,8,False,False,False,False,False,False
32899,5.1607666015625,0.851374,0,≥ 5 joins,False,True,365.0,5,False,False,False,False,False,False
32966,1.61212158203125,0.171385,0,wall-clock window (NOW / CURRENT_DATE),True,False,365.0,4,False,False,False,False,False,False
32987,11.26806640625,1.26189,0,LIKE pattern,False,False,,7,False,True,False,False,True,False
33006,11.13702392578125,1.860317,0,≥ 5 joins,False,True,365.0,6,False,False,False,False,False,False
33015,9.06024169921875,1.354875,0,EXISTS / IN (SELECT),False,True,182.39999999999998,6,False,False,False,True,False,False
33044,6.4571533203125,1.061529,0,≥ 5 joins,False,False,,5,False,False,False,False,False,False
33081,2.98211669921875,0.412635,0,other,False,False,,3,False,False,False,False,False,False
33254,1.611328125,0.178531,0,wall-clock window (NOW / CURRENT_DATE),True,False,182.39999999999998,6,False,False,False,False,True,False
33285,1.64434814453125,0.234452,0,"lookup table (tags, links, history/close types)",False,True,365.0,5,False,False,False,False,True,False
33391,1.673828125,0.216268,0,wall-clock window (NOW / CURRENT_DATE),True,False,30.0,4,False,False,False,False,False,False
33427,20.996276855468754,3.1578,0,other,False,False,,3,False,False,False,False,False,False
33524,1.54168701171875,0.158678,0,wall-clock window (NOW / CURRENT_DATE),True,False,365.0,4,False,False,False,False,True,False
33639,232.14465332031247,15.068545,1,HAVING threshold,False,True,365.0,5,True,True,False,False,True,False
33721,5.18548583984375,0.940496,0,EXISTS / IN (SELECT),False,True,365.0,6,False,True,True,False,True,False
33771,4.2545166015625,0.344776,0,fixed-date window ≤ 30 days,False,True,30.0,7,False,False,False,False,True,False
33785,5.99169921875,0.830416,0,"lookup table (tags, links, history/close types)",False,True,182.39999999999998,6,False,False,False,False,True,False
33789,0.85174560546875,0.106535,0,wall-clock window (NOW / CURRENT_DATE),True,False,30.0,6,False,False,False,False,False,False
33801,0.9443359375,0.117449,0,other,False,True,182.39999999999998,2,False,False,False,False,False,False
33891,0.50909423828125,0.088077,0,≥ 5 joins,False,False,365.0,7,False,False,False,False,False,False
33954,7.981201171875,0.728415,0,"lookup table (tags, links, history/close types)",False,False,,5,False,False,False,False,True,False
33974,6.63116455078125,0.856101,0,"lookup table (tags, links, history/close types)",False,True,365.0,6,False,False,False,False,True,False
33976,1.64324951171875,0.216485,0,wall-clock window (NOW / CURRENT_DATE),True,False,365.0,6,False,False,False,False,True,False
33982,113.18841552734376,14.489192,0,≥ 5 joins,False,False,365.0,7,False,False,False,False,False,False
33993,6.740478515625,1.013548,0,≥ 5 joins,False,False,365.0,5,False,False,False,False,False,False
34051,5.543701171875,1.002634,0,"lookup table (tags, links, history/close types)",False,False,,4,False,False,False,False,True,False
34092,10.298583984375,1.414022,0,wall-clock window (NOW / CURRENT_DATE),True,False,30.0,7,False,True,False,True,True,False
34265,2.412353515625,0.436301,0,other,False,False,,3,False,False,False,False,False,False
34292,1.5889892578125,0.178086,0,wall-clock window (NOW / CURRENT_DATE),True,False,365.0,5,False,False,True,False,False,False
34320,2.0933837890625,0.243761,0,≥ 5 joins,False,True,365.0,5,False,False,False,False,False,False
34400,15.45416259765625,1.910293,0,other,False,False,30.0,4,False,False,False,False,False,False
34440,1.6358642578125,0.172417,0,wall-clock window (NOW / CURRENT_DATE),True,False,30.0,7,False,False,False,False,False,False
34443,2.28350830078125,0.237768,0,wall-clock window (NOW / CURRENT_DATE),True,False,30.0,6,True,False,False,False,True,False
34544,13.61181640625,2.489955,0,≥ 5 joins,False,False,,5,False,False,False,False,False,False
34552,3.6288452148437504,0.339221,0,other,False,False,,4,False,False,False,False,False,False
34613,10.7232666015625,1.822843,0,≥ 5 joins,False,True,365.0,7,False,False,False,False,False,False
34634,1.63812255859375,0.207999,0,wall-clock window (NOW / CURRENT_DATE),True,False,365.0,4,False,False,False,False,False,False
34669,1.6090087890625,0.162132,0,wall-clock window (NOW / CURRENT_DATE),True,False,365.0,6,False,False,True,False,False,False
34673,13.8319091796875,1.617524,0,fixed-date window ≤ 30 days,False,True,30.4,6,False,False,False,True,False,False
34915,2.2501220703125,0.280136,0,other,False,True,365.0,4,False,False,False,False,False,False
34961,7.79949951171875,0.924754,0,wall-clock window (NOW / CURRENT_DATE),True,False,30.0,5,False,False,False,True,False,False
34974,2.06988525390625,0.21896,0,other,False,True,365.0,4,False,False,False,False,False,False
