timestamp_utc,run_id,pg_version,query,phase,batch_index,copy_index,batchnum,runs,server_planning_ms,server_execution_ms,plan_nodes,scan_nodes,rows_out,rows_processed,rows_estimated,bytes_processed,rows_removed_filter,workers_launched,relations,shared_hit_blks,shared_read_blks,shared_dirtied_blks,shared_written_blks,temp_read_blks,temp_written_blks,failed
2026-07-27T09:51:41Z,118BED91EDA9DB4D,14.23,queries/Core/04_join_scale/join_10kx25.sql,warmup,1,1,1,3,0.920,10.710,4,2,20000,40050,20000,160200,0,0,supplier;nation,0,444,0,0,0,0,0
2026-07-27T09:51:41Z,118BED91EDA9DB4D,14.23,queries/Core/04_join_scale/join_10kx25.sql,warmup,2,1,1,3,0.292,3.999,4,2,20000,40050,20000,160200,0,0,supplier;nation,444,0,0,0,0,0,0
2026-07-27T09:51:41Z,118BED91EDA9DB4D,14.23,queries/Core/04_join_scale/join_10kx25.sql,measured,1,1,10,3,0.277,4.133,4,2,20000,40050,20000,160200,0,0,supplier;nation,444,0,0,0,0,0,0
2026-07-27T09:51:41Z,118BED91EDA9DB4D,14.23,queries/Core/04_join_scale/join_10kx25.sql,measured,1,2,10,3,0.040,3.830,4,2,20000,40050,20000,160200,0,0,supplier;nation,444,0,0,0,0,0,0
2026-07-27T09:51:41Z,118BED91EDA9DB4D,14.23,queries/Core/04_join_scale/join_10kx25.sql,measured,1,3,10,3,0.042,3.673,4,2,20000,40050,20000,160200,0,0,supplier;nation,444,0,0,0,0,0,0
2026-07-27T09:51:41Z,118BED91EDA9DB4D,14.23,queries/Core/04_join_scale/join_10kx25.sql,measured,1,4,10,3,0.031,3.546,4,2,20000,40050,20000,160200,0,0,supplier;nation,444,0,0,0,0,0,0
2026-07-27T09:51:41Z,118BED91EDA9DB4D,14.23,queries/Core/04_join_scale/join_10kx25.sql,measured,1,5,10,3,0.024,3.512,4,2,20000,40050,20000,160200,0,0,supplier;nation,444,0,0,0,0,0,0
2026-07-27T09:51:41Z,118BED91EDA9DB4D,14.23,queries/Core/04_join_scale/join_10kx25.sql,measured,1,6,10,3,0.023,3.464,4,2,20000,40050,20000,160200,0,0,supplier;nation,444,0,0,0,0,0,0
2026-07-27T09:51:41Z,118BED91EDA9DB4D,14.23,queries/Core/04_join_scale/join_10kx25.sql,measured,1,7,10,3,0.027,3.434,4,2,20000,40050,20000,160200,0,0,supplier;nation,444,0,0,0,0,0,0
2026-07-27T09:51:41Z,118BED91EDA9DB4D,14.23,queries/Core/04_join_scale/join_10kx25.sql,measured,1,8,10,3,0.023,3.447,4,2,20000,40050,20000,160200,0,0,supplier;nation,444,0,0,0,0,0,0
2026-07-27T09:51:41Z,118BED91EDA9DB4D,14.23,queries/Core/04_join_scale/join_10kx25.sql,measured,1,9,10,3,0.023,3.417,4,2,20000,40050,20000,160200,0,0,supplier;nation,444,0,0,0,0,0,0
2026-07-27T09:51:41Z,118BED91EDA9DB4D,14.23,queries/Core/04_join_scale/join_10kx25.sql,measured,1,10,10,3,0.026,3.460,4,2,20000,40050,20000,160200,0,0,supplier;nation,444,0,0,0,0,0,0
2026-07-27T09:51:41Z,118BED91EDA9DB4D,14.23,queries/Core/04_join_scale/join_10kx25.sql,measured,2,1,10,3,0.296,4.080,4,2,20000,40050,20000,160200,0,0,supplier;nation,444,0,0,0,0,0,0
2026-07-27T09:51:41Z,118BED91EDA9DB4D,14.23,queries/Core/04_join_scale/join_10kx25.sql,measured,2,2,10,3,0.034,3.833,4,2,20000,40050,20000,160200,0,0,supplier;nation,444,0,0,0,0,0,0
2026-07-27T09:51:41Z,118BED91EDA9DB4D,14.23,queries/Core/04_join_scale/join_10kx25.sql,measured,2,3,10,3,0.031,3.777,4,2,20000,40050,20000,160200,0,0,supplier;nation,444,0,0,0,0,0,0
2026-07-27T09:51:41Z,118BED91EDA9DB4D,14.23,queries/Core/04_join_scale/join_10kx25.sql,measured,2,4,10,3,0.036,3.733,4,2,20000,40050,20000,160200,0,0,supplier;nation,444,0,0,0,0,0,0
2026-07-27T09:51:41Z,118BED91EDA9DB4D,14.23,queries/Core/04_join_scale/join_10kx25.sql,measured,2,5,10,3,0.027,3.773,4,2,20000,40050,20000,160200,0,0,supplier;nation,444,0,0,0,0,0,0
2026-07-27T09:51:41Z,118BED91EDA9DB4D,14.23,queries/Core/04_join_scale/join_10kx25.sql,measured,2,6,10,3,0.053,3.777,4,2,20000,40050,20000,160200,0,0,supplier;nation,444,0,0,0,0,0,0
2026-07-27T09:51:41Z,118BED91EDA9DB4D,14.23,queries/Core/04_join_scale/join_10kx25.sql,measured,2,7,10,3,0.030,3.744,4,2,20000,40050,20000,160200,0,0,supplier;nation,444,0,0,0,0,0,0
2026-07-27T09:51:41Z,118BED91EDA9DB4D,14.23,queries/Core/04_join_scale/join_10kx25.sql,measured,2,8,10,3,0.025,3.630,4,2,20000,40050,20000,160200,0,0,supplier;nation,444,0,0,0,0,0,0
2026-07-27T09:51:41Z,118BED91EDA9DB4D,14.23,queries/Core/04_join_scale/join_10kx25.sql,measured,2,9,10,3,0.023,3.558,4,2,20000,40050,20000,160200,0,0,supplier;nation,444,0,0,0,0,0,0
2026-07-27T09:51:41Z,118BED91EDA9DB4D,14.23,queries/Core/04_join_scale/join_10kx25.sql,measured,2,10,10,3,0.028,3.487,4,2,20000,40050,20000,160200,0,0,supplier;nation,444,0,0,0,0,0,0
2026-07-27T09:51:41Z,118BED91EDA9DB4D,14.23,queries/Core/04_join_scale/join_10kx25.sql,measured,3,1,10,3,0.279,4.082,4,2,20000,40050,20000,160200,0,0,supplier;nation,444,0,0,0,0,0,0
2026-07-27T09:51:41Z,118BED91EDA9DB4D,14.23,queries/Core/04_join_scale/join_10kx25.sql,measured,3,2,10,3,0.041,3.874,4,2,20000,40050,20000,160200,0,0,supplier;nation,444,0,0,0,0,0,0
2026-07-27T09:51:41Z,118BED91EDA9DB4D,14.23,queries/Core/04_join_scale/join_10kx25.sql,measured,3,3,10,3,0.038,3.817,4,2,20000,40050,20000,160200,0,0,supplier;nation,444,0,0,0,0,0,0
2026-07-27T09:51:41Z,118BED91EDA9DB4D,14.23,queries/Core/04_join_scale/join_10kx25.sql,measured,3,4,10,3,0.043,3.835,4,2,20000,40050,20000,160200,0,0,supplier;nation,444,0,0,0,0,0,0
2026-07-27T09:51:41Z,118BED91EDA9DB4D,14.23,queries/Core/04_join_scale/join_10kx25.sql,measured,3,5,10,3,0.030,3.794,4,2,20000,40050,20000,160200,0,0,supplier;nation,444,0,0,0,0,0,0
2026-07-27T09:51:41Z,118BED91EDA9DB4D,14.23,queries/Core/04_join_scale/join_10kx25.sql,measured,3,6,10,3,0.044,3.815,4,2,20000,40050,20000,160200,0,0,supplier;nation,444,0,0,0,0,0,0
2026-07-27T09:51:41Z,118BED91EDA9DB4D,14.23,queries/Core/04_join_scale/join_10kx25.sql,measured,3,7,10,3,0.032,3.762,4,2,20000,40050,20000,160200,0,0,supplier;nation,444,0,0,0,0,0,0
2026-07-27T09:51:41Z,118BED91EDA9DB4D,14.23,queries/Core/04_join_scale/join_10kx25.sql,measured,3,8,10,3,0.042,3.665,4,2,20000,40050,20000,160200,0,0,supplier;nation,444,0,0,0,0,0,0
2026-07-27T09:51:41Z,118BED91EDA9DB4D,14.23,queries/Core/04_join_scale/join_10kx25.sql,measured,3,9,10,3,0.028,3.605,4,2,20000,40050,20000,160200,0,0,supplier;nation,444,0,0,0,0,0,0
2026-07-27T09:51:41Z,118BED91EDA9DB4D,14.23,queries/Core/04_join_scale/join_10kx25.sql,measured,3,10,10,3,0.030,3.693,4,2,20000,40050,20000,160200,0,0,supplier;nation,444,0,0,0,0,0,0
2026-07-27T09:51:42Z,118BED91EDA9DB4D,14.23,queries/Core/04_join_scale/join_1500kx150k.sql,warmup,1,1,1,3,2.084,1345.133,4,2,3000000,6600000,3000075,26400000,0,0,orders;customer,0,59356,0,0,7241,7241,0
2026-07-27T09:51:43Z,118BED91EDA9DB4D,14.23,queries/Core/04_join_scale/join_1500kx150k.sql,warmup,2,1,1,3,0.403,1081.716,4,2,3000000,6600000,3000075,26400000,0,0,orders;customer,64,59292,0,0,7241,7241,0
2026-07-27T09:51:54Z,118BED91EDA9DB4D,14.23,queries/Core/04_join_scale/join_1500kx150k.sql,measured,1,1,10,3,0.419,1086.216,4,2,3000000,6600000,3000075,26400000,0,0,orders;customer,128,59228,0,0,7241,7241,0
2026-07-27T09:51:54Z,118BED91EDA9DB4D,14.23,queries/Core/04_join_scale/join_1500kx150k.sql,measured,1,2,10,3,0.077,1069.029,4,2,3000000,6600000,3000075,26400000,0,0,orders;customer,192,59164,0,0,7241,7241,0
2026-07-27T09:51:54Z,118BED91EDA9DB4D,14.23,queries/Core/04_join_scale/join_1500kx150k.sql,measured,1,3,10,3,0.075,1055.895,4,2,3000000,6600000,3000075,26400000,0,0,orders;customer,256,59100,0,0,7241,7241,0
2026-07-27T09:51:54Z,118BED91EDA9DB4D,14.23,queries/Core/04_join_scale/join_1500kx150k.sql,measured,1,4,10,3,0.075,1065.965,4,2,3000000,6600000,3000075,26400000,0,0,orders;customer,320,59036,0,0,7241,7241,0
2026-07-27T09:51:54Z,118BED91EDA9DB4D,14.23,queries/Core/04_join_scale/join_1500kx150k.sql,measured,1,5,10,3,0.077,1110.280,4,2,3000000,6600000,3000075,26400000,0,0,orders;customer,384,58972,0,0,7241,7241,0
2026-07-27T09:51:54Z,118BED91EDA9DB4D,14.23,queries/Core/04_join_scale/join_1500kx150k.sql,measured,1,6,10,3,0.076,1063.896,4,2,3000000,6600000,3000075,26400000,0,0,orders;customer,448,58908,0,0,7241,7241,0
2026-07-27T09:51:54Z,118BED91EDA9DB4D,14.23,queries/Core/04_join_scale/join_1500kx150k.sql,measured,1,7,10,3,0.075,1068.487,4,2,3000000,6600000,3000075,26400000,0,0,orders;customer,512,58844,0,0,7241,7241,0
2026-07-27T09:51:54Z,118BED91EDA9DB4D,14.23,queries/Core/04_join_scale/join_1500kx150k.sql,measured,1,8,10,3,0.091,1058.693,4,2,3000000,6600000,3000075,26400000,0,0,orders;customer,576,58780,0,0,7241,7241,0
2026-07-27T09:51:54Z,118BED91EDA9DB4D,14.23,queries/Core/04_join_scale/join_1500kx150k.sql,measured,1,9,10,3,0.075,1059.684,4,2,3000000,6600000,3000075,26400000,0,0,orders;customer,640,58716,0,0,7241,7241,0
2026-07-27T09:51:54Z,118BED91EDA9DB4D,14.23,queries/Core/04_join_scale/join_1500kx150k.sql,measured,1,10,10,3,0.075,1121.669,4,2,3000000,6600000,3000075,26400000,0,0,orders;customer,704,58652,0,0,7241,7241,0
2026-07-27T09:52:05Z,118BED91EDA9DB4D,14.23,queries/Core/04_join_scale/join_1500kx150k.sql,measured,2,1,10,3,0.410,1093.202,4,2,3000000,6600000,3000075,26400000,0,0,orders;customer,768,58588,0,0,7241,7241,0
2026-07-27T09:52:05Z,118BED91EDA9DB4D,14.23,queries/Core/04_join_scale/join_1500kx150k.sql,measured,2,2,10,3,0.077,1063.875,4,2,3000000,6600000,3000075,26400000,0,0,orders;customer,832,58524,0,0,7241,7241,0
2026-07-27T09:52:05Z,118BED91EDA9DB4D,14.23,queries/Core/04_join_scale/join_1500kx150k.sql,measured,2,3,10,3,0.076,1059.567,4,2,3000000,6600000,3000075,26400000,0,0,orders;customer,896,58460,0,0,7241,7241,0
2026-07-27T09:52:05Z,118BED91EDA9DB4D,14.23,queries/Core/04_join_scale/join_1500kx150k.sql,measured,2,4,10,3,0.087,1058.180,4,2,3000000,6600000,3000075,26400000,0,0,orders;customer,960,58396,0,0,7241,7241,0
2026-07-27T09:52:05Z,118BED91EDA9DB4D,14.23,queries/Core/04_join_scale/join_1500kx150k.sql,measured,2,5,10,3,0.076,1119.326,4,2,3000000,6600000,3000075,26400000,0,0,orders;customer,1024,58332,0,0,7241,7241,0
2026-07-27T09:52:05Z,118BED91EDA9DB4D,14.23,queries/Core/04_join_scale/join_1500kx150k.sql,measured,2,6,10,3,0.082,1071.408,4,2,3000000,6600000,3000075,26400000,0,0,orders;customer,1088,58268,0,0,7241,7241,0
2026-07-27T09:52:05Z,118BED91EDA9DB4D,14.23,queries/Core/04_join_scale/join_1500kx150k.sql,measured,2,7,10,3,0.099,1072.832,4,2,3000000,6600000,3000075,26400000,0,0,orders;customer,1152,58204,0,0,7241,7241,0
2026-07-27T09:52:05Z,118BED91EDA9DB4D,14.23,queries/Core/04_join_scale/join_1500kx150k.sql,measured,2,8,10,3,0.075,1064.267,4,2,3000000,6600000,3000075,26400000,0,0,orders;customer,1216,58140,0,0,7241,7241,0
2026-07-27T09:52:05Z,118BED91EDA9DB4D,14.23,queries/Core/04_join_scale/join_1500kx150k.sql,measured,2,9,10,3,0.076,1067.967,4,2,3000000,6600000,3000075,26400000,0,0,orders;customer,1280,58076,0,0,7241,7241,0
2026-07-27T09:52:05Z,118BED91EDA9DB4D,14.23,queries/Core/04_join_scale/join_1500kx150k.sql,measured,2,10,10,3,0.074,1122.046,4,2,3000000,6600000,3000075,26400000,0,0,orders;customer,1344,58012,0,0,7241,7241,0
2026-07-27T09:52:16Z,118BED91EDA9DB4D,14.23,queries/Core/04_join_scale/join_1500kx150k.sql,measured,3,1,10,3,0.407,1096.884,4,2,3000000,6600000,3000075,26400000,0,0,orders;customer,1408,57948,0,0,7241,7241,0
2026-07-27T09:52:16Z,118BED91EDA9DB4D,14.23,queries/Core/04_join_scale/join_1500kx150k.sql,measured,3,2,10,3,0.077,1061.826,4,2,3000000,6600000,3000075,26400000,0,0,orders;customer,1472,57884,0,0,7241,7241,0
2026-07-27T09:52:16Z,118BED91EDA9DB4D,14.23,queries/Core/04_join_scale/join_1500kx150k.sql,measured,3,3,10,3,0.077,1058.708,4,2,3000000,6600000,3000075,26400000,0,0,orders;customer,1536,57820,0,0,7241,7241,0
2026-07-27T09:52:16Z,118BED91EDA9DB4D,14.23,queries/Core/04_join_scale/join_1500kx150k.sql,measured,3,4,10,3,0.076,1063.335,4,2,3000000,6600000,3000075,26400000,0,0,orders;customer,1600,57756,0,0,7241,7241,0
2026-07-27T09:52:16Z,118BED91EDA9DB4D,14.23,queries/Core/04_join_scale/join_1500kx150k.sql,measured,3,5,10,3,0.093,1116.803,4,2,3000000,6600000,3000075,26400000,0,0,orders;customer,1664,57692,0,0,7241,7241,0
2026-07-27T09:52:16Z,118BED91EDA9DB4D,14.23,queries/Core/04_join_scale/join_1500kx150k.sql,measured,3,6,10,3,0.092,1072.851,4,2,3000000,6600000,3000075,26400000,0,0,orders;customer,1728,57628,0,0,7241,7241,0
2026-07-27T09:52:16Z,118BED91EDA9DB4D,14.23,queries/Core/04_join_scale/join_1500kx150k.sql,measured,3,7,10,3,0.075,1058.086,4,2,3000000,6600000,3000075,26400000,0,0,orders;customer,1792,57564,0,0,7241,7241,0
2026-07-27T09:52:16Z,118BED91EDA9DB4D,14.23,queries/Core/04_join_scale/join_1500kx150k.sql,measured,3,8,10,3,0.075,1068.791,4,2,3000000,6600000,3000075,26400000,0,0,orders;customer,1856,57500,0,0,7241,7241,0
2026-07-27T09:52:16Z,118BED91EDA9DB4D,14.23,queries/Core/04_join_scale/join_1500kx150k.sql,measured,3,9,10,3,0.075,1065.827,4,2,3000000,6600000,3000075,26400000,0,0,orders;customer,1920,57436,0,0,7241,7241,0
2026-07-27T09:52:16Z,118BED91EDA9DB4D,14.23,queries/Core/04_join_scale/join_1500kx150k.sql,measured,3,10,10,3,0.093,1124.584,4,2,3000000,6600000,3000075,26400000,0,0,orders;customer,1984,57372,0,0,7241,7241,0
2026-07-27T09:52:16Z,118BED91EDA9DB4D,14.23,queries/Core/04_join_scale/join_150kx25.sql,warmup,1,1,1,3,0.363,64.049,4,2,300000,600050,300000,2400200,0,0,customer;nation,1025,6145,0,0,0,0,0
2026-07-27T09:52:16Z,118BED91EDA9DB4D,14.23,queries/Core/04_join_scale/join_150kx25.sql,warmup,2,1,1,3,0.371,63.599,4,2,300000,600050,300000,2400200,0,0,customer;nation,1057,6113,0,0,0,0,0
2026-07-27T09:52:17Z,118BED91EDA9DB4D,14.23,queries/Core/04_join_scale/join_150kx25.sql,measured,1,1,10,3,0.383,64.460,4,2,300000,600050,300000,2400200,0,0,customer;nation,1089,6081,0,0,0,0,0
2026-07-27T09:52:17Z,118BED91EDA9DB4D,14.23,queries/Core/04_join_scale/join_150kx25.sql,measured,1,2,10,3,0.072,63.852,4,2,300000,600050,300000,2400200,0,0,customer;nation,1121,6049,0,0,0,0,0
2026-07-27T09:52:17Z,118BED91EDA9DB4D,14.23,queries/Core/04_join_scale/join_150kx25.sql,measured,1,3,10,3,0.086,63.129,4,2,300000,600050,300000,2400200,0,0,customer;nation,1153,6017,0,0,0,0,0
2026-07-27T09:52:17Z,118BED91EDA9DB4D,14.23,queries/Core/04_join_scale/join_150kx25.sql,measured,1,4,10,3,0.071,62.717,4,2,300000,600050,300000,2400200,0,0,customer;nation,1185,5985,0,0,0,0,0
2026-07-27T09:52:17Z,118BED91EDA9DB4D,14.23,queries/Core/04_join_scale/join_150kx25.sql,measured,1,5,10,3,0.054,62.632,4,2,300000,600050,300000,2400200,0,0,customer;nation,1217,5953,0,0,0,0,0
2026-07-27T09:52:17Z,118BED91EDA9DB4D,14.23,queries/Core/04_join_scale/join_150kx25.sql,measured,1,6,10,3,0.053,62.860,4,2,300000,600050,300000,2400200,0,0,customer;nation,1249,5921,0,0,0,0,0
2026-07-27T09:52:17Z,118BED91EDA9DB4D,14.23,queries/Core/04_join_scale/join_150kx25.sql,measured,1,7,10,3,0.056,62.646,4,2,300000,600050,300000,2400200,0,0,customer;nation,1281,5889,0,0,0,0,0
2026-07-27T09:52:17Z,118BED91EDA9DB4D,14.23,queries/Core/04_join_scale/join_150kx25.sql,measured,1,8,10,3,0.055,62.789,4,2,300000,600050,300000,2400200,0,0,customer;nation,1313,5857,0,0,0,0,0
2026-07-27T09:52:17Z,118BED91EDA9DB4D,14.23,queries/Core/04_join_scale/join_150kx25.sql,measured,1,9,10,3,0.052,62.689,4,2,300000,600050,300000,2400200,0,0,customer;nation,1345,5825,0,0,0,0,0
2026-07-27T09:52:17Z,118BED91EDA9DB4D,14.23,queries/Core/04_join_scale/join_150kx25.sql,measured,1,10,10,3,0.049,62.553,4,2,300000,600050,300000,2400200,0,0,customer;nation,1377,5793,0,0,0,0,0
2026-07-27T09:52:18Z,118BED91EDA9DB4D,14.23,queries/Core/04_join_scale/join_150kx25.sql,measured,2,1,10,3,0.379,64.040,4,2,300000,600050,300000,2400200,0,0,customer;nation,1409,5761,0,0,0,0,0
2026-07-27T09:52:18Z,118BED91EDA9DB4D,14.23,queries/Core/04_join_scale/join_150kx25.sql,measured,2,2,10,3,0.090,62.917,4,2,300000,600050,300000,2400200,0,0,customer;nation,1441,5729,0,0,0,0,0
2026-07-27T09:52:18Z,118BED91EDA9DB4D,14.23,queries/Core/04_join_scale/join_150kx25.sql,measured,2,3,10,3,0.053,62.823,4,2,300000,600050,300000,2400200,0,0,customer;nation,1473,5697,0,0,0,0,0
2026-07-27T09:52:18Z,118BED91EDA9DB4D,14.23,queries/Core/04_join_scale/join_150kx25.sql,measured,2,4,10,3,0.048,62.588,4,2,300000,600050,300000,2400200,0,0,customer;nation,1505,5665,0,0,0,0,0
2026-07-27T09:52:18Z,118BED91EDA9DB4D,14.23,queries/Core/04_join_scale/join_150kx25.sql,measured,2,5,10,3,0.052,62.394,4,2,300000,600050,300000,2400200,0,0,customer;nation,1537,5633,0,0,0,0,0
2026-07-27T09:52:18Z,118BED91EDA9DB4D,14.23,queries/Core/04_join_scale/join_150kx25.sql,measured,2,6,10,3,0.056,69.289,4,2,300000,600050,300000,2400200,0,0,customer;nation,1569,5601,0,0,0,0,0
2026-07-27T09:52:18Z,118BED91EDA9DB4D,14.23,queries/Core/04_join_scale/join_150kx25.sql,measured,2,7,10,3,0.061,62.658,4,2,300000,600050,300000,2400200,0,0,customer;nation,1601,5569,0,0,0,0,0
2026-07-27T09:52:18Z,118BED91EDA9DB4D,14.23,queries/Core/04_join_scale/join_150kx25.sql,measured,2,8,10,3,0.069,62.533,4,2,300000,600050,300000,2400200,0,0,customer;nation,1633,5537,0,0,0,0,0
2026-07-27T09:52:18Z,118BED91EDA9DB4D,14.23,queries/Core/04_join_scale/join_150kx25.sql,measured,2,9,10,3,0.058,62.569,4,2,300000,600050,300000,2400200,0,0,customer;nation,1665,5505,0,0,0,0,0
2026-07-27T09:52:18Z,118BED91EDA9DB4D,14.23,queries/Core/04_join_scale/join_150kx25.sql,measured,2,10,10,3,0.053,62.464,4,2,300000,600050,300000,2400200,0,0,customer;nation,1697,5473,0,0,0,0,0
2026-07-27T09:52:18Z,118BED91EDA9DB4D,14.23,queries/Core/04_join_scale/join_150kx25.sql,measured,3,1,10,3,0.414,63.767,4,2,300000,600050,300000,2400200,0,0,customer;nation,1729,5441,0,0,0,0,0
2026-07-27T09:52:18Z,118BED91EDA9DB4D,14.23,queries/Core/04_join_scale/join_150kx25.sql,measured,3,2,10,3,0.082,62.503,4,2,300000,600050,300000,2400200,0,0,customer;nation,1761,5409,0,0,0,0,0
2026-07-27T09:52:18Z,118BED91EDA9DB4D,14.23,queries/Core/04_join_scale/join_150kx25.sql,measured,3,3,10,3,0.051,62.048,4,2,300000,600050,300000,2400200,0,0,customer;nation,1793,5377,0,0,0,0,0
2026-07-27T09:52:18Z,118BED91EDA9DB4D,14.23,queries/Core/04_join_scale/join_150kx25.sql,measured,3,4,10,3,0.053,62.077,4,2,300000,600050,300000,2400200,0,0,customer;nation,1825,5345,0,0,0,0,0
2026-07-27T09:52:18Z,118BED91EDA9DB4D,14.23,queries/Core/04_join_scale/join_150kx25.sql,measured,3,5,10,3,0.056,62.027,4,2,300000,600050,300000,2400200,0,0,customer;nation,1857,5313,0,0,0,0,0
2026-07-27T09:52:18Z,118BED91EDA9DB4D,14.23,queries/Core/04_join_scale/join_150kx25.sql,measured,3,6,10,3,0.058,62.212,4,2,300000,600050,300000,2400200,0,0,customer;nation,1889,5281,0,0,0,0,0
2026-07-27T09:52:18Z,118BED91EDA9DB4D,14.23,queries/Core/04_join_scale/join_150kx25.sql,measured,3,7,10,3,0.056,62.414,4,2,300000,600050,300000,2400200,0,0,customer;nation,1921,5249,0,0,0,0,0
2026-07-27T09:52:18Z,118BED91EDA9DB4D,14.23,queries/Core/04_join_scale/join_150kx25.sql,measured,3,8,10,3,0.069,62.606,4,2,300000,600050,300000,2400200,0,0,customer;nation,1953,5217,0,0,0,0,0
2026-07-27T09:52:18Z,118BED91EDA9DB4D,14.23,queries/Core/04_join_scale/join_150kx25.sql,measured,3,9,10,3,0.069,62.139,4,2,300000,600050,300000,2400200,0,0,customer;nation,1985,5185,0,0,0,0,0
2026-07-27T09:52:18Z,118BED91EDA9DB4D,14.23,queries/Core/04_join_scale/join_150kx25.sql,measured,3,10,10,3,0.056,62.064,4,2,300000,600050,300000,2400200,0,0,customer;nation,2017,5153,0,0,0,0,0
2026-07-27T09:52:18Z,118BED91EDA9DB4D,14.23,queries/Core/04_join_scale/join_25x5.sql,warmup,1,1,1,3,0.297,0.870,4,2,25,60,25,240,0,0,nation;region,1,1,0,0,0,0,0
2026-07-27T09:52:18Z,118BED91EDA9DB4D,14.23,queries/Core/04_join_scale/join_25x5.sql,warmup,2,1,1,3,0.291,0.102,4,2,25,60,25,240,0,0,nation;region,2,0,0,0,0,0,0
2026-07-27T09:52:19Z,118BED91EDA9DB4D,14.23,queries/Core/04_join_scale/join_25x5.sql,measured,1,1,10,3,0.276,0.104,4,2,25,60,25,240,0,0,nation;region,2,0,0,0,0,0,0
2026-07-27T09:52:19Z,118BED91EDA9DB4D,14.23,queries/Core/04_join_scale/join_25x5.sql,measured,1,2,10,3,0.027,0.030,4,2,25,60,25,240,0,0,nation;region,2,0,0,0,0,0,0
2026-07-27T09:52:19Z,118BED91EDA9DB4D,14.23,queries/Core/04_join_scale/join_25x5.sql,measured,1,3,10,3,0.022,0.018,4,2,25,60,25,240,0,0,nation;region,2,0,0,0,0,0,0
2026-07-27T09:52:19Z,118BED91EDA9DB4D,14.23,queries/Core/04_join_scale/join_25x5.sql,measured,1,4,10,3,0.020,0.017,4,2,25,60,25,240,0,0,nation;region,2,0,0,0,0,0,0
2026-07-27T09:52:19Z,118BED91EDA9DB4D,14.23,queries/Core/04_join_scale/join_25x5.sql,measured,1,5,10,3,0.019,0.016,4,2,25,60,25,240,0,0,nation;region,2,0,0,0,0,0,0
2026-07-27T09:52:19Z,118BED91EDA9DB4D,14.23,queries/Core/04_join_scale/join_25x5.sql,measured,1,6,10,3,0.019,0.016,4,2,25,60,25,240,0,0,nation;region,2,0,0,0,0,0,0
2026-07-27T09:52:19Z,118BED91EDA9DB4D,14.23,queries/Core/04_join_scale/join_25x5.sql,measured,1,7,10,3,0.018,0.016,4,2,25,60,25,240,0,0,nation;region,2,0,0,0,0,0,0
2026-07-27T09:52:19Z,118BED91EDA9DB4D,14.23,queries/Core/04_join_scale/join_25x5.sql,measured,1,8,10,3,0.018,0.016,4,2,25,60,25,240,0,0,nation;region,2,0,0,0,0,0,0
2026-07-27T09:52:19Z,118BED91EDA9DB4D,14.23,queries/Core/04_join_scale/join_25x5.sql,measured,1,9,10,3,0.018,0.016,4,2,25,60,25,240,0,0,nation;region,2,0,0,0,0,0,0
2026-07-27T09:52:19Z,118BED91EDA9DB4D,14.23,queries/Core/04_join_scale/join_25x5.sql,measured,1,10,10,3,0.018,0.016,4,2,25,60,25,240,0,0,nation;region,2,0,0,0,0,0,0
2026-07-27T09:52:19Z,118BED91EDA9DB4D,14.23,queries/Core/04_join_scale/join_25x5.sql,measured,2,1,10,3,0.277,0.123,4,2,25,60,25,240,0,0,nation;region,2,0,0,0,0,0,0
2026-07-27T09:52:19Z,118BED91EDA9DB4D,14.23,queries/Core/04_join_scale/join_25x5.sql,measured,2,2,10,3,0.030,0.032,4,2,25,60,25,240,0,0,nation;region,2,0,0,0,0,0,0
2026-07-27T09:52:19Z,118BED91EDA9DB4D,14.23,queries/Core/04_join_scale/join_25x5.sql,measured,2,3,10,3,0.022,0.018,4,2,25,60,25,240,0,0,nation;region,2,0,0,0,0,0,0
2026-07-27T09:52:19Z,118BED91EDA9DB4D,14.23,queries/Core/04_join_scale/join_25x5.sql,measured,2,4,10,3,0.020,0.017,4,2,25,60,25,240,0,0,nation;region,2,0,0,0,0,0,0
2026-07-27T09:52:19Z,118BED91EDA9DB4D,14.23,queries/Core/04_join_scale/join_25x5.sql,measured,2,5,10,3,0.019,0.016,4,2,25,60,25,240,0,0,nation;region,2,0,0,0,0,0,0
2026-07-27T09:52:19Z,118BED91EDA9DB4D,14.23,queries/Core/04_join_scale/join_25x5.sql,measured,2,6,10,3,0.019,0.016,4,2,25,60,25,240,0,0,nation;region,2,0,0,0,0,0,0
2026-07-27T09:52:19Z,118BED91EDA9DB4D,14.23,queries/Core/04_join_scale/join_25x5.sql,measured,2,7,10,3,0.019,0.016,4,2,25,60,25,240,0,0,nation;region,2,0,0,0,0,0,0
2026-07-27T09:52:19Z,118BED91EDA9DB4D,14.23,queries/Core/04_join_scale/join_25x5.sql,measured,2,8,10,3,0.018,0.016,4,2,25,60,25,240,0,0,nation;region,2,0,0,0,0,0,0
2026-07-27T09:52:19Z,118BED91EDA9DB4D,14.23,queries/Core/04_join_scale/join_25x5.sql,measured,2,9,10,3,0.018,0.016,4,2,25,60,25,240,0,0,nation;region,2,0,0,0,0,0,0
2026-07-27T09:52:19Z,118BED91EDA9DB4D,14.23,queries/Core/04_join_scale/join_25x5.sql,measured,2,10,10,3,0.018,0.016,4,2,25,60,25,240,0,0,nation;region,2,0,0,0,0,0,0
2026-07-27T09:52:19Z,118BED91EDA9DB4D,14.23,queries/Core/04_join_scale/join_25x5.sql,measured,3,1,10,3,0.296,0.103,4,2,25,60,25,240,0,0,nation;region,2,0,0,0,0,0,0
2026-07-27T09:52:19Z,118BED91EDA9DB4D,14.23,queries/Core/04_join_scale/join_25x5.sql,measured,3,2,10,3,0.030,0.033,4,2,25,60,25,240,0,0,nation;region,2,0,0,0,0,0,0
2026-07-27T09:52:19Z,118BED91EDA9DB4D,14.23,queries/Core/04_join_scale/join_25x5.sql,measured,3,3,10,3,0.021,0.018,4,2,25,60,25,240,0,0,nation;region,2,0,0,0,0,0,0
2026-07-27T09:52:19Z,118BED91EDA9DB4D,14.23,queries/Core/04_join_scale/join_25x5.sql,measured,3,4,10,3,0.020,0.017,4,2,25,60,25,240,0,0,nation;region,2,0,0,0,0,0,0
2026-07-27T09:52:19Z,118BED91EDA9DB4D,14.23,queries/Core/04_join_scale/join_25x5.sql,measured,3,5,10,3,0.019,0.016,4,2,25,60,25,240,0,0,nation;region,2,0,0,0,0,0,0
2026-07-27T09:52:19Z,118BED91EDA9DB4D,14.23,queries/Core/04_join_scale/join_25x5.sql,measured,3,6,10,3,0.019,0.016,4,2,25,60,25,240,0,0,nation;region,2,0,0,0,0,0,0
2026-07-27T09:52:19Z,118BED91EDA9DB4D,14.23,queries/Core/04_join_scale/join_25x5.sql,measured,3,7,10,3,0.019,0.016,4,2,25,60,25,240,0,0,nation;region,2,0,0,0,0,0,0
2026-07-27T09:52:19Z,118BED91EDA9DB4D,14.23,queries/Core/04_join_scale/join_25x5.sql,measured,3,8,10,3,0.018,0.016,4,2,25,60,25,240,0,0,nation;region,2,0,0,0,0,0,0
2026-07-27T09:52:19Z,118BED91EDA9DB4D,14.23,queries/Core/04_join_scale/join_25x5.sql,measured,3,9,10,3,0.018,0.016,4,2,25,60,25,240,0,0,nation;region,2,0,0,0,0,0,0
2026-07-27T09:52:19Z,118BED91EDA9DB4D,14.23,queries/Core/04_join_scale/join_25x5.sql,measured,3,10,10,3,0.018,0.016,4,2,25,60,25,240,0,0,nation;region,2,0,0,0,0,0,0
2026-07-27T09:52:22Z,118BED91EDA9DB4D,14.23,queries/Core/04_join_scale/join_6mx10k.sql,warmup,1,1,1,3,1.720,3117.857,4,2,11997996,24035992,11958568,96143968,0,0,lineitem;supplier,443,224920,0,0,0,0,0
2026-07-27T09:52:24Z,118BED91EDA9DB4D,14.23,queries/Core/04_join_scale/join_6mx10k.sql,warmup,2,1,1,3,0.350,2395.783,4,2,11997996,24035992,11958568,96143968,0,0,lineitem;supplier,475,224888,0,0,0,0,0
2026-07-27T09:52:48Z,118BED91EDA9DB4D,14.23,queries/Core/04_join_scale/join_6mx10k.sql,measured,1,1,10,3,0.380,2402.353,4,2,11997996,24035992,11958568,96143968,0,0,lineitem;supplier,507,224856,0,0,0,0,0
2026-07-27T09:52:48Z,118BED91EDA9DB4D,14.23,queries/Core/04_join_scale/join_6mx10k.sql,measured,1,2,10,3,0.082,2367.116,4,2,11997996,24035992,11958568,96143968,0,0,lineitem;supplier,539,224824,0,0,0,0,0
2026-07-27T09:52:48Z,118BED91EDA9DB4D,14.23,queries/Core/04_join_scale/join_6mx10k.sql,measured,1,3,10,3,0.058,2334.828,4,2,11997996,24035992,11958568,96143968,0,0,lineitem;supplier,571,224792,0,0,0,0,0
2026-07-27T09:52:48Z,118BED91EDA9DB4D,14.23,queries/Core/04_join_scale/join_6mx10k.sql,measured,1,4,10,3,0.060,2348.700,4,2,11997996,24035992,11958568,96143968,0,0,lineitem;supplier,603,224760,0,0,0,0,0
2026-07-27T09:52:48Z,118BED91EDA9DB4D,14.23,queries/Core/04_join_scale/join_6mx10k.sql,measured,1,5,10,3,0.060,2315.095,4,2,11997996,24035992,11958568,96143968,0,0,lineitem;supplier,635,224728,0,0,0,0,0
2026-07-27T09:52:48Z,118BED91EDA9DB4D,14.23,queries/Core/04_join_scale/join_6mx10k.sql,measured,1,6,10,3,0.064,2319.127,4,2,11997996,24035992,11958568,96143968,0,0,lineitem;supplier,667,224696,0,0,0,0,0
2026-07-27T09:52:48Z,118BED91EDA9DB4D,14.23,queries/Core/04_join_scale/join_6mx10k.sql,measured,1,7,10,3,0.060,2319.829,4,2,11997996,24035992,11958568,96143968,0,0,lineitem;supplier,699,224664,0,0,0,0,0
2026-07-27T09:52:48Z,118BED91EDA9DB4D,14.23,queries/Core/04_join_scale/join_6mx10k.sql,measured,1,8,10,3,0.060,2349.701,4,2,11997996,24035992,11958568,96143968,0,0,lineitem;supplier,731,224632,0,0,0,0,0
2026-07-27T09:52:48Z,118BED91EDA9DB4D,14.23,queries/Core/04_join_scale/join_6mx10k.sql,measured,1,9,10,3,0.058,2349.250,4,2,11997996,24035992,11958568,96143968,0,0,lineitem;supplier,763,224600,0,0,0,0,0
2026-07-27T09:52:48Z,118BED91EDA9DB4D,14.23,queries/Core/04_join_scale/join_6mx10k.sql,measured,1,10,10,3,0.060,2324.594,4,2,11997996,24035992,11958568,96143968,0,0,lineitem;supplier,795,224568,0,0,0,0,0
2026-07-27T09:53:11Z,118BED91EDA9DB4D,14.23,queries/Core/04_join_scale/join_6mx10k.sql,measured,2,1,10,3,0.367,2399.745,4,2,11997996,24035992,11958568,96143968,0,0,lineitem;supplier,827,224536,0,0,0,0,0
2026-07-27T09:53:11Z,118BED91EDA9DB4D,14.23,queries/Core/04_join_scale/join_6mx10k.sql,measured,2,2,10,3,0.075,2372.598,4,2,11997996,24035992,11958568,96143968,0,0,lineitem;supplier,859,224504,0,0,0,0,0
2026-07-27T09:53:11Z,118BED91EDA9DB4D,14.23,queries/Core/04_join_scale/join_6mx10k.sql,measured,2,3,10,3,0.060,2345.609,4,2,11997996,24035992,11958568,96143968,0,0,lineitem;supplier,891,224472,0,0,0,0,0
2026-07-27T09:53:11Z,118BED91EDA9DB4D,14.23,queries/Core/04_join_scale/join_6mx10k.sql,measured,2,4,10,3,0.060,2354.718,4,2,11997996,24035992,11958568,96143968,0,0,lineitem;supplier,923,224440,0,0,0,0,0
2026-07-27T09:53:11Z,118BED91EDA9DB4D,14.23,queries/Core/04_join_scale/join_6mx10k.sql,measured,2,5,10,3,0.075,2324.076,4,2,11997996,24035992,11958568,96143968,0,0,lineitem;supplier,955,224408,0,0,0,0,0
2026-07-27T09:53:11Z,118BED91EDA9DB4D,14.23,queries/Core/04_join_scale/join_6mx10k.sql,measured,2,6,10,3,0.059,2325.489,4,2,11997996,24035992,11958568,96143968,0,0,lineitem;supplier,987,224376,0,0,0,0,0
2026-07-27T09:53:11Z,118BED91EDA9DB4D,14.23,queries/Core/04_join_scale/join_6mx10k.sql,measured,2,7,10,3,0.059,2330.502,4,2,11997996,24035992,11958568,96143968,0,0,lineitem;supplier,1019,224344,0,0,0,0,0
2026-07-27T09:53:11Z,118BED91EDA9DB4D,14.23,queries/Core/04_join_scale/join_6mx10k.sql,measured,2,8,10,3,0.060,2354.885,4,2,11997996,24035992,11958568,96143968,0,0,lineitem;supplier,1051,224312,0,0,0,0,0
2026-07-27T09:53:11Z,118BED91EDA9DB4D,14.23,queries/Core/04_join_scale/join_6mx10k.sql,measured,2,9,10,3,0.060,2352.993,4,2,11997996,24035992,11958568,96143968,0,0,lineitem;supplier,1083,224280,0,0,0,0,0
2026-07-27T09:53:11Z,118BED91EDA9DB4D,14.23,queries/Core/04_join_scale/join_6mx10k.sql,measured,2,10,10,3,0.068,2337.347,4,2,11997996,24035992,11958568,96143968,0,0,lineitem;supplier,1115,224248,0,0,0,0,0
2026-07-27T09:53:35Z,118BED91EDA9DB4D,14.23,queries/Core/04_join_scale/join_6mx10k.sql,measured,3,1,10,3,0.361,2398.094,4,2,11997996,24035992,11958568,96143968,0,0,lineitem;supplier,1147,224216,0,0,0,0,0
2026-07-27T09:53:35Z,118BED91EDA9DB4D,14.23,queries/Core/04_join_scale/join_6mx10k.sql,measured,3,2,10,3,0.058,2379.405,4,2,11997996,24035992,11958568,96143968,0,0,lineitem;supplier,1179,224184,0,0,0,0,0
2026-07-27T09:53:35Z,118BED91EDA9DB4D,14.23,queries/Core/04_join_scale/join_6mx10k.sql,measured,3,3,10,3,0.060,2348.735,4,2,11997996,24035992,11958568,96143968,0,0,lineitem;supplier,1211,224152,0,0,0,0,0
2026-07-27T09:53:35Z,118BED91EDA9DB4D,14.23,queries/Core/04_join_scale/join_6mx10k.sql,measured,3,4,10,3,0.078,2352.752,4,2,11997996,24035992,11958568,96143968,0,0,lineitem;supplier,1243,224120,0,0,0,0,0
2026-07-27T09:53:35Z,118BED91EDA9DB4D,14.23,queries/Core/04_join_scale/join_6mx10k.sql,measured,3,5,10,3,0.060,2322.656,4,2,11997996,24035992,11958568,96143968,0,0,lineitem;supplier,1275,224088,0,0,0,0,0
2026-07-27T09:53:35Z,118BED91EDA9DB4D,14.23,queries/Core/04_join_scale/join_6mx10k.sql,measured,3,6,10,3,0.060,2327.373,4,2,11997996,24035992,11958568,96143968,0,0,lineitem;supplier,1307,224056,0,0,0,0,0
2026-07-27T09:53:35Z,118BED91EDA9DB4D,14.23,queries/Core/04_join_scale/join_6mx10k.sql,measured,3,7,10,3,0.060,2325.949,4,2,11997996,24035992,11958568,96143968,0,0,lineitem;supplier,1339,224024,0,0,0,0,0
2026-07-27T09:53:35Z,118BED91EDA9DB4D,14.23,queries/Core/04_join_scale/join_6mx10k.sql,measured,3,8,10,3,0.060,2349.501,4,2,11997996,24035992,11958568,96143968,0,0,lineitem;supplier,1371,223992,0,0,0,0,0
2026-07-27T09:53:35Z,118BED91EDA9DB4D,14.23,queries/Core/04_join_scale/join_6mx10k.sql,measured,3,9,10,3,0.077,2351.810,4,2,11997996,24035992,11958568,96143968,0,0,lineitem;supplier,1403,223960,0,0,0,0,0
2026-07-27T09:53:35Z,118BED91EDA9DB4D,14.23,queries/Core/04_join_scale/join_6mx10k.sql,measured,3,10,10,3,0.061,2342.107,4,2,11997996,24035992,11958568,96143968,0,0,lineitem;supplier,1435,223928,0,0,0,0,0
2026-07-27T09:53:39Z,118BED91EDA9DB4D,14.23,queries/Core/04_join_scale/join_6mx1500k.sql,warmup,1,1,1,3,0.410,4171.710,4,2,11997996,29995992,11998031,119983968,0,0,lineitem;orders,2048,275059,0,0,43312,43312,0
2026-07-27T09:53:43Z,118BED91EDA9DB4D,14.23,queries/Core/04_join_scale/join_6mx1500k.sql,warmup,2,1,1,3,0.440,4181.720,4,2,11997996,29995992,11998031,119983968,0,0,lineitem;orders,2112,274995,0,0,43312,43312,0
2026-07-27T09:54:25Z,118BED91EDA9DB4D,14.23,queries/Core/04_join_scale/join_6mx1500k.sql,measured,1,1,10,3,0.454,4185.811,4,2,11997996,29995992,11998031,119983968,0,0,lineitem;orders,2176,274931,0,0,43312,43312,0
2026-07-27T09:54:25Z,118BED91EDA9DB4D,14.23,queries/Core/04_join_scale/join_6mx1500k.sql,measured,1,2,10,3,0.073,4188.523,4,2,11997996,29995992,11998031,119983968,0,0,lineitem;orders,2240,274867,0,0,43312,43312,0
2026-07-27T09:54:25Z,118BED91EDA9DB4D,14.23,queries/Core/04_join_scale/join_6mx1500k.sql,measured,1,3,10,3,0.080,4194.461,4,2,11997996,29995992,11998031,119983968,0,0,lineitem;orders,2304,274803,0,0,43312,43312,0
2026-07-27T09:54:25Z,118BED91EDA9DB4D,14.23,queries/Core/04_join_scale/join_6mx1500k.sql,measured,1,4,10,3,0.073,4178.101,4,2,11997996,29995992,11998031,119983968,0,0,lineitem;orders,2368,274739,0,0,43312,43312,0
2026-07-27T09:54:25Z,118BED91EDA9DB4D,14.23,queries/Core/04_join_scale/join_6mx1500k.sql,measured,1,5,10,3,0.081,4175.806,4,2,11997996,29995992,11998031,119983968,0,0,lineitem;orders,2432,274675,0,0,43312,43312,0
2026-07-27T09:54:25Z,118BED91EDA9DB4D,14.23,queries/Core/04_join_scale/join_6mx1500k.sql,measured,1,6,10,3,0.091,4175.227,4,2,11997996,29995992,11998031,119983968,0,0,lineitem;orders,2496,274611,0,0,43312,43312,0
2026-07-27T09:54:25Z,118BED91EDA9DB4D,14.23,queries/Core/04_join_scale/join_6mx1500k.sql,measured,1,7,10,3,0.074,4109.647,4,2,11997996,29995992,11998031,119983968,0,0,lineitem;orders,2560,274547,0,0,43312,43312,0
2026-07-27T09:54:25Z,118BED91EDA9DB4D,14.23,queries/Core/04_join_scale/join_6mx1500k.sql,measured,1,8,10,3,0.073,4168.798,4,2,11997996,29995992,11998031,119983968,0,0,lineitem;orders,2624,274483,0,0,43312,43312,0
2026-07-27T09:54:25Z,118BED91EDA9DB4D,14.23,queries/Core/04_join_scale/join_6mx1500k.sql,measured,1,9,10,3,0.072,4168.721,4,2,11997996,29995992,11998031,119983968,0,0,lineitem;orders,2688,274419,0,0,43312,43312,0
2026-07-27T09:54:25Z,118BED91EDA9DB4D,14.23,queries/Core/04_join_scale/join_6mx1500k.sql,measured,1,10,10,3,0.098,4184.783,4,2,11997996,29995992,11998031,119983968,0,0,lineitem;orders,2752,274355,0,0,43312,43312,0
2026-07-27T09:55:07Z,118BED91EDA9DB4D,14.23,queries/Core/04_join_scale/join_6mx1500k.sql,measured,2,1,10,3,0.433,4185.169,4,2,11997996,29995992,11998031,119983968,0,0,lineitem;orders,2816,274291,0,0,43312,43312,0
2026-07-27T09:55:07Z,118BED91EDA9DB4D,14.23,queries/Core/04_join_scale/join_6mx1500k.sql,measured,2,2,10,3,0.074,4099.693,4,2,11997996,29995992,11998031,119983968,0,0,lineitem;orders,2880,274227,0,0,43312,43312,0
2026-07-27T09:55:07Z,118BED91EDA9DB4D,14.23,queries/Core/04_join_scale/join_6mx1500k.sql,measured,2,3,10,3,0.074,4171.217,4,2,11997996,29995992,11998031,119983968,0,0,lineitem;orders,2944,274163,0,0,43312,43312,0
2026-07-27T09:55:07Z,118BED91EDA9DB4D,14.23,queries/Core/04_join_scale/join_6mx1500k.sql,measured,2,4,10,3,0.074,4152.565,4,2,11997996,29995992,11998031,119983968,0,0,lineitem;orders,3008,274099,0,0,43312,43312,0
2026-07-27T09:55:07Z,118BED91EDA9DB4D,14.23,queries/Core/04_join_scale/join_6mx1500k.sql,measured,2,5,10,3,0.091,4161.836,4,2,11997996,29995992,11998031,119983968,0,0,lineitem;orders,3072,274035,0,0,43312,43312,0
2026-07-27T09:55:07Z,118BED91EDA9DB4D,14.23,queries/Core/04_join_scale/join_6mx1500k.sql,measured,2,6,10,3,0.073,4109.227,4,2,11997996,29995992,11998031,119983968,0,0,lineitem;orders,3136,273971,0,0,43312,43312,0
2026-07-27T09:55:07Z,118BED91EDA9DB4D,14.23,queries/Core/04_join_scale/join_6mx1500k.sql,measured,2,7,10,3,0.092,4174.544,4,2,11997996,29995992,11998031,119983968,0,0,lineitem;orders,3200,273907,0,0,43312,43312,0
2026-07-27T09:55:07Z,118BED91EDA9DB4D,14.23,queries/Core/04_join_scale/join_6mx1500k.sql,measured,2,8,10,3,0.074,4152.372,4,2,11997996,29995992,11998031,119983968,0,0,lineitem;orders,3264,273843,0,0,43312,43312,0
2026-07-27T09:55:07Z,118BED91EDA9DB4D,14.23,queries/Core/04_join_scale/join_6mx1500k.sql,measured,2,9,10,3,0.074,4155.419,4,2,11997996,29995992,11998031,119983968,0,0,lineitem;orders,3328,273779,0,0,43312,43312,0
2026-07-27T09:55:07Z,118BED91EDA9DB4D,14.23,queries/Core/04_join_scale/join_6mx1500k.sql,measured,2,10,10,3,0.073,4157.480,4,2,11997996,29995992,11998031,119983968,0,0,lineitem;orders,3392,273715,0,0,43312,43312,0
2026-07-27T09:55:49Z,118BED91EDA9DB4D,14.23,queries/Core/04_join_scale/join_6mx1500k.sql,measured,3,1,10,3,0.426,4181.266,4,2,11997996,29995992,11998031,119983968,0,0,lineitem;orders,3456,273651,0,0,43312,43312,0
2026-07-27T09:55:49Z,118BED91EDA9DB4D,14.23,queries/Core/04_join_scale/join_6mx1500k.sql,measured,3,2,10,3,0.075,4182.963,4,2,11997996,29995992,11998031,119983968,0,0,lineitem;orders,3520,273587,0,0,43312,43312,0
2026-07-27T09:55:49Z,118BED91EDA9DB4D,14.23,queries/Core/04_join_scale/join_6mx1500k.sql,measured,3,3,10,3,0.073,4178.238,4,2,11997996,29995992,11998031,119983968,0,0,lineitem;orders,3584,273523,0,0,43312,43312,0
2026-07-27T09:55:49Z,118BED91EDA9DB4D,14.23,queries/Core/04_join_scale/join_6mx1500k.sql,measured,3,4,10,3,0.074,4166.424,4,2,11997996,29995992,11998031,119983968,0,0,lineitem;orders,3648,273459,0,0,43312,43312,0
2026-07-27T09:55:49Z,118BED91EDA9DB4D,14.23,queries/Core/04_join_scale/join_6mx1500k.sql,measured,3,5,10,3,0.072,4193.624,4,2,11997996,29995992,11998031,119983968,0,0,lineitem;orders,3712,273395,0,0,43312,43312,0
2026-07-27T09:55:49Z,118BED91EDA9DB4D,14.23,queries/Core/04_join_scale/join_6mx1500k.sql,measured,3,6,10,3,0.074,4118.002,4,2,11997996,29995992,11998031,119983968,0,0,lineitem;orders,3776,273331,0,0,43312,43312,0
2026-07-27T09:55:49Z,118BED91EDA9DB4D,14.23,queries/Core/04_join_scale/join_6mx1500k.sql,measured,3,7,10,3,0.091,4177.829,4,2,11997996,29995992,11998031,119983968,0,0,lineitem;orders,3840,273267,0,0,43312,43312,0
2026-07-27T09:55:49Z,118BED91EDA9DB4D,14.23,queries/Core/04_join_scale/join_6mx1500k.sql,measured,3,8,10,3,0.082,4167.113,4,2,11997996,29995992,11998031,119983968,0,0,lineitem;orders,3904,273203,0,0,43312,43312,0
2026-07-27T09:55:49Z,118BED91EDA9DB4D,14.23,queries/Core/04_join_scale/join_6mx1500k.sql,measured,3,9,10,3,0.073,4176.893,4,2,11997996,29995992,11998031,119983968,0,0,lineitem;orders,3968,273139,0,0,43312,43312,0
2026-07-27T09:55:49Z,118BED91EDA9DB4D,14.23,queries/Core/04_join_scale/join_6mx1500k.sql,measured,3,10,10,3,0.074,4179.750,4,2,11997996,29995992,11998031,119983968,0,0,lineitem;orders,4032,273075,0,0,43312,43312,0
2026-07-27T09:55:52Z,118BED91EDA9DB4D,14.23,queries/Core/04_join_scale/join_6mx200k.sql,warmup,1,1,1,3,0.358,3925.399,4,2,11997996,24795992,11915546,99183968,0,0,lineitem;part,2048,231065,0,0,31791,31791,0
2026-07-27T09:55:56Z,118BED91EDA9DB4D,14.23,queries/Core/04_join_scale/join_6mx200k.sql,warmup,2,1,1,3,0.357,3861.358,4,2,11997996,24795992,11915546,99183968,0,0,lineitem;part,2112,231001,0,0,31791,31791,0
2026-07-27T09:56:35Z,118BED91EDA9DB4D,14.23,queries/Core/04_join_scale/join_6mx200k.sql,measured,1,1,10,3,0.364,3833.416,4,2,11997996,24795992,11915546,99183968,0,0,lineitem;part,2176,230937,0,0,31791,31791,0
2026-07-27T09:56:35Z,118BED91EDA9DB4D,14.23,queries/Core/04_join_scale/join_6mx200k.sql,measured,1,2,10,3,0.058,3844.130,4,2,11997996,24795992,11915546,99183968,0,0,lineitem;part,2240,230873,0,0,31791,31791,0
2026-07-27T09:56:35Z,118BED91EDA9DB4D,14.23,queries/Core/04_join_scale/join_6mx200k.sql,measured,1,3,10,3,0.057,3822.008,4,2,11997996,24795992,11915546,99183968,0,0,lineitem;part,2304,230809,0,0,31791,31791,0
2026-07-27T09:56:35Z,118BED91EDA9DB4D,14.23,queries/Core/04_join_scale/join_6mx200k.sql,measured,1,4,10,3,0.058,3773.424,4,2,11997996,24795992,11915546,99183968,0,0,lineitem;part,2368,230745,0,0,31791,31791,0
2026-07-27T09:56:35Z,118BED91EDA9DB4D,14.23,queries/Core/04_join_scale/join_6mx200k.sql,measured,1,5,10,3,0.060,3769.496,4,2,11997996,24795992,11915546,99183968,0,0,lineitem;part,2432,230681,0,0,31791,31791,0
2026-07-27T09:56:35Z,118BED91EDA9DB4D,14.23,queries/Core/04_join_scale/join_6mx200k.sql,measured,1,6,10,3,0.083,3816.724,4,2,11997996,24795992,11915546,99183968,0,0,lineitem;part,2496,230617,0,0,31791,31791,0
2026-07-27T09:56:35Z,118BED91EDA9DB4D,14.23,queries/Core/04_join_scale/join_6mx200k.sql,measured,1,7,10,3,0.058,3822.105,4,2,11997996,24795992,11915546,99183968,0,0,lineitem;part,2560,230553,0,0,31791,31791,0
2026-07-27T09:56:35Z,118BED91EDA9DB4D,14.23,queries/Core/04_join_scale/join_6mx200k.sql,measured,1,8,10,3,0.058,3808.970,4,2,11997996,24795992,11915546,99183968,0,0,lineitem;part,2624,230489,0,0,31791,31791,0
2026-07-27T09:56:35Z,118BED91EDA9DB4D,14.23,queries/Core/04_join_scale/join_6mx200k.sql,measured,1,9,10,3,0.059,3768.540,4,2,11997996,24795992,11915546,99183968,0,0,lineitem;part,2688,230425,0,0,31791,31791,0
2026-07-27T09:56:35Z,118BED91EDA9DB4D,14.23,queries/Core/04_join_scale/join_6mx200k.sql,measured,1,10,10,3,0.060,3827.435,4,2,11997996,24795992,11915546,99183968,0,0,lineitem;part,2752,230361,0,0,31791,31791,0
2026-07-27T09:57:13Z,118BED91EDA9DB4D,14.23,queries/Core/04_join_scale/join_6mx200k.sql,measured,2,1,10,3,0.372,3835.146,4,2,11997996,24795992,11915546,99183968,0,0,lineitem;part,2816,230297,0,0,31791,31791,0
2026-07-27T09:57:13Z,118BED91EDA9DB4D,14.23,queries/Core/04_join_scale/join_6mx200k.sql,measured,2,2,10,3,0.060,3823.415,4,2,11997996,24795992,11915546,99183968,0,0,lineitem;part,2880,230233,0,0,31791,31791,0
2026-07-27T09:57:13Z,118BED91EDA9DB4D,14.23,queries/Core/04_join_scale/join_6mx200k.sql,measured,2,3,10,3,0.059,3816.954,4,2,11997996,24795992,11915546,99183968,0,0,lineitem;part,2944,230169,0,0,31791,31791,0
2026-07-27T09:57:13Z,118BED91EDA9DB4D,14.23,queries/Core/04_join_scale/join_6mx200k.sql,measured,2,4,10,3,0.059,3800.338,4,2,11997996,24795992,11915546,99183968,0,0,lineitem;part,3008,230105,0,0,31791,31791,0
2026-07-27T09:57:13Z,118BED91EDA9DB4D,14.23,queries/Core/04_join_scale/join_6mx200k.sql,measured,2,5,10,3,0.077,3762.393,4,2,11997996,24795992,11915546,99183968,0,0,lineitem;part,3072,230041,0,0,31791,31791,0
2026-07-27T09:57:13Z,118BED91EDA9DB4D,14.23,queries/Core/04_join_scale/join_6mx200k.sql,measured,2,6,10,3,0.059,3820.718,4,2,11997996,24795992,11915546,99183968,0,0,lineitem;part,3136,229977,0,0,31791,31791,0
2026-07-27T09:57:13Z,118BED91EDA9DB4D,14.23,queries/Core/04_join_scale/join_6mx200k.sql,measured,2,7,10,3,0.059,3813.966,4,2,11997996,24795992,11915546,99183968,0,0,lineitem;part,3200,229913,0,0,31791,31791,0
2026-07-27T09:57:13Z,118BED91EDA9DB4D,14.23,queries/Core/04_join_scale/join_6mx200k.sql,measured,2,8,10,3,0.058,3808.926,4,2,11997996,24795992,11915546,99183968,0,0,lineitem;part,3264,229849,0,0,31791,31791,0
2026-07-27T09:57:13Z,118BED91EDA9DB4D,14.23,queries/Core/04_join_scale/join_6mx200k.sql,measured,2,9,10,3,0.059,3773.069,4,2,11997996,24795992,11915546,99183968,0,0,lineitem;part,3328,229785,0,0,31791,31791,0
2026-07-27T09:57:13Z,118BED91EDA9DB4D,14.23,queries/Core/04_join_scale/join_6mx200k.sql,measured,2,10,10,3,0.075,3816.459,4,2,11997996,24795992,11915546,99183968,0,0,lineitem;part,3392,229721,0,0,31791,31791,0
2026-07-27T09:57:51Z,118BED91EDA9DB4D,14.23,queries/Core/04_join_scale/join_6mx200k.sql,measured,3,1,10,3,0.370,3849.461,4,2,11997996,24795992,11915546,99183968,0,0,lineitem;part,3456,229657,0,0,31791,31791,0
2026-07-27T09:57:51Z,118BED91EDA9DB4D,14.23,queries/Core/04_join_scale/join_6mx200k.sql,measured,3,2,10,3,0.059,3830.681,4,2,11997996,24795992,11915546,99183968,0,0,lineitem;part,3520,229593,0,0,31791,31791,0
2026-07-27T09:57:51Z,118BED91EDA9DB4D,14.23,queries/Core/04_join_scale/join_6mx200k.sql,measured,3,3,10,3,0.058,3806.109,4,2,11997996,24795992,11915546,99183968,0,0,lineitem;part,3584,229529,0,0,31791,31791,0
2026-07-27T09:57:51Z,118BED91EDA9DB4D,14.23,queries/Core/04_join_scale/join_6mx200k.sql,measured,3,4,10,3,0.063,3763.051,4,2,11997996,24795992,11915546,99183968,0,0,lineitem;part,3648,229465,0,0,31791,31791,0
2026-07-27T09:57:51Z,118BED91EDA9DB4D,14.23,queries/Core/04_join_scale/join_6mx200k.sql,measured,3,5,10,3,0.058,3815.768,4,2,11997996,24795992,11915546,99183968,0,0,lineitem;part,3712,229401,0,0,31791,31791,0
2026-07-27T09:57:51Z,118BED91EDA9DB4D,14.23,queries/Core/04_join_scale/join_6mx200k.sql,measured,3,6,10,3,0.058,3830.168,4,2,11997996,24795992,11915546,99183968,0,0,lineitem;part,3776,229337,0,0,31791,31791,0
2026-07-27T09:57:51Z,118BED91EDA9DB4D,14.23,queries/Core/04_join_scale/join_6mx200k.sql,measured,3,7,10,3,0.058,3823.547,4,2,11997996,24795992,11915546,99183968,0,0,lineitem;part,3840,229273,0,0,31791,31791,0
2026-07-27T09:57:51Z,118BED91EDA9DB4D,14.23,queries/Core/04_join_scale/join_6mx200k.sql,measured,3,8,10,3,0.059,3813.904,4,2,11997996,24795992,11915546,99183968,0,0,lineitem;part,3904,229209,0,0,31791,31791,0
2026-07-27T09:57:51Z,118BED91EDA9DB4D,14.23,queries/Core/04_join_scale/join_6mx200k.sql,measured,3,9,10,3,0.060,3776.444,4,2,11997996,24795992,11915546,99183968,0,0,lineitem;part,3968,229145,0,0,31791,31791,0
2026-07-27T09:57:51Z,118BED91EDA9DB4D,14.23,queries/Core/04_join_scale/join_6mx200k.sql,measured,3,10,10,3,0.059,3819.894,4,2,11997996,24795992,11915546,99183968,0,0,lineitem;part,4032,229081,0,0,31791,31791,0
2026-07-27T09:57:52Z,118BED91EDA9DB4D,14.23,queries/Core/04_join_scale/join_800kx200k.sql,warmup,1,1,1,3,0.295,768.079,4,2,1600000,4000000,1600215,16000000,0,0,partsupp;part,1024,42055,0,0,5136,5136,0
2026-07-27T09:57:52Z,118BED91EDA9DB4D,14.23,queries/Core/04_join_scale/join_800kx200k.sql,warmup,2,1,1,3,0.280,607.352,4,2,1600000,4000000,1600215,16000000,0,0,partsupp;part,1088,41991,0,0,5136,5136,0
2026-07-27T09:57:58Z,118BED91EDA9DB4D,14.23,queries/Core/04_join_scale/join_800kx200k.sql,measured,1,1,10,3,0.290,605.659,4,2,1600000,4000000,1600215,16000000,0,0,partsupp;part,1152,41927,0,0,5136,5136,0
2026-07-27T09:57:58Z,118BED91EDA9DB4D,14.23,queries/Core/04_join_scale/join_800kx200k.sql,measured,1,2,10,3,0.052,586.371,4,2,1600000,4000000,1600215,16000000,0,0,partsupp;part,1216,41863,0,0,5136,5136,0
2026-07-27T09:57:58Z,118BED91EDA9DB4D,14.23,queries/Core/04_join_scale/join_800kx200k.sql,measured,1,3,10,3,0.053,585.317,4,2,1600000,4000000,1600215,16000000,0,0,partsupp;part,1280,41799,0,0,5136,5136,0
2026-07-27T09:57:58Z,118BED91EDA9DB4D,14.23,queries/Core/04_join_scale/join_800kx200k.sql,measured,1,4,10,3,0.052,582.763,4,2,1600000,4000000,1600215,16000000,0,0,partsupp;part,1344,41735,0,0,5136,5136,0
2026-07-27T09:57:58Z,118BED91EDA9DB4D,14.23,queries/Core/04_join_scale/join_800kx200k.sql,measured,1,5,10,3,0.052,582.751,4,2,1600000,4000000,1600215,16000000,0,0,partsupp;part,1408,41671,0,0,5136,5136,0
2026-07-27T09:57:58Z,118BED91EDA9DB4D,14.23,queries/Core/04_join_scale/join_800kx200k.sql,measured,1,6,10,3,0.053,585.157,4,2,1600000,4000000,1600215,16000000,0,0,partsupp;part,1472,41607,0,0,5136,5136,0
2026-07-27T09:57:58Z,118BED91EDA9DB4D,14.23,queries/Core/04_join_scale/join_800kx200k.sql,measured,1,7,10,3,0.052,583.086,4,2,1600000,4000000,1600215,16000000,0,0,partsupp;part,1536,41543,0,0,5136,5136,0
2026-07-27T09:57:58Z,118BED91EDA9DB4D,14.23,queries/Core/04_join_scale/join_800kx200k.sql,measured,1,8,10,3,0.052,583.130,4,2,1600000,4000000,1600215,16000000,0,0,partsupp;part,1600,41479,0,0,5136,5136,0
2026-07-27T09:57:58Z,118BED91EDA9DB4D,14.23,queries/Core/04_join_scale/join_800kx200k.sql,measured,1,9,10,3,0.054,581.897,4,2,1600000,4000000,1600215,16000000,0,0,partsupp;part,1664,41415,0,0,5136,5136,0
2026-07-27T09:57:58Z,118BED91EDA9DB4D,14.23,queries/Core/04_join_scale/join_800kx200k.sql,measured,1,10,10,3,0.059,582.485,4,2,1600000,4000000,1600215,16000000,0,0,partsupp;part,1728,41351,0,0,5136,5136,0
2026-07-27T09:58:04Z,118BED91EDA9DB4D,14.23,queries/Core/04_join_scale/join_800kx200k.sql,measured,2,1,10,3,0.280,608.680,4,2,1600000,4000000,1600215,16000000,0,0,partsupp;part,1792,41287,0,0,5136,5136,0
2026-07-27T09:58:04Z,118BED91EDA9DB4D,14.23,queries/Core/04_join_scale/join_800kx200k.sql,measured,2,2,10,3,0.051,587.890,4,2,1600000,4000000,1600215,16000000,0,0,partsupp;part,1856,41223,0,0,5136,5136,0
2026-07-27T09:58:04Z,118BED91EDA9DB4D,14.23,queries/Core/04_join_scale/join_800kx200k.sql,measured,2,3,10,3,0.053,584.942,4,2,1600000,4000000,1600215,16000000,0,0,partsupp;part,1920,41159,0,0,5136,5136,0
2026-07-27T09:58:04Z,118BED91EDA9DB4D,14.23,queries/Core/04_join_scale/join_800kx200k.sql,measured,2,4,10,3,0.053,582.304,4,2,1600000,4000000,1600215,16000000,0,0,partsupp;part,1984,41095,0,0,5136,5136,0
2026-07-27T09:58:04Z,118BED91EDA9DB4D,14.23,queries/Core/04_join_scale/join_800kx200k.sql,measured,2,5,10,3,0.058,585.585,4,2,1600000,4000000,1600215,16000000,0,0,partsupp;part,2048,41031,0,0,5136,5136,0
2026-07-27T09:58:04Z,118BED91EDA9DB4D,14.23,queries/Core/04_join_scale/join_800kx200k.sql,measured,2,6,10,3,0.069,586.027,4,2,1600000,4000000,1600215,16000000,0,0,partsupp;part,2112,40967,0,0,5136,5136,0
2026-07-27T09:58:04Z,118BED91EDA9DB4D,14.23,queries/Core/04_join_scale/join_800kx200k.sql,measured,2,7,10,3,0.053,585.342,4,2,1600000,4000000,1600215,16000000,0,0,partsupp;part,2176,40903,0,0,5136,5136,0
2026-07-27T09:58:04Z,118BED91EDA9DB4D,14.23,queries/Core/04_join_scale/join_800kx200k.sql,measured,2,8,10,3,0.053,584.993,4,2,1600000,4000000,1600215,16000000,0,0,partsupp;part,2240,40839,0,0,5136,5136,0
2026-07-27T09:58:04Z,118BED91EDA9DB4D,14.23,queries/Core/04_join_scale/join_800kx200k.sql,measured,2,9,10,3,0.052,636.230,4,2,1600000,4000000,1600215,16000000,0,0,partsupp;part,2304,40775,0,0,5136,5136,0
2026-07-27T09:58:04Z,118BED91EDA9DB4D,14.23,queries/Core/04_join_scale/join_800kx200k.sql,measured,2,10,10,3,0.051,588.410,4,2,1600000,4000000,1600215,16000000,0,0,partsupp;part,2368,40711,0,0,5136,5136,0
2026-07-27T09:58:10Z,118BED91EDA9DB4D,14.23,queries/Core/04_join_scale/join_800kx200k.sql,measured,3,1,10,3,0.297,612.238,4,2,1600000,4000000,1600215,16000000,0,0,partsupp;part,2432,40647,0,0,5136,5136,0
2026-07-27T09:58:10Z,118BED91EDA9DB4D,14.23,queries/Core/04_join_scale/join_800kx200k.sql,measured,3,2,10,3,0.070,586.510,4,2,1600000,4000000,1600215,16000000,0,0,partsupp;part,2496,40583,0,0,5136,5136,0
2026-07-27T09:58:10Z,118BED91EDA9DB4D,14.23,queries/Core/04_join_scale/join_800kx200k.sql,measured,3,3,10,3,0.051,586.020,4,2,1600000,4000000,1600215,16000000,0,0,partsupp;part,2560,40519,0,0,5136,5136,0
2026-07-27T09:58:10Z,118BED91EDA9DB4D,14.23,queries/Core/04_join_scale/join_800kx200k.sql,measured,3,4,10,3,0.053,582.328,4,2,1600000,4000000,1600215,16000000,0,0,partsupp;part,2624,40455,0,0,5136,5136,0
2026-07-27T09:58:10Z,118BED91EDA9DB4D,14.23,queries/Core/04_join_scale/join_800kx200k.sql,measured,3,5,10,3,0.053,583.798,4,2,1600000,4000000,1600215,16000000,0,0,partsupp;part,2688,40391,0,0,5136,5136,0
2026-07-27T09:58:10Z,118BED91EDA9DB4D,14.23,queries/Core/04_join_scale/join_800kx200k.sql,measured,3,6,10,3,0.052,584.139,4,2,1600000,4000000,1600215,16000000,0,0,partsupp;part,2752,40327,0,0,5136,5136,0
2026-07-27T09:58:10Z,118BED91EDA9DB4D,14.23,queries/Core/04_join_scale/join_800kx200k.sql,measured,3,7,10,3,0.052,580.997,4,2,1600000,4000000,1600215,16000000,0,0,partsupp;part,2816,40263,0,0,5136,5136,0
2026-07-27T09:58:10Z,118BED91EDA9DB4D,14.23,queries/Core/04_join_scale/join_800kx200k.sql,measured,3,8,10,3,0.054,583.644,4,2,1600000,4000000,1600215,16000000,0,0,partsupp;part,2880,40199,0,0,5136,5136,0
2026-07-27T09:58:10Z,118BED91EDA9DB4D,14.23,queries/Core/04_join_scale/join_800kx200k.sql,measured,3,9,10,3,0.052,583.214,4,2,1600000,4000000,1600215,16000000,0,0,partsupp;part,2944,40135,0,0,5136,5136,0
2026-07-27T09:58:10Z,118BED91EDA9DB4D,14.23,queries/Core/04_join_scale/join_800kx200k.sql,measured,3,10,10,3,0.052,581.276,4,2,1600000,4000000,1600215,16000000,0,0,partsupp;part,3008,40071,0,0,5136,5136,0
2026-07-27T09:58:11Z,CE604B80F1DA2F88,16.14,queries/Core/04_join_scale/join_10kx25.sql,warmup,1,1,1,3,0.423,8.156,4,2,20000,40050,20000,160200,0,0,supplier;nation,0,473,0,0,0,0,0
2026-07-27T09:58:11Z,CE604B80F1DA2F88,16.14,queries/Core/04_join_scale/join_10kx25.sql,warmup,2,1,1,3,0.336,3.949,4,2,20000,40050,20000,160200,0,0,supplier;nation,473,0,0,0,0,0,0
2026-07-27T09:58:11Z,CE604B80F1DA2F88,16.14,queries/Core/04_join_scale/join_10kx25.sql,measured,1,1,10,3,0.330,4.026,4,2,20000,40050,20000,160200,0,0,supplier;nation,473,0,0,0,0,0,0
2026-07-27T09:58:11Z,CE604B80F1DA2F88,16.14,queries/Core/04_join_scale/join_10kx25.sql,measured,1,2,10,3,0.036,3.653,4,2,20000,40050,20000,160200,0,0,supplier;nation,473,0,0,0,0,0,0
2026-07-27T09:58:11Z,CE604B80F1DA2F88,16.14,queries/Core/04_join_scale/join_10kx25.sql,measured,1,3,10,3,0.024,3.475,4,2,20000,40050,20000,160200,0,0,supplier;nation,473,0,0,0,0,0,0
2026-07-27T09:58:11Z,CE604B80F1DA2F88,16.14,queries/Core/04_join_scale/join_10kx25.sql,measured,1,4,10,3,0.031,3.403,4,2,20000,40050,20000,160200,0,0,supplier;nation,473,0,0,0,0,0,0
2026-07-27T09:58:11Z,CE604B80F1DA2F88,16.14,queries/Core/04_join_scale/join_10kx25.sql,measured,1,5,10,3,0.027,3.398,4,2,20000,40050,20000,160200,0,0,supplier;nation,473,0,0,0,0,0,0
2026-07-27T09:58:11Z,CE604B80F1DA2F88,16.14,queries/Core/04_join_scale/join_10kx25.sql,measured,1,6,10,3,0.023,3.368,4,2,20000,40050,20000,160200,0,0,supplier;nation,473,0,0,0,0,0,0
2026-07-27T09:58:11Z,CE604B80F1DA2F88,16.14,queries/Core/04_join_scale/join_10kx25.sql,measured,1,7,10,3,0.026,3.337,4,2,20000,40050,20000,160200,0,0,supplier;nation,473,0,0,0,0,0,0
2026-07-27T09:58:11Z,CE604B80F1DA2F88,16.14,queries/Core/04_join_scale/join_10kx25.sql,measured,1,8,10,3,0.026,3.325,4,2,20000,40050,20000,160200,0,0,supplier;nation,473,0,0,0,0,0,0
2026-07-27T09:58:11Z,CE604B80F1DA2F88,16.14,queries/Core/04_join_scale/join_10kx25.sql,measured,1,9,10,3,0.027,3.349,4,2,20000,40050,20000,160200,0,0,supplier;nation,473,0,0,0,0,0,0
2026-07-27T09:58:11Z,CE604B80F1DA2F88,16.14,queries/Core/04_join_scale/join_10kx25.sql,measured,1,10,10,3,0.025,3.328,4,2,20000,40050,20000,160200,0,0,supplier;nation,473,0,0,0,0,0,0
2026-07-27T09:58:11Z,CE604B80F1DA2F88,16.14,queries/Core/04_join_scale/join_10kx25.sql,measured,2,1,10,3,0.341,4.007,4,2,20000,40050,20000,160200,0,0,supplier;nation,473,0,0,0,0,0,0
2026-07-27T09:58:11Z,CE604B80F1DA2F88,16.14,queries/Core/04_join_scale/join_10kx25.sql,measured,2,2,10,3,0.027,3.684,4,2,20000,40050,20000,160200,0,0,supplier;nation,473,0,0,0,0,0,0
2026-07-27T09:58:11Z,CE604B80F1DA2F88,16.14,queries/Core/04_join_scale/join_10kx25.sql,measured,2,3,10,3,0.033,3.647,4,2,20000,40050,20000,160200,0,0,supplier;nation,473,0,0,0,0,0,0
2026-07-27T09:58:11Z,CE604B80F1DA2F88,16.14,queries/Core/04_join_scale/join_10kx25.sql,measured,2,4,10,3,0.034,4.024,4,2,20000,40050,20000,160200,0,0,supplier;nation,473,0,0,0,0,0,0
2026-07-27T09:58:11Z,CE604B80F1DA2F88,16.14,queries/Core/04_join_scale/join_10kx25.sql,measured,2,5,10,3,0.032,4.310,4,2,20000,40050,20000,160200,0,0,supplier;nation,473,0,0,0,0,0,0
2026-07-27T09:58:11Z,CE604B80F1DA2F88,16.14,queries/Core/04_join_scale/join_10kx25.sql,measured,2,6,10,3,0.035,5.205,4,2,20000,40050,20000,160200,0,0,supplier;nation,473,0,0,0,0,0,0
2026-07-27T09:58:11Z,CE604B80F1DA2F88,16.14,queries/Core/04_join_scale/join_10kx25.sql,measured,2,7,10,3,0.032,3.518,4,2,20000,40050,20000,160200,0,0,supplier;nation,473,0,0,0,0,0,0
2026-07-27T09:58:11Z,CE604B80F1DA2F88,16.14,queries/Core/04_join_scale/join_10kx25.sql,measured,2,8,10,3,0.028,3.468,4,2,20000,40050,20000,160200,0,0,supplier;nation,473,0,0,0,0,0,0
2026-07-27T09:58:11Z,CE604B80F1DA2F88,16.14,queries/Core/04_join_scale/join_10kx25.sql,measured,2,9,10,3,0.027,3.370,4,2,20000,40050,20000,160200,0,0,supplier;nation,473,0,0,0,0,0,0
2026-07-27T09:58:11Z,CE604B80F1DA2F88,16.14,queries/Core/04_join_scale/join_10kx25.sql,measured,2,10,10,3,0.028,3.334,4,2,20000,40050,20000,160200,0,0,supplier;nation,473,0,0,0,0,0,0
2026-07-27T09:58:11Z,CE604B80F1DA2F88,16.14,queries/Core/04_join_scale/join_10kx25.sql,measured,3,1,10,3,0.339,4.009,4,2,20000,40050,20000,160200,0,0,supplier;nation,473,0,0,0,0,0,0
2026-07-27T09:58:11Z,CE604B80F1DA2F88,16.14,queries/Core/04_join_scale/join_10kx25.sql,measured,3,2,10,3,0.047,3.602,4,2,20000,40050,20000,160200,0,0,supplier;nation,473,0,0,0,0,0,0
2026-07-27T09:58:11Z,CE604B80F1DA2F88,16.14,queries/Core/04_join_scale/join_10kx25.sql,measured,3,3,10,3,0.024,3.633,4,2,20000,40050,20000,160200,0,0,supplier;nation,473,0,0,0,0,0,0
2026-07-27T09:58:11Z,CE604B80F1DA2F88,16.14,queries/Core/04_join_scale/join_10kx25.sql,measured,3,4,10,3,0.045,3.718,4,2,20000,40050,20000,160200,0,0,supplier;nation,473,0,0,0,0,0,0
2026-07-27T09:58:11Z,CE604B80F1DA2F88,16.14,queries/Core/04_join_scale/join_10kx25.sql,measured,3,5,10,3,0.042,3.609,4,2,20000,40050,20000,160200,0,0,supplier;nation,473,0,0,0,0,0,0
2026-07-27T09:58:11Z,CE604B80F1DA2F88,16.14,queries/Core/04_join_scale/join_10kx25.sql,measured,3,6,10,3,0.032,3.649,4,2,20000,40050,20000,160200,0,0,supplier;nation,473,0,0,0,0,0,0
2026-07-27T09:58:11Z,CE604B80F1DA2F88,16.14,queries/Core/04_join_scale/join_10kx25.sql,measured,3,7,10,3,0.041,3.686,4,2,20000,40050,20000,160200,0,0,supplier;nation,473,0,0,0,0,0,0
2026-07-27T09:58:11Z,CE604B80F1DA2F88,16.14,queries/Core/04_join_scale/join_10kx25.sql,measured,3,8,10,3,0.025,3.679,4,2,20000,40050,20000,160200,0,0,supplier;nation,473,0,0,0,0,0,0
2026-07-27T09:58:11Z,CE604B80F1DA2F88,16.14,queries/Core/04_join_scale/join_10kx25.sql,measured,3,9,10,3,0.034,3.569,4,2,20000,40050,20000,160200,0,0,supplier;nation,473,0,0,0,0,0,0
2026-07-27T09:58:11Z,CE604B80F1DA2F88,16.14,queries/Core/04_join_scale/join_10kx25.sql,measured,3,10,10,3,0.032,3.612,4,2,20000,40050,20000,160200,0,0,supplier;nation,473,0,0,0,0,0,0
2026-07-27T09:58:12Z,CE604B80F1DA2F88,16.14,queries/Core/04_join_scale/join_1500kx150k.sql,warmup,1,1,1,3,1.565,1597.209,4,2,3000000,6600000,3000037,26400000,0,0,orders;customer,0,59496,0,0,4831,4831,0
2026-07-27T09:58:14Z,CE604B80F1DA2F88,16.14,queries/Core/04_join_scale/join_1500kx150k.sql,warmup,2,1,1,3,0.460,1342.587,4,2,3000000,6600000,3000037,26400000,0,0,orders;customer,65,59431,0,0,4831,4831,0
2026-07-27T09:58:27Z,CE604B80F1DA2F88,16.14,queries/Core/04_join_scale/join_1500kx150k.sql,measured,1,1,10,3,0.446,1350.723,4,2,3000000,6600000,3000037,26400000,0,0,orders;customer,129,59367,0,0,4831,4831,0
2026-07-27T09:58:27Z,CE604B80F1DA2F88,16.14,queries/Core/04_join_scale/join_1500kx150k.sql,measured,1,2,10,3,0.077,1307.848,4,2,3000000,6600000,3000037,26400000,0,0,orders;customer,193,59303,0,0,4831,4831,0
2026-07-27T09:58:27Z,CE604B80F1DA2F88,16.14,queries/Core/04_join_scale/join_1500kx150k.sql,measured,1,3,10,3,0.075,1302.036,4,2,3000000,6600000,3000037,26400000,0,0,orders;customer,257,59239,0,0,4831,4831,0
2026-07-27T09:58:27Z,CE604B80F1DA2F88,16.14,queries/Core/04_join_scale/join_1500kx150k.sql,measured,1,4,10,3,0.094,1294.141,4,2,3000000,6600000,3000037,26400000,0,0,orders;customer,321,59175,0,0,4831,4831,0
2026-07-27T09:58:27Z,CE604B80F1DA2F88,16.14,queries/Core/04_join_scale/join_1500kx150k.sql,measured,1,5,10,3,0.078,1296.445,4,2,3000000,6600000,3000037,26400000,0,0,orders;customer,385,59111,0,0,4831,4831,0
2026-07-27T09:58:27Z,CE604B80F1DA2F88,16.14,queries/Core/04_join_scale/join_1500kx150k.sql,measured,1,6,10,3,0.093,1302.962,4,2,3000000,6600000,3000037,26400000,0,0,orders;customer,449,59047,0,0,4831,4831,0
2026-07-27T09:58:27Z,CE604B80F1DA2F88,16.14,queries/Core/04_join_scale/join_1500kx150k.sql,measured,1,7,10,3,0.075,1291.515,4,2,3000000,6600000,3000037,26400000,0,0,orders;customer,513,58983,0,0,4831,4831,0
2026-07-27T09:58:27Z,CE604B80F1DA2F88,16.14,queries/Core/04_join_scale/join_1500kx150k.sql,measured,1,8,10,3,0.076,1281.052,4,2,3000000,6600000,3000037,26400000,0,0,orders;customer,577,58919,0,0,4831,4831,0
2026-07-27T09:58:27Z,CE604B80F1DA2F88,16.14,queries/Core/04_join_scale/join_1500kx150k.sql,measured,1,9,10,3,0.076,1298.334,4,2,3000000,6600000,3000037,26400000,0,0,orders;customer,641,58855,0,0,4831,4831,0
2026-07-27T09:58:27Z,CE604B80F1DA2F88,16.14,queries/Core/04_join_scale/join_1500kx150k.sql,measured,1,10,10,3,0.076,1298.049,4,2,3000000,6600000,3000037,26400000,0,0,orders;customer,705,58791,0,0,4831,4831,0
2026-07-27T09:58:40Z,CE604B80F1DA2F88,16.14,queries/Core/04_join_scale/join_1500kx150k.sql,measured,2,1,10,3,0.438,1330.613,4,2,3000000,6600000,3000037,26400000,0,0,orders;customer,769,58727,0,0,4831,4831,0
2026-07-27T09:58:40Z,CE604B80F1DA2F88,16.14,queries/Core/04_join_scale/join_1500kx150k.sql,measured,2,2,10,3,0.077,1314.267,4,2,3000000,6600000,3000037,26400000,0,0,orders;customer,833,58663,0,0,4831,4831,0
2026-07-27T09:58:40Z,CE604B80F1DA2F88,16.14,queries/Core/04_join_scale/join_1500kx150k.sql,measured,2,3,10,3,0.075,1282.798,4,2,3000000,6600000,3000037,26400000,0,0,orders;customer,897,58599,0,0,4831,4831,0
2026-07-27T09:58:40Z,CE604B80F1DA2F88,16.14,queries/Core/04_join_scale/join_1500kx150k.sql,measured,2,4,10,3,0.076,1288.232,4,2,3000000,6600000,3000037,26400000,0,0,orders;customer,961,58535,0,0,4831,4831,0
2026-07-27T09:58:40Z,CE604B80F1DA2F88,16.14,queries/Core/04_join_scale/join_1500kx150k.sql,measured,2,5,10,3,0.077,1276.971,4,2,3000000,6600000,3000037,26400000,0,0,orders;customer,1025,58471,0,0,4831,4831,0
2026-07-27T09:58:40Z,CE604B80F1DA2F88,16.14,queries/Core/04_join_scale/join_1500kx150k.sql,measured,2,6,10,3,0.094,1293.551,4,2,3000000,6600000,3000037,26400000,0,0,orders;customer,1089,58407,0,0,4831,4831,0
2026-07-27T09:58:40Z,CE604B80F1DA2F88,16.14,queries/Core/04_join_scale/join_1500kx150k.sql,measured,2,7,10,3,0.078,1280.141,4,2,3000000,6600000,3000037,26400000,0,0,orders;customer,1153,58343,0,0,4831,4831,0
2026-07-27T09:58:40Z,CE604B80F1DA2F88,16.14,queries/Core/04_join_scale/join_1500kx150k.sql,measured,2,8,10,3,0.081,1276.720,4,2,3000000,6600000,3000037,26400000,0,0,orders;customer,1217,58279,0,0,4831,4831,0
2026-07-27T09:58:40Z,CE604B80F1DA2F88,16.14,queries/Core/04_join_scale/join_1500kx150k.sql,measured,2,9,10,3,0.075,1278.763,4,2,3000000,6600000,3000037,26400000,0,0,orders;customer,1281,58215,0,0,4831,4831,0
2026-07-27T09:58:40Z,CE604B80F1DA2F88,16.14,queries/Core/04_join_scale/join_1500kx150k.sql,measured,2,10,10,3,0.084,1288.906,4,2,3000000,6600000,3000037,26400000,0,0,orders;customer,1345,58151,0,0,4831,4831,0
2026-07-27T09:58:53Z,CE604B80F1DA2F88,16.14,queries/Core/04_join_scale/join_1500kx150k.sql,measured,3,1,10,3,0.448,1354.191,4,2,3000000,6600000,3000037,26400000,0,0,orders;customer,1409,58087,0,0,4831,4831,0
2026-07-27T09:58:53Z,CE604B80F1DA2F88,16.14,queries/Core/04_join_scale/join_1500kx150k.sql,measured,3,2,10,3,0.076,1330.400,4,2,3000000,6600000,3000037,26400000,0,0,orders;customer,1473,58023,0,0,4831,4831,0
2026-07-27T09:58:53Z,CE604B80F1DA2F88,16.14,queries/Core/04_join_scale/join_1500kx150k.sql,measured,3,3,10,3,0.077,1310.952,4,2,3000000,6600000,3000037,26400000,0,0,orders;customer,1537,57959,0,0,4831,4831,0
2026-07-27T09:58:53Z,CE604B80F1DA2F88,16.14,queries/Core/04_join_scale/join_1500kx150k.sql,measured,3,4,10,3,0.078,1316.194,4,2,3000000,6600000,3000037,26400000,0,0,orders;customer,1601,57895,0,0,4831,4831,0
2026-07-27T09:58:53Z,CE604B80F1DA2F88,16.14,queries/Core/04_join_scale/join_1500kx150k.sql,measured,3,5,10,3,0.076,1279.490,4,2,3000000,6600000,3000037,26400000,0,0,orders;customer,1665,57831,0,0,4831,4831,0
2026-07-27T09:58:53Z,CE604B80F1DA2F88,16.14,queries/Core/04_join_scale/join_1500kx150k.sql,measured,3,6,10,3,0.075,1278.597,4,2,3000000,6600000,3000037,26400000,0,0,orders;customer,1729,57767,0,0,4831,4831,0
2026-07-27T09:58:53Z,CE604B80F1DA2F88,16.14,queries/Core/04_join_scale/join_1500kx150k.sql,measured,3,7,10,3,0.075,1282.604,4,2,3000000,6600000,3000037,26400000,0,0,orders;customer,1793,57703,0,0,4831,4831,0
2026-07-27T09:58:53Z,CE604B80F1DA2F88,16.14,queries/Core/04_join_scale/join_1500kx150k.sql,measured,3,8,10,3,0.088,1341.754,4,2,3000000,6600000,3000037,26400000,0,0,orders;customer,1857,57639,0,0,4831,4831,0
2026-07-27T09:58:53Z,CE604B80F1DA2F88,16.14,queries/Core/04_join_scale/join_1500kx150k.sql,measured,3,9,10,3,0.079,1303.651,4,2,3000000,6600000,3000037,26400000,0,0,orders;customer,1921,57575,0,0,4831,4831,0
2026-07-27T09:58:53Z,CE604B80F1DA2F88,16.14,queries/Core/04_join_scale/join_1500kx150k.sql,measured,3,10,10,3,0.088,1303.611,4,2,3000000,6600000,3000037,26400000,0,0,orders;customer,1985,57511,0,0,4831,4831,0
2026-07-27T09:58:53Z,CE604B80F1DA2F88,16.14,queries/Core/04_join_scale/join_150kx25.sql,warmup,1,1,1,3,0.444,63.212,4,2,300000,600050,300000,2400200,0,0,customer;nation,1026,6223,0,0,0,0,0
2026-07-27T09:58:53Z,CE604B80F1DA2F88,16.14,queries/Core/04_join_scale/join_150kx25.sql,warmup,2,1,1,3,0.426,63.230,4,2,300000,600050,300000,2400200,0,0,customer;nation,1058,6191,0,0,0,0,0
2026-07-27T09:58:54Z,CE604B80F1DA2F88,16.14,queries/Core/04_join_scale/join_150kx25.sql,measured,1,1,10,3,0.422,63.039,4,2,300000,600050,300000,2400200,0,0,customer;nation,1090,6159,0,0,0,0,0
2026-07-27T09:58:54Z,CE604B80F1DA2F88,16.14,queries/Core/04_join_scale/join_150kx25.sql,measured,1,2,10,3,0.065,62.075,4,2,300000,600050,300000,2400200,0,0,customer;nation,1122,6127,0,0,0,0,0
2026-07-27T09:58:54Z,CE604B80F1DA2F88,16.14,queries/Core/04_join_scale/join_150kx25.sql,measured,1,3,10,3,0.073,61.683,4,2,300000,600050,300000,2400200,0,0,customer;nation,1154,6095,0,0,0,0,0
2026-07-27T09:58:54Z,CE604B80F1DA2F88,16.14,queries/Core/04_join_scale/join_150kx25.sql,measured,1,4,10,3,0.053,61.429,4,2,300000,600050,300000,2400200,0,0,customer;nation,1186,6063,0,0,0,0,0
2026-07-27T09:58:54Z,CE604B80F1DA2F88,16.14,queries/Core/04_join_scale/join_150kx25.sql,measured,1,5,10,3,0.051,61.397,4,2,300000,600050,300000,2400200,0,0,customer;nation,1218,6031,0,0,0,0,0
2026-07-27T09:58:54Z,CE604B80F1DA2F88,16.14,queries/Core/04_join_scale/join_150kx25.sql,measured,1,6,10,3,0.052,61.434,4,2,300000,600050,300000,2400200,0,0,customer;nation,1250,5999,0,0,0,0,0
2026-07-27T09:58:54Z,CE604B80F1DA2F88,16.14,queries/Core/04_join_scale/join_150kx25.sql,measured,1,7,10,3,0.046,60.980,4,2,300000,600050,300000,2400200,0,0,customer;nation,1282,5967,0,0,0,0,0
2026-07-27T09:58:54Z,CE604B80F1DA2F88,16.14,queries/Core/04_join_scale/join_150kx25.sql,measured,1,8,10,3,0.053,61.362,4,2,300000,600050,300000,2400200,0,0,customer;nation,1314,5935,0,0,0,0,0
2026-07-27T09:58:54Z,CE604B80F1DA2F88,16.14,queries/Core/04_join_scale/join_150kx25.sql,measured,1,9,10,3,0.069,61.204,4,2,300000,600050,300000,2400200,0,0,customer;nation,1346,5903,0,0,0,0,0
2026-07-27T09:58:54Z,CE604B80F1DA2F88,16.14,queries/Core/04_join_scale/join_150kx25.sql,measured,1,10,10,3,0.048,61.194,4,2,300000,600050,300000,2400200,0,0,customer;nation,1378,5871,0,0,0,0,0
2026-07-27T09:58:55Z,CE604B80F1DA2F88,16.14,queries/Core/04_join_scale/join_150kx25.sql,measured,2,1,10,3,0.430,62.848,4,2,300000,600050,300000,2400200,0,0,customer;nation,1410,5839,0,0,0,0,0
2026-07-27T09:58:55Z,CE604B80F1DA2F88,16.14,queries/Core/04_join_scale/join_150kx25.sql,measured,2,2,10,3,0.087,61.080,4,2,300000,600050,300000,2400200,0,0,customer;nation,1442,5807,0,0,0,0,0
2026-07-27T09:58:55Z,CE604B80F1DA2F88,16.14,queries/Core/04_join_scale/join_150kx25.sql,measured,2,3,10,3,0.048,60.870,4,2,300000,600050,300000,2400200,0,0,customer;nation,1474,5775,0,0,0,0,0
2026-07-27T09:58:55Z,CE604B80F1DA2F88,16.14,queries/Core/04_join_scale/join_150kx25.sql,measured,2,4,10,3,0.050,61.230,4,2,300000,600050,300000,2400200,0,0,customer;nation,1506,5743,0,0,0,0,0
2026-07-27T09:58:55Z,CE604B80F1DA2F88,16.14,queries/Core/04_join_scale/join_150kx25.sql,measured,2,5,10,3,0.053,60.774,4,2,300000,600050,300000,2400200,0,0,customer;nation,1538,5711,0,0,0,0,0
2026-07-27T09:58:55Z,CE604B80F1DA2F88,16.14,queries/Core/04_join_scale/join_150kx25.sql,measured,2,6,10,3,0.052,60.801,4,2,300000,600050,300000,2400200,0,0,customer;nation,1570,5679,0,0,0,0,0
2026-07-27T09:58:55Z,CE604B80F1DA2F88,16.14,queries/Core/04_join_scale/join_150kx25.sql,measured,2,7,10,3,0.058,60.807,4,2,300000,600050,300000,2400200,0,0,customer;nation,1602,5647,0,0,0,0,0
2026-07-27T09:58:55Z,CE604B80F1DA2F88,16.14,queries/Core/04_join_scale/join_150kx25.sql,measured,2,8,10,3,0.060,60.812,4,2,300000,600050,300000,2400200,0,0,customer;nation,1634,5615,0,0,0,0,0
2026-07-27T09:58:55Z,CE604B80F1DA2F88,16.14,queries/Core/04_join_scale/join_150kx25.sql,measured,2,9,10,3,0.054,61.098,4,2,300000,600050,300000,2400200,0,0,customer;nation,1666,5583,0,0,0,0,0
2026-07-27T09:58:55Z,CE604B80F1DA2F88,16.14,queries/Core/04_join_scale/join_150kx25.sql,measured,2,10,10,3,0.052,61.044,4,2,300000,600050,300000,2400200,0,0,customer;nation,1698,5551,0,0,0,0,0
2026-07-27T09:58:56Z,CE604B80F1DA2F88,16.14,queries/Core/04_join_scale/join_150kx25.sql,measured,3,1,10,3,0.434,63.048,4,2,300000,600050,300000,2400200,0,0,customer;nation,1730,5519,0,0,0,0,0
2026-07-27T09:58:56Z,CE604B80F1DA2F88,16.14,queries/Core/04_join_scale/join_150kx25.sql,measured,3,2,10,3,0.066,61.177,4,2,300000,600050,300000,2400200,0,0,customer;nation,1762,5487,0,0,0,0,0
2026-07-27T09:58:56Z,CE604B80F1DA2F88,16.14,queries/Core/04_join_scale/join_150kx25.sql,measured,3,3,10,3,0.054,61.001,4,2,300000,600050,300000,2400200,0,0,customer;nation,1794,5455,0,0,0,0,0
2026-07-27T09:58:56Z,CE604B80F1DA2F88,16.14,queries/Core/04_join_scale/join_150kx25.sql,measured,3,4,10,3,0.046,60.865,4,2,300000,600050,300000,2400200,0,0,customer;nation,1826,5423,0,0,0,0,0
2026-07-27T09:58:56Z,CE604B80F1DA2F88,16.14,queries/Core/04_join_scale/join_150kx25.sql,measured,3,5,10,3,0.049,66.741,4,2,300000,600050,300000,2400200,0,0,customer;nation,1858,5391,0,0,0,0,0
2026-07-27T09:58:56Z,CE604B80F1DA2F88,16.14,queries/Core/04_join_scale/join_150kx25.sql,measured,3,6,10,3,0.066,60.578,4,2,300000,600050,300000,2400200,0,0,customer;nation,1890,5359,0,0,0,0,0
2026-07-27T09:58:56Z,CE604B80F1DA2F88,16.14,queries/Core/04_join_scale/join_150kx25.sql,measured,3,7,10,3,0.053,60.864,4,2,300000,600050,300000,2400200,0,0,customer;nation,1922,5327,0,0,0,0,0
2026-07-27T09:58:56Z,CE604B80F1DA2F88,16.14,queries/Core/04_join_scale/join_150kx25.sql,measured,3,8,10,3,0.048,60.733,4,2,300000,600050,300000,2400200,0,0,customer;nation,1954,5295,0,0,0,0,0
2026-07-27T09:58:56Z,CE604B80F1DA2F88,16.14,queries/Core/04_join_scale/join_150kx25.sql,measured,3,9,10,3,0.049,62.673,4,2,300000,600050,300000,2400200,0,0,customer;nation,1986,5263,0,0,0,0,0
2026-07-27T09:58:56Z,CE604B80F1DA2F88,16.14,queries/Core/04_join_scale/join_150kx25.sql,measured,3,10,10,3,0.055,60.510,4,2,300000,600050,300000,2400200,0,0,customer;nation,2018,5231,0,0,0,0,0
2026-07-27T09:58:56Z,CE604B80F1DA2F88,16.14,queries/Core/04_join_scale/join_25x5.sql,warmup,1,1,1,3,0.334,2.638,4,2,25,60,25,240,0,0,nation;region,1,1,0,0,0,0,0
2026-07-27T09:58:56Z,CE604B80F1DA2F88,16.14,queries/Core/04_join_scale/join_25x5.sql,warmup,2,1,1,3,0.322,0.097,4,2,25,60,25,240,0,0,nation;region,2,0,0,0,0,0,0
2026-07-27T09:58:56Z,CE604B80F1DA2F88,16.14,queries/Core/04_join_scale/join_25x5.sql,measured,1,1,10,3,0.321,0.109,4,2,25,60,25,240,0,0,nation;region,2,0,0,0,0,0,0
2026-07-27T09:58:56Z,CE604B80F1DA2F88,16.14,queries/Core/04_join_scale/join_25x5.sql,measured,1,2,10,3,0.026,0.032,4,2,25,60,25,240,0,0,nation;region,2,0,0,0,0,0,0
2026-07-27T09:58:56Z,CE604B80F1DA2F88,16.14,queries/Core/04_join_scale/join_25x5.sql,measured,1,3,10,3,0.022,0.018,4,2,25,60,25,240,0,0,nation;region,2,0,0,0,0,0,0
2026-07-27T09:58:56Z,CE604B80F1DA2F88,16.14,queries/Core/04_join_scale/join_25x5.sql,measured,1,4,10,3,0.020,0.017,4,2,25,60,25,240,0,0,nation;region,2,0,0,0,0,0,0
2026-07-27T09:58:56Z,CE604B80F1DA2F88,16.14,queries/Core/04_join_scale/join_25x5.sql,measured,1,5,10,3,0.020,0.017,4,2,25,60,25,240,0,0,nation;region,2,0,0,0,0,0,0
2026-07-27T09:58:56Z,CE604B80F1DA2F88,16.14,queries/Core/04_join_scale/join_25x5.sql,measured,1,6,10,3,0.019,0.016,4,2,25,60,25,240,0,0,nation;region,2,0,0,0,0,0,0
2026-07-27T09:58:56Z,CE604B80F1DA2F88,16.14,queries/Core/04_join_scale/join_25x5.sql,measured,1,7,10,3,0.019,0.016,4,2,25,60,25,240,0,0,nation;region,2,0,0,0,0,0,0
2026-07-27T09:58:56Z,CE604B80F1DA2F88,16.14,queries/Core/04_join_scale/join_25x5.sql,measured,1,8,10,3,0.019,0.016,4,2,25,60,25,240,0,0,nation;region,2,0,0,0,0,0,0
2026-07-27T09:58:56Z,CE604B80F1DA2F88,16.14,queries/Core/04_join_scale/join_25x5.sql,measured,1,9,10,3,0.018,0.016,4,2,25,60,25,240,0,0,nation;region,2,0,0,0,0,0,0
2026-07-27T09:58:56Z,CE604B80F1DA2F88,16.14,queries/Core/04_join_scale/join_25x5.sql,measured,1,10,10,3,0.019,0.016,4,2,25,60,25,240,0,0,nation;region,2,0,0,0,0,0,0
2026-07-27T09:58:56Z,CE604B80F1DA2F88,16.14,queries/Core/04_join_scale/join_25x5.sql,measured,2,1,10,3,0.341,0.097,4,2,25,60,25,240,0,0,nation;region,2,0,0,0,0,0,0
2026-07-27T09:58:56Z,CE604B80F1DA2F88,16.14,queries/Core/04_join_scale/join_25x5.sql,measured,2,2,10,3,0.024,0.028,4,2,25,60,25,240,0,0,nation;region,2,0,0,0,0,0,0
2026-07-27T09:58:56Z,CE604B80F1DA2F88,16.14,queries/Core/04_join_scale/join_25x5.sql,measured,2,3,10,3,0.021,0.018,4,2,25,60,25,240,0,0,nation;region,2,0,0,0,0,0,0
2026-07-27T09:58:56Z,CE604B80F1DA2F88,16.14,queries/Core/04_join_scale/join_25x5.sql,measured,2,4,10,3,0.021,0.017,4,2,25,60,25,240,0,0,nation;region,2,0,0,0,0,0,0
2026-07-27T09:58:56Z,CE604B80F1DA2F88,16.14,queries/Core/04_join_scale/join_25x5.sql,measured,2,5,10,3,0.019,0.016,4,2,25,60,25,240,0,0,nation;region,2,0,0,0,0,0,0
2026-07-27T09:58:56Z,CE604B80F1DA2F88,16.14,queries/Core/04_join_scale/join_25x5.sql,measured,2,6,10,3,0.019,0.016,4,2,25,60,25,240,0,0,nation;region,2,0,0,0,0,0,0
2026-07-27T09:58:56Z,CE604B80F1DA2F88,16.14,queries/Core/04_join_scale/join_25x5.sql,measured,2,7,10,3,0.019,0.021,4,2,25,60,25,240,0,0,nation;region,2,0,0,0,0,0,0
2026-07-27T09:58:56Z,CE604B80F1DA2F88,16.14,queries/Core/04_join_scale/join_25x5.sql,measured,2,8,10,3,0.019,0.016,4,2,25,60,25,240,0,0,nation;region,2,0,0,0,0,0,0
2026-07-27T09:58:56Z,CE604B80F1DA2F88,16.14,queries/Core/04_join_scale/join_25x5.sql,measured,2,9,10,3,0.018,0.016,4,2,25,60,25,240,0,0,nation;region,2,0,0,0,0,0,0
2026-07-27T09:58:56Z,CE604B80F1DA2F88,16.14,queries/Core/04_join_scale/join_25x5.sql,measured,2,10,10,3,0.019,0.016,4,2,25,60,25,240,0,0,nation;region,2,0,0,0,0,0,0
2026-07-27T09:58:56Z,CE604B80F1DA2F88,16.14,queries/Core/04_join_scale/join_25x5.sql,measured,3,1,10,3,0.322,0.108,4,2,25,60,25,240,0,0,nation;region,2,0,0,0,0,0,0
2026-07-27T09:58:56Z,CE604B80F1DA2F88,16.14,queries/Core/04_join_scale/join_25x5.sql,measured,3,2,10,3,0.029,0.029,4,2,25,60,25,240,0,0,nation;region,2,0,0,0,0,0,0
2026-07-27T09:58:56Z,CE604B80F1DA2F88,16.14,queries/Core/04_join_scale/join_25x5.sql,measured,3,3,10,3,0.026,0.022,4,2,25,60,25,240,0,0,nation;region,2,0,0,0,0,0,0
2026-07-27T09:58:56Z,CE604B80F1DA2F88,16.14,queries/Core/04_join_scale/join_25x5.sql,measured,3,4,10,3,0.022,0.019,4,2,25,60,25,240,0,0,nation;region,2,0,0,0,0,0,0
2026-07-27T09:58:56Z,CE604B80F1DA2F88,16.14,queries/Core/04_join_scale/join_25x5.sql,measured,3,5,10,3,0.020,0.018,4,2,25,60,25,240,0,0,nation;region,2,0,0,0,0,0,0
2026-07-27T09:58:56Z,CE604B80F1DA2F88,16.14,queries/Core/04_join_scale/join_25x5.sql,measured,3,6,10,3,0.020,0.017,4,2,25,60,25,240,0,0,nation;region,2,0,0,0,0,0,0
2026-07-27T09:58:56Z,CE604B80F1DA2F88,16.14,queries/Core/04_join_scale/join_25x5.sql,measured,3,7,10,3,0.019,0.017,4,2,25,60,25,240,0,0,nation;region,2,0,0,0,0,0,0
2026-07-27T09:58:56Z,CE604B80F1DA2F88,16.14,queries/Core/04_join_scale/join_25x5.sql,measured,3,8,10,3,0.019,0.016,4,2,25,60,25,240,0,0,nation;region,2,0,0,0,0,0,0
2026-07-27T09:58:56Z,CE604B80F1DA2F88,16.14,queries/Core/04_join_scale/join_25x5.sql,measured,3,9,10,3,0.019,0.016,4,2,25,60,25,240,0,0,nation;region,2,0,0,0,0,0,0
2026-07-27T09:58:56Z,CE604B80F1DA2F88,16.14,queries/Core/04_join_scale/join_25x5.sql,measured,3,10,10,3,0.019,0.016,4,2,25,60,25,240,0,0,nation;region,2,0,0,0,0,0,0
2026-07-27T09:58:59Z,CE604B80F1DA2F88,16.14,queries/Core/04_join_scale/join_6mx10k.sql,warmup,1,1,1,3,1.153,3193.475,4,2,11997996,24035992,11947849,96143968,0,0,lineitem;supplier,472,225048,0,0,0,0,0
2026-07-27T09:59:01Z,CE604B80F1DA2F88,16.14,queries/Core/04_join_scale/join_6mx10k.sql,warmup,2,1,1,3,0.404,2374.268,4,2,11997996,24035992,11947849,96143968,0,0,lineitem;supplier,504,225016,0,0,0,0,0
2026-07-27T09:59:25Z,CE604B80F1DA2F88,16.14,queries/Core/04_join_scale/join_6mx10k.sql,measured,1,1,10,3,0.423,2366.651,4,2,11997996,24035992,11947849,96143968,0,0,lineitem;supplier,536,224984,0,0,0,0,0
2026-07-27T09:59:25Z,CE604B80F1DA2F88,16.14,queries/Core/04_join_scale/join_6mx10k.sql,measured,1,2,10,3,0.060,2299.909,4,2,11997996,24035992,11947849,96143968,0,0,lineitem;supplier,568,224952,0,0,0,0,0
2026-07-27T09:59:25Z,CE604B80F1DA2F88,16.14,queries/Core/04_join_scale/join_6mx10k.sql,measured,1,3,10,3,0.060,2294.938,4,2,11997996,24035992,11947849,96143968,0,0,lineitem;supplier,600,224920,0,0,0,0,0
2026-07-27T09:59:25Z,CE604B80F1DA2F88,16.14,queries/Core/04_join_scale/join_6mx10k.sql,measured,1,4,10,3,0.060,2319.192,4,2,11997996,24035992,11947849,96143968,0,0,lineitem;supplier,632,224888,0,0,0,0,0
2026-07-27T09:59:25Z,CE604B80F1DA2F88,16.14,queries/Core/04_join_scale/join_6mx10k.sql,measured,1,5,10,3,0.058,2316.384,4,2,11997996,24035992,11947849,96143968,0,0,lineitem;supplier,664,224856,0,0,0,0,0
2026-07-27T09:59:25Z,CE604B80F1DA2F88,16.14,queries/Core/04_join_scale/join_6mx10k.sql,measured,1,6,10,3,0.067,2303.467,4,2,11997996,24035992,11947849,96143968,0,0,lineitem;supplier,696,224824,0,0,0,0,0
2026-07-27T09:59:25Z,CE604B80F1DA2F88,16.14,queries/Core/04_join_scale/join_6mx10k.sql,measured,1,7,10,3,0.060,2319.323,4,2,11997996,24035992,11947849,96143968,0,0,lineitem;supplier,728,224792,0,0,0,0,0
2026-07-27T09:59:25Z,CE604B80F1DA2F88,16.14,queries/Core/04_join_scale/join_6mx10k.sql,measured,1,8,10,3,0.060,2303.033,4,2,11997996,24035992,11947849,96143968,0,0,lineitem;supplier,760,224760,0,0,0,0,0
2026-07-27T09:59:25Z,CE604B80F1DA2F88,16.14,queries/Core/04_join_scale/join_6mx10k.sql,measured,1,9,10,3,0.061,2297.781,4,2,11997996,24035992,11947849,96143968,0,0,lineitem;supplier,792,224728,0,0,0,0,0
2026-07-27T09:59:25Z,CE604B80F1DA2F88,16.14,queries/Core/04_join_scale/join_6mx10k.sql,measured,1,10,10,3,0.060,2302.205,4,2,11997996,24035992,11947849,96143968,0,0,lineitem;supplier,824,224696,0,0,0,0,0
2026-07-27T09:59:48Z,CE604B80F1DA2F88,16.14,queries/Core/04_join_scale/join_6mx10k.sql,measured,2,1,10,3,0.402,2378.974,4,2,11997996,24035992,11947849,96143968,0,0,lineitem;supplier,856,224664,0,0,0,0,0
2026-07-27T09:59:48Z,CE604B80F1DA2F88,16.14,queries/Core/04_join_scale/join_6mx10k.sql,measured,2,2,10,3,0.078,2313.272,4,2,11997996,24035992,11947849,96143968,0,0,lineitem;supplier,888,224632,0,0,0,0,0
2026-07-27T09:59:48Z,CE604B80F1DA2F88,16.14,queries/Core/04_join_scale/join_6mx10k.sql,measured,2,3,10,3,0.060,2307.029,4,2,11997996,24035992,11947849,96143968,0,0,lineitem;supplier,920,224600,0,0,0,0,0
2026-07-27T09:59:48Z,CE604B80F1DA2F88,16.14,queries/Core/04_join_scale/join_6mx10k.sql,measured,2,4,10,3,0.058,2336.416,4,2,11997996,24035992,11947849,96143968,0,0,lineitem;supplier,952,224568,0,0,0,0,0
2026-07-27T09:59:48Z,CE604B80F1DA2F88,16.14,queries/Core/04_join_scale/join_6mx10k.sql,measured,2,5,10,3,0.061,2327.968,4,2,11997996,24035992,11947849,96143968,0,0,lineitem;supplier,984,224536,0,0,0,0,0
2026-07-27T09:59:48Z,CE604B80F1DA2F88,16.14,queries/Core/04_join_scale/join_6mx10k.sql,measured,2,6,10,3,0.060,2314.670,4,2,11997996,24035992,11947849,96143968,0,0,lineitem;supplier,1016,224504,0,0,0,0,0
2026-07-27T09:59:48Z,CE604B80F1DA2F88,16.14,queries/Core/04_join_scale/join_6mx10k.sql,measured,2,7,10,3,0.059,2332.716,4,2,11997996,24035992,11947849,96143968,0,0,lineitem;supplier,1048,224472,0,0,0,0,0
2026-07-27T09:59:48Z,CE604B80F1DA2F88,16.14,queries/Core/04_join_scale/join_6mx10k.sql,measured,2,8,10,3,0.057,2319.010,4,2,11997996,24035992,11947849,96143968,0,0,lineitem;supplier,1080,224440,0,0,0,0,0
2026-07-27T09:59:48Z,CE604B80F1DA2F88,16.14,queries/Core/04_join_scale/join_6mx10k.sql,measured,2,9,10,3,0.059,2317.496,4,2,11997996,24035992,11947849,96143968,0,0,lineitem;supplier,1112,224408,0,0,0,0,0
2026-07-27T09:59:48Z,CE604B80F1DA2F88,16.14,queries/Core/04_join_scale/join_6mx10k.sql,measured,2,10,10,3,0.059,2312.492,4,2,11997996,24035992,11947849,96143968,0,0,lineitem;supplier,1144,224376,0,0,0,0,0
2026-07-27T10:00:11Z,CE604B80F1DA2F88,16.14,queries/Core/04_join_scale/join_6mx10k.sql,measured,3,1,10,3,0.408,2368.781,4,2,11997996,24035992,11947849,96143968,0,0,lineitem;supplier,1176,224344,0,0,0,0,0
2026-07-27T10:00:11Z,CE604B80F1DA2F88,16.14,queries/Core/04_join_scale/join_6mx10k.sql,measured,3,2,10,3,0.058,2298.054,4,2,11997996,24035992,11947849,96143968,0,0,lineitem;supplier,1208,224312,0,0,0,0,0
2026-07-27T10:00:11Z,CE604B80F1DA2F88,16.14,queries/Core/04_join_scale/join_6mx10k.sql,measured,3,3,10,3,0.060,2295.221,4,2,11997996,24035992,11947849,96143968,0,0,lineitem;supplier,1240,224280,0,0,0,0,0
2026-07-27T10:00:11Z,CE604B80F1DA2F88,16.14,queries/Core/04_join_scale/join_6mx10k.sql,measured,3,4,10,3,0.058,2320.187,4,2,11997996,24035992,11947849,96143968,0,0,lineitem;supplier,1272,224248,0,0,0,0,0
2026-07-27T10:00:11Z,CE604B80F1DA2F88,16.14,queries/Core/04_join_scale/join_6mx10k.sql,measured,3,5,10,3,0.058,2317.492,4,2,11997996,24035992,11947849,96143968,0,0,lineitem;supplier,1304,224216,0,0,0,0,0
2026-07-27T10:00:11Z,CE604B80F1DA2F88,16.14,queries/Core/04_join_scale/join_6mx10k.sql,measured,3,6,10,3,0.060,2298.237,4,2,11997996,24035992,11947849,96143968,0,0,lineitem;supplier,1336,224184,0,0,0,0,0
2026-07-27T10:00:11Z,CE604B80F1DA2F88,16.14,queries/Core/04_join_scale/join_6mx10k.sql,measured,3,7,10,3,0.058,2323.326,4,2,11997996,24035992,11947849,96143968,0,0,lineitem;supplier,1368,224152,0,0,0,0,0
2026-07-27T10:00:11Z,CE604B80F1DA2F88,16.14,queries/Core/04_join_scale/join_6mx10k.sql,measured,3,8,10,3,0.058,2306.033,4,2,11997996,24035992,11947849,96143968,0,0,lineitem;supplier,1400,224120,0,0,0,0,0
2026-07-27T10:00:11Z,CE604B80F1DA2F88,16.14,queries/Core/04_join_scale/join_6mx10k.sql,measured,3,9,10,3,0.059,2297.639,4,2,11997996,24035992,11947849,96143968,0,0,lineitem;supplier,1432,224088,0,0,0,0,0
2026-07-27T10:00:11Z,CE604B80F1DA2F88,16.14,queries/Core/04_join_scale/join_6mx10k.sql,measured,3,10,10,3,0.060,2297.200,4,2,11997996,24035992,11947849,96143968,0,0,lineitem;supplier,1464,224056,0,0,0,0,0
2026-07-27T10:00:16Z,CE604B80F1DA2F88,16.14,queries/Core/04_join_scale/join_6mx1500k.sql,warmup,1,1,1,3,0.455,4300.320,4,2,11997996,29995992,11998030,119983968,0,0,lineitem;orders,2048,275248,0,0,42589,42589,0
2026-07-27T10:00:20Z,CE604B80F1DA2F88,16.14,queries/Core/04_join_scale/join_6mx1500k.sql,warmup,2,1,1,3,0.455,4297.930,4,2,11997996,29995992,11998030,119983968,0,0,lineitem;orders,2112,275184,0,0,42589,42589,0
2026-07-27T10:01:03Z,CE604B80F1DA2F88,16.14,queries/Core/04_join_scale/join_6mx1500k.sql,measured,1,1,10,3,0.483,4296.624,4,2,11997996,29995992,11998030,119983968,0,0,lineitem;orders,2176,275120,0,0,42589,42589,0
2026-07-27T10:01:03Z,CE604B80F1DA2F88,16.14,queries/Core/04_join_scale/join_6mx1500k.sql,measured,1,2,10,3,0.074,4286.553,4,2,11997996,29995992,11998030,119983968,0,0,lineitem;orders,2240,275056,0,0,42589,42589,0
2026-07-27T10:01:03Z,CE604B80F1DA2F88,16.14,queries/Core/04_join_scale/join_6mx1500k.sql,measured,1,3,10,3,0.073,4290.637,4,2,11997996,29995992,11998030,119983968,0,0,lineitem;orders,2304,274992,0,0,42589,42589,0
2026-07-27T10:01:03Z,CE604B80F1DA2F88,16.14,queries/Core/04_join_scale/join_6mx1500k.sql,measured,1,4,10,3,0.074,4277.636,4,2,11997996,29995992,11998030,119983968,0,0,lineitem;orders,2368,274928,0,0,42589,42589,0
2026-07-27T10:01:03Z,CE604B80F1DA2F88,16.14,queries/Core/04_join_scale/join_6mx1500k.sql,measured,1,5,10,3,0.074,4284.580,4,2,11997996,29995992,11998030,119983968,0,0,lineitem;orders,2432,274864,0,0,42589,42589,0
2026-07-27T10:01:03Z,CE604B80F1DA2F88,16.14,queries/Core/04_join_scale/join_6mx1500k.sql,measured,1,6,10,3,0.073,4282.467,4,2,11997996,29995992,11998030,119983968,0,0,lineitem;orders,2496,274800,0,0,42589,42589,0
2026-07-27T10:01:03Z,CE604B80F1DA2F88,16.14,queries/Core/04_join_scale/join_6mx1500k.sql,measured,1,7,10,3,0.073,4213.966,4,2,11997996,29995992,11998030,119983968,0,0,lineitem;orders,2560,274736,0,0,42589,42589,0
2026-07-27T10:01:03Z,CE604B80F1DA2F88,16.14,queries/Core/04_join_scale/join_6mx1500k.sql,measured,1,8,10,3,0.075,4303.640,4,2,11997996,29995992,11998030,119983968,0,0,lineitem;orders,2624,274672,0,0,42589,42589,0
2026-07-27T10:01:03Z,CE604B80F1DA2F88,16.14,queries/Core/04_join_scale/join_6mx1500k.sql,measured,1,9,10,3,0.073,4298.635,4,2,11997996,29995992,11998030,119983968,0,0,lineitem;orders,2688,274608,0,0,42589,42589,0
2026-07-27T10:01:03Z,CE604B80F1DA2F88,16.14,queries/Core/04_join_scale/join_6mx1500k.sql,measured,1,10,10,3,0.101,4300.154,4,2,11997996,29995992,11998030,119983968,0,0,lineitem;orders,2752,274544,0,0,42589,42589,0
2026-07-27T10:01:46Z,CE604B80F1DA2F88,16.14,queries/Core/04_join_scale/join_6mx1500k.sql,measured,2,1,10,3,0.462,4299.310,4,2,11997996,29995992,11998030,119983968,0,0,lineitem;orders,2816,274480,0,0,42589,42589,0
2026-07-27T10:01:46Z,CE604B80F1DA2F88,16.14,queries/Core/04_join_scale/join_6mx1500k.sql,measured,2,2,10,3,0.091,4291.548,4,2,11997996,29995992,11998030,119983968,0,0,lineitem;orders,2880,274416,0,0,42589,42589,0
2026-07-27T10:01:46Z,CE604B80F1DA2F88,16.14,queries/Core/04_join_scale/join_6mx1500k.sql,measured,2,3,10,3,0.075,4275.959,4,2,11997996,29995992,11998030,119983968,0,0,lineitem;orders,2944,274352,0,0,42589,42589,0
2026-07-27T10:01:46Z,CE604B80F1DA2F88,16.14,queries/Core/04_join_scale/join_6mx1500k.sql,measured,2,4,10,3,0.075,4272.458,4,2,11997996,29995992,11998030,119983968,0,0,lineitem;orders,3008,274288,0,0,42589,42589,0
2026-07-27T10:01:46Z,CE604B80F1DA2F88,16.14,queries/Core/04_join_scale/join_6mx1500k.sql,measured,2,5,10,3,0.076,4274.058,4,2,11997996,29995992,11998030,119983968,0,0,lineitem;orders,3072,274224,0,0,42589,42589,0
2026-07-27T10:01:46Z,CE604B80F1DA2F88,16.14,queries/Core/04_join_scale/join_6mx1500k.sql,measured,2,6,10,3,0.074,4286.946,4,2,11997996,29995992,11998030,119983968,0,0,lineitem;orders,3136,274160,0,0,42589,42589,0
2026-07-27T10:01:46Z,CE604B80F1DA2F88,16.14,queries/Core/04_join_scale/join_6mx1500k.sql,measured,2,7,10,3,0.074,4208.803,4,2,11997996,29995992,11998030,119983968,0,0,lineitem;orders,3200,274096,0,0,42589,42589,0
2026-07-27T10:01:46Z,CE604B80F1DA2F88,16.14,queries/Core/04_join_scale/join_6mx1500k.sql,measured,2,8,10,3,0.083,4287.675,4,2,11997996,29995992,11998030,119983968,0,0,lineitem;orders,3264,274032,0,0,42589,42589,0
2026-07-27T10:01:46Z,CE604B80F1DA2F88,16.14,queries/Core/04_join_scale/join_6mx1500k.sql,measured,2,9,10,3,0.075,4286.647,4,2,11997996,29995992,11998030,119983968,0,0,lineitem;orders,3328,273968,0,0,42589,42589,0
2026-07-27T10:01:46Z,CE604B80F1DA2F88,16.14,queries/Core/04_join_scale/join_6mx1500k.sql,measured,2,10,10,3,0.082,4288.240,4,2,11997996,29995992,11998030,119983968,0,0,lineitem;orders,3392,273904,0,0,42589,42589,0
2026-07-27T10:02:28Z,CE604B80F1DA2F88,16.14,queries/Core/04_join_scale/join_6mx1500k.sql,measured,3,1,10,3,0.450,4285.541,4,2,11997996,29995992,11998030,119983968,0,0,lineitem;orders,3456,273840,0,0,42589,42589,0
2026-07-27T10:02:28Z,CE604B80F1DA2F88,16.14,queries/Core/04_join_scale/join_6mx1500k.sql,measured,3,2,10,3,0.098,4269.654,4,2,11997996,29995992,11998030,119983968,0,0,lineitem;orders,3520,273776,0,0,42589,42589,0
2026-07-27T10:02:28Z,CE604B80F1DA2F88,16.14,queries/Core/04_join_scale/join_6mx1500k.sql,measured,3,3,10,3,0.073,4271.697,4,2,11997996,29995992,11998030,119983968,0,0,lineitem;orders,3584,273712,0,0,42589,42589,0
2026-07-27T10:02:28Z,CE604B80F1DA2F88,16.14,queries/Core/04_join_scale/join_6mx1500k.sql,measured,3,4,10,3,0.092,4287.137,4,2,11997996,29995992,11998030,119983968,0,0,lineitem;orders,3648,273648,0,0,42589,42589,0
2026-07-27T10:02:28Z,CE604B80F1DA2F88,16.14,queries/Core/04_join_scale/join_6mx1500k.sql,measured,3,5,10,3,0.089,4273.129,4,2,11997996,29995992,11998030,119983968,0,0,lineitem;orders,3712,273584,0,0,42589,42589,0
2026-07-27T10:02:28Z,CE604B80F1DA2F88,16.14,queries/Core/04_join_scale/join_6mx1500k.sql,measured,3,6,10,3,0.075,4270.021,4,2,11997996,29995992,11998030,119983968,0,0,lineitem;orders,3776,273520,0,0,42589,42589,0
2026-07-27T10:02:28Z,CE604B80F1DA2F88,16.14,queries/Core/04_join_scale/join_6mx1500k.sql,measured,3,7,10,3,0.090,4208.987,4,2,11997996,29995992,11998030,119983968,0,0,lineitem;orders,3840,273456,0,0,42589,42589,0
2026-07-27T10:02:28Z,CE604B80F1DA2F88,16.14,queries/Core/04_join_scale/join_6mx1500k.sql,measured,3,8,10,3,0.089,4299.847,4,2,11997996,29995992,11998030,119983968,0,0,lineitem;orders,3904,273392,0,0,42589,42589,0
2026-07-27T10:02:28Z,CE604B80F1DA2F88,16.14,queries/Core/04_join_scale/join_6mx1500k.sql,measured,3,9,10,3,0.073,4244.052,4,2,11997996,29995992,11998030,119983968,0,0,lineitem;orders,3968,273328,0,0,42589,42589,0
2026-07-27T10:02:28Z,CE604B80F1DA2F88,16.14,queries/Core/04_join_scale/join_6mx1500k.sql,measured,3,10,10,3,0.074,4300.266,4,2,11997996,29995992,11998030,119983968,0,0,lineitem;orders,4031,273265,0,0,42589,42589,0
2026-07-27T10:02:33Z,CE604B80F1DA2F88,16.14,queries/Core/04_join_scale/join_6mx200k.sql,warmup,1,1,1,3,0.406,4454.540,4,2,11997996,24795992,11998030,99183968,0,0,lineitem;part,2048,231224,0,0,27250,27250,0
2026-07-27T10:02:37Z,CE604B80F1DA2F88,16.14,queries/Core/04_join_scale/join_6mx200k.sql,warmup,2,1,1,3,0.411,4492.361,4,2,11997996,24795992,11998030,99183968,0,0,lineitem;part,2112,231160,0,0,27250,27250,0
2026-07-27T10:03:21Z,CE604B80F1DA2F88,16.14,queries/Core/04_join_scale/join_6mx200k.sql,measured,1,1,10,3,0.439,4454.225,4,2,11997996,24795992,11998030,99183968,0,0,lineitem;part,2176,231096,0,0,27250,27250,0
2026-07-27T10:03:21Z,CE604B80F1DA2F88,16.14,queries/Core/04_join_scale/join_6mx200k.sql,measured,1,2,10,3,0.061,4362.739,4,2,11997996,24795992,11998030,99183968,0,0,lineitem;part,2240,231032,0,0,27250,27250,0
2026-07-27T10:03:21Z,CE604B80F1DA2F88,16.14,queries/Core/04_join_scale/join_6mx200k.sql,measured,1,3,10,3,0.057,4295.108,4,2,11997996,24795992,11998030,99183968,0,0,lineitem;part,2304,230968,0,0,27250,27250,0
2026-07-27T10:03:21Z,CE604B80F1DA2F88,16.14,queries/Core/04_join_scale/join_6mx200k.sql,measured,1,4,10,3,0.076,4301.296,4,2,11997996,24795992,11998030,99183968,0,0,lineitem;part,2368,230904,0,0,27250,27250,0
2026-07-27T10:03:21Z,CE604B80F1DA2F88,16.14,queries/Core/04_join_scale/join_6mx200k.sql,measured,1,5,10,3,0.058,4252.078,4,2,11997996,24795992,11998030,99183968,0,0,lineitem;part,2432,230840,0,0,27250,27250,0
2026-07-27T10:03:21Z,CE604B80F1DA2F88,16.14,queries/Core/04_join_scale/join_6mx200k.sql,measured,1,6,10,3,0.058,4319.628,4,2,11997996,24795992,11998030,99183968,0,0,lineitem;part,2496,230776,0,0,27250,27250,0
2026-07-27T10:03:21Z,CE604B80F1DA2F88,16.14,queries/Core/04_join_scale/join_6mx200k.sql,measured,1,7,10,3,0.076,4225.951,4,2,11997996,24795992,11998030,99183968,0,0,lineitem;part,2560,230712,0,0,27250,27250,0
2026-07-27T10:03:21Z,CE604B80F1DA2F88,16.14,queries/Core/04_join_scale/join_6mx200k.sql,measured,1,8,10,3,0.059,4412.250,4,2,11997996,24795992,11998030,99183968,0,0,lineitem;part,2624,230648,0,0,27250,27250,0
2026-07-27T10:03:21Z,CE604B80F1DA2F88,16.14,queries/Core/04_join_scale/join_6mx200k.sql,measured,1,9,10,3,0.058,4315.603,4,2,11997996,24795992,11998030,99183968,0,0,lineitem;part,2688,230584,0,0,27250,27250,0
2026-07-27T10:03:21Z,CE604B80F1DA2F88,16.14,queries/Core/04_join_scale/join_6mx200k.sql,measured,1,10,10,3,0.059,4277.349,4,2,11997996,24795992,11998030,99183968,0,0,lineitem;part,2752,230520,0,0,27250,27250,0
2026-07-27T10:04:04Z,CE604B80F1DA2F88,16.14,queries/Core/04_join_scale/join_6mx200k.sql,measured,2,1,10,3,0.411,4427.604,4,2,11997996,24795992,11998030,99183968,0,0,lineitem;part,2816,230456,0,0,27250,27250,0
2026-07-27T10:04:04Z,CE604B80F1DA2F88,16.14,queries/Core/04_join_scale/join_6mx200k.sql,measured,2,2,10,3,0.064,4236.147,4,2,11997996,24795992,11998030,99183968,0,0,lineitem;part,2880,230392,0,0,27250,27250,0
2026-07-27T10:04:04Z,CE604B80F1DA2F88,16.14,queries/Core/04_join_scale/join_6mx200k.sql,measured,2,3,10,3,0.059,4322.249,4,2,11997996,24795992,11998030,99183968,0,0,lineitem;part,2944,230328,0,0,27250,27250,0
2026-07-27T10:04:04Z,CE604B80F1DA2F88,16.14,queries/Core/04_join_scale/join_6mx200k.sql,measured,2,4,10,3,0.060,4258.818,4,2,11997996,24795992,11998030,99183968,0,0,lineitem;part,3008,230264,0,0,27250,27250,0
2026-07-27T10:04:04Z,CE604B80F1DA2F88,16.14,queries/Core/04_join_scale/join_6mx200k.sql,measured,2,5,10,3,0.059,4278.214,4,2,11997996,24795992,11998030,99183968,0,0,lineitem;part,3072,230200,0,0,27250,27250,0
2026-07-27T10:04:04Z,CE604B80F1DA2F88,16.14,queries/Core/04_join_scale/join_6mx200k.sql,measured,2,6,10,3,0.059,4233.496,4,2,11997996,24795992,11998030,99183968,0,0,lineitem;part,3136,230136,0,0,27250,27250,0
2026-07-27T10:04:04Z,CE604B80F1DA2F88,16.14,queries/Core/04_join_scale/join_6mx200k.sql,measured,2,7,10,3,0.059,4231.881,4,2,11997996,24795992,11998030,99183968,0,0,lineitem;part,3200,230072,0,0,27250,27250,0
2026-07-27T10:04:04Z,CE604B80F1DA2F88,16.14,queries/Core/04_join_scale/join_6mx200k.sql,measured,2,8,10,3,0.080,4318.746,4,2,11997996,24795992,11998030,99183968,0,0,lineitem;part,3264,230008,0,0,27250,27250,0
2026-07-27T10:04:04Z,CE604B80F1DA2F88,16.14,queries/Core/04_join_scale/join_6mx200k.sql,measured,2,9,10,3,0.938,4220.202,4,2,11997996,24795992,11998030,99183968,0,0,lineitem;part,3328,229944,0,0,27250,27250,0
2026-07-27T10:04:04Z,CE604B80F1DA2F88,16.14,queries/Core/04_join_scale/join_6mx200k.sql,measured,2,10,10,3,0.059,4293.004,4,2,11997996,24795992,11998030,99183968,0,0,lineitem;part,3392,229880,0,0,27250,27250,0
2026-07-27T10:04:47Z,CE604B80F1DA2F88,16.14,queries/Core/04_join_scale/join_6mx200k.sql,measured,3,1,10,3,0.412,4317.420,4,2,11997996,24795992,11998030,99183968,0,0,lineitem;part,3456,229816,0,0,27250,27250,0
2026-07-27T10:04:47Z,CE604B80F1DA2F88,16.14,queries/Core/04_join_scale/join_6mx200k.sql,measured,3,2,10,3,0.059,4323.205,4,2,11997996,24795992,11998030,99183968,0,0,lineitem;part,3520,229752,0,0,27250,27250,0
2026-07-27T10:04:47Z,CE604B80F1DA2F88,16.14,queries/Core/04_join_scale/join_6mx200k.sql,measured,3,3,10,3,0.059,4300.749,4,2,11997996,24795992,11998030,99183968,0,0,lineitem;part,3584,229688,0,0,27250,27250,0
2026-07-27T10:04:47Z,CE604B80F1DA2F88,16.14,queries/Core/04_join_scale/join_6mx200k.sql,measured,3,4,10,3,0.066,4292.915,4,2,11997996,24795992,11998030,99183968,0,0,lineitem;part,3648,229624,0,0,27250,27250,0
2026-07-27T10:04:47Z,CE604B80F1DA2F88,16.14,queries/Core/04_join_scale/join_6mx200k.sql,measured,3,5,10,3,0.060,4270.969,4,2,11997996,24795992,11998030,99183968,0,0,lineitem;part,3712,229560,0,0,27250,27250,0
2026-07-27T10:04:47Z,CE604B80F1DA2F88,16.14,queries/Core/04_join_scale/join_6mx200k.sql,measured,3,6,10,3,0.058,4213.045,4,2,11997996,24795992,11998030,99183968,0,0,lineitem;part,3776,229496,0,0,27250,27250,0
2026-07-27T10:04:47Z,CE604B80F1DA2F88,16.14,queries/Core/04_join_scale/join_6mx200k.sql,measured,3,7,10,3,0.058,4328.145,4,2,11997996,24795992,11998030,99183968,0,0,lineitem;part,3840,229432,0,0,27250,27250,0
2026-07-27T10:04:47Z,CE604B80F1DA2F88,16.14,queries/Core/04_join_scale/join_6mx200k.sql,measured,3,8,10,3,0.060,4341.451,4,2,11997996,24795992,11998030,99183968,0,0,lineitem;part,3904,229368,0,0,27250,27250,0
2026-07-27T10:04:47Z,CE604B80F1DA2F88,16.14,queries/Core/04_join_scale/join_6mx200k.sql,measured,3,9,10,3,0.058,4304.979,4,2,11997996,24795992,11998030,99183968,0,0,lineitem;part,3968,229304,0,0,27250,27250,0
2026-07-27T10:04:47Z,CE604B80F1DA2F88,16.14,queries/Core/04_join_scale/join_6mx200k.sql,measured,3,10,10,3,0.060,4418.939,4,2,11997996,24795992,11998030,99183968,0,0,lineitem;part,4032,229240,0,0,27250,27250,0
2026-07-27T10:04:48Z,CE604B80F1DA2F88,16.14,queries/Core/04_join_scale/join_800kx200k.sql,warmup,1,1,1,3,0.369,862.729,4,2,1600000,4000000,1599928,16000000,0,0,partsupp;part,1024,42224,0,0,4397,4397,0
2026-07-27T10:04:48Z,CE604B80F1DA2F88,16.14,queries/Core/04_join_scale/join_800kx200k.sql,warmup,2,1,1,3,0.352,615.469,4,2,1600000,4000000,1599928,16000000,0,0,partsupp;part,1088,42160,0,0,4397,4397,0
2026-07-27T10:04:54Z,CE604B80F1DA2F88,16.14,queries/Core/04_join_scale/join_800kx200k.sql,measured,1,1,10,3,0.360,614.472,4,2,1600000,4000000,1599928,16000000,0,0,partsupp;part,1152,42096,0,0,4397,4397,0
2026-07-27T10:04:54Z,CE604B80F1DA2F88,16.14,queries/Core/04_join_scale/join_800kx200k.sql,measured,1,2,10,3,0.053,598.394,4,2,1600000,4000000,1599928,16000000,0,0,partsupp;part,1216,42032,0,0,4397,4397,0
2026-07-27T10:04:54Z,CE604B80F1DA2F88,16.14,queries/Core/04_join_scale/join_800kx200k.sql,measured,1,3,10,3,0.053,596.812,4,2,1600000,4000000,1599928,16000000,0,0,partsupp;part,1280,41968,0,0,4397,4397,0
2026-07-27T10:04:54Z,CE604B80F1DA2F88,16.14,queries/Core/04_join_scale/join_800kx200k.sql,measured,1,4,10,3,0.052,596.196,4,2,1600000,4000000,1599928,16000000,0,0,partsupp;part,1344,41904,0,0,4397,4397,0
2026-07-27T10:04:54Z,CE604B80F1DA2F88,16.14,queries/Core/04_join_scale/join_800kx200k.sql,measured,1,5,10,3,0.053,598.087,4,2,1600000,4000000,1599928,16000000,0,0,partsupp;part,1408,41840,0,0,4397,4397,0
2026-07-27T10:04:54Z,CE604B80F1DA2F88,16.14,queries/Core/04_join_scale/join_800kx200k.sql,measured,1,6,10,3,0.052,592.148,4,2,1600000,4000000,1599928,16000000,0,0,partsupp;part,1472,41776,0,0,4397,4397,0
2026-07-27T10:04:54Z,CE604B80F1DA2F88,16.14,queries/Core/04_join_scale/join_800kx200k.sql,measured,1,7,10,3,0.053,596.008,4,2,1600000,4000000,1599928,16000000,0,0,partsupp;part,1536,41712,0,0,4397,4397,0
2026-07-27T10:04:54Z,CE604B80F1DA2F88,16.14,queries/Core/04_join_scale/join_800kx200k.sql,measured,1,8,10,3,0.053,588.272,4,2,1600000,4000000,1599928,16000000,0,0,partsupp;part,1600,41648,0,0,4397,4397,0
2026-07-27T10:04:54Z,CE604B80F1DA2F88,16.14,queries/Core/04_join_scale/join_800kx200k.sql,measured,1,9,10,3,0.053,647.745,4,2,1600000,4000000,1599928,16000000,0,0,partsupp;part,1664,41584,0,0,4397,4397,0
2026-07-27T10:04:54Z,CE604B80F1DA2F88,16.14,queries/Core/04_join_scale/join_800kx200k.sql,measured,1,10,10,3,0.053,590.414,4,2,1600000,4000000,1599928,16000000,0,0,partsupp;part,1728,41520,0,0,4397,4397,0
2026-07-27T10:05:01Z,CE604B80F1DA2F88,16.14,queries/Core/04_join_scale/join_800kx200k.sql,measured,2,1,10,3,0.351,616.092,4,2,1600000,4000000,1599928,16000000,0,0,partsupp;part,1792,41456,0,0,4397,4397,0
2026-07-27T10:05:01Z,CE604B80F1DA2F88,16.14,queries/Core/04_join_scale/join_800kx200k.sql,measured,2,2,10,3,0.052,602.118,4,2,1600000,4000000,1599928,16000000,0,0,partsupp;part,1856,41392,0,0,4397,4397,0
2026-07-27T10:05:01Z,CE604B80F1DA2F88,16.14,queries/Core/04_join_scale/join_800kx200k.sql,measured,2,3,10,3,0.052,597.697,4,2,1600000,4000000,1599928,16000000,0,0,partsupp;part,1920,41328,0,0,4397,4397,0
2026-07-27T10:05:01Z,CE604B80F1DA2F88,16.14,queries/Core/04_join_scale/join_800kx200k.sql,measured,2,4,10,3,0.053,595.757,4,2,1600000,4000000,1599928,16000000,0,0,partsupp;part,1984,41264,0,0,4397,4397,0
2026-07-27T10:05:01Z,CE604B80F1DA2F88,16.14,queries/Core/04_join_scale/join_800kx200k.sql,measured,2,5,10,3,0.054,597.278,4,2,1600000,4000000,1599928,16000000,0,0,partsupp;part,2048,41200,0,0,4397,4397,0
2026-07-27T10:05:01Z,CE604B80F1DA2F88,16.14,queries/Core/04_join_scale/join_800kx200k.sql,measured,2,6,10,3,0.060,590.327,4,2,1600000,4000000,1599928,16000000,0,0,partsupp;part,2112,41136,0,0,4397,4397,0
2026-07-27T10:05:01Z,CE604B80F1DA2F88,16.14,queries/Core/04_join_scale/join_800kx200k.sql,measured,2,7,10,3,0.053,595.691,4,2,1600000,4000000,1599928,16000000,0,0,partsupp;part,2176,41072,0,0,4397,4397,0
2026-07-27T10:05:01Z,CE604B80F1DA2F88,16.14,queries/Core/04_join_scale/join_800kx200k.sql,measured,2,8,10,3,0.053,592.279,4,2,1600000,4000000,1599928,16000000,0,0,partsupp;part,2240,41008,0,0,4397,4397,0
2026-07-27T10:05:01Z,CE604B80F1DA2F88,16.14,queries/Core/04_join_scale/join_800kx200k.sql,measured,2,9,10,3,0.068,646.796,4,2,1600000,4000000,1599928,16000000,0,0,partsupp;part,2304,40944,0,0,4397,4397,0
2026-07-27T10:05:01Z,CE604B80F1DA2F88,16.14,queries/Core/04_join_scale/join_800kx200k.sql,measured,2,10,10,3,0.053,588.017,4,2,1600000,4000000,1599928,16000000,0,0,partsupp;part,2368,40880,0,0,4397,4397,0
2026-07-27T10:05:07Z,CE604B80F1DA2F88,16.14,queries/Core/04_join_scale/join_800kx200k.sql,measured,3,1,10,3,0.350,620.086,4,2,1600000,4000000,1599928,16000000,0,0,partsupp;part,2432,40816,0,0,4397,4397,0
2026-07-27T10:05:07Z,CE604B80F1DA2F88,16.14,queries/Core/04_join_scale/join_800kx200k.sql,measured,3,2,10,3,0.053,595.448,4,2,1600000,4000000,1599928,16000000,0,0,partsupp;part,2496,40752,0,0,4397,4397,0
2026-07-27T10:05:07Z,CE604B80F1DA2F88,16.14,queries/Core/04_join_scale/join_800kx200k.sql,measured,3,3,10,3,0.053,598.967,4,2,1600000,4000000,1599928,16000000,0,0,partsupp;part,2560,40688,0,0,4397,4397,0
2026-07-27T10:05:07Z,CE604B80F1DA2F88,16.14,queries/Core/04_join_scale/join_800kx200k.sql,measured,3,4,10,3,0.059,595.353,4,2,1600000,4000000,1599928,16000000,0,0,partsupp;part,2624,40624,0,0,4397,4397,0
2026-07-27T10:05:07Z,CE604B80F1DA2F88,16.14,queries/Core/04_join_scale/join_800kx200k.sql,measured,3,5,10,3,0.052,596.749,4,2,1600000,4000000,1599928,16000000,0,0,partsupp;part,2688,40560,0,0,4397,4397,0
2026-07-27T10:05:07Z,CE604B80F1DA2F88,16.14,queries/Core/04_join_scale/join_800kx200k.sql,measured,3,6,10,3,0.054,592.953,4,2,1600000,4000000,1599928,16000000,0,0,partsupp;part,2752,40496,0,0,4397,4397,0
2026-07-27T10:05:07Z,CE604B80F1DA2F88,16.14,queries/Core/04_join_scale/join_800kx200k.sql,measured,3,7,10,3,0.071,594.745,4,2,1600000,4000000,1599928,16000000,0,0,partsupp;part,2816,40432,0,0,4397,4397,0
2026-07-27T10:05:07Z,CE604B80F1DA2F88,16.14,queries/Core/04_join_scale/join_800kx200k.sql,measured,3,8,10,3,0.051,593.103,4,2,1600000,4000000,1599928,16000000,0,0,partsupp;part,2880,40368,0,0,4397,4397,0
2026-07-27T10:05:07Z,CE604B80F1DA2F88,16.14,queries/Core/04_join_scale/join_800kx200k.sql,measured,3,9,10,3,0.053,653.854,4,2,1600000,4000000,1599928,16000000,0,0,partsupp;part,2944,40304,0,0,4397,4397,0
2026-07-27T10:05:07Z,CE604B80F1DA2F88,16.14,queries/Core/04_join_scale/join_800kx200k.sql,measured,3,10,10,3,0.052,588.975,4,2,1600000,4000000,1599928,16000000,0,0,partsupp;part,3008,40240,0,0,4397,4397,0
2026-07-27T10:05:07Z,4F33D5519540FCEC,18.4,queries/Core/04_join_scale/join_10kx25.sql,warmup,1,1,1,3,1.145,7.817,4,2,20000,40050,20000,160200,0,0,supplier;nation,0,473,0,0,0,0,0
2026-07-27T10:05:07Z,4F33D5519540FCEC,18.4,queries/Core/04_join_scale/join_10kx25.sql,warmup,2,1,1,3,0.368,3.743,4,2,20000,40050,20000,160200,0,0,supplier;nation,473,0,0,0,0,0,0
2026-07-27T10:05:07Z,4F33D5519540FCEC,18.4,queries/Core/04_join_scale/join_10kx25.sql,measured,1,1,10,3,0.356,3.795,4,2,20000,40050,20000,160200,0,0,supplier;nation,473,0,0,0,0,0,0
2026-07-27T10:05:07Z,4F33D5519540FCEC,18.4,queries/Core/04_join_scale/join_10kx25.sql,measured,1,2,10,3,0.031,3.346,4,2,20000,40050,20000,160200,0,0,supplier;nation,473,0,0,0,0,0,0
2026-07-27T10:05:07Z,4F33D5519540FCEC,18.4,queries/Core/04_join_scale/join_10kx25.sql,measured,1,3,10,3,0.025,3.106,4,2,20000,40050,20000,160200,0,0,supplier;nation,473,0,0,0,0,0,0
2026-07-27T10:05:07Z,4F33D5519540FCEC,18.4,queries/Core/04_join_scale/join_10kx25.sql,measured,1,4,10,3,0.030,3.090,4,2,20000,40050,20000,160200,0,0,supplier;nation,473,0,0,0,0,0,0
2026-07-27T10:05:07Z,4F33D5519540FCEC,18.4,queries/Core/04_join_scale/join_10kx25.sql,measured,1,5,10,3,0.037,3.066,4,2,20000,40050,20000,160200,0,0,supplier;nation,473,0,0,0,0,0,0
2026-07-27T10:05:07Z,4F33D5519540FCEC,18.4,queries/Core/04_join_scale/join_10kx25.sql,measured,1,6,10,3,0.024,3.075,4,2,20000,40050,20000,160200,0,0,supplier;nation,473,0,0,0,0,0,0
2026-07-27T10:05:07Z,4F33D5519540FCEC,18.4,queries/Core/04_join_scale/join_10kx25.sql,measured,1,7,10,3,0.022,3.035,4,2,20000,40050,20000,160200,0,0,supplier;nation,473,0,0,0,0,0,0
2026-07-27T10:05:07Z,4F33D5519540FCEC,18.4,queries/Core/04_join_scale/join_10kx25.sql,measured,1,8,10,3,0.027,3.009,4,2,20000,40050,20000,160200,0,0,supplier;nation,473,0,0,0,0,0,0
2026-07-27T10:05:07Z,4F33D5519540FCEC,18.4,queries/Core/04_join_scale/join_10kx25.sql,measured,1,9,10,3,0.024,3.010,4,2,20000,40050,20000,160200,0,0,supplier;nation,473,0,0,0,0,0,0
2026-07-27T10:05:07Z,4F33D5519540FCEC,18.4,queries/Core/04_join_scale/join_10kx25.sql,measured,1,10,10,3,0.028,3.031,4,2,20000,40050,20000,160200,0,0,supplier;nation,473,0,0,0,0,0,0
2026-07-27T10:05:07Z,4F33D5519540FCEC,18.4,queries/Core/04_join_scale/join_10kx25.sql,measured,2,1,10,3,0.352,3.798,4,2,20000,40050,20000,160200,0,0,supplier;nation,473,0,0,0,0,0,0
2026-07-27T10:05:07Z,4F33D5519540FCEC,18.4,queries/Core/04_join_scale/join_10kx25.sql,measured,2,2,10,3,0.036,3.353,4,2,20000,40050,20000,160200,0,0,supplier;nation,473,0,0,0,0,0,0
2026-07-27T10:05:07Z,4F33D5519540FCEC,18.4,queries/Core/04_join_scale/join_10kx25.sql,measured,2,3,10,3,0.025,3.108,4,2,20000,40050,20000,160200,0,0,supplier;nation,473,0,0,0,0,0,0
2026-07-27T10:05:07Z,4F33D5519540FCEC,18.4,queries/Core/04_join_scale/join_10kx25.sql,measured,2,4,10,3,0.029,3.219,4,2,20000,40050,20000,160200,0,0,supplier;nation,473,0,0,0,0,0,0
2026-07-27T10:05:07Z,4F33D5519540FCEC,18.4,queries/Core/04_join_scale/join_10kx25.sql,measured,2,5,10,3,0.049,3.152,4,2,20000,40050,20000,160200,0,0,supplier;nation,473,0,0,0,0,0,0
2026-07-27T10:05:07Z,4F33D5519540FCEC,18.4,queries/Core/04_join_scale/join_10kx25.sql,measured,2,6,10,3,0.032,3.207,4,2,20000,40050,20000,160200,0,0,supplier;nation,473,0,0,0,0,0,0
2026-07-27T10:05:07Z,4F33D5519540FCEC,18.4,queries/Core/04_join_scale/join_10kx25.sql,measured,2,7,10,3,0.036,4.328,4,2,20000,40050,20000,160200,0,0,supplier;nation,473,0,0,0,0,0,0
2026-07-27T10:05:07Z,4F33D5519540FCEC,18.4,queries/Core/04_join_scale/join_10kx25.sql,measured,2,8,10,3,0.035,3.254,4,2,20000,40050,20000,160200,0,0,supplier;nation,473,0,0,0,0,0,0
2026-07-27T10:05:07Z,4F33D5519540FCEC,18.4,queries/Core/04_join_scale/join_10kx25.sql,measured,2,9,10,3,0.033,4.061,4,2,20000,40050,20000,160200,0,0,supplier;nation,473,0,0,0,0,0,0
2026-07-27T10:05:07Z,4F33D5519540FCEC,18.4,queries/Core/04_join_scale/join_10kx25.sql,measured,2,10,10,3,0.027,3.171,4,2,20000,40050,20000,160200,0,0,supplier;nation,473,0,0,0,0,0,0
2026-07-27T10:05:07Z,4F33D5519540FCEC,18.4,queries/Core/04_join_scale/join_10kx25.sql,measured,3,1,10,3,0.370,3.787,4,2,20000,40050,20000,160200,0,0,supplier;nation,473,0,0,0,0,0,0
2026-07-27T10:05:07Z,4F33D5519540FCEC,18.4,queries/Core/04_join_scale/join_10kx25.sql,measured,3,2,10,3,0.038,3.370,4,2,20000,40050,20000,160200,0,0,supplier;nation,473,0,0,0,0,0,0
2026-07-27T10:05:07Z,4F33D5519540FCEC,18.4,queries/Core/04_join_scale/join_10kx25.sql,measured,3,3,10,3,0.028,3.354,4,2,20000,40050,20000,160200,0,0,supplier;nation,473,0,0,0,0,0,0
2026-07-27T10:05:07Z,4F33D5519540FCEC,18.4,queries/Core/04_join_scale/join_10kx25.sql,measured,3,4,10,3,0.033,3.460,4,2,20000,40050,20000,160200,0,0,supplier;nation,473,0,0,0,0,0,0
2026-07-27T10:05:07Z,4F33D5519540FCEC,18.4,queries/Core/04_join_scale/join_10kx25.sql,measured,3,5,10,3,0.038,3.286,4,2,20000,40050,20000,160200,0,0,supplier;nation,473,0,0,0,0,0,0
2026-07-27T10:05:07Z,4F33D5519540FCEC,18.4,queries/Core/04_join_scale/join_10kx25.sql,measured,3,6,10,3,0.028,3.504,4,2,20000,40050,20000,160200,0,0,supplier;nation,473,0,0,0,0,0,0
2026-07-27T10:05:07Z,4F33D5519540FCEC,18.4,queries/Core/04_join_scale/join_10kx25.sql,measured,3,7,10,3,0.033,3.260,4,2,20000,40050,20000,160200,0,0,supplier;nation,473,0,0,0,0,0,0
2026-07-27T10:05:07Z,4F33D5519540FCEC,18.4,queries/Core/04_join_scale/join_10kx25.sql,measured,3,8,10,3,0.037,3.247,4,2,20000,40050,20000,160200,0,0,supplier;nation,473,0,0,0,0,0,0
2026-07-27T10:05:07Z,4F33D5519540FCEC,18.4,queries/Core/04_join_scale/join_10kx25.sql,measured,3,9,10,3,0.032,3.323,4,2,20000,40050,20000,160200,0,0,supplier;nation,473,0,0,0,0,0,0
2026-07-27T10:05:07Z,4F33D5519540FCEC,18.4,queries/Core/04_join_scale/join_10kx25.sql,measured,3,10,10,3,0.027,3.232,4,2,20000,40050,20000,160200,0,0,supplier;nation,473,0,0,0,0,0,0
2026-07-27T10:05:09Z,4F33D5519540FCEC,18.4,queries/Core/04_join_scale/join_1500kx150k.sql,warmup,1,1,1,3,2.235,1521.992,4,2,3000000,6600000,2999882,26400000,0,0,orders;customer,0,59496,0,0,4831,4831,0
2026-07-27T10:05:10Z,4F33D5519540FCEC,18.4,queries/Core/04_join_scale/join_1500kx150k.sql,warmup,2,1,1,3,0.507,1379.371,4,2,3000000,6600000,2999882,26400000,0,0,orders;customer,188,59308,0,0,4831,4831,0
2026-07-27T10:05:22Z,4F33D5519540FCEC,18.4,queries/Core/04_join_scale/join_1500kx150k.sql,measured,1,1,10,3,0.507,1277.539,4,2,3000000,6600000,2999882,26400000,0,0,orders;customer,376,59120,0,0,4831,4831,0
2026-07-27T10:05:22Z,4F33D5519540FCEC,18.4,queries/Core/04_join_scale/join_1500kx150k.sql,measured,1,2,10,3,0.081,1169.375,4,2,3000000,6600000,2999882,26400000,0,0,orders;customer,564,58932,0,0,4831,4831,0
2026-07-27T10:05:22Z,4F33D5519540FCEC,18.4,queries/Core/04_join_scale/join_1500kx150k.sql,measured,1,3,10,3,0.081,1168.604,4,2,3000000,6600000,2999882,26400000,0,0,orders;customer,752,58744,0,0,4831,4831,0
2026-07-27T10:05:22Z,4F33D5519540FCEC,18.4,queries/Core/04_join_scale/join_1500kx150k.sql,measured,1,4,10,3,0.080,1168.993,4,2,3000000,6600000,2999882,26400000,0,0,orders;customer,940,58556,0,0,4831,4831,0
2026-07-27T10:05:22Z,4F33D5519540FCEC,18.4,queries/Core/04_join_scale/join_1500kx150k.sql,measured,1,5,10,3,0.079,1239.982,4,2,3000000,6600000,2999882,26400000,0,0,orders;customer,1128,58368,0,0,4831,4831,0
2026-07-27T10:05:22Z,4F33D5519540FCEC,18.4,queries/Core/04_join_scale/join_1500kx150k.sql,measured,1,6,10,3,0.080,1172.835,4,2,3000000,6600000,2999882,26400000,0,0,orders;customer,1316,58180,0,0,4831,4831,0
2026-07-27T10:05:22Z,4F33D5519540FCEC,18.4,queries/Core/04_join_scale/join_1500kx150k.sql,measured,1,7,10,3,0.082,1173.844,4,2,3000000,6600000,2999882,26400000,0,0,orders;customer,1504,57992,0,0,4831,4831,0
2026-07-27T10:05:22Z,4F33D5519540FCEC,18.4,queries/Core/04_join_scale/join_1500kx150k.sql,measured,1,8,10,3,0.100,1175.868,4,2,3000000,6600000,2999882,26400000,0,0,orders;customer,1692,57804,0,0,4831,4831,0
2026-07-27T10:05:22Z,4F33D5519540FCEC,18.4,queries/Core/04_join_scale/join_1500kx150k.sql,measured,1,9,10,3,0.080,1247.388,4,2,3000000,6600000,2999882,26400000,0,0,orders;customer,1880,57616,0,0,4831,4831,0
2026-07-27T10:05:22Z,4F33D5519540FCEC,18.4,queries/Core/04_join_scale/join_1500kx150k.sql,measured,1,10,10,3,0.081,1170.151,4,2,3000000,6600000,2999882,26400000,0,0,orders;customer,2068,57428,0,0,4831,4831,0
2026-07-27T10:05:34Z,4F33D5519540FCEC,18.4,queries/Core/04_join_scale/join_1500kx150k.sql,measured,2,1,10,3,0.499,1200.766,4,2,3000000,6600000,2999882,26400000,0,0,orders;customer,2256,57240,0,0,4831,4831,0
2026-07-27T10:05:34Z,4F33D5519540FCEC,18.4,queries/Core/04_join_scale/join_1500kx150k.sql,measured,2,2,10,3,0.082,1171.650,4,2,3000000,6600000,2999882,26400000,0,0,orders;customer,2444,57052,0,0,4831,4831,0
2026-07-27T10:05:34Z,4F33D5519540FCEC,18.4,queries/Core/04_join_scale/join_1500kx150k.sql,measured,2,3,10,3,0.097,1175.646,4,2,3000000,6600000,2999882,26400000,0,0,orders;customer,2632,56864,0,0,4831,4831,0
2026-07-27T10:05:34Z,4F33D5519540FCEC,18.4,queries/Core/04_join_scale/join_1500kx150k.sql,measured,2,4,10,3,0.081,1172.996,4,2,3000000,6600000,2999882,26400000,0,0,orders;customer,2820,56676,0,0,4831,4831,0
2026-07-27T10:05:34Z,4F33D5519540FCEC,18.4,queries/Core/04_join_scale/join_1500kx150k.sql,measured,2,5,10,3,0.082,1246.711,4,2,3000000,6600000,2999882,26400000,0,0,orders;customer,3008,56488,0,0,4831,4831,0
2026-07-27T10:05:34Z,4F33D5519540FCEC,18.4,queries/Core/04_join_scale/join_1500kx150k.sql,measured,2,6,10,3,0.080,1172.228,4,2,3000000,6600000,2999882,26400000,0,0,orders;customer,3196,56300,0,0,4831,4831,0
2026-07-27T10:05:34Z,4F33D5519540FCEC,18.4,queries/Core/04_join_scale/join_1500kx150k.sql,measured,2,7,10,3,0.091,1176.121,4,2,3000000,6600000,2999882,26400000,0,0,orders;customer,3384,56112,0,0,4831,4831,0
2026-07-27T10:05:34Z,4F33D5519540FCEC,18.4,queries/Core/04_join_scale/join_1500kx150k.sql,measured,2,8,10,3,0.083,1184.679,4,2,3000000,6600000,2999882,26400000,0,0,orders;customer,3572,55924,0,0,4831,4831,0
2026-07-27T10:05:34Z,4F33D5519540FCEC,18.4,queries/Core/04_join_scale/join_1500kx150k.sql,measured,2,9,10,3,0.080,1228.731,4,2,3000000,6600000,2999882,26400000,0,0,orders;customer,3760,55736,0,0,4831,4831,0
2026-07-27T10:05:34Z,4F33D5519540FCEC,18.4,queries/Core/04_join_scale/join_1500kx150k.sql,measured,2,10,10,3,0.100,1190.022,4,2,3000000,6600000,2999882,26400000,0,0,orders;customer,3948,55548,0,0,4831,4831,0
2026-07-27T10:05:46Z,4F33D5519540FCEC,18.4,queries/Core/04_join_scale/join_1500kx150k.sql,measured,3,1,10,3,0.493,1191.752,4,2,3000000,6600000,2999882,26400000,0,0,orders;customer,4136,55360,0,0,4831,4831,0
2026-07-27T10:05:46Z,4F33D5519540FCEC,18.4,queries/Core/04_join_scale/join_1500kx150k.sql,measured,3,2,10,3,0.087,1174.946,4,2,3000000,6600000,2999882,26400000,0,0,orders;customer,4324,55172,0,0,4831,4831,0
2026-07-27T10:05:46Z,4F33D5519540FCEC,18.4,queries/Core/04_join_scale/join_1500kx150k.sql,measured,3,3,10,3,0.081,1176.914,4,2,3000000,6600000,2999882,26400000,0,0,orders;customer,4512,54984,0,0,4831,4831,0
2026-07-27T10:05:46Z,4F33D5519540FCEC,18.4,queries/Core/04_join_scale/join_1500kx150k.sql,measured,3,4,10,3,0.099,1164.318,4,2,3000000,6600000,2999882,26400000,0,0,orders;customer,4700,54796,0,0,4831,4831,0
2026-07-27T10:05:46Z,4F33D5519540FCEC,18.4,queries/Core/04_join_scale/join_1500kx150k.sql,measured,3,5,10,3,0.110,1176.815,4,2,3000000,6600000,2999882,26400000,0,0,orders;customer,4888,54608,0,0,4831,4831,0
2026-07-27T10:05:46Z,4F33D5519540FCEC,18.4,queries/Core/04_join_scale/join_1500kx150k.sql,measured,3,6,10,3,0.079,1169.415,4,2,3000000,6600000,2999882,26400000,0,0,orders;customer,5076,54420,0,0,4831,4831,0
2026-07-27T10:05:46Z,4F33D5519540FCEC,18.4,queries/Core/04_join_scale/join_1500kx150k.sql,measured,3,7,10,3,0.097,1168.730,4,2,3000000,6600000,2999882,26400000,0,0,orders;customer,5264,54232,0,0,4831,4831,0
2026-07-27T10:05:46Z,4F33D5519540FCEC,18.4,queries/Core/04_join_scale/join_1500kx150k.sql,measured,3,8,10,3,0.083,1176.991,4,2,3000000,6600000,2999882,26400000,0,0,orders;customer,5452,54044,0,0,4831,4831,0
2026-07-27T10:05:46Z,4F33D5519540FCEC,18.4,queries/Core/04_join_scale/join_1500kx150k.sql,measured,3,9,10,3,0.081,1226.662,4,2,3000000,6600000,2999882,26400000,0,0,orders;customer,5640,53856,0,0,4831,4831,0
2026-07-27T10:05:46Z,4F33D5519540FCEC,18.4,queries/Core/04_join_scale/join_1500kx150k.sql,measured,3,10,10,3,0.089,1177.429,4,2,3000000,6600000,2999882,26400000,0,0,orders;customer,5828,53668,0,0,4831,4831,0
2026-07-27T10:05:46Z,4F33D5519540FCEC,18.4,queries/Core/04_join_scale/join_150kx25.sql,warmup,1,1,1,3,0.465,51.926,4,2,300000,600050,300000,2400200,0,0,customer;nation,2986,4263,0,0,0,0,0
2026-07-27T10:05:46Z,4F33D5519540FCEC,18.4,queries/Core/04_join_scale/join_150kx25.sql,warmup,2,1,1,3,0.466,50.991,4,2,300000,600050,300000,2400200,0,0,customer;nation,3080,4169,0,0,0,0,0
2026-07-27T10:05:47Z,4F33D5519540FCEC,18.4,queries/Core/04_join_scale/join_150kx25.sql,measured,1,1,10,3,0.497,51.525,4,2,300000,600050,300000,2400200,0,0,customer;nation,3174,4075,0,0,0,0,0
2026-07-27T10:05:47Z,4F33D5519540FCEC,18.4,queries/Core/04_join_scale/join_150kx25.sql,measured,1,2,10,3,0.070,51.294,4,2,300000,600050,300000,2400200,0,0,customer;nation,3268,3981,0,0,0,0,0
2026-07-27T10:05:47Z,4F33D5519540FCEC,18.4,queries/Core/04_join_scale/join_150kx25.sql,measured,1,3,10,3,0.074,50.784,4,2,300000,600050,300000,2400200,0,0,customer;nation,3362,3887,0,0,0,0,0
2026-07-27T10:05:47Z,4F33D5519540FCEC,18.4,queries/Core/04_join_scale/join_150kx25.sql,measured,1,4,10,3,0.087,49.118,4,2,300000,600050,300000,2400200,0,0,customer;nation,3456,3793,0,0,0,0,0
2026-07-27T10:05:47Z,4F33D5519540FCEC,18.4,queries/Core/04_join_scale/join_150kx25.sql,measured,1,5,10,3,0.063,50.373,4,2,300000,600050,300000,2400200,0,0,customer;nation,3550,3699,0,0,0,0,0
2026-07-27T10:05:47Z,4F33D5519540FCEC,18.4,queries/Core/04_join_scale/join_150kx25.sql,measured,1,6,10,3,0.063,49.314,4,2,300000,600050,300000,2400200,0,0,customer;nation,3644,3605,0,0,0,0,0
2026-07-27T10:05:47Z,4F33D5519540FCEC,18.4,queries/Core/04_join_scale/join_150kx25.sql,measured,1,7,10,3,0.069,50.612,4,2,300000,600050,300000,2400200,0,0,customer;nation,3738,3511,0,0,0,0,0
2026-07-27T10:05:47Z,4F33D5519540FCEC,18.4,queries/Core/04_join_scale/join_150kx25.sql,measured,1,8,10,3,0.059,50.507,4,2,300000,600050,300000,2400200,0,0,customer;nation,3832,3417,0,0,0,0,0
2026-07-27T10:05:47Z,4F33D5519540FCEC,18.4,queries/Core/04_join_scale/join_150kx25.sql,measured,1,9,10,3,0.064,50.523,4,2,300000,600050,300000,2400200,0,0,customer;nation,3926,3323,0,0,0,0,0
2026-07-27T10:05:47Z,4F33D5519540FCEC,18.4,queries/Core/04_join_scale/join_150kx25.sql,measured,1,10,10,3,0.062,50.519,4,2,300000,600050,300000,2400200,0,0,customer;nation,4020,3229,0,0,0,0,0
2026-07-27T10:05:48Z,4F33D5519540FCEC,18.4,queries/Core/04_join_scale/join_150kx25.sql,measured,2,1,10,3,0.512,52.339,4,2,300000,600050,300000,2400200,0,0,customer;nation,4114,3135,0,0,0,0,0
2026-07-27T10:05:48Z,4F33D5519540FCEC,18.4,queries/Core/04_join_scale/join_150kx25.sql,measured,2,2,10,3,0.074,49.275,4,2,300000,600050,300000,2400200,0,0,customer;nation,4208,3041,0,0,0,0,0
2026-07-27T10:05:48Z,4F33D5519540FCEC,18.4,queries/Core/04_join_scale/join_150kx25.sql,measured,2,3,10,3,0.064,49.255,4,2,300000,600050,300000,2400200,0,0,customer;nation,4302,2947,0,0,0,0,0
2026-07-27T10:05:48Z,4F33D5519540FCEC,18.4,queries/Core/04_join_scale/join_150kx25.sql,measured,2,4,10,3,0.067,49.227,4,2,300000,600050,300000,2400200,0,0,customer;nation,4396,2853,0,0,0,0,0
2026-07-27T10:05:48Z,4F33D5519540FCEC,18.4,queries/Core/04_join_scale/join_150kx25.sql,measured,2,5,10,3,0.061,49.158,4,2,300000,600050,300000,2400200,0,0,customer;nation,4490,2759,0,0,0,0,0
2026-07-27T10:05:48Z,4F33D5519540FCEC,18.4,queries/Core/04_join_scale/join_150kx25.sql,measured,2,6,10,3,0.076,50.626,4,2,300000,600050,300000,2400200,0,0,customer;nation,4584,2665,0,0,0,0,0
2026-07-27T10:05:48Z,4F33D5519540FCEC,18.4,queries/Core/04_join_scale/join_150kx25.sql,measured,2,7,10,3,0.061,50.811,4,2,300000,600050,300000,2400200,0,0,customer;nation,4678,2571,0,0,0,0,0
2026-07-27T10:05:48Z,4F33D5519540FCEC,18.4,queries/Core/04_join_scale/join_150kx25.sql,measured,2,8,10,3,0.062,50.846,4,2,300000,600050,300000,2400200,0,0,customer;nation,4772,2477,0,0,0,0,0
2026-07-27T10:05:48Z,4F33D5519540FCEC,18.4,queries/Core/04_join_scale/join_150kx25.sql,measured,2,9,10,3,0.077,49.682,4,2,300000,600050,300000,2400200,0,0,customer;nation,4866,2383,0,0,0,0,0
2026-07-27T10:05:48Z,4F33D5519540FCEC,18.4,queries/Core/04_join_scale/join_150kx25.sql,measured,2,10,10,3,0.060,49.250,4,2,300000,600050,300000,2400200,0,0,customer;nation,4960,2289,0,0,0,0,0
2026-07-27T10:05:48Z,4F33D5519540FCEC,18.4,queries/Core/04_join_scale/join_150kx25.sql,measured,3,1,10,3,0.514,52.135,4,2,300000,600050,300000,2400200,0,0,customer;nation,5054,2195,0,0,0,0,0
2026-07-27T10:05:48Z,4F33D5519540FCEC,18.4,queries/Core/04_join_scale/join_150kx25.sql,measured,3,2,10,3,0.071,50.075,4,2,300000,600050,300000,2400200,0,0,customer;nation,5148,2101,0,0,0,0,0
2026-07-27T10:05:48Z,4F33D5519540FCEC,18.4,queries/Core/04_join_scale/join_150kx25.sql,measured,3,3,10,3,0.060,49.644,4,2,300000,600050,300000,2400200,0,0,customer;nation,5242,2007,0,0,0,0,0
2026-07-27T10:05:48Z,4F33D5519540FCEC,18.4,queries/Core/04_join_scale/join_150kx25.sql,measured,3,4,10,3,0.066,52.609,4,2,300000,600050,300000,2400200,0,0,customer;nation,5336,1913,0,0,0,0,0
2026-07-27T10:05:48Z,4F33D5519540FCEC,18.4,queries/Core/04_join_scale/join_150kx25.sql,measured,3,5,10,3,0.069,50.985,4,2,300000,600050,300000,2400200,0,0,customer;nation,5430,1819,0,0,0,0,0
2026-07-27T10:05:48Z,4F33D5519540FCEC,18.4,queries/Core/04_join_scale/join_150kx25.sql,measured,3,6,10,3,0.064,51.096,4,2,300000,600050,300000,2400200,0,0,customer;nation,5524,1725,0,0,0,0,0
2026-07-27T10:05:48Z,4F33D5519540FCEC,18.4,queries/Core/04_join_scale/join_150kx25.sql,measured,3,7,10,3,0.061,49.935,4,2,300000,600050,300000,2400200,0,0,customer;nation,5618,1631,0,0,0,0,0
2026-07-27T10:05:48Z,4F33D5519540FCEC,18.4,queries/Core/04_join_scale/join_150kx25.sql,measured,3,8,10,3,0.078,51.578,4,2,300000,600050,300000,2400200,0,0,customer;nation,5712,1537,0,0,0,0,0
2026-07-27T10:05:48Z,4F33D5519540FCEC,18.4,queries/Core/04_join_scale/join_150kx25.sql,measured,3,9,10,3,0.063,49.529,4,2,300000,600050,300000,2400200,0,0,customer;nation,5806,1443,0,0,0,0,0
2026-07-27T10:05:48Z,4F33D5519540FCEC,18.4,queries/Core/04_join_scale/join_150kx25.sql,measured,3,10,10,3,0.062,50.940,4,2,300000,600050,300000,2400200,0,0,customer;nation,5900,1349,0,0,0,0,0
2026-07-27T10:05:48Z,4F33D5519540FCEC,18.4,queries/Core/04_join_scale/join_25x5.sql,warmup,1,1,1,3,0.367,0.933,4,2,25,60,25,240,0,0,nation;region,1,1,0,0,0,0,0
2026-07-27T10:05:48Z,4F33D5519540FCEC,18.4,queries/Core/04_join_scale/join_25x5.sql,warmup,2,1,1,3,0.371,0.119,4,2,25,60,25,240,0,0,nation;region,2,0,0,0,0,0,0
2026-07-27T10:05:48Z,4F33D5519540FCEC,18.4,queries/Core/04_join_scale/join_25x5.sql,measured,1,1,10,3,0.371,0.142,4,2,25,60,25,240,0,0,nation;region,2,0,0,0,0,0,0
2026-07-27T10:05:48Z,4F33D5519540FCEC,18.4,queries/Core/04_join_scale/join_25x5.sql,measured,1,2,10,3,0.028,0.023,4,2,25,60,25,240,0,0,nation;region,2,0,0,0,0,0,0
2026-07-27T10:05:48Z,4F33D5519540FCEC,18.4,queries/Core/04_join_scale/join_25x5.sql,measured,1,3,10,3,0.027,0.018,4,2,25,60,25,240,0,0,nation;region,2,0,0,0,0,0,0
2026-07-27T10:05:48Z,4F33D5519540FCEC,18.4,queries/Core/04_join_scale/join_25x5.sql,measured,1,4,10,3,0.021,0.017,4,2,25,60,25,240,0,0,nation;region,2,0,0,0,0,0,0
2026-07-27T10:05:48Z,4F33D5519540FCEC,18.4,queries/Core/04_join_scale/join_25x5.sql,measured,1,5,10,3,0.020,0.017,4,2,25,60,25,240,0,0,nation;region,2,0,0,0,0,0,0
2026-07-27T10:05:48Z,4F33D5519540FCEC,18.4,queries/Core/04_join_scale/join_25x5.sql,measured,1,6,10,3,0.020,0.017,4,2,25,60,25,240,0,0,nation;region,2,0,0,0,0,0,0
2026-07-27T10:05:48Z,4F33D5519540FCEC,18.4,queries/Core/04_join_scale/join_25x5.sql,measured,1,7,10,3,0.019,0.017,4,2,25,60,25,240,0,0,nation;region,2,0,0,0,0,0,0
2026-07-27T10:05:48Z,4F33D5519540FCEC,18.4,queries/Core/04_join_scale/join_25x5.sql,measured,1,8,10,3,0.020,0.017,4,2,25,60,25,240,0,0,nation;region,2,0,0,0,0,0,0
2026-07-27T10:05:48Z,4F33D5519540FCEC,18.4,queries/Core/04_join_scale/join_25x5.sql,measured,1,9,10,3,0.019,0.016,4,2,25,60,25,240,0,0,nation;region,2,0,0,0,0,0,0
2026-07-27T10:05:48Z,4F33D5519540FCEC,18.4,queries/Core/04_join_scale/join_25x5.sql,measured,1,10,10,3,0.019,0.016,4,2,25,60,25,240,0,0,nation;region,2,0,0,0,0,0,0
2026-07-27T10:05:48Z,4F33D5519540FCEC,18.4,queries/Core/04_join_scale/join_25x5.sql,measured,2,1,10,3,0.366,0.119,4,2,25,60,25,240,0,0,nation;region,2,0,0,0,0,0,0
2026-07-27T10:05:48Z,4F33D5519540FCEC,18.4,queries/Core/04_join_scale/join_25x5.sql,measured,2,2,10,3,0.031,0.030,4,2,25,60,25,240,0,0,nation;region,2,0,0,0,0,0,0
2026-07-27T10:05:48Z,4F33D5519540FCEC,18.4,queries/Core/04_join_scale/join_25x5.sql,measured,2,3,10,3,0.022,0.018,4,2,25,60,25,240,0,0,nation;region,2,0,0,0,0,0,0
2026-07-27T10:05:48Z,4F33D5519540FCEC,18.4,queries/Core/04_join_scale/join_25x5.sql,measured,2,4,10,3,0.020,0.017,4,2,25,60,25,240,0,0,nation;region,2,0,0,0,0,0,0
2026-07-27T10:05:48Z,4F33D5519540FCEC,18.4,queries/Core/04_join_scale/join_25x5.sql,measured,2,5,10,3,0.020,0.017,4,2,25,60,25,240,0,0,nation;region,2,0,0,0,0,0,0
2026-07-27T10:05:48Z,4F33D5519540FCEC,18.4,queries/Core/04_join_scale/join_25x5.sql,measured,2,6,10,3,0.019,0.016,4,2,25,60,25,240,0,0,nation;region,2,0,0,0,0,0,0
2026-07-27T10:05:48Z,4F33D5519540FCEC,18.4,queries/Core/04_join_scale/join_25x5.sql,measured,2,7,10,3,0.019,0.016,4,2,25,60,25,240,0,0,nation;region,2,0,0,0,0,0,0
2026-07-27T10:05:48Z,4F33D5519540FCEC,18.4,queries/Core/04_join_scale/join_25x5.sql,measured,2,8,10,3,0.019,0.016,4,2,25,60,25,240,0,0,nation;region,2,0,0,0,0,0,0
2026-07-27T10:05:48Z,4F33D5519540FCEC,18.4,queries/Core/04_join_scale/join_25x5.sql,measured,2,9,10,3,0.019,0.016,4,2,25,60,25,240,0,0,nation;region,2,0,0,0,0,0,0
2026-07-27T10:05:48Z,4F33D5519540FCEC,18.4,queries/Core/04_join_scale/join_25x5.sql,measured,2,10,10,3,0.019,0.016,4,2,25,60,25,240,0,0,nation;region,2,0,0,0,0,0,0
2026-07-27T10:05:48Z,4F33D5519540FCEC,18.4,queries/Core/04_join_scale/join_25x5.sql,measured,3,1,10,3,0.368,0.119,4,2,25,60,25,240,0,0,nation;region,2,0,0,0,0,0,0
2026-07-27T10:05:48Z,4F33D5519540FCEC,18.4,queries/Core/04_join_scale/join_25x5.sql,measured,3,2,10,3,0.031,0.025,4,2,25,60,25,240,0,0,nation;region,2,0,0,0,0,0,0
2026-07-27T10:05:48Z,4F33D5519540FCEC,18.4,queries/Core/04_join_scale/join_25x5.sql,measured,3,3,10,3,0.022,0.018,4,2,25,60,25,240,0,0,nation;region,2,0,0,0,0,0,0
2026-07-27T10:05:48Z,4F33D5519540FCEC,18.4,queries/Core/04_join_scale/join_25x5.sql,measured,3,4,10,3,0.021,0.018,4,2,25,60,25,240,0,0,nation;region,2,0,0,0,0,0,0
2026-07-27T10:05:48Z,4F33D5519540FCEC,18.4,queries/Core/04_join_scale/join_25x5.sql,measured,3,5,10,3,0.021,0.017,4,2,25,60,25,240,0,0,nation;region,2,0,0,0,0,0,0
2026-07-27T10:05:48Z,4F33D5519540FCEC,18.4,queries/Core/04_join_scale/join_25x5.sql,measured,3,6,10,3,0.020,0.017,4,2,25,60,25,240,0,0,nation;region,2,0,0,0,0,0,0
2026-07-27T10:05:48Z,4F33D5519540FCEC,18.4,queries/Core/04_join_scale/join_25x5.sql,measured,3,7,10,3,0.020,0.017,4,2,25,60,25,240,0,0,nation;region,2,0,0,0,0,0,0
2026-07-27T10:05:48Z,4F33D5519540FCEC,18.4,queries/Core/04_join_scale/join_25x5.sql,measured,3,8,10,3,0.019,0.016,4,2,25,60,25,240,0,0,nation;region,2,0,0,0,0,0,0
2026-07-27T10:05:48Z,4F33D5519540FCEC,18.4,queries/Core/04_join_scale/join_25x5.sql,measured,3,9,10,3,0.029,0.017,4,2,25,60,25,240,0,0,nation;region,2,0,0,0,0,0,0
2026-07-27T10:05:48Z,4F33D5519540FCEC,18.4,queries/Core/04_join_scale/join_25x5.sql,measured,3,10,10,3,0.019,0.016,4,2,25,60,25,240,0,0,nation;region,2,0,0,0,0,0,0
2026-07-27T10:05:51Z,4F33D5519540FCEC,18.4,queries/Core/04_join_scale/join_6mx10k.sql,warmup,1,1,1,3,2.337,2218.206,4,2,11997996,24035992,11997996,96143968,0,0,lineitem;supplier,472,225048,0,0,0,0,0
2026-07-27T10:05:53Z,4F33D5519540FCEC,18.4,queries/Core/04_join_scale/join_6mx10k.sql,warmup,2,1,1,3,0.463,1984.831,4,2,11997996,24035992,11997996,96143968,0,0,lineitem;supplier,566,224954,0,0,0,0,0
2026-07-27T10:06:12Z,4F33D5519540FCEC,18.4,queries/Core/04_join_scale/join_6mx10k.sql,measured,1,1,10,3,0.459,1982.949,4,2,11997996,24035992,11997996,96143968,0,0,lineitem;supplier,660,224860,0,0,0,0,0
2026-07-27T10:06:12Z,4F33D5519540FCEC,18.4,queries/Core/04_join_scale/join_6mx10k.sql,measured,1,2,10,3,0.060,1884.946,4,2,11997996,24035992,11997996,96143968,0,0,lineitem;supplier,754,224766,0,0,0,0,0
2026-07-27T10:06:12Z,4F33D5519540FCEC,18.4,queries/Core/04_join_scale/join_6mx10k.sql,measured,1,3,10,3,0.070,1870.671,4,2,11997996,24035992,11997996,96143968,0,0,lineitem;supplier,848,224672,0,0,0,0,0
2026-07-27T10:06:12Z,4F33D5519540FCEC,18.4,queries/Core/04_join_scale/join_6mx10k.sql,measured,1,4,10,3,0.063,1885.432,4,2,11997996,24035992,11997996,96143968,0,0,lineitem;supplier,942,224578,0,0,0,0,0
2026-07-27T10:06:12Z,4F33D5519540FCEC,18.4,queries/Core/04_join_scale/join_6mx10k.sql,measured,1,5,10,3,0.077,1872.887,4,2,11997996,24035992,11997996,96143968,0,0,lineitem;supplier,1036,224484,0,0,0,0,0
2026-07-27T10:06:12Z,4F33D5519540FCEC,18.4,queries/Core/04_join_scale/join_6mx10k.sql,measured,1,6,10,3,0.070,1881.393,4,2,11997996,24035992,11997996,96143968,0,0,lineitem;supplier,1130,224390,0,0,0,0,0
2026-07-27T10:06:12Z,4F33D5519540FCEC,18.4,queries/Core/04_join_scale/join_6mx10k.sql,measured,1,7,10,3,0.069,1871.871,4,2,11997996,24035992,11997996,96143968,0,0,lineitem;supplier,1224,224296,0,0,0,0,0
2026-07-27T10:06:12Z,4F33D5519540FCEC,18.4,queries/Core/04_join_scale/join_6mx10k.sql,measured,1,8,10,3,0.063,1873.267,4,2,11997996,24035992,11997996,96143968,0,0,lineitem;supplier,1318,224202,0,0,0,0,0
2026-07-27T10:06:12Z,4F33D5519540FCEC,18.4,queries/Core/04_join_scale/join_6mx10k.sql,measured,1,9,10,3,0.075,1870.460,4,2,11997996,24035992,11997996,96143968,0,0,lineitem;supplier,1412,224108,0,0,0,0,0
2026-07-27T10:06:12Z,4F33D5519540FCEC,18.4,queries/Core/04_join_scale/join_6mx10k.sql,measured,1,10,10,3,0.062,1879.342,4,2,11997996,24035992,11997996,96143968,0,0,lineitem;supplier,1506,224014,0,0,0,0,0
2026-07-27T10:06:31Z,4F33D5519540FCEC,18.4,queries/Core/04_join_scale/join_6mx10k.sql,measured,2,1,10,3,0.455,1996.709,4,2,11997996,24035992,11997996,96143968,0,0,lineitem;supplier,1600,223920,0,0,0,0,0
2026-07-27T10:06:31Z,4F33D5519540FCEC,18.4,queries/Core/04_join_scale/join_6mx10k.sql,measured,2,2,10,3,0.080,1892.521,4,2,11997996,24035992,11997996,96143968,0,0,lineitem;supplier,1694,223826,0,0,0,0,0
2026-07-27T10:06:31Z,4F33D5519540FCEC,18.4,queries/Core/04_join_scale/join_6mx10k.sql,measured,2,3,10,3,0.078,1877.355,4,2,11997996,24035992,11997996,96143968,0,0,lineitem;supplier,1788,223732,0,0,0,0,0
2026-07-27T10:06:31Z,4F33D5519540FCEC,18.4,queries/Core/04_join_scale/join_6mx10k.sql,measured,2,4,10,3,0.070,1882.283,4,2,11997996,24035992,11997996,96143968,0,0,lineitem;supplier,1882,223638,0,0,0,0,0
2026-07-27T10:06:31Z,4F33D5519540FCEC,18.4,queries/Core/04_join_scale/join_6mx10k.sql,measured,2,5,10,3,0.070,1887.668,4,2,11997996,24035992,11997996,96143968,0,0,lineitem;supplier,1976,223544,0,0,0,0,0
2026-07-27T10:06:31Z,4F33D5519540FCEC,18.4,queries/Core/04_join_scale/join_6mx10k.sql,measured,2,6,10,3,0.064,1901.938,4,2,11997996,24035992,11997996,96143968,0,0,lineitem;supplier,2070,223450,0,0,0,0,0
2026-07-27T10:06:31Z,4F33D5519540FCEC,18.4,queries/Core/04_join_scale/join_6mx10k.sql,measured,2,7,10,3,0.070,1886.932,4,2,11997996,24035992,11997996,96143968,0,0,lineitem;supplier,2164,223356,0,0,0,0,0
2026-07-27T10:06:31Z,4F33D5519540FCEC,18.4,queries/Core/04_join_scale/join_6mx10k.sql,measured,2,8,10,3,0.079,1902.545,4,2,11997996,24035992,11997996,96143968,0,0,lineitem;supplier,2258,223262,0,0,0,0,0
2026-07-27T10:06:31Z,4F33D5519540FCEC,18.4,queries/Core/04_join_scale/join_6mx10k.sql,measured,2,9,10,3,0.061,1898.252,4,2,11997996,24035992,11997996,96143968,0,0,lineitem;supplier,2352,223168,0,0,0,0,0
2026-07-27T10:06:31Z,4F33D5519540FCEC,18.4,queries/Core/04_join_scale/join_6mx10k.sql,measured,2,10,10,3,0.064,1889.706,4,2,11997996,24035992,11997996,96143968,0,0,lineitem;supplier,2446,223074,0,0,0,0,0
2026-07-27T10:06:50Z,4F33D5519540FCEC,18.4,queries/Core/04_join_scale/join_6mx10k.sql,measured,3,1,10,3,0.480,1994.241,4,2,11997996,24035992,11997996,96143968,0,0,lineitem;supplier,2540,222980,0,0,0,0,0
2026-07-27T10:06:50Z,4F33D5519540FCEC,18.4,queries/Core/04_join_scale/join_6mx10k.sql,measured,3,2,10,3,0.061,1901.417,4,2,11997996,24035992,11997996,96143968,0,0,lineitem;supplier,2634,222886,0,0,0,0,0
2026-07-27T10:06:50Z,4F33D5519540FCEC,18.4,queries/Core/04_join_scale/join_6mx10k.sql,measured,3,3,10,3,0.061,1877.085,4,2,11997996,24035992,11997996,96143968,0,0,lineitem;supplier,2728,222792,0,0,0,0,0
2026-07-27T10:06:50Z,4F33D5519540FCEC,18.4,queries/Core/04_join_scale/join_6mx10k.sql,measured,3,4,10,3,0.078,1874.385,4,2,11997996,24035992,11997996,96143968,0,0,lineitem;supplier,2822,222698,0,0,0,0,0
2026-07-27T10:06:50Z,4F33D5519540FCEC,18.4,queries/Core/04_join_scale/join_6mx10k.sql,measured,3,5,10,3,0.063,1872.740,4,2,11997996,24035992,11997996,96143968,0,0,lineitem;supplier,2916,222604,0,0,0,0,0
2026-07-27T10:06:50Z,4F33D5519540FCEC,18.4,queries/Core/04_join_scale/join_6mx10k.sql,measured,3,6,10,3,0.062,1879.575,4,2,11997996,24035992,11997996,96143968,0,0,lineitem;supplier,3010,222510,0,0,0,0,0
2026-07-27T10:06:50Z,4F33D5519540FCEC,18.4,queries/Core/04_join_scale/join_6mx10k.sql,measured,3,7,10,3,0.063,1878.629,4,2,11997996,24035992,11997996,96143968,0,0,lineitem;supplier,3104,222416,0,0,0,0,0
2026-07-27T10:06:50Z,4F33D5519540FCEC,18.4,queries/Core/04_join_scale/join_6mx10k.sql,measured,3,8,10,3,0.064,1882.588,4,2,11997996,24035992,11997996,96143968,0,0,lineitem;supplier,3198,222322,0,0,0,0,0
2026-07-27T10:06:50Z,4F33D5519540FCEC,18.4,queries/Core/04_join_scale/join_6mx10k.sql,measured,3,9,10,3,0.063,1869.916,4,2,11997996,24035992,11997996,96143968,0,0,lineitem;supplier,3292,222228,0,0,0,0,0
2026-07-27T10:06:50Z,4F33D5519540FCEC,18.4,queries/Core/04_join_scale/join_6mx10k.sql,measured,3,10,10,3,0.062,1871.509,4,2,11997996,24035992,11997996,96143968,0,0,lineitem;supplier,3386,222134,0,0,0,0,0
2026-07-27T10:06:54Z,4F33D5519540FCEC,18.4,queries/Core/04_join_scale/join_6mx1500k.sql,warmup,1,1,1,3,14.410,3782.096,4,2,11997996,29995992,11997996,119983968,0,0,lineitem;orders,3008,274288,0,0,42589,42589,0
2026-07-27T10:06:57Z,4F33D5519540FCEC,18.4,queries/Core/04_join_scale/join_6mx1500k.sql,warmup,2,1,1,3,0.588,3778.599,4,2,11997996,29995992,11997996,119983968,0,0,lineitem;orders,3196,274100,0,0,42589,42589,0
2026-07-27T10:07:35Z,4F33D5519540FCEC,18.4,queries/Core/04_join_scale/join_6mx1500k.sql,measured,1,1,10,3,0.524,3776.091,4,2,11997996,29995992,11997996,119983968,0,0,lineitem;orders,3384,273912,0,0,42589,42589,0
2026-07-27T10:07:35Z,4F33D5519540FCEC,18.4,queries/Core/04_join_scale/join_6mx1500k.sql,measured,1,2,10,3,0.078,3772.657,4,2,11997996,29995992,11997996,119983968,0,0,lineitem;orders,3572,273724,0,0,42589,42589,0
2026-07-27T10:07:35Z,4F33D5519540FCEC,18.4,queries/Core/04_join_scale/join_6mx1500k.sql,measured,1,3,10,3,0.102,3743.586,4,2,11997996,29995992,11997996,119983968,0,0,lineitem;orders,3760,273536,0,0,42589,42589,0
2026-07-27T10:07:35Z,4F33D5519540FCEC,18.4,queries/Core/04_join_scale/join_6mx1500k.sql,measured,1,4,10,3,0.079,3702.490,4,2,11997996,29995992,11997996,119983968,0,0,lineitem;orders,3948,273348,0,0,42589,42589,0
2026-07-27T10:07:35Z,4F33D5519540FCEC,18.4,queries/Core/04_join_scale/join_6mx1500k.sql,measured,1,5,10,3,0.081,3788.151,4,2,11997996,29995992,11997996,119983968,0,0,lineitem;orders,4136,273160,0,0,42589,42589,0
2026-07-27T10:07:35Z,4F33D5519540FCEC,18.4,queries/Core/04_join_scale/join_6mx1500k.sql,measured,1,6,10,3,0.097,3771.596,4,2,11997996,29995992,11997996,119983968,0,0,lineitem;orders,4324,272972,0,0,42589,42589,0
2026-07-27T10:07:35Z,4F33D5519540FCEC,18.4,queries/Core/04_join_scale/join_6mx1500k.sql,measured,1,7,10,3,0.097,3764.859,4,2,11997996,29995992,11997996,119983968,0,0,lineitem;orders,4512,272784,0,0,42589,42589,0
2026-07-27T10:07:35Z,4F33D5519540FCEC,18.4,queries/Core/04_join_scale/join_6mx1500k.sql,measured,1,8,10,3,0.078,3700.174,4,2,11997996,29995992,11997996,119983968,0,0,lineitem;orders,4700,272596,0,0,42589,42589,0
2026-07-27T10:07:35Z,4F33D5519540FCEC,18.4,queries/Core/04_join_scale/join_6mx1500k.sql,measured,1,9,10,3,0.084,3774.447,4,2,11997996,29995992,11997996,119983968,0,0,lineitem;orders,4888,272408,0,0,42589,42589,0
2026-07-27T10:07:35Z,4F33D5519540FCEC,18.4,queries/Core/04_join_scale/join_6mx1500k.sql,measured,1,10,10,3,0.080,3727.717,4,2,11997996,29995992,11997996,119983968,0,0,lineitem;orders,5076,272220,0,0,42589,42589,0
2026-07-27T10:08:14Z,4F33D5519540FCEC,18.4,queries/Core/04_join_scale/join_6mx1500k.sql,measured,2,1,10,3,0.521,3789.813,4,2,11997996,29995992,11997996,119983968,0,0,lineitem;orders,5264,272032,0,0,42589,42589,0
2026-07-27T10:08:14Z,4F33D5519540FCEC,18.4,queries/Core/04_join_scale/join_6mx1500k.sql,measured,2,2,10,3,0.077,3775.954,4,2,11997996,29995992,11997996,119983968,0,0,lineitem;orders,5452,271844,0,0,42589,42589,0
2026-07-27T10:08:14Z,4F33D5519540FCEC,18.4,queries/Core/04_join_scale/join_6mx1500k.sql,measured,2,3,10,3,0.094,3782.495,4,2,11997996,29995992,11997996,119983968,0,0,lineitem;orders,5640,271656,0,0,42589,42589,0
2026-07-27T10:08:14Z,4F33D5519540FCEC,18.4,queries/Core/04_join_scale/join_6mx1500k.sql,measured,2,4,10,3,0.077,3686.779,4,2,11997996,29995992,11997996,119983968,0,0,lineitem;orders,5828,271468,0,0,42589,42589,0
2026-07-27T10:08:14Z,4F33D5519540FCEC,18.4,queries/Core/04_join_scale/join_6mx1500k.sql,measured,2,5,10,3,0.079,3774.552,4,2,11997996,29995992,11997996,119983968,0,0,lineitem;orders,5948,271348,0,0,42589,42589,0
2026-07-27T10:08:14Z,4F33D5519540FCEC,18.4,queries/Core/04_join_scale/join_6mx1500k.sql,measured,2,6,10,3,0.085,3931.283,4,2,11997996,29995992,11997996,119983968,0,0,lineitem;orders,6136,271160,0,0,42589,42589,0
2026-07-27T10:08:14Z,4F33D5519540FCEC,18.4,queries/Core/04_join_scale/join_6mx1500k.sql,measured,2,7,10,3,0.084,3764.197,4,2,11997996,29995992,11997996,119983968,0,0,lineitem;orders,6324,270972,0,0,42589,42589,0
2026-07-27T10:08:14Z,4F33D5519540FCEC,18.4,queries/Core/04_join_scale/join_6mx1500k.sql,measured,2,8,10,3,0.084,3770.902,4,2,11997996,29995992,11997996,119983968,0,0,lineitem;orders,6512,270784,0,0,42589,42589,0
2026-07-27T10:08:14Z,4F33D5519540FCEC,18.4,queries/Core/04_join_scale/join_6mx1500k.sql,measured,2,9,10,3,0.078,3692.435,4,2,11997996,29995992,11997996,119983968,0,0,lineitem;orders,6700,270596,0,0,42589,42589,0
2026-07-27T10:08:14Z,4F33D5519540FCEC,18.4,queries/Core/04_join_scale/join_6mx1500k.sql,measured,2,10,10,3,0.080,4660.057,4,2,11997996,29995992,11997996,119983968,0,0,lineitem;orders,6888,270408,0,0,42589,42589,0
2026-07-27T10:08:51Z,4F33D5519540FCEC,18.4,queries/Core/04_join_scale/join_6mx1500k.sql,measured,3,1,10,3,0.531,3845.027,4,2,11997996,29995992,11997996,119983968,0,0,lineitem;orders,7076,270220,0,0,42589,42589,0
2026-07-27T10:08:51Z,4F33D5519540FCEC,18.4,queries/Core/04_join_scale/join_6mx1500k.sql,measured,3,2,10,3,0.078,3843.127,4,2,11997996,29995992,11997996,119983968,0,0,lineitem;orders,7264,270032,0,0,42589,42589,0
2026-07-27T10:08:51Z,4F33D5519540FCEC,18.4,queries/Core/04_join_scale/join_6mx1500k.sql,measured,3,3,10,3,0.077,3752.126,4,2,11997996,29995992,11997996,119983968,0,0,lineitem;orders,7452,269844,0,0,42589,42589,0
2026-07-27T10:08:51Z,4F33D5519540FCEC,18.4,queries/Core/04_join_scale/join_6mx1500k.sql,measured,3,4,10,3,0.078,3745.279,4,2,11997996,29995992,11997996,119983968,0,0,lineitem;orders,7640,269656,0,0,42589,42589,0
2026-07-27T10:08:51Z,4F33D5519540FCEC,18.4,queries/Core/04_join_scale/join_6mx1500k.sql,measured,3,5,10,3,0.085,3698.506,4,2,11997996,29995992,11997996,119983968,0,0,lineitem;orders,7828,269468,0,0,42589,42589,0
2026-07-27T10:08:51Z,4F33D5519540FCEC,18.4,queries/Core/04_join_scale/join_6mx1500k.sql,measured,3,6,10,3,0.079,3758.197,4,2,11997996,29995992,11997996,119983968,0,0,lineitem;orders,8016,269280,0,0,42589,42589,0
2026-07-27T10:08:51Z,4F33D5519540FCEC,18.4,queries/Core/04_join_scale/join_6mx1500k.sql,measured,3,7,10,3,0.079,3760.952,4,2,11997996,29995992,11997996,119983968,0,0,lineitem;orders,8204,269092,0,0,42589,42589,0
2026-07-27T10:08:51Z,4F33D5519540FCEC,18.4,queries/Core/04_join_scale/join_6mx1500k.sql,measured,3,8,10,3,0.095,3701.339,4,2,11997996,29995992,11997996,119983968,0,0,lineitem;orders,8392,268904,0,0,42589,42589,0
2026-07-27T10:08:51Z,4F33D5519540FCEC,18.4,queries/Core/04_join_scale/join_6mx1500k.sql,measured,3,9,10,3,0.078,3774.128,4,2,11997996,29995992,11997996,119983968,0,0,lineitem;orders,8580,268716,0,0,42589,42589,0
2026-07-27T10:08:51Z,4F33D5519540FCEC,18.4,queries/Core/04_join_scale/join_6mx1500k.sql,measured,3,10,10,3,0.097,3778.655,4,2,11997996,29995992,11997996,119983968,0,0,lineitem;orders,8768,268528,0,0,42589,42589,0
2026-07-27T10:08:55Z,4F33D5519540FCEC,18.4,queries/Core/04_join_scale/join_6mx200k.sql,warmup,1,1,1,3,16.486,3945.131,4,2,11997996,24795992,11997996,99183968,0,0,lineitem;part,5948,227324,0,0,27250,27250,0
2026-07-27T10:08:59Z,4F33D5519540FCEC,18.4,queries/Core/04_join_scale/join_6mx200k.sql,warmup,2,1,1,3,0.514,3944.478,4,2,11997996,24795992,11997996,99183968,0,0,lineitem;part,6136,227136,0,0,27250,27250,0
2026-07-27T10:09:38Z,4F33D5519540FCEC,18.4,queries/Core/04_join_scale/join_6mx200k.sql,measured,1,1,10,3,0.476,4069.833,4,2,11997996,24795992,11997996,99183968,0,0,lineitem;part,6324,226948,0,0,27250,27250,0
2026-07-27T10:09:38Z,4F33D5519540FCEC,18.4,queries/Core/04_join_scale/join_6mx200k.sql,measured,1,2,10,3,0.060,3850.871,4,2,11997996,24795992,11997996,99183968,0,0,lineitem;part,6512,226760,0,0,27250,27250,0
2026-07-27T10:09:38Z,4F33D5519540FCEC,18.4,queries/Core/04_join_scale/join_6mx200k.sql,measured,1,3,10,3,0.062,3841.640,4,2,11997996,24795992,11997996,99183968,0,0,lineitem;part,6700,226572,0,0,27250,27250,0
2026-07-27T10:09:38Z,4F33D5519540FCEC,18.4,queries/Core/04_join_scale/join_6mx200k.sql,measured,1,4,10,3,0.062,3760.643,4,2,11997996,24795992,11997996,99183968,0,0,lineitem;part,6888,226384,0,0,27250,27250,0
2026-07-27T10:09:38Z,4F33D5519540FCEC,18.4,queries/Core/04_join_scale/join_6mx200k.sql,measured,1,5,10,3,0.064,3793.292,4,2,11997996,24795992,11997996,99183968,0,0,lineitem;part,7076,226196,0,0,27250,27250,0
2026-07-27T10:09:38Z,4F33D5519540FCEC,18.4,queries/Core/04_join_scale/join_6mx200k.sql,measured,1,6,10,3,0.064,3779.023,4,2,11997996,24795992,11997996,99183968,0,0,lineitem;part,7264,226008,0,0,27250,27250,0
2026-07-27T10:09:38Z,4F33D5519540FCEC,18.4,queries/Core/04_join_scale/join_6mx200k.sql,measured,1,7,10,3,0.068,3870.120,4,2,11997996,24795992,11997996,99183968,0,0,lineitem;part,7452,225820,0,0,27250,27250,0
2026-07-27T10:09:38Z,4F33D5519540FCEC,18.4,queries/Core/04_join_scale/join_6mx200k.sql,measured,1,8,10,3,0.063,3834.511,4,2,11997996,24795992,11997996,99183968,0,0,lineitem;part,7640,225632,0,0,27250,27250,0
2026-07-27T10:09:38Z,4F33D5519540FCEC,18.4,queries/Core/04_join_scale/join_6mx200k.sql,measured,1,9,10,3,0.584,3774.556,4,2,11997996,24795992,11997996,99183968,0,0,lineitem;part,7828,225444,0,0,27250,27250,0
2026-07-27T10:09:38Z,4F33D5519540FCEC,18.4,queries/Core/04_join_scale/join_6mx200k.sql,measured,1,10,10,3,0.061,3868.305,4,2,11997996,24795992,11997996,99183968,0,0,lineitem;part,8016,225256,0,0,27250,27250,0
2026-07-27T10:10:23Z,4F33D5519540FCEC,18.4,queries/Core/04_join_scale/join_6mx200k.sql,measured,2,1,10,3,0.465,4254.736,4,2,11997996,24795992,11997996,99183968,0,0,lineitem;part,8204,225068,0,0,27250,27250,0
2026-07-27T10:10:23Z,4F33D5519540FCEC,18.4,queries/Core/04_join_scale/join_6mx200k.sql,measured,2,2,10,3,0.062,4779.336,4,2,11997996,24795992,11997996,99183968,0,0,lineitem;part,8392,224880,0,0,27250,27250,0
2026-07-27T10:10:23Z,4F33D5519540FCEC,18.4,queries/Core/04_join_scale/join_6mx200k.sql,measured,2,3,10,3,0.061,4774.456,4,2,11997996,24795992,11997996,99183968,0,0,lineitem;part,8580,224692,0,0,27250,27250,0
2026-07-27T10:10:23Z,4F33D5519540FCEC,18.4,queries/Core/04_join_scale/join_6mx200k.sql,measured,2,4,10,3,0.062,4787.124,4,2,11997996,24795992,11997996,99183968,0,0,lineitem;part,8768,224504,0,0,27250,27250,0
2026-07-27T10:10:23Z,4F33D5519540FCEC,18.4,queries/Core/04_join_scale/join_6mx200k.sql,measured,2,5,10,3,0.062,4787.618,4,2,11997996,24795992,11997996,99183968,0,0,lineitem;part,8956,224316,0,0,27250,27250,0
2026-07-27T10:10:23Z,4F33D5519540FCEC,18.4,queries/Core/04_join_scale/join_6mx200k.sql,measured,2,6,10,3,0.062,4793.658,4,2,11997996,24795992,11997996,99183968,0,0,lineitem;part,9144,224128,0,0,27250,27250,0
2026-07-27T10:10:23Z,4F33D5519540FCEC,18.4,queries/Core/04_join_scale/join_6mx200k.sql,measured,2,7,10,3,0.062,4804.312,4,2,11997996,24795992,11997996,99183968,0,0,lineitem;part,9332,223940,0,0,27250,27250,0
2026-07-27T10:10:23Z,4F33D5519540FCEC,18.4,queries/Core/04_join_scale/join_6mx200k.sql,measured,2,8,10,3,0.061,3950.993,4,2,11997996,24795992,11997996,99183968,0,0,lineitem;part,9520,223752,0,0,27250,27250,0
2026-07-27T10:10:23Z,4F33D5519540FCEC,18.4,queries/Core/04_join_scale/join_6mx200k.sql,measured,2,9,10,3,0.062,3839.526,4,2,11997996,24795992,11997996,99183968,0,0,lineitem;part,9708,223564,0,0,27250,27250,0
2026-07-27T10:10:23Z,4F33D5519540FCEC,18.4,queries/Core/04_join_scale/join_6mx200k.sql,measured,2,10,10,3,0.061,3813.261,4,2,11997996,24795992,11997996,99183968,0,0,lineitem;part,9896,223376,0,0,27250,27250,0
2026-07-27T10:11:06Z,4F33D5519540FCEC,18.4,queries/Core/04_join_scale/join_6mx200k.sql,measured,3,1,10,3,0.470,4271.132,4,2,11997996,24795992,11997996,99183968,0,0,lineitem;part,10084,223188,0,0,27250,27250,0
2026-07-27T10:11:06Z,4F33D5519540FCEC,18.4,queries/Core/04_join_scale/join_6mx200k.sql,measured,3,2,10,3,0.083,4210.488,4,2,11997996,24795992,11997996,99183968,0,0,lineitem;part,10272,223000,0,0,27250,27250,0
2026-07-27T10:11:06Z,4F33D5519540FCEC,18.4,queries/Core/04_join_scale/join_6mx200k.sql,measured,3,3,10,3,0.062,4814.871,4,2,11997996,24795992,11997996,99183968,0,0,lineitem;part,10460,222812,0,0,27250,27250,0
2026-07-27T10:11:06Z,4F33D5519540FCEC,18.4,queries/Core/04_join_scale/join_6mx200k.sql,measured,3,4,10,3,0.061,4247.970,4,2,11997996,24795992,11997996,99183968,0,0,lineitem;part,10648,222624,0,0,27250,27250,0
2026-07-27T10:11:06Z,4F33D5519540FCEC,18.4,queries/Core/04_join_scale/join_6mx200k.sql,measured,3,5,10,3,0.063,4276.303,4,2,11997996,24795992,11997996,99183968,0,0,lineitem;part,10836,222436,0,0,27250,27250,0
2026-07-27T10:11:06Z,4F33D5519540FCEC,18.4,queries/Core/04_join_scale/join_6mx200k.sql,measured,3,6,10,3,0.062,4088.197,4,2,11997996,24795992,11997996,99183968,0,0,lineitem;part,11024,222248,0,0,27250,27250,0
2026-07-27T10:11:06Z,4F33D5519540FCEC,18.4,queries/Core/04_join_scale/join_6mx200k.sql,measured,3,7,10,3,0.064,3964.583,4,2,11997996,24795992,11997996,99183968,0,0,lineitem;part,11212,222060,0,0,27250,27250,0
2026-07-27T10:11:06Z,4F33D5519540FCEC,18.4,queries/Core/04_join_scale/join_6mx200k.sql,measured,3,8,10,3,0.064,3988.900,4,2,11997996,24795992,11997996,99183968,0,0,lineitem;part,11400,221872,0,0,27250,27250,0
2026-07-27T10:11:06Z,4F33D5519540FCEC,18.4,queries/Core/04_join_scale/join_6mx200k.sql,measured,3,9,10,3,0.064,4670.763,4,2,11997996,24795992,11997996,99183968,0,0,lineitem;part,11588,221684,0,0,27250,27250,0
2026-07-27T10:11:06Z,4F33D5519540FCEC,18.4,queries/Core/04_join_scale/join_6mx200k.sql,measured,3,10,10,3,0.062,4790.900,4,2,11997996,24795992,11997996,99183968,0,0,lineitem;part,11776,221496,0,0,27250,27250,0
2026-07-27T10:11:07Z,4F33D5519540FCEC,18.4,queries/Core/04_join_scale/join_800kx200k.sql,warmup,1,1,1,3,0.421,624.545,4,2,1600000,4000000,1600045,16000000,0,0,partsupp;part,3008,40240,0,0,4397,4397,0
2026-07-27T10:11:07Z,4F33D5519540FCEC,18.4,queries/Core/04_join_scale/join_800kx200k.sql,warmup,2,1,1,3,0.408,544.020,4,2,1600000,4000000,1600045,16000000,0,0,partsupp;part,3196,40052,0,0,4397,4397,0
2026-07-27T10:11:13Z,4F33D5519540FCEC,18.4,queries/Core/04_join_scale/join_800kx200k.sql,measured,1,1,10,3,0.389,539.357,4,2,1600000,4000000,1600045,16000000,0,0,partsupp;part,3384,39864,0,0,4397,4397,0
2026-07-27T10:11:13Z,4F33D5519540FCEC,18.4,queries/Core/04_join_scale/join_800kx200k.sql,measured,1,2,10,3,0.056,518.986,4,2,1600000,4000000,1600045,16000000,0,0,partsupp;part,3572,39676,0,0,4397,4397,0
2026-07-27T10:11:13Z,4F33D5519540FCEC,18.4,queries/Core/04_join_scale/join_800kx200k.sql,measured,1,3,10,3,0.056,517.571,4,2,1600000,4000000,1600045,16000000,0,0,partsupp;part,3760,39488,0,0,4397,4397,0
2026-07-27T10:11:13Z,4F33D5519540FCEC,18.4,queries/Core/04_join_scale/join_800kx200k.sql,measured,1,4,10,3,0.074,518.630,4,2,1600000,4000000,1600045,16000000,0,0,partsupp;part,3948,39300,0,0,4397,4397,0
2026-07-27T10:11:13Z,4F33D5519540FCEC,18.4,queries/Core/04_join_scale/join_800kx200k.sql,measured,1,5,10,3,0.055,517.358,4,2,1600000,4000000,1600045,16000000,0,0,partsupp;part,4136,39112,0,0,4397,4397,0
2026-07-27T10:11:13Z,4F33D5519540FCEC,18.4,queries/Core/04_join_scale/join_800kx200k.sql,measured,1,6,10,3,0.055,516.821,4,2,1600000,4000000,1600045,16000000,0,0,partsupp;part,4324,38924,0,0,4397,4397,0
2026-07-27T10:11:13Z,4F33D5519540FCEC,18.4,queries/Core/04_join_scale/join_800kx200k.sql,measured,1,7,10,3,0.055,518.126,4,2,1600000,4000000,1600045,16000000,0,0,partsupp;part,4512,38736,0,0,4397,4397,0
2026-07-27T10:11:13Z,4F33D5519540FCEC,18.4,queries/Core/04_join_scale/join_800kx200k.sql,measured,1,8,10,3,0.055,519.047,4,2,1600000,4000000,1600045,16000000,0,0,partsupp;part,4700,38548,0,0,4397,4397,0
2026-07-27T10:11:13Z,4F33D5519540FCEC,18.4,queries/Core/04_join_scale/join_800kx200k.sql,measured,1,9,10,3,0.055,512.900,4,2,1600000,4000000,1600045,16000000,0,0,partsupp;part,4888,38360,0,0,4397,4397,0
2026-07-27T10:11:13Z,4F33D5519540FCEC,18.4,queries/Core/04_join_scale/join_800kx200k.sql,measured,1,10,10,3,0.055,574.020,4,2,1600000,4000000,1600045,16000000,0,0,partsupp;part,5076,38172,0,0,4397,4397,0
2026-07-27T10:11:18Z,4F33D5519540FCEC,18.4,queries/Core/04_join_scale/join_800kx200k.sql,measured,2,1,10,3,0.388,706.187,4,2,1600000,4000000,1600045,16000000,0,0,partsupp;part,5264,37984,0,0,4397,4397,0
2026-07-27T10:11:18Z,4F33D5519540FCEC,18.4,queries/Core/04_join_scale/join_800kx200k.sql,measured,2,2,10,3,0.056,682.712,4,2,1600000,4000000,1600045,16000000,0,0,partsupp;part,5452,37796,0,0,4397,4397,0
2026-07-27T10:11:18Z,4F33D5519540FCEC,18.4,queries/Core/04_join_scale/join_800kx200k.sql,measured,2,3,10,3,0.055,592.209,4,2,1600000,4000000,1600045,16000000,0,0,partsupp;part,5640,37608,0,0,4397,4397,0
2026-07-27T10:11:18Z,4F33D5519540FCEC,18.4,queries/Core/04_join_scale/join_800kx200k.sql,measured,2,4,10,3,0.073,519.392,4,2,1600000,4000000,1600045,16000000,0,0,partsupp;part,5828,37420,0,0,4397,4397,0
2026-07-27T10:11:18Z,4F33D5519540FCEC,18.4,queries/Core/04_join_scale/join_800kx200k.sql,measured,2,5,10,3,0.055,522.517,4,2,1600000,4000000,1600045,16000000,0,0,partsupp;part,6016,37232,0,0,4397,4397,0
2026-07-27T10:11:18Z,4F33D5519540FCEC,18.4,queries/Core/04_join_scale/join_800kx200k.sql,measured,2,6,10,3,0.055,519.288,4,2,1600000,4000000,1600045,16000000,0,0,partsupp;part,6204,37044,0,0,4397,4397,0
2026-07-27T10:11:18Z,4F33D5519540FCEC,18.4,queries/Core/04_join_scale/join_800kx200k.sql,measured,2,7,10,3,0.054,517.497,4,2,1600000,4000000,1600045,16000000,0,0,partsupp;part,6392,36856,0,0,4397,4397,0
2026-07-27T10:11:18Z,4F33D5519540FCEC,18.4,queries/Core/04_join_scale/join_800kx200k.sql,measured,2,8,10,3,0.055,517.207,4,2,1600000,4000000,1600045,16000000,0,0,partsupp;part,6580,36668,0,0,4397,4397,0
2026-07-27T10:11:18Z,4F33D5519540FCEC,18.4,queries/Core/04_join_scale/join_800kx200k.sql,measured,2,9,10,3,0.072,565.066,4,2,1600000,4000000,1600045,16000000,0,0,partsupp;part,6768,36480,0,0,4397,4397,0
2026-07-27T10:11:18Z,4F33D5519540FCEC,18.4,queries/Core/04_join_scale/join_800kx200k.sql,measured,2,10,10,3,0.054,521.026,4,2,1600000,4000000,1600045,16000000,0,0,partsupp;part,6956,36292,0,0,4397,4397,0
2026-07-27T10:11:24Z,4F33D5519540FCEC,18.4,queries/Core/04_join_scale/join_800kx200k.sql,measured,3,1,10,3,0.402,545.808,4,2,1600000,4000000,1600045,16000000,0,0,partsupp;part,7144,36104,0,0,4397,4397,0
2026-07-27T10:11:24Z,4F33D5519540FCEC,18.4,queries/Core/04_join_scale/join_800kx200k.sql,measured,3,2,10,3,0.055,518.654,4,2,1600000,4000000,1600045,16000000,0,0,partsupp;part,7332,35916,0,0,4397,4397,0
2026-07-27T10:11:24Z,4F33D5519540FCEC,18.4,queries/Core/04_join_scale/join_800kx200k.sql,measured,3,3,10,3,0.054,518.221,4,2,1600000,4000000,1600045,16000000,0,0,partsupp;part,7520,35728,0,0,4397,4397,0
2026-07-27T10:11:24Z,4F33D5519540FCEC,18.4,queries/Core/04_join_scale/join_800kx200k.sql,measured,3,4,10,3,0.055,528.857,4,2,1600000,4000000,1600045,16000000,0,0,partsupp;part,7708,35540,0,0,4397,4397,0
2026-07-27T10:11:24Z,4F33D5519540FCEC,18.4,queries/Core/04_join_scale/join_800kx200k.sql,measured,3,5,10,3,0.078,530.870,4,2,1600000,4000000,1600045,16000000,0,0,partsupp;part,7896,35352,0,0,4397,4397,0
2026-07-27T10:11:24Z,4F33D5519540FCEC,18.4,queries/Core/04_join_scale/join_800kx200k.sql,measured,3,6,10,3,0.055,518.155,4,2,1600000,4000000,1600045,16000000,0,0,partsupp;part,8084,35164,0,0,4397,4397,0
2026-07-27T10:11:24Z,4F33D5519540FCEC,18.4,queries/Core/04_join_scale/join_800kx200k.sql,measured,3,7,10,3,0.055,517.832,4,2,1600000,4000000,1600045,16000000,0,0,partsupp;part,8272,34976,0,0,4397,4397,0
2026-07-27T10:11:24Z,4F33D5519540FCEC,18.4,queries/Core/04_join_scale/join_800kx200k.sql,measured,3,8,10,3,0.056,518.754,4,2,1600000,4000000,1600045,16000000,0,0,partsupp;part,8460,34788,0,0,4397,4397,0
2026-07-27T10:11:24Z,4F33D5519540FCEC,18.4,queries/Core/04_join_scale/join_800kx200k.sql,measured,3,9,10,3,0.055,510.349,4,2,1600000,4000000,1600045,16000000,0,0,partsupp;part,8648,34600,0,0,4397,4397,0
2026-07-27T10:11:24Z,4F33D5519540FCEC,18.4,queries/Core/04_join_scale/join_800kx200k.sql,measured,3,10,10,3,0.056,594.057,4,2,1600000,4000000,1600045,16000000,0,0,partsupp;part,8836,34412,0,0,4397,4397,0
2026-07-27T11:33:24Z,F346E7F692C196A7,14.23,queries/Core/00_baseline/no_table.sql,warmup,1,1,1,2,0.042,0.027,1,0,1,1,1,4,0,0,,3,0,0,0,0,0,0
2026-07-27T11:33:24Z,F346E7F692C196A7,14.23,queries/Core/00_baseline/no_table.sql,warmup,2,1,1,2,0.041,0.026,1,0,1,1,1,4,0,0,,3,0,0,0,0,0,0
2026-07-27T11:33:24Z,F346E7F692C196A7,14.23,queries/Core/00_baseline/no_table.sql,measured,1,1,5,2,0.041,0.026,1,0,1,1,1,4,0,0,,3,0,0,0,0,0,0
2026-07-27T11:33:24Z,F346E7F692C196A7,14.23,queries/Core/00_baseline/no_table.sql,measured,1,2,5,2,0.005,0.004,1,0,1,1,1,4,0,0,,,,,,,,0
2026-07-27T11:33:24Z,F346E7F692C196A7,14.23,queries/Core/00_baseline/no_table.sql,measured,1,3,5,2,0.005,0.004,1,0,1,1,1,4,0,0,,,,,,,,0
2026-07-27T11:33:24Z,F346E7F692C196A7,14.23,queries/Core/00_baseline/no_table.sql,measured,1,4,5,2,0.005,0.004,1,0,1,1,1,4,0,0,,,,,,,,0
2026-07-27T11:33:24Z,F346E7F692C196A7,14.23,queries/Core/00_baseline/no_table.sql,measured,1,5,5,2,0.005,0.004,1,0,1,1,1,4,0,0,,,,,,,,0
2026-07-27T11:33:24Z,F346E7F692C196A7,14.23,queries/Core/00_baseline/no_table.sql,measured,2,1,5,2,0.041,0.026,1,0,1,1,1,4,0,0,,3,0,0,0,0,0,0
2026-07-27T11:33:24Z,F346E7F692C196A7,14.23,queries/Core/00_baseline/no_table.sql,measured,2,2,5,2,0.004,0.003,1,0,1,1,1,4,0,0,,,,,,,,0
2026-07-27T11:33:24Z,F346E7F692C196A7,14.23,queries/Core/00_baseline/no_table.sql,measured,2,3,5,2,0.005,0.004,1,0,1,1,1,4,0,0,,,,,,,,0
2026-07-27T11:33:24Z,F346E7F692C196A7,14.23,queries/Core/00_baseline/no_table.sql,measured,2,4,5,2,0.005,0.004,1,0,1,1,1,4,0,0,,,,,,,,0
2026-07-27T11:33:24Z,F346E7F692C196A7,14.23,queries/Core/00_baseline/no_table.sql,measured,2,5,5,2,0.005,0.004,1,0,1,1,1,4,0,0,,,,,,,,0
2026-07-27T11:33:24Z,F346E7F692C196A7,14.23,queries/Core/00_baseline/scan_customer.sql,warmup,1,1,1,2,0.181,131.991,1,1,300000,300000,300000,1200000,0,0,customer,0,7169,0,0,0,0,0
2026-07-27T11:33:25Z,F346E7F692C196A7,14.23,queries/Core/00_baseline/scan_customer.sql,warmup,2,1,1,2,0.170,92.044,1,1,300000,300000,300000,1200000,0,0,customer,32,7137,0,0,0,0,0
2026-07-27T11:33:25Z,F346E7F692C196A7,14.23,queries/Core/00_baseline/scan_customer.sql,measured,1,1,5,2,0.175,39.887,1,1,300000,300000,300000,1200000,0,0,customer,64,7105,0,0,0,0,0
2026-07-27T11:33:25Z,F346E7F692C196A7,14.23,queries/Core/00_baseline/scan_customer.sql,measured,1,2,5,2,0.026,35.378,1,1,300000,300000,300000,1200000,0,0,customer,96,7073,0,0,0,0,0
2026-07-27T11:33:25Z,F346E7F692C196A7,14.23,queries/Core/00_baseline/scan_customer.sql,measured,1,3,5,2,0.021,35.659,1,1,300000,300000,300000,1200000,0,0,customer,128,7041,0,0,0,0,0
2026-07-27T11:33:25Z,F346E7F692C196A7,14.23,queries/Core/00_baseline/scan_customer.sql,measured,1,4,5,2,0.028,38.218,1,1,300000,300000,300000,1200000,0,0,customer,160,7009,0,0,0,0,0
2026-07-27T11:33:25Z,F346E7F692C196A7,14.23,queries/Core/00_baseline/scan_customer.sql,measured,1,5,5,2,0.022,39.608,1,1,300000,300000,300000,1200000,0,0,customer,192,6977,0,0,0,0,0
2026-07-27T11:33:25Z,F346E7F692C196A7,14.23,queries/Core/00_baseline/scan_customer.sql,measured,2,1,5,2,0.168,36.002,1,1,300000,300000,300000,1200000,0,0,customer,224,6945,0,0,0,0,0
2026-07-27T11:33:25Z,F346E7F692C196A7,14.23,queries/Core/00_baseline/scan_customer.sql,measured,2,2,5,2,0.022,35.538,1,1,300000,300000,300000,1200000,0,0,customer,256,6913,0,0,0,0,0
2026-07-27T11:33:25Z,F346E7F692C196A7,14.23,queries/Core/00_baseline/scan_customer.sql,measured,2,3,5,2,0.027,37.534,1,1,300000,300000,300000,1200000,0,0,customer,288,6881,0,0,0,0,0
2026-07-27T11:33:25Z,F346E7F692C196A7,14.23,queries/Core/00_baseline/scan_customer.sql,measured,2,4,5,2,0.027,38.136,1,1,300000,300000,300000,1200000,0,0,customer,320,6849,0,0,0,0,0
2026-07-27T11:33:25Z,F346E7F692C196A7,14.23,queries/Core/00_baseline/scan_customer.sql,measured,2,5,5,2,0.027,36.283,1,1,300000,300000,300000,1200000,0,0,customer,352,6817,0,0,0,0,0
2026-07-27T11:33:28Z,F346E7F692C196A7,14.23,queries/Core/00_baseline/scan_lineitem.sql,warmup,1,1,1,2,0.182,2646.779,1,1,11997996,11997996,11998031,47991984,0,0,lineitem,0,224920,0,0,0,0,0
2026-07-27T11:33:29Z,F346E7F692C196A7,14.23,queries/Core/00_baseline/scan_lineitem.sql,warmup,2,1,1,2,0.197,1195.566,1,1,11997996,11997996,11998031,47991984,0,0,lineitem,32,224888,0,0,0,0,0
2026-07-27T11:33:35Z,F346E7F692C196A7,14.23,queries/Core/00_baseline/scan_lineitem.sql,measured,1,1,5,2,0.192,1200.191,1,1,11997996,11997996,11998031,47991984,0,0,lineitem,64,224856,0,0,0,0,0
2026-07-27T11:33:35Z,F346E7F692C196A7,14.23,queries/Core/00_baseline/scan_lineitem.sql,measured,1,2,5,2,0.027,1267.019,1,1,11997996,11997996,11998031,47991984,0,0,lineitem,96,224824,0,0,0,0,0
2026-07-27T11:33:35Z,F346E7F692C196A7,14.23,queries/Core/00_baseline/scan_lineitem.sql,measured,1,3,5,2,0.027,1235.355,1,1,11997996,11997996,11998031,47991984,0,0,lineitem,128,224792,0,0,0,0,0
2026-07-27T11:33:35Z,F346E7F692C196A7,14.23,queries/Core/00_baseline/scan_lineitem.sql,measured,1,4,5,2,0.028,1248.306,1,1,11997996,11997996,11998031,47991984,0,0,lineitem,160,224760,0,0,0,0,0
2026-07-27T11:33:35Z,F346E7F692C196A7,14.23,queries/Core/00_baseline/scan_lineitem.sql,measured,1,5,5,2,0.028,1239.771,1,1,11997996,11997996,11998031,47991984,0,0,lineitem,192,224728,0,0,0,0,0
2026-07-27T11:33:42Z,F346E7F692C196A7,14.23,queries/Core/00_baseline/scan_lineitem.sql,measured,2,1,5,2,0.194,1264.945,1,1,11997996,11997996,11998031,47991984,0,0,lineitem,224,224696,0,0,0,0,0
2026-07-27T11:33:42Z,F346E7F692C196A7,14.23,queries/Core/00_baseline/scan_lineitem.sql,measured,2,2,5,2,0.028,1237.459,1,1,11997996,11997996,11998031,47991984,0,0,lineitem,256,224664,0,0,0,0,0
2026-07-27T11:33:42Z,F346E7F692C196A7,14.23,queries/Core/00_baseline/scan_lineitem.sql,measured,2,3,5,2,0.028,1239.495,1,1,11997996,11997996,11998031,47991984,0,0,lineitem,288,224632,0,0,0,0,0
2026-07-27T11:33:42Z,F346E7F692C196A7,14.23,queries/Core/00_baseline/scan_lineitem.sql,measured,2,4,5,2,0.027,1237.974,1,1,11997996,11997996,11998031,47991984,0,0,lineitem,320,224600,0,0,0,0,0
2026-07-27T11:33:42Z,F346E7F692C196A7,14.23,queries/Core/00_baseline/scan_lineitem.sql,measured,2,5,5,2,0.027,1234.835,1,1,11997996,11997996,11998031,47991984,0,0,lineitem,352,224568,0,0,0,0,0
2026-07-27T11:33:42Z,F346E7F692C196A7,14.23,queries/Core/00_baseline/scan_nation.sql,warmup,1,1,1,2,0.116,0.051,1,1,25,25,25,100,0,0,nation,1,0,0,0,0,0,0
2026-07-27T11:33:42Z,F346E7F692C196A7,14.23,queries/Core/00_baseline/scan_nation.sql,warmup,2,1,1,2,0.116,0.041,1,1,25,25,25,100,0,0,nation,1,0,0,0,0,0,0
2026-07-27T11:33:42Z,F346E7F692C196A7,14.23,queries/Core/00_baseline/scan_nation.sql,measured,1,1,5,2,0.132,0.041,1,1,25,25,25,100,0,0,nation,1,0,0,0,0,0,0
2026-07-27T11:33:42Z,F346E7F692C196A7,14.23,queries/Core/00_baseline/scan_nation.sql,measured,1,2,5,2,0.010,0.007,1,1,25,25,25,100,0,0,nation,1,0,0,0,0,0,0
2026-07-27T11:33:42Z,F346E7F692C196A7,14.23,queries/Core/00_baseline/scan_nation.sql,measured,1,3,5,2,0.009,0.008,1,1,25,25,25,100,0,0,nation,1,0,0,0,0,0,0
2026-07-27T11:33:42Z,F346E7F692C196A7,14.23,queries/Core/00_baseline/scan_nation.sql,measured,1,4,5,2,0.009,0.008,1,1,25,25,25,100,0,0,nation,1,0,0,0,0,0,0
2026-07-27T11:33:42Z,F346E7F692C196A7,14.23,queries/Core/00_baseline/scan_nation.sql,measured,1,5,5,2,0.009,0.008,1,1,25,25,25,100,0,0,nation,1,0,0,0,0,0,0
2026-07-27T11:33:42Z,F346E7F692C196A7,14.23,queries/Core/00_baseline/scan_nation.sql,measured,2,1,5,2,0.117,0.040,1,1,25,25,25,100,0,0,nation,1,0,0,0,0,0,0
2026-07-27T11:33:42Z,F346E7F692C196A7,14.23,queries/Core/00_baseline/scan_nation.sql,measured,2,2,5,2,0.011,0.007,1,1,25,25,25,100,0,0,nation,1,0,0,0,0,0,0
2026-07-27T11:33:42Z,F346E7F692C196A7,14.23,queries/Core/00_baseline/scan_nation.sql,measured,2,3,5,2,0.009,0.008,1,1,25,25,25,100,0,0,nation,1,0,0,0,0,0,0
2026-07-27T11:33:42Z,F346E7F692C196A7,14.23,queries/Core/00_baseline/scan_nation.sql,measured,2,4,5,2,0.009,0.008,1,1,25,25,25,100,0,0,nation,1,0,0,0,0,0,0
2026-07-27T11:33:42Z,F346E7F692C196A7,14.23,queries/Core/00_baseline/scan_nation.sql,measured,2,5,5,2,0.009,0.008,1,1,25,25,25,100,0,0,nation,1,0,0,0,0,0,0
2026-07-27T11:33:42Z,F346E7F692C196A7,14.23,queries/Core/00_baseline/scan_orders.sql,warmup,1,1,1,2,0.165,696.626,1,1,3000000,3000000,3000075,12000000,0,0,orders,0,52187,0,0,0,0,0
2026-07-27T11:33:43Z,F346E7F692C196A7,14.23,queries/Core/00_baseline/scan_orders.sql,warmup,2,1,1,2,0.166,365.410,1,1,3000000,3000000,3000075,12000000,0,0,orders,32,52155,0,0,0,0,0
2026-07-27T11:33:45Z,F346E7F692C196A7,14.23,queries/Core/00_baseline/scan_orders.sql,measured,1,1,5,2,0.177,302.304,1,1,3000000,3000000,3000075,12000000,0,0,orders,64,52123,0,0,0,0,0
2026-07-27T11:33:45Z,F346E7F692C196A7,14.23,queries/Core/00_baseline/scan_orders.sql,measured,1,2,5,2,0.027,358.802,1,1,3000000,3000000,3000075,12000000,0,0,orders,96,52091,0,0,0,0,0
2026-07-27T11:33:45Z,F346E7F692C196A7,14.23,queries/Core/00_baseline/scan_orders.sql,measured,1,3,5,2,0.027,360.707,1,1,3000000,3000000,3000075,12000000,0,0,orders,128,52059,0,0,0,0,0
2026-07-27T11:33:45Z,F346E7F692C196A7,14.23,queries/Core/00_baseline/scan_orders.sql,measured,1,4,5,2,0.027,352.233,1,1,3000000,3000000,3000075,12000000,0,0,orders,160,52027,0,0,0,0,0
2026-07-27T11:33:45Z,F346E7F692C196A7,14.23,queries/Core/00_baseline/scan_orders.sql,measured,1,5,5,2,0.045,373.835,1,1,3000000,3000000,3000075,12000000,0,0,orders,192,51995,0,0,0,0,0
2026-07-27T11:33:47Z,F346E7F692C196A7,14.23,queries/Core/00_baseline/scan_orders.sql,measured,2,1,5,2,0.165,300.333,1,1,3000000,3000000,3000075,12000000,0,0,orders,224,51963,0,0,0,0,0
2026-07-27T11:33:47Z,F346E7F692C196A7,14.23,queries/Core/00_baseline/scan_orders.sql,measured,2,2,5,2,0.028,358.932,1,1,3000000,3000000,3000075,12000000,0,0,orders,256,51931,0,0,0,0,0
2026-07-27T11:33:47Z,F346E7F692C196A7,14.23,queries/Core/00_baseline/scan_orders.sql,measured,2,3,5,2,0.027,357.304,1,1,3000000,3000000,3000075,12000000,0,0,orders,288,51899,0,0,0,0,0
2026-07-27T11:33:47Z,F346E7F692C196A7,14.23,queries/Core/00_baseline/scan_orders.sql,measured,2,4,5,2,0.029,354.629,1,1,3000000,3000000,3000075,12000000,0,0,orders,320,51867,0,0,0,0,0
2026-07-27T11:33:47Z,F346E7F692C196A7,14.23,queries/Core/00_baseline/scan_orders.sql,measured,2,5,5,2,0.029,356.522,1,1,3000000,3000000,3000075,12000000,0,0,orders,352,51835,0,0,0,0,0
2026-07-27T11:33:47Z,F346E7F692C196A7,14.23,queries/Core/00_baseline/scan_part.sql,warmup,1,1,1,2,0.120,314.613,1,1,400000,400000,400000,1600000,0,0,part,0,8193,0,0,0,0,0
2026-07-27T11:33:47Z,F346E7F692C196A7,14.23,queries/Core/00_baseline/scan_part.sql,warmup,2,1,1,2,0.121,44.812,1,1,400000,400000,400000,1600000,0,0,part,32,8161,0,0,0,0,0
2026-07-27T11:33:47Z,F346E7F692C196A7,14.23,queries/Core/00_baseline/scan_part.sql,measured,1,1,5,2,0.118,45.677,1,1,400000,400000,400000,1600000,0,0,part,64,8129,0,0,0,0,0
2026-07-27T11:33:47Z,F346E7F692C196A7,14.23,queries/Core/00_baseline/scan_part.sql,measured,1,2,5,2,0.018,46.217,1,1,400000,400000,400000,1600000,0,0,part,96,8097,0,0,0,0,0
2026-07-27T11:33:47Z,F346E7F692C196A7,14.23,queries/Core/00_baseline/scan_part.sql,measured,1,3,5,2,0.023,45.173,1,1,400000,400000,400000,1600000,0,0,part,128,8065,0,0,0,0,0
2026-07-27T11:33:47Z,F346E7F692C196A7,14.23,queries/Core/00_baseline/scan_part.sql,measured,1,4,5,2,0.040,43.730,1,1,400000,400000,400000,1600000,0,0,part,160,8033,0,0,0,0,0
2026-07-27T11:33:47Z,F346E7F692C196A7,14.23,queries/Core/00_baseline/scan_part.sql,measured,1,5,5,2,0.017,47.008,1,1,400000,400000,400000,1600000,0,0,part,192,8001,0,0,0,0,0
2026-07-27T11:33:48Z,F346E7F692C196A7,14.23,queries/Core/00_baseline/scan_part.sql,measured,2,1,5,2,0.121,49.252,1,1,400000,400000,400000,1600000,0,0,part,224,7969,0,0,0,0,0
2026-07-27T11:33:48Z,F346E7F692C196A7,14.23,queries/Core/00_baseline/scan_part.sql,measured,2,2,5,2,0.022,44.442,1,1,400000,400000,400000,1600000,0,0,part,256,7937,0,0,0,0,0
2026-07-27T11:33:48Z,F346E7F692C196A7,14.23,queries/Core/00_baseline/scan_part.sql,measured,2,3,5,2,0.031,45.158,1,1,400000,400000,400000,1600000,0,0,part,288,7905,0,0,0,0,0
2026-07-27T11:33:48Z,F346E7F692C196A7,14.23,queries/Core/00_baseline/scan_part.sql,measured,2,4,5,2,0.023,46.089,1,1,400000,400000,400000,1600000,0,0,part,320,7873,0,0,0,0,0
2026-07-27T11:33:48Z,F346E7F692C196A7,14.23,queries/Core/00_baseline/scan_part.sql,measured,2,5,5,2,0.022,45.267,1,1,400000,400000,400000,1600000,0,0,part,352,7841,0,0,0,0,0
2026-07-27T11:33:48Z,F346E7F692C196A7,14.23,queries/Core/00_baseline/scan_partsupp.sql,warmup,1,1,1,2,0.122,423.932,1,1,1600000,1600000,1600215,6400000,0,0,partsupp,18,34868,0,0,0,0,0
2026-07-27T11:33:48Z,F346E7F692C196A7,14.23,queries/Core/00_baseline/scan_partsupp.sql,warmup,2,1,1,2,0.140,176.762,1,1,1600000,1600000,1600215,6400000,0,0,partsupp,50,34836,0,0,0,0,0
2026-07-27T11:33:50Z,F346E7F692C196A7,14.23,queries/Core/00_baseline/scan_partsupp.sql,measured,1,1,5,2,0.127,179.288,1,1,1600000,1600000,1600215,6400000,0,0,partsupp,82,34804,0,0,0,0,0
2026-07-27T11:33:50Z,F346E7F692C196A7,14.23,queries/Core/00_baseline/scan_partsupp.sql,measured,1,2,5,2,0.028,244.875,1,1,1600000,1600000,1600215,6400000,0,0,partsupp,114,34772,0,0,0,0,0
2026-07-27T11:33:50Z,F346E7F692C196A7,14.23,queries/Core/00_baseline/scan_partsupp.sql,measured,1,3,5,2,0.023,245.178,1,1,1600000,1600000,1600215,6400000,0,0,partsupp,146,34740,0,0,0,0,0
2026-07-27T11:33:50Z,F346E7F692C196A7,14.23,queries/Core/00_baseline/scan_partsupp.sql,measured,1,4,5,2,0.023,241.788,1,1,1600000,1600000,1600215,6400000,0,0,partsupp,178,34708,0,0,0,0,0
2026-07-27T11:33:50Z,F346E7F692C196A7,14.23,queries/Core/00_baseline/scan_partsupp.sql,measured,1,5,5,2,0.023,238.111,1,1,1600000,1600000,1600215,6400000,0,0,partsupp,210,34676,0,0,0,0,0
2026-07-27T11:33:51Z,F346E7F692C196A7,14.23,queries/Core/00_baseline/scan_partsupp.sql,measured,2,1,5,2,0.119,182.618,1,1,1600000,1600000,1600215,6400000,0,0,partsupp,242,34644,0,0,0,0,0
2026-07-27T11:33:51Z,F346E7F692C196A7,14.23,queries/Core/00_baseline/scan_partsupp.sql,measured,2,2,5,2,0.027,234.863,1,1,1600000,1600000,1600215,6400000,0,0,partsupp,274,34612,0,0,0,0,0
2026-07-27T11:33:51Z,F346E7F692C196A7,14.23,queries/Core/00_baseline/scan_partsupp.sql,measured,2,3,5,2,0.023,237.030,1,1,1600000,1600000,1600215,6400000,0,0,partsupp,306,34580,0,0,0,0,0
2026-07-27T11:33:51Z,F346E7F692C196A7,14.23,queries/Core/00_baseline/scan_partsupp.sql,measured,2,4,5,2,0.041,243.640,1,1,1600000,1600000,1600215,6400000,0,0,partsupp,338,34548,0,0,0,0,0
2026-07-27T11:33:51Z,F346E7F692C196A7,14.23,queries/Core/00_baseline/scan_partsupp.sql,measured,2,5,5,2,0.023,240.256,1,1,1600000,1600000,1600215,6400000,0,0,partsupp,370,34516,0,0,0,0,0
2026-07-27T11:33:51Z,F346E7F692C196A7,14.23,queries/Core/00_baseline/scan_region.sql,warmup,1,1,1,2,0.125,0.046,1,1,5,5,5,20,0,0,region,1,0,0,0,0,0,0
2026-07-27T11:33:51Z,F346E7F692C196A7,14.23,queries/Core/00_baseline/scan_region.sql,warmup,2,1,1,2,0.121,0.044,1,1,5,5,5,20,0,0,region,1,0,0,0,0,0,0
2026-07-27T11:33:51Z,F346E7F692C196A7,14.23,queries/Core/00_baseline/scan_region.sql,measured,1,1,5,2,0.137,0.044,1,1,5,5,5,20,0,0,region,1,0,0,0,0,0,0
2026-07-27T11:33:51Z,F346E7F692C196A7,14.23,queries/Core/00_baseline/scan_region.sql,measured,1,2,5,2,0.013,0.007,1,1,5,5,5,20,0,0,region,1,0,0,0,0,0,0
2026-07-27T11:33:51Z,F346E7F692C196A7,14.23,queries/Core/00_baseline/scan_region.sql,measured,1,3,5,2,0.009,0.007,1,1,5,5,5,20,0,0,region,1,0,0,0,0,0,0
2026-07-27T11:33:51Z,F346E7F692C196A7,14.23,queries/Core/00_baseline/scan_region.sql,measured,1,4,5,2,0.009,0.007,1,1,5,5,5,20,0,0,region,1,0,0,0,0,0,0
2026-07-27T11:33:51Z,F346E7F692C196A7,14.23,queries/Core/00_baseline/scan_region.sql,measured,1,5,5,2,0.009,0.007,1,1,5,5,5,20,0,0,region,1,0,0,0,0,0,0
2026-07-27T11:33:51Z,F346E7F692C196A7,14.23,queries/Core/00_baseline/scan_region.sql,measured,2,1,5,2,0.120,0.044,1,1,5,5,5,20,0,0,region,1,0,0,0,0,0,0
2026-07-27T11:33:51Z,F346E7F692C196A7,14.23,queries/Core/00_baseline/scan_region.sql,measured,2,2,5,2,0.013,0.007,1,1,5,5,5,20,0,0,region,1,0,0,0,0,0,0
2026-07-27T11:33:51Z,F346E7F692C196A7,14.23,queries/Core/00_baseline/scan_region.sql,measured,2,3,5,2,0.009,0.007,1,1,5,5,5,20,0,0,region,1,0,0,0,0,0,0
2026-07-27T11:33:51Z,F346E7F692C196A7,14.23,queries/Core/00_baseline/scan_region.sql,measured,2,4,5,2,0.009,0.007,1,1,5,5,5,20,0,0,region,1,0,0,0,0,0,0
2026-07-27T11:33:51Z,F346E7F692C196A7,14.23,queries/Core/00_baseline/scan_region.sql,measured,2,5,5,2,0.009,0.007,1,1,5,5,5,20,0,0,region,1,0,0,0,0,0,0
2026-07-27T11:33:51Z,F346E7F692C196A7,14.23,queries/Core/00_baseline/scan_supplier.sql,warmup,1,1,1,2,0.117,29.239,1,1,20000,20000,20000,80000,0,0,supplier,443,0,0,0,0,0,0
2026-07-27T11:33:51Z,F346E7F692C196A7,14.23,queries/Core/00_baseline/scan_supplier.sql,warmup,2,1,1,2,0.121,2.377,1,1,20000,20000,20000,80000,0,0,supplier,443,0,0,0,0,0,0
2026-07-27T11:33:51Z,F346E7F692C196A7,14.23,queries/Core/00_baseline/scan_supplier.sql,measured,1,1,5,2,0.122,2.592,1,1,20000,20000,20000,80000,0,0,supplier,443,0,0,0,0,0,0
2026-07-27T11:33:51Z,F346E7F692C196A7,14.23,queries/Core/00_baseline/scan_supplier.sql,measured,1,2,5,2,0.013,2.223,1,1,20000,20000,20000,80000,0,0,supplier,443,0,0,0,0,0,0
2026-07-27T11:33:51Z,F346E7F692C196A7,14.23,queries/Core/00_baseline/scan_supplier.sql,measured,1,3,5,2,0.010,1.544,1,1,20000,20000,20000,80000,0,0,supplier,443,0,0,0,0,0,0
2026-07-27T11:33:51Z,F346E7F692C196A7,14.23,queries/Core/00_baseline/scan_supplier.sql,measured,1,4,5,2,0.012,1.451,1,1,20000,20000,20000,80000,0,0,supplier,443,0,0,0,0,0,0
2026-07-27T11:33:51Z,F346E7F692C196A7,14.23,queries/Core/00_baseline/scan_supplier.sql,measured,1,5,5,2,0.009,1.444,1,1,20000,20000,20000,80000,0,0,supplier,443,0,0,0,0,0,0
2026-07-27T11:33:51Z,F346E7F692C196A7,14.23,queries/Core/00_baseline/scan_supplier.sql,measured,2,1,5,2,0.120,2.193,1,1,20000,20000,20000,80000,0,0,supplier,443,0,0,0,0,0,0
2026-07-27T11:33:51Z,F346E7F692C196A7,14.23,queries/Core/00_baseline/scan_supplier.sql,measured,2,2,5,2,0.014,2.236,1,1,20000,20000,20000,80000,0,0,supplier,443,0,0,0,0,0,0
2026-07-27T11:33:51Z,F346E7F692C196A7,14.23,queries/Core/00_baseline/scan_supplier.sql,measured,2,3,5,2,0.009,1.533,1,1,20000,20000,20000,80000,0,0,supplier,443,0,0,0,0,0,0
2026-07-27T11:33:51Z,F346E7F692C196A7,14.23,queries/Core/00_baseline/scan_supplier.sql,measured,2,4,5,2,0.007,1.444,1,1,20000,20000,20000,80000,0,0,supplier,443,0,0,0,0,0,0
2026-07-27T11:33:51Z,F346E7F692C196A7,14.23,queries/Core/00_baseline/scan_supplier.sql,measured,2,5,5,2,0.009,1.409,1,1,20000,20000,20000,80000,0,0,supplier,443,0,0,0,0,0,0
2026-07-27T11:33:52Z,F346E7F692C196A7,14.23,queries/Core/01_scan_access/bitmap_scan.sql,warmup,1,1,1,2,3.928,756.502,3,2,600572,1801717,572585,4804580,0,2,lineitem;idx_lineitem_order,3,12208,0,0,0,0,0
2026-07-27T11:33:52Z,F346E7F692C196A7,14.23,queries/Core/01_scan_access/bitmap_scan.sql,warmup,2,1,1,2,0.304,116.676,3,2,600572,1801717,572585,4804580,0,2,lineitem;idx_lineitem_order,12211,0,0,0,0,0,0
2026-07-27T11:33:53Z,F346E7F692C196A7,14.23,queries/Core/01_scan_access/bitmap_scan.sql,measured,1,1,5,2,0.323,115.818,3,2,600572,1801717,572585,4804580,0,2,lineitem;idx_lineitem_order,12211,0,0,0,0,0,0
2026-07-27T11:33:53Z,F346E7F692C196A7,14.23,queries/Core/01_scan_access/bitmap_scan.sql,measured,1,2,5,2,0.065,96.112,3,2,600572,1801717,572585,4804580,0,2,lineitem;idx_lineitem_order,12211,0,0,0,0,0,0
2026-07-27T11:33:53Z,F346E7F692C196A7,14.23,queries/Core/01_scan_access/bitmap_scan.sql,measured,1,3,5,2,0.069,95.960,3,2,600572,1801717,572585,4804580,0,2,lineitem;idx_lineitem_order,12211,0,0,0,0,0,0
2026-07-27T11:33:53Z,F346E7F692C196A7,14.23,queries/Core/01_scan_access/bitmap_scan.sql,measured,1,4,5,2,0.070,96.541,3,2,600572,1801717,572585,4804580,0,2,lineitem;idx_lineitem_order,12211,0,0,0,0,0,0
2026-07-27T11:33:53Z,F346E7F692C196A7,14.23,queries/Core/01_scan_access/bitmap_scan.sql,measured,1,5,5,2,0.086,105.707,3,2,600572,1801717,572585,4804580,0,2,lineitem;idx_lineitem_order,12211,0,0,0,0,0,0
2026-07-27T11:33:53Z,F346E7F692C196A7,14.23,queries/Core/01_scan_access/bitmap_scan.sql,measured,2,1,5,2,0.492,127.848,3,2,600572,1801717,572585,4804580,0,2,lineitem;idx_lineitem_order,12211,0,0,0,0,0,0
2026-07-27T11:33:53Z,F346E7F692C196A7,14.23,queries/Core/01_scan_access/bitmap_scan.sql,measured,2,2,5,2,0.066,96.712,3,2,600572,1801717,572585,4804580,0,2,lineitem;idx_lineitem_order,12211,0,0,0,0,0,0
2026-07-27T11:33:53Z,F346E7F692C196A7,14.23,queries/Core/01_scan_access/bitmap_scan.sql,measured,2,3,5,2,0.075,96.071,3,2,600572,1801717,572585,4804580,0,2,lineitem;idx_lineitem_order,12211,0,0,0,0,0,0
2026-07-27T11:33:53Z,F346E7F692C196A7,14.23,queries/Core/01_scan_access/bitmap_scan.sql,measured,2,4,5,2,0.069,96.504,3,2,600572,1801717,572585,4804580,0,2,lineitem;idx_lineitem_order,12211,0,0,0,0,0,0
2026-07-27T11:33:53Z,F346E7F692C196A7,14.23,queries/Core/01_scan_access/bitmap_scan.sql,measured,2,5,5,2,0.077,95.501,3,2,600572,1801717,572585,4804580,0,2,lineitem;idx_lineitem_order,12211,0,0,0,0,0,0
2026-07-27T11:33:54Z,F346E7F692C196A7,14.23,queries/Core/01_scan_access/index_only_scan.sql,warmup,1,1,1,2,0.311,42.229,1,1,600572,600572,572585,2402288,0,0,lineitem,951,0,0,0,0,0,0
2026-07-27T11:33:54Z,F346E7F692C196A7,14.23,queries/Core/01_scan_access/index_only_scan.sql,warmup,2,1,1,2,0.309,39.746,1,1,600572,600572,572585,2402288,0,0,lineitem,951,0,0,0,0,0,0
2026-07-27T11:33:54Z,F346E7F692C196A7,14.23,queries/Core/01_scan_access/index_only_scan.sql,measured,1,1,5,2,0.315,40.017,1,1,600572,600572,572585,2402288,0,0,lineitem,951,0,0,0,0,0,0
2026-07-27T11:33:54Z,F346E7F692C196A7,14.23,queries/Core/01_scan_access/index_only_scan.sql,measured,1,2,5,2,0.052,39.367,1,1,600572,600572,572585,2402288,0,0,lineitem,951,0,0,0,0,0,0
2026-07-27T11:33:54Z,F346E7F692C196A7,14.23,queries/Core/01_scan_access/index_only_scan.sql,measured,1,3,5,2,0.037,39.659,1,1,600572,600572,572585,2402288,0,0,lineitem,951,0,0,0,0,0,0
2026-07-27T11:33:54Z,F346E7F692C196A7,14.23,queries/Core/01_scan_access/index_only_scan.sql,measured,1,4,5,2,0.057,39.526,1,1,600572,600572,572585,2402288,0,0,lineitem,951,0,0,0,0,0,0
2026-07-27T11:33:54Z,F346E7F692C196A7,14.23,queries/Core/01_scan_access/index_only_scan.sql,measured,1,5,5,2,0.033,39.377,1,1,600572,600572,572585,2402288,0,0,lineitem,951,0,0,0,0,0,0
2026-07-27T11:33:54Z,F346E7F692C196A7,14.23,queries/Core/01_scan_access/index_only_scan.sql,measured,2,1,5,2,0.307,39.786,1,1,600572,600572,572585,2402288,0,0,lineitem,951,0,0,0,0,0,0
2026-07-27T11:33:54Z,F346E7F692C196A7,14.23,queries/Core/01_scan_access/index_only_scan.sql,measured,2,2,5,2,0.042,39.418,1,1,600572,600572,572585,2402288,0,0,lineitem,951,0,0,0,0,0,0
2026-07-27T11:33:54Z,F346E7F692C196A7,14.23,queries/Core/01_scan_access/index_only_scan.sql,measured,2,3,5,2,0.036,39.436,1,1,600572,600572,572585,2402288,0,0,lineitem,951,0,0,0,0,0,0
2026-07-27T11:33:54Z,F346E7F692C196A7,14.23,queries/Core/01_scan_access/index_only_scan.sql,measured,2,4,5,2,0.040,39.310,1,1,600572,600572,572585,2402288,0,0,lineitem,951,0,0,0,0,0,0
2026-07-27T11:33:54Z,F346E7F692C196A7,14.23,queries/Core/01_scan_access/index_only_scan.sql,measured,2,5,5,2,0.041,39.168,1,1,600572,600572,572585,2402288,0,0,lineitem,951,0,0,0,0,0,0
2026-07-27T11:33:54Z,F346E7F692C196A7,14.23,queries/Core/01_scan_access/index_point_lookup.sql,warmup,1,1,1,2,0.254,3.014,1,1,5,5,31,20,0,0,lineitem,1,3,0,0,0,0,0
2026-07-27T11:33:54Z,F346E7F692C196A7,14.23,queries/Core/01_scan_access/index_point_lookup.sql,warmup,2,1,1,2,0.266,0.062,1,1,5,5,31,20,0,0,lineitem,4,0,0,0,0,0,0
2026-07-27T11:33:54Z,F346E7F692C196A7,14.23,queries/Core/01_scan_access/index_point_lookup.sql,measured,1,1,5,2,0.277,0.062,1,1,5,5,31,20,0,0,lineitem,4,0,0,0,0,0,0
2026-07-27T11:33:54Z,F346E7F692C196A7,14.23,queries/Core/01_scan_access/index_point_lookup.sql,measured,1,2,5,2,0.020,0.012,1,1,5,5,31,20,0,0,lineitem,4,0,0,0,0,0,0
2026-07-27T11:33:54Z,F346E7F692C196A7,14.23,queries/Core/01_scan_access/index_point_lookup.sql,measured,1,3,5,2,0.016,0.009,1,1,5,5,31,20,0,0,lineitem,4,0,0,0,0,0,0
2026-07-27T11:33:54Z,F346E7F692C196A7,14.23,queries/Core/01_scan_access/index_point_lookup.sql,measured,1,4,5,2,0.019,0.011,1,1,5,5,31,20,0,0,lineitem,4,0,0,0,0,0,0
2026-07-27T11:33:54Z,F346E7F692C196A7,14.23,queries/Core/01_scan_access/index_point_lookup.sql,measured,1,5,5,2,0.015,0.009,1,1,5,5,31,20,0,0,lineitem,4,0,0,0,0,0,0
2026-07-27T11:33:54Z,F346E7F692C196A7,14.23,queries/Core/01_scan_access/index_point_lookup.sql,measured,2,1,5,2,0.263,0.078,1,1,5,5,31,20,0,0,lineitem,4,0,0,0,0,0,0
2026-07-27T11:33:54Z,F346E7F692C196A7,14.23,queries/Core/01_scan_access/index_point_lookup.sql,measured,2,2,5,2,0.020,0.012,1,1,5,5,31,20,0,0,lineitem,4,0,0,0,0,0,0
2026-07-27T11:33:54Z,F346E7F692C196A7,14.23,queries/Core/01_scan_access/index_point_lookup.sql,measured,2,3,5,2,0.023,0.009,1,1,5,5,31,20,0,0,lineitem,4,0,0,0,0,0,0
2026-07-27T11:33:54Z,F346E7F692C196A7,14.23,queries/Core/01_scan_access/index_point_lookup.sql,measured,2,4,5,2,0.020,0.012,1,1,5,5,31,20,0,0,lineitem,4,0,0,0,0,0,0
2026-07-27T11:33:54Z,F346E7F692C196A7,14.23,queries/Core/01_scan_access/index_point_lookup.sql,measured,2,5,5,2,0.016,0.009,1,1,5,5,31,20,0,0,lineitem,4,0,0,0,0,0,0
2026-07-27T11:33:55Z,F346E7F692C196A7,14.23,queries/Core/01_scan_access/index_scan.sql,warmup,1,1,1,2,0.297,98.442,1,1,600572,600572,572585,2402288,0,0,lineitem,12781,0,0,0,0,0,0
2026-07-27T11:33:55Z,F346E7F692C196A7,14.23,queries/Core/01_scan_access/index_scan.sql,warmup,2,1,1,2,0.330,97.214,1,1,600572,600572,572585,2402288,0,0,lineitem,12781,0,0,0,0,0,0
2026-07-27T11:33:55Z,F346E7F692C196A7,14.23,queries/Core/01_scan_access/index_scan.sql,measured,1,1,5,2,0.313,100.454,1,1,600572,600572,572585,2402288,0,0,lineitem,12781,0,0,0,0,0,0
2026-07-27T11:33:55Z,F346E7F692C196A7,14.23,queries/Core/01_scan_access/index_scan.sql,measured,1,2,5,2,0.068,89.562,1,1,600572,600572,572585,2402288,0,0,lineitem,12781,0,0,0,0,0,0
2026-07-27T11:33:55Z,F346E7F692C196A7,14.23,queries/Core/01_scan_access/index_scan.sql,measured,1,3,5,2,0.044,85.796,1,1,600572,600572,572585,2402288,0,0,lineitem,12781,0,0,0,0,0,0
2026-07-27T11:33:55Z,F346E7F692C196A7,14.23,queries/Core/01_scan_access/index_scan.sql,measured,1,4,5,2,0.059,85.658,1,1,600572,600572,572585,2402288,0,0,lineitem,12781,0,0,0,0,0,0
2026-07-27T11:33:55Z,F346E7F692C196A7,14.23,queries/Core/01_scan_access/index_scan.sql,measured,1,5,5,2,0.041,85.172,1,1,600572,600572,572585,2402288,0,0,lineitem,12781,0,0,0,0,0,0
2026-07-27T11:33:56Z,F346E7F692C196A7,14.23,queries/Core/01_scan_access/index_scan.sql,measured,2,1,5,2,0.312,98.290,1,1,600572,600572,572585,2402288,0,0,lineitem,12781,0,0,0,0,0,0
2026-07-27T11:33:56Z,F346E7F692C196A7,14.23,queries/Core/01_scan_access/index_scan.sql,measured,2,2,5,2,0.066,86.586,1,1,600572,600572,572585,2402288,0,0,lineitem,12781,0,0,0,0,0,0
2026-07-27T11:33:56Z,F346E7F692C196A7,14.23,queries/Core/01_scan_access/index_scan.sql,measured,2,3,5,2,0.054,86.961,1,1,600572,600572,572585,2402288,0,0,lineitem,12781,0,0,0,0,0,0
2026-07-27T11:33:56Z,F346E7F692C196A7,14.23,queries/Core/01_scan_access/index_scan.sql,measured,2,4,5,2,0.045,85.011,1,1,600572,600572,572585,2402288,0,0,lineitem,12781,0,0,0,0,0,0
2026-07-27T11:33:56Z,F346E7F692C196A7,14.23,queries/Core/01_scan_access/index_scan.sql,measured,2,5,5,2,0.058,87.001,1,1,600572,600572,572585,2402288,0,0,lineitem,12781,0,0,0,0,0,0
2026-07-27T11:33:56Z,F346E7F692C196A7,14.23,queries/Core/01_scan_access/seq_scan.sql,warmup,1,1,1,2,0.304,495.263,2,1,600572,1201145,572585,4804580,3799141,2,lineitem,11646,213274,0,0,0,0,0
2026-07-27T11:33:57Z,F346E7F692C196A7,14.23,queries/Core/01_scan_access/seq_scan.sql,warmup,2,1,1,2,0.420,502.607,2,1,600572,1201145,572585,4804580,3799141,2,lineitem,11742,213178,0,0,0,0,0
2026-07-27T11:33:59Z,F346E7F692C196A7,14.23,queries/Core/01_scan_access/seq_scan.sql,measured,1,1,5,2,0.319,655.022,2,1,600572,1201145,572585,4804580,3799141,2,lineitem,11838,213082,0,0,0,0,0
2026-07-27T11:33:59Z,F346E7F692C196A7,14.23,queries/Core/01_scan_access/seq_scan.sql,measured,1,2,5,2,0.061,416.221,2,1,600572,1201145,572585,4804580,3799141,2,lineitem,11905,213015,0,0,0,0,0
2026-07-27T11:33:59Z,F346E7F692C196A7,14.23,queries/Core/01_scan_access/seq_scan.sql,measured,1,3,5,2,0.060,400.408,2,1,600572,1201145,572585,4804580,3799141,2,lineitem,12001,212919,0,0,0,0,0
2026-07-27T11:33:59Z,F346E7F692C196A7,14.23,queries/Core/01_scan_access/seq_scan.sql,measured,1,4,5,2,0.061,399.475,2,1,600572,1201145,572585,4804580,3799141,2,lineitem,12097,212823,0,0,0,0,0
2026-07-27T11:33:59Z,F346E7F692C196A7,14.23,queries/Core/01_scan_access/seq_scan.sql,measured,1,5,5,2,0.061,398.352,2,1,600572,1201145,572585,4804580,3799141,2,lineitem,12193,212727,0,0,0,0,0
2026-07-27T11:34:01Z,F346E7F692C196A7,14.23,queries/Core/01_scan_access/seq_scan.sql,measured,2,1,5,2,0.317,433.163,2,1,600572,1201145,572585,4804580,3799141,2,lineitem,12289,212631,0,0,0,0,0
2026-07-27T11:34:01Z,F346E7F692C196A7,14.23,queries/Core/01_scan_access/seq_scan.sql,measured,2,2,5,2,0.061,400.023,2,1,600572,1201145,572585,4804580,3799141,2,lineitem,12385,212535,0,0,0,0,0
2026-07-27T11:34:01Z,F346E7F692C196A7,14.23,queries/Core/01_scan_access/seq_scan.sql,measured,2,3,5,2,0.061,398.307,2,1,600572,1201145,572585,4804580,3799141,2,lineitem,12481,212439,0,0,0,0,0
2026-07-27T11:34:01Z,F346E7F692C196A7,14.23,queries/Core/01_scan_access/seq_scan.sql,measured,2,4,5,2,0.061,397.790,2,1,600572,1201145,572585,4804580,3799141,2,lineitem,12577,212343,0,0,0,0,0
2026-07-27T11:34:01Z,F346E7F692C196A7,14.23,queries/Core/01_scan_access/seq_scan.sql,measured,2,5,5,2,0.061,398.028,2,1,600572,1201145,572585,4804580,3799141,2,lineitem,12673,212247,0,0,0,0,0
2026-07-27T11:34:02Z,F346E7F692C196A7,14.23,queries/Core/01_scan_access/tablesample_bernoulli.sql,warmup,1,1,1,2,0.262,519.459,1,1,119816,119816,119980,479264,0,0,lineitem,12769,212151,0,0,0,0,0
2026-07-27T11:34:03Z,F346E7F692C196A7,14.23,queries/Core/01_scan_access/tablesample_bernoulli.sql,warmup,2,1,1,2,0.200,511.761,1,1,120003,120003,119980,480012,0,0,lineitem,12801,212119,0,0,0,0,0
2026-07-27T11:34:05Z,F346E7F692C196A7,14.23,queries/Core/01_scan_access/tablesample_bernoulli.sql,measured,1,1,5,2,0.202,515.961,1,1,119887,119887,119980,479548,0,0,lineitem,12833,212087,0,0,0,0,0
2026-07-27T11:34:05Z,F346E7F692C196A7,14.23,queries/Core/01_scan_access/tablesample_bernoulli.sql,measured,1,2,5,2,0.027,491.431,1,1,120178,120178,119980,480712,0,0,lineitem,12865,212055,0,0,0,0,0
2026-07-27T11:34:05Z,F346E7F692C196A7,14.23,queries/Core/01_scan_access/tablesample_bernoulli.sql,measured,1,3,5,2,0.027,491.603,1,1,120436,120436,119980,481744,0,0,lineitem,12897,212023,0,0,0,0,0
2026-07-27T11:34:05Z,F346E7F692C196A7,14.23,queries/Core/01_scan_access/tablesample_bernoulli.sql,measured,1,4,5,2,0.027,490.506,1,1,120290,120290,119980,481160,0,0,lineitem,12929,211991,0,0,0,0,0
2026-07-27T11:34:05Z,F346E7F692C196A7,14.23,queries/Core/01_scan_access/tablesample_bernoulli.sql,measured,1,5,5,2,0.034,491.201,1,1,120327,120327,119980,481308,0,0,lineitem,12961,211959,0,0,0,0,0
2026-07-27T11:34:08Z,F346E7F692C196A7,14.23,queries/Core/01_scan_access/tablesample_bernoulli.sql,measured,2,1,5,2,0.195,510.824,1,1,120000,120000,119980,480000,0,0,lineitem,12993,211927,0,0,0,0,0
2026-07-27T11:34:08Z,F346E7F692C196A7,14.23,queries/Core/01_scan_access/tablesample_bernoulli.sql,measured,2,2,5,2,0.027,487.499,1,1,120215,120215,119980,480860,0,0,lineitem,13025,211895,0,0,0,0,0
2026-07-27T11:34:08Z,F346E7F692C196A7,14.23,queries/Core/01_scan_access/tablesample_bernoulli.sql,measured,2,3,5,2,0.037,494.308,1,1,120048,120048,119980,480192,0,0,lineitem,13057,211863,0,0,0,0,0
2026-07-27T11:34:08Z,F346E7F692C196A7,14.23,queries/Core/01_scan_access/tablesample_bernoulli.sql,measured,2,4,5,2,0.026,486.259,1,1,119470,119470,119980,477880,0,0,lineitem,13089,211831,0,0,0,0,0
2026-07-27T11:34:08Z,F346E7F692C196A7,14.23,queries/Core/01_scan_access/tablesample_bernoulli.sql,measured,2,5,5,2,0.026,488.467,1,1,119805,119805,119980,479220,0,0,lineitem,13121,211799,0,0,0,0,0
2026-07-27T11:34:08Z,F346E7F692C196A7,14.23,queries/Core/01_scan_access/tablesample_system.sql,warmup,1,1,1,2,0.209,17.128,1,1,121915,121915,119980,487660,0,0,lineitem,143,2143,0,0,0,0,0
2026-07-27T11:34:08Z,F346E7F692C196A7,14.23,queries/Core/01_scan_access/tablesample_system.sql,warmup,2,1,1,2,0.204,17.034,1,1,120210,120210,119980,480840,0,0,lineitem,136,2117,0,0,0,0,0
2026-07-27T11:34:08Z,F346E7F692C196A7,14.23,queries/Core/01_scan_access/tablesample_system.sql,measured,1,1,5,2,0.192,17.052,1,1,120925,120925,119980,483700,0,0,lineitem,122,2145,0,0,0,0,0
2026-07-27T11:34:08Z,F346E7F692C196A7,14.23,queries/Core/01_scan_access/tablesample_system.sql,measured,1,2,5,2,0.019,16.917,1,1,120311,120311,119980,481244,0,0,lineitem,141,2114,0,0,0,0,0
2026-07-27T11:34:08Z,F346E7F692C196A7,14.23,queries/Core/01_scan_access/tablesample_system.sql,measured,1,3,5,2,0.022,16.820,1,1,120864,120864,119980,483456,0,0,lineitem,128,2138,0,0,0,0,0
2026-07-27T11:34:08Z,F346E7F692C196A7,14.23,queries/Core/01_scan_access/tablesample_system.sql,measured,1,4,5,2,0.016,16.654,1,1,120318,120318,119980,481272,0,0,lineitem,134,2122,0,0,0,0,0
2026-07-27T11:34:08Z,F346E7F692C196A7,14.23,queries/Core/01_scan_access/tablesample_system.sql,measured,1,5,5,2,0.016,16.489,1,1,119468,119468,119980,477872,0,0,lineitem,139,2101,0,0,0,0,0
2026-07-27T11:34:08Z,F346E7F692C196A7,14.23,queries/Core/01_scan_access/tablesample_system.sql,measured,2,1,5,2,0.194,17.459,1,1,123794,123794,119980,495176,0,0,lineitem,129,2193,0,0,0,0,0
2026-07-27T11:34:08Z,F346E7F692C196A7,14.23,queries/Core/01_scan_access/tablesample_system.sql,measured,2,2,5,2,0.019,15.972,1,1,113948,113948,119980,455792,0,0,lineitem,121,2015,0,0,0,0,0
2026-07-27T11:34:08Z,F346E7F692C196A7,14.23,queries/Core/01_scan_access/tablesample_system.sql,measured,2,3,5,2,0.016,16.885,1,1,121943,121943,119980,487772,0,0,lineitem,135,2151,0,0,0,0,0
2026-07-27T11:34:08Z,F346E7F692C196A7,14.23,queries/Core/01_scan_access/tablesample_system.sql,measured,2,4,5,2,0.016,16.812,1,1,116483,116483,119980,465932,0,0,lineitem,128,2055,0,0,0,0,0
2026-07-27T11:34:08Z,F346E7F692C196A7,14.23,queries/Core/01_scan_access/tablesample_system.sql,measured,2,5,5,2,0.016,16.291,1,1,117328,117328,119980,469312,0,0,lineitem,142,2058,0,0,0,0,0
2026-07-27T11:34:09Z,F346E7F692C196A7,14.23,queries/Core/02_filter_projection/filter_2pct.sql,warmup,1,1,1,2,0.236,570.116,2,1,240344,480689,255158,1922756,3919217,2,lineitem,13385,211535,0,0,0,0,0
2026-07-27T11:34:10Z,F346E7F692C196A7,14.23,queries/Core/02_filter_projection/filter_2pct.sql,warmup,2,1,1,2,0.239,602.401,2,1,240344,480689,255158,1922756,3919217,2,lineitem,13399,211521,0,0,0,0,0
2026-07-27T11:34:13Z,F346E7F692C196A7,14.23,queries/Core/02_filter_projection/filter_2pct.sql,measured,1,1,5,2,0.223,596.136,2,1,240344,480689,255158,1922756,3919217,2,lineitem,13495,211425,0,0,0,0,0
2026-07-27T11:34:13Z,F346E7F692C196A7,14.23,queries/Core/02_filter_projection/filter_2pct.sql,measured,1,2,5,2,0.045,573.431,2,1,240344,480689,255158,1922756,3919217,2,lineitem,13591,211329,0,0,0,0,0
2026-07-27T11:34:13Z,F346E7F692C196A7,14.23,queries/Core/02_filter_projection/filter_2pct.sql,measured,1,3,5,2,0.045,572.756,2,1,240344,480689,255158,1922756,3919217,2,lineitem,13687,211233,0,0,0,0,0
2026-07-27T11:34:13Z,F346E7F692C196A7,14.23,queries/Core/02_filter_projection/filter_2pct.sql,measured,1,4,5,2,0.044,571.842,2,1,240344,480689,255158,1922756,3919217,2,lineitem,13783,211137,0,0,0,0,0
2026-07-27T11:34:13Z,F346E7F692C196A7,14.23,queries/Core/02_filter_projection/filter_2pct.sql,measured,1,5,5,2,0.045,575.061,2,1,240344,480689,255158,1922756,3919217,2,lineitem,13879,211041,0,0,0,0,0
2026-07-27T11:34:16Z,F346E7F692C196A7,14.23,queries/Core/02_filter_projection/filter_2pct.sql,measured,2,1,5,2,0.221,603.726,2,1,240344,480689,255158,1922756,3919217,2,lineitem,13975,210945,0,0,0,0,0
2026-07-27T11:34:16Z,F346E7F692C196A7,14.23,queries/Core/02_filter_projection/filter_2pct.sql,measured,2,2,5,2,0.044,573.240,2,1,240344,480689,255158,1922756,3919217,2,lineitem,14071,210849,0,0,0,0,0
2026-07-27T11:34:16Z,F346E7F692C196A7,14.23,queries/Core/02_filter_projection/filter_2pct.sql,measured,2,3,5,2,0.044,572.107,2,1,240344,480689,255158,1922756,3919217,2,lineitem,14167,210753,0,0,0,0,0
2026-07-27T11:34:16Z,F346E7F692C196A7,14.23,queries/Core/02_filter_projection/filter_2pct.sql,measured,2,4,5,2,0.045,573.120,2,1,240344,480689,255158,1922756,3919217,2,lineitem,14263,210657,0,0,0,0,0
2026-07-27T11:34:16Z,F346E7F692C196A7,14.23,queries/Core/02_filter_projection/filter_2pct.sql,measured,2,5,5,2,0.063,573.548,2,1,240344,480689,255158,1922756,3919217,2,lineitem,14359,210561,0,0,0,0,0
2026-07-27T11:34:17Z,F346E7F692C196A7,14.23,queries/Core/02_filter_projection/filter_all.sql,warmup,1,1,1,2,0.221,1886.860,1,1,11997996,11997996,11998031,47991984,0,0,lineitem,14455,210465,0,0,0,0,0
2026-07-27T11:34:19Z,F346E7F692C196A7,14.23,queries/Core/02_filter_projection/filter_all.sql,warmup,2,1,1,2,0.219,1877.592,1,1,11997996,11997996,11998031,47991984,0,0,lineitem,14487,210433,0,0,0,0,0
2026-07-27T11:34:29Z,F346E7F692C196A7,14.23,queries/Core/02_filter_projection/filter_all.sql,measured,1,1,5,2,0.230,1883.707,1,1,11997996,11997996,11998031,47991984,0,0,lineitem,14519,210401,0,0,0,0,0
2026-07-27T11:34:29Z,F346E7F692C196A7,14.23,queries/Core/02_filter_projection/filter_all.sql,measured,1,2,5,2,0.040,1869.471,1,1,11997996,11997996,11998031,47991984,0,0,lineitem,14551,210369,0,0,0,0,0
2026-07-27T11:34:29Z,F346E7F692C196A7,14.23,queries/Core/02_filter_projection/filter_all.sql,measured,1,3,5,2,0.040,1856.932,1,1,11997996,11997996,11998031,47991984,0,0,lineitem,14583,210337,0,0,0,0,0
2026-07-27T11:34:29Z,F346E7F692C196A7,14.23,queries/Core/02_filter_projection/filter_all.sql,measured,1,4,5,2,0.040,1853.269,1,1,11997996,11997996,11998031,47991984,0,0,lineitem,14615,210305,0,0,0,0,0
2026-07-27T11:34:29Z,F346E7F692C196A7,14.23,queries/Core/02_filter_projection/filter_all.sql,measured,1,5,5,2,0.040,1855.138,1,1,11997996,11997996,11998031,47991984,0,0,lineitem,14647,210273,0,0,0,0,0
2026-07-27T11:34:38Z,F346E7F692C196A7,14.23,queries/Core/02_filter_projection/filter_all.sql,measured,2,1,5,2,0.232,1880.664,1,1,11997996,11997996,11998031,47991984,0,0,lineitem,14679,210241,0,0,0,0,0
2026-07-27T11:34:38Z,F346E7F692C196A7,14.23,queries/Core/02_filter_projection/filter_all.sql,measured,2,2,5,2,0.040,1859.429,1,1,11997996,11997996,11998031,47991984,0,0,lineitem,14711,210209,0,0,0,0,0
2026-07-27T11:34:38Z,F346E7F692C196A7,14.23,queries/Core/02_filter_projection/filter_all.sql,measured,2,3,5,2,0.040,1865.456,1,1,11997996,11997996,11998031,47991984,0,0,lineitem,14743,210177,0,0,0,0,0
2026-07-27T11:34:38Z,F346E7F692C196A7,14.23,queries/Core/02_filter_projection/filter_all.sql,measured,2,4,5,2,0.041,1855.637,1,1,11997996,11997996,11998031,47991984,0,0,lineitem,14775,210145,0,0,0,0,0
2026-07-27T11:34:38Z,F346E7F692C196A7,14.23,queries/Core/02_filter_projection/filter_all.sql,measured,2,5,5,2,0.041,1870.275,1,1,11997996,11997996,11998031,47991984,0,0,lineitem,14807,210113,0,0,0,0,0
2026-07-27T11:34:40Z,F346E7F692C196A7,14.23,queries/Core/02_filter_projection/filter_half.sql,warmup,1,1,1,2,0.234,1807.164,1,1,5998069,5998069,5933026,23992276,5999927,0,lineitem,14839,210081,0,0,0,0,0
2026-07-27T11:34:42Z,F346E7F692C196A7,14.23,queries/Core/02_filter_projection/filter_half.sql,warmup,2,1,1,2,0.223,1798.521,1,1,5998069,5998069,5933026,23992276,5999927,0,lineitem,14871,210049,0,0,0,0,0
2026-07-27T11:34:51Z,F346E7F692C196A7,14.23,queries/Core/02_filter_projection/filter_half.sql,measured,1,1,5,2,0.221,1799.046,1,1,5998069,5998069,5933026,23992276,5999927,0,lineitem,14903,210017,0,0,0,0,0
2026-07-27T11:34:51Z,F346E7F692C196A7,14.23,queries/Core/02_filter_projection/filter_half.sql,measured,1,2,5,2,0.040,1762.370,1,1,5998069,5998069,5933026,23992276,5999927,0,lineitem,14935,209985,0,0,0,0,0
2026-07-27T11:34:51Z,F346E7F692C196A7,14.23,queries/Core/02_filter_projection/filter_half.sql,measured,1,3,5,2,0.041,1766.225,1,1,5998069,5998069,5933026,23992276,5999927,0,lineitem,14967,209953,0,0,0,0,0
2026-07-27T11:34:51Z,F346E7F692C196A7,14.23,queries/Core/02_filter_projection/filter_half.sql,measured,1,4,5,2,0.042,1772.931,1,1,5998069,5998069,5933026,23992276,5999927,0,lineitem,14999,209921,0,0,0,0,0
2026-07-27T11:34:51Z,F346E7F692C196A7,14.23,queries/Core/02_filter_projection/filter_half.sql,measured,1,5,5,2,0.041,1767.406,1,1,5998069,5998069,5933026,23992276,5999927,0,lineitem,15031,209889,0,0,0,0,0
2026-07-27T11:35:00Z,F346E7F692C196A7,14.23,queries/Core/02_filter_projection/filter_half.sql,measured,2,1,5,2,0.239,1801.084,1,1,5998069,5998069,5933026,23992276,5999927,0,lineitem,15063,209857,0,0,0,0,0
2026-07-27T11:35:00Z,F346E7F692C196A7,14.23,queries/Core/02_filter_projection/filter_half.sql,measured,2,2,5,2,0.041,1771.343,1,1,5998069,5998069,5933026,23992276,5999927,0,lineitem,15095,209825,0,0,0,0,0
2026-07-27T11:35:00Z,F346E7F692C196A7,14.23,queries/Core/02_filter_projection/filter_half.sql,measured,2,3,5,2,0.042,1765.238,1,1,5998069,5998069,5933026,23992276,5999927,0,lineitem,15127,209793,0,0,0,0,0
2026-07-27T11:35:00Z,F346E7F692C196A7,14.23,queries/Core/02_filter_projection/filter_half.sql,measured,2,4,5,2,0.040,1767.384,1,1,5998069,5998069,5933026,23992276,5999927,0,lineitem,15157,209763,0,0,0,0,0
2026-07-27T11:35:00Z,F346E7F692C196A7,14.23,queries/Core/02_filter_projection/filter_half.sql,measured,2,5,5,2,0.041,1768.409,1,1,5998069,5998069,5933026,23992276,5999927,0,lineitem,15189,209731,0,0,0,0,0
2026-07-27T11:35:00Z,F346E7F692C196A7,14.23,queries/Core/02_filter_projection/filter_none.sql,warmup,1,1,1,2,0.236,557.689,2,1,0,0,1,0,3999332,2,lineitem,15221,209699,0,0,0,0,0
2026-07-27T11:35:01Z,F346E7F692C196A7,14.23,queries/Core/02_filter_projection/filter_none.sql,warmup,2,1,1,2,0.286,562.690,2,1,0,0,1,0,3999332,2,lineitem,15317,209603,0,0,0,0,0
2026-07-27T11:35:04Z,F346E7F692C196A7,14.23,queries/Core/02_filter_projection/filter_none.sql,measured,1,1,5,2,0.247,565.660,2,1,0,0,1,0,3999332,2,lineitem,15413,209507,0,0,0,0,0
2026-07-27T11:35:04Z,F346E7F692C196A7,14.23,queries/Core/02_filter_projection/filter_none.sql,measured,1,2,5,2,0.045,539.695,2,1,0,0,1,0,3999332,2,lineitem,15509,209411,0,0,0,0,0
2026-07-27T11:35:04Z,F346E7F692C196A7,14.23,queries/Core/02_filter_projection/filter_none.sql,measured,1,3,5,2,0.062,540.568,2,1,0,0,1,0,3999332,2,lineitem,15605,209315,0,0,0,0,0
2026-07-27T11:35:04Z,F346E7F692C196A7,14.23,queries/Core/02_filter_projection/filter_none.sql,measured,1,4,5,2,0.044,541.097,2,1,0,0,1,0,3999332,2,lineitem,15701,209219,0,0,0,0,0
2026-07-27T11:35:04Z,F346E7F692C196A7,14.23,queries/Core/02_filter_projection/filter_none.sql,measured,1,5,5,2,0.044,538.616,2,1,0,0,1,0,3999332,2,lineitem,15797,209123,0,0,0,0,0
2026-07-27T11:35:07Z,F346E7F692C196A7,14.23,queries/Core/02_filter_projection/filter_none.sql,measured,2,1,5,2,0.303,573.192,2,1,0,0,1,0,3999332,2,lineitem,15893,209027,0,0,0,0,0
2026-07-27T11:35:07Z,F346E7F692C196A7,14.23,queries/Core/02_filter_projection/filter_none.sql,measured,2,2,5,2,0.044,539.242,2,1,0,0,1,0,3999332,2,lineitem,15989,208931,0,0,0,0,0
2026-07-27T11:35:07Z,F346E7F692C196A7,14.23,queries/Core/02_filter_projection/filter_none.sql,measured,2,3,5,2,0.061,538.467,2,1,0,0,1,0,3999332,2,lineitem,16085,208835,0,0,0,0,0
2026-07-27T11:35:07Z,F346E7F692C196A7,14.23,queries/Core/02_filter_projection/filter_none.sql,measured,2,4,5,2,0.044,537.868,2,1,0,0,1,0,3999332,2,lineitem,16108,208812,0,0,0,0,0
2026-07-27T11:35:07Z,F346E7F692C196A7,14.23,queries/Core/02_filter_projection/filter_none.sql,measured,2,5,5,2,0.044,539.179,2,1,0,0,1,0,3999332,2,lineitem,16112,208808,0,0,0,0,0
2026-07-27T11:35:07Z,F346E7F692C196A7,14.23,queries/Core/02_filter_projection/limit_100.sql,warmup,1,1,1,2,0.268,0.073,2,1,100,200,100,800,0,0,lineitem,2,0,0,0,0,0,0
2026-07-27T11:35:07Z,F346E7F692C196A7,14.23,queries/Core/02_filter_projection/limit_100.sql,warmup,2,1,1,2,0.199,0.051,2,1,100,200,100,800,0,0,lineitem,2,0,0,0,0,0,0
2026-07-27T11:35:07Z,F346E7F692C196A7,14.23,queries/Core/02_filter_projection/limit_100.sql,measured,1,1,5,2,0.201,0.052,2,1,100,200,100,800,0,0,lineitem,2,0,0,0,0,0,0
2026-07-27T11:35:07Z,F346E7F692C196A7,14.23,queries/Core/02_filter_projection/limit_100.sql,measured,1,2,5,2,0.014,0.017,2,1,100,200,100,800,0,0,lineitem,2,0,0,0,0,0,0
2026-07-27T11:35:07Z,F346E7F692C196A7,14.23,queries/Core/02_filter_projection/limit_100.sql,measured,1,3,5,2,0.014,0.016,2,1,100,200,100,800,0,0,lineitem,2,0,0,0,0,0,0
2026-07-27T11:35:07Z,F346E7F692C196A7,14.23,queries/Core/02_filter_projection/limit_100.sql,measured,1,4,5,2,0.011,0.014,2,1,100,200,100,800,0,0,lineitem,2,0,0,0,0,0,0
2026-07-27T11:35:07Z,F346E7F692C196A7,14.23,queries/Core/02_filter_projection/limit_100.sql,measured,1,5,5,2,0.010,0.014,2,1,100,200,100,800,0,0,lineitem,2,0,0,0,0,0,0
2026-07-27T11:35:07Z,F346E7F692C196A7,14.23,queries/Core/02_filter_projection/limit_100.sql,measured,2,1,5,2,0.198,0.051,2,1,100,200,100,800,0,0,lineitem,2,0,0,0,0,0,0
2026-07-27T11:35:07Z,F346E7F692C196A7,14.23,queries/Core/02_filter_projection/limit_100.sql,measured,2,2,5,2,0.014,0.017,2,1,100,200,100,800,0,0,lineitem,2,0,0,0,0,0,0
2026-07-27T11:35:07Z,F346E7F692C196A7,14.23,queries/Core/02_filter_projection/limit_100.sql,measured,2,3,5,2,0.011,0.023,2,1,100,200,100,800,0,0,lineitem,2,0,0,0,0,0,0
2026-07-27T11:35:07Z,F346E7F692C196A7,14.23,queries/Core/02_filter_projection/limit_100.sql,measured,2,4,5,2,0.014,0.016,2,1,100,200,100,800,0,0,lineitem,2,0,0,0,0,0,0
2026-07-27T11:35:07Z,F346E7F692C196A7,14.23,queries/Core/02_filter_projection/limit_100.sql,measured,2,5,5,2,0.011,0.014,2,1,100,200,100,800,0,0,lineitem,2,0,0,0,0,0,0
2026-07-27T11:35:07Z,F346E7F692C196A7,14.23,queries/Core/02_filter_projection/limit_offset_3m.sql,warmup,1,1,1,2,0.211,294.599,2,1,100,3000200,100,12000800,0,0,lineitem,17,56227,0,0,0,0,0
2026-07-27T11:35:08Z,F346E7F692C196A7,14.23,queries/Core/02_filter_projection/limit_offset_3m.sql,warmup,2,1,1,2,0.206,293.686,2,1,100,3000200,100,12000800,0,0,lineitem,4,56233,0,0,0,0,0
2026-07-27T11:35:09Z,F346E7F692C196A7,14.23,queries/Core/02_filter_projection/limit_offset_3m.sql,measured,1,1,5,2,0.213,293.239,2,1,100,3000200,100,12000800,0,0,lineitem,13,56229,0,0,0,0,0
2026-07-27T11:35:09Z,F346E7F692C196A7,14.23,queries/Core/02_filter_projection/limit_offset_3m.sql,measured,1,2,5,2,0.033,285.086,2,1,100,3000200,100,12000800,0,0,lineitem,16131,40112,0,0,0,0,0
2026-07-27T11:35:09Z,F346E7F692C196A7,14.23,queries/Core/02_filter_projection/limit_offset_3m.sql,measured,1,3,5,2,0.038,294.316,2,1,100,3000200,100,12000800,0,0,lineitem,44,56200,0,0,0,0,0
2026-07-27T11:35:09Z,F346E7F692C196A7,14.23,queries/Core/02_filter_projection/limit_offset_3m.sql,measured,1,4,5,2,0.031,292.664,2,1,100,3000200,100,12000800,0,0,lineitem,36,56201,0,0,0,0,0
2026-07-27T11:35:09Z,F346E7F692C196A7,14.23,queries/Core/02_filter_projection/limit_offset_3m.sql,measured,1,5,5,2,0.031,292.376,2,1,100,3000200,100,12000800,0,0,lineitem,45,56197,0,0,0,0,0
2026-07-27T11:35:11Z,F346E7F692C196A7,14.23,queries/Core/02_filter_projection/limit_offset_3m.sql,measured,2,1,5,2,0.218,286.366,2,1,100,3000200,100,12000800,0,0,lineitem,16049,40195,0,0,0,0,0
2026-07-27T11:35:11Z,F346E7F692C196A7,14.23,queries/Core/02_filter_projection/limit_offset_3m.sql,measured,2,2,5,2,0.034,360.425,2,1,100,3000200,100,12000800,0,0,lineitem,77,56167,0,0,0,0,0
2026-07-27T11:35:11Z,F346E7F692C196A7,14.23,queries/Core/02_filter_projection/limit_offset_3m.sql,measured,2,3,5,2,0.034,295.184,2,1,100,3000200,100,12000800,0,0,lineitem,68,56169,0,0,0,0,0
2026-07-27T11:35:11Z,F346E7F692C196A7,14.23,queries/Core/02_filter_projection/limit_offset_3m.sql,measured,2,4,5,2,0.033,293.748,2,1,100,3000200,100,12000800,0,0,lineitem,77,56165,0,0,0,0,0
2026-07-27T11:35:11Z,F346E7F692C196A7,14.23,queries/Core/02_filter_projection/limit_offset_3m.sql,measured,2,5,5,2,0.034,274.749,2,1,100,3000200,100,12000800,0,0,lineitem,15959,40285,0,0,0,0,0
2026-07-27T11:35:12Z,F346E7F692C196A7,14.23,queries/Core/02_filter_projection/project_all_cols.sql,warmup,1,1,1,2,3.364,958.496,1,1,11997996,11997996,11998031,1403765532,0,0,lineitem,16259,208661,0,0,0,0,0
2026-07-27T11:35:13Z,F346E7F692C196A7,14.23,queries/Core/02_filter_projection/project_all_cols.sql,warmup,2,1,1,2,0.242,955.626,1,1,11997996,11997996,11998031,1403765532,0,0,lineitem,16227,208693,0,0,0,0,0
2026-07-27T11:35:18Z,F346E7F692C196A7,14.23,queries/Core/02_filter_projection/project_all_cols.sql,measured,1,1,5,2,0.241,951.540,1,1,11997996,11997996,11998031,1403765532,0,0,lineitem,16244,208676,0,0,0,0,0
2026-07-27T11:35:18Z,F346E7F692C196A7,14.23,queries/Core/02_filter_projection/project_all_cols.sql,measured,1,2,5,2,0.034,947.396,1,1,11997996,11997996,11998031,1403765532,0,0,lineitem,16258,208662,0,0,0,0,0
2026-07-27T11:35:18Z,F346E7F692C196A7,14.23,queries/Core/02_filter_projection/project_all_cols.sql,measured,1,3,5,2,0.033,1005.810,1,1,11997996,11997996,11998031,1403765532,0,0,lineitem,16269,208651,0,0,0,0,0
2026-07-27T11:35:18Z,F346E7F692C196A7,14.23,queries/Core/02_filter_projection/project_all_cols.sql,measured,1,4,5,2,0.034,944.929,1,1,11997996,11997996,11998031,1403765532,0,0,lineitem,16270,208650,0,0,0,0,0
2026-07-27T11:35:18Z,F346E7F692C196A7,14.23,queries/Core/02_filter_projection/project_all_cols.sql,measured,1,5,5,2,0.040,944.713,1,1,11997996,11997996,11998031,1403765532,0,0,lineitem,16283,208637,0,0,0,0,0
2026-07-27T11:35:23Z,F346E7F692C196A7,14.23,queries/Core/02_filter_projection/project_all_cols.sql,measured,2,1,5,2,3.589,956.438,1,1,11997996,11997996,11998031,1403765532,0,0,lineitem,16283,208637,0,0,0,0,0
2026-07-27T11:35:23Z,F346E7F692C196A7,14.23,queries/Core/02_filter_projection/project_all_cols.sql,measured,2,2,5,2,0.034,943.834,1,1,11997996,11997996,11998031,1403765532,0,0,lineitem,16274,208646,0,0,0,0,0
2026-07-27T11:35:23Z,F346E7F692C196A7,14.23,queries/Core/02_filter_projection/project_all_cols.sql,measured,2,3,5,2,0.034,1005.950,1,1,11997996,11997996,11998031,1403765532,0,0,lineitem,16298,208622,0,0,0,0,0
2026-07-27T11:35:23Z,F346E7F692C196A7,14.23,queries/Core/02_filter_projection/project_all_cols.sql,measured,2,4,5,2,0.034,943.095,1,1,11997996,11997996,11998031,1403765532,0,0,lineitem,16318,208602,0,0,0,0,0
2026-07-27T11:35:23Z,F346E7F692C196A7,14.23,queries/Core/02_filter_projection/project_all_cols.sql,measured,2,5,5,2,0.034,945.301,1,1,11997996,11997996,11998031,1403765532,0,0,lineitem,16322,208598,0,0,0,0,0
2026-07-27T11:35:24Z,F346E7F692C196A7,14.23,queries/Core/02_filter_projection/project_zero_cols.sql,warmup,1,1,1,2,2.693,1053.860,1,1,11997996,11997996,11998031,0,0,0,lineitem,16277,208643,0,0,0,0,0
2026-07-27T11:35:25Z,F346E7F692C196A7,14.23,queries/Core/02_filter_projection/project_zero_cols.sql,warmup,2,1,1,2,0.161,1056.947,1,1,11997996,11997996,11998031,0,0,0,lineitem,16290,208630,0,0,0,0,0
2026-07-27T11:35:30Z,F346E7F692C196A7,14.23,queries/Core/02_filter_projection/project_zero_cols.sql,measured,1,1,5,2,0.156,1057.514,1,1,11997996,11997996,11998031,0,0,0,lineitem,16292,208628,0,0,0,0,0
2026-07-27T11:35:30Z,F346E7F692C196A7,14.23,queries/Core/02_filter_projection/project_zero_cols.sql,measured,1,2,5,2,0.025,1028.377,1,1,11997996,11997996,11998031,0,0,0,lineitem,16292,208628,0,0,0,0,0
2026-07-27T11:35:30Z,F346E7F692C196A7,14.23,queries/Core/02_filter_projection/project_zero_cols.sql,measured,1,3,5,2,0.025,1032.695,1,1,11997996,11997996,11998031,0,0,0,lineitem,16323,208597,0,0,0,0,0
2026-07-27T11:35:30Z,F346E7F692C196A7,14.23,queries/Core/02_filter_projection/project_zero_cols.sql,measured,1,4,5,2,0.025,1025.065,1,1,11997996,11997996,11998031,0,0,0,lineitem,16323,208597,0,0,0,0,0
2026-07-27T11:35:30Z,F346E7F692C196A7,14.23,queries/Core/02_filter_projection/project_zero_cols.sql,measured,1,5,5,2,0.025,1026.698,1,1,11997996,11997996,11998031,0,0,0,lineitem,16323,208597,0,0,0,0,0
2026-07-27T11:35:35Z,F346E7F692C196A7,14.23,queries/Core/02_filter_projection/project_zero_cols.sql,measured,2,1,5,2,0.243,1052.227,1,1,11997996,11997996,11998031,0,0,0,lineitem,16292,208628,0,0,0,0,0
2026-07-27T11:35:35Z,F346E7F692C196A7,14.23,queries/Core/02_filter_projection/project_zero_cols.sql,measured,2,2,5,2,0.025,1027.149,1,1,11997996,11997996,11998031,0,0,0,lineitem,16292,208628,0,0,0,0,0
2026-07-27T11:35:35Z,F346E7F692C196A7,14.23,queries/Core/02_filter_projection/project_zero_cols.sql,measured,2,3,5,2,0.025,1027.403,1,1,11997996,11997996,11998031,0,0,0,lineitem,16323,208597,0,0,0,0,0
2026-07-27T11:35:35Z,F346E7F692C196A7,14.23,queries/Core/02_filter_projection/project_zero_cols.sql,measured,2,4,5,2,0.025,1028.204,1,1,11997996,11997996,11998031,0,0,0,lineitem,16341,208579,0,0,0,0,0
2026-07-27T11:35:35Z,F346E7F692C196A7,14.23,queries/Core/02_filter_projection/project_zero_cols.sql,measured,2,5,5,2,0.026,1026.884,1,1,11997996,11997996,11998031,0,0,0,lineitem,16345,208575,0,0,0,0,0
2026-07-27T11:35:37Z,F346E7F692C196A7,14.23,queries/Core/03_join_method/large_hash.sql,warmup,1,1,1,2,5.290,1113.594,4,2,3000000,6600000,3000075,26400000,0,0,orders;customer,0,59356,0,0,7241,7241,0
2026-07-27T11:35:38Z,F346E7F692C196A7,14.23,queries/Core/03_join_method/large_hash.sql,warmup,2,1,1,2,0.400,1097.671,4,2,3000000,6600000,3000075,26400000,0,0,orders;customer,64,59292,0,0,7241,7241,0
2026-07-27T11:35:43Z,F346E7F692C196A7,14.23,queries/Core/03_join_method/large_hash.sql,measured,1,1,5,2,0.393,1111.361,4,2,3000000,6600000,3000075,26400000,0,0,orders;customer,128,59228,0,0,7241,7241,0
2026-07-27T11:35:43Z,F346E7F692C196A7,14.23,queries/Core/03_join_method/large_hash.sql,measured,1,2,5,2,0.075,1128.994,4,2,3000000,6600000,3000075,26400000,0,0,orders;customer,192,59164,0,0,7241,7241,0
2026-07-27T11:35:43Z,F346E7F692C196A7,14.23,queries/Core/03_join_method/large_hash.sql,measured,1,3,5,2,0.074,1076.938,4,2,3000000,6600000,3000075,26400000,0,0,orders;customer,256,59100,0,0,7241,7241,0
2026-07-27T11:35:43Z,F346E7F692C196A7,14.23,queries/Core/03_join_method/large_hash.sql,measured,1,4,5,2,0.076,1076.917,4,2,3000000,6600000,3000075,26400000,0,0,orders;customer,320,59036,0,0,7241,7241,0
2026-07-27T11:35:43Z,F346E7F692C196A7,14.23,queries/Core/03_join_method/large_hash.sql,measured,1,5,5,2,0.075,1070.786,4,2,3000000,6600000,3000075,26400000,0,0,orders;customer,384,58972,0,0,7241,7241,0
2026-07-27T11:35:49Z,F346E7F692C196A7,14.23,queries/Core/03_join_method/large_hash.sql,measured,2,1,5,2,0.402,1132.394,4,2,3000000,6600000,3000075,26400000,0,0,orders;customer,448,58908,0,0,7241,7241,0
2026-07-27T11:35:49Z,F346E7F692C196A7,14.23,queries/Core/03_join_method/large_hash.sql,measured,2,2,5,2,0.076,1079.822,4,2,3000000,6600000,3000075,26400000,0,0,orders;customer,512,58844,0,0,7241,7241,0
2026-07-27T11:35:49Z,F346E7F692C196A7,14.23,queries/Core/03_join_method/large_hash.sql,measured,2,3,5,2,0.074,1075.241,4,2,3000000,6600000,3000075,26400000,0,0,orders;customer,576,58780,0,0,7241,7241,0
2026-07-27T11:35:49Z,F346E7F692C196A7,14.23,queries/Core/03_join_method/large_hash.sql,measured,2,4,5,2,0.077,1077.205,4,2,3000000,6600000,3000075,26400000,0,0,orders;customer,640,58716,0,0,7241,7241,0
2026-07-27T11:35:49Z,F346E7F692C196A7,14.23,queries/Core/03_join_method/large_hash.sql,measured,2,5,5,2,0.076,1084.082,4,2,3000000,6600000,3000075,26400000,0,0,orders;customer,704,58652,0,0,7241,7241,0
2026-07-27T11:35:50Z,F346E7F692C196A7,14.23,queries/Core/03_join_method/large_merge.sql,warmup,1,1,1,2,2.963,1149.377,7,2,3000000,17111349,3000075,68445396,0,2,orders;customer,2472,71230,0,0,8075,8141,0
2026-07-27T11:35:51Z,F346E7F692C196A7,14.23,queries/Core/03_join_method/large_merge.sql,warmup,2,1,1,2,0.505,1166.887,7,2,3000000,17111160,3000075,68444640,0,2,orders;customer,10243,63459,0,0,7980,8047,0
2026-07-27T11:35:57Z,F346E7F692C196A7,14.23,queries/Core/03_join_method/large_merge.sql,measured,1,1,5,2,0.466,1140.415,7,2,3000000,17111196,3000075,68444784,0,2,orders;customer,9843,63859,0,0,8076,8143,0
2026-07-27T11:35:57Z,F346E7F692C196A7,14.23,queries/Core/03_join_method/large_merge.sql,measured,1,2,5,2,0.108,1132.885,7,2,3000000,17111961,3000075,68447844,0,2,orders;customer,10072,63630,0,0,8074,8142,0
2026-07-27T11:35:57Z,F346E7F692C196A7,14.23,queries/Core/03_join_method/large_merge.sql,measured,1,3,5,2,0.104,1133.661,7,2,3000000,17111967,3000075,68447868,0,2,orders;customer,10844,62858,0,0,8075,8142,0
2026-07-27T11:35:57Z,F346E7F692C196A7,14.23,queries/Core/03_join_method/large_merge.sql,measured,1,4,5,2,0.102,1112.512,7,2,3000000,17112012,3000075,68448048,0,2,orders;customer,5833,67869,0,0,8075,8142,0
2026-07-27T11:35:57Z,F346E7F692C196A7,14.23,queries/Core/03_join_method/large_merge.sql,measured,1,5,5,2,0.104,1128.416,7,2,3000000,17112123,3000075,68448492,0,2,orders;customer,7802,65900,0,0,8075,8142,0
2026-07-27T11:36:03Z,F346E7F692C196A7,14.23,queries/Core/03_join_method/large_merge.sql,measured,2,1,5,2,0.475,1137.027,7,2,3000000,17111115,3000075,68444460,0,2,orders;customer,8511,65191,0,0,8075,8142,0
2026-07-27T11:36:03Z,F346E7F692C196A7,14.23,queries/Core/03_join_method/large_merge.sql,measured,2,2,5,2,0.111,1131.652,7,2,3000000,17111760,3000075,68447040,0,2,orders;customer,5438,68264,0,0,8075,8142,0
2026-07-27T11:36:03Z,F346E7F692C196A7,14.23,queries/Core/03_join_method/large_merge.sql,measured,2,3,5,2,0.107,1099.663,7,2,3000000,17111646,3000075,68446584,0,2,orders;customer,7013,66689,0,0,8075,8142,0
2026-07-27T11:36:03Z,F346E7F692C196A7,14.23,queries/Core/03_join_method/large_merge.sql,measured,2,4,5,2,0.105,1130.309,7,2,3000000,17112057,3000075,68448228,0,2,orders;customer,8606,65096,0,0,8075,8142,0
2026-07-27T11:36:03Z,F346E7F692C196A7,14.23,queries/Core/03_join_method/large_merge.sql,measured,2,5,5,2,0.110,1132.697,7,2,3000000,17112051,3000075,68448204,0,2,orders;customer,8301,65401,0,0,8075,8142,0
2026-07-27T11:36:10Z,F346E7F692C196A7,14.23,queries/Core/03_join_method/large_nestloop_index.sql,warmup,1,1,1,2,0.432,7369.117,3,2,3000000,6300000,3000075,25200000,0,0,customer;orders,1816983,2089710,0,0,0,0,0
2026-07-27T11:36:18Z,F346E7F692C196A7,14.23,queries/Core/03_join_method/large_nestloop_index.sql,warmup,2,1,1,2,0.594,7202.543,3,2,3000000,6300000,3000075,25200000,0,0,customer;orders,1819402,2087291,0,0,0,0,0
2026-07-27T11:36:53Z,F346E7F692C196A7,14.23,queries/Core/03_join_method/large_nestloop_index.sql,measured,1,1,5,2,0.609,7173.699,3,2,3000000,6300000,3000075,25200000,0,0,customer;orders,1819417,2087276,0,0,0,0,0
2026-07-27T11:36:53Z,F346E7F692C196A7,14.23,queries/Core/03_join_method/large_nestloop_index.sql,measured,1,2,5,2,0.074,7075.106,3,2,3000000,6300000,3000075,25200000,0,0,customer;orders,1819413,2087280,0,0,0,0,0
2026-07-27T11:36:53Z,F346E7F692C196A7,14.23,queries/Core/03_join_method/large_nestloop_index.sql,measured,1,3,5,2,0.077,7090.250,3,2,3000000,6300000,3000075,25200000,0,0,customer;orders,1819420,2087273,0,0,0,0,0
2026-07-27T11:36:53Z,F346E7F692C196A7,14.23,queries/Core/03_join_method/large_nestloop_index.sql,measured,1,4,5,2,0.075,7070.887,3,2,3000000,6300000,3000075,25200000,0,0,customer;orders,1819406,2087287,0,0,0,0,0
2026-07-27T11:36:53Z,F346E7F692C196A7,14.23,queries/Core/03_join_method/large_nestloop_index.sql,measured,1,5,5,2,0.085,7081.379,3,2,3000000,6300000,3000075,25200000,0,0,customer;orders,1819437,2087256,0,0,0,0,0
2026-07-27T11:37:29Z,F346E7F692C196A7,14.23,queries/Core/03_join_method/large_nestloop_index.sql,measured,2,1,5,2,0.610,7312.485,3,2,3000000,6300000,3000075,25200000,0,0,customer;orders,1819400,2087293,0,0,0,0,0
2026-07-27T11:37:29Z,F346E7F692C196A7,14.23,queries/Core/03_join_method/large_nestloop_index.sql,measured,2,2,5,2,0.073,7189.960,3,2,3000000,6300000,3000075,25200000,0,0,customer;orders,1819413,2087280,0,0,0,0,0
2026-07-27T11:37:29Z,F346E7F692C196A7,14.23,queries/Core/03_join_method/large_nestloop_index.sql,measured,2,3,5,2,0.073,7180.912,3,2,3000000,6300000,3000075,25200000,0,0,customer;orders,1819435,2087258,0,0,0,0,0
2026-07-27T11:37:29Z,F346E7F692C196A7,14.23,queries/Core/03_join_method/large_nestloop_index.sql,measured,2,4,5,2,0.078,7193.608,3,2,3000000,6300000,3000075,25200000,0,0,customer;orders,1819363,2087330,0,0,0,0,0
2026-07-27T11:37:29Z,F346E7F692C196A7,14.23,queries/Core/03_join_method/large_nestloop_index.sql,measured,2,5,5,2,0.076,7173.427,3,2,3000000,6300000,3000075,25200000,0,0,customer;orders,1819423,2087270,0,0,0,0,0
2026-07-27T11:37:29Z,F346E7F692C196A7,14.23,queries/Core/03_join_method/small_hash.sql,warmup,1,1,1,2,0.737,9.938,4,2,20000,40050,20000,160200,0,0,supplier;nation,0,444,0,0,0,0,0
2026-07-27T11:37:29Z,F346E7F692C196A7,14.23,queries/Core/03_join_method/small_hash.sql,warmup,2,1,1,2,0.290,4.271,4,2,20000,40050,20000,160200,0,0,supplier;nation,444,0,0,0,0,0,0
2026-07-27T11:37:29Z,F346E7F692C196A7,14.23,queries/Core/03_join_method/small_hash.sql,measured,1,1,5,2,0.288,4.172,4,2,20000,40050,20000,160200,0,0,supplier;nation,444,0,0,0,0,0,0
2026-07-27T11:37:29Z,F346E7F692C196A7,14.23,queries/Core/03_join_method/small_hash.sql,measured,1,2,5,2,0.028,3.627,4,2,20000,40050,20000,160200,0,0,supplier;nation,444,0,0,0,0,0,0
2026-07-27T11:37:29Z,F346E7F692C196A7,14.23,queries/Core/03_join_method/small_hash.sql,measured,1,3,5,2,0.022,3.508,4,2,20000,40050,20000,160200,0,0,supplier;nation,444,0,0,0,0,0,0
2026-07-27T11:37:29Z,F346E7F692C196A7,14.23,queries/Core/03_join_method/small_hash.sql,measured,1,4,5,2,0.022,3.484,4,2,20000,40050,20000,160200,0,0,supplier;nation,444,0,0,0,0,0,0
2026-07-27T11:37:29Z,F346E7F692C196A7,14.23,queries/Core/03_join_method/small_hash.sql,measured,1,5,5,2,0.030,3.520,4,2,20000,40050,20000,160200,0,0,supplier;nation,444,0,0,0,0,0,0
2026-07-27T11:37:29Z,F346E7F692C196A7,14.23,queries/Core/03_join_method/small_hash.sql,measured,2,1,5,2,0.289,4.270,4,2,20000,40050,20000,160200,0,0,supplier;nation,444,0,0,0,0,0,0
2026-07-27T11:37:29Z,F346E7F692C196A7,14.23,queries/Core/03_join_method/small_hash.sql,measured,2,2,5,2,0.031,3.716,4,2,20000,40050,20000,160200,0,0,supplier;nation,444,0,0,0,0,0,0
2026-07-27T11:37:29Z,F346E7F692C196A7,14.23,queries/Core/03_join_method/small_hash.sql,measured,2,3,5,2,0.023,3.544,4,2,20000,40050,20000,160200,0,0,supplier;nation,444,0,0,0,0,0,0
2026-07-27T11:37:29Z,F346E7F692C196A7,14.23,queries/Core/03_join_method/small_hash.sql,measured,2,4,5,2,0.023,3.463,4,2,20000,40050,20000,160200,0,0,supplier;nation,444,0,0,0,0,0,0
2026-07-27T11:37:29Z,F346E7F692C196A7,14.23,queries/Core/03_join_method/small_hash.sql,measured,2,5,5,2,0.021,3.443,4,2,20000,40050,20000,160200,0,0,supplier;nation,444,0,0,0,0,0,0
2026-07-27T11:37:30Z,F346E7F692C196A7,14.23,queries/Core/03_join_method/small_merge.sql,warmup,1,1,1,2,0.351,6.764,5,2,20000,60050,20000,240200,0,0,nation;supplier,444,0,0,0,0,0,0
2026-07-27T11:37:30Z,F346E7F692C196A7,14.23,queries/Core/03_join_method/small_merge.sql,warmup,2,1,1,2,0.332,6.954,5,2,20000,60050,20000,240200,0,0,nation;supplier,444,0,0,0,0,0,0
2026-07-27T11:37:30Z,F346E7F692C196A7,14.23,queries/Core/03_join_method/small_merge.sql,measured,1,1,5,2,0.343,9.887,5,2,20000,60050,20000,240200,0,0,nation;supplier,444,0,0,0,0,0,0
2026-07-27T11:37:30Z,F346E7F692C196A7,14.23,queries/Core/03_join_method/small_merge.sql,measured,1,2,5,2,0.060,7.003,5,2,20000,60050,20000,240200,0,0,nation;supplier,444,0,0,0,0,0,0
2026-07-27T11:37:30Z,F346E7F692C196A7,14.23,queries/Core/03_join_method/small_merge.sql,measured,1,3,5,2,0.049,6.298,5,2,20000,60050,20000,240200,0,0,nation;supplier,444,0,0,0,0,0,0
2026-07-27T11:37:30Z,F346E7F692C196A7,14.23,queries/Core/03_join_method/small_merge.sql,measured,1,4,5,2,0.036,6.267,5,2,20000,60050,20000,240200,0,0,nation;supplier,444,0,0,0,0,0,0
2026-07-27T11:37:30Z,F346E7F692C196A7,14.23,queries/Core/03_join_method/small_merge.sql,measured,1,5,5,2,0.042,6.244,5,2,20000,60050,20000,240200,0,0,nation;supplier,444,0,0,0,0,0,0
2026-07-27T11:37:30Z,F346E7F692C196A7,14.23,queries/Core/03_join_method/small_merge.sql,measured,2,1,5,2,0.335,6.724,5,2,20000,60050,20000,240200,0,0,nation;supplier,444,0,0,0,0,0,0
2026-07-27T11:37:30Z,F346E7F692C196A7,14.23,queries/Core/03_join_method/small_merge.sql,measured,2,2,5,2,0.053,6.941,5,2,20000,60050,20000,240200,0,0,nation;supplier,444,0,0,0,0,0,0
2026-07-27T11:37:30Z,F346E7F692C196A7,14.23,queries/Core/03_join_method/small_merge.sql,measured,2,3,5,2,0.046,6.292,5,2,20000,60050,20000,240200,0,0,nation;supplier,444,0,0,0,0,0,0
2026-07-27T11:37:30Z,F346E7F692C196A7,14.23,queries/Core/03_join_method/small_merge.sql,measured,2,4,5,2,0.036,6.274,5,2,20000,60050,20000,240200,0,0,nation;supplier,444,0,0,0,0,0,0
2026-07-27T11:37:30Z,F346E7F692C196A7,14.23,queries/Core/03_join_method/small_merge.sql,measured,2,5,5,2,0.036,6.285,5,2,20000,60050,20000,240200,0,0,nation;supplier,444,0,0,0,0,0,0
2026-07-27T11:37:30Z,F346E7F692C196A7,14.23,queries/Core/03_join_method/small_nestloop.sql,warmup,1,1,1,2,0.278,31.842,4,2,20000,540025,20000,2160100,0,0,supplier;nation,444,0,0,0,0,0,0
2026-07-27T11:37:30Z,F346E7F692C196A7,14.23,queries/Core/03_join_method/small_nestloop.sql,warmup,2,1,1,2,0.286,31.530,4,2,20000,540025,20000,2160100,0,0,supplier;nation,444,0,0,0,0,0,0
2026-07-27T11:37:30Z,F346E7F692C196A7,14.23,queries/Core/03_join_method/small_nestloop.sql,measured,1,1,5,2,0.279,31.541,4,2,20000,540025,20000,2160100,0,0,supplier;nation,444,0,0,0,0,0,0
2026-07-27T11:37:30Z,F346E7F692C196A7,14.23,queries/Core/03_join_method/small_nestloop.sql,measured,1,2,5,2,0.033,30.942,4,2,20000,540025,20000,2160100,0,0,supplier;nation,444,0,0,0,0,0,0
2026-07-27T11:37:30Z,F346E7F692C196A7,14.23,queries/Core/03_join_method/small_nestloop.sql,measured,1,3,5,2,0.022,30.786,4,2,20000,540025,20000,2160100,0,0,supplier;nation,444,0,0,0,0,0,0
2026-07-27T11:37:30Z,F346E7F692C196A7,14.23,queries/Core/03_join_method/small_nestloop.sql,measured,1,4,5,2,0.021,30.728,4,2,20000,540025,20000,2160100,0,0,supplier;nation,444,0,0,0,0,0,0
2026-07-27T11:37:30Z,F346E7F692C196A7,14.23,queries/Core/03_join_method/small_nestloop.sql,measured,1,5,5,2,0.023,30.668,4,2,20000,540025,20000,2160100,0,0,supplier;nation,444,0,0,0,0,0,0
2026-07-27T11:37:30Z,F346E7F692C196A7,14.23,queries/Core/03_join_method/small_nestloop.sql,measured,2,1,5,2,0.285,31.562,4,2,20000,540025,20000,2160100,0,0,supplier;nation,444,0,0,0,0,0,0
2026-07-27T11:37:30Z,F346E7F692C196A7,14.23,queries/Core/03_join_method/small_nestloop.sql,measured,2,2,5,2,0.036,30.907,4,2,20000,540025,20000,2160100,0,0,supplier;nation,444,0,0,0,0,0,0
2026-07-27T11:37:30Z,F346E7F692C196A7,14.23,queries/Core/03_join_method/small_nestloop.sql,measured,2,3,5,2,0.022,30.772,4,2,20000,540025,20000,2160100,0,0,supplier;nation,444,0,0,0,0,0,0
2026-07-27T11:37:30Z,F346E7F692C196A7,14.23,queries/Core/03_join_method/small_nestloop.sql,measured,2,4,5,2,0.021,30.652,4,2,20000,540025,20000,2160100,0,0,supplier;nation,444,0,0,0,0,0,0
2026-07-27T11:37:30Z,F346E7F692C196A7,14.23,queries/Core/03_join_method/small_nestloop.sql,measured,2,5,5,2,0.025,30.626,4,2,20000,540025,20000,2160100,0,0,supplier;nation,444,0,0,0,0,0,0
2026-07-27T11:37:30Z,F346E7F692C196A7,14.23,queries/Core/04_join_scale/join_10kx25.sql,warmup,1,1,1,2,0.280,4.300,4,2,20000,40050,20000,160200,0,0,supplier;nation,444,0,0,0,0,0,0
2026-07-27T11:37:30Z,F346E7F692C196A7,14.23,queries/Core/04_join_scale/join_10kx25.sql,warmup,2,1,1,2,0.293,4.303,4,2,20000,40050,20000,160200,0,0,supplier;nation,444,0,0,0,0,0,0
2026-07-27T11:37:31Z,F346E7F692C196A7,14.23,queries/Core/04_join_scale/join_10kx25.sql,measured,1,1,5,2,0.292,4.199,4,2,20000,40050,20000,160200,0,0,supplier;nation,444,0,0,0,0,0,0
2026-07-27T11:37:31Z,F346E7F692C196A7,14.23,queries/Core/04_join_scale/join_10kx25.sql,measured,1,2,5,2,0.029,3.632,4,2,20000,40050,20000,160200,0,0,supplier;nation,444,0,0,0,0,0,0
2026-07-27T11:37:31Z,F346E7F692C196A7,14.23,queries/Core/04_join_scale/join_10kx25.sql,measured,1,3,5,2,0.023,3.484,4,2,20000,40050,20000,160200,0,0,supplier;nation,444,0,0,0,0,0,0
2026-07-27T11:37:31Z,F346E7F692C196A7,14.23,queries/Core/04_join_scale/join_10kx25.sql,measured,1,4,5,2,0.022,3.475,4,2,20000,40050,20000,160200,0,0,supplier;nation,444,0,0,0,0,0,0
2026-07-27T11:37:31Z,F346E7F692C196A7,14.23,queries/Core/04_join_scale/join_10kx25.sql,measured,1,5,5,2,0.026,3.502,4,2,20000,40050,20000,160200,0,0,supplier;nation,444,0,0,0,0,0,0
2026-07-27T11:37:31Z,F346E7F692C196A7,14.23,queries/Core/04_join_scale/join_10kx25.sql,measured,2,1,5,2,0.286,4.245,4,2,20000,40050,20000,160200,0,0,supplier;nation,444,0,0,0,0,0,0
2026-07-27T11:37:31Z,F346E7F692C196A7,14.23,queries/Core/04_join_scale/join_10kx25.sql,measured,2,2,5,2,0.035,4.549,4,2,20000,40050,20000,160200,0,0,supplier;nation,444,0,0,0,0,0,0
2026-07-27T11:37:31Z,F346E7F692C196A7,14.23,queries/Core/04_join_scale/join_10kx25.sql,measured,2,3,5,2,0.026,3.577,4,2,20000,40050,20000,160200,0,0,supplier;nation,444,0,0,0,0,0,0
2026-07-27T11:37:31Z,F346E7F692C196A7,14.23,queries/Core/04_join_scale/join_10kx25.sql,measured,2,4,5,2,0.033,4.474,4,2,20000,40050,20000,160200,0,0,supplier;nation,444,0,0,0,0,0,0
2026-07-27T11:37:31Z,F346E7F692C196A7,14.23,queries/Core/04_join_scale/join_10kx25.sql,measured,2,5,5,2,0.025,3.511,4,2,20000,40050,20000,160200,0,0,supplier;nation,444,0,0,0,0,0,0
2026-07-27T11:37:32Z,F346E7F692C196A7,14.23,queries/Core/04_join_scale/join_1500kx150k.sql,warmup,1,1,1,2,0.482,1089.092,4,2,3000000,6600000,3000075,26400000,0,0,orders;customer,15715,43641,0,0,7241,7241,0
2026-07-27T11:37:33Z,F346E7F692C196A7,14.23,queries/Core/04_join_scale/join_1500kx150k.sql,warmup,2,1,1,2,0.442,1107.450,4,2,3000000,6600000,3000075,26400000,0,0,orders;customer,15725,43631,0,0,7241,7241,0
2026-07-27T11:37:38Z,F346E7F692C196A7,14.23,queries/Core/04_join_scale/join_1500kx150k.sql,measured,1,1,5,2,0.477,1107.869,4,2,3000000,6600000,3000075,26400000,0,0,orders;customer,15737,43619,0,0,7241,7241,0
2026-07-27T11:37:38Z,F346E7F692C196A7,14.23,queries/Core/04_join_scale/join_1500kx150k.sql,measured,1,2,5,2,0.076,1130.142,4,2,3000000,6600000,3000075,26400000,0,0,orders;customer,15746,43610,0,0,7241,7241,0
2026-07-27T11:37:38Z,F346E7F692C196A7,14.23,queries/Core/04_join_scale/join_1500kx150k.sql,measured,1,3,5,2,0.075,1065.923,4,2,3000000,6600000,3000075,26400000,0,0,orders;customer,15763,43593,0,0,7241,7241,0
2026-07-27T11:37:38Z,F346E7F692C196A7,14.23,queries/Core/04_join_scale/join_1500kx150k.sql,measured,1,4,5,2,0.074,1070.649,4,2,3000000,6600000,3000075,26400000,0,0,orders;customer,15743,43613,0,0,7241,7241,0
2026-07-27T11:37:38Z,F346E7F692C196A7,14.23,queries/Core/04_join_scale/join_1500kx150k.sql,measured,1,5,5,2,0.094,1072.420,4,2,3000000,6600000,3000075,26400000,0,0,orders;customer,15807,43549,0,0,7241,7241,0
2026-07-27T11:37:44Z,F346E7F692C196A7,14.23,queries/Core/04_join_scale/join_1500kx150k.sql,measured,2,1,5,2,0.484,1110.546,4,2,3000000,6600000,3000075,26400000,0,0,orders;customer,15871,43485,0,0,7241,7241,0
2026-07-27T11:37:44Z,F346E7F692C196A7,14.23,queries/Core/04_join_scale/join_1500kx150k.sql,measured,2,2,5,2,0.083,1068.242,4,2,3000000,6600000,3000075,26400000,0,0,orders;customer,15935,43421,0,0,7241,7241,0
2026-07-27T11:37:44Z,F346E7F692C196A7,14.23,queries/Core/04_join_scale/join_1500kx150k.sql,measured,2,3,5,2,0.075,1070.126,4,2,3000000,6600000,3000075,26400000,0,0,orders;customer,15999,43357,0,0,7241,7241,0
2026-07-27T11:37:44Z,F346E7F692C196A7,14.23,queries/Core/04_join_scale/join_1500kx150k.sql,measured,2,4,5,2,0.076,1073.651,4,2,3000000,6600000,3000075,26400000,0,0,orders;customer,16063,43293,0,0,7241,7241,0
2026-07-27T11:37:44Z,F346E7F692C196A7,14.23,queries/Core/04_join_scale/join_1500kx150k.sql,measured,2,5,5,2,0.082,1074.253,4,2,3000000,6600000,3000075,26400000,0,0,orders;customer,16127,43229,0,0,7241,7241,0
2026-07-27T11:37:44Z,F346E7F692C196A7,14.23,queries/Core/04_join_scale/join_150kx25.sql,warmup,1,1,1,2,0.434,65.558,4,2,300000,600050,300000,2400200,0,0,customer;nation,414,6756,0,0,0,0,0
2026-07-27T11:37:44Z,F346E7F692C196A7,14.23,queries/Core/04_join_scale/join_150kx25.sql,warmup,2,1,1,2,0.419,64.842,4,2,300000,600050,300000,2400200,0,0,customer;nation,447,6723,0,0,0,0,0
2026-07-27T11:37:45Z,F346E7F692C196A7,14.23,queries/Core/04_join_scale/join_150kx25.sql,measured,1,1,5,2,0.422,64.976,4,2,300000,600050,300000,2400200,0,0,customer;nation,479,6691,0,0,0,0,0
2026-07-27T11:37:45Z,F346E7F692C196A7,14.23,queries/Core/04_join_scale/join_150kx25.sql,measured,1,2,5,2,0.074,64.448,4,2,300000,600050,300000,2400200,0,0,customer;nation,511,6659,0,0,0,0,0
2026-07-27T11:37:45Z,F346E7F692C196A7,14.23,queries/Core/04_join_scale/join_150kx25.sql,measured,1,3,5,2,0.065,64.317,4,2,300000,600050,300000,2400200,0,0,customer;nation,543,6627,0,0,0,0,0
2026-07-27T11:37:45Z,F346E7F692C196A7,14.23,queries/Core/04_join_scale/join_150kx25.sql,measured,1,4,5,2,0.054,64.191,4,2,300000,600050,300000,2400200,0,0,customer;nation,575,6595,0,0,0,0,0
2026-07-27T11:37:45Z,F346E7F692C196A7,14.23,queries/Core/04_join_scale/join_150kx25.sql,measured,1,5,5,2,0.074,64.451,4,2,300000,600050,300000,2400200,0,0,customer;nation,607,6563,0,0,0,0,0
2026-07-27T11:37:45Z,F346E7F692C196A7,14.23,queries/Core/04_join_scale/join_150kx25.sql,measured,2,1,5,2,0.422,65.213,4,2,300000,600050,300000,2400200,0,0,customer;nation,639,6531,0,0,0,0,0
2026-07-27T11:37:45Z,F346E7F692C196A7,14.23,queries/Core/04_join_scale/join_150kx25.sql,measured,2,2,5,2,0.075,64.461,4,2,300000,600050,300000,2400200,0,0,customer;nation,671,6499,0,0,0,0,0
2026-07-27T11:37:45Z,F346E7F692C196A7,14.23,queries/Core/04_join_scale/join_150kx25.sql,measured,2,3,5,2,0.077,64.073,4,2,300000,600050,300000,2400200,0,0,customer;nation,703,6467,0,0,0,0,0
2026-07-27T11:37:45Z,F346E7F692C196A7,14.23,queries/Core/04_join_scale/join_150kx25.sql,measured,2,4,5,2,0.052,63.808,4,2,300000,600050,300000,2400200,0,0,customer;nation,735,6435,0,0,0,0,0
2026-07-27T11:37:45Z,F346E7F692C196A7,14.23,queries/Core/04_join_scale/join_150kx25.sql,measured,2,5,5,2,0.049,63.633,4,2,300000,600050,300000,2400200,0,0,customer;nation,767,6403,0,0,0,0,0
2026-07-27T11:37:45Z,F346E7F692C196A7,14.23,queries/Core/04_join_scale/join_25x5.sql,warmup,1,1,1,2,0.298,2.526,4,2,25,60,25,240,0,0,nation;region,1,1,0,0,0,0,0
2026-07-27T11:37:45Z,F346E7F692C196A7,14.23,queries/Core/04_join_scale/join_25x5.sql,warmup,2,1,1,2,0.310,0.091,4,2,25,60,25,240,0,0,nation;region,2,0,0,0,0,0,0
2026-07-27T11:37:45Z,F346E7F692C196A7,14.23,queries/Core/04_join_scale/join_25x5.sql,measured,1,1,5,2,0.305,0.091,4,2,25,60,25,240,0,0,nation;region,2,0,0,0,0,0,0
2026-07-27T11:37:45Z,F346E7F692C196A7,14.23,queries/Core/04_join_scale/join_25x5.sql,measured,1,2,5,2,0.030,0.033,4,2,25,60,25,240,0,0,nation;region,2,0,0,0,0,0,0
2026-07-27T11:37:45Z,F346E7F692C196A7,14.23,queries/Core/04_join_scale/join_25x5.sql,measured,1,3,5,2,0.021,0.018,4,2,25,60,25,240,0,0,nation;region,2,0,0,0,0,0,0
2026-07-27T11:37:45Z,F346E7F692C196A7,14.23,queries/Core/04_join_scale/join_25x5.sql,measured,1,4,5,2,0.020,0.017,4,2,25,60,25,240,0,0,nation;region,2,0,0,0,0,0,0
2026-07-27T11:37:45Z,F346E7F692C196A7,14.23,queries/Core/04_join_scale/join_25x5.sql,measured,1,5,5,2,0.019,0.016,4,2,25,60,25,240,0,0,nation;region,2,0,0,0,0,0,0
2026-07-27T11:37:45Z,F346E7F692C196A7,14.23,queries/Core/04_join_scale/join_25x5.sql,measured,2,1,5,2,0.312,0.090,4,2,25,60,25,240,0,0,nation;region,2,0,0,0,0,0,0
2026-07-27T11:37:45Z,F346E7F692C196A7,14.23,queries/Core/04_join_scale/join_25x5.sql,measured,2,2,5,2,0.030,0.033,4,2,25,60,25,240,0,0,nation;region,2,0,0,0,0,0,0
2026-07-27T11:37:45Z,F346E7F692C196A7,14.23,queries/Core/04_join_scale/join_25x5.sql,measured,2,3,5,2,0.021,0.017,4,2,25,60,25,240,0,0,nation;region,2,0,0,0,0,0,0
2026-07-27T11:37:45Z,F346E7F692C196A7,14.23,queries/Core/04_join_scale/join_25x5.sql,measured,2,4,5,2,0.021,0.017,4,2,25,60,25,240,0,0,nation;region,2,0,0,0,0,0,0
2026-07-27T11:37:45Z,F346E7F692C196A7,14.23,queries/Core/04_join_scale/join_25x5.sql,measured,2,5,5,2,0.019,0.016,4,2,25,60,25,240,0,0,nation;region,2,0,0,0,0,0,0
2026-07-27T11:37:48Z,F346E7F692C196A7,14.23,queries/Core/04_join_scale/join_6mx10k.sql,warmup,1,1,1,2,0.473,2423.963,4,2,11997996,24035992,11958568,96143968,0,0,lineitem;supplier,0,225363,0,0,0,0,0
2026-07-27T11:37:50Z,F346E7F692C196A7,14.23,queries/Core/04_join_scale/join_6mx10k.sql,warmup,2,1,1,2,0.375,2395.540,4,2,11997996,24035992,11958568,96143968,0,0,lineitem;supplier,475,224888,0,0,0,0,0
2026-07-27T11:38:02Z,F346E7F692C196A7,14.23,queries/Core/04_join_scale/join_6mx10k.sql,measured,1,1,5,2,0.389,2396.740,4,2,11997996,24035992,11958568,96143968,0,0,lineitem;supplier,507,224856,0,0,0,0,0
2026-07-27T11:38:02Z,F346E7F692C196A7,14.23,queries/Core/04_join_scale/join_6mx10k.sql,measured,1,2,5,2,0.057,2368.780,4,2,11997996,24035992,11958568,96143968,0,0,lineitem;supplier,539,224824,0,0,0,0,0
2026-07-27T11:38:02Z,F346E7F692C196A7,14.23,queries/Core/04_join_scale/join_6mx10k.sql,measured,1,3,5,2,0.058,2352.476,4,2,11997996,24035992,11958568,96143968,0,0,lineitem;supplier,571,224792,0,0,0,0,0
2026-07-27T11:38:02Z,F346E7F692C196A7,14.23,queries/Core/04_join_scale/join_6mx10k.sql,measured,1,4,5,2,0.058,2361.250,4,2,11997996,24035992,11958568,96143968,0,0,lineitem;supplier,603,224760,0,0,0,0,0
2026-07-27T11:38:02Z,F346E7F692C196A7,14.23,queries/Core/04_join_scale/join_6mx10k.sql,measured,1,5,5,2,0.060,2322.938,4,2,11997996,24035992,11958568,96143968,0,0,lineitem;supplier,635,224728,0,0,0,0,0
2026-07-27T11:38:14Z,F346E7F692C196A7,14.23,queries/Core/04_join_scale/join_6mx10k.sql,measured,2,1,5,2,0.390,2404.583,4,2,11997996,24035992,11958568,96143968,0,0,lineitem;supplier,667,224696,0,0,0,0,0
2026-07-27T11:38:14Z,F346E7F692C196A7,14.23,queries/Core/04_join_scale/join_6mx10k.sql,measured,2,2,5,2,0.057,2381.490,4,2,11997996,24035992,11958568,96143968,0,0,lineitem;supplier,699,224664,0,0,0,0,0
2026-07-27T11:38:14Z,F346E7F692C196A7,14.23,queries/Core/04_join_scale/join_6mx10k.sql,measured,2,3,5,2,0.059,2352.412,4,2,11997996,24035992,11958568,96143968,0,0,lineitem;supplier,731,224632,0,0,0,0,0
2026-07-27T11:38:14Z,F346E7F692C196A7,14.23,queries/Core/04_join_scale/join_6mx10k.sql,measured,2,4,5,2,0.061,2362.083,4,2,11997996,24035992,11958568,96143968,0,0,lineitem;supplier,763,224600,0,0,0,0,0
2026-07-27T11:38:14Z,F346E7F692C196A7,14.23,queries/Core/04_join_scale/join_6mx10k.sql,measured,2,5,5,2,0.060,2339.598,4,2,11997996,24035992,11958568,96143968,0,0,lineitem;supplier,795,224568,0,0,0,0,0
2026-07-27T11:38:18Z,F346E7F692C196A7,14.23,queries/Core/04_join_scale/join_6mx1500k.sql,warmup,1,1,1,2,0.453,4261.156,4,2,11997996,29995992,11998031,119983968,0,0,lineitem;orders,14917,262190,0,0,43312,43312,0
2026-07-27T11:38:23Z,F346E7F692C196A7,14.23,queries/Core/04_join_scale/join_6mx1500k.sql,warmup,2,1,1,2,0.454,4284.486,4,2,11997996,29995992,11998031,119983968,0,0,lineitem;orders,14927,262180,0,0,43312,43312,0
2026-07-27T11:38:44Z,F346E7F692C196A7,14.23,queries/Core/04_join_scale/join_6mx1500k.sql,measured,1,1,5,2,0.464,4216.944,4,2,11997996,29995992,11998031,119983968,0,0,lineitem;orders,14991,262116,0,0,43312,43312,0
2026-07-27T11:38:44Z,F346E7F692C196A7,14.23,queries/Core/04_join_scale/join_6mx1500k.sql,measured,1,2,5,2,0.076,4240.190,4,2,11997996,29995992,11998031,119983968,0,0,lineitem;orders,15055,262052,0,0,43312,43312,0
2026-07-27T11:38:44Z,F346E7F692C196A7,14.23,queries/Core/04_join_scale/join_6mx1500k.sql,measured,1,3,5,2,0.073,4218.693,4,2,11997996,29995992,11998031,119983968,0,0,lineitem;orders,15119,261988,0,0,43312,43312,0
2026-07-27T11:38:44Z,F346E7F692C196A7,14.23,queries/Core/04_join_scale/join_6mx1500k.sql,measured,1,4,5,2,0.072,4199.404,4,2,11997996,29995992,11998031,119983968,0,0,lineitem;orders,15183,261924,0,0,43312,43312,0
2026-07-27T11:38:44Z,F346E7F692C196A7,14.23,queries/Core/04_join_scale/join_6mx1500k.sql,measured,1,5,5,2,0.090,4205.676,4,2,11997996,29995992,11998031,119983968,0,0,lineitem;orders,15247,261860,0,0,43312,43312,0
2026-07-27T11:39:05Z,F346E7F692C196A7,14.23,queries/Core/04_join_scale/join_6mx1500k.sql,measured,2,1,5,2,0.451,4270.549,4,2,11997996,29995992,11998031,119983968,0,0,lineitem;orders,15311,261796,0,0,43312,43312,0
2026-07-27T11:39:05Z,F346E7F692C196A7,14.23,queries/Core/04_join_scale/join_6mx1500k.sql,measured,2,2,5,2,0.075,4136.178,4,2,11997996,29995992,11998031,119983968,0,0,lineitem;orders,15375,261732,0,0,43312,43312,0
2026-07-27T11:39:05Z,F346E7F692C196A7,14.23,queries/Core/04_join_scale/join_6mx1500k.sql,measured,2,3,5,2,0.073,4202.177,4,2,11997996,29995992,11998031,119983968,0,0,lineitem;orders,15439,261668,0,0,43312,43312,0
2026-07-27T11:39:05Z,F346E7F692C196A7,14.23,queries/Core/04_join_scale/join_6mx1500k.sql,measured,2,4,5,2,0.074,4201.857,4,2,11997996,29995992,11998031,119983968,0,0,lineitem;orders,15503,261604,0,0,43312,43312,0
2026-07-27T11:39:05Z,F346E7F692C196A7,14.23,queries/Core/04_join_scale/join_6mx1500k.sql,measured,2,5,5,2,0.074,4198.778,4,2,11997996,29995992,11998031,119983968,0,0,lineitem;orders,15567,261540,0,0,43312,43312,0
2026-07-27T11:39:09Z,F346E7F692C196A7,14.23,queries/Core/04_join_scale/join_6mx200k.sql,warmup,1,1,1,2,0.401,3933.257,4,2,11997996,24795992,11915546,99183968,0,0,lineitem;part,768,232345,0,0,31791,31791,0
2026-07-27T11:39:13Z,F346E7F692C196A7,14.23,queries/Core/04_join_scale/join_6mx200k.sql,warmup,2,1,1,2,0.402,3939.110,4,2,11997996,24795992,11915546,99183968,0,0,lineitem;part,795,232318,0,0,31791,31791,0
2026-07-27T11:39:33Z,F346E7F692C196A7,14.23,queries/Core/04_join_scale/join_6mx200k.sql,measured,1,1,5,2,0.400,4303.839,4,2,11997996,24795992,11915546,99183968,0,0,lineitem;part,859,232254,0,0,31791,31791,0
2026-07-27T11:39:33Z,F346E7F692C196A7,14.23,queries/Core/04_join_scale/join_6mx200k.sql,measured,1,2,5,2,0.056,4012.284,4,2,11997996,24795992,11915546,99183968,0,0,lineitem;part,923,232190,0,0,31791,31791,0
2026-07-27T11:39:33Z,F346E7F692C196A7,14.23,queries/Core/04_join_scale/join_6mx200k.sql,measured,1,3,5,2,0.084,3880.703,4,2,11997996,24795992,11915546,99183968,0,0,lineitem;part,987,232126,0,0,31791,31791,0
2026-07-27T11:39:33Z,F346E7F692C196A7,14.23,queries/Core/04_join_scale/join_6mx200k.sql,measured,1,4,5,2,0.093,3998.182,4,2,11997996,24795992,11915546,99183968,0,0,lineitem;part,1051,232062,0,0,31791,31791,0
2026-07-27T11:39:33Z,F346E7F692C196A7,14.23,queries/Core/04_join_scale/join_6mx200k.sql,measured,1,5,5,2,0.077,3878.675,4,2,11997996,24795992,11915546,99183968,0,0,lineitem;part,1115,231998,0,0,31791,31791,0
2026-07-27T11:39:53Z,F346E7F692C196A7,14.23,queries/Core/04_join_scale/join_6mx200k.sql,measured,2,1,5,2,0.386,3983.239,4,2,11997996,24795992,11915546,99183968,0,0,lineitem;part,1179,231934,0,0,31791,31791,0
2026-07-27T11:39:53Z,F346E7F692C196A7,14.23,queries/Core/04_join_scale/join_6mx200k.sql,measured,2,2,5,2,0.074,3835.620,4,2,11997996,24795992,11915546,99183968,0,0,lineitem;part,1243,231870,0,0,31791,31791,0
2026-07-27T11:39:53Z,F346E7F692C196A7,14.23,queries/Core/04_join_scale/join_6mx200k.sql,measured,2,3,5,2,0.059,3955.515,4,2,11997996,24795992,11915546,99183968,0,0,lineitem;part,1307,231806,0,0,31791,31791,0
2026-07-27T11:39:53Z,F346E7F692C196A7,14.23,queries/Core/04_join_scale/join_6mx200k.sql,measured,2,4,5,2,0.058,3868.350,4,2,11997996,24795992,11915546,99183968,0,0,lineitem;part,1371,231742,0,0,31791,31791,0
2026-07-27T11:39:53Z,F346E7F692C196A7,14.23,queries/Core/04_join_scale/join_6mx200k.sql,measured,2,5,5,2,0.058,3851.299,4,2,11997996,24795992,11915546,99183968,0,0,lineitem;part,1435,231678,0,0,31791,31791,0
2026-07-27T11:39:53Z,F346E7F692C196A7,14.23,queries/Core/04_join_scale/join_800kx200k.sql,warmup,1,1,1,2,0.315,626.128,4,2,1600000,4000000,1600215,16000000,0,0,partsupp;part,384,42695,0,0,5136,5136,0
2026-07-27T11:39:54Z,F346E7F692C196A7,14.23,queries/Core/04_join_scale/join_800kx200k.sql,warmup,2,1,1,2,0.299,651.725,4,2,1600000,4000000,1600215,16000000,0,0,partsupp;part,448,42631,0,0,5136,5136,0
2026-07-27T11:39:57Z,F346E7F692C196A7,14.23,queries/Core/04_join_scale/join_800kx200k.sql,measured,1,1,5,2,0.412,617.690,4,2,1600000,4000000,1600215,16000000,0,0,partsupp;part,512,42567,0,0,5136,5136,0
2026-07-27T11:39:57Z,F346E7F692C196A7,14.23,queries/Core/04_join_scale/join_800kx200k.sql,measured,1,2,5,2,0.052,594.605,4,2,1600000,4000000,1600215,16000000,0,0,partsupp;part,576,42503,0,0,5136,5136,0
2026-07-27T11:39:57Z,F346E7F692C196A7,14.23,queries/Core/04_join_scale/join_800kx200k.sql,measured,1,3,5,2,0.053,589.881,4,2,1600000,4000000,1600215,16000000,0,0,partsupp;part,640,42439,0,0,5136,5136,0
2026-07-27T11:39:57Z,F346E7F692C196A7,14.23,queries/Core/04_join_scale/join_800kx200k.sql,measured,1,4,5,2,0.053,647.097,4,2,1600000,4000000,1600215,16000000,0,0,partsupp;part,704,42375,0,0,5136,5136,0
2026-07-27T11:39:57Z,F346E7F692C196A7,14.23,queries/Core/04_join_scale/join_800kx200k.sql,measured,1,5,5,2,0.051,593.381,4,2,1600000,4000000,1600215,16000000,0,0,partsupp;part,768,42311,0,0,5136,5136,0
2026-07-27T11:40:00Z,F346E7F692C196A7,14.23,queries/Core/04_join_scale/join_800kx200k.sql,measured,2,1,5,2,0.320,617.091,4,2,1600000,4000000,1600215,16000000,0,0,partsupp;part,832,42247,0,0,5136,5136,0
2026-07-27T11:40:00Z,F346E7F692C196A7,14.23,queries/Core/04_join_scale/join_800kx200k.sql,measured,2,2,5,2,0.052,594.883,4,2,1600000,4000000,1600215,16000000,0,0,partsupp;part,896,42183,0,0,5136,5136,0
2026-07-27T11:40:00Z,F346E7F692C196A7,14.23,queries/Core/04_join_scale/join_800kx200k.sql,measured,2,3,5,2,0.053,597.584,4,2,1600000,4000000,1600215,16000000,0,0,partsupp;part,960,42119,0,0,5136,5136,0
2026-07-27T11:40:00Z,F346E7F692C196A7,14.23,queries/Core/04_join_scale/join_800kx200k.sql,measured,2,4,5,2,0.050,589.006,4,2,1600000,4000000,1600215,16000000,0,0,partsupp;part,1024,42055,0,0,5136,5136,0
2026-07-27T11:40:00Z,F346E7F692C196A7,14.23,queries/Core/04_join_scale/join_800kx200k.sql,measured,2,5,5,2,0.076,593.447,4,2,1600000,4000000,1600215,16000000,0,0,partsupp;part,1088,41991,0,0,5136,5136,0
2026-07-27T11:40:01Z,F346E7F692C196A7,14.23,queries/Core/05_join_type/anti_not_exists.sql,warmup,1,1,1,2,0.461,467.636,5,2,0,3600000,1,14400000,0,2,orders;customer,13421,46129,0,0,9461,9500,0
2026-07-27T11:40:02Z,F346E7F692C196A7,14.23,queries/Core/05_join_type/anti_not_exists.sql,warmup,2,1,1,2,0.432,514.329,5,2,0,3600000,1,14400000,0,2,orders;customer,13430,46120,0,0,9463,9492,0
2026-07-27T11:40:04Z,F346E7F692C196A7,14.23,queries/Core/05_join_type/anti_not_exists.sql,measured,1,1,5,2,0.441,463.889,5,2,0,3600000,1,14400000,0,2,orders;customer,13622,45928,0,0,9459,9492,0
2026-07-27T11:40:04Z,F346E7F692C196A7,14.23,queries/Core/05_join_type/anti_not_exists.sql,measured,1,2,5,2,0.078,458.383,5,2,0,3600000,1,14400000,0,2,orders;customer,13814,45736,0,0,9461,9488,0
2026-07-27T11:40:04Z,F346E7F692C196A7,14.23,queries/Core/05_join_type/anti_not_exists.sql,measured,1,3,5,2,0.074,462.124,5,2,0,3600000,1,14400000,0,2,orders;customer,14006,45544,0,0,9463,9492,0
2026-07-27T11:40:04Z,F346E7F692C196A7,14.23,queries/Core/05_join_type/anti_not_exists.sql,measured,1,4,5,2,0.074,459.264,5,2,0,3600000,1,14400000,0,2,orders;customer,14198,45352,0,0,9461,9492,0
2026-07-27T11:40:04Z,F346E7F692C196A7,14.23,queries/Core/05_join_type/anti_not_exists.sql,measured,1,5,5,2,0.074,463.328,5,2,0,3600000,1,14400000,0,2,orders;customer,14390,45160,0,0,9461,9488,0
2026-07-27T11:40:06Z,F346E7F692C196A7,14.23,queries/Core/05_join_type/anti_not_exists.sql,measured,2,1,5,2,0.431,470.339,5,2,0,3600000,1,14400000,0,2,orders;customer,14582,44968,0,0,9462,9496,0
2026-07-27T11:40:06Z,F346E7F692C196A7,14.23,queries/Core/05_join_type/anti_not_exists.sql,measured,2,2,5,2,0.078,458.756,5,2,0,3600000,1,14400000,0,2,orders;customer,14774,44776,0,0,9463,9492,0
2026-07-27T11:40:06Z,F346E7F692C196A7,14.23,queries/Core/05_join_type/anti_not_exists.sql,measured,2,3,5,2,0.090,459.082,5,2,0,3600000,1,14400000,0,2,orders;customer,14966,44584,0,0,9463,9488,0
2026-07-27T11:40:06Z,F346E7F692C196A7,14.23,queries/Core/05_join_type/anti_not_exists.sql,measured,2,4,5,2,0.076,457.559,5,2,0,3600000,1,14400000,0,2,orders;customer,15158,44392,0,0,9461,9492,0
2026-07-27T11:40:06Z,F346E7F692C196A7,14.23,queries/Core/05_join_type/anti_not_exists.sql,measured,2,5,5,2,0.081,457.022,5,2,0,3600000,1,14400000,0,2,orders;customer,15350,44200,0,0,9462,9496,0
2026-07-27T11:40:08Z,F346E7F692C196A7,14.23,queries/Core/05_join_type/cross_join.sql,warmup,1,1,1,2,0.290,1273.544,4,2,15000000,33000005,15000375,60000000,0,0,orders;region,14197,37991,0,0,0,0,0
2026-07-27T11:40:09Z,F346E7F692C196A7,14.23,queries/Core/05_join_type/cross_join.sql,warmup,2,1,1,2,0.192,1255.680,4,2,15000000,33000005,15000375,60000000,0,0,orders;region,14229,37959,0,0,0,0,0
2026-07-27T11:40:15Z,F346E7F692C196A7,14.23,queries/Core/05_join_type/cross_join.sql,measured,1,1,5,2,0.199,1264.221,4,2,15000000,33000005,15000375,60000000,0,0,orders;region,14261,37927,0,0,0,0,0
2026-07-27T11:40:15Z,F346E7F692C196A7,14.23,queries/Core/05_join_type/cross_join.sql,measured,1,2,5,2,0.042,1236.269,4,2,15000000,33000005,15000375,60000000,0,0,orders;region,14293,37895,0,0,0,0,0
2026-07-27T11:40:15Z,F346E7F692C196A7,14.23,queries/Core/05_join_type/cross_join.sql,measured,1,3,5,2,0.041,1245.233,4,2,15000000,33000005,15000375,60000000,0,0,orders;region,14325,37863,0,0,0,0,0
2026-07-27T11:40:15Z,F346E7F692C196A7,14.23,queries/Core/05_join_type/cross_join.sql,measured,1,4,5,2,0.040,1233.019,4,2,15000000,33000005,15000375,60000000,0,0,orders;region,14357,37831,0,0,0,0,0
2026-07-27T11:40:15Z,F346E7F692C196A7,14.23,queries/Core/05_join_type/cross_join.sql,measured,1,5,5,2,0.041,1232.950,4,2,15000000,33000005,15000375,60000000,0,0,orders;region,14389,37799,0,0,0,0,0
2026-07-27T11:40:22Z,F346E7F692C196A7,14.23,queries/Core/05_join_type/cross_join.sql,measured,2,1,5,2,0.193,1393.567,4,2,15000000,33000005,15000375,60000000,0,0,orders;region,14421,37767,0,0,0,0,0
2026-07-27T11:40:22Z,F346E7F692C196A7,14.23,queries/Core/05_join_type/cross_join.sql,measured,2,2,5,2,0.060,1359.553,4,2,15000000,33000005,15000375,60000000,0,0,orders;region,14453,37735,0,0,0,0,0
2026-07-27T11:40:22Z,F346E7F692C196A7,14.23,queries/Core/05_join_type/cross_join.sql,measured,2,3,5,2,0.043,1275.684,4,2,15000000,33000005,15000375,60000000,0,0,orders;region,14485,37703,0,0,0,0,0
2026-07-27T11:40:22Z,F346E7F692C196A7,14.23,queries/Core/05_join_type/cross_join.sql,measured,2,4,5,2,0.041,1314.302,4,2,15000000,33000005,15000375,60000000,0,0,orders;region,14517,37671,0,0,0,0,0
2026-07-27T11:40:22Z,F346E7F692C196A7,14.23,queries/Core/05_join_type/cross_join.sql,measured,2,5,5,2,0.043,1258.835,4,2,15000000,33000005,15000375,60000000,0,0,orders;region,14549,37639,0,0,0,0,0
2026-07-27T11:40:23Z,F346E7F692C196A7,14.23,queries/Core/05_join_type/full_outer.sql,warmup,1,1,1,2,0.421,1317.549,4,2,3100002,6700002,3000075,26800008,0,0,orders;customer,15732,43624,0,0,7241,7241,0
2026-07-27T11:40:25Z,F346E7F692C196A7,14.23,queries/Core/05_join_type/full_outer.sql,warmup,2,1,1,2,0.451,1349.240,4,2,3100002,6700002,3000075,26800008,0,0,orders;customer,15796,43560,0,0,7241,7241,0
2026-07-27T11:40:32Z,F346E7F692C196A7,14.23,queries/Core/05_join_type/full_outer.sql,measured,1,1,5,2,0.461,1468.871,4,2,3100002,6700002,3000075,26800008,0,0,orders;customer,15860,43496,0,0,7241,7241,0
2026-07-27T11:40:32Z,F346E7F692C196A7,14.23,queries/Core/05_join_type/full_outer.sql,measured,1,2,5,2,0.072,1317.977,4,2,3100002,6700002,3000075,26800008,0,0,orders;customer,15924,43432,0,0,7241,7241,0
2026-07-27T11:40:32Z,F346E7F692C196A7,14.23,queries/Core/05_join_type/full_outer.sql,measured,1,3,5,2,0.068,1287.190,4,2,3100002,6700002,3000075,26800008,0,0,orders;customer,15988,43368,0,0,7241,7241,0
2026-07-27T11:40:32Z,F346E7F692C196A7,14.23,queries/Core/05_join_type/full_outer.sql,measured,1,4,5,2,0.086,1303.066,4,2,3100002,6700002,3000075,26800008,0,0,orders;customer,16052,43304,0,0,7241,7241,0
2026-07-27T11:40:32Z,F346E7F692C196A7,14.23,queries/Core/05_join_type/full_outer.sql,measured,1,5,5,2,0.070,1273.146,4,2,3100002,6700002,3000075,26800008,0,0,orders;customer,16103,43253,0,0,7241,7241,0
2026-07-27T11:40:38Z,F346E7F692C196A7,14.23,queries/Core/05_join_type/full_outer.sql,measured,2,1,5,2,0.430,1333.882,4,2,3100002,6700002,3000075,26800008,0,0,orders;customer,16132,43224,0,0,7241,7241,0
2026-07-27T11:40:38Z,F346E7F692C196A7,14.23,queries/Core/05_join_type/full_outer.sql,measured,2,2,5,2,0.066,1303.522,4,2,3100002,6700002,3000075,26800008,0,0,orders;customer,16155,43201,0,0,7241,7241,0
2026-07-27T11:40:38Z,F346E7F692C196A7,14.23,queries/Core/05_join_type/full_outer.sql,measured,2,3,5,2,0.067,1282.499,4,2,3100002,6700002,3000075,26800008,0,0,orders;customer,16175,43181,0,0,7241,7241,0
2026-07-27T11:40:38Z,F346E7F692C196A7,14.23,queries/Core/05_join_type/full_outer.sql,measured,2,4,5,2,0.068,1348.100,4,2,3100002,6700002,3000075,26800008,0,0,orders;customer,16160,43196,0,0,7241,7241,0
2026-07-27T11:40:38Z,F346E7F692C196A7,14.23,queries/Core/05_join_type/full_outer.sql,measured,2,5,5,2,0.068,1302.734,4,2,3100002,6700002,3000075,26800008,0,0,orders;customer,16194,43162,0,0,7241,7241,0
2026-07-27T11:40:40Z,F346E7F692C196A7,14.23,queries/Core/05_join_type/inner.sql,warmup,1,1,1,2,0.476,1148.437,4,2,3000000,6600000,3000075,26400000,0,0,orders;customer,16208,43148,0,0,7241,7241,0
2026-07-27T11:40:41Z,F346E7F692C196A7,14.23,queries/Core/05_join_type/inner.sql,warmup,2,1,1,2,0.454,1161.595,4,2,3000000,6600000,3000075,26400000,0,0,orders;customer,16210,43146,0,0,7241,7241,0
2026-07-27T11:40:46Z,F346E7F692C196A7,14.23,queries/Core/05_join_type/inner.sql,measured,1,1,5,2,0.444,1107.670,4,2,3000000,6600000,3000075,26400000,0,0,orders;customer,16211,43145,0,0,7241,7241,0
2026-07-27T11:40:46Z,F346E7F692C196A7,14.23,queries/Core/05_join_type/inner.sql,measured,1,2,5,2,0.076,1078.613,4,2,3000000,6600000,3000075,26400000,0,0,orders;customer,16243,43113,0,0,7241,7241,0
2026-07-27T11:40:46Z,F346E7F692C196A7,14.23,queries/Core/05_join_type/inner.sql,measured,1,3,5,2,0.075,1083.690,4,2,3000000,6600000,3000075,26400000,0,0,orders;customer,16272,43084,0,0,7241,7241,0
2026-07-27T11:40:46Z,F346E7F692C196A7,14.23,queries/Core/05_join_type/inner.sql,measured,1,4,5,2,0.076,1073.508,4,2,3000000,6600000,3000075,26400000,0,0,orders;customer,16240,43116,0,0,7241,7241,0
2026-07-27T11:40:46Z,F346E7F692C196A7,14.23,queries/Core/05_join_type/inner.sql,measured,1,5,5,2,0.075,1134.370,4,2,3000000,6600000,3000075,26400000,0,0,orders;customer,16249,43107,0,0,7241,7241,0
2026-07-27T11:40:52Z,F346E7F692C196A7,14.23,queries/Core/05_join_type/inner.sql,measured,2,1,5,2,0.682,1093.942,4,2,3000000,6600000,3000075,26400000,0,0,orders;customer,16208,43148,0,0,7241,7241,0
2026-07-27T11:40:52Z,F346E7F692C196A7,14.23,queries/Core/05_join_type/inner.sql,measured,2,2,5,2,0.077,1064.905,4,2,3000000,6600000,3000075,26400000,0,0,orders;customer,16212,43144,0,0,7241,7241,0
2026-07-27T11:40:52Z,F346E7F692C196A7,14.23,queries/Core/05_join_type/inner.sql,measured,2,3,5,2,0.075,1074.050,4,2,3000000,6600000,3000075,26400000,0,0,orders;customer,16259,43097,0,0,7241,7241,0
2026-07-27T11:40:52Z,F346E7F692C196A7,14.23,queries/Core/05_join_type/inner.sql,measured,2,4,5,2,0.092,1079.188,4,2,3000000,6600000,3000075,26400000,0,0,orders;customer,16296,43060,0,0,7241,7241,0
2026-07-27T11:40:52Z,F346E7F692C196A7,14.23,queries/Core/05_join_type/inner.sql,measured,2,5,5,2,0.076,1136.772,4,2,3000000,6600000,3000075,26400000,0,0,orders;customer,16305,43051,0,0,7241,7241,0
2026-07-27T11:40:53Z,F346E7F692C196A7,14.23,queries/Core/05_join_type/join_on_text_cast.sql,warmup,1,1,1,2,2.816,949.757,5,2,3000000,9600000,4500112500,38400000,0,2,orders;customer,16240,43280,0,0,9458,9500,0
2026-07-27T11:40:54Z,F346E7F692C196A7,14.23,queries/Core/05_join_type/join_on_text_cast.sql,warmup,2,1,1,2,0.477,954.824,5,2,3000000,9600000,4500112500,38400000,0,2,orders;customer,16241,43279,0,0,9461,9480,0
2026-07-27T11:40:59Z,F346E7F692C196A7,14.23,queries/Core/05_join_type/join_on_text_cast.sql,measured,1,1,5,2,0.397,957.177,5,2,3000000,9600000,4500112500,38400000,0,2,orders;customer,16241,43279,0,0,9460,9484,0
2026-07-27T11:40:59Z,F346E7F692C196A7,14.23,queries/Core/05_join_type/join_on_text_cast.sql,measured,1,2,5,2,0.065,912.083,5,2,3000000,9600000,4500112500,38400000,0,2,orders;customer,16277,43243,0,0,9462,9496,0
2026-07-27T11:40:59Z,F346E7F692C196A7,14.23,queries/Core/05_join_type/join_on_text_cast.sql,measured,1,3,5,2,0.064,908.616,5,2,3000000,9600000,4500112500,38400000,0,2,orders;customer,16316,43204,0,0,9459,9496,0
2026-07-27T11:40:59Z,F346E7F692C196A7,14.23,queries/Core/05_join_type/join_on_text_cast.sql,measured,1,4,5,2,0.065,905.142,5,2,3000000,9600000,4500112500,38400000,0,2,orders;customer,16312,43208,0,0,9461,9500,0
2026-07-27T11:40:59Z,F346E7F692C196A7,14.23,queries/Core/05_join_type/join_on_text_cast.sql,measured,1,5,5,2,0.084,903.510,5,2,3000000,9600000,4500112500,38400000,0,2,orders;customer,16309,43211,0,0,9460,9484,0
2026-07-27T11:41:03Z,F346E7F692C196A7,14.23,queries/Core/05_join_type/join_on_text_cast.sql,measured,2,1,5,2,0.691,964.820,5,2,3000000,9600000,4500112500,38400000,0,2,orders;customer,16236,43284,0,0,9460,9504,0
2026-07-27T11:41:03Z,F346E7F692C196A7,14.23,queries/Core/05_join_type/join_on_text_cast.sql,measured,2,2,5,2,0.065,913.318,5,2,3000000,9600000,4500112500,38400000,0,2,orders;customer,16274,43246,0,0,9461,9496,0
2026-07-27T11:41:03Z,F346E7F692C196A7,14.23,queries/Core/05_join_type/join_on_text_cast.sql,measured,2,3,5,2,0.065,988.443,5,2,3000000,9600000,4500112500,38400000,0,2,orders;customer,16322,43198,0,0,9459,9492,0
2026-07-27T11:41:03Z,F346E7F692C196A7,14.23,queries/Core/05_join_type/join_on_text_cast.sql,measured,2,4,5,2,0.065,920.525,5,2,3000000,9600000,4500112500,38400000,0,2,orders;customer,16326,43194,0,0,9459,9488,0
2026-07-27T11:41:03Z,F346E7F692C196A7,14.23,queries/Core/05_join_type/join_on_text_cast.sql,measured,2,5,5,2,0.066,912.783,5,2,3000000,9600000,4500112500,38400000,0,2,orders;customer,16334,43186,0,0,9461,9492,0
2026-07-27T11:41:05Z,F346E7F692C196A7,14.23,queries/Core/05_join_type/left_outer.sql,warmup,1,1,1,2,0.709,1114.316,4,2,3000000,6600000,3000075,26400000,0,0,orders;customer,16208,43148,0,0,7241,7241,0
2026-07-27T11:41:06Z,F346E7F692C196A7,14.23,queries/Core/05_join_type/left_outer.sql,warmup,2,1,1,2,0.421,1166.590,4,2,3000000,6600000,3000075,26400000,0,0,orders;customer,16208,43148,0,0,7241,7241,0
2026-07-27T11:41:11Z,F346E7F692C196A7,14.23,queries/Core/05_join_type/left_outer.sql,measured,1,1,5,2,0.407,1114.197,4,2,3000000,6600000,3000075,26400000,0,0,orders;customer,16208,43148,0,0,7241,7241,0
2026-07-27T11:41:11Z,F346E7F692C196A7,14.23,queries/Core/05_join_type/left_outer.sql,measured,1,2,5,2,0.086,1073.285,4,2,3000000,6600000,3000075,26400000,0,0,orders;customer,16208,43148,0,0,7241,7241,0
2026-07-27T11:41:11Z,F346E7F692C196A7,14.23,queries/Core/05_join_type/left_outer.sql,measured,1,3,5,2,0.070,1088.409,4,2,3000000,6600000,3000075,26400000,0,0,orders;customer,16227,43129,0,0,7241,7241,0
2026-07-27T11:41:11Z,F346E7F692C196A7,14.23,queries/Core/05_join_type/left_outer.sql,measured,1,4,5,2,0.069,1073.201,4,2,3000000,6600000,3000075,26400000,0,0,orders;customer,16245,43111,0,0,7241,7241,0
2026-07-27T11:41:11Z,F346E7F692C196A7,14.23,queries/Core/05_join_type/left_outer.sql,measured,1,5,5,2,0.069,1164.890,4,2,3000000,6600000,3000075,26400000,0,0,orders;customer,16245,43111,0,0,7241,7241,0
2026-07-27T11:41:17Z,F346E7F692C196A7,14.23,queries/Core/05_join_type/left_outer.sql,measured,2,1,5,2,1.038,1117.298,4,2,3000000,6600000,3000075,26400000,0,0,orders;customer,16226,43130,0,0,7241,7241,0
2026-07-27T11:41:17Z,F346E7F692C196A7,14.23,queries/Core/05_join_type/left_outer.sql,measured,2,2,5,2,0.084,1077.093,4,2,3000000,6600000,3000075,26400000,0,0,orders;customer,16194,43162,0,0,7241,7241,0
2026-07-27T11:41:17Z,F346E7F692C196A7,14.23,queries/Core/05_join_type/left_outer.sql,measured,2,3,5,2,0.068,1080.648,4,2,3000000,6600000,3000075,26400000,0,0,orders;customer,16241,43115,0,0,7241,7241,0
2026-07-27T11:41:17Z,F346E7F692C196A7,14.23,queries/Core/05_join_type/left_outer.sql,measured,2,4,5,2,0.067,1138.082,4,2,3000000,6600000,3000075,26400000,0,0,orders;customer,16270,43086,0,0,7241,7241,0
2026-07-27T11:41:17Z,F346E7F692C196A7,14.23,queries/Core/05_join_type/left_outer.sql,measured,2,5,5,2,0.070,1104.626,4,2,3000000,6600000,3000075,26400000,0,0,orders;customer,16286,43070,0,0,7241,7241,0
2026-07-27T11:41:18Z,F346E7F692C196A7,14.23,queries/Core/05_join_type/right_outer.sql,warmup,1,1,1,2,0.613,1120.433,4,2,3100002,6700002,3000075,26800008,0,0,orders;customer,16211,43145,0,0,7241,7241,0
2026-07-27T11:41:19Z,F346E7F692C196A7,14.23,queries/Core/05_join_type/right_outer.sql,warmup,2,1,1,2,0.424,1126.706,4,2,3100002,6700002,3000075,26800008,0,0,orders;customer,16192,43164,0,0,7241,7241,0
2026-07-27T11:41:25Z,F346E7F692C196A7,14.23,queries/Core/05_join_type/right_outer.sql,measured,1,1,5,2,0.421,1135.534,4,2,3100002,6700002,3000075,26800008,0,0,orders;customer,16194,43162,0,0,7241,7241,0
2026-07-27T11:41:25Z,F346E7F692C196A7,14.23,queries/Core/05_join_type/right_outer.sql,measured,1,2,5,2,0.075,1179.057,4,2,3100002,6700002,3000075,26800008,0,0,orders;customer,16208,43148,0,0,7241,7241,0
2026-07-27T11:41:25Z,F346E7F692C196A7,14.23,queries/Core/05_join_type/right_outer.sql,measured,1,3,5,2,0.075,1098.977,4,2,3100002,6700002,3000075,26800008,0,0,orders;customer,16256,43100,0,0,7241,7241,0
2026-07-27T11:41:25Z,F346E7F692C196A7,14.23,queries/Core/05_join_type/right_outer.sql,measured,1,4,5,2,0.093,1090.202,4,2,3100002,6700002,3000075,26800008,0,0,orders;customer,16259,43097,0,0,7241,7241,0
2026-07-27T11:41:25Z,F346E7F692C196A7,14.23,queries/Core/05_join_type/right_outer.sql,measured,1,5,5,2,0.092,1087.050,4,2,3100002,6700002,3000075,26800008,0,0,orders;customer,16273,43083,0,0,7241,7241,0
2026-07-27T11:41:31Z,F346E7F692C196A7,14.23,queries/Core/05_join_type/right_outer.sql,measured,2,1,5,2,0.628,1199.706,4,2,3100002,6700002,3000075,26800008,0,0,orders;customer,16226,43130,0,0,7241,7241,0
2026-07-27T11:41:31Z,F346E7F692C196A7,14.23,queries/Core/05_join_type/right_outer.sql,measured,2,2,5,2,0.076,1091.992,4,2,3100002,6700002,3000075,26800008,0,0,orders;customer,16227,43129,0,0,7241,7241,0
2026-07-27T11:41:31Z,F346E7F692C196A7,14.23,queries/Core/05_join_type/right_outer.sql,measured,2,3,5,2,0.096,1093.539,4,2,3100002,6700002,3000075,26800008,0,0,orders;customer,16276,43080,0,0,7241,7241,0
2026-07-27T11:41:31Z,F346E7F692C196A7,14.23,queries/Core/05_join_type/right_outer.sql,measured,2,4,5,2,0.075,1090.489,4,2,3100002,6700002,3000075,26800008,0,0,orders;customer,16290,43066,0,0,7241,7241,0
2026-07-27T11:41:31Z,F346E7F692C196A7,14.23,queries/Core/05_join_type/right_outer.sql,measured,2,5,5,2,0.077,1098.270,4,2,3100002,6700002,3000075,26800008,0,0,orders;customer,16300,43056,0,0,7241,7241,0
2026-07-27T11:41:32Z,F346E7F692C196A7,14.23,queries/Core/05_join_type/self_join.sql,warmup,1,1,1,2,0.523,1681.831,4,2,3000000,12000000,3000075,48000000,0,0,orders,29836,74538,0,0,17364,17364,0
2026-07-27T11:41:34Z,F346E7F692C196A7,14.23,queries/Core/05_join_type/self_join.sql,warmup,2,1,1,2,0.352,1693.558,4,2,3000000,12000000,3000075,48000000,0,0,orders,29964,74410,0,0,17364,17364,0
2026-07-27T11:41:43Z,F346E7F692C196A7,14.23,queries/Core/05_join_type/self_join.sql,measured,1,1,5,2,0.323,1677.907,4,2,3000000,12000000,3000075,48000000,0,0,orders,30092,74282,0,0,17364,17364,0
2026-07-27T11:41:43Z,F346E7F692C196A7,14.23,queries/Core/05_join_type/self_join.sql,measured,1,2,5,2,0.058,1659.155,4,2,3000000,12000000,3000075,48000000,0,0,orders,30220,74154,0,0,17364,17364,0
2026-07-27T11:41:43Z,F346E7F692C196A7,14.23,queries/Core/05_join_type/self_join.sql,measured,1,3,5,2,0.058,1648.970,4,2,3000000,12000000,3000075,48000000,0,0,orders,30348,74026,0,0,17364,17364,0
2026-07-27T11:41:43Z,F346E7F692C196A7,14.23,queries/Core/05_join_type/self_join.sql,measured,1,4,5,2,0.059,1710.939,4,2,3000000,12000000,3000075,48000000,0,0,orders,30476,73898,0,0,17364,17364,0
2026-07-27T11:41:43Z,F346E7F692C196A7,14.23,queries/Core/05_join_type/self_join.sql,measured,1,5,5,2,0.074,1651.509,4,2,3000000,12000000,3000075,48000000,0,0,orders,30604,73770,0,0,17364,17364,0
2026-07-27T11:41:51Z,F346E7F692C196A7,14.23,queries/Core/05_join_type/self_join.sql,measured,2,1,5,2,0.344,1676.721,4,2,3000000,12000000,3000075,48000000,0,0,orders,30732,73642,0,0,17364,17364,0
2026-07-27T11:41:51Z,F346E7F692C196A7,14.23,queries/Core/05_join_type/self_join.sql,measured,2,2,5,2,0.059,1706.192,4,2,3000000,12000000,3000075,48000000,0,0,orders,30860,73514,0,0,17364,17364,0
2026-07-27T11:41:51Z,F346E7F692C196A7,14.23,queries/Core/05_join_type/self_join.sql,measured,2,3,5,2,0.059,1649.354,4,2,3000000,12000000,3000075,48000000,0,0,orders,30988,73386,0,0,17364,17364,0
2026-07-27T11:41:51Z,F346E7F692C196A7,14.23,queries/Core/05_join_type/self_join.sql,measured,2,4,5,2,0.070,1638.526,4,2,3000000,12000000,3000075,48000000,0,0,orders,31116,73258,0,0,17364,17364,0
2026-07-27T11:41:51Z,F346E7F692C196A7,14.23,queries/Core/05_join_type/self_join.sql,measured,2,5,5,2,0.077,1697.645,4,2,3000000,12000000,3000075,48000000,0,0,orders,31244,73130,0,0,17364,17364,0
2026-07-27T11:41:52Z,F346E7F692C196A7,14.23,queries/Core/05_join_type/semi_exists.sql,warmup,1,1,1,2,0.437,1071.059,4,2,3000000,6600000,3000075,26400000,0,0,orders;customer,16162,43194,0,0,7241,7241,0
2026-07-27T11:41:53Z,F346E7F692C196A7,14.23,queries/Core/05_join_type/semi_exists.sql,warmup,2,1,1,2,0.427,1067.404,4,2,3000000,6600000,3000075,26400000,0,0,orders;customer,16190,43166,0,0,7241,7241,0
2026-07-27T11:41:59Z,F346E7F692C196A7,14.23,queries/Core/05_join_type/semi_exists.sql,measured,1,1,5,2,0.432,1056.537,4,2,3000000,6600000,3000075,26400000,0,0,orders;customer,16194,43162,0,0,7241,7241,0
2026-07-27T11:41:59Z,F346E7F692C196A7,14.23,queries/Core/05_join_type/semi_exists.sql,measured,1,2,5,2,0.101,1026.572,4,2,3000000,6600000,3000075,26400000,0,0,orders;customer,16199,43157,0,0,7241,7241,0
2026-07-27T11:41:59Z,F346E7F692C196A7,14.23,queries/Core/05_join_type/semi_exists.sql,measured,1,3,5,2,0.085,1107.253,4,2,3000000,6600000,3000075,26400000,0,0,orders;customer,16225,43131,0,0,7241,7241,0
2026-07-27T11:41:59Z,F346E7F692C196A7,14.23,queries/Core/05_join_type/semi_exists.sql,measured,1,4,5,2,0.085,1030.304,4,2,3000000,6600000,3000075,26400000,0,0,orders;customer,16221,43135,0,0,7241,7241,0
2026-07-27T11:41:59Z,F346E7F692C196A7,14.23,queries/Core/05_join_type/semi_exists.sql,measured,1,5,5,2,0.084,1032.026,4,2,3000000,6600000,3000075,26400000,0,0,orders;customer,16221,43135,0,0,7241,7241,0
2026-07-27T11:42:04Z,F346E7F692C196A7,14.23,queries/Core/05_join_type/semi_exists.sql,measured,2,1,5,2,0.435,1059.896,4,2,3000000,6600000,3000075,26400000,0,0,orders;customer,16218,43138,0,0,7241,7241,0
2026-07-27T11:42:04Z,F346E7F692C196A7,14.23,queries/Core/05_join_type/semi_exists.sql,measured,2,2,5,2,0.083,1079.279,4,2,3000000,6600000,3000075,26400000,0,0,orders;customer,16250,43106,0,0,7241,7241,0
2026-07-27T11:42:04Z,F346E7F692C196A7,14.23,queries/Core/05_join_type/semi_exists.sql,measured,2,3,5,2,0.090,1050.573,4,2,3000000,6600000,3000075,26400000,0,0,orders;customer,16275,43081,0,0,7241,7241,0
2026-07-27T11:42:04Z,F346E7F692C196A7,14.23,queries/Core/05_join_type/semi_exists.sql,measured,2,4,5,2,0.085,1025.946,4,2,3000000,6600000,3000075,26400000,0,0,orders;customer,16283,43073,0,0,7241,7241,0
2026-07-27T11:42:04Z,F346E7F692C196A7,14.23,queries/Core/05_join_type/semi_exists.sql,measured,2,5,5,2,0.090,1033.242,4,2,3000000,6600000,3000075,26400000,0,0,orders;customer,16299,43057,0,0,7241,7241,0
2026-07-27T11:42:08Z,F346E7F692C196A7,14.23,queries/Core/06_join_chain/chain_1_hash.sql,warmup,1,1,1,2,0.595,4052.839,4,2,11997996,29995992,11998031,119983968,0,0,lineitem;orders,16099,55338,0,0,43312,43312,0
2026-07-27T11:42:12Z,F346E7F692C196A7,14.23,queries/Core/06_join_chain/chain_1_hash.sql,warmup,2,1,1,2,3.142,4048.004,4,2,11997996,29995992,11998031,119983968,0,0,lineitem;orders,309,71128,0,0,43312,43312,0
2026-07-27T11:42:32Z,F346E7F692C196A7,14.23,queries/Core/06_join_chain/chain_1_hash.sql,measured,1,1,5,2,0.637,4139.393,4,2,11997996,29995992,11998031,119983968,0,0,lineitem;orders,309,71128,0,0,43312,43312,0
2026-07-27T11:42:32Z,F346E7F692C196A7,14.23,queries/Core/06_join_chain/chain_1_hash.sql,measured,1,2,5,2,0.078,3811.130,4,2,11997996,29995992,11998031,119983968,0,0,lineitem;orders,309,71128,0,0,43312,43312,0
2026-07-27T11:42:32Z,F346E7F692C196A7,14.23,queries/Core/06_join_chain/chain_1_hash.sql,measured,1,3,5,2,0.075,3926.044,4,2,11997996,29995992,11998031,119983968,0,0,lineitem;orders,309,71128,0,0,43312,43312,0
2026-07-27T11:42:32Z,F346E7F692C196A7,14.23,queries/Core/06_join_chain/chain_1_hash.sql,measured,1,4,5,2,0.074,3939.721,4,2,11997996,29995992,11998031,119983968,0,0,lineitem;orders,309,71128,0,0,43312,43312,0
2026-07-27T11:42:32Z,F346E7F692C196A7,14.23,queries/Core/06_join_chain/chain_1_hash.sql,measured,1,5,5,2,0.075,3895.638,4,2,11997996,29995992,11998031,119983968,0,0,lineitem;orders,309,71128,0,0,43312,43312,0
2026-07-27T11:42:52Z,F346E7F692C196A7,14.23,queries/Core/06_join_chain/chain_1_hash.sql,measured,2,1,5,2,0.617,3953.732,4,2,11997996,29995992,11998031,119983968,0,0,lineitem;orders,309,71128,0,0,43312,43312,0
2026-07-27T11:42:52Z,F346E7F692C196A7,14.23,queries/Core/06_join_chain/chain_1_hash.sql,measured,2,2,5,2,0.083,3785.484,4,2,11997996,29995992,11998031,119983968,0,0,lineitem;orders,309,71128,0,0,43312,43312,0
2026-07-27T11:42:52Z,F346E7F692C196A7,14.23,queries/Core/06_join_chain/chain_1_hash.sql,measured,2,3,5,2,0.074,3863.546,4,2,11997996,29995992,11998031,119983968,0,0,lineitem;orders,309,71128,0,0,43312,43312,0
2026-07-27T11:42:52Z,F346E7F692C196A7,14.23,queries/Core/06_join_chain/chain_1_hash.sql,measured,2,4,5,2,0.074,3861.084,4,2,11997996,29995992,11998031,119983968,0,0,lineitem;orders,309,71128,0,0,43312,43312,0
2026-07-27T11:42:52Z,F346E7F692C196A7,14.23,queries/Core/06_join_chain/chain_1_hash.sql,measured,2,5,5,2,0.093,3855.876,4,2,11997996,29995992,11998031,119983968,0,0,lineitem;orders,309,71128,0,0,43312,43312,0
2026-07-27T11:42:54Z,F346E7F692C196A7,14.23,queries/Core/06_join_chain/chain_1_merge.sql,warmup,1,1,1,2,0.738,2734.917,4,2,11997996,29995992,11998031,119983968,0,0,orders;lineitem,312,71125,0,0,10196,10249,0
2026-07-27T11:42:57Z,F346E7F692C196A7,14.23,queries/Core/06_join_chain/chain_1_merge.sql,warmup,2,1,1,2,0.692,2725.308,4,2,11997996,29995992,11998031,119983968,0,0,orders;lineitem,313,71124,0,0,10196,10249,0
2026-07-27T11:43:11Z,F346E7F692C196A7,14.23,queries/Core/06_join_chain/chain_1_merge.sql,measured,1,1,5,2,0.634,2733.495,4,2,11997996,29995992,11998031,119983968,0,0,orders;lineitem,313,71124,0,0,10196,10249,0
2026-07-27T11:43:11Z,F346E7F692C196A7,14.23,queries/Core/06_join_chain/chain_1_merge.sql,measured,1,2,5,2,0.110,2621.724,4,2,11997996,29995992,11998031,119983968,0,0,orders;lineitem,313,71124,0,0,10196,10249,0
2026-07-27T11:43:11Z,F346E7F692C196A7,14.23,queries/Core/06_join_chain/chain_1_merge.sql,measured,1,3,5,2,0.113,2617.802,4,2,11997996,29995992,11998031,119983968,0,0,orders;lineitem,313,71124,0,0,10196,10249,0
2026-07-27T11:43:11Z,F346E7F692C196A7,14.23,queries/Core/06_join_chain/chain_1_merge.sql,measured,1,4,5,2,0.120,2609.248,4,2,11997996,29995992,11998031,119983968,0,0,orders;lineitem,313,71124,0,0,10196,10249,0
2026-07-27T11:43:11Z,F346E7F692C196A7,14.23,queries/Core/06_join_chain/chain_1_merge.sql,measured,1,5,5,2,0.115,2609.970,4,2,11997996,29995992,11998031,119983968,0,0,orders;lineitem,312,71125,0,0,10196,10249,0
2026-07-27T11:43:24Z,F346E7F692C196A7,14.23,queries/Core/06_join_chain/chain_1_merge.sql,measured,2,1,5,2,0.732,2741.456,4,2,11997996,29995992,11998031,119983968,0,0,orders;lineitem,313,71124,0,0,10196,10249,0
2026-07-27T11:43:24Z,F346E7F692C196A7,14.23,queries/Core/06_join_chain/chain_1_merge.sql,measured,2,2,5,2,0.107,2612.910,4,2,11997996,29995992,11998031,119983968,0,0,orders;lineitem,313,71124,0,0,10196,10249,0
2026-07-27T11:43:24Z,F346E7F692C196A7,14.23,queries/Core/06_join_chain/chain_1_merge.sql,measured,2,3,5,2,0.118,2619.190,4,2,11997996,29995992,11998031,119983968,0,0,orders;lineitem,313,71124,0,0,10196,10249,0
2026-07-27T11:43:24Z,F346E7F692C196A7,14.23,queries/Core/06_join_chain/chain_1_merge.sql,measured,2,4,5,2,0.113,2632.845,4,2,11997996,29995992,11998031,119983968,0,0,orders;lineitem,313,71124,0,0,10196,10249,0
2026-07-27T11:43:24Z,F346E7F692C196A7,14.23,queries/Core/06_join_chain/chain_1_merge.sql,measured,2,5,5,2,0.112,2626.822,4,2,11997996,29995992,11998031,119983968,0,0,orders;lineitem,313,71124,0,0,10196,10249,0
2026-07-27T11:43:26Z,F346E7F692C196A7,14.23,queries/Core/06_join_chain/chain_1_nestloop.sql,warmup,1,1,1,2,0.610,2543.786,4,2,11997996,38995992,11998031,155983968,0,2,orders;lineitem,8981320,71192,0,0,0,0,0
2026-07-27T11:43:29Z,F346E7F692C196A7,14.23,queries/Core/06_join_chain/chain_1_nestloop.sql,warmup,2,1,1,2,0.913,2553.798,4,2,11997996,38995992,11998031,155983968,0,2,orders;lineitem,8981314,71198,0,0,0,0,0
2026-07-27T11:43:42Z,F346E7F692C196A7,14.23,queries/Core/06_join_chain/chain_1_nestloop.sql,measured,1,1,5,2,0.854,2497.457,4,2,11997996,38995992,11998031,155983968,0,2,orders;lineitem,8981318,71194,0,0,0,0,0
2026-07-27T11:43:42Z,F346E7F692C196A7,14.23,queries/Core/06_join_chain/chain_1_nestloop.sql,measured,1,2,5,2,0.084,2433.492,4,2,11997996,38995992,11998031,155983968,0,2,orders;lineitem,8981314,71198,0,0,0,0,0
2026-07-27T11:43:42Z,F346E7F692C196A7,14.23,queries/Core/06_join_chain/chain_1_nestloop.sql,measured,1,3,5,2,0.095,2466.384,4,2,11997996,38995992,11998031,155983968,0,2,orders;lineitem,8981314,71198,0,0,0,0,0
2026-07-27T11:43:42Z,F346E7F692C196A7,14.23,queries/Core/06_join_chain/chain_1_nestloop.sql,measured,1,4,5,2,0.076,2530.687,4,2,11997996,38995992,11998031,155983968,0,2,orders;lineitem,8981311,71201,0,0,0,0,0
2026-07-27T11:43:42Z,F346E7F692C196A7,14.23,queries/Core/06_join_chain/chain_1_nestloop.sql,measured,1,5,5,2,0.076,2558.512,4,2,11997996,38995992,11998031,155983968,0,2,orders;lineitem,8981311,71201,0,0,0,0,0
2026-07-27T11:43:55Z,F346E7F692C196A7,14.23,queries/Core/06_join_chain/chain_1_nestloop.sql,measured,2,1,5,2,0.717,2621.567,4,2,11997996,38995992,11998031,155983968,0,2,orders;lineitem,8981315,71197,0,0,0,0,0
2026-07-27T11:43:55Z,F346E7F692C196A7,14.23,queries/Core/06_join_chain/chain_1_nestloop.sql,measured,2,2,5,2,0.077,2608.773,4,2,11997996,38995992,11998031,155983968,0,2,orders;lineitem,8981316,71196,0,0,0,0,0
2026-07-27T11:43:55Z,F346E7F692C196A7,14.23,queries/Core/06_join_chain/chain_1_nestloop.sql,measured,2,3,5,2,0.093,2623.728,4,2,11997996,38995992,11998031,155983968,0,2,orders;lineitem,8981315,71197,0,0,0,0,0
2026-07-27T11:43:55Z,F346E7F692C196A7,14.23,queries/Core/06_join_chain/chain_1_nestloop.sql,measured,2,4,5,2,0.077,2635.397,4,2,11997996,38995992,11998031,155983968,0,2,orders;lineitem,8981318,71194,0,0,0,0,0
2026-07-27T11:43:55Z,F346E7F692C196A7,14.23,queries/Core/06_join_chain/chain_1_nestloop.sql,measured,2,5,5,2,0.077,2639.480,4,2,11997996,38995992,11998031,155983968,0,2,orders;lineitem,8981311,71201,0,0,0,0,0
2026-07-27T11:44:00Z,F346E7F692C196A7,14.23,queries/Core/06_join_chain/chain_2_hash.sql,warmup,1,1,1,2,0.685,4862.578,7,3,11997996,33595992,11998031,146383968,0,0,lineitem;orders;customer,2085,76521,0,0,51651,51651,0
2026-07-27T11:44:05Z,F346E7F692C196A7,14.23,queries/Core/06_join_chain/chain_2_hash.sql,warmup,2,1,1,2,0.648,4850.736,7,3,11997996,33595992,11998031,146383968,0,0,lineitem;orders;customer,1301,77305,0,0,51651,51651,0
2026-07-27T11:44:29Z,F346E7F692C196A7,14.23,queries/Core/06_join_chain/chain_2_hash.sql,measured,1,1,5,2,0.659,4837.320,7,3,11997996,33595992,11998031,146383968,0,0,lineitem;orders;customer,1023,77583,0,0,51651,51651,0
2026-07-27T11:44:29Z,F346E7F692C196A7,14.23,queries/Core/06_join_chain/chain_2_hash.sql,measured,1,2,5,2,0.105,4736.587,7,3,11997996,33595992,11998031,146383968,0,0,lineitem;orders;customer,310,78296,0,0,51651,51651,0
2026-07-27T11:44:29Z,F346E7F692C196A7,14.23,queries/Core/06_join_chain/chain_2_hash.sql,measured,1,3,5,2,0.104,4743.499,7,3,11997996,33595992,11998031,146383968,0,0,lineitem;orders;customer,309,78297,0,0,51651,51651,0
2026-07-27T11:44:29Z,F346E7F692C196A7,14.23,queries/Core/06_join_chain/chain_2_hash.sql,measured,1,4,5,2,0.108,4741.353,7,3,11997996,33595992,11998031,146383968,0,0,lineitem;orders;customer,309,78297,0,0,51651,51651,0
2026-07-27T11:44:29Z,F346E7F692C196A7,14.23,queries/Core/06_join_chain/chain_2_hash.sql,measured,1,5,5,2,0.105,4744.977,7,3,11997996,33595992,11998031,146383968,0,0,lineitem;orders;customer,309,78297,0,0,51651,51651,0
2026-07-27T11:44:53Z,F346E7F692C196A7,14.23,queries/Core/06_join_chain/chain_2_hash.sql,measured,2,1,5,2,0.935,4835.384,7,3,11997996,33595992,11998031,146383968,0,0,lineitem;orders;customer,309,78297,0,0,51651,51651,0
2026-07-27T11:44:53Z,F346E7F692C196A7,14.23,queries/Core/06_join_chain/chain_2_hash.sql,measured,2,2,5,2,0.106,4723.109,7,3,11997996,33595992,11998031,146383968,0,0,lineitem;orders;customer,309,78297,0,0,51651,51651,0
2026-07-27T11:44:53Z,F346E7F692C196A7,14.23,queries/Core/06_join_chain/chain_2_hash.sql,measured,2,3,5,2,0.110,4750.274,7,3,11997996,33595992,11998031,146383968,0,0,lineitem;orders;customer,309,78297,0,0,51651,51651,0
2026-07-27T11:44:53Z,F346E7F692C196A7,14.23,queries/Core/06_join_chain/chain_2_hash.sql,measured,2,4,5,2,0.124,4742.449,7,3,11997996,33595992,11998031,146383968,0,0,lineitem;orders;customer,309,78297,0,0,51651,51651,0
2026-07-27T11:44:53Z,F346E7F692C196A7,14.23,queries/Core/06_join_chain/chain_2_hash.sql,measured,2,5,5,2,0.105,4742.773,7,3,11997996,33595992,11998031,146383968,0,0,lineitem;orders;customer,309,78297,0,0,51651,51651,0
2026-07-27T11:45:03Z,F346E7F692C196A7,14.23,queries/Core/06_join_chain/chain_2_merge.sql,warmup,1,1,1,2,2.028,10312.589,8,3,11997996,36695994,11998031,158783976,0,0,orders;customer;lineitem,923978,2105035,0,0,10714,10772,0
2026-07-27T11:45:13Z,F346E7F692C196A7,14.23,queries/Core/06_join_chain/chain_2_merge.sql,warmup,2,1,1,2,0.890,10251.661,8,3,11997996,36695994,11998031,158783976,0,0,orders;customer;lineitem,924032,2104981,0,0,10714,10772,0
2026-07-27T11:46:05Z,F346E7F692C196A7,14.23,queries/Core/06_join_chain/chain_2_merge.sql,measured,1,1,5,2,0.910,10308.495,8,3,11997996,36695994,11998031,158783976,0,0,orders;customer;lineitem,924010,2105003,0,0,10714,10772,0
2026-07-27T11:46:05Z,F346E7F692C196A7,14.23,queries/Core/06_join_chain/chain_2_merge.sql,measured,1,2,5,2,0.212,10247.688,8,3,11997996,36695994,11998031,158783976,0,0,orders;customer;lineitem,924063,2104950,0,0,10714,10772,0
2026-07-27T11:46:05Z,F346E7F692C196A7,14.23,queries/Core/06_join_chain/chain_2_merge.sql,measured,1,3,5,2,0.191,10231.053,8,3,11997996,36695994,11998031,158783976,0,0,orders;customer;lineitem,924051,2104962,0,0,10714,10772,0
2026-07-27T11:46:05Z,F346E7F692C196A7,14.23,queries/Core/06_join_chain/chain_2_merge.sql,measured,1,4,5,2,0.208,10157.117,8,3,11997996,36695994,11998031,158783976,0,0,orders;customer;lineitem,924060,2104953,0,0,10714,10772,0
2026-07-27T11:46:05Z,F346E7F692C196A7,14.23,queries/Core/06_join_chain/chain_2_merge.sql,measured,1,5,5,2,0.209,10148.869,8,3,11997996,36695994,11998031,158783976,0,0,orders;customer;lineitem,924033,2104980,0,0,10714,10772,0
2026-07-27T11:46:56Z,F346E7F692C196A7,14.23,queries/Core/06_join_chain/chain_2_merge.sql,measured,2,1,5,2,0.908,10269.283,8,3,11997996,36695994,11998031,158783976,0,0,orders;customer;lineitem,924006,2105007,0,0,10714,10772,0
2026-07-27T11:46:56Z,F346E7F692C196A7,14.23,queries/Core/06_join_chain/chain_2_merge.sql,measured,2,2,5,2,0.195,10144.119,8,3,11997996,36695994,11998031,158783976,0,0,orders;customer;lineitem,924039,2104974,0,0,10714,10772,0
2026-07-27T11:46:56Z,F346E7F692C196A7,14.23,queries/Core/06_join_chain/chain_2_merge.sql,measured,2,3,5,2,0.211,10174.222,8,3,11997996,36695994,11998031,158783976,0,0,orders;customer;lineitem,924068,2104945,0,0,10714,10772,0
2026-07-27T11:46:56Z,F346E7F692C196A7,14.23,queries/Core/06_join_chain/chain_2_merge.sql,measured,2,4,5,2,0.238,10123.417,8,3,11997996,36695994,11998031,158783976,0,0,orders;customer;lineitem,924048,2104965,0,0,10714,10772,0
2026-07-27T11:46:56Z,F346E7F692C196A7,14.23,queries/Core/06_join_chain/chain_2_merge.sql,measured,2,5,5,2,0.210,10165.777,8,3,11997996,36695994,11998031,158783976,0,0,orders;customer;lineitem,924063,2104950,0,0,10714,10772,0
2026-07-27T11:47:04Z,F346E7F692C196A7,14.23,queries/Core/06_join_chain/chain_2_nestloop.sql,warmup,1,1,1,2,0.696,8669.212,6,3,11997996,42295992,11998031,181183968,0,2,customer;orders;lineitem,9773345,4324976,0,0,0,0,0
2026-07-27T11:47:13Z,F346E7F692C196A7,14.23,queries/Core/06_join_chain/chain_2_nestloop.sql,warmup,2,1,1,2,0.671,8620.292,6,3,11997996,42295992,11998031,181183968,0,2,customer;orders;lineitem,9772727,4325594,0,0,0,0,0
2026-07-27T11:47:57Z,F346E7F692C196A7,14.23,queries/Core/06_join_chain/chain_2_nestloop.sql,measured,1,1,5,2,0.723,8821.968,6,3,11997996,42295992,11998031,181183968,0,2,customer;orders;lineitem,9772552,4325769,0,0,0,0,0
2026-07-27T11:47:57Z,F346E7F692C196A7,14.23,queries/Core/06_join_chain/chain_2_nestloop.sql,measured,1,2,5,2,0.108,8757.109,6,3,11997996,42295992,11998031,181183968,0,2,customer;orders;lineitem,9772135,4326186,0,0,0,0,0
2026-07-27T11:47:57Z,F346E7F692C196A7,14.23,queries/Core/06_join_chain/chain_2_nestloop.sql,measured,1,3,5,2,0.113,8779.353,6,3,11997996,42295992,11998031,181183968,0,2,customer;orders;lineitem,9772353,4325968,0,0,0,0,0
2026-07-27T11:47:57Z,F346E7F692C196A7,14.23,queries/Core/06_join_chain/chain_2_nestloop.sql,measured,1,4,5,2,0.111,8772.325,6,3,11997996,42295992,11998031,181183968,0,2,customer;orders;lineitem,9771964,4326357,0,0,0,0,0
2026-07-27T11:47:57Z,F346E7F692C196A7,14.23,queries/Core/06_join_chain/chain_2_nestloop.sql,measured,1,5,5,2,0.128,8789.863,6,3,11997996,42295992,11998031,181183968,0,2,customer;orders;lineitem,9772506,4325815,0,0,0,0,0
2026-07-27T11:48:41Z,F346E7F692C196A7,14.23,queries/Core/06_join_chain/chain_2_nestloop.sql,measured,2,1,5,2,1.466,8837.094,6,3,11997996,42295992,11998031,181183968,0,2,customer;orders;lineitem,9772617,4325704,0,0,0,0,0
2026-07-27T11:48:41Z,F346E7F692C196A7,14.23,queries/Core/06_join_chain/chain_2_nestloop.sql,measured,2,2,5,2,0.105,8761.088,6,3,11997996,42295992,11998031,181183968,0,2,customer;orders;lineitem,9771939,4326382,0,0,0,0,0
2026-07-27T11:48:41Z,F346E7F692C196A7,14.23,queries/Core/06_join_chain/chain_2_nestloop.sql,measured,2,3,5,2,0.107,8772.048,6,3,11997996,42295992,11998031,181183968,0,2,customer;orders;lineitem,9772362,4325959,0,0,0,0,0
2026-07-27T11:48:41Z,F346E7F692C196A7,14.23,queries/Core/06_join_chain/chain_2_nestloop.sql,measured,2,4,5,2,0.108,8762.169,6,3,11997996,42295992,11998031,181183968,0,2,customer;orders;lineitem,9772794,4325527,0,0,0,0,0
2026-07-27T11:48:41Z,F346E7F692C196A7,14.23,queries/Core/06_join_chain/chain_2_nestloop.sql,measured,2,5,5,2,0.104,8755.059,6,3,11997996,42295992,11998031,181183968,0,2,customer;orders;lineitem,9772735,4325586,0,0,0,0,0
2026-07-27T11:48:46Z,F346E7F692C196A7,14.23,queries/Core/06_join_chain/chain_3_hash.sql,warmup,1,1,1,2,1.465,4915.470,10,4,11997996,33896042,11998031,148784168,0,0,lineitem;orders;customer;nation,11880,66727,0,0,51651,51651,0
2026-07-27T11:48:51Z,F346E7F692C196A7,14.23,queries/Core/06_join_chain/chain_3_hash.sql,warmup,2,1,1,2,0.703,4881.007,10,4,11997996,33896042,11998031,148784168,0,0,lineitem;orders;customer;nation,721,77886,0,0,51651,51651,0
2026-07-27T11:49:15Z,F346E7F692C196A7,14.23,queries/Core/06_join_chain/chain_3_hash.sql,measured,1,1,5,2,0.724,4887.640,10,4,11997996,33896042,11998031,148784168,0,0,lineitem;orders;customer;nation,328,78279,0,0,51651,51651,0
2026-07-27T11:49:15Z,F346E7F692C196A7,14.23,queries/Core/06_join_chain/chain_3_hash.sql,measured,1,2,5,2,0.156,4797.857,10,4,11997996,33896042,11998031,148784168,0,0,lineitem;orders;customer;nation,312,78295,0,0,51651,51651,0
2026-07-27T11:49:15Z,F346E7F692C196A7,14.23,queries/Core/06_join_chain/chain_3_hash.sql,measured,1,3,5,2,0.143,4794.550,10,4,11997996,33896042,11998031,148784168,0,0,lineitem;orders;customer;nation,309,78298,0,0,51651,51651,0
2026-07-27T11:49:15Z,F346E7F692C196A7,14.23,queries/Core/06_join_chain/chain_3_hash.sql,measured,1,4,5,2,0.141,4785.031,10,4,11997996,33896042,11998031,148784168,0,0,lineitem;orders;customer;nation,309,78298,0,0,51651,51651,0
2026-07-27T11:49:15Z,F346E7F692C196A7,14.23,queries/Core/06_join_chain/chain_3_hash.sql,measured,1,5,5,2,0.139,4731.663,10,4,11997996,33896042,11998031,148784168,0,0,lineitem;orders;customer;nation,309,78298,0,0,51651,51651,0
2026-07-27T11:49:39Z,F346E7F692C196A7,14.23,queries/Core/06_join_chain/chain_3_hash.sql,measured,2,1,5,2,0.777,4828.753,10,4,11997996,33896042,11998031,148784168,0,0,lineitem;orders;customer;nation,309,78298,0,0,51651,51651,0
2026-07-27T11:49:39Z,F346E7F692C196A7,14.23,queries/Core/06_join_chain/chain_3_hash.sql,measured,2,2,5,2,0.152,4724.428,10,4,11997996,33896042,11998031,148784168,0,0,lineitem;orders;customer;nation,309,78298,0,0,51651,51651,0
2026-07-27T11:49:39Z,F346E7F692C196A7,14.23,queries/Core/06_join_chain/chain_3_hash.sql,measured,2,3,5,2,0.145,4775.470,10,4,11997996,33896042,11998031,148784168,0,0,lineitem;orders;customer;nation,309,78298,0,0,51651,51651,0
2026-07-27T11:49:39Z,F346E7F692C196A7,14.23,queries/Core/06_join_chain/chain_3_hash.sql,measured,2,4,5,2,0.141,4773.590,10,4,11997996,33896042,11998031,148784168,0,0,lineitem;orders;customer;nation,309,78298,0,0,51651,51651,0
2026-07-27T11:49:39Z,F346E7F692C196A7,14.23,queries/Core/06_join_chain/chain_3_hash.sql,measured,2,5,5,2,0.163,4768.602,10,4,11997996,33896042,11998031,148784168,0,0,lineitem;orders;customer;nation,309,78298,0,0,51651,51651,0
2026-07-27T11:49:50Z,F346E7F692C196A7,14.23,queries/Core/06_join_chain/chain_3_merge.sql,warmup,1,1,1,2,0.980,10663.074,11,4,11997996,37284107,11998031,162336428,0,0,orders;customer;nation;lineitem,1060710,2108045,0,0,10714,10772,0
2026-07-27T11:50:00Z,F346E7F692C196A7,14.23,queries/Core/06_join_chain/chain_3_merge.sql,warmup,2,1,1,2,0.997,10484.386,11,4,11997996,37284107,11998031,162336428,0,0,orders;customer;nation;lineitem,1060758,2107997,0,0,10714,10772,0
2026-07-27T11:50:52Z,F346E7F692C196A7,14.23,queries/Core/06_join_chain/chain_3_merge.sql,measured,1,1,5,2,0.990,10378.901,11,4,11997996,37284107,11998031,162336428,0,0,orders;customer;nation;lineitem,1060791,2107964,0,0,10714,10772,0
2026-07-27T11:50:52Z,F346E7F692C196A7,14.23,queries/Core/06_join_chain/chain_3_merge.sql,measured,1,2,5,2,0.246,10279.518,11,4,11997996,37284107,11998031,162336428,0,0,orders;customer;nation;lineitem,1060750,2108005,0,0,10714,10772,0
2026-07-27T11:50:52Z,F346E7F692C196A7,14.23,queries/Core/06_join_chain/chain_3_merge.sql,measured,1,3,5,2,0.276,10303.935,11,4,11997996,37284107,11998031,162336428,0,0,orders;customer;nation;lineitem,1060788,2107967,0,0,10714,10772,0
2026-07-27T11:50:52Z,F346E7F692C196A7,14.23,queries/Core/06_join_chain/chain_3_merge.sql,measured,1,4,5,2,0.268,10358.346,11,4,11997996,37284107,11998031,162336428,0,0,orders;customer;nation;lineitem,1060761,2107994,0,0,10714,10772,0
2026-07-27T11:50:52Z,F346E7F692C196A7,14.23,queries/Core/06_join_chain/chain_3_merge.sql,measured,1,5,5,2,0.248,10269.846,11,4,11997996,37284107,11998031,162336428,0,0,orders;customer;nation;lineitem,1060751,2108004,0,0,10714,10772,0
2026-07-27T11:51:44Z,F346E7F692C196A7,14.23,queries/Core/06_join_chain/chain_3_merge.sql,measured,2,1,5,2,1.006,10476.818,11,4,11997996,37284107,11998031,162336428,0,0,orders;customer;nation;lineitem,1060765,2107990,0,0,10714,10772,0
2026-07-27T11:51:44Z,F346E7F692C196A7,14.23,queries/Core/06_join_chain/chain_3_merge.sql,measured,2,2,5,2,0.277,10258.597,11,4,11997996,37284107,11998031,162336428,0,0,orders;customer;nation;lineitem,1060792,2107963,0,0,10714,10772,0
2026-07-27T11:51:44Z,F346E7F692C196A7,14.23,queries/Core/06_join_chain/chain_3_merge.sql,measured,2,3,5,2,0.247,10303.757,11,4,11997996,37284107,11998031,162336428,0,0,orders;customer;nation;lineitem,1060774,2107981,0,0,10714,10772,0
2026-07-27T11:51:44Z,F346E7F692C196A7,14.23,queries/Core/06_join_chain/chain_3_merge.sql,measured,2,4,5,2,0.249,10320.634,11,4,11997996,37284107,11998031,162336428,0,0,orders;customer;nation;lineitem,1060788,2107967,0,0,10714,10772,0
2026-07-27T11:51:44Z,F346E7F692C196A7,14.23,queries/Core/06_join_chain/chain_3_merge.sql,measured,2,5,5,2,0.299,10304.069,11,4,11997996,37284107,11998031,162336428,0,0,orders;customer;nation;lineitem,1060763,2107992,0,0,10714,10772,0
2026-07-27T11:52:04Z,F346E7F692C196A7,14.23,queries/Core/06_join_chain/chain_3_nestloop.sql,warmup,1,1,1,2,0.757,20317.549,8,5,11997996,30898021,11998031,135592084,0,0,nation;customer;idx_customer_nation;orders;lineitem,9612946,4625168,0,0,0,0,0
2026-07-27T11:52:25Z,F346E7F692C196A7,14.23,queries/Core/06_join_chain/chain_3_nestloop.sql,warmup,2,1,1,2,0.724,20384.065,8,5,11997996,30898021,11998031,135592084,0,0,nation;customer;idx_customer_nation;orders;lineitem,9611475,4626639,0,0,0,0,0
2026-07-27T11:54:06Z,F346E7F692C196A7,14.23,queries/Core/06_join_chain/chain_3_nestloop.sql,measured,1,1,5,2,0.736,20261.344,8,5,11997996,30898021,11998031,135592084,0,0,nation;customer;idx_customer_nation;orders;lineitem,9611464,4626650,0,0,0,0,0
2026-07-27T11:54:06Z,F346E7F692C196A7,14.23,queries/Core/06_join_chain/chain_3_nestloop.sql,measured,1,2,5,2,0.130,20130.008,8,5,11997996,30898021,11998031,135592084,0,0,nation;customer;idx_customer_nation;orders;lineitem,9611503,4626611,0,0,0,0,0
2026-07-27T11:54:06Z,F346E7F692C196A7,14.23,queries/Core/06_join_chain/chain_3_nestloop.sql,measured,1,3,5,2,0.133,20130.621,8,5,11997996,30898021,11998031,135592084,0,0,nation;customer;idx_customer_nation;orders;lineitem,9611491,4626623,0,0,0,0,0
2026-07-27T11:54:06Z,F346E7F692C196A7,14.23,queries/Core/06_join_chain/chain_3_nestloop.sql,measured,1,4,5,2,0.130,20197.773,8,5,11997996,30898021,11998031,135592084,0,0,nation;customer;idx_customer_nation;orders;lineitem,9611498,4626616,0,0,0,0,0
2026-07-27T11:54:06Z,F346E7F692C196A7,14.23,queries/Core/06_join_chain/chain_3_nestloop.sql,measured,1,5,5,2,0.135,20193.114,8,5,11997996,30898021,11998031,135592084,0,0,nation;customer;idx_customer_nation;orders;lineitem,9611516,4626598,0,0,0,0,0
2026-07-27T11:55:46Z,F346E7F692C196A7,14.23,queries/Core/06_join_chain/chain_3_nestloop.sql,measured,2,1,5,2,0.742,20280.679,8,5,11997996,30898021,11998031,135592084,0,0,nation;customer;idx_customer_nation;orders;lineitem,9611460,4626654,0,0,0,0,0
2026-07-27T11:55:46Z,F346E7F692C196A7,14.23,queries/Core/06_join_chain/chain_3_nestloop.sql,measured,2,2,5,2,0.130,20075.483,8,5,11997996,30898021,11998031,135592084,0,0,nation;customer;idx_customer_nation;orders;lineitem,9611483,4626631,0,0,0,0,0
2026-07-27T11:55:46Z,F346E7F692C196A7,14.23,queries/Core/06_join_chain/chain_3_nestloop.sql,measured,2,3,5,2,0.148,20109.896,8,5,11997996,30898021,11998031,135592084,0,0,nation;customer;idx_customer_nation;orders;lineitem,9611509,4626605,0,0,0,0,0
2026-07-27T11:55:46Z,F346E7F692C196A7,14.23,queries/Core/06_join_chain/chain_3_nestloop.sql,measured,2,4,5,2,0.137,20081.259,8,5,11997996,30898021,11998031,135592084,0,0,nation;customer;idx_customer_nation;orders;lineitem,9611500,4626614,0,0,0,0,0
2026-07-27T11:55:46Z,F346E7F692C196A7,14.23,queries/Core/06_join_chain/chain_3_nestloop.sql,measured,2,5,5,2,0.129,20106.283,8,5,11997996,30898021,11998031,135592084,0,0,nation;customer;idx_customer_nation;orders;lineitem,9611502,4626612,0,0,0,0,0
2026-07-27T11:55:51Z,F346E7F692C196A7,14.23,queries/Core/06_join_chain/chain_4_hash.sql,warmup,1,1,1,2,0.912,4860.018,13,5,11997996,33896077,11998031,148784408,0,0,lineitem;orders;customer;nation;region,11545,67063,0,0,51651,51651,0
2026-07-27T11:55:56Z,F346E7F692C196A7,14.23,queries/Core/06_join_chain/chain_4_hash.sql,warmup,2,1,1,2,0.750,4896.098,13,5,11997996,33896077,11998031,148784408,0,0,lineitem;orders;customer;nation;region,606,78002,0,0,51651,51651,0
2026-07-27T11:56:21Z,F346E7F692C196A7,14.23,queries/Core/06_join_chain/chain_4_hash.sql,measured,1,1,5,2,0.799,4909.869,13,5,11997996,33896077,11998031,148784408,0,0,lineitem;orders;customer;nation;region,322,78286,0,0,51651,51651,0
2026-07-27T11:56:21Z,F346E7F692C196A7,14.23,queries/Core/06_join_chain/chain_4_hash.sql,measured,1,2,5,2,0.169,4843.124,13,5,11997996,33896077,11998031,148784408,0,0,lineitem;orders;customer;nation;region,312,78296,0,0,51651,51651,0
2026-07-27T11:56:21Z,F346E7F692C196A7,14.23,queries/Core/06_join_chain/chain_4_hash.sql,measured,1,3,5,2,0.168,4823.747,13,5,11997996,33896077,11998031,148784408,0,0,lineitem;orders;customer;nation;region,309,78299,0,0,51651,51651,0
2026-07-27T11:56:21Z,F346E7F692C196A7,14.23,queries/Core/06_join_chain/chain_4_hash.sql,measured,1,4,5,2,0.168,4837.074,13,5,11997996,33896077,11998031,148784408,0,0,lineitem;orders;customer;nation;region,309,78299,0,0,51651,51651,0
2026-07-27T11:56:21Z,F346E7F692C196A7,14.23,queries/Core/06_join_chain/chain_4_hash.sql,measured,1,5,5,2,0.176,4830.001,13,5,11997996,33896077,11998031,148784408,0,0,lineitem;orders;customer;nation;region,309,78299,0,0,51651,51651,0
2026-07-27T11:56:45Z,F346E7F692C196A7,14.23,queries/Core/06_join_chain/chain_4_hash.sql,measured,2,1,5,2,0.843,4938.307,13,5,11997996,33896077,11998031,148784408,0,0,lineitem;orders;customer;nation;region,309,78299,0,0,51651,51651,0
2026-07-27T11:56:45Z,F346E7F692C196A7,14.23,queries/Core/06_join_chain/chain_4_hash.sql,measured,2,2,5,2,0.187,4825.809,13,5,11997996,33896077,11998031,148784408,0,0,lineitem;orders;customer;nation;region,309,78299,0,0,51651,51651,0
2026-07-27T11:56:45Z,F346E7F692C196A7,14.23,queries/Core/06_join_chain/chain_4_hash.sql,measured,2,3,5,2,0.169,4840.274,13,5,11997996,33896077,11998031,148784408,0,0,lineitem;orders;customer;nation;region,309,78299,0,0,51651,51651,0
2026-07-27T11:56:45Z,F346E7F692C196A7,14.23,queries/Core/06_join_chain/chain_4_hash.sql,measured,2,4,5,2,0.186,4846.137,13,5,11997996,33896077,11998031,148784408,0,0,lineitem;orders;customer;nation;region,309,78299,0,0,51651,51651,0
2026-07-27T11:56:45Z,F346E7F692C196A7,14.23,queries/Core/06_join_chain/chain_4_hash.sql,measured,2,5,5,2,0.177,4845.779,13,5,11997996,33896077,11998031,148784408,0,0,lineitem;orders;customer;nation;region,309,78299,0,0,51651,51651,0
2026-07-27T11:56:56Z,F346E7F692C196A7,14.23,queries/Core/06_join_chain/chain_4_merge.sql,warmup,1,1,1,2,1.038,10552.667,15,5,11997996,37284167,11998031,162336868,0,0,orders;customer;region;nation;lineitem,1060711,2108045,0,0,10714,10772,0
2026-07-27T11:57:06Z,F346E7F692C196A7,14.23,queries/Core/06_join_chain/chain_4_merge.sql,warmup,2,1,1,2,1.045,10404.055,15,5,11997996,37284167,11998031,162336868,0,0,orders;customer;region;nation;lineitem,1060769,2107987,0,0,10714,10772,0
2026-07-27T11:57:58Z,F346E7F692C196A7,14.23,queries/Core/06_join_chain/chain_4_merge.sql,measured,1,1,5,2,1.053,10599.385,15,5,11997996,37284167,11998031,162336868,0,0,orders;customer;region;nation;lineitem,1060768,2107988,0,0,10714,10772,0
2026-07-27T11:57:58Z,F346E7F692C196A7,14.23,queries/Core/06_join_chain/chain_4_merge.sql,measured,1,2,5,2,0.292,10305.685,15,5,11997996,37284167,11998031,162336868,0,0,orders;customer;region;nation;lineitem,1060757,2107999,0,0,10714,10772,0
2026-07-27T11:57:58Z,F346E7F692C196A7,14.23,queries/Core/06_join_chain/chain_4_merge.sql,measured,1,3,5,2,0.314,10338.116,15,5,11997996,37284167,11998031,162336868,0,0,orders;customer;region;nation;lineitem,1060792,2107964,0,0,10714,10772,0
2026-07-27T11:57:58Z,F346E7F692C196A7,14.23,queries/Core/06_join_chain/chain_4_merge.sql,measured,1,4,5,2,0.313,10359.655,15,5,11997996,37284167,11998031,162336868,0,0,orders;customer;region;nation;lineitem,1060765,2107991,0,0,10714,10772,0
2026-07-27T11:57:58Z,F346E7F692C196A7,14.23,queries/Core/06_join_chain/chain_4_merge.sql,measured,1,5,5,2,0.325,10341.836,15,5,11997996,37284167,11998031,162336868,0,0,orders;customer;region;nation;lineitem,1060792,2107964,0,0,10714,10772,0
2026-07-27T11:58:50Z,F346E7F692C196A7,14.23,queries/Core/06_join_chain/chain_4_merge.sql,measured,2,1,5,2,1.076,10574.002,15,5,11997996,37284167,11998031,162336868,0,0,orders;customer;region;nation;lineitem,1060779,2107977,0,0,10714,10772,0
2026-07-27T11:58:50Z,F346E7F692C196A7,14.23,queries/Core/06_join_chain/chain_4_merge.sql,measured,2,2,5,2,0.302,10386.438,15,5,11997996,37284167,11998031,162336868,0,0,orders;customer;region;nation;lineitem,1060769,2107987,0,0,10714,10772,0
2026-07-27T11:58:50Z,F346E7F692C196A7,14.23,queries/Core/06_join_chain/chain_4_merge.sql,measured,2,3,5,2,0.289,10494.702,15,5,11997996,37284167,11998031,162336868,0,0,orders;customer;region;nation;lineitem,1060795,2107961,0,0,10714,10772,0
2026-07-27T11:58:50Z,F346E7F692C196A7,14.23,queries/Core/06_join_chain/chain_4_merge.sql,measured,2,4,5,2,0.290,10383.812,15,5,11997996,37284167,11998031,162336868,0,0,orders;customer;region;nation;lineitem,1060757,2107999,0,0,10714,10772,0
2026-07-27T11:58:50Z,F346E7F692C196A7,14.23,queries/Core/06_join_chain/chain_4_merge.sql,measured,2,5,5,2,0.288,10350.941,15,5,11997996,37284167,11998031,162336868,0,0,orders;customer;region;nation;lineitem,1060766,2107990,0,0,10714,10772,0
2026-07-27T11:59:11Z,F346E7F692C196A7,14.23,queries/Core/06_join_chain/chain_4_nestloop.sql,warmup,1,1,1,2,0.802,20291.878,11,6,11997996,30898176,11998031,135592804,0,0,nation;region;customer;idx_customer_nation;orders;lineitem,9612953,4625162,0,0,0,0,0
2026-07-27T11:59:31Z,F346E7F692C196A7,14.23,queries/Core/06_join_chain/chain_4_nestloop.sql,warmup,2,1,1,2,0.770,20205.854,11,6,11997996,30898176,11998031,135592804,0,0,nation;region;customer;idx_customer_nation;orders;lineitem,9611448,4626667,0,0,0,0,0
2026-07-27T12:01:12Z,F346E7F692C196A7,14.23,queries/Core/06_join_chain/chain_4_nestloop.sql,measured,1,1,5,2,0.767,20252.170,11,6,11997996,30898176,11998031,135592804,0,0,nation;region;customer;idx_customer_nation;orders;lineitem,9611464,4626651,0,0,0,0,0
2026-07-27T12:01:12Z,F346E7F692C196A7,14.23,queries/Core/06_join_chain/chain_4_nestloop.sql,measured,1,2,5,2,0.152,20159.065,11,6,11997996,30898176,11998031,135592804,0,0,nation;region;customer;idx_customer_nation;orders;lineitem,9611513,4626602,0,0,0,0,0
2026-07-27T12:01:12Z,F346E7F692C196A7,14.23,queries/Core/06_join_chain/chain_4_nestloop.sql,measured,1,3,5,2,0.152,20119.562,11,6,11997996,30898176,11998031,135592804,0,0,nation;region;customer;idx_customer_nation;orders;lineitem,9611498,4626617,0,0,0,0,0
2026-07-27T12:01:12Z,F346E7F692C196A7,14.23,queries/Core/06_join_chain/chain_4_nestloop.sql,measured,1,4,5,2,0.158,20151.089,11,6,11997996,30898176,11998031,135592804,0,0,nation;region;customer;idx_customer_nation;orders;lineitem,9611497,4626618,0,0,0,0,0
2026-07-27T12:01:12Z,F346E7F692C196A7,14.23,queries/Core/06_join_chain/chain_4_nestloop.sql,measured,1,5,5,2,0.152,20184.041,11,6,11997996,30898176,11998031,135592804,0,0,nation;region;customer;idx_customer_nation;orders;lineitem,9611518,4626597,0,0,0,0,0
2026-07-27T12:02:54Z,F346E7F692C196A7,14.23,queries/Core/06_join_chain/chain_4_nestloop.sql,measured,2,1,5,2,0.785,20380.075,11,6,11997996,30898176,11998031,135592804,0,0,nation;region;customer;idx_customer_nation;orders;lineitem,9611454,4626661,0,0,0,0,0
2026-07-27T12:02:54Z,F346E7F692C196A7,14.23,queries/Core/06_join_chain/chain_4_nestloop.sql,measured,2,2,5,2,0.160,20292.674,11,6,11997996,30898176,11998031,135592804,0,0,nation;region;customer;idx_customer_nation;orders;lineitem,9611505,4626610,0,0,0,0,0
2026-07-27T12:02:54Z,F346E7F692C196A7,14.23,queries/Core/06_join_chain/chain_4_nestloop.sql,measured,2,3,5,2,0.160,20292.033,11,6,11997996,30898176,11998031,135592804,0,0,nation;region;customer;idx_customer_nation;orders;lineitem,9611486,4626629,0,0,0,0,0
2026-07-27T12:02:54Z,F346E7F692C196A7,14.23,queries/Core/06_join_chain/chain_4_nestloop.sql,measured,2,4,5,2,0.154,20274.764,11,6,11997996,30898176,11998031,135592804,0,0,nation;region;customer;idx_customer_nation;orders;lineitem,9611506,4626609,0,0,0,0,0
2026-07-27T12:02:54Z,F346E7F692C196A7,14.23,queries/Core/06_join_chain/chain_4_nestloop.sql,measured,2,5,5,2,0.153,20287.504,11,6,11997996,30898176,11998031,135592804,0,0,nation;region;customer;idx_customer_nation;orders;lineitem,9611500,4626615,0,0,0,0,0
2026-07-27T12:02:55Z,F346E7F692C196A7,14.23,queries/Core/07_grouping_distinct/count_per_group.sql,warmup,1,1,1,2,2.262,890.589,5,1,3,11998026,3,23996292,0,2,lineitem,14,224920,0,0,0,0,0
2026-07-27T12:02:56Z,F346E7F692C196A7,14.23,queries/Core/07_grouping_distinct/count_per_group.sql,warmup,2,1,1,2,0.287,911.832,5,1,3,11998026,3,23996292,0,2,lineitem,110,224824,0,0,0,0,0
2026-07-27T12:03:00Z,F346E7F692C196A7,14.23,queries/Core/07_grouping_distinct/count_per_group.sql,measured,1,1,5,2,0.358,912.213,5,1,3,11998026,3,23996292,0,2,lineitem,206,224728,0,0,0,0,0
2026-07-27T12:03:00Z,F346E7F692C196A7,14.23,queries/Core/07_grouping_distinct/count_per_group.sql,measured,1,2,5,2,0.053,880.430,5,1,3,11998026,3,23996292,0,2,lineitem,302,224632,0,0,0,0,0
2026-07-27T12:03:00Z,F346E7F692C196A7,14.23,queries/Core/07_grouping_distinct/count_per_group.sql,measured,1,3,5,2,0.053,878.120,5,1,3,11998026,3,23996292,0,2,lineitem,398,224536,0,0,0,0,0
2026-07-27T12:03:00Z,F346E7F692C196A7,14.23,queries/Core/07_grouping_distinct/count_per_group.sql,measured,1,4,5,2,0.053,879.526,5,1,3,11998026,3,23996292,0,2,lineitem,494,224440,0,0,0,0,0
2026-07-27T12:03:00Z,F346E7F692C196A7,14.23,queries/Core/07_grouping_distinct/count_per_group.sql,measured,1,5,5,2,0.054,887.201,5,1,3,11998026,3,23996292,0,2,lineitem,590,224344,0,0,0,0,0
2026-07-27T12:03:05Z,F346E7F692C196A7,14.23,queries/Core/07_grouping_distinct/count_per_group.sql,measured,2,1,5,2,0.283,912.899,5,1,3,11998026,3,23996292,0,2,lineitem,686,224248,0,0,0,0,0
2026-07-27T12:03:05Z,F346E7F692C196A7,14.23,queries/Core/07_grouping_distinct/count_per_group.sql,measured,2,2,5,2,0.055,894.123,5,1,3,11998026,3,23996292,0,2,lineitem,782,224152,0,0,0,0,0
2026-07-27T12:03:05Z,F346E7F692C196A7,14.23,queries/Core/07_grouping_distinct/count_per_group.sql,measured,2,3,5,2,0.055,900.908,5,1,3,11998026,3,23996292,0,2,lineitem,878,224056,0,0,0,0,0
2026-07-27T12:03:05Z,F346E7F692C196A7,14.23,queries/Core/07_grouping_distinct/count_per_group.sql,measured,2,4,5,2,0.053,909.730,5,1,3,11998026,3,23996292,0,2,lineitem,974,223960,0,0,0,0,0
2026-07-27T12:03:05Z,F346E7F692C196A7,14.23,queries/Core/07_grouping_distinct/count_per_group.sql,measured,2,5,5,2,0.072,915.470,5,1,3,11998026,3,23996292,0,2,lineitem,1070,223864,0,0,0,0,0
2026-07-27T12:03:10Z,F346E7F692C196A7,14.23,queries/Core/07_grouping_distinct/cube.sql,warmup,1,1,1,2,0.286,5011.869,2,1,10,11998006,12,47992024,0,0,lineitem,1152,223768,0,0,0,0,0
2026-07-27T12:03:15Z,F346E7F692C196A7,14.23,queries/Core/07_grouping_distinct/cube.sql,warmup,2,1,1,2,0.260,4998.081,2,1,10,11998006,12,47992024,0,0,lineitem,1184,223736,0,0,0,0,0
2026-07-27T12:03:40Z,F346E7F692C196A7,14.23,queries/Core/07_grouping_distinct/cube.sql,measured,1,1,5,2,0.274,5009.020,2,1,10,11998006,12,47992024,0,0,lineitem,1216,223704,0,0,0,0,0
2026-07-27T12:03:40Z,F346E7F692C196A7,14.23,queries/Core/07_grouping_distinct/cube.sql,measured,1,2,5,2,0.052,4999.745,2,1,10,11998006,12,47992024,0,0,lineitem,1248,223672,0,0,0,0,0
2026-07-27T12:03:40Z,F346E7F692C196A7,14.23,queries/Core/07_grouping_distinct/cube.sql,measured,1,3,5,2,0.051,5004.578,2,1,10,11998006,12,47992024,0,0,lineitem,1280,223640,0,0,0,0,0
2026-07-27T12:03:40Z,F346E7F692C196A7,14.23,queries/Core/07_grouping_distinct/cube.sql,measured,1,4,5,2,0.052,5029.738,2,1,10,11998006,12,47992024,0,0,lineitem,1312,223608,0,0,0,0,0
2026-07-27T12:03:40Z,F346E7F692C196A7,14.23,queries/Core/07_grouping_distinct/cube.sql,measured,1,5,5,2,0.052,4981.256,2,1,10,11998006,12,47992024,0,0,lineitem,1344,223576,0,0,0,0,0
2026-07-27T12:04:05Z,F346E7F692C196A7,14.23,queries/Core/07_grouping_distinct/cube.sql,measured,2,1,5,2,0.265,5001.189,2,1,10,11998006,12,47992024,0,0,lineitem,1376,223544,0,0,0,0,0
2026-07-27T12:04:05Z,F346E7F692C196A7,14.23,queries/Core/07_grouping_distinct/cube.sql,measured,2,2,5,2,0.052,5001.867,2,1,10,11998006,12,47992024,0,0,lineitem,1408,223512,0,0,0,0,0
2026-07-27T12:04:05Z,F346E7F692C196A7,14.23,queries/Core/07_grouping_distinct/cube.sql,measured,2,3,5,2,0.051,5011.930,2,1,10,11998006,12,47992024,0,0,lineitem,1440,223480,0,0,0,0,0
2026-07-27T12:04:05Z,F346E7F692C196A7,14.23,queries/Core/07_grouping_distinct/cube.sql,measured,2,4,5,2,0.052,5031.031,2,1,10,11998006,12,47992024,0,0,lineitem,1472,223448,0,0,0,0,0
2026-07-27T12:04:05Z,F346E7F692C196A7,14.23,queries/Core/07_grouping_distinct/cube.sql,measured,2,5,5,2,0.069,4980.126,2,1,10,11998006,12,47992024,0,0,lineitem,1504,223416,0,0,0,0,0
2026-07-27T12:04:11Z,F346E7F692C196A7,14.23,queries/Core/07_grouping_distinct/distinct_200k_vals.sql,warmup,1,1,1,2,0.240,5759.332,2,1,400000,12397996,402769,49591984,0,0,lineitem,1536,223384,0,0,41029,80774,0
2026-07-27T12:04:17Z,F346E7F692C196A7,14.23,queries/Core/07_grouping_distinct/distinct_200k_vals.sql,warmup,2,1,1,2,0.235,5833.052,2,1,400000,12397996,402769,49591984,0,0,lineitem,1568,223352,0,0,41029,80774,0
2026-07-27T12:04:46Z,F346E7F692C196A7,14.23,queries/Core/07_grouping_distinct/distinct_200k_vals.sql,measured,1,1,5,2,0.230,5762.650,2,1,400000,12397996,402769,49591984,0,0,lineitem,1600,223320,0,0,41029,80774,0
2026-07-27T12:04:46Z,F346E7F692C196A7,14.23,queries/Core/07_grouping_distinct/distinct_200k_vals.sql,measured,1,2,5,2,0.041,5720.347,2,1,400000,12397996,402769,49591984,0,0,lineitem,1632,223288,0,0,41029,80774,0
2026-07-27T12:04:46Z,F346E7F692C196A7,14.23,queries/Core/07_grouping_distinct/distinct_200k_vals.sql,measured,1,3,5,2,0.041,5716.062,2,1,400000,12397996,402769,49591984,0,0,lineitem,1664,223256,0,0,41029,80774,0
2026-07-27T12:04:46Z,F346E7F692C196A7,14.23,queries/Core/07_grouping_distinct/distinct_200k_vals.sql,measured,1,4,5,2,0.041,5717.972,2,1,400000,12397996,402769,49591984,0,0,lineitem,1696,223224,0,0,41029,80774,0
2026-07-27T12:04:46Z,F346E7F692C196A7,14.23,queries/Core/07_grouping_distinct/distinct_200k_vals.sql,measured,1,5,5,2,0.042,5735.441,2,1,400000,12397996,402769,49591984,0,0,lineitem,1728,223192,0,0,41029,80774,0
2026-07-27T12:05:14Z,F346E7F692C196A7,14.23,queries/Core/07_grouping_distinct/distinct_200k_vals.sql,measured,2,1,5,2,0.240,5828.036,2,1,400000,12397996,402769,49591984,0,0,lineitem,1760,223160,0,0,41029,80774,0
2026-07-27T12:05:14Z,F346E7F692C196A7,14.23,queries/Core/07_grouping_distinct/distinct_200k_vals.sql,measured,2,2,5,2,0.040,5762.665,2,1,400000,12397996,402769,49591984,0,0,lineitem,1792,223128,0,0,41029,80774,0
2026-07-27T12:05:14Z,F346E7F692C196A7,14.23,queries/Core/07_grouping_distinct/distinct_200k_vals.sql,measured,2,3,5,2,0.040,5672.199,2,1,400000,12397996,402769,49591984,0,0,lineitem,1824,223096,0,0,41029,80774,0
2026-07-27T12:05:14Z,F346E7F692C196A7,14.23,queries/Core/07_grouping_distinct/distinct_200k_vals.sql,measured,2,4,5,2,0.041,5740.534,2,1,400000,12397996,402769,49591984,0,0,lineitem,1856,223064,0,0,41029,80774,0
2026-07-27T12:05:14Z,F346E7F692C196A7,14.23,queries/Core/07_grouping_distinct/distinct_200k_vals.sql,measured,2,5,5,2,0.040,5722.647,2,1,400000,12397996,402769,49591984,0,0,lineitem,1888,223032,0,0,41029,80774,0
2026-07-27T12:05:17Z,F346E7F692C196A7,14.23,queries/Core/07_grouping_distinct/distinct_3_vals.sql,warmup,1,1,1,2,0.248,2471.695,2,1,3,11997999,3,23995998,0,0,lineitem,1920,223000,0,0,0,0,0
2026-07-27T12:05:19Z,F346E7F692C196A7,14.23,queries/Core/07_grouping_distinct/distinct_3_vals.sql,warmup,2,1,1,2,0.230,2473.397,2,1,3,11997999,3,23995998,0,0,lineitem,1952,222968,0,0,0,0,0
2026-07-27T12:05:32Z,F346E7F692C196A7,14.23,queries/Core/07_grouping_distinct/distinct_3_vals.sql,measured,1,1,5,2,0.242,2477.643,2,1,3,11997999,3,23995998,0,0,lineitem,1984,222936,0,0,0,0,0
2026-07-27T12:05:32Z,F346E7F692C196A7,14.23,queries/Core/07_grouping_distinct/distinct_3_vals.sql,measured,1,2,5,2,0.039,2458.646,2,1,3,11997999,3,23995998,0,0,lineitem,2016,222904,0,0,0,0,0
2026-07-27T12:05:32Z,F346E7F692C196A7,14.23,queries/Core/07_grouping_distinct/distinct_3_vals.sql,measured,1,3,5,2,0.040,2461.725,2,1,3,11997999,3,23995998,0,0,lineitem,2048,222872,0,0,0,0,0
2026-07-27T12:05:32Z,F346E7F692C196A7,14.23,queries/Core/07_grouping_distinct/distinct_3_vals.sql,measured,1,4,5,2,0.064,2458.250,2,1,3,11997999,3,23995998,0,0,lineitem,2080,222840,0,0,0,0,0
2026-07-27T12:05:32Z,F346E7F692C196A7,14.23,queries/Core/07_grouping_distinct/distinct_3_vals.sql,measured,1,5,5,2,0.040,2452.115,2,1,3,11997999,3,23995998,0,0,lineitem,2112,222808,0,0,0,0,0
2026-07-27T12:05:44Z,F346E7F692C196A7,14.23,queries/Core/07_grouping_distinct/distinct_3_vals.sql,measured,2,1,5,2,0.245,2466.456,2,1,3,11997999,3,23995998,0,0,lineitem,2144,222776,0,0,0,0,0
2026-07-27T12:05:44Z,F346E7F692C196A7,14.23,queries/Core/07_grouping_distinct/distinct_3_vals.sql,measured,2,2,5,2,0.039,2448.520,2,1,3,11997999,3,23995998,0,0,lineitem,2176,222744,0,0,0,0,0
2026-07-27T12:05:44Z,F346E7F692C196A7,14.23,queries/Core/07_grouping_distinct/distinct_3_vals.sql,measured,2,3,5,2,0.056,2447.944,2,1,3,11997999,3,23995998,0,0,lineitem,2208,222712,0,0,0,0,0
2026-07-27T12:05:44Z,F346E7F692C196A7,14.23,queries/Core/07_grouping_distinct/distinct_3_vals.sql,measured,2,4,5,2,0.040,2445.705,2,1,3,11997999,3,23995998,0,0,lineitem,2240,222680,0,0,0,0,0
2026-07-27T12:05:44Z,F346E7F692C196A7,14.23,queries/Core/07_grouping_distinct/distinct_3_vals.sql,measured,2,5,5,2,0.039,2448.653,2,1,3,11997999,3,23995998,0,0,lineitem,2272,222648,0,0,0,0,0
2026-07-27T12:05:59Z,F346E7F692C196A7,14.23,queries/Core/07_grouping_distinct/distinct_on.sql,warmup,1,1,1,2,15.553,15092.001,3,1,3,23995995,3,143975970,0,0,lineitem,2310,222616,0,0,79131,79347,0
2026-07-27T12:06:14Z,F346E7F692C196A7,14.23,queries/Core/07_grouping_distinct/distinct_on.sql,warmup,2,1,1,2,0.248,15082.309,3,1,3,23995995,3,143975970,0,0,lineitem,2342,222584,0,0,79131,79347,0
2026-07-27T12:07:29Z,F346E7F692C196A7,14.23,queries/Core/07_grouping_distinct/distinct_on.sql,measured,1,1,5,2,0.258,15007.186,3,1,3,23995995,3,143975970,0,0,lineitem,2374,222552,0,0,79131,79347,0
2026-07-27T12:07:29Z,F346E7F692C196A7,14.23,queries/Core/07_grouping_distinct/distinct_on.sql,measured,1,2,5,2,0.042,14924.461,3,1,3,23995995,3,143975970,0,0,lineitem,2400,222520,0,0,79131,79347,0
2026-07-27T12:07:29Z,F346E7F692C196A7,14.23,queries/Core/07_grouping_distinct/distinct_on.sql,measured,1,3,5,2,0.062,14980.413,3,1,3,23995995,3,143975970,0,0,lineitem,2432,222488,0,0,79131,79347,0
2026-07-27T12:07:29Z,F346E7F692C196A7,14.23,queries/Core/07_grouping_distinct/distinct_on.sql,measured,1,4,5,2,0.044,14952.976,3,1,3,23995995,3,143975970,0,0,lineitem,2464,222456,0,0,79131,79347,0
2026-07-27T12:07:29Z,F346E7F692C196A7,14.23,queries/Core/07_grouping_distinct/distinct_on.sql,measured,1,5,5,2,0.042,14921.711,3,1,3,23995995,3,143975970,0,0,lineitem,2496,222424,0,0,79131,79347,0
2026-07-27T12:08:44Z,F346E7F692C196A7,14.23,queries/Core/07_grouping_distinct/distinct_on.sql,measured,2,1,5,2,0.260,14996.616,3,1,3,23995995,3,143975970,0,0,lineitem,2534,222392,0,0,79131,79347,0
2026-07-27T12:08:44Z,F346E7F692C196A7,14.23,queries/Core/07_grouping_distinct/distinct_on.sql,measured,2,2,5,2,0.042,14945.419,3,1,3,23995995,3,143975970,0,0,lineitem,2560,222360,0,0,79131,79347,0
2026-07-27T12:08:44Z,F346E7F692C196A7,14.23,queries/Core/07_grouping_distinct/distinct_on.sql,measured,2,3,5,2,0.043,14982.573,3,1,3,23995995,3,143975970,0,0,lineitem,2592,222328,0,0,79131,79347,0
2026-07-27T12:08:44Z,F346E7F692C196A7,14.23,queries/Core/07_grouping_distinct/distinct_on.sql,measured,2,4,5,2,0.044,14882.134,3,1,3,23995995,3,143975970,0,0,lineitem,2624,222296,0,0,79131,79347,0
2026-07-27T12:08:44Z,F346E7F692C196A7,14.23,queries/Core/07_grouping_distinct/distinct_on.sql,measured,2,5,5,2,0.043,14917.853,3,1,3,23995995,3,143975970,0,0,lineitem,2656,222264,0,0,79131,79347,0
2026-07-27T12:08:48Z,F346E7F692C196A7,14.23,queries/Core/07_grouping_distinct/group_1500k_vals.sql,warmup,1,1,1,2,0.248,3688.180,5,1,3000000,24015815,393171,96063260,0,2,lineitem,2702,222232,0,0,67459,112965,0
2026-07-27T12:08:52Z,F346E7F692C196A7,14.23,queries/Core/07_grouping_distinct/group_1500k_vals.sql,warmup,2,1,1,2,0.252,3606.200,5,1,3000000,24015735,393171,96062940,0,2,lineitem,2798,222136,0,0,67618,113093,0
2026-07-27T12:09:10Z,F346E7F692C196A7,14.23,queries/Core/07_grouping_distinct/group_1500k_vals.sql,measured,1,1,5,2,0.242,3820.768,5,1,3000000,24015843,393171,96063372,0,2,lineitem,2894,222040,0,0,78391,123886,0
2026-07-27T12:09:10Z,F346E7F692C196A7,14.23,queries/Core/07_grouping_distinct/group_1500k_vals.sql,measured,1,2,5,2,0.050,3482.593,5,1,3000000,24015411,393171,96061644,0,2,lineitem,2990,221944,0,0,65841,111328,0
2026-07-27T12:09:10Z,F346E7F692C196A7,14.23,queries/Core/07_grouping_distinct/group_1500k_vals.sql,measured,1,3,5,2,0.069,3462.091,5,1,3000000,24015429,393171,96061716,0,2,lineitem,3086,221848,0,0,61473,106944,0
2026-07-27T12:09:10Z,F346E7F692C196A7,14.23,queries/Core/07_grouping_distinct/group_1500k_vals.sql,measured,1,4,5,2,0.051,3500.263,5,1,3000000,24015429,393171,96061716,0,2,lineitem,3182,221752,0,0,60962,106459,0
2026-07-27T12:09:10Z,F346E7F692C196A7,14.23,queries/Core/07_grouping_distinct/group_1500k_vals.sql,measured,1,5,5,2,0.052,3734.529,5,1,3000000,24015403,393171,96061612,0,2,lineitem,3278,221656,0,0,70795,116303,0
2026-07-27T12:09:28Z,F346E7F692C196A7,14.23,queries/Core/07_grouping_distinct/group_1500k_vals.sql,measured,2,1,5,2,0.267,3526.822,5,1,3000000,24015736,393171,96062944,0,2,lineitem,3374,221560,0,0,61330,106826,0
2026-07-27T12:09:28Z,F346E7F692C196A7,14.23,queries/Core/07_grouping_distinct/group_1500k_vals.sql,measured,2,2,5,2,0.052,3657.994,5,1,3000000,24015457,393171,96061828,0,2,lineitem,3470,221464,0,0,61504,106996,0
2026-07-27T12:09:28Z,F346E7F692C196A7,14.23,queries/Core/07_grouping_distinct/group_1500k_vals.sql,measured,2,3,5,2,0.051,3626.562,5,1,3000000,24015501,393171,96062004,0,2,lineitem,3566,221368,0,0,61483,106969,0
2026-07-27T12:09:28Z,F346E7F692C196A7,14.23,queries/Core/07_grouping_distinct/group_1500k_vals.sql,measured,2,4,5,2,0.056,3700.909,5,1,3000000,24015421,393171,96061684,0,2,lineitem,3662,221272,0,0,63601,109088,0
2026-07-27T12:09:28Z,F346E7F692C196A7,14.23,queries/Core/07_grouping_distinct/group_1500k_vals.sql,measured,2,5,5,2,0.051,3714.071,5,1,3000000,24015302,393171,96061208,0,2,lineitem,3758,221176,0,0,63990,109476,0
2026-07-27T12:09:31Z,F346E7F692C196A7,14.23,queries/Core/07_grouping_distinct/group_200k_sortagg.sql,warmup,1,1,1,2,0.248,2611.482,5,1,400000,26795877,402769,107183508,0,2,lineitem,3954,221080,0,0,43238,43451,0
2026-07-27T12:09:33Z,F346E7F692C196A7,14.23,queries/Core/07_grouping_distinct/group_200k_sortagg.sql,warmup,2,1,1,2,0.271,2622.966,5,1,400000,26795861,402769,107183444,0,2,lineitem,4050,220984,0,0,43238,43451,0
2026-07-27T12:09:47Z,F346E7F692C196A7,14.23,queries/Core/07_grouping_distinct/group_200k_sortagg.sql,measured,1,1,5,2,0.237,2630.147,5,1,400000,26795860,402769,107183440,0,2,lineitem,4146,220888,0,0,43238,43451,0
2026-07-27T12:09:47Z,F346E7F692C196A7,14.23,queries/Core/07_grouping_distinct/group_200k_sortagg.sql,measured,1,2,5,2,0.045,2632.044,5,1,400000,26795889,402769,107183556,0,2,lineitem,4242,220792,0,0,43237,43451,0
2026-07-27T12:09:47Z,F346E7F692C196A7,14.23,queries/Core/07_grouping_distinct/group_200k_sortagg.sql,measured,1,3,5,2,0.046,2638.047,5,1,400000,26795890,402769,107183560,0,2,lineitem,4338,220696,0,0,43237,43451,0
2026-07-27T12:09:47Z,F346E7F692C196A7,14.23,queries/Core/07_grouping_distinct/group_200k_sortagg.sql,measured,1,4,5,2,0.045,2659.531,5,1,400000,26795885,402769,107183540,0,2,lineitem,4434,220600,0,0,43236,43450,0
2026-07-27T12:09:47Z,F346E7F692C196A7,14.23,queries/Core/07_grouping_distinct/group_200k_sortagg.sql,measured,1,5,5,2,0.045,2665.018,5,1,400000,26795871,402769,107183484,0,2,lineitem,4530,220504,0,0,43236,43450,0
2026-07-27T12:10:00Z,F346E7F692C196A7,14.23,queries/Core/07_grouping_distinct/group_200k_sortagg.sql,measured,2,1,5,2,0.230,2669.793,5,1,400000,26795896,402769,107183584,0,2,lineitem,4626,220408,0,0,43238,43451,0
2026-07-27T12:10:00Z,F346E7F692C196A7,14.23,queries/Core/07_grouping_distinct/group_200k_sortagg.sql,measured,2,2,5,2,0.045,2664.064,5,1,400000,26795867,402769,107183468,0,2,lineitem,4722,220312,0,0,43237,43451,0
2026-07-27T12:10:00Z,F346E7F692C196A7,14.23,queries/Core/07_grouping_distinct/group_200k_sortagg.sql,measured,2,3,5,2,0.044,2681.664,5,1,400000,26795903,402769,107183612,0,2,lineitem,4818,220216,0,0,43236,43449,0
2026-07-27T12:10:00Z,F346E7F692C196A7,14.23,queries/Core/07_grouping_distinct/group_200k_sortagg.sql,measured,2,4,5,2,0.065,2607.924,5,1,400000,26795879,402769,107183516,0,2,lineitem,4914,220120,0,0,43237,43450,0
2026-07-27T12:10:00Z,F346E7F692C196A7,14.23,queries/Core/07_grouping_distinct/group_200k_sortagg.sql,measured,2,5,5,2,0.044,2673.195,5,1,400000,26795877,402769,107183508,0,2,lineitem,5010,220024,0,0,43236,43450,0
2026-07-27T12:10:03Z,F346E7F692C196A7,14.23,queries/Core/07_grouping_distinct/group_200k_vals.sql,warmup,1,1,1,2,0.227,2771.370,5,1,400000,15997817,402769,63991268,0,2,lineitem,5006,219928,0,0,42756,82475,0
2026-07-27T12:10:06Z,F346E7F692C196A7,14.23,queries/Core/07_grouping_distinct/group_200k_vals.sql,warmup,2,1,1,2,0.236,3007.512,5,1,400000,15997817,402769,63991268,0,2,lineitem,5102,219832,0,0,45541,85542,0
2026-07-27T12:10:20Z,F346E7F692C196A7,14.23,queries/Core/07_grouping_distinct/group_200k_vals.sql,measured,1,1,5,2,0.222,2790.094,5,1,400000,15997842,402769,63991368,0,2,lineitem,5198,219736,0,0,42750,82479,0
2026-07-27T12:10:20Z,F346E7F692C196A7,14.23,queries/Core/07_grouping_distinct/group_200k_vals.sql,measured,1,2,5,2,0.042,2789.572,5,1,400000,15997833,402769,63991332,0,2,lineitem,5294,219640,0,0,42750,82456,0
2026-07-27T12:10:20Z,F346E7F692C196A7,14.23,queries/Core/07_grouping_distinct/group_200k_vals.sql,measured,1,3,5,2,0.042,2768.409,5,1,400000,15997844,402769,63991376,0,2,lineitem,5390,219544,0,0,42756,82769,0
2026-07-27T12:10:20Z,F346E7F692C196A7,14.23,queries/Core/07_grouping_distinct/group_200k_vals.sql,measured,1,4,5,2,0.043,2964.607,5,1,400000,15997789,402769,63991156,0,2,lineitem,5486,219448,0,0,45596,87101,0
2026-07-27T12:10:20Z,F346E7F692C196A7,14.23,queries/Core/07_grouping_distinct/group_200k_vals.sql,measured,1,5,5,2,0.044,2804.182,5,1,400000,15997817,402769,63991268,0,2,lineitem,5582,219352,0,0,42757,82470,0
2026-07-27T12:10:34Z,F346E7F692C196A7,14.23,queries/Core/07_grouping_distinct/group_200k_vals.sql,measured,2,1,5,2,0.249,2784.414,5,1,400000,15997860,402769,63991440,0,2,lineitem,5678,219256,0,0,42748,82463,0
2026-07-27T12:10:34Z,F346E7F692C196A7,14.23,queries/Core/07_grouping_distinct/group_200k_vals.sql,measured,2,2,5,2,0.043,2826.233,5,1,400000,15997826,402769,63991304,0,2,lineitem,5774,219160,0,0,42757,82476,0
2026-07-27T12:10:34Z,F346E7F692C196A7,14.23,queries/Core/07_grouping_distinct/group_200k_vals.sql,measured,2,3,5,2,0.041,2784.943,5,1,400000,15997853,402769,63991412,0,2,lineitem,5870,219064,0,0,42753,83125,0
2026-07-27T12:10:34Z,F346E7F692C196A7,14.23,queries/Core/07_grouping_distinct/group_200k_vals.sql,measured,2,4,5,2,0.042,2809.191,5,1,400000,15997789,402769,63991156,0,2,lineitem,5966,218968,0,0,42752,82753,0
2026-07-27T12:10:34Z,F346E7F692C196A7,14.23,queries/Core/07_grouping_distinct/group_200k_vals.sql,measured,2,5,5,2,0.042,2819.342,5,1,400000,15997817,402769,63991268,0,2,lineitem,6062,218872,0,0,42749,82495,0
2026-07-27T12:10:35Z,F346E7F692C196A7,14.23,queries/Core/07_grouping_distinct/group_3_vals.sql,warmup,1,1,1,2,0.235,965.831,5,1,3,11998026,3,23996052,0,2,lineitem,6158,218776,0,0,0,0,0
2026-07-27T12:10:37Z,F346E7F692C196A7,14.23,queries/Core/07_grouping_distinct/group_3_vals.sql,warmup,2,1,1,2,0.240,989.110,5,1,3,11998026,3,23996052,0,2,lineitem,6254,218680,0,0,0,0,0
2026-07-27T12:10:42Z,F346E7F692C196A7,14.23,queries/Core/07_grouping_distinct/group_3_vals.sql,measured,1,1,5,2,0.332,990.795,5,1,3,11998026,3,23996052,0,2,lineitem,6350,218584,0,0,0,0,0
2026-07-27T12:10:42Z,F346E7F692C196A7,14.23,queries/Core/07_grouping_distinct/group_3_vals.sql,measured,1,2,5,2,0.047,969.828,5,1,3,11998026,3,23996052,0,2,lineitem,6446,218488,0,0,0,0,0
2026-07-27T12:10:42Z,F346E7F692C196A7,14.23,queries/Core/07_grouping_distinct/group_3_vals.sql,measured,1,3,5,2,0.047,969.666,5,1,3,11998026,3,23996052,0,2,lineitem,6542,218392,0,0,0,0,0
2026-07-27T12:10:42Z,F346E7F692C196A7,14.23,queries/Core/07_grouping_distinct/group_3_vals.sql,measured,1,4,5,2,0.047,972.384,5,1,3,11998026,3,23996052,0,2,lineitem,6638,218296,0,0,0,0,0
2026-07-27T12:10:42Z,F346E7F692C196A7,14.23,queries/Core/07_grouping_distinct/group_3_vals.sql,measured,1,5,5,2,0.047,970.503,5,1,3,11998026,3,23996052,0,2,lineitem,6734,218200,0,0,0,0,0
2026-07-27T12:10:47Z,F346E7F692C196A7,14.23,queries/Core/07_grouping_distinct/group_3_vals.sql,measured,2,1,5,2,0.357,996.084,5,1,3,11998026,3,23996052,0,2,lineitem,6830,218104,0,0,0,0,0
2026-07-27T12:10:47Z,F346E7F692C196A7,14.23,queries/Core/07_grouping_distinct/group_3_vals.sql,measured,2,2,5,2,0.050,973.522,5,1,3,11998026,3,23996052,0,2,lineitem,6926,218008,0,0,0,0,0
2026-07-27T12:10:47Z,F346E7F692C196A7,14.23,queries/Core/07_grouping_distinct/group_3_vals.sql,measured,2,3,5,2,0.050,977.579,5,1,3,11998026,3,23996052,0,2,lineitem,7022,217912,0,0,0,0,0
2026-07-27T12:10:47Z,F346E7F692C196A7,14.23,queries/Core/07_grouping_distinct/group_3_vals.sql,measured,2,4,5,2,0.048,977.923,5,1,3,11998026,3,23996052,0,2,lineitem,7118,217816,0,0,0,0,0
2026-07-27T12:10:47Z,F346E7F692C196A7,14.23,queries/Core/07_grouping_distinct/group_3_vals.sql,measured,2,5,5,2,0.049,977.435,5,1,3,11998026,3,23996052,0,2,lineitem,7214,217720,0,0,0,0,0
2026-07-27T12:10:48Z,F346E7F692C196A7,14.23,queries/Core/07_grouping_distinct/group_7_vals.sql,warmup,1,1,1,2,0.265,1181.708,5,1,7,11998066,7,131978726,0,2,lineitem,7310,217624,0,0,0,0,0
2026-07-27T12:10:49Z,F346E7F692C196A7,14.23,queries/Core/07_grouping_distinct/group_7_vals.sql,warmup,2,1,1,2,0.250,1192.109,5,1,7,11998066,7,131978726,0,2,lineitem,7406,217528,0,0,0,0,0
2026-07-27T12:10:55Z,F346E7F692C196A7,14.23,queries/Core/07_grouping_distinct/group_7_vals.sql,measured,1,1,5,2,0.248,1189.614,5,1,7,11998066,7,131978726,0,2,lineitem,7502,217432,0,0,0,0,0
2026-07-27T12:10:55Z,F346E7F692C196A7,14.23,queries/Core/07_grouping_distinct/group_7_vals.sql,measured,1,2,5,2,0.048,1174.308,5,1,7,11998066,7,131978726,0,2,lineitem,7598,217336,0,0,0,0,0
2026-07-27T12:10:55Z,F346E7F692C196A7,14.23,queries/Core/07_grouping_distinct/group_7_vals.sql,measured,1,3,5,2,0.049,1181.426,5,1,7,11998066,7,131978726,0,2,lineitem,7694,217240,0,0,0,0,0
2026-07-27T12:10:55Z,F346E7F692C196A7,14.23,queries/Core/07_grouping_distinct/group_7_vals.sql,measured,1,4,5,2,0.049,1188.059,5,1,7,11998066,7,131978726,0,2,lineitem,7790,217144,0,0,0,0,0
2026-07-27T12:10:55Z,F346E7F692C196A7,14.23,queries/Core/07_grouping_distinct/group_7_vals.sql,measured,1,5,5,2,0.049,1184.069,5,1,7,11998066,7,131978726,0,2,lineitem,7886,217048,0,0,0,0,0
2026-07-27T12:11:01Z,F346E7F692C196A7,14.23,queries/Core/07_grouping_distinct/group_7_vals.sql,measured,2,1,5,2,0.415,1199.612,5,1,7,11998066,7,131978726,0,2,lineitem,7982,216952,0,0,0,0,0
2026-07-27T12:11:01Z,F346E7F692C196A7,14.23,queries/Core/07_grouping_distinct/group_7_vals.sql,measured,2,2,5,2,0.054,1178.576,5,1,7,11998066,7,131978726,0,2,lineitem,8078,216856,0,0,0,0,0
2026-07-27T12:11:01Z,F346E7F692C196A7,14.23,queries/Core/07_grouping_distinct/group_7_vals.sql,measured,2,3,5,2,0.053,1177.192,5,1,7,11998066,7,131978726,0,2,lineitem,8174,216760,0,0,0,0,0
2026-07-27T12:11:01Z,F346E7F692C196A7,14.23,queries/Core/07_grouping_distinct/group_7_vals.sql,measured,2,4,5,2,0.048,1178.652,5,1,7,11998066,7,131978726,0,2,lineitem,8270,216664,0,0,0,0,0
2026-07-27T12:11:01Z,F346E7F692C196A7,14.23,queries/Core/07_grouping_distinct/group_7_vals.sql,measured,2,5,5,2,0.049,1184.159,5,1,7,11998066,7,131978726,0,2,lineitem,8366,216568,0,0,0,0,0
2026-07-27T12:11:05Z,F346E7F692C196A7,14.23,queries/Core/07_grouping_distinct/grouping_sets.sql,warmup,1,1,1,2,0.256,3738.486,2,1,5,11998001,5,47992004,0,0,lineitem,8448,216472,0,0,0,0,0
2026-07-27T12:11:09Z,F346E7F692C196A7,14.23,queries/Core/07_grouping_distinct/grouping_sets.sql,warmup,2,1,1,2,0.273,3762.988,2,1,5,11998001,5,47992004,0,0,lineitem,8480,216440,0,0,0,0,0
2026-07-27T12:11:28Z,F346E7F692C196A7,14.23,queries/Core/07_grouping_distinct/grouping_sets.sql,measured,1,1,5,2,0.256,3730.883,2,1,5,11998001,5,47992004,0,0,lineitem,8512,216408,0,0,0,0,0
2026-07-27T12:11:28Z,F346E7F692C196A7,14.23,queries/Core/07_grouping_distinct/grouping_sets.sql,measured,1,2,5,2,0.048,3732.768,2,1,5,11998001,5,47992004,0,0,lineitem,8544,216376,0,0,0,0,0
2026-07-27T12:11:28Z,F346E7F692C196A7,14.23,queries/Core/07_grouping_distinct/grouping_sets.sql,measured,1,3,5,2,0.048,3725.006,2,1,5,11998001,5,47992004,0,0,lineitem,8576,216344,0,0,0,0,0
2026-07-27T12:11:28Z,F346E7F692C196A7,14.23,queries/Core/07_grouping_distinct/grouping_sets.sql,measured,1,4,5,2,0.050,3731.678,2,1,5,11998001,5,47992004,0,0,lineitem,8608,216312,0,0,0,0,0
2026-07-27T12:11:28Z,F346E7F692C196A7,14.23,queries/Core/07_grouping_distinct/grouping_sets.sql,measured,1,5,5,2,0.048,3729.833,2,1,5,11998001,5,47992004,0,0,lineitem,8640,216280,0,0,0,0,0
2026-07-27T12:11:46Z,F346E7F692C196A7,14.23,queries/Core/07_grouping_distinct/grouping_sets.sql,measured,2,1,5,2,0.264,3728.837,2,1,5,11998001,5,47992004,0,0,lineitem,8672,216248,0,0,0,0,0
2026-07-27T12:11:46Z,F346E7F692C196A7,14.23,queries/Core/07_grouping_distinct/grouping_sets.sql,measured,2,2,5,2,0.048,3736.053,2,1,5,11998001,5,47992004,0,0,lineitem,8704,216216,0,0,0,0,0
2026-07-27T12:11:46Z,F346E7F692C196A7,14.23,queries/Core/07_grouping_distinct/grouping_sets.sql,measured,2,3,5,2,0.057,3718.870,2,1,5,11998001,5,47992004,0,0,lineitem,8736,216184,0,0,0,0,0
2026-07-27T12:11:46Z,F346E7F692C196A7,14.23,queries/Core/07_grouping_distinct/grouping_sets.sql,measured,2,4,5,2,0.048,3732.307,2,1,5,11998001,5,47992004,0,0,lineitem,8768,216152,0,0,0,0,0
2026-07-27T12:11:46Z,F346E7F692C196A7,14.23,queries/Core/07_grouping_distinct/grouping_sets.sql,measured,2,5,5,2,0.047,3731.703,2,1,5,11998001,5,47992004,0,0,lineitem,8800,216120,0,0,0,0,0
2026-07-27T12:11:49Z,F346E7F692C196A7,14.23,queries/Core/07_grouping_distinct/having.sql,warmup,1,1,1,2,0.294,3157.298,5,1,180453,15778287,134256,91911852,219547,2,lineitem,8846,216088,0,0,47016,91960,0
2026-07-27T12:11:53Z,F346E7F692C196A7,14.23,queries/Core/07_grouping_distinct/having.sql,warmup,2,1,1,2,0.263,3161.587,5,1,180453,15778287,134256,91911852,219547,2,lineitem,8942,215992,0,0,47022,92099,0
2026-07-27T12:12:09Z,F346E7F692C196A7,14.23,queries/Core/07_grouping_distinct/having.sql,measured,1,1,5,2,0.248,3246.648,5,1,180453,15778304,134256,91912056,219547,2,lineitem,9038,215896,0,0,47017,91844,0
2026-07-27T12:12:09Z,F346E7F692C196A7,14.23,queries/Core/07_grouping_distinct/having.sql,measured,1,2,5,2,0.103,3196.455,5,1,180453,15778295,134256,91911948,219547,2,lineitem,9134,215800,0,0,47021,91472,0
2026-07-27T12:12:09Z,F346E7F692C196A7,14.23,queries/Core/07_grouping_distinct/having.sql,measured,1,3,5,2,0.081,3135.594,5,1,180453,15778324,134256,91912296,219547,2,lineitem,9230,215704,0,0,47022,90333,0
2026-07-27T12:12:09Z,F346E7F692C196A7,14.23,queries/Core/07_grouping_distinct/having.sql,measured,1,4,5,2,0.057,3214.070,5,1,180453,15778341,134256,91912500,219547,2,lineitem,9326,215608,0,0,47018,90821,0
2026-07-27T12:12:09Z,F346E7F692C196A7,14.23,queries/Core/07_grouping_distinct/having.sql,measured,1,5,5,2,0.057,3165.004,5,1,180453,15778315,134256,91912188,219547,2,lineitem,9422,215512,0,0,47019,90714,0
2026-07-27T12:12:24Z,F346E7F692C196A7,14.23,queries/Core/07_grouping_distinct/having.sql,measured,2,1,5,2,0.249,3155.983,5,1,180453,15778286,134256,91911840,219547,2,lineitem,9518,215416,0,0,47016,92103,0
2026-07-27T12:12:24Z,F346E7F692C196A7,14.23,queries/Core/07_grouping_distinct/having.sql,measured,2,2,5,2,0.052,2999.750,5,1,180453,15778295,134256,91911948,219547,2,lineitem,9614,215320,0,0,47013,90315,0
2026-07-27T12:12:24Z,F346E7F692C196A7,14.23,queries/Core/07_grouping_distinct/having.sql,measured,2,3,5,2,0.051,2953.470,5,1,180453,15778313,134256,91912164,219547,2,lineitem,9710,215224,0,0,47020,89682,0
2026-07-27T12:12:24Z,F346E7F692C196A7,14.23,queries/Core/07_grouping_distinct/having.sql,measured,2,4,5,2,0.051,3028.968,5,1,180453,15778269,134256,91911636,219547,2,lineitem,9806,215128,0,0,47019,89703,0
2026-07-27T12:12:24Z,F346E7F692C196A7,14.23,queries/Core/07_grouping_distinct/having.sql,measured,2,5,5,2,0.051,2986.657,5,1,180453,15778279,134256,91911756,219547,2,lineitem,9902,215032,0,0,47022,90210,0
2026-07-27T12:12:28Z,F346E7F692C196A7,14.23,queries/Core/07_grouping_distinct/rollup.sql,warmup,1,1,1,2,0.237,3896.937,2,1,8,11998004,10,47992016,0,0,lineitem,9984,214936,0,0,0,0,0
2026-07-27T12:12:32Z,F346E7F692C196A7,14.23,queries/Core/07_grouping_distinct/rollup.sql,warmup,2,1,1,2,0.262,3908.535,2,1,8,11998004,10,47992016,0,0,lineitem,10016,214904,0,0,0,0,0
2026-07-27T12:12:51Z,F346E7F692C196A7,14.23,queries/Core/07_grouping_distinct/rollup.sql,measured,1,1,5,2,0.246,3932.498,2,1,8,11998004,10,47992016,0,0,lineitem,10048,214872,0,0,0,0,0
2026-07-27T12:12:51Z,F346E7F692C196A7,14.23,queries/Core/07_grouping_distinct/rollup.sql,measured,1,2,5,2,0.046,3867.000,2,1,8,11998004,10,47992016,0,0,lineitem,10080,214840,0,0,0,0,0
2026-07-27T12:12:51Z,F346E7F692C196A7,14.23,queries/Core/07_grouping_distinct/rollup.sql,measured,1,3,5,2,0.046,3876.880,2,1,8,11998004,10,47992016,0,0,lineitem,10112,214808,0,0,0,0,0
2026-07-27T12:12:51Z,F346E7F692C196A7,14.23,queries/Core/07_grouping_distinct/rollup.sql,measured,1,4,5,2,0.045,3886.164,2,1,8,11998004,10,47992016,0,0,lineitem,10144,214776,0,0,0,0,0
2026-07-27T12:12:51Z,F346E7F692C196A7,14.23,queries/Core/07_grouping_distinct/rollup.sql,measured,1,5,5,2,0.052,3866.433,2,1,8,11998004,10,47992016,0,0,lineitem,10176,214744,0,0,0,0,0
2026-07-27T12:13:11Z,F346E7F692C196A7,14.23,queries/Core/07_grouping_distinct/rollup.sql,measured,2,1,5,2,0.262,3912.444,2,1,8,11998004,10,47992016,0,0,lineitem,10208,214712,0,0,0,0,0
2026-07-27T12:13:11Z,F346E7F692C196A7,14.23,queries/Core/07_grouping_distinct/rollup.sql,measured,2,2,5,2,0.063,3875.740,2,1,8,11998004,10,47992016,0,0,lineitem,10240,214680,0,0,0,0,0
2026-07-27T12:13:11Z,F346E7F692C196A7,14.23,queries/Core/07_grouping_distinct/rollup.sql,measured,2,3,5,2,0.046,3870.055,2,1,8,11998004,10,47992016,0,0,lineitem,10272,214648,0,0,0,0,0
2026-07-27T12:13:11Z,F346E7F692C196A7,14.23,queries/Core/07_grouping_distinct/rollup.sql,measured,2,4,5,2,0.045,3875.199,2,1,8,11998004,10,47992016,0,0,lineitem,10304,214616,0,0,0,0,0
2026-07-27T12:13:11Z,F346E7F692C196A7,14.23,queries/Core/07_grouping_distinct/rollup.sql,measured,2,5,5,2,0.045,3872.990,2,1,8,11998004,10,47992016,0,0,lineitem,10336,214584,0,0,0,0,0
2026-07-27T12:13:13Z,F346E7F692C196A7,14.23,queries/Core/08_sorting/limit_with_ties.sql,warmup,1,1,1,2,0.221,1749.830,4,1,121,12000621,100,48002484,0,2,lineitem,10482,214552,0,0,22926,43261,0
2026-07-27T12:13:14Z,F346E7F692C196A7,14.23,queries/Core/08_sorting/limit_with_ties.sql,warmup,2,1,1,2,0.212,1728.604,4,1,121,12002379,100,48009516,0,2,lineitem,10578,214456,0,0,23082,43452,0
2026-07-27T12:13:23Z,F346E7F692C196A7,14.23,queries/Core/08_sorting/limit_with_ties.sql,measured,1,1,5,2,0.213,1785.078,4,1,121,12002376,100,48009504,0,2,lineitem,10674,214360,0,0,23115,43453,0
2026-07-27T12:13:23Z,F346E7F692C196A7,14.23,queries/Core/08_sorting/limit_with_ties.sql,measured,1,2,5,2,0.038,1730.365,4,1,121,12002382,100,48009528,0,2,lineitem,10770,214264,0,0,23082,43452,0
2026-07-27T12:13:23Z,F346E7F692C196A7,14.23,queries/Core/08_sorting/limit_with_ties.sql,measured,1,3,5,2,0.051,1752.229,4,1,121,12002385,100,48009540,0,2,lineitem,10866,214168,0,0,23083,43452,0
2026-07-27T12:13:23Z,F346E7F692C196A7,14.23,queries/Core/08_sorting/limit_with_ties.sql,measured,1,4,5,2,0.038,1821.092,4,1,121,12002385,100,48009540,0,2,lineitem,10962,214072,0,0,23078,43451,0
2026-07-27T12:13:23Z,F346E7F692C196A7,14.23,queries/Core/08_sorting/limit_with_ties.sql,measured,1,5,5,2,0.046,1788.667,4,1,121,12002388,100,48009552,0,2,lineitem,11058,213976,0,0,23082,43452,0
2026-07-27T12:13:33Z,F346E7F692C196A7,14.23,queries/Core/08_sorting/limit_with_ties.sql,measured,2,1,5,2,0.218,1859.680,4,1,121,12002373,100,48009492,0,2,lineitem,11154,213880,0,0,23082,43452,0
2026-07-27T12:13:33Z,F346E7F692C196A7,14.23,queries/Core/08_sorting/limit_with_ties.sql,measured,2,2,5,2,0.040,1806.544,4,1,121,12002373,100,48009492,0,2,lineitem,11250,213784,0,0,23114,43452,0
2026-07-27T12:13:33Z,F346E7F692C196A7,14.23,queries/Core/08_sorting/limit_with_ties.sql,measured,2,3,5,2,0.039,1825.705,4,1,121,12002385,100,48009540,0,2,lineitem,11346,213688,0,0,23082,43452,0
2026-07-27T12:13:33Z,F346E7F692C196A7,14.23,queries/Core/08_sorting/limit_with_ties.sql,measured,2,4,5,2,0.043,1880.038,4,1,121,12002379,100,48009516,0,2,lineitem,11442,213592,0,0,23086,43453,0
2026-07-27T12:13:33Z,F346E7F692C196A7,14.23,queries/Core/08_sorting/limit_with_ties.sql,measured,2,5,5,2,0.047,1839.571,4,1,121,12002376,100,48009504,0,2,lineitem,11538,213496,0,0,23082,43452,0
2026-07-27T12:13:41Z,F346E7F692C196A7,14.23,queries/Core/08_sorting/sort_2_keys.sql,warmup,1,1,1,2,0.216,8309.216,2,1,11997996,23995992,11998031,191967936,0,0,lineitem,11523,213400,0,0,79131,79347,0
2026-07-27T12:13:50Z,F346E7F692C196A7,14.23,queries/Core/08_sorting/sort_2_keys.sql,warmup,2,1,1,2,0.225,8274.557,2,1,11997996,23995992,11998031,191967936,0,0,lineitem,11555,213368,0,0,79131,79347,0
2026-07-27T12:14:31Z,F346E7F692C196A7,14.23,queries/Core/08_sorting/sort_2_keys.sql,measured,1,1,5,2,0.215,8345.007,2,1,11997996,23995992,11998031,191967936,0,0,lineitem,11587,213336,0,0,79131,79347,0
2026-07-27T12:14:31Z,F346E7F692C196A7,14.23,queries/Core/08_sorting/sort_2_keys.sql,measured,1,2,5,2,0.037,8207.272,2,1,11997996,23995992,11998031,191967936,0,0,lineitem,11616,213304,0,0,79131,79347,0
2026-07-27T12:14:31Z,F346E7F692C196A7,14.23,queries/Core/08_sorting/sort_2_keys.sql,measured,1,3,5,2,0.038,8185.587,2,1,11997996,23995992,11998031,191967936,0,0,lineitem,11648,213272,0,0,79131,79347,0
2026-07-27T12:14:31Z,F346E7F692C196A7,14.23,queries/Core/08_sorting/sort_2_keys.sql,measured,1,4,5,2,0.053,8243.362,2,1,11997996,23995992,11998031,191967936,0,0,lineitem,11680,213240,0,0,79131,79347,0
2026-07-27T12:14:31Z,F346E7F692C196A7,14.23,queries/Core/08_sorting/sort_2_keys.sql,measured,1,5,5,2,0.039,8189.611,2,1,11997996,23995992,11998031,191967936,0,0,lineitem,11712,213208,0,0,79131,79347,0
2026-07-27T12:15:12Z,F346E7F692C196A7,14.23,queries/Core/08_sorting/sort_2_keys.sql,measured,2,1,5,2,0.234,8279.544,2,1,11997996,23995992,11998031,191967936,0,0,lineitem,11747,213176,0,0,79131,79347,0
2026-07-27T12:15:12Z,F346E7F692C196A7,14.23,queries/Core/08_sorting/sort_2_keys.sql,measured,2,2,5,2,0.061,8272.128,2,1,11997996,23995992,11998031,191967936,0,0,lineitem,11776,213144,0,0,79131,79347,0
2026-07-27T12:15:12Z,F346E7F692C196A7,14.23,queries/Core/08_sorting/sort_2_keys.sql,measured,2,3,5,2,0.038,8202.884,2,1,11997996,23995992,11998031,191967936,0,0,lineitem,11808,213112,0,0,79131,79347,0
2026-07-27T12:15:12Z,F346E7F692C196A7,14.23,queries/Core/08_sorting/sort_2_keys.sql,measured,2,4,5,2,0.038,8212.148,2,1,11997996,23995992,11998031,191967936,0,0,lineitem,11840,213080,0,0,79131,79347,0
2026-07-27T12:15:12Z,F346E7F692C196A7,14.23,queries/Core/08_sorting/sort_2_keys.sql,measured,2,5,5,2,0.038,8195.472,2,1,11997996,23995992,11998031,191967936,0,0,lineitem,11872,213048,0,0,79131,79347,0
2026-07-27T12:15:18Z,F346E7F692C196A7,14.23,queries/Core/08_sorting/sort_date.sql,warmup,1,1,1,2,0.228,5768.355,2,1,11997996,23995992,11998031,95983968,0,0,lineitem,11907,213016,0,0,61552,61768,0
2026-07-27T12:15:24Z,F346E7F692C196A7,14.23,queries/Core/08_sorting/sort_date.sql,warmup,2,1,1,2,0.229,5761.022,2,1,11997996,23995992,11998031,95983968,0,0,lineitem,11939,212984,0,0,61552,61768,0
2026-07-27T12:15:52Z,F346E7F692C196A7,14.23,queries/Core/08_sorting/sort_date.sql,measured,1,1,5,2,0.228,5768.391,2,1,11997996,23995992,11998031,95983968,0,0,lineitem,11971,212952,0,0,61552,61768,0
2026-07-27T12:15:52Z,F346E7F692C196A7,14.23,queries/Core/08_sorting/sort_date.sql,measured,1,2,5,2,0.037,5751.894,2,1,11997996,23995992,11998031,95983968,0,0,lineitem,12000,212920,0,0,61552,61768,0
2026-07-27T12:15:52Z,F346E7F692C196A7,14.23,queries/Core/08_sorting/sort_date.sql,measured,1,3,5,2,0.042,5717.122,2,1,11997996,23995992,11998031,95983968,0,0,lineitem,12032,212888,0,0,61552,61768,0
2026-07-27T12:15:52Z,F346E7F692C196A7,14.23,queries/Core/08_sorting/sort_date.sql,measured,1,4,5,2,0.056,5656.286,2,1,11997996,23995992,11998031,95983968,0,0,lineitem,12064,212856,0,0,61552,61768,0
2026-07-27T12:15:52Z,F346E7F692C196A7,14.23,queries/Core/08_sorting/sort_date.sql,measured,1,5,5,2,0.036,5693.918,2,1,11997996,23995992,11998031,95983968,0,0,lineitem,12096,212824,0,0,61552,61768,0
2026-07-27T12:16:21Z,F346E7F692C196A7,14.23,queries/Core/08_sorting/sort_date.sql,measured,2,1,5,2,0.248,5774.583,2,1,11997996,23995992,11998031,95983968,0,0,lineitem,12131,212792,0,0,61552,61768,0
2026-07-27T12:16:21Z,F346E7F692C196A7,14.23,queries/Core/08_sorting/sort_date.sql,measured,2,2,5,2,0.037,5754.749,2,1,11997996,23995992,11998031,95983968,0,0,lineitem,12160,212760,0,0,61552,61768,0
2026-07-27T12:16:21Z,F346E7F692C196A7,14.23,queries/Core/08_sorting/sort_date.sql,measured,2,3,5,2,0.055,5708.969,2,1,11997996,23995992,11998031,95983968,0,0,lineitem,12192,212728,0,0,61552,61768,0
2026-07-27T12:16:21Z,F346E7F692C196A7,14.23,queries/Core/08_sorting/sort_date.sql,measured,2,4,5,2,0.037,5700.663,2,1,11997996,23995992,11998031,95983968,0,0,lineitem,12224,212696,0,0,61552,61768,0
2026-07-27T12:16:21Z,F346E7F692C196A7,14.23,queries/Core/08_sorting/sort_date.sql,measured,2,5,5,2,0.037,5694.035,2,1,11997996,23995992,11998031,95983968,0,0,lineitem,12256,212664,0,0,61552,61768,0
2026-07-27T12:16:28Z,F346E7F692C196A7,14.23,queries/Core/08_sorting/sort_desc.sql,warmup,1,1,1,2,0.222,6785.731,2,1,11997996,23995992,11998031,95983968,0,0,lineitem,12291,212632,0,0,61552,61768,0
2026-07-27T12:16:35Z,F346E7F692C196A7,14.23,queries/Core/08_sorting/sort_desc.sql,warmup,2,1,1,2,0.223,6729.538,2,1,11997996,23995992,11998031,95983968,0,0,lineitem,12323,212600,0,0,61552,61768,0
2026-07-27T12:17:08Z,F346E7F692C196A7,14.23,queries/Core/08_sorting/sort_desc.sql,measured,1,1,5,2,0.208,6780.476,2,1,11997996,23995992,11998031,95983968,0,0,lineitem,12355,212568,0,0,61552,61768,0
2026-07-27T12:17:08Z,F346E7F692C196A7,14.23,queries/Core/08_sorting/sort_desc.sql,measured,1,2,5,2,0.036,6696.201,2,1,11997996,23995992,11998031,95983968,0,0,lineitem,12384,212536,0,0,61552,61768,0
2026-07-27T12:17:08Z,F346E7F692C196A7,14.23,queries/Core/08_sorting/sort_desc.sql,measured,1,3,5,2,0.053,6655.960,2,1,11997996,23995992,11998031,95983968,0,0,lineitem,12416,212504,0,0,61552,61768,0
2026-07-27T12:17:08Z,F346E7F692C196A7,14.23,queries/Core/08_sorting/sort_desc.sql,measured,1,4,5,2,0.037,6668.598,2,1,11997996,23995992,11998031,95983968,0,0,lineitem,12448,212472,0,0,61552,61768,0
2026-07-27T12:17:08Z,F346E7F692C196A7,14.23,queries/Core/08_sorting/sort_desc.sql,measured,1,5,5,2,0.039,6686.406,2,1,11997996,23995992,11998031,95983968,0,0,lineitem,12480,212440,0,0,61552,61768,0
2026-07-27T12:17:42Z,F346E7F692C196A7,14.23,queries/Core/08_sorting/sort_desc.sql,measured,2,1,5,2,0.207,6740.340,2,1,11997996,23995992,11998031,95983968,0,0,lineitem,12515,212408,0,0,61552,61768,0
2026-07-27T12:17:42Z,F346E7F692C196A7,14.23,queries/Core/08_sorting/sort_desc.sql,measured,2,2,5,2,0.054,6644.584,2,1,11997996,23995992,11998031,95983968,0,0,lineitem,12544,212376,0,0,61552,61768,0
2026-07-27T12:17:42Z,F346E7F692C196A7,14.23,queries/Core/08_sorting/sort_desc.sql,measured,2,3,5,2,0.037,6638.908,2,1,11997996,23995992,11998031,95983968,0,0,lineitem,12576,212344,0,0,61552,61768,0
2026-07-27T12:17:42Z,F346E7F692C196A7,14.23,queries/Core/08_sorting/sort_desc.sql,measured,2,4,5,2,0.036,6646.636,2,1,11997996,23995992,11998031,95983968,0,0,lineitem,12608,212312,0,0,61552,61768,0
2026-07-27T12:17:42Z,F346E7F692C196A7,14.23,queries/Core/08_sorting/sort_desc.sql,measured,2,5,5,2,0.036,6669.404,2,1,11997996,23995992,11998031,95983968,0,0,lineitem,12640,212280,0,0,61552,61768,0
2026-07-27T12:17:48Z,F346E7F692C196A7,14.23,queries/Core/08_sorting/sort_int.sql,warmup,1,1,1,2,0.228,6738.173,2,1,11997996,23995992,11998031,95983968,0,0,lineitem,12675,212248,0,0,61552,61768,0
2026-07-27T12:17:55Z,F346E7F692C196A7,14.23,queries/Core/08_sorting/sort_int.sql,warmup,2,1,1,2,0.207,6673.899,2,1,11997996,23995992,11998031,95983968,0,0,lineitem,12707,212216,0,0,61552,61768,0
2026-07-27T12:18:28Z,F346E7F692C196A7,14.23,queries/Core/08_sorting/sort_int.sql,measured,1,1,5,2,0.207,6690.803,2,1,11997996,23995992,11998031,95983968,0,0,lineitem,12739,212184,0,0,61552,61768,0
2026-07-27T12:18:28Z,F346E7F692C196A7,14.23,queries/Core/08_sorting/sort_int.sql,measured,1,2,5,2,0.037,6599.402,2,1,11997996,23995992,11998031,95983968,0,0,lineitem,12768,212152,0,0,61552,61768,0
2026-07-27T12:18:28Z,F346E7F692C196A7,14.23,queries/Core/08_sorting/sort_int.sql,measured,1,3,5,2,0.036,6601.604,2,1,11997996,23995992,11998031,95983968,0,0,lineitem,12800,212120,0,0,61552,61768,0
2026-07-27T12:18:28Z,F346E7F692C196A7,14.23,queries/Core/08_sorting/sort_int.sql,measured,1,4,5,2,0.036,6573.231,2,1,11997996,23995992,11998031,95983968,0,0,lineitem,12832,212088,0,0,61552,61768,0
2026-07-27T12:18:28Z,F346E7F692C196A7,14.23,queries/Core/08_sorting/sort_int.sql,measured,1,5,5,2,0.036,6584.228,2,1,11997996,23995992,11998031,95983968,0,0,lineitem,12864,212056,0,0,61552,61768,0
2026-07-27T12:19:02Z,F346E7F692C196A7,14.23,queries/Core/08_sorting/sort_int.sql,measured,2,1,5,2,0.208,6712.195,2,1,11997996,23995992,11998031,95983968,0,0,lineitem,12899,212024,0,0,61552,61768,0
2026-07-27T12:19:02Z,F346E7F692C196A7,14.23,queries/Core/08_sorting/sort_int.sql,measured,2,2,5,2,0.053,6620.445,2,1,11997996,23995992,11998031,95983968,0,0,lineitem,12928,211992,0,0,61552,61768,0
2026-07-27T12:19:02Z,F346E7F692C196A7,14.23,queries/Core/08_sorting/sort_int.sql,measured,2,3,5,2,0.036,6591.729,2,1,11997996,23995992,11998031,95983968,0,0,lineitem,12960,211960,0,0,61552,61768,0
2026-07-27T12:19:02Z,F346E7F692C196A7,14.23,queries/Core/08_sorting/sort_int.sql,measured,2,4,5,2,0.037,6608.541,2,1,11997996,23995992,11998031,95983968,0,0,lineitem,12992,211928,0,0,61552,61768,0
2026-07-27T12:19:02Z,F346E7F692C196A7,14.23,queries/Core/08_sorting/sort_int.sql,measured,2,5,5,2,0.036,6611.233,2,1,11997996,23995992,11998031,95983968,0,0,lineitem,13024,211896,0,0,61552,61768,0
2026-07-27T12:19:06Z,F346E7F692C196A7,14.23,queries/Core/08_sorting/sort_int_presorted.sql,warmup,1,1,1,2,0.219,4921.397,2,1,11997996,23995992,11998031,95983968,0,0,lineitem,13059,211864,0,0,61552,61768,0
2026-07-27T12:19:11Z,F346E7F692C196A7,14.23,queries/Core/08_sorting/sort_int_presorted.sql,warmup,2,1,1,2,0.226,4964.642,2,1,11997996,23995992,11998031,95983968,0,0,lineitem,13091,211832,0,0,61552,61768,0
2026-07-27T12:19:36Z,F346E7F692C196A7,14.23,queries/Core/08_sorting/sort_int_presorted.sql,measured,1,1,5,2,0.227,4933.743,2,1,11997996,23995992,11998031,95983968,0,0,lineitem,13123,211800,0,0,61552,61768,0
2026-07-27T12:19:36Z,F346E7F692C196A7,14.23,queries/Core/08_sorting/sort_int_presorted.sql,measured,1,2,5,2,0.041,4852.932,2,1,11997996,23995992,11998031,95983968,0,0,lineitem,13152,211768,0,0,61552,61768,0
2026-07-27T12:19:36Z,F346E7F692C196A7,14.23,queries/Core/08_sorting/sort_int_presorted.sql,measured,1,3,5,2,0.040,4923.592,2,1,11997996,23995992,11998031,95983968,0,0,lineitem,13184,211736,0,0,61552,61768,0
2026-07-27T12:19:36Z,F346E7F692C196A7,14.23,queries/Core/08_sorting/sort_int_presorted.sql,measured,1,4,5,2,0.041,4870.495,2,1,11997996,23995992,11998031,95983968,0,0,lineitem,13216,211704,0,0,61552,61768,0
2026-07-27T12:19:36Z,F346E7F692C196A7,14.23,queries/Core/08_sorting/sort_int_presorted.sql,measured,1,5,5,2,0.058,4824.454,2,1,11997996,23995992,11998031,95983968,0,0,lineitem,13248,211672,0,0,61552,61768,0
2026-07-27T12:20:00Z,F346E7F692C196A7,14.23,queries/Core/08_sorting/sort_int_presorted.sql,measured,2,1,5,2,0.216,4913.797,2,1,11997996,23995992,11998031,95983968,0,0,lineitem,13283,211640,0,0,61552,61768,0
2026-07-27T12:20:00Z,F346E7F692C196A7,14.23,queries/Core/08_sorting/sort_int_presorted.sql,measured,2,2,5,2,0.041,4908.074,2,1,11997996,23995992,11998031,95983968,0,0,lineitem,13312,211608,0,0,61552,61768,0
2026-07-27T12:20:00Z,F346E7F692C196A7,14.23,queries/Core/08_sorting/sort_int_presorted.sql,measured,2,3,5,2,0.040,4845.650,2,1,11997996,23995992,11998031,95983968,0,0,lineitem,13344,211576,0,0,61552,61768,0
2026-07-27T12:20:00Z,F346E7F692C196A7,14.23,queries/Core/08_sorting/sort_int_presorted.sql,measured,2,4,5,2,0.041,4839.630,2,1,11997996,23995992,11998031,95983968,0,0,lineitem,13376,211544,0,0,61552,61768,0
2026-07-27T12:20:00Z,F346E7F692C196A7,14.23,queries/Core/08_sorting/sort_int_presorted.sql,measured,2,5,5,2,0.041,4954.016,2,1,11997996,23995992,11998031,95983968,0,0,lineitem,13408,211512,0,0,61552,61768,0
2026-07-27T12:20:18Z,F346E7F692C196A7,14.23,queries/Core/08_sorting/sort_numeric.sql,warmup,1,1,1,2,0.286,17126.708,2,1,11997996,23995992,11998031,191967936,0,0,lineitem,13443,211480,0,0,81984,82200,0
2026-07-27T12:20:35Z,F346E7F692C196A7,14.23,queries/Core/08_sorting/sort_numeric.sql,warmup,2,1,1,2,0.258,17084.941,2,1,11997996,23995992,11998031,191967936,0,0,lineitem,13475,211448,0,0,81984,82200,0
2026-07-27T12:22:00Z,F346E7F692C196A7,14.23,queries/Core/08_sorting/sort_numeric.sql,measured,1,1,5,2,0.238,17160.652,2,1,11997996,23995992,11998031,191967936,0,0,lineitem,13507,211416,0,0,81984,82200,0
2026-07-27T12:22:00Z,F346E7F692C196A7,14.23,queries/Core/08_sorting/sort_numeric.sql,measured,1,2,5,2,0.036,17083.272,2,1,11997996,23995992,11998031,191967936,0,0,lineitem,13536,211384,0,0,81984,82200,0
2026-07-27T12:22:00Z,F346E7F692C196A7,14.23,queries/Core/08_sorting/sort_numeric.sql,measured,1,3,5,2,0.037,17075.782,2,1,11997996,23995992,11998031,191967936,0,0,lineitem,13568,211352,0,0,81984,82200,0
2026-07-27T12:22:00Z,F346E7F692C196A7,14.23,queries/Core/08_sorting/sort_numeric.sql,measured,1,4,5,2,0.037,17007.451,2,1,11997996,23995992,11998031,191967936,0,0,lineitem,13600,211320,0,0,81984,82200,0
2026-07-27T12:22:00Z,F346E7F692C196A7,14.23,queries/Core/08_sorting/sort_numeric.sql,measured,1,5,5,2,0.037,17153.590,2,1,11997996,23995992,11998031,191967936,0,0,lineitem,13632,211288,0,0,81984,82200,0
2026-07-27T12:23:26Z,F346E7F692C196A7,14.23,queries/Core/08_sorting/sort_numeric.sql,measured,2,1,5,2,0.256,17154.091,2,1,11997996,23995992,11998031,191967936,0,0,lineitem,13667,211256,0,0,81984,82200,0
2026-07-27T12:23:26Z,F346E7F692C196A7,14.23,queries/Core/08_sorting/sort_numeric.sql,measured,2,2,5,2,0.037,17131.540,2,1,11997996,23995992,11998031,191967936,0,0,lineitem,13696,211224,0,0,81984,82200,0
2026-07-27T12:23:26Z,F346E7F692C196A7,14.23,queries/Core/08_sorting/sort_numeric.sql,measured,2,3,5,2,0.079,17088.662,2,1,11997996,23995992,11998031,191967936,0,0,lineitem,13728,211192,0,0,81984,82200,0
2026-07-27T12:23:26Z,F346E7F692C196A7,14.23,queries/Core/08_sorting/sort_numeric.sql,measured,2,4,5,2,0.037,17025.077,2,1,11997996,23995992,11998031,191967936,0,0,lineitem,13760,211160,0,0,81984,82200,0
2026-07-27T12:23:26Z,F346E7F692C196A7,14.23,queries/Core/08_sorting/sort_numeric.sql,measured,2,5,5,2,0.037,17183.566,2,1,11997996,23995992,11998031,191967936,0,0,lineitem,13792,211128,0,0,81984,82200,0
2026-07-27T12:24:02Z,F346E7F692C196A7,14.23,queries/Core/08_sorting/sort_text.sql,warmup,1,1,1,2,0.269,36199.245,3,1,11997996,35993988,9998360,971837676,0,2,lineitem,13940,211096,0,0,129246,129538,0
2026-07-27T12:24:40Z,F346E7F692C196A7,14.23,queries/Core/08_sorting/sort_text.sql,warmup,2,1,1,2,0.252,37430.771,3,1,11997996,35993988,9998360,971837676,0,2,lineitem,14036,211000,0,0,129245,129537,0
2026-07-27T12:27:49Z,F346E7F692C196A7,14.23,queries/Core/08_sorting/sort_text.sql,measured,1,1,5,2,0.252,38380.060,3,1,11997996,35993988,9998360,971837676,0,2,lineitem,14132,210904,0,0,129241,129533,0
2026-07-27T12:27:49Z,F346E7F692C196A7,14.23,queries/Core/08_sorting/sort_text.sql,measured,1,2,5,2,0.041,38040.052,3,1,11997996,35993988,9998360,971837676,0,2,lineitem,14228,210808,0,0,129247,129539,0
2026-07-27T12:27:49Z,F346E7F692C196A7,14.23,queries/Core/08_sorting/sort_text.sql,measured,1,3,5,2,0.040,37784.171,3,1,11997996,35993988,9998360,971837676,0,2,lineitem,14324,210712,0,0,129248,129540,0
2026-07-27T12:27:49Z,F346E7F692C196A7,14.23,queries/Core/08_sorting/sort_text.sql,measured,1,4,5,2,0.040,37756.731,3,1,11997996,35993988,9998360,971837676,0,2,lineitem,14420,210616,0,0,129247,129539,0
2026-07-27T12:27:49Z,F346E7F692C196A7,14.23,queries/Core/08_sorting/sort_text.sql,measured,1,5,5,2,0.040,37481.073,3,1,11997996,35993988,9998360,971837676,0,2,lineitem,14516,210520,0,0,129195,129486,0
2026-07-27T12:30:58Z,F346E7F692C196A7,14.23,queries/Core/08_sorting/sort_text.sql,measured,2,1,5,2,0.241,37621.906,3,1,11997996,35993988,9998360,971837676,0,2,lineitem,14612,210424,0,0,129248,129541,0
2026-07-27T12:30:58Z,F346E7F692C196A7,14.23,queries/Core/08_sorting/sort_text.sql,measured,2,2,5,2,0.040,37590.698,3,1,11997996,35993988,9998360,971837676,0,2,lineitem,14708,210328,0,0,128677,128968,0
2026-07-27T12:30:58Z,F346E7F692C196A7,14.23,queries/Core/08_sorting/sort_text.sql,measured,2,3,5,2,0.041,37494.655,3,1,11997996,35993988,9998360,971837676,0,2,lineitem,14804,210232,0,0,129247,129540,0
2026-07-27T12:30:58Z,F346E7F692C196A7,14.23,queries/Core/08_sorting/sort_text.sql,measured,2,4,5,2,0.040,37885.281,3,1,11997996,35993988,9998360,971837676,0,2,lineitem,14900,210136,0,0,129196,129488,0
2026-07-27T12:30:58Z,F346E7F692C196A7,14.23,queries/Core/08_sorting/sort_text.sql,measured,2,5,5,2,0.040,37591.818,3,1,11997996,35993988,9998360,971837676,0,2,lineitem,14996,210040,0,0,129250,129543,0
2026-07-27T12:31:04Z,F346E7F692C196A7,14.23,queries/Core/08_sorting/sort_text_collate_c.sql,warmup,1,1,1,2,0.299,6616.917,3,1,11997996,35993988,9998360,4787200404,0,2,lineitem,15092,209944,0,0,245625,246044,0
2026-07-27T12:31:11Z,F346E7F692C196A7,14.23,queries/Core/08_sorting/sort_text_collate_c.sql,warmup,2,1,1,2,0.257,6752.135,3,1,11997996,35993988,9998360,4787200404,0,2,lineitem,15188,209848,0,0,245627,246046,0
2026-07-27T12:31:46Z,F346E7F692C196A7,14.23,queries/Core/08_sorting/sort_text_collate_c.sql,measured,1,1,5,2,0.256,6948.643,3,1,11997996,35993988,9998360,4787200404,0,2,lineitem,15284,209752,0,0,245625,246044,0
2026-07-27T12:31:46Z,F346E7F692C196A7,14.23,queries/Core/08_sorting/sort_text_collate_c.sql,measured,1,2,5,2,0.042,6885.850,3,1,11997996,35993988,9998360,4787200404,0,2,lineitem,15380,209656,0,0,245597,246016,0
2026-07-27T12:31:46Z,F346E7F692C196A7,14.23,queries/Core/08_sorting/sort_text_collate_c.sql,measured,1,3,5,2,0.042,6956.978,3,1,11997996,35993988,9998360,4787200404,0,2,lineitem,15476,209560,0,0,245598,246018,0
2026-07-27T12:31:46Z,F346E7F692C196A7,14.23,queries/Core/08_sorting/sort_text_collate_c.sql,measured,1,4,5,2,0.061,6817.834,3,1,11997996,35993988,9998360,4787200404,0,2,lineitem,15572,209464,0,0,245592,246012,0
2026-07-27T12:31:46Z,F346E7F692C196A7,14.23,queries/Core/08_sorting/sort_text_collate_c.sql,measured,1,5,5,2,0.043,6961.692,3,1,11997996,35993988,9998360,4787200404,0,2,lineitem,15668,209368,0,0,245143,245562,0
2026-07-27T12:32:20Z,F346E7F692C196A7,14.23,queries/Core/08_sorting/sort_text_collate_c.sql,measured,2,1,5,2,0.264,6922.139,3,1,11997996,35993988,9998360,4787200404,0,2,lineitem,15764,209272,0,0,245629,246048,0
2026-07-27T12:32:20Z,F346E7F692C196A7,14.23,queries/Core/08_sorting/sort_text_collate_c.sql,measured,2,2,5,2,0.042,6872.160,3,1,11997996,35993988,9998360,4787200404,0,2,lineitem,15860,209176,0,0,245597,246016,0
2026-07-27T12:32:20Z,F346E7F692C196A7,14.23,queries/Core/08_sorting/sort_text_collate_c.sql,measured,2,3,5,2,0.042,6933.516,3,1,11997996,35993988,9998360,4787200404,0,2,lineitem,15956,209080,0,0,246047,246466,0
2026-07-27T12:32:20Z,F346E7F692C196A7,14.23,queries/Core/08_sorting/sort_text_collate_c.sql,measured,2,4,5,2,0.042,6995.429,3,1,11997996,35993988,9998360,4787200404,0,2,lineitem,16021,209015,0,0,245596,246015,0
2026-07-27T12:32:20Z,F346E7F692C196A7,14.23,queries/Core/08_sorting/sort_text_collate_c.sql,measured,2,5,5,2,0.042,6953.978,3,1,11997996,35993988,9998360,4787200404,0,2,lineitem,16117,208919,0,0,246048,246467,0
2026-07-27T12:32:21Z,F346E7F692C196A7,14.23,queries/Core/08_sorting/sort_topn_100.sql,warmup,1,1,1,2,0.237,721.220,4,1,100,11998436,100,47993744,0,2,lineitem,16133,208901,0,0,0,0,0
2026-07-27T12:32:22Z,F346E7F692C196A7,14.23,queries/Core/08_sorting/sort_topn_100.sql,warmup,2,1,1,2,0.319,733.435,4,1,100,11998433,100,47993732,0,2,lineitem,16162,208872,0,0,0,0,0
2026-07-27T12:32:26Z,F346E7F692C196A7,14.23,queries/Core/08_sorting/sort_topn_100.sql,measured,1,1,5,2,0.346,736.232,4,1,100,11998442,100,47993768,0,2,lineitem,16232,208802,0,0,0,0,0
2026-07-27T12:32:26Z,F346E7F692C196A7,14.23,queries/Core/08_sorting/sort_topn_100.sql,measured,1,2,5,2,0.045,709.590,4,1,100,11998436,100,47993744,0,2,lineitem,16265,208769,0,0,0,0,0
2026-07-27T12:32:26Z,F346E7F692C196A7,14.23,queries/Core/08_sorting/sort_topn_100.sql,measured,1,3,5,2,0.044,709.430,4,1,100,11998442,100,47993768,0,2,lineitem,16291,208743,0,0,0,0,0
2026-07-27T12:32:26Z,F346E7F692C196A7,14.23,queries/Core/08_sorting/sort_topn_100.sql,measured,1,4,5,2,0.061,712.268,4,1,100,11998439,100,47993756,0,2,lineitem,16325,208709,0,0,0,0,0
2026-07-27T12:32:26Z,F346E7F692C196A7,14.23,queries/Core/08_sorting/sort_topn_100.sql,measured,1,5,5,2,0.044,712.868,4,1,100,11998436,100,47993744,0,2,lineitem,16325,208709,0,0,0,0,0
2026-07-27T12:32:29Z,F346E7F692C196A7,14.23,queries/Core/08_sorting/sort_topn_100.sql,measured,2,1,5,2,0.317,734.775,4,1,100,11998436,100,47993744,0,2,lineitem,16304,208730,0,0,0,0,0
2026-07-27T12:32:29Z,F346E7F692C196A7,14.23,queries/Core/08_sorting/sort_topn_100.sql,measured,2,2,5,2,0.044,712.080,4,1,100,11998436,100,47993744,0,2,lineitem,16304,208730,0,0,0,0,0
2026-07-27T12:32:29Z,F346E7F692C196A7,14.23,queries/Core/08_sorting/sort_topn_100.sql,measured,2,3,5,2,0.044,713.168,4,1,100,11998433,100,47993732,0,2,lineitem,16329,208705,0,0,0,0,0
2026-07-27T12:32:29Z,F346E7F692C196A7,14.23,queries/Core/08_sorting/sort_topn_100.sql,measured,2,4,5,2,0.044,713.106,4,1,100,11998439,100,47993756,0,2,lineitem,16331,208703,0,0,0,0,0
2026-07-27T12:32:29Z,F346E7F692C196A7,14.23,queries/Core/08_sorting/sort_topn_100.sql,measured,2,5,5,2,0.044,715.540,4,1,100,11998436,100,47993744,0,2,lineitem,16333,208701,0,0,0,0,0
2026-07-27T12:32:32Z,F346E7F692C196A7,14.23,queries/Core/09_set_operations/except.sql,warmup,1,1,1,2,0.297,2741.198,6,4,0,18000000,173571,120000000,0,0,"*SELECT*;orders,32,104342,0,0,0,0,0
2026-07-27T12:32:35Z,F346E7F692C196A7,14.23,queries/Core/09_set_operations/except.sql,warmup,2,1,1,2,0.220,2680.056,6,4,0,18000000,173571,120000000,0,0,"*SELECT*;orders,160,104214,0,0,0,0,0
2026-07-27T12:32:49Z,F346E7F692C196A7,14.23,queries/Core/09_set_operations/except.sql,measured,1,1,5,2,0.204,2758.172,6,4,0,18000000,173571,120000000,0,0,"*SELECT*;orders,288,104086,0,0,0,0,0
2026-07-27T12:32:49Z,F346E7F692C196A7,14.23,queries/Core/09_set_operations/except.sql,measured,1,2,5,2,0.058,2673.583,6,4,0,18000000,173571,120000000,0,0,"*SELECT*;orders,416,103958,0,0,0,0,0
2026-07-27T12:32:49Z,F346E7F692C196A7,14.23,queries/Core/09_set_operations/except.sql,measured,1,3,5,2,0.058,2682.194,6,4,0,18000000,173571,120000000,0,0,"*SELECT*;orders,544,103830,0,0,0,0,0
2026-07-27T12:32:49Z,F346E7F692C196A7,14.23,queries/Core/09_set_operations/except.sql,measured,1,4,5,2,0.058,2703.099,6,4,0,18000000,173571,120000000,0,0,"*SELECT*;orders,672,103702,0,0,0,0,0
2026-07-27T12:32:49Z,F346E7F692C196A7,14.23,queries/Core/09_set_operations/except.sql,measured,1,5,5,2,0.074,2669.305,6,4,0,18000000,173571,120000000,0,0,"*SELECT*;orders,800,103574,0,0,0,0,0
2026-07-27T12:33:02Z,F346E7F692C196A7,14.23,queries/Core/09_set_operations/except.sql,measured,2,1,5,2,0.206,2643.729,6,4,0,18000000,173571,120000000,0,0,"*SELECT*;orders,928,103446,0,0,0,0,0
2026-07-27T12:33:02Z,F346E7F692C196A7,14.23,queries/Core/09_set_operations/except.sql,measured,2,2,5,2,0.058,2632.492,6,4,0,18000000,173571,120000000,0,0,"*SELECT*;orders,1056,103318,0,0,0,0,0
2026-07-27T12:33:02Z,F346E7F692C196A7,14.23,queries/Core/09_set_operations/except.sql,measured,2,3,5,2,0.069,2637.054,6,4,0,18000000,173571,120000000,0,0,"*SELECT*;orders,1184,103190,0,0,0,0,0
2026-07-27T12:33:02Z,F346E7F692C196A7,14.23,queries/Core/09_set_operations/except.sql,measured,2,4,5,2,0.055,2658.655,6,4,0,18000000,173571,120000000,0,0,"*SELECT*;orders,1312,103062,0,0,0,0,0
2026-07-27T12:33:02Z,F346E7F692C196A7,14.23,queries/Core/09_set_operations/except.sql,measured,2,5,5,2,0.057,2644.374,6,4,0,18000000,173571,120000000,0,0,"*SELECT*;orders,1440,102934,0,0,0,0,0
2026-07-27T12:33:05Z,F346E7F692C196A7,14.23,queries/Core/09_set_operations/except_all.sql,warmup,1,1,1,2,0.203,2644.523,6,4,0,18000000,3000075,120000000,0,0,"*SELECT*;orders,1568,102806,0,0,0,0,0
2026-07-27T12:33:07Z,F346E7F692C196A7,14.23,queries/Core/09_set_operations/except_all.sql,warmup,2,1,1,2,0.206,2685.627,6,4,0,18000000,3000075,120000000,0,0,"*SELECT*;orders,1696,102678,0,0,0,0,0
2026-07-27T12:33:21Z,F346E7F692C196A7,14.23,queries/Core/09_set_operations/except_all.sql,measured,1,1,5,2,0.203,2649.008,6,4,0,18000000,3000075,120000000,0,0,"*SELECT*;orders,1824,102550,0,0,0,0,0
2026-07-27T12:33:21Z,F346E7F692C196A7,14.23,queries/Core/09_set_operations/except_all.sql,measured,1,2,5,2,0.073,2620.116,6,4,0,18000000,3000075,120000000,0,0,"*SELECT*;orders,1952,102422,0,0,0,0,0
2026-07-27T12:33:21Z,F346E7F692C196A7,14.23,queries/Core/09_set_operations/except_all.sql,measured,1,3,5,2,0.057,2626.465,6,4,0,18000000,3000075,120000000,0,0,"*SELECT*;orders,2080,102294,0,0,0,0,0
2026-07-27T12:33:21Z,F346E7F692C196A7,14.23,queries/Core/09_set_operations/except_all.sql,measured,1,4,5,2,0.056,2665.506,6,4,0,18000000,3000075,120000000,0,0,"*SELECT*;orders,2208,102166,0,0,0,0,0
2026-07-27T12:33:21Z,F346E7F692C196A7,14.23,queries/Core/09_set_operations/except_all.sql,measured,1,5,5,2,0.057,2635.714,6,4,0,18000000,3000075,120000000,0,0,"*SELECT*;orders,2336,102038,0,0,0,0,0
2026-07-27T12:33:34Z,F346E7F692C196A7,14.23,queries/Core/09_set_operations/except_all.sql,measured,2,1,5,2,0.217,2633.392,6,4,0,18000000,3000075,120000000,0,0,"*SELECT*;orders,2464,101910,0,0,0,0,0
2026-07-27T12:33:34Z,F346E7F692C196A7,14.23,queries/Core/09_set_operations/except_all.sql,measured,2,2,5,2,0.057,2626.507,6,4,0,18000000,3000075,120000000,0,0,"*SELECT*;orders,2592,101782,0,0,0,0,0
2026-07-27T12:33:34Z,F346E7F692C196A7,14.23,queries/Core/09_set_operations/except_all.sql,measured,2,3,5,2,0.057,2621.922,6,4,0,18000000,3000075,120000000,0,0,"*SELECT*;orders,2720,101654,0,0,0,0,0
2026-07-27T12:33:34Z,F346E7F692C196A7,14.23,queries/Core/09_set_operations/except_all.sql,measured,2,4,5,2,0.057,2626.836,6,4,0,18000000,3000075,120000000,0,0,"*SELECT*;orders,2848,101526,0,0,0,0,0
2026-07-27T12:33:34Z,F346E7F692C196A7,14.23,queries/Core/09_set_operations/except_all.sql,measured,2,5,5,2,0.065,2615.102,6,4,0,18000000,3000075,120000000,0,0,"*SELECT*;orders,2976,101398,0,0,0,0,0
2026-07-27T12:33:36Z,F346E7F692C196A7,14.23,queries/Core/09_set_operations/intersect.sql,warmup,1,1,1,2,0.206,2689.316,6,4,199998,18199998,173571,121599984,0,0,"*SELECT*;orders,3104,101270,0,0,0,0,0
2026-07-27T12:33:39Z,F346E7F692C196A7,14.23,queries/Core/09_set_operations/intersect.sql,warmup,2,1,1,2,0.203,2663.375,6,4,199998,18199998,173571,121599984,0,0,"*SELECT*;orders,3232,101142,0,0,0,0,0
2026-07-27T12:33:53Z,F346E7F692C196A7,14.23,queries/Core/09_set_operations/intersect.sql,measured,1,1,5,2,0.203,2659.042,6,4,199998,18199998,173571,121599984,0,0,"*SELECT*;orders,3360,101014,0,0,0,0,0
2026-07-27T12:33:53Z,F346E7F692C196A7,14.23,queries/Core/09_set_operations/intersect.sql,measured,1,2,5,2,0.058,2641.144,6,4,199998,18199998,173571,121599984,0,0,"*SELECT*;orders,3488,100886,0,0,0,0,0
2026-07-27T12:33:53Z,F346E7F692C196A7,14.23,queries/Core/09_set_operations/intersect.sql,measured,1,3,5,2,0.057,2655.418,6,4,199998,18199998,173571,121599984,0,0,"*SELECT*;orders,3616,100758,0,0,0,0,0
2026-07-27T12:33:53Z,F346E7F692C196A7,14.23,queries/Core/09_set_operations/intersect.sql,measured,1,4,5,2,0.074,2653.494,6,4,199998,18199998,173571,121599984,0,0,"*SELECT*;orders,3744,100630,0,0,0,0,0
2026-07-27T12:33:53Z,F346E7F692C196A7,14.23,queries/Core/09_set_operations/intersect.sql,measured,1,5,5,2,0.058,2671.029,6,4,199998,18199998,173571,121599984,0,0,"*SELECT*;orders,3872,100502,0,0,0,0,0
2026-07-27T12:34:06Z,F346E7F692C196A7,14.23,queries/Core/09_set_operations/intersect.sql,measured,2,1,5,2,0.204,2649.291,6,4,199998,18199998,173571,121599984,0,0,"*SELECT*;orders,4000,100374,0,0,0,0,0
2026-07-27T12:34:06Z,F346E7F692C196A7,14.23,queries/Core/09_set_operations/intersect.sql,measured,2,2,5,2,0.068,2642.677,6,4,199998,18199998,173571,121599984,0,0,"*SELECT*;orders,4128,100246,0,0,0,0,0
2026-07-27T12:34:06Z,F346E7F692C196A7,14.23,queries/Core/09_set_operations/intersect.sql,measured,2,3,5,2,0.057,2625.415,6,4,199998,18199998,173571,121599984,0,0,"*SELECT*;orders,4256,100118,0,0,0,0,0
2026-07-27T12:34:06Z,F346E7F692C196A7,14.23,queries/Core/09_set_operations/intersect.sql,measured,2,4,5,2,0.057,2627.650,6,4,199998,18199998,173571,121599984,0,0,"*SELECT*;orders,4384,99990,0,0,0,0,0
2026-07-27T12:34:06Z,F346E7F692C196A7,14.23,queries/Core/09_set_operations/intersect.sql,measured,2,5,5,2,0.057,2633.933,6,4,199998,18199998,173571,121599984,0,0,"*SELECT*;orders,4512,99862,0,0,0,0,0
2026-07-27T12:34:09Z,F346E7F692C196A7,14.23,queries/Core/09_set_operations/intersect_all.sql,warmup,1,1,1,2,0.228,2726.360,6,4,3000000,21000000,3000075,144000000,0,0,"*SELECT*;orders,4640,99734,0,0,0,0,0
2026-07-27T12:34:11Z,F346E7F692C196A7,14.23,queries/Core/09_set_operations/intersect_all.sql,warmup,2,1,1,2,0.205,2755.546,6,4,3000000,21000000,3000075,144000000,0,0,"*SELECT*;orders,4768,99606,0,0,0,0,0
2026-07-27T12:34:25Z,F346E7F692C196A7,14.23,queries/Core/09_set_operations/intersect_all.sql,measured,1,1,5,2,0.223,2739.616,6,4,3000000,21000000,3000075,144000000,0,0,"*SELECT*;orders,4896,99478,0,0,0,0,0
2026-07-27T12:34:25Z,F346E7F692C196A7,14.23,queries/Core/09_set_operations/intersect_all.sql,measured,1,2,5,2,0.046,2713.102,6,4,3000000,21000000,3000075,144000000,0,0,"*SELECT*;orders,5024,99350,0,0,0,0,0
2026-07-27T12:34:25Z,F346E7F692C196A7,14.23,queries/Core/09_set_operations/intersect_all.sql,measured,1,3,5,2,0.045,2692.116,6,4,3000000,21000000,3000075,144000000,0,0,"*SELECT*;orders,5152,99222,0,0,0,0,0
2026-07-27T12:34:25Z,F346E7F692C196A7,14.23,queries/Core/09_set_operations/intersect_all.sql,measured,1,4,5,2,0.045,2706.665,6,4,3000000,21000000,3000075,144000000,0,0,"*SELECT*;orders,5280,99094,0,0,0,0,0
2026-07-27T12:34:25Z,F346E7F692C196A7,14.23,queries/Core/09_set_operations/intersect_all.sql,measured,1,5,5,2,0.045,2702.179,6,4,3000000,21000000,3000075,144000000,0,0,"*SELECT*;orders,5408,98966,0,0,0,0,0
2026-07-27T12:34:39Z,F346E7F692C196A7,14.23,queries/Core/09_set_operations/intersect_all.sql,measured,2,1,5,2,0.218,2739.486,6,4,3000000,21000000,3000075,144000000,0,0,"*SELECT*;orders,5536,98838,0,0,0,0,0
2026-07-27T12:34:39Z,F346E7F692C196A7,14.23,queries/Core/09_set_operations/intersect_all.sql,measured,2,2,5,2,0.045,2715.680,6,4,3000000,21000000,3000075,144000000,0,0,"*SELECT*;orders,5664,98710,0,0,0,0,0
2026-07-27T12:34:39Z,F346E7F692C196A7,14.23,queries/Core/09_set_operations/intersect_all.sql,measured,2,3,5,2,0.046,2707.193,6,4,3000000,21000000,3000075,144000000,0,0,"*SELECT*;orders,5792,98582,0,0,0,0,0
2026-07-27T12:34:39Z,F346E7F692C196A7,14.23,queries/Core/09_set_operations/intersect_all.sql,measured,2,4,5,2,0.045,2717.903,6,4,3000000,21000000,3000075,144000000,0,0,"*SELECT*;orders,5920,98454,0,0,0,0,0
2026-07-27T12:34:39Z,F346E7F692C196A7,14.23,queries/Core/09_set_operations/intersect_all.sql,measured,2,5,5,2,0.045,2718.570,6,4,3000000,21000000,3000075,144000000,0,0,"*SELECT*;orders,6048,98326,0,0,0,0,0
2026-07-27T12:34:42Z,F346E7F692C196A7,14.23,queries/Core/09_set_operations/union.sql,warmup,1,1,1,2,0.219,3355.170,5,2,199998,18199998,6000150,72799992,0,0,orders,6179,98198,0,0,25793,25900,0
2026-07-27T12:34:45Z,F346E7F692C196A7,14.23,queries/Core/09_set_operations/union.sql,warmup,2,1,1,2,0.238,3408.868,5,2,199998,18199998,6000150,72799992,0,0,orders,6307,98070,0,0,25793,25900,0
2026-07-27T12:35:02Z,F346E7F692C196A7,14.23,queries/Core/09_set_operations/union.sql,measured,1,1,5,2,0.236,3388.747,5,2,199998,18199998,6000150,72799992,0,0,orders,6435,97942,0,0,25793,25900,0
2026-07-27T12:35:02Z,F346E7F692C196A7,14.23,queries/Core/09_set_operations/union.sql,measured,1,2,5,2,0.047,3327.179,5,2,199998,18199998,6000150,72799992,0,0,orders,6560,97814,0,0,25793,25900,0
2026-07-27T12:35:02Z,F346E7F692C196A7,14.23,queries/Core/09_set_operations/union.sql,measured,1,3,5,2,0.046,3267.967,5,2,199998,18199998,6000150,72799992,0,0,orders,6688,97686,0,0,25793,25900,0
2026-07-27T12:35:02Z,F346E7F692C196A7,14.23,queries/Core/09_set_operations/union.sql,measured,1,4,5,2,0.049,3320.596,5,2,199998,18199998,6000150,72799992,0,0,orders,6816,97558,0,0,25793,25900,0
2026-07-27T12:35:02Z,F346E7F692C196A7,14.23,queries/Core/09_set_operations/union.sql,measured,1,5,5,2,0.047,3279.390,5,2,199998,18199998,6000150,72799992,0,0,orders,6944,97430,0,0,25793,25900,0
2026-07-27T12:35:19Z,F346E7F692C196A7,14.23,queries/Core/09_set_operations/union.sql,measured,2,1,5,2,0.224,3355.101,5,2,199998,18199998,6000150,72799992,0,0,orders,7075,97302,0,0,25793,25900,0
2026-07-27T12:35:19Z,F346E7F692C196A7,14.23,queries/Core/09_set_operations/union.sql,measured,2,2,5,2,0.047,3271.715,5,2,199998,18199998,6000150,72799992,0,0,orders,7200,97174,0,0,25793,25900,0
2026-07-27T12:35:19Z,F346E7F692C196A7,14.23,queries/Core/09_set_operations/union.sql,measured,2,3,5,2,0.048,3352.282,5,2,199998,18199998,6000150,72799992,0,0,orders,7328,97046,0,0,25793,25900,0
2026-07-27T12:35:19Z,F346E7F692C196A7,14.23,queries/Core/09_set_operations/union.sql,measured,2,4,5,2,0.047,3281.236,5,2,199998,18199998,6000150,72799992,0,0,orders,7456,96918,0,0,25793,25900,0
2026-07-27T12:35:19Z,F346E7F692C196A7,14.23,queries/Core/09_set_operations/union.sql,measured,2,5,5,2,0.047,3326.883,5,2,199998,18199998,6000150,72799992,0,0,orders,7584,96790,0,0,25793,25900,0
2026-07-27T12:35:20Z,F346E7F692C196A7,14.23,queries/Core/09_set_operations/union_all.sql,warmup,1,1,1,2,0.189,721.764,3,2,6000000,12000000,6000150,48000000,0,0,orders,7712,96662,0,0,0,0,0
2026-07-27T12:35:20Z,F346E7F692C196A7,14.23,queries/Core/09_set_operations/union_all.sql,warmup,2,1,1,2,0.187,723.033,3,2,6000000,12000000,6000150,48000000,0,0,orders,7840,96534,0,0,0,0,0
2026-07-27T12:35:24Z,F346E7F692C196A7,14.23,queries/Core/09_set_operations/union_all.sql,measured,1,1,5,2,0.204,719.032,3,2,6000000,12000000,6000150,48000000,0,0,orders,7968,96406,0,0,0,0,0
2026-07-27T12:35:24Z,F346E7F692C196A7,14.23,queries/Core/09_set_operations/union_all.sql,measured,1,2,5,2,0.045,700.736,3,2,6000000,12000000,6000150,48000000,0,0,orders,8096,96278,0,0,0,0,0
2026-07-27T12:35:24Z,F346E7F692C196A7,14.23,queries/Core/09_set_operations/union_all.sql,measured,1,3,5,2,0.045,698.754,3,2,6000000,12000000,6000150,48000000,0,0,orders,8224,96150,0,0,0,0,0
2026-07-27T12:35:24Z,F346E7F692C196A7,14.23,queries/Core/09_set_operations/union_all.sql,measured,1,4,5,2,0.045,697.645,3,2,6000000,12000000,6000150,48000000,0,0,orders,8352,96022,0,0,0,0,0
2026-07-27T12:35:24Z,F346E7F692C196A7,14.23,queries/Core/09_set_operations/union_all.sql,measured,1,5,5,2,0.045,702.348,3,2,6000000,12000000,6000150,48000000,0,0,orders,8480,95894,0,0,0,0,0
2026-07-27T12:35:28Z,F346E7F692C196A7,14.23,queries/Core/09_set_operations/union_all.sql,measured,2,1,5,2,0.191,717.630,3,2,6000000,12000000,6000150,48000000,0,0,orders,8608,95766,0,0,0,0,0
2026-07-27T12:35:28Z,F346E7F692C196A7,14.23,queries/Core/09_set_operations/union_all.sql,measured,2,2,5,2,0.044,700.941,3,2,6000000,12000000,6000150,48000000,0,0,orders,8736,95638,0,0,0,0,0
2026-07-27T12:35:28Z,F346E7F692C196A7,14.23,queries/Core/09_set_operations/union_all.sql,measured,2,3,5,2,0.063,699.954,3,2,6000000,12000000,6000150,48000000,0,0,orders,8864,95510,0,0,0,0,0
2026-07-27T12:35:28Z,F346E7F692C196A7,14.23,queries/Core/09_set_operations/union_all.sql,measured,2,4,5,2,0.045,699.599,3,2,6000000,12000000,6000150,48000000,0,0,orders,8992,95382,0,0,0,0,0
2026-07-27T12:35:28Z,F346E7F692C196A7,14.23,queries/Core/09_set_operations/union_all.sql,measured,2,5,5,2,0.045,695.632,3,2,6000000,12000000,6000150,48000000,0,0,orders,9120,95254,0,0,0,0,0
2026-07-27T12:35:28Z,F346E7F692C196A7,14.23,queries/Core/10_subqueries_ctes/cte_inline.sql,warmup,1,1,1,2,0.191,294.701,1,1,3000000,3000000,3000075,12000000,0,0,orders,4608,47579,0,0,0,0,0
2026-07-27T12:35:28Z,F346E7F692C196A7,14.23,queries/Core/10_subqueries_ctes/cte_inline.sql,warmup,2,1,1,2,0.172,294.801,1,1,3000000,3000000,3000075,12000000,0,0,orders,4640,47547,0,0,0,0,0
2026-07-27T12:35:30Z,F346E7F692C196A7,14.23,queries/Core/10_subqueries_ctes/cte_inline.sql,measured,1,1,5,2,0.195,294.364,1,1,3000000,3000000,3000075,12000000,0,0,orders,4672,47515,0,0,0,0,0
2026-07-27T12:35:30Z,F346E7F692C196A7,14.23,queries/Core/10_subqueries_ctes/cte_inline.sql,measured,1,2,5,2,0.034,292.790,1,1,3000000,3000000,3000075,12000000,0,0,orders,4704,47483,0,0,0,0,0
2026-07-27T12:35:30Z,F346E7F692C196A7,14.23,queries/Core/10_subqueries_ctes/cte_inline.sql,measured,1,3,5,2,0.034,289.324,1,1,3000000,3000000,3000075,12000000,0,0,orders,4736,47451,0,0,0,0,0
2026-07-27T12:35:30Z,F346E7F692C196A7,14.23,queries/Core/10_subqueries_ctes/cte_inline.sql,measured,1,4,5,2,0.034,292.151,1,1,3000000,3000000,3000075,12000000,0,0,orders,4768,47419,0,0,0,0,0
2026-07-27T12:35:30Z,F346E7F692C196A7,14.23,queries/Core/10_subqueries_ctes/cte_inline.sql,measured,1,5,5,2,0.034,290.553,1,1,3000000,3000000,3000075,12000000,0,0,orders,4800,47387,0,0,0,0,0
2026-07-27T12:35:31Z,F346E7F692C196A7,14.23,queries/Core/10_subqueries_ctes/cte_inline.sql,measured,2,1,5,2,0.172,294.303,1,1,3000000,3000000,3000075,12000000,0,0,orders,4832,47355,0,0,0,0,0
2026-07-27T12:35:31Z,F346E7F692C196A7,14.23,queries/Core/10_subqueries_ctes/cte_inline.sql,measured,2,2,5,2,0.034,290.000,1,1,3000000,3000000,3000075,12000000,0,0,orders,4864,47323,0,0,0,0,0
2026-07-27T12:35:31Z,F346E7F692C196A7,14.23,queries/Core/10_subqueries_ctes/cte_inline.sql,measured,2,3,5,2,0.033,290.145,1,1,3000000,3000000,3000075,12000000,0,0,orders,4896,47291,0,0,0,0,0
2026-07-27T12:35:31Z,F346E7F692C196A7,14.23,queries/Core/10_subqueries_ctes/cte_inline.sql,measured,2,4,5,2,0.034,293.596,1,1,3000000,3000000,3000075,12000000,0,0,orders,4928,47259,0,0,0,0,0
2026-07-27T12:35:31Z,F346E7F692C196A7,14.23,queries/Core/10_subqueries_ctes/cte_inline.sql,measured,2,5,5,2,0.034,290.733,1,1,3000000,3000000,3000075,12000000,0,0,orders,4960,47227,0,0,0,0,0
2026-07-27T12:35:32Z,F346E7F692C196A7,14.23,queries/Core/10_subqueries_ctes/cte_materialized.sql,warmup,1,1,1,2,0.179,709.981,2,2,3000000,6000000,3000075,24000000,0,0,w;orders,4992,47195,0,0,0,5126,0
2026-07-27T12:35:33Z,F346E7F692C196A7,14.23,queries/Core/10_subqueries_ctes/cte_materialized.sql,warmup,2,1,1,2,0.180,711.272,2,2,3000000,6000000,3000075,24000000,0,0,w;orders,5024,47163,0,0,0,5126,0
2026-07-27T12:35:37Z,F346E7F692C196A7,14.23,queries/Core/10_subqueries_ctes/cte_materialized.sql,measured,1,1,5,2,0.179,705.993,2,2,3000000,6000000,3000075,24000000,0,0,w;orders,5056,47131,0,0,0,5126,0
2026-07-27T12:35:37Z,F346E7F692C196A7,14.23,queries/Core/10_subqueries_ctes/cte_materialized.sql,measured,1,2,5,2,0.054,752.541,2,2,3000000,6000000,3000075,24000000,0,0,w;orders,5088,47099,0,0,0,5126,0
2026-07-27T12:35:37Z,F346E7F692C196A7,14.23,queries/Core/10_subqueries_ctes/cte_materialized.sql,measured,1,3,5,2,0.036,684.632,2,2,3000000,6000000,3000075,24000000,0,0,w;orders,5120,47067,0,0,0,5126,0
2026-07-27T12:35:37Z,F346E7F692C196A7,14.23,queries/Core/10_subqueries_ctes/cte_materialized.sql,measured,1,4,5,2,0.053,683.983,2,2,3000000,6000000,3000075,24000000,0,0,w;orders,5152,47035,0,0,0,5126,0
2026-07-27T12:35:37Z,F346E7F692C196A7,14.23,queries/Core/10_subqueries_ctes/cte_materialized.sql,measured,1,5,5,2,0.036,684.811,2,2,3000000,6000000,3000075,24000000,0,0,w;orders,5184,47003,0,0,0,5126,0
2026-07-27T12:35:40Z,F346E7F692C196A7,14.23,queries/Core/10_subqueries_ctes/cte_materialized.sql,measured,2,1,5,2,0.195,709.839,2,2,3000000,6000000,3000075,24000000,0,0,w;orders,5216,46971,0,0,0,5126,0
2026-07-27T12:35:40Z,F346E7F692C196A7,14.23,queries/Core/10_subqueries_ctes/cte_materialized.sql,measured,2,2,5,2,0.037,691.790,2,2,3000000,6000000,3000075,24000000,0,0,w;orders,5248,46939,0,0,0,5126,0
2026-07-27T12:35:40Z,F346E7F692C196A7,14.23,queries/Core/10_subqueries_ctes/cte_materialized.sql,measured,2,3,5,2,0.036,682.980,2,2,3000000,6000000,3000075,24000000,0,0,w;orders,5280,46907,0,0,0,5126,0
2026-07-27T12:35:40Z,F346E7F692C196A7,14.23,queries/Core/10_subqueries_ctes/cte_materialized.sql,measured,2,4,5,2,0.036,745.837,2,2,3000000,6000000,3000075,24000000,0,0,w;orders,5312,46875,0,0,0,5126,0
2026-07-27T12:35:40Z,F346E7F692C196A7,14.23,queries/Core/10_subqueries_ctes/cte_materialized.sql,measured,2,5,5,2,0.036,691.639,2,2,3000000,6000000,3000075,24000000,0,0,w;orders,5344,46843,0,0,0,5126,0
2026-07-27T12:35:41Z,F346E7F692C196A7,14.23,queries/Core/10_subqueries_ctes/cte_recursive.sql,warmup,1,1,1,2,0.102,432.556,4,2,1000000,3000001,31,12000004,0,0,t,0,0,0,0,0,1708,0
2026-07-27T12:35:41Z,F346E7F692C196A7,14.23,queries/Core/10_subqueries_ctes/cte_recursive.sql,warmup,2,1,1,2,0.082,434.526,4,2,1000000,3000001,31,12000004,0,0,t,0,0,0,0,0,1708,0
2026-07-27T12:35:44Z,F346E7F692C196A7,14.23,queries/Core/10_subqueries_ctes/cte_recursive.sql,measured,1,1,5,2,0.087,432.064,4,2,1000000,3000001,31,12000004,0,0,t,0,0,0,0,0,1708,0
2026-07-27T12:35:44Z,F346E7F692C196A7,14.23,queries/Core/10_subqueries_ctes/cte_recursive.sql,measured,1,2,5,2,0.052,434.764,4,2,1000000,3000001,31,12000004,0,0,t,0,0,0,0,0,1708,0
2026-07-27T12:35:44Z,F346E7F692C196A7,14.23,queries/Core/10_subqueries_ctes/cte_recursive.sql,measured,1,3,5,2,0.041,431.631,4,2,1000000,3000001,31,12000004,0,0,t,0,0,0,0,0,1708,0
2026-07-27T12:35:44Z,F346E7F692C196A7,14.23,queries/Core/10_subqueries_ctes/cte_recursive.sql,measured,1,4,5,2,0.042,431.552,4,2,1000000,3000001,31,12000004,0,0,t,0,0,0,0,0,1708,0
2026-07-27T12:35:44Z,F346E7F692C196A7,14.23,queries/Core/10_subqueries_ctes/cte_recursive.sql,measured,1,5,5,2,0.042,431.745,4,2,1000000,3000001,31,12000004,0,0,t,0,0,0,0,0,1708,0
2026-07-27T12:35:46Z,F346E7F692C196A7,14.23,queries/Core/10_subqueries_ctes/cte_recursive.sql,measured,2,1,5,2,0.098,435.044,4,2,1000000,3000001,31,12000004,0,0,t,0,0,0,0,0,1708,0
2026-07-27T12:35:46Z,F346E7F692C196A7,14.23,queries/Core/10_subqueries_ctes/cte_recursive.sql,measured,2,2,5,2,0.051,488.760,4,2,1000000,3000001,31,12000004,0,0,t,0,0,0,0,0,1708,0
2026-07-27T12:35:46Z,F346E7F692C196A7,14.23,queries/Core/10_subqueries_ctes/cte_recursive.sql,measured,2,3,5,2,0.042,433.745,4,2,1000000,3000001,31,12000004,0,0,t,0,0,0,0,0,1708,0
2026-07-27T12:35:46Z,F346E7F692C196A7,14.23,queries/Core/10_subqueries_ctes/cte_recursive.sql,measured,2,4,5,2,0.041,431.465,4,2,1000000,3000001,31,12000004,0,0,t,0,0,0,0,0,1708,0
2026-07-27T12:35:46Z,F346E7F692C196A7,14.23,queries/Core/10_subqueries_ctes/cte_recursive.sql,measured,2,5,5,2,0.044,433.653,4,2,1000000,3000001,31,12000004,0,0,t,0,0,0,0,0,1708,0
2026-07-27T12:35:46Z,F346E7F692C196A7,14.23,queries/Core/10_subqueries_ctes/from_subquery.sql,warmup,1,1,1,2,0.171,294.584,1,1,3000000,3000000,3000075,12000000,0,0,orders,5376,46811,0,0,0,0,0
2026-07-27T12:35:47Z,F346E7F692C196A7,14.23,queries/Core/10_subqueries_ctes/from_subquery.sql,warmup,2,1,1,2,0.185,293.880,1,1,3000000,3000000,3000075,12000000,0,0,orders,5408,46779,0,0,0,0,0
2026-07-27T12:35:48Z,F346E7F692C196A7,14.23,queries/Core/10_subqueries_ctes/from_subquery.sql,measured,1,1,5,2,0.171,298.292,1,1,3000000,3000000,3000075,12000000,0,0,orders,5440,46747,0,0,0,0,0
2026-07-27T12:35:48Z,F346E7F692C196A7,14.23,queries/Core/10_subqueries_ctes/from_subquery.sql,measured,1,2,5,2,0.032,292.374,1,1,3000000,3000000,3000075,12000000,0,0,orders,5472,46715,0,0,0,0,0
2026-07-27T12:35:48Z,F346E7F692C196A7,14.23,queries/Core/10_subqueries_ctes/from_subquery.sql,measured,1,3,5,2,0.038,291.376,1,1,3000000,3000000,3000075,12000000,0,0,orders,5504,46683,0,0,0,0,0
2026-07-27T12:35:48Z,F346E7F692C196A7,14.23,queries/Core/10_subqueries_ctes/from_subquery.sql,measured,1,4,5,2,0.031,290.506,1,1,3000000,3000000,3000075,12000000,0,0,orders,5536,46651,0,0,0,0,0
2026-07-27T12:35:48Z,F346E7F692C196A7,14.23,queries/Core/10_subqueries_ctes/from_subquery.sql,measured,1,5,5,2,0.032,289.634,1,1,3000000,3000000,3000075,12000000,0,0,orders,5568,46619,0,0,0,0,0
2026-07-27T12:35:50Z,F346E7F692C196A7,14.23,queries/Core/10_subqueries_ctes/from_subquery.sql,measured,2,1,5,2,0.181,293.644,1,1,3000000,3000000,3000075,12000000,0,0,orders,5600,46587,0,0,0,0,0
2026-07-27T12:35:50Z,F346E7F692C196A7,14.23,queries/Core/10_subqueries_ctes/from_subquery.sql,measured,2,2,5,2,0.031,288.924,1,1,3000000,3000000,3000075,12000000,0,0,orders,5632,46555,0,0,0,0,0
2026-07-27T12:35:50Z,F346E7F692C196A7,14.23,queries/Core/10_subqueries_ctes/from_subquery.sql,measured,2,3,5,2,0.031,290.867,1,1,3000000,3000000,3000075,12000000,0,0,orders,5664,46523,0,0,0,0,0
2026-07-27T12:35:50Z,F346E7F692C196A7,14.23,queries/Core/10_subqueries_ctes/from_subquery.sql,measured,2,4,5,2,0.032,288.157,1,1,3000000,3000000,3000075,12000000,0,0,orders,5696,46491,0,0,0,0,0
2026-07-27T12:35:50Z,F346E7F692C196A7,14.23,queries/Core/10_subqueries_ctes/from_subquery.sql,measured,2,5,5,2,0.032,287.967,1,1,3000000,3000000,3000075,12000000,0,0,orders,5728,46459,0,0,0,0,0
2026-07-27T12:35:50Z,F346E7F692C196A7,14.23,queries/Core/10_subqueries_ctes/function_scan.sql,warmup,1,1,1,2,0.866,649.928,1,1,5000000,5000000,5000000,20000000,0,0,generate_series,0,0,0,0,8545,8545,0
2026-07-27T12:35:51Z,F346E7F692C196A7,14.23,queries/Core/10_subqueries_ctes/function_scan.sql,warmup,2,1,1,2,0.046,651.631,1,1,5000000,5000000,5000000,20000000,0,0,generate_series,0,0,0,0,8545,8545,0
2026-07-27T12:35:55Z,F346E7F692C196A7,14.23,queries/Core/10_subqueries_ctes/function_scan.sql,measured,1,1,5,2,0.063,651.963,1,1,5000000,5000000,5000000,20000000,0,0,generate_series,0,0,0,0,8545,8545,0
2026-07-27T12:35:55Z,F346E7F692C196A7,14.23,queries/Core/10_subqueries_ctes/function_scan.sql,measured,1,2,5,2,0.026,649.401,1,1,5000000,5000000,5000000,20000000,0,0,generate_series,0,0,0,0,8545,8545,0
2026-07-27T12:35:55Z,F346E7F692C196A7,14.23,queries/Core/10_subqueries_ctes/function_scan.sql,measured,1,3,5,2,0.021,650.533,1,1,5000000,5000000,5000000,20000000,0,0,generate_series,0,0,0,0,8545,8545,0
2026-07-27T12:35:55Z,F346E7F692C196A7,14.23,queries/Core/10_subqueries_ctes/function_scan.sql,measured,1,4,5,2,0.021,649.937,1,1,5000000,5000000,5000000,20000000,0,0,generate_series,0,0,0,0,8545,8545,0
2026-07-27T12:35:55Z,F346E7F692C196A7,14.23,queries/Core/10_subqueries_ctes/function_scan.sql,measured,1,5,5,2,0.020,705.912,1,1,5000000,5000000,5000000,20000000,0,0,generate_series,0,0,0,0,8545,8545,0
2026-07-27T12:35:58Z,F346E7F692C196A7,14.23,queries/Core/10_subqueries_ctes/function_scan.sql,measured,2,1,5,2,0.046,649.038,1,1,5000000,5000000,5000000,20000000,0,0,generate_series,0,0,0,0,8545,8545,0
2026-07-27T12:35:58Z,F346E7F692C196A7,14.23,queries/Core/10_subqueries_ctes/function_scan.sql,measured,2,2,5,2,0.027,654.497,1,1,5000000,5000000,5000000,20000000,0,0,generate_series,0,0,0,0,8545,8545,0
2026-07-27T12:35:58Z,F346E7F692C196A7,14.23,queries/Core/10_subqueries_ctes/function_scan.sql,measured,2,3,5,2,0.020,650.770,1,1,5000000,5000000,5000000,20000000,0,0,generate_series,0,0,0,0,8545,8545,0
2026-07-27T12:35:58Z,F346E7F692C196A7,14.23,queries/Core/10_subqueries_ctes/function_scan.sql,measured,2,4,5,2,0.020,649.070,1,1,5000000,5000000,5000000,20000000,0,0,generate_series,0,0,0,0,8545,8545,0
2026-07-27T12:35:58Z,F346E7F692C196A7,14.23,queries/Core/10_subqueries_ctes/function_scan.sql,measured,2,5,5,2,0.020,650.748,1,1,5000000,5000000,5000000,20000000,0,0,generate_series,0,0,0,0,8545,8545,0
2026-07-27T12:36:00Z,F346E7F692C196A7,14.23,queries/Core/10_subqueries_ctes/lateral_limit.sql,warmup,1,1,1,2,0.443,2509.730,4,2,995690,3095690,1500000,12382760,0,0,customer;orders,1480543,422206,0,0,0,0,0
2026-07-27T12:36:03Z,F346E7F692C196A7,14.23,queries/Core/10_subqueries_ctes/lateral_limit.sql,warmup,2,1,1,2,0.609,2133.175,4,2,995690,3095690,1500000,12382760,0,0,customer;orders,1486927,415822,0,0,0,0,0
2026-07-27T12:36:13Z,F346E7F692C196A7,14.23,queries/Core/10_subqueries_ctes/lateral_limit.sql,measured,1,1,5,2,0.658,2157.139,4,2,995690,3095690,1500000,12382760,0,0,customer;orders,1486930,415819,0,0,0,0,0
2026-07-27T12:36:13Z,F346E7F692C196A7,14.23,queries/Core/10_subqueries_ctes/lateral_limit.sql,measured,1,2,5,2,0.074,2053.835,4,2,995690,3095690,1500000,12382760,0,0,customer;orders,1487035,415714,0,0,0,0,0
2026-07-27T12:36:13Z,F346E7F692C196A7,14.23,queries/Core/10_subqueries_ctes/lateral_limit.sql,measured,1,3,5,2,0.077,2055.435,4,2,995690,3095690,1500000,12382760,0,0,customer;orders,1487029,415720,0,0,0,0,0
2026-07-27T12:36:13Z,F346E7F692C196A7,14.23,queries/Core/10_subqueries_ctes/lateral_limit.sql,measured,1,4,5,2,0.075,2044.877,4,2,995690,3095690,1500000,12382760,0,0,customer;orders,1487033,415716,0,0,0,0,0
2026-07-27T12:36:13Z,F346E7F692C196A7,14.23,queries/Core/10_subqueries_ctes/lateral_limit.sql,measured,1,5,5,2,0.076,2053.978,4,2,995690,3095690,1500000,12382760,0,0,customer;orders,1487042,415707,0,0,0,0,0
2026-07-27T12:36:23Z,F346E7F692C196A7,14.23,queries/Core/10_subqueries_ctes/lateral_limit.sql,measured,2,1,5,2,0.595,2139.592,4,2,995690,3095690,1500000,12382760,0,0,customer;orders,1486882,415867,0,0,0,0,0
2026-07-27T12:36:23Z,F346E7F692C196A7,14.23,queries/Core/10_subqueries_ctes/lateral_limit.sql,measured,2,2,5,2,0.076,2046.424,4,2,995690,3095690,1500000,12382760,0,0,customer;orders,1487038,415711,0,0,0,0,0
2026-07-27T12:36:23Z,F346E7F692C196A7,14.23,queries/Core/10_subqueries_ctes/lateral_limit.sql,measured,2,3,5,2,0.076,2055.000,4,2,995690,3095690,1500000,12382760,0,0,customer;orders,1486977,415772,0,0,0,0,0
2026-07-27T12:36:23Z,F346E7F692C196A7,14.23,queries/Core/10_subqueries_ctes/lateral_limit.sql,measured,2,4,5,2,0.090,2047.446,4,2,995690,3095690,1500000,12382760,0,0,customer;orders,1487050,415699,0,0,0,0,0
2026-07-27T12:36:23Z,F346E7F692C196A7,14.23,queries/Core/10_subqueries_ctes/lateral_limit.sql,measured,2,5,5,2,0.076,2053.417,4,2,995690,3095690,1500000,12382760,0,0,customer;orders,1487036,415713,0,0,0,0,0
2026-07-27T12:36:24Z,F346E7F692C196A7,14.23,queries/Core/10_subqueries_ctes/scalar_correlated.sql,warmup,1,1,1,2,0.371,726.898,2,2,300000,600000,300000,39000000,24,0,customer;nation,300031,7138,0,0,0,0,0
2026-07-27T12:36:25Z,F346E7F692C196A7,14.23,queries/Core/10_subqueries_ctes/scalar_correlated.sql,warmup,2,1,1,2,0.267,725.785,2,2,300000,600000,300000,39000000,24,0,customer;nation,300064,7105,0,0,0,0,0
2026-07-27T12:36:29Z,F346E7F692C196A7,14.23,queries/Core/10_subqueries_ctes/scalar_correlated.sql,measured,1,1,5,2,0.258,731.333,2,2,300000,600000,300000,39000000,24,0,customer;nation,300096,7073,0,0,0,0,0
2026-07-27T12:36:29Z,F346E7F692C196A7,14.23,queries/Core/10_subqueries_ctes/scalar_correlated.sql,measured,1,2,5,2,0.047,702.366,2,2,300000,600000,300000,39000000,24,0,customer;nation,300128,7041,0,0,0,0,0
2026-07-27T12:36:29Z,F346E7F692C196A7,14.23,queries/Core/10_subqueries_ctes/scalar_correlated.sql,measured,1,3,5,2,0.064,709.055,2,2,300000,600000,300000,39000000,24,0,customer;nation,300160,7009,0,0,0,0,0
2026-07-27T12:36:29Z,F346E7F692C196A7,14.23,queries/Core/10_subqueries_ctes/scalar_correlated.sql,measured,1,4,5,2,0.047,705.129,2,2,300000,600000,300000,39000000,24,0,customer;nation,300192,6977,0,0,0,0,0
2026-07-27T12:36:29Z,F346E7F692C196A7,14.23,queries/Core/10_subqueries_ctes/scalar_correlated.sql,measured,1,5,5,2,0.047,708.309,2,2,300000,600000,300000,39000000,24,0,customer;nation,300224,6945,0,0,0,0,0
2026-07-27T12:36:32Z,F346E7F692C196A7,14.23,queries/Core/10_subqueries_ctes/scalar_correlated.sql,measured,2,1,5,2,0.260,733.081,2,2,300000,600000,300000,39000000,24,0,customer;nation,300256,6913,0,0,0,0,0
2026-07-27T12:36:32Z,F346E7F692C196A7,14.23,queries/Core/10_subqueries_ctes/scalar_correlated.sql,measured,2,2,5,2,0.048,707.033,2,2,300000,600000,300000,39000000,24,0,customer;nation,300288,6881,0,0,0,0,0
2026-07-27T12:36:32Z,F346E7F692C196A7,14.23,queries/Core/10_subqueries_ctes/scalar_correlated.sql,measured,2,3,5,2,0.047,709.804,2,2,300000,600000,300000,39000000,24,0,customer;nation,300320,6849,0,0,0,0,0
2026-07-27T12:36:32Z,F346E7F692C196A7,14.23,queries/Core/10_subqueries_ctes/scalar_correlated.sql,measured,2,4,5,2,0.046,701.280,2,2,300000,600000,300000,39000000,24,0,customer;nation,300352,6817,0,0,0,0,0
2026-07-27T12:36:32Z,F346E7F692C196A7,14.23,queries/Core/10_subqueries_ctes/scalar_correlated.sql,measured,2,5,5,2,0.046,704.463,2,2,300000,600000,300000,39000000,24,0,customer;nation,300384,6785,0,0,0,0,0
2026-07-27T12:36:33Z,F346E7F692C196A7,14.23,queries/Core/10_subqueries_ctes/scalar_correlated_indexed.sql,warmup,1,1,1,2,0.420,741.530,3,2,300000,3600000,300000,4800000,0,0,customer;orders,1292188,9645,0,0,0,0,0
2026-07-27T12:36:34Z,F346E7F692C196A7,14.23,queries/Core/10_subqueries_ctes/scalar_correlated_indexed.sql,warmup,2,1,1,2,0.348,730.510,3,2,300000,3600000,300000,4800000,0,0,customer;orders,1295112,6721,0,0,0,0,0
2026-07-27T12:36:37Z,F346E7F692C196A7,14.23,queries/Core/10_subqueries_ctes/scalar_correlated_indexed.sql,measured,1,1,5,2,0.361,728.479,3,2,300000,3600000,300000,4800000,0,0,customer;orders,1295144,6689,0,0,0,0,0
2026-07-27T12:36:37Z,F346E7F692C196A7,14.23,queries/Core/10_subqueries_ctes/scalar_correlated_indexed.sql,measured,1,2,5,2,0.063,656.759,3,2,300000,3600000,300000,4800000,0,0,customer;orders,1295176,6657,0,0,0,0,0
2026-07-27T12:36:37Z,F346E7F692C196A7,14.23,queries/Core/10_subqueries_ctes/scalar_correlated_indexed.sql,measured,1,3,5,2,0.062,659.294,3,2,300000,3600000,300000,4800000,0,0,customer;orders,1295208,6625,0,0,0,0,0
2026-07-27T12:36:37Z,F346E7F692C196A7,14.23,queries/Core/10_subqueries_ctes/scalar_correlated_indexed.sql,measured,1,4,5,2,0.062,659.804,3,2,300000,3600000,300000,4800000,0,0,customer;orders,1295240,6593,0,0,0,0,0
2026-07-27T12:36:37Z,F346E7F692C196A7,14.23,queries/Core/10_subqueries_ctes/scalar_correlated_indexed.sql,measured,1,5,5,2,0.062,659.474,3,2,300000,3600000,300000,4800000,0,0,customer;orders,1295272,6561,0,0,0,0,0
2026-07-27T12:36:41Z,F346E7F692C196A7,14.23,queries/Core/10_subqueries_ctes/scalar_correlated_indexed.sql,measured,2,1,5,2,0.355,733.629,3,2,300000,3600000,300000,4800000,0,0,customer;orders,1295304,6529,0,0,0,0,0
2026-07-27T12:36:41Z,F346E7F692C196A7,14.23,queries/Core/10_subqueries_ctes/scalar_correlated_indexed.sql,measured,2,2,5,2,0.080,657.072,3,2,300000,3600000,300000,4800000,0,0,customer;orders,1295336,6497,0,0,0,0,0
2026-07-27T12:36:41Z,F346E7F692C196A7,14.23,queries/Core/10_subqueries_ctes/scalar_correlated_indexed.sql,measured,2,3,5,2,0.063,658.260,3,2,300000,3600000,300000,4800000,0,0,customer;orders,1295368,6465,0,0,0,0,0
2026-07-27T12:36:41Z,F346E7F692C196A7,14.23,queries/Core/10_subqueries_ctes/scalar_correlated_indexed.sql,measured,2,4,5,2,0.062,658.171,3,2,300000,3600000,300000,4800000,0,0,customer;orders,1295400,6433,0,0,0,0,0
2026-07-27T12:36:41Z,F346E7F692C196A7,14.23,queries/Core/10_subqueries_ctes/scalar_correlated_indexed.sql,measured,2,5,5,2,0.063,656.418,3,2,300000,3600000,300000,4800000,0,0,customer;orders,1295432,6401,0,0,0,0,0
2026-07-27T12:36:41Z,F346E7F692C196A7,14.23,queries/Core/10_subqueries_ctes/scalar_uncorrelated.sql,warmup,1,1,1,2,0.586,273.889,3,2,3000000,3020001,3000075,96120032,0,0,orders;supplier,11882,40748,0,0,0,0,0
2026-07-27T12:36:42Z,F346E7F692C196A7,14.23,queries/Core/10_subqueries_ctes/scalar_uncorrelated.sql,warmup,2,1,1,2,0.361,267.863,3,2,3000000,3020001,3000075,96120032,0,0,orders;supplier,12329,40301,0,0,0,0,0
2026-07-27T12:36:43Z,F346E7F692C196A7,14.23,queries/Core/10_subqueries_ctes/scalar_uncorrelated.sql,measured,1,1,5,2,0.312,268.065,3,2,3000000,3020001,3000075,96120032,0,0,orders;supplier,12361,40269,0,0,0,0,0
2026-07-27T12:36:43Z,F346E7F692C196A7,14.23,queries/Core/10_subqueries_ctes/scalar_uncorrelated.sql,measured,1,2,5,2,0.064,258.230,3,2,3000000,3020001,3000075,96120032,0,0,orders;supplier,12393,40237,0,0,0,0,0
2026-07-27T12:36:43Z,F346E7F692C196A7,14.23,queries/Core/10_subqueries_ctes/scalar_uncorrelated.sql,measured,1,3,5,2,0.060,258.039,3,2,3000000,3020001,3000075,96120032,0,0,orders;supplier,12425,40205,0,0,0,0,0
2026-07-27T12:36:43Z,F346E7F692C196A7,14.23,queries/Core/10_subqueries_ctes/scalar_uncorrelated.sql,measured,1,4,5,2,0.060,258.023,3,2,3000000,3020001,3000075,96120032,0,0,orders;supplier,12457,40173,0,0,0,0,0
2026-07-27T12:36:43Z,F346E7F692C196A7,14.23,queries/Core/10_subqueries_ctes/scalar_uncorrelated.sql,measured,1,5,5,2,0.070,260.001,3,2,3000000,3020001,3000075,96120032,0,0,orders;supplier,12489,40141,0,0,0,0,0
2026-07-27T12:36:44Z,F346E7F692C196A7,14.23,queries/Core/10_subqueries_ctes/scalar_uncorrelated.sql,measured,2,1,5,2,0.311,267.565,3,2,3000000,3020001,3000075,96120032,0,0,orders;supplier,12521,40109,0,0,0,0,0
2026-07-27T12:36:44Z,F346E7F692C196A7,14.23,queries/Core/10_subqueries_ctes/scalar_uncorrelated.sql,measured,2,2,5,2,0.064,257.378,3,2,3000000,3020001,3000075,96120032,0,0,orders;supplier,12553,40077,0,0,0,0,0
2026-07-27T12:36:44Z,F346E7F692C196A7,14.23,queries/Core/10_subqueries_ctes/scalar_uncorrelated.sql,measured,2,3,5,2,0.060,257.708,3,2,3000000,3020001,3000075,96120032,0,0,orders;supplier,12585,40045,0,0,0,0,0
2026-07-27T12:36:44Z,F346E7F692C196A7,14.23,queries/Core/10_subqueries_ctes/scalar_uncorrelated.sql,measured,2,4,5,2,0.059,258.377,3,2,3000000,3020001,3000075,96120032,0,0,orders;supplier,12617,40013,0,0,0,0,0
2026-07-27T12:36:44Z,F346E7F692C196A7,14.23,queries/Core/10_subqueries_ctes/scalar_uncorrelated.sql,measured,2,5,5,2,0.057,257.962,3,2,3000000,3020001,3000075,96120032,0,0,orders;supplier,12649,39981,0,0,0,0,0
2026-07-27T12:36:44Z,F346E7F692C196A7,14.23,queries/Core/10_subqueries_ctes/values_scan.sql,warmup,1,1,1,2,0.070,0.029,1,1,10,10,10,40,0,0,"*VALUES*",3,0,0,0,0,0,0
2026-07-27T12:36:44Z,F346E7F692C196A7,14.23,queries/Core/10_subqueries_ctes/values_scan.sql,warmup,2,1,1,2,0.070,0.029,1,1,10,10,10,40,0,0,"*VALUES*",3,0,0,0,0,0,0
2026-07-27T12:36:44Z,F346E7F692C196A7,14.23,queries/Core/10_subqueries_ctes/values_scan.sql,measured,1,1,5,2,0.076,0.029,1,1,10,10,10,40,0,0,"*VALUES*",3,0,0,0,0,0,0
2026-07-27T12:36:44Z,F346E7F692C196A7,14.23,queries/Core/10_subqueries_ctes/values_scan.sql,measured,1,2,5,2,0.016,0.005,1,1,10,10,10,40,0,0,"*VALUES*",,,,,,,0
2026-07-27T12:36:44Z,F346E7F692C196A7,14.23,queries/Core/10_subqueries_ctes/values_scan.sql,measured,1,3,5,2,0.011,0.005,1,1,10,10,10,40,0,0,"*VALUES*",,,,,,,0
2026-07-27T12:36:44Z,F346E7F692C196A7,14.23,queries/Core/10_subqueries_ctes/values_scan.sql,measured,1,4,5,2,0.011,0.005,1,1,10,10,10,40,0,0,"*VALUES*",,,,,,,0
2026-07-27T12:36:44Z,F346E7F692C196A7,14.23,queries/Core/10_subqueries_ctes/values_scan.sql,measured,1,5,5,2,0.009,0.004,1,1,10,10,10,40,0,0,"*VALUES*",,,,,,,0
2026-07-27T12:36:45Z,F346E7F692C196A7,14.23,queries/Core/10_subqueries_ctes/values_scan.sql,measured,2,1,5,2,0.087,0.028,1,1,10,10,10,40,0,0,"*VALUES*",3,0,0,0,0,0,0
2026-07-27T12:36:45Z,F346E7F692C196A7,14.23,queries/Core/10_subqueries_ctes/values_scan.sql,measured,2,2,5,2,0.016,0.005,1,1,10,10,10,40,0,0,"*VALUES*",,,,,,,0
2026-07-27T12:36:45Z,F346E7F692C196A7,14.23,queries/Core/10_subqueries_ctes/values_scan.sql,measured,2,3,5,2,0.009,0.004,1,1,10,10,10,40,0,0,"*VALUES*",,,,,,,0
2026-07-27T12:36:45Z,F346E7F692C196A7,14.23,queries/Core/10_subqueries_ctes/values_scan.sql,measured,2,4,5,2,0.008,0.004,1,1,10,10,10,40,0,0,"*VALUES*",,,,,,,0
2026-07-27T12:36:45Z,F346E7F692C196A7,14.23,queries/Core/10_subqueries_ctes/values_scan.sql,measured,2,5,5,2,0.011,0.005,1,1,10,10,10,40,0,0,"*VALUES*",,,,,,,0
2026-07-27T12:36:50Z,F346E7F692C196A7,14.23,queries/Core/12_memory_workmem/hashagg_nospill.sql,warmup,1,1,1,2,0.261,5389.115,2,1,400000,12397996,402769,49591984,0,0,lineitem,0,224920,0,0,0,0,0
2026-07-27T12:36:55Z,F346E7F692C196A7,14.23,queries/Core/12_memory_workmem/hashagg_nospill.sql,warmup,2,1,1,2,0.260,5389.828,2,1,400000,12397996,402769,49591984,0,0,lineitem,32,224888,0,0,0,0,0
2026-07-27T12:37:22Z,F346E7F692C196A7,14.23,queries/Core/12_memory_workmem/hashagg_nospill.sql,measured,1,1,5,2,0.264,5414.696,2,1,400000,12397996,402769,49591984,0,0,lineitem,64,224856,0,0,0,0,0
2026-07-27T12:37:22Z,F346E7F692C196A7,14.23,queries/Core/12_memory_workmem/hashagg_nospill.sql,measured,1,2,5,2,0.051,5394.168,2,1,400000,12397996,402769,49591984,0,0,lineitem,96,224824,0,0,0,0,0
2026-07-27T12:37:22Z,F346E7F692C196A7,14.23,queries/Core/12_memory_workmem/hashagg_nospill.sql,measured,1,3,5,2,0.051,5387.574,2,1,400000,12397996,402769,49591984,0,0,lineitem,128,224792,0,0,0,0,0
2026-07-27T12:37:22Z,F346E7F692C196A7,14.23,queries/Core/12_memory_workmem/hashagg_nospill.sql,measured,1,4,5,2,0.053,5397.630,2,1,400000,12397996,402769,49591984,0,0,lineitem,160,224760,0,0,0,0,0
2026-07-27T12:37:22Z,F346E7F692C196A7,14.23,queries/Core/12_memory_workmem/hashagg_nospill.sql,measured,1,5,5,2,0.063,5394.631,2,1,400000,12397996,402769,49591984,0,0,lineitem,192,224728,0,0,0,0,0
2026-07-27T12:37:49Z,F346E7F692C196A7,14.23,queries/Core/12_memory_workmem/hashagg_nospill.sql,measured,2,1,5,2,0.266,5388.521,2,1,400000,12397996,402769,49591984,0,0,lineitem,224,224696,0,0,0,0,0
2026-07-27T12:37:49Z,F346E7F692C196A7,14.23,queries/Core/12_memory_workmem/hashagg_nospill.sql,measured,2,2,5,2,0.082,5379.028,2,1,400000,12397996,402769,49591984,0,0,lineitem,256,224664,0,0,0,0,0
2026-07-27T12:37:49Z,F346E7F692C196A7,14.23,queries/Core/12_memory_workmem/hashagg_nospill.sql,measured,2,3,5,2,0.052,5371.185,2,1,400000,12397996,402769,49591984,0,0,lineitem,288,224632,0,0,0,0,0
2026-07-27T12:37:49Z,F346E7F692C196A7,14.23,queries/Core/12_memory_workmem/hashagg_nospill.sql,measured,2,4,5,2,0.052,5361.637,2,1,400000,12397996,402769,49591984,0,0,lineitem,320,224600,0,0,0,0,0
2026-07-27T12:37:49Z,F346E7F692C196A7,14.23,queries/Core/12_memory_workmem/hashagg_nospill.sql,measured,2,5,5,2,0.050,5373.848,2,1,400000,12397996,402769,49591984,0,0,lineitem,352,224568,0,0,0,0,0
2026-07-27T12:37:52Z,F346E7F692C196A7,14.23,queries/Core/12_memory_workmem/hashagg_spill.sql,warmup,1,1,1,2,0.254,2562.615,5,1,400000,15997889,402769,63991556,0,2,lineitem,398,224536,0,0,42753,82469,0
2026-07-27T12:37:55Z,F346E7F692C196A7,14.23,queries/Core/12_memory_workmem/hashagg_spill.sql,warmup,2,1,1,2,0.249,2554.149,5,1,400000,15997852,402769,63991408,0,2,lineitem,494,224440,0,0,42752,82477,0
2026-07-27T12:38:07Z,F346E7F692C196A7,14.23,queries/Core/12_memory_workmem/hashagg_spill.sql,measured,1,1,5,2,0.245,2550.994,5,1,400000,15997852,402769,63991408,0,2,lineitem,590,224344,0,0,42755,82469,0
2026-07-27T12:38:07Z,F346E7F692C196A7,14.23,queries/Core/12_memory_workmem/hashagg_spill.sql,measured,1,2,5,2,0.042,2528.407,5,1,400000,15997833,402769,63991332,0,2,lineitem,686,224248,0,0,42750,82469,0
2026-07-27T12:38:07Z,F346E7F692C196A7,14.23,queries/Core/12_memory_workmem/hashagg_spill.sql,measured,1,3,5,2,0.042,2532.375,5,1,400000,15997825,402769,63991300,0,2,lineitem,782,224152,0,0,42752,82622,0
2026-07-27T12:38:07Z,F346E7F692C196A7,14.23,queries/Core/12_memory_workmem/hashagg_spill.sql,measured,1,4,5,2,0.041,2554.758,5,1,400000,15997824,402769,63991296,0,2,lineitem,878,224056,0,0,42757,82641,0
2026-07-27T12:38:07Z,F346E7F692C196A7,14.23,queries/Core/12_memory_workmem/hashagg_spill.sql,measured,1,5,5,2,0.042,2560.424,5,1,400000,15997842,402769,63991368,0,2,lineitem,974,223960,0,0,42755,82468,0
2026-07-27T12:38:21Z,F346E7F692C196A7,14.23,queries/Core/12_memory_workmem/hashagg_spill.sql,measured,2,1,5,2,0.253,2636.956,5,1,400000,15997861,402769,63991444,0,2,lineitem,1070,223864,0,0,42753,82472,0
2026-07-27T12:38:21Z,F346E7F692C196A7,14.23,queries/Core/12_memory_workmem/hashagg_spill.sql,measured,2,2,5,2,0.042,2611.430,5,1,400000,15997833,402769,63991332,0,2,lineitem,1166,223768,0,0,42748,82463,0
2026-07-27T12:38:21Z,F346E7F692C196A7,14.23,queries/Core/12_memory_workmem/hashagg_spill.sql,measured,2,3,5,2,0.042,2702.634,5,1,400000,15997826,402769,63991304,0,2,lineitem,1262,223672,0,0,42752,82635,0
2026-07-27T12:38:21Z,F346E7F692C196A7,14.23,queries/Core/12_memory_workmem/hashagg_spill.sql,measured,2,4,5,2,0.049,2658.783,5,1,400000,15997824,402769,63991296,0,2,lineitem,1358,223576,0,0,42754,82629,0
2026-07-27T12:38:21Z,F346E7F692C196A7,14.23,queries/Core/12_memory_workmem/hashagg_spill.sql,measured,2,5,5,2,0.041,2738.728,5,1,400000,15997834,402769,63991336,0,2,lineitem,1454,223480,0,0,42753,82485,0
2026-07-27T12:38:21Z,F346E7F692C196A7,14.23,queries/Core/12_memory_workmem/hashjoin_manybatch.sql,warmup,1,1,1,2,0.518,374.193,7,2,1,6600007,1,14400056,0,2,orders;customer,397859,7169,0,0,9661,9800,0
2026-07-27T12:38:22Z,F346E7F692C196A7,14.23,queries/Core/12_memory_workmem/hashjoin_manybatch.sql,warmup,2,1,1,2,0.730,396.772,7,2,1,6600007,1,14400056,0,2,orders;customer,397954,7073,0,0,9665,9828,0
2026-07-27T12:38:24Z,F346E7F692C196A7,14.23,queries/Core/12_memory_workmem/hashjoin_manybatch.sql,measured,1,1,5,2,0.513,384.518,7,2,1,6600007,1,14400056,0,2,orders;customer,398051,6977,0,0,9664,9820,0
2026-07-27T12:38:24Z,F346E7F692C196A7,14.23,queries/Core/12_memory_workmem/hashjoin_manybatch.sql,measured,1,2,5,2,0.101,384.743,7,2,1,6600007,1,14400056,0,2,orders;customer,398147,6881,0,0,9667,9832,0
2026-07-27T12:38:24Z,F346E7F692C196A7,14.23,queries/Core/12_memory_workmem/hashjoin_manybatch.sql,measured,1,3,5,2,0.084,386.512,7,2,1,6600007,1,14400056,0,2,orders;customer,398243,6785,0,0,9660,9816,0
2026-07-27T12:38:24Z,F346E7F692C196A7,14.23,queries/Core/12_memory_workmem/hashjoin_manybatch.sql,measured,1,4,5,2,0.092,385.870,7,2,1,6600007,1,14400056,0,2,orders;customer,398339,6689,0,0,9663,9824,0
2026-07-27T12:38:24Z,F346E7F692C196A7,14.23,queries/Core/12_memory_workmem/hashjoin_manybatch.sql,measured,1,5,5,2,0.083,381.701,7,2,1,6600007,1,14400056,0,2,orders;customer,398435,6593,0,0,9668,9844,0
2026-07-27T12:38:26Z,F346E7F692C196A7,14.23,queries/Core/12_memory_workmem/hashjoin_manybatch.sql,measured,2,1,5,2,0.712,472.735,7,2,1,6600007,1,14400056,0,2,orders;customer,398531,6497,0,0,9666,9816,0
2026-07-27T12:38:26Z,F346E7F692C196A7,14.23,queries/Core/12_memory_workmem/hashjoin_manybatch.sql,measured,2,2,5,2,0.114,405.507,7,2,1,6600007,1,14400056,0,2,orders;customer,398627,6401,0,0,9668,9832,0
2026-07-27T12:38:26Z,F346E7F692C196A7,14.23,queries/Core/12_memory_workmem/hashjoin_manybatch.sql,measured,2,3,5,2,0.100,383.284,7,2,1,6600007,1,14400056,0,2,orders;customer,398722,6305,0,0,9664,9844,0
2026-07-27T12:38:26Z,F346E7F692C196A7,14.23,queries/Core/12_memory_workmem/hashjoin_manybatch.sql,measured,2,4,5,2,0.085,383.935,7,2,1,6600007,1,14400056,0,2,orders;customer,398818,6209,0,0,9664,9852,0
2026-07-27T12:38:26Z,F346E7F692C196A7,14.23,queries/Core/12_memory_workmem/hashjoin_manybatch.sql,measured,2,5,5,2,0.083,382.938,7,2,1,6600007,1,14400056,0,2,orders;customer,398914,6113,0,0,9664,9848,0
2026-07-27T12:38:26Z,F346E7F692C196A7,14.23,queries/Core/12_memory_workmem/hashjoin_onebatch.sql,warmup,1,1,1,2,0.535,284.207,7,2,1,6600007,1,14400056,0,2,orders;customer,399011,6017,0,0,0,0,0
2026-07-27T12:38:27Z,F346E7F692C196A7,14.23,queries/Core/12_memory_workmem/hashjoin_onebatch.sql,warmup,2,1,1,2,0.507,275.367,7,2,1,6600007,1,14400056,0,2,orders;customer,399107,5921,0,0,0,0,0
2026-07-27T12:38:28Z,F346E7F692C196A7,14.23,queries/Core/12_memory_workmem/hashjoin_onebatch.sql,measured,1,1,5,2,0.704,296.692,7,2,1,6600007,1,14400056,0,2,orders;customer,399203,5825,0,0,0,0,0
2026-07-27T12:38:28Z,F346E7F692C196A7,14.23,queries/Core/12_memory_workmem/hashjoin_onebatch.sql,measured,1,2,5,2,0.083,277.415,7,2,1,6600007,1,14400056,0,2,orders;customer,399299,5729,0,0,0,0,0
2026-07-27T12:38:28Z,F346E7F692C196A7,14.23,queries/Core/12_memory_workmem/hashjoin_onebatch.sql,measured,1,3,5,2,0.085,276.790,7,2,1,6600007,1,14400056,0,2,orders;customer,399395,5633,0,0,0,0,0
2026-07-27T12:38:28Z,F346E7F692C196A7,14.23,queries/Core/12_memory_workmem/hashjoin_onebatch.sql,measured,1,4,5,2,0.083,276.946,7,2,1,6600007,1,14400056,0,2,orders;customer,399491,5537,0,0,0,0,0
2026-07-27T12:38:28Z,F346E7F692C196A7,14.23,queries/Core/12_memory_workmem/hashjoin_onebatch.sql,measured,1,5,5,2,0.084,278.442,7,2,1,6600007,1,14400056,0,2,orders;customer,399586,5441,0,0,0,0,0
2026-07-27T12:38:30Z,F346E7F692C196A7,14.23,queries/Core/12_memory_workmem/hashjoin_onebatch.sql,measured,2,1,5,2,0.504,281.051,7,2,1,6600007,1,14400056,0,2,orders;customer,399683,5345,0,0,0,0,0
2026-07-27T12:38:30Z,F346E7F692C196A7,14.23,queries/Core/12_memory_workmem/hashjoin_onebatch.sql,measured,2,2,5,2,0.081,275.757,7,2,1,6600007,1,14400056,0,2,orders;customer,399779,5249,0,0,0,0,0
2026-07-27T12:38:30Z,F346E7F692C196A7,14.23,queries/Core/12_memory_workmem/hashjoin_onebatch.sql,measured,2,3,5,2,0.083,277.608,7,2,1,6600007,1,14400056,0,2,orders;customer,399875,5153,0,0,0,0,0
2026-07-27T12:38:30Z,F346E7F692C196A7,14.23,queries/Core/12_memory_workmem/hashjoin_onebatch.sql,measured,2,4,5,2,0.083,276.646,7,2,1,6600007,1,14400056,0,2,orders;customer,399971,5057,0,0,0,0,0
2026-07-27T12:38:30Z,F346E7F692C196A7,14.23,queries/Core/12_memory_workmem/hashjoin_onebatch.sql,measured,2,5,5,2,0.103,276.990,7,2,1,6600007,1,14400056,0,2,orders;customer,400066,4961,0,0,0,0,0
2026-07-27T12:38:35Z,F346E7F692C196A7,14.23,queries/Core/12_memory_workmem/sort_nospill.sql,warmup,1,1,1,2,0.435,5763.889,2,1,11997996,23995992,11998031,95983968,0,0,lineitem,1539,223384,0,0,0,0,0
2026-07-27T12:38:41Z,F346E7F692C196A7,14.23,queries/Core/12_memory_workmem/sort_nospill.sql,warmup,2,1,1,2,0.246,5719.850,2,1,11997996,23995992,11998031,95983968,0,0,lineitem,1571,223352,0,0,0,0,0
2026-07-27T12:39:10Z,F346E7F692C196A7,14.23,queries/Core/12_memory_workmem/sort_nospill.sql,measured,1,1,5,2,0.269,5711.966,2,1,11997996,23995992,11998031,95983968,0,0,lineitem,1603,223320,0,0,0,0,0
2026-07-27T12:39:10Z,F346E7F692C196A7,14.23,queries/Core/12_memory_workmem/sort_nospill.sql,measured,1,2,5,2,0.041,5640.777,2,1,11997996,23995992,11998031,95983968,0,0,lineitem,1632,223288,0,0,0,0,0
2026-07-27T12:39:10Z,F346E7F692C196A7,14.23,queries/Core/12_memory_workmem/sort_nospill.sql,measured,1,3,5,2,0.040,5646.263,2,1,11997996,23995992,11998031,95983968,0,0,lineitem,1664,223256,0,0,0,0,0
2026-07-27T12:39:10Z,F346E7F692C196A7,14.23,queries/Core/12_memory_workmem/sort_nospill.sql,measured,1,4,5,2,0.041,5631.190,2,1,11997996,23995992,11998031,95983968,0,0,lineitem,1696,223224,0,0,0,0,0
2026-07-27T12:39:10Z,F346E7F692C196A7,14.23,queries/Core/12_memory_workmem/sort_nospill.sql,measured,1,5,5,2,0.040,5636.943,2,1,11997996,23995992,11998031,95983968,0,0,lineitem,1728,223192,0,0,0,0,0
2026-07-27T12:39:38Z,F346E7F692C196A7,14.23,queries/Core/12_memory_workmem/sort_nospill.sql,measured,2,1,5,2,0.254,5704.971,2,1,11997996,23995992,11998031,95983968,0,0,lineitem,1763,223160,0,0,0,0,0
2026-07-27T12:39:38Z,F346E7F692C196A7,14.23,queries/Core/12_memory_workmem/sort_nospill.sql,measured,2,2,5,2,0.040,5636.389,2,1,11997996,23995992,11998031,95983968,0,0,lineitem,1792,223128,0,0,0,0,0
2026-07-27T12:39:38Z,F346E7F692C196A7,14.23,queries/Core/12_memory_workmem/sort_nospill.sql,measured,2,3,5,2,0.043,5636.224,2,1,11997996,23995992,11998031,95983968,0,0,lineitem,1824,223096,0,0,0,0,0
2026-07-27T12:39:38Z,F346E7F692C196A7,14.23,queries/Core/12_memory_workmem/sort_nospill.sql,measured,2,4,5,2,0.040,5635.681,2,1,11997996,23995992,11998031,95983968,0,0,lineitem,1856,223064,0,0,0,0,0
2026-07-27T12:39:38Z,F346E7F692C196A7,14.23,queries/Core/12_memory_workmem/sort_nospill.sql,measured,2,5,5,2,0.040,5633.173,2,1,11997996,23995992,11998031,95983968,0,0,lineitem,1888,223032,0,0,0,0,0
2026-07-27T12:39:45Z,F346E7F692C196A7,14.23,queries/Core/12_memory_workmem/sort_spill.sql,warmup,1,1,1,2,0.242,6740.126,2,1,11997996,23995992,11998031,95983968,0,0,lineitem,1923,223000,0,0,61552,61768,0
2026-07-27T12:39:51Z,F346E7F692C196A7,14.23,queries/Core/12_memory_workmem/sort_spill.sql,warmup,2,1,1,2,0.275,6676.832,2,1,11997996,23995992,11998031,95983968,0,0,lineitem,1955,222968,0,0,61552,61768,0
2026-07-27T12:40:25Z,F346E7F692C196A7,14.23,queries/Core/12_memory_workmem/sort_spill.sql,measured,1,1,5,2,0.237,6705.426,2,1,11997996,23995992,11998031,95983968,0,0,lineitem,1987,222936,0,0,61552,61768,0
2026-07-27T12:40:25Z,F346E7F692C196A7,14.23,queries/Core/12_memory_workmem/sort_spill.sql,measured,1,2,5,2,0.036,6639.289,2,1,11997996,23995992,11998031,95983968,0,0,lineitem,2016,222904,0,0,61552,61768,0
2026-07-27T12:40:25Z,F346E7F692C196A7,14.23,queries/Core/12_memory_workmem/sort_spill.sql,measured,1,3,5,2,0.037,6606.892,2,1,11997996,23995992,11998031,95983968,0,0,lineitem,2048,222872,0,0,61552,61768,0
2026-07-27T12:40:25Z,F346E7F692C196A7,14.23,queries/Core/12_memory_workmem/sort_spill.sql,measured,1,4,5,2,0.037,6639.349,2,1,11997996,23995992,11998031,95983968,0,0,lineitem,2080,222840,0,0,61552,61768,0
2026-07-27T12:40:25Z,F346E7F692C196A7,14.23,queries/Core/12_memory_workmem/sort_spill.sql,measured,1,5,5,2,0.036,6561.827,2,1,11997996,23995992,11998031,95983968,0,0,lineitem,2112,222808,0,0,61552,61768,0
2026-07-27T12:40:58Z,F346E7F692C196A7,14.23,queries/Core/12_memory_workmem/sort_spill.sql,measured,2,1,5,2,0.261,6729.651,2,1,11997996,23995992,11998031,95983968,0,0,lineitem,2147,222776,0,0,61552,61768,0
2026-07-27T12:40:58Z,F346E7F692C196A7,14.23,queries/Core/12_memory_workmem/sort_spill.sql,measured,2,2,5,2,0.036,6620.890,2,1,11997996,23995992,11998031,95983968,0,0,lineitem,2176,222744,0,0,61552,61768,0
2026-07-27T12:40:58Z,F346E7F692C196A7,14.23,queries/Core/12_memory_workmem/sort_spill.sql,measured,2,3,5,2,0.044,6613.793,2,1,11997996,23995992,11998031,95983968,0,0,lineitem,2208,222712,0,0,61552,61768,0
2026-07-27T12:40:58Z,F346E7F692C196A7,14.23,queries/Core/12_memory_workmem/sort_spill.sql,measured,2,4,5,2,0.036,6625.702,2,1,11997996,23995992,11998031,95983968,0,0,lineitem,2240,222680,0,0,61552,61768,0
2026-07-27T12:40:58Z,F346E7F692C196A7,14.23,queries/Core/12_memory_workmem/sort_spill.sql,measured,2,5,5,2,0.036,6628.627,2,1,11997996,23995992,11998031,95983968,0,0,lineitem,2272,222648,0,0,61552,61768,0
2026-07-27T12:41:07Z,F346E7F692C196A7,14.23,queries/Core/12_memory_workmem/window_nospill.sql,warmup,1,1,1,2,0.353,9110.456,3,1,11997996,35993988,11998031,647891784,0,0,lineitem,2307,222616,0,0,0,0,0
2026-07-27T12:41:16Z,F346E7F692C196A7,14.23,queries/Core/12_memory_workmem/window_nospill.sql,warmup,2,1,1,2,0.269,9076.665,3,1,11997996,35993988,11998031,647891784,0,0,lineitem,2339,222584,0,0,0,0,0
2026-07-27T12:42:01Z,F346E7F692C196A7,14.23,queries/Core/12_memory_workmem/window_nospill.sql,measured,1,1,5,2,0.275,9051.739,3,1,11997996,35993988,11998031,647891784,0,0,lineitem,2371,222552,0,0,0,0,0
2026-07-27T12:42:01Z,F346E7F692C196A7,14.23,queries/Core/12_memory_workmem/window_nospill.sql,measured,1,2,5,2,0.046,8999.443,3,1,11997996,35993988,11998031,647891784,0,0,lineitem,2400,222520,0,0,0,0,0
2026-07-27T12:42:01Z,F346E7F692C196A7,14.23,queries/Core/12_memory_workmem/window_nospill.sql,measured,1,3,5,2,0.044,8956.560,3,1,11997996,35993988,11998031,647891784,0,0,lineitem,2432,222488,0,0,0,0,0
2026-07-27T12:42:01Z,F346E7F692C196A7,14.23,queries/Core/12_memory_workmem/window_nospill.sql,measured,1,4,5,2,0.070,8977.194,3,1,11997996,35993988,11998031,647891784,0,0,lineitem,2464,222456,0,0,0,0,0
2026-07-27T12:42:01Z,F346E7F692C196A7,14.23,queries/Core/12_memory_workmem/window_nospill.sql,measured,1,5,5,2,0.045,8978.827,3,1,11997996,35993988,11998031,647891784,0,0,lineitem,2496,222424,0,0,0,0,0
2026-07-27T12:42:47Z,F346E7F692C196A7,14.23,queries/Core/12_memory_workmem/window_nospill.sql,measured,2,1,5,2,0.273,9168.514,3,1,11997996,35993988,11998031,647891784,0,0,lineitem,2531,222392,0,0,0,0,0
2026-07-27T12:42:47Z,F346E7F692C196A7,14.23,queries/Core/12_memory_workmem/window_nospill.sql,measured,2,2,5,2,0.046,9104.789,3,1,11997996,35993988,11998031,647891784,0,0,lineitem,2560,222360,0,0,0,0,0
2026-07-27T12:42:47Z,F346E7F692C196A7,14.23,queries/Core/12_memory_workmem/window_nospill.sql,measured,2,3,5,2,0.046,9074.250,3,1,11997996,35993988,11998031,647891784,0,0,lineitem,2592,222328,0,0,0,0,0
2026-07-27T12:42:47Z,F346E7F692C196A7,14.23,queries/Core/12_memory_workmem/window_nospill.sql,measured,2,4,5,2,0.044,9037.497,3,1,11997996,35993988,11998031,647891784,0,0,lineitem,2624,222296,0,0,0,0,0
2026-07-27T12:42:47Z,F346E7F692C196A7,14.23,queries/Core/12_memory_workmem/window_nospill.sql,measured,2,5,5,2,0.044,9095.991,3,1,11997996,35993988,11998031,647891784,0,0,lineitem,2656,222264,0,0,0,0,0
2026-07-27T12:43:50Z,F346E7F692C196A7,14.23,queries/Core/12_memory_workmem/window_spill.sql,warmup,1,1,1,2,0.279,63385.818,3,1,11997996,35993988,11998031,647891784,0,0,lineitem,2691,222232,0,0,47820177,117432,0
2026-07-27T12:44:53Z,F346E7F692C196A7,14.23,queries/Core/12_memory_workmem/window_spill.sql,warmup,2,1,1,2,0.287,63256.467,3,1,11997996,35993988,11998031,647891784,0,0,lineitem,2723,222200,0,0,47820177,117432,0
2026-07-27T12:50:11Z,F346E7F692C196A7,14.23,queries/Core/12_memory_workmem/window_spill.sql,measured,1,1,5,2,0.282,63280.154,3,1,11997996,35993988,11998031,647891784,0,0,lineitem,2755,222168,0,0,47820177,117432,0
2026-07-27T12:50:11Z,F346E7F692C196A7,14.23,queries/Core/12_memory_workmem/window_spill.sql,measured,1,2,5,2,0.042,64154.840,3,1,11997996,35993988,11998031,647891784,0,0,lineitem,2784,222136,0,0,47820177,117432,0
2026-07-27T12:50:11Z,F346E7F692C196A7,14.23,queries/Core/12_memory_workmem/window_spill.sql,measured,1,3,5,2,0.043,63226.840,3,1,11997996,35993988,11998031,647891784,0,0,lineitem,2816,222104,0,0,47820177,117432,0
2026-07-27T12:50:11Z,F346E7F692C196A7,14.23,queries/Core/12_memory_workmem/window_spill.sql,measured,1,4,5,2,0.049,63309.589,3,1,11997996,35993988,11998031,647891784,0,0,lineitem,2848,222072,0,0,47820177,117432,0
2026-07-27T12:50:11Z,F346E7F692C196A7,14.23,queries/Core/12_memory_workmem/window_spill.sql,measured,1,5,5,2,0.044,63468.577,3,1,11997996,35993988,11998031,647891784,0,0,lineitem,2880,222040,0,0,47820177,117432,0
2026-07-27T12:55:27Z,F346E7F692C196A7,14.23,queries/Core/12_memory_workmem/window_spill.sql,measured,2,1,5,2,0.277,63253.491,3,1,11997996,35993988,11998031,647891784,0,0,lineitem,2915,222008,0,0,47820177,117432,0
2026-07-27T12:55:27Z,F346E7F692C196A7,14.23,queries/Core/12_memory_workmem/window_spill.sql,measured,2,2,5,2,0.043,63932.556,3,1,11997996,35993988,11998031,647891784,0,0,lineitem,2944,221976,0,0,47820177,117432,0
2026-07-27T12:55:27Z,F346E7F692C196A7,14.23,queries/Core/12_memory_workmem/window_spill.sql,measured,2,3,5,2,0.043,63032.057,3,1,11997996,35993988,11998031,647891784,0,0,lineitem,2976,221944,0,0,47820177,117432,0
2026-07-27T12:55:27Z,F346E7F692C196A7,14.23,queries/Core/12_memory_workmem/window_spill.sql,measured,2,4,5,2,0.043,63064.525,3,1,11997996,35993988,11998031,647891784,0,0,lineitem,3008,221912,0,0,47820177,117432,0
2026-07-27T12:55:27Z,F346E7F692C196A7,14.23,queries/Core/12_memory_workmem/window_spill.sql,measured,2,5,5,2,0.042,63224.167,3,1,11997996,35993988,11998031,647891784,0,0,lineitem,3040,221880,0,0,47820177,117432,0
2026-07-27T12:55:37Z,F346E7F692C196A7,14.23,queries/Core/12_memory_workmem/window_tail_spill.sql,warmup,1,1,1,2,0.276,9619.562,3,1,11997996,35993988,11998031,647891784,0,0,lineitem,3075,221848,0,0,83529,83745,0
2026-07-27T12:55:47Z,F346E7F692C196A7,14.23,queries/Core/12_memory_workmem/window_tail_spill.sql,warmup,2,1,1,2,0.282,9668.875,3,1,11997996,35993988,11998031,647891784,0,0,lineitem,3107,221816,0,0,83529,83745,0
2026-07-27T12:56:35Z,F346E7F692C196A7,14.23,queries/Core/12_memory_workmem/window_tail_spill.sql,measured,1,1,5,2,0.270,9558.560,3,1,11997996,35993988,11998031,647891784,0,0,lineitem,3139,221784,0,0,83529,83745,0
2026-07-27T12:56:35Z,F346E7F692C196A7,14.23,queries/Core/12_memory_workmem/window_tail_spill.sql,measured,1,2,5,2,0.044,9627.482,3,1,11997996,35993988,11998031,647891784,0,0,lineitem,3168,221752,0,0,83529,83745,0
2026-07-27T12:56:35Z,F346E7F692C196A7,14.23,queries/Core/12_memory_workmem/window_tail_spill.sql,measured,1,3,5,2,0.061,9662.734,3,1,11997996,35993988,11998031,647891784,0,0,lineitem,3200,221720,0,0,83529,83745,0
2026-07-27T12:56:35Z,F346E7F692C196A7,14.23,queries/Core/12_memory_workmem/window_tail_spill.sql,measured,1,4,5,2,0.042,9578.631,3,1,11997996,35993988,11998031,647891784,0,0,lineitem,3232,221688,0,0,83529,83745,0
2026-07-27T12:56:35Z,F346E7F692C196A7,14.23,queries/Core/12_memory_workmem/window_tail_spill.sql,measured,1,5,5,2,0.043,9566.948,3,1,11997996,35993988,11998031,647891784,0,0,lineitem,3264,221656,0,0,83529,83745,0
2026-07-27T12:57:23Z,F346E7F692C196A7,14.23,queries/Core/12_memory_workmem/window_tail_spill.sql,measured,2,1,5,2,0.284,9654.881,3,1,11997996,35993988,11998031,647891784,0,0,lineitem,3299,221624,0,0,83529,83745,0
2026-07-27T12:57:23Z,F346E7F692C196A7,14.23,queries/Core/12_memory_workmem/window_tail_spill.sql,measured,2,2,5,2,0.061,9581.100,3,1,11997996,35993988,11998031,647891784,0,0,lineitem,3328,221592,0,0,83529,83745,0
2026-07-27T12:57:23Z,F346E7F692C196A7,14.23,queries/Core/12_memory_workmem/window_tail_spill.sql,measured,2,3,5,2,0.043,9552.794,3,1,11997996,35993988,11998031,647891784,0,0,lineitem,3360,221560,0,0,83529,83745,0
2026-07-27T12:57:23Z,F346E7F692C196A7,14.23,queries/Core/12_memory_workmem/window_tail_spill.sql,measured,2,4,5,2,0.043,9583.296,3,1,11997996,35993988,11998031,647891784,0,0,lineitem,3392,221528,0,0,83529,83745,0
2026-07-27T12:57:23Z,F346E7F692C196A7,14.23,queries/Core/12_memory_workmem/window_tail_spill.sql,measured,2,5,5,2,0.042,9566.000,3,1,11997996,35993988,11998031,647891784,0,0,lineitem,3424,221496,0,0,83529,83745,0
2026-07-27T12:57:26Z,F346E7F692C196A7,14.23,queries/Core/13_jit/jit_inline.sql,warmup,1,1,1,2,0.255,3305.324,4,1,1,11998003,1,251957972,0,2,lineitem,3456,221464,0,0,0,0,0
2026-07-27T12:57:30Z,F346E7F692C196A7,14.23,queries/Core/13_jit/jit_inline.sql,warmup,2,1,1,2,0.348,3314.973,4,1,1,11998003,1,251957972,0,2,lineitem,3552,221368,0,0,0,0,0
2026-07-27T12:57:47Z,F346E7F692C196A7,14.23,queries/Core/13_jit/jit_inline.sql,measured,1,1,5,2,0.241,3342.216,4,1,1,11998003,1,251957972,0,2,lineitem,3648,221272,0,0,0,0,0
2026-07-27T12:57:47Z,F346E7F692C196A7,14.23,queries/Core/13_jit/jit_inline.sql,measured,1,2,5,2,0.055,3402.253,4,1,1,11998003,1,251957972,0,2,lineitem,3744,221176,0,0,0,0,0
2026-07-27T12:57:47Z,F346E7F692C196A7,14.23,queries/Core/13_jit/jit_inline.sql,measured,1,3,5,2,0.056,3465.755,4,1,1,11998003,1,251957972,0,2,lineitem,3840,221080,0,0,0,0,0
2026-07-27T12:57:47Z,F346E7F692C196A7,14.23,queries/Core/13_jit/jit_inline.sql,measured,1,4,5,2,0.054,3515.404,4,1,1,11998003,1,251957972,0,2,lineitem,3936,220984,0,0,0,0,0
2026-07-27T12:57:47Z,F346E7F692C196A7,14.23,queries/Core/13_jit/jit_inline.sql,measured,1,5,5,2,0.076,3549.160,4,1,1,11998003,1,251957972,0,2,lineitem,4032,220888,0,0,0,0,0
2026-07-27T12:58:05Z,F346E7F692C196A7,14.23,queries/Core/13_jit/jit_inline.sql,measured,2,1,5,2,0.456,3593.058,4,1,1,11998003,1,251957972,0,2,lineitem,4128,220792,0,0,0,0,0
2026-07-27T12:58:05Z,F346E7F692C196A7,14.23,queries/Core/13_jit/jit_inline.sql,measured,2,2,5,2,0.056,3577.649,4,1,1,11998003,1,251957972,0,2,lineitem,4224,220696,0,0,0,0,0
2026-07-27T12:58:05Z,F346E7F692C196A7,14.23,queries/Core/13_jit/jit_inline.sql,measured,2,3,5,2,0.054,3585.954,4,1,1,11998003,1,251957972,0,2,lineitem,4320,220600,0,0,0,0,0
2026-07-27T12:58:05Z,F346E7F692C196A7,14.23,queries/Core/13_jit/jit_inline.sql,measured,2,4,5,2,0.053,3621.413,4,1,1,11998003,1,251957972,0,2,lineitem,4416,220504,0,0,0,0,0
2026-07-27T12:58:05Z,F346E7F692C196A7,14.23,queries/Core/13_jit/jit_inline.sql,measured,2,5,5,2,0.061,3618.470,4,1,1,11998003,1,251957972,0,2,lineitem,4512,220408,0,0,0,0,0
2026-07-27T12:58:09Z,F346E7F692C196A7,14.23,queries/Core/13_jit/jit_off.sql,warmup,1,1,1,2,0.250,3583.487,4,1,1,11998003,1,251957972,0,2,lineitem,4608,220312,0,0,0,0,0
2026-07-27T12:58:13Z,F346E7F692C196A7,14.23,queries/Core/13_jit/jit_off.sql,warmup,2,1,1,2,0.376,3644.837,4,1,1,11998003,1,251957972,0,2,lineitem,4704,220216,0,0,0,0,0
2026-07-27T12:58:31Z,F346E7F692C196A7,14.23,queries/Core/13_jit/jit_off.sql,measured,1,1,5,2,0.273,3646.141,4,1,1,11998003,1,251957972,0,2,lineitem,4800,220120,0,0,0,0,0
2026-07-27T12:58:31Z,F346E7F692C196A7,14.23,queries/Core/13_jit/jit_off.sql,measured,1,2,5,2,0.065,3655.872,4,1,1,11998003,1,251957972,0,2,lineitem,4896,220024,0,0,0,0,0
2026-07-27T12:58:31Z,F346E7F692C196A7,14.23,queries/Core/13_jit/jit_off.sql,measured,1,3,5,2,0.059,3644.588,4,1,1,11998003,1,251957972,0,2,lineitem,4992,219928,0,0,0,0,0
2026-07-27T12:58:31Z,F346E7F692C196A7,14.23,queries/Core/13_jit/jit_off.sql,measured,1,4,5,2,0.073,3651.477,4,1,1,11998003,1,251957972,0,2,lineitem,5088,219832,0,0,0,0,0
2026-07-27T12:58:31Z,F346E7F692C196A7,14.23,queries/Core/13_jit/jit_off.sql,measured,1,5,5,2,0.058,3642.092,4,1,1,11998003,1,251957972,0,2,lineitem,5184,219736,0,0,0,0,0
2026-07-27T12:58:49Z,F346E7F692C196A7,14.23,queries/Core/13_jit/jit_off.sql,measured,2,1,5,2,0.413,3612.312,4,1,1,11998003,1,251957972,0,2,lineitem,5280,219640,0,0,0,0,0
2026-07-27T12:58:49Z,F346E7F692C196A7,14.23,queries/Core/13_jit/jit_off.sql,measured,2,2,5,2,0.058,3652.832,4,1,1,11998003,1,251957972,0,2,lineitem,5376,219544,0,0,0,0,0
2026-07-27T12:58:49Z,F346E7F692C196A7,14.23,queries/Core/13_jit/jit_off.sql,measured,2,3,5,2,0.058,3647.438,4,1,1,11998003,1,251957972,0,2,lineitem,5472,219448,0,0,0,0,0
2026-07-27T12:58:49Z,F346E7F692C196A7,14.23,queries/Core/13_jit/jit_off.sql,measured,2,4,5,2,0.059,3640.801,4,1,1,11998003,1,251957972,0,2,lineitem,5568,219352,0,0,0,0,0
2026-07-27T12:58:49Z,F346E7F692C196A7,14.23,queries/Core/13_jit/jit_off.sql,measured,2,5,5,2,0.058,3648.619,4,1,1,11998003,1,251957972,0,2,lineitem,5664,219256,0,0,0,0,0
2026-07-27T12:58:53Z,F346E7F692C196A7,14.23,queries/Core/13_jit/jit_on.sql,warmup,1,1,1,2,0.256,3619.643,4,1,1,11998003,1,251957972,0,2,lineitem,5760,219160,0,0,0,0,0
2026-07-27T12:58:57Z,F346E7F692C196A7,14.23,queries/Core/13_jit/jit_on.sql,warmup,2,1,1,2,0.257,3613.681,4,1,1,11998003,1,251957972,0,2,lineitem,5856,219064,0,0,0,0,0
2026-07-27T12:59:15Z,F346E7F692C196A7,14.23,queries/Core/13_jit/jit_on.sql,measured,1,1,5,2,0.273,3630.020,4,1,1,11998003,1,251957972,0,2,lineitem,5952,218968,0,0,0,0,0
2026-07-27T12:59:15Z,F346E7F692C196A7,14.23,queries/Core/13_jit/jit_on.sql,measured,1,2,5,2,0.059,3628.202,4,1,1,11998003,1,251957972,0,2,lineitem,6048,218872,0,0,0,0,0
2026-07-27T12:59:15Z,F346E7F692C196A7,14.23,queries/Core/13_jit/jit_on.sql,measured,1,3,5,2,0.059,3623.364,4,1,1,11998003,1,251957972,0,2,lineitem,6144,218776,0,0,0,0,0
2026-07-27T12:59:15Z,F346E7F692C196A7,14.23,queries/Core/13_jit/jit_on.sql,measured,1,4,5,2,0.059,3634.813,4,1,1,11998003,1,251957972,0,2,lineitem,6240,218680,0,0,0,0,0
2026-07-27T12:59:15Z,F346E7F692C196A7,14.23,queries/Core/13_jit/jit_on.sql,measured,1,5,5,2,0.057,3624.201,4,1,1,11998003,1,251957972,0,2,lineitem,6336,218584,0,0,0,0,0
2026-07-27T12:59:33Z,F346E7F692C196A7,14.23,queries/Core/13_jit/jit_on.sql,measured,2,1,5,2,0.267,3622.504,4,1,1,11998003,1,251957972,0,2,lineitem,6432,218488,0,0,0,0,0
2026-07-27T12:59:33Z,F346E7F692C196A7,14.23,queries/Core/13_jit/jit_on.sql,measured,2,2,5,2,0.058,3637.800,4,1,1,11998003,1,251957972,0,2,lineitem,6528,218392,0,0,0,0,0
2026-07-27T12:59:33Z,F346E7F692C196A7,14.23,queries/Core/13_jit/jit_on.sql,measured,2,3,5,2,0.082,3611.571,4,1,1,11998003,1,251957972,0,2,lineitem,6624,218296,0,0,0,0,0
2026-07-27T12:59:33Z,F346E7F692C196A7,14.23,queries/Core/13_jit/jit_on.sql,measured,2,4,5,2,0.058,3629.544,4,1,1,11998003,1,251957972,0,2,lineitem,6720,218200,0,0,0,0,0
2026-07-27T12:59:33Z,F346E7F692C196A7,14.23,queries/Core/13_jit/jit_on.sql,measured,2,5,5,2,0.059,3627.666,4,1,1,11998003,1,251957972,0,2,lineitem,6816,218104,0,0,0,0,0
2026-07-27T12:59:37Z,F346E7F692C196A7,14.23,queries/Core/13_jit/jit_optimize.sql,warmup,1,1,1,2,0.284,3493.061,4,1,1,11998003,1,251957972,0,2,lineitem,6912,218008,0,0,0,0,0
2026-07-27T12:59:40Z,F346E7F692C196A7,14.23,queries/Core/13_jit/jit_optimize.sql,warmup,2,1,1,2,0.366,3477.591,4,1,1,11998003,1,251957972,0,2,lineitem,7008,217912,0,0,0,0,0
2026-07-27T12:59:58Z,F346E7F692C196A7,14.23,queries/Core/13_jit/jit_optimize.sql,measured,1,1,5,2,0.256,3491.792,4,1,1,11998003,1,251957972,0,2,lineitem,7104,217816,0,0,0,0,0
2026-07-27T12:59:58Z,F346E7F692C196A7,14.23,queries/Core/13_jit/jit_optimize.sql,measured,1,2,5,2,0.058,3470.284,4,1,1,11998003,1,251957972,0,2,lineitem,7200,217720,0,0,0,0,0
2026-07-27T12:59:58Z,F346E7F692C196A7,14.23,queries/Core/13_jit/jit_optimize.sql,measured,1,3,5,2,0.059,3458.909,4,1,1,11998003,1,251957972,0,2,lineitem,7296,217624,0,0,0,0,0
2026-07-27T12:59:58Z,F346E7F692C196A7,14.23,queries/Core/13_jit/jit_optimize.sql,measured,1,4,5,2,0.059,3476.261,4,1,1,11998003,1,251957972,0,2,lineitem,7392,217528,0,0,0,0,0
2026-07-27T12:59:58Z,F346E7F692C196A7,14.23,queries/Core/13_jit/jit_optimize.sql,measured,1,5,5,2,0.059,3473.720,4,1,1,11998003,1,251957972,0,2,lineitem,7488,217432,0,0,0,0,0
2026-07-27T13:00:15Z,F346E7F692C196A7,14.23,queries/Core/13_jit/jit_optimize.sql,measured,2,1,5,2,0.254,3477.479,4,1,1,11998003,1,251957972,0,2,lineitem,7584,217336,0,0,0,0,0
2026-07-27T13:00:15Z,F346E7F692C196A7,14.23,queries/Core/13_jit/jit_optimize.sql,measured,2,2,5,2,0.075,3469.307,4,1,1,11998003,1,251957972,0,2,lineitem,7680,217240,0,0,0,0,0
2026-07-27T13:00:15Z,F346E7F692C196A7,14.23,queries/Core/13_jit/jit_optimize.sql,measured,2,3,5,2,0.060,3472.865,4,1,1,11998003,1,251957972,0,2,lineitem,7776,217144,0,0,0,0,0
2026-07-27T13:00:15Z,F346E7F692C196A7,14.23,queries/Core/13_jit/jit_optimize.sql,measured,2,4,5,2,0.057,3469.456,4,1,1,11998003,1,251957972,0,2,lineitem,7872,217048,0,0,0,0,0
2026-07-27T13:00:15Z,F346E7F692C196A7,14.23,queries/Core/13_jit/jit_optimize.sql,measured,2,5,5,2,0.059,3472.087,4,1,1,11998003,1,251957972,0,2,lineitem,7968,216952,0,0,0,0,0
2026-07-27T13:00:19Z,F346E7F692C196A7,14.23,queries/Core/14_modern_nodes/incremental_sort.sql,warmup,1,1,1,2,0.293,3539.284,2,1,11997996,23995992,11998031,191967936,0,0,lineitem,17224,239285,0,0,0,0,0
2026-07-27T13:00:22Z,F346E7F692C196A7,14.23,queries/Core/14_modern_nodes/incremental_sort.sql,warmup,2,1,1,2,0.352,3541.650,2,1,11997996,23995992,11998031,191967936,0,0,lineitem,12644,243865,0,0,0,0,0
2026-07-27T13:00:40Z,F346E7F692C196A7,14.23,queries/Core/14_modern_nodes/incremental_sort.sql,measured,1,1,5,2,0.349,3538.342,2,1,11997996,23995992,11998031,191967936,0,0,lineitem,12644,243865,0,0,0,0,0
2026-07-27T13:00:40Z,F346E7F692C196A7,14.23,queries/Core/14_modern_nodes/incremental_sort.sql,measured,1,2,5,2,0.046,3451.912,2,1,11997996,23995992,11998031,191967936,0,0,lineitem,12641,243861,0,0,0,0,0
2026-07-27T13:00:40Z,F346E7F692C196A7,14.23,queries/Core/14_modern_nodes/incremental_sort.sql,measured,1,3,5,2,0.047,3439.091,2,1,11997996,23995992,11998031,191967936,0,0,lineitem,12641,243861,0,0,0,0,0
2026-07-27T13:00:40Z,F346E7F692C196A7,14.23,queries/Core/14_modern_nodes/incremental_sort.sql,measured,1,4,5,2,0.046,3442.683,2,1,11997996,23995992,11998031,191967936,0,0,lineitem,12641,243861,0,0,0,0,0
2026-07-27T13:00:40Z,F346E7F692C196A7,14.23,queries/Core/14_modern_nodes/incremental_sort.sql,measured,1,5,5,2,0.047,3445.659,2,1,11997996,23995992,11998031,191967936,0,0,lineitem,12641,243861,0,0,0,0,0
2026-07-27T13:00:57Z,F346E7F692C196A7,14.23,queries/Core/14_modern_nodes/incremental_sort.sql,measured,2,1,5,2,0.358,3554.097,2,1,11997996,23995992,11998031,191967936,0,0,lineitem,12644,243865,0,0,0,0,0
2026-07-27T13:00:57Z,F346E7F692C196A7,14.23,queries/Core/14_modern_nodes/incremental_sort.sql,measured,2,2,5,2,0.047,3458.800,2,1,11997996,23995992,11998031,191967936,0,0,lineitem,12641,243861,0,0,0,0,0
2026-07-27T13:00:57Z,F346E7F692C196A7,14.23,queries/Core/14_modern_nodes/incremental_sort.sql,measured,2,3,5,2,0.046,3444.050,2,1,11997996,23995992,11998031,191967936,0,0,lineitem,12641,243861,0,0,0,0,0
2026-07-27T13:00:57Z,F346E7F692C196A7,14.23,queries/Core/14_modern_nodes/incremental_sort.sql,measured,2,4,5,2,0.047,3448.152,2,1,11997996,23995992,11998031,191967936,0,0,lineitem,12641,243861,0,0,0,0,0
2026-07-27T13:00:57Z,F346E7F692C196A7,14.23,queries/Core/14_modern_nodes/incremental_sort.sql,measured,2,5,5,2,0.057,3442.256,2,1,11997996,23995992,11998031,191967936,0,0,lineitem,12641,243861,0,0,0,0,0
2026-07-27T13:01:04Z,F346E7F692C196A7,14.23,queries/Core/14_modern_nodes/incremental_sort_off.sql,warmup,1,1,1,2,0.354,6598.272,2,1,11997996,23995992,11998031,191967936,0,0,lineitem,12644,243861,0,0,79131,79347,0
2026-07-27T13:01:10Z,F346E7F692C196A7,14.23,queries/Core/14_modern_nodes/incremental_sort_off.sql,warmup,2,1,1,2,0.356,6544.854,2,1,11997996,23995992,11998031,191967936,0,0,lineitem,12644,243861,0,0,79131,79347,0
2026-07-27T13:01:43Z,F346E7F692C196A7,14.23,queries/Core/14_modern_nodes/incremental_sort_off.sql,measured,1,1,5,2,0.350,6569.802,2,1,11997996,23995992,11998031,191967936,0,0,lineitem,12644,243861,0,0,79131,79347,0
2026-07-27T13:01:43Z,F346E7F692C196A7,14.23,queries/Core/14_modern_nodes/incremental_sort_off.sql,measured,1,2,5,2,0.049,6443.732,2,1,11997996,23995992,11998031,191967936,0,0,lineitem,12641,243861,0,0,79131,79347,0
2026-07-27T13:01:43Z,F346E7F692C196A7,14.23,queries/Core/14_modern_nodes/incremental_sort_off.sql,measured,1,3,5,2,0.043,6454.130,2,1,11997996,23995992,11998031,191967936,0,0,lineitem,12641,243861,0,0,79131,79347,0
2026-07-27T13:01:43Z,F346E7F692C196A7,14.23,queries/Core/14_modern_nodes/incremental_sort_off.sql,measured,1,4,5,2,0.042,6361.220,2,1,11997996,23995992,11998031,191967936,0,0,lineitem,12641,243861,0,0,79131,79347,0
2026-07-27T13:01:43Z,F346E7F692C196A7,14.23,queries/Core/14_modern_nodes/incremental_sort_off.sql,measured,1,5,5,2,0.042,6433.177,2,1,11997996,23995992,11998031,191967936,0,0,lineitem,12641,243861,0,0,79131,79347,0
2026-07-27T13:02:15Z,F346E7F692C196A7,14.23,queries/Core/14_modern_nodes/incremental_sort_off.sql,measured,2,1,5,2,0.357,6568.626,2,1,11997996,23995992,11998031,191967936,0,0,lineitem,12644,243861,0,0,79131,79347,0
2026-07-27T13:02:15Z,F346E7F692C196A7,14.23,queries/Core/14_modern_nodes/incremental_sort_off.sql,measured,2,2,5,2,0.048,6493.013,2,1,11997996,23995992,11998031,191967936,0,0,lineitem,12641,243861,0,0,79131,79347,0
2026-07-27T13:02:15Z,F346E7F692C196A7,14.23,queries/Core/14_modern_nodes/incremental_sort_off.sql,measured,2,3,5,2,0.042,6450.549,2,1,11997996,23995992,11998031,191967936,0,0,lineitem,12641,243861,0,0,79131,79347,0
2026-07-27T13:02:15Z,F346E7F692C196A7,14.23,queries/Core/14_modern_nodes/incremental_sort_off.sql,measured,2,4,5,2,0.042,6489.041,2,1,11997996,23995992,11998031,191967936,0,0,lineitem,12641,243861,0,0,79131,79347,0
2026-07-27T13:02:15Z,F346E7F692C196A7,14.23,queries/Core/14_modern_nodes/incremental_sort_off.sql,measured,2,5,5,2,0.041,6528.143,2,1,11997996,23995992,11998031,191967936,0,0,lineitem,12641,243861,0,0,79131,79347,0
2026-07-27T13:02:50Z,F346E7F692C196A7,14.23,queries/Core/14_modern_nodes/memoize.sql,warmup,1,1,1,2,0.590,34987.373,4,2,240004553,633636553,239991319,2534546212,0,0,supplier;customer,166669,701,0,0,0,0,0
2026-07-27T13:03:26Z,F346E7F692C196A7,14.23,queries/Core/14_modern_nodes/memoize.sql,warmup,2,1,1,2,0.409,35033.939,4,2,240004553,633636553,239991319,2534546212,0,0,supplier;customer,167370,0,0,0,0,0,0
2026-07-27T13:06:22Z,F346E7F692C196A7,14.23,queries/Core/14_modern_nodes/memoize.sql,measured,1,1,5,2,0.410,35080.821,4,2,240004553,633636553,239991319,2534546212,0,0,supplier;customer,167370,0,0,0,0,0,0
2026-07-27T13:06:22Z,F346E7F692C196A7,14.23,queries/Core/14_modern_nodes/memoize.sql,measured,1,2,5,2,0.076,35378.677,4,2,240004553,633636553,239991319,2534546212,0,0,supplier;customer,167370,0,0,0,0,0,0
2026-07-27T13:06:22Z,F346E7F692C196A7,14.23,queries/Core/14_modern_nodes/memoize.sql,measured,1,3,5,2,0.084,35371.850,4,2,240004553,633636553,239991319,2534546212,0,0,supplier;customer,167370,0,0,0,0,0,0
2026-07-27T13:06:22Z,F346E7F692C196A7,14.23,queries/Core/14_modern_nodes/memoize.sql,measured,1,4,5,2,0.076,35214.940,4,2,240004553,633636553,239991319,2534546212,0,0,supplier;customer,167370,0,0,0,0,0,0
2026-07-27T13:06:22Z,F346E7F692C196A7,14.23,queries/Core/14_modern_nodes/memoize.sql,measured,1,5,5,2,0.076,35304.153,4,2,240004553,633636553,239991319,2534546212,0,0,supplier;customer,167370,0,0,0,0,0,0
2026-07-27T13:09:19Z,F346E7F692C196A7,14.23,queries/Core/14_modern_nodes/memoize.sql,measured,2,1,5,2,0.410,35034.126,4,2,240004553,633636553,239991319,2534546212,0,0,supplier;customer,167370,0,0,0,0,0,0
2026-07-27T13:09:19Z,F346E7F692C196A7,14.23,queries/Core/14_modern_nodes/memoize.sql,measured,2,2,5,2,0.076,35332.340,4,2,240004553,633636553,239991319,2534546212,0,0,supplier;customer,167370,0,0,0,0,0,0
2026-07-27T13:09:19Z,F346E7F692C196A7,14.23,queries/Core/14_modern_nodes/memoize.sql,measured,2,3,5,2,0.093,35308.014,4,2,240004553,633636553,239991319,2534546212,0,0,supplier;customer,167370,0,0,0,0,0,0
2026-07-27T13:09:19Z,F346E7F692C196A7,14.23,queries/Core/14_modern_nodes/memoize.sql,measured,2,4,5,2,0.091,35232.137,4,2,240004553,633636553,239991319,2534546212,0,0,supplier;customer,167370,0,0,0,0,0,0
2026-07-27T13:09:19Z,F346E7F692C196A7,14.23,queries/Core/14_modern_nodes/memoize.sql,measured,2,5,5,2,0.076,36014.679,4,2,240004553,633636553,239991319,2534546212,0,0,supplier;customer,167370,0,0,0,0,0,0
2026-07-27T13:09:38Z,F346E7F692C196A7,14.23,queries/Core/14_modern_nodes/memoize_off.sql,warmup,1,1,1,2,0.408,19469.896,3,2,240004553,480024553,239991319,1920098212,0,0,supplier;customer,261242,0,0,0,0,0,0
2026-07-27T13:09:58Z,F346E7F692C196A7,14.23,queries/Core/14_modern_nodes/memoize_off.sql,warmup,2,1,1,2,0.405,19483.705,3,2,240004553,480024553,239991319,1920098212,0,0,supplier;customer,261242,0,0,0,0,0,0
2026-07-27T13:11:36Z,F346E7F692C196A7,14.23,queries/Core/14_modern_nodes/memoize_off.sql,measured,1,1,5,2,0.404,19422.243,3,2,240004553,480024553,239991319,1920098212,0,0,supplier;customer,261242,0,0,0,0,0,0
2026-07-27T13:11:36Z,F346E7F692C196A7,14.23,queries/Core/14_modern_nodes/memoize_off.sql,measured,1,2,5,2,0.070,19731.096,3,2,240004553,480024553,239991319,1920098212,0,0,supplier;customer,261242,0,0,0,0,0,0
2026-07-27T13:11:36Z,F346E7F692C196A7,14.23,queries/Core/14_modern_nodes/memoize_off.sql,measured,1,3,5,2,0.088,19893.268,3,2,240004553,480024553,239991319,1920098212,0,0,supplier;customer,261242,0,0,0,0,0,0
2026-07-27T13:11:36Z,F346E7F692C196A7,14.23,queries/Core/14_modern_nodes/memoize_off.sql,measured,1,4,5,2,0.070,19682.950,3,2,240004553,480024553,239991319,1920098212,0,0,supplier;customer,261242,0,0,0,0,0,0
2026-07-27T13:11:36Z,F346E7F692C196A7,14.23,queries/Core/14_modern_nodes/memoize_off.sql,measured,1,5,5,2,0.079,19647.717,3,2,240004553,480024553,239991319,1920098212,0,0,supplier;customer,261242,0,0,0,0,0,0
2026-07-27T13:13:15Z,F346E7F692C196A7,14.23,queries/Core/14_modern_nodes/memoize_off.sql,measured,2,1,5,2,0.407,19481.040,3,2,240004553,480024553,239991319,1920098212,0,0,supplier;customer,261242,0,0,0,0,0,0
2026-07-27T13:13:15Z,F346E7F692C196A7,14.23,queries/Core/14_modern_nodes/memoize_off.sql,measured,2,2,5,2,0.070,19754.020,3,2,240004553,480024553,239991319,1920098212,0,0,supplier;customer,261242,0,0,0,0,0,0
2026-07-27T13:13:15Z,F346E7F692C196A7,14.23,queries/Core/14_modern_nodes/memoize_off.sql,measured,2,3,5,2,0.073,19941.295,3,2,240004553,480024553,239991319,1920098212,0,0,supplier;customer,261242,0,0,0,0,0,0
2026-07-27T13:13:15Z,F346E7F692C196A7,14.23,queries/Core/14_modern_nodes/memoize_off.sql,measured,2,4,5,2,0.080,19661.754,3,2,240004553,480024553,239991319,1920098212,0,0,supplier;customer,261242,0,0,0,0,0,0
2026-07-27T13:13:15Z,F346E7F692C196A7,14.23,queries/Core/14_modern_nodes/memoize_off.sql,measured,2,5,5,2,0.070,19677.762,3,2,240004553,480024553,239991319,1920098212,0,0,supplier;customer,261242,0,0,0,0,0,0
2026-07-27T13:13:17Z,F346E7F692C196A7,14.23,queries/Functions/00_baseline/char.sql,warmup,1,1,1,2,0.216,1988.223,1,1,11997996,11997996,11998031,131977956,0,0,lineitem,14249,210671,0,0,0,0,0
2026-07-27T13:13:19Z,F346E7F692C196A7,14.23,queries/Functions/00_baseline/char.sql,warmup,2,1,1,2,0.199,1993.602,1,1,11997996,11997996,11998031,131977956,0,0,lineitem,14281,210639,0,0,0,0,0
2026-07-27T13:13:29Z,F346E7F692C196A7,14.23,queries/Functions/00_baseline/char.sql,measured,1,1,5,2,0.182,1997.591,1,1,11997996,11997996,11998031,131977956,0,0,lineitem,14313,210607,0,0,0,0,0
2026-07-27T13:13:29Z,F346E7F692C196A7,14.23,queries/Functions/00_baseline/char.sql,measured,1,2,5,2,0.028,1971.101,1,1,11997996,11997996,11998031,131977956,0,0,lineitem,14345,210575,0,0,0,0,0
2026-07-27T13:13:29Z,F346E7F692C196A7,14.23,queries/Functions/00_baseline/char.sql,measured,1,3,5,2,0.027,1969.530,1,1,11997996,11997996,11998031,131977956,0,0,lineitem,14377,210543,0,0,0,0,0
2026-07-27T13:13:29Z,F346E7F692C196A7,14.23,queries/Functions/00_baseline/char.sql,measured,1,4,5,2,0.028,1978.186,1,1,11997996,11997996,11998031,131977956,0,0,lineitem,14409,210511,0,0,0,0,0
2026-07-27T13:13:29Z,F346E7F692C196A7,14.23,queries/Functions/00_baseline/char.sql,measured,1,5,5,2,0.027,1972.317,1,1,11997996,11997996,11998031,131977956,0,0,lineitem,14441,210479,0,0,0,0,0
2026-07-27T13:13:39Z,F346E7F692C196A7,14.23,queries/Functions/00_baseline/char.sql,measured,2,1,5,2,0.189,2000.885,1,1,11997996,11997996,11998031,131977956,0,0,lineitem,14473,210447,0,0,0,0,0
2026-07-27T13:13:39Z,F346E7F692C196A7,14.23,queries/Functions/00_baseline/char.sql,measured,2,2,5,2,0.028,1968.253,1,1,11997996,11997996,11998031,131977956,0,0,lineitem,14505,210415,0,0,0,0,0
2026-07-27T13:13:39Z,F346E7F692C196A7,14.23,queries/Functions/00_baseline/char.sql,measured,2,3,5,2,0.027,1966.698,1,1,11997996,11997996,11998031,131977956,0,0,lineitem,14537,210383,0,0,0,0,0
2026-07-27T13:13:39Z,F346E7F692C196A7,14.23,queries/Functions/00_baseline/char.sql,measured,2,4,5,2,0.028,1970.365,1,1,11997996,11997996,11998031,131977956,0,0,lineitem,14569,210351,0,0,0,0,0
2026-07-27T13:13:39Z,F346E7F692C196A7,14.23,queries/Functions/00_baseline/char.sql,measured,2,5,5,2,0.028,1968.032,1,1,11997996,11997996,11998031,131977956,0,0,lineitem,14601,210319,0,0,0,0,0
2026-07-27T13:13:41Z,F346E7F692C196A7,14.23,queries/Functions/00_baseline/date.sql,warmup,1,1,1,2,0.180,1763.720,1,1,11997996,11997996,11998031,47991984,0,0,lineitem,14633,210287,0,0,0,0,0
2026-07-27T13:13:43Z,F346E7F692C196A7,14.23,queries/Functions/00_baseline/date.sql,warmup,2,1,1,2,0.184,1754.060,1,1,11997996,11997996,11998031,47991984,0,0,lineitem,14665,210255,0,0,0,0,0
2026-07-27T13:13:51Z,F346E7F692C196A7,14.23,queries/Functions/00_baseline/date.sql,measured,1,1,5,2,0.189,1761.742,1,1,11997996,11997996,11998031,47991984,0,0,lineitem,14697,210223,0,0,0,0,0
2026-07-27T13:13:51Z,F346E7F692C196A7,14.23,queries/Functions/00_baseline/date.sql,measured,1,2,5,2,0.028,1729.449,1,1,11997996,11997996,11998031,47991984,0,0,lineitem,14729,210191,0,0,0,0,0
2026-07-27T13:13:51Z,F346E7F692C196A7,14.23,queries/Functions/00_baseline/date.sql,measured,1,3,5,2,0.028,1728.129,1,1,11997996,11997996,11998031,47991984,0,0,lineitem,14761,210159,0,0,0,0,0
2026-07-27T13:13:51Z,F346E7F692C196A7,14.23,queries/Functions/00_baseline/date.sql,measured,1,4,5,2,0.027,1728.196,1,1,11997996,11997996,11998031,47991984,0,0,lineitem,14793,210127,0,0,0,0,0
2026-07-27T13:13:51Z,F346E7F692C196A7,14.23,queries/Functions/00_baseline/date.sql,measured,1,5,5,2,0.028,1727.191,1,1,11997996,11997996,11998031,47991984,0,0,lineitem,14825,210095,0,0,0,0,0
2026-07-27T13:14:00Z,F346E7F692C196A7,14.23,queries/Functions/00_baseline/date.sql,measured,2,1,5,2,0.186,1754.109,1,1,11997996,11997996,11998031,47991984,0,0,lineitem,14857,210063,0,0,0,0,0
2026-07-27T13:14:00Z,F346E7F692C196A7,14.23,queries/Functions/00_baseline/date.sql,measured,2,2,5,2,0.028,1731.531,1,1,11997996,11997996,11998031,47991984,0,0,lineitem,14889,210031,0,0,0,0,0
2026-07-27T13:14:00Z,F346E7F692C196A7,14.23,queries/Functions/00_baseline/date.sql,measured,2,3,5,2,0.044,1731.525,1,1,11997996,11997996,11998031,47991984,0,0,lineitem,14921,209999,0,0,0,0,0
2026-07-27T13:14:00Z,F346E7F692C196A7,14.23,queries/Functions/00_baseline/date.sql,measured,2,4,5,2,0.028,1729.519,1,1,11997996,11997996,11998031,47991984,0,0,lineitem,14953,209967,0,0,0,0,0
2026-07-27T13:14:00Z,F346E7F692C196A7,14.23,queries/Functions/00_baseline/date.sql,measured,2,5,5,2,0.028,1725.446,1,1,11997996,11997996,11998031,47991984,0,0,lineitem,14985,209935,0,0,0,0,0
2026-07-27T13:14:01Z,F346E7F692C196A7,14.23,queries/Functions/00_baseline/int.sql,warmup,1,1,1,2,0.265,802.482,1,1,11997996,11997996,11998031,47991984,0,0,lineitem,302,18948,0,0,0,0,0
2026-07-27T13:14:02Z,F346E7F692C196A7,14.23,queries/Functions/00_baseline/int.sql,warmup,2,1,1,2,0.248,801.563,1,1,11997996,11997996,11998031,47991984,0,0,lineitem,309,18941,0,0,0,0,0
2026-07-27T13:14:06Z,F346E7F692C196A7,14.23,queries/Functions/00_baseline/int.sql,measured,1,1,5,2,0.251,803.943,1,1,11997996,11997996,11998031,47991984,0,0,lineitem,309,18941,0,0,0,0,0
2026-07-27T13:14:06Z,F346E7F692C196A7,14.23,queries/Functions/00_baseline/int.sql,measured,1,2,5,2,0.036,769.579,1,1,11997996,11997996,11998031,47991984,0,0,lineitem,309,18941,0,0,0,0,0
2026-07-27T13:14:06Z,F346E7F692C196A7,14.23,queries/Functions/00_baseline/int.sql,measured,1,3,5,2,0.037,769.152,1,1,11997996,11997996,11998031,47991984,0,0,lineitem,309,18941,0,0,0,0,0
2026-07-27T13:14:06Z,F346E7F692C196A7,14.23,queries/Functions/00_baseline/int.sql,measured,1,4,5,2,0.038,768.970,1,1,11997996,11997996,11998031,47991984,0,0,lineitem,309,18941,0,0,0,0,0
2026-07-27T13:14:06Z,F346E7F692C196A7,14.23,queries/Functions/00_baseline/int.sql,measured,1,5,5,2,0.037,773.250,1,1,11997996,11997996,11998031,47991984,0,0,lineitem,309,18941,0,0,0,0,0
2026-07-27T13:14:10Z,F346E7F692C196A7,14.23,queries/Functions/00_baseline/int.sql,measured,2,1,5,2,0.329,800.374,1,1,11997996,11997996,11998031,47991984,0,0,lineitem,309,18941,0,0,0,0,0
2026-07-27T13:14:10Z,F346E7F692C196A7,14.23,queries/Functions/00_baseline/int.sql,measured,2,2,5,2,0.036,772.780,1,1,11997996,11997996,11998031,47991984,0,0,lineitem,309,18941,0,0,0,0,0
2026-07-27T13:14:10Z,F346E7F692C196A7,14.23,queries/Functions/00_baseline/int.sql,measured,2,3,5,2,0.054,766.757,1,1,11997996,11997996,11998031,47991984,0,0,lineitem,309,18941,0,0,0,0,0
2026-07-27T13:14:10Z,F346E7F692C196A7,14.23,queries/Functions/00_baseline/int.sql,measured,2,4,5,2,0.036,772.069,1,1,11997996,11997996,11998031,47991984,0,0,lineitem,309,18941,0,0,0,0,0
2026-07-27T13:14:10Z,F346E7F692C196A7,14.23,queries/Functions/00_baseline/int.sql,measured,2,5,5,2,0.036,772.573,1,1,11997996,11997996,11998031,47991984,0,0,lineitem,309,18941,0,0,0,0,0
2026-07-27T13:14:11Z,F346E7F692C196A7,14.23,queries/Functions/00_baseline/numeric.sql,warmup,1,1,1,2,0.315,1397.536,1,1,11997996,11997996,11998031,59989980,0,0,lineitem,0,224920,0,0,0,0,0
2026-07-27T13:14:13Z,F346E7F692C196A7,14.23,queries/Functions/00_baseline/numeric.sql,warmup,2,1,1,2,0.260,1385.043,1,1,11997996,11997996,11998031,59989980,0,0,lineitem,32,224888,0,0,0,0,0
2026-07-27T13:14:20Z,F346E7F692C196A7,14.23,queries/Functions/00_baseline/numeric.sql,measured,1,1,5,2,0.262,1383.456,1,1,11997996,11997996,11998031,59989980,0,0,lineitem,64,224856,0,0,0,0,0
2026-07-27T13:14:20Z,F346E7F692C196A7,14.23,queries/Functions/00_baseline/numeric.sql,measured,1,2,5,2,0.028,1364.907,1,1,11997996,11997996,11998031,59989980,0,0,lineitem,96,224824,0,0,0,0,0
2026-07-27T13:14:20Z,F346E7F692C196A7,14.23,queries/Functions/00_baseline/numeric.sql,measured,1,3,5,2,0.027,1369.082,1,1,11997996,11997996,11998031,59989980,0,0,lineitem,128,224792,0,0,0,0,0
2026-07-27T13:14:20Z,F346E7F692C196A7,14.23,queries/Functions/00_baseline/numeric.sql,measured,1,4,5,2,0.027,1369.103,1,1,11997996,11997996,11998031,59989980,0,0,lineitem,160,224760,0,0,0,0,0
2026-07-27T13:14:20Z,F346E7F692C196A7,14.23,queries/Functions/00_baseline/numeric.sql,measured,1,5,5,2,0.028,1372.136,1,1,11997996,11997996,11998031,59989980,0,0,lineitem,192,224728,0,0,0,0,0
2026-07-27T13:14:27Z,F346E7F692C196A7,14.23,queries/Functions/00_baseline/numeric.sql,measured,2,1,5,2,0.260,1381.541,1,1,11997996,11997996,11998031,59989980,0,0,lineitem,224,224696,0,0,0,0,0
2026-07-27T13:14:27Z,F346E7F692C196A7,14.23,queries/Functions/00_baseline/numeric.sql,measured,2,2,5,2,0.028,1364.121,1,1,11997996,11997996,11998031,59989980,0,0,lineitem,256,224664,0,0,0,0,0
2026-07-27T13:14:27Z,F346E7F692C196A7,14.23,queries/Functions/00_baseline/numeric.sql,measured,2,3,5,2,0.028,1362.783,1,1,11997996,11997996,11998031,59989980,0,0,lineitem,288,224632,0,0,0,0,0
2026-07-27T13:14:27Z,F346E7F692C196A7,14.23,queries/Functions/00_baseline/numeric.sql,measured,2,4,5,2,0.028,1365.071,1,1,11997996,11997996,11998031,59989980,0,0,lineitem,320,224600,0,0,0,0,0
2026-07-27T13:14:27Z,F346E7F692C196A7,14.23,queries/Functions/00_baseline/numeric.sql,measured,2,5,5,2,0.028,1362.747,1,1,11997996,11997996,11998031,59989980,0,0,lineitem,352,224568,0,0,0,0,0
2026-07-27T13:14:29Z,F346E7F692C196A7,14.23,queries/Functions/00_baseline/text.sql,warmup,1,1,1,2,0.270,2065.706,1,1,11997996,11997996,11998031,323945892,0,0,lineitem,384,224536,0,0,0,0,0
2026-07-27T13:14:31Z,F346E7F692C196A7,14.23,queries/Functions/00_baseline/text.sql,warmup,2,1,1,2,0.247,2072.483,1,1,11997996,11997996,11998031,323945892,0,0,lineitem,416,224504,0,0,0,0,0
2026-07-27T13:14:41Z,F346E7F692C196A7,14.23,queries/Functions/00_baseline/text.sql,measured,1,1,5,2,0.255,2072.478,1,1,11997996,11997996,11998031,323945892,0,0,lineitem,448,224472,0,0,0,0,0
2026-07-27T13:14:41Z,F346E7F692C196A7,14.23,queries/Functions/00_baseline/text.sql,measured,1,2,5,2,0.028,2060.927,1,1,11997996,11997996,11998031,323945892,0,0,lineitem,480,224440,0,0,0,0,0
2026-07-27T13:14:41Z,F346E7F692C196A7,14.23,queries/Functions/00_baseline/text.sql,measured,1,3,5,2,0.028,2053.554,1,1,11997996,11997996,11998031,323945892,0,0,lineitem,512,224408,0,0,0,0,0
2026-07-27T13:14:41Z,F346E7F692C196A7,14.23,queries/Functions/00_baseline/text.sql,measured,1,4,5,2,0.028,2049.367,1,1,11997996,11997996,11998031,323945892,0,0,lineitem,544,224376,0,0,0,0,0
2026-07-27T13:14:41Z,F346E7F692C196A7,14.23,queries/Functions/00_baseline/text.sql,measured,1,5,5,2,0.028,2047.612,1,1,11997996,11997996,11998031,323945892,0,0,lineitem,576,224344,0,0,0,0,0
2026-07-27T13:14:52Z,F346E7F692C196A7,14.23,queries/Functions/00_baseline/text.sql,measured,2,1,5,2,0.258,2070.591,1,1,11997996,11997996,11998031,323945892,0,0,lineitem,608,224312,0,0,0,0,0
2026-07-27T13:14:52Z,F346E7F692C196A7,14.23,queries/Functions/00_baseline/text.sql,measured,2,2,5,2,0.028,2052.176,1,1,11997996,11997996,11998031,323945892,0,0,lineitem,640,224280,0,0,0,0,0
2026-07-27T13:14:52Z,F346E7F692C196A7,14.23,queries/Functions/00_baseline/text.sql,measured,2,3,5,2,0.027,2051.754,1,1,11997996,11997996,11998031,323945892,0,0,lineitem,672,224248,0,0,0,0,0
2026-07-27T13:14:52Z,F346E7F692C196A7,14.23,queries/Functions/00_baseline/text.sql,measured,2,4,5,2,0.028,2059.485,1,1,11997996,11997996,11998031,323945892,0,0,lineitem,704,224216,0,0,0,0,0
2026-07-27T13:14:52Z,F346E7F692C196A7,14.23,queries/Functions/00_baseline/text.sql,measured,2,5,5,2,0.028,2053.884,1,1,11997996,11997996,11998031,323945892,0,0,lineitem,736,224184,0,0,0,0,0
2026-07-27T13:14:54Z,F346E7F692C196A7,14.23,queries/Functions/09-01_logical/and.sql,warmup,1,1,1,2,0.335,2413.726,1,1,11997996,11997996,11998031,11997996,0,0,lineitem,768,224152,0,0,0,0,0
2026-07-27T13:14:57Z,F346E7F692C196A7,14.23,queries/Functions/09-01_logical/and.sql,warmup,2,1,1,2,0.266,2418.994,1,1,11997996,11997996,11998031,11997996,0,0,lineitem,800,224120,0,0,0,0,0
2026-07-27T13:15:09Z,F346E7F692C196A7,14.23,queries/Functions/09-01_logical/and.sql,measured,1,1,5,2,0.279,2407.854,1,1,11997996,11997996,11998031,11997996,0,0,lineitem,832,224088,0,0,0,0,0
2026-07-27T13:15:09Z,F346E7F692C196A7,14.23,queries/Functions/09-01_logical/and.sql,measured,1,2,5,2,0.036,2393.241,1,1,11997996,11997996,11998031,11997996,0,0,lineitem,864,224056,0,0,0,0,0
2026-07-27T13:15:09Z,F346E7F692C196A7,14.23,queries/Functions/09-01_logical/and.sql,measured,1,3,5,2,0.035,2388.483,1,1,11997996,11997996,11998031,11997996,0,0,lineitem,896,224024,0,0,0,0,0
2026-07-27T13:15:09Z,F346E7F692C196A7,14.23,queries/Functions/09-01_logical/and.sql,measured,1,4,5,2,0.035,2388.046,1,1,11997996,11997996,11998031,11997996,0,0,lineitem,928,223992,0,0,0,0,0
2026-07-27T13:15:09Z,F346E7F692C196A7,14.23,queries/Functions/09-01_logical/and.sql,measured,1,5,5,2,0.046,2393.120,1,1,11997996,11997996,11998031,11997996,0,0,lineitem,960,223960,0,0,0,0,0
2026-07-27T13:15:21Z,F346E7F692C196A7,14.23,queries/Functions/09-01_logical/and.sql,measured,2,1,5,2,0.257,2414.683,1,1,11997996,11997996,11998031,11997996,0,0,lineitem,992,223928,0,0,0,0,0
2026-07-27T13:15:21Z,F346E7F692C196A7,14.23,queries/Functions/09-01_logical/and.sql,measured,2,2,5,2,0.035,2394.636,1,1,11997996,11997996,11998031,11997996,0,0,lineitem,1024,223896,0,0,0,0,0
2026-07-27T13:15:21Z,F346E7F692C196A7,14.23,queries/Functions/09-01_logical/and.sql,measured,2,3,5,2,0.035,2403.746,1,1,11997996,11997996,11998031,11997996,0,0,lineitem,1056,223864,0,0,0,0,0
2026-07-27T13:15:21Z,F346E7F692C196A7,14.23,queries/Functions/09-01_logical/and.sql,measured,2,4,5,2,0.035,2405.830,1,1,11997996,11997996,11998031,11997996,0,0,lineitem,1088,223832,0,0,0,0,0
2026-07-27T13:15:21Z,F346E7F692C196A7,14.23,queries/Functions/09-01_logical/and.sql,measured,2,5,5,2,0.035,2396.247,1,1,11997996,11997996,11998031,11997996,0,0,lineitem,1120,223800,0,0,0,0,0
2026-07-27T13:15:23Z,F346E7F692C196A7,14.23,queries/Functions/09-01_logical/not.sql,warmup,1,1,1,2,0.275,2051.018,1,1,11997996,11997996,11998031,11997996,0,0,lineitem,1152,223768,0,0,0,0,0
2026-07-27T13:15:25Z,F346E7F692C196A7,14.23,queries/Functions/09-01_logical/not.sql,warmup,2,1,1,2,0.264,2044.503,1,1,11997996,11997996,11998031,11997996,0,0,lineitem,1184,223736,0,0,0,0,0
2026-07-27T13:15:35Z,F346E7F692C196A7,14.23,queries/Functions/09-01_logical/not.sql,measured,1,1,5,2,0.269,2048.056,1,1,11997996,11997996,11998031,11997996,0,0,lineitem,1216,223704,0,0,0,0,0
2026-07-27T13:15:35Z,F346E7F692C196A7,14.23,queries/Functions/09-01_logical/not.sql,measured,1,2,5,2,0.031,2023.127,1,1,11997996,11997996,11998031,11997996,0,0,lineitem,1248,223672,0,0,0,0,0
2026-07-27T13:15:35Z,F346E7F692C196A7,14.23,queries/Functions/09-01_logical/not.sql,measured,1,3,5,2,0.032,2025.747,1,1,11997996,11997996,11998031,11997996,0,0,lineitem,1280,223640,0,0,0,0,0
2026-07-27T13:15:35Z,F346E7F692C196A7,14.23,queries/Functions/09-01_logical/not.sql,measured,1,4,5,2,0.031,2020.865,1,1,11997996,11997996,11998031,11997996,0,0,lineitem,1312,223608,0,0,0,0,0
2026-07-27T13:15:35Z,F346E7F692C196A7,14.23,queries/Functions/09-01_logical/not.sql,measured,1,5,5,2,0.031,2026.651,1,1,11997996,11997996,11998031,11997996,0,0,lineitem,1344,223576,0,0,0,0,0
2026-07-27T13:15:45Z,F346E7F692C196A7,14.23,queries/Functions/09-01_logical/not.sql,measured,2,1,5,2,0.275,2040.876,1,1,11997996,11997996,11998031,11997996,0,0,lineitem,1376,223544,0,0,0,0,0
2026-07-27T13:15:45Z,F346E7F692C196A7,14.23,queries/Functions/09-01_logical/not.sql,measured,2,2,5,2,0.030,2022.226,1,1,11997996,11997996,11998031,11997996,0,0,lineitem,1408,223512,0,0,0,0,0
2026-07-27T13:15:45Z,F346E7F692C196A7,14.23,queries/Functions/09-01_logical/not.sql,measured,2,3,5,2,0.031,2026.187,1,1,11997996,11997996,11998031,11997996,0,0,lineitem,1440,223480,0,0,0,0,0
2026-07-27T13:15:45Z,F346E7F692C196A7,14.23,queries/Functions/09-01_logical/not.sql,measured,2,4,5,2,0.031,2022.325,1,1,11997996,11997996,11998031,11997996,0,0,lineitem,1472,223448,0,0,0,0,0
2026-07-27T13:15:45Z,F346E7F692C196A7,14.23,queries/Functions/09-01_logical/not.sql,measured,2,5,5,2,0.031,2027.104,1,1,11997996,11997996,11998031,11997996,0,0,lineitem,1504,223416,0,0,0,0,0
2026-07-27T13:15:48Z,F346E7F692C196A7,14.23,queries/Functions/09-01_logical/or.sql,warmup,1,1,1,2,0.260,2198.856,1,1,11997996,11997996,11998031,11997996,0,0,lineitem,1536,223384,0,0,0,0,0
2026-07-27T13:15:50Z,F346E7F692C196A7,14.23,queries/Functions/09-01_logical/or.sql,warmup,2,1,1,2,0.280,2201.199,1,1,11997996,11997996,11998031,11997996,0,0,lineitem,1568,223352,0,0,0,0,0
2026-07-27T13:16:01Z,F346E7F692C196A7,14.23,queries/Functions/09-01_logical/or.sql,measured,1,1,5,2,0.286,2194.293,1,1,11997996,11997996,11998031,11997996,0,0,lineitem,1600,223320,0,0,0,0,0
2026-07-27T13:16:01Z,F346E7F692C196A7,14.23,queries/Functions/09-01_logical/or.sql,measured,1,2,5,2,0.036,2198.690,1,1,11997996,11997996,11998031,11997996,0,0,lineitem,1632,223288,0,0,0,0,0
2026-07-27T13:16:01Z,F346E7F692C196A7,14.23,queries/Functions/09-01_logical/or.sql,measured,1,3,5,2,0.035,2187.738,1,1,11997996,11997996,11998031,11997996,0,0,lineitem,1664,223256,0,0,0,0,0
2026-07-27T13:16:01Z,F346E7F692C196A7,14.23,queries/Functions/09-01_logical/or.sql,measured,1,4,5,2,0.035,2186.199,1,1,11997996,11997996,11998031,11997996,0,0,lineitem,1696,223224,0,0,0,0,0
2026-07-27T13:16:01Z,F346E7F692C196A7,14.23,queries/Functions/09-01_logical/or.sql,measured,1,5,5,2,0.034,2174.640,1,1,11997996,11997996,11998031,11997996,0,0,lineitem,1728,223192,0,0,0,0,0
2026-07-27T13:16:12Z,F346E7F692C196A7,14.23,queries/Functions/09-01_logical/or.sql,measured,2,1,5,2,0.283,2207.202,1,1,11997996,11997996,11998031,11997996,0,0,lineitem,1760,223160,0,0,0,0,0
2026-07-27T13:16:12Z,F346E7F692C196A7,14.23,queries/Functions/09-01_logical/or.sql,measured,2,2,5,2,0.035,2186.901,1,1,11997996,11997996,11998031,11997996,0,0,lineitem,1792,223128,0,0,0,0,0
2026-07-27T13:16:12Z,F346E7F692C196A7,14.23,queries/Functions/09-01_logical/or.sql,measured,2,3,5,2,0.043,2187.895,1,1,11997996,11997996,11998031,11997996,0,0,lineitem,1824,223096,0,0,0,0,0
2026-07-27T13:16:12Z,F346E7F692C196A7,14.23,queries/Functions/09-01_logical/or.sql,measured,2,4,5,2,0.035,2187.197,1,1,11997996,11997996,11998031,11997996,0,0,lineitem,1856,223064,0,0,0,0,0
2026-07-27T13:16:12Z,F346E7F692C196A7,14.23,queries/Functions/09-01_logical/or.sql,measured,2,5,5,2,0.036,2185.777,1,1,11997996,11997996,11998031,11997996,0,0,lineitem,1888,223032,0,0,0,0,0
2026-07-27T13:16:14Z,F346E7F692C196A7,14.23,queries/Functions/09-02_comparison/between.sql,warmup,1,1,1,2,0.273,2287.915,1,1,11997996,11997996,11998031,11997996,0,0,lineitem,1920,223000,0,0,0,0,0
2026-07-27T13:16:17Z,F346E7F692C196A7,14.23,queries/Functions/09-02_comparison/between.sql,warmup,2,1,1,2,0.276,2289.928,1,1,11997996,11997996,11998031,11997996,0,0,lineitem,1952,222968,0,0,0,0,0
2026-07-27T13:16:28Z,F346E7F692C196A7,14.23,queries/Functions/09-02_comparison/between.sql,measured,1,1,5,2,0.279,2283.677,1,1,11997996,11997996,11998031,11997996,0,0,lineitem,1984,222936,0,0,0,0,0
2026-07-27T13:16:28Z,F346E7F692C196A7,14.23,queries/Functions/09-02_comparison/between.sql,measured,1,2,5,2,0.037,2270.273,1,1,11997996,11997996,11998031,11997996,0,0,lineitem,2016,222904,0,0,0,0,0
2026-07-27T13:16:28Z,F346E7F692C196A7,14.23,queries/Functions/09-02_comparison/between.sql,measured,1,3,5,2,0.036,2267.016,1,1,11997996,11997996,11998031,11997996,0,0,lineitem,2048,222872,0,0,0,0,0
2026-07-27T13:16:28Z,F346E7F692C196A7,14.23,queries/Functions/09-02_comparison/between.sql,measured,1,4,5,2,0.035,2268.834,1,1,11997996,11997996,11998031,11997996,0,0,lineitem,2080,222840,0,0,0,0,0
2026-07-27T13:16:28Z,F346E7F692C196A7,14.23,queries/Functions/09-02_comparison/between.sql,measured,1,5,5,2,0.035,2264.681,1,1,11997996,11997996,11998031,11997996,0,0,lineitem,2112,222808,0,0,0,0,0
2026-07-27T13:16:39Z,F346E7F692C196A7,14.23,queries/Functions/09-02_comparison/between.sql,measured,2,1,5,2,0.273,2285.627,1,1,11997996,11997996,11998031,11997996,0,0,lineitem,2144,222776,0,0,0,0,0
2026-07-27T13:16:39Z,F346E7F692C196A7,14.23,queries/Functions/09-02_comparison/between.sql,measured,2,2,5,2,0.036,2264.076,1,1,11997996,11997996,11998031,11997996,0,0,lineitem,2176,222744,0,0,0,0,0
2026-07-27T13:16:39Z,F346E7F692C196A7,14.23,queries/Functions/09-02_comparison/between.sql,measured,2,3,5,2,0.035,2263.377,1,1,11997996,11997996,11998031,11997996,0,0,lineitem,2208,222712,0,0,0,0,0
2026-07-27T13:16:39Z,F346E7F692C196A7,14.23,queries/Functions/09-02_comparison/between.sql,measured,2,4,5,2,0.035,2268.316,1,1,11997996,11997996,11998031,11997996,0,0,lineitem,2240,222680,0,0,0,0,0
2026-07-27T13:16:39Z,F346E7F692C196A7,14.23,queries/Functions/09-02_comparison/between.sql,measured,2,5,5,2,0.036,2261.746,1,1,11997996,11997996,11998031,11997996,0,0,lineitem,2272,222648,0,0,0,0,0
2026-07-27T13:16:42Z,F346E7F692C196A7,14.23,queries/Functions/09-02_comparison/between_symmetric.sql,warmup,1,1,1,2,0.263,2747.884,1,1,11997996,11997996,11998031,11997996,0,0,lineitem,2304,222616,0,0,0,0,0
2026-07-27T13:16:45Z,F346E7F692C196A7,14.23,queries/Functions/09-02_comparison/between_symmetric.sql,warmup,2,1,1,2,0.260,2750.800,1,1,11997996,11997996,11998031,11997996,0,0,lineitem,2336,222584,0,0,0,0,0
2026-07-27T13:16:59Z,F346E7F692C196A7,14.23,queries/Functions/09-02_comparison/between_symmetric.sql,measured,1,1,5,2,0.282,2755.224,1,1,11997996,11997996,11998031,11997996,0,0,lineitem,2368,222552,0,0,0,0,0
2026-07-27T13:16:59Z,F346E7F692C196A7,14.23,queries/Functions/09-02_comparison/between_symmetric.sql,measured,1,2,5,2,0.038,2740.010,1,1,11997996,11997996,11998031,11997996,0,0,lineitem,2400,222520,0,0,0,0,0
2026-07-27T13:16:59Z,F346E7F692C196A7,14.23,queries/Functions/09-02_comparison/between_symmetric.sql,measured,1,3,5,2,0.037,2732.097,1,1,11997996,11997996,11998031,11997996,0,0,lineitem,2432,222488,0,0,0,0,0
2026-07-27T13:16:59Z,F346E7F692C196A7,14.23,queries/Functions/09-02_comparison/between_symmetric.sql,measured,1,4,5,2,0.038,2736.820,1,1,11997996,11997996,11998031,11997996,0,0,lineitem,2464,222456,0,0,0,0,0
2026-07-27T13:16:59Z,F346E7F692C196A7,14.23,queries/Functions/09-02_comparison/between_symmetric.sql,measured,1,5,5,2,0.038,2734.083,1,1,11997996,11997996,11998031,11997996,0,0,lineitem,2496,222424,0,0,0,0,0
2026-07-27T13:17:13Z,F346E7F692C196A7,14.23,queries/Functions/09-02_comparison/between_symmetric.sql,measured,2,1,5,2,0.283,2766.374,1,1,11997996,11997996,11998031,11997996,0,0,lineitem,2528,222392,0,0,0,0,0
2026-07-27T13:17:13Z,F346E7F692C196A7,14.23,queries/Functions/09-02_comparison/between_symmetric.sql,measured,2,2,5,2,0.038,2729.277,1,1,11997996,11997996,11998031,11997996,0,0,lineitem,2560,222360,0,0,0,0,0
2026-07-27T13:17:13Z,F346E7F692C196A7,14.23,queries/Functions/09-02_comparison/between_symmetric.sql,measured,2,3,5,2,0.038,2729.937,1,1,11997996,11997996,11998031,11997996,0,0,lineitem,2592,222328,0,0,0,0,0
2026-07-27T13:17:13Z,F346E7F692C196A7,14.23,queries/Functions/09-02_comparison/between_symmetric.sql,measured,2,4,5,2,0.038,2726.337,1,1,11997996,11997996,11998031,11997996,0,0,lineitem,2624,222296,0,0,0,0,0
2026-07-27T13:17:13Z,F346E7F692C196A7,14.23,queries/Functions/09-02_comparison/between_symmetric.sql,measured,2,5,5,2,0.038,2728.895,1,1,11997996,11997996,11998031,11997996,0,0,lineitem,2656,222264,0,0,0,0,0
2026-07-27T13:17:14Z,F346E7F692C196A7,14.23,queries/Functions/09-02_comparison/eq.sql,warmup,1,1,1,2,0.288,1878.972,1,1,11997996,11997996,11998031,11997996,0,0,lineitem,2688,222232,0,0,0,0,0
2026-07-27T13:17:16Z,F346E7F692C196A7,14.23,queries/Functions/09-02_comparison/eq.sql,warmup,2,1,1,2,0.277,1881.292,1,1,11997996,11997996,11998031,11997996,0,0,lineitem,2720,222200,0,0,0,0,0
2026-07-27T13:17:26Z,F346E7F692C196A7,14.23,queries/Functions/09-02_comparison/eq.sql,measured,1,1,5,2,0.274,1881.828,1,1,11997996,11997996,11998031,11997996,0,0,lineitem,2752,222168,0,0,0,0,0
2026-07-27T13:17:26Z,F346E7F692C196A7,14.23,queries/Functions/09-02_comparison/eq.sql,measured,1,2,5,2,0.052,1864.689,1,1,11997996,11997996,11998031,11997996,0,0,lineitem,2784,222136,0,0,0,0,0
2026-07-27T13:17:26Z,F346E7F692C196A7,14.23,queries/Functions/09-02_comparison/eq.sql,measured,1,3,5,2,0.034,1857.606,1,1,11997996,11997996,11998031,11997996,0,0,lineitem,2816,222104,0,0,0,0,0
2026-07-27T13:17:26Z,F346E7F692C196A7,14.23,queries/Functions/09-02_comparison/eq.sql,measured,1,4,5,2,0.034,1857.878,1,1,11997996,11997996,11998031,11997996,0,0,lineitem,2848,222072,0,0,0,0,0
2026-07-27T13:17:26Z,F346E7F692C196A7,14.23,queries/Functions/09-02_comparison/eq.sql,measured,1,5,5,2,0.034,1862.759,1,1,11997996,11997996,11998031,11997996,0,0,lineitem,2880,222040,0,0,0,0,0
2026-07-27T13:17:35Z,F346E7F692C196A7,14.23,queries/Functions/09-02_comparison/eq.sql,measured,2,1,5,2,0.265,1874.638,1,1,11997996,11997996,11998031,11997996,0,0,lineitem,2912,222008,0,0,0,0,0
2026-07-27T13:17:35Z,F346E7F692C196A7,14.23,queries/Functions/09-02_comparison/eq.sql,measured,2,2,5,2,0.034,1857.748,1,1,11997996,11997996,11998031,11997996,0,0,lineitem,2944,221976,0,0,0,0,0
2026-07-27T13:17:35Z,F346E7F692C196A7,14.23,queries/Functions/09-02_comparison/eq.sql,measured,2,3,5,2,0.040,1853.794,1,1,11997996,11997996,11998031,11997996,0,0,lineitem,2976,221944,0,0,0,0,0
2026-07-27T13:17:35Z,F346E7F692C196A7,14.23,queries/Functions/09-02_comparison/eq.sql,measured,2,4,5,2,0.050,1861.671,1,1,11997996,11997996,11998031,11997996,0,0,lineitem,3008,221912,0,0,0,0,0
2026-07-27T13:17:35Z,F346E7F692C196A7,14.23,queries/Functions/09-02_comparison/eq.sql,measured,2,5,5,2,0.034,1857.322,1,1,11997996,11997996,11998031,11997996,0,0,lineitem,3040,221880,0,0,0,0,0
2026-07-27T13:17:37Z,F346E7F692C196A7,14.23,queries/Functions/09-02_comparison/ge.sql,warmup,1,1,1,2,0.276,1866.468,1,1,11997996,11997996,11998031,11997996,0,0,lineitem,3072,221848,0,0,0,0,0
2026-07-27T13:17:39Z,F346E7F692C196A7,14.23,queries/Functions/09-02_comparison/ge.sql,warmup,2,1,1,2,0.257,1866.510,1,1,11997996,11997996,11998031,11997996,0,0,lineitem,3104,221816,0,0,0,0,0
2026-07-27T13:17:48Z,F346E7F692C196A7,14.23,queries/Functions/09-02_comparison/ge.sql,measured,1,1,5,2,0.272,1875.076,1,1,11997996,11997996,11998031,11997996,0,0,lineitem,3136,221784,0,0,0,0,0
2026-07-27T13:17:48Z,F346E7F692C196A7,14.23,queries/Functions/09-02_comparison/ge.sql,measured,1,2,5,2,0.034,1850.946,1,1,11997996,11997996,11998031,11997996,0,0,lineitem,3168,221752,0,0,0,0,0
2026-07-27T13:17:48Z,F346E7F692C196A7,14.23,queries/Functions/09-02_comparison/ge.sql,measured,1,3,5,2,0.033,1842.216,1,1,11997996,11997996,11998031,11997996,0,0,lineitem,3200,221720,0,0,0,0,0
2026-07-27T13:17:48Z,F346E7F692C196A7,14.23,queries/Functions/09-02_comparison/ge.sql,measured,1,4,5,2,0.034,1838.433,1,1,11997996,11997996,11998031,11997996,0,0,lineitem,3232,221688,0,0,0,0,0
2026-07-27T13:17:48Z,F346E7F692C196A7,14.23,queries/Functions/09-02_comparison/ge.sql,measured,1,5,5,2,0.034,1841.089,1,1,11997996,11997996,11998031,11997996,0,0,lineitem,3264,221656,0,0,0,0,0
2026-07-27T13:17:58Z,F346E7F692C196A7,14.23,queries/Functions/09-02_comparison/ge.sql,measured,2,1,5,2,0.271,1859.229,1,1,11997996,11997996,11998031,11997996,0,0,lineitem,3296,221624,0,0,0,0,0
2026-07-27T13:17:58Z,F346E7F692C196A7,14.23,queries/Functions/09-02_comparison/ge.sql,measured,2,2,5,2,0.035,1841.764,1,1,11997996,11997996,11998031,11997996,0,0,lineitem,3328,221592,0,0,0,0,0
2026-07-27T13:17:58Z,F346E7F692C196A7,14.23,queries/Functions/09-02_comparison/ge.sql,measured,2,3,5,2,0.033,1837.428,1,1,11997996,11997996,11998031,11997996,0,0,lineitem,3360,221560,0,0,0,0,0
2026-07-27T13:17:58Z,F346E7F692C196A7,14.23,queries/Functions/09-02_comparison/ge.sql,measured,2,4,5,2,0.033,1837.760,1,1,11997996,11997996,11998031,11997996,0,0,lineitem,3392,221528,0,0,0,0,0
2026-07-27T13:17:58Z,F346E7F692C196A7,14.23,queries/Functions/09-02_comparison/ge.sql,measured,2,5,5,2,0.033,1835.693,1,1,11997996,11997996,11998031,11997996,0,0,lineitem,3424,221496,0,0,0,0,0
2026-07-27T13:18:00Z,F346E7F692C196A7,14.23,queries/Functions/09-02_comparison/greatest.sql,warmup,1,1,1,2,0.267,2329.548,1,1,11997996,11997996,11998031,215963928,0,0,lineitem,3456,221464,0,0,0,0,0
2026-07-27T13:18:02Z,F346E7F692C196A7,14.23,queries/Functions/09-02_comparison/greatest.sql,warmup,2,1,1,2,0.262,2321.764,1,1,11997996,11997996,11998031,215963928,0,0,lineitem,3488,221432,0,0,0,0,0
2026-07-27T13:18:14Z,F346E7F692C196A7,14.23,queries/Functions/09-02_comparison/greatest.sql,measured,1,1,5,2,0.248,2323.148,1,1,11997996,11997996,11998031,215963928,0,0,lineitem,3520,221400,0,0,0,0,0
2026-07-27T13:18:14Z,F346E7F692C196A7,14.23,queries/Functions/09-02_comparison/greatest.sql,measured,1,2,5,2,0.031,2305.096,1,1,11997996,11997996,11998031,215963928,0,0,lineitem,3552,221368,0,0,0,0,0
2026-07-27T13:18:14Z,F346E7F692C196A7,14.23,queries/Functions/09-02_comparison/greatest.sql,measured,1,3,5,2,0.029,2301.924,1,1,11997996,11997996,11998031,215963928,0,0,lineitem,3584,221336,0,0,0,0,0
2026-07-27T13:18:14Z,F346E7F692C196A7,14.23,queries/Functions/09-02_comparison/greatest.sql,measured,1,4,5,2,0.030,2309.377,1,1,11997996,11997996,11998031,215963928,0,0,lineitem,3616,221304,0,0,0,0,0
2026-07-27T13:18:14Z,F346E7F692C196A7,14.23,queries/Functions/09-02_comparison/greatest.sql,measured,1,5,5,2,0.029,2307.930,1,1,11997996,11997996,11998031,215963928,0,0,lineitem,3648,221272,0,0,0,0,0
2026-07-27T13:18:26Z,F346E7F692C196A7,14.23,queries/Functions/09-02_comparison/greatest.sql,measured,2,1,5,2,0.260,2326.944,1,1,11997996,11997996,11998031,215963928,0,0,lineitem,3680,221240,0,0,0,0,0
2026-07-27T13:18:26Z,F346E7F692C196A7,14.23,queries/Functions/09-02_comparison/greatest.sql,measured,2,2,5,2,0.029,2316.686,1,1,11997996,11997996,11998031,215963928,0,0,lineitem,3712,221208,0,0,0,0,0
2026-07-27T13:18:26Z,F346E7F692C196A7,14.23,queries/Functions/09-02_comparison/greatest.sql,measured,2,3,5,2,0.030,2301.891,1,1,11997996,11997996,11998031,215963928,0,0,lineitem,3744,221176,0,0,0,0,0
2026-07-27T13:18:26Z,F346E7F692C196A7,14.23,queries/Functions/09-02_comparison/greatest.sql,measured,2,4,5,2,0.030,2307.337,1,1,11997996,11997996,11998031,215963928,0,0,lineitem,3776,221144,0,0,0,0,0
2026-07-27T13:18:26Z,F346E7F692C196A7,14.23,queries/Functions/09-02_comparison/greatest.sql,measured,2,5,5,2,0.029,2304.077,1,1,11997996,11997996,11998031,215963928,0,0,lineitem,3808,221112,0,0,0,0,0
2026-07-27T13:18:28Z,F346E7F692C196A7,14.23,queries/Functions/09-02_comparison/gt.sql,warmup,1,1,1,2,0.273,1876.147,1,1,11997996,11997996,11998031,11997996,0,0,lineitem,3840,221080,0,0,0,0,0
2026-07-27T13:18:30Z,F346E7F692C196A7,14.23,queries/Functions/09-02_comparison/gt.sql,warmup,2,1,1,2,0.280,1872.838,1,1,11997996,11997996,11998031,11997996,0,0,lineitem,3872,221048,0,0,0,0,0
2026-07-27T13:18:39Z,F346E7F692C196A7,14.23,queries/Functions/09-02_comparison/gt.sql,measured,1,1,5,2,0.258,1872.170,1,1,11997996,11997996,11998031,11997996,0,0,lineitem,3904,221016,0,0,0,0,0
2026-07-27T13:18:39Z,F346E7F692C196A7,14.23,queries/Functions/09-02_comparison/gt.sql,measured,1,2,5,2,0.034,1851.318,1,1,11997996,11997996,11998031,11997996,0,0,lineitem,3936,220984,0,0,0,0,0
2026-07-27T13:18:39Z,F346E7F692C196A7,14.23,queries/Functions/09-02_comparison/gt.sql,measured,1,3,5,2,0.033,1854.486,1,1,11997996,11997996,11998031,11997996,0,0,lineitem,3968,220952,0,0,0,0,0
2026-07-27T13:18:39Z,F346E7F692C196A7,14.23,queries/Functions/09-02_comparison/gt.sql,measured,1,4,5,2,0.052,1855.322,1,1,11997996,11997996,11998031,11997996,0,0,lineitem,4000,220920,0,0,0,0,0
2026-07-27T13:18:39Z,F346E7F692C196A7,14.23,queries/Functions/09-02_comparison/gt.sql,measured,1,5,5,2,0.035,1857.365,1,1,11997996,11997996,11998031,11997996,0,0,lineitem,4032,220888,0,0,0,0,0
2026-07-27T13:18:48Z,F346E7F692C196A7,14.23,queries/Functions/09-02_comparison/gt.sql,measured,2,1,5,2,0.263,1876.505,1,1,11997996,11997996,11998031,11997996,0,0,lineitem,4064,220856,0,0,0,0,0
2026-07-27T13:18:48Z,F346E7F692C196A7,14.23,queries/Functions/09-02_comparison/gt.sql,measured,2,2,5,2,0.034,1850.539,1,1,11997996,11997996,11998031,11997996,0,0,lineitem,4096,220824,0,0,0,0,0
2026-07-27T13:18:48Z,F346E7F692C196A7,14.23,queries/Functions/09-02_comparison/gt.sql,measured,2,3,5,2,0.034,1850.404,1,1,11997996,11997996,11998031,11997996,0,0,lineitem,4128,220792,0,0,0,0,0
2026-07-27T13:18:48Z,F346E7F692C196A7,14.23,queries/Functions/09-02_comparison/gt.sql,measured,2,4,5,2,0.034,1850.060,1,1,11997996,11997996,11998031,11997996,0,0,lineitem,4160,220760,0,0,0,0,0
2026-07-27T13:18:48Z,F346E7F692C196A7,14.23,queries/Functions/09-02_comparison/gt.sql,measured,2,5,5,2,0.035,1847.247,1,1,11997996,11997996,11998031,11997996,0,0,lineitem,4192,220728,0,0,0,0,0
2026-07-27T13:18:50Z,F346E7F692C196A7,14.23,queries/Functions/09-02_comparison/is_distinct_from.sql,warmup,1,1,1,2,0.253,1893.305,1,1,11997996,11997996,11998031,11997996,0,0,lineitem,4224,220696,0,0,0,0,0
2026-07-27T13:18:52Z,F346E7F692C196A7,14.23,queries/Functions/09-02_comparison/is_distinct_from.sql,warmup,2,1,1,2,0.275,1884.963,1,1,11997996,11997996,11998031,11997996,0,0,lineitem,4256,220664,0,0,0,0,0
2026-07-27T13:19:02Z,F346E7F692C196A7,14.23,queries/Functions/09-02_comparison/is_distinct_from.sql,measured,1,1,5,2,0.262,1899.853,1,1,11997996,11997996,11998031,11997996,0,0,lineitem,4288,220632,0,0,0,0,0
2026-07-27T13:19:02Z,F346E7F692C196A7,14.23,queries/Functions/09-02_comparison/is_distinct_from.sql,measured,1,2,5,2,0.034,1864.062,1,1,11997996,11997996,11998031,11997996,0,0,lineitem,4320,220600,0,0,0,0,0
2026-07-27T13:19:02Z,F346E7F692C196A7,14.23,queries/Functions/09-02_comparison/is_distinct_from.sql,measured,1,3,5,2,0.033,1865.190,1,1,11997996,11997996,11998031,11997996,0,0,lineitem,4352,220568,0,0,0,0,0
2026-07-27T13:19:02Z,F346E7F692C196A7,14.23,queries/Functions/09-02_comparison/is_distinct_from.sql,measured,1,4,5,2,0.034,1870.147,1,1,11997996,11997996,11998031,11997996,0,0,lineitem,4384,220536,0,0,0,0,0
2026-07-27T13:19:02Z,F346E7F692C196A7,14.23,queries/Functions/09-02_comparison/is_distinct_from.sql,measured,1,5,5,2,0.034,1863.579,1,1,11997996,11997996,11998031,11997996,0,0,lineitem,4416,220504,0,0,0,0,0
2026-07-27T13:19:11Z,F346E7F692C196A7,14.23,queries/Functions/09-02_comparison/is_distinct_from.sql,measured,2,1,5,2,0.271,1882.896,1,1,11997996,11997996,11998031,11997996,0,0,lineitem,4448,220472,0,0,0,0,0
2026-07-27T13:19:11Z,F346E7F692C196A7,14.23,queries/Functions/09-02_comparison/is_distinct_from.sql,measured,2,2,5,2,0.034,1862.297,1,1,11997996,11997996,11998031,11997996,0,0,lineitem,4480,220440,0,0,0,0,0
2026-07-27T13:19:11Z,F346E7F692C196A7,14.23,queries/Functions/09-02_comparison/is_distinct_from.sql,measured,2,3,5,2,0.034,1867.825,1,1,11997996,11997996,11998031,11997996,0,0,lineitem,4512,220408,0,0,0,0,0
2026-07-27T13:19:11Z,F346E7F692C196A7,14.23,queries/Functions/09-02_comparison/is_distinct_from.sql,measured,2,4,5,2,0.034,1860.954,1,1,11997996,11997996,11998031,11997996,0,0,lineitem,4544,220376,0,0,0,0,0
2026-07-27T13:19:11Z,F346E7F692C196A7,14.23,queries/Functions/09-02_comparison/is_distinct_from.sql,measured,2,5,5,2,0.034,1865.649,1,1,11997996,11997996,11998031,11997996,0,0,lineitem,4576,220344,0,0,0,0,0
2026-07-27T13:19:13Z,F346E7F692C196A7,14.23,queries/Functions/09-02_comparison/is_not_distinct_from.sql,warmup,1,1,1,2,0.272,1911.895,1,1,11997996,11997996,11998031,11997996,0,0,lineitem,4608,220312,0,0,0,0,0
2026-07-27T13:19:15Z,F346E7F692C196A7,14.23,queries/Functions/09-02_comparison/is_not_distinct_from.sql,warmup,2,1,1,2,0.274,1915.529,1,1,11997996,11997996,11998031,11997996,0,0,lineitem,4640,220280,0,0,0,0,0
2026-07-27T13:19:24Z,F346E7F692C196A7,14.23,queries/Functions/09-02_comparison/is_not_distinct_from.sql,measured,1,1,5,2,0.256,1905.570,1,1,11997996,11997996,11998031,11997996,0,0,lineitem,4672,220248,0,0,0,0,0
2026-07-27T13:19:24Z,F346E7F692C196A7,14.23,queries/Functions/09-02_comparison/is_not_distinct_from.sql,measured,1,2,5,2,0.034,1885.198,1,1,11997996,11997996,11998031,11997996,0,0,lineitem,4704,220216,0,0,0,0,0
2026-07-27T13:19:24Z,F346E7F692C196A7,14.23,queries/Functions/09-02_comparison/is_not_distinct_from.sql,measured,1,3,5,2,0.034,1884.547,1,1,11997996,11997996,11998031,11997996,0,0,lineitem,4736,220184,0,0,0,0,0
2026-07-27T13:19:24Z,F346E7F692C196A7,14.23,queries/Functions/09-02_comparison/is_not_distinct_from.sql,measured,1,4,5,2,0.053,1886.236,1,1,11997996,11997996,11998031,11997996,0,0,lineitem,4768,220152,0,0,0,0,0
2026-07-27T13:19:24Z,F346E7F692C196A7,14.23,queries/Functions/09-02_comparison/is_not_distinct_from.sql,measured,1,5,5,2,0.034,1888.260,1,1,11997996,11997996,11998031,11997996,0,0,lineitem,4800,220120,0,0,0,0,0
2026-07-27T13:19:34Z,F346E7F692C196A7,14.23,queries/Functions/09-02_comparison/is_not_distinct_from.sql,measured,2,1,5,2,0.256,1910.500,1,1,11997996,11997996,11998031,11997996,0,0,lineitem,4832,220088,0,0,0,0,0
2026-07-27T13:19:34Z,F346E7F692C196A7,14.23,queries/Functions/09-02_comparison/is_not_distinct_from.sql,measured,2,2,5,2,0.035,1891.310,1,1,11997996,11997996,11998031,11997996,0,0,lineitem,4864,220056,0,0,0,0,0
2026-07-27T13:19:34Z,F346E7F692C196A7,14.23,queries/Functions/09-02_comparison/is_not_distinct_from.sql,measured,2,3,5,2,0.051,1895.565,1,1,11997996,11997996,11998031,11997996,0,0,lineitem,4896,220024,0,0,0,0,0
2026-07-27T13:19:34Z,F346E7F692C196A7,14.23,queries/Functions/09-02_comparison/is_not_distinct_from.sql,measured,2,4,5,2,0.037,1888.237,1,1,11997996,11997996,11998031,11997996,0,0,lineitem,4928,219992,0,0,0,0,0
2026-07-27T13:19:34Z,F346E7F692C196A7,14.23,queries/Functions/09-02_comparison/is_not_distinct_from.sql,measured,2,5,5,2,0.034,1886.496,1,1,11997996,11997996,11998031,11997996,0,0,lineitem,4960,219960,0,0,0,0,0
2026-07-27T13:19:36Z,F346E7F692C196A7,14.23,queries/Functions/09-02_comparison/is_not_null.sql,warmup,1,1,1,2,0.250,2091.600,1,1,11997996,11997996,11998031,11997996,0,0,lineitem,4992,219928,0,0,0,0,0
2026-07-27T13:19:38Z,F346E7F692C196A7,14.23,queries/Functions/09-02_comparison/is_not_null.sql,warmup,2,1,1,2,0.258,2090.294,1,1,11997996,11997996,11998031,11997996,0,0,lineitem,5024,219896,0,0,0,0,0
2026-07-27T13:19:49Z,F346E7F692C196A7,14.23,queries/Functions/09-02_comparison/is_not_null.sql,measured,1,1,5,2,0.261,2099.181,1,1,11997996,11997996,11998031,11997996,0,0,lineitem,5056,219864,0,0,0,0,0
2026-07-27T13:19:49Z,F346E7F692C196A7,14.23,queries/Functions/09-02_comparison/is_not_null.sql,measured,1,2,5,2,0.030,2067.256,1,1,11997996,11997996,11998031,11997996,0,0,lineitem,5088,219832,0,0,0,0,0
2026-07-27T13:19:49Z,F346E7F692C196A7,14.23,queries/Functions/09-02_comparison/is_not_null.sql,measured,1,3,5,2,0.029,2080.040,1,1,11997996,11997996,11998031,11997996,0,0,lineitem,5120,219800,0,0,0,0,0
2026-07-27T13:19:49Z,F346E7F692C196A7,14.23,queries/Functions/09-02_comparison/is_not_null.sql,measured,1,4,5,2,0.029,2074.478,1,1,11997996,11997996,11998031,11997996,0,0,lineitem,5152,219768,0,0,0,0,0
2026-07-27T13:19:49Z,F346E7F692C196A7,14.23,queries/Functions/09-02_comparison/is_not_null.sql,measured,1,5,5,2,0.047,2066.034,1,1,11997996,11997996,11998031,11997996,0,0,lineitem,5184,219736,0,0,0,0,0
2026-07-27T13:19:59Z,F346E7F692C196A7,14.23,queries/Functions/09-02_comparison/is_not_null.sql,measured,2,1,5,2,0.238,2094.379,1,1,11997996,11997996,11998031,11997996,0,0,lineitem,5216,219704,0,0,0,0,0
2026-07-27T13:19:59Z,F346E7F692C196A7,14.23,queries/Functions/09-02_comparison/is_not_null.sql,measured,2,2,5,2,0.029,2069.410,1,1,11997996,11997996,11998031,11997996,0,0,lineitem,5248,219672,0,0,0,0,0
2026-07-27T13:19:59Z,F346E7F692C196A7,14.23,queries/Functions/09-02_comparison/is_not_null.sql,measured,2,3,5,2,0.029,2077.369,1,1,11997996,11997996,11998031,11997996,0,0,lineitem,5280,219640,0,0,0,0,0
2026-07-27T13:19:59Z,F346E7F692C196A7,14.23,queries/Functions/09-02_comparison/is_not_null.sql,measured,2,4,5,2,0.029,2076.494,1,1,11997996,11997996,11998031,11997996,0,0,lineitem,5312,219608,0,0,0,0,0
2026-07-27T13:19:59Z,F346E7F692C196A7,14.23,queries/Functions/09-02_comparison/is_not_null.sql,measured,2,5,5,2,0.029,2074.746,1,1,11997996,11997996,11998031,11997996,0,0,lineitem,5344,219576,0,0,0,0,0
2026-07-27T13:20:01Z,F346E7F692C196A7,14.23,queries/Functions/09-02_comparison/is_null.sql,warmup,1,1,1,2,0.260,2089.785,1,1,11997996,11997996,11998031,11997996,0,0,lineitem,5376,219544,0,0,0,0,0
2026-07-27T13:20:04Z,F346E7F692C196A7,14.23,queries/Functions/09-02_comparison/is_null.sql,warmup,2,1,1,2,0.251,2087.966,1,1,11997996,11997996,11998031,11997996,0,0,lineitem,5408,219512,0,0,0,0,0
2026-07-27T13:20:14Z,F346E7F692C196A7,14.23,queries/Functions/09-02_comparison/is_null.sql,measured,1,1,5,2,0.244,2092.236,1,1,11997996,11997996,11998031,11997996,0,0,lineitem,5440,219480,0,0,0,0,0
2026-07-27T13:20:14Z,F346E7F692C196A7,14.23,queries/Functions/09-02_comparison/is_null.sql,measured,1,2,5,2,0.031,2071.371,1,1,11997996,11997996,11998031,11997996,0,0,lineitem,5472,219448,0,0,0,0,0
2026-07-27T13:20:14Z,F346E7F692C196A7,14.23,queries/Functions/09-02_comparison/is_null.sql,measured,1,3,5,2,0.029,2071.844,1,1,11997996,11997996,11998031,11997996,0,0,lineitem,5504,219416,0,0,0,0,0
2026-07-27T13:20:14Z,F346E7F692C196A7,14.23,queries/Functions/09-02_comparison/is_null.sql,measured,1,4,5,2,0.029,2070.990,1,1,11997996,11997996,11998031,11997996,0,0,lineitem,5536,219384,0,0,0,0,0
2026-07-27T13:20:14Z,F346E7F692C196A7,14.23,queries/Functions/09-02_comparison/is_null.sql,measured,1,5,5,2,0.029,2071.499,1,1,11997996,11997996,11998031,11997996,0,0,lineitem,5568,219352,0,0,0,0,0
2026-07-27T13:20:24Z,F346E7F692C196A7,14.23,queries/Functions/09-02_comparison/is_null.sql,measured,2,1,5,2,0.258,2091.487,1,1,11997996,11997996,11998031,11997996,0,0,lineitem,5600,219320,0,0,0,0,0
2026-07-27T13:20:24Z,F346E7F692C196A7,14.23,queries/Functions/09-02_comparison/is_null.sql,measured,2,2,5,2,0.029,2067.501,1,1,11997996,11997996,11998031,11997996,0,0,lineitem,5632,219288,0,0,0,0,0
2026-07-27T13:20:24Z,F346E7F692C196A7,14.23,queries/Functions/09-02_comparison/is_null.sql,measured,2,3,5,2,0.029,2077.481,1,1,11997996,11997996,11998031,11997996,0,0,lineitem,5664,219256,0,0,0,0,0
2026-07-27T13:20:24Z,F346E7F692C196A7,14.23,queries/Functions/09-02_comparison/is_null.sql,measured,2,4,5,2,0.028,2067.997,1,1,11997996,11997996,11998031,11997996,0,0,lineitem,5696,219224,0,0,0,0,0
2026-07-27T13:20:24Z,F346E7F692C196A7,14.23,queries/Functions/09-02_comparison/is_null.sql,measured,2,5,5,2,0.046,2072.429,1,1,11997996,11997996,11998031,11997996,0,0,lineitem,5728,219192,0,0,0,0,0
2026-07-27T13:20:26Z,F346E7F692C196A7,14.23,queries/Functions/09-02_comparison/le.sql,warmup,1,1,1,2,0.277,1872.448,1,1,11997996,11997996,11998031,11997996,0,0,lineitem,5760,219160,0,0,0,0,0
2026-07-27T13:20:28Z,F346E7F692C196A7,14.23,queries/Functions/09-02_comparison/le.sql,warmup,2,1,1,2,0.276,1874.816,1,1,11997996,11997996,11998031,11997996,0,0,lineitem,5792,219128,0,0,0,0,0
2026-07-27T13:20:38Z,F346E7F692C196A7,14.23,queries/Functions/09-02_comparison/le.sql,measured,1,1,5,2,0.322,1867.983,1,1,11997996,11997996,11998031,11997996,0,0,lineitem,5824,219096,0,0,0,0,0
2026-07-27T13:20:38Z,F346E7F692C196A7,14.23,queries/Functions/09-02_comparison/le.sql,measured,1,2,5,2,0.035,1844.836,1,1,11997996,11997996,11998031,11997996,0,0,lineitem,5856,219064,0,0,0,0,0
2026-07-27T13:20:38Z,F346E7F692C196A7,14.23,queries/Functions/09-02_comparison/le.sql,measured,1,3,5,2,0.034,1844.089,1,1,11997996,11997996,11998031,11997996,0,0,lineitem,5888,219032,0,0,0,0,0
2026-07-27T13:20:38Z,F346E7F692C196A7,14.23,queries/Functions/09-02_comparison/le.sql,measured,1,4,5,2,0.034,1845.629,1,1,11997996,11997996,11998031,11997996,0,0,lineitem,5920,219000,0,0,0,0,0
2026-07-27T13:20:38Z,F346E7F692C196A7,14.23,queries/Functions/09-02_comparison/le.sql,measured,1,5,5,2,0.034,1842.196,1,1,11997996,11997996,11998031,11997996,0,0,lineitem,5952,218968,0,0,0,0,0
2026-07-27T13:20:47Z,F346E7F692C196A7,14.23,queries/Functions/09-02_comparison/le.sql,measured,2,1,5,2,0.261,1870.804,1,1,11997996,11997996,11998031,11997996,0,0,lineitem,5984,218936,0,0,0,0,0
2026-07-27T13:20:47Z,F346E7F692C196A7,14.23,queries/Functions/09-02_comparison/le.sql,measured,2,2,5,2,0.034,1842.268,1,1,11997996,11997996,11998031,11997996,0,0,lineitem,6016,218904,0,0,0,0,0
2026-07-27T13:20:47Z,F346E7F692C196A7,14.23,queries/Functions/09-02_comparison/le.sql,measured,2,3,5,2,0.051,1845.396,1,1,11997996,11997996,11998031,11997996,0,0,lineitem,6048,218872,0,0,0,0,0
2026-07-27T13:20:47Z,F346E7F692C196A7,14.23,queries/Functions/09-02_comparison/le.sql,measured,2,4,5,2,0.033,1844.718,1,1,11997996,11997996,11998031,11997996,0,0,lineitem,6080,218840,0,0,0,0,0
2026-07-27T13:20:47Z,F346E7F692C196A7,14.23,queries/Functions/09-02_comparison/le.sql,measured,2,5,5,2,0.034,1842.890,1,1,11997996,11997996,11998031,11997996,0,0,lineitem,6112,218808,0,0,0,0,0
2026-07-27T13:20:49Z,F346E7F692C196A7,14.23,queries/Functions/09-02_comparison/least.sql,warmup,1,1,1,2,0.261,2305.194,1,1,11997996,11997996,11998031,215963928,0,0,lineitem,6144,218776,0,0,0,0,0
2026-07-27T13:20:52Z,F346E7F692C196A7,14.23,queries/Functions/09-02_comparison/least.sql,warmup,2,1,1,2,0.258,2311.100,1,1,11997996,11997996,11998031,215963928,0,0,lineitem,6176,218744,0,0,0,0,0
2026-07-27T13:21:03Z,F346E7F692C196A7,14.23,queries/Functions/09-02_comparison/least.sql,measured,1,1,5,2,0.247,2320.460,1,1,11997996,11997996,11998031,215963928,0,0,lineitem,6208,218712,0,0,0,0,0
2026-07-27T13:21:03Z,F346E7F692C196A7,14.23,queries/Functions/09-02_comparison/least.sql,measured,1,2,5,2,0.030,2294.425,1,1,11997996,11997996,11998031,215963928,0,0,lineitem,6240,218680,0,0,0,0,0
2026-07-27T13:21:03Z,F346E7F692C196A7,14.23,queries/Functions/09-02_comparison/least.sql,measured,1,3,5,2,0.036,2295.315,1,1,11997996,11997996,11998031,215963928,0,0,lineitem,6272,218648,0,0,0,0,0
2026-07-27T13:21:03Z,F346E7F692C196A7,14.23,queries/Functions/09-02_comparison/least.sql,measured,1,4,5,2,0.030,2289.075,1,1,11997996,11997996,11998031,215963928,0,0,lineitem,6304,218616,0,0,0,0,0
2026-07-27T13:21:03Z,F346E7F692C196A7,14.23,queries/Functions/09-02_comparison/least.sql,measured,1,5,5,2,0.049,2293.368,1,1,11997996,11997996,11998031,215963928,0,0,lineitem,6336,218584,0,0,0,0,0
2026-07-27T13:21:15Z,F346E7F692C196A7,14.23,queries/Functions/09-02_comparison/least.sql,measured,2,1,5,2,0.266,2317.838,1,1,11997996,11997996,11998031,215963928,0,0,lineitem,6368,218552,0,0,0,0,0
2026-07-27T13:21:15Z,F346E7F692C196A7,14.23,queries/Functions/09-02_comparison/least.sql,measured,2,2,5,2,0.029,2295.343,1,1,11997996,11997996,11998031,215963928,0,0,lineitem,6400,218520,0,0,0,0,0
2026-07-27T13:21:15Z,F346E7F692C196A7,14.23,queries/Functions/09-02_comparison/least.sql,measured,2,3,5,2,0.030,2287.015,1,1,11997996,11997996,11998031,215963928,0,0,lineitem,6432,218488,0,0,0,0,0
2026-07-27T13:21:15Z,F346E7F692C196A7,14.23,queries/Functions/09-02_comparison/least.sql,measured,2,4,5,2,0.030,2293.120,1,1,11997996,11997996,11998031,215963928,0,0,lineitem,6464,218456,0,0,0,0,0
2026-07-27T13:21:15Z,F346E7F692C196A7,14.23,queries/Functions/09-02_comparison/least.sql,measured,2,5,5,2,0.036,2287.177,1,1,11997996,11997996,11998031,215963928,0,0,lineitem,6496,218424,0,0,0,0,0
2026-07-27T13:21:17Z,F346E7F692C196A7,14.23,queries/Functions/09-02_comparison/lt.sql,warmup,1,1,1,2,0.273,1882.779,1,1,11997996,11997996,11998031,11997996,0,0,lineitem,6528,218392,0,0,0,0,0
2026-07-27T13:21:19Z,F346E7F692C196A7,14.23,queries/Functions/09-02_comparison/lt.sql,warmup,2,1,1,2,0.270,1885.321,1,1,11997996,11997996,11998031,11997996,0,0,lineitem,6560,218360,0,0,0,0,0
2026-07-27T13:21:28Z,F346E7F692C196A7,14.23,queries/Functions/09-02_comparison/lt.sql,measured,1,1,5,2,0.268,1877.989,1,1,11997996,11997996,11998031,11997996,0,0,lineitem,6592,218328,0,0,0,0,0
2026-07-27T13:21:28Z,F346E7F692C196A7,14.23,queries/Functions/09-02_comparison/lt.sql,measured,1,2,5,2,0.034,1858.527,1,1,11997996,11997996,11998031,11997996,0,0,lineitem,6624,218296,0,0,0,0,0
2026-07-27T13:21:28Z,F346E7F692C196A7,14.23,queries/Functions/09-02_comparison/lt.sql,measured,1,3,5,2,0.034,1855.216,1,1,11997996,11997996,11998031,11997996,0,0,lineitem,6656,218264,0,0,0,0,0
2026-07-27T13:21:28Z,F346E7F692C196A7,14.23,queries/Functions/09-02_comparison/lt.sql,measured,1,4,5,2,0.033,1858.297,1,1,11997996,11997996,11998031,11997996,0,0,lineitem,6688,218232,0,0,0,0,0
2026-07-27T13:21:28Z,F346E7F692C196A7,14.23,queries/Functions/09-02_comparison/lt.sql,measured,1,5,5,2,0.034,1860.357,1,1,11997996,11997996,11998031,11997996,0,0,lineitem,6720,218200,0,0,0,0,0
2026-07-27T13:21:37Z,F346E7F692C196A7,14.23,queries/Functions/09-02_comparison/lt.sql,measured,2,1,5,2,0.257,1890.003,1,1,11997996,11997996,11998031,11997996,0,0,lineitem,6752,218168,0,0,0,0,0
2026-07-27T13:21:37Z,F346E7F692C196A7,14.23,queries/Functions/09-02_comparison/lt.sql,measured,2,2,5,2,0.034,1862.536,1,1,11997996,11997996,11998031,11997996,0,0,lineitem,6784,218136,0,0,0,0,0
2026-07-27T13:21:37Z,F346E7F692C196A7,14.23,queries/Functions/09-02_comparison/lt.sql,measured,2,3,5,2,0.034,1855.062,1,1,11997996,11997996,11998031,11997996,0,0,lineitem,6816,218104,0,0,0,0,0
2026-07-27T13:21:37Z,F346E7F692C196A7,14.23,queries/Functions/09-02_comparison/lt.sql,measured,2,4,5,2,0.034,1851.573,1,1,11997996,11997996,11998031,11997996,0,0,lineitem,6848,218072,0,0,0,0,0
2026-07-27T13:21:37Z,F346E7F692C196A7,14.23,queries/Functions/09-02_comparison/lt.sql,measured,2,5,5,2,0.034,1860.670,1,1,11997996,11997996,11998031,11997996,0,0,lineitem,6880,218040,0,0,0,0,0
2026-07-27T13:21:39Z,F346E7F692C196A7,14.23,queries/Functions/09-02_comparison/ne.sql,warmup,1,1,1,2,0.279,1875.756,1,1,11997996,11997996,11998031,11997996,0,0,lineitem,6912,218008,0,0,0,0,0
2026-07-27T13:21:41Z,F346E7F692C196A7,14.23,queries/Functions/09-02_comparison/ne.sql,warmup,2,1,1,2,0.273,1869.786,1,1,11997996,11997996,11998031,11997996,0,0,lineitem,6944,217976,0,0,0,0,0
2026-07-27T13:21:51Z,F346E7F692C196A7,14.23,queries/Functions/09-02_comparison/ne.sql,measured,1,1,5,2,0.272,1875.673,1,1,11997996,11997996,11998031,11997996,0,0,lineitem,6976,217944,0,0,0,0,0
2026-07-27T13:21:51Z,F346E7F692C196A7,14.23,queries/Functions/09-02_comparison/ne.sql,measured,1,2,5,2,0.050,1849.192,1,1,11997996,11997996,11998031,11997996,0,0,lineitem,7008,217912,0,0,0,0,0
2026-07-27T13:21:51Z,F346E7F692C196A7,14.23,queries/Functions/09-02_comparison/ne.sql,measured,1,3,5,2,0.034,1857.729,1,1,11997996,11997996,11998031,11997996,0,0,lineitem,7040,217880,0,0,0,0,0
2026-07-27T13:21:51Z,F346E7F692C196A7,14.23,queries/Functions/09-02_comparison/ne.sql,measured,1,4,5,2,0.035,1846.276,1,1,11997996,11997996,11998031,11997996,0,0,lineitem,7072,217848,0,0,0,0,0
2026-07-27T13:21:51Z,F346E7F692C196A7,14.23,queries/Functions/09-02_comparison/ne.sql,measured,1,5,5,2,0.040,1848.061,1,1,11997996,11997996,11998031,11997996,0,0,lineitem,7104,217816,0,0,0,0,0
2026-07-27T13:22:00Z,F346E7F692C196A7,14.23,queries/Functions/09-02_comparison/ne.sql,measured,2,1,5,2,0.259,1868.833,1,1,11997996,11997996,11998031,11997996,0,0,lineitem,7136,217784,0,0,0,0,0
2026-07-27T13:22:00Z,F346E7F692C196A7,14.23,queries/Functions/09-02_comparison/ne.sql,measured,2,2,5,2,0.034,1848.047,1,1,11997996,11997996,11998031,11997996,0,0,lineitem,7168,217752,0,0,0,0,0
2026-07-27T13:22:00Z,F346E7F692C196A7,14.23,queries/Functions/09-02_comparison/ne.sql,measured,2,3,5,2,0.035,1846.759,1,1,11997996,11997996,11998031,11997996,0,0,lineitem,7200,217720,0,0,0,0,0
2026-07-27T13:22:00Z,F346E7F692C196A7,14.23,queries/Functions/09-02_comparison/ne.sql,measured,2,4,5,2,0.034,1847.792,1,1,11997996,11997996,11998031,11997996,0,0,lineitem,7232,217688,0,0,0,0,0
2026-07-27T13:22:00Z,F346E7F692C196A7,14.23,queries/Functions/09-02_comparison/ne.sql,measured,2,5,5,2,0.034,1848.909,1,1,11997996,11997996,11998031,11997996,0,0,lineitem,7264,217656,0,0,0,0,0
2026-07-27T13:22:02Z,F346E7F692C196A7,14.23,queries/Functions/09-02_comparison/not_between.sql,warmup,1,1,1,2,0.262,2311.768,1,1,11997996,11997996,11998031,11997996,0,0,lineitem,7296,217624,0,0,0,0,0
2026-07-27T13:22:05Z,F346E7F692C196A7,14.23,queries/Functions/09-02_comparison/not_between.sql,warmup,2,1,1,2,0.264,2316.030,1,1,11997996,11997996,11998031,11997996,0,0,lineitem,7328,217592,0,0,0,0,0
2026-07-27T13:22:16Z,F346E7F692C196A7,14.23,queries/Functions/09-02_comparison/not_between.sql,measured,1,1,5,2,0.303,2314.315,1,1,11997996,11997996,11998031,11997996,0,0,lineitem,7360,217560,0,0,0,0,0
2026-07-27T13:22:16Z,F346E7F692C196A7,14.23,queries/Functions/09-02_comparison/not_between.sql,measured,1,2,5,2,0.047,2277.206,1,1,11997996,11997996,11998031,11997996,0,0,lineitem,7392,217528,0,0,0,0,0
2026-07-27T13:22:16Z,F346E7F692C196A7,14.23,queries/Functions/09-02_comparison/not_between.sql,measured,1,3,5,2,0.035,2284.113,1,1,11997996,11997996,11998031,11997996,0,0,lineitem,7424,217496,0,0,0,0,0
2026-07-27T13:22:16Z,F346E7F692C196A7,14.23,queries/Functions/09-02_comparison/not_between.sql,measured,1,4,5,2,0.036,2283.090,1,1,11997996,11997996,11998031,11997996,0,0,lineitem,7456,217464,0,0,0,0,0
2026-07-27T13:22:16Z,F346E7F692C196A7,14.23,queries/Functions/09-02_comparison/not_between.sql,measured,1,5,5,2,0.036,2281.373,1,1,11997996,11997996,11998031,11997996,0,0,lineitem,7488,217432,0,0,0,0,0
2026-07-27T13:22:28Z,F346E7F692C196A7,14.23,queries/Functions/09-02_comparison/not_between.sql,measured,2,1,5,2,0.279,2313.179,1,1,11997996,11997996,11998031,11997996,0,0,lineitem,7520,217400,0,0,0,0,0
2026-07-27T13:22:28Z,F346E7F692C196A7,14.23,queries/Functions/09-02_comparison/not_between.sql,measured,2,2,5,2,0.053,2280.474,1,1,11997996,11997996,11998031,11997996,0,0,lineitem,7552,217368,0,0,0,0,0
2026-07-27T13:22:28Z,F346E7F692C196A7,14.23,queries/Functions/09-02_comparison/not_between.sql,measured,2,3,5,2,0.035,2284.822,1,1,11997996,11997996,11998031,11997996,0,0,lineitem,7584,217336,0,0,0,0,0
2026-07-27T13:22:28Z,F346E7F692C196A7,14.23,queries/Functions/09-02_comparison/not_between.sql,measured,2,4,5,2,0.035,2279.409,1,1,11997996,11997996,11998031,11997996,0,0,lineitem,7616,217304,0,0,0,0,0
2026-07-27T13:22:28Z,F346E7F692C196A7,14.23,queries/Functions/09-02_comparison/not_between.sql,measured,2,5,5,2,0.035,2283.229,1,1,11997996,11997996,11998031,11997996,0,0,lineitem,7648,217272,0,0,0,0,0
2026-07-27T13:22:29Z,F346E7F692C196A7,14.23,queries/Functions/09-02_comparison/num_nonnulls.sql,warmup,1,1,1,2,0.272,1536.215,1,1,11997996,11997996,11998031,47991984,0,0,lineitem,7680,217240,0,0,0,0,0
2026-07-27T13:22:31Z,F346E7F692C196A7,14.23,queries/Functions/09-02_comparison/num_nonnulls.sql,warmup,2,1,1,2,0.265,1531.456,1,1,11997996,11997996,11998031,47991984,0,0,lineitem,7712,217208,0,0,0,0,0
2026-07-27T13:22:39Z,F346E7F692C196A7,14.23,queries/Functions/09-02_comparison/num_nonnulls.sql,measured,1,1,5,2,0.264,1533.986,1,1,11997996,11997996,11998031,47991984,0,0,lineitem,7744,217176,0,0,0,0,0
2026-07-27T13:22:39Z,F346E7F692C196A7,14.23,queries/Functions/09-02_comparison/num_nonnulls.sql,measured,1,2,5,2,0.031,1509.922,1,1,11997996,11997996,11998031,47991984,0,0,lineitem,7776,217144,0,0,0,0,0
2026-07-27T13:22:39Z,F346E7F692C196A7,14.23,queries/Functions/09-02_comparison/num_nonnulls.sql,measured,1,3,5,2,0.030,1505.362,1,1,11997996,11997996,11998031,47991984,0,0,lineitem,7808,217112,0,0,0,0,0
2026-07-27T13:22:39Z,F346E7F692C196A7,14.23,queries/Functions/09-02_comparison/num_nonnulls.sql,measured,1,4,5,2,0.030,1509.970,1,1,11997996,11997996,11998031,47991984,0,0,lineitem,7840,217080,0,0,0,0,0
2026-07-27T13:22:39Z,F346E7F692C196A7,14.23,queries/Functions/09-02_comparison/num_nonnulls.sql,measured,1,5,5,2,0.030,1508.679,1,1,11997996,11997996,11998031,47991984,0,0,lineitem,7872,217048,0,0,0,0,0
2026-07-27T13:22:46Z,F346E7F692C196A7,14.23,queries/Functions/09-02_comparison/num_nonnulls.sql,measured,2,1,5,2,0.249,1532.610,1,1,11997996,11997996,11998031,47991984,0,0,lineitem,7904,217016,0,0,0,0,0
2026-07-27T13:22:46Z,F346E7F692C196A7,14.23,queries/Functions/09-02_comparison/num_nonnulls.sql,measured,2,2,5,2,0.034,1518.473,1,1,11997996,11997996,11998031,47991984,0,0,lineitem,7936,216984,0,0,0,0,0
2026-07-27T13:22:46Z,F346E7F692C196A7,14.23,queries/Functions/09-02_comparison/num_nonnulls.sql,measured,2,3,5,2,0.045,1509.545,1,1,11997996,11997996,11998031,47991984,0,0,lineitem,7968,216952,0,0,0,0,0
2026-07-27T13:22:46Z,F346E7F692C196A7,14.23,queries/Functions/09-02_comparison/num_nonnulls.sql,measured,2,4,5,2,0.030,1511.111,1,1,11997996,11997996,11998031,47991984,0,0,lineitem,8000,216920,0,0,0,0,0
2026-07-27T13:22:46Z,F346E7F692C196A7,14.23,queries/Functions/09-02_comparison/num_nonnulls.sql,measured,2,5,5,2,0.030,1505.879,1,1,11997996,11997996,11998031,47991984,0,0,lineitem,8032,216888,0,0,0,0,0
2026-07-27T13:22:48Z,F346E7F692C196A7,14.23,queries/Functions/09-02_comparison/num_nulls.sql,warmup,1,1,1,2,0.258,1528.247,1,1,11997996,11997996,11998031,47991984,0,0,lineitem,8064,216856,0,0,0,0,0
2026-07-27T13:22:50Z,F346E7F692C196A7,14.23,queries/Functions/09-02_comparison/num_nulls.sql,warmup,2,1,1,2,0.268,1532.579,1,1,11997996,11997996,11998031,47991984,0,0,lineitem,8096,216824,0,0,0,0,0
2026-07-27T13:22:57Z,F346E7F692C196A7,14.23,queries/Functions/09-02_comparison/num_nulls.sql,measured,1,1,5,2,0.266,1527.446,1,1,11997996,11997996,11998031,47991984,0,0,lineitem,8128,216792,0,0,0,0,0
2026-07-27T13:22:57Z,F346E7F692C196A7,14.23,queries/Functions/09-02_comparison/num_nulls.sql,measured,1,2,5,2,0.031,1505.081,1,1,11997996,11997996,11998031,47991984,0,0,lineitem,8160,216760,0,0,0,0,0
2026-07-27T13:22:57Z,F346E7F692C196A7,14.23,queries/Functions/09-02_comparison/num_nulls.sql,measured,1,3,5,2,0.030,1506.304,1,1,11997996,11997996,11998031,47991984,0,0,lineitem,8192,216728,0,0,0,0,0
2026-07-27T13:22:57Z,F346E7F692C196A7,14.23,queries/Functions/09-02_comparison/num_nulls.sql,measured,1,4,5,2,0.034,1505.806,1,1,11997996,11997996,11998031,47991984,0,0,lineitem,8224,216696,0,0,0,0,0
2026-07-27T13:22:57Z,F346E7F692C196A7,14.23,queries/Functions/09-02_comparison/num_nulls.sql,measured,1,5,5,2,0.030,1501.696,1,1,11997996,11997996,11998031,47991984,0,0,lineitem,8256,216664,0,0,0,0,0
2026-07-27T13:23:05Z,F346E7F692C196A7,14.23,queries/Functions/09-02_comparison/num_nulls.sql,measured,2,1,5,2,0.272,1531.583,1,1,11997996,11997996,11998031,47991984,0,0,lineitem,8288,216632,0,0,0,0,0
2026-07-27T13:23:05Z,F346E7F692C196A7,14.23,queries/Functions/09-02_comparison/num_nulls.sql,measured,2,2,5,2,0.047,1502.211,1,1,11997996,11997996,11998031,47991984,0,0,lineitem,8320,216600,0,0,0,0,0
2026-07-27T13:23:05Z,F346E7F692C196A7,14.23,queries/Functions/09-02_comparison/num_nulls.sql,measured,2,3,5,2,0.030,1501.066,1,1,11997996,11997996,11998031,47991984,0,0,lineitem,8352,216568,0,0,0,0,0
2026-07-27T13:23:05Z,F346E7F692C196A7,14.23,queries/Functions/09-02_comparison/num_nulls.sql,measured,2,4,5,2,0.030,1503.220,1,1,11997996,11997996,11998031,47991984,0,0,lineitem,8384,216536,0,0,0,0,0
2026-07-27T13:23:05Z,F346E7F692C196A7,14.23,queries/Functions/09-02_comparison/num_nulls.sql,measured,2,5,5,2,0.030,1503.282,1,1,11997996,11997996,11998031,47991984,0,0,lineitem,8416,216504,0,0,0,0,0
2026-07-27T13:23:07Z,F346E7F692C196A7,14.23,queries/Functions/09-03_math/abs.sql,warmup,1,1,1,2,0.287,2625.238,1,1,11997996,11997996,11998031,383935872,0,0,lineitem,8448,216472,0,0,0,0,0
2026-07-27T13:23:10Z,F346E7F692C196A7,14.23,queries/Functions/09-03_math/abs.sql,warmup,2,1,1,2,0.276,2636.368,1,1,11997996,11997996,11998031,383935872,0,0,lineitem,8480,216440,0,0,0,0,0
2026-07-27T13:23:23Z,F346E7F692C196A7,14.23,queries/Functions/09-03_math/abs.sql,measured,1,1,5,2,0.271,2646.208,1,1,11997996,11997996,11998031,383935872,0,0,lineitem,8512,216408,0,0,0,0,0
2026-07-27T13:23:23Z,F346E7F692C196A7,14.23,queries/Functions/09-03_math/abs.sql,measured,1,2,5,2,0.035,2606.385,1,1,11997996,11997996,11998031,383935872,0,0,lineitem,8544,216376,0,0,0,0,0
2026-07-27T13:23:23Z,F346E7F692C196A7,14.23,queries/Functions/09-03_math/abs.sql,measured,1,3,5,2,0.034,2620.109,1,1,11997996,11997996,11998031,383935872,0,0,lineitem,8576,216344,0,0,0,0,0
2026-07-27T13:23:23Z,F346E7F692C196A7,14.23,queries/Functions/09-03_math/abs.sql,measured,1,4,5,2,0.035,2612.890,1,1,11997996,11997996,11998031,383935872,0,0,lineitem,8608,216312,0,0,0,0,0
2026-07-27T13:23:23Z,F346E7F692C196A7,14.23,queries/Functions/09-03_math/abs.sql,measured,1,5,5,2,0.034,2629.813,1,1,11997996,11997996,11998031,383935872,0,0,lineitem,8640,216280,0,0,0,0,0
2026-07-27T13:23:36Z,F346E7F692C196A7,14.23,queries/Functions/09-03_math/abs.sql,measured,2,1,5,2,0.284,2623.164,1,1,11997996,11997996,11998031,383935872,0,0,lineitem,8672,216248,0,0,0,0,0
2026-07-27T13:23:36Z,F346E7F692C196A7,14.23,queries/Functions/09-03_math/abs.sql,measured,2,2,5,2,0.034,2600.321,1,1,11997996,11997996,11998031,383935872,0,0,lineitem,8704,216216,0,0,0,0,0
2026-07-27T13:23:36Z,F346E7F692C196A7,14.23,queries/Functions/09-03_math/abs.sql,measured,2,3,5,2,0.035,2605.322,1,1,11997996,11997996,11998031,383935872,0,0,lineitem,8736,216184,0,0,0,0,0
2026-07-27T13:23:36Z,F346E7F692C196A7,14.23,queries/Functions/09-03_math/abs.sql,measured,2,4,5,2,0.034,2598.590,1,1,11997996,11997996,11998031,383935872,0,0,lineitem,8768,216152,0,0,0,0,0
2026-07-27T13:23:36Z,F346E7F692C196A7,14.23,queries/Functions/09-03_math/abs.sql,measured,2,5,5,2,0.035,2601.403,1,1,11997996,11997996,11998031,383935872,0,0,lineitem,8800,216120,0,0,0,0,0
2026-07-27T13:23:40Z,F346E7F692C196A7,14.23,queries/Functions/09-03_math/acos.sql,warmup,1,1,1,2,0.257,3644.330,1,1,11997996,11997996,11998031,95983968,0,0,lineitem,8832,216088,0,0,0,0,0
2026-07-27T13:23:44Z,F346E7F692C196A7,14.23,queries/Functions/09-03_math/acos.sql,warmup,2,1,1,2,0.235,3658.983,1,1,11997996,11997996,11998031,95983968,0,0,lineitem,8864,216056,0,0,0,0,0
2026-07-27T13:24:02Z,F346E7F692C196A7,14.23,queries/Functions/09-03_math/acos.sql,measured,1,1,5,2,0.244,3653.631,1,1,11997996,11997996,11998031,95983968,0,0,lineitem,8896,216024,0,0,0,0,0
2026-07-27T13:24:02Z,F346E7F692C196A7,14.23,queries/Functions/09-03_math/acos.sql,measured,1,2,5,2,0.029,3621.848,1,1,11997996,11997996,11998031,95983968,0,0,lineitem,8928,215992,0,0,0,0,0
2026-07-27T13:24:02Z,F346E7F692C196A7,14.23,queries/Functions/09-03_math/acos.sql,measured,1,3,5,2,0.047,3626.968,1,1,11997996,11997996,11998031,95983968,0,0,lineitem,8960,215960,0,0,0,0,0
2026-07-27T13:24:02Z,F346E7F692C196A7,14.23,queries/Functions/09-03_math/acos.sql,measured,1,4,5,2,0.029,3626.290,1,1,11997996,11997996,11998031,95983968,0,0,lineitem,8992,215928,0,0,0,0,0
2026-07-27T13:24:02Z,F346E7F692C196A7,14.23,queries/Functions/09-03_math/acos.sql,measured,1,5,5,2,0.046,3622.441,1,1,11997996,11997996,11998031,95983968,0,0,lineitem,9024,215896,0,0,0,0,0
2026-07-27T13:24:20Z,F346E7F692C196A7,14.23,queries/Functions/09-03_math/acos.sql,measured,2,1,5,2,0.250,3642.285,1,1,11997996,11997996,11998031,95983968,0,0,lineitem,9056,215864,0,0,0,0,0
2026-07-27T13:24:20Z,F346E7F692C196A7,14.23,queries/Functions/09-03_math/acos.sql,measured,2,2,5,2,0.030,3621.116,1,1,11997996,11997996,11998031,95983968,0,0,lineitem,9088,215832,0,0,0,0,0
2026-07-27T13:24:20Z,F346E7F692C196A7,14.23,queries/Functions/09-03_math/acos.sql,measured,2,3,5,2,0.036,3625.973,1,1,11997996,11997996,11998031,95983968,0,0,lineitem,9120,215800,0,0,0,0,0
2026-07-27T13:24:20Z,F346E7F692C196A7,14.23,queries/Functions/09-03_math/acos.sql,measured,2,4,5,2,0.030,3633.817,1,1,11997996,11997996,11998031,95983968,0,0,lineitem,9152,215768,0,0,0,0,0
2026-07-27T13:24:20Z,F346E7F692C196A7,14.23,queries/Functions/09-03_math/acos.sql,measured,2,5,5,2,0.029,3620.128,1,1,11997996,11997996,11998031,95983968,0,0,lineitem,9184,215736,0,0,0,0,0
2026-07-27T13:24:24Z,F346E7F692C196A7,14.23,queries/Functions/09-03_math/acosh.sql,warmup,1,1,1,2,0.309,3293.319,1,1,11997996,11997996,11998031,95983968,0,0,lineitem,9216,215704,0,0,0,0,0
2026-07-27T13:24:27Z,F346E7F692C196A7,14.23,queries/Functions/09-03_math/acosh.sql,warmup,2,1,1,2,0.260,3303.725,1,1,11997996,11997996,11998031,95983968,0,0,lineitem,9248,215672,0,0,0,0,0
2026-07-27T13:24:43Z,F346E7F692C196A7,14.23,queries/Functions/09-03_math/acosh.sql,measured,1,1,5,2,0.260,3293.420,1,1,11997996,11997996,11998031,95983968,0,0,lineitem,9280,215640,0,0,0,0,0
2026-07-27T13:24:43Z,F346E7F692C196A7,14.23,queries/Functions/09-03_math/acosh.sql,measured,1,2,5,2,0.034,3266.289,1,1,11997996,11997996,11998031,95983968,0,0,lineitem,9312,215608,0,0,0,0,0
2026-07-27T13:24:43Z,F346E7F692C196A7,14.23,queries/Functions/09-03_math/acosh.sql,measured,1,3,5,2,0.034,3267.313,1,1,11997996,11997996,11998031,95983968,0,0,lineitem,9344,215576,0,0,0,0,0
2026-07-27T13:24:43Z,F346E7F692C196A7,14.23,queries/Functions/09-03_math/acosh.sql,measured,1,4,5,2,0.034,3266.413,1,1,11997996,11997996,11998031,95983968,0,0,lineitem,9376,215544,0,0,0,0,0
2026-07-27T13:24:43Z,F346E7F692C196A7,14.23,queries/Functions/09-03_math/acosh.sql,measured,1,5,5,2,0.033,3266.073,1,1,11997996,11997996,11998031,95983968,0,0,lineitem,9408,215512,0,0,0,0,0
2026-07-27T13:25:00Z,F346E7F692C196A7,14.23,queries/Functions/09-03_math/acosh.sql,measured,2,1,5,2,0.270,3292.594,1,1,11997996,11997996,11998031,95983968,0,0,lineitem,9440,215480,0,0,0,0,0
2026-07-27T13:25:00Z,F346E7F692C196A7,14.23,queries/Functions/09-03_math/acosh.sql,measured,2,2,5,2,0.034,3267.787,1,1,11997996,11997996,11998031,95983968,0,0,lineitem,9472,215448,0,0,0,0,0
2026-07-27T13:25:00Z,F346E7F692C196A7,14.23,queries/Functions/09-03_math/acosh.sql,measured,2,3,5,2,0.033,3271.795,1,1,11997996,11997996,11998031,95983968,0,0,lineitem,9504,215416,0,0,0,0,0
2026-07-27T13:25:00Z,F346E7F692C196A7,14.23,queries/Functions/09-03_math/acosh.sql,measured,2,4,5,2,0.034,3270.544,1,1,11997996,11997996,11998031,95983968,0,0,lineitem,9536,215384,0,0,0,0,0
2026-07-27T13:25:00Z,F346E7F692C196A7,14.23,queries/Functions/09-03_math/acosh.sql,measured,2,5,5,2,0.036,3270.659,1,1,11997996,11997996,11998031,95983968,0,0,lineitem,9568,215352,0,0,0,0,0
2026-07-27T13:25:03Z,F346E7F692C196A7,14.23,queries/Functions/09-03_math/add.sql,warmup,1,1,1,2,0.254,2840.100,1,1,11997996,11997996,11998031,383935872,0,0,lineitem,9600,215320,0,0,0,0,0
2026-07-27T13:25:06Z,F346E7F692C196A7,14.23,queries/Functions/09-03_math/add.sql,warmup,2,1,1,2,0.256,2836.898,1,1,11997996,11997996,11998031,383935872,0,0,lineitem,9632,215288,0,0,0,0,0
2026-07-27T13:25:20Z,F346E7F692C196A7,14.23,queries/Functions/09-03_math/add.sql,measured,1,1,5,2,0.257,2844.872,1,1,11997996,11997996,11998031,383935872,0,0,lineitem,9664,215256,0,0,0,0,0
2026-07-27T13:25:20Z,F346E7F692C196A7,14.23,queries/Functions/09-03_math/add.sql,measured,1,2,5,2,0.030,2809.350,1,1,11997996,11997996,11998031,383935872,0,0,lineitem,9696,215224,0,0,0,0,0
2026-07-27T13:25:20Z,F346E7F692C196A7,14.23,queries/Functions/09-03_math/add.sql,measured,1,3,5,2,0.030,2817.979,1,1,11997996,11997996,11998031,383935872,0,0,lineitem,9728,215192,0,0,0,0,0
2026-07-27T13:25:20Z,F346E7F692C196A7,14.23,queries/Functions/09-03_math/add.sql,measured,1,4,5,2,0.030,2809.684,1,1,11997996,11997996,11998031,383935872,0,0,lineitem,9760,215160,0,0,0,0,0
2026-07-27T13:25:20Z,F346E7F692C196A7,14.23,queries/Functions/09-03_math/add.sql,measured,1,5,5,2,0.031,2814.413,1,1,11997996,11997996,11998031,383935872,0,0,lineitem,9792,215128,0,0,0,0,0
2026-07-27T13:25:34Z,F346E7F692C196A7,14.23,queries/Functions/09-03_math/add.sql,measured,2,1,5,2,0.257,2836.169,1,1,11997996,11997996,11998031,383935872,0,0,lineitem,9824,215096,0,0,0,0,0
2026-07-27T13:25:34Z,F346E7F692C196A7,14.23,queries/Functions/09-03_math/add.sql,measured,2,2,5,2,0.031,2812.222,1,1,11997996,11997996,11998031,383935872,0,0,lineitem,9856,215064,0,0,0,0,0
2026-07-27T13:25:34Z,F346E7F692C196A7,14.23,queries/Functions/09-03_math/add.sql,measured,2,3,5,2,0.030,2818.369,1,1,11997996,11997996,11998031,383935872,0,0,lineitem,9888,215032,0,0,0,0,0
2026-07-27T13:25:34Z,F346E7F692C196A7,14.23,queries/Functions/09-03_math/add.sql,measured,2,4,5,2,0.031,2812.159,1,1,11997996,11997996,11998031,383935872,0,0,lineitem,9920,215000,0,0,0,0,0
2026-07-27T13:25:34Z,F346E7F692C196A7,14.23,queries/Functions/09-03_math/add.sql,measured,2,5,5,2,0.030,2812.686,1,1,11997996,11997996,11998031,383935872,0,0,lineitem,9952,214968,0,0,0,0,0
2026-07-27T13:25:39Z,F346E7F692C196A7,14.23,queries/Functions/09-03_math/add_float8.sql,warmup,1,1,1,2,0.251,5059.511,1,1,11997996,11997996,11998031,95983968,0,0,lineitem,9984,214936,0,0,0,0,0
2026-07-27T13:25:44Z,F346E7F692C196A7,14.23,queries/Functions/09-03_math/add_float8.sql,warmup,2,1,1,2,0.243,5060.433,1,1,11997996,11997996,11998031,95983968,0,0,lineitem,10016,214904,0,0,0,0,0
2026-07-27T13:26:10Z,F346E7F692C196A7,14.23,queries/Functions/09-03_math/add_float8.sql,measured,1,1,5,2,0.249,5054.802,1,1,11997996,11997996,11998031,95983968,0,0,lineitem,10048,214872,0,0,0,0,0
2026-07-27T13:26:10Z,F346E7F692C196A7,14.23,queries/Functions/09-03_math/add_float8.sql,measured,1,2,5,2,0.032,5031.038,1,1,11997996,11997996,11998031,95983968,0,0,lineitem,10080,214840,0,0,0,0,0
2026-07-27T13:26:10Z,F346E7F692C196A7,14.23,queries/Functions/09-03_math/add_float8.sql,measured,1,3,5,2,0.030,5037.143,1,1,11997996,11997996,11998031,95983968,0,0,lineitem,10112,214808,0,0,0,0,0
2026-07-27T13:26:10Z,F346E7F692C196A7,14.23,queries/Functions/09-03_math/add_float8.sql,measured,1,4,5,2,0.030,5029.853,1,1,11997996,11997996,11998031,95983968,0,0,lineitem,10144,214776,0,0,0,0,0
2026-07-27T13:26:10Z,F346E7F692C196A7,14.23,queries/Functions/09-03_math/add_float8.sql,measured,1,5,5,2,0.031,5027.104,1,1,11997996,11997996,11998031,95983968,0,0,lineitem,10176,214744,0,0,0,0,0
2026-07-27T13:26:35Z,F346E7F692C196A7,14.23,queries/Functions/09-03_math/add_float8.sql,measured,2,1,5,2,0.273,5052.837,1,1,11997996,11997996,11998031,95983968,0,0,lineitem,10208,214712,0,0,0,0,0
2026-07-27T13:26:35Z,F346E7F692C196A7,14.23,queries/Functions/09-03_math/add_float8.sql,measured,2,2,5,2,0.049,5029.769,1,1,11997996,11997996,11998031,95983968,0,0,lineitem,10240,214680,0,0,0,0,0
2026-07-27T13:26:35Z,F346E7F692C196A7,14.23,queries/Functions/09-03_math/add_float8.sql,measured,2,3,5,2,0.031,5022.795,1,1,11997996,11997996,11998031,95983968,0,0,lineitem,10272,214648,0,0,0,0,0
2026-07-27T13:26:35Z,F346E7F692C196A7,14.23,queries/Functions/09-03_math/add_float8.sql,measured,2,4,5,2,0.031,5028.383,1,1,11997996,11997996,11998031,95983968,0,0,lineitem,10304,214616,0,0,0,0,0
2026-07-27T13:26:35Z,F346E7F692C196A7,14.23,queries/Functions/09-03_math/add_float8.sql,measured,2,5,5,2,0.031,5037.046,1,1,11997996,11997996,11998031,95983968,0,0,lineitem,10336,214584,0,0,0,0,0
2026-07-27T13:26:38Z,F346E7F692C196A7,14.23,queries/Functions/09-03_math/asin.sql,warmup,1,1,1,2,0.241,3648.187,1,1,11997996,11997996,11998031,95983968,0,0,lineitem,10368,214552,0,0,0,0,0
2026-07-27T13:26:42Z,F346E7F692C196A7,14.23,queries/Functions/09-03_math/asin.sql,warmup,2,1,1,2,0.238,3654.217,1,1,11997996,11997996,11998031,95983968,0,0,lineitem,10400,214520,0,0,0,0,0
2026-07-27T13:27:00Z,F346E7F692C196A7,14.23,queries/Functions/09-03_math/asin.sql,measured,1,1,5,2,0.238,3657.374,1,1,11997996,11997996,11998031,95983968,0,0,lineitem,10432,214488,0,0,0,0,0
2026-07-27T13:27:00Z,F346E7F692C196A7,14.23,queries/Functions/09-03_math/asin.sql,measured,1,2,5,2,0.030,3633.955,1,1,11997996,11997996,11998031,95983968,0,0,lineitem,10464,214456,0,0,0,0,0
2026-07-27T13:27:00Z,F346E7F692C196A7,14.23,queries/Functions/09-03_math/asin.sql,measured,1,3,5,2,0.030,3628.431,1,1,11997996,11997996,11998031,95983968,0,0,lineitem,10496,214424,0,0,0,0,0
2026-07-27T13:27:00Z,F346E7F692C196A7,14.23,queries/Functions/09-03_math/asin.sql,measured,1,4,5,2,0.030,3629.625,1,1,11997996,11997996,11998031,95983968,0,0,lineitem,10528,214392,0,0,0,0,0
2026-07-27T13:27:00Z,F346E7F692C196A7,14.23,queries/Functions/09-03_math/asin.sql,measured,1,5,5,2,0.030,3626.496,1,1,11997996,11997996,11998031,95983968,0,0,lineitem,10560,214360,0,0,0,0,0
2026-07-27T13:27:19Z,F346E7F692C196A7,14.23,queries/Functions/09-03_math/asin.sql,measured,2,1,5,2,0.254,3650.871,1,1,11997996,11997996,11998031,95983968,0,0,lineitem,10592,214328,0,0,0,0,0
2026-07-27T13:27:19Z,F346E7F692C196A7,14.23,queries/Functions/09-03_math/asin.sql,measured,2,2,5,2,0.047,3631.373,1,1,11997996,11997996,11998031,95983968,0,0,lineitem,10624,214296,0,0,0,0,0
2026-07-27T13:27:19Z,F346E7F692C196A7,14.23,queries/Functions/09-03_math/asin.sql,measured,2,3,5,2,0.030,3626.025,1,1,11997996,11997996,11998031,95983968,0,0,lineitem,10656,214264,0,0,0,0,0
2026-07-27T13:27:19Z,F346E7F692C196A7,14.23,queries/Functions/09-03_math/asin.sql,measured,2,4,5,2,0.031,3624.733,1,1,11997996,11997996,11998031,95983968,0,0,lineitem,10688,214232,0,0,0,0,0
2026-07-27T13:27:19Z,F346E7F692C196A7,14.23,queries/Functions/09-03_math/asin.sql,measured,2,5,5,2,0.030,3623.567,1,1,11997996,11997996,11998031,95983968,0,0,lineitem,10720,214200,0,0,0,0,0
2026-07-27T13:27:22Z,F346E7F692C196A7,14.23,queries/Functions/09-03_math/asinh.sql,warmup,1,1,1,2,0.253,3272.243,1,1,11997996,11997996,11998031,95983968,0,0,lineitem,10752,214168,0,0,0,0,0
2026-07-27T13:27:25Z,F346E7F692C196A7,14.23,queries/Functions/09-03_math/asinh.sql,warmup,2,1,1,2,0.244,3267.156,1,1,11997996,11997996,11998031,95983968,0,0,lineitem,10784,214136,0,0,0,0,0
2026-07-27T13:27:42Z,F346E7F692C196A7,14.23,queries/Functions/09-03_math/asinh.sql,measured,1,1,5,2,0.241,3277.662,1,1,11997996,11997996,11998031,95983968,0,0,lineitem,10816,214104,0,0,0,0,0
2026-07-27T13:27:42Z,F346E7F692C196A7,14.23,queries/Functions/09-03_math/asinh.sql,measured,1,2,5,2,0.029,3249.270,1,1,11997996,11997996,11998031,95983968,0,0,lineitem,10848,214072,0,0,0,0,0
2026-07-27T13:27:42Z,F346E7F692C196A7,14.23,queries/Functions/09-03_math/asinh.sql,measured,1,3,5,2,0.029,3243.934,1,1,11997996,11997996,11998031,95983968,0,0,lineitem,10880,214040,0,0,0,0,0
2026-07-27T13:27:42Z,F346E7F692C196A7,14.23,queries/Functions/09-03_math/asinh.sql,measured,1,4,5,2,0.029,3246.202,1,1,11997996,11997996,11998031,95983968,0,0,lineitem,10912,214008,0,0,0,0,0
2026-07-27T13:27:42Z,F346E7F692C196A7,14.23,queries/Functions/09-03_math/asinh.sql,measured,1,5,5,2,0.030,3256.225,1,1,11997996,11997996,11998031,95983968,0,0,lineitem,10944,213976,0,0,0,0,0
2026-07-27T13:27:58Z,F346E7F692C196A7,14.23,queries/Functions/09-03_math/asinh.sql,measured,2,1,5,2,0.264,3272.515,1,1,11997996,11997996,11998031,95983968,0,0,lineitem,10976,213944,0,0,0,0,0
2026-07-27T13:27:58Z,F346E7F692C196A7,14.23,queries/Functions/09-03_math/asinh.sql,measured,2,2,5,2,0.038,3247.365,1,1,11997996,11997996,11998031,95983968,0,0,lineitem,11008,213912,0,0,0,0,0
2026-07-27T13:27:58Z,F346E7F692C196A7,14.23,queries/Functions/09-03_math/asinh.sql,measured,2,3,5,2,0.029,3240.545,1,1,11997996,11997996,11998031,95983968,0,0,lineitem,11040,213880,0,0,0,0,0
2026-07-27T13:27:58Z,F346E7F692C196A7,14.23,queries/Functions/09-03_math/asinh.sql,measured,2,4,5,2,0.030,3238.815,1,1,11997996,11997996,11998031,95983968,0,0,lineitem,11072,213848,0,0,0,0,0
2026-07-27T13:27:58Z,F346E7F692C196A7,14.23,queries/Functions/09-03_math/asinh.sql,measured,2,5,5,2,0.048,3244.389,1,1,11997996,11997996,11998031,95983968,0,0,lineitem,11104,213816,0,0,0,0,0
2026-07-27T13:28:01Z,F346E7F692C196A7,14.23,queries/Functions/09-03_math/atan.sql,warmup,1,1,1,2,0.250,3161.249,1,1,11997996,11997996,11998031,95983968,0,0,lineitem,11136,213784,0,0,0,0,0
2026-07-27T13:28:04Z,F346E7F692C196A7,14.23,queries/Functions/09-03_math/atan.sql,warmup,2,1,1,2,0.256,3163.588,1,1,11997996,11997996,11998031,95983968,0,0,lineitem,11168,213752,0,0,0,0,0
2026-07-27T13:28:20Z,F346E7F692C196A7,14.23,queries/Functions/09-03_math/atan.sql,measured,1,1,5,2,0.242,3156.705,1,1,11997996,11997996,11998031,95983968,0,0,lineitem,11200,213720,0,0,0,0,0
2026-07-27T13:28:20Z,F346E7F692C196A7,14.23,queries/Functions/09-03_math/atan.sql,measured,1,2,5,2,0.030,3128.814,1,1,11997996,11997996,11998031,95983968,0,0,lineitem,11232,213688,0,0,0,0,0
2026-07-27T13:28:20Z,F346E7F692C196A7,14.23,queries/Functions/09-03_math/atan.sql,measured,1,3,5,2,0.030,3129.063,1,1,11997996,11997996,11998031,95983968,0,0,lineitem,11264,213656,0,0,0,0,0
2026-07-27T13:28:20Z,F346E7F692C196A7,14.23,queries/Functions/09-03_math/atan.sql,measured,1,4,5,2,0.048,3130.575,1,1,11997996,11997996,11998031,95983968,0,0,lineitem,11296,213624,0,0,0,0,0
2026-07-27T13:28:20Z,F346E7F692C196A7,14.23,queries/Functions/09-03_math/atan.sql,measured,1,5,5,2,0.029,3130.682,1,1,11997996,11997996,11998031,95983968,0,0,lineitem,11328,213592,0,0,0,0,0
2026-07-27T13:28:36Z,F346E7F692C196A7,14.23,queries/Functions/09-03_math/atan.sql,measured,2,1,5,2,0.258,3159.072,1,1,11997996,11997996,11998031,95983968,0,0,lineitem,11360,213560,0,0,0,0,0
2026-07-27T13:28:36Z,F346E7F692C196A7,14.23,queries/Functions/09-03_math/atan.sql,measured,2,2,5,2,0.029,3130.950,1,1,11997996,11997996,11998031,95983968,0,0,lineitem,11392,213528,0,0,0,0,0
2026-07-27T13:28:36Z,F346E7F692C196A7,14.23,queries/Functions/09-03_math/atan.sql,measured,2,3,5,2,0.029,3135.017,1,1,11997996,11997996,11998031,95983968,0,0,lineitem,11424,213496,0,0,0,0,0
2026-07-27T13:28:36Z,F346E7F692C196A7,14.23,queries/Functions/09-03_math/atan.sql,measured,2,4,5,2,0.030,3131.508,1,1,11997996,11997996,11998031,95983968,0,0,lineitem,11456,213464,0,0,0,0,0
2026-07-27T13:28:36Z,F346E7F692C196A7,14.23,queries/Functions/09-03_math/atan.sql,measured,2,5,5,2,0.047,3128.878,1,1,11997996,11997996,11998031,95983968,0,0,lineitem,11488,213432,0,0,0,0,0
2026-07-27T13:28:41Z,F346E7F692C196A7,14.23,queries/Functions/09-03_math/atan2.sql,warmup,1,1,1,2,0.271,5330.632,1,1,11997996,11997996,11998031,95983968,0,0,lineitem,11520,213400,0,0,0,0,0
2026-07-27T13:28:47Z,F346E7F692C196A7,14.23,queries/Functions/09-03_math/atan2.sql,warmup,2,1,1,2,0.279,5335.456,1,1,11997996,11997996,11998031,95983968,0,0,lineitem,11552,213368,0,0,0,0,0
2026-07-27T13:29:13Z,F346E7F692C196A7,14.23,queries/Functions/09-03_math/atan2.sql,measured,1,1,5,2,0.273,5329.806,1,1,11997996,11997996,11998031,95983968,0,0,lineitem,11584,213336,0,0,0,0,0
2026-07-27T13:29:13Z,F346E7F692C196A7,14.23,queries/Functions/09-03_math/atan2.sql,measured,1,2,5,2,0.034,5308.501,1,1,11997996,11997996,11998031,95983968,0,0,lineitem,11616,213304,0,0,0,0,0
2026-07-27T13:29:13Z,F346E7F692C196A7,14.23,queries/Functions/09-03_math/atan2.sql,measured,1,3,5,2,0.034,5300.202,1,1,11997996,11997996,11998031,95983968,0,0,lineitem,11648,213272,0,0,0,0,0
2026-07-27T13:29:13Z,F346E7F692C196A7,14.23,queries/Functions/09-03_math/atan2.sql,measured,1,4,5,2,0.040,5296.279,1,1,11997996,11997996,11998031,95983968,0,0,lineitem,11680,213240,0,0,0,0,0
2026-07-27T13:29:13Z,F346E7F692C196A7,14.23,queries/Functions/09-03_math/atan2.sql,measured,1,5,5,2,0.035,5304.022,1,1,11997996,11997996,11998031,95983968,0,0,lineitem,11712,213208,0,0,0,0,0
2026-07-27T13:29:40Z,F346E7F692C196A7,14.23,queries/Functions/09-03_math/atan2.sql,measured,2,1,5,2,0.271,5340.525,1,1,11997996,11997996,11998031,95983968,0,0,lineitem,11744,213176,0,0,0,0,0
2026-07-27T13:29:40Z,F346E7F692C196A7,14.23,queries/Functions/09-03_math/atan2.sql,measured,2,2,5,2,0.034,5322.703,1,1,11997996,11997996,11998031,95983968,0,0,lineitem,11776,213144,0,0,0,0,0
2026-07-27T13:29:40Z,F346E7F692C196A7,14.23,queries/Functions/09-03_math/atan2.sql,measured,2,3,5,2,0.052,5308.651,1,1,11997996,11997996,11998031,95983968,0,0,lineitem,11808,213112,0,0,0,0,0
2026-07-27T13:29:40Z,F346E7F692C196A7,14.23,queries/Functions/09-03_math/atan2.sql,measured,2,4,5,2,0.034,5304.787,1,1,11997996,11997996,11998031,95983968,0,0,lineitem,11840,213080,0,0,0,0,0
2026-07-27T13:29:40Z,F346E7F692C196A7,14.23,queries/Functions/09-03_math/atan2.sql,measured,2,5,5,2,0.034,5308.139,1,1,11997996,11997996,11998031,95983968,0,0,lineitem,11872,213048,0,0,0,0,0
2026-07-27T13:29:44Z,F346E7F692C196A7,14.23,queries/Functions/09-03_math/atanh.sql,warmup,1,1,1,2,0.238,3830.156,1,1,11997996,11997996,11998031,95983968,0,0,lineitem,11904,213016,0,0,0,0,0
2026-07-27T13:29:48Z,F346E7F692C196A7,14.23,queries/Functions/09-03_math/atanh.sql,warmup,2,1,1,2,0.236,3827.066,1,1,11997996,11997996,11998031,95983968,0,0,lineitem,11936,212984,0,0,0,0,0
2026-07-27T13:30:07Z,F346E7F692C196A7,14.23,queries/Functions/09-03_math/atanh.sql,measured,1,1,5,2,0.252,3824.502,1,1,11997996,11997996,11998031,95983968,0,0,lineitem,11968,212952,0,0,0,0,0
2026-07-27T13:30:07Z,F346E7F692C196A7,14.23,queries/Functions/09-03_math/atanh.sql,measured,1,2,5,2,0.030,3802.386,1,1,11997996,11997996,11998031,95983968,0,0,lineitem,12000,212920,0,0,0,0,0
2026-07-27T13:30:07Z,F346E7F692C196A7,14.23,queries/Functions/09-03_math/atanh.sql,measured,1,3,5,2,0.030,3803.087,1,1,11997996,11997996,11998031,95983968,0,0,lineitem,12032,212888,0,0,0,0,0
2026-07-27T13:30:07Z,F346E7F692C196A7,14.23,queries/Functions/09-03_math/atanh.sql,measured,1,4,5,2,0.047,3808.580,1,1,11997996,11997996,11998031,95983968,0,0,lineitem,12064,212856,0,0,0,0,0
2026-07-27T13:30:07Z,F346E7F692C196A7,14.23,queries/Functions/09-03_math/atanh.sql,measured,1,5,5,2,0.030,3801.656,1,1,11997996,11997996,11998031,95983968,0,0,lineitem,12096,212824,0,0,0,0,0
2026-07-27T13:30:26Z,F346E7F692C196A7,14.23,queries/Functions/09-03_math/atanh.sql,measured,2,1,5,2,0.247,3828.050,1,1,11997996,11997996,11998031,95983968,0,0,lineitem,12128,212792,0,0,0,0,0
2026-07-27T13:30:26Z,F346E7F692C196A7,14.23,queries/Functions/09-03_math/atanh.sql,measured,2,2,5,2,0.047,3797.733,1,1,11997996,11997996,11998031,95983968,0,0,lineitem,12160,212760,0,0,0,0,0
2026-07-27T13:30:26Z,F346E7F692C196A7,14.23,queries/Functions/09-03_math/atanh.sql,measured,2,3,5,2,0.030,3796.057,1,1,11997996,11997996,11998031,95983968,0,0,lineitem,12192,212728,0,0,0,0,0
2026-07-27T13:30:26Z,F346E7F692C196A7,14.23,queries/Functions/09-03_math/atanh.sql,measured,2,4,5,2,0.030,3811.917,1,1,11997996,11997996,11998031,95983968,0,0,lineitem,12224,212696,0,0,0,0,0
2026-07-27T13:30:26Z,F346E7F692C196A7,14.23,queries/Functions/09-03_math/atanh.sql,measured,2,5,5,2,0.048,3797.200,1,1,11997996,11997996,11998031,95983968,0,0,lineitem,12256,212664,0,0,0,0,0
2026-07-27T13:30:30Z,F346E7F692C196A7,14.23,queries/Functions/09-03_math/cbrt.sql,warmup,1,1,1,2,0.267,4442.823,1,1,11997996,11997996,11998031,95983968,0,0,lineitem,12288,212632,0,0,0,0,0
2026-07-27T13:30:35Z,F346E7F692C196A7,14.23,queries/Functions/09-03_math/cbrt.sql,warmup,2,1,1,2,0.247,4455.874,1,1,11997996,11997996,11998031,95983968,0,0,lineitem,12320,212600,0,0,0,0,0
2026-07-27T13:30:57Z,F346E7F692C196A7,14.23,queries/Functions/09-03_math/cbrt.sql,measured,1,1,5,2,0.257,4423.280,1,1,11997996,11997996,11998031,95983968,0,0,lineitem,12352,212568,0,0,0,0,0
2026-07-27T13:30:57Z,F346E7F692C196A7,14.23,queries/Functions/09-03_math/cbrt.sql,measured,1,2,5,2,0.030,4402.794,1,1,11997996,11997996,11998031,95983968,0,0,lineitem,12384,212536,0,0,0,0,0
2026-07-27T13:30:57Z,F346E7F692C196A7,14.23,queries/Functions/09-03_math/cbrt.sql,measured,1,3,5,2,0.030,4398.018,1,1,11997996,11997996,11998031,95983968,0,0,lineitem,12416,212504,0,0,0,0,0
2026-07-27T13:30:57Z,F346E7F692C196A7,14.23,queries/Functions/09-03_math/cbrt.sql,measured,1,4,5,2,0.030,4403.679,1,1,11997996,11997996,11998031,95983968,0,0,lineitem,12448,212472,0,0,0,0,0
2026-07-27T13:30:57Z,F346E7F692C196A7,14.23,queries/Functions/09-03_math/cbrt.sql,measured,1,5,5,2,0.030,4407.293,1,1,11997996,11997996,11998031,95983968,0,0,lineitem,12480,212440,0,0,0,0,0
2026-07-27T13:31:19Z,F346E7F692C196A7,14.23,queries/Functions/09-03_math/cbrt.sql,measured,2,1,5,2,0.264,4428.185,1,1,11997996,11997996,11998031,95983968,0,0,lineitem,12512,212408,0,0,0,0,0
2026-07-27T13:31:19Z,F346E7F692C196A7,14.23,queries/Functions/09-03_math/cbrt.sql,measured,2,2,5,2,0.030,4413.344,1,1,11997996,11997996,11998031,95983968,0,0,lineitem,12544,212376,0,0,0,0,0
2026-07-27T13:31:19Z,F346E7F692C196A7,14.23,queries/Functions/09-03_math/cbrt.sql,measured,2,3,5,2,0.029,4416.760,1,1,11997996,11997996,11998031,95983968,0,0,lineitem,12576,212344,0,0,0,0,0
2026-07-27T13:31:19Z,F346E7F692C196A7,14.23,queries/Functions/09-03_math/cbrt.sql,measured,2,4,5,2,0.030,4416.842,1,1,11997996,11997996,11998031,95983968,0,0,lineitem,12608,212312,0,0,0,0,0
2026-07-27T13:31:19Z,F346E7F692C196A7,14.23,queries/Functions/09-03_math/cbrt.sql,measured,2,5,5,2,0.048,4412.198,1,1,11997996,11997996,11998031,95983968,0,0,lineitem,12640,212280,0,0,0,0,0
2026-07-27T13:31:24Z,F346E7F692C196A7,14.23,queries/Functions/09-03_math/ceil.sql,warmup,1,1,1,2,0.265,4744.886,1,1,11997996,11997996,11998031,383935872,0,0,lineitem,12672,212248,0,0,0,0,0
2026-07-27T13:31:29Z,F346E7F692C196A7,14.23,queries/Functions/09-03_math/ceil.sql,warmup,2,1,1,2,0.275,4748.097,1,1,11997996,11997996,11998031,383935872,0,0,lineitem,12704,212216,0,0,0,0,0
2026-07-27T13:31:53Z,F346E7F692C196A7,14.23,queries/Functions/09-03_math/ceil.sql,measured,1,1,5,2,0.276,4755.694,1,1,11997996,11997996,11998031,383935872,0,0,lineitem,12736,212184,0,0,0,0,0
2026-07-27T13:31:53Z,F346E7F692C196A7,14.23,queries/Functions/09-03_math/ceil.sql,measured,1,2,5,2,0.034,4734.097,1,1,11997996,11997996,11998031,383935872,0,0,lineitem,12768,212152,0,0,0,0,0
2026-07-27T13:31:53Z,F346E7F692C196A7,14.23,queries/Functions/09-03_math/ceil.sql,measured,1,3,5,2,0.034,4750.691,1,1,11997996,11997996,11998031,383935872,0,0,lineitem,12800,212120,0,0,0,0,0
2026-07-27T13:31:53Z,F346E7F692C196A7,14.23,queries/Functions/09-03_math/ceil.sql,measured,1,4,5,2,0.052,4736.292,1,1,11997996,11997996,11998031,383935872,0,0,lineitem,12832,212088,0,0,0,0,0
2026-07-27T13:31:53Z,F346E7F692C196A7,14.23,queries/Functions/09-03_math/ceil.sql,measured,1,5,5,2,0.034,4730.649,1,1,11997996,11997996,11998031,383935872,0,0,lineitem,12864,212056,0,0,0,0,0
2026-07-27T13:32:16Z,F346E7F692C196A7,14.23,queries/Functions/09-03_math/ceil.sql,measured,2,1,5,2,0.280,4762.243,1,1,11997996,11997996,11998031,383935872,0,0,lineitem,12896,212024,0,0,0,0,0
2026-07-27T13:32:16Z,F346E7F692C196A7,14.23,queries/Functions/09-03_math/ceil.sql,measured,2,2,5,2,0.055,4729.097,1,1,11997996,11997996,11998031,383935872,0,0,lineitem,12928,211992,0,0,0,0,0
2026-07-27T13:32:16Z,F346E7F692C196A7,14.23,queries/Functions/09-03_math/ceil.sql,measured,2,3,5,2,0.034,4727.843,1,1,11997996,11997996,11998031,383935872,0,0,lineitem,12960,211960,0,0,0,0,0
2026-07-27T13:32:16Z,F346E7F692C196A7,14.23,queries/Functions/09-03_math/ceil.sql,measured,2,4,5,2,0.034,4731.810,1,1,11997996,11997996,11998031,383935872,0,0,lineitem,12992,211928,0,0,0,0,0
2026-07-27T13:32:16Z,F346E7F692C196A7,14.23,queries/Functions/09-03_math/ceil.sql,measured,2,5,5,2,0.035,4738.590,1,1,11997996,11997996,11998031,383935872,0,0,lineitem,13024,211896,0,0,0,0,0
2026-07-27T13:32:20Z,F346E7F692C196A7,14.23,queries/Functions/09-03_math/cos.sql,warmup,1,1,1,2,0.238,3734.433,1,1,11997996,11997996,11998031,95983968,0,0,lineitem,13056,211864,0,0,0,0,0
2026-07-27T13:32:24Z,F346E7F692C196A7,14.23,queries/Functions/09-03_math/cos.sql,warmup,2,1,1,2,0.262,3738.634,1,1,11997996,11997996,11998031,95983968,0,0,lineitem,13088,211832,0,0,0,0,0
2026-07-27T13:32:43Z,F346E7F692C196A7,14.23,queries/Functions/09-03_math/cos.sql,measured,1,1,5,2,0.256,3729.132,1,1,11997996,11997996,11998031,95983968,0,0,lineitem,13120,211800,0,0,0,0,0
2026-07-27T13:32:43Z,F346E7F692C196A7,14.23,queries/Functions/09-03_math/cos.sql,measured,1,2,5,2,0.030,3702.177,1,1,11997996,11997996,11998031,95983968,0,0,lineitem,13152,211768,0,0,0,0,0
2026-07-27T13:32:43Z,F346E7F692C196A7,14.23,queries/Functions/09-03_math/cos.sql,measured,1,3,5,2,0.030,3706.246,1,1,11997996,11997996,11998031,95983968,0,0,lineitem,13184,211736,0,0,0,0,0
2026-07-27T13:32:43Z,F346E7F692C196A7,14.23,queries/Functions/09-03_math/cos.sql,measured,1,4,5,2,0.030,3702.937,1,1,11997996,11997996,11998031,95983968,0,0,lineitem,13216,211704,0,0,0,0,0
2026-07-27T13:32:43Z,F346E7F692C196A7,14.23,queries/Functions/09-03_math/cos.sql,measured,1,5,5,2,0.033,3706.012,1,1,11997996,11997996,11998031,95983968,0,0,lineitem,13248,211672,0,0,0,0,0
2026-07-27T13:33:01Z,F346E7F692C196A7,14.23,queries/Functions/09-03_math/cos.sql,measured,2,1,5,2,0.244,3737.014,1,1,11997996,11997996,11998031,95983968,0,0,lineitem,13280,211640,0,0,0,0,0
2026-07-27T13:33:01Z,F346E7F692C196A7,14.23,queries/Functions/09-03_math/cos.sql,measured,2,2,5,2,0.030,3708.084,1,1,11997996,11997996,11998031,95983968,0,0,lineitem,13312,211608,0,0,0,0,0
2026-07-27T13:33:01Z,F346E7F692C196A7,14.23,queries/Functions/09-03_math/cos.sql,measured,2,3,5,2,0.030,3700.163,1,1,11997996,11997996,11998031,95983968,0,0,lineitem,13344,211576,0,0,0,0,0
2026-07-27T13:33:01Z,F346E7F692C196A7,14.23,queries/Functions/09-03_math/cos.sql,measured,2,4,5,2,0.030,3702.076,1,1,11997996,11997996,11998031,95983968,0,0,lineitem,13376,211544,0,0,0,0,0
2026-07-27T13:33:01Z,F346E7F692C196A7,14.23,queries/Functions/09-03_math/cos.sql,measured,2,5,5,2,0.029,3700.497,1,1,11997996,11997996,11998031,95983968,0,0,lineitem,13408,211512,0,0,0,0,0
2026-07-27T13:33:05Z,F346E7F692C196A7,14.23,queries/Functions/09-03_math/cosh.sql,warmup,1,1,1,2,0.253,3851.832,1,1,11997996,11997996,11998031,95983968,0,0,lineitem,13440,211480,0,0,0,0,0
2026-07-27T13:33:09Z,F346E7F692C196A7,14.23,queries/Functions/09-03_math/cosh.sql,warmup,2,1,1,2,0.251,3844.886,1,1,11997996,11997996,11998031,95983968,0,0,lineitem,13472,211448,0,0,0,0,0
2026-07-27T13:33:28Z,F346E7F692C196A7,14.23,queries/Functions/09-03_math/cosh.sql,measured,1,1,5,2,0.253,3850.648,1,1,11997996,11997996,11998031,95983968,0,0,lineitem,13504,211416,0,0,0,0,0
2026-07-27T13:33:28Z,F346E7F692C196A7,14.23,queries/Functions/09-03_math/cosh.sql,measured,1,2,5,2,0.029,3822.691,1,1,11997996,11997996,11998031,95983968,0,0,lineitem,13536,211384,0,0,0,0,0
2026-07-27T13:33:28Z,F346E7F692C196A7,14.23,queries/Functions/09-03_math/cosh.sql,measured,1,3,5,2,0.029,3820.542,1,1,11997996,11997996,11998031,95983968,0,0,lineitem,13568,211352,0,0,0,0,0
2026-07-27T13:33:28Z,F346E7F692C196A7,14.23,queries/Functions/09-03_math/cosh.sql,measured,1,4,5,2,0.030,3825.172,1,1,11997996,11997996,11998031,95983968,0,0,lineitem,13600,211320,0,0,0,0,0
2026-07-27T13:33:28Z,F346E7F692C196A7,14.23,queries/Functions/09-03_math/cosh.sql,measured,1,5,5,2,0.030,3824.203,1,1,11997996,11997996,11998031,95983968,0,0,lineitem,13632,211288,0,0,0,0,0
2026-07-27T13:33:48Z,F346E7F692C196A7,14.23,queries/Functions/09-03_math/cosh.sql,measured,2,1,5,2,0.260,3850.431,1,1,11997996,11997996,11998031,95983968,0,0,lineitem,13664,211256,0,0,0,0,0
2026-07-27T13:33:48Z,F346E7F692C196A7,14.23,queries/Functions/09-03_math/cosh.sql,measured,2,2,5,2,0.030,3824.541,1,1,11997996,11997996,11998031,95983968,0,0,lineitem,13696,211224,0,0,0,0,0
2026-07-27T13:33:48Z,F346E7F692C196A7,14.23,queries/Functions/09-03_math/cosh.sql,measured,2,3,5,2,0.030,3823.731,1,1,11997996,11997996,11998031,95983968,0,0,lineitem,13728,211192,0,0,0,0,0
2026-07-27T13:33:48Z,F346E7F692C196A7,14.23,queries/Functions/09-03_math/cosh.sql,measured,2,4,5,2,0.048,3822.825,1,1,11997996,11997996,11998031,95983968,0,0,lineitem,13760,211160,0,0,0,0,0
2026-07-27T13:33:48Z,F346E7F692C196A7,14.23,queries/Functions/09-03_math/cosh.sql,measured,2,5,5,2,0.031,3820.799,1,1,11997996,11997996,11998031,95983968,0,0,lineitem,13792,211128,0,0,0,0,0
2026-07-27T13:33:51Z,F346E7F692C196A7,14.23,queries/Functions/09-03_math/degrees.sql,warmup,1,1,1,2,0.243,3597.248,1,1,11997996,11997996,11998031,95983968,0,0,lineitem,13824,211096,0,0,0,0,0
2026-07-27T13:33:55Z,F346E7F692C196A7,14.23,queries/Functions/09-03_math/degrees.sql,warmup,2,1,1,2,0.248,3602.665,1,1,11997996,11997996,11998031,95983968,0,0,lineitem,13856,211064,0,0,0,0,0
2026-07-27T13:34:13Z,F346E7F692C196A7,14.23,queries/Functions/09-03_math/degrees.sql,measured,1,1,5,2,0.240,3593.881,1,1,11997996,11997996,11998031,95983968,0,0,lineitem,13888,211032,0,0,0,0,0
2026-07-27T13:34:13Z,F346E7F692C196A7,14.23,queries/Functions/09-03_math/degrees.sql,measured,1,2,5,2,0.034,3574.391,1,1,11997996,11997996,11998031,95983968,0,0,lineitem,13920,211000,0,0,0,0,0
2026-07-27T13:34:13Z,F346E7F692C196A7,14.23,queries/Functions/09-03_math/degrees.sql,measured,1,3,5,2,0.030,3563.181,1,1,11997996,11997996,11998031,95983968,0,0,lineitem,13952,210968,0,0,0,0,0
2026-07-27T13:34:13Z,F346E7F692C196A7,14.23,queries/Functions/09-03_math/degrees.sql,measured,1,4,5,2,0.047,3577.213,1,1,11997996,11997996,11998031,95983968,0,0,lineitem,13984,210936,0,0,0,0,0
2026-07-27T13:34:13Z,F346E7F692C196A7,14.23,queries/Functions/09-03_math/degrees.sql,measured,1,5,5,2,0.030,3567.230,1,1,11997996,11997996,11998031,95983968,0,0,lineitem,14016,210904,0,0,0,0,0
2026-07-27T13:34:31Z,F346E7F692C196A7,14.23,queries/Functions/09-03_math/degrees.sql,measured,2,1,5,2,0.239,3595.847,1,1,11997996,11997996,11998031,95983968,0,0,lineitem,14048,210872,0,0,0,0,0
2026-07-27T13:34:31Z,F346E7F692C196A7,14.23,queries/Functions/09-03_math/degrees.sql,measured,2,2,5,2,0.030,3568.975,1,1,11997996,11997996,11998031,95983968,0,0,lineitem,14080,210840,0,0,0,0,0
2026-07-27T13:34:31Z,F346E7F692C196A7,14.23,queries/Functions/09-03_math/degrees.sql,measured,2,3,5,2,0.030,3568.809,1,1,11997996,11997996,11998031,95983968,0,0,lineitem,14112,210808,0,0,0,0,0
2026-07-27T13:34:31Z,F346E7F692C196A7,14.23,queries/Functions/09-03_math/degrees.sql,measured,2,4,5,2,0.030,3569.552,1,1,11997996,11997996,11998031,95983968,0,0,lineitem,14144,210776,0,0,0,0,0
2026-07-27T13:34:31Z,F346E7F692C196A7,14.23,queries/Functions/09-03_math/degrees.sql,measured,2,5,5,2,0.031,3571.345,1,1,11997996,11997996,11998031,95983968,0,0,lineitem,14176,210744,0,0,0,0,0
2026-07-27T13:34:34Z,F346E7F692C196A7,14.23,queries/Functions/09-03_math/div_fn.sql,warmup,1,1,1,2,0.245,3076.734,1,1,11997996,11997996,11998031,383935872,0,0,lineitem,14208,210712,0,0,0,0,0
2026-07-27T13:34:37Z,F346E7F692C196A7,14.23,queries/Functions/09-03_math/div_fn.sql,warmup,2,1,1,2,0.248,3082.384,1,1,11997996,11997996,11998031,383935872,0,0,lineitem,14240,210680,0,0,0,0,0
2026-07-27T13:34:52Z,F346E7F692C196A7,14.23,queries/Functions/09-03_math/div_fn.sql,measured,1,1,5,2,0.258,3083.257,1,1,11997996,11997996,11998031,383935872,0,0,lineitem,14272,210648,0,0,0,0,0
2026-07-27T13:34:52Z,F346E7F692C196A7,14.23,queries/Functions/09-03_math/div_fn.sql,measured,1,2,5,2,0.030,3045.890,1,1,11997996,11997996,11998031,383935872,0,0,lineitem,14304,210616,0,0,0,0,0
2026-07-27T13:34:52Z,F346E7F692C196A7,14.23,queries/Functions/09-03_math/div_fn.sql,measured,1,3,5,2,0.031,3054.118,1,1,11997996,11997996,11998031,383935872,0,0,lineitem,14336,210584,0,0,0,0,0
2026-07-27T13:34:52Z,F346E7F692C196A7,14.23,queries/Functions/09-03_math/div_fn.sql,measured,1,4,5,2,0.031,3044.847,1,1,11997996,11997996,11998031,383935872,0,0,lineitem,14368,210552,0,0,0,0,0
2026-07-27T13:34:52Z,F346E7F692C196A7,14.23,queries/Functions/09-03_math/div_fn.sql,measured,1,5,5,2,0.030,3044.785,1,1,11997996,11997996,11998031,383935872,0,0,lineitem,14400,210520,0,0,0,0,0
2026-07-27T13:35:08Z,F346E7F692C196A7,14.23,queries/Functions/09-03_math/div_fn.sql,measured,2,1,5,2,0.261,3080.516,1,1,11997996,11997996,11998031,383935872,0,0,lineitem,14432,210488,0,0,0,0,0
2026-07-27T13:35:08Z,F346E7F692C196A7,14.23,queries/Functions/09-03_math/div_fn.sql,measured,2,2,5,2,0.030,3054.920,1,1,11997996,11997996,11998031,383935872,0,0,lineitem,14464,210456,0,0,0,0,0
2026-07-27T13:35:08Z,F346E7F692C196A7,14.23,queries/Functions/09-03_math/div_fn.sql,measured,2,3,5,2,0.031,3044.870,1,1,11997996,11997996,11998031,383935872,0,0,lineitem,14496,210424,0,0,0,0,0
2026-07-27T13:35:08Z,F346E7F692C196A7,14.23,queries/Functions/09-03_math/div_fn.sql,measured,2,4,5,2,0.034,3049.566,1,1,11997996,11997996,11998031,383935872,0,0,lineitem,14528,210392,0,0,0,0,0
2026-07-27T13:35:08Z,F346E7F692C196A7,14.23,queries/Functions/09-03_math/div_fn.sql,measured,2,5,5,2,0.030,3049.493,1,1,11997996,11997996,11998031,383935872,0,0,lineitem,14560,210360,0,0,0,0,0
2026-07-27T13:35:11Z,F346E7F692C196A7,14.23,queries/Functions/09-03_math/divide.sql,warmup,1,1,1,2,0.264,3647.155,1,1,11997996,11997996,11998031,383935872,0,0,lineitem,14592,210328,0,0,0,0,0
2026-07-27T13:35:15Z,F346E7F692C196A7,14.23,queries/Functions/09-03_math/divide.sql,warmup,2,1,1,2,0.260,3650.369,1,1,11997996,11997996,11998031,383935872,0,0,lineitem,14624,210296,0,0,0,0,0
2026-07-27T13:35:33Z,F346E7F692C196A7,14.23,queries/Functions/09-03_math/divide.sql,measured,1,1,5,2,0.265,3654.340,1,1,11997996,11997996,11998031,383935872,0,0,lineitem,14656,210264,0,0,0,0,0
2026-07-27T13:35:33Z,F346E7F692C196A7,14.23,queries/Functions/09-03_math/divide.sql,measured,1,2,5,2,0.030,3623.871,1,1,11997996,11997996,11998031,383935872,0,0,lineitem,14688,210232,0,0,0,0,0
2026-07-27T13:35:33Z,F346E7F692C196A7,14.23,queries/Functions/09-03_math/divide.sql,measured,1,3,5,2,0.031,3618.119,1,1,11997996,11997996,11998031,383935872,0,0,lineitem,14720,210200,0,0,0,0,0
2026-07-27T13:35:33Z,F346E7F692C196A7,14.23,queries/Functions/09-03_math/divide.sql,measured,1,4,5,2,0.030,3618.688,1,1,11997996,11997996,11998031,383935872,0,0,lineitem,14752,210168,0,0,0,0,0
2026-07-27T13:35:33Z,F346E7F692C196A7,14.23,queries/Functions/09-03_math/divide.sql,measured,1,5,5,2,0.031,3618.095,1,1,11997996,11997996,11998031,383935872,0,0,lineitem,14784,210136,0,0,0,0,0
2026-07-27T13:35:52Z,F346E7F692C196A7,14.23,queries/Functions/09-03_math/divide.sql,measured,2,1,5,2,0.260,3658.183,1,1,11997996,11997996,11998031,383935872,0,0,lineitem,14816,210104,0,0,0,0,0
2026-07-27T13:35:52Z,F346E7F692C196A7,14.23,queries/Functions/09-03_math/divide.sql,measured,2,2,5,2,0.031,3630.175,1,1,11997996,11997996,11998031,383935872,0,0,lineitem,14848,210072,0,0,0,0,0
2026-07-27T13:35:52Z,F346E7F692C196A7,14.23,queries/Functions/09-03_math/divide.sql,measured,2,3,5,2,0.047,3632.871,1,1,11997996,11997996,11998031,383935872,0,0,lineitem,14880,210040,0,0,0,0,0
2026-07-27T13:35:52Z,F346E7F692C196A7,14.23,queries/Functions/09-03_math/divide.sql,measured,2,4,5,2,0.030,3622.181,1,1,11997996,11997996,11998031,383935872,0,0,lineitem,14912,210008,0,0,0,0,0
2026-07-27T13:35:52Z,F346E7F692C196A7,14.23,queries/Functions/09-03_math/divide.sql,measured,2,5,5,2,0.031,3631.591,1,1,11997996,11997996,11998031,383935872,0,0,lineitem,14944,209976,0,0,0,0,0
2026-07-27T13:35:55Z,F346E7F692C196A7,14.23,queries/Functions/09-03_math/exp_float8.sql,warmup,1,1,1,2,0.238,3709.791,1,1,11997996,11997996,11998031,95983968,0,0,lineitem,14976,209944,0,0,0,0,0
2026-07-27T13:35:59Z,F346E7F692C196A7,14.23,queries/Functions/09-03_math/exp_float8.sql,warmup,2,1,1,2,0.252,3700.604,1,1,11997996,11997996,11998031,95983968,0,0,lineitem,15008,209912,0,0,0,0,0
2026-07-27T13:36:18Z,F346E7F692C196A7,14.23,queries/Functions/09-03_math/exp_float8.sql,measured,1,1,5,2,0.243,3699.971,1,1,11997996,11997996,11998031,95983968,0,0,lineitem,15040,209880,0,0,0,0,0
2026-07-27T13:36:18Z,F346E7F692C196A7,14.23,queries/Functions/09-03_math/exp_float8.sql,measured,1,2,5,2,0.030,3677.547,1,1,11997996,11997996,11998031,95983968,0,0,lineitem,15072,209848,0,0,0,0,0
2026-07-27T13:36:18Z,F346E7F692C196A7,14.23,queries/Functions/09-03_math/exp_float8.sql,measured,1,3,5,2,0.038,3673.435,1,1,11997996,11997996,11998031,95983968,0,0,lineitem,15104,209816,0,0,0,0,0
2026-07-27T13:36:18Z,F346E7F692C196A7,14.23,queries/Functions/09-03_math/exp_float8.sql,measured,1,4,5,2,0.046,3674.842,1,1,11997996,11997996,11998031,95983968,0,0,lineitem,15136,209784,0,0,0,0,0
2026-07-27T13:36:18Z,F346E7F692C196A7,14.23,queries/Functions/09-03_math/exp_float8.sql,measured,1,5,5,2,0.029,3681.388,1,1,11997996,11997996,11998031,95983968,0,0,lineitem,15168,209752,0,0,0,0,0
2026-07-27T13:36:36Z,F346E7F692C196A7,14.23,queries/Functions/09-03_math/exp_float8.sql,measured,2,1,5,2,0.239,3706.984,1,1,11997996,11997996,11998031,95983968,0,0,lineitem,15200,209720,0,0,0,0,0
2026-07-27T13:36:36Z,F346E7F692C196A7,14.23,queries/Functions/09-03_math/exp_float8.sql,measured,2,2,5,2,0.037,3669.931,1,1,11997996,11997996,11998031,95983968,0,0,lineitem,15232,209688,0,0,0,0,0
2026-07-27T13:36:36Z,F346E7F692C196A7,14.23,queries/Functions/09-03_math/exp_float8.sql,measured,2,3,5,2,0.030,3673.525,1,1,11997996,11997996,11998031,95983968,0,0,lineitem,15264,209656,0,0,0,0,0
2026-07-27T13:36:36Z,F346E7F692C196A7,14.23,queries/Functions/09-03_math/exp_float8.sql,measured,2,4,5,2,0.030,3676.878,1,1,11997996,11997996,11998031,95983968,0,0,lineitem,15296,209624,0,0,0,0,0
2026-07-27T13:36:36Z,F346E7F692C196A7,14.23,queries/Functions/09-03_math/exp_float8.sql,measured,2,5,5,2,0.030,3674.038,1,1,11997996,11997996,11998031,95983968,0,0,lineitem,15328,209592,0,0,0,0,0
2026-07-27T13:37:06Z,F346E7F692C196A7,14.23,queries/Functions/09-03_math/exp_numeric.sql,warmup,1,1,1,2,0.243,30351.955,1,1,11997996,11997996,11998031,383935872,0,0,lineitem,15360,209560,0,0,0,0,0
2026-07-27T13:37:37Z,F346E7F692C196A7,14.23,queries/Functions/09-03_math/exp_numeric.sql,warmup,2,1,1,2,0.242,30410.589,1,1,11997996,11997996,11998031,383935872,0,0,lineitem,15392,209528,0,0,0,0,0
2026-07-27T13:40:09Z,F346E7F692C196A7,14.23,queries/Functions/09-03_math/exp_numeric.sql,measured,1,1,5,2,0.254,30364.782,1,1,11997996,11997996,11998031,383935872,0,0,lineitem,15424,209496,0,0,0,0,0
2026-07-27T13:40:09Z,F346E7F692C196A7,14.23,queries/Functions/09-03_math/exp_numeric.sql,measured,1,2,5,2,0.030,30313.700,1,1,11997996,11997996,11998031,383935872,0,0,lineitem,15456,209464,0,0,0,0,0
2026-07-27T13:40:09Z,F346E7F692C196A7,14.23,queries/Functions/09-03_math/exp_numeric.sql,measured,1,3,5,2,0.029,30319.850,1,1,11997996,11997996,11998031,383935872,0,0,lineitem,15488,209432,0,0,0,0,0
2026-07-27T13:40:09Z,F346E7F692C196A7,14.23,queries/Functions/09-03_math/exp_numeric.sql,measured,1,4,5,2,0.030,30297.266,1,1,11997996,11997996,11998031,383935872,0,0,lineitem,15520,209400,0,0,0,0,0
2026-07-27T13:40:09Z,F346E7F692C196A7,14.23,queries/Functions/09-03_math/exp_numeric.sql,measured,1,5,5,2,0.029,30327.445,1,1,11997996,11997996,11998031,383935872,0,0,lineitem,15552,209368,0,0,0,0,0
2026-07-27T13:42:40Z,F346E7F692C196A7,14.23,queries/Functions/09-03_math/exp_numeric.sql,measured,2,1,5,2,0.251,30364.744,1,1,11997996,11997996,11998031,383935872,0,0,lineitem,15584,209336,0,0,0,0,0
2026-07-27T13:42:40Z,F346E7F692C196A7,14.23,queries/Functions/09-03_math/exp_numeric.sql,measured,2,2,5,2,0.030,30297.520,1,1,11997996,11997996,11998031,383935872,0,0,lineitem,15616,209304,0,0,0,0,0
2026-07-27T13:42:40Z,F346E7F692C196A7,14.23,queries/Functions/09-03_math/exp_numeric.sql,measured,2,3,5,2,0.030,30331.080,1,1,11997996,11997996,11998031,383935872,0,0,lineitem,15648,209272,0,0,0,0,0
2026-07-27T13:42:40Z,F346E7F692C196A7,14.23,queries/Functions/09-03_math/exp_numeric.sql,measured,2,4,5,2,0.030,30302.038,1,1,11997996,11997996,11998031,383935872,0,0,lineitem,15680,209240,0,0,0,0,0
2026-07-27T13:42:40Z,F346E7F692C196A7,14.23,queries/Functions/09-03_math/exp_numeric.sql,measured,2,5,5,2,0.030,30306.409,1,1,11997996,11997996,11998031,383935872,0,0,lineitem,15712,209208,0,0,0,0,0
2026-07-27T13:42:43Z,F346E7F692C196A7,14.23,queries/Functions/09-03_math/exponent.sql,warmup,1,1,1,2,0.284,3119.552,1,1,11997996,11997996,11998031,383935872,0,0,lineitem,15744,209176,0,0,0,0,0
2026-07-27T13:42:47Z,F346E7F692C196A7,14.23,queries/Functions/09-03_math/exponent.sql,warmup,2,1,1,2,0.283,3125.867,1,1,11997996,11997996,11998031,383935872,0,0,lineitem,15776,209144,0,0,0,0,0
2026-07-27T13:43:02Z,F346E7F692C196A7,14.23,queries/Functions/09-03_math/exponent.sql,measured,1,1,5,2,0.257,3118.200,1,1,11997996,11997996,11998031,383935872,0,0,lineitem,15808,209112,0,0,0,0,0
2026-07-27T13:43:02Z,F346E7F692C196A7,14.23,queries/Functions/09-03_math/exponent.sql,measured,1,2,5,2,0.034,3089.585,1,1,11997996,11997996,11998031,383935872,0,0,lineitem,15840,209080,0,0,0,0,0
2026-07-27T13:43:02Z,F346E7F692C196A7,14.23,queries/Functions/09-03_math/exponent.sql,measured,1,3,5,2,0.033,3092.698,1,1,11997996,11997996,11998031,383935872,0,0,lineitem,15872,209048,0,0,0,0,0
2026-07-27T13:43:02Z,F346E7F692C196A7,14.23,queries/Functions/09-03_math/exponent.sql,measured,1,4,5,2,0.034,3088.760,1,1,11997996,11997996,11998031,383935872,0,0,lineitem,15904,209016,0,0,0,0,0
2026-07-27T13:43:02Z,F346E7F692C196A7,14.23,queries/Functions/09-03_math/exponent.sql,measured,1,5,5,2,0.034,3085.027,1,1,11997996,11997996,11998031,383935872,0,0,lineitem,15936,208984,0,0,0,0,0
2026-07-27T13:43:18Z,F346E7F692C196A7,14.23,queries/Functions/09-03_math/exponent.sql,measured,2,1,5,2,0.263,3124.763,1,1,11997996,11997996,11998031,383935872,0,0,lineitem,15968,208952,0,0,0,0,0
2026-07-27T13:43:18Z,F346E7F692C196A7,14.23,queries/Functions/09-03_math/exponent.sql,measured,2,2,5,2,0.051,3091.438,1,1,11997996,11997996,11998031,383935872,0,0,lineitem,16000,208920,0,0,0,0,0
2026-07-27T13:43:18Z,F346E7F692C196A7,14.23,queries/Functions/09-03_math/exponent.sql,measured,2,3,5,2,0.034,3096.197,1,1,11997996,11997996,11998031,383935872,0,0,lineitem,16032,208888,0,0,0,0,0
2026-07-27T13:43:18Z,F346E7F692C196A7,14.23,queries/Functions/09-03_math/exponent.sql,measured,2,4,5,2,0.033,3100.086,1,1,11997996,11997996,11998031,383935872,0,0,lineitem,16064,208856,0,0,0,0,0
2026-07-27T13:43:18Z,F346E7F692C196A7,14.23,queries/Functions/09-03_math/exponent.sql,measured,2,5,5,2,0.034,3091.327,1,1,11997996,11997996,11998031,383935872,0,0,lineitem,16085,208835,0,0,0,0,0
2026-07-27T13:43:21Z,F346E7F692C196A7,14.23,queries/Functions/09-03_math/factorial.sql,warmup,1,1,1,2,0.259,2836.935,1,1,11997996,11997996,11998031,383935872,0,0,lineitem,16086,208834,0,0,0,0,0
2026-07-27T13:43:24Z,F346E7F692C196A7,14.23,queries/Functions/09-03_math/factorial.sql,warmup,2,1,1,2,0.245,2838.551,1,1,11997996,11997996,11998031,383935872,0,0,lineitem,16091,208829,0,0,0,0,0
2026-07-27T13:43:38Z,F346E7F692C196A7,14.23,queries/Functions/09-03_math/factorial.sql,measured,1,1,5,2,0.252,2832.586,1,1,11997996,11997996,11998031,383935872,0,0,lineitem,16092,208828,0,0,0,0,0
2026-07-27T13:43:38Z,F346E7F692C196A7,14.23,queries/Functions/09-03_math/factorial.sql,measured,1,2,5,2,0.030,2800.565,1,1,11997996,11997996,11998031,383935872,0,0,lineitem,16109,208811,0,0,0,0,0
2026-07-27T13:43:38Z,F346E7F692C196A7,14.23,queries/Functions/09-03_math/factorial.sql,measured,1,3,5,2,0.030,2800.958,1,1,11997996,11997996,11998031,383935872,0,0,lineitem,16141,208779,0,0,0,0,0
2026-07-27T13:43:38Z,F346E7F692C196A7,14.23,queries/Functions/09-03_math/factorial.sql,measured,1,4,5,2,0.030,2802.720,1,1,11997996,11997996,11998031,383935872,0,0,lineitem,16173,208747,0,0,0,0,0
2026-07-27T13:43:38Z,F346E7F692C196A7,14.23,queries/Functions/09-03_math/factorial.sql,measured,1,5,5,2,0.030,2805.507,1,1,11997996,11997996,11998031,383935872,0,0,lineitem,16205,208715,0,0,0,0,0
2026-07-27T13:43:52Z,F346E7F692C196A7,14.23,queries/Functions/09-03_math/factorial.sql,measured,2,1,5,2,0.250,2838.033,1,1,11997996,11997996,11998031,383935872,0,0,lineitem,16222,208698,0,0,0,0,0
2026-07-27T13:43:52Z,F346E7F692C196A7,14.23,queries/Functions/09-03_math/factorial.sql,measured,2,2,5,2,0.030,2804.036,1,1,11997996,11997996,11998031,383935872,0,0,lineitem,16240,208680,0,0,0,0,0
2026-07-27T13:43:52Z,F346E7F692C196A7,14.23,queries/Functions/09-03_math/factorial.sql,measured,2,3,5,2,0.030,2808.000,1,1,11997996,11997996,11998031,383935872,0,0,lineitem,16222,208698,0,0,0,0,0
2026-07-27T13:43:52Z,F346E7F692C196A7,14.23,queries/Functions/09-03_math/factorial.sql,measured,2,4,5,2,0.030,2807.986,1,1,11997996,11997996,11998031,383935872,0,0,lineitem,16254,208666,0,0,0,0,0
2026-07-27T13:43:52Z,F346E7F692C196A7,14.23,queries/Functions/09-03_math/factorial.sql,measured,2,5,5,2,0.030,2801.752,1,1,11997996,11997996,11998031,383935872,0,0,lineitem,16282,208638,0,0,0,0,0
2026-07-27T13:43:56Z,F346E7F692C196A7,14.23,queries/Functions/09-03_math/floor.sql,warmup,1,1,1,2,0.283,4449.244,1,1,11997996,11997996,11998031,383935872,0,0,lineitem,16228,208692,0,0,0,0,0
2026-07-27T13:44:01Z,F346E7F692C196A7,14.23,queries/Functions/09-03_math/floor.sql,warmup,2,1,1,2,0.184,4410.985,1,1,11997996,11997996,11998031,383935872,0,0,lineitem,16235,208685,0,0,0,0,0
2026-07-27T13:44:23Z,F346E7F692C196A7,14.23,queries/Functions/09-03_math/floor.sql,measured,1,1,5,2,0.186,4409.666,1,1,11997996,11997996,11998031,383935872,0,0,lineitem,16238,208682,0,0,0,0,0
2026-07-27T13:44:23Z,F346E7F692C196A7,14.23,queries/Functions/09-03_math/floor.sql,measured,1,2,5,2,0.034,4396.135,1,1,11997996,11997996,11998031,383935872,0,0,lineitem,16251,208669,0,0,0,0,0
2026-07-27T13:44:23Z,F346E7F692C196A7,14.23,queries/Functions/09-03_math/floor.sql,measured,1,3,5,2,0.034,4399.437,1,1,11997996,11997996,11998031,383935872,0,0,lineitem,16251,208669,0,0,0,0,0
2026-07-27T13:44:23Z,F346E7F692C196A7,14.23,queries/Functions/09-03_math/floor.sql,measured,1,4,5,2,0.034,4394.666,1,1,11997996,11997996,11998031,383935872,0,0,lineitem,16258,208662,0,0,0,0,0
2026-07-27T13:44:23Z,F346E7F692C196A7,14.23,queries/Functions/09-03_math/floor.sql,measured,1,5,5,2,0.034,4389.446,1,1,11997996,11997996,11998031,383935872,0,0,lineitem,16234,208686,0,0,0,0,0
2026-07-27T13:44:45Z,F346E7F692C196A7,14.23,queries/Functions/09-03_math/floor.sql,measured,2,1,5,2,0.298,4416.760,1,1,11997996,11997996,11998031,383935872,0,0,lineitem,16211,208709,0,0,0,0,0
2026-07-27T13:44:45Z,F346E7F692C196A7,14.23,queries/Functions/09-03_math/floor.sql,measured,2,2,5,2,0.035,4391.637,1,1,11997996,11997996,11998031,383935872,0,0,lineitem,16230,208690,0,0,0,0,0
2026-07-27T13:44:45Z,F346E7F692C196A7,14.23,queries/Functions/09-03_math/floor.sql,measured,2,3,5,2,0.034,4404.370,1,1,11997996,11997996,11998031,383935872,0,0,lineitem,16262,208658,0,0,0,0,0
2026-07-27T13:44:45Z,F346E7F692C196A7,14.23,queries/Functions/09-03_math/floor.sql,measured,2,4,5,2,0.037,4392.021,1,1,11997996,11997996,11998031,383935872,0,0,lineitem,16274,208646,0,0,0,0,0
2026-07-27T13:44:45Z,F346E7F692C196A7,14.23,queries/Functions/09-03_math/floor.sql,measured,2,5,5,2,0.035,4412.689,1,1,11997996,11997996,11998031,383935872,0,0,lineitem,16257,208663,0,0,0,0,0
2026-07-27T13:44:48Z,F346E7F692C196A7,14.23,queries/Functions/09-03_math/gcd.sql,warmup,1,1,1,2,0.315,2463.651,1,1,11997996,11997996,11998031,47991984,0,0,lineitem,16228,208692,0,0,0,0,0
2026-07-27T13:44:50Z,F346E7F692C196A7,14.23,queries/Functions/09-03_math/gcd.sql,warmup,2,1,1,2,0.186,2460.005,1,1,11997996,11997996,11998031,47991984,0,0,lineitem,16246,208674,0,0,0,0,0
2026-07-27T13:45:02Z,F346E7F692C196A7,14.23,queries/Functions/09-03_math/gcd.sql,measured,1,1,5,2,0.202,2462.555,1,1,11997996,11997996,11998031,47991984,0,0,lineitem,16249,208671,0,0,0,0,0
2026-07-27T13:45:02Z,F346E7F692C196A7,14.23,queries/Functions/09-03_math/gcd.sql,measured,1,2,5,2,0.031,2429.346,1,1,11997996,11997996,11998031,47991984,0,0,lineitem,16273,208647,0,0,0,0,0
2026-07-27T13:45:02Z,F346E7F692C196A7,14.23,queries/Functions/09-03_math/gcd.sql,measured,1,3,5,2,0.030,2429.150,1,1,11997996,11997996,11998031,47991984,0,0,lineitem,16305,208615,0,0,0,0,0
2026-07-27T13:45:02Z,F346E7F692C196A7,14.23,queries/Functions/09-03_math/gcd.sql,measured,1,4,5,2,0.030,2429.611,1,1,11997996,11997996,11998031,47991984,0,0,lineitem,16295,208625,0,0,0,0,0
2026-07-27T13:45:02Z,F346E7F692C196A7,14.23,queries/Functions/09-03_math/gcd.sql,measured,1,5,5,2,0.030,2426.991,1,1,11997996,11997996,11998031,47991984,0,0,lineitem,16296,208624,0,0,0,0,0
2026-07-27T13:45:15Z,F346E7F692C196A7,14.23,queries/Functions/09-03_math/gcd.sql,measured,2,1,5,2,0.278,2463.436,1,1,11997996,11997996,11998031,47991984,0,0,lineitem,16272,208648,0,0,0,0,0
2026-07-27T13:45:15Z,F346E7F692C196A7,14.23,queries/Functions/09-03_math/gcd.sql,measured,2,2,5,2,0.030,2431.058,1,1,11997996,11997996,11998031,47991984,0,0,lineitem,16281,208639,0,0,0,0,0
2026-07-27T13:45:15Z,F346E7F692C196A7,14.23,queries/Functions/09-03_math/gcd.sql,measured,2,3,5,2,0.030,2429.256,1,1,11997996,11997996,11998031,47991984,0,0,lineitem,16304,208616,0,0,0,0,0
2026-07-27T13:45:15Z,F346E7F692C196A7,14.23,queries/Functions/09-03_math/gcd.sql,measured,2,4,5,2,0.030,2426.533,1,1,11997996,11997996,11998031,47991984,0,0,lineitem,16336,208584,0,0,0,0,0
2026-07-27T13:45:15Z,F346E7F692C196A7,14.23,queries/Functions/09-03_math/gcd.sql,measured,2,5,5,2,0.030,2435.305,1,1,11997996,11997996,11998031,47991984,0,0,lineitem,16304,208616,0,0,0,0,0
2026-07-27T13:45:16Z,F346E7F692C196A7,14.23,queries/Functions/09-03_math/lcm.sql,warmup,1,1,1,2,0.296,1666.336,1,1,11997996,11997996,11998031,95983968,0,0,lineitem,16239,208681,0,0,0,0,0
2026-07-27T13:45:18Z,F346E7F692C196A7,14.23,queries/Functions/09-03_math/lcm.sql,warmup,2,1,1,2,0.187,1668.641,1,1,11997996,11997996,11998031,95983968,0,0,lineitem,16253,208667,0,0,0,0,0
2026-07-27T13:45:26Z,F346E7F692C196A7,14.23,queries/Functions/09-03_math/lcm.sql,measured,1,1,5,2,0.185,1678.142,1,1,11997996,11997996,11998031,95983968,0,0,lineitem,16223,208697,0,0,0,0,0
2026-07-27T13:45:26Z,F346E7F692C196A7,14.23,queries/Functions/09-03_math/lcm.sql,measured,1,2,5,2,0.033,1634.725,1,1,11997996,11997996,11998031,95983968,0,0,lineitem,16224,208696,0,0,0,0,0
2026-07-27T13:45:26Z,F346E7F692C196A7,14.23,queries/Functions/09-03_math/lcm.sql,measured,1,3,5,2,0.033,1640.064,1,1,11997996,11997996,11998031,95983968,0,0,lineitem,16256,208664,0,0,0,0,0
2026-07-27T13:45:26Z,F346E7F692C196A7,14.23,queries/Functions/09-03_math/lcm.sql,measured,1,4,5,2,0.033,1644.555,1,1,11997996,11997996,11998031,95983968,0,0,lineitem,16288,208632,0,0,0,0,0
2026-07-27T13:45:26Z,F346E7F692C196A7,14.23,queries/Functions/09-03_math/lcm.sql,measured,1,5,5,2,0.033,1641.353,1,1,11997996,11997996,11998031,95983968,0,0,lineitem,16298,208622,0,0,0,0,0
2026-07-27T13:45:35Z,F346E7F692C196A7,14.23,queries/Functions/09-03_math/lcm.sql,measured,2,1,5,2,0.282,1661.544,1,1,11997996,11997996,11998031,95983968,0,0,lineitem,16256,208664,0,0,0,0,0
2026-07-27T13:45:35Z,F346E7F692C196A7,14.23,queries/Functions/09-03_math/lcm.sql,measured,2,2,5,2,0.033,1644.508,1,1,11997996,11997996,11998031,95983968,0,0,lineitem,16269,208651,0,0,0,0,0
2026-07-27T13:45:35Z,F346E7F692C196A7,14.23,queries/Functions/09-03_math/lcm.sql,measured,2,3,5,2,0.033,1635.680,1,1,11997996,11997996,11998031,95983968,0,0,lineitem,16301,208619,0,0,0,0,0
2026-07-27T13:45:35Z,F346E7F692C196A7,14.23,queries/Functions/09-03_math/lcm.sql,measured,2,4,5,2,0.033,1639.424,1,1,11997996,11997996,11998031,95983968,0,0,lineitem,16333,208587,0,0,0,0,0
2026-07-27T13:45:35Z,F346E7F692C196A7,14.23,queries/Functions/09-03_math/lcm.sql,measured,2,5,5,2,0.033,1638.697,1,1,11997996,11997996,11998031,95983968,0,0,lineitem,16339,208581,0,0,0,0,0
2026-07-27T13:45:38Z,F346E7F692C196A7,14.23,queries/Functions/09-03_math/ln_float8.sql,warmup,1,1,1,2,0.277,3125.348,1,1,11997996,11997996,11998031,95983968,0,0,lineitem,16273,208647,0,0,0,0,0
2026-07-27T13:45:41Z,F346E7F692C196A7,14.23,queries/Functions/09-03_math/ln_float8.sql,warmup,2,1,1,2,0.178,3120.526,1,1,11997996,11997996,11998031,95983968,0,0,lineitem,16241,208679,0,0,0,0,0
2026-07-27T13:45:57Z,F346E7F692C196A7,14.23,queries/Functions/09-03_math/ln_float8.sql,measured,1,1,5,2,0.165,3112.928,1,1,11997996,11997996,11998031,95983968,0,0,lineitem,16241,208679,0,0,0,0,0
2026-07-27T13:45:57Z,F346E7F692C196A7,14.23,queries/Functions/09-03_math/ln_float8.sql,measured,1,2,5,2,0.030,3081.517,1,1,11997996,11997996,11998031,95983968,0,0,lineitem,16223,208697,0,0,0,0,0
2026-07-27T13:45:57Z,F346E7F692C196A7,14.23,queries/Functions/09-03_math/ln_float8.sql,measured,1,3,5,2,0.030,3079.748,1,1,11997996,11997996,11998031,95983968,0,0,lineitem,16255,208665,0,0,0,0,0
2026-07-27T13:45:57Z,F346E7F692C196A7,14.23,queries/Functions/09-03_math/ln_float8.sql,measured,1,4,5,2,0.029,3090.556,1,1,11997996,11997996,11998031,95983968,0,0,lineitem,16265,208655,0,0,0,0,0
2026-07-27T13:45:57Z,F346E7F692C196A7,14.23,queries/Functions/09-03_math/ln_float8.sql,measured,1,5,5,2,0.030,3094.312,1,1,11997996,11997996,11998031,95983968,0,0,lineitem,16282,208638,0,0,0,0,0
2026-07-27T13:46:12Z,F346E7F692C196A7,14.23,queries/Functions/09-03_math/ln_float8.sql,measured,2,1,5,2,0.300,3129.812,1,1,11997996,11997996,11998031,95983968,0,0,lineitem,16249,208671,0,0,0,0,0
2026-07-27T13:46:12Z,F346E7F692C196A7,14.23,queries/Functions/09-03_math/ln_float8.sql,measured,2,2,5,2,0.030,3092.264,1,1,11997996,11997996,11998031,95983968,0,0,lineitem,16254,208666,0,0,0,0,0
2026-07-27T13:46:12Z,F346E7F692C196A7,14.23,queries/Functions/09-03_math/ln_float8.sql,measured,2,3,5,2,0.037,3090.326,1,1,11997996,11997996,11998031,95983968,0,0,lineitem,16286,208634,0,0,0,0,0
2026-07-27T13:46:12Z,F346E7F692C196A7,14.23,queries/Functions/09-03_math/ln_float8.sql,measured,2,4,5,2,0.031,3096.726,1,1,11997996,11997996,11998031,95983968,0,0,lineitem,16318,208602,0,0,0,0,0
2026-07-27T13:46:12Z,F346E7F692C196A7,14.23,queries/Functions/09-03_math/ln_float8.sql,measured,2,5,5,2,0.029,3093.322,1,1,11997996,11997996,11998031,95983968,0,0,lineitem,16330,208590,0,0,0,0,0
2026-07-27T13:47:12Z,F346E7F692C196A7,14.23,queries/Functions/09-03_math/ln_numeric.sql,warmup,1,1,1,2,0.286,59632.152,1,1,11997996,11997996,11998031,383935872,0,0,lineitem,16143,208777,0,0,0,0,0
2026-07-27T13:48:12Z,F346E7F692C196A7,14.23,queries/Functions/09-03_math/ln_numeric.sql,warmup,2,1,1,2,0.178,59652.323,1,1,11997996,11997996,11998031,383935872,0,0,lineitem,16143,208777,0,0,0,0,0
2026-07-27T13:53:10Z,F346E7F692C196A7,14.23,queries/Functions/09-03_math/ln_numeric.sql,measured,1,1,5,2,0.177,59748.577,1,1,11997996,11997996,11998031,383935872,0,0,lineitem,16143,208777,0,0,0,0,0
2026-07-27T13:53:10Z,F346E7F692C196A7,14.23,queries/Functions/09-03_math/ln_numeric.sql,measured,1,2,5,2,0.030,59695.428,1,1,11997996,11997996,11998031,383935872,0,0,lineitem,16143,208777,0,0,0,0,0
2026-07-27T13:53:10Z,F346E7F692C196A7,14.23,queries/Functions/09-03_math/ln_numeric.sql,measured,1,3,5,2,0.031,59718.844,1,1,11997996,11997996,11998031,383935872,0,0,lineitem,16171,208749,0,0,0,0,0
2026-07-27T13:53:10Z,F346E7F692C196A7,14.23,queries/Functions/09-03_math/ln_numeric.sql,measured,1,4,5,2,0.030,59765.824,1,1,11997996,11997996,11998031,383935872,0,0,lineitem,16171,208749,0,0,0,0,0
2026-07-27T13:53:10Z,F346E7F692C196A7,14.23,queries/Functions/09-03_math/ln_numeric.sql,measured,1,5,5,2,0.030,59757.091,1,1,11997996,11997996,11998031,383935872,0,0,lineitem,16171,208749,0,0,0,0,0
2026-07-27T13:58:09Z,F346E7F692C196A7,14.23,queries/Functions/09-03_math/ln_numeric.sql,measured,2,1,5,2,0.274,59717.768,1,1,11997996,11997996,11998031,383935872,0,0,lineitem,16143,208777,0,0,0,0,0
2026-07-27T13:58:09Z,F346E7F692C196A7,14.23,queries/Functions/09-03_math/ln_numeric.sql,measured,2,2,5,2,0.030,59709.211,1,1,11997996,11997996,11998031,383935872,0,0,lineitem,16143,208777,0,0,0,0,0
2026-07-27T13:58:09Z,F346E7F692C196A7,14.23,queries/Functions/09-03_math/ln_numeric.sql,measured,2,3,5,2,0.030,59697.815,1,1,11997996,11997996,11998031,383935872,0,0,lineitem,16171,208749,0,0,0,0,0
2026-07-27T13:58:09Z,F346E7F692C196A7,14.23,queries/Functions/09-03_math/ln_numeric.sql,measured,2,4,5,2,0.030,59691.418,1,1,11997996,11997996,11998031,383935872,0,0,lineitem,16184,208736,0,0,0,0,0
2026-07-27T13:58:09Z,F346E7F692C196A7,14.23,queries/Functions/09-03_math/ln_numeric.sql,measured,2,5,5,2,0.029,59747.788,1,1,11997996,11997996,11998031,383935872,0,0,lineitem,16186,208734,0,0,0,0,0
2026-07-27T13:58:12Z,F346E7F692C196A7,14.23,queries/Functions/09-03_math/log10_float8.sql,warmup,1,1,1,2,0.386,3230.855,1,1,11997996,11997996,11998031,95983968,0,0,lineitem,16136,208784,0,0,0,0,0
2026-07-27T13:58:15Z,F346E7F692C196A7,14.23,queries/Functions/09-03_math/log10_float8.sql,warmup,2,1,1,2,0.174,3194.664,1,1,11997996,11997996,11998031,95983968,0,0,lineitem,16168,208752,0,0,0,0,0
2026-07-27T13:58:31Z,F346E7F692C196A7,14.23,queries/Functions/09-03_math/log10_float8.sql,measured,1,1,5,2,0.175,3188.126,1,1,11997996,11997996,11998031,95983968,0,0,lineitem,16178,208742,0,0,0,0,0
2026-07-27T13:58:31Z,F346E7F692C196A7,14.23,queries/Functions/09-03_math/log10_float8.sql,measured,1,2,5,2,0.030,3160.280,1,1,11997996,11997996,11998031,95983968,0,0,lineitem,16178,208742,0,0,0,0,0
2026-07-27T13:58:31Z,F346E7F692C196A7,14.23,queries/Functions/09-03_math/log10_float8.sql,measured,1,3,5,2,0.030,3159.902,1,1,11997996,11997996,11998031,95983968,0,0,lineitem,16178,208742,0,0,0,0,0
2026-07-27T13:58:31Z,F346E7F692C196A7,14.23,queries/Functions/09-03_math/log10_float8.sql,measured,1,4,5,2,0.029,3159.163,1,1,11997996,11997996,11998031,95983968,0,0,lineitem,16210,208710,0,0,0,0,0
2026-07-27T13:58:31Z,F346E7F692C196A7,14.23,queries/Functions/09-03_math/log10_float8.sql,measured,1,5,5,2,0.030,3161.619,1,1,11997996,11997996,11998031,95983968,0,0,lineitem,16242,208678,0,0,0,0,0
2026-07-27T13:58:47Z,F346E7F692C196A7,14.23,queries/Functions/09-03_math/log10_float8.sql,measured,2,1,5,2,0.719,3230.631,1,1,11997996,11997996,11998031,95983968,0,0,lineitem,16236,208684,0,0,0,0,0
2026-07-27T13:58:47Z,F346E7F692C196A7,14.23,queries/Functions/09-03_math/log10_float8.sql,measured,2,2,5,2,0.030,3200.553,1,1,11997996,11997996,11998031,95983968,0,0,lineitem,16267,208653,0,0,0,0,0
2026-07-27T13:58:47Z,F346E7F692C196A7,14.23,queries/Functions/09-03_math/log10_float8.sql,measured,2,3,5,2,0.047,3196.973,1,1,11997996,11997996,11998031,95983968,0,0,lineitem,16266,208654,0,0,0,0,0
2026-07-27T13:58:47Z,F346E7F692C196A7,14.23,queries/Functions/09-03_math/log10_float8.sql,measured,2,4,5,2,0.030,3201.001,1,1,11997996,11997996,11998031,95983968,0,0,lineitem,16298,208622,0,0,0,0,0
2026-07-27T13:58:47Z,F346E7F692C196A7,14.23,queries/Functions/09-03_math/log10_float8.sql,measured,2,5,5,2,0.031,3193.937,1,1,11997996,11997996,11998031,95983968,0,0,lineitem,16276,208644,0,0,0,0,0
2026-07-27T14:02:29Z,F346E7F692C196A7,14.23,queries/Functions/09-03_math/log10_numeric.sql,warmup,1,1,1,2,0.325,221084.343,1,1,11997996,11997996,11998031,383935872,0,0,lineitem,16142,208778,0,0,0,0,0
2026-07-27T14:06:10Z,F346E7F692C196A7,14.23,queries/Functions/09-03_math/log10_numeric.sql,warmup,2,1,1,2,0.223,221542.880,1,1,11997996,11997996,11998031,383935872,0,0,lineitem,16142,208778,0,0,0,0,0
2026-07-27T14:24:36Z,F346E7F692C196A7,14.23,queries/Functions/09-03_math/log10_numeric.sql,measured,1,1,5,2,0.213,221093.789,1,1,11997996,11997996,11998031,383935872,0,0,lineitem,16142,208778,0,0,0,0,0
2026-07-27T14:24:36Z,F346E7F692C196A7,14.23,queries/Functions/09-03_math/log10_numeric.sql,measured,1,2,5,2,0.052,221021.117,1,1,11997996,11997996,11998031,383935872,0,0,lineitem,16146,208774,0,0,0,0,0
2026-07-27T14:24:36Z,F346E7F692C196A7,14.23,queries/Functions/09-03_math/log10_numeric.sql,measured,1,3,5,2,0.051,221068.890,1,1,11997996,11997996,11998031,383935872,0,0,lineitem,16168,208752,0,0,0,0,0
2026-07-27T14:24:36Z,F346E7F692C196A7,14.23,queries/Functions/09-03_math/log10_numeric.sql,measured,1,4,5,2,0.051,221114.550,1,1,11997996,11997996,11998031,383935872,0,0,lineitem,16168,208752,0,0,0,0,0
2026-07-27T14:24:36Z,F346E7F692C196A7,14.23,queries/Functions/09-03_math/log10_numeric.sql,measured,1,5,5,2,0.054,221076.927,1,1,11997996,11997996,11998031,383935872,0,0,lineitem,16169,208751,0,0,0,0,0
2026-07-27T14:43:02Z,F346E7F692C196A7,14.23,queries/Functions/09-03_math/log10_numeric.sql,measured,2,1,5,2,0.335,221318.708,1,1,11997996,11997996,11998031,383935872,0,0,lineitem,16142,208778,0,0,0,0,0
2026-07-27T14:43:02Z,F346E7F692C196A7,14.23,queries/Functions/09-03_math/log10_numeric.sql,measured,2,2,5,2,0.051,221090.880,1,1,11997996,11997996,11998031,383935872,0,0,lineitem,16142,208778,0,0,0,0,0
2026-07-27T14:43:02Z,F346E7F692C196A7,14.23,queries/Functions/09-03_math/log10_numeric.sql,measured,2,3,5,2,0.052,221173.794,1,1,11997996,11997996,11998031,383935872,0,0,lineitem,16168,208752,0,0,0,0,0
2026-07-27T14:43:02Z,F346E7F692C196A7,14.23,queries/Functions/09-03_math/log10_numeric.sql,measured,2,4,5,2,0.051,221112.417,1,1,11997996,11997996,11998031,383935872,0,0,lineitem,16181,208739,0,0,0,0,0
2026-07-27T14:43:02Z,F346E7F692C196A7,14.23,queries/Functions/09-03_math/log10_numeric.sql,measured,2,5,5,2,0.052,221100.282,1,1,11997996,11997996,11998031,383935872,0,0,lineitem,16186,208734,0,0,0,0,0
2026-07-27T14:46:23Z,F346E7F692C196A7,14.23,queries/Functions/09-03_math/log_base.sql,warmup,1,1,1,2,0.290,201582.551,1,1,11997996,11997996,11998031,383935872,0,0,lineitem,16142,208778,0,0,0,0,0
2026-07-27T14:49:45Z,F346E7F692C196A7,14.23,queries/Functions/09-03_math/log_base.sql,warmup,2,1,1,2,0.183,201860.147,1,1,11997996,11997996,11998031,383935872,0,0,lineitem,16142,208778,0,0,0,0,0
2026-07-27T15:06:33Z,F346E7F692C196A7,14.23,queries/Functions/09-03_math/log_base.sql,measured,1,1,5,2,0.205,201609.416,1,1,11997996,11997996,11998031,383935872,0,0,lineitem,16142,208778,0,0,0,0,0
2026-07-27T15:06:33Z,F346E7F692C196A7,14.23,queries/Functions/09-03_math/log_base.sql,measured,1,2,5,2,0.030,201575.423,1,1,11997996,11997996,11998031,383935872,0,0,lineitem,16142,208778,0,0,0,0,0
2026-07-27T15:06:33Z,F346E7F692C196A7,14.23,queries/Functions/09-03_math/log_base.sql,measured,1,3,5,2,0.030,201550.898,1,1,11997996,11997996,11998031,383935872,0,0,lineitem,16171,208749,0,0,0,0,0
2026-07-27T15:06:33Z,F346E7F692C196A7,14.23,queries/Functions/09-03_math/log_base.sql,measured,1,4,5,2,0.030,201395.949,1,1,11997996,11997996,11998031,383935872,0,0,lineitem,16171,208749,0,0,0,0,0
2026-07-27T15:06:33Z,F346E7F692C196A7,14.23,queries/Functions/09-03_math/log_base.sql,measured,1,5,5,2,0.047,201398.137,1,1,11997996,11997996,11998031,383935872,0,0,lineitem,16171,208749,0,0,0,0,0
2026-07-27T15:23:20Z,F346E7F692C196A7,14.23,queries/Functions/09-03_math/log_base.sql,measured,2,1,5,2,0.277,201482.049,1,1,11997996,11997996,11998031,383935872,0,0,lineitem,16142,208778,0,0,0,0,0
2026-07-27T15:23:20Z,F346E7F692C196A7,14.23,queries/Functions/09-03_math/log_base.sql,measured,2,2,5,2,0.030,201400.838,1,1,11997996,11997996,11998031,383935872,0,0,lineitem,16142,208778,0,0,0,0,0
2026-07-27T15:23:20Z,F346E7F692C196A7,14.23,queries/Functions/09-03_math/log_base.sql,measured,2,3,5,2,0.030,201475.081,1,1,11997996,11997996,11998031,383935872,0,0,lineitem,16171,208749,0,0,0,0,0
2026-07-27T15:23:20Z,F346E7F692C196A7,14.23,queries/Functions/09-03_math/log_base.sql,measured,2,4,5,2,0.030,201323.120,1,1,11997996,11997996,11998031,383935872,0,0,lineitem,16184,208736,0,0,0,0,0
2026-07-27T15:23:20Z,F346E7F692C196A7,14.23,queries/Functions/09-03_math/log_base.sql,measured,2,5,5,2,0.030,201469.678,1,1,11997996,11997996,11998031,383935872,0,0,lineitem,16186,208734,0,0,0,0,0
2026-07-27T15:23:22Z,F346E7F692C196A7,14.23,queries/Functions/09-03_math/min_scale.sql,warmup,1,1,1,2,0.283,2164.497,1,1,11997996,11997996,11998031,47991984,0,0,lineitem,16144,208776,0,0,0,0,0
2026-07-27T15:23:24Z,F346E7F692C196A7,14.23,queries/Functions/09-03_math/min_scale.sql,warmup,2,1,1,2,0.187,2176.285,1,1,11997996,11997996,11998031,47991984,0,0,lineitem,16144,208776,0,0,0,0,0
2026-07-27T15:23:35Z,F346E7F692C196A7,14.23,queries/Functions/09-03_math/min_scale.sql,measured,1,1,5,2,0.189,2162.262,1,1,11997996,11997996,11998031,47991984,0,0,lineitem,16144,208776,0,0,0,0,0
2026-07-27T15:23:35Z,F346E7F692C196A7,14.23,queries/Functions/09-03_math/min_scale.sql,measured,1,2,5,2,0.030,2135.871,1,1,11997996,11997996,11998031,47991984,0,0,lineitem,16144,208776,0,0,0,0,0
2026-07-27T15:23:35Z,F346E7F692C196A7,14.23,queries/Functions/09-03_math/min_scale.sql,measured,1,3,5,2,0.030,2135.442,1,1,11997996,11997996,11998031,47991984,0,0,lineitem,16170,208750,0,0,0,0,0
2026-07-27T15:23:35Z,F346E7F692C196A7,14.23,queries/Functions/09-03_math/min_scale.sql,measured,1,4,5,2,0.029,2132.476,1,1,11997996,11997996,11998031,47991984,0,0,lineitem,16202,208718,0,0,0,0,0
2026-07-27T15:23:35Z,F346E7F692C196A7,14.23,queries/Functions/09-03_math/min_scale.sql,measured,1,5,5,2,0.030,2131.530,1,1,11997996,11997996,11998031,47991984,0,0,lineitem,16234,208686,0,0,0,0,0
2026-07-27T15:23:46Z,F346E7F692C196A7,14.23,queries/Functions/09-03_math/min_scale.sql,measured,2,1,5,2,0.243,2168.549,1,1,11997996,11997996,11998031,47991984,0,0,lineitem,16266,208654,0,0,0,0,0
2026-07-27T15:23:46Z,F346E7F692C196A7,14.23,queries/Functions/09-03_math/min_scale.sql,measured,2,2,5,2,0.030,2134.330,1,1,11997996,11997996,11998031,47991984,0,0,lineitem,16298,208622,0,0,0,0,0
2026-07-27T15:23:46Z,F346E7F692C196A7,14.23,queries/Functions/09-03_math/min_scale.sql,measured,2,3,5,2,0.030,2132.637,1,1,11997996,11997996,11998031,47991984,0,0,lineitem,16284,208636,0,0,0,0,0
2026-07-27T15:23:46Z,F346E7F692C196A7,14.23,queries/Functions/09-03_math/min_scale.sql,measured,2,4,5,2,0.029,2129.808,1,1,11997996,11997996,11998031,47991984,0,0,lineitem,16291,208629,0,0,0,0,0
2026-07-27T15:23:46Z,F346E7F692C196A7,14.23,queries/Functions/09-03_math/min_scale.sql,measured,2,5,5,2,0.029,2136.172,1,1,11997996,11997996,11998031,47991984,0,0,lineitem,16286,208634,0,0,0,0,0
2026-07-27T15:23:47Z,F346E7F692C196A7,14.23,queries/Functions/09-03_math/mod_fn.sql,warmup,1,1,1,2,0.355,989.115,1,1,11997996,11997996,11998031,47991984,0,0,lineitem,302,18948,0,0,0,0,0
2026-07-27T15:23:48Z,F346E7F692C196A7,14.23,queries/Functions/09-03_math/mod_fn.sql,warmup,2,1,1,2,0.309,993.009,1,1,11997996,11997996,11998031,47991984,0,0,lineitem,309,18941,0,0,0,0,0
2026-07-27T15:23:53Z,F346E7F692C196A7,14.23,queries/Functions/09-03_math/mod_fn.sql,measured,1,1,5,2,0.309,988.722,1,1,11997996,11997996,11998031,47991984,0,0,lineitem,309,18941,0,0,0,0,0
2026-07-27T15:23:53Z,F346E7F692C196A7,14.23,queries/Functions/09-03_math/mod_fn.sql,measured,1,2,5,2,0.039,937.315,1,1,11997996,11997996,11998031,47991984,0,0,lineitem,309,18941,0,0,0,0,0
2026-07-27T15:23:53Z,F346E7F692C196A7,14.23,queries/Functions/09-03_math/mod_fn.sql,measured,1,3,5,2,0.039,936.552,1,1,11997996,11997996,11998031,47991984,0,0,lineitem,309,18941,0,0,0,0,0
2026-07-27T15:23:53Z,F346E7F692C196A7,14.23,queries/Functions/09-03_math/mod_fn.sql,measured,1,4,5,2,0.039,936.724,1,1,11997996,11997996,11998031,47991984,0,0,lineitem,309,18941,0,0,0,0,0
2026-07-27T15:23:53Z,F346E7F692C196A7,14.23,queries/Functions/09-03_math/mod_fn.sql,measured,1,5,5,2,0.056,936.167,1,1,11997996,11997996,11998031,47991984,0,0,lineitem,309,18941,0,0,0,0,0
2026-07-27T15:23:58Z,F346E7F692C196A7,14.23,queries/Functions/09-03_math/mod_fn.sql,measured,2,1,5,2,0.346,990.863,1,1,11997996,11997996,11998031,47991984,0,0,lineitem,309,18941,0,0,0,0,0
2026-07-27T15:23:58Z,F346E7F692C196A7,14.23,queries/Functions/09-03_math/mod_fn.sql,measured,2,2,5,2,0.039,937.384,1,1,11997996,11997996,11998031,47991984,0,0,lineitem,309,18941,0,0,0,0,0
2026-07-27T15:23:58Z,F346E7F692C196A7,14.23,queries/Functions/09-03_math/mod_fn.sql,measured,2,3,5,2,0.041,938.477,1,1,11997996,11997996,11998031,47991984,0,0,lineitem,309,18941,0,0,0,0,0
2026-07-27T15:23:58Z,F346E7F692C196A7,14.23,queries/Functions/09-03_math/mod_fn.sql,measured,2,4,5,2,0.038,936.864,1,1,11997996,11997996,11998031,47991984,0,0,lineitem,309,18941,0,0,0,0,0
2026-07-27T15:23:58Z,F346E7F692C196A7,14.23,queries/Functions/09-03_math/mod_fn.sql,measured,2,5,5,2,0.040,940.004,1,1,11997996,11997996,11998031,47991984,0,0,lineitem,309,18941,0,0,0,0,0
2026-07-27T15:23:59Z,F346E7F692C196A7,14.23,queries/Functions/09-03_math/modulo.sql,warmup,1,1,1,2,0.332,990.673,1,1,11997996,11997996,11998031,47991984,0,0,lineitem,309,18941,0,0,0,0,0
2026-07-27T15:24:00Z,F346E7F692C196A7,14.23,queries/Functions/09-03_math/modulo.sql,warmup,2,1,1,2,0.336,991.342,1,1,11997996,11997996,11998031,47991984,0,0,lineitem,309,18941,0,0,0,0,0
2026-07-27T15:24:05Z,F346E7F692C196A7,14.23,queries/Functions/09-03_math/modulo.sql,measured,1,1,5,2,0.314,989.890,1,1,11997996,11997996,11998031,47991984,0,0,lineitem,309,18941,0,0,0,0,0
2026-07-27T15:24:05Z,F346E7F692C196A7,14.23,queries/Functions/09-03_math/modulo.sql,measured,1,2,5,2,0.038,940.197,1,1,11997996,11997996,11998031,47991984,0,0,lineitem,309,18941,0,0,0,0,0
2026-07-27T15:24:05Z,F346E7F692C196A7,14.23,queries/Functions/09-03_math/modulo.sql,measured,1,3,5,2,0.039,939.878,1,1,11997996,11997996,11998031,47991984,0,0,lineitem,309,18941,0,0,0,0,0
2026-07-27T15:24:05Z,F346E7F692C196A7,14.23,queries/Functions/09-03_math/modulo.sql,measured,1,4,5,2,0.040,936.215,1,1,11997996,11997996,11998031,47991984,0,0,lineitem,309,18941,0,0,0,0,0
2026-07-27T15:24:05Z,F346E7F692C196A7,14.23,queries/Functions/09-03_math/modulo.sql,measured,1,5,5,2,0.038,940.130,1,1,11997996,11997996,11998031,47991984,0,0,lineitem,309,18941,0,0,0,0,0
2026-07-27T15:24:09Z,F346E7F692C196A7,14.23,queries/Functions/09-03_math/modulo.sql,measured,2,1,5,2,0.344,986.625,1,1,11997996,11997996,11998031,47991984,0,0,lineitem,309,18941,0,0,0,0,0
2026-07-27T15:24:09Z,F346E7F692C196A7,14.23,queries/Functions/09-03_math/modulo.sql,measured,2,2,5,2,0.039,941.307,1,1,11997996,11997996,11998031,47991984,0,0,lineitem,309,18941,0,0,0,0,0
2026-07-27T15:24:09Z,F346E7F692C196A7,14.23,queries/Functions/09-03_math/modulo.sql,measured,2,3,5,2,0.039,937.381,1,1,11997996,11997996,11998031,47991984,0,0,lineitem,309,18941,0,0,0,0,0
2026-07-27T15:24:09Z,F346E7F692C196A7,14.23,queries/Functions/09-03_math/modulo.sql,measured,2,4,5,2,0.039,936.592,1,1,11997996,11997996,11998031,47991984,0,0,lineitem,309,18941,0,0,0,0,0
2026-07-27T15:24:09Z,F346E7F692C196A7,14.23,queries/Functions/09-03_math/modulo.sql,measured,2,5,5,2,0.040,936.510,1,1,11997996,11997996,11998031,47991984,0,0,lineitem,309,18941,0,0,0,0,0
2026-07-27T15:24:12Z,F346E7F692C196A7,14.23,queries/Functions/09-03_math/multiply.sql,warmup,1,1,1,2,0.282,3000.520,1,1,11997996,11997996,11998031,383935872,0,0,lineitem,0,224920,0,0,0,0,0
2026-07-27T15:24:16Z,F346E7F692C196A7,14.23,queries/Functions/09-03_math/multiply.sql,warmup,2,1,1,2,0.190,3027.728,1,1,11997996,11997996,11998031,383935872,0,0,lineitem,32,224888,0,0,0,0,0
2026-07-27T15:24:31Z,F346E7F692C196A7,14.23,queries/Functions/09-03_math/multiply.sql,measured,1,1,5,2,0.187,3020.475,1,1,11997996,11997996,11998031,383935872,0,0,lineitem,64,224856,0,0,0,0,0
2026-07-27T15:24:31Z,F346E7F692C196A7,14.23,queries/Functions/09-03_math/multiply.sql,measured,1,2,5,2,0.030,3003.285,1,1,11997996,11997996,11998031,383935872,0,0,lineitem,96,224824,0,0,0,0,0
2026-07-27T15:24:31Z,F346E7F692C196A7,14.23,queries/Functions/09-03_math/multiply.sql,measured,1,3,5,2,0.030,3002.176,1,1,11997996,11997996,11998031,383935872,0,0,lineitem,128,224792,0,0,0,0,0
2026-07-27T15:24:31Z,F346E7F692C196A7,14.23,queries/Functions/09-03_math/multiply.sql,measured,1,4,5,2,0.031,3002.811,1,1,11997996,11997996,11998031,383935872,0,0,lineitem,160,224760,0,0,0,0,0
2026-07-27T15:24:31Z,F346E7F692C196A7,14.23,queries/Functions/09-03_math/multiply.sql,measured,1,5,5,2,0.030,3000.645,1,1,11997996,11997996,11998031,383935872,0,0,lineitem,192,224728,0,0,0,0,0
2026-07-27T15:24:46Z,F346E7F692C196A7,14.23,queries/Functions/09-03_math/multiply.sql,measured,2,1,5,2,0.175,3031.814,1,1,11997996,11997996,11998031,383935872,0,0,lineitem,224,224696,0,0,0,0,0
2026-07-27T15:24:46Z,F346E7F692C196A7,14.23,queries/Functions/09-03_math/multiply.sql,measured,2,2,5,2,0.030,3003.011,1,1,11997996,11997996,11998031,383935872,0,0,lineitem,256,224664,0,0,0,0,0
2026-07-27T15:24:46Z,F346E7F692C196A7,14.23,queries/Functions/09-03_math/multiply.sql,measured,2,3,5,2,0.030,3006.660,1,1,11997996,11997996,11998031,383935872,0,0,lineitem,288,224632,0,0,0,0,0
2026-07-27T15:24:46Z,F346E7F692C196A7,14.23,queries/Functions/09-03_math/multiply.sql,measured,2,4,5,2,0.030,3005.951,1,1,11997996,11997996,11998031,383935872,0,0,lineitem,320,224600,0,0,0,0,0
2026-07-27T15:24:46Z,F346E7F692C196A7,14.23,queries/Functions/09-03_math/multiply.sql,measured,2,5,5,2,0.030,3006.019,1,1,11997996,11997996,11998031,383935872,0,0,lineitem,352,224568,0,0,0,0,0
2026-07-27T15:24:51Z,F346E7F692C196A7,14.23,queries/Functions/09-03_math/multiply_float8.sql,warmup,1,1,1,2,0.176,5066.938,1,1,11997996,11997996,11998031,95983968,0,0,lineitem,384,224536,0,0,0,0,0
2026-07-27T15:24:56Z,F346E7F692C196A7,14.23,queries/Functions/09-03_math/multiply_float8.sql,warmup,2,1,1,2,0.177,5085.646,1,1,11997996,11997996,11998031,95983968,0,0,lineitem,416,224504,0,0,0,0,0
2026-07-27T15:25:21Z,F346E7F692C196A7,14.23,queries/Functions/09-03_math/multiply_float8.sql,measured,1,1,5,2,0.177,5072.389,1,1,11997996,11997996,11998031,95983968,0,0,lineitem,448,224472,0,0,0,0,0
2026-07-27T15:25:21Z,F346E7F692C196A7,14.23,queries/Functions/09-03_math/multiply_float8.sql,measured,1,2,5,2,0.030,5048.933,1,1,11997996,11997996,11998031,95983968,0,0,lineitem,480,224440,0,0,0,0,0
2026-07-27T15:25:21Z,F346E7F692C196A7,14.23,queries/Functions/09-03_math/multiply_float8.sql,measured,1,3,5,2,0.031,5059.968,1,1,11997996,11997996,11998031,95983968,0,0,lineitem,512,224408,0,0,0,0,0
2026-07-27T15:25:21Z,F346E7F692C196A7,14.23,queries/Functions/09-03_math/multiply_float8.sql,measured,1,4,5,2,0.030,5056.012,1,1,11997996,11997996,11998031,95983968,0,0,lineitem,544,224376,0,0,0,0,0
2026-07-27T15:25:21Z,F346E7F692C196A7,14.23,queries/Functions/09-03_math/multiply_float8.sql,measured,1,5,5,2,0.031,5054.734,1,1,11997996,11997996,11998031,95983968,0,0,lineitem,576,224344,0,0,0,0,0
2026-07-27T15:25:47Z,F346E7F692C196A7,14.23,queries/Functions/09-03_math/multiply_float8.sql,measured,2,1,5,2,0.178,5087.492,1,1,11997996,11997996,11998031,95983968,0,0,lineitem,608,224312,0,0,0,0,0
2026-07-27T15:25:47Z,F346E7F692C196A7,14.23,queries/Functions/09-03_math/multiply_float8.sql,measured,2,2,5,2,0.031,5057.135,1,1,11997996,11997996,11998031,95983968,0,0,lineitem,640,224280,0,0,0,0,0
2026-07-27T15:25:47Z,F346E7F692C196A7,14.23,queries/Functions/09-03_math/multiply_float8.sql,measured,2,3,5,2,0.030,5059.610,1,1,11997996,11997996,11998031,95983968,0,0,lineitem,672,224248,0,0,0,0,0
2026-07-27T15:25:47Z,F346E7F692C196A7,14.23,queries/Functions/09-03_math/multiply_float8.sql,measured,2,4,5,2,0.031,5063.427,1,1,11997996,11997996,11998031,95983968,0,0,lineitem,704,224216,0,0,0,0,0
2026-07-27T15:25:47Z,F346E7F692C196A7,14.23,queries/Functions/09-03_math/multiply_float8.sql,measured,2,5,5,2,0.031,5058.042,1,1,11997996,11997996,11998031,95983968,0,0,lineitem,736,224184,0,0,0,0,0
2026-07-27T15:25:50Z,F346E7F692C196A7,14.23,queries/Functions/09-03_math/pi.sql,warmup,1,1,1,2,0.199,3019.927,1,1,11997996,11997996,11998031,95983968,0,0,lineitem,768,224152,0,0,0,0,0
2026-07-27T15:25:53Z,F346E7F692C196A7,14.23,queries/Functions/09-03_math/pi.sql,warmup,2,1,1,2,0.199,3037.531,1,1,11997996,11997996,11998031,95983968,0,0,lineitem,800,224120,0,0,0,0,0
2026-07-27T15:26:08Z,F346E7F692C196A7,14.23,queries/Functions/09-03_math/pi.sql,measured,1,1,5,2,0.183,3016.823,1,1,11997996,11997996,11998031,95983968,0,0,lineitem,832,224088,0,0,0,0,0
2026-07-27T15:26:08Z,F346E7F692C196A7,14.23,queries/Functions/09-03_math/pi.sql,measured,1,2,5,2,0.033,3003.010,1,1,11997996,11997996,11998031,95983968,0,0,lineitem,864,224056,0,0,0,0,0
2026-07-27T15:26:08Z,F346E7F692C196A7,14.23,queries/Functions/09-03_math/pi.sql,measured,1,3,5,2,0.040,3003.056,1,1,11997996,11997996,11998031,95983968,0,0,lineitem,896,224024,0,0,0,0,0
2026-07-27T15:26:08Z,F346E7F692C196A7,14.23,queries/Functions/09-03_math/pi.sql,measured,1,4,5,2,0.033,3001.560,1,1,11997996,11997996,11998031,95983968,0,0,lineitem,928,223992,0,0,0,0,0
2026-07-27T15:26:08Z,F346E7F692C196A7,14.23,queries/Functions/09-03_math/pi.sql,measured,1,5,5,2,0.034,3002.178,1,1,11997996,11997996,11998031,95983968,0,0,lineitem,960,223960,0,0,0,0,0
2026-07-27T15:26:23Z,F346E7F692C196A7,14.23,queries/Functions/09-03_math/pi.sql,measured,2,1,5,2,0.181,3023.840,1,1,11997996,11997996,11998031,95983968,0,0,lineitem,992,223928,0,0,0,0,0
2026-07-27T15:26:23Z,F346E7F692C196A7,14.23,queries/Functions/09-03_math/pi.sql,measured,2,2,5,2,0.034,3016.849,1,1,11997996,11997996,11998031,95983968,0,0,lineitem,1024,223896,0,0,0,0,0
2026-07-27T15:26:23Z,F346E7F692C196A7,14.23,queries/Functions/09-03_math/pi.sql,measured,2,3,5,2,0.033,3015.405,1,1,11997996,11997996,11998031,95983968,0,0,lineitem,1056,223864,0,0,0,0,0
2026-07-27T15:26:23Z,F346E7F692C196A7,14.23,queries/Functions/09-03_math/pi.sql,measured,2,4,5,2,0.034,3014.246,1,1,11997996,11997996,11998031,95983968,0,0,lineitem,1088,223832,0,0,0,0,0
2026-07-27T15:26:23Z,F346E7F692C196A7,14.23,queries/Functions/09-03_math/pi.sql,measured,2,5,5,2,0.032,3014.343,1,1,11997996,11997996,11998031,95983968,0,0,lineitem,1120,223800,0,0,0,0,0
2026-07-27T15:26:27Z,F346E7F692C196A7,14.23,queries/Functions/09-03_math/power_float8.sql,warmup,1,1,1,2,0.183,3399.612,1,1,11997996,11997996,11998031,95983968,0,0,lineitem,1152,223768,0,0,0,0,0
2026-07-27T15:26:30Z,F346E7F692C196A7,14.23,queries/Functions/09-03_math/power_float8.sql,warmup,2,1,1,2,0.182,3400.242,1,1,11997996,11997996,11998031,95983968,0,0,lineitem,1184,223736,0,0,0,0,0
2026-07-27T15:26:47Z,F346E7F692C196A7,14.23,queries/Functions/09-03_math/power_float8.sql,measured,1,1,5,2,0.183,3397.111,1,1,11997996,11997996,11998031,95983968,0,0,lineitem,1216,223704,0,0,0,0,0
2026-07-27T15:26:47Z,F346E7F692C196A7,14.23,queries/Functions/09-03_math/power_float8.sql,measured,1,2,5,2,0.033,3378.614,1,1,11997996,11997996,11998031,95983968,0,0,lineitem,1248,223672,0,0,0,0,0
2026-07-27T15:26:47Z,F346E7F692C196A7,14.23,queries/Functions/09-03_math/power_float8.sql,measured,1,3,5,2,0.034,3379.368,1,1,11997996,11997996,11998031,95983968,0,0,lineitem,1280,223640,0,0,0,0,0
2026-07-27T15:26:47Z,F346E7F692C196A7,14.23,queries/Functions/09-03_math/power_float8.sql,measured,1,4,5,2,0.033,3382.782,1,1,11997996,11997996,11998031,95983968,0,0,lineitem,1312,223608,0,0,0,0,0
2026-07-27T15:26:47Z,F346E7F692C196A7,14.23,queries/Functions/09-03_math/power_float8.sql,measured,1,5,5,2,0.033,3380.629,1,1,11997996,11997996,11998031,95983968,0,0,lineitem,1344,223576,0,0,0,0,0
2026-07-27T15:27:04Z,F346E7F692C196A7,14.23,queries/Functions/09-03_math/power_float8.sql,measured,2,1,5,2,0.182,3412.197,1,1,11997996,11997996,11998031,95983968,0,0,lineitem,1376,223544,0,0,0,0,0
2026-07-27T15:27:04Z,F346E7F692C196A7,14.23,queries/Functions/09-03_math/power_float8.sql,measured,2,2,5,2,0.032,3388.615,1,1,11997996,11997996,11998031,95983968,0,0,lineitem,1408,223512,0,0,0,0,0
2026-07-27T15:27:04Z,F346E7F692C196A7,14.23,queries/Functions/09-03_math/power_float8.sql,measured,2,3,5,2,0.034,3382.162,1,1,11997996,11997996,11998031,95983968,0,0,lineitem,1440,223480,0,0,0,0,0
2026-07-27T15:27:04Z,F346E7F692C196A7,14.23,queries/Functions/09-03_math/power_float8.sql,measured,2,4,5,2,0.033,3385.477,1,1,11997996,11997996,11998031,95983968,0,0,lineitem,1472,223448,0,0,0,0,0
2026-07-27T15:27:04Z,F346E7F692C196A7,14.23,queries/Functions/09-03_math/power_float8.sql,measured,2,5,5,2,0.033,3386.535,1,1,11997996,11997996,11998031,95983968,0,0,lineitem,1504,223416,0,0,0,0,0
2026-07-27T15:27:07Z,F346E7F692C196A7,14.23,queries/Functions/09-03_math/power_numeric.sql,warmup,1,1,1,2,0.201,3121.359,1,1,11997996,11997996,11998031,383935872,0,0,lineitem,1536,223384,0,0,0,0,0
2026-07-27T15:27:11Z,F346E7F692C196A7,14.23,queries/Functions/09-03_math/power_numeric.sql,warmup,2,1,1,2,0.200,3140.386,1,1,11997996,11997996,11998031,383935872,0,0,lineitem,1568,223352,0,0,0,0,0
2026-07-27T15:27:26Z,F346E7F692C196A7,14.23,queries/Functions/09-03_math/power_numeric.sql,measured,1,1,5,2,0.195,3117.863,1,1,11997996,11997996,11998031,383935872,0,0,lineitem,1600,223320,0,0,0,0,0
2026-07-27T15:27:26Z,F346E7F692C196A7,14.23,queries/Functions/09-03_math/power_numeric.sql,measured,1,2,5,2,0.034,3106.873,1,1,11997996,11997996,11998031,383935872,0,0,lineitem,1632,223288,0,0,0,0,0
2026-07-27T15:27:26Z,F346E7F692C196A7,14.23,queries/Functions/09-03_math/power_numeric.sql,measured,1,3,5,2,0.034,3106.534,1,1,11997996,11997996,11998031,383935872,0,0,lineitem,1664,223256,0,0,0,0,0
2026-07-27T15:27:26Z,F346E7F692C196A7,14.23,queries/Functions/09-03_math/power_numeric.sql,measured,1,4,5,2,0.034,3097.668,1,1,11997996,11997996,11998031,383935872,0,0,lineitem,1696,223224,0,0,0,0,0
2026-07-27T15:27:26Z,F346E7F692C196A7,14.23,queries/Functions/09-03_math/power_numeric.sql,measured,1,5,5,2,0.034,3101.675,1,1,11997996,11997996,11998031,383935872,0,0,lineitem,1728,223192,0,0,0,0,0
2026-07-27T15:27:42Z,F346E7F692C196A7,14.23,queries/Functions/09-03_math/power_numeric.sql,measured,2,1,5,2,0.203,3118.840,1,1,11997996,11997996,11998031,383935872,0,0,lineitem,1760,223160,0,0,0,0,0
2026-07-27T15:27:42Z,F346E7F692C196A7,14.23,queries/Functions/09-03_math/power_numeric.sql,measured,2,2,5,2,0.033,3102.107,1,1,11997996,11997996,11998031,383935872,0,0,lineitem,1792,223128,0,0,0,0,0
2026-07-27T15:27:42Z,F346E7F692C196A7,14.23,queries/Functions/09-03_math/power_numeric.sql,measured,2,3,5,2,0.034,3098.381,1,1,11997996,11997996,11998031,383935872,0,0,lineitem,1824,223096,0,0,0,0,0
2026-07-27T15:27:42Z,F346E7F692C196A7,14.23,queries/Functions/09-03_math/power_numeric.sql,measured,2,4,5,2,0.041,3102.592,1,1,11997996,11997996,11998031,383935872,0,0,lineitem,1856,223064,0,0,0,0,0
2026-07-27T15:27:42Z,F346E7F692C196A7,14.23,queries/Functions/09-03_math/power_numeric.sql,measured,2,5,5,2,0.034,3106.038,1,1,11997996,11997996,11998031,383935872,0,0,lineitem,1888,223032,0,0,0,0,0
2026-07-27T15:27:45Z,F346E7F692C196A7,14.23,queries/Functions/09-03_math/radians.sql,warmup,1,1,1,2,0.163,3022.348,1,1,11997996,11997996,11998031,95983968,0,0,lineitem,1920,223000,0,0,0,0,0
2026-07-27T15:27:48Z,F346E7F692C196A7,14.23,queries/Functions/09-03_math/radians.sql,warmup,2,1,1,2,0.163,3017.224,1,1,11997996,11997996,11998031,95983968,0,0,lineitem,1952,222968,0,0,0,0,0
2026-07-27T15:28:03Z,F346E7F692C196A7,14.23,queries/Functions/09-03_math/radians.sql,measured,1,1,5,2,0.168,3027.116,1,1,11997996,11997996,11998031,95983968,0,0,lineitem,1984,222936,0,0,0,0,0
2026-07-27T15:28:03Z,F346E7F692C196A7,14.23,queries/Functions/09-03_math/radians.sql,measured,1,2,5,2,0.030,3008.348,1,1,11997996,11997996,11998031,95983968,0,0,lineitem,2016,222904,0,0,0,0,0
2026-07-27T15:28:03Z,F346E7F692C196A7,14.23,queries/Functions/09-03_math/radians.sql,measured,1,3,5,2,0.030,3001.803,1,1,11997996,11997996,11998031,95983968,0,0,lineitem,2048,222872,0,0,0,0,0
2026-07-27T15:28:03Z,F346E7F692C196A7,14.23,queries/Functions/09-03_math/radians.sql,measured,1,4,5,2,0.029,3008.045,1,1,11997996,11997996,11998031,95983968,0,0,lineitem,2080,222840,0,0,0,0,0
2026-07-27T15:28:03Z,F346E7F692C196A7,14.23,queries/Functions/09-03_math/radians.sql,measured,1,5,5,2,0.029,3014.299,1,1,11997996,11997996,11998031,95983968,0,0,lineitem,2112,222808,0,0,0,0,0
2026-07-27T15:28:18Z,F346E7F692C196A7,14.23,queries/Functions/09-03_math/radians.sql,measured,2,1,5,2,0.165,3022.560,1,1,11997996,11997996,11998031,95983968,0,0,lineitem,2144,222776,0,0,0,0,0
2026-07-27T15:28:18Z,F346E7F692C196A7,14.23,queries/Functions/09-03_math/radians.sql,measured,2,2,5,2,0.030,3000.711,1,1,11997996,11997996,11998031,95983968,0,0,lineitem,2176,222744,0,0,0,0,0
2026-07-27T15:28:18Z,F346E7F692C196A7,14.23,queries/Functions/09-03_math/radians.sql,measured,2,3,5,2,0.048,3003.835,1,1,11997996,11997996,11998031,95983968,0,0,lineitem,2208,222712,0,0,0,0,0
2026-07-27T15:28:18Z,F346E7F692C196A7,14.23,queries/Functions/09-03_math/radians.sql,measured,2,4,5,2,0.030,3003.082,1,1,11997996,11997996,11998031,95983968,0,0,lineitem,2240,222680,0,0,0,0,0
2026-07-27T15:28:18Z,F346E7F692C196A7,14.23,queries/Functions/09-03_math/radians.sql,measured,2,5,5,2,0.030,3002.032,1,1,11997996,11997996,11998031,95983968,0,0,lineitem,2272,222648,0,0,0,0,0
2026-07-27T15:28:19Z,F346E7F692C196A7,14.23,queries/Functions/09-03_math/random.sql,warmup,1,1,1,2,0.243,1038.658,1,1,11997996,11997996,11998031,95983968,0,0,lineitem,309,18941,0,0,0,0,0
2026-07-27T15:28:21Z,F346E7F692C196A7,14.23,queries/Functions/09-03_math/random.sql,warmup,2,1,1,2,0.242,1034.834,1,1,11997996,11997996,11998031,95983968,0,0,lineitem,309,18941,0,0,0,0,0
2026-07-27T15:28:26Z,F346E7F692C196A7,14.23,queries/Functions/09-03_math/random.sql,measured,1,1,5,2,0.244,1035.925,1,1,11997996,11997996,11998031,95983968,0,0,lineitem,309,18941,0,0,0,0,0
2026-07-27T15:28:26Z,F346E7F692C196A7,14.23,queries/Functions/09-03_math/random.sql,measured,1,2,5,2,0.036,977.308,1,1,11997996,11997996,11998031,95983968,0,0,lineitem,309,18941,0,0,0,0,0
2026-07-27T15:28:26Z,F346E7F692C196A7,14.23,queries/Functions/09-03_math/random.sql,measured,1,3,5,2,0.037,976.708,1,1,11997996,11997996,11998031,95983968,0,0,lineitem,309,18941,0,0,0,0,0
2026-07-27T15:28:26Z,F346E7F692C196A7,14.23,queries/Functions/09-03_math/random.sql,measured,1,4,5,2,0.036,977.122,1,1,11997996,11997996,11998031,95983968,0,0,lineitem,309,18941,0,0,0,0,0
2026-07-27T15:28:26Z,F346E7F692C196A7,14.23,queries/Functions/09-03_math/random.sql,measured,1,5,5,2,0.036,978.110,1,1,11997996,11997996,11998031,95983968,0,0,lineitem,309,18941,0,0,0,0,0
2026-07-27T15:28:31Z,F346E7F692C196A7,14.23,queries/Functions/09-03_math/random.sql,measured,2,1,5,2,0.318,1035.715,1,1,11997996,11997996,11998031,95983968,0,0,lineitem,309,18941,0,0,0,0,0
2026-07-27T15:28:31Z,F346E7F692C196A7,14.23,queries/Functions/09-03_math/random.sql,measured,2,2,5,2,0.036,976.969,1,1,11997996,11997996,11998031,95983968,0,0,lineitem,309,18941,0,0,0,0,0
2026-07-27T15:28:31Z,F346E7F692C196A7,14.23,queries/Functions/09-03_math/random.sql,measured,2,3,5,2,0.037,974.909,1,1,11997996,11997996,11998031,95983968,0,0,lineitem,309,18941,0,0,0,0,0
2026-07-27T15:28:31Z,F346E7F692C196A7,14.23,queries/Functions/09-03_math/random.sql,measured,2,4,5,2,0.055,976.022,1,1,11997996,11997996,11998031,95983968,0,0,lineitem,309,18941,0,0,0,0,0
2026-07-27T15:28:31Z,F346E7F692C196A7,14.23,queries/Functions/09-03_math/random.sql,measured,2,5,5,2,0.036,976.652,1,1,11997996,11997996,11998031,95983968,0,0,lineitem,309,18941,0,0,0,0,0
2026-07-27T15:28:35Z,F346E7F692C196A7,14.23,queries/Functions/09-03_math/round.sql,warmup,1,1,1,2,0.309,4263.856,1,1,11997996,11997996,11998031,383935872,0,0,lineitem,0,224920,0,0,0,0,0
2026-07-27T15:28:39Z,F346E7F692C196A7,14.23,queries/Functions/09-03_math/round.sql,warmup,2,1,1,2,0.232,4267.152,1,1,11997996,11997996,11998031,383935872,0,0,lineitem,32,224888,0,0,0,0,0
2026-07-27T15:29:01Z,F346E7F692C196A7,14.23,queries/Functions/09-03_math/round.sql,measured,1,1,5,2,0.220,4270.171,1,1,11997996,11997996,11998031,383935872,0,0,lineitem,64,224856,0,0,0,0,0
2026-07-27T15:29:01Z,F346E7F692C196A7,14.23,queries/Functions/09-03_math/round.sql,measured,1,2,5,2,0.051,4247.148,1,1,11997996,11997996,11998031,383935872,0,0,lineitem,96,224824,0,0,0,0,0
2026-07-27T15:29:01Z,F346E7F692C196A7,14.23,queries/Functions/09-03_math/round.sql,measured,1,3,5,2,0.069,4250.415,1,1,11997996,11997996,11998031,383935872,0,0,lineitem,128,224792,0,0,0,0,0
2026-07-27T15:29:01Z,F346E7F692C196A7,14.23,queries/Functions/09-03_math/round.sql,measured,1,4,5,2,0.051,4257.182,1,1,11997996,11997996,11998031,383935872,0,0,lineitem,160,224760,0,0,0,0,0
2026-07-27T15:29:01Z,F346E7F692C196A7,14.23,queries/Functions/09-03_math/round.sql,measured,1,5,5,2,0.052,4267.054,1,1,11997996,11997996,11998031,383935872,0,0,lineitem,192,224728,0,0,0,0,0
2026-07-27T15:29:22Z,F346E7F692C196A7,14.23,queries/Functions/09-03_math/round.sql,measured,2,1,5,2,0.212,4269.561,1,1,11997996,11997996,11998031,383935872,0,0,lineitem,224,224696,0,0,0,0,0
2026-07-27T15:29:22Z,F346E7F692C196A7,14.23,queries/Functions/09-03_math/round.sql,measured,2,2,5,2,0.050,4249.379,1,1,11997996,11997996,11998031,383935872,0,0,lineitem,256,224664,0,0,0,0,0
2026-07-27T15:29:22Z,F346E7F692C196A7,14.23,queries/Functions/09-03_math/round.sql,measured,2,3,5,2,0.050,4246.348,1,1,11997996,11997996,11998031,383935872,0,0,lineitem,288,224632,0,0,0,0,0
2026-07-27T15:29:22Z,F346E7F692C196A7,14.23,queries/Functions/09-03_math/round.sql,measured,2,4,5,2,0.050,4260.490,1,1,11997996,11997996,11998031,383935872,0,0,lineitem,320,224600,0,0,0,0,0
2026-07-27T15:29:22Z,F346E7F692C196A7,14.23,queries/Functions/09-03_math/round.sql,measured,2,5,5,2,0.049,4256.080,1,1,11997996,11997996,11998031,383935872,0,0,lineitem,352,224568,0,0,0,0,0
2026-07-27T15:29:26Z,F346E7F692C196A7,14.23,queries/Functions/09-03_math/round_scale.sql,warmup,1,1,1,2,0.210,4284.694,1,1,11997996,11997996,11998031,383935872,0,0,lineitem,384,224536,0,0,0,0,0
2026-07-27T15:29:31Z,F346E7F692C196A7,14.23,queries/Functions/09-03_math/round_scale.sql,warmup,2,1,1,2,0.201,4283.258,1,1,11997996,11997996,11998031,383935872,0,0,lineitem,416,224504,0,0,0,0,0
2026-07-27T15:29:52Z,F346E7F692C196A7,14.23,queries/Functions/09-03_math/round_scale.sql,measured,1,1,5,2,0.200,4287.667,1,1,11997996,11997996,11998031,383935872,0,0,lineitem,448,224472,0,0,0,0,0
2026-07-27T15:29:52Z,F346E7F692C196A7,14.23,queries/Functions/09-03_math/round_scale.sql,measured,1,2,5,2,0.034,4266.681,1,1,11997996,11997996,11998031,383935872,0,0,lineitem,480,224440,0,0,0,0,0
2026-07-27T15:29:52Z,F346E7F692C196A7,14.23,queries/Functions/09-03_math/round_scale.sql,measured,1,3,5,2,0.034,4269.158,1,1,11997996,11997996,11998031,383935872,0,0,lineitem,512,224408,0,0,0,0,0
2026-07-27T15:29:52Z,F346E7F692C196A7,14.23,queries/Functions/09-03_math/round_scale.sql,measured,1,4,5,2,0.053,4274.532,1,1,11997996,11997996,11998031,383935872,0,0,lineitem,544,224376,0,0,0,0,0
2026-07-27T15:29:52Z,F346E7F692C196A7,14.23,queries/Functions/09-03_math/round_scale.sql,measured,1,5,5,2,0.048,4280.839,1,1,11997996,11997996,11998031,383935872,0,0,lineitem,576,224344,0,0,0,0,0
2026-07-27T15:30:14Z,F346E7F692C196A7,14.23,queries/Functions/09-03_math/round_scale.sql,measured,2,1,5,2,0.202,4289.236,1,1,11997996,11997996,11998031,383935872,0,0,lineitem,608,224312,0,0,0,0,0
2026-07-27T15:30:14Z,F346E7F692C196A7,14.23,queries/Functions/09-03_math/round_scale.sql,measured,2,2,5,2,0.043,4281.855,1,1,11997996,11997996,11998031,383935872,0,0,lineitem,640,224280,0,0,0,0,0
2026-07-27T15:30:14Z,F346E7F692C196A7,14.23,queries/Functions/09-03_math/round_scale.sql,measured,2,3,5,2,0.034,4268.859,1,1,11997996,11997996,11998031,383935872,0,0,lineitem,672,224248,0,0,0,0,0
2026-07-27T15:30:14Z,F346E7F692C196A7,14.23,queries/Functions/09-03_math/round_scale.sql,measured,2,4,5,2,0.034,4266.902,1,1,11997996,11997996,11998031,383935872,0,0,lineitem,704,224216,0,0,0,0,0
2026-07-27T15:30:14Z,F346E7F692C196A7,14.23,queries/Functions/09-03_math/round_scale.sql,measured,2,5,5,2,0.038,4266.566,1,1,11997996,11997996,11998031,383935872,0,0,lineitem,736,224184,0,0,0,0,0
2026-07-27T15:30:16Z,F346E7F692C196A7,14.23,queries/Functions/09-03_math/scale.sql,warmup,1,1,1,2,0.158,2001.407,1,1,11997996,11997996,11998031,47991984,0,0,lineitem,768,224152,0,0,0,0,0
2026-07-27T15:30:18Z,F346E7F692C196A7,14.23,queries/Functions/09-03_math/scale.sql,warmup,2,1,1,2,0.160,1999.783,1,1,11997996,11997996,11998031,47991984,0,0,lineitem,800,224120,0,0,0,0,0
2026-07-27T15:30:28Z,F346E7F692C196A7,14.23,queries/Functions/09-03_math/scale.sql,measured,1,1,5,2,0.160,2010.474,1,1,11997996,11997996,11998031,47991984,0,0,lineitem,832,224088,0,0,0,0,0
2026-07-27T15:30:28Z,F346E7F692C196A7,14.23,queries/Functions/09-03_math/scale.sql,measured,1,2,5,2,0.030,1990.457,1,1,11997996,11997996,11998031,47991984,0,0,lineitem,864,224056,0,0,0,0,0
2026-07-27T15:30:28Z,F346E7F692C196A7,14.23,queries/Functions/09-03_math/scale.sql,measured,1,3,5,2,0.030,1983.839,1,1,11997996,11997996,11998031,47991984,0,0,lineitem,896,224024,0,0,0,0,0
2026-07-27T15:30:28Z,F346E7F692C196A7,14.23,queries/Functions/09-03_math/scale.sql,measured,1,4,5,2,0.029,1981.664,1,1,11997996,11997996,11998031,47991984,0,0,lineitem,928,223992,0,0,0,0,0
2026-07-27T15:30:28Z,F346E7F692C196A7,14.23,queries/Functions/09-03_math/scale.sql,measured,1,5,5,2,0.029,1981.875,1,1,11997996,11997996,11998031,47991984,0,0,lineitem,960,223960,0,0,0,0,0
2026-07-27T15:30:38Z,F346E7F692C196A7,14.23,queries/Functions/09-03_math/scale.sql,measured,2,1,5,2,0.168,1993.021,1,1,11997996,11997996,11998031,47991984,0,0,lineitem,992,223928,0,0,0,0,0
2026-07-27T15:30:38Z,F346E7F692C196A7,14.23,queries/Functions/09-03_math/scale.sql,measured,2,2,5,2,0.030,1976.249,1,1,11997996,11997996,11998031,47991984,0,0,lineitem,1024,223896,0,0,0,0,0
2026-07-27T15:30:38Z,F346E7F692C196A7,14.23,queries/Functions/09-03_math/scale.sql,measured,2,3,5,2,0.030,1975.197,1,1,11997996,11997996,11998031,47991984,0,0,lineitem,1056,223864,0,0,0,0,0
2026-07-27T15:30:38Z,F346E7F692C196A7,14.23,queries/Functions/09-03_math/scale.sql,measured,2,4,5,2,0.029,1974.190,1,1,11997996,11997996,11998031,47991984,0,0,lineitem,1088,223832,0,0,0,0,0
2026-07-27T15:30:38Z,F346E7F692C196A7,14.23,queries/Functions/09-03_math/scale.sql,measured,2,5,5,2,0.029,1975.762,1,1,11997996,11997996,11998031,47991984,0,0,lineitem,1120,223800,0,0,0,0,0
2026-07-27T15:30:41Z,F346E7F692C196A7,14.23,queries/Functions/09-03_math/sign.sql,warmup,1,1,1,2,0.194,2800.556,1,1,11997996,11997996,11998031,383935872,0,0,lineitem,1152,223768,0,0,0,0,0
2026-07-27T15:30:44Z,F346E7F692C196A7,14.23,queries/Functions/09-03_math/sign.sql,warmup,2,1,1,2,0.187,2791.064,1,1,11997996,11997996,11998031,383935872,0,0,lineitem,1184,223736,0,0,0,0,0
2026-07-27T15:30:58Z,F346E7F692C196A7,14.23,queries/Functions/09-03_math/sign.sql,measured,1,1,5,2,0.204,2800.509,1,1,11997996,11997996,11998031,383935872,0,0,lineitem,1216,223704,0,0,0,0,0
2026-07-27T15:30:58Z,F346E7F692C196A7,14.23,queries/Functions/09-03_math/sign.sql,measured,1,2,5,2,0.046,2776.810,1,1,11997996,11997996,11998031,383935872,0,0,lineitem,1248,223672,0,0,0,0,0
2026-07-27T15:30:58Z,F346E7F692C196A7,14.23,queries/Functions/09-03_math/sign.sql,measured,1,3,5,2,0.034,2773.113,1,1,11997996,11997996,11998031,383935872,0,0,lineitem,1280,223640,0,0,0,0,0
2026-07-27T15:30:58Z,F346E7F692C196A7,14.23,queries/Functions/09-03_math/sign.sql,measured,1,4,5,2,0.034,2775.575,1,1,11997996,11997996,11998031,383935872,0,0,lineitem,1312,223608,0,0,0,0,0
2026-07-27T15:30:58Z,F346E7F692C196A7,14.23,queries/Functions/09-03_math/sign.sql,measured,1,5,5,2,0.034,2775.935,1,1,11997996,11997996,11998031,383935872,0,0,lineitem,1344,223576,0,0,0,0,0
2026-07-27T15:31:11Z,F346E7F692C196A7,14.23,queries/Functions/09-03_math/sign.sql,measured,2,1,5,2,0.184,2789.931,1,1,11997996,11997996,11998031,383935872,0,0,lineitem,1376,223544,0,0,0,0,0
2026-07-27T15:31:11Z,F346E7F692C196A7,14.23,queries/Functions/09-03_math/sign.sql,measured,2,2,5,2,0.034,2778.823,1,1,11997996,11997996,11998031,383935872,0,0,lineitem,1408,223512,0,0,0,0,0
2026-07-27T15:31:11Z,F346E7F692C196A7,14.23,queries/Functions/09-03_math/sign.sql,measured,2,3,5,2,0.051,2775.759,1,1,11997996,11997996,11998031,383935872,0,0,lineitem,1440,223480,0,0,0,0,0
2026-07-27T15:31:11Z,F346E7F692C196A7,14.23,queries/Functions/09-03_math/sign.sql,measured,2,4,5,2,0.034,2768.519,1,1,11997996,11997996,11998031,383935872,0,0,lineitem,1472,223448,0,0,0,0,0
2026-07-27T15:31:11Z,F346E7F692C196A7,14.23,queries/Functions/09-03_math/sign.sql,measured,2,5,5,2,0.052,2767.365,1,1,11997996,11997996,11998031,383935872,0,0,lineitem,1504,223416,0,0,0,0,0
2026-07-27T15:31:15Z,F346E7F692C196A7,14.23,queries/Functions/09-03_math/sin.sql,warmup,1,1,1,2,0.171,3698.210,1,1,11997996,11997996,11998031,95983968,0,0,lineitem,1536,223384,0,0,0,0,0
2026-07-27T15:31:19Z,F346E7F692C196A7,14.23,queries/Functions/09-03_math/sin.sql,warmup,2,1,1,2,0.162,3693.106,1,1,11997996,11997996,11998031,95983968,0,0,lineitem,1568,223352,0,0,0,0,0
2026-07-27T15:31:37Z,F346E7F692C196A7,14.23,queries/Functions/09-03_math/sin.sql,measured,1,1,5,2,0.164,3698.023,1,1,11997996,11997996,11998031,95983968,0,0,lineitem,1600,223320,0,0,0,0,0
2026-07-27T15:31:37Z,F346E7F692C196A7,14.23,queries/Functions/09-03_math/sin.sql,measured,1,2,5,2,0.030,3677.999,1,1,11997996,11997996,11998031,95983968,0,0,lineitem,1632,223288,0,0,0,0,0
2026-07-27T15:31:37Z,F346E7F692C196A7,14.23,queries/Functions/09-03_math/sin.sql,measured,1,3,5,2,0.030,3675.111,1,1,11997996,11997996,11998031,95983968,0,0,lineitem,1664,223256,0,0,0,0,0
2026-07-27T15:31:37Z,F346E7F692C196A7,14.23,queries/Functions/09-03_math/sin.sql,measured,1,4,5,2,0.030,3670.885,1,1,11997996,11997996,11998031,95983968,0,0,lineitem,1696,223224,0,0,0,0,0
2026-07-27T15:31:37Z,F346E7F692C196A7,14.23,queries/Functions/09-03_math/sin.sql,measured,1,5,5,2,0.030,3670.514,1,1,11997996,11997996,11998031,95983968,0,0,lineitem,1728,223192,0,0,0,0,0
2026-07-27T15:31:56Z,F346E7F692C196A7,14.23,queries/Functions/09-03_math/sin.sql,measured,2,1,5,2,0.169,3697.133,1,1,11997996,11997996,11998031,95983968,0,0,lineitem,1760,223160,0,0,0,0,0
2026-07-27T15:31:56Z,F346E7F692C196A7,14.23,queries/Functions/09-03_math/sin.sql,measured,2,2,5,2,0.030,3670.578,1,1,11997996,11997996,11998031,95983968,0,0,lineitem,1792,223128,0,0,0,0,0
2026-07-27T15:31:56Z,F346E7F692C196A7,14.23,queries/Functions/09-03_math/sin.sql,measured,2,3,5,2,0.030,3669.899,1,1,11997996,11997996,11998031,95983968,0,0,lineitem,1824,223096,0,0,0,0,0
2026-07-27T15:31:56Z,F346E7F692C196A7,14.23,queries/Functions/09-03_math/sin.sql,measured,2,4,5,2,0.030,3692.762,1,1,11997996,11997996,11998031,95983968,0,0,lineitem,1856,223064,0,0,0,0,0
2026-07-27T15:31:56Z,F346E7F692C196A7,14.23,queries/Functions/09-03_math/sin.sql,measured,2,5,5,2,0.029,3678.642,1,1,11997996,11997996,11998031,95983968,0,0,lineitem,1888,223032,0,0,0,0,0
2026-07-27T15:32:00Z,F346E7F692C196A7,14.23,queries/Functions/09-03_math/sinh.sql,warmup,1,1,1,2,0.162,3855.744,1,1,11997996,11997996,11998031,95983968,0,0,lineitem,1920,223000,0,0,0,0,0
2026-07-27T15:32:04Z,F346E7F692C196A7,14.23,queries/Functions/09-03_math/sinh.sql,warmup,2,1,1,2,0.164,3858.346,1,1,11997996,11997996,11998031,95983968,0,0,lineitem,1952,222968,0,0,0,0,0
2026-07-27T15:32:23Z,F346E7F692C196A7,14.23,queries/Functions/09-03_math/sinh.sql,measured,1,1,5,2,0.173,3853.704,1,1,11997996,11997996,11998031,95983968,0,0,lineitem,1984,222936,0,0,0,0,0
2026-07-27T15:32:23Z,F346E7F692C196A7,14.23,queries/Functions/09-03_math/sinh.sql,measured,1,2,5,2,0.030,3836.823,1,1,11997996,11997996,11998031,95983968,0,0,lineitem,2016,222904,0,0,0,0,0
2026-07-27T15:32:23Z,F346E7F692C196A7,14.23,queries/Functions/09-03_math/sinh.sql,measured,1,3,5,2,0.030,3835.181,1,1,11997996,11997996,11998031,95983968,0,0,lineitem,2048,222872,0,0,0,0,0
2026-07-27T15:32:23Z,F346E7F692C196A7,14.23,queries/Functions/09-03_math/sinh.sql,measured,1,4,5,2,0.040,3844.068,1,1,11997996,11997996,11998031,95983968,0,0,lineitem,2080,222840,0,0,0,0,0
2026-07-27T15:32:23Z,F346E7F692C196A7,14.23,queries/Functions/09-03_math/sinh.sql,measured,1,5,5,2,0.048,3836.264,1,1,11997996,11997996,11998031,95983968,0,0,lineitem,2112,222808,0,0,0,0,0
2026-07-27T15:32:42Z,F346E7F692C196A7,14.23,queries/Functions/09-03_math/sinh.sql,measured,2,1,5,2,0.180,3857.691,1,1,11997996,11997996,11998031,95983968,0,0,lineitem,2144,222776,0,0,0,0,0
2026-07-27T15:32:42Z,F346E7F692C196A7,14.23,queries/Functions/09-03_math/sinh.sql,measured,2,2,5,2,0.030,3840.378,1,1,11997996,11997996,11998031,95983968,0,0,lineitem,2176,222744,0,0,0,0,0
2026-07-27T15:32:42Z,F346E7F692C196A7,14.23,queries/Functions/09-03_math/sinh.sql,measured,2,3,5,2,0.030,3831.951,1,1,11997996,11997996,11998031,95983968,0,0,lineitem,2208,222712,0,0,0,0,0
2026-07-27T15:32:42Z,F346E7F692C196A7,14.23,queries/Functions/09-03_math/sinh.sql,measured,2,4,5,2,0.030,3836.499,1,1,11997996,11997996,11998031,95983968,0,0,lineitem,2240,222680,0,0,0,0,0
2026-07-27T15:32:42Z,F346E7F692C196A7,14.23,queries/Functions/09-03_math/sinh.sql,measured,2,5,5,2,0.030,3833.550,1,1,11997996,11997996,11998031,95983968,0,0,lineitem,2272,222648,0,0,0,0,0
2026-07-27T15:32:46Z,F346E7F692C196A7,14.23,queries/Functions/09-03_math/sqrt_float8.sql,warmup,1,1,1,2,0.181,4123.626,1,1,11997996,11997996,11998031,95983968,0,0,lineitem,2304,222616,0,0,0,0,0
2026-07-27T15:32:51Z,F346E7F692C196A7,14.23,queries/Functions/09-03_math/sqrt_float8.sql,warmup,2,1,1,2,0.163,4113.423,1,1,11997996,11997996,11998031,95983968,0,0,lineitem,2336,222584,0,0,0,0,0
2026-07-27T15:33:11Z,F346E7F692C196A7,14.23,queries/Functions/09-03_math/sqrt_float8.sql,measured,1,1,5,2,0.186,4115.811,1,1,11997996,11997996,11998031,95983968,0,0,lineitem,2368,222552,0,0,0,0,0
2026-07-27T15:33:11Z,F346E7F692C196A7,14.23,queries/Functions/09-03_math/sqrt_float8.sql,measured,1,2,5,2,0.030,4100.559,1,1,11997996,11997996,11998031,95983968,0,0,lineitem,2400,222520,0,0,0,0,0
2026-07-27T15:33:11Z,F346E7F692C196A7,14.23,queries/Functions/09-03_math/sqrt_float8.sql,measured,1,3,5,2,0.030,4087.364,1,1,11997996,11997996,11998031,95983968,0,0,lineitem,2432,222488,0,0,0,0,0
2026-07-27T15:33:11Z,F346E7F692C196A7,14.23,queries/Functions/09-03_math/sqrt_float8.sql,measured,1,4,5,2,0.030,4100.345,1,1,11997996,11997996,11998031,95983968,0,0,lineitem,2464,222456,0,0,0,0,0
2026-07-27T15:33:11Z,F346E7F692C196A7,14.23,queries/Functions/09-03_math/sqrt_float8.sql,measured,1,5,5,2,0.030,4087.524,1,1,11997996,11997996,11998031,95983968,0,0,lineitem,2496,222424,0,0,0,0,0
2026-07-27T15:33:32Z,F346E7F692C196A7,14.23,queries/Functions/09-03_math/sqrt_float8.sql,measured,2,1,5,2,0.172,4116.946,1,1,11997996,11997996,11998031,95983968,0,0,lineitem,2528,222392,0,0,0,0,0
2026-07-27T15:33:32Z,F346E7F692C196A7,14.23,queries/Functions/09-03_math/sqrt_float8.sql,measured,2,2,5,2,0.029,4095.498,1,1,11997996,11997996,11998031,95983968,0,0,lineitem,2560,222360,0,0,0,0,0
2026-07-27T15:33:32Z,F346E7F692C196A7,14.23,queries/Functions/09-03_math/sqrt_float8.sql,measured,2,3,5,2,0.030,4097.065,1,1,11997996,11997996,11998031,95983968,0,0,lineitem,2592,222328,0,0,0,0,0
2026-07-27T15:33:32Z,F346E7F692C196A7,14.23,queries/Functions/09-03_math/sqrt_float8.sql,measured,2,4,5,2,0.030,4097.960,1,1,11997996,11997996,11998031,95983968,0,0,lineitem,2624,222296,0,0,0,0,0
2026-07-27T15:33:32Z,F346E7F692C196A7,14.23,queries/Functions/09-03_math/sqrt_float8.sql,measured,2,5,5,2,0.030,4091.245,1,1,11997996,11997996,11998031,95983968,0,0,lineitem,2656,222264,0,0,0,0,0
2026-07-27T15:33:36Z,F346E7F692C196A7,14.23,queries/Functions/09-03_math/sqrt_numeric.sql,warmup,1,1,1,2,0.177,4488.814,1,1,11997996,11997996,11998031,383935872,0,0,lineitem,2688,222232,0,0,0,0,0
2026-07-27T15:33:41Z,F346E7F692C196A7,14.23,queries/Functions/09-03_math/sqrt_numeric.sql,warmup,2,1,1,2,0.179,4501.303,1,1,11997996,11997996,11998031,383935872,0,0,lineitem,2720,222200,0,0,0,0,0
2026-07-27T15:34:03Z,F346E7F692C196A7,14.23,queries/Functions/09-03_math/sqrt_numeric.sql,measured,1,1,5,2,0.166,4508.024,1,1,11997996,11997996,11998031,383935872,0,0,lineitem,2752,222168,0,0,0,0,0
2026-07-27T15:34:03Z,F346E7F692C196A7,14.23,queries/Functions/09-03_math/sqrt_numeric.sql,measured,1,2,5,2,0.030,4409.036,1,1,11997996,11997996,11998031,383935872,0,0,lineitem,2784,222136,0,0,0,0,0
2026-07-27T15:34:03Z,F346E7F692C196A7,14.23,queries/Functions/09-03_math/sqrt_numeric.sql,measured,1,3,5,2,0.030,4484.951,1,1,11997996,11997996,11998031,383935872,0,0,lineitem,2816,222104,0,0,0,0,0
2026-07-27T15:34:03Z,F346E7F692C196A7,14.23,queries/Functions/09-03_math/sqrt_numeric.sql,measured,1,4,5,2,0.037,4409.709,1,1,11997996,11997996,11998031,383935872,0,0,lineitem,2848,222072,0,0,0,0,0
2026-07-27T15:34:03Z,F346E7F692C196A7,14.23,queries/Functions/09-03_math/sqrt_numeric.sql,measured,1,5,5,2,0.030,4481.330,1,1,11997996,11997996,11998031,383935872,0,0,lineitem,2880,222040,0,0,0,0,0
2026-07-27T15:34:26Z,F346E7F692C196A7,14.23,queries/Functions/09-03_math/sqrt_numeric.sql,measured,2,1,5,2,0.176,4506.789,1,1,11997996,11997996,11998031,383935872,0,0,lineitem,2912,222008,0,0,0,0,0
2026-07-27T15:34:26Z,F346E7F692C196A7,14.23,queries/Functions/09-03_math/sqrt_numeric.sql,measured,2,2,5,2,0.029,4410.592,1,1,11997996,11997996,11998031,383935872,0,0,lineitem,2944,221976,0,0,0,0,0
2026-07-27T15:34:26Z,F346E7F692C196A7,14.23,queries/Functions/09-03_math/sqrt_numeric.sql,measured,2,3,5,2,0.030,4485.618,1,1,11997996,11997996,11998031,383935872,0,0,lineitem,2976,221944,0,0,0,0,0
2026-07-27T15:34:26Z,F346E7F692C196A7,14.23,queries/Functions/09-03_math/sqrt_numeric.sql,measured,2,4,5,2,0.030,4454.504,1,1,11997996,11997996,11998031,383935872,0,0,lineitem,3008,221912,0,0,0,0,0
2026-07-27T15:34:26Z,F346E7F692C196A7,14.23,queries/Functions/09-03_math/sqrt_numeric.sql,measured,2,5,5,2,0.029,4455.951,1,1,11997996,11997996,11998031,383935872,0,0,lineitem,3040,221880,0,0,0,0,0
2026-07-27T15:34:29Z,F346E7F692C196A7,14.23,queries/Functions/09-03_math/subtract.sql,warmup,1,1,1,2,0.205,2824.734,1,1,11997996,11997996,11998031,383935872,0,0,lineitem,3072,221848,0,0,0,0,0
2026-07-27T15:34:31Z,F346E7F692C196A7,14.23,queries/Functions/09-03_math/subtract.sql,warmup,2,1,1,2,0.181,2823.381,1,1,11997996,11997996,11998031,383935872,0,0,lineitem,3104,221816,0,0,0,0,0
2026-07-27T15:34:46Z,F346E7F692C196A7,14.23,queries/Functions/09-03_math/subtract.sql,measured,1,1,5,2,0.198,2827.204,1,1,11997996,11997996,11998031,383935872,0,0,lineitem,3136,221784,0,0,0,0,0
2026-07-27T15:34:46Z,F346E7F692C196A7,14.23,queries/Functions/09-03_math/subtract.sql,measured,1,2,5,2,0.030,2802.525,1,1,11997996,11997996,11998031,383935872,0,0,lineitem,3168,221752,0,0,0,0,0
2026-07-27T15:34:46Z,F346E7F692C196A7,14.23,queries/Functions/09-03_math/subtract.sql,measured,1,3,5,2,0.031,2803.639,1,1,11997996,11997996,11998031,383935872,0,0,lineitem,3200,221720,0,0,0,0,0
2026-07-27T15:34:46Z,F346E7F692C196A7,14.23,queries/Functions/09-03_math/subtract.sql,measured,1,4,5,2,0.031,2810.106,1,1,11997996,11997996,11998031,383935872,0,0,lineitem,3232,221688,0,0,0,0,0
2026-07-27T15:34:46Z,F346E7F692C196A7,14.23,queries/Functions/09-03_math/subtract.sql,measured,1,5,5,2,0.030,2812.053,1,1,11997996,11997996,11998031,383935872,0,0,lineitem,3264,221656,0,0,0,0,0
2026-07-27T15:35:00Z,F346E7F692C196A7,14.23,queries/Functions/09-03_math/subtract.sql,measured,2,1,5,2,0.181,2826.375,1,1,11997996,11997996,11998031,383935872,0,0,lineitem,3296,221624,0,0,0,0,0
2026-07-27T15:35:00Z,F346E7F692C196A7,14.23,queries/Functions/09-03_math/subtract.sql,measured,2,2,5,2,0.031,2809.543,1,1,11997996,11997996,11998031,383935872,0,0,lineitem,3328,221592,0,0,0,0,0
2026-07-27T15:35:00Z,F346E7F692C196A7,14.23,queries/Functions/09-03_math/subtract.sql,measured,2,3,5,2,0.049,2801.143,1,1,11997996,11997996,11998031,383935872,0,0,lineitem,3360,221560,0,0,0,0,0
2026-07-27T15:35:00Z,F346E7F692C196A7,14.23,queries/Functions/09-03_math/subtract.sql,measured,2,4,5,2,0.030,2800.956,1,1,11997996,11997996,11998031,383935872,0,0,lineitem,3392,221528,0,0,0,0,0
2026-07-27T15:35:00Z,F346E7F692C196A7,14.23,queries/Functions/09-03_math/subtract.sql,measured,2,5,5,2,0.031,2804.682,1,1,11997996,11997996,11998031,383935872,0,0,lineitem,3424,221496,0,0,0,0,0
2026-07-27T15:35:03Z,F346E7F692C196A7,14.23,queries/Functions/09-03_math/tan.sql,warmup,1,1,1,2,0.163,3755.902,1,1,11997996,11997996,11998031,95983968,0,0,lineitem,3456,221464,0,0,0,0,0
2026-07-27T15:35:07Z,F346E7F692C196A7,14.23,queries/Functions/09-03_math/tan.sql,warmup,2,1,1,2,0.163,3764.062,1,1,11997996,11997996,11998031,95983968,0,0,lineitem,3488,221432,0,0,0,0,0
2026-07-27T15:35:26Z,F346E7F692C196A7,14.23,queries/Functions/09-03_math/tan.sql,measured,1,1,5,2,0.188,3760.602,1,1,11997996,11997996,11998031,95983968,0,0,lineitem,3520,221400,0,0,0,0,0
2026-07-27T15:35:26Z,F346E7F692C196A7,14.23,queries/Functions/09-03_math/tan.sql,measured,1,2,5,2,0.030,3746.305,1,1,11997996,11997996,11998031,95983968,0,0,lineitem,3552,221368,0,0,0,0,0
2026-07-27T15:35:26Z,F346E7F692C196A7,14.23,queries/Functions/09-03_math/tan.sql,measured,1,3,5,2,0.030,3751.552,1,1,11997996,11997996,11998031,95983968,0,0,lineitem,3584,221336,0,0,0,0,0
2026-07-27T15:35:26Z,F346E7F692C196A7,14.23,queries/Functions/09-03_math/tan.sql,measured,1,4,5,2,0.029,3749.569,1,1,11997996,11997996,11998031,95983968,0,0,lineitem,3616,221304,0,0,0,0,0
2026-07-27T15:35:26Z,F346E7F692C196A7,14.23,queries/Functions/09-03_math/tan.sql,measured,1,5,5,2,0.029,3744.355,1,1,11997996,11997996,11998031,95983968,0,0,lineitem,3648,221272,0,0,0,0,0
2026-07-27T15:35:45Z,F346E7F692C196A7,14.23,queries/Functions/09-03_math/tan.sql,measured,2,1,5,2,0.164,3757.245,1,1,11997996,11997996,11998031,95983968,0,0,lineitem,3680,221240,0,0,0,0,0
2026-07-27T15:35:45Z,F346E7F692C196A7,14.23,queries/Functions/09-03_math/tan.sql,measured,2,2,5,2,0.043,3746.193,1,1,11997996,11997996,11998031,95983968,0,0,lineitem,3712,221208,0,0,0,0,0
2026-07-27T15:35:45Z,F346E7F692C196A7,14.23,queries/Functions/09-03_math/tan.sql,measured,2,3,5,2,0.029,3736.338,1,1,11997996,11997996,11998031,95983968,0,0,lineitem,3744,221176,0,0,0,0,0
2026-07-27T15:35:45Z,F346E7F692C196A7,14.23,queries/Functions/09-03_math/tan.sql,measured,2,4,5,2,0.030,3737.109,1,1,11997996,11997996,11998031,95983968,0,0,lineitem,3776,221144,0,0,0,0,0
2026-07-27T15:35:45Z,F346E7F692C196A7,14.23,queries/Functions/09-03_math/tan.sql,measured,2,5,5,2,0.030,3739.953,1,1,11997996,11997996,11998031,95983968,0,0,lineitem,3808,221112,0,0,0,0,0
2026-07-27T15:35:49Z,F346E7F692C196A7,14.23,queries/Functions/09-03_math/tanh.sql,warmup,1,1,1,2,0.163,3809.750,1,1,11997996,11997996,11998031,95983968,0,0,lineitem,3840,221080,0,0,0,0,0
2026-07-27T15:35:53Z,F346E7F692C196A7,14.23,queries/Functions/09-03_math/tanh.sql,warmup,2,1,1,2,0.173,3805.636,1,1,11997996,11997996,11998031,95983968,0,0,lineitem,3872,221048,0,0,0,0,0
2026-07-27T15:36:12Z,F346E7F692C196A7,14.23,queries/Functions/09-03_math/tanh.sql,measured,1,1,5,2,0.185,3802.825,1,1,11997996,11997996,11998031,95983968,0,0,lineitem,3904,221016,0,0,0,0,0
2026-07-27T15:36:12Z,F346E7F692C196A7,14.23,queries/Functions/09-03_math/tanh.sql,measured,1,2,5,2,0.030,3782.133,1,1,11997996,11997996,11998031,95983968,0,0,lineitem,3936,220984,0,0,0,0,0
2026-07-27T15:36:12Z,F346E7F692C196A7,14.23,queries/Functions/09-03_math/tanh.sql,measured,1,3,5,2,0.030,3786.016,1,1,11997996,11997996,11998031,95983968,0,0,lineitem,3968,220952,0,0,0,0,0
2026-07-27T15:36:12Z,F346E7F692C196A7,14.23,queries/Functions/09-03_math/tanh.sql,measured,1,4,5,2,0.030,3782.851,1,1,11997996,11997996,11998031,95983968,0,0,lineitem,4000,220920,0,0,0,0,0
2026-07-27T15:36:12Z,F346E7F692C196A7,14.23,queries/Functions/09-03_math/tanh.sql,measured,1,5,5,2,0.030,3781.700,1,1,11997996,11997996,11998031,95983968,0,0,lineitem,4032,220888,0,0,0,0,0
2026-07-27T15:36:31Z,F346E7F692C196A7,14.23,queries/Functions/09-03_math/tanh.sql,measured,2,1,5,2,0.164,3809.465,1,1,11997996,11997996,11998031,95983968,0,0,lineitem,4064,220856,0,0,0,0,0
2026-07-27T15:36:31Z,F346E7F692C196A7,14.23,queries/Functions/09-03_math/tanh.sql,measured,2,2,5,2,0.029,3788.965,1,1,11997996,11997996,11998031,95983968,0,0,lineitem,4096,220824,0,0,0,0,0
2026-07-27T15:36:31Z,F346E7F692C196A7,14.23,queries/Functions/09-03_math/tanh.sql,measured,2,3,5,2,0.030,3784.840,1,1,11997996,11997996,11998031,95983968,0,0,lineitem,4128,220792,0,0,0,0,0
2026-07-27T15:36:31Z,F346E7F692C196A7,14.23,queries/Functions/09-03_math/tanh.sql,measured,2,4,5,2,0.030,3787.461,1,1,11997996,11997996,11998031,95983968,0,0,lineitem,4160,220760,0,0,0,0,0
2026-07-27T15:36:31Z,F346E7F692C196A7,14.23,queries/Functions/09-03_math/tanh.sql,measured,2,5,5,2,0.030,3786.852,1,1,11997996,11997996,11998031,95983968,0,0,lineitem,4192,220728,0,0,0,0,0
2026-07-27T15:36:33Z,F346E7F692C196A7,14.23,queries/Functions/09-03_math/trim_scale.sql,warmup,1,1,1,2,0.195,2420.483,1,1,11997996,11997996,11998031,383935872,0,0,lineitem,4224,220696,0,0,0,0,0
2026-07-27T15:36:36Z,F346E7F692C196A7,14.23,queries/Functions/09-03_math/trim_scale.sql,warmup,2,1,1,2,0.180,2422.914,1,1,11997996,11997996,11998031,383935872,0,0,lineitem,4256,220664,0,0,0,0,0
2026-07-27T15:36:48Z,F346E7F692C196A7,14.23,queries/Functions/09-03_math/trim_scale.sql,measured,1,1,5,2,0.184,2424.421,1,1,11997996,11997996,11998031,383935872,0,0,lineitem,4288,220632,0,0,0,0,0
2026-07-27T15:36:48Z,F346E7F692C196A7,14.23,queries/Functions/09-03_math/trim_scale.sql,measured,1,2,5,2,0.030,2398.874,1,1,11997996,11997996,11998031,383935872,0,0,lineitem,4320,220600,0,0,0,0,0
2026-07-27T15:36:48Z,F346E7F692C196A7,14.23,queries/Functions/09-03_math/trim_scale.sql,measured,1,3,5,2,0.030,2400.785,1,1,11997996,11997996,11998031,383935872,0,0,lineitem,4352,220568,0,0,0,0,0
2026-07-27T15:36:48Z,F346E7F692C196A7,14.23,queries/Functions/09-03_math/trim_scale.sql,measured,1,4,5,2,0.030,2403.204,1,1,11997996,11997996,11998031,383935872,0,0,lineitem,4384,220536,0,0,0,0,0
2026-07-27T15:36:48Z,F346E7F692C196A7,14.23,queries/Functions/09-03_math/trim_scale.sql,measured,1,5,5,2,0.029,2395.590,1,1,11997996,11997996,11998031,383935872,0,0,lineitem,4416,220504,0,0,0,0,0
2026-07-27T15:37:00Z,F346E7F692C196A7,14.23,queries/Functions/09-03_math/trim_scale.sql,measured,2,1,5,2,0.168,2423.323,1,1,11997996,11997996,11998031,383935872,0,0,lineitem,4448,220472,0,0,0,0,0
2026-07-27T15:37:00Z,F346E7F692C196A7,14.23,queries/Functions/09-03_math/trim_scale.sql,measured,2,2,5,2,0.030,2402.311,1,1,11997996,11997996,11998031,383935872,0,0,lineitem,4480,220440,0,0,0,0,0
2026-07-27T15:37:00Z,F346E7F692C196A7,14.23,queries/Functions/09-03_math/trim_scale.sql,measured,2,3,5,2,0.030,2400.134,1,1,11997996,11997996,11998031,383935872,0,0,lineitem,4512,220408,0,0,0,0,0
2026-07-27T15:37:00Z,F346E7F692C196A7,14.23,queries/Functions/09-03_math/trim_scale.sql,measured,2,4,5,2,0.029,2400.287,1,1,11997996,11997996,11998031,383935872,0,0,lineitem,4544,220376,0,0,0,0,0
2026-07-27T15:37:00Z,F346E7F692C196A7,14.23,queries/Functions/09-03_math/trim_scale.sql,measured,2,5,5,2,0.029,2398.225,1,1,11997996,11997996,11998031,383935872,0,0,lineitem,4576,220344,0,0,0,0,0
2026-07-27T15:37:04Z,F346E7F692C196A7,14.23,queries/Functions/09-03_math/trunc.sql,warmup,1,1,1,2,0.291,4197.765,1,1,11997996,11997996,11998031,383935872,0,0,lineitem,4608,220312,0,0,0,0,0
2026-07-27T15:37:08Z,F346E7F692C196A7,14.23,queries/Functions/09-03_math/trunc.sql,warmup,2,1,1,2,0.225,4203.549,1,1,11997996,11997996,11998031,383935872,0,0,lineitem,4640,220280,0,0,0,0,0
2026-07-27T15:37:29Z,F346E7F692C196A7,14.23,queries/Functions/09-03_math/trunc.sql,measured,1,1,5,2,0.211,4201.509,1,1,11997996,11997996,11998031,383935872,0,0,lineitem,4672,220248,0,0,0,0,0
2026-07-27T15:37:29Z,F346E7F692C196A7,14.23,queries/Functions/09-03_math/trunc.sql,measured,1,2,5,2,0.068,4182.537,1,1,11997996,11997996,11998031,383935872,0,0,lineitem,4704,220216,0,0,0,0,0
2026-07-27T15:37:29Z,F346E7F692C196A7,14.23,queries/Functions/09-03_math/trunc.sql,measured,1,3,5,2,0.053,4192.489,1,1,11997996,11997996,11998031,383935872,0,0,lineitem,4736,220184,0,0,0,0,0
2026-07-27T15:37:29Z,F346E7F692C196A7,14.23,queries/Functions/09-03_math/trunc.sql,measured,1,4,5,2,0.051,4179.372,1,1,11997996,11997996,11998031,383935872,0,0,lineitem,4768,220152,0,0,0,0,0
2026-07-27T15:37:29Z,F346E7F692C196A7,14.23,queries/Functions/09-03_math/trunc.sql,measured,1,5,5,2,0.077,4181.613,1,1,11997996,11997996,11998031,383935872,0,0,lineitem,4800,220120,0,0,0,0,0
2026-07-27T15:37:50Z,F346E7F692C196A7,14.23,queries/Functions/09-03_math/trunc.sql,measured,2,1,5,2,0.228,4207.696,1,1,11997996,11997996,11998031,383935872,0,0,lineitem,4832,220088,0,0,0,0,0
2026-07-27T15:37:50Z,F346E7F692C196A7,14.23,queries/Functions/09-03_math/trunc.sql,measured,2,2,5,2,0.050,4177.965,1,1,11997996,11997996,11998031,383935872,0,0,lineitem,4864,220056,0,0,0,0,0
2026-07-27T15:37:50Z,F346E7F692C196A7,14.23,queries/Functions/09-03_math/trunc.sql,measured,2,3,5,2,0.051,4188.178,1,1,11997996,11997996,11998031,383935872,0,0,lineitem,4896,220024,0,0,0,0,0
2026-07-27T15:37:50Z,F346E7F692C196A7,14.23,queries/Functions/09-03_math/trunc.sql,measured,2,4,5,2,0.051,4176.113,1,1,11997996,11997996,11998031,383935872,0,0,lineitem,4928,219992,0,0,0,0,0
2026-07-27T15:37:50Z,F346E7F692C196A7,14.23,queries/Functions/09-03_math/trunc.sql,measured,2,5,5,2,0.049,4176.075,1,1,11997996,11997996,11998031,383935872,0,0,lineitem,4960,219960,0,0,0,0,0
2026-07-27T15:37:55Z,F346E7F692C196A7,14.23,queries/Functions/09-03_math/trunc_scale.sql,warmup,1,1,1,2,0.187,4216.824,1,1,11997996,11997996,11998031,383935872,0,0,lineitem,4992,219928,0,0,0,0,0
2026-07-27T15:37:59Z,F346E7F692C196A7,14.23,queries/Functions/09-03_math/trunc_scale.sql,warmup,2,1,1,2,0.182,4220.403,1,1,11997996,11997996,11998031,383935872,0,0,lineitem,5024,219896,0,0,0,0,0
2026-07-27T15:38:20Z,F346E7F692C196A7,14.23,queries/Functions/09-03_math/trunc_scale.sql,measured,1,1,5,2,0.192,4216.000,1,1,11997996,11997996,11998031,383935872,0,0,lineitem,5056,219864,0,0,0,0,0
2026-07-27T15:38:20Z,F346E7F692C196A7,14.23,queries/Functions/09-03_math/trunc_scale.sql,measured,1,2,5,2,0.035,4196.625,1,1,11997996,11997996,11998031,383935872,0,0,lineitem,5088,219832,0,0,0,0,0
2026-07-27T15:38:20Z,F346E7F692C196A7,14.23,queries/Functions/09-03_math/trunc_scale.sql,measured,1,3,5,2,0.035,4186.196,1,1,11997996,11997996,11998031,383935872,0,0,lineitem,5120,219800,0,0,0,0,0
2026-07-27T15:38:20Z,F346E7F692C196A7,14.23,queries/Functions/09-03_math/trunc_scale.sql,measured,1,4,5,2,0.034,4190.857,1,1,11997996,11997996,11998031,383935872,0,0,lineitem,5152,219768,0,0,0,0,0
2026-07-27T15:38:20Z,F346E7F692C196A7,14.23,queries/Functions/09-03_math/trunc_scale.sql,measured,1,5,5,2,0.036,4203.341,1,1,11997996,11997996,11998031,383935872,0,0,lineitem,5184,219736,0,0,0,0,0
2026-07-27T15:38:41Z,F346E7F692C196A7,14.23,queries/Functions/09-03_math/trunc_scale.sql,measured,2,1,5,2,0.186,4229.702,1,1,11997996,11997996,11998031,383935872,0,0,lineitem,5216,219704,0,0,0,0,0
2026-07-27T15:38:41Z,F346E7F692C196A7,14.23,queries/Functions/09-03_math/trunc_scale.sql,measured,2,2,5,2,0.054,4203.517,1,1,11997996,11997996,11998031,383935872,0,0,lineitem,5248,219672,0,0,0,0,0
2026-07-27T15:38:41Z,F346E7F692C196A7,14.23,queries/Functions/09-03_math/trunc_scale.sql,measured,2,3,5,2,0.034,4202.216,1,1,11997996,11997996,11998031,383935872,0,0,lineitem,5280,219640,0,0,0,0,0
2026-07-27T15:38:41Z,F346E7F692C196A7,14.23,queries/Functions/09-03_math/trunc_scale.sql,measured,2,4,5,2,0.034,4202.676,1,1,11997996,11997996,11998031,383935872,0,0,lineitem,5312,219608,0,0,0,0,0
2026-07-27T15:38:41Z,F346E7F692C196A7,14.23,queries/Functions/09-03_math/trunc_scale.sql,measured,2,5,5,2,0.041,4205.782,1,1,11997996,11997996,11998031,383935872,0,0,lineitem,5344,219576,0,0,0,0,0
2026-07-27T15:38:43Z,F346E7F692C196A7,14.23,queries/Functions/09-03_math/unary_minus.sql,warmup,1,1,1,2,0.172,1807.198,1,1,11997996,11997996,11998031,383935872,0,0,lineitem,5376,219544,0,0,0,0,0
2026-07-27T15:38:45Z,F346E7F692C196A7,14.23,queries/Functions/09-03_math/unary_minus.sql,warmup,2,1,1,2,0.185,1812.765,1,1,11997996,11997996,11998031,383935872,0,0,lineitem,5408,219512,0,0,0,0,0
2026-07-27T15:38:54Z,F346E7F692C196A7,14.23,queries/Functions/09-03_math/unary_minus.sql,measured,1,1,5,2,0.189,1812.397,1,1,11997996,11997996,11998031,383935872,0,0,lineitem,5440,219480,0,0,0,0,0
2026-07-27T15:38:54Z,F346E7F692C196A7,14.23,queries/Functions/09-03_math/unary_minus.sql,measured,1,2,5,2,0.030,1792.044,1,1,11997996,11997996,11998031,383935872,0,0,lineitem,5472,219448,0,0,0,0,0
2026-07-27T15:38:54Z,F346E7F692C196A7,14.23,queries/Functions/09-03_math/unary_minus.sql,measured,1,3,5,2,0.030,1793.000,1,1,11997996,11997996,11998031,383935872,0,0,lineitem,5504,219416,0,0,0,0,0
2026-07-27T15:38:54Z,F346E7F692C196A7,14.23,queries/Functions/09-03_math/unary_minus.sql,measured,1,4,5,2,0.030,1801.197,1,1,11997996,11997996,11998031,383935872,0,0,lineitem,5536,219384,0,0,0,0,0
2026-07-27T15:38:54Z,F346E7F692C196A7,14.23,queries/Functions/09-03_math/unary_minus.sql,measured,1,5,5,2,0.031,1794.116,1,1,11997996,11997996,11998031,383935872,0,0,lineitem,5568,219352,0,0,0,0,0
2026-07-27T15:39:03Z,F346E7F692C196A7,14.23,queries/Functions/09-03_math/unary_minus.sql,measured,2,1,5,2,0.173,1811.877,1,1,11997996,11997996,11998031,383935872,0,0,lineitem,5600,219320,0,0,0,0,0
2026-07-27T15:39:03Z,F346E7F692C196A7,14.23,queries/Functions/09-03_math/unary_minus.sql,measured,2,2,5,2,0.030,1790.779,1,1,11997996,11997996,11998031,383935872,0,0,lineitem,5632,219288,0,0,0,0,0
2026-07-27T15:39:03Z,F346E7F692C196A7,14.23,queries/Functions/09-03_math/unary_minus.sql,measured,2,3,5,2,0.037,1790.051,1,1,11997996,11997996,11998031,383935872,0,0,lineitem,5664,219256,0,0,0,0,0
2026-07-27T15:39:03Z,F346E7F692C196A7,14.23,queries/Functions/09-03_math/unary_minus.sql,measured,2,4,5,2,0.030,1795.097,1,1,11997996,11997996,11998031,383935872,0,0,lineitem,5696,219224,0,0,0,0,0
2026-07-27T15:39:03Z,F346E7F692C196A7,14.23,queries/Functions/09-03_math/unary_minus.sql,measured,2,5,5,2,0.048,1794.219,1,1,11997996,11997996,11998031,383935872,0,0,lineitem,5728,219192,0,0,0,0,0
2026-07-27T15:39:09Z,F346E7F692C196A7,14.23,queries/Functions/09-03_math/width_bucket.sql,warmup,1,1,1,2,0.220,5780.388,1,1,11997996,11997996,11998031,47991984,0,0,lineitem,5760,219160,0,0,0,0,0
2026-07-27T15:39:15Z,F346E7F692C196A7,14.23,queries/Functions/09-03_math/width_bucket.sql,warmup,2,1,1,2,0.177,5768.100,1,1,11997996,11997996,11998031,47991984,0,0,lineitem,5792,219128,0,0,0,0,0
2026-07-27T15:39:44Z,F346E7F692C196A7,14.23,queries/Functions/09-03_math/width_bucket.sql,measured,1,1,5,2,0.188,5782.917,1,1,11997996,11997996,11998031,47991984,0,0,lineitem,5824,219096,0,0,0,0,0
2026-07-27T15:39:44Z,F346E7F692C196A7,14.23,queries/Functions/09-03_math/width_bucket.sql,measured,1,2,5,2,0.035,5767.620,1,1,11997996,11997996,11998031,47991984,0,0,lineitem,5856,219064,0,0,0,0,0
2026-07-27T15:39:44Z,F346E7F692C196A7,14.23,queries/Functions/09-03_math/width_bucket.sql,measured,1,3,5,2,0.035,5758.388,1,1,11997996,11997996,11998031,47991984,0,0,lineitem,5888,219032,0,0,0,0,0
2026-07-27T15:39:44Z,F346E7F692C196A7,14.23,queries/Functions/09-03_math/width_bucket.sql,measured,1,4,5,2,0.053,5753.360,1,1,11997996,11997996,11998031,47991984,0,0,lineitem,5920,219000,0,0,0,0,0
2026-07-27T15:39:44Z,F346E7F692C196A7,14.23,queries/Functions/09-03_math/width_bucket.sql,measured,1,5,5,2,0.034,5757.760,1,1,11997996,11997996,11998031,47991984,0,0,lineitem,5952,218968,0,0,0,0,0
2026-07-27T15:40:13Z,F346E7F692C196A7,14.23,queries/Functions/09-03_math/width_bucket.sql,measured,2,1,5,2,0.183,5773.588,1,1,11997996,11997996,11998031,47991984,0,0,lineitem,5984,218936,0,0,0,0,0
2026-07-27T15:40:13Z,F346E7F692C196A7,14.23,queries/Functions/09-03_math/width_bucket.sql,measured,2,2,5,2,0.034,5763.256,1,1,11997996,11997996,11998031,47991984,0,0,lineitem,6016,218904,0,0,0,0,0
2026-07-27T15:40:13Z,F346E7F692C196A7,14.23,queries/Functions/09-03_math/width_bucket.sql,measured,2,3,5,2,0.034,5762.505,1,1,11997996,11997996,11998031,47991984,0,0,lineitem,6048,218872,0,0,0,0,0
2026-07-27T15:40:13Z,F346E7F692C196A7,14.23,queries/Functions/09-03_math/width_bucket.sql,measured,2,4,5,2,0.034,5761.458,1,1,11997996,11997996,11998031,47991984,0,0,lineitem,6080,218840,0,0,0,0,0
2026-07-27T15:40:13Z,F346E7F692C196A7,14.23,queries/Functions/09-03_math/width_bucket.sql,measured,2,5,5,2,0.035,5757.507,1,1,11997996,11997996,11998031,47991984,0,0,lineitem,6112,218808,0,0,0,0,0
2026-07-27T15:40:15Z,F346E7F692C196A7,14.23,queries/Functions/09-04_string/ascii.sql,warmup,1,1,1,2,0.169,2133.229,1,1,11997996,11997996,11998031,47991984,0,0,lineitem,6144,218776,0,0,0,0,0
2026-07-27T15:40:17Z,F346E7F692C196A7,14.23,queries/Functions/09-04_string/ascii.sql,warmup,2,1,1,2,0.166,2134.849,1,1,11997996,11997996,11998031,47991984,0,0,lineitem,6176,218744,0,0,0,0,0
2026-07-27T15:40:28Z,F346E7F692C196A7,14.23,queries/Functions/09-04_string/ascii.sql,measured,1,1,5,2,0.165,2135.266,1,1,11997996,11997996,11998031,47991984,0,0,lineitem,6208,218712,0,0,0,0,0
2026-07-27T15:40:28Z,F346E7F692C196A7,14.23,queries/Functions/09-04_string/ascii.sql,measured,1,2,5,2,0.030,2103.308,1,1,11997996,11997996,11998031,47991984,0,0,lineitem,6240,218680,0,0,0,0,0
2026-07-27T15:40:28Z,F346E7F692C196A7,14.23,queries/Functions/09-04_string/ascii.sql,measured,1,3,5,2,0.030,2107.403,1,1,11997996,11997996,11998031,47991984,0,0,lineitem,6272,218648,0,0,0,0,0
2026-07-27T15:40:28Z,F346E7F692C196A7,14.23,queries/Functions/09-04_string/ascii.sql,measured,1,4,5,2,0.029,2102.558,1,1,11997996,11997996,11998031,47991984,0,0,lineitem,6304,218616,0,0,0,0,0
2026-07-27T15:40:28Z,F346E7F692C196A7,14.23,queries/Functions/09-04_string/ascii.sql,measured,1,5,5,2,0.030,2107.819,1,1,11997996,11997996,11998031,47991984,0,0,lineitem,6336,218584,0,0,0,0,0
2026-07-27T15:40:38Z,F346E7F692C196A7,14.23,queries/Functions/09-04_string/ascii.sql,measured,2,1,5,2,0.175,2131.521,1,1,11997996,11997996,11998031,47991984,0,0,lineitem,6368,218552,0,0,0,0,0
2026-07-27T15:40:38Z,F346E7F692C196A7,14.23,queries/Functions/09-04_string/ascii.sql,measured,2,2,5,2,0.030,2106.889,1,1,11997996,11997996,11998031,47991984,0,0,lineitem,6400,218520,0,0,0,0,0
2026-07-27T15:40:38Z,F346E7F692C196A7,14.23,queries/Functions/09-04_string/ascii.sql,measured,2,3,5,2,0.030,2104.516,1,1,11997996,11997996,11998031,47991984,0,0,lineitem,6432,218488,0,0,0,0,0
2026-07-27T15:40:38Z,F346E7F692C196A7,14.23,queries/Functions/09-04_string/ascii.sql,measured,2,4,5,2,0.030,2106.249,1,1,11997996,11997996,11998031,47991984,0,0,lineitem,6464,218456,0,0,0,0,0
2026-07-27T15:40:38Z,F346E7F692C196A7,14.23,queries/Functions/09-04_string/ascii.sql,measured,2,5,5,2,0.030,2104.953,1,1,11997996,11997996,11998031,47991984,0,0,lineitem,6496,218424,0,0,0,0,0
2026-07-27T15:40:40Z,F346E7F692C196A7,14.23,queries/Functions/09-04_string/bit_length.sql,warmup,1,1,1,2,13.816,2166.022,1,1,11997996,11997996,11998031,47991984,0,0,lineitem,6528,218392,0,0,0,0,0
2026-07-27T15:40:43Z,F346E7F692C196A7,14.23,queries/Functions/09-04_string/bit_length.sql,warmup,2,1,1,2,0.202,2174.501,1,1,11997996,11997996,11998031,47991984,0,0,lineitem,6560,218360,0,0,0,0,0
2026-07-27T15:40:54Z,F346E7F692C196A7,14.23,queries/Functions/09-04_string/bit_length.sql,measured,1,1,5,2,0.202,2165.848,1,1,11997996,11997996,11998031,47991984,0,0,lineitem,6592,218328,0,0,0,0,0
2026-07-27T15:40:54Z,F346E7F692C196A7,14.23,queries/Functions/09-04_string/bit_length.sql,measured,1,2,5,2,0.048,2143.974,1,1,11997996,11997996,11998031,47991984,0,0,lineitem,6624,218296,0,0,0,0,0
2026-07-27T15:40:54Z,F346E7F692C196A7,14.23,queries/Functions/09-04_string/bit_length.sql,measured,1,3,5,2,0.050,2146.076,1,1,11997996,11997996,11998031,47991984,0,0,lineitem,6656,218264,0,0,0,0,0
2026-07-27T15:40:54Z,F346E7F692C196A7,14.23,queries/Functions/09-04_string/bit_length.sql,measured,1,4,5,2,0.050,2144.045,1,1,11997996,11997996,11998031,47991984,0,0,lineitem,6688,218232,0,0,0,0,0
2026-07-27T15:40:54Z,F346E7F692C196A7,14.23,queries/Functions/09-04_string/bit_length.sql,measured,1,5,5,2,0.049,2150.890,1,1,11997996,11997996,11998031,47991984,0,0,lineitem,6720,218200,0,0,0,0,0
2026-07-27T15:41:04Z,F346E7F692C196A7,14.23,queries/Functions/09-04_string/bit_length.sql,measured,2,1,5,2,0.207,2172.522,1,1,11997996,11997996,11998031,47991984,0,0,lineitem,6752,218168,0,0,0,0,0
2026-07-27T15:41:04Z,F346E7F692C196A7,14.23,queries/Functions/09-04_string/bit_length.sql,measured,2,2,5,2,0.048,2151.192,1,1,11997996,11997996,11998031,47991984,0,0,lineitem,6784,218136,0,0,0,0,0
2026-07-27T15:41:04Z,F346E7F692C196A7,14.23,queries/Functions/09-04_string/bit_length.sql,measured,2,3,5,2,0.051,2148.004,1,1,11997996,11997996,11998031,47991984,0,0,lineitem,6816,218104,0,0,0,0,0
2026-07-27T15:41:04Z,F346E7F692C196A7,14.23,queries/Functions/09-04_string/bit_length.sql,measured,2,4,5,2,0.050,2142.585,1,1,11997996,11997996,11998031,47991984,0,0,lineitem,6848,218072,0,0,0,0,0
2026-07-27T15:41:04Z,F346E7F692C196A7,14.23,queries/Functions/09-04_string/bit_length.sql,measured,2,5,5,2,0.050,2144.434,1,1,11997996,11997996,11998031,47991984,0,0,lineitem,6880,218040,0,0,0,0,0
2026-07-27T15:41:09Z,F346E7F692C196A7,14.23,queries/Functions/09-04_string/btrim.sql,warmup,1,1,1,2,0.202,4528.490,1,1,11997996,11997996,11998031,383935872,0,0,lineitem,6912,218008,0,0,0,0,0
2026-07-27T15:41:14Z,F346E7F692C196A7,14.23,queries/Functions/09-04_string/btrim.sql,warmup,2,1,1,2,0.195,4546.798,1,1,11997996,11997996,11998031,383935872,0,0,lineitem,6944,217976,0,0,0,0,0
2026-07-27T15:41:36Z,F346E7F692C196A7,14.23,queries/Functions/09-04_string/btrim.sql,measured,1,1,5,2,0.178,4542.174,1,1,11997996,11997996,11998031,383935872,0,0,lineitem,6976,217944,0,0,0,0,0
2026-07-27T15:41:36Z,F346E7F692C196A7,14.23,queries/Functions/09-04_string/btrim.sql,measured,1,2,5,2,0.030,4512.435,1,1,11997996,11997996,11998031,383935872,0,0,lineitem,7008,217912,0,0,0,0,0
2026-07-27T15:41:36Z,F346E7F692C196A7,14.23,queries/Functions/09-04_string/btrim.sql,measured,1,3,5,2,0.048,4510.246,1,1,11997996,11997996,11998031,383935872,0,0,lineitem,7040,217880,0,0,0,0,0
2026-07-27T15:41:36Z,F346E7F692C196A7,14.23,queries/Functions/09-04_string/btrim.sql,measured,1,4,5,2,0.030,4506.514,1,1,11997996,11997996,11998031,383935872,0,0,lineitem,7072,217848,0,0,0,0,0
2026-07-27T15:41:36Z,F346E7F692C196A7,14.23,queries/Functions/09-04_string/btrim.sql,measured,1,5,5,2,0.031,4517.037,1,1,11997996,11997996,11998031,383935872,0,0,lineitem,7104,217816,0,0,0,0,0
2026-07-27T15:41:59Z,F346E7F692C196A7,14.23,queries/Functions/09-04_string/btrim.sql,measured,2,1,5,2,0.184,4531.004,1,1,11997996,11997996,11998031,383935872,0,0,lineitem,7136,217784,0,0,0,0,0
2026-07-27T15:41:59Z,F346E7F692C196A7,14.23,queries/Functions/09-04_string/btrim.sql,measured,2,2,5,2,0.031,4510.692,1,1,11997996,11997996,11998031,383935872,0,0,lineitem,7168,217752,0,0,0,0,0
2026-07-27T15:41:59Z,F346E7F692C196A7,14.23,queries/Functions/09-04_string/btrim.sql,measured,2,3,5,2,0.030,4513.892,1,1,11997996,11997996,11998031,383935872,0,0,lineitem,7200,217720,0,0,0,0,0
2026-07-27T15:41:59Z,F346E7F692C196A7,14.23,queries/Functions/09-04_string/btrim.sql,measured,2,4,5,2,0.030,4526.284,1,1,11997996,11997996,11998031,383935872,0,0,lineitem,7232,217688,0,0,0,0,0
2026-07-27T15:41:59Z,F346E7F692C196A7,14.23,queries/Functions/09-04_string/btrim.sql,measured,2,5,5,2,0.030,4507.246,1,1,11997996,11997996,11998031,383935872,0,0,lineitem,7264,217656,0,0,0,0,0
2026-07-27T15:42:00Z,F346E7F692C196A7,14.23,queries/Functions/09-04_string/cast_text.sql,warmup,1,1,1,2,0.278,1445.822,1,1,11997996,11997996,11998031,383935872,0,0,lineitem,309,18941,0,0,0,0,0
2026-07-27T15:42:02Z,F346E7F692C196A7,14.23,queries/Functions/09-04_string/cast_text.sql,warmup,2,1,1,2,0.288,1441.688,1,1,11997996,11997996,11998031,383935872,0,0,lineitem,309,18941,0,0,0,0,0
2026-07-27T15:42:09Z,F346E7F692C196A7,14.23,queries/Functions/09-04_string/cast_text.sql,measured,1,1,5,2,0.272,1443.183,1,1,11997996,11997996,11998031,383935872,0,0,lineitem,309,18941,0,0,0,0,0
2026-07-27T15:42:09Z,F346E7F692C196A7,14.23,queries/Functions/09-04_string/cast_text.sql,measured,1,2,5,2,0.040,1376.841,1,1,11997996,11997996,11998031,383935872,0,0,lineitem,309,18941,0,0,0,0,0
2026-07-27T15:42:09Z,F346E7F692C196A7,14.23,queries/Functions/09-04_string/cast_text.sql,measured,1,3,5,2,0.038,1376.559,1,1,11997996,11997996,11998031,383935872,0,0,lineitem,309,18941,0,0,0,0,0
2026-07-27T15:42:09Z,F346E7F692C196A7,14.23,queries/Functions/09-04_string/cast_text.sql,measured,1,4,5,2,0.041,1384.795,1,1,11997996,11997996,11998031,383935872,0,0,lineitem,309,18941,0,0,0,0,0
2026-07-27T15:42:09Z,F346E7F692C196A7,14.23,queries/Functions/09-04_string/cast_text.sql,measured,1,5,5,2,0.040,1376.305,1,1,11997996,11997996,11998031,383935872,0,0,lineitem,309,18941,0,0,0,0,0
2026-07-27T15:42:16Z,F346E7F692C196A7,14.23,queries/Functions/09-04_string/cast_text.sql,measured,2,1,5,2,0.385,1439.390,1,1,11997996,11997996,11998031,383935872,0,0,lineitem,309,18941,0,0,0,0,0
2026-07-27T15:42:16Z,F346E7F692C196A7,14.23,queries/Functions/09-04_string/cast_text.sql,measured,2,2,5,2,0.039,1377.381,1,1,11997996,11997996,11998031,383935872,0,0,lineitem,309,18941,0,0,0,0,0
2026-07-27T15:42:16Z,F346E7F692C196A7,14.23,queries/Functions/09-04_string/cast_text.sql,measured,2,3,5,2,0.040,1378.347,1,1,11997996,11997996,11998031,383935872,0,0,lineitem,309,18941,0,0,0,0,0
2026-07-27T15:42:16Z,F346E7F692C196A7,14.23,queries/Functions/09-04_string/cast_text.sql,measured,2,4,5,2,0.054,1377.420,1,1,11997996,11997996,11998031,383935872,0,0,lineitem,309,18941,0,0,0,0,0
2026-07-27T15:42:16Z,F346E7F692C196A7,14.23,queries/Functions/09-04_string/cast_text.sql,measured,2,5,5,2,0.040,1381.024,1,1,11997996,11997996,11998031,383935872,0,0,lineitem,309,18941,0,0,0,0,0
2026-07-27T15:42:19Z,F346E7F692C196A7,14.23,queries/Functions/09-04_string/char_length.sql,warmup,1,1,1,2,0.281,2864.133,1,1,11997996,11997996,11998031,47991984,0,0,lineitem,0,224920,0,0,0,0,0
2026-07-27T15:42:22Z,F346E7F692C196A7,14.23,queries/Functions/09-04_string/char_length.sql,warmup,2,1,1,2,0.162,2865.746,1,1,11997996,11997996,11998031,47991984,0,0,lineitem,32,224888,0,0,0,0,0
2026-07-27T15:42:36Z,F346E7F692C196A7,14.23,queries/Functions/09-04_string/char_length.sql,measured,1,1,5,2,0.184,2881.907,1,1,11997996,11997996,11998031,47991984,0,0,lineitem,64,224856,0,0,0,0,0
2026-07-27T15:42:36Z,F346E7F692C196A7,14.23,queries/Functions/09-04_string/char_length.sql,measured,1,2,5,2,0.047,2849.969,1,1,11997996,11997996,11998031,47991984,0,0,lineitem,96,224824,0,0,0,0,0
2026-07-27T15:42:36Z,F346E7F692C196A7,14.23,queries/Functions/09-04_string/char_length.sql,measured,1,3,5,2,0.030,2855.448,1,1,11997996,11997996,11998031,47991984,0,0,lineitem,128,224792,0,0,0,0,0
2026-07-27T15:42:36Z,F346E7F692C196A7,14.23,queries/Functions/09-04_string/char_length.sql,measured,1,4,5,2,0.029,2853.434,1,1,11997996,11997996,11998031,47991984,0,0,lineitem,160,224760,0,0,0,0,0
2026-07-27T15:42:36Z,F346E7F692C196A7,14.23,queries/Functions/09-04_string/char_length.sql,measured,1,5,5,2,0.030,2860.727,1,1,11997996,11997996,11998031,47991984,0,0,lineitem,192,224728,0,0,0,0,0
2026-07-27T15:42:51Z,F346E7F692C196A7,14.23,queries/Functions/09-04_string/char_length.sql,measured,2,1,5,2,0.178,2862.553,1,1,11997996,11997996,11998031,47991984,0,0,lineitem,224,224696,0,0,0,0,0
2026-07-27T15:42:51Z,F346E7F692C196A7,14.23,queries/Functions/09-04_string/char_length.sql,measured,2,2,5,2,0.047,2847.403,1,1,11997996,11997996,11998031,47991984,0,0,lineitem,256,224664,0,0,0,0,0
2026-07-27T15:42:51Z,F346E7F692C196A7,14.23,queries/Functions/09-04_string/char_length.sql,measured,2,3,5,2,0.029,2851.660,1,1,11997996,11997996,11998031,47991984,0,0,lineitem,288,224632,0,0,0,0,0
2026-07-27T15:42:51Z,F346E7F692C196A7,14.23,queries/Functions/09-04_string/char_length.sql,measured,2,4,5,2,0.029,2857.059,1,1,11997996,11997996,11998031,47991984,0,0,lineitem,320,224600,0,0,0,0,0
2026-07-27T15:42:51Z,F346E7F692C196A7,14.23,queries/Functions/09-04_string/char_length.sql,measured,2,5,5,2,0.030,2854.780,1,1,11997996,11997996,11998031,47991984,0,0,lineitem,352,224568,0,0,0,0,0
2026-07-27T15:42:52Z,F346E7F692C196A7,14.23,queries/Functions/09-04_string/chr.sql,warmup,1,1,1,2,0.179,1757.666,1,1,11997996,11997996,11998031,383935872,0,0,lineitem,384,224536,0,0,0,0,0
2026-07-27T15:42:54Z,F346E7F692C196A7,14.23,queries/Functions/09-04_string/chr.sql,warmup,2,1,1,2,0.171,1754.962,1,1,11997996,11997996,11998031,383935872,0,0,lineitem,416,224504,0,0,0,0,0
2026-07-27T15:43:03Z,F346E7F692C196A7,14.23,queries/Functions/09-04_string/chr.sql,measured,1,1,5,2,0.186,1756.296,1,1,11997996,11997996,11998031,383935872,0,0,lineitem,448,224472,0,0,0,0,0
2026-07-27T15:43:03Z,F346E7F692C196A7,14.23,queries/Functions/09-04_string/chr.sql,measured,1,2,5,2,0.032,1741.632,1,1,11997996,11997996,11998031,383935872,0,0,lineitem,480,224440,0,0,0,0,0
2026-07-27T15:43:03Z,F346E7F692C196A7,14.23,queries/Functions/09-04_string/chr.sql,measured,1,3,5,2,0.031,1734.420,1,1,11997996,11997996,11998031,383935872,0,0,lineitem,512,224408,0,0,0,0,0
2026-07-27T15:43:03Z,F346E7F692C196A7,14.23,queries/Functions/09-04_string/chr.sql,measured,1,4,5,2,0.032,1744.489,1,1,11997996,11997996,11998031,383935872,0,0,lineitem,544,224376,0,0,0,0,0
2026-07-27T15:43:03Z,F346E7F692C196A7,14.23,queries/Functions/09-04_string/chr.sql,measured,1,5,5,2,0.030,1742.504,1,1,11997996,11997996,11998031,383935872,0,0,lineitem,576,224344,0,0,0,0,0
2026-07-27T15:43:12Z,F346E7F692C196A7,14.23,queries/Functions/09-04_string/chr.sql,measured,2,1,5,2,0.194,1753.290,1,1,11997996,11997996,11998031,383935872,0,0,lineitem,608,224312,0,0,0,0,0
2026-07-27T15:43:12Z,F346E7F692C196A7,14.23,queries/Functions/09-04_string/chr.sql,measured,2,2,5,2,0.032,1741.152,1,1,11997996,11997996,11998031,383935872,0,0,lineitem,640,224280,0,0,0,0,0
2026-07-27T15:43:12Z,F346E7F692C196A7,14.23,queries/Functions/09-04_string/chr.sql,measured,2,3,5,2,0.032,1738.113,1,1,11997996,11997996,11998031,383935872,0,0,lineitem,672,224248,0,0,0,0,0
2026-07-27T15:43:12Z,F346E7F692C196A7,14.23,queries/Functions/09-04_string/chr.sql,measured,2,4,5,2,0.031,1743.640,1,1,11997996,11997996,11998031,383935872,0,0,lineitem,704,224216,0,0,0,0,0
2026-07-27T15:43:12Z,F346E7F692C196A7,14.23,queries/Functions/09-04_string/chr.sql,measured,2,5,5,2,0.031,1738.215,1,1,11997996,11997996,11998031,383935872,0,0,lineitem,736,224184,0,0,0,0,0
2026-07-27T15:43:15Z,F346E7F692C196A7,14.23,queries/Functions/09-04_string/concat_fn.sql,warmup,1,1,1,2,0.189,3344.964,1,1,11997996,11997996,11998031,383935872,0,0,lineitem,774,224152,0,0,0,0,0
2026-07-27T15:43:19Z,F346E7F692C196A7,14.23,queries/Functions/09-04_string/concat_fn.sql,warmup,2,1,1,2,0.175,3341.558,1,1,11997996,11997996,11998031,383935872,0,0,lineitem,806,224120,0,0,0,0,0
2026-07-27T15:43:36Z,F346E7F692C196A7,14.23,queries/Functions/09-04_string/concat_fn.sql,measured,1,1,5,2,0.174,3351.065,1,1,11997996,11997996,11998031,383935872,0,0,lineitem,838,224088,0,0,0,0,0
2026-07-27T15:43:36Z,F346E7F692C196A7,14.23,queries/Functions/09-04_string/concat_fn.sql,measured,1,2,5,2,0.030,3325.006,1,1,11997996,11997996,11998031,383935872,0,0,lineitem,864,224056,0,0,0,0,0
2026-07-27T15:43:36Z,F346E7F692C196A7,14.23,queries/Functions/09-04_string/concat_fn.sql,measured,1,3,5,2,0.030,3326.172,1,1,11997996,11997996,11998031,383935872,0,0,lineitem,896,224024,0,0,0,0,0
2026-07-27T15:43:36Z,F346E7F692C196A7,14.23,queries/Functions/09-04_string/concat_fn.sql,measured,1,4,5,2,0.030,3334.168,1,1,11997996,11997996,11998031,383935872,0,0,lineitem,928,223992,0,0,0,0,0
2026-07-27T15:43:36Z,F346E7F692C196A7,14.23,queries/Functions/09-04_string/concat_fn.sql,measured,1,5,5,2,0.031,3323.010,1,1,11997996,11997996,11998031,383935872,0,0,lineitem,960,223960,0,0,0,0,0
2026-07-27T15:43:52Z,F346E7F692C196A7,14.23,queries/Functions/09-04_string/concat_fn.sql,measured,2,1,5,2,0.186,3342.670,1,1,11997996,11997996,11998031,383935872,0,0,lineitem,998,223928,0,0,0,0,0
2026-07-27T15:43:52Z,F346E7F692C196A7,14.23,queries/Functions/09-04_string/concat_fn.sql,measured,2,2,5,2,0.030,3314.060,1,1,11997996,11997996,11998031,383935872,0,0,lineitem,1024,223896,0,0,0,0,0
2026-07-27T15:43:52Z,F346E7F692C196A7,14.23,queries/Functions/09-04_string/concat_fn.sql,measured,2,3,5,2,0.030,3322.210,1,1,11997996,11997996,11998031,383935872,0,0,lineitem,1056,223864,0,0,0,0,0
2026-07-27T15:43:52Z,F346E7F692C196A7,14.23,queries/Functions/09-04_string/concat_fn.sql,measured,2,4,5,2,0.031,3318.271,1,1,11997996,11997996,11998031,383935872,0,0,lineitem,1088,223832,0,0,0,0,0
2026-07-27T15:43:52Z,F346E7F692C196A7,14.23,queries/Functions/09-04_string/concat_fn.sql,measured,2,5,5,2,0.030,3316.107,1,1,11997996,11997996,11998031,383935872,0,0,lineitem,1120,223800,0,0,0,0,0
2026-07-27T15:43:55Z,F346E7F692C196A7,14.23,queries/Functions/09-04_string/concat_op.sql,warmup,1,1,1,2,0.202,2614.019,1,1,11997996,11997996,11998031,383935872,0,0,lineitem,1152,223768,0,0,0,0,0
2026-07-27T15:43:58Z,F346E7F692C196A7,14.23,queries/Functions/09-04_string/concat_op.sql,warmup,2,1,1,2,0.185,2617.244,1,1,11997996,11997996,11998031,383935872,0,0,lineitem,1184,223736,0,0,0,0,0
2026-07-27T15:44:11Z,F346E7F692C196A7,14.23,queries/Functions/09-04_string/concat_op.sql,measured,1,1,5,2,0.200,2620.580,1,1,11997996,11997996,11998031,383935872,0,0,lineitem,1216,223704,0,0,0,0,0
2026-07-27T15:44:11Z,F346E7F692C196A7,14.23,queries/Functions/09-04_string/concat_op.sql,measured,1,2,5,2,0.030,2598.518,1,1,11997996,11997996,11998031,383935872,0,0,lineitem,1248,223672,0,0,0,0,0
2026-07-27T15:44:11Z,F346E7F692C196A7,14.23,queries/Functions/09-04_string/concat_op.sql,measured,1,3,5,2,0.030,2592.792,1,1,11997996,11997996,11998031,383935872,0,0,lineitem,1280,223640,0,0,0,0,0
2026-07-27T15:44:11Z,F346E7F692C196A7,14.23,queries/Functions/09-04_string/concat_op.sql,measured,1,4,5,2,0.031,2594.459,1,1,11997996,11997996,11998031,383935872,0,0,lineitem,1312,223608,0,0,0,0,0
2026-07-27T15:44:11Z,F346E7F692C196A7,14.23,queries/Functions/09-04_string/concat_op.sql,measured,1,5,5,2,0.031,2592.329,1,1,11997996,11997996,11998031,383935872,0,0,lineitem,1344,223576,0,0,0,0,0
2026-07-27T15:44:24Z,F346E7F692C196A7,14.23,queries/Functions/09-04_string/concat_op.sql,measured,2,1,5,2,0.194,2615.527,1,1,11997996,11997996,11998031,383935872,0,0,lineitem,1376,223544,0,0,0,0,0
2026-07-27T15:44:24Z,F346E7F692C196A7,14.23,queries/Functions/09-04_string/concat_op.sql,measured,2,2,5,2,0.030,2593.299,1,1,11997996,11997996,11998031,383935872,0,0,lineitem,1408,223512,0,0,0,0,0
2026-07-27T15:44:24Z,F346E7F692C196A7,14.23,queries/Functions/09-04_string/concat_op.sql,measured,2,3,5,2,0.030,2593.562,1,1,11997996,11997996,11998031,383935872,0,0,lineitem,1440,223480,0,0,0,0,0
2026-07-27T15:44:24Z,F346E7F692C196A7,14.23,queries/Functions/09-04_string/concat_op.sql,measured,2,4,5,2,0.030,2592.715,1,1,11997996,11997996,11998031,383935872,0,0,lineitem,1472,223448,0,0,0,0,0
2026-07-27T15:44:24Z,F346E7F692C196A7,14.23,queries/Functions/09-04_string/concat_op.sql,measured,2,5,5,2,0.031,2599.511,1,1,11997996,11997996,11998031,383935872,0,0,lineitem,1504,223416,0,0,0,0,0
2026-07-27T15:44:27Z,F346E7F692C196A7,14.23,queries/Functions/09-04_string/concat_ws.sql,warmup,1,1,1,2,0.178,3479.081,1,1,11997996,11997996,11998031,383935872,0,0,lineitem,1542,223384,0,0,0,0,0
2026-07-27T15:44:31Z,F346E7F692C196A7,14.23,queries/Functions/09-04_string/concat_ws.sql,warmup,2,1,1,2,0.175,3462.123,1,1,11997996,11997996,11998031,383935872,0,0,lineitem,1574,223352,0,0,0,0,0
2026-07-27T15:44:48Z,F346E7F692C196A7,14.23,queries/Functions/09-04_string/concat_ws.sql,measured,1,1,5,2,0.176,3487.303,1,1,11997996,11997996,11998031,383935872,0,0,lineitem,1606,223320,0,0,0,0,0
2026-07-27T15:44:48Z,F346E7F692C196A7,14.23,queries/Functions/09-04_string/concat_ws.sql,measured,1,2,5,2,0.033,3458.303,1,1,11997996,11997996,11998031,383935872,0,0,lineitem,1632,223288,0,0,0,0,0
2026-07-27T15:44:48Z,F346E7F692C196A7,14.23,queries/Functions/09-04_string/concat_ws.sql,measured,1,3,5,2,0.030,3470.120,1,1,11997996,11997996,11998031,383935872,0,0,lineitem,1664,223256,0,0,0,0,0
2026-07-27T15:44:48Z,F346E7F692C196A7,14.23,queries/Functions/09-04_string/concat_ws.sql,measured,1,4,5,2,0.037,3455.146,1,1,11997996,11997996,11998031,383935872,0,0,lineitem,1696,223224,0,0,0,0,0
2026-07-27T15:44:48Z,F346E7F692C196A7,14.23,queries/Functions/09-04_string/concat_ws.sql,measured,1,5,5,2,0.048,3461.931,1,1,11997996,11997996,11998031,383935872,0,0,lineitem,1728,223192,0,0,0,0,0
2026-07-27T15:45:06Z,F346E7F692C196A7,14.23,queries/Functions/09-04_string/concat_ws.sql,measured,2,1,5,2,0.175,3473.648,1,1,11997996,11997996,11998031,383935872,0,0,lineitem,1766,223160,0,0,0,0,0
2026-07-27T15:45:06Z,F346E7F692C196A7,14.23,queries/Functions/09-04_string/concat_ws.sql,measured,2,2,5,2,0.031,3447.517,1,1,11997996,11997996,11998031,383935872,0,0,lineitem,1792,223128,0,0,0,0,0
2026-07-27T15:45:06Z,F346E7F692C196A7,14.23,queries/Functions/09-04_string/concat_ws.sql,measured,2,3,5,2,0.031,3448.085,1,1,11997996,11997996,11998031,383935872,0,0,lineitem,1824,223096,0,0,0,0,0
2026-07-27T15:45:06Z,F346E7F692C196A7,14.23,queries/Functions/09-04_string/concat_ws.sql,measured,2,4,5,2,0.031,3454.500,1,1,11997996,11997996,11998031,383935872,0,0,lineitem,1856,223064,0,0,0,0,0
2026-07-27T15:45:06Z,F346E7F692C196A7,14.23,queries/Functions/09-04_string/concat_ws.sql,measured,2,5,5,2,0.030,3450.228,1,1,11997996,11997996,11998031,383935872,0,0,lineitem,1888,223032,0,0,0,0,0
2026-07-27T15:45:11Z,F346E7F692C196A7,14.23,queries/Functions/09-04_string/format.sql,warmup,1,1,1,2,0.188,4807.458,1,1,11997996,11997996,11998031,383935872,0,0,lineitem,1926,223000,0,0,0,0,0
2026-07-27T15:45:16Z,F346E7F692C196A7,14.23,queries/Functions/09-04_string/format.sql,warmup,2,1,1,2,0.179,4819.289,1,1,11997996,11997996,11998031,383935872,0,0,lineitem,1958,222968,0,0,0,0,0
2026-07-27T15:45:40Z,F346E7F692C196A7,14.23,queries/Functions/09-04_string/format.sql,measured,1,1,5,2,0.196,4826.024,1,1,11997996,11997996,11998031,383935872,0,0,lineitem,1990,222936,0,0,0,0,0
2026-07-27T15:45:40Z,F346E7F692C196A7,14.23,queries/Functions/09-04_string/format.sql,measured,1,2,5,2,0.031,4776.093,1,1,11997996,11997996,11998031,383935872,0,0,lineitem,2016,222904,0,0,0,0,0
2026-07-27T15:45:40Z,F346E7F692C196A7,14.23,queries/Functions/09-04_string/format.sql,measured,1,3,5,2,0.030,4793.544,1,1,11997996,11997996,11998031,383935872,0,0,lineitem,2048,222872,0,0,0,0,0
2026-07-27T15:45:40Z,F346E7F692C196A7,14.23,queries/Functions/09-04_string/format.sql,measured,1,4,5,2,0.030,4797.336,1,1,11997996,11997996,11998031,383935872,0,0,lineitem,2080,222840,0,0,0,0,0
2026-07-27T15:45:40Z,F346E7F692C196A7,14.23,queries/Functions/09-04_string/format.sql,measured,1,5,5,2,0.031,4794.974,1,1,11997996,11997996,11998031,383935872,0,0,lineitem,2112,222808,0,0,0,0,0
2026-07-27T15:46:04Z,F346E7F692C196A7,14.23,queries/Functions/09-04_string/format.sql,measured,2,1,5,2,0.195,4860.568,1,1,11997996,11997996,11998031,383935872,0,0,lineitem,2150,222776,0,0,0,0,0
2026-07-27T15:46:04Z,F346E7F692C196A7,14.23,queries/Functions/09-04_string/format.sql,measured,2,2,5,2,0.030,4819.281,1,1,11997996,11997996,11998031,383935872,0,0,lineitem,2176,222744,0,0,0,0,0
2026-07-27T15:46:04Z,F346E7F692C196A7,14.23,queries/Functions/09-04_string/format.sql,measured,2,3,5,2,0.029,4822.350,1,1,11997996,11997996,11998031,383935872,0,0,lineitem,2208,222712,0,0,0,0,0
2026-07-27T15:46:04Z,F346E7F692C196A7,14.23,queries/Functions/09-04_string/format.sql,measured,2,4,5,2,0.047,4822.279,1,1,11997996,11997996,11998031,383935872,0,0,lineitem,2240,222680,0,0,0,0,0
2026-07-27T15:46:04Z,F346E7F692C196A7,14.23,queries/Functions/09-04_string/format.sql,measured,2,5,5,2,0.030,4817.100,1,1,11997996,11997996,11998031,383935872,0,0,lineitem,2272,222648,0,0,0,0,0
2026-07-27T15:46:12Z,F346E7F692C196A7,14.23,queries/Functions/09-04_string/initcap.sql,warmup,1,1,1,2,0.168,8037.563,1,1,11997996,11997996,11998031,383935872,0,0,lineitem,2304,222616,0,0,0,0,0
2026-07-27T15:46:20Z,F346E7F692C196A7,14.23,queries/Functions/09-04_string/initcap.sql,warmup,2,1,1,2,0.174,7996.042,1,1,11997996,11997996,11998031,383935872,0,0,lineitem,2336,222584,0,0,0,0,0
2026-07-27T15:47:00Z,F346E7F692C196A7,14.23,queries/Functions/09-04_string/initcap.sql,measured,1,1,5,2,0.172,8006.233,1,1,11997996,11997996,11998031,383935872,0,0,lineitem,2368,222552,0,0,0,0,0
2026-07-27T15:47:00Z,F346E7F692C196A7,14.23,queries/Functions/09-04_string/initcap.sql,measured,1,2,5,2,0.034,7955.122,1,1,11997996,11997996,11998031,383935872,0,0,lineitem,2400,222520,0,0,0,0,0
2026-07-27T15:47:00Z,F346E7F692C196A7,14.23,queries/Functions/09-04_string/initcap.sql,measured,1,3,5,2,0.030,7965.029,1,1,11997996,11997996,11998031,383935872,0,0,lineitem,2432,222488,0,0,0,0,0
2026-07-27T15:47:00Z,F346E7F692C196A7,14.23,queries/Functions/09-04_string/initcap.sql,measured,1,4,5,2,0.030,7959.812,1,1,11997996,11997996,11998031,383935872,0,0,lineitem,2464,222456,0,0,0,0,0
2026-07-27T15:47:00Z,F346E7F692C196A7,14.23,queries/Functions/09-04_string/initcap.sql,measured,1,5,5,2,0.030,7975.057,1,1,11997996,11997996,11998031,383935872,0,0,lineitem,2496,222424,0,0,0,0,0
2026-07-27T15:47:40Z,F346E7F692C196A7,14.23,queries/Functions/09-04_string/initcap.sql,measured,2,1,5,2,0.183,7983.750,1,1,11997996,11997996,11998031,383935872,0,0,lineitem,2528,222392,0,0,0,0,0
2026-07-27T15:47:40Z,F346E7F692C196A7,14.23,queries/Functions/09-04_string/initcap.sql,measured,2,2,5,2,0.030,7958.186,1,1,11997996,11997996,11998031,383935872,0,0,lineitem,2560,222360,0,0,0,0,0
2026-07-27T15:47:40Z,F346E7F692C196A7,14.23,queries/Functions/09-04_string/initcap.sql,measured,2,3,5,2,0.031,7955.847,1,1,11997996,11997996,11998031,383935872,0,0,lineitem,2592,222328,0,0,0,0,0
2026-07-27T15:47:40Z,F346E7F692C196A7,14.23,queries/Functions/09-04_string/initcap.sql,measured,2,4,5,2,0.030,7961.629,1,1,11997996,11997996,11998031,383935872,0,0,lineitem,2624,222296,0,0,0,0,0
2026-07-27T15:47:40Z,F346E7F692C196A7,14.23,queries/Functions/09-04_string/initcap.sql,measured,2,5,5,2,0.031,7957.448,1,1,11997996,11997996,11998031,383935872,0,0,lineitem,2656,222264,0,0,0,0,0
2026-07-27T15:47:43Z,F346E7F692C196A7,14.23,queries/Functions/09-04_string/left.sql,warmup,1,1,1,2,0.190,2945.469,1,1,11997996,11997996,11998031,383935872,0,0,lineitem,2688,222232,0,0,0,0,0
2026-07-27T15:47:46Z,F346E7F692C196A7,14.23,queries/Functions/09-04_string/left.sql,warmup,2,1,1,2,0.189,2931.092,1,1,11997996,11997996,11998031,383935872,0,0,lineitem,2720,222200,0,0,0,0,0
2026-07-27T15:48:01Z,F346E7F692C196A7,14.23,queries/Functions/09-04_string/left.sql,measured,1,1,5,2,0.171,2936.705,1,1,11997996,11997996,11998031,383935872,0,0,lineitem,2752,222168,0,0,0,0,0
2026-07-27T15:48:01Z,F346E7F692C196A7,14.23,queries/Functions/09-04_string/left.sql,measured,1,2,5,2,0.049,2913.417,1,1,11997996,11997996,11998031,383935872,0,0,lineitem,2784,222136,0,0,0,0,0
2026-07-27T15:48:01Z,F346E7F692C196A7,14.23,queries/Functions/09-04_string/left.sql,measured,1,3,5,2,0.030,2920.598,1,1,11997996,11997996,11998031,383935872,0,0,lineitem,2816,222104,0,0,0,0,0
2026-07-27T15:48:01Z,F346E7F692C196A7,14.23,queries/Functions/09-04_string/left.sql,measured,1,4,5,2,0.030,2913.187,1,1,11997996,11997996,11998031,383935872,0,0,lineitem,2848,222072,0,0,0,0,0
2026-07-27T15:48:01Z,F346E7F692C196A7,14.23,queries/Functions/09-04_string/left.sql,measured,1,5,5,2,0.030,2909.792,1,1,11997996,11997996,11998031,383935872,0,0,lineitem,2880,222040,0,0,0,0,0
2026-07-27T15:48:15Z,F346E7F692C196A7,14.23,queries/Functions/09-04_string/left.sql,measured,2,1,5,2,0.185,2941.358,1,1,11997996,11997996,11998031,383935872,0,0,lineitem,2912,222008,0,0,0,0,0
2026-07-27T15:48:15Z,F346E7F692C196A7,14.23,queries/Functions/09-04_string/left.sql,measured,2,2,5,2,0.030,2916.593,1,1,11997996,11997996,11998031,383935872,0,0,lineitem,2944,221976,0,0,0,0,0
2026-07-27T15:48:15Z,F346E7F692C196A7,14.23,queries/Functions/09-04_string/left.sql,measured,2,3,5,2,0.030,2924.577,1,1,11997996,11997996,11998031,383935872,0,0,lineitem,2976,221944,0,0,0,0,0
2026-07-27T15:48:15Z,F346E7F692C196A7,14.23,queries/Functions/09-04_string/left.sql,measured,2,4,5,2,0.030,2927.244,1,1,11997996,11997996,11998031,383935872,0,0,lineitem,3008,221912,0,0,0,0,0
2026-07-27T15:48:15Z,F346E7F692C196A7,14.23,queries/Functions/09-04_string/left.sql,measured,2,5,5,2,0.030,2922.186,1,1,11997996,11997996,11998031,383935872,0,0,lineitem,3040,221880,0,0,0,0,0
2026-07-27T15:48:18Z,F346E7F692C196A7,14.23,queries/Functions/09-04_string/length.sql,warmup,1,1,1,2,0.173,2916.088,1,1,11997996,11997996,11998031,47991984,0,0,lineitem,3072,221848,0,0,0,0,0
2026-07-27T15:48:21Z,F346E7F692C196A7,14.23,queries/Functions/09-04_string/length.sql,warmup,2,1,1,2,0.159,2860.198,1,1,11997996,11997996,11998031,47991984,0,0,lineitem,3104,221816,0,0,0,0,0
2026-07-27T15:48:36Z,F346E7F692C196A7,14.23,queries/Functions/09-04_string/length.sql,measured,1,1,5,2,0.180,2887.600,1,1,11997996,11997996,11998031,47991984,0,0,lineitem,3136,221784,0,0,0,0,0
2026-07-27T15:48:36Z,F346E7F692C196A7,14.23,queries/Functions/09-04_string/length.sql,measured,1,2,5,2,0.030,2842.814,1,1,11997996,11997996,11998031,47991984,0,0,lineitem,3168,221752,0,0,0,0,0
2026-07-27T15:48:36Z,F346E7F692C196A7,14.23,queries/Functions/09-04_string/length.sql,measured,1,3,5,2,0.030,2847.804,1,1,11997996,11997996,11998031,47991984,0,0,lineitem,3200,221720,0,0,0,0,0
2026-07-27T15:48:36Z,F346E7F692C196A7,14.23,queries/Functions/09-04_string/length.sql,measured,1,4,5,2,0.030,2850.320,1,1,11997996,11997996,11998031,47991984,0,0,lineitem,3232,221688,0,0,0,0,0
2026-07-27T15:48:36Z,F346E7F692C196A7,14.23,queries/Functions/09-04_string/length.sql,measured,1,5,5,2,0.029,2852.574,1,1,11997996,11997996,11998031,47991984,0,0,lineitem,3264,221656,0,0,0,0,0
2026-07-27T15:48:50Z,F346E7F692C196A7,14.23,queries/Functions/09-04_string/length.sql,measured,2,1,5,2,0.161,2862.795,1,1,11997996,11997996,11998031,47991984,0,0,lineitem,3296,221624,0,0,0,0,0
2026-07-27T15:48:50Z,F346E7F692C196A7,14.23,queries/Functions/09-04_string/length.sql,measured,2,2,5,2,0.030,2849.846,1,1,11997996,11997996,11998031,47991984,0,0,lineitem,3328,221592,0,0,0,0,0
2026-07-27T15:48:50Z,F346E7F692C196A7,14.23,queries/Functions/09-04_string/length.sql,measured,2,3,5,2,0.030,2837.948,1,1,11997996,11997996,11998031,47991984,0,0,lineitem,3360,221560,0,0,0,0,0
2026-07-27T15:48:50Z,F346E7F692C196A7,14.23,queries/Functions/09-04_string/length.sql,measured,2,4,5,2,0.030,2842.771,1,1,11997996,11997996,11998031,47991984,0,0,lineitem,3392,221528,0,0,0,0,0
2026-07-27T15:48:50Z,F346E7F692C196A7,14.23,queries/Functions/09-04_string/length.sql,measured,2,5,5,2,0.030,2850.770,1,1,11997996,11997996,11998031,47991984,0,0,lineitem,3424,221496,0,0,0,0,0
2026-07-27T15:48:56Z,F346E7F692C196A7,14.23,queries/Functions/09-04_string/lower.sql,warmup,1,1,1,2,0.190,6505.180,1,1,11997996,11997996,11998031,383935872,0,0,lineitem,3456,221464,0,0,0,0,0
2026-07-27T15:49:03Z,F346E7F692C196A7,14.23,queries/Functions/09-04_string/lower.sql,warmup,2,1,1,2,0.184,6515.661,1,1,11997996,11997996,11998031,383935872,0,0,lineitem,3488,221432,0,0,0,0,0
2026-07-27T15:49:36Z,F346E7F692C196A7,14.23,queries/Functions/09-04_string/lower.sql,measured,1,1,5,2,0.171,6538.221,1,1,11997996,11997996,11998031,383935872,0,0,lineitem,3520,221400,0,0,0,0,0
2026-07-27T15:49:36Z,F346E7F692C196A7,14.23,queries/Functions/09-04_string/lower.sql,measured,1,2,5,2,0.030,6501.304,1,1,11997996,11997996,11998031,383935872,0,0,lineitem,3552,221368,0,0,0,0,0
2026-07-27T15:49:36Z,F346E7F692C196A7,14.23,queries/Functions/09-04_string/lower.sql,measured,1,3,5,2,0.048,6509.844,1,1,11997996,11997996,11998031,383935872,0,0,lineitem,3584,221336,0,0,0,0,0
2026-07-27T15:49:36Z,F346E7F692C196A7,14.23,queries/Functions/09-04_string/lower.sql,measured,1,4,5,2,0.030,6505.293,1,1,11997996,11997996,11998031,383935872,0,0,lineitem,3616,221304,0,0,0,0,0
2026-07-27T15:49:36Z,F346E7F692C196A7,14.23,queries/Functions/09-04_string/lower.sql,measured,1,5,5,2,0.030,6493.243,1,1,11997996,11997996,11998031,383935872,0,0,lineitem,3648,221272,0,0,0,0,0
2026-07-27T15:50:08Z,F346E7F692C196A7,14.23,queries/Functions/09-04_string/lower.sql,measured,2,1,5,2,0.171,6506.521,1,1,11997996,11997996,11998031,383935872,0,0,lineitem,3680,221240,0,0,0,0,0
2026-07-27T15:50:08Z,F346E7F692C196A7,14.23,queries/Functions/09-04_string/lower.sql,measured,2,2,5,2,0.031,6480.742,1,1,11997996,11997996,11998031,383935872,0,0,lineitem,3712,221208,0,0,0,0,0
2026-07-27T15:50:08Z,F346E7F692C196A7,14.23,queries/Functions/09-04_string/lower.sql,measured,2,3,5,2,0.030,6495.432,1,1,11997996,11997996,11998031,383935872,0,0,lineitem,3744,221176,0,0,0,0,0
2026-07-27T15:50:08Z,F346E7F692C196A7,14.23,queries/Functions/09-04_string/lower.sql,measured,2,4,5,2,0.030,6482.575,1,1,11997996,11997996,11998031,383935872,0,0,lineitem,3776,221144,0,0,0,0,0
2026-07-27T15:50:08Z,F346E7F692C196A7,14.23,queries/Functions/09-04_string/lower.sql,measured,2,5,5,2,0.030,6485.149,1,1,11997996,11997996,11998031,383935872,0,0,lineitem,3808,221112,0,0,0,0,0
2026-07-27T15:50:14Z,F346E7F692C196A7,14.23,queries/Functions/09-04_string/lpad.sql,warmup,1,1,1,2,0.173,5824.449,1,1,11997996,11997996,11998031,383935872,0,0,lineitem,3840,221080,0,0,0,0,0
2026-07-27T15:50:20Z,F346E7F692C196A7,14.23,queries/Functions/09-04_string/lpad.sql,warmup,2,1,1,2,0.187,5822.451,1,1,11997996,11997996,11998031,383935872,0,0,lineitem,3872,221048,0,0,0,0,0
2026-07-27T15:50:49Z,F346E7F692C196A7,14.23,queries/Functions/09-04_string/lpad.sql,measured,1,1,5,2,0.189,5821.236,1,1,11997996,11997996,11998031,383935872,0,0,lineitem,3904,221016,0,0,0,0,0
2026-07-27T15:50:49Z,F346E7F692C196A7,14.23,queries/Functions/09-04_string/lpad.sql,measured,1,2,5,2,0.030,5816.005,1,1,11997996,11997996,11998031,383935872,0,0,lineitem,3936,220984,0,0,0,0,0
2026-07-27T15:50:49Z,F346E7F692C196A7,14.23,queries/Functions/09-04_string/lpad.sql,measured,1,3,5,2,0.031,5792.814,1,1,11997996,11997996,11998031,383935872,0,0,lineitem,3968,220952,0,0,0,0,0
2026-07-27T15:50:49Z,F346E7F692C196A7,14.23,queries/Functions/09-04_string/lpad.sql,measured,1,4,5,2,0.031,5810.348,1,1,11997996,11997996,11998031,383935872,0,0,lineitem,4000,220920,0,0,0,0,0
2026-07-27T15:50:49Z,F346E7F692C196A7,14.23,queries/Functions/09-04_string/lpad.sql,measured,1,5,5,2,0.031,5833.454,1,1,11997996,11997996,11998031,383935872,0,0,lineitem,4032,220888,0,0,0,0,0
2026-07-27T15:51:18Z,F346E7F692C196A7,14.23,queries/Functions/09-04_string/lpad.sql,measured,2,1,5,2,0.194,5800.112,1,1,11997996,11997996,11998031,383935872,0,0,lineitem,4064,220856,0,0,0,0,0
2026-07-27T15:51:18Z,F346E7F692C196A7,14.23,queries/Functions/09-04_string/lpad.sql,measured,2,2,5,2,0.031,5772.585,1,1,11997996,11997996,11998031,383935872,0,0,lineitem,4096,220824,0,0,0,0,0
2026-07-27T15:51:18Z,F346E7F692C196A7,14.23,queries/Functions/09-04_string/lpad.sql,measured,2,3,5,2,0.031,5773.024,1,1,11997996,11997996,11998031,383935872,0,0,lineitem,4128,220792,0,0,0,0,0
2026-07-27T15:51:18Z,F346E7F692C196A7,14.23,queries/Functions/09-04_string/lpad.sql,measured,2,4,5,2,0.047,5768.542,1,1,11997996,11997996,11998031,383935872,0,0,lineitem,4160,220760,0,0,0,0,0
2026-07-27T15:51:18Z,F346E7F692C196A7,14.23,queries/Functions/09-04_string/lpad.sql,measured,2,5,5,2,0.031,5775.617,1,1,11997996,11997996,11998031,383935872,0,0,lineitem,4192,220728,0,0,0,0,0
2026-07-27T15:51:23Z,F346E7F692C196A7,14.23,queries/Functions/09-04_string/ltrim.sql,warmup,1,1,1,2,0.194,4492.662,1,1,11997996,11997996,11998031,383935872,0,0,lineitem,4224,220696,0,0,0,0,0
2026-07-27T15:51:27Z,F346E7F692C196A7,14.23,queries/Functions/09-04_string/ltrim.sql,warmup,2,1,1,2,0.181,4482.511,1,1,11997996,11997996,11998031,383935872,0,0,lineitem,4256,220664,0,0,0,0,0
2026-07-27T15:51:50Z,F346E7F692C196A7,14.23,queries/Functions/09-04_string/ltrim.sql,measured,1,1,5,2,0.173,4488.237,1,1,11997996,11997996,11998031,383935872,0,0,lineitem,4288,220632,0,0,0,0,0
2026-07-27T15:51:50Z,F346E7F692C196A7,14.23,queries/Functions/09-04_string/ltrim.sql,measured,1,2,5,2,0.031,4469.791,1,1,11997996,11997996,11998031,383935872,0,0,lineitem,4320,220600,0,0,0,0,0
2026-07-27T15:51:50Z,F346E7F692C196A7,14.23,queries/Functions/09-04_string/ltrim.sql,measured,1,3,5,2,0.030,4473.516,1,1,11997996,11997996,11998031,383935872,0,0,lineitem,4352,220568,0,0,0,0,0
2026-07-27T15:51:50Z,F346E7F692C196A7,14.23,queries/Functions/09-04_string/ltrim.sql,measured,1,4,5,2,0.030,4475.047,1,1,11997996,11997996,11998031,383935872,0,0,lineitem,4384,220536,0,0,0,0,0
2026-07-27T15:51:50Z,F346E7F692C196A7,14.23,queries/Functions/09-04_string/ltrim.sql,measured,1,5,5,2,0.030,4477.855,1,1,11997996,11997996,11998031,383935872,0,0,lineitem,4416,220504,0,0,0,0,0
2026-07-27T15:52:12Z,F346E7F692C196A7,14.23,queries/Functions/09-04_string/ltrim.sql,measured,2,1,5,2,0.190,4487.194,1,1,11997996,11997996,11998031,383935872,0,0,lineitem,4448,220472,0,0,0,0,0
2026-07-27T15:52:12Z,F346E7F692C196A7,14.23,queries/Functions/09-04_string/ltrim.sql,measured,2,2,5,2,0.030,4459.578,1,1,11997996,11997996,11998031,383935872,0,0,lineitem,4480,220440,0,0,0,0,0
2026-07-27T15:52:12Z,F346E7F692C196A7,14.23,queries/Functions/09-04_string/ltrim.sql,measured,2,3,5,2,0.030,4457.968,1,1,11997996,11997996,11998031,383935872,0,0,lineitem,4512,220408,0,0,0,0,0
2026-07-27T15:52:12Z,F346E7F692C196A7,14.23,queries/Functions/09-04_string/ltrim.sql,measured,2,4,5,2,0.030,4464.327,1,1,11997996,11997996,11998031,383935872,0,0,lineitem,4544,220376,0,0,0,0,0
2026-07-27T15:52:12Z,F346E7F692C196A7,14.23,queries/Functions/09-04_string/ltrim.sql,measured,2,5,5,2,0.030,4452.800,1,1,11997996,11997996,11998031,383935872,0,0,lineitem,4576,220344,0,0,0,0,0
2026-07-27T15:52:22Z,F346E7F692C196A7,14.23,queries/Functions/09-04_string/md5.sql,warmup,1,1,1,2,0.199,10168.986,1,1,11997996,11997996,11998031,383935872,0,0,lineitem,4608,220312,0,0,0,0,0
2026-07-27T15:52:33Z,F346E7F692C196A7,14.23,queries/Functions/09-04_string/md5.sql,warmup,2,1,1,2,0.170,10310.872,1,1,11997996,11997996,11998031,383935872,0,0,lineitem,4640,220280,0,0,0,0,0
2026-07-27T15:53:24Z,F346E7F692C196A7,14.23,queries/Functions/09-04_string/md5.sql,measured,1,1,5,2,0.170,10222.561,1,1,11997996,11997996,11998031,383935872,0,0,lineitem,4672,220248,0,0,0,0,0
2026-07-27T15:53:24Z,F346E7F692C196A7,14.23,queries/Functions/09-04_string/md5.sql,measured,1,2,5,2,0.030,10223.065,1,1,11997996,11997996,11998031,383935872,0,0,lineitem,4704,220216,0,0,0,0,0
2026-07-27T15:53:24Z,F346E7F692C196A7,14.23,queries/Functions/09-04_string/md5.sql,measured,1,3,5,2,0.030,10240.996,1,1,11997996,11997996,11998031,383935872,0,0,lineitem,4736,220184,0,0,0,0,0
2026-07-27T15:53:24Z,F346E7F692C196A7,14.23,queries/Functions/09-04_string/md5.sql,measured,1,4,5,2,0.030,10244.677,1,1,11997996,11997996,11998031,383935872,0,0,lineitem,4768,220152,0,0,0,0,0
2026-07-27T15:53:24Z,F346E7F692C196A7,14.23,queries/Functions/09-04_string/md5.sql,measured,1,5,5,2,0.030,10243.152,1,1,11997996,11997996,11998031,383935872,0,0,lineitem,4800,220120,0,0,0,0,0
2026-07-27T15:54:15Z,F346E7F692C196A7,14.23,queries/Functions/09-04_string/md5.sql,measured,2,1,5,2,0.172,10232.093,1,1,11997996,11997996,11998031,383935872,0,0,lineitem,4832,220088,0,0,0,0,0
2026-07-27T15:54:15Z,F346E7F692C196A7,14.23,queries/Functions/09-04_string/md5.sql,measured,2,2,5,2,0.031,10228.696,1,1,11997996,11997996,11998031,383935872,0,0,lineitem,4864,220056,0,0,0,0,0
2026-07-27T15:54:15Z,F346E7F692C196A7,14.23,queries/Functions/09-04_string/md5.sql,measured,2,3,5,2,0.030,10226.705,1,1,11997996,11997996,11998031,383935872,0,0,lineitem,4896,220024,0,0,0,0,0
2026-07-27T15:54:15Z,F346E7F692C196A7,14.23,queries/Functions/09-04_string/md5.sql,measured,2,4,5,2,0.031,10236.276,1,1,11997996,11997996,11998031,383935872,0,0,lineitem,4928,219992,0,0,0,0,0
2026-07-27T15:54:15Z,F346E7F692C196A7,14.23,queries/Functions/09-04_string/md5.sql,measured,2,5,5,2,0.030,10214.426,1,1,11997996,11997996,11998031,383935872,0,0,lineitem,4960,219960,0,0,0,0,0
2026-07-27T15:54:18Z,F346E7F692C196A7,14.23,queries/Functions/09-04_string/octet_length.sql,warmup,1,1,1,2,0.213,2132.358,1,1,11997996,11997996,11998031,47991984,0,0,lineitem,4992,219928,0,0,0,0,0
2026-07-27T15:54:20Z,F346E7F692C196A7,14.23,queries/Functions/09-04_string/octet_length.sql,warmup,2,1,1,2,0.159,2136.307,1,1,11997996,11997996,11998031,47991984,0,0,lineitem,5024,219896,0,0,0,0,0
2026-07-27T15:54:30Z,F346E7F692C196A7,14.23,queries/Functions/09-04_string/octet_length.sql,measured,1,1,5,2,0.157,2131.312,1,1,11997996,11997996,11998031,47991984,0,0,lineitem,5056,219864,0,0,0,0,0
2026-07-27T15:54:30Z,F346E7F692C196A7,14.23,queries/Functions/09-04_string/octet_length.sql,measured,1,2,5,2,0.030,2105.607,1,1,11997996,11997996,11998031,47991984,0,0,lineitem,5088,219832,0,0,0,0,0
2026-07-27T15:54:30Z,F346E7F692C196A7,14.23,queries/Functions/09-04_string/octet_length.sql,measured,1,3,5,2,0.030,2103.992,1,1,11997996,11997996,11998031,47991984,0,0,lineitem,5120,219800,0,0,0,0,0
2026-07-27T15:54:30Z,F346E7F692C196A7,14.23,queries/Functions/09-04_string/octet_length.sql,measured,1,4,5,2,0.029,2105.903,1,1,11997996,11997996,11998031,47991984,0,0,lineitem,5152,219768,0,0,0,0,0
2026-07-27T15:54:30Z,F346E7F692C196A7,14.23,queries/Functions/09-04_string/octet_length.sql,measured,1,5,5,2,0.029,2099.244,1,1,11997996,11997996,11998031,47991984,0,0,lineitem,5184,219736,0,0,0,0,0
2026-07-27T15:54:41Z,F346E7F692C196A7,14.23,queries/Functions/09-04_string/octet_length.sql,measured,2,1,5,2,0.175,2127.553,1,1,11997996,11997996,11998031,47991984,0,0,lineitem,5216,219704,0,0,0,0,0
2026-07-27T15:54:41Z,F346E7F692C196A7,14.23,queries/Functions/09-04_string/octet_length.sql,measured,2,2,5,2,0.031,2105.139,1,1,11997996,11997996,11998031,47991984,0,0,lineitem,5248,219672,0,0,0,0,0
2026-07-27T15:54:41Z,F346E7F692C196A7,14.23,queries/Functions/09-04_string/octet_length.sql,measured,2,3,5,2,0.030,2104.440,1,1,11997996,11997996,11998031,47991984,0,0,lineitem,5280,219640,0,0,0,0,0
2026-07-27T15:54:41Z,F346E7F692C196A7,14.23,queries/Functions/09-04_string/octet_length.sql,measured,2,4,5,2,0.030,2104.900,1,1,11997996,11997996,11998031,47991984,0,0,lineitem,5312,219608,0,0,0,0,0
2026-07-27T15:54:41Z,F346E7F692C196A7,14.23,queries/Functions/09-04_string/octet_length.sql,measured,2,5,5,2,0.030,2109.203,1,1,11997996,11997996,11998031,47991984,0,0,lineitem,5344,219576,0,0,0,0,0
2026-07-27T15:54:46Z,F346E7F692C196A7,14.23,queries/Functions/09-04_string/overlay.sql,warmup,1,1,1,2,0.187,4477.301,1,1,11997996,11997996,11998031,383935872,0,0,lineitem,5376,219544,0,0,0,0,0
2026-07-27T15:54:50Z,F346E7F692C196A7,14.23,queries/Functions/09-04_string/overlay.sql,warmup,2,1,1,2,0.181,4489.736,1,1,11997996,11997996,11998031,383935872,0,0,lineitem,5408,219512,0,0,0,0,0
2026-07-27T15:55:12Z,F346E7F692C196A7,14.23,queries/Functions/09-04_string/overlay.sql,measured,1,1,5,2,0.170,4478.836,1,1,11997996,11997996,11998031,383935872,0,0,lineitem,5440,219480,0,0,0,0,0
2026-07-27T15:55:12Z,F346E7F692C196A7,14.23,queries/Functions/09-04_string/overlay.sql,measured,1,2,5,2,0.031,4460.120,1,1,11997996,11997996,11998031,383935872,0,0,lineitem,5472,219448,0,0,0,0,0
2026-07-27T15:55:12Z,F346E7F692C196A7,14.23,queries/Functions/09-04_string/overlay.sql,measured,1,3,5,2,0.030,4455.530,1,1,11997996,11997996,11998031,383935872,0,0,lineitem,5504,219416,0,0,0,0,0
2026-07-27T15:55:12Z,F346E7F692C196A7,14.23,queries/Functions/09-04_string/overlay.sql,measured,1,4,5,2,0.031,4461.755,1,1,11997996,11997996,11998031,383935872,0,0,lineitem,5536,219384,0,0,0,0,0
2026-07-27T15:55:12Z,F346E7F692C196A7,14.23,queries/Functions/09-04_string/overlay.sql,measured,1,5,5,2,0.030,4454.379,1,1,11997996,11997996,11998031,383935872,0,0,lineitem,5568,219352,0,0,0,0,0
2026-07-27T15:55:35Z,F346E7F692C196A7,14.23,queries/Functions/09-04_string/overlay.sql,measured,2,1,5,2,0.169,4493.951,1,1,11997996,11997996,11998031,383935872,0,0,lineitem,5600,219320,0,0,0,0,0
2026-07-27T15:55:35Z,F346E7F692C196A7,14.23,queries/Functions/09-04_string/overlay.sql,measured,2,2,5,2,0.031,4457.280,1,1,11997996,11997996,11998031,383935872,0,0,lineitem,5632,219288,0,0,0,0,0
2026-07-27T15:55:35Z,F346E7F692C196A7,14.23,queries/Functions/09-04_string/overlay.sql,measured,2,3,5,2,0.031,4469.573,1,1,11997996,11997996,11998031,383935872,0,0,lineitem,5664,219256,0,0,0,0,0
2026-07-27T15:55:35Z,F346E7F692C196A7,14.23,queries/Functions/09-04_string/overlay.sql,measured,2,4,5,2,0.031,4451.230,1,1,11997996,11997996,11998031,383935872,0,0,lineitem,5696,219224,0,0,0,0,0
2026-07-27T15:55:35Z,F346E7F692C196A7,14.23,queries/Functions/09-04_string/overlay.sql,measured,2,5,5,2,0.030,4453.785,1,1,11997996,11997996,11998031,383935872,0,0,lineitem,5728,219192,0,0,0,0,0
2026-07-27T15:55:38Z,F346E7F692C196A7,14.23,queries/Functions/09-04_string/position.sql,warmup,1,1,1,2,0.194,3160.686,1,1,11997996,11997996,11998031,47991984,0,0,lineitem,5760,219160,0,0,0,0,0
2026-07-27T15:55:41Z,F346E7F692C196A7,14.23,queries/Functions/09-04_string/position.sql,warmup,2,1,1,2,0.178,3166.098,1,1,11997996,11997996,11998031,47991984,0,0,lineitem,5792,219128,0,0,0,0,0
2026-07-27T15:55:57Z,F346E7F692C196A7,14.23,queries/Functions/09-04_string/position.sql,measured,1,1,5,2,0.178,3159.822,1,1,11997996,11997996,11998031,47991984,0,0,lineitem,5824,219096,0,0,0,0,0
2026-07-27T15:55:57Z,F346E7F692C196A7,14.23,queries/Functions/09-04_string/position.sql,measured,1,2,5,2,0.030,3137.498,1,1,11997996,11997996,11998031,47991984,0,0,lineitem,5856,219064,0,0,0,0,0
2026-07-27T15:55:57Z,F346E7F692C196A7,14.23,queries/Functions/09-04_string/position.sql,measured,1,3,5,2,0.031,3140.268,1,1,11997996,11997996,11998031,47991984,0,0,lineitem,5888,219032,0,0,0,0,0
2026-07-27T15:55:57Z,F346E7F692C196A7,14.23,queries/Functions/09-04_string/position.sql,measured,1,4,5,2,0.030,3137.648,1,1,11997996,11997996,11998031,47991984,0,0,lineitem,5920,219000,0,0,0,0,0
2026-07-27T15:55:57Z,F346E7F692C196A7,14.23,queries/Functions/09-04_string/position.sql,measured,1,5,5,2,0.030,3133.380,1,1,11997996,11997996,11998031,47991984,0,0,lineitem,5952,218968,0,0,0,0,0
2026-07-27T15:56:13Z,F346E7F692C196A7,14.23,queries/Functions/09-04_string/position.sql,measured,2,1,5,2,0.180,3164.378,1,1,11997996,11997996,11998031,47991984,0,0,lineitem,5984,218936,0,0,0,0,0
2026-07-27T15:56:13Z,F346E7F692C196A7,14.23,queries/Functions/09-04_string/position.sql,measured,2,2,5,2,0.030,3133.884,1,1,11997996,11997996,11998031,47991984,0,0,lineitem,6016,218904,0,0,0,0,0
2026-07-27T15:56:13Z,F346E7F692C196A7,14.23,queries/Functions/09-04_string/position.sql,measured,2,3,5,2,0.030,3138.236,1,1,11997996,11997996,11998031,47991984,0,0,lineitem,6048,218872,0,0,0,0,0
2026-07-27T15:56:13Z,F346E7F692C196A7,14.23,queries/Functions/09-04_string/position.sql,measured,2,4,5,2,0.031,3140.167,1,1,11997996,11997996,11998031,47991984,0,0,lineitem,6080,218840,0,0,0,0,0
2026-07-27T15:56:13Z,F346E7F692C196A7,14.23,queries/Functions/09-04_string/position.sql,measured,2,5,5,2,0.030,3137.229,1,1,11997996,11997996,11998031,47991984,0,0,lineitem,6112,218808,0,0,0,0,0
2026-07-27T15:56:17Z,F346E7F692C196A7,14.23,queries/Functions/09-04_string/quote_ident.sql,warmup,1,1,1,2,0.165,4210.175,1,1,11997996,11997996,11998031,383935872,0,0,lineitem,6144,218776,0,0,0,0,0
2026-07-27T15:56:21Z,F346E7F692C196A7,14.23,queries/Functions/09-04_string/quote_ident.sql,warmup,2,1,1,2,0.166,4209.170,1,1,11997996,11997996,11998031,383935872,0,0,lineitem,6176,218744,0,0,0,0,0
2026-07-27T15:56:43Z,F346E7F692C196A7,14.23,queries/Functions/09-04_string/quote_ident.sql,measured,1,1,5,2,0.164,4218.671,1,1,11997996,11997996,11998031,383935872,0,0,lineitem,6208,218712,0,0,0,0,0
2026-07-27T15:56:43Z,F346E7F692C196A7,14.23,queries/Functions/09-04_string/quote_ident.sql,measured,1,2,5,2,0.030,4192.086,1,1,11997996,11997996,11998031,383935872,0,0,lineitem,6240,218680,0,0,0,0,0
2026-07-27T15:56:43Z,F346E7F692C196A7,14.23,queries/Functions/09-04_string/quote_ident.sql,measured,1,3,5,2,0.030,4193.474,1,1,11997996,11997996,11998031,383935872,0,0,lineitem,6272,218648,0,0,0,0,0
2026-07-27T15:56:43Z,F346E7F692C196A7,14.23,queries/Functions/09-04_string/quote_ident.sql,measured,1,4,5,2,0.030,4194.309,1,1,11997996,11997996,11998031,383935872,0,0,lineitem,6304,218616,0,0,0,0,0
2026-07-27T15:56:43Z,F346E7F692C196A7,14.23,queries/Functions/09-04_string/quote_ident.sql,measured,1,5,5,2,0.048,4193.348,1,1,11997996,11997996,11998031,383935872,0,0,lineitem,6336,218584,0,0,0,0,0
2026-07-27T15:57:04Z,F346E7F692C196A7,14.23,queries/Functions/09-04_string/quote_ident.sql,measured,2,1,5,2,0.180,4213.087,1,1,11997996,11997996,11998031,383935872,0,0,lineitem,6368,218552,0,0,0,0,0
2026-07-27T15:57:04Z,F346E7F692C196A7,14.23,queries/Functions/09-04_string/quote_ident.sql,measured,2,2,5,2,0.039,4190.106,1,1,11997996,11997996,11998031,383935872,0,0,lineitem,6400,218520,0,0,0,0,0
2026-07-27T15:57:04Z,F346E7F692C196A7,14.23,queries/Functions/09-04_string/quote_ident.sql,measured,2,3,5,2,0.030,4195.106,1,1,11997996,11997996,11998031,383935872,0,0,lineitem,6432,218488,0,0,0,0,0
2026-07-27T15:57:04Z,F346E7F692C196A7,14.23,queries/Functions/09-04_string/quote_ident.sql,measured,2,4,5,2,0.030,4192.894,1,1,11997996,11997996,11998031,383935872,0,0,lineitem,6464,218456,0,0,0,0,0
2026-07-27T15:57:04Z,F346E7F692C196A7,14.23,queries/Functions/09-04_string/quote_ident.sql,measured,2,5,5,2,0.030,4191.533,1,1,11997996,11997996,11998031,383935872,0,0,lineitem,6496,218424,0,0,0,0,0
2026-07-27T15:57:06Z,F346E7F692C196A7,14.23,queries/Functions/09-04_string/quote_literal.sql,warmup,1,1,1,2,0.168,2890.123,1,1,11997996,11997996,11998031,383935872,0,0,lineitem,6528,218392,0,0,0,0,0
2026-07-27T15:57:09Z,F346E7F692C196A7,14.23,queries/Functions/09-04_string/quote_literal.sql,warmup,2,1,1,2,0.168,2875.921,1,1,11997996,11997996,11998031,383935872,0,0,lineitem,6560,218360,0,0,0,0,0
2026-07-27T15:57:24Z,F346E7F692C196A7,14.23,queries/Functions/09-04_string/quote_literal.sql,measured,1,1,5,2,0.174,2886.875,1,1,11997996,11997996,11998031,383935872,0,0,lineitem,6592,218328,0,0,0,0,0
2026-07-27T15:57:24Z,F346E7F692C196A7,14.23,queries/Functions/09-04_string/quote_literal.sql,measured,1,2,5,2,0.030,2863.141,1,1,11997996,11997996,11998031,383935872,0,0,lineitem,6624,218296,0,0,0,0,0
2026-07-27T15:57:24Z,F346E7F692C196A7,14.23,queries/Functions/09-04_string/quote_literal.sql,measured,1,3,5,2,0.031,2866.702,1,1,11997996,11997996,11998031,383935872,0,0,lineitem,6656,218264,0,0,0,0,0
2026-07-27T15:57:24Z,F346E7F692C196A7,14.23,queries/Functions/09-04_string/quote_literal.sql,measured,1,4,5,2,0.030,2857.241,1,1,11997996,11997996,11998031,383935872,0,0,lineitem,6688,218232,0,0,0,0,0
2026-07-27T15:57:24Z,F346E7F692C196A7,14.23,queries/Functions/09-04_string/quote_literal.sql,measured,1,5,5,2,0.030,2870.562,1,1,11997996,11997996,11998031,383935872,0,0,lineitem,6720,218200,0,0,0,0,0
2026-07-27T15:57:38Z,F346E7F692C196A7,14.23,queries/Functions/09-04_string/quote_literal.sql,measured,2,1,5,2,0.167,2883.886,1,1,11997996,11997996,11998031,383935872,0,0,lineitem,6752,218168,0,0,0,0,0
2026-07-27T15:57:38Z,F346E7F692C196A7,14.23,queries/Functions/09-04_string/quote_literal.sql,measured,2,2,5,2,0.031,2859.676,1,1,11997996,11997996,11998031,383935872,0,0,lineitem,6784,218136,0,0,0,0,0
2026-07-27T15:57:38Z,F346E7F692C196A7,14.23,queries/Functions/09-04_string/quote_literal.sql,measured,2,3,5,2,0.030,2865.909,1,1,11997996,11997996,11998031,383935872,0,0,lineitem,6816,218104,0,0,0,0,0
2026-07-27T15:57:38Z,F346E7F692C196A7,14.23,queries/Functions/09-04_string/quote_literal.sql,measured,2,4,5,2,0.030,2860.759,1,1,11997996,11997996,11998031,383935872,0,0,lineitem,6848,218072,0,0,0,0,0
2026-07-27T15:57:38Z,F346E7F692C196A7,14.23,queries/Functions/09-04_string/quote_literal.sql,measured,2,5,5,2,0.047,2860.340,1,1,11997996,11997996,11998031,383935872,0,0,lineitem,6880,218040,0,0,0,0,0
2026-07-27T15:57:41Z,F346E7F692C196A7,14.23,queries/Functions/09-04_string/repeat.sql,warmup,1,1,1,2,0.168,2580.776,1,1,11997996,11997996,11998031,383935872,0,0,lineitem,6912,218008,0,0,0,0,0
2026-07-27T15:57:44Z,F346E7F692C196A7,14.23,queries/Functions/09-04_string/repeat.sql,warmup,2,1,1,2,0.185,2584.875,1,1,11997996,11997996,11998031,383935872,0,0,lineitem,6944,217976,0,0,0,0,0
2026-07-27T15:57:56Z,F346E7F692C196A7,14.23,queries/Functions/09-04_string/repeat.sql,measured,1,1,5,2,0.170,2580.451,1,1,11997996,11997996,11998031,383935872,0,0,lineitem,6976,217944,0,0,0,0,0
2026-07-27T15:57:56Z,F346E7F692C196A7,14.23,queries/Functions/09-04_string/repeat.sql,measured,1,2,5,2,0.030,2553.488,1,1,11997996,11997996,11998031,383935872,0,0,lineitem,7008,217912,0,0,0,0,0
2026-07-27T15:57:56Z,F346E7F692C196A7,14.23,queries/Functions/09-04_string/repeat.sql,measured,1,3,5,2,0.031,2556.972,1,1,11997996,11997996,11998031,383935872,0,0,lineitem,7040,217880,0,0,0,0,0
2026-07-27T15:57:56Z,F346E7F692C196A7,14.23,queries/Functions/09-04_string/repeat.sql,measured,1,4,5,2,0.031,2557.936,1,1,11997996,11997996,11998031,383935872,0,0,lineitem,7072,217848,0,0,0,0,0
2026-07-27T15:57:56Z,F346E7F692C196A7,14.23,queries/Functions/09-04_string/repeat.sql,measured,1,5,5,2,0.030,2563.593,1,1,11997996,11997996,11998031,383935872,0,0,lineitem,7104,217816,0,0,0,0,0
2026-07-27T15:58:09Z,F346E7F692C196A7,14.23,queries/Functions/09-04_string/repeat.sql,measured,2,1,5,2,0.170,2584.263,1,1,11997996,11997996,11998031,383935872,0,0,lineitem,7136,217784,0,0,0,0,0
2026-07-27T15:58:09Z,F346E7F692C196A7,14.23,queries/Functions/09-04_string/repeat.sql,measured,2,2,5,2,0.031,2558.288,1,1,11997996,11997996,11998031,383935872,0,0,lineitem,7168,217752,0,0,0,0,0
2026-07-27T15:58:09Z,F346E7F692C196A7,14.23,queries/Functions/09-04_string/repeat.sql,measured,2,3,5,2,0.030,2557.242,1,1,11997996,11997996,11998031,383935872,0,0,lineitem,7200,217720,0,0,0,0,0
2026-07-27T15:58:09Z,F346E7F692C196A7,14.23,queries/Functions/09-04_string/repeat.sql,measured,2,4,5,2,0.030,2551.727,1,1,11997996,11997996,11998031,383935872,0,0,lineitem,7232,217688,0,0,0,0,0
2026-07-27T15:58:09Z,F346E7F692C196A7,14.23,queries/Functions/09-04_string/repeat.sql,measured,2,5,5,2,0.030,2548.682,1,1,11997996,11997996,11998031,383935872,0,0,lineitem,7264,217656,0,0,0,0,0
2026-07-27T15:58:13Z,F346E7F692C196A7,14.23,queries/Functions/09-04_string/replace.sql,warmup,1,1,1,2,0.184,3688.431,1,1,11997996,11997996,11998031,383935872,0,0,lineitem,7296,217624,0,0,0,0,0
2026-07-27T15:58:17Z,F346E7F692C196A7,14.23,queries/Functions/09-04_string/replace.sql,warmup,2,1,1,2,0.183,3689.688,1,1,11997996,11997996,11998031,383935872,0,0,lineitem,7328,217592,0,0,0,0,0
2026-07-27T15:58:35Z,F346E7F692C196A7,14.23,queries/Functions/09-04_string/replace.sql,measured,1,1,5,2,0.173,3687.366,1,1,11997996,11997996,11998031,383935872,0,0,lineitem,7360,217560,0,0,0,0,0
2026-07-27T15:58:35Z,F346E7F692C196A7,14.23,queries/Functions/09-04_string/replace.sql,measured,1,2,5,2,0.031,3676.852,1,1,11997996,11997996,11998031,383935872,0,0,lineitem,7392,217528,0,0,0,0,0
2026-07-27T15:58:35Z,F346E7F692C196A7,14.23,queries/Functions/09-04_string/replace.sql,measured,1,3,5,2,0.030,3669.826,1,1,11997996,11997996,11998031,383935872,0,0,lineitem,7424,217496,0,0,0,0,0
2026-07-27T15:58:35Z,F346E7F692C196A7,14.23,queries/Functions/09-04_string/replace.sql,measured,1,4,5,2,0.031,3666.932,1,1,11997996,11997996,11998031,383935872,0,0,lineitem,7456,217464,0,0,0,0,0
2026-07-27T15:58:35Z,F346E7F692C196A7,14.23,queries/Functions/09-04_string/replace.sql,measured,1,5,5,2,0.030,3673.396,1,1,11997996,11997996,11998031,383935872,0,0,lineitem,7488,217432,0,0,0,0,0
2026-07-27T15:58:54Z,F346E7F692C196A7,14.23,queries/Functions/09-04_string/replace.sql,measured,2,1,5,2,0.173,3684.920,1,1,11997996,11997996,11998031,383935872,0,0,lineitem,7520,217400,0,0,0,0,0
2026-07-27T15:58:54Z,F346E7F692C196A7,14.23,queries/Functions/09-04_string/replace.sql,measured,2,2,5,2,0.030,3657.715,1,1,11997996,11997996,11998031,383935872,0,0,lineitem,7552,217368,0,0,0,0,0
2026-07-27T15:58:54Z,F346E7F692C196A7,14.23,queries/Functions/09-04_string/replace.sql,measured,2,3,5,2,0.030,3662.990,1,1,11997996,11997996,11998031,383935872,0,0,lineitem,7584,217336,0,0,0,0,0
2026-07-27T15:58:54Z,F346E7F692C196A7,14.23,queries/Functions/09-04_string/replace.sql,measured,2,4,5,2,0.031,3658.882,1,1,11997996,11997996,11998031,383935872,0,0,lineitem,7616,217304,0,0,0,0,0
2026-07-27T15:58:54Z,F346E7F692C196A7,14.23,queries/Functions/09-04_string/replace.sql,measured,2,5,5,2,0.048,3658.780,1,1,11997996,11997996,11998031,383935872,0,0,lineitem,7648,217272,0,0,0,0,0
2026-07-27T15:58:58Z,F346E7F692C196A7,14.23,queries/Functions/09-04_string/reverse.sql,warmup,1,1,1,2,0.168,3840.434,1,1,11997996,11997996,11998031,383935872,0,0,lineitem,7680,217240,0,0,0,0,0
2026-07-27T15:59:02Z,F346E7F692C196A7,14.23,queries/Functions/09-04_string/reverse.sql,warmup,2,1,1,2,0.170,3837.193,1,1,11997996,11997996,11998031,383935872,0,0,lineitem,7712,217208,0,0,0,0,0
2026-07-27T15:59:21Z,F346E7F692C196A7,14.23,queries/Functions/09-04_string/reverse.sql,measured,1,1,5,2,0.188,3844.174,1,1,11997996,11997996,11998031,383935872,0,0,lineitem,7744,217176,0,0,0,0,0
2026-07-27T15:59:21Z,F346E7F692C196A7,14.23,queries/Functions/09-04_string/reverse.sql,measured,1,2,5,2,0.030,3819.823,1,1,11997996,11997996,11998031,383935872,0,0,lineitem,7776,217144,0,0,0,0,0
2026-07-27T15:59:21Z,F346E7F692C196A7,14.23,queries/Functions/09-04_string/reverse.sql,measured,1,3,5,2,0.030,3826.023,1,1,11997996,11997996,11998031,383935872,0,0,lineitem,7808,217112,0,0,0,0,0
2026-07-27T15:59:21Z,F346E7F692C196A7,14.23,queries/Functions/09-04_string/reverse.sql,measured,1,4,5,2,0.030,3807.440,1,1,11997996,11997996,11998031,383935872,0,0,lineitem,7840,217080,0,0,0,0,0
2026-07-27T15:59:21Z,F346E7F692C196A7,14.23,queries/Functions/09-04_string/reverse.sql,measured,1,5,5,2,0.030,3816.042,1,1,11997996,11997996,11998031,383935872,0,0,lineitem,7872,217048,0,0,0,0,0
2026-07-27T15:59:40Z,F346E7F692C196A7,14.23,queries/Functions/09-04_string/reverse.sql,measured,2,1,5,2,0.175,3851.404,1,1,11997996,11997996,11998031,383935872,0,0,lineitem,7904,217016,0,0,0,0,0
2026-07-27T15:59:40Z,F346E7F692C196A7,14.23,queries/Functions/09-04_string/reverse.sql,measured,2,2,5,2,0.030,3817.770,1,1,11997996,11997996,11998031,383935872,0,0,lineitem,7936,216984,0,0,0,0,0
2026-07-27T15:59:40Z,F346E7F692C196A7,14.23,queries/Functions/09-04_string/reverse.sql,measured,2,3,5,2,0.031,3810.435,1,1,11997996,11997996,11998031,383935872,0,0,lineitem,7968,216952,0,0,0,0,0
2026-07-27T15:59:40Z,F346E7F692C196A7,14.23,queries/Functions/09-04_string/reverse.sql,measured,2,4,5,2,0.030,3810.442,1,1,11997996,11997996,11998031,383935872,0,0,lineitem,8000,216920,0,0,0,0,0
2026-07-27T15:59:40Z,F346E7F692C196A7,14.23,queries/Functions/09-04_string/reverse.sql,measured,2,5,5,2,0.030,3805.542,1,1,11997996,11997996,11998031,383935872,0,0,lineitem,8032,216888,0,0,0,0,0
2026-07-27T15:59:44Z,F346E7F692C196A7,14.23,queries/Functions/09-04_string/right.sql,warmup,1,1,1,2,0.174,3854.075,1,1,11997996,11997996,11998031,383935872,0,0,lineitem,8064,216856,0,0,0,0,0
2026-07-27T15:59:48Z,F346E7F692C196A7,14.23,queries/Functions/09-04_string/right.sql,warmup,2,1,1,2,0.175,3858.394,1,1,11997996,11997996,11998031,383935872,0,0,lineitem,8096,216824,0,0,0,0,0
2026-07-27T16:00:07Z,F346E7F692C196A7,14.23,queries/Functions/09-04_string/right.sql,measured,1,1,5,2,0.192,3860.060,1,1,11997996,11997996,11998031,383935872,0,0,lineitem,8128,216792,0,0,0,0,0
2026-07-27T16:00:07Z,F346E7F692C196A7,14.23,queries/Functions/09-04_string/right.sql,measured,1,2,5,2,0.031,3841.483,1,1,11997996,11997996,11998031,383935872,0,0,lineitem,8160,216760,0,0,0,0,0
2026-07-27T16:00:07Z,F346E7F692C196A7,14.23,queries/Functions/09-04_string/right.sql,measured,1,3,5,2,0.036,3841.829,1,1,11997996,11997996,11998031,383935872,0,0,lineitem,8192,216728,0,0,0,0,0
2026-07-27T16:00:07Z,F346E7F692C196A7,14.23,queries/Functions/09-04_string/right.sql,measured,1,4,5,2,0.030,3838.983,1,1,11997996,11997996,11998031,383935872,0,0,lineitem,8224,216696,0,0,0,0,0
2026-07-27T16:00:07Z,F346E7F692C196A7,14.23,queries/Functions/09-04_string/right.sql,measured,1,5,5,2,0.031,3842.628,1,1,11997996,11997996,11998031,383935872,0,0,lineitem,8256,216664,0,0,0,0,0
2026-07-27T16:00:26Z,F346E7F692C196A7,14.23,queries/Functions/09-04_string/right.sql,measured,2,1,5,2,0.186,3864.449,1,1,11997996,11997996,11998031,383935872,0,0,lineitem,8288,216632,0,0,0,0,0
2026-07-27T16:00:26Z,F346E7F692C196A7,14.23,queries/Functions/09-04_string/right.sql,measured,2,2,5,2,0.030,3832.143,1,1,11997996,11997996,11998031,383935872,0,0,lineitem,8320,216600,0,0,0,0,0
2026-07-27T16:00:26Z,F346E7F692C196A7,14.23,queries/Functions/09-04_string/right.sql,measured,2,3,5,2,0.031,3834.690,1,1,11997996,11997996,11998031,383935872,0,0,lineitem,8352,216568,0,0,0,0,0
2026-07-27T16:00:26Z,F346E7F692C196A7,14.23,queries/Functions/09-04_string/right.sql,measured,2,4,5,2,0.031,3842.544,1,1,11997996,11997996,11998031,383935872,0,0,lineitem,8384,216536,0,0,0,0,0
2026-07-27T16:00:26Z,F346E7F692C196A7,14.23,queries/Functions/09-04_string/right.sql,measured,2,5,5,2,0.031,3845.247,1,1,11997996,11997996,11998031,383935872,0,0,lineitem,8416,216504,0,0,0,0,0
2026-07-27T16:00:32Z,F346E7F692C196A7,14.23,queries/Functions/09-04_string/rpad.sql,warmup,1,1,1,2,0.192,6114.583,1,1,11997996,11997996,11998031,383935872,0,0,lineitem,8448,216472,0,0,0,0,0
2026-07-27T16:00:39Z,F346E7F692C196A7,14.23,queries/Functions/09-04_string/rpad.sql,warmup,2,1,1,2,0.181,6096.908,1,1,11997996,11997996,11998031,383935872,0,0,lineitem,8480,216440,0,0,0,0,0
2026-07-27T16:01:09Z,F346E7F692C196A7,14.23,queries/Functions/09-04_string/rpad.sql,measured,1,1,5,2,0.188,6110.755,1,1,11997996,11997996,11998031,383935872,0,0,lineitem,8512,216408,0,0,0,0,0
2026-07-27T16:01:09Z,F346E7F692C196A7,14.23,queries/Functions/09-04_string/rpad.sql,measured,1,2,5,2,0.048,6062.916,1,1,11997996,11997996,11998031,383935872,0,0,lineitem,8544,216376,0,0,0,0,0
2026-07-27T16:01:09Z,F346E7F692C196A7,14.23,queries/Functions/09-04_string/rpad.sql,measured,1,3,5,2,0.038,6080.890,1,1,11997996,11997996,11998031,383935872,0,0,lineitem,8576,216344,0,0,0,0,0
2026-07-27T16:01:09Z,F346E7F692C196A7,14.23,queries/Functions/09-04_string/rpad.sql,measured,1,4,5,2,0.030,6075.620,1,1,11997996,11997996,11998031,383935872,0,0,lineitem,8608,216312,0,0,0,0,0
2026-07-27T16:01:09Z,F346E7F692C196A7,14.23,queries/Functions/09-04_string/rpad.sql,measured,1,5,5,2,0.031,6086.933,1,1,11997996,11997996,11998031,383935872,0,0,lineitem,8640,216280,0,0,0,0,0
2026-07-27T16:01:40Z,F346E7F692C196A7,14.23,queries/Functions/09-04_string/rpad.sql,measured,2,1,5,2,0.199,6108.314,1,1,11997996,11997996,11998031,383935872,0,0,lineitem,8672,216248,0,0,0,0,0
2026-07-27T16:01:40Z,F346E7F692C196A7,14.23,queries/Functions/09-04_string/rpad.sql,measured,2,2,5,2,0.031,6085.952,1,1,11997996,11997996,11998031,383935872,0,0,lineitem,8704,216216,0,0,0,0,0
2026-07-27T16:01:40Z,F346E7F692C196A7,14.23,queries/Functions/09-04_string/rpad.sql,measured,2,3,5,2,0.030,6071.039,1,1,11997996,11997996,11998031,383935872,0,0,lineitem,8736,216184,0,0,0,0,0
2026-07-27T16:01:40Z,F346E7F692C196A7,14.23,queries/Functions/09-04_string/rpad.sql,measured,2,4,5,2,0.043,6090.674,1,1,11997996,11997996,11998031,383935872,0,0,lineitem,8768,216152,0,0,0,0,0
2026-07-27T16:01:40Z,F346E7F692C196A7,14.23,queries/Functions/09-04_string/rpad.sql,measured,2,5,5,2,0.030,6078.484,1,1,11997996,11997996,11998031,383935872,0,0,lineitem,8800,216120,0,0,0,0,0
2026-07-27T16:01:44Z,F346E7F692C196A7,14.23,queries/Functions/09-04_string/rtrim.sql,warmup,1,1,1,2,0.186,4459.820,1,1,11997996,11997996,11998031,383935872,0,0,lineitem,8832,216088,0,0,0,0,0
2026-07-27T16:01:49Z,F346E7F692C196A7,14.23,queries/Functions/09-04_string/rtrim.sql,warmup,2,1,1,2,0.189,4454.710,1,1,11997996,11997996,11998031,383935872,0,0,lineitem,8864,216056,0,0,0,0,0
2026-07-27T16:02:11Z,F346E7F692C196A7,14.23,queries/Functions/09-04_string/rtrim.sql,measured,1,1,5,2,0.176,4476.598,1,1,11997996,11997996,11998031,383935872,0,0,lineitem,8896,216024,0,0,0,0,0
2026-07-27T16:02:11Z,F346E7F692C196A7,14.23,queries/Functions/09-04_string/rtrim.sql,measured,1,2,5,2,0.030,4438.937,1,1,11997996,11997996,11998031,383935872,0,0,lineitem,8928,215992,0,0,0,0,0
2026-07-27T16:02:11Z,F346E7F692C196A7,14.23,queries/Functions/09-04_string/rtrim.sql,measured,1,3,5,2,0.030,4439.774,1,1,11997996,11997996,11998031,383935872,0,0,lineitem,8960,215960,0,0,0,0,0
2026-07-27T16:02:11Z,F346E7F692C196A7,14.23,queries/Functions/09-04_string/rtrim.sql,measured,1,4,5,2,0.029,4441.563,1,1,11997996,11997996,11998031,383935872,0,0,lineitem,8992,215928,0,0,0,0,0
2026-07-27T16:02:11Z,F346E7F692C196A7,14.23,queries/Functions/09-04_string/rtrim.sql,measured,1,5,5,2,0.030,4434.690,1,1,11997996,11997996,11998031,383935872,0,0,lineitem,9024,215896,0,0,0,0,0
2026-07-27T16:02:33Z,F346E7F692C196A7,14.23,queries/Functions/09-04_string/rtrim.sql,measured,2,1,5,2,0.175,4458.251,1,1,11997996,11997996,11998031,383935872,0,0,lineitem,9056,215864,0,0,0,0,0
2026-07-27T16:02:33Z,F346E7F692C196A7,14.23,queries/Functions/09-04_string/rtrim.sql,measured,2,2,5,2,0.030,4431.939,1,1,11997996,11997996,11998031,383935872,0,0,lineitem,9088,215832,0,0,0,0,0
2026-07-27T16:02:33Z,F346E7F692C196A7,14.23,queries/Functions/09-04_string/rtrim.sql,measured,2,3,5,2,0.030,4444.537,1,1,11997996,11997996,11998031,383935872,0,0,lineitem,9120,215800,0,0,0,0,0
2026-07-27T16:02:33Z,F346E7F692C196A7,14.23,queries/Functions/09-04_string/rtrim.sql,measured,2,4,5,2,0.030,4426.258,1,1,11997996,11997996,11998031,383935872,0,0,lineitem,9152,215768,0,0,0,0,0
2026-07-27T16:02:33Z,F346E7F692C196A7,14.23,queries/Functions/09-04_string/rtrim.sql,measured,2,5,5,2,0.030,4435.593,1,1,11997996,11997996,11998031,383935872,0,0,lineitem,9184,215736,0,0,0,0,0
2026-07-27T16:02:36Z,F346E7F692C196A7,14.23,queries/Functions/09-04_string/split_part.sql,warmup,1,1,1,2,0.172,2991.476,1,1,11997996,11997996,11998031,383935872,0,0,lineitem,9216,215704,0,0,0,0,0
2026-07-27T16:02:39Z,F346E7F692C196A7,14.23,queries/Functions/09-04_string/split_part.sql,warmup,2,1,1,2,0.186,2976.353,1,1,11997996,11997996,11998031,383935872,0,0,lineitem,9248,215672,0,0,0,0,0
2026-07-27T16:02:54Z,F346E7F692C196A7,14.23,queries/Functions/09-04_string/split_part.sql,measured,1,1,5,2,0.174,2983.948,1,1,11997996,11997996,11998031,383935872,0,0,lineitem,9280,215640,0,0,0,0,0
2026-07-27T16:02:54Z,F346E7F692C196A7,14.23,queries/Functions/09-04_string/split_part.sql,measured,1,2,5,2,0.031,2952.222,1,1,11997996,11997996,11998031,383935872,0,0,lineitem,9312,215608,0,0,0,0,0
2026-07-27T16:02:54Z,F346E7F692C196A7,14.23,queries/Functions/09-04_string/split_part.sql,measured,1,3,5,2,0.030,2947.750,1,1,11997996,11997996,11998031,383935872,0,0,lineitem,9344,215576,0,0,0,0,0
2026-07-27T16:02:54Z,F346E7F692C196A7,14.23,queries/Functions/09-04_string/split_part.sql,measured,1,4,5,2,0.030,2947.371,1,1,11997996,11997996,11998031,383935872,0,0,lineitem,9376,215544,0,0,0,0,0
2026-07-27T16:02:54Z,F346E7F692C196A7,14.23,queries/Functions/09-04_string/split_part.sql,measured,1,5,5,2,0.030,2949.824,1,1,11997996,11997996,11998031,383935872,0,0,lineitem,9408,215512,0,0,0,0,0
2026-07-27T16:03:09Z,F346E7F692C196A7,14.23,queries/Functions/09-04_string/split_part.sql,measured,2,1,5,2,0.183,2976.101,1,1,11997996,11997996,11998031,383935872,0,0,lineitem,9440,215480,0,0,0,0,0
2026-07-27T16:03:09Z,F346E7F692C196A7,14.23,queries/Functions/09-04_string/split_part.sql,measured,2,2,5,2,0.031,2947.305,1,1,11997996,11997996,11998031,383935872,0,0,lineitem,9472,215448,0,0,0,0,0
2026-07-27T16:03:09Z,F346E7F692C196A7,14.23,queries/Functions/09-04_string/split_part.sql,measured,2,3,5,2,0.030,2947.310,1,1,11997996,11997996,11998031,383935872,0,0,lineitem,9504,215416,0,0,0,0,0
2026-07-27T16:03:09Z,F346E7F692C196A7,14.23,queries/Functions/09-04_string/split_part.sql,measured,2,4,5,2,0.030,2946.442,1,1,11997996,11997996,11998031,383935872,0,0,lineitem,9536,215384,0,0,0,0,0
2026-07-27T16:03:09Z,F346E7F692C196A7,14.23,queries/Functions/09-04_string/split_part.sql,measured,2,5,5,2,0.030,2950.647,1,1,11997996,11997996,11998031,383935872,0,0,lineitem,9568,215352,0,0,0,0,0
2026-07-27T16:03:12Z,F346E7F692C196A7,14.23,queries/Functions/09-04_string/starts_with.sql,warmup,1,1,1,2,0.181,3042.465,1,1,11997996,11997996,11998031,11997996,0,0,lineitem,9600,215320,0,0,0,0,0
2026-07-27T16:03:15Z,F346E7F692C196A7,14.23,queries/Functions/09-04_string/starts_with.sql,warmup,2,1,1,2,0.184,3050.208,1,1,11997996,11997996,11998031,11997996,0,0,lineitem,9632,215288,0,0,0,0,0
2026-07-27T16:03:30Z,F346E7F692C196A7,14.23,queries/Functions/09-04_string/starts_with.sql,measured,1,1,5,2,0.170,3043.444,1,1,11997996,11997996,11998031,11997996,0,0,lineitem,9664,215256,0,0,0,0,0
2026-07-27T16:03:30Z,F346E7F692C196A7,14.23,queries/Functions/09-04_string/starts_with.sql,measured,1,2,5,2,0.031,3020.659,1,1,11997996,11997996,11998031,11997996,0,0,lineitem,9696,215224,0,0,0,0,0
2026-07-27T16:03:30Z,F346E7F692C196A7,14.23,queries/Functions/09-04_string/starts_with.sql,measured,1,3,5,2,0.030,3027.779,1,1,11997996,11997996,11998031,11997996,0,0,lineitem,9728,215192,0,0,0,0,0
2026-07-27T16:03:30Z,F346E7F692C196A7,14.23,queries/Functions/09-04_string/starts_with.sql,measured,1,4,5,2,0.031,3015.368,1,1,11997996,11997996,11998031,11997996,0,0,lineitem,9760,215160,0,0,0,0,0
2026-07-27T16:03:30Z,F346E7F692C196A7,14.23,queries/Functions/09-04_string/starts_with.sql,measured,1,5,5,2,0.031,3021.473,1,1,11997996,11997996,11998031,11997996,0,0,lineitem,9792,215128,0,0,0,0,0
2026-07-27T16:03:46Z,F346E7F692C196A7,14.23,queries/Functions/09-04_string/starts_with.sql,measured,2,1,5,2,0.177,3047.344,1,1,11997996,11997996,11998031,11997996,0,0,lineitem,9824,215096,0,0,0,0,0
2026-07-27T16:03:46Z,F346E7F692C196A7,14.23,queries/Functions/09-04_string/starts_with.sql,measured,2,2,5,2,0.030,3022.862,1,1,11997996,11997996,11998031,11997996,0,0,lineitem,9856,215064,0,0,0,0,0
2026-07-27T16:03:46Z,F346E7F692C196A7,14.23,queries/Functions/09-04_string/starts_with.sql,measured,2,3,5,2,0.030,3028.392,1,1,11997996,11997996,11998031,11997996,0,0,lineitem,9888,215032,0,0,0,0,0
2026-07-27T16:03:46Z,F346E7F692C196A7,14.23,queries/Functions/09-04_string/starts_with.sql,measured,2,4,5,2,0.030,3030.491,1,1,11997996,11997996,11998031,11997996,0,0,lineitem,9920,215000,0,0,0,0,0
2026-07-27T16:03:46Z,F346E7F692C196A7,14.23,queries/Functions/09-04_string/starts_with.sql,measured,2,5,5,2,0.031,3024.567,1,1,11997996,11997996,11998031,11997996,0,0,lineitem,9952,214968,0,0,0,0,0
2026-07-27T16:03:49Z,F346E7F692C196A7,14.23,queries/Functions/09-04_string/strpos.sql,warmup,1,1,1,2,0.179,3167.848,1,1,11997996,11997996,11998031,47991984,0,0,lineitem,9984,214936,0,0,0,0,0
2026-07-27T16:03:52Z,F346E7F692C196A7,14.23,queries/Functions/09-04_string/strpos.sql,warmup,2,1,1,2,0.187,3163.555,1,1,11997996,11997996,11998031,47991984,0,0,lineitem,10016,214904,0,0,0,0,0
2026-07-27T16:04:08Z,F346E7F692C196A7,14.23,queries/Functions/09-04_string/strpos.sql,measured,1,1,5,2,0.186,3167.554,1,1,11997996,11997996,11998031,47991984,0,0,lineitem,10048,214872,0,0,0,0,0
2026-07-27T16:04:08Z,F346E7F692C196A7,14.23,queries/Functions/09-04_string/strpos.sql,measured,1,2,5,2,0.031,3141.185,1,1,11997996,11997996,11998031,47991984,0,0,lineitem,10080,214840,0,0,0,0,0
2026-07-27T16:04:08Z,F346E7F692C196A7,14.23,queries/Functions/09-04_string/strpos.sql,measured,1,3,5,2,0.031,3142.034,1,1,11997996,11997996,11998031,47991984,0,0,lineitem,10112,214808,0,0,0,0,0
2026-07-27T16:04:08Z,F346E7F692C196A7,14.23,queries/Functions/09-04_string/strpos.sql,measured,1,4,5,2,0.030,3139.917,1,1,11997996,11997996,11998031,47991984,0,0,lineitem,10144,214776,0,0,0,0,0
2026-07-27T16:04:08Z,F346E7F692C196A7,14.23,queries/Functions/09-04_string/strpos.sql,measured,1,5,5,2,0.030,3136.212,1,1,11997996,11997996,11998031,47991984,0,0,lineitem,10176,214744,0,0,0,0,0
2026-07-27T16:04:24Z,F346E7F692C196A7,14.23,queries/Functions/09-04_string/strpos.sql,measured,2,1,5,2,0.188,3162.814,1,1,11997996,11997996,11998031,47991984,0,0,lineitem,10208,214712,0,0,0,0,0
2026-07-27T16:04:24Z,F346E7F692C196A7,14.23,queries/Functions/09-04_string/strpos.sql,measured,2,2,5,2,0.048,3139.279,1,1,11997996,11997996,11998031,47991984,0,0,lineitem,10240,214680,0,0,0,0,0
2026-07-27T16:04:24Z,F346E7F692C196A7,14.23,queries/Functions/09-04_string/strpos.sql,measured,2,3,5,2,0.031,3140.300,1,1,11997996,11997996,11998031,47991984,0,0,lineitem,10272,214648,0,0,0,0,0
2026-07-27T16:04:24Z,F346E7F692C196A7,14.23,queries/Functions/09-04_string/strpos.sql,measured,2,4,5,2,0.030,3144.269,1,1,11997996,11997996,11998031,47991984,0,0,lineitem,10304,214616,0,0,0,0,0
2026-07-27T16:04:24Z,F346E7F692C196A7,14.23,queries/Functions/09-04_string/strpos.sql,measured,2,5,5,2,0.031,3143.012,1,1,11997996,11997996,11998031,47991984,0,0,lineitem,10336,214584,0,0,0,0,0
2026-07-27T16:04:27Z,F346E7F692C196A7,14.23,queries/Functions/09-04_string/substr.sql,warmup,1,1,1,2,0.175,2969.646,1,1,11997996,11997996,11998031,383935872,0,0,lineitem,10368,214552,0,0,0,0,0
2026-07-27T16:04:30Z,F346E7F692C196A7,14.23,queries/Functions/09-04_string/substr.sql,warmup,2,1,1,2,0.175,2965.446,1,1,11997996,11997996,11998031,383935872,0,0,lineitem,10400,214520,0,0,0,0,0
2026-07-27T16:04:45Z,F346E7F692C196A7,14.23,queries/Functions/09-04_string/substr.sql,measured,1,1,5,2,0.197,2964.243,1,1,11997996,11997996,11998031,383935872,0,0,lineitem,10432,214488,0,0,0,0,0
2026-07-27T16:04:45Z,F346E7F692C196A7,14.23,queries/Functions/09-04_string/substr.sql,measured,1,2,5,2,0.031,2940.604,1,1,11997996,11997996,11998031,383935872,0,0,lineitem,10464,214456,0,0,0,0,0
2026-07-27T16:04:45Z,F346E7F692C196A7,14.23,queries/Functions/09-04_string/substr.sql,measured,1,3,5,2,0.030,2936.114,1,1,11997996,11997996,11998031,383935872,0,0,lineitem,10496,214424,0,0,0,0,0
2026-07-27T16:04:45Z,F346E7F692C196A7,14.23,queries/Functions/09-04_string/substr.sql,measured,1,4,5,2,0.031,2932.172,1,1,11997996,11997996,11998031,383935872,0,0,lineitem,10528,214392,0,0,0,0,0
2026-07-27T16:04:45Z,F346E7F692C196A7,14.23,queries/Functions/09-04_string/substr.sql,measured,1,5,5,2,0.048,2933.611,1,1,11997996,11997996,11998031,383935872,0,0,lineitem,10560,214360,0,0,0,0,0
2026-07-27T16:04:59Z,F346E7F692C196A7,14.23,queries/Functions/09-04_string/substr.sql,measured,2,1,5,2,0.185,2962.209,1,1,11997996,11997996,11998031,383935872,0,0,lineitem,10592,214328,0,0,0,0,0
2026-07-27T16:04:59Z,F346E7F692C196A7,14.23,queries/Functions/09-04_string/substr.sql,measured,2,2,5,2,0.031,2934.801,1,1,11997996,11997996,11998031,383935872,0,0,lineitem,10624,214296,0,0,0,0,0
2026-07-27T16:04:59Z,F346E7F692C196A7,14.23,queries/Functions/09-04_string/substr.sql,measured,2,3,5,2,0.031,2936.401,1,1,11997996,11997996,11998031,383935872,0,0,lineitem,10656,214264,0,0,0,0,0
2026-07-27T16:04:59Z,F346E7F692C196A7,14.23,queries/Functions/09-04_string/substr.sql,measured,2,4,5,2,0.031,2944.487,1,1,11997996,11997996,11998031,383935872,0,0,lineitem,10688,214232,0,0,0,0,0
2026-07-27T16:04:59Z,F346E7F692C196A7,14.23,queries/Functions/09-04_string/substr.sql,measured,2,5,5,2,0.031,2938.925,1,1,11997996,11997996,11998031,383935872,0,0,lineitem,10720,214200,0,0,0,0,0
2026-07-27T16:05:02Z,F346E7F692C196A7,14.23,queries/Functions/09-04_string/substring.sql,warmup,1,1,1,2,0.198,2968.273,1,1,11997996,11997996,11998031,383935872,0,0,lineitem,10752,214168,0,0,0,0,0
2026-07-27T16:05:05Z,F346E7F692C196A7,14.23,queries/Functions/09-04_string/substring.sql,warmup,2,1,1,2,0.177,2959.621,1,1,11997996,11997996,11998031,383935872,0,0,lineitem,10784,214136,0,0,0,0,0
2026-07-27T16:05:20Z,F346E7F692C196A7,14.23,queries/Functions/09-04_string/substring.sql,measured,1,1,5,2,0.189,2966.098,1,1,11997996,11997996,11998031,383935872,0,0,lineitem,10816,214104,0,0,0,0,0
2026-07-27T16:05:20Z,F346E7F692C196A7,14.23,queries/Functions/09-04_string/substring.sql,measured,1,2,5,2,0.031,2930.045,1,1,11997996,11997996,11998031,383935872,0,0,lineitem,10848,214072,0,0,0,0,0
2026-07-27T16:05:20Z,F346E7F692C196A7,14.23,queries/Functions/09-04_string/substring.sql,measured,1,3,5,2,0.031,2933.472,1,1,11997996,11997996,11998031,383935872,0,0,lineitem,10880,214040,0,0,0,0,0
2026-07-27T16:05:20Z,F346E7F692C196A7,14.23,queries/Functions/09-04_string/substring.sql,measured,1,4,5,2,0.031,2931.326,1,1,11997996,11997996,11998031,383935872,0,0,lineitem,10912,214008,0,0,0,0,0
2026-07-27T16:05:20Z,F346E7F692C196A7,14.23,queries/Functions/09-04_string/substring.sql,measured,1,5,5,2,0.030,2930.515,1,1,11997996,11997996,11998031,383935872,0,0,lineitem,10944,213976,0,0,0,0,0
2026-07-27T16:05:35Z,F346E7F692C196A7,14.23,queries/Functions/09-04_string/substring.sql,measured,2,1,5,2,0.173,2965.983,1,1,11997996,11997996,11998031,383935872,0,0,lineitem,10976,213944,0,0,0,0,0
2026-07-27T16:05:35Z,F346E7F692C196A7,14.23,queries/Functions/09-04_string/substring.sql,measured,2,2,5,2,0.031,2934.067,1,1,11997996,11997996,11998031,383935872,0,0,lineitem,11008,213912,0,0,0,0,0
2026-07-27T16:05:35Z,F346E7F692C196A7,14.23,queries/Functions/09-04_string/substring.sql,measured,2,3,5,2,0.032,2941.929,1,1,11997996,11997996,11998031,383935872,0,0,lineitem,11040,213880,0,0,0,0,0
2026-07-27T16:05:35Z,F346E7F692C196A7,14.23,queries/Functions/09-04_string/substring.sql,measured,2,4,5,2,0.031,2945.727,1,1,11997996,11997996,11998031,383935872,0,0,lineitem,11072,213848,0,0,0,0,0
2026-07-27T16:05:35Z,F346E7F692C196A7,14.23,queries/Functions/09-04_string/substring.sql,measured,2,5,5,2,0.031,2940.643,1,1,11997996,11997996,11998031,383935872,0,0,lineitem,11104,213816,0,0,0,0,0
2026-07-27T16:05:36Z,F346E7F692C196A7,14.23,queries/Functions/09-04_string/to_hex.sql,warmup,1,1,1,2,0.313,1333.878,1,1,11997996,11997996,11998031,383935872,0,0,lineitem,309,18941,0,0,0,0,0
2026-07-27T16:05:38Z,F346E7F692C196A7,14.23,queries/Functions/09-04_string/to_hex.sql,warmup,2,1,1,2,0.261,1329.049,1,1,11997996,11997996,11998031,383935872,0,0,lineitem,309,18941,0,0,0,0,0
2026-07-27T16:05:44Z,F346E7F692C196A7,14.23,queries/Functions/09-04_string/to_hex.sql,measured,1,1,5,2,0.252,1338.219,1,1,11997996,11997996,11998031,383935872,0,0,lineitem,309,18941,0,0,0,0,0
2026-07-27T16:05:44Z,F346E7F692C196A7,14.23,queries/Functions/09-04_string/to_hex.sql,measured,1,2,5,2,0.038,1275.718,1,1,11997996,11997996,11998031,383935872,0,0,lineitem,309,18941,0,0,0,0,0
2026-07-27T16:05:44Z,F346E7F692C196A7,14.23,queries/Functions/09-04_string/to_hex.sql,measured,1,3,5,2,0.038,1274.637,1,1,11997996,11997996,11998031,383935872,0,0,lineitem,309,18941,0,0,0,0,0
2026-07-27T16:05:44Z,F346E7F692C196A7,14.23,queries/Functions/09-04_string/to_hex.sql,measured,1,4,5,2,0.045,1276.231,1,1,11997996,11997996,11998031,383935872,0,0,lineitem,309,18941,0,0,0,0,0
2026-07-27T16:05:44Z,F346E7F692C196A7,14.23,queries/Functions/09-04_string/to_hex.sql,measured,1,5,5,2,0.056,1276.672,1,1,11997996,11997996,11998031,383935872,0,0,lineitem,309,18941,0,0,0,0,0
2026-07-27T16:05:51Z,F346E7F692C196A7,14.23,queries/Functions/09-04_string/to_hex.sql,measured,2,1,5,2,0.345,1394.515,1,1,11997996,11997996,11998031,383935872,0,0,lineitem,309,18941,0,0,0,0,0
2026-07-27T16:05:51Z,F346E7F692C196A7,14.23,queries/Functions/09-04_string/to_hex.sql,measured,2,2,5,2,0.039,1342.071,1,1,11997996,11997996,11998031,383935872,0,0,lineitem,309,18941,0,0,0,0,0
2026-07-27T16:05:51Z,F346E7F692C196A7,14.23,queries/Functions/09-04_string/to_hex.sql,measured,2,3,5,2,0.038,1344.694,1,1,11997996,11997996,11998031,383935872,0,0,lineitem,309,18941,0,0,0,0,0
2026-07-27T16:05:51Z,F346E7F692C196A7,14.23,queries/Functions/09-04_string/to_hex.sql,measured,2,4,5,2,0.039,1347.154,1,1,11997996,11997996,11998031,383935872,0,0,lineitem,309,18941,0,0,0,0,0
2026-07-27T16:05:51Z,F346E7F692C196A7,14.23,queries/Functions/09-04_string/to_hex.sql,measured,2,5,5,2,0.039,1344.261,1,1,11997996,11997996,11998031,383935872,0,0,lineitem,309,18941,0,0,0,0,0
2026-07-27T16:06:00Z,F346E7F692C196A7,14.23,queries/Functions/09-04_string/translate.sql,warmup,1,1,1,2,0.270,8722.191,1,1,11997996,11997996,11998031,383935872,0,0,lineitem,0,224920,0,0,0,0,0
2026-07-27T16:06:09Z,F346E7F692C196A7,14.23,queries/Functions/09-04_string/translate.sql,warmup,2,1,1,2,0.182,8689.120,1,1,11997996,11997996,11998031,383935872,0,0,lineitem,32,224888,0,0,0,0,0
2026-07-27T16:06:52Z,F346E7F692C196A7,14.23,queries/Functions/09-04_string/translate.sql,measured,1,1,5,2,0.169,8717.555,1,1,11997996,11997996,11998031,383935872,0,0,lineitem,64,224856,0,0,0,0,0
2026-07-27T16:06:52Z,F346E7F692C196A7,14.23,queries/Functions/09-04_string/translate.sql,measured,1,2,5,2,0.031,8693.545,1,1,11997996,11997996,11998031,383935872,0,0,lineitem,96,224824,0,0,0,0,0
2026-07-27T16:06:52Z,F346E7F692C196A7,14.23,queries/Functions/09-04_string/translate.sql,measured,1,3,5,2,0.030,8709.340,1,1,11997996,11997996,11998031,383935872,0,0,lineitem,128,224792,0,0,0,0,0
2026-07-27T16:06:52Z,F346E7F692C196A7,14.23,queries/Functions/09-04_string/translate.sql,measured,1,4,5,2,0.030,8688.473,1,1,11997996,11997996,11998031,383935872,0,0,lineitem,160,224760,0,0,0,0,0
2026-07-27T16:06:52Z,F346E7F692C196A7,14.23,queries/Functions/09-04_string/translate.sql,measured,1,5,5,2,0.030,8698.775,1,1,11997996,11997996,11998031,383935872,0,0,lineitem,192,224728,0,0,0,0,0
2026-07-27T16:07:36Z,F346E7F692C196A7,14.23,queries/Functions/09-04_string/translate.sql,measured,2,1,5,2,0.182,8728.325,1,1,11997996,11997996,11998031,383935872,0,0,lineitem,224,224696,0,0,0,0,0
2026-07-27T16:07:36Z,F346E7F692C196A7,14.23,queries/Functions/09-04_string/translate.sql,measured,2,2,5,2,0.031,8704.271,1,1,11997996,11997996,11998031,383935872,0,0,lineitem,256,224664,0,0,0,0,0
2026-07-27T16:07:36Z,F346E7F692C196A7,14.23,queries/Functions/09-04_string/translate.sql,measured,2,3,5,2,0.030,8692.056,1,1,11997996,11997996,11998031,383935872,0,0,lineitem,288,224632,0,0,0,0,0
2026-07-27T16:07:36Z,F346E7F692C196A7,14.23,queries/Functions/09-04_string/translate.sql,measured,2,4,5,2,0.031,8708.887,1,1,11997996,11997996,11998031,383935872,0,0,lineitem,320,224600,0,0,0,0,0
2026-07-27T16:07:36Z,F346E7F692C196A7,14.23,queries/Functions/09-04_string/translate.sql,measured,2,5,5,2,0.030,8697.887,1,1,11997996,11997996,11998031,383935872,0,0,lineitem,352,224568,0,0,0,0,0
2026-07-27T16:07:40Z,F346E7F692C196A7,14.23,queries/Functions/09-04_string/trim_both.sql,warmup,1,1,1,2,0.182,4510.740,1,1,11997996,11997996,11998031,383935872,0,0,lineitem,384,224536,0,0,0,0,0
2026-07-27T16:07:45Z,F346E7F692C196A7,14.23,queries/Functions/09-04_string/trim_both.sql,warmup,2,1,1,2,0.184,4507.493,1,1,11997996,11997996,11998031,383935872,0,0,lineitem,416,224504,0,0,0,0,0
2026-07-27T16:08:08Z,F346E7F692C196A7,14.23,queries/Functions/09-04_string/trim_both.sql,measured,1,1,5,2,0.168,4513.062,1,1,11997996,11997996,11998031,383935872,0,0,lineitem,448,224472,0,0,0,0,0
2026-07-27T16:08:08Z,F346E7F692C196A7,14.23,queries/Functions/09-04_string/trim_both.sql,measured,1,2,5,2,0.031,4501.639,1,1,11997996,11997996,11998031,383935872,0,0,lineitem,480,224440,0,0,0,0,0
2026-07-27T16:08:08Z,F346E7F692C196A7,14.23,queries/Functions/09-04_string/trim_both.sql,measured,1,3,5,2,0.048,4480.192,1,1,11997996,11997996,11998031,383935872,0,0,lineitem,512,224408,0,0,0,0,0
2026-07-27T16:08:08Z,F346E7F692C196A7,14.23,queries/Functions/09-04_string/trim_both.sql,measured,1,4,5,2,0.030,4492.441,1,1,11997996,11997996,11998031,383935872,0,0,lineitem,544,224376,0,0,0,0,0
2026-07-27T16:08:08Z,F346E7F692C196A7,14.23,queries/Functions/09-04_string/trim_both.sql,measured,1,5,5,2,0.031,4478.678,1,1,11997996,11997996,11998031,383935872,0,0,lineitem,576,224344,0,0,0,0,0
2026-07-27T16:08:30Z,F346E7F692C196A7,14.23,queries/Functions/09-04_string/trim_both.sql,measured,2,1,5,2,0.185,4507.192,1,1,11997996,11997996,11998031,383935872,0,0,lineitem,608,224312,0,0,0,0,0
2026-07-27T16:08:30Z,F346E7F692C196A7,14.23,queries/Functions/09-04_string/trim_both.sql,measured,2,2,5,2,0.031,4492.751,1,1,11997996,11997996,11998031,383935872,0,0,lineitem,640,224280,0,0,0,0,0
2026-07-27T16:08:30Z,F346E7F692C196A7,14.23,queries/Functions/09-04_string/trim_both.sql,measured,2,3,5,2,0.030,4495.863,1,1,11997996,11997996,11998031,383935872,0,0,lineitem,672,224248,0,0,0,0,0
2026-07-27T16:08:30Z,F346E7F692C196A7,14.23,queries/Functions/09-04_string/trim_both.sql,measured,2,4,5,2,0.031,4514.782,1,1,11997996,11997996,11998031,383935872,0,0,lineitem,704,224216,0,0,0,0,0
2026-07-27T16:08:30Z,F346E7F692C196A7,14.23,queries/Functions/09-04_string/trim_both.sql,measured,2,5,5,2,0.030,4504.799,1,1,11997996,11997996,11998031,383935872,0,0,lineitem,736,224184,0,0,0,0,0
2026-07-27T16:08:37Z,F346E7F692C196A7,14.23,queries/Functions/09-04_string/upper.sql,warmup,1,1,1,2,0.170,6363.220,1,1,11997996,11997996,11998031,383935872,0,0,lineitem,768,224152,0,0,0,0,0
2026-07-27T16:08:43Z,F346E7F692C196A7,14.23,queries/Functions/09-04_string/upper.sql,warmup,2,1,1,2,0.187,6347.157,1,1,11997996,11997996,11998031,383935872,0,0,lineitem,800,224120,0,0,0,0,0
2026-07-27T16:09:15Z,F346E7F692C196A7,14.23,queries/Functions/09-04_string/upper.sql,measured,1,1,5,2,0.162,6448.356,1,1,11997996,11997996,11998031,383935872,0,0,lineitem,832,224088,0,0,0,0,0
2026-07-27T16:09:15Z,F346E7F692C196A7,14.23,queries/Functions/09-04_string/upper.sql,measured,1,2,5,2,0.031,6447.096,1,1,11997996,11997996,11998031,383935872,0,0,lineitem,864,224056,0,0,0,0,0
2026-07-27T16:09:15Z,F346E7F692C196A7,14.23,queries/Functions/09-04_string/upper.sql,measured,1,3,5,2,0.030,6444.422,1,1,11997996,11997996,11998031,383935872,0,0,lineitem,896,224024,0,0,0,0,0
2026-07-27T16:09:15Z,F346E7F692C196A7,14.23,queries/Functions/09-04_string/upper.sql,measured,1,4,5,2,0.031,6435.189,1,1,11997996,11997996,11998031,383935872,0,0,lineitem,928,223992,0,0,0,0,0
2026-07-27T16:09:15Z,F346E7F692C196A7,14.23,queries/Functions/09-04_string/upper.sql,measured,1,5,5,2,0.030,6433.056,1,1,11997996,11997996,11998031,383935872,0,0,lineitem,960,223960,0,0,0,0,0
2026-07-27T16:09:47Z,F346E7F692C196A7,14.23,queries/Functions/09-04_string/upper.sql,measured,2,1,5,2,0.174,6370.310,1,1,11997996,11997996,11998031,383935872,0,0,lineitem,992,223928,0,0,0,0,0
2026-07-27T16:09:47Z,F346E7F692C196A7,14.23,queries/Functions/09-04_string/upper.sql,measured,2,2,5,2,0.030,6357.790,1,1,11997996,11997996,11998031,383935872,0,0,lineitem,1024,223896,0,0,0,0,0
2026-07-27T16:09:47Z,F346E7F692C196A7,14.23,queries/Functions/09-04_string/upper.sql,measured,2,3,5,2,0.031,6345.936,1,1,11997996,11997996,11998031,383935872,0,0,lineitem,1056,223864,0,0,0,0,0
2026-07-27T16:09:47Z,F346E7F692C196A7,14.23,queries/Functions/09-04_string/upper.sql,measured,2,4,5,2,0.031,6333.646,1,1,11997996,11997996,11998031,383935872,0,0,lineitem,1088,223832,0,0,0,0,0
2026-07-27T16:09:47Z,F346E7F692C196A7,14.23,queries/Functions/09-04_string/upper.sql,measured,2,5,5,2,0.031,6347.816,1,1,11997996,11997996,11998031,383935872,0,0,lineitem,1120,223800,0,0,0,0,0
2026-07-27T16:09:50Z,F346E7F692C196A7,14.23,queries/Functions/09-05_binary_string/cast_bytea.sql,warmup,1,1,1,2,0.194,3136.457,1,1,11997996,11997996,11998031,383935872,0,0,lineitem,1152,223768,0,0,0,0,0
2026-07-27T16:09:54Z,F346E7F692C196A7,14.23,queries/Functions/09-05_binary_string/cast_bytea.sql,warmup,2,1,1,2,0.177,3167.986,1,1,11997996,11997996,11998031,383935872,0,0,lineitem,1184,223736,0,0,0,0,0
2026-07-27T16:10:09Z,F346E7F692C196A7,14.23,queries/Functions/09-05_binary_string/cast_bytea.sql,measured,1,1,5,2,0.178,3140.314,1,1,11997996,11997996,11998031,383935872,0,0,lineitem,1216,223704,0,0,0,0,0
2026-07-27T16:10:09Z,F346E7F692C196A7,14.23,queries/Functions/09-05_binary_string/cast_bytea.sql,measured,1,2,5,2,0.048,3120.002,1,1,11997996,11997996,11998031,383935872,0,0,lineitem,1248,223672,0,0,0,0,0
2026-07-27T16:10:09Z,F346E7F692C196A7,14.23,queries/Functions/09-05_binary_string/cast_bytea.sql,measured,1,3,5,2,0.031,3118.447,1,1,11997996,11997996,11998031,383935872,0,0,lineitem,1280,223640,0,0,0,0,0
2026-07-27T16:10:09Z,F346E7F692C196A7,14.23,queries/Functions/09-05_binary_string/cast_bytea.sql,measured,1,4,5,2,0.031,3119.526,1,1,11997996,11997996,11998031,383935872,0,0,lineitem,1312,223608,0,0,0,0,0
2026-07-27T16:10:09Z,F346E7F692C196A7,14.23,queries/Functions/09-05_binary_string/cast_bytea.sql,measured,1,5,5,2,0.031,3123.346,1,1,11997996,11997996,11998031,383935872,0,0,lineitem,1344,223576,0,0,0,0,0
2026-07-27T16:10:25Z,F346E7F692C196A7,14.23,queries/Functions/09-05_binary_string/cast_bytea.sql,measured,2,1,5,2,0.180,3147.414,1,1,11997996,11997996,11998031,383935872,0,0,lineitem,1376,223544,0,0,0,0,0
2026-07-27T16:10:25Z,F346E7F692C196A7,14.23,queries/Functions/09-05_binary_string/cast_bytea.sql,measured,2,2,5,2,0.030,3120.546,1,1,11997996,11997996,11998031,383935872,0,0,lineitem,1408,223512,0,0,0,0,0
2026-07-27T16:10:25Z,F346E7F692C196A7,14.23,queries/Functions/09-05_binary_string/cast_bytea.sql,measured,2,3,5,2,0.030,3134.287,1,1,11997996,11997996,11998031,383935872,0,0,lineitem,1440,223480,0,0,0,0,0
2026-07-27T16:10:25Z,F346E7F692C196A7,14.23,queries/Functions/09-05_binary_string/cast_bytea.sql,measured,2,4,5,2,0.030,3124.287,1,1,11997996,11997996,11998031,383935872,0,0,lineitem,1472,223448,0,0,0,0,0
2026-07-27T16:10:25Z,F346E7F692C196A7,14.23,queries/Functions/09-05_binary_string/cast_bytea.sql,measured,2,5,5,2,0.038,3117.717,1,1,11997996,11997996,11998031,383935872,0,0,lineitem,1504,223416,0,0,0,0,0
2026-07-27T16:10:28Z,F346E7F692C196A7,14.23,queries/Functions/09-05_binary_string/concat_bytea.sql,warmup,1,1,1,2,0.184,3399.928,1,1,11997996,11997996,11998031,383935872,0,0,lineitem,1536,223384,0,0,0,0,0
2026-07-27T16:10:32Z,F346E7F692C196A7,14.23,queries/Functions/09-05_binary_string/concat_bytea.sql,warmup,2,1,1,2,0.176,3397.430,1,1,11997996,11997996,11998031,383935872,0,0,lineitem,1568,223352,0,0,0,0,0
2026-07-27T16:10:49Z,F346E7F692C196A7,14.23,queries/Functions/09-05_binary_string/concat_bytea.sql,measured,1,1,5,2,0.198,3392.948,1,1,11997996,11997996,11998031,383935872,0,0,lineitem,1600,223320,0,0,0,0,0
2026-07-27T16:10:49Z,F346E7F692C196A7,14.23,queries/Functions/09-05_binary_string/concat_bytea.sql,measured,1,2,5,2,0.031,3379.166,1,1,11997996,11997996,11998031,383935872,0,0,lineitem,1632,223288,0,0,0,0,0
2026-07-27T16:10:49Z,F346E7F692C196A7,14.23,queries/Functions/09-05_binary_string/concat_bytea.sql,measured,1,3,5,2,0.032,3380.432,1,1,11997996,11997996,11998031,383935872,0,0,lineitem,1664,223256,0,0,0,0,0
2026-07-27T16:10:49Z,F346E7F692C196A7,14.23,queries/Functions/09-05_binary_string/concat_bytea.sql,measured,1,4,5,2,0.031,3377.971,1,1,11997996,11997996,11998031,383935872,0,0,lineitem,1696,223224,0,0,0,0,0
2026-07-27T16:10:49Z,F346E7F692C196A7,14.23,queries/Functions/09-05_binary_string/concat_bytea.sql,measured,1,5,5,2,0.031,3370.636,1,1,11997996,11997996,11998031,383935872,0,0,lineitem,1728,223192,0,0,0,0,0
2026-07-27T16:11:06Z,F346E7F692C196A7,14.23,queries/Functions/09-05_binary_string/concat_bytea.sql,measured,2,1,5,2,0.176,3391.904,1,1,11997996,11997996,11998031,383935872,0,0,lineitem,1760,223160,0,0,0,0,0
2026-07-27T16:11:06Z,F346E7F692C196A7,14.23,queries/Functions/09-05_binary_string/concat_bytea.sql,measured,2,2,5,2,0.032,3381.816,1,1,11997996,11997996,11998031,383935872,0,0,lineitem,1792,223128,0,0,0,0,0
2026-07-27T16:11:06Z,F346E7F692C196A7,14.23,queries/Functions/09-05_binary_string/concat_bytea.sql,measured,2,3,5,2,0.031,3371.044,1,1,11997996,11997996,11998031,383935872,0,0,lineitem,1824,223096,0,0,0,0,0
2026-07-27T16:11:06Z,F346E7F692C196A7,14.23,queries/Functions/09-05_binary_string/concat_bytea.sql,measured,2,4,5,2,0.032,3378.054,1,1,11997996,11997996,11998031,383935872,0,0,lineitem,1856,223064,0,0,0,0,0
2026-07-27T16:11:06Z,F346E7F692C196A7,14.23,queries/Functions/09-05_binary_string/concat_bytea.sql,measured,2,5,5,2,0.032,3374.457,1,1,11997996,11997996,11998031,383935872,0,0,lineitem,1888,223032,0,0,0,0,0
2026-07-27T16:11:17Z,F346E7F692C196A7,14.23,queries/Functions/09-05_binary_string/decode_hex.sql,warmup,1,1,1,2,0.233,11090.052,1,1,11997996,11997996,11998031,383935872,0,0,lineitem,1920,223000,0,0,0,0,0
2026-07-27T16:11:28Z,F346E7F692C196A7,14.23,queries/Functions/09-05_binary_string/decode_hex.sql,warmup,2,1,1,2,0.182,11113.125,1,1,11997996,11997996,11998031,383935872,0,0,lineitem,1952,222968,0,0,0,0,0
2026-07-27T16:12:24Z,F346E7F692C196A7,14.23,queries/Functions/09-05_binary_string/decode_hex.sql,measured,1,1,5,2,0.192,11080.768,1,1,11997996,11997996,11998031,383935872,0,0,lineitem,1984,222936,0,0,0,0,0
2026-07-27T16:12:24Z,F346E7F692C196A7,14.23,queries/Functions/09-05_binary_string/decode_hex.sql,measured,1,2,5,2,0.031,11124.335,1,1,11997996,11997996,11998031,383935872,0,0,lineitem,2016,222904,0,0,0,0,0
2026-07-27T16:12:24Z,F346E7F692C196A7,14.23,queries/Functions/09-05_binary_string/decode_hex.sql,measured,1,3,5,2,0.049,11026.690,1,1,11997996,11997996,11998031,383935872,0,0,lineitem,2048,222872,0,0,0,0,0
2026-07-27T16:12:24Z,F346E7F692C196A7,14.23,queries/Functions/09-05_binary_string/decode_hex.sql,measured,1,4,5,2,0.031,11082.256,1,1,11997996,11997996,11998031,383935872,0,0,lineitem,2080,222840,0,0,0,0,0
2026-07-27T16:12:24Z,F346E7F692C196A7,14.23,queries/Functions/09-05_binary_string/decode_hex.sql,measured,1,5,5,2,0.031,11056.211,1,1,11997996,11997996,11998031,383935872,0,0,lineitem,2112,222808,0,0,0,0,0
2026-07-27T16:13:19Z,F346E7F692C196A7,14.23,queries/Functions/09-05_binary_string/decode_hex.sql,measured,2,1,5,2,0.179,11123.510,1,1,11997996,11997996,11998031,383935872,0,0,lineitem,2144,222776,0,0,0,0,0
2026-07-27T16:13:19Z,F346E7F692C196A7,14.23,queries/Functions/09-05_binary_string/decode_hex.sql,measured,2,2,5,2,0.031,11089.760,1,1,11997996,11997996,11998031,383935872,0,0,lineitem,2176,222744,0,0,0,0,0
2026-07-27T16:13:19Z,F346E7F692C196A7,14.23,queries/Functions/09-05_binary_string/decode_hex.sql,measured,2,3,5,2,0.031,11143.907,1,1,11997996,11997996,11998031,383935872,0,0,lineitem,2208,222712,0,0,0,0,0
2026-07-27T16:13:19Z,F346E7F692C196A7,14.23,queries/Functions/09-05_binary_string/decode_hex.sql,measured,2,4,5,2,0.031,11047.198,1,1,11997996,11997996,11998031,383935872,0,0,lineitem,2240,222680,0,0,0,0,0
2026-07-27T16:13:19Z,F346E7F692C196A7,14.23,queries/Functions/09-05_binary_string/decode_hex.sql,measured,2,5,5,2,0.031,11134.958,1,1,11997996,11997996,11998031,383935872,0,0,lineitem,2272,222648,0,0,0,0,0
2026-07-27T16:13:24Z,F346E7F692C196A7,14.23,queries/Functions/09-05_binary_string/encode_base64.sql,warmup,1,1,1,2,0.196,4358.290,1,1,11997996,11997996,11998031,383935872,0,0,lineitem,2304,222616,0,0,0,0,0
2026-07-27T16:13:28Z,F346E7F692C196A7,14.23,queries/Functions/09-05_binary_string/encode_base64.sql,warmup,2,1,1,2,0.175,4374.602,1,1,11997996,11997996,11998031,383935872,0,0,lineitem,2336,222584,0,0,0,0,0
2026-07-27T16:13:50Z,F346E7F692C196A7,14.23,queries/Functions/09-05_binary_string/encode_base64.sql,measured,1,1,5,2,0.178,4363.744,1,1,11997996,11997996,11998031,383935872,0,0,lineitem,2368,222552,0,0,0,0,0
2026-07-27T16:13:50Z,F346E7F692C196A7,14.23,queries/Functions/09-05_binary_string/encode_base64.sql,measured,1,2,5,2,0.031,4337.342,1,1,11997996,11997996,11998031,383935872,0,0,lineitem,2400,222520,0,0,0,0,0
2026-07-27T16:13:50Z,F346E7F692C196A7,14.23,queries/Functions/09-05_binary_string/encode_base64.sql,measured,1,3,5,2,0.031,4343.407,1,1,11997996,11997996,11998031,383935872,0,0,lineitem,2432,222488,0,0,0,0,0
2026-07-27T16:13:50Z,F346E7F692C196A7,14.23,queries/Functions/09-05_binary_string/encode_base64.sql,measured,1,4,5,2,0.031,4342.644,1,1,11997996,11997996,11998031,383935872,0,0,lineitem,2464,222456,0,0,0,0,0
2026-07-27T16:13:50Z,F346E7F692C196A7,14.23,queries/Functions/09-05_binary_string/encode_base64.sql,measured,1,5,5,2,0.031,4346.364,1,1,11997996,11997996,11998031,383935872,0,0,lineitem,2496,222424,0,0,0,0,0
2026-07-27T16:14:12Z,F346E7F692C196A7,14.23,queries/Functions/09-05_binary_string/encode_base64.sql,measured,2,1,5,2,0.190,4353.197,1,1,11997996,11997996,11998031,383935872,0,0,lineitem,2528,222392,0,0,0,0,0
2026-07-27T16:14:12Z,F346E7F692C196A7,14.23,queries/Functions/09-05_binary_string/encode_base64.sql,measured,2,2,5,2,0.032,4332.978,1,1,11997996,11997996,11998031,383935872,0,0,lineitem,2560,222360,0,0,0,0,0
2026-07-27T16:14:12Z,F346E7F692C196A7,14.23,queries/Functions/09-05_binary_string/encode_base64.sql,measured,2,3,5,2,0.031,4326.110,1,1,11997996,11997996,11998031,383935872,0,0,lineitem,2592,222328,0,0,0,0,0
2026-07-27T16:14:12Z,F346E7F692C196A7,14.23,queries/Functions/09-05_binary_string/encode_base64.sql,measured,2,4,5,2,0.031,4330.316,1,1,11997996,11997996,11998031,383935872,0,0,lineitem,2624,222296,0,0,0,0,0
2026-07-27T16:14:12Z,F346E7F692C196A7,14.23,queries/Functions/09-05_binary_string/encode_base64.sql,measured,2,5,5,2,0.031,4329.382,1,1,11997996,11997996,11998031,383935872,0,0,lineitem,2656,222264,0,0,0,0,0
2026-07-27T16:14:16Z,F346E7F692C196A7,14.23,queries/Functions/09-05_binary_string/encode_escape.sql,warmup,1,1,1,2,0.181,4180.764,1,1,11997996,11997996,11998031,383935872,0,0,lineitem,2688,222232,0,0,0,0,0
2026-07-27T16:14:20Z,F346E7F692C196A7,14.23,queries/Functions/09-05_binary_string/encode_escape.sql,warmup,2,1,1,2,0.177,4190.881,1,1,11997996,11997996,11998031,383935872,0,0,lineitem,2720,222200,0,0,0,0,0
2026-07-27T16:14:41Z,F346E7F692C196A7,14.23,queries/Functions/09-05_binary_string/encode_escape.sql,measured,1,1,5,2,0.178,4185.151,1,1,11997996,11997996,11998031,383935872,0,0,lineitem,2752,222168,0,0,0,0,0
2026-07-27T16:14:41Z,F346E7F692C196A7,14.23,queries/Functions/09-05_binary_string/encode_escape.sql,measured,1,2,5,2,0.032,4160.539,1,1,11997996,11997996,11998031,383935872,0,0,lineitem,2784,222136,0,0,0,0,0
2026-07-27T16:14:41Z,F346E7F692C196A7,14.23,queries/Functions/09-05_binary_string/encode_escape.sql,measured,1,3,5,2,0.031,4156.772,1,1,11997996,11997996,11998031,383935872,0,0,lineitem,2816,222104,0,0,0,0,0
2026-07-27T16:14:41Z,F346E7F692C196A7,14.23,queries/Functions/09-05_binary_string/encode_escape.sql,measured,1,4,5,2,0.030,4155.002,1,1,11997996,11997996,11998031,383935872,0,0,lineitem,2848,222072,0,0,0,0,0
2026-07-27T16:14:41Z,F346E7F692C196A7,14.23,queries/Functions/09-05_binary_string/encode_escape.sql,measured,1,5,5,2,0.032,4159.612,1,1,11997996,11997996,11998031,383935872,0,0,lineitem,2880,222040,0,0,0,0,0
2026-07-27T16:15:02Z,F346E7F692C196A7,14.23,queries/Functions/09-05_binary_string/encode_escape.sql,measured,2,1,5,2,0.183,4187.622,1,1,11997996,11997996,11998031,383935872,0,0,lineitem,2912,222008,0,0,0,0,0
2026-07-27T16:15:02Z,F346E7F692C196A7,14.23,queries/Functions/09-05_binary_string/encode_escape.sql,measured,2,2,5,2,0.049,4189.165,1,1,11997996,11997996,11998031,383935872,0,0,lineitem,2944,221976,0,0,0,0,0
2026-07-27T16:15:02Z,F346E7F692C196A7,14.23,queries/Functions/09-05_binary_string/encode_escape.sql,measured,2,3,5,2,0.031,4166.899,1,1,11997996,11997996,11998031,383935872,0,0,lineitem,2976,221944,0,0,0,0,0
2026-07-27T16:15:02Z,F346E7F692C196A7,14.23,queries/Functions/09-05_binary_string/encode_escape.sql,measured,2,4,5,2,0.031,4175.498,1,1,11997996,11997996,11998031,383935872,0,0,lineitem,3008,221912,0,0,0,0,0
2026-07-27T16:15:02Z,F346E7F692C196A7,14.23,queries/Functions/09-05_binary_string/encode_escape.sql,measured,2,5,5,2,0.031,4168.182,1,1,11997996,11997996,11998031,383935872,0,0,lineitem,3040,221880,0,0,0,0,0
2026-07-27T16:15:06Z,F346E7F692C196A7,14.23,queries/Functions/09-05_binary_string/encode_hex.sql,warmup,1,1,1,2,0.182,3841.308,1,1,11997996,11997996,11998031,383935872,0,0,lineitem,3072,221848,0,0,0,0,0
2026-07-27T16:15:10Z,F346E7F692C196A7,14.23,queries/Functions/09-05_binary_string/encode_hex.sql,warmup,2,1,1,2,0.189,3850.755,1,1,11997996,11997996,11998031,383935872,0,0,lineitem,3104,221816,0,0,0,0,0
2026-07-27T16:15:29Z,F346E7F692C196A7,14.23,queries/Functions/09-05_binary_string/encode_hex.sql,measured,1,1,5,2,0.193,3853.338,1,1,11997996,11997996,11998031,383935872,0,0,lineitem,3136,221784,0,0,0,0,0
2026-07-27T16:15:29Z,F346E7F692C196A7,14.23,queries/Functions/09-05_binary_string/encode_hex.sql,measured,1,2,5,2,0.031,3825.263,1,1,11997996,11997996,11998031,383935872,0,0,lineitem,3168,221752,0,0,0,0,0
2026-07-27T16:15:29Z,F346E7F692C196A7,14.23,queries/Functions/09-05_binary_string/encode_hex.sql,measured,1,3,5,2,0.032,3834.166,1,1,11997996,11997996,11998031,383935872,0,0,lineitem,3200,221720,0,0,0,0,0
2026-07-27T16:15:29Z,F346E7F692C196A7,14.23,queries/Functions/09-05_binary_string/encode_hex.sql,measured,1,4,5,2,0.031,3828.718,1,1,11997996,11997996,11998031,383935872,0,0,lineitem,3232,221688,0,0,0,0,0
2026-07-27T16:15:29Z,F346E7F692C196A7,14.23,queries/Functions/09-05_binary_string/encode_hex.sql,measured,1,5,5,2,0.031,3833.919,1,1,11997996,11997996,11998031,383935872,0,0,lineitem,3264,221656,0,0,0,0,0
2026-07-27T16:15:48Z,F346E7F692C196A7,14.23,queries/Functions/09-05_binary_string/encode_hex.sql,measured,2,1,5,2,0.174,3842.460,1,1,11997996,11997996,11998031,383935872,0,0,lineitem,3296,221624,0,0,0,0,0
2026-07-27T16:15:48Z,F346E7F692C196A7,14.23,queries/Functions/09-05_binary_string/encode_hex.sql,measured,2,2,5,2,0.031,3816.593,1,1,11997996,11997996,11998031,383935872,0,0,lineitem,3328,221592,0,0,0,0,0
2026-07-27T16:15:48Z,F346E7F692C196A7,14.23,queries/Functions/09-05_binary_string/encode_hex.sql,measured,2,3,5,2,0.031,3820.191,1,1,11997996,11997996,11998031,383935872,0,0,lineitem,3360,221560,0,0,0,0,0
2026-07-27T16:15:48Z,F346E7F692C196A7,14.23,queries/Functions/09-05_binary_string/encode_hex.sql,measured,2,4,5,2,0.030,3823.703,1,1,11997996,11997996,11998031,383935872,0,0,lineitem,3392,221528,0,0,0,0,0
2026-07-27T16:15:48Z,F346E7F692C196A7,14.23,queries/Functions/09-05_binary_string/encode_hex.sql,measured,2,5,5,2,0.030,3827.057,1,1,11997996,11997996,11998031,383935872,0,0,lineitem,3424,221496,0,0,0,0,0
2026-07-27T16:15:51Z,F346E7F692C196A7,14.23,queries/Functions/09-05_binary_string/get_byte.sql,warmup,1,1,1,2,0.178,3176.609,1,1,11997996,11997996,11998031,47991984,0,0,lineitem,3456,221464,0,0,0,0,0
2026-07-27T16:15:55Z,F346E7F692C196A7,14.23,queries/Functions/09-05_binary_string/get_byte.sql,warmup,2,1,1,2,0.173,3190.675,1,1,11997996,11997996,11998031,47991984,0,0,lineitem,3488,221432,0,0,0,0,0
2026-07-27T16:16:11Z,F346E7F692C196A7,14.23,queries/Functions/09-05_binary_string/get_byte.sql,measured,1,1,5,2,0.185,3175.264,1,1,11997996,11997996,11998031,47991984,0,0,lineitem,3520,221400,0,0,0,0,0
2026-07-27T16:16:11Z,F346E7F692C196A7,14.23,queries/Functions/09-05_binary_string/get_byte.sql,measured,1,2,5,2,0.031,3153.712,1,1,11997996,11997996,11998031,47991984,0,0,lineitem,3552,221368,0,0,0,0,0
2026-07-27T16:16:11Z,F346E7F692C196A7,14.23,queries/Functions/09-05_binary_string/get_byte.sql,measured,1,3,5,2,0.031,3151.532,1,1,11997996,11997996,11998031,47991984,0,0,lineitem,3584,221336,0,0,0,0,0
2026-07-27T16:16:11Z,F346E7F692C196A7,14.23,queries/Functions/09-05_binary_string/get_byte.sql,measured,1,4,5,2,0.031,3162.554,1,1,11997996,11997996,11998031,47991984,0,0,lineitem,3616,221304,0,0,0,0,0
2026-07-27T16:16:11Z,F346E7F692C196A7,14.23,queries/Functions/09-05_binary_string/get_byte.sql,measured,1,5,5,2,0.031,3161.954,1,1,11997996,11997996,11998031,47991984,0,0,lineitem,3648,221272,0,0,0,0,0
2026-07-27T16:16:26Z,F346E7F692C196A7,14.23,queries/Functions/09-05_binary_string/get_byte.sql,measured,2,1,5,2,0.184,3188.620,1,1,11997996,11997996,11998031,47991984,0,0,lineitem,3680,221240,0,0,0,0,0
2026-07-27T16:16:26Z,F346E7F692C196A7,14.23,queries/Functions/09-05_binary_string/get_byte.sql,measured,2,2,5,2,0.031,3159.356,1,1,11997996,11997996,11998031,47991984,0,0,lineitem,3712,221208,0,0,0,0,0
2026-07-27T16:16:26Z,F346E7F692C196A7,14.23,queries/Functions/09-05_binary_string/get_byte.sql,measured,2,3,5,2,0.047,3168.708,1,1,11997996,11997996,11998031,47991984,0,0,lineitem,3744,221176,0,0,0,0,0
2026-07-27T16:16:26Z,F346E7F692C196A7,14.23,queries/Functions/09-05_binary_string/get_byte.sql,measured,2,4,5,2,0.030,3159.883,1,1,11997996,11997996,11998031,47991984,0,0,lineitem,3776,221144,0,0,0,0,0
2026-07-27T16:16:26Z,F346E7F692C196A7,14.23,queries/Functions/09-05_binary_string/get_byte.sql,measured,2,5,5,2,0.031,3158.571,1,1,11997996,11997996,11998031,47991984,0,0,lineitem,3808,221112,0,0,0,0,0
2026-07-27T16:16:38Z,F346E7F692C196A7,14.23,queries/Functions/09-05_binary_string/md5_bytea.sql,warmup,1,1,1,2,0.191,11049.356,1,1,11997996,11997996,11998031,383935872,0,0,lineitem,3840,221080,0,0,0,0,0
2026-07-27T16:16:49Z,F346E7F692C196A7,14.23,queries/Functions/09-05_binary_string/md5_bytea.sql,warmup,2,1,1,2,0.193,11054.115,1,1,11997996,11997996,11998031,383935872,0,0,lineitem,3872,221048,0,0,0,0,0
2026-07-27T16:17:44Z,F346E7F692C196A7,14.23,queries/Functions/09-05_binary_string/md5_bytea.sql,measured,1,1,5,2,0.192,11100.948,1,1,11997996,11997996,11998031,383935872,0,0,lineitem,3904,221016,0,0,0,0,0
2026-07-27T16:17:44Z,F346E7F692C196A7,14.23,queries/Functions/09-05_binary_string/md5_bytea.sql,measured,1,2,5,2,0.032,11042.847,1,1,11997996,11997996,11998031,383935872,0,0,lineitem,3936,220984,0,0,0,0,0
2026-07-27T16:17:44Z,F346E7F692C196A7,14.23,queries/Functions/09-05_binary_string/md5_bytea.sql,measured,1,3,5,2,0.030,10996.284,1,1,11997996,11997996,11998031,383935872,0,0,lineitem,3968,220952,0,0,0,0,0
2026-07-27T16:17:44Z,F346E7F692C196A7,14.23,queries/Functions/09-05_binary_string/md5_bytea.sql,measured,1,4,5,2,0.031,11077.631,1,1,11997996,11997996,11998031,383935872,0,0,lineitem,4000,220920,0,0,0,0,0
2026-07-27T16:17:44Z,F346E7F692C196A7,14.23,queries/Functions/09-05_binary_string/md5_bytea.sql,measured,1,5,5,2,0.031,11028.739,1,1,11997996,11997996,11998031,383935872,0,0,lineitem,4032,220888,0,0,0,0,0
2026-07-27T16:18:39Z,F346E7F692C196A7,14.23,queries/Functions/09-05_binary_string/md5_bytea.sql,measured,2,1,5,2,0.178,11061.091,1,1,11997996,11997996,11998031,383935872,0,0,lineitem,4064,220856,0,0,0,0,0
2026-07-27T16:18:39Z,F346E7F692C196A7,14.23,queries/Functions/09-05_binary_string/md5_bytea.sql,measured,2,2,5,2,0.031,11050.646,1,1,11997996,11997996,11998031,383935872,0,0,lineitem,4096,220824,0,0,0,0,0
2026-07-27T16:18:39Z,F346E7F692C196A7,14.23,queries/Functions/09-05_binary_string/md5_bytea.sql,measured,2,3,5,2,0.031,11037.028,1,1,11997996,11997996,11998031,383935872,0,0,lineitem,4128,220792,0,0,0,0,0
2026-07-27T16:18:39Z,F346E7F692C196A7,14.23,queries/Functions/09-05_binary_string/md5_bytea.sql,measured,2,4,5,2,0.030,11076.850,1,1,11997996,11997996,11998031,383935872,0,0,lineitem,4160,220760,0,0,0,0,0
2026-07-27T16:18:39Z,F346E7F692C196A7,14.23,queries/Functions/09-05_binary_string/md5_bytea.sql,measured,2,5,5,2,0.031,11016.308,1,1,11997996,11997996,11998031,383935872,0,0,lineitem,4192,220728,0,0,0,0,0
2026-07-27T16:18:43Z,F346E7F692C196A7,14.23,queries/Functions/09-05_binary_string/octet_length.sql,warmup,1,1,1,2,0.192,3187.132,1,1,11997996,11997996,11998031,47991984,0,0,lineitem,4224,220696,0,0,0,0,0
2026-07-27T16:18:46Z,F346E7F692C196A7,14.23,queries/Functions/09-05_binary_string/octet_length.sql,warmup,2,1,1,2,0.170,3188.341,1,1,11997996,11997996,11998031,47991984,0,0,lineitem,4256,220664,0,0,0,0,0
2026-07-27T16:19:02Z,F346E7F692C196A7,14.23,queries/Functions/09-05_binary_string/octet_length.sql,measured,1,1,5,2,0.186,3183.578,1,1,11997996,11997996,11998031,47991984,0,0,lineitem,4288,220632,0,0,0,0,0
2026-07-27T16:19:02Z,F346E7F692C196A7,14.23,queries/Functions/09-05_binary_string/octet_length.sql,measured,1,2,5,2,0.030,3151.738,1,1,11997996,11997996,11998031,47991984,0,0,lineitem,4320,220600,0,0,0,0,0
2026-07-27T16:19:02Z,F346E7F692C196A7,14.23,queries/Functions/09-05_binary_string/octet_length.sql,measured,1,3,5,2,0.030,3158.619,1,1,11997996,11997996,11998031,47991984,0,0,lineitem,4352,220568,0,0,0,0,0
2026-07-27T16:19:02Z,F346E7F692C196A7,14.23,queries/Functions/09-05_binary_string/octet_length.sql,measured,1,4,5,2,0.031,3157.786,1,1,11997996,11997996,11998031,47991984,0,0,lineitem,4384,220536,0,0,0,0,0
2026-07-27T16:19:02Z,F346E7F692C196A7,14.23,queries/Functions/09-05_binary_string/octet_length.sql,measured,1,5,5,2,0.031,3152.254,1,1,11997996,11997996,11998031,47991984,0,0,lineitem,4416,220504,0,0,0,0,0
2026-07-27T16:19:18Z,F346E7F692C196A7,14.23,queries/Functions/09-05_binary_string/octet_length.sql,measured,2,1,5,2,0.169,3177.780,1,1,11997996,11997996,11998031,47991984,0,0,lineitem,4448,220472,0,0,0,0,0
2026-07-27T16:19:18Z,F346E7F692C196A7,14.23,queries/Functions/09-05_binary_string/octet_length.sql,measured,2,2,5,2,0.031,3150.888,1,1,11997996,11997996,11998031,47991984,0,0,lineitem,4480,220440,0,0,0,0,0
2026-07-27T16:19:18Z,F346E7F692C196A7,14.23,queries/Functions/09-05_binary_string/octet_length.sql,measured,2,3,5,2,0.031,3148.687,1,1,11997996,11997996,11998031,47991984,0,0,lineitem,4512,220408,0,0,0,0,0
2026-07-27T16:19:18Z,F346E7F692C196A7,14.23,queries/Functions/09-05_binary_string/octet_length.sql,measured,2,4,5,2,0.031,3149.833,1,1,11997996,11997996,11998031,47991984,0,0,lineitem,4544,220376,0,0,0,0,0
2026-07-27T16:19:18Z,F346E7F692C196A7,14.23,queries/Functions/09-05_binary_string/octet_length.sql,measured,2,5,5,2,0.031,3151.841,1,1,11997996,11997996,11998031,47991984,0,0,lineitem,4576,220344,0,0,0,0,0
2026-07-27T16:19:21Z,F346E7F692C196A7,14.23,queries/Functions/09-05_binary_string/set_byte.sql,warmup,1,1,1,2,0.193,3279.710,1,1,11997996,11997996,11998031,383935872,0,0,lineitem,4608,220312,0,0,0,0,0
2026-07-27T16:19:24Z,F346E7F692C196A7,14.23,queries/Functions/09-05_binary_string/set_byte.sql,warmup,2,1,1,2,0.192,3285.288,1,1,11997996,11997996,11998031,383935872,0,0,lineitem,4640,220280,0,0,0,0,0
2026-07-27T16:19:41Z,F346E7F692C196A7,14.23,queries/Functions/09-05_binary_string/set_byte.sql,measured,1,1,5,2,0.190,3280.426,1,1,11997996,11997996,11998031,383935872,0,0,lineitem,4672,220248,0,0,0,0,0
2026-07-27T16:19:41Z,F346E7F692C196A7,14.23,queries/Functions/09-05_binary_string/set_byte.sql,measured,1,2,5,2,0.032,3259.422,1,1,11997996,11997996,11998031,383935872,0,0,lineitem,4704,220216,0,0,0,0,0
2026-07-27T16:19:41Z,F346E7F692C196A7,14.23,queries/Functions/09-05_binary_string/set_byte.sql,measured,1,3,5,2,0.031,3263.497,1,1,11997996,11997996,11998031,383935872,0,0,lineitem,4736,220184,0,0,0,0,0
2026-07-27T16:19:41Z,F346E7F692C196A7,14.23,queries/Functions/09-05_binary_string/set_byte.sql,measured,1,4,5,2,0.032,3257.517,1,1,11997996,11997996,11998031,383935872,0,0,lineitem,4768,220152,0,0,0,0,0
2026-07-27T16:19:41Z,F346E7F692C196A7,14.23,queries/Functions/09-05_binary_string/set_byte.sql,measured,1,5,5,2,0.032,3256.809,1,1,11997996,11997996,11998031,383935872,0,0,lineitem,4800,220120,0,0,0,0,0
2026-07-27T16:19:57Z,F346E7F692C196A7,14.23,queries/Functions/09-05_binary_string/set_byte.sql,measured,2,1,5,2,0.207,3279.565,1,1,11997996,11997996,11998031,383935872,0,0,lineitem,4832,220088,0,0,0,0,0
2026-07-27T16:19:57Z,F346E7F692C196A7,14.23,queries/Functions/09-05_binary_string/set_byte.sql,measured,2,2,5,2,0.033,3259.230,1,1,11997996,11997996,11998031,383935872,0,0,lineitem,4864,220056,0,0,0,0,0
2026-07-27T16:19:57Z,F346E7F692C196A7,14.23,queries/Functions/09-05_binary_string/set_byte.sql,measured,2,3,5,2,0.032,3263.647,1,1,11997996,11997996,11998031,383935872,0,0,lineitem,4896,220024,0,0,0,0,0
2026-07-27T16:19:57Z,F346E7F692C196A7,14.23,queries/Functions/09-05_binary_string/set_byte.sql,measured,2,4,5,2,0.032,3265.098,1,1,11997996,11997996,11998031,383935872,0,0,lineitem,4928,219992,0,0,0,0,0
2026-07-27T16:19:57Z,F346E7F692C196A7,14.23,queries/Functions/09-05_binary_string/set_byte.sql,measured,2,5,5,2,0.032,3261.923,1,1,11997996,11997996,11998031,383935872,0,0,lineitem,4960,219960,0,0,0,0,0
2026-07-27T16:20:09Z,F346E7F692C196A7,14.23,queries/Functions/09-05_binary_string/sha224.sql,warmup,1,1,1,2,0.177,11567.788,1,1,11997996,11997996,11998031,383935872,0,0,lineitem,4992,219928,0,0,0,0,0
2026-07-27T16:20:20Z,F346E7F692C196A7,14.23,queries/Functions/09-05_binary_string/sha224.sql,warmup,2,1,1,2,0.186,11569.791,1,1,11997996,11997996,11998031,383935872,0,0,lineitem,5024,219896,0,0,0,0,0
2026-07-27T16:21:18Z,F346E7F692C196A7,14.23,queries/Functions/09-05_binary_string/sha224.sql,measured,1,1,5,2,0.201,11655.734,1,1,11997996,11997996,11998031,383935872,0,0,lineitem,5056,219864,0,0,0,0,0
2026-07-27T16:21:18Z,F346E7F692C196A7,14.23,queries/Functions/09-05_binary_string/sha224.sql,measured,1,2,5,2,0.031,11524.369,1,1,11997996,11997996,11998031,383935872,0,0,lineitem,5088,219832,0,0,0,0,0
2026-07-27T16:21:18Z,F346E7F692C196A7,14.23,queries/Functions/09-05_binary_string/sha224.sql,measured,1,3,5,2,0.032,11633.590,1,1,11997996,11997996,11998031,383935872,0,0,lineitem,5120,219800,0,0,0,0,0
2026-07-27T16:21:18Z,F346E7F692C196A7,14.23,queries/Functions/09-05_binary_string/sha224.sql,measured,1,4,5,2,0.037,11618.381,1,1,11997996,11997996,11998031,383935872,0,0,lineitem,5152,219768,0,0,0,0,0
2026-07-27T16:21:18Z,F346E7F692C196A7,14.23,queries/Functions/09-05_binary_string/sha224.sql,measured,1,5,5,2,0.031,11617.251,1,1,11997996,11997996,11998031,383935872,0,0,lineitem,5184,219736,0,0,0,0,0
2026-07-27T16:22:17Z,F346E7F692C196A7,14.23,queries/Functions/09-05_binary_string/sha224.sql,measured,2,1,5,2,0.191,11760.106,1,1,11997996,11997996,11998031,383935872,0,0,lineitem,5216,219704,0,0,0,0,0
2026-07-27T16:22:17Z,F346E7F692C196A7,14.23,queries/Functions/09-05_binary_string/sha224.sql,measured,2,2,5,2,0.031,11596.901,1,1,11997996,11997996,11998031,383935872,0,0,lineitem,5248,219672,0,0,0,0,0
2026-07-27T16:22:17Z,F346E7F692C196A7,14.23,queries/Functions/09-05_binary_string/sha224.sql,measured,2,3,5,2,0.049,11593.027,1,1,11997996,11997996,11998031,383935872,0,0,lineitem,5280,219640,0,0,0,0,0
2026-07-27T16:22:17Z,F346E7F692C196A7,14.23,queries/Functions/09-05_binary_string/sha224.sql,measured,2,4,5,2,0.032,11729.933,1,1,11997996,11997996,11998031,383935872,0,0,lineitem,5312,219608,0,0,0,0,0
2026-07-27T16:22:17Z,F346E7F692C196A7,14.23,queries/Functions/09-05_binary_string/sha224.sql,measured,2,5,5,2,0.031,11663.404,1,1,11997996,11997996,11998031,383935872,0,0,lineitem,5344,219576,0,0,0,0,0
2026-07-27T16:22:28Z,F346E7F692C196A7,14.23,queries/Functions/09-05_binary_string/sha256.sql,warmup,1,1,1,2,0.177,11650.604,1,1,11997996,11997996,11998031,383935872,0,0,lineitem,5376,219544,0,0,0,0,0
2026-07-27T16:22:40Z,F346E7F692C196A7,14.23,queries/Functions/09-05_binary_string/sha256.sql,warmup,2,1,1,2,0.175,11865.055,1,1,11997996,11997996,11998031,383935872,0,0,lineitem,5408,219512,0,0,0,0,0
2026-07-27T16:23:39Z,F346E7F692C196A7,14.23,queries/Functions/09-05_binary_string/sha256.sql,measured,1,1,5,2,0.193,11685.880,1,1,11997996,11997996,11998031,383935872,0,0,lineitem,5440,219480,0,0,0,0,0
2026-07-27T16:23:39Z,F346E7F692C196A7,14.23,queries/Functions/09-05_binary_string/sha256.sql,measured,1,2,5,2,0.032,11844.438,1,1,11997996,11997996,11998031,383935872,0,0,lineitem,5472,219448,0,0,0,0,0
2026-07-27T16:23:39Z,F346E7F692C196A7,14.23,queries/Functions/09-05_binary_string/sha256.sql,measured,1,3,5,2,0.031,11719.395,1,1,11997996,11997996,11998031,383935872,0,0,lineitem,5504,219416,0,0,0,0,0
2026-07-27T16:23:39Z,F346E7F692C196A7,14.23,queries/Functions/09-05_binary_string/sha256.sql,measured,1,4,5,2,0.031,11665.371,1,1,11997996,11997996,11998031,383935872,0,0,lineitem,5536,219384,0,0,0,0,0
2026-07-27T16:23:39Z,F346E7F692C196A7,14.23,queries/Functions/09-05_binary_string/sha256.sql,measured,1,5,5,2,0.031,11804.968,1,1,11997996,11997996,11998031,383935872,0,0,lineitem,5568,219352,0,0,0,0,0
2026-07-27T16:24:38Z,F346E7F692C196A7,14.23,queries/Functions/09-05_binary_string/sha256.sql,measured,2,1,5,2,0.192,11749.646,1,1,11997996,11997996,11998031,383935872,0,0,lineitem,5600,219320,0,0,0,0,0
2026-07-27T16:24:38Z,F346E7F692C196A7,14.23,queries/Functions/09-05_binary_string/sha256.sql,measured,2,2,5,2,0.039,11637.153,1,1,11997996,11997996,11998031,383935872,0,0,lineitem,5632,219288,0,0,0,0,0
2026-07-27T16:24:38Z,F346E7F692C196A7,14.23,queries/Functions/09-05_binary_string/sha256.sql,measured,2,3,5,2,0.031,11727.520,1,1,11997996,11997996,11998031,383935872,0,0,lineitem,5664,219256,0,0,0,0,0
2026-07-27T16:24:38Z,F346E7F692C196A7,14.23,queries/Functions/09-05_binary_string/sha256.sql,measured,2,4,5,2,0.031,11707.713,1,1,11997996,11997996,11998031,383935872,0,0,lineitem,5696,219224,0,0,0,0,0
2026-07-27T16:24:38Z,F346E7F692C196A7,14.23,queries/Functions/09-05_binary_string/sha256.sql,measured,2,5,5,2,0.030,11665.191,1,1,11997996,11997996,11998031,383935872,0,0,lineitem,5728,219192,0,0,0,0,0
2026-07-27T16:24:51Z,F346E7F692C196A7,14.23,queries/Functions/09-05_binary_string/sha384.sql,warmup,1,1,1,2,0.193,13318.519,1,1,11997996,11997996,11998031,383935872,0,0,lineitem,5760,219160,0,0,0,0,0
2026-07-27T16:25:05Z,F346E7F692C196A7,14.23,queries/Functions/09-05_binary_string/sha384.sql,warmup,2,1,1,2,0.178,13310.613,1,1,11997996,11997996,11998031,383935872,0,0,lineitem,5792,219128,0,0,0,0,0
2026-07-27T16:26:11Z,F346E7F692C196A7,14.23,queries/Functions/09-05_binary_string/sha384.sql,measured,1,1,5,2,0.188,13369.373,1,1,11997996,11997996,11998031,383935872,0,0,lineitem,5824,219096,0,0,0,0,0
2026-07-27T16:26:11Z,F346E7F692C196A7,14.23,queries/Functions/09-05_binary_string/sha384.sql,measured,1,2,5,2,0.031,13331.221,1,1,11997996,11997996,11998031,383935872,0,0,lineitem,5856,219064,0,0,0,0,0
2026-07-27T16:26:11Z,F346E7F692C196A7,14.23,queries/Functions/09-05_binary_string/sha384.sql,measured,1,3,5,2,0.032,13335.481,1,1,11997996,11997996,11998031,383935872,0,0,lineitem,5888,219032,0,0,0,0,0
2026-07-27T16:26:11Z,F346E7F692C196A7,14.23,queries/Functions/09-05_binary_string/sha384.sql,measured,1,4,5,2,0.031,13481.491,1,1,11997996,11997996,11998031,383935872,0,0,lineitem,5920,219000,0,0,0,0,0
2026-07-27T16:26:11Z,F346E7F692C196A7,14.23,queries/Functions/09-05_binary_string/sha384.sql,measured,1,5,5,2,0.032,13226.869,1,1,11997996,11997996,11998031,383935872,0,0,lineitem,5952,218968,0,0,0,0,0
2026-07-27T16:27:17Z,F346E7F692C196A7,14.23,queries/Functions/09-05_binary_string/sha384.sql,measured,2,1,5,2,0.192,13178.079,1,1,11997996,11997996,11998031,383935872,0,0,lineitem,5984,218936,0,0,0,0,0
2026-07-27T16:27:17Z,F346E7F692C196A7,14.23,queries/Functions/09-05_binary_string/sha384.sql,measured,2,2,5,2,0.032,13168.149,1,1,11997996,11997996,11998031,383935872,0,0,lineitem,6016,218904,0,0,0,0,0
2026-07-27T16:27:17Z,F346E7F692C196A7,14.23,queries/Functions/09-05_binary_string/sha384.sql,measured,2,3,5,2,0.032,13210.224,1,1,11997996,11997996,11998031,383935872,0,0,lineitem,6048,218872,0,0,0,0,0
2026-07-27T16:27:17Z,F346E7F692C196A7,14.23,queries/Functions/09-05_binary_string/sha384.sql,measured,2,4,5,2,0.032,13326.585,1,1,11997996,11997996,11998031,383935872,0,0,lineitem,6080,218840,0,0,0,0,0
2026-07-27T16:27:17Z,F346E7F692C196A7,14.23,queries/Functions/09-05_binary_string/sha384.sql,measured,2,5,5,2,0.031,13149.422,1,1,11997996,11997996,11998031,383935872,0,0,lineitem,6112,218808,0,0,0,0,0
2026-07-27T16:27:31Z,F346E7F692C196A7,14.23,queries/Functions/09-05_binary_string/sha512.sql,warmup,1,1,1,2,0.192,13382.474,1,1,11997996,11997996,11998031,383935872,0,0,lineitem,6144,218776,0,0,0,0,0
2026-07-27T16:27:44Z,F346E7F692C196A7,14.23,queries/Functions/09-05_binary_string/sha512.sql,warmup,2,1,1,2,0.188,13271.668,1,1,11997996,11997996,11998031,383935872,0,0,lineitem,6176,218744,0,0,0,0,0
2026-07-27T16:28:52Z,F346E7F692C196A7,14.23,queries/Functions/09-05_binary_string/sha512.sql,measured,1,1,5,2,0.177,13463.215,1,1,11997996,11997996,11998031,383935872,0,0,lineitem,6208,218712,0,0,0,0,0
2026-07-27T16:28:52Z,F346E7F692C196A7,14.23,queries/Functions/09-05_binary_string/sha512.sql,measured,1,2,5,2,0.031,13398.302,1,1,11997996,11997996,11998031,383935872,0,0,lineitem,6240,218680,0,0,0,0,0
2026-07-27T16:28:52Z,F346E7F692C196A7,14.23,queries/Functions/09-05_binary_string/sha512.sql,measured,1,3,5,2,0.049,13291.458,1,1,11997996,11997996,11998031,383935872,0,0,lineitem,6272,218648,0,0,0,0,0
2026-07-27T16:28:52Z,F346E7F692C196A7,14.23,queries/Functions/09-05_binary_string/sha512.sql,measured,1,4,5,2,0.049,13603.516,1,1,11997996,11997996,11998031,383935872,0,0,lineitem,6304,218616,0,0,0,0,0
2026-07-27T16:28:52Z,F346E7F692C196A7,14.23,queries/Functions/09-05_binary_string/sha512.sql,measured,1,5,5,2,0.031,13447.458,1,1,11997996,11997996,11998031,383935872,0,0,lineitem,6336,218584,0,0,0,0,0
2026-07-27T16:29:59Z,F346E7F692C196A7,14.23,queries/Functions/09-05_binary_string/sha512.sql,measured,2,1,5,2,0.185,13438.442,1,1,11997996,11997996,11998031,383935872,0,0,lineitem,6368,218552,0,0,0,0,0
2026-07-27T16:29:59Z,F346E7F692C196A7,14.23,queries/Functions/09-05_binary_string/sha512.sql,measured,2,2,5,2,0.031,13351.287,1,1,11997996,11997996,11998031,383935872,0,0,lineitem,6400,218520,0,0,0,0,0
2026-07-27T16:29:59Z,F346E7F692C196A7,14.23,queries/Functions/09-05_binary_string/sha512.sql,measured,2,3,5,2,0.031,13256.152,1,1,11997996,11997996,11998031,383935872,0,0,lineitem,6432,218488,0,0,0,0,0
2026-07-27T16:29:59Z,F346E7F692C196A7,14.23,queries/Functions/09-05_binary_string/sha512.sql,measured,2,4,5,2,0.031,13550.769,1,1,11997996,11997996,11998031,383935872,0,0,lineitem,6464,218456,0,0,0,0,0
2026-07-27T16:29:59Z,F346E7F692C196A7,14.23,queries/Functions/09-05_binary_string/sha512.sql,measured,2,5,5,2,0.031,13383.861,1,1,11997996,11997996,11998031,383935872,0,0,lineitem,6496,218424,0,0,0,0,0
2026-07-27T16:30:02Z,F346E7F692C196A7,14.23,queries/Functions/09-05_binary_string/substring_bytea.sql,warmup,1,1,1,2,0.188,3383.843,1,1,11997996,11997996,11998031,383935872,0,0,lineitem,6528,218392,0,0,0,0,0
2026-07-27T16:30:05Z,F346E7F692C196A7,14.23,queries/Functions/09-05_binary_string/substring_bytea.sql,warmup,2,1,1,2,0.189,3377.266,1,1,11997996,11997996,11998031,383935872,0,0,lineitem,6560,218360,0,0,0,0,0
2026-07-27T16:30:22Z,F346E7F692C196A7,14.23,queries/Functions/09-05_binary_string/substring_bytea.sql,measured,1,1,5,2,0.191,3374.952,1,1,11997996,11997996,11998031,383935872,0,0,lineitem,6592,218328,0,0,0,0,0
2026-07-27T16:30:22Z,F346E7F692C196A7,14.23,queries/Functions/09-05_binary_string/substring_bytea.sql,measured,1,2,5,2,0.048,3345.425,1,1,11997996,11997996,11998031,383935872,0,0,lineitem,6624,218296,0,0,0,0,0
2026-07-27T16:30:22Z,F346E7F692C196A7,14.23,queries/Functions/09-05_binary_string/substring_bytea.sql,measured,1,3,5,2,0.032,3354.138,1,1,11997996,11997996,11998031,383935872,0,0,lineitem,6656,218264,0,0,0,0,0
2026-07-27T16:30:22Z,F346E7F692C196A7,14.23,queries/Functions/09-05_binary_string/substring_bytea.sql,measured,1,4,5,2,0.032,3356.632,1,1,11997996,11997996,11998031,383935872,0,0,lineitem,6688,218232,0,0,0,0,0
2026-07-27T16:30:22Z,F346E7F692C196A7,14.23,queries/Functions/09-05_binary_string/substring_bytea.sql,measured,1,5,5,2,0.032,3354.461,1,1,11997996,11997996,11998031,383935872,0,0,lineitem,6720,218200,0,0,0,0,0
2026-07-27T16:30:39Z,F346E7F692C196A7,14.23,queries/Functions/09-05_binary_string/substring_bytea.sql,measured,2,1,5,2,0.207,3391.244,1,1,11997996,11997996,11998031,383935872,0,0,lineitem,6752,218168,0,0,0,0,0
2026-07-27T16:30:39Z,F346E7F692C196A7,14.23,queries/Functions/09-05_binary_string/substring_bytea.sql,measured,2,2,5,2,0.032,3360.793,1,1,11997996,11997996,11998031,383935872,0,0,lineitem,6784,218136,0,0,0,0,0
2026-07-27T16:30:39Z,F346E7F692C196A7,14.23,queries/Functions/09-05_binary_string/substring_bytea.sql,measured,2,3,5,2,0.032,3356.604,1,1,11997996,11997996,11998031,383935872,0,0,lineitem,6816,218104,0,0,0,0,0
2026-07-27T16:30:39Z,F346E7F692C196A7,14.23,queries/Functions/09-05_binary_string/substring_bytea.sql,measured,2,4,5,2,0.031,3353.717,1,1,11997996,11997996,11998031,383935872,0,0,lineitem,6848,218072,0,0,0,0,0
2026-07-27T16:30:39Z,F346E7F692C196A7,14.23,queries/Functions/09-05_binary_string/substring_bytea.sql,measured,2,5,5,2,0.032,3359.570,1,1,11997996,11997996,11998031,383935872,0,0,lineitem,6880,218040,0,0,0,0,0
2026-07-27T16:30:41Z,F346E7F692C196A7,14.23,queries/Functions/09-06_bit_string/and.sql,warmup,1,1,1,2,0.195,1902.730,1,1,11997996,11997996,11998031,383935872,0,0,lineitem,6912,218008,0,0,0,0,0
2026-07-27T16:30:43Z,F346E7F692C196A7,14.23,queries/Functions/09-06_bit_string/and.sql,warmup,2,1,1,2,0.192,1895.512,1,1,11997996,11997996,11998031,383935872,0,0,lineitem,6944,217976,0,0,0,0,0
2026-07-27T16:30:53Z,F346E7F692C196A7,14.23,queries/Functions/09-06_bit_string/and.sql,measured,1,1,5,2,0.193,1901.636,1,1,11997996,11997996,11998031,383935872,0,0,lineitem,6976,217944,0,0,0,0,0
2026-07-27T16:30:53Z,F346E7F692C196A7,14.23,queries/Functions/09-06_bit_string/and.sql,measured,1,2,5,2,0.032,1876.356,1,1,11997996,11997996,11998031,383935872,0,0,lineitem,7008,217912,0,0,0,0,0
2026-07-27T16:30:53Z,F346E7F692C196A7,14.23,queries/Functions/09-06_bit_string/and.sql,measured,1,3,5,2,0.049,1876.709,1,1,11997996,11997996,11998031,383935872,0,0,lineitem,7040,217880,0,0,0,0,0
2026-07-27T16:30:53Z,F346E7F692C196A7,14.23,queries/Functions/09-06_bit_string/and.sql,measured,1,4,5,2,0.048,1879.694,1,1,11997996,11997996,11998031,383935872,0,0,lineitem,7072,217848,0,0,0,0,0
2026-07-27T16:30:53Z,F346E7F692C196A7,14.23,queries/Functions/09-06_bit_string/and.sql,measured,1,5,5,2,0.042,1875.459,1,1,11997996,11997996,11998031,383935872,0,0,lineitem,7104,217816,0,0,0,0,0
2026-07-27T16:31:02Z,F346E7F692C196A7,14.23,queries/Functions/09-06_bit_string/and.sql,measured,2,1,5,2,0.192,1908.506,1,1,11997996,11997996,11998031,383935872,0,0,lineitem,7136,217784,0,0,0,0,0
2026-07-27T16:31:02Z,F346E7F692C196A7,14.23,queries/Functions/09-06_bit_string/and.sql,measured,2,2,5,2,0.032,1877.221,1,1,11997996,11997996,11998031,383935872,0,0,lineitem,7168,217752,0,0,0,0,0
2026-07-27T16:31:02Z,F346E7F692C196A7,14.23,queries/Functions/09-06_bit_string/and.sql,measured,2,3,5,2,0.031,1879.924,1,1,11997996,11997996,11998031,383935872,0,0,lineitem,7200,217720,0,0,0,0,0
2026-07-27T16:31:02Z,F346E7F692C196A7,14.23,queries/Functions/09-06_bit_string/and.sql,measured,2,4,5,2,0.031,1875.174,1,1,11997996,11997996,11998031,383935872,0,0,lineitem,7232,217688,0,0,0,0,0
2026-07-27T16:31:02Z,F346E7F692C196A7,14.23,queries/Functions/09-06_bit_string/and.sql,measured,2,5,5,2,0.032,1879.289,1,1,11997996,11997996,11998031,383935872,0,0,lineitem,7264,217656,0,0,0,0,0
2026-07-27T16:31:03Z,F346E7F692C196A7,14.23,queries/Functions/09-06_bit_string/bit_count.sql,warmup,1,1,1,2,0.254,1357.622,1,1,11997996,11997996,11998031,95983968,0,0,lineitem,309,18941,0,0,0,0,0
2026-07-27T16:31:05Z,F346E7F692C196A7,14.23,queries/Functions/09-06_bit_string/bit_count.sql,warmup,2,1,1,2,0.267,1358.571,1,1,11997996,11997996,11998031,95983968,0,0,lineitem,309,18941,0,0,0,0,0
2026-07-27T16:31:12Z,F346E7F692C196A7,14.23,queries/Functions/09-06_bit_string/bit_count.sql,measured,1,1,5,2,0.244,1356.920,1,1,11997996,11997996,11998031,95983968,0,0,lineitem,309,18941,0,0,0,0,0
2026-07-27T16:31:12Z,F346E7F692C196A7,14.23,queries/Functions/09-06_bit_string/bit_count.sql,measured,1,2,5,2,0.039,1309.364,1,1,11997996,11997996,11998031,95983968,0,0,lineitem,309,18941,0,0,0,0,0
2026-07-27T16:31:12Z,F346E7F692C196A7,14.23,queries/Functions/09-06_bit_string/bit_count.sql,measured,1,3,5,2,0.039,1306.765,1,1,11997996,11997996,11998031,95983968,0,0,lineitem,309,18941,0,0,0,0,0
2026-07-27T16:31:12Z,F346E7F692C196A7,14.23,queries/Functions/09-06_bit_string/bit_count.sql,measured,1,4,5,2,0.057,1306.186,1,1,11997996,11997996,11998031,95983968,0,0,lineitem,309,18941,0,0,0,0,0
2026-07-27T16:31:12Z,F346E7F692C196A7,14.23,queries/Functions/09-06_bit_string/bit_count.sql,measured,1,5,5,2,0.038,1305.519,1,1,11997996,11997996,11998031,95983968,0,0,lineitem,309,18941,0,0,0,0,0
2026-07-27T16:31:18Z,F346E7F692C196A7,14.23,queries/Functions/09-06_bit_string/bit_count.sql,measured,2,1,5,2,0.356,1401.339,1,1,11997996,11997996,11998031,95983968,0,0,lineitem,309,18941,0,0,0,0,0
2026-07-27T16:31:18Z,F346E7F692C196A7,14.23,queries/Functions/09-06_bit_string/bit_count.sql,measured,2,2,5,2,0.038,1352.943,1,1,11997996,11997996,11998031,95983968,0,0,lineitem,309,18941,0,0,0,0,0
2026-07-27T16:31:18Z,F346E7F692C196A7,14.23,queries/Functions/09-06_bit_string/bit_count.sql,measured,2,3,5,2,0.039,1355.489,1,1,11997996,11997996,11998031,95983968,0,0,lineitem,309,18941,0,0,0,0,0
2026-07-27T16:31:18Z,F346E7F692C196A7,14.23,queries/Functions/09-06_bit_string/bit_count.sql,measured,2,4,5,2,0.055,1344.475,1,1,11997996,11997996,11998031,95983968,0,0,lineitem,309,18941,0,0,0,0,0
2026-07-27T16:31:18Z,F346E7F692C196A7,14.23,queries/Functions/09-06_bit_string/bit_count.sql,measured,2,5,5,2,0.039,1345.660,1,1,11997996,11997996,11998031,95983968,0,0,lineitem,309,18941,0,0,0,0,0
2026-07-27T16:31:20Z,F346E7F692C196A7,14.23,queries/Functions/09-06_bit_string/cast_bit.sql,warmup,1,1,1,2,0.350,1263.898,1,1,11997996,11997996,11998031,143975952,0,0,lineitem,309,18941,0,0,0,0,0
2026-07-27T16:31:21Z,F346E7F692C196A7,14.23,queries/Functions/09-06_bit_string/cast_bit.sql,warmup,2,1,1,2,0.327,1263.963,1,1,11997996,11997996,11998031,143975952,0,0,lineitem,309,18941,0,0,0,0,0
2026-07-27T16:31:27Z,F346E7F692C196A7,14.23,queries/Functions/09-06_bit_string/cast_bit.sql,measured,1,1,5,2,0.319,1269.972,1,1,11997996,11997996,11998031,143975952,0,0,lineitem,309,18941,0,0,0,0,0
2026-07-27T16:31:27Z,F346E7F692C196A7,14.23,queries/Functions/09-06_bit_string/cast_bit.sql,measured,1,2,5,2,0.038,1222.149,1,1,11997996,11997996,11998031,143975952,0,0,lineitem,309,18941,0,0,0,0,0
2026-07-27T16:31:27Z,F346E7F692C196A7,14.23,queries/Functions/09-06_bit_string/cast_bit.sql,measured,1,3,5,2,0.039,1220.243,1,1,11997996,11997996,11998031,143975952,0,0,lineitem,309,18941,0,0,0,0,0
2026-07-27T16:31:27Z,F346E7F692C196A7,14.23,queries/Functions/09-06_bit_string/cast_bit.sql,measured,1,4,5,2,0.038,1215.764,1,1,11997996,11997996,11998031,143975952,0,0,lineitem,309,18941,0,0,0,0,0
2026-07-27T16:31:27Z,F346E7F692C196A7,14.23,queries/Functions/09-06_bit_string/cast_bit.sql,measured,1,5,5,2,0.039,1220.267,1,1,11997996,11997996,11998031,143975952,0,0,lineitem,309,18941,0,0,0,0,0
2026-07-27T16:31:34Z,F346E7F692C196A7,14.23,queries/Functions/09-06_bit_string/cast_bit.sql,measured,2,1,5,2,0.355,1267.213,1,1,11997996,11997996,11998031,143975952,0,0,lineitem,309,18941,0,0,0,0,0
2026-07-27T16:31:34Z,F346E7F692C196A7,14.23,queries/Functions/09-06_bit_string/cast_bit.sql,measured,2,2,5,2,0.038,1215.436,1,1,11997996,11997996,11998031,143975952,0,0,lineitem,309,18941,0,0,0,0,0
2026-07-27T16:31:34Z,F346E7F692C196A7,14.23,queries/Functions/09-06_bit_string/cast_bit.sql,measured,2,3,5,2,0.038,1216.481,1,1,11997996,11997996,11998031,143975952,0,0,lineitem,309,18941,0,0,0,0,0
2026-07-27T16:31:34Z,F346E7F692C196A7,14.23,queries/Functions/09-06_bit_string/cast_bit.sql,measured,2,4,5,2,0.055,1225.076,1,1,11997996,11997996,11998031,143975952,0,0,lineitem,309,18941,0,0,0,0,0
2026-07-27T16:31:34Z,F346E7F692C196A7,14.23,queries/Functions/09-06_bit_string/cast_bit.sql,measured,2,5,5,2,0.039,1221.443,1,1,11997996,11997996,11998031,143975952,0,0,lineitem,309,18941,0,0,0,0,0
2026-07-27T16:31:36Z,F346E7F692C196A7,14.23,queries/Functions/09-06_bit_string/concat_bit.sql,warmup,1,1,1,2,0.279,2060.529,1,1,11997996,11997996,11998031,383935872,0,0,lineitem,0,224920,0,0,0,0,0
2026-07-27T16:31:38Z,F346E7F692C196A7,14.23,queries/Functions/09-06_bit_string/concat_bit.sql,warmup,2,1,1,2,0.170,2063.014,1,1,11997996,11997996,11998031,383935872,0,0,lineitem,32,224888,0,0,0,0,0
2026-07-27T16:31:48Z,F346E7F692C196A7,14.23,queries/Functions/09-06_bit_string/concat_bit.sql,measured,1,1,5,2,0.179,2067.732,1,1,11997996,11997996,11998031,383935872,0,0,lineitem,64,224856,0,0,0,0,0
2026-07-27T16:31:48Z,F346E7F692C196A7,14.23,queries/Functions/09-06_bit_string/concat_bit.sql,measured,1,2,5,2,0.031,2044.238,1,1,11997996,11997996,11998031,383935872,0,0,lineitem,96,224824,0,0,0,0,0
2026-07-27T16:31:48Z,F346E7F692C196A7,14.23,queries/Functions/09-06_bit_string/concat_bit.sql,measured,1,3,5,2,0.031,2044.361,1,1,11997996,11997996,11998031,383935872,0,0,lineitem,128,224792,0,0,0,0,0
2026-07-27T16:31:48Z,F346E7F692C196A7,14.23,queries/Functions/09-06_bit_string/concat_bit.sql,measured,1,4,5,2,0.040,2046.274,1,1,11997996,11997996,11998031,383935872,0,0,lineitem,160,224760,0,0,0,0,0
2026-07-27T16:31:48Z,F346E7F692C196A7,14.23,queries/Functions/09-06_bit_string/concat_bit.sql,measured,1,5,5,2,0.031,2042.411,1,1,11997996,11997996,11998031,383935872,0,0,lineitem,192,224728,0,0,0,0,0
2026-07-27T16:31:58Z,F346E7F692C196A7,14.23,queries/Functions/09-06_bit_string/concat_bit.sql,measured,2,1,5,2,0.169,2063.160,1,1,11997996,11997996,11998031,383935872,0,0,lineitem,224,224696,0,0,0,0,0
2026-07-27T16:31:58Z,F346E7F692C196A7,14.23,queries/Functions/09-06_bit_string/concat_bit.sql,measured,2,2,5,2,0.032,2041.523,1,1,11997996,11997996,11998031,383935872,0,0,lineitem,256,224664,0,0,0,0,0
2026-07-27T16:31:58Z,F346E7F692C196A7,14.23,queries/Functions/09-06_bit_string/concat_bit.sql,measured,2,3,5,2,0.032,2049.263,1,1,11997996,11997996,11998031,383935872,0,0,lineitem,288,224632,0,0,0,0,0
2026-07-27T16:31:58Z,F346E7F692C196A7,14.23,queries/Functions/09-06_bit_string/concat_bit.sql,measured,2,4,5,2,0.039,2052.212,1,1,11997996,11997996,11998031,383935872,0,0,lineitem,320,224600,0,0,0,0,0
2026-07-27T16:31:58Z,F346E7F692C196A7,14.23,queries/Functions/09-06_bit_string/concat_bit.sql,measured,2,5,5,2,0.032,2041.069,1,1,11997996,11997996,11998031,383935872,0,0,lineitem,352,224568,0,0,0,0,0
2026-07-27T16:32:00Z,F346E7F692C196A7,14.23,queries/Functions/09-06_bit_string/get_bit.sql,warmup,1,1,1,2,0.261,1306.763,1,1,11997996,11997996,11998031,47991984,0,0,lineitem,309,18941,0,0,0,0,0
2026-07-27T16:32:01Z,F346E7F692C196A7,14.23,queries/Functions/09-06_bit_string/get_bit.sql,warmup,2,1,1,2,0.256,1306.909,1,1,11997996,11997996,11998031,47991984,0,0,lineitem,309,18941,0,0,0,0,0
2026-07-27T16:32:08Z,F346E7F692C196A7,14.23,queries/Functions/09-06_bit_string/get_bit.sql,measured,1,1,5,2,0.240,1309.801,1,1,11997996,11997996,11998031,47991984,0,0,lineitem,309,18941,0,0,0,0,0
2026-07-27T16:32:08Z,F346E7F692C196A7,14.23,queries/Functions/09-06_bit_string/get_bit.sql,measured,1,2,5,2,0.057,1249.395,1,1,11997996,11997996,11998031,47991984,0,0,lineitem,309,18941,0,0,0,0,0
2026-07-27T16:32:08Z,F346E7F692C196A7,14.23,queries/Functions/09-06_bit_string/get_bit.sql,measured,1,3,5,2,0.038,1252.883,1,1,11997996,11997996,11998031,47991984,0,0,lineitem,309,18941,0,0,0,0,0
2026-07-27T16:32:08Z,F346E7F692C196A7,14.23,queries/Functions/09-06_bit_string/get_bit.sql,measured,1,4,5,2,0.039,1252.285,1,1,11997996,11997996,11998031,47991984,0,0,lineitem,309,18941,0,0,0,0,0
2026-07-27T16:32:08Z,F346E7F692C196A7,14.23,queries/Functions/09-06_bit_string/get_bit.sql,measured,1,5,5,2,0.038,1256.307,1,1,11997996,11997996,11998031,47991984,0,0,lineitem,309,18941,0,0,0,0,0
2026-07-27T16:32:14Z,F346E7F692C196A7,14.23,queries/Functions/09-06_bit_string/get_bit.sql,measured,2,1,5,2,0.353,1342.171,1,1,11997996,11997996,11998031,47991984,0,0,lineitem,309,18941,0,0,0,0,0
2026-07-27T16:32:14Z,F346E7F692C196A7,14.23,queries/Functions/09-06_bit_string/get_bit.sql,measured,2,2,5,2,0.039,1292.381,1,1,11997996,11997996,11998031,47991984,0,0,lineitem,309,18941,0,0,0,0,0
2026-07-27T16:32:14Z,F346E7F692C196A7,14.23,queries/Functions/09-06_bit_string/get_bit.sql,measured,2,3,5,2,0.037,1283.880,1,1,11997996,11997996,11998031,47991984,0,0,lineitem,309,18941,0,0,0,0,0
2026-07-27T16:32:14Z,F346E7F692C196A7,14.23,queries/Functions/09-06_bit_string/get_bit.sql,measured,2,4,5,2,0.040,1285.391,1,1,11997996,11997996,11998031,47991984,0,0,lineitem,309,18941,0,0,0,0,0
2026-07-27T16:32:14Z,F346E7F692C196A7,14.23,queries/Functions/09-06_bit_string/get_bit.sql,measured,2,5,5,2,0.040,1286.739,1,1,11997996,11997996,11998031,47991984,0,0,lineitem,309,18941,0,0,0,0,0
2026-07-27T16:32:15Z,F346E7F692C196A7,14.23,queries/Functions/09-06_bit_string/length_bit.sql,warmup,1,1,1,2,0.358,1325.080,1,1,11997996,11997996,11998031,47991984,0,0,lineitem,309,18941,0,0,0,0,0
2026-07-27T16:32:17Z,F346E7F692C196A7,14.23,queries/Functions/09-06_bit_string/length_bit.sql,warmup,2,1,1,2,0.336,1285.170,1,1,11997996,11997996,11998031,47991984,0,0,lineitem,309,18941,0,0,0,0,0
2026-07-27T16:32:23Z,F346E7F692C196A7,14.23,queries/Functions/09-06_bit_string/length_bit.sql,measured,1,1,5,2,0.330,1285.944,1,1,11997996,11997996,11998031,47991984,0,0,lineitem,309,18941,0,0,0,0,0
2026-07-27T16:32:23Z,F346E7F692C196A7,14.23,queries/Functions/09-06_bit_string/length_bit.sql,measured,1,2,5,2,0.039,1245.546,1,1,11997996,11997996,11998031,47991984,0,0,lineitem,309,18941,0,0,0,0,0
2026-07-27T16:32:23Z,F346E7F692C196A7,14.23,queries/Functions/09-06_bit_string/length_bit.sql,measured,1,3,5,2,0.039,1244.690,1,1,11997996,11997996,11998031,47991984,0,0,lineitem,309,18941,0,0,0,0,0
2026-07-27T16:32:23Z,F346E7F692C196A7,14.23,queries/Functions/09-06_bit_string/length_bit.sql,measured,1,4,5,2,0.038,1244.769,1,1,11997996,11997996,11998031,47991984,0,0,lineitem,309,18941,0,0,0,0,0
2026-07-27T16:32:23Z,F346E7F692C196A7,14.23,queries/Functions/09-06_bit_string/length_bit.sql,measured,1,5,5,2,0.038,1244.793,1,1,11997996,11997996,11998031,47991984,0,0,lineitem,309,18941,0,0,0,0,0
2026-07-27T16:32:30Z,F346E7F692C196A7,14.23,queries/Functions/09-06_bit_string/length_bit.sql,measured,2,1,5,2,0.357,1289.755,1,1,11997996,11997996,11998031,47991984,0,0,lineitem,309,18941,0,0,0,0,0
2026-07-27T16:32:30Z,F346E7F692C196A7,14.23,queries/Functions/09-06_bit_string/length_bit.sql,measured,2,2,5,2,0.041,1245.069,1,1,11997996,11997996,11998031,47991984,0,0,lineitem,309,18941,0,0,0,0,0
2026-07-27T16:32:30Z,F346E7F692C196A7,14.23,queries/Functions/09-06_bit_string/length_bit.sql,measured,2,3,5,2,0.055,1244.558,1,1,11997996,11997996,11998031,47991984,0,0,lineitem,309,18941,0,0,0,0,0
2026-07-27T16:32:30Z,F346E7F692C196A7,14.23,queries/Functions/09-06_bit_string/length_bit.sql,measured,2,4,5,2,0.057,1250.039,1,1,11997996,11997996,11998031,47991984,0,0,lineitem,309,18941,0,0,0,0,0
2026-07-27T16:32:30Z,F346E7F692C196A7,14.23,queries/Functions/09-06_bit_string/length_bit.sql,measured,2,5,5,2,0.038,1243.771,1,1,11997996,11997996,11998031,47991984,0,0,lineitem,309,18941,0,0,0,0,0
2026-07-27T16:32:31Z,F346E7F692C196A7,14.23,queries/Functions/09-06_bit_string/not.sql,warmup,1,1,1,2,0.346,1423.753,1,1,11997996,11997996,11998031,383935872,0,0,lineitem,309,18941,0,0,0,0,0
2026-07-27T16:32:32Z,F346E7F692C196A7,14.23,queries/Functions/09-06_bit_string/not.sql,warmup,2,1,1,2,0.316,1432.751,1,1,11997996,11997996,11998031,383935872,0,0,lineitem,309,18941,0,0,0,0,0
2026-07-27T16:32:39Z,F346E7F692C196A7,14.23,queries/Functions/09-06_bit_string/not.sql,measured,1,1,5,2,0.299,1427.388,1,1,11997996,11997996,11998031,383935872,0,0,lineitem,309,18941,0,0,0,0,0
2026-07-27T16:32:39Z,F346E7F692C196A7,14.23,queries/Functions/09-06_bit_string/not.sql,measured,1,2,5,2,0.040,1377.360,1,1,11997996,11997996,11998031,383935872,0,0,lineitem,309,18941,0,0,0,0,0
2026-07-27T16:32:39Z,F346E7F692C196A7,14.23,queries/Functions/09-06_bit_string/not.sql,measured,1,3,5,2,0.047,1365.813,1,1,11997996,11997996,11998031,383935872,0,0,lineitem,309,18941,0,0,0,0,0
2026-07-27T16:32:39Z,F346E7F692C196A7,14.23,queries/Functions/09-06_bit_string/not.sql,measured,1,4,5,2,0.040,1371.806,1,1,11997996,11997996,11998031,383935872,0,0,lineitem,309,18941,0,0,0,0,0
2026-07-27T16:32:39Z,F346E7F692C196A7,14.23,queries/Functions/09-06_bit_string/not.sql,measured,1,5,5,2,0.039,1371.947,1,1,11997996,11997996,11998031,383935872,0,0,lineitem,309,18941,0,0,0,0,0
2026-07-27T16:32:46Z,F346E7F692C196A7,14.23,queries/Functions/09-06_bit_string/not.sql,measured,2,1,5,2,0.338,1419.123,1,1,11997996,11997996,11998031,383935872,0,0,lineitem,309,18941,0,0,0,0,0
2026-07-27T16:32:46Z,F346E7F692C196A7,14.23,queries/Functions/09-06_bit_string/not.sql,measured,2,2,5,2,0.039,1368.416,1,1,11997996,11997996,11998031,383935872,0,0,lineitem,309,18941,0,0,0,0,0
2026-07-27T16:32:46Z,F346E7F692C196A7,14.23,queries/Functions/09-06_bit_string/not.sql,measured,2,3,5,2,0.047,1361.638,1,1,11997996,11997996,11998031,383935872,0,0,lineitem,309,18941,0,0,0,0,0
2026-07-27T16:32:46Z,F346E7F692C196A7,14.23,queries/Functions/09-06_bit_string/not.sql,measured,2,4,5,2,0.041,1360.858,1,1,11997996,11997996,11998031,383935872,0,0,lineitem,309,18941,0,0,0,0,0
2026-07-27T16:32:46Z,F346E7F692C196A7,14.23,queries/Functions/09-06_bit_string/not.sql,measured,2,5,5,2,0.039,1366.297,1,1,11997996,11997996,11998031,383935872,0,0,lineitem,309,18941,0,0,0,0,0
2026-07-27T16:32:48Z,F346E7F692C196A7,14.23,queries/Functions/09-06_bit_string/or.sql,warmup,1,1,1,2,0.268,1908.311,1,1,11997996,11997996,11998031,383935872,0,0,lineitem,0,224920,0,0,0,0,0
2026-07-27T16:32:50Z,F346E7F692C196A7,14.23,queries/Functions/09-06_bit_string/or.sql,warmup,2,1,1,2,0.179,1897.226,1,1,11997996,11997996,11998031,383935872,0,0,lineitem,32,224888,0,0,0,0,0
2026-07-27T16:33:00Z,F346E7F692C196A7,14.23,queries/Functions/09-06_bit_string/or.sql,measured,1,1,5,2,0.183,1893.776,1,1,11997996,11997996,11998031,383935872,0,0,lineitem,64,224856,0,0,0,0,0
2026-07-27T16:33:00Z,F346E7F692C196A7,14.23,queries/Functions/09-06_bit_string/or.sql,measured,1,2,5,2,0.031,1878.200,1,1,11997996,11997996,11998031,383935872,0,0,lineitem,96,224824,0,0,0,0,0
2026-07-27T16:33:00Z,F346E7F692C196A7,14.23,queries/Functions/09-06_bit_string/or.sql,measured,1,3,5,2,0.032,1878.759,1,1,11997996,11997996,11998031,383935872,0,0,lineitem,128,224792,0,0,0,0,0
2026-07-27T16:33:00Z,F346E7F692C196A7,14.23,queries/Functions/09-06_bit_string/or.sql,measured,1,4,5,2,0.032,1880.165,1,1,11997996,11997996,11998031,383935872,0,0,lineitem,160,224760,0,0,0,0,0
2026-07-27T16:33:00Z,F346E7F692C196A7,14.23,queries/Functions/09-06_bit_string/or.sql,measured,1,5,5,2,0.032,1880.654,1,1,11997996,11997996,11998031,383935872,0,0,lineitem,192,224728,0,0,0,0,0
2026-07-27T16:33:09Z,F346E7F692C196A7,14.23,queries/Functions/09-06_bit_string/or.sql,measured,2,1,5,2,0.175,1897.351,1,1,11997996,11997996,11998031,383935872,0,0,lineitem,224,224696,0,0,0,0,0
2026-07-27T16:33:09Z,F346E7F692C196A7,14.23,queries/Functions/09-06_bit_string/or.sql,measured,2,2,5,2,0.032,1881.439,1,1,11997996,11997996,11998031,383935872,0,0,lineitem,256,224664,0,0,0,0,0
2026-07-27T16:33:09Z,F346E7F692C196A7,14.23,queries/Functions/09-06_bit_string/or.sql,measured,2,3,5,2,0.048,1883.817,1,1,11997996,11997996,11998031,383935872,0,0,lineitem,288,224632,0,0,0,0,0
2026-07-27T16:33:09Z,F346E7F692C196A7,14.23,queries/Functions/09-06_bit_string/or.sql,measured,2,4,5,2,0.032,1876.545,1,1,11997996,11997996,11998031,383935872,0,0,lineitem,320,224600,0,0,0,0,0
2026-07-27T16:33:09Z,F346E7F692C196A7,14.23,queries/Functions/09-06_bit_string/or.sql,measured,2,5,5,2,0.031,1879.749,1,1,11997996,11997996,11998031,383935872,0,0,lineitem,352,224568,0,0,0,0,0
2026-07-27T16:33:11Z,F346E7F692C196A7,14.23,queries/Functions/09-06_bit_string/overlay_bit.sql,warmup,1,1,1,2,0.266,2126.071,1,1,11997996,11997996,11998031,383935872,0,0,lineitem,309,18941,0,0,0,0,0
2026-07-27T16:33:14Z,F346E7F692C196A7,14.23,queries/Functions/09-06_bit_string/overlay_bit.sql,warmup,2,1,1,2,0.251,2124.500,1,1,11997996,11997996,11998031,383935872,0,0,lineitem,309,18941,0,0,0,0,0
2026-07-27T16:33:24Z,F346E7F692C196A7,14.23,queries/Functions/09-06_bit_string/overlay_bit.sql,measured,1,1,5,2,0.246,2127.887,1,1,11997996,11997996,11998031,383935872,0,0,lineitem,309,18941,0,0,0,0,0
2026-07-27T16:33:24Z,F346E7F692C196A7,14.23,queries/Functions/09-06_bit_string/overlay_bit.sql,measured,1,2,5,2,0.058,2068.196,1,1,11997996,11997996,11998031,383935872,0,0,lineitem,309,18941,0,0,0,0,0
2026-07-27T16:33:24Z,F346E7F692C196A7,14.23,queries/Functions/09-06_bit_string/overlay_bit.sql,measured,1,3,5,2,0.038,2062.379,1,1,11997996,11997996,11998031,383935872,0,0,lineitem,309,18941,0,0,0,0,0
2026-07-27T16:33:24Z,F346E7F692C196A7,14.23,queries/Functions/09-06_bit_string/overlay_bit.sql,measured,1,4,5,2,0.040,2066.375,1,1,11997996,11997996,11998031,383935872,0,0,lineitem,309,18941,0,0,0,0,0
2026-07-27T16:33:24Z,F346E7F692C196A7,14.23,queries/Functions/09-06_bit_string/overlay_bit.sql,measured,1,5,5,2,0.039,2071.311,1,1,11997996,11997996,11998031,383935872,0,0,lineitem,309,18941,0,0,0,0,0
2026-07-27T16:33:35Z,F346E7F692C196A7,14.23,queries/Functions/09-06_bit_string/overlay_bit.sql,measured,2,1,5,2,0.358,2140.576,1,1,11997996,11997996,11998031,383935872,0,0,lineitem,309,18941,0,0,0,0,0
2026-07-27T16:33:35Z,F346E7F692C196A7,14.23,queries/Functions/09-06_bit_string/overlay_bit.sql,measured,2,2,5,2,0.037,2077.005,1,1,11997996,11997996,11998031,383935872,0,0,lineitem,309,18941,0,0,0,0,0
2026-07-27T16:33:35Z,F346E7F692C196A7,14.23,queries/Functions/09-06_bit_string/overlay_bit.sql,measured,2,3,5,2,0.057,2082.998,1,1,11997996,11997996,11998031,383935872,0,0,lineitem,309,18941,0,0,0,0,0
2026-07-27T16:33:35Z,F346E7F692C196A7,14.23,queries/Functions/09-06_bit_string/overlay_bit.sql,measured,2,4,5,2,0.039,2079.873,1,1,11997996,11997996,11998031,383935872,0,0,lineitem,309,18941,0,0,0,0,0
2026-07-27T16:33:35Z,F346E7F692C196A7,14.23,queries/Functions/09-06_bit_string/overlay_bit.sql,measured,2,5,5,2,0.039,2078.102,1,1,11997996,11997996,11998031,383935872,0,0,lineitem,309,18941,0,0,0,0,0
2026-07-27T16:33:36Z,F346E7F692C196A7,14.23,queries/Functions/09-06_bit_string/set_bit.sql,warmup,1,1,1,2,0.365,1440.332,1,1,11997996,11997996,11998031,383935872,0,0,lineitem,309,18941,0,0,0,0,0
2026-07-27T16:33:38Z,F346E7F692C196A7,14.23,queries/Functions/09-06_bit_string/set_bit.sql,warmup,2,1,1,2,0.318,1453.911,1,1,11997996,11997996,11998031,383935872,0,0,lineitem,309,18941,0,0,0,0,0
2026-07-27T16:33:45Z,F346E7F692C196A7,14.23,queries/Functions/09-06_bit_string/set_bit.sql,measured,1,1,5,2,0.335,1456.907,1,1,11997996,11997996,11998031,383935872,0,0,lineitem,309,18941,0,0,0,0,0
2026-07-27T16:33:45Z,F346E7F692C196A7,14.23,queries/Functions/09-06_bit_string/set_bit.sql,measured,1,2,5,2,0.056,1405.093,1,1,11997996,11997996,11998031,383935872,0,0,lineitem,309,18941,0,0,0,0,0
2026-07-27T16:33:45Z,F346E7F692C196A7,14.23,queries/Functions/09-06_bit_string/set_bit.sql,measured,1,3,5,2,0.039,1393.937,1,1,11997996,11997996,11998031,383935872,0,0,lineitem,309,18941,0,0,0,0,0
2026-07-27T16:33:45Z,F346E7F692C196A7,14.23,queries/Functions/09-06_bit_string/set_bit.sql,measured,1,4,5,2,0.039,1395.978,1,1,11997996,11997996,11998031,383935872,0,0,lineitem,309,18941,0,0,0,0,0
2026-07-27T16:33:45Z,F346E7F692C196A7,14.23,queries/Functions/09-06_bit_string/set_bit.sql,measured,1,5,5,2,0.040,1395.315,1,1,11997996,11997996,11998031,383935872,0,0,lineitem,309,18941,0,0,0,0,0
2026-07-27T16:33:52Z,F346E7F692C196A7,14.23,queries/Functions/09-06_bit_string/set_bit.sql,measured,2,1,5,2,0.355,1460.529,1,1,11997996,11997996,11998031,383935872,0,0,lineitem,309,18941,0,0,0,0,0
2026-07-27T16:33:52Z,F346E7F692C196A7,14.23,queries/Functions/09-06_bit_string/set_bit.sql,measured,2,2,5,2,0.039,1387.013,1,1,11997996,11997996,11998031,383935872,0,0,lineitem,309,18941,0,0,0,0,0
2026-07-27T16:33:52Z,F346E7F692C196A7,14.23,queries/Functions/09-06_bit_string/set_bit.sql,measured,2,3,5,2,0.048,1388.158,1,1,11997996,11997996,11998031,383935872,0,0,lineitem,309,18941,0,0,0,0,0
2026-07-27T16:33:52Z,F346E7F692C196A7,14.23,queries/Functions/09-06_bit_string/set_bit.sql,measured,2,4,5,2,0.040,1393.255,1,1,11997996,11997996,11998031,383935872,0,0,lineitem,309,18941,0,0,0,0,0
2026-07-27T16:33:52Z,F346E7F692C196A7,14.23,queries/Functions/09-06_bit_string/set_bit.sql,measured,2,5,5,2,0.040,1393.140,1,1,11997996,11997996,11998031,383935872,0,0,lineitem,309,18941,0,0,0,0,0
2026-07-27T16:33:53Z,F346E7F692C196A7,14.23,queries/Functions/09-06_bit_string/shift_left.sql,warmup,1,1,1,2,0.326,1487.844,1,1,11997996,11997996,11998031,383935872,0,0,lineitem,309,18941,0,0,0,0,0
2026-07-27T16:33:55Z,F346E7F692C196A7,14.23,queries/Functions/09-06_bit_string/shift_left.sql,warmup,2,1,1,2,0.343,1484.170,1,1,11997996,11997996,11998031,383935872,0,0,lineitem,309,18941,0,0,0,0,0
2026-07-27T16:34:02Z,F346E7F692C196A7,14.23,queries/Functions/09-06_bit_string/shift_left.sql,measured,1,1,5,2,0.307,1484.249,1,1,11997996,11997996,11998031,383935872,0,0,lineitem,309,18941,0,0,0,0,0
2026-07-27T16:34:02Z,F346E7F692C196A7,14.23,queries/Functions/09-06_bit_string/shift_left.sql,measured,1,2,5,2,0.040,1449.872,1,1,11997996,11997996,11998031,383935872,0,0,lineitem,309,18941,0,0,0,0,0
2026-07-27T16:34:02Z,F346E7F692C196A7,14.23,queries/Functions/09-06_bit_string/shift_left.sql,measured,1,3,5,2,0.040,1446.752,1,1,11997996,11997996,11998031,383935872,0,0,lineitem,309,18941,0,0,0,0,0
2026-07-27T16:34:02Z,F346E7F692C196A7,14.23,queries/Functions/09-06_bit_string/shift_left.sql,measured,1,4,5,2,0.040,1446.573,1,1,11997996,11997996,11998031,383935872,0,0,lineitem,309,18941,0,0,0,0,0
2026-07-27T16:34:02Z,F346E7F692C196A7,14.23,queries/Functions/09-06_bit_string/shift_left.sql,measured,1,5,5,2,0.041,1448.125,1,1,11997996,11997996,11998031,383935872,0,0,lineitem,309,18941,0,0,0,0,0
2026-07-27T16:34:10Z,F346E7F692C196A7,14.23,queries/Functions/09-06_bit_string/shift_left.sql,measured,2,1,5,2,0.323,1483.193,1,1,11997996,11997996,11998031,383935872,0,0,lineitem,309,18941,0,0,0,0,0
2026-07-27T16:34:10Z,F346E7F692C196A7,14.23,queries/Functions/09-06_bit_string/shift_left.sql,measured,2,2,5,2,0.039,1452.465,1,1,11997996,11997996,11998031,383935872,0,0,lineitem,309,18941,0,0,0,0,0
2026-07-27T16:34:10Z,F346E7F692C196A7,14.23,queries/Functions/09-06_bit_string/shift_left.sql,measured,2,3,5,2,0.039,1447.453,1,1,11997996,11997996,11998031,383935872,0,0,lineitem,309,18941,0,0,0,0,0
2026-07-27T16:34:10Z,F346E7F692C196A7,14.23,queries/Functions/09-06_bit_string/shift_left.sql,measured,2,4,5,2,0.039,1450.910,1,1,11997996,11997996,11998031,383935872,0,0,lineitem,309,18941,0,0,0,0,0
2026-07-27T16:34:10Z,F346E7F692C196A7,14.23,queries/Functions/09-06_bit_string/shift_left.sql,measured,2,5,5,2,0.044,1447.135,1,1,11997996,11997996,11998031,383935872,0,0,lineitem,309,18941,0,0,0,0,0
2026-07-27T16:34:11Z,F346E7F692C196A7,14.23,queries/Functions/09-06_bit_string/shift_right.sql,warmup,1,1,1,2,0.343,1510.292,1,1,11997996,11997996,11998031,383935872,0,0,lineitem,309,18941,0,0,0,0,0
2026-07-27T16:34:13Z,F346E7F692C196A7,14.23,queries/Functions/09-06_bit_string/shift_right.sql,warmup,2,1,1,2,0.327,1512.885,1,1,11997996,11997996,11998031,383935872,0,0,lineitem,309,18941,0,0,0,0,0
2026-07-27T16:34:20Z,F346E7F692C196A7,14.23,queries/Functions/09-06_bit_string/shift_right.sql,measured,1,1,5,2,0.344,1511.348,1,1,11997996,11997996,11998031,383935872,0,0,lineitem,309,18941,0,0,0,0,0
2026-07-27T16:34:20Z,F346E7F692C196A7,14.23,queries/Functions/09-06_bit_string/shift_right.sql,measured,1,2,5,2,0.040,1458.793,1,1,11997996,11997996,11998031,383935872,0,0,lineitem,309,18941,0,0,0,0,0
2026-07-27T16:34:20Z,F346E7F692C196A7,14.23,queries/Functions/09-06_bit_string/shift_right.sql,measured,1,3,5,2,0.040,1460.493,1,1,11997996,11997996,11998031,383935872,0,0,lineitem,309,18941,0,0,0,0,0
2026-07-27T16:34:20Z,F346E7F692C196A7,14.23,queries/Functions/09-06_bit_string/shift_right.sql,measured,1,4,5,2,0.039,1459.553,1,1,11997996,11997996,11998031,383935872,0,0,lineitem,309,18941,0,0,0,0,0
2026-07-27T16:34:20Z,F346E7F692C196A7,14.23,queries/Functions/09-06_bit_string/shift_right.sql,measured,1,5,5,2,0.040,1455.628,1,1,11997996,11997996,11998031,383935872,0,0,lineitem,309,18941,0,0,0,0,0
2026-07-27T16:34:28Z,F346E7F692C196A7,14.23,queries/Functions/09-06_bit_string/shift_right.sql,measured,2,1,5,2,0.333,1513.288,1,1,11997996,11997996,11998031,383935872,0,0,lineitem,309,18941,0,0,0,0,0
2026-07-27T16:34:28Z,F346E7F692C196A7,14.23,queries/Functions/09-06_bit_string/shift_right.sql,measured,2,2,5,2,0.040,1471.003,1,1,11997996,11997996,11998031,383935872,0,0,lineitem,309,18941,0,0,0,0,0
2026-07-27T16:34:28Z,F346E7F692C196A7,14.23,queries/Functions/09-06_bit_string/shift_right.sql,measured,2,3,5,2,0.039,1458.252,1,1,11997996,11997996,11998031,383935872,0,0,lineitem,309,18941,0,0,0,0,0
2026-07-27T16:34:28Z,F346E7F692C196A7,14.23,queries/Functions/09-06_bit_string/shift_right.sql,measured,2,4,5,2,0.040,1455.773,1,1,11997996,11997996,11998031,383935872,0,0,lineitem,309,18941,0,0,0,0,0
2026-07-27T16:34:28Z,F346E7F692C196A7,14.23,queries/Functions/09-06_bit_string/shift_right.sql,measured,2,5,5,2,0.039,1460.443,1,1,11997996,11997996,11998031,383935872,0,0,lineitem,309,18941,0,0,0,0,0
2026-07-27T16:34:29Z,F346E7F692C196A7,14.23,queries/Functions/09-06_bit_string/substring_bit.sql,warmup,1,1,1,2,0.344,1467.727,1,1,11997996,11997996,11998031,383935872,0,0,lineitem,309,18941,0,0,0,0,0
2026-07-27T16:34:31Z,F346E7F692C196A7,14.23,queries/Functions/09-06_bit_string/substring_bit.sql,warmup,2,1,1,2,0.321,1478.605,1,1,11997996,11997996,11998031,383935872,0,0,lineitem,309,18941,0,0,0,0,0
2026-07-27T16:34:38Z,F346E7F692C196A7,14.23,queries/Functions/09-06_bit_string/substring_bit.sql,measured,1,1,5,2,0.359,1468.242,1,1,11997996,11997996,11998031,383935872,0,0,lineitem,309,18941,0,0,0,0,0
2026-07-27T16:34:38Z,F346E7F692C196A7,14.23,queries/Functions/09-06_bit_string/substring_bit.sql,measured,1,2,5,2,0.039,1422.696,1,1,11997996,11997996,11998031,383935872,0,0,lineitem,309,18941,0,0,0,0,0
2026-07-27T16:34:38Z,F346E7F692C196A7,14.23,queries/Functions/09-06_bit_string/substring_bit.sql,measured,1,3,5,2,0.040,1418.809,1,1,11997996,11997996,11998031,383935872,0,0,lineitem,309,18941,0,0,0,0,0
2026-07-27T16:34:38Z,F346E7F692C196A7,14.23,queries/Functions/09-06_bit_string/substring_bit.sql,measured,1,4,5,2,0.056,1423.067,1,1,11997996,11997996,11998031,383935872,0,0,lineitem,309,18941,0,0,0,0,0
2026-07-27T16:34:38Z,F346E7F692C196A7,14.23,queries/Functions/09-06_bit_string/substring_bit.sql,measured,1,5,5,2,0.040,1419.467,1,1,11997996,11997996,11998031,383935872,0,0,lineitem,309,18941,0,0,0,0,0
2026-07-27T16:34:45Z,F346E7F692C196A7,14.23,queries/Functions/09-06_bit_string/substring_bit.sql,measured,2,1,5,2,0.353,1473.247,1,1,11997996,11997996,11998031,383935872,0,0,lineitem,309,18941,0,0,0,0,0
2026-07-27T16:34:45Z,F346E7F692C196A7,14.23,queries/Functions/09-06_bit_string/substring_bit.sql,measured,2,2,5,2,0.039,1418.253,1,1,11997996,11997996,11998031,383935872,0,0,lineitem,309,18941,0,0,0,0,0
2026-07-27T16:34:45Z,F346E7F692C196A7,14.23,queries/Functions/09-06_bit_string/substring_bit.sql,measured,2,3,5,2,0.039,1421.992,1,1,11997996,11997996,11998031,383935872,0,0,lineitem,309,18941,0,0,0,0,0
2026-07-27T16:34:45Z,F346E7F692C196A7,14.23,queries/Functions/09-06_bit_string/substring_bit.sql,measured,2,4,5,2,0.039,1425.132,1,1,11997996,11997996,11998031,383935872,0,0,lineitem,309,18941,0,0,0,0,0
2026-07-27T16:34:45Z,F346E7F692C196A7,14.23,queries/Functions/09-06_bit_string/substring_bit.sql,measured,2,5,5,2,0.040,1414.800,1,1,11997996,11997996,11998031,383935872,0,0,lineitem,309,18941,0,0,0,0,0
2026-07-27T16:34:47Z,F346E7F692C196A7,14.23,queries/Functions/09-06_bit_string/xor.sql,warmup,1,1,1,2,0.285,1904.208,1,1,11997996,11997996,11998031,383935872,0,0,lineitem,0,224920,0,0,0,0,0
2026-07-27T16:34:49Z,F346E7F692C196A7,14.23,queries/Functions/09-06_bit_string/xor.sql,warmup,2,1,1,2,0.176,1895.321,1,1,11997996,11997996,11998031,383935872,0,0,lineitem,32,224888,0,0,0,0,0
2026-07-27T16:34:59Z,F346E7F692C196A7,14.23,queries/Functions/09-06_bit_string/xor.sql,measured,1,1,5,2,0.190,1895.621,1,1,11997996,11997996,11998031,383935872,0,0,lineitem,64,224856,0,0,0,0,0
2026-07-27T16:34:59Z,F346E7F692C196A7,14.23,queries/Functions/09-06_bit_string/xor.sql,measured,1,2,5,2,0.032,1873.351,1,1,11997996,11997996,11998031,383935872,0,0,lineitem,96,224824,0,0,0,0,0
2026-07-27T16:34:59Z,F346E7F692C196A7,14.23,queries/Functions/09-06_bit_string/xor.sql,measured,1,3,5,2,0.032,1874.423,1,1,11997996,11997996,11998031,383935872,0,0,lineitem,128,224792,0,0,0,0,0
2026-07-27T16:34:59Z,F346E7F692C196A7,14.23,queries/Functions/09-06_bit_string/xor.sql,measured,1,4,5,2,0.042,1877.513,1,1,11997996,11997996,11998031,383935872,0,0,lineitem,160,224760,0,0,0,0,0
2026-07-27T16:34:59Z,F346E7F692C196A7,14.23,queries/Functions/09-06_bit_string/xor.sql,measured,1,5,5,2,0.032,1871.418,1,1,11997996,11997996,11998031,383935872,0,0,lineitem,192,224728,0,0,0,0,0
2026-07-27T16:35:08Z,F346E7F692C196A7,14.23,queries/Functions/09-06_bit_string/xor.sql,measured,2,1,5,2,0.173,1910.406,1,1,11997996,11997996,11998031,383935872,0,0,lineitem,224,224696,0,0,0,0,0
2026-07-27T16:35:08Z,F346E7F692C196A7,14.23,queries/Functions/09-06_bit_string/xor.sql,measured,2,2,5,2,0.032,1888.820,1,1,11997996,11997996,11998031,383935872,0,0,lineitem,256,224664,0,0,0,0,0
2026-07-27T16:35:08Z,F346E7F692C196A7,14.23,queries/Functions/09-06_bit_string/xor.sql,measured,2,3,5,2,0.032,1879.110,1,1,11997996,11997996,11998031,383935872,0,0,lineitem,288,224632,0,0,0,0,0
2026-07-27T16:35:08Z,F346E7F692C196A7,14.23,queries/Functions/09-06_bit_string/xor.sql,measured,2,4,5,2,0.031,1874.640,1,1,11997996,11997996,11998031,383935872,0,0,lineitem,320,224600,0,0,0,0,0
2026-07-27T16:35:08Z,F346E7F692C196A7,14.23,queries/Functions/09-06_bit_string/xor.sql,measured,2,5,5,2,0.041,1874.709,1,1,11997996,11997996,11998031,383935872,0,0,lineitem,352,224568,0,0,0,0,0
2026-07-27T16:35:17Z,F346E7F692C196A7,14.23,queries/Functions/09-07_pattern_matching/ilike.sql,warmup,1,1,1,2,0.183,9080.464,1,1,11997996,11997996,11998031,11997996,0,0,lineitem,384,224536,0,0,0,0,0
2026-07-27T16:35:26Z,F346E7F692C196A7,14.23,queries/Functions/09-07_pattern_matching/ilike.sql,warmup,2,1,1,2,0.177,9041.524,1,1,11997996,11997996,11998031,11997996,0,0,lineitem,416,224504,0,0,0,0,0
2026-07-27T16:36:12Z,F346E7F692C196A7,14.23,queries/Functions/09-07_pattern_matching/ilike.sql,measured,1,1,5,2,0.180,9037.371,1,1,11997996,11997996,11998031,11997996,0,0,lineitem,448,224472,0,0,0,0,0
2026-07-27T16:36:12Z,F346E7F692C196A7,14.23,queries/Functions/09-07_pattern_matching/ilike.sql,measured,1,2,5,2,0.048,9014.678,1,1,11997996,11997996,11998031,11997996,0,0,lineitem,480,224440,0,0,0,0,0
2026-07-27T16:36:12Z,F346E7F692C196A7,14.23,queries/Functions/09-07_pattern_matching/ilike.sql,measured,1,3,5,2,0.048,9021.666,1,1,11997996,11997996,11998031,11997996,0,0,lineitem,512,224408,0,0,0,0,0
2026-07-27T16:36:12Z,F346E7F692C196A7,14.23,queries/Functions/09-07_pattern_matching/ilike.sql,measured,1,4,5,2,0.049,9016.040,1,1,11997996,11997996,11998031,11997996,0,0,lineitem,544,224376,0,0,0,0,0
2026-07-27T16:36:12Z,F346E7F692C196A7,14.23,queries/Functions/09-07_pattern_matching/ilike.sql,measured,1,5,5,2,0.049,9019.708,1,1,11997996,11997996,11998031,11997996,0,0,lineitem,576,224344,0,0,0,0,0
2026-07-27T16:36:57Z,F346E7F692C196A7,14.23,queries/Functions/09-07_pattern_matching/ilike.sql,measured,2,1,5,2,0.196,9047.563,1,1,11997996,11997996,11998031,11997996,0,0,lineitem,608,224312,0,0,0,0,0
2026-07-27T16:36:57Z,F346E7F692C196A7,14.23,queries/Functions/09-07_pattern_matching/ilike.sql,measured,2,2,5,2,0.031,9027.601,1,1,11997996,11997996,11998031,11997996,0,0,lineitem,640,224280,0,0,0,0,0
2026-07-27T16:36:57Z,F346E7F692C196A7,14.23,queries/Functions/09-07_pattern_matching/ilike.sql,measured,2,3,5,2,0.031,9013.912,1,1,11997996,11997996,11998031,11997996,0,0,lineitem,672,224248,0,0,0,0,0
2026-07-27T16:36:57Z,F346E7F692C196A7,14.23,queries/Functions/09-07_pattern_matching/ilike.sql,measured,2,4,5,2,0.031,9026.828,1,1,11997996,11997996,11998031,11997996,0,0,lineitem,704,224216,0,0,0,0,0
2026-07-27T16:36:57Z,F346E7F692C196A7,14.23,queries/Functions/09-07_pattern_matching/ilike.sql,measured,2,5,5,2,0.031,9017.792,1,1,11997996,11997996,11998031,11997996,0,0,lineitem,736,224184,0,0,0,0,0
2026-07-27T16:37:00Z,F346E7F692C196A7,14.23,queries/Functions/09-07_pattern_matching/like.sql,warmup,1,1,1,2,0.189,2955.304,1,1,11997996,11997996,11998031,11997996,0,0,lineitem,768,224152,0,0,0,0,0
2026-07-27T16:37:03Z,F346E7F692C196A7,14.23,queries/Functions/09-07_pattern_matching/like.sql,warmup,2,1,1,2,0.185,2959.180,1,1,11997996,11997996,11998031,11997996,0,0,lineitem,800,224120,0,0,0,0,0
2026-07-27T16:37:18Z,F346E7F692C196A7,14.23,queries/Functions/09-07_pattern_matching/like.sql,measured,1,1,5,2,0.189,2954.289,1,1,11997996,11997996,11998031,11997996,0,0,lineitem,832,224088,0,0,0,0,0
2026-07-27T16:37:18Z,F346E7F692C196A7,14.23,queries/Functions/09-07_pattern_matching/like.sql,measured,1,2,5,2,0.031,2945.534,1,1,11997996,11997996,11998031,11997996,0,0,lineitem,864,224056,0,0,0,0,0
2026-07-27T16:37:18Z,F346E7F692C196A7,14.23,queries/Functions/09-07_pattern_matching/like.sql,measured,1,3,5,2,0.031,2935.941,1,1,11997996,11997996,11998031,11997996,0,0,lineitem,896,224024,0,0,0,0,0
2026-07-27T16:37:18Z,F346E7F692C196A7,14.23,queries/Functions/09-07_pattern_matching/like.sql,measured,1,4,5,2,0.031,2936.948,1,1,11997996,11997996,11998031,11997996,0,0,lineitem,928,223992,0,0,0,0,0
2026-07-27T16:37:18Z,F346E7F692C196A7,14.23,queries/Functions/09-07_pattern_matching/like.sql,measured,1,5,5,2,0.031,2939.788,1,1,11997996,11997996,11998031,11997996,0,0,lineitem,960,223960,0,0,0,0,0
2026-07-27T16:37:32Z,F346E7F692C196A7,14.23,queries/Functions/09-07_pattern_matching/like.sql,measured,2,1,5,2,0.190,2961.941,1,1,11997996,11997996,11998031,11997996,0,0,lineitem,992,223928,0,0,0,0,0
2026-07-27T16:37:32Z,F346E7F692C196A7,14.23,queries/Functions/09-07_pattern_matching/like.sql,measured,2,2,5,2,0.031,2935.566,1,1,11997996,11997996,11998031,11997996,0,0,lineitem,1024,223896,0,0,0,0,0
2026-07-27T16:37:32Z,F346E7F692C196A7,14.23,queries/Functions/09-07_pattern_matching/like.sql,measured,2,3,5,2,0.030,2939.701,1,1,11997996,11997996,11998031,11997996,0,0,lineitem,1056,223864,0,0,0,0,0
2026-07-27T16:37:32Z,F346E7F692C196A7,14.23,queries/Functions/09-07_pattern_matching/like.sql,measured,2,4,5,2,0.030,2940.882,1,1,11997996,11997996,11998031,11997996,0,0,lineitem,1088,223832,0,0,0,0,0
2026-07-27T16:37:32Z,F346E7F692C196A7,14.23,queries/Functions/09-07_pattern_matching/like.sql,measured,2,5,5,2,0.031,2935.687,1,1,11997996,11997996,11998031,11997996,0,0,lineitem,1120,223800,0,0,0,0,0
2026-07-27T16:37:35Z,F346E7F692C196A7,14.23,queries/Functions/09-07_pattern_matching/like_prefix.sql,warmup,1,1,1,2,0.191,2304.210,1,1,11997996,11997996,11998031,11997996,0,0,lineitem,1152,223768,0,0,0,0,0
2026-07-27T16:37:37Z,F346E7F692C196A7,14.23,queries/Functions/09-07_pattern_matching/like_prefix.sql,warmup,2,1,1,2,0.187,2307.119,1,1,11997996,11997996,11998031,11997996,0,0,lineitem,1184,223736,0,0,0,0,0
2026-07-27T16:37:49Z,F346E7F692C196A7,14.23,queries/Functions/09-07_pattern_matching/like_prefix.sql,measured,1,1,5,2,0.184,2314.733,1,1,11997996,11997996,11998031,11997996,0,0,lineitem,1216,223704,0,0,0,0,0
2026-07-27T16:37:49Z,F346E7F692C196A7,14.23,queries/Functions/09-07_pattern_matching/like_prefix.sql,measured,1,2,5,2,0.032,2288.455,1,1,11997996,11997996,11998031,11997996,0,0,lineitem,1248,223672,0,0,0,0,0
2026-07-27T16:37:49Z,F346E7F692C196A7,14.23,queries/Functions/09-07_pattern_matching/like_prefix.sql,measured,1,3,5,2,0.032,2279.837,1,1,11997996,11997996,11998031,11997996,0,0,lineitem,1280,223640,0,0,0,0,0
2026-07-27T16:37:49Z,F346E7F692C196A7,14.23,queries/Functions/09-07_pattern_matching/like_prefix.sql,measured,1,4,5,2,0.031,2281.140,1,1,11997996,11997996,11998031,11997996,0,0,lineitem,1312,223608,0,0,0,0,0
2026-07-27T16:37:49Z,F346E7F692C196A7,14.23,queries/Functions/09-07_pattern_matching/like_prefix.sql,measured,1,5,5,2,0.031,2282.001,1,1,11997996,11997996,11998031,11997996,0,0,lineitem,1344,223576,0,0,0,0,0
2026-07-27T16:38:00Z,F346E7F692C196A7,14.23,queries/Functions/09-07_pattern_matching/like_prefix.sql,measured,2,1,5,2,0.180,2302.165,1,1,11997996,11997996,11998031,11997996,0,0,lineitem,1376,223544,0,0,0,0,0
2026-07-27T16:38:00Z,F346E7F692C196A7,14.23,queries/Functions/09-07_pattern_matching/like_prefix.sql,measured,2,2,5,2,0.031,2284.623,1,1,11997996,11997996,11998031,11997996,0,0,lineitem,1408,223512,0,0,0,0,0
2026-07-27T16:38:00Z,F346E7F692C196A7,14.23,queries/Functions/09-07_pattern_matching/like_prefix.sql,measured,2,3,5,2,0.031,2295.410,1,1,11997996,11997996,11998031,11997996,0,0,lineitem,1440,223480,0,0,0,0,0
2026-07-27T16:38:00Z,F346E7F692C196A7,14.23,queries/Functions/09-07_pattern_matching/like_prefix.sql,measured,2,4,5,2,0.031,2281.852,1,1,11997996,11997996,11998031,11997996,0,0,lineitem,1472,223448,0,0,0,0,0
2026-07-27T16:38:00Z,F346E7F692C196A7,14.23,queries/Functions/09-07_pattern_matching/like_prefix.sql,measured,2,5,5,2,0.031,2282.650,1,1,11997996,11997996,11998031,11997996,0,0,lineitem,1504,223416,0,0,0,0,0
2026-07-27T16:38:09Z,F346E7F692C196A7,14.23,queries/Functions/09-07_pattern_matching/not_ilike.sql,warmup,1,1,1,2,0.183,9043.645,1,1,11997996,11997996,11998031,11997996,0,0,lineitem,1536,223384,0,0,0,0,0
2026-07-27T16:38:18Z,F346E7F692C196A7,14.23,queries/Functions/09-07_pattern_matching/not_ilike.sql,warmup,2,1,1,2,0.183,9046.816,1,1,11997996,11997996,11998031,11997996,0,0,lineitem,1568,223352,0,0,0,0,0
2026-07-27T16:39:04Z,F346E7F692C196A7,14.23,queries/Functions/09-07_pattern_matching/not_ilike.sql,measured,1,1,5,2,0.185,9046.000,1,1,11997996,11997996,11998031,11997996,0,0,lineitem,1600,223320,0,0,0,0,0
2026-07-27T16:39:04Z,F346E7F692C196A7,14.23,queries/Functions/09-07_pattern_matching/not_ilike.sql,measured,1,2,5,2,0.030,9040.950,1,1,11997996,11997996,11998031,11997996,0,0,lineitem,1632,223288,0,0,0,0,0
2026-07-27T16:39:04Z,F346E7F692C196A7,14.23,queries/Functions/09-07_pattern_matching/not_ilike.sql,measured,1,3,5,2,0.030,9024.332,1,1,11997996,11997996,11998031,11997996,0,0,lineitem,1664,223256,0,0,0,0,0
2026-07-27T16:39:04Z,F346E7F692C196A7,14.23,queries/Functions/09-07_pattern_matching/not_ilike.sql,measured,1,4,5,2,0.030,9026.499,1,1,11997996,11997996,11998031,11997996,0,0,lineitem,1696,223224,0,0,0,0,0
2026-07-27T16:39:04Z,F346E7F692C196A7,14.23,queries/Functions/09-07_pattern_matching/not_ilike.sql,measured,1,5,5,2,0.030,9031.307,1,1,11997996,11997996,11998031,11997996,0,0,lineitem,1728,223192,0,0,0,0,0
2026-07-27T16:39:49Z,F346E7F692C196A7,14.23,queries/Functions/09-07_pattern_matching/not_ilike.sql,measured,2,1,5,2,0.179,9042.759,1,1,11997996,11997996,11998031,11997996,0,0,lineitem,1760,223160,0,0,0,0,0
2026-07-27T16:39:49Z,F346E7F692C196A7,14.23,queries/Functions/09-07_pattern_matching/not_ilike.sql,measured,2,2,5,2,0.031,9023.536,1,1,11997996,11997996,11998031,11997996,0,0,lineitem,1792,223128,0,0,0,0,0
2026-07-27T16:39:49Z,F346E7F692C196A7,14.23,queries/Functions/09-07_pattern_matching/not_ilike.sql,measured,2,3,5,2,0.031,9039.126,1,1,11997996,11997996,11998031,11997996,0,0,lineitem,1824,223096,0,0,0,0,0
2026-07-27T16:39:49Z,F346E7F692C196A7,14.23,queries/Functions/09-07_pattern_matching/not_ilike.sql,measured,2,4,5,2,0.030,9029.382,1,1,11997996,11997996,11998031,11997996,0,0,lineitem,1856,223064,0,0,0,0,0
2026-07-27T16:39:49Z,F346E7F692C196A7,14.23,queries/Functions/09-07_pattern_matching/not_ilike.sql,measured,2,5,5,2,0.031,9033.934,1,1,11997996,11997996,11998031,11997996,0,0,lineitem,1888,223032,0,0,0,0,0
2026-07-27T16:39:52Z,F346E7F692C196A7,14.23,queries/Functions/09-07_pattern_matching/not_like.sql,warmup,1,1,1,2,0.172,2972.568,1,1,11997996,11997996,11998031,11997996,0,0,lineitem,1920,223000,0,0,0,0,0
2026-07-27T16:39:55Z,F346E7F692C196A7,14.23,queries/Functions/09-07_pattern_matching/not_like.sql,warmup,2,1,1,2,0.172,2972.711,1,1,11997996,11997996,11998031,11997996,0,0,lineitem,1952,222968,0,0,0,0,0
2026-07-27T16:40:10Z,F346E7F692C196A7,14.23,queries/Functions/09-07_pattern_matching/not_like.sql,measured,1,1,5,2,0.179,2977.413,1,1,11997996,11997996,11998031,11997996,0,0,lineitem,1984,222936,0,0,0,0,0
2026-07-27T16:40:10Z,F346E7F692C196A7,14.23,queries/Functions/09-07_pattern_matching/not_like.sql,measured,1,2,5,2,0.030,2951.193,1,1,11997996,11997996,11998031,11997996,0,0,lineitem,2016,222904,0,0,0,0,0
2026-07-27T16:40:10Z,F346E7F692C196A7,14.23,queries/Functions/09-07_pattern_matching/not_like.sql,measured,1,3,5,2,0.029,2956.981,1,1,11997996,11997996,11998031,11997996,0,0,lineitem,2048,222872,0,0,0,0,0
2026-07-27T16:40:10Z,F346E7F692C196A7,14.23,queries/Functions/09-07_pattern_matching/not_like.sql,measured,1,4,5,2,0.030,2958.376,1,1,11997996,11997996,11998031,11997996,0,0,lineitem,2080,222840,0,0,0,0,0
2026-07-27T16:40:10Z,F346E7F692C196A7,14.23,queries/Functions/09-07_pattern_matching/not_like.sql,measured,1,5,5,2,0.030,2952.834,1,1,11997996,11997996,11998031,11997996,0,0,lineitem,2112,222808,0,0,0,0,0
2026-07-27T16:40:25Z,F346E7F692C196A7,14.23,queries/Functions/09-07_pattern_matching/not_like.sql,measured,2,1,5,2,0.185,2972.482,1,1,11997996,11997996,11998031,11997996,0,0,lineitem,2144,222776,0,0,0,0,0
2026-07-27T16:40:25Z,F346E7F692C196A7,14.23,queries/Functions/09-07_pattern_matching/not_like.sql,measured,2,2,5,2,0.048,2955.655,1,1,11997996,11997996,11998031,11997996,0,0,lineitem,2176,222744,0,0,0,0,0
2026-07-27T16:40:25Z,F346E7F692C196A7,14.23,queries/Functions/09-07_pattern_matching/not_like.sql,measured,2,3,5,2,0.031,2952.820,1,1,11997996,11997996,11998031,11997996,0,0,lineitem,2208,222712,0,0,0,0,0
2026-07-27T16:40:25Z,F346E7F692C196A7,14.23,queries/Functions/09-07_pattern_matching/not_like.sql,measured,2,4,5,2,0.031,2956.071,1,1,11997996,11997996,11998031,11997996,0,0,lineitem,2240,222680,0,0,0,0,0
2026-07-27T16:40:25Z,F346E7F692C196A7,14.23,queries/Functions/09-07_pattern_matching/not_like.sql,measured,2,5,5,2,0.030,2950.793,1,1,11997996,11997996,11998031,11997996,0,0,lineitem,2272,222648,0,0,0,0,0
2026-07-27T16:40:37Z,F346E7F692C196A7,14.23,queries/Functions/09-07_pattern_matching/regex_alternation.sql,warmup,1,1,1,2,0.184,12576.462,1,1,11997996,11997996,11998031,11997996,0,0,lineitem,2304,222616,0,0,0,0,0
2026-07-27T16:40:50Z,F346E7F692C196A7,14.23,queries/Functions/09-07_pattern_matching/regex_alternation.sql,warmup,2,1,1,2,0.199,12555.181,1,1,11997996,11997996,11998031,11997996,0,0,lineitem,2336,222584,0,0,0,0,0
2026-07-27T16:41:53Z,F346E7F692C196A7,14.23,queries/Functions/09-07_pattern_matching/regex_alternation.sql,measured,1,1,5,2,0.181,12611.415,1,1,11997996,11997996,11998031,11997996,0,0,lineitem,2368,222552,0,0,0,0,0
2026-07-27T16:41:53Z,F346E7F692C196A7,14.23,queries/Functions/09-07_pattern_matching/regex_alternation.sql,measured,1,2,5,2,0.031,12587.618,1,1,11997996,11997996,11998031,11997996,0,0,lineitem,2400,222520,0,0,0,0,0
2026-07-27T16:41:53Z,F346E7F692C196A7,14.23,queries/Functions/09-07_pattern_matching/regex_alternation.sql,measured,1,3,5,2,0.031,12562.457,1,1,11997996,11997996,11998031,11997996,0,0,lineitem,2432,222488,0,0,0,0,0
2026-07-27T16:41:53Z,F346E7F692C196A7,14.23,queries/Functions/09-07_pattern_matching/regex_alternation.sql,measured,1,4,5,2,0.038,12584.682,1,1,11997996,11997996,11998031,11997996,0,0,lineitem,2464,222456,0,0,0,0,0
2026-07-27T16:41:53Z,F346E7F692C196A7,14.23,queries/Functions/09-07_pattern_matching/regex_alternation.sql,measured,1,5,5,2,0.033,12566.736,1,1,11997996,11997996,11998031,11997996,0,0,lineitem,2496,222424,0,0,0,0,0
2026-07-27T16:42:56Z,F346E7F692C196A7,14.23,queries/Functions/09-07_pattern_matching/regex_alternation.sql,measured,2,1,5,2,0.181,12563.693,1,1,11997996,11997996,11998031,11997996,0,0,lineitem,2528,222392,0,0,0,0,0
2026-07-27T16:42:56Z,F346E7F692C196A7,14.23,queries/Functions/09-07_pattern_matching/regex_alternation.sql,measured,2,2,5,2,0.031,12539.498,1,1,11997996,11997996,11998031,11997996,0,0,lineitem,2560,222360,0,0,0,0,0
2026-07-27T16:42:56Z,F346E7F692C196A7,14.23,queries/Functions/09-07_pattern_matching/regex_alternation.sql,measured,2,3,5,2,0.031,12525.796,1,1,11997996,11997996,11998031,11997996,0,0,lineitem,2592,222328,0,0,0,0,0
2026-07-27T16:42:56Z,F346E7F692C196A7,14.23,queries/Functions/09-07_pattern_matching/regex_alternation.sql,measured,2,4,5,2,0.031,12541.446,1,1,11997996,11997996,11998031,11997996,0,0,lineitem,2624,222296,0,0,0,0,0
2026-07-27T16:42:56Z,F346E7F692C196A7,14.23,queries/Functions/09-07_pattern_matching/regex_alternation.sql,measured,2,5,5,2,0.031,12530.871,1,1,11997996,11997996,11998031,11997996,0,0,lineitem,2656,222264,0,0,0,0,0
2026-07-27T16:43:01Z,F346E7F692C196A7,14.23,queries/Functions/09-07_pattern_matching/regex_anchored.sql,warmup,1,1,1,2,0.198,4992.900,1,1,11997996,11997996,11998031,11997996,0,0,lineitem,2688,222232,0,0,0,0,0
2026-07-27T16:43:06Z,F346E7F692C196A7,14.23,queries/Functions/09-07_pattern_matching/regex_anchored.sql,warmup,2,1,1,2,0.194,4981.995,1,1,11997996,11997996,11998031,11997996,0,0,lineitem,2720,222200,0,0,0,0,0
2026-07-27T16:43:31Z,F346E7F692C196A7,14.23,queries/Functions/09-07_pattern_matching/regex_anchored.sql,measured,1,1,5,2,0.190,4969.901,1,1,11997996,11997996,11998031,11997996,0,0,lineitem,2752,222168,0,0,0,0,0
2026-07-27T16:43:31Z,F346E7F692C196A7,14.23,queries/Functions/09-07_pattern_matching/regex_anchored.sql,measured,1,2,5,2,0.033,4941.592,1,1,11997996,11997996,11998031,11997996,0,0,lineitem,2784,222136,0,0,0,0,0
2026-07-27T16:43:31Z,F346E7F692C196A7,14.23,queries/Functions/09-07_pattern_matching/regex_anchored.sql,measured,1,3,5,2,0.031,4970.377,1,1,11997996,11997996,11998031,11997996,0,0,lineitem,2816,222104,0,0,0,0,0
2026-07-27T16:43:31Z,F346E7F692C196A7,14.23,queries/Functions/09-07_pattern_matching/regex_anchored.sql,measured,1,4,5,2,0.030,4949.907,1,1,11997996,11997996,11998031,11997996,0,0,lineitem,2848,222072,0,0,0,0,0
2026-07-27T16:43:31Z,F346E7F692C196A7,14.23,queries/Functions/09-07_pattern_matching/regex_anchored.sql,measured,1,5,5,2,0.030,4966.132,1,1,11997996,11997996,11998031,11997996,0,0,lineitem,2880,222040,0,0,0,0,0
2026-07-27T16:43:56Z,F346E7F692C196A7,14.23,queries/Functions/09-07_pattern_matching/regex_anchored.sql,measured,2,1,5,2,0.182,4966.887,1,1,11997996,11997996,11998031,11997996,0,0,lineitem,2912,222008,0,0,0,0,0
2026-07-27T16:43:56Z,F346E7F692C196A7,14.23,queries/Functions/09-07_pattern_matching/regex_anchored.sql,measured,2,2,5,2,0.031,4949.999,1,1,11997996,11997996,11998031,11997996,0,0,lineitem,2944,221976,0,0,0,0,0
2026-07-27T16:43:56Z,F346E7F692C196A7,14.23,queries/Functions/09-07_pattern_matching/regex_anchored.sql,measured,2,3,5,2,0.031,4972.543,1,1,11997996,11997996,11998031,11997996,0,0,lineitem,2976,221944,0,0,0,0,0
2026-07-27T16:43:56Z,F346E7F692C196A7,14.23,queries/Functions/09-07_pattern_matching/regex_anchored.sql,measured,2,4,5,2,0.031,4951.792,1,1,11997996,11997996,11998031,11997996,0,0,lineitem,3008,221912,0,0,0,0,0
2026-07-27T16:43:56Z,F346E7F692C196A7,14.23,queries/Functions/09-07_pattern_matching/regex_anchored.sql,measured,2,5,5,2,0.030,4965.785,1,1,11997996,11997996,11998031,11997996,0,0,lineitem,3040,221880,0,0,0,0,0
2026-07-27T16:44:09Z,F346E7F692C196A7,14.23,queries/Functions/09-07_pattern_matching/regex_backtrack.sql,warmup,1,1,1,2,0.181,13760.799,1,1,11997996,11997996,11998031,11997996,0,0,lineitem,3072,221848,0,0,0,0,0
2026-07-27T16:44:23Z,F346E7F692C196A7,14.23,queries/Functions/09-07_pattern_matching/regex_backtrack.sql,warmup,2,1,1,2,0.195,13754.701,1,1,11997996,11997996,11998031,11997996,0,0,lineitem,3104,221816,0,0,0,0,0
2026-07-27T16:45:32Z,F346E7F692C196A7,14.23,queries/Functions/09-07_pattern_matching/regex_backtrack.sql,measured,1,1,5,2,0.200,13755.750,1,1,11997996,11997996,11998031,11997996,0,0,lineitem,3136,221784,0,0,0,0,0
2026-07-27T16:45:32Z,F346E7F692C196A7,14.23,queries/Functions/09-07_pattern_matching/regex_backtrack.sql,measured,1,2,5,2,0.031,13702.333,1,1,11997996,11997996,11998031,11997996,0,0,lineitem,3168,221752,0,0,0,0,0
2026-07-27T16:45:32Z,F346E7F692C196A7,14.23,queries/Functions/09-07_pattern_matching/regex_backtrack.sql,measured,1,3,5,2,0.031,13532.230,1,1,11997996,11997996,11998031,11997996,0,0,lineitem,3200,221720,0,0,0,0,0
2026-07-27T16:45:32Z,F346E7F692C196A7,14.23,queries/Functions/09-07_pattern_matching/regex_backtrack.sql,measured,1,4,5,2,0.030,13899.597,1,1,11997996,11997996,11998031,11997996,0,0,lineitem,3232,221688,0,0,0,0,0
2026-07-27T16:45:32Z,F346E7F692C196A7,14.23,queries/Functions/09-07_pattern_matching/regex_backtrack.sql,measured,1,5,5,2,0.031,13604.622,1,1,11997996,11997996,11998031,11997996,0,0,lineitem,3264,221656,0,0,0,0,0
2026-07-27T16:46:40Z,F346E7F692C196A7,14.23,queries/Functions/09-07_pattern_matching/regex_backtrack.sql,measured,2,1,5,2,0.193,13742.261,1,1,11997996,11997996,11998031,11997996,0,0,lineitem,3296,221624,0,0,0,0,0
2026-07-27T16:46:40Z,F346E7F692C196A7,14.23,queries/Functions/09-07_pattern_matching/regex_backtrack.sql,measured,2,2,5,2,0.031,13717.836,1,1,11997996,11997996,11998031,11997996,0,0,lineitem,3328,221592,0,0,0,0,0
2026-07-27T16:46:40Z,F346E7F692C196A7,14.23,queries/Functions/09-07_pattern_matching/regex_backtrack.sql,measured,2,3,5,2,0.031,13553.432,1,1,11997996,11997996,11998031,11997996,0,0,lineitem,3360,221560,0,0,0,0,0
2026-07-27T16:46:40Z,F346E7F692C196A7,14.23,queries/Functions/09-07_pattern_matching/regex_backtrack.sql,measured,2,4,5,2,0.031,13891.623,1,1,11997996,11997996,11998031,11997996,0,0,lineitem,3392,221528,0,0,0,0,0
2026-07-27T16:46:40Z,F346E7F692C196A7,14.23,queries/Functions/09-07_pattern_matching/regex_backtrack.sql,measured,2,5,5,2,0.031,13579.852,1,1,11997996,11997996,11998031,11997996,0,0,lineitem,3424,221496,0,0,0,0,0
2026-07-27T16:46:47Z,F346E7F692C196A7,14.23,queries/Functions/09-07_pattern_matching/regex_charclass.sql,warmup,1,1,1,2,0.192,6127.161,1,1,11997996,11997996,11998031,11997996,0,0,lineitem,3456,221464,0,0,0,0,0
2026-07-27T16:46:53Z,F346E7F692C196A7,14.23,queries/Functions/09-07_pattern_matching/regex_charclass.sql,warmup,2,1,1,2,0.179,6127.334,1,1,11997996,11997996,11998031,11997996,0,0,lineitem,3488,221432,0,0,0,0,0
2026-07-27T16:47:23Z,F346E7F692C196A7,14.23,queries/Functions/09-07_pattern_matching/regex_charclass.sql,measured,1,1,5,2,0.190,6152.648,1,1,11997996,11997996,11998031,11997996,0,0,lineitem,3520,221400,0,0,0,0,0
2026-07-27T16:47:23Z,F346E7F692C196A7,14.23,queries/Functions/09-07_pattern_matching/regex_charclass.sql,measured,1,2,5,2,0.032,6124.719,1,1,11997996,11997996,11998031,11997996,0,0,lineitem,3552,221368,0,0,0,0,0
2026-07-27T16:47:23Z,F346E7F692C196A7,14.23,queries/Functions/09-07_pattern_matching/regex_charclass.sql,measured,1,3,5,2,0.031,6116.961,1,1,11997996,11997996,11998031,11997996,0,0,lineitem,3584,221336,0,0,0,0,0
2026-07-27T16:47:23Z,F346E7F692C196A7,14.23,queries/Functions/09-07_pattern_matching/regex_charclass.sql,measured,1,4,5,2,0.032,6115.588,1,1,11997996,11997996,11998031,11997996,0,0,lineitem,3616,221304,0,0,0,0,0
2026-07-27T16:47:23Z,F346E7F692C196A7,14.23,queries/Functions/09-07_pattern_matching/regex_charclass.sql,measured,1,5,5,2,0.039,6130.742,1,1,11997996,11997996,11998031,11997996,0,0,lineitem,3648,221272,0,0,0,0,0
2026-07-27T16:47:54Z,F346E7F692C196A7,14.23,queries/Functions/09-07_pattern_matching/regex_charclass.sql,measured,2,1,5,2,0.196,6136.262,1,1,11997996,11997996,11998031,11997996,0,0,lineitem,3680,221240,0,0,0,0,0
2026-07-27T16:47:54Z,F346E7F692C196A7,14.23,queries/Functions/09-07_pattern_matching/regex_charclass.sql,measured,2,2,5,2,0.031,6102.273,1,1,11997996,11997996,11998031,11997996,0,0,lineitem,3712,221208,0,0,0,0,0
2026-07-27T16:47:54Z,F346E7F692C196A7,14.23,queries/Functions/09-07_pattern_matching/regex_charclass.sql,measured,2,3,5,2,0.052,6111.614,1,1,11997996,11997996,11998031,11997996,0,0,lineitem,3744,221176,0,0,0,0,0
2026-07-27T16:47:54Z,F346E7F692C196A7,14.23,queries/Functions/09-07_pattern_matching/regex_charclass.sql,measured,2,4,5,2,0.038,6103.576,1,1,11997996,11997996,11998031,11997996,0,0,lineitem,3776,221144,0,0,0,0,0
2026-07-27T16:47:54Z,F346E7F692C196A7,14.23,queries/Functions/09-07_pattern_matching/regex_charclass.sql,measured,2,5,5,2,0.030,6108.298,1,1,11997996,11997996,11998031,11997996,0,0,lineitem,3808,221112,0,0,0,0,0
2026-07-27T16:48:02Z,F346E7F692C196A7,14.23,queries/Functions/09-07_pattern_matching/regex_match.sql,warmup,1,1,1,2,0.184,8288.763,1,1,11997996,11997996,11998031,11997996,0,0,lineitem,3840,221080,0,0,0,0,0
2026-07-27T16:48:11Z,F346E7F692C196A7,14.23,queries/Functions/09-07_pattern_matching/regex_match.sql,warmup,2,1,1,2,0.191,8362.180,1,1,11997996,11997996,11998031,11997996,0,0,lineitem,3872,221048,0,0,0,0,0
2026-07-27T16:48:52Z,F346E7F692C196A7,14.23,queries/Functions/09-07_pattern_matching/regex_match.sql,measured,1,1,5,2,0.193,8292.606,1,1,11997996,11997996,11998031,11997996,0,0,lineitem,3904,221016,0,0,0,0,0
2026-07-27T16:48:52Z,F346E7F692C196A7,14.23,queries/Functions/09-07_pattern_matching/regex_match.sql,measured,1,2,5,2,0.031,8268.517,1,1,11997996,11997996,11998031,11997996,0,0,lineitem,3936,220984,0,0,0,0,0
2026-07-27T16:48:52Z,F346E7F692C196A7,14.23,queries/Functions/09-07_pattern_matching/regex_match.sql,measured,1,3,5,2,0.031,8286.112,1,1,11997996,11997996,11998031,11997996,0,0,lineitem,3968,220952,0,0,0,0,0
2026-07-27T16:48:52Z,F346E7F692C196A7,14.23,queries/Functions/09-07_pattern_matching/regex_match.sql,measured,1,4,5,2,0.031,8273.556,1,1,11997996,11997996,11998031,11997996,0,0,lineitem,4000,220920,0,0,0,0,0
2026-07-27T16:48:52Z,F346E7F692C196A7,14.23,queries/Functions/09-07_pattern_matching/regex_match.sql,measured,1,5,5,2,0.031,8285.492,1,1,11997996,11997996,11998031,11997996,0,0,lineitem,4032,220888,0,0,0,0,0
2026-07-27T16:49:34Z,F346E7F692C196A7,14.23,queries/Functions/09-07_pattern_matching/regex_match.sql,measured,2,1,5,2,0.178,8292.188,1,1,11997996,11997996,11998031,11997996,0,0,lineitem,4064,220856,0,0,0,0,0
2026-07-27T16:49:34Z,F346E7F692C196A7,14.23,queries/Functions/09-07_pattern_matching/regex_match.sql,measured,2,2,5,2,0.031,8269.096,1,1,11997996,11997996,11998031,11997996,0,0,lineitem,4096,220824,0,0,0,0,0
2026-07-27T16:49:34Z,F346E7F692C196A7,14.23,queries/Functions/09-07_pattern_matching/regex_match.sql,measured,2,3,5,2,0.031,8286.568,1,1,11997996,11997996,11998031,11997996,0,0,lineitem,4128,220792,0,0,0,0,0
2026-07-27T16:49:34Z,F346E7F692C196A7,14.23,queries/Functions/09-07_pattern_matching/regex_match.sql,measured,2,4,5,2,0.031,8268.745,1,1,11997996,11997996,11998031,11997996,0,0,lineitem,4160,220760,0,0,0,0,0
2026-07-27T16:49:34Z,F346E7F692C196A7,14.23,queries/Functions/09-07_pattern_matching/regex_match.sql,measured,2,5,5,2,0.030,8278.243,1,1,11997996,11997996,11998031,11997996,0,0,lineitem,4192,220728,0,0,0,0,0
2026-07-27T16:49:42Z,F346E7F692C196A7,14.23,queries/Functions/09-07_pattern_matching/regex_match_ci.sql,warmup,1,1,1,2,0.178,8314.875,1,1,11997996,11997996,11998031,11997996,0,0,lineitem,4224,220696,0,0,0,0,0
2026-07-27T16:49:51Z,F346E7F692C196A7,14.23,queries/Functions/09-07_pattern_matching/regex_match_ci.sql,warmup,2,1,1,2,0.197,8307.190,1,1,11997996,11997996,11998031,11997996,0,0,lineitem,4256,220664,0,0,0,0,0
2026-07-27T16:50:32Z,F346E7F692C196A7,14.23,queries/Functions/09-07_pattern_matching/regex_match_ci.sql,measured,1,1,5,2,0.178,8328.161,1,1,11997996,11997996,11998031,11997996,0,0,lineitem,4288,220632,0,0,0,0,0
2026-07-27T16:50:32Z,F346E7F692C196A7,14.23,queries/Functions/09-07_pattern_matching/regex_match_ci.sql,measured,1,2,5,2,0.030,8281.267,1,1,11997996,11997996,11998031,11997996,0,0,lineitem,4320,220600,0,0,0,0,0
2026-07-27T16:50:32Z,F346E7F692C196A7,14.23,queries/Functions/09-07_pattern_matching/regex_match_ci.sql,measured,1,3,5,2,0.031,8292.463,1,1,11997996,11997996,11998031,11997996,0,0,lineitem,4352,220568,0,0,0,0,0
2026-07-27T16:50:32Z,F346E7F692C196A7,14.23,queries/Functions/09-07_pattern_matching/regex_match_ci.sql,measured,1,4,5,2,0.032,8281.543,1,1,11997996,11997996,11998031,11997996,0,0,lineitem,4384,220536,0,0,0,0,0
2026-07-27T16:50:32Z,F346E7F692C196A7,14.23,queries/Functions/09-07_pattern_matching/regex_match_ci.sql,measured,1,5,5,2,0.031,8299.204,1,1,11997996,11997996,11998031,11997996,0,0,lineitem,4416,220504,0,0,0,0,0
2026-07-27T16:51:14Z,F346E7F692C196A7,14.23,queries/Functions/09-07_pattern_matching/regex_match_ci.sql,measured,2,1,5,2,0.201,8306.523,1,1,11997996,11997996,11998031,11997996,0,0,lineitem,4448,220472,0,0,0,0,0
2026-07-27T16:51:14Z,F346E7F692C196A7,14.23,queries/Functions/09-07_pattern_matching/regex_match_ci.sql,measured,2,2,5,2,0.032,8268.320,1,1,11997996,11997996,11998031,11997996,0,0,lineitem,4480,220440,0,0,0,0,0
2026-07-27T16:51:14Z,F346E7F692C196A7,14.23,queries/Functions/09-07_pattern_matching/regex_match_ci.sql,measured,2,3,5,2,0.031,8283.679,1,1,11997996,11997996,11998031,11997996,0,0,lineitem,4512,220408,0,0,0,0,0
2026-07-27T16:51:14Z,F346E7F692C196A7,14.23,queries/Functions/09-07_pattern_matching/regex_match_ci.sql,measured,2,4,5,2,0.031,8265.319,1,1,11997996,11997996,11998031,11997996,0,0,lineitem,4544,220376,0,0,0,0,0
2026-07-27T16:51:14Z,F346E7F692C196A7,14.23,queries/Functions/09-07_pattern_matching/regex_match_ci.sql,measured,2,5,5,2,0.031,8281.159,1,1,11997996,11997996,11998031,11997996,0,0,lineitem,4576,220344,0,0,0,0,0
2026-07-27T16:51:22Z,F346E7F692C196A7,14.23,queries/Functions/09-07_pattern_matching/regex_not_match.sql,warmup,1,1,1,2,0.170,8295.136,1,1,11997996,11997996,11998031,11997996,0,0,lineitem,4608,220312,0,0,0,0,0
2026-07-27T16:51:30Z,F346E7F692C196A7,14.23,queries/Functions/09-07_pattern_matching/regex_not_match.sql,warmup,2,1,1,2,0.186,8297.705,1,1,11997996,11997996,11998031,11997996,0,0,lineitem,4640,220280,0,0,0,0,0
2026-07-27T16:52:12Z,F346E7F692C196A7,14.23,queries/Functions/09-07_pattern_matching/regex_not_match.sql,measured,1,1,5,2,0.188,8294.184,1,1,11997996,11997996,11998031,11997996,0,0,lineitem,4672,220248,0,0,0,0,0
2026-07-27T16:52:12Z,F346E7F692C196A7,14.23,queries/Functions/09-07_pattern_matching/regex_not_match.sql,measured,1,2,5,2,0.030,8250.883,1,1,11997996,11997996,11998031,11997996,0,0,lineitem,4704,220216,0,0,0,0,0
2026-07-27T16:52:12Z,F346E7F692C196A7,14.23,queries/Functions/09-07_pattern_matching/regex_not_match.sql,measured,1,3,5,2,0.031,8280.193,1,1,11997996,11997996,11998031,11997996,0,0,lineitem,4736,220184,0,0,0,0,0
2026-07-27T16:52:12Z,F346E7F692C196A7,14.23,queries/Functions/09-07_pattern_matching/regex_not_match.sql,measured,1,4,5,2,0.030,8257.344,1,1,11997996,11997996,11998031,11997996,0,0,lineitem,4768,220152,0,0,0,0,0
2026-07-27T16:52:12Z,F346E7F692C196A7,14.23,queries/Functions/09-07_pattern_matching/regex_not_match.sql,measured,1,5,5,2,0.031,8274.810,1,1,11997996,11997996,11998031,11997996,0,0,lineitem,4800,220120,0,0,0,0,0
2026-07-27T16:52:53Z,F346E7F692C196A7,14.23,queries/Functions/09-07_pattern_matching/regex_not_match.sql,measured,2,1,5,2,0.188,8294.017,1,1,11997996,11997996,11998031,11997996,0,0,lineitem,4832,220088,0,0,0,0,0
2026-07-27T16:52:53Z,F346E7F692C196A7,14.23,queries/Functions/09-07_pattern_matching/regex_not_match.sql,measured,2,2,5,2,0.033,8255.542,1,1,11997996,11997996,11998031,11997996,0,0,lineitem,4864,220056,0,0,0,0,0
2026-07-27T16:52:53Z,F346E7F692C196A7,14.23,queries/Functions/09-07_pattern_matching/regex_not_match.sql,measured,2,3,5,2,0.057,8274.529,1,1,11997996,11997996,11998031,11997996,0,0,lineitem,4896,220024,0,0,0,0,0
2026-07-27T16:52:53Z,F346E7F692C196A7,14.23,queries/Functions/09-07_pattern_matching/regex_not_match.sql,measured,2,4,5,2,0.031,8257.182,1,1,11997996,11997996,11998031,11997996,0,0,lineitem,4928,219992,0,0,0,0,0
2026-07-27T16:52:53Z,F346E7F692C196A7,14.23,queries/Functions/09-07_pattern_matching/regex_not_match.sql,measured,2,5,5,2,0.031,8268.714,1,1,11997996,11997996,11998031,11997996,0,0,lineitem,4960,219960,0,0,0,0,0
2026-07-27T16:53:01Z,F346E7F692C196A7,14.23,queries/Functions/09-07_pattern_matching/regex_not_match_ci.sql,warmup,1,1,1,2,0.182,8312.124,1,1,11997996,11997996,11998031,11997996,0,0,lineitem,4992,219928,0,0,0,0,0
2026-07-27T16:53:10Z,F346E7F692C196A7,14.23,queries/Functions/09-07_pattern_matching/regex_not_match_ci.sql,warmup,2,1,1,2,0.188,8310.291,1,1,11997996,11997996,11998031,11997996,0,0,lineitem,5024,219896,0,0,0,0,0
2026-07-27T16:53:51Z,F346E7F692C196A7,14.23,queries/Functions/09-07_pattern_matching/regex_not_match_ci.sql,measured,1,1,5,2,0.181,8321.167,1,1,11997996,11997996,11998031,11997996,0,0,lineitem,5056,219864,0,0,0,0,0
2026-07-27T16:53:51Z,F346E7F692C196A7,14.23,queries/Functions/09-07_pattern_matching/regex_not_match_ci.sql,measured,1,2,5,2,0.048,8266.631,1,1,11997996,11997996,11998031,11997996,0,0,lineitem,5088,219832,0,0,0,0,0
2026-07-27T16:53:51Z,F346E7F692C196A7,14.23,queries/Functions/09-07_pattern_matching/regex_not_match_ci.sql,measured,1,3,5,2,0.030,8282.112,1,1,11997996,11997996,11998031,11997996,0,0,lineitem,5120,219800,0,0,0,0,0
2026-07-27T16:53:51Z,F346E7F692C196A7,14.23,queries/Functions/09-07_pattern_matching/regex_not_match_ci.sql,measured,1,4,5,2,0.048,8267.438,1,1,11997996,11997996,11998031,11997996,0,0,lineitem,5152,219768,0,0,0,0,0
2026-07-27T16:53:51Z,F346E7F692C196A7,14.23,queries/Functions/09-07_pattern_matching/regex_not_match_ci.sql,measured,1,5,5,2,0.030,8289.771,1,1,11997996,11997996,11998031,11997996,0,0,lineitem,5184,219736,0,0,0,0,0
2026-07-27T16:54:33Z,F346E7F692C196A7,14.23,queries/Functions/09-07_pattern_matching/regex_not_match_ci.sql,measured,2,1,5,2,0.187,8315.422,1,1,11997996,11997996,11998031,11997996,0,0,lineitem,5216,219704,0,0,0,0,0
2026-07-27T16:54:33Z,F346E7F692C196A7,14.23,queries/Functions/09-07_pattern_matching/regex_not_match_ci.sql,measured,2,2,5,2,0.030,8265.911,1,1,11997996,11997996,11998031,11997996,0,0,lineitem,5248,219672,0,0,0,0,0
2026-07-27T16:54:33Z,F346E7F692C196A7,14.23,queries/Functions/09-07_pattern_matching/regex_not_match_ci.sql,measured,2,3,5,2,0.032,8279.975,1,1,11997996,11997996,11998031,11997996,0,0,lineitem,5280,219640,0,0,0,0,0
2026-07-27T16:54:33Z,F346E7F692C196A7,14.23,queries/Functions/09-07_pattern_matching/regex_not_match_ci.sql,measured,2,4,5,2,0.029,8271.178,1,1,11997996,11997996,11998031,11997996,0,0,lineitem,5312,219608,0,0,0,0,0
2026-07-27T16:54:33Z,F346E7F692C196A7,14.23,queries/Functions/09-07_pattern_matching/regex_not_match_ci.sql,measured,2,5,5,2,0.031,8285.296,1,1,11997996,11997996,11998031,11997996,0,0,lineitem,5344,219576,0,0,0,0,0
2026-07-27T16:54:33Z,F346E7F692C196A7,14.23,queries/Functions/09-07_pattern_matching/regexp_count.sql,warmup,1,1,1,2,,,,,,,,,,,,,,,,,,1
2026-07-27T16:54:33Z,F346E7F692C196A7,14.23,queries/Functions/09-07_pattern_matching/regexp_count.sql,warmup,2,1,1,2,,,,,,,,,,,,,,,,,,1
2026-07-27T16:54:33Z,F346E7F692C196A7,14.23,queries/Functions/09-07_pattern_matching/regexp_count.sql,measured,1,1,5,2,,,,,,,,,,,,,,,,,,1
2026-07-27T16:54:33Z,F346E7F692C196A7,14.23,queries/Functions/09-07_pattern_matching/regexp_count.sql,measured,2,1,5,2,,,,,,,,,,,,,,,,,,1
2026-07-27T16:54:33Z,F346E7F692C196A7,14.23,queries/Functions/09-07_pattern_matching/regexp_instr.sql,warmup,1,1,1,2,,,,,,,,,,,,,,,,,,1
2026-07-27T16:54:33Z,F346E7F692C196A7,14.23,queries/Functions/09-07_pattern_matching/regexp_instr.sql,warmup,2,1,1,2,,,,,,,,,,,,,,,,,,1
2026-07-27T16:54:33Z,F346E7F692C196A7,14.23,queries/Functions/09-07_pattern_matching/regexp_instr.sql,measured,1,1,5,2,,,,,,,,,,,,,,,,,,1
2026-07-27T16:54:33Z,F346E7F692C196A7,14.23,queries/Functions/09-07_pattern_matching/regexp_instr.sql,measured,2,1,5,2,,,,,,,,,,,,,,,,,,1
2026-07-27T16:54:33Z,F346E7F692C196A7,14.23,queries/Functions/09-07_pattern_matching/regexp_like.sql,warmup,1,1,1,2,,,,,,,,,,,,,,,,,,1
2026-07-27T16:54:33Z,F346E7F692C196A7,14.23,queries/Functions/09-07_pattern_matching/regexp_like.sql,warmup,2,1,1,2,,,,,,,,,,,,,,,,,,1
2026-07-27T16:54:33Z,F346E7F692C196A7,14.23,queries/Functions/09-07_pattern_matching/regexp_like.sql,measured,1,1,5,2,,,,,,,,,,,,,,,,,,1
2026-07-27T16:54:33Z,F346E7F692C196A7,14.23,queries/Functions/09-07_pattern_matching/regexp_like.sql,measured,2,1,5,2,,,,,,,,,,,,,,,,,,1
2026-07-27T16:54:44Z,F346E7F692C196A7,14.23,queries/Functions/09-07_pattern_matching/regexp_match.sql,warmup,1,1,1,2,0.172,10604.234,1,1,11997996,11997996,11998031,383935872,0,0,lineitem,5376,219544,0,0,0,0,0
2026-07-27T16:54:55Z,F346E7F692C196A7,14.23,queries/Functions/09-07_pattern_matching/regexp_match.sql,warmup,2,1,1,2,0.175,10554.994,1,1,11997996,11997996,11998031,383935872,0,0,lineitem,5408,219512,0,0,0,0,0
2026-07-27T16:55:48Z,F346E7F692C196A7,14.23,queries/Functions/09-07_pattern_matching/regexp_match.sql,measured,1,1,5,2,0.184,10585.017,1,1,11997996,11997996,11998031,383935872,0,0,lineitem,5440,219480,0,0,0,0,0
2026-07-27T16:55:48Z,F346E7F692C196A7,14.23,queries/Functions/09-07_pattern_matching/regexp_match.sql,measured,1,2,5,2,0.031,10577.680,1,1,11997996,11997996,11998031,383935872,0,0,lineitem,5472,219448,0,0,0,0,0
2026-07-27T16:55:48Z,F346E7F692C196A7,14.23,queries/Functions/09-07_pattern_matching/regexp_match.sql,measured,1,3,5,2,0.031,10579.788,1,1,11997996,11997996,11998031,383935872,0,0,lineitem,5504,219416,0,0,0,0,0
2026-07-27T16:55:48Z,F346E7F692C196A7,14.23,queries/Functions/09-07_pattern_matching/regexp_match.sql,measured,1,4,5,2,0.031,10562.078,1,1,11997996,11997996,11998031,383935872,0,0,lineitem,5536,219384,0,0,0,0,0
2026-07-27T16:55:48Z,F346E7F692C196A7,14.23,queries/Functions/09-07_pattern_matching/regexp_match.sql,measured,1,5,5,2,0.030,10573.450,1,1,11997996,11997996,11998031,383935872,0,0,lineitem,5568,219352,0,0,0,0,0
2026-07-27T16:56:40Z,F346E7F692C196A7,14.23,queries/Functions/09-07_pattern_matching/regexp_match.sql,measured,2,1,5,2,0.172,10558.342,1,1,11997996,11997996,11998031,383935872,0,0,lineitem,5600,219320,0,0,0,0,0
2026-07-27T16:56:40Z,F346E7F692C196A7,14.23,queries/Functions/09-07_pattern_matching/regexp_match.sql,measured,2,2,5,2,0.031,10541.201,1,1,11997996,11997996,11998031,383935872,0,0,lineitem,5632,219288,0,0,0,0,0
2026-07-27T16:56:40Z,F346E7F692C196A7,14.23,queries/Functions/09-07_pattern_matching/regexp_match.sql,measured,2,3,5,2,0.031,10552.696,1,1,11997996,11997996,11998031,383935872,0,0,lineitem,5664,219256,0,0,0,0,0
2026-07-27T16:56:40Z,F346E7F692C196A7,14.23,queries/Functions/09-07_pattern_matching/regexp_match.sql,measured,2,4,5,2,0.030,10551.250,1,1,11997996,11997996,11998031,383935872,0,0,lineitem,5696,219224,0,0,0,0,0
2026-07-27T16:56:40Z,F346E7F692C196A7,14.23,queries/Functions/09-07_pattern_matching/regexp_match.sql,measured,2,5,5,2,0.030,10550.669,1,1,11997996,11997996,11998031,383935872,0,0,lineitem,5728,219192,0,0,0,0,0
2026-07-27T16:56:51Z,F346E7F692C196A7,14.23,queries/Functions/09-07_pattern_matching/regexp_replace.sql,warmup,1,1,1,2,0.188,10414.042,1,1,11997996,11997996,11998031,383935872,0,0,lineitem,5760,219160,0,0,0,0,0
2026-07-27T16:57:01Z,F346E7F692C196A7,14.23,queries/Functions/09-07_pattern_matching/regexp_replace.sql,warmup,2,1,1,2,0.189,10418.420,1,1,11997996,11997996,11998031,383935872,0,0,lineitem,5792,219128,0,0,0,0,0
2026-07-27T16:57:53Z,F346E7F692C196A7,14.23,queries/Functions/09-07_pattern_matching/regexp_replace.sql,measured,1,1,5,2,0.179,10402.785,1,1,11997996,11997996,11998031,383935872,0,0,lineitem,5824,219096,0,0,0,0,0
2026-07-27T16:57:53Z,F346E7F692C196A7,14.23,queries/Functions/09-07_pattern_matching/regexp_replace.sql,measured,1,2,5,2,0.032,10377.175,1,1,11997996,11997996,11998031,383935872,0,0,lineitem,5856,219064,0,0,0,0,0
2026-07-27T16:57:53Z,F346E7F692C196A7,14.23,queries/Functions/09-07_pattern_matching/regexp_replace.sql,measured,1,3,5,2,0.031,10379.984,1,1,11997996,11997996,11998031,383935872,0,0,lineitem,5888,219032,0,0,0,0,0
2026-07-27T16:57:53Z,F346E7F692C196A7,14.23,queries/Functions/09-07_pattern_matching/regexp_replace.sql,measured,1,4,5,2,0.031,10375.081,1,1,11997996,11997996,11998031,383935872,0,0,lineitem,5920,219000,0,0,0,0,0
2026-07-27T16:57:53Z,F346E7F692C196A7,14.23,queries/Functions/09-07_pattern_matching/regexp_replace.sql,measured,1,5,5,2,0.031,10373.552,1,1,11997996,11997996,11998031,383935872,0,0,lineitem,5952,218968,0,0,0,0,0
2026-07-27T16:58:45Z,F346E7F692C196A7,14.23,queries/Functions/09-07_pattern_matching/regexp_replace.sql,measured,2,1,5,2,0.190,10395.445,1,1,11997996,11997996,11998031,383935872,0,0,lineitem,5984,218936,0,0,0,0,0
2026-07-27T16:58:45Z,F346E7F692C196A7,14.23,queries/Functions/09-07_pattern_matching/regexp_replace.sql,measured,2,2,5,2,0.031,10375.000,1,1,11997996,11997996,11998031,383935872,0,0,lineitem,6016,218904,0,0,0,0,0
2026-07-27T16:58:45Z,F346E7F692C196A7,14.23,queries/Functions/09-07_pattern_matching/regexp_replace.sql,measured,2,3,5,2,0.031,10381.745,1,1,11997996,11997996,11998031,383935872,0,0,lineitem,6048,218872,0,0,0,0,0
2026-07-27T16:58:45Z,F346E7F692C196A7,14.23,queries/Functions/09-07_pattern_matching/regexp_replace.sql,measured,2,4,5,2,0.030,10383.504,1,1,11997996,11997996,11998031,383935872,0,0,lineitem,6080,218840,0,0,0,0,0
2026-07-27T16:58:45Z,F346E7F692C196A7,14.23,queries/Functions/09-07_pattern_matching/regexp_replace.sql,measured,2,5,5,2,0.048,10379.074,1,1,11997996,11997996,11998031,383935872,0,0,lineitem,6112,218808,0,0,0,0,0
2026-07-27T16:58:57Z,F346E7F692C196A7,14.23,queries/Functions/09-07_pattern_matching/regexp_replace_global.sql,warmup,1,1,1,2,0.179,12086.796,1,1,11997996,11997996,11998031,383935872,0,0,lineitem,6144,218776,0,0,0,0,0
2026-07-27T16:59:10Z,F346E7F692C196A7,14.23,queries/Functions/09-07_pattern_matching/regexp_replace_global.sql,warmup,2,1,1,2,0.184,12094.967,1,1,11997996,11997996,11998031,383935872,0,0,lineitem,6176,218744,0,0,0,0,0
2026-07-27T17:00:10Z,F346E7F692C196A7,14.23,queries/Functions/09-07_pattern_matching/regexp_replace_global.sql,measured,1,1,5,2,0.172,12080.994,1,1,11997996,11997996,11998031,383935872,0,0,lineitem,6208,218712,0,0,0,0,0
2026-07-27T17:00:10Z,F346E7F692C196A7,14.23,queries/Functions/09-07_pattern_matching/regexp_replace_global.sql,measured,1,2,5,2,0.031,12059.603,1,1,11997996,11997996,11998031,383935872,0,0,lineitem,6240,218680,0,0,0,0,0
2026-07-27T17:00:10Z,F346E7F692C196A7,14.23,queries/Functions/09-07_pattern_matching/regexp_replace_global.sql,measured,1,3,5,2,0.031,12058.238,1,1,11997996,11997996,11998031,383935872,0,0,lineitem,6272,218648,0,0,0,0,0
2026-07-27T17:00:10Z,F346E7F692C196A7,14.23,queries/Functions/09-07_pattern_matching/regexp_replace_global.sql,measured,1,4,5,2,0.049,12046.848,1,1,11997996,11997996,11998031,383935872,0,0,lineitem,6304,218616,0,0,0,0,0
2026-07-27T17:00:10Z,F346E7F692C196A7,14.23,queries/Functions/09-07_pattern_matching/regexp_replace_global.sql,measured,1,5,5,2,0.030,12039.821,1,1,11997996,11997996,11998031,383935872,0,0,lineitem,6336,218584,0,0,0,0,0
2026-07-27T17:01:10Z,F346E7F692C196A7,14.23,queries/Functions/09-07_pattern_matching/regexp_replace_global.sql,measured,2,1,5,2,0.188,12104.970,1,1,11997996,11997996,11998031,383935872,0,0,lineitem,6368,218552,0,0,0,0,0
2026-07-27T17:01:10Z,F346E7F692C196A7,14.23,queries/Functions/09-07_pattern_matching/regexp_replace_global.sql,measured,2,2,5,2,0.031,12075.696,1,1,11997996,11997996,11998031,383935872,0,0,lineitem,6400,218520,0,0,0,0,0
2026-07-27T17:01:10Z,F346E7F692C196A7,14.23,queries/Functions/09-07_pattern_matching/regexp_replace_global.sql,measured,2,3,5,2,0.031,12072.184,1,1,11997996,11997996,11998031,383935872,0,0,lineitem,6432,218488,0,0,0,0,0
2026-07-27T17:01:10Z,F346E7F692C196A7,14.23,queries/Functions/09-07_pattern_matching/regexp_replace_global.sql,measured,2,4,5,2,0.030,12086.302,1,1,11997996,11997996,11998031,383935872,0,0,lineitem,6464,218456,0,0,0,0,0
2026-07-27T17:01:10Z,F346E7F692C196A7,14.23,queries/Functions/09-07_pattern_matching/regexp_replace_global.sql,measured,2,5,5,2,0.030,12083.050,1,1,11997996,11997996,11998031,383935872,0,0,lineitem,6496,218424,0,0,0,0,0
2026-07-27T17:01:42Z,F346E7F692C196A7,14.23,queries/Functions/09-07_pattern_matching/regexp_split_to_array.sql,warmup,1,1,1,2,0.187,30985.579,1,1,11997996,11997996,11998031,383935872,0,0,lineitem,6528,218392,0,0,0,0,0
2026-07-27T17:02:13Z,F346E7F692C196A7,14.23,queries/Functions/09-07_pattern_matching/regexp_split_to_array.sql,warmup,2,1,1,2,0.176,30977.953,1,1,11997996,11997996,11998031,383935872,0,0,lineitem,6560,218360,0,0,0,0,0
2026-07-27T17:04:48Z,F346E7F692C196A7,14.23,queries/Functions/09-07_pattern_matching/regexp_split_to_array.sql,measured,1,1,5,2,0.183,30984.150,1,1,11997996,11997996,11998031,383935872,0,0,lineitem,6592,218328,0,0,0,0,0
2026-07-27T17:04:48Z,F346E7F692C196A7,14.23,queries/Functions/09-07_pattern_matching/regexp_split_to_array.sql,measured,1,2,5,2,0.030,30977.781,1,1,11997996,11997996,11998031,383935872,0,0,lineitem,6624,218296,0,0,0,0,0
2026-07-27T17:04:48Z,F346E7F692C196A7,14.23,queries/Functions/09-07_pattern_matching/regexp_split_to_array.sql,measured,1,3,5,2,0.031,30971.707,1,1,11997996,11997996,11998031,383935872,0,0,lineitem,6656,218264,0,0,0,0,0
2026-07-27T17:04:48Z,F346E7F692C196A7,14.23,queries/Functions/09-07_pattern_matching/regexp_split_to_array.sql,measured,1,4,5,2,0.048,31002.384,1,1,11997996,11997996,11998031,383935872,0,0,lineitem,6688,218232,0,0,0,0,0
2026-07-27T17:04:48Z,F346E7F692C196A7,14.23,queries/Functions/09-07_pattern_matching/regexp_split_to_array.sql,measured,1,5,5,2,0.030,30954.928,1,1,11997996,11997996,11998031,383935872,0,0,lineitem,6720,218200,0,0,0,0,0
2026-07-27T17:07:22Z,F346E7F692C196A7,14.23,queries/Functions/09-07_pattern_matching/regexp_split_to_array.sql,measured,2,1,5,2,0.180,30974.902,1,1,11997996,11997996,11998031,383935872,0,0,lineitem,6752,218168,0,0,0,0,0
2026-07-27T17:07:22Z,F346E7F692C196A7,14.23,queries/Functions/09-07_pattern_matching/regexp_split_to_array.sql,measured,2,2,5,2,0.030,30976.175,1,1,11997996,11997996,11998031,383935872,0,0,lineitem,6784,218136,0,0,0,0,0
2026-07-27T17:07:22Z,F346E7F692C196A7,14.23,queries/Functions/09-07_pattern_matching/regexp_split_to_array.sql,measured,2,3,5,2,0.030,30983.469,1,1,11997996,11997996,11998031,383935872,0,0,lineitem,6816,218104,0,0,0,0,0
2026-07-27T17:07:22Z,F346E7F692C196A7,14.23,queries/Functions/09-07_pattern_matching/regexp_split_to_array.sql,measured,2,4,5,2,0.030,30958.666,1,1,11997996,11997996,11998031,383935872,0,0,lineitem,6848,218072,0,0,0,0,0
2026-07-27T17:07:22Z,F346E7F692C196A7,14.23,queries/Functions/09-07_pattern_matching/regexp_split_to_array.sql,measured,2,5,5,2,0.030,30959.690,1,1,11997996,11997996,11998031,383935872,0,0,lineitem,6880,218040,0,0,0,0,0
2026-07-27T17:07:22Z,F346E7F692C196A7,14.23,queries/Functions/09-07_pattern_matching/regexp_substr.sql,warmup,1,1,1,2,,,,,,,,,,,,,,,,,,1
2026-07-27T17:07:23Z,F346E7F692C196A7,14.23,queries/Functions/09-07_pattern_matching/regexp_substr.sql,warmup,2,1,1,2,,,,,,,,,,,,,,,,,,1
2026-07-27T17:07:23Z,F346E7F692C196A7,14.23,queries/Functions/09-07_pattern_matching/regexp_substr.sql,measured,1,1,5,2,,,,,,,,,,,,,,,,,,1
2026-07-27T17:07:23Z,F346E7F692C196A7,14.23,queries/Functions/09-07_pattern_matching/regexp_substr.sql,measured,2,1,5,2,,,,,,,,,,,,,,,,,,1
2026-07-27T17:07:32Z,F346E7F692C196A7,14.23,queries/Functions/09-07_pattern_matching/similar_to.sql,warmup,1,1,1,2,0.200,9002.867,1,1,11997996,11997996,11998031,11997996,0,0,lineitem,6912,218008,0,0,0,0,0
2026-07-27T17:07:41Z,F346E7F692C196A7,14.23,queries/Functions/09-07_pattern_matching/similar_to.sql,warmup,2,1,1,2,0.214,8998.000,1,1,11997996,11997996,11998031,11997996,0,0,lineitem,6944,217976,0,0,0,0,0
2026-07-27T17:08:26Z,F346E7F692C196A7,14.23,queries/Functions/09-07_pattern_matching/similar_to.sql,measured,1,1,5,2,0.218,9018.111,1,1,11997996,11997996,11998031,11997996,0,0,lineitem,6976,217944,0,0,0,0,0
2026-07-27T17:08:26Z,F346E7F692C196A7,14.23,queries/Functions/09-07_pattern_matching/similar_to.sql,measured,1,2,5,2,0.034,8988.307,1,1,11997996,11997996,11998031,11997996,0,0,lineitem,7008,217912,0,0,0,0,0
2026-07-27T17:08:26Z,F346E7F692C196A7,14.23,queries/Functions/09-07_pattern_matching/similar_to.sql,measured,1,3,5,2,0.035,8996.934,1,1,11997996,11997996,11998031,11997996,0,0,lineitem,7040,217880,0,0,0,0,0
2026-07-27T17:08:26Z,F346E7F692C196A7,14.23,queries/Functions/09-07_pattern_matching/similar_to.sql,measured,1,4,5,2,0.035,8981.480,1,1,11997996,11997996,11998031,11997996,0,0,lineitem,7072,217848,0,0,0,0,0
2026-07-27T17:08:26Z,F346E7F692C196A7,14.23,queries/Functions/09-07_pattern_matching/similar_to.sql,measured,1,5,5,2,0.036,8984.226,1,1,11997996,11997996,11998031,11997996,0,0,lineitem,7104,217816,0,0,0,0,0
2026-07-27T17:09:11Z,F346E7F692C196A7,14.23,queries/Functions/09-07_pattern_matching/similar_to.sql,measured,2,1,5,2,0.205,9002.125,1,1,11997996,11997996,11998031,11997996,0,0,lineitem,7136,217784,0,0,0,0,0
2026-07-27T17:09:11Z,F346E7F692C196A7,14.23,queries/Functions/09-07_pattern_matching/similar_to.sql,measured,2,2,5,2,0.037,8974.099,1,1,11997996,11997996,11998031,11997996,0,0,lineitem,7168,217752,0,0,0,0,0
2026-07-27T17:09:11Z,F346E7F692C196A7,14.23,queries/Functions/09-07_pattern_matching/similar_to.sql,measured,2,3,5,2,0.034,8974.581,1,1,11997996,11997996,11998031,11997996,0,0,lineitem,7200,217720,0,0,0,0,0
2026-07-27T17:09:11Z,F346E7F692C196A7,14.23,queries/Functions/09-07_pattern_matching/similar_to.sql,measured,2,4,5,2,0.034,8992.815,1,1,11997996,11997996,11998031,11997996,0,0,lineitem,7232,217688,0,0,0,0,0
2026-07-27T17:09:11Z,F346E7F692C196A7,14.23,queries/Functions/09-07_pattern_matching/similar_to.sql,measured,2,5,5,2,0.034,8975.241,1,1,11997996,11997996,11998031,11997996,0,0,lineitem,7264,217656,0,0,0,0,0
2026-07-27T17:09:21Z,F346E7F692C196A7,14.23,queries/Functions/09-07_pattern_matching/substring_regex.sql,warmup,1,1,1,2,0.170,10022.466,1,1,11997996,11997996,11998031,383935872,0,0,lineitem,7296,217624,0,0,0,0,0
2026-07-27T17:09:31Z,F346E7F692C196A7,14.23,queries/Functions/09-07_pattern_matching/substring_regex.sql,warmup,2,1,1,2,0.187,9983.296,1,1,11997996,11997996,11998031,383935872,0,0,lineitem,7328,217592,0,0,0,0,0
2026-07-27T17:10:21Z,F346E7F692C196A7,14.23,queries/Functions/09-07_pattern_matching/substring_regex.sql,measured,1,1,5,2,0.173,9981.902,1,1,11997996,11997996,11998031,383935872,0,0,lineitem,7360,217560,0,0,0,0,0
2026-07-27T17:10:21Z,F346E7F692C196A7,14.23,queries/Functions/09-07_pattern_matching/substring_regex.sql,measured,1,2,5,2,0.048,9985.979,1,1,11997996,11997996,11998031,383935872,0,0,lineitem,7392,217528,0,0,0,0,0
2026-07-27T17:10:21Z,F346E7F692C196A7,14.23,queries/Functions/09-07_pattern_matching/substring_regex.sql,measured,1,3,5,2,0.030,9998.632,1,1,11997996,11997996,11998031,383935872,0,0,lineitem,7424,217496,0,0,0,0,0
2026-07-27T17:10:21Z,F346E7F692C196A7,14.23,queries/Functions/09-07_pattern_matching/substring_regex.sql,measured,1,4,5,2,0.031,9997.403,1,1,11997996,11997996,11998031,383935872,0,0,lineitem,7456,217464,0,0,0,0,0
2026-07-27T17:10:21Z,F346E7F692C196A7,14.23,queries/Functions/09-07_pattern_matching/substring_regex.sql,measured,1,5,5,2,0.030,9992.727,1,1,11997996,11997996,11998031,383935872,0,0,lineitem,7488,217432,0,0,0,0,0
2026-07-27T17:11:11Z,F346E7F692C196A7,14.23,queries/Functions/09-07_pattern_matching/substring_regex.sql,measured,2,1,5,2,0.180,9999.401,1,1,11997996,11997996,11998031,383935872,0,0,lineitem,7520,217400,0,0,0,0,0
2026-07-27T17:11:11Z,F346E7F692C196A7,14.23,queries/Functions/09-07_pattern_matching/substring_regex.sql,measured,2,2,5,2,0.031,10007.513,1,1,11997996,11997996,11998031,383935872,0,0,lineitem,7552,217368,0,0,0,0,0
2026-07-27T17:11:11Z,F346E7F692C196A7,14.23,queries/Functions/09-07_pattern_matching/substring_regex.sql,measured,2,3,5,2,0.031,9998.326,1,1,11997996,11997996,11998031,383935872,0,0,lineitem,7584,217336,0,0,0,0,0
2026-07-27T17:11:11Z,F346E7F692C196A7,14.23,queries/Functions/09-07_pattern_matching/substring_regex.sql,measured,2,4,5,2,0.031,10002.823,1,1,11997996,11997996,11998031,383935872,0,0,lineitem,7616,217304,0,0,0,0,0
2026-07-27T17:11:11Z,F346E7F692C196A7,14.23,queries/Functions/09-07_pattern_matching/substring_regex.sql,measured,2,5,5,2,0.030,10009.817,1,1,11997996,11997996,11998031,383935872,0,0,lineitem,7648,217272,0,0,0,0,0
2026-07-27T17:11:17Z,F346E7F692C196A7,14.23,queries/Functions/09-08_formatting/to_char_date.sql,warmup,1,1,1,2,0.190,6240.086,1,1,11997996,11997996,11998031,383935872,0,0,lineitem,7680,217240,0,0,0,0,0
2026-07-27T17:11:24Z,F346E7F692C196A7,14.23,queries/Functions/09-08_formatting/to_char_date.sql,warmup,2,1,1,2,0.171,6231.124,1,1,11997996,11997996,11998031,383935872,0,0,lineitem,7712,217208,0,0,0,0,0
2026-07-27T17:11:55Z,F346E7F692C196A7,14.23,queries/Functions/09-08_formatting/to_char_date.sql,measured,1,1,5,2,0.188,6229.572,1,1,11997996,11997996,11998031,383935872,0,0,lineitem,7744,217176,0,0,0,0,0
2026-07-27T17:11:55Z,F346E7F692C196A7,14.23,queries/Functions/09-08_formatting/to_char_date.sql,measured,1,2,5,2,0.030,6201.499,1,1,11997996,11997996,11998031,383935872,0,0,lineitem,7776,217144,0,0,0,0,0
2026-07-27T17:11:55Z,F346E7F692C196A7,14.23,queries/Functions/09-08_formatting/to_char_date.sql,measured,1,3,5,2,0.031,6208.757,1,1,11997996,11997996,11998031,383935872,0,0,lineitem,7808,217112,0,0,0,0,0
2026-07-27T17:11:55Z,F346E7F692C196A7,14.23,queries/Functions/09-08_formatting/to_char_date.sql,measured,1,4,5,2,0.030,6204.729,1,1,11997996,11997996,11998031,383935872,0,0,lineitem,7840,217080,0,0,0,0,0
2026-07-27T17:11:55Z,F346E7F692C196A7,14.23,queries/Functions/09-08_formatting/to_char_date.sql,measured,1,5,5,2,0.030,6210.297,1,1,11997996,11997996,11998031,383935872,0,0,lineitem,7872,217048,0,0,0,0,0
2026-07-27T17:12:26Z,F346E7F692C196A7,14.23,queries/Functions/09-08_formatting/to_char_date.sql,measured,2,1,5,2,0.175,6224.328,1,1,11997996,11997996,11998031,383935872,0,0,lineitem,7904,217016,0,0,0,0,0
2026-07-27T17:12:26Z,F346E7F692C196A7,14.23,queries/Functions/09-08_formatting/to_char_date.sql,measured,2,2,5,2,0.031,6204.473,1,1,11997996,11997996,11998031,383935872,0,0,lineitem,7936,216984,0,0,0,0,0
2026-07-27T17:12:26Z,F346E7F692C196A7,14.23,queries/Functions/09-08_formatting/to_char_date.sql,measured,2,3,5,2,0.031,6203.522,1,1,11997996,11997996,11998031,383935872,0,0,lineitem,7968,216952,0,0,0,0,0
2026-07-27T17:12:26Z,F346E7F692C196A7,14.23,queries/Functions/09-08_formatting/to_char_date.sql,measured,2,4,5,2,0.031,6203.768,1,1,11997996,11997996,11998031,383935872,0,0,lineitem,8000,216920,0,0,0,0,0
2026-07-27T17:12:26Z,F346E7F692C196A7,14.23,queries/Functions/09-08_formatting/to_char_date.sql,measured,2,5,5,2,0.031,6206.574,1,1,11997996,11997996,11998031,383935872,0,0,lineitem,8032,216888,0,0,0,0,0
2026-07-27T17:12:33Z,F346E7F692C196A7,14.23,queries/Functions/09-08_formatting/to_char_date_long.sql,warmup,1,1,1,2,0.173,6639.632,1,1,11997996,11997996,11998031,383935872,0,0,lineitem,8064,216856,0,0,0,0,0
2026-07-27T17:12:39Z,F346E7F692C196A7,14.23,queries/Functions/09-08_formatting/to_char_date_long.sql,warmup,2,1,1,2,0.183,6638.391,1,1,11997996,11997996,11998031,383935872,0,0,lineitem,8096,216824,0,0,0,0,0
2026-07-27T17:13:13Z,F346E7F692C196A7,14.23,queries/Functions/09-08_formatting/to_char_date_long.sql,measured,1,1,5,2,0.178,6629.372,1,1,11997996,11997996,11998031,383935872,0,0,lineitem,8128,216792,0,0,0,0,0
2026-07-27T17:13:13Z,F346E7F692C196A7,14.23,queries/Functions/09-08_formatting/to_char_date_long.sql,measured,1,2,5,2,0.031,6605.308,1,1,11997996,11997996,11998031,383935872,0,0,lineitem,8160,216760,0,0,0,0,0
2026-07-27T17:13:13Z,F346E7F692C196A7,14.23,queries/Functions/09-08_formatting/to_char_date_long.sql,measured,1,3,5,2,0.030,6650.496,1,1,11997996,11997996,11998031,383935872,0,0,lineitem,8192,216728,0,0,0,0,0
2026-07-27T17:13:13Z,F346E7F692C196A7,14.23,queries/Functions/09-08_formatting/to_char_date_long.sql,measured,1,4,5,2,0.030,6615.418,1,1,11997996,11997996,11998031,383935872,0,0,lineitem,8224,216696,0,0,0,0,0
2026-07-27T17:13:13Z,F346E7F692C196A7,14.23,queries/Functions/09-08_formatting/to_char_date_long.sql,measured,1,5,5,2,0.031,6606.404,1,1,11997996,11997996,11998031,383935872,0,0,lineitem,8256,216664,0,0,0,0,0
2026-07-27T17:13:46Z,F346E7F692C196A7,14.23,queries/Functions/09-08_formatting/to_char_date_long.sql,measured,2,1,5,2,0.174,6641.242,1,1,11997996,11997996,11998031,383935872,0,0,lineitem,8288,216632,0,0,0,0,0
2026-07-27T17:13:46Z,F346E7F692C196A7,14.23,queries/Functions/09-08_formatting/to_char_date_long.sql,measured,2,2,5,2,0.031,6624.366,1,1,11997996,11997996,11998031,383935872,0,0,lineitem,8320,216600,0,0,0,0,0
2026-07-27T17:13:46Z,F346E7F692C196A7,14.23,queries/Functions/09-08_formatting/to_char_date_long.sql,measured,2,3,5,2,0.030,6622.452,1,1,11997996,11997996,11998031,383935872,0,0,lineitem,8352,216568,0,0,0,0,0
2026-07-27T17:13:46Z,F346E7F692C196A7,14.23,queries/Functions/09-08_formatting/to_char_date_long.sql,measured,2,4,5,2,0.030,6614.966,1,1,11997996,11997996,11998031,383935872,0,0,lineitem,8384,216536,0,0,0,0,0
2026-07-27T17:13:46Z,F346E7F692C196A7,14.23,queries/Functions/09-08_formatting/to_char_date_long.sql,measured,2,5,5,2,0.030,6605.161,1,1,11997996,11997996,11998031,383935872,0,0,lineitem,8416,216504,0,0,0,0,0
2026-07-27T17:13:48Z,F346E7F692C196A7,14.23,queries/Functions/09-08_formatting/to_char_int.sql,warmup,1,1,1,2,0.279,2547.771,1,1,11997996,11997996,11998031,383935872,0,0,lineitem,309,18941,0,0,0,0,0
2026-07-27T17:13:51Z,F346E7F692C196A7,14.23,queries/Functions/09-08_formatting/to_char_int.sql,warmup,2,1,1,2,0.254,2553.912,1,1,11997996,11997996,11998031,383935872,0,0,lineitem,309,18941,0,0,0,0,0
2026-07-27T17:14:04Z,F346E7F692C196A7,14.23,queries/Functions/09-08_formatting/to_char_int.sql,measured,1,1,5,2,0.263,2556.580,1,1,11997996,11997996,11998031,383935872,0,0,lineitem,309,18941,0,0,0,0,0
2026-07-27T17:14:04Z,F346E7F692C196A7,14.23,queries/Functions/09-08_formatting/to_char_int.sql,measured,1,2,5,2,0.040,2517.120,1,1,11997996,11997996,11998031,383935872,0,0,lineitem,309,18941,0,0,0,0,0
2026-07-27T17:14:04Z,F346E7F692C196A7,14.23,queries/Functions/09-08_formatting/to_char_int.sql,measured,1,3,5,2,0.038,2517.318,1,1,11997996,11997996,11998031,383935872,0,0,lineitem,309,18941,0,0,0,0,0
2026-07-27T17:14:04Z,F346E7F692C196A7,14.23,queries/Functions/09-08_formatting/to_char_int.sql,measured,1,4,5,2,0.044,2507.931,1,1,11997996,11997996,11998031,383935872,0,0,lineitem,309,18941,0,0,0,0,0
2026-07-27T17:14:04Z,F346E7F692C196A7,14.23,queries/Functions/09-08_formatting/to_char_int.sql,measured,1,5,5,2,0.038,2509.557,1,1,11997996,11997996,11998031,383935872,0,0,lineitem,309,18941,0,0,0,0,0
2026-07-27T17:14:16Z,F346E7F692C196A7,14.23,queries/Functions/09-08_formatting/to_char_int.sql,measured,2,1,5,2,0.345,2558.696,1,1,11997996,11997996,11998031,383935872,0,0,lineitem,309,18941,0,0,0,0,0
2026-07-27T17:14:16Z,F346E7F692C196A7,14.23,queries/Functions/09-08_formatting/to_char_int.sql,measured,2,2,5,2,0.037,2508.688,1,1,11997996,11997996,11998031,383935872,0,0,lineitem,309,18941,0,0,0,0,0
2026-07-27T17:14:16Z,F346E7F692C196A7,14.23,queries/Functions/09-08_formatting/to_char_int.sql,measured,2,3,5,2,0.036,2513.422,1,1,11997996,11997996,11998031,383935872,0,0,lineitem,309,18941,0,0,0,0,0
2026-07-27T17:14:16Z,F346E7F692C196A7,14.23,queries/Functions/09-08_formatting/to_char_int.sql,measured,2,4,5,2,0.038,2504.159,1,1,11997996,11997996,11998031,383935872,0,0,lineitem,309,18941,0,0,0,0,0
2026-07-27T17:14:16Z,F346E7F692C196A7,14.23,queries/Functions/09-08_formatting/to_char_int.sql,measured,2,5,5,2,0.037,2509.404,1,1,11997996,11997996,11998031,383935872,0,0,lineitem,309,18941,0,0,0,0,0
2026-07-27T17:14:21Z,F346E7F692C196A7,14.23,queries/Functions/09-08_formatting/to_char_numeric.sql,warmup,1,1,1,2,0.267,4706.766,1,1,11997996,11997996,11998031,383935872,0,0,lineitem,0,224920,0,0,0,0,0
2026-07-27T17:14:26Z,F346E7F692C196A7,14.23,queries/Functions/09-08_formatting/to_char_numeric.sql,warmup,2,1,1,2,0.169,4701.576,1,1,11997996,11997996,11998031,383935872,0,0,lineitem,32,224888,0,0,0,0,0
2026-07-27T17:14:50Z,F346E7F692C196A7,14.23,queries/Functions/09-08_formatting/to_char_numeric.sql,measured,1,1,5,2,0.184,4699.971,1,1,11997996,11997996,11998031,383935872,0,0,lineitem,64,224856,0,0,0,0,0
2026-07-27T17:14:50Z,F346E7F692C196A7,14.23,queries/Functions/09-08_formatting/to_char_numeric.sql,measured,1,2,5,2,0.031,4681.497,1,1,11997996,11997996,11998031,383935872,0,0,lineitem,96,224824,0,0,0,0,0
2026-07-27T17:14:50Z,F346E7F692C196A7,14.23,queries/Functions/09-08_formatting/to_char_numeric.sql,measured,1,3,5,2,0.030,4684.516,1,1,11997996,11997996,11998031,383935872,0,0,lineitem,128,224792,0,0,0,0,0
2026-07-27T17:14:50Z,F346E7F692C196A7,14.23,queries/Functions/09-08_formatting/to_char_numeric.sql,measured,1,4,5,2,0.030,4686.254,1,1,11997996,11997996,11998031,383935872,0,0,lineitem,160,224760,0,0,0,0,0
2026-07-27T17:14:50Z,F346E7F692C196A7,14.23,queries/Functions/09-08_formatting/to_char_numeric.sql,measured,1,5,5,2,0.030,4674.324,1,1,11997996,11997996,11998031,383935872,0,0,lineitem,192,224728,0,0,0,0,0
2026-07-27T17:15:13Z,F346E7F692C196A7,14.23,queries/Functions/09-08_formatting/to_char_numeric.sql,measured,2,1,5,2,0.165,4713.814,1,1,11997996,11997996,11998031,383935872,0,0,lineitem,224,224696,0,0,0,0,0
2026-07-27T17:15:13Z,F346E7F692C196A7,14.23,queries/Functions/09-08_formatting/to_char_numeric.sql,measured,2,2,5,2,0.030,4676.754,1,1,11997996,11997996,11998031,383935872,0,0,lineitem,256,224664,0,0,0,0,0
2026-07-27T17:15:13Z,F346E7F692C196A7,14.23,queries/Functions/09-08_formatting/to_char_numeric.sql,measured,2,3,5,2,0.030,4681.547,1,1,11997996,11997996,11998031,383935872,0,0,lineitem,288,224632,0,0,0,0,0
2026-07-27T17:15:13Z,F346E7F692C196A7,14.23,queries/Functions/09-08_formatting/to_char_numeric.sql,measured,2,4,5,2,0.030,4677.193,1,1,11997996,11997996,11998031,383935872,0,0,lineitem,320,224600,0,0,0,0,0
2026-07-27T17:15:13Z,F346E7F692C196A7,14.23,queries/Functions/09-08_formatting/to_char_numeric.sql,measured,2,5,5,2,0.031,4680.302,1,1,11997996,11997996,11998031,383935872,0,0,lineitem,352,224568,0,0,0,0,0
2026-07-27T17:15:21Z,F346E7F692C196A7,14.23,queries/Functions/09-08_formatting/to_char_timestamp.sql,warmup,1,1,1,2,0.192,7494.087,1,1,11997996,11997996,11998031,383935872,0,0,lineitem,384,224536,0,0,0,0,0
2026-07-27T17:15:28Z,F346E7F692C196A7,14.23,queries/Functions/09-08_formatting/to_char_timestamp.sql,warmup,2,1,1,2,0.182,7481.314,1,1,11997996,11997996,11998031,383935872,0,0,lineitem,416,224504,0,0,0,0,0
2026-07-27T17:16:06Z,F346E7F692C196A7,14.23,queries/Functions/09-08_formatting/to_char_timestamp.sql,measured,1,1,5,2,0.183,7500.198,1,1,11997996,11997996,11998031,383935872,0,0,lineitem,448,224472,0,0,0,0,0
2026-07-27T17:16:06Z,F346E7F692C196A7,14.23,queries/Functions/09-08_formatting/to_char_timestamp.sql,measured,1,2,5,2,0.030,7492.625,1,1,11997996,11997996,11998031,383935872,0,0,lineitem,480,224440,0,0,0,0,0
2026-07-27T17:16:06Z,F346E7F692C196A7,14.23,queries/Functions/09-08_formatting/to_char_timestamp.sql,measured,1,3,5,2,0.030,7478.483,1,1,11997996,11997996,11998031,383935872,0,0,lineitem,512,224408,0,0,0,0,0
2026-07-27T17:16:06Z,F346E7F692C196A7,14.23,queries/Functions/09-08_formatting/to_char_timestamp.sql,measured,1,4,5,2,0.030,7497.574,1,1,11997996,11997996,11998031,383935872,0,0,lineitem,544,224376,0,0,0,0,0
2026-07-27T17:16:06Z,F346E7F692C196A7,14.23,queries/Functions/09-08_formatting/to_char_timestamp.sql,measured,1,5,5,2,0.030,7497.461,1,1,11997996,11997996,11998031,383935872,0,0,lineitem,576,224344,0,0,0,0,0
2026-07-27T17:16:43Z,F346E7F692C196A7,14.23,queries/Functions/09-08_formatting/to_char_timestamp.sql,measured,2,1,5,2,0.180,7511.046,1,1,11997996,11997996,11998031,383935872,0,0,lineitem,608,224312,0,0,0,0,0
2026-07-27T17:16:43Z,F346E7F692C196A7,14.23,queries/Functions/09-08_formatting/to_char_timestamp.sql,measured,2,2,5,2,0.030,7495.845,1,1,11997996,11997996,11998031,383935872,0,0,lineitem,640,224280,0,0,0,0,0
2026-07-27T17:16:43Z,F346E7F692C196A7,14.23,queries/Functions/09-08_formatting/to_char_timestamp.sql,measured,2,3,5,2,0.053,7484.071,1,1,11997996,11997996,11998031,383935872,0,0,lineitem,672,224248,0,0,0,0,0
2026-07-27T17:16:43Z,F346E7F692C196A7,14.23,queries/Functions/09-08_formatting/to_char_timestamp.sql,measured,2,4,5,2,0.030,7477.718,1,1,11997996,11997996,11998031,383935872,0,0,lineitem,704,224216,0,0,0,0,0
2026-07-27T17:16:43Z,F346E7F692C196A7,14.23,queries/Functions/09-08_formatting/to_char_timestamp.sql,measured,2,5,5,2,0.048,7488.514,1,1,11997996,11997996,11998031,383935872,0,0,lineitem,736,224184,0,0,0,0,0
2026-07-27T17:16:52Z,F346E7F692C196A7,14.23,queries/Functions/09-08_formatting/to_date.sql,warmup,1,1,1,2,0.180,8870.791,1,1,11997996,11997996,11998031,47991984,0,0,lineitem,768,224152,0,0,0,0,0
2026-07-27T17:17:01Z,F346E7F692C196A7,14.23,queries/Functions/09-08_formatting/to_date.sql,warmup,2,1,1,2,0.184,8951.334,1,1,11997996,11997996,11998031,47991984,0,0,lineitem,800,224120,0,0,0,0,0
2026-07-27T17:17:46Z,F346E7F692C196A7,14.23,queries/Functions/09-08_formatting/to_date.sql,measured,1,1,5,2,0.203,8934.513,1,1,11997996,11997996,11998031,47991984,0,0,lineitem,832,224088,0,0,0,0,0
2026-07-27T17:17:46Z,F346E7F692C196A7,14.23,queries/Functions/09-08_formatting/to_date.sql,measured,1,2,5,2,0.035,8895.062,1,1,11997996,11997996,11998031,47991984,0,0,lineitem,864,224056,0,0,0,0,0
2026-07-27T17:17:46Z,F346E7F692C196A7,14.23,queries/Functions/09-08_formatting/to_date.sql,measured,1,3,5,2,0.030,8921.656,1,1,11997996,11997996,11998031,47991984,0,0,lineitem,896,224024,0,0,0,0,0
2026-07-27T17:17:46Z,F346E7F692C196A7,14.23,queries/Functions/09-08_formatting/to_date.sql,measured,1,4,5,2,0.030,8916.103,1,1,11997996,11997996,11998031,47991984,0,0,lineitem,928,223992,0,0,0,0,0
2026-07-27T17:17:46Z,F346E7F692C196A7,14.23,queries/Functions/09-08_formatting/to_date.sql,measured,1,5,5,2,0.031,8937.252,1,1,11997996,11997996,11998031,47991984,0,0,lineitem,960,223960,0,0,0,0,0
2026-07-27T17:18:31Z,F346E7F692C196A7,14.23,queries/Functions/09-08_formatting/to_date.sql,measured,2,1,5,2,0.183,8919.385,1,1,11997996,11997996,11998031,47991984,0,0,lineitem,992,223928,0,0,0,0,0
2026-07-27T17:18:31Z,F346E7F692C196A7,14.23,queries/Functions/09-08_formatting/to_date.sql,measured,2,2,5,2,0.035,8931.572,1,1,11997996,11997996,11998031,47991984,0,0,lineitem,1024,223896,0,0,0,0,0
2026-07-27T17:18:31Z,F346E7F692C196A7,14.23,queries/Functions/09-08_formatting/to_date.sql,measured,2,3,5,2,0.030,8924.663,1,1,11997996,11997996,11998031,47991984,0,0,lineitem,1056,223864,0,0,0,0,0
2026-07-27T17:18:31Z,F346E7F692C196A7,14.23,queries/Functions/09-08_formatting/to_date.sql,measured,2,4,5,2,0.047,8897.876,1,1,11997996,11997996,11998031,47991984,0,0,lineitem,1088,223832,0,0,0,0,0
2026-07-27T17:18:31Z,F346E7F692C196A7,14.23,queries/Functions/09-08_formatting/to_date.sql,measured,2,5,5,2,0.030,8884.139,1,1,11997996,11997996,11998031,47991984,0,0,lineitem,1120,223800,0,0,0,0,0
2026-07-27T17:18:39Z,F346E7F692C196A7,14.23,queries/Functions/09-08_formatting/to_number.sql,warmup,1,1,1,2,0.186,8526.033,1,1,11997996,11997996,11998031,383935872,0,0,lineitem,1152,223768,0,0,0,0,0
2026-07-27T17:18:48Z,F346E7F692C196A7,14.23,queries/Functions/09-08_formatting/to_number.sql,warmup,2,1,1,2,0.190,8472.359,1,1,11997996,11997996,11998031,383935872,0,0,lineitem,1184,223736,0,0,0,0,0
2026-07-27T17:19:30Z,F346E7F692C196A7,14.23,queries/Functions/09-08_formatting/to_number.sql,measured,1,1,5,2,0.194,8551.396,1,1,11997996,11997996,11998031,383935872,0,0,lineitem,1216,223704,0,0,0,0,0
2026-07-27T17:19:30Z,F346E7F692C196A7,14.23,queries/Functions/09-08_formatting/to_number.sql,measured,1,2,5,2,0.030,8489.116,1,1,11997996,11997996,11998031,383935872,0,0,lineitem,1248,223672,0,0,0,0,0
2026-07-27T17:19:30Z,F346E7F692C196A7,14.23,queries/Functions/09-08_formatting/to_number.sql,measured,1,3,5,2,0.030,8538.938,1,1,11997996,11997996,11998031,383935872,0,0,lineitem,1280,223640,0,0,0,0,0
2026-07-27T17:19:30Z,F346E7F692C196A7,14.23,queries/Functions/09-08_formatting/to_number.sql,measured,1,4,5,2,0.030,8576.776,1,1,11997996,11997996,11998031,383935872,0,0,lineitem,1312,223608,0,0,0,0,0
2026-07-27T17:19:30Z,F346E7F692C196A7,14.23,queries/Functions/09-08_formatting/to_number.sql,measured,1,5,5,2,0.030,8532.918,1,1,11997996,11997996,11998031,383935872,0,0,lineitem,1344,223576,0,0,0,0,0
2026-07-27T17:20:13Z,F346E7F692C196A7,14.23,queries/Functions/09-08_formatting/to_number.sql,measured,2,1,5,2,0.180,8502.812,1,1,11997996,11997996,11998031,383935872,0,0,lineitem,1376,223544,0,0,0,0,0
2026-07-27T17:20:13Z,F346E7F692C196A7,14.23,queries/Functions/09-08_formatting/to_number.sql,measured,2,2,5,2,0.030,8544.947,1,1,11997996,11997996,11998031,383935872,0,0,lineitem,1408,223512,0,0,0,0,0
2026-07-27T17:20:13Z,F346E7F692C196A7,14.23,queries/Functions/09-08_formatting/to_number.sql,measured,2,3,5,2,0.030,8537.901,1,1,11997996,11997996,11998031,383935872,0,0,lineitem,1440,223480,0,0,0,0,0
2026-07-27T17:20:13Z,F346E7F692C196A7,14.23,queries/Functions/09-08_formatting/to_number.sql,measured,2,4,5,2,0.029,8593.105,1,1,11997996,11997996,11998031,383935872,0,0,lineitem,1472,223448,0,0,0,0,0
2026-07-27T17:20:13Z,F346E7F692C196A7,14.23,queries/Functions/09-08_formatting/to_number.sql,measured,2,5,5,2,0.031,8564.518,1,1,11997996,11997996,11998031,383935872,0,0,lineitem,1504,223416,0,0,0,0,0
2026-07-27T17:20:14Z,F346E7F692C196A7,14.23,queries/Functions/09-08_formatting/to_timestamp.sql,warmup,1,1,1,2,0.233,1040.347,1,1,11997996,11997996,11998031,95983968,0,0,lineitem,309,18941,0,0,0,0,0
2026-07-27T17:20:16Z,F346E7F692C196A7,14.23,queries/Functions/09-08_formatting/to_timestamp.sql,warmup,2,1,1,2,0.243,1042.653,1,1,11997996,11997996,11998031,95983968,0,0,lineitem,309,18941,0,0,0,0,0
2026-07-27T17:20:21Z,F346E7F692C196A7,14.23,queries/Functions/09-08_formatting/to_timestamp.sql,measured,1,1,5,2,0.232,1041.825,1,1,11997996,11997996,11998031,95983968,0,0,lineitem,309,18941,0,0,0,0,0
2026-07-27T17:20:21Z,F346E7F692C196A7,14.23,queries/Functions/09-08_formatting/to_timestamp.sql,measured,1,2,5,2,0.039,984.868,1,1,11997996,11997996,11998031,95983968,0,0,lineitem,309,18941,0,0,0,0,0
2026-07-27T17:20:21Z,F346E7F692C196A7,14.23,queries/Functions/09-08_formatting/to_timestamp.sql,measured,1,3,5,2,0.056,984.359,1,1,11997996,11997996,11998031,95983968,0,0,lineitem,309,18941,0,0,0,0,0
2026-07-27T17:20:21Z,F346E7F692C196A7,14.23,queries/Functions/09-08_formatting/to_timestamp.sql,measured,1,4,5,2,0.036,990.237,1,1,11997996,11997996,11998031,95983968,0,0,lineitem,309,18941,0,0,0,0,0
2026-07-27T17:20:21Z,F346E7F692C196A7,14.23,queries/Functions/09-08_formatting/to_timestamp.sql,measured,1,5,5,2,0.038,989.691,1,1,11997996,11997996,11998031,95983968,0,0,lineitem,309,18941,0,0,0,0,0
2026-07-27T17:20:26Z,F346E7F692C196A7,14.23,queries/Functions/09-08_formatting/to_timestamp.sql,measured,2,1,5,2,0.331,1044.199,1,1,11997996,11997996,11998031,95983968,0,0,lineitem,309,18941,0,0,0,0,0
2026-07-27T17:20:26Z,F346E7F692C196A7,14.23,queries/Functions/09-08_formatting/to_timestamp.sql,measured,2,2,5,2,0.057,986.374,1,1,11997996,11997996,11998031,95983968,0,0,lineitem,309,18941,0,0,0,0,0
2026-07-27T17:20:26Z,F346E7F692C196A7,14.23,queries/Functions/09-08_formatting/to_timestamp.sql,measured,2,3,5,2,0.039,988.019,1,1,11997996,11997996,11998031,95983968,0,0,lineitem,309,18941,0,0,0,0,0
2026-07-27T17:20:26Z,F346E7F692C196A7,14.23,queries/Functions/09-08_formatting/to_timestamp.sql,measured,2,4,5,2,0.038,990.184,1,1,11997996,11997996,11998031,95983968,0,0,lineitem,309,18941,0,0,0,0,0
2026-07-27T17:20:26Z,F346E7F692C196A7,14.23,queries/Functions/09-08_formatting/to_timestamp.sql,measured,2,5,5,2,0.038,985.656,1,1,11997996,11997996,11998031,95983968,0,0,lineitem,309,18941,0,0,0,0,0
2026-07-27T17:20:30Z,F346E7F692C196A7,14.23,queries/Functions/09-09_datetime/age_two_args.sql,warmup,1,1,1,2,0.266,4356.085,1,1,11997996,11997996,11998031,191967936,0,0,lineitem,0,224920,0,0,0,0,0
2026-07-27T17:20:35Z,F346E7F692C196A7,14.23,queries/Functions/09-09_datetime/age_two_args.sql,warmup,2,1,1,2,0.184,4369.469,1,1,11997996,11997996,11998031,191967936,0,0,lineitem,32,224888,0,0,0,0,0
2026-07-27T17:20:56Z,F346E7F692C196A7,14.23,queries/Functions/09-09_datetime/age_two_args.sql,measured,1,1,5,2,0.186,4367.896,1,1,11997996,11997996,11998031,191967936,0,0,lineitem,64,224856,0,0,0,0,0
2026-07-27T17:20:56Z,F346E7F692C196A7,14.23,queries/Functions/09-09_datetime/age_two_args.sql,measured,1,2,5,2,0.031,4343.426,1,1,11997996,11997996,11998031,191967936,0,0,lineitem,96,224824,0,0,0,0,0
2026-07-27T17:20:56Z,F346E7F692C196A7,14.23,queries/Functions/09-09_datetime/age_two_args.sql,measured,1,3,5,2,0.031,4335.102,1,1,11997996,11997996,11998031,191967936,0,0,lineitem,128,224792,0,0,0,0,0
2026-07-27T17:20:56Z,F346E7F692C196A7,14.23,queries/Functions/09-09_datetime/age_two_args.sql,measured,1,4,5,2,0.031,4337.870,1,1,11997996,11997996,11998031,191967936,0,0,lineitem,160,224760,0,0,0,0,0
2026-07-27T17:20:56Z,F346E7F692C196A7,14.23,queries/Functions/09-09_datetime/age_two_args.sql,measured,1,5,5,2,0.031,4353.379,1,1,11997996,11997996,11998031,191967936,0,0,lineitem,192,224728,0,0,0,0,0
2026-07-27T17:21:18Z,F346E7F692C196A7,14.23,queries/Functions/09-09_datetime/age_two_args.sql,measured,2,1,5,2,0.182,4357.488,1,1,11997996,11997996,11998031,191967936,0,0,lineitem,224,224696,0,0,0,0,0
2026-07-27T17:21:18Z,F346E7F692C196A7,14.23,queries/Functions/09-09_datetime/age_two_args.sql,measured,2,2,5,2,0.031,4334.974,1,1,11997996,11997996,11998031,191967936,0,0,lineitem,256,224664,0,0,0,0,0
2026-07-27T17:21:18Z,F346E7F692C196A7,14.23,queries/Functions/09-09_datetime/age_two_args.sql,measured,2,3,5,2,0.049,4350.235,1,1,11997996,11997996,11998031,191967936,0,0,lineitem,288,224632,0,0,0,0,0
2026-07-27T17:21:18Z,F346E7F692C196A7,14.23,queries/Functions/09-09_datetime/age_two_args.sql,measured,2,4,5,2,0.031,4346.220,1,1,11997996,11997996,11998031,191967936,0,0,lineitem,320,224600,0,0,0,0,0
2026-07-27T17:21:18Z,F346E7F692C196A7,14.23,queries/Functions/09-09_datetime/age_two_args.sql,measured,2,5,5,2,0.031,4349.958,1,1,11997996,11997996,11998031,191967936,0,0,lineitem,352,224568,0,0,0,0,0
2026-07-27T17:21:21Z,F346E7F692C196A7,14.23,queries/Functions/09-09_datetime/at_time_zone.sql,warmup,1,1,1,2,0.177,2438.423,1,1,11997996,11997996,11998031,95983968,0,0,lineitem,384,224536,0,0,0,0,0
2026-07-27T17:21:23Z,F346E7F692C196A7,14.23,queries/Functions/09-09_datetime/at_time_zone.sql,warmup,2,1,1,2,0.180,2444.092,1,1,11997996,11997996,11998031,95983968,0,0,lineitem,416,224504,0,0,0,0,0
2026-07-27T17:21:36Z,F346E7F692C196A7,14.23,queries/Functions/09-09_datetime/at_time_zone.sql,measured,1,1,5,2,0.197,2444.027,1,1,11997996,11997996,11998031,95983968,0,0,lineitem,448,224472,0,0,0,0,0
2026-07-27T17:21:36Z,F346E7F692C196A7,14.23,queries/Functions/09-09_datetime/at_time_zone.sql,measured,1,2,5,2,0.030,2425.361,1,1,11997996,11997996,11998031,95983968,0,0,lineitem,480,224440,0,0,0,0,0
2026-07-27T17:21:36Z,F346E7F692C196A7,14.23,queries/Functions/09-09_datetime/at_time_zone.sql,measured,1,3,5,2,0.029,2431.919,1,1,11997996,11997996,11998031,95983968,0,0,lineitem,512,224408,0,0,0,0,0
2026-07-27T17:21:36Z,F346E7F692C196A7,14.23,queries/Functions/09-09_datetime/at_time_zone.sql,measured,1,4,5,2,0.030,2430.676,1,1,11997996,11997996,11998031,95983968,0,0,lineitem,544,224376,0,0,0,0,0
2026-07-27T17:21:36Z,F346E7F692C196A7,14.23,queries/Functions/09-09_datetime/at_time_zone.sql,measured,1,5,5,2,0.030,2432.274,1,1,11997996,11997996,11998031,95983968,0,0,lineitem,576,224344,0,0,0,0,0
2026-07-27T17:21:48Z,F346E7F692C196A7,14.23,queries/Functions/09-09_datetime/at_time_zone.sql,measured,2,1,5,2,0.189,2444.497,1,1,11997996,11997996,11998031,95983968,0,0,lineitem,608,224312,0,0,0,0,0
2026-07-27T17:21:48Z,F346E7F692C196A7,14.23,queries/Functions/09-09_datetime/at_time_zone.sql,measured,2,2,5,2,0.030,2428.061,1,1,11997996,11997996,11998031,95983968,0,0,lineitem,640,224280,0,0,0,0,0
2026-07-27T17:21:48Z,F346E7F692C196A7,14.23,queries/Functions/09-09_datetime/at_time_zone.sql,measured,2,3,5,2,0.030,2424.813,1,1,11997996,11997996,11998031,95983968,0,0,lineitem,672,224248,0,0,0,0,0
2026-07-27T17:21:48Z,F346E7F692C196A7,14.23,queries/Functions/09-09_datetime/at_time_zone.sql,measured,2,4,5,2,0.030,2432.071,1,1,11997996,11997996,11998031,95983968,0,0,lineitem,704,224216,0,0,0,0,0
2026-07-27T17:21:48Z,F346E7F692C196A7,14.23,queries/Functions/09-09_datetime/at_time_zone.sql,measured,2,5,5,2,0.030,2426.013,1,1,11997996,11997996,11998031,95983968,0,0,lineitem,736,224184,0,0,0,0,0
2026-07-27T17:21:50Z,F346E7F692C196A7,14.23,queries/Functions/09-09_datetime/cast_timestamp.sql,warmup,1,1,1,2,0.180,1792.918,1,1,11997996,11997996,11998031,95983968,0,0,lineitem,768,224152,0,0,0,0,0
2026-07-27T17:21:52Z,F346E7F692C196A7,14.23,queries/Functions/09-09_datetime/cast_timestamp.sql,warmup,2,1,1,2,0.163,1783.777,1,1,11997996,11997996,11998031,95983968,0,0,lineitem,800,224120,0,0,0,0,0
2026-07-27T17:22:00Z,F346E7F692C196A7,14.23,queries/Functions/09-09_datetime/cast_timestamp.sql,measured,1,1,5,2,0.164,1791.482,1,1,11997996,11997996,11998031,95983968,0,0,lineitem,832,224088,0,0,0,0,0
2026-07-27T17:22:00Z,F346E7F692C196A7,14.23,queries/Functions/09-09_datetime/cast_timestamp.sql,measured,1,2,5,2,0.030,1770.612,1,1,11997996,11997996,11998031,95983968,0,0,lineitem,864,224056,0,0,0,0,0
2026-07-27T17:22:00Z,F346E7F692C196A7,14.23,queries/Functions/09-09_datetime/cast_timestamp.sql,measured,1,3,5,2,0.030,1765.331,1,1,11997996,11997996,11998031,95983968,0,0,lineitem,896,224024,0,0,0,0,0
2026-07-27T17:22:00Z,F346E7F692C196A7,14.23,queries/Functions/09-09_datetime/cast_timestamp.sql,measured,1,4,5,2,0.030,1773.747,1,1,11997996,11997996,11998031,95983968,0,0,lineitem,928,223992,0,0,0,0,0
2026-07-27T17:22:00Z,F346E7F692C196A7,14.23,queries/Functions/09-09_datetime/cast_timestamp.sql,measured,1,5,5,2,0.037,1764.706,1,1,11997996,11997996,11998031,95983968,0,0,lineitem,960,223960,0,0,0,0,0
2026-07-27T17:22:09Z,F346E7F692C196A7,14.23,queries/Functions/09-09_datetime/cast_timestamp.sql,measured,2,1,5,2,0.162,1783.296,1,1,11997996,11997996,11998031,95983968,0,0,lineitem,992,223928,0,0,0,0,0
2026-07-27T17:22:09Z,F346E7F692C196A7,14.23,queries/Functions/09-09_datetime/cast_timestamp.sql,measured,2,2,5,2,0.038,1761.133,1,1,11997996,11997996,11998031,95983968,0,0,lineitem,1024,223896,0,0,0,0,0
2026-07-27T17:22:09Z,F346E7F692C196A7,14.23,queries/Functions/09-09_datetime/cast_timestamp.sql,measured,2,3,5,2,0.029,1765.530,1,1,11997996,11997996,11998031,95983968,0,0,lineitem,1056,223864,0,0,0,0,0
2026-07-27T17:22:09Z,F346E7F692C196A7,14.23,queries/Functions/09-09_datetime/cast_timestamp.sql,measured,2,4,5,2,0.030,1764.724,1,1,11997996,11997996,11998031,95983968,0,0,lineitem,1088,223832,0,0,0,0,0
2026-07-27T17:22:09Z,F346E7F692C196A7,14.23,queries/Functions/09-09_datetime/cast_timestamp.sql,measured,2,5,5,2,0.030,1766.566,1,1,11997996,11997996,11998031,95983968,0,0,lineitem,1120,223800,0,0,0,0,0
2026-07-27T17:22:11Z,F346E7F692C196A7,14.23,queries/Functions/09-09_datetime/date_add_time.sql,warmup,1,1,1,2,0.164,1805.549,1,1,11997996,11997996,11998031,95983968,0,0,lineitem,1152,223768,0,0,0,0,0
2026-07-27T17:22:13Z,F346E7F692C196A7,14.23,queries/Functions/09-09_datetime/date_add_time.sql,warmup,2,1,1,2,0.168,1808.778,1,1,11997996,11997996,11998031,95983968,0,0,lineitem,1184,223736,0,0,0,0,0
2026-07-27T17:22:22Z,F346E7F692C196A7,14.23,queries/Functions/09-09_datetime/date_add_time.sql,measured,1,1,5,2,0.179,1803.870,1,1,11997996,11997996,11998031,95983968,0,0,lineitem,1216,223704,0,0,0,0,0
2026-07-27T17:22:22Z,F346E7F692C196A7,14.23,queries/Functions/09-09_datetime/date_add_time.sql,measured,1,2,5,2,0.030,1787.918,1,1,11997996,11997996,11998031,95983968,0,0,lineitem,1248,223672,0,0,0,0,0
2026-07-27T17:22:22Z,F346E7F692C196A7,14.23,queries/Functions/09-09_datetime/date_add_time.sql,measured,1,3,5,2,0.031,1786.757,1,1,11997996,11997996,11998031,95983968,0,0,lineitem,1280,223640,0,0,0,0,0
2026-07-27T17:22:22Z,F346E7F692C196A7,14.23,queries/Functions/09-09_datetime/date_add_time.sql,measured,1,4,5,2,0.030,1789.980,1,1,11997996,11997996,11998031,95983968,0,0,lineitem,1312,223608,0,0,0,0,0
2026-07-27T17:22:22Z,F346E7F692C196A7,14.23,queries/Functions/09-09_datetime/date_add_time.sql,measured,1,5,5,2,0.035,1789.125,1,1,11997996,11997996,11998031,95983968,0,0,lineitem,1344,223576,0,0,0,0,0
2026-07-27T17:22:31Z,F346E7F692C196A7,14.23,queries/Functions/09-09_datetime/date_add_time.sql,measured,2,1,5,2,0.168,1808.016,1,1,11997996,11997996,11998031,95983968,0,0,lineitem,1376,223544,0,0,0,0,0
2026-07-27T17:22:31Z,F346E7F692C196A7,14.23,queries/Functions/09-09_datetime/date_add_time.sql,measured,2,2,5,2,0.048,1788.838,1,1,11997996,11997996,11998031,95983968,0,0,lineitem,1408,223512,0,0,0,0,0
2026-07-27T17:22:31Z,F346E7F692C196A7,14.23,queries/Functions/09-09_datetime/date_add_time.sql,measured,2,3,5,2,0.030,1788.953,1,1,11997996,11997996,11998031,95983968,0,0,lineitem,1440,223480,0,0,0,0,0
2026-07-27T17:22:31Z,F346E7F692C196A7,14.23,queries/Functions/09-09_datetime/date_add_time.sql,measured,2,4,5,2,0.033,1788.800,1,1,11997996,11997996,11998031,95983968,0,0,lineitem,1472,223448,0,0,0,0,0
2026-07-27T17:22:31Z,F346E7F692C196A7,14.23,queries/Functions/09-09_datetime/date_add_time.sql,measured,2,5,5,2,0.031,1788.006,1,1,11997996,11997996,11998031,95983968,0,0,lineitem,1504,223416,0,0,0,0,0
2026-07-27T17:22:33Z,F346E7F692C196A7,14.23,queries/Functions/09-09_datetime/date_bin.sql,warmup,1,1,1,2,0.177,1964.271,1,1,11997996,11997996,11998031,95983968,0,0,lineitem,1536,223384,0,0,0,0,0
2026-07-27T17:22:35Z,F346E7F692C196A7,14.23,queries/Functions/09-09_datetime/date_bin.sql,warmup,2,1,1,2,0.164,1966.670,1,1,11997996,11997996,11998031,95983968,0,0,lineitem,1568,223352,0,0,0,0,0
2026-07-27T17:22:45Z,F346E7F692C196A7,14.23,queries/Functions/09-09_datetime/date_bin.sql,measured,1,1,5,2,0.184,1974.496,1,1,11997996,11997996,11998031,95983968,0,0,lineitem,1600,223320,0,0,0,0,0
2026-07-27T17:22:45Z,F346E7F692C196A7,14.23,queries/Functions/09-09_datetime/date_bin.sql,measured,1,2,5,2,0.030,1948.945,1,1,11997996,11997996,11998031,95983968,0,0,lineitem,1632,223288,0,0,0,0,0
2026-07-27T17:22:45Z,F346E7F692C196A7,14.23,queries/Functions/09-09_datetime/date_bin.sql,measured,1,3,5,2,0.030,1945.679,1,1,11997996,11997996,11998031,95983968,0,0,lineitem,1664,223256,0,0,0,0,0
2026-07-27T17:22:45Z,F346E7F692C196A7,14.23,queries/Functions/09-09_datetime/date_bin.sql,measured,1,4,5,2,0.030,1950.895,1,1,11997996,11997996,11998031,95983968,0,0,lineitem,1696,223224,0,0,0,0,0
2026-07-27T17:22:45Z,F346E7F692C196A7,14.23,queries/Functions/09-09_datetime/date_bin.sql,measured,1,5,5,2,0.030,1948.295,1,1,11997996,11997996,11998031,95983968,0,0,lineitem,1728,223192,0,0,0,0,0
2026-07-27T17:22:55Z,F346E7F692C196A7,14.23,queries/Functions/09-09_datetime/date_bin.sql,measured,2,1,5,2,0.182,1967.405,1,1,11997996,11997996,11998031,95983968,0,0,lineitem,1760,223160,0,0,0,0,0
2026-07-27T17:22:55Z,F346E7F692C196A7,14.23,queries/Functions/09-09_datetime/date_bin.sql,measured,2,2,5,2,0.030,1950.092,1,1,11997996,11997996,11998031,95983968,0,0,lineitem,1792,223128,0,0,0,0,0
2026-07-27T17:22:55Z,F346E7F692C196A7,14.23,queries/Functions/09-09_datetime/date_bin.sql,measured,2,3,5,2,0.030,1949.049,1,1,11997996,11997996,11998031,95983968,0,0,lineitem,1824,223096,0,0,0,0,0
2026-07-27T17:22:55Z,F346E7F692C196A7,14.23,queries/Functions/09-09_datetime/date_bin.sql,measured,2,4,5,2,0.030,1950.589,1,1,11997996,11997996,11998031,95983968,0,0,lineitem,1856,223064,0,0,0,0,0
2026-07-27T17:22:55Z,F346E7F692C196A7,14.23,queries/Functions/09-09_datetime/date_bin.sql,measured,2,5,5,2,0.030,1951.044,1,1,11997996,11997996,11998031,95983968,0,0,lineitem,1888,223032,0,0,0,0,0
2026-07-27T17:22:57Z,F346E7F692C196A7,14.23,queries/Functions/09-09_datetime/date_minus_date.sql,warmup,1,1,1,2,0.168,1923.197,1,1,11997996,11997996,11998031,47991984,0,0,lineitem,1920,223000,0,0,0,0,0
2026-07-27T17:22:59Z,F346E7F692C196A7,14.23,queries/Functions/09-09_datetime/date_minus_date.sql,warmup,2,1,1,2,0.189,1933.402,1,1,11997996,11997996,11998031,47991984,0,0,lineitem,1952,222968,0,0,0,0,0
2026-07-27T17:23:09Z,F346E7F692C196A7,14.23,queries/Functions/09-09_datetime/date_minus_date.sql,measured,1,1,5,2,0.172,1923.842,1,1,11997996,11997996,11998031,47991984,0,0,lineitem,1984,222936,0,0,0,0,0
2026-07-27T17:23:09Z,F346E7F692C196A7,14.23,queries/Functions/09-09_datetime/date_minus_date.sql,measured,1,2,5,2,0.031,1904.074,1,1,11997996,11997996,11998031,47991984,0,0,lineitem,2016,222904,0,0,0,0,0
2026-07-27T17:23:09Z,F346E7F692C196A7,14.23,queries/Functions/09-09_datetime/date_minus_date.sql,measured,1,3,5,2,0.031,1903.173,1,1,11997996,11997996,11998031,47991984,0,0,lineitem,2048,222872,0,0,0,0,0
2026-07-27T17:23:09Z,F346E7F692C196A7,14.23,queries/Functions/09-09_datetime/date_minus_date.sql,measured,1,4,5,2,0.030,1903.650,1,1,11997996,11997996,11998031,47991984,0,0,lineitem,2080,222840,0,0,0,0,0
2026-07-27T17:23:09Z,F346E7F692C196A7,14.23,queries/Functions/09-09_datetime/date_minus_date.sql,measured,1,5,5,2,0.030,1905.182,1,1,11997996,11997996,11998031,47991984,0,0,lineitem,2112,222808,0,0,0,0,0
2026-07-27T17:23:18Z,F346E7F692C196A7,14.23,queries/Functions/09-09_datetime/date_minus_date.sql,measured,2,1,5,2,0.185,1930.200,1,1,11997996,11997996,11998031,47991984,0,0,lineitem,2144,222776,0,0,0,0,0
2026-07-27T17:23:18Z,F346E7F692C196A7,14.23,queries/Functions/09-09_datetime/date_minus_date.sql,measured,2,2,5,2,0.030,1906.250,1,1,11997996,11997996,11998031,47991984,0,0,lineitem,2176,222744,0,0,0,0,0
2026-07-27T17:23:18Z,F346E7F692C196A7,14.23,queries/Functions/09-09_datetime/date_minus_date.sql,measured,2,3,5,2,0.030,1915.982,1,1,11997996,11997996,11998031,47991984,0,0,lineitem,2208,222712,0,0,0,0,0
2026-07-27T17:23:18Z,F346E7F692C196A7,14.23,queries/Functions/09-09_datetime/date_minus_date.sql,measured,2,4,5,2,0.030,1906.032,1,1,11997996,11997996,11998031,47991984,0,0,lineitem,2240,222680,0,0,0,0,0
2026-07-27T17:23:18Z,F346E7F692C196A7,14.23,queries/Functions/09-09_datetime/date_minus_date.sql,measured,2,5,5,2,0.030,1907.693,1,1,11997996,11997996,11998031,47991984,0,0,lineitem,2272,222648,0,0,0,0,0
2026-07-27T17:23:20Z,F346E7F692C196A7,14.23,queries/Functions/09-09_datetime/date_minus_int.sql,warmup,1,1,1,2,0.186,1803.029,1,1,11997996,11997996,11998031,47991984,0,0,lineitem,2304,222616,0,0,0,0,0
2026-07-27T17:23:22Z,F346E7F692C196A7,14.23,queries/Functions/09-09_datetime/date_minus_int.sql,warmup,2,1,1,2,0.180,1802.636,1,1,11997996,11997996,11998031,47991984,0,0,lineitem,2336,222584,0,0,0,0,0
2026-07-27T17:23:31Z,F346E7F692C196A7,14.23,queries/Functions/09-09_datetime/date_minus_int.sql,measured,1,1,5,2,0.188,1803.264,1,1,11997996,11997996,11998031,47991984,0,0,lineitem,2368,222552,0,0,0,0,0
2026-07-27T17:23:31Z,F346E7F692C196A7,14.23,queries/Functions/09-09_datetime/date_minus_int.sql,measured,1,2,5,2,0.031,1788.827,1,1,11997996,11997996,11998031,47991984,0,0,lineitem,2400,222520,0,0,0,0,0
2026-07-27T17:23:31Z,F346E7F692C196A7,14.23,queries/Functions/09-09_datetime/date_minus_int.sql,measured,1,3,5,2,0.030,1792.522,1,1,11997996,11997996,11998031,47991984,0,0,lineitem,2432,222488,0,0,0,0,0
2026-07-27T17:23:31Z,F346E7F692C196A7,14.23,queries/Functions/09-09_datetime/date_minus_int.sql,measured,1,4,5,2,0.030,1793.746,1,1,11997996,11997996,11998031,47991984,0,0,lineitem,2464,222456,0,0,0,0,0
2026-07-27T17:23:31Z,F346E7F692C196A7,14.23,queries/Functions/09-09_datetime/date_minus_int.sql,measured,1,5,5,2,0.029,1782.289,1,1,11997996,11997996,11998031,47991984,0,0,lineitem,2496,222424,0,0,0,0,0
2026-07-27T17:23:40Z,F346E7F692C196A7,14.23,queries/Functions/09-09_datetime/date_minus_int.sql,measured,2,1,5,2,0.183,1804.773,1,1,11997996,11997996,11998031,47991984,0,0,lineitem,2528,222392,0,0,0,0,0
2026-07-27T17:23:40Z,F346E7F692C196A7,14.23,queries/Functions/09-09_datetime/date_minus_int.sql,measured,2,2,5,2,0.048,1783.379,1,1,11997996,11997996,11998031,47991984,0,0,lineitem,2560,222360,0,0,0,0,0
2026-07-27T17:23:40Z,F346E7F692C196A7,14.23,queries/Functions/09-09_datetime/date_minus_int.sql,measured,2,3,5,2,0.031,1784.595,1,1,11997996,11997996,11998031,47991984,0,0,lineitem,2592,222328,0,0,0,0,0
2026-07-27T17:23:40Z,F346E7F692C196A7,14.23,queries/Functions/09-09_datetime/date_minus_int.sql,measured,2,4,5,2,0.047,1795.888,1,1,11997996,11997996,11998031,47991984,0,0,lineitem,2624,222296,0,0,0,0,0
2026-07-27T17:23:40Z,F346E7F692C196A7,14.23,queries/Functions/09-09_datetime/date_minus_int.sql,measured,2,5,5,2,0.030,1783.025,1,1,11997996,11997996,11998031,47991984,0,0,lineitem,2656,222264,0,0,0,0,0
2026-07-27T17:23:43Z,F346E7F692C196A7,14.23,queries/Functions/09-09_datetime/date_part.sql,warmup,1,1,1,2,0.194,2560.049,1,1,11997996,11997996,11998031,95983968,0,0,lineitem,2688,222232,0,0,0,0,0
2026-07-27T17:23:46Z,F346E7F692C196A7,14.23,queries/Functions/09-09_datetime/date_part.sql,warmup,2,1,1,2,0.210,2556.156,1,1,11997996,11997996,11998031,95983968,0,0,lineitem,2720,222200,0,0,0,0,0
2026-07-27T17:23:58Z,F346E7F692C196A7,14.23,queries/Functions/09-09_datetime/date_part.sql,measured,1,1,5,2,0.196,2550.970,1,1,11997996,11997996,11998031,95983968,0,0,lineitem,2752,222168,0,0,0,0,0
2026-07-27T17:23:58Z,F346E7F692C196A7,14.23,queries/Functions/09-09_datetime/date_part.sql,measured,1,2,5,2,0.046,2533.168,1,1,11997996,11997996,11998031,95983968,0,0,lineitem,2784,222136,0,0,0,0,0
2026-07-27T17:23:58Z,F346E7F692C196A7,14.23,queries/Functions/09-09_datetime/date_part.sql,measured,1,3,5,2,0.046,2542.446,1,1,11997996,11997996,11998031,95983968,0,0,lineitem,2816,222104,0,0,0,0,0
2026-07-27T17:23:58Z,F346E7F692C196A7,14.23,queries/Functions/09-09_datetime/date_part.sql,measured,1,4,5,2,0.048,2542.937,1,1,11997996,11997996,11998031,95983968,0,0,lineitem,2848,222072,0,0,0,0,0
2026-07-27T17:23:58Z,F346E7F692C196A7,14.23,queries/Functions/09-09_datetime/date_part.sql,measured,1,5,5,2,0.057,2546.039,1,1,11997996,11997996,11998031,95983968,0,0,lineitem,2880,222040,0,0,0,0,0
2026-07-27T17:24:11Z,F346E7F692C196A7,14.23,queries/Functions/09-09_datetime/date_part.sql,measured,2,1,5,2,0.205,2553.394,1,1,11997996,11997996,11998031,95983968,0,0,lineitem,2912,222008,0,0,0,0,0
2026-07-27T17:24:11Z,F346E7F692C196A7,14.23,queries/Functions/09-09_datetime/date_part.sql,measured,2,2,5,2,0.047,2540.366,1,1,11997996,11997996,11998031,95983968,0,0,lineitem,2944,221976,0,0,0,0,0
2026-07-27T17:24:11Z,F346E7F692C196A7,14.23,queries/Functions/09-09_datetime/date_part.sql,measured,2,3,5,2,0.047,2528.339,1,1,11997996,11997996,11998031,95983968,0,0,lineitem,2976,221944,0,0,0,0,0
2026-07-27T17:24:11Z,F346E7F692C196A7,14.23,queries/Functions/09-09_datetime/date_part.sql,measured,2,4,5,2,0.048,2540.188,1,1,11997996,11997996,11998031,95983968,0,0,lineitem,3008,221912,0,0,0,0,0
2026-07-27T17:24:11Z,F346E7F692C196A7,14.23,queries/Functions/09-09_datetime/date_part.sql,measured,2,5,5,2,0.046,2533.640,1,1,11997996,11997996,11998031,95983968,0,0,lineitem,3040,221880,0,0,0,0,0
2026-07-27T17:24:13Z,F346E7F692C196A7,14.23,queries/Functions/09-09_datetime/date_plus_int.sql,warmup,1,1,1,2,0.179,1810.279,1,1,11997996,11997996,11998031,47991984,0,0,lineitem,3072,221848,0,0,0,0,0
2026-07-27T17:24:15Z,F346E7F692C196A7,14.23,queries/Functions/09-09_datetime/date_plus_int.sql,warmup,2,1,1,2,0.181,1806.332,1,1,11997996,11997996,11998031,47991984,0,0,lineitem,3104,221816,0,0,0,0,0
2026-07-27T17:24:24Z,F346E7F692C196A7,14.23,queries/Functions/09-09_datetime/date_plus_int.sql,measured,1,1,5,2,0.168,1818.283,1,1,11997996,11997996,11998031,47991984,0,0,lineitem,3136,221784,0,0,0,0,0
2026-07-27T17:24:24Z,F346E7F692C196A7,14.23,queries/Functions/09-09_datetime/date_plus_int.sql,measured,1,2,5,2,0.030,1795.075,1,1,11997996,11997996,11998031,47991984,0,0,lineitem,3168,221752,0,0,0,0,0
2026-07-27T17:24:24Z,F346E7F692C196A7,14.23,queries/Functions/09-09_datetime/date_plus_int.sql,measured,1,3,5,2,0.037,1797.763,1,1,11997996,11997996,11998031,47991984,0,0,lineitem,3200,221720,0,0,0,0,0
2026-07-27T17:24:24Z,F346E7F692C196A7,14.23,queries/Functions/09-09_datetime/date_plus_int.sql,measured,1,4,5,2,0.030,1791.444,1,1,11997996,11997996,11998031,47991984,0,0,lineitem,3232,221688,0,0,0,0,0
2026-07-27T17:24:24Z,F346E7F692C196A7,14.23,queries/Functions/09-09_datetime/date_plus_int.sql,measured,1,5,5,2,0.030,1798.530,1,1,11997996,11997996,11998031,47991984,0,0,lineitem,3264,221656,0,0,0,0,0
2026-07-27T17:24:33Z,F346E7F692C196A7,14.23,queries/Functions/09-09_datetime/date_plus_int.sql,measured,2,1,5,2,0.167,1810.593,1,1,11997996,11997996,11998031,47991984,0,0,lineitem,3296,221624,0,0,0,0,0
2026-07-27T17:24:33Z,F346E7F692C196A7,14.23,queries/Functions/09-09_datetime/date_plus_int.sql,measured,2,2,5,2,0.030,1785.188,1,1,11997996,11997996,11998031,47991984,0,0,lineitem,3328,221592,0,0,0,0,0
2026-07-27T17:24:33Z,F346E7F692C196A7,14.23,queries/Functions/09-09_datetime/date_plus_int.sql,measured,2,3,5,2,0.030,1786.996,1,1,11997996,11997996,11998031,47991984,0,0,lineitem,3360,221560,0,0,0,0,0
2026-07-27T17:24:33Z,F346E7F692C196A7,14.23,queries/Functions/09-09_datetime/date_plus_int.sql,measured,2,4,5,2,0.030,1791.804,1,1,11997996,11997996,11998031,47991984,0,0,lineitem,3392,221528,0,0,0,0,0
2026-07-27T17:24:33Z,F346E7F692C196A7,14.23,queries/Functions/09-09_datetime/date_plus_int.sql,measured,2,5,5,2,0.029,1788.194,1,1,11997996,11997996,11998031,47991984,0,0,lineitem,3424,221496,0,0,0,0,0
2026-07-27T17:24:35Z,F346E7F692C196A7,14.23,queries/Functions/09-09_datetime/date_plus_interval.sql,warmup,1,1,1,2,0.179,2294.229,1,1,11997996,11997996,11998031,95983968,0,0,lineitem,3456,221464,0,0,0,0,0
2026-07-27T17:24:38Z,F346E7F692C196A7,14.23,queries/Functions/09-09_datetime/date_plus_interval.sql,warmup,2,1,1,2,0.164,2294.296,1,1,11997996,11997996,11998031,95983968,0,0,lineitem,3488,221432,0,0,0,0,0
2026-07-27T17:24:49Z,F346E7F692C196A7,14.23,queries/Functions/09-09_datetime/date_plus_interval.sql,measured,1,1,5,2,0.180,2303.443,1,1,11997996,11997996,11998031,95983968,0,0,lineitem,3520,221400,0,0,0,0,0
2026-07-27T17:24:49Z,F346E7F692C196A7,14.23,queries/Functions/09-09_datetime/date_plus_interval.sql,measured,1,2,5,2,0.030,2277.308,1,1,11997996,11997996,11998031,95983968,0,0,lineitem,3552,221368,0,0,0,0,0
2026-07-27T17:24:49Z,F346E7F692C196A7,14.23,queries/Functions/09-09_datetime/date_plus_interval.sql,measured,1,3,5,2,0.030,2278.591,1,1,11997996,11997996,11998031,95983968,0,0,lineitem,3584,221336,0,0,0,0,0
2026-07-27T17:24:49Z,F346E7F692C196A7,14.23,queries/Functions/09-09_datetime/date_plus_interval.sql,measured,1,4,5,2,0.040,2283.966,1,1,11997996,11997996,11998031,95983968,0,0,lineitem,3616,221304,0,0,0,0,0
2026-07-27T17:24:49Z,F346E7F692C196A7,14.23,queries/Functions/09-09_datetime/date_plus_interval.sql,measured,1,5,5,2,0.030,2276.344,1,1,11997996,11997996,11998031,95983968,0,0,lineitem,3648,221272,0,0,0,0,0
2026-07-27T17:25:01Z,F346E7F692C196A7,14.23,queries/Functions/09-09_datetime/date_plus_interval.sql,measured,2,1,5,2,0.165,2293.710,1,1,11997996,11997996,11998031,95983968,0,0,lineitem,3680,221240,0,0,0,0,0
2026-07-27T17:25:01Z,F346E7F692C196A7,14.23,queries/Functions/09-09_datetime/date_plus_interval.sql,measured,2,2,5,2,0.030,2274.718,1,1,11997996,11997996,11998031,95983968,0,0,lineitem,3712,221208,0,0,0,0,0
2026-07-27T17:25:01Z,F346E7F692C196A7,14.23,queries/Functions/09-09_datetime/date_plus_interval.sql,measured,2,3,5,2,0.030,2271.529,1,1,11997996,11997996,11998031,95983968,0,0,lineitem,3744,221176,0,0,0,0,0
2026-07-27T17:25:01Z,F346E7F692C196A7,14.23,queries/Functions/09-09_datetime/date_plus_interval.sql,measured,2,4,5,2,0.030,2271.910,1,1,11997996,11997996,11998031,95983968,0,0,lineitem,3776,221144,0,0,0,0,0
2026-07-27T17:25:01Z,F346E7F692C196A7,14.23,queries/Functions/09-09_datetime/date_plus_interval.sql,measured,2,5,5,2,0.029,2271.995,1,1,11997996,11997996,11998031,95983968,0,0,lineitem,3808,221112,0,0,0,0,0
2026-07-27T17:25:04Z,F346E7F692C196A7,14.23,queries/Functions/09-09_datetime/date_trunc_day.sql,warmup,1,1,1,2,0.195,2638.632,1,1,11997996,11997996,11998031,95983968,0,0,lineitem,3840,221080,0,0,0,0,0
2026-07-27T17:25:06Z,F346E7F692C196A7,14.23,queries/Functions/09-09_datetime/date_trunc_day.sql,warmup,2,1,1,2,0.195,2642.522,1,1,11997996,11997996,11998031,95983968,0,0,lineitem,3872,221048,0,0,0,0,0
2026-07-27T17:25:19Z,F346E7F692C196A7,14.23,queries/Functions/09-09_datetime/date_trunc_day.sql,measured,1,1,5,2,0.178,2639.538,1,1,11997996,11997996,11998031,95983968,0,0,lineitem,3904,221016,0,0,0,0,0
2026-07-27T17:25:19Z,F346E7F692C196A7,14.23,queries/Functions/09-09_datetime/date_trunc_day.sql,measured,1,2,5,2,0.030,2617.576,1,1,11997996,11997996,11998031,95983968,0,0,lineitem,3936,220984,0,0,0,0,0
2026-07-27T17:25:19Z,F346E7F692C196A7,14.23,queries/Functions/09-09_datetime/date_trunc_day.sql,measured,1,3,5,2,0.031,2612.741,1,1,11997996,11997996,11998031,95983968,0,0,lineitem,3968,220952,0,0,0,0,0
2026-07-27T17:25:19Z,F346E7F692C196A7,14.23,queries/Functions/09-09_datetime/date_trunc_day.sql,measured,1,4,5,2,0.047,2617.929,1,1,11997996,11997996,11998031,95983968,0,0,lineitem,4000,220920,0,0,0,0,0
2026-07-27T17:25:19Z,F346E7F692C196A7,14.23,queries/Functions/09-09_datetime/date_trunc_day.sql,measured,1,5,5,2,0.030,2620.940,1,1,11997996,11997996,11998031,95983968,0,0,lineitem,4032,220888,0,0,0,0,0
2026-07-27T17:25:33Z,F346E7F692C196A7,14.23,queries/Functions/09-09_datetime/date_trunc_day.sql,measured,2,1,5,2,0.193,2641.213,1,1,11997996,11997996,11998031,95983968,0,0,lineitem,4064,220856,0,0,0,0,0
2026-07-27T17:25:33Z,F346E7F692C196A7,14.23,queries/Functions/09-09_datetime/date_trunc_day.sql,measured,2,2,5,2,0.040,2616.590,1,1,11997996,11997996,11998031,95983968,0,0,lineitem,4096,220824,0,0,0,0,0
2026-07-27T17:25:33Z,F346E7F692C196A7,14.23,queries/Functions/09-09_datetime/date_trunc_day.sql,measured,2,3,5,2,0.030,2616.155,1,1,11997996,11997996,11998031,95983968,0,0,lineitem,4128,220792,0,0,0,0,0
2026-07-27T17:25:33Z,F346E7F692C196A7,14.23,queries/Functions/09-09_datetime/date_trunc_day.sql,measured,2,4,5,2,0.030,2616.423,1,1,11997996,11997996,11998031,95983968,0,0,lineitem,4160,220760,0,0,0,0,0
2026-07-27T17:25:33Z,F346E7F692C196A7,14.23,queries/Functions/09-09_datetime/date_trunc_day.sql,measured,2,5,5,2,0.030,2624.742,1,1,11997996,11997996,11998031,95983968,0,0,lineitem,4192,220728,0,0,0,0,0
2026-07-27T17:25:35Z,F346E7F692C196A7,14.23,queries/Functions/09-09_datetime/date_trunc_month.sql,warmup,1,1,1,2,0.185,2653.506,1,1,11997996,11997996,11998031,95983968,0,0,lineitem,4224,220696,0,0,0,0,0
2026-07-27T17:25:38Z,F346E7F692C196A7,14.23,queries/Functions/09-09_datetime/date_trunc_month.sql,warmup,2,1,1,2,0.183,2656.236,1,1,11997996,11997996,11998031,95983968,0,0,lineitem,4256,220664,0,0,0,0,0
2026-07-27T17:25:51Z,F346E7F692C196A7,14.23,queries/Functions/09-09_datetime/date_trunc_month.sql,measured,1,1,5,2,0.191,2658.232,1,1,11997996,11997996,11998031,95983968,0,0,lineitem,4288,220632,0,0,0,0,0
2026-07-27T17:25:51Z,F346E7F692C196A7,14.23,queries/Functions/09-09_datetime/date_trunc_month.sql,measured,1,2,5,2,0.030,2637.408,1,1,11997996,11997996,11998031,95983968,0,0,lineitem,4320,220600,0,0,0,0,0
2026-07-27T17:25:51Z,F346E7F692C196A7,14.23,queries/Functions/09-09_datetime/date_trunc_month.sql,measured,1,3,5,2,0.030,2630.818,1,1,11997996,11997996,11998031,95983968,0,0,lineitem,4352,220568,0,0,0,0,0
2026-07-27T17:25:51Z,F346E7F692C196A7,14.23,queries/Functions/09-09_datetime/date_trunc_month.sql,measured,1,4,5,2,0.030,2634.358,1,1,11997996,11997996,11998031,95983968,0,0,lineitem,4384,220536,0,0,0,0,0
2026-07-27T17:25:51Z,F346E7F692C196A7,14.23,queries/Functions/09-09_datetime/date_trunc_month.sql,measured,1,5,5,2,0.030,2631.562,1,1,11997996,11997996,11998031,95983968,0,0,lineitem,4416,220504,0,0,0,0,0
2026-07-27T17:26:05Z,F346E7F692C196A7,14.23,queries/Functions/09-09_datetime/date_trunc_month.sql,measured,2,1,5,2,0.177,2652.410,1,1,11997996,11997996,11998031,95983968,0,0,lineitem,4448,220472,0,0,0,0,0
2026-07-27T17:26:05Z,F346E7F692C196A7,14.23,queries/Functions/09-09_datetime/date_trunc_month.sql,measured,2,2,5,2,0.031,2633.524,1,1,11997996,11997996,11998031,95983968,0,0,lineitem,4480,220440,0,0,0,0,0
2026-07-27T17:26:05Z,F346E7F692C196A7,14.23,queries/Functions/09-09_datetime/date_trunc_month.sql,measured,2,3,5,2,0.029,2637.032,1,1,11997996,11997996,11998031,95983968,0,0,lineitem,4512,220408,0,0,0,0,0
2026-07-27T17:26:05Z,F346E7F692C196A7,14.23,queries/Functions/09-09_datetime/date_trunc_month.sql,measured,2,4,5,2,0.030,2631.337,1,1,11997996,11997996,11998031,95983968,0,0,lineitem,4544,220376,0,0,0,0,0
2026-07-27T17:26:05Z,F346E7F692C196A7,14.23,queries/Functions/09-09_datetime/date_trunc_month.sql,measured,2,5,5,2,0.031,2629.589,1,1,11997996,11997996,11998031,95983968,0,0,lineitem,4576,220344,0,0,0,0,0
2026-07-27T17:26:08Z,F346E7F692C196A7,14.23,queries/Functions/09-09_datetime/extract_day.sql,warmup,1,1,1,2,0.184,2784.257,1,1,11997996,11997996,11998031,383935872,0,0,lineitem,4608,220312,0,0,0,0,0
2026-07-27T17:26:10Z,F346E7F692C196A7,14.23,queries/Functions/09-09_datetime/extract_day.sql,warmup,2,1,1,2,0.189,2784.941,1,1,11997996,11997996,11998031,383935872,0,0,lineitem,4640,220280,0,0,0,0,0
2026-07-27T17:26:24Z,F346E7F692C196A7,14.23,queries/Functions/09-09_datetime/extract_day.sql,measured,1,1,5,2,0.171,2773.674,1,1,11997996,11997996,11998031,383935872,0,0,lineitem,4672,220248,0,0,0,0,0
2026-07-27T17:26:24Z,F346E7F692C196A7,14.23,queries/Functions/09-09_datetime/extract_day.sql,measured,1,2,5,2,0.030,2754.806,1,1,11997996,11997996,11998031,383935872,0,0,lineitem,4704,220216,0,0,0,0,0
2026-07-27T17:26:24Z,F346E7F692C196A7,14.23,queries/Functions/09-09_datetime/extract_day.sql,measured,1,3,5,2,0.030,2760.881,1,1,11997996,11997996,11998031,383935872,0,0,lineitem,4736,220184,0,0,0,0,0
2026-07-27T17:26:24Z,F346E7F692C196A7,14.23,queries/Functions/09-09_datetime/extract_day.sql,measured,1,4,5,2,0.054,2758.076,1,1,11997996,11997996,11998031,383935872,0,0,lineitem,4768,220152,0,0,0,0,0
2026-07-27T17:26:24Z,F346E7F692C196A7,14.23,queries/Functions/09-09_datetime/extract_day.sql,measured,1,5,5,2,0.030,2750.071,1,1,11997996,11997996,11998031,383935872,0,0,lineitem,4800,220120,0,0,0,0,0
2026-07-27T17:26:38Z,F346E7F692C196A7,14.23,queries/Functions/09-09_datetime/extract_day.sql,measured,2,1,5,2,0.196,2776.371,1,1,11997996,11997996,11998031,383935872,0,0,lineitem,4832,220088,0,0,0,0,0
2026-07-27T17:26:38Z,F346E7F692C196A7,14.23,queries/Functions/09-09_datetime/extract_day.sql,measured,2,2,5,2,0.047,2762.828,1,1,11997996,11997996,11998031,383935872,0,0,lineitem,4864,220056,0,0,0,0,0
2026-07-27T17:26:38Z,F346E7F692C196A7,14.23,queries/Functions/09-09_datetime/extract_day.sql,measured,2,3,5,2,0.030,2754.157,1,1,11997996,11997996,11998031,383935872,0,0,lineitem,4896,220024,0,0,0,0,0
2026-07-27T17:26:38Z,F346E7F692C196A7,14.23,queries/Functions/09-09_datetime/extract_day.sql,measured,2,4,5,2,0.030,2753.929,1,1,11997996,11997996,11998031,383935872,0,0,lineitem,4928,219992,0,0,0,0,0
2026-07-27T17:26:38Z,F346E7F692C196A7,14.23,queries/Functions/09-09_datetime/extract_day.sql,measured,2,5,5,2,0.034,2763.692,1,1,11997996,11997996,11998031,383935872,0,0,lineitem,4960,219960,0,0,0,0,0
2026-07-27T17:26:42Z,F346E7F692C196A7,14.23,queries/Functions/09-09_datetime/extract_dow.sql,warmup,1,1,1,2,0.170,3119.625,1,1,11997996,11997996,11998031,383935872,0,0,lineitem,4992,219928,0,0,0,0,0
2026-07-27T17:26:45Z,F346E7F692C196A7,14.23,queries/Functions/09-09_datetime/extract_dow.sql,warmup,2,1,1,2,0.172,3107.848,1,1,11997996,11997996,11998031,383935872,0,0,lineitem,5024,219896,0,0,0,0,0
2026-07-27T17:27:00Z,F346E7F692C196A7,14.23,queries/Functions/09-09_datetime/extract_dow.sql,measured,1,1,5,2,0.178,3106.681,1,1,11997996,11997996,11998031,383935872,0,0,lineitem,5056,219864,0,0,0,0,0
2026-07-27T17:27:00Z,F346E7F692C196A7,14.23,queries/Functions/09-09_datetime/extract_dow.sql,measured,1,2,5,2,0.030,3082.707,1,1,11997996,11997996,11998031,383935872,0,0,lineitem,5088,219832,0,0,0,0,0
2026-07-27T17:27:00Z,F346E7F692C196A7,14.23,queries/Functions/09-09_datetime/extract_dow.sql,measured,1,3,5,2,0.047,3093.451,1,1,11997996,11997996,11998031,383935872,0,0,lineitem,5120,219800,0,0,0,0,0
2026-07-27T17:27:00Z,F346E7F692C196A7,14.23,queries/Functions/09-09_datetime/extract_dow.sql,measured,1,4,5,2,0.031,3085.756,1,1,11997996,11997996,11998031,383935872,0,0,lineitem,5152,219768,0,0,0,0,0
2026-07-27T17:27:00Z,F346E7F692C196A7,14.23,queries/Functions/09-09_datetime/extract_dow.sql,measured,1,5,5,2,0.031,3084.392,1,1,11997996,11997996,11998031,383935872,0,0,lineitem,5184,219736,0,0,0,0,0
2026-07-27T17:27:16Z,F346E7F692C196A7,14.23,queries/Functions/09-09_datetime/extract_dow.sql,measured,2,1,5,2,0.171,3107.509,1,1,11997996,11997996,11998031,383935872,0,0,lineitem,5216,219704,0,0,0,0,0
2026-07-27T17:27:16Z,F346E7F692C196A7,14.23,queries/Functions/09-09_datetime/extract_dow.sql,measured,2,2,5,2,0.030,3092.976,1,1,11997996,11997996,11998031,383935872,0,0,lineitem,5248,219672,0,0,0,0,0
2026-07-27T17:27:16Z,F346E7F692C196A7,14.23,queries/Functions/09-09_datetime/extract_dow.sql,measured,2,3,5,2,0.031,3090.291,1,1,11997996,11997996,11998031,383935872,0,0,lineitem,5280,219640,0,0,0,0,0
2026-07-27T17:27:16Z,F346E7F692C196A7,14.23,queries/Functions/09-09_datetime/extract_dow.sql,measured,2,4,5,2,0.030,3082.279,1,1,11997996,11997996,11998031,383935872,0,0,lineitem,5312,219608,0,0,0,0,0
2026-07-27T17:27:16Z,F346E7F692C196A7,14.23,queries/Functions/09-09_datetime/extract_dow.sql,measured,2,5,5,2,0.029,3081.511,1,1,11997996,11997996,11998031,383935872,0,0,lineitem,5344,219576,0,0,0,0,0
2026-07-27T17:27:19Z,F346E7F692C196A7,14.23,queries/Functions/09-09_datetime/extract_doy.sql,warmup,1,1,1,2,0.172,3198.842,1,1,11997996,11997996,11998031,383935872,0,0,lineitem,5376,219544,0,0,0,0,0
2026-07-27T17:27:22Z,F346E7F692C196A7,14.23,queries/Functions/09-09_datetime/extract_doy.sql,warmup,2,1,1,2,0.170,3191.343,1,1,11997996,11997996,11998031,383935872,0,0,lineitem,5408,219512,0,0,0,0,0
2026-07-27T17:27:38Z,F346E7F692C196A7,14.23,queries/Functions/09-09_datetime/extract_doy.sql,measured,1,1,5,2,0.171,3197.118,1,1,11997996,11997996,11998031,383935872,0,0,lineitem,5440,219480,0,0,0,0,0
2026-07-27T17:27:38Z,F346E7F692C196A7,14.23,queries/Functions/09-09_datetime/extract_doy.sql,measured,1,2,5,2,0.030,3170.765,1,1,11997996,11997996,11998031,383935872,0,0,lineitem,5472,219448,0,0,0,0,0
2026-07-27T17:27:38Z,F346E7F692C196A7,14.23,queries/Functions/09-09_datetime/extract_doy.sql,measured,1,3,5,2,0.037,3174.715,1,1,11997996,11997996,11998031,383935872,0,0,lineitem,5504,219416,0,0,0,0,0
2026-07-27T17:27:38Z,F346E7F692C196A7,14.23,queries/Functions/09-09_datetime/extract_doy.sql,measured,1,4,5,2,0.046,3167.237,1,1,11997996,11997996,11998031,383935872,0,0,lineitem,5536,219384,0,0,0,0,0
2026-07-27T17:27:38Z,F346E7F692C196A7,14.23,queries/Functions/09-09_datetime/extract_doy.sql,measured,1,5,5,2,0.030,3171.371,1,1,11997996,11997996,11998031,383935872,0,0,lineitem,5568,219352,0,0,0,0,0
2026-07-27T17:27:54Z,F346E7F692C196A7,14.23,queries/Functions/09-09_datetime/extract_doy.sql,measured,2,1,5,2,0.178,3198.851,1,1,11997996,11997996,11998031,383935872,0,0,lineitem,5600,219320,0,0,0,0,0
2026-07-27T17:27:54Z,F346E7F692C196A7,14.23,queries/Functions/09-09_datetime/extract_doy.sql,measured,2,2,5,2,0.031,3171.301,1,1,11997996,11997996,11998031,383935872,0,0,lineitem,5632,219288,0,0,0,0,0
2026-07-27T17:27:54Z,F346E7F692C196A7,14.23,queries/Functions/09-09_datetime/extract_doy.sql,measured,2,3,5,2,0.030,3170.047,1,1,11997996,11997996,11998031,383935872,0,0,lineitem,5664,219256,0,0,0,0,0
2026-07-27T17:27:54Z,F346E7F692C196A7,14.23,queries/Functions/09-09_datetime/extract_doy.sql,measured,2,4,5,2,0.031,3172.231,1,1,11997996,11997996,11998031,383935872,0,0,lineitem,5696,219224,0,0,0,0,0
2026-07-27T17:27:54Z,F346E7F692C196A7,14.23,queries/Functions/09-09_datetime/extract_doy.sql,measured,2,5,5,2,0.030,3175.973,1,1,11997996,11997996,11998031,383935872,0,0,lineitem,5728,219192,0,0,0,0,0
2026-07-27T17:27:57Z,F346E7F692C196A7,14.23,queries/Functions/09-09_datetime/extract_epoch.sql,warmup,1,1,1,2,0.169,2916.892,1,1,11997996,11997996,11998031,383935872,0,0,lineitem,5760,219160,0,0,0,0,0
2026-07-27T17:28:00Z,F346E7F692C196A7,14.23,queries/Functions/09-09_datetime/extract_epoch.sql,warmup,2,1,1,2,0.179,2916.910,1,1,11997996,11997996,11998031,383935872,0,0,lineitem,5792,219128,0,0,0,0,0
2026-07-27T17:28:15Z,F346E7F692C196A7,14.23,queries/Functions/09-09_datetime/extract_epoch.sql,measured,1,1,5,2,0.197,2924.115,1,1,11997996,11997996,11998031,383935872,0,0,lineitem,5824,219096,0,0,0,0,0
2026-07-27T17:28:15Z,F346E7F692C196A7,14.23,queries/Functions/09-09_datetime/extract_epoch.sql,measured,1,2,5,2,0.030,2900.928,1,1,11997996,11997996,11998031,383935872,0,0,lineitem,5856,219064,0,0,0,0,0
2026-07-27T17:28:15Z,F346E7F692C196A7,14.23,queries/Functions/09-09_datetime/extract_epoch.sql,measured,1,3,5,2,0.037,2896.443,1,1,11997996,11997996,11998031,383935872,0,0,lineitem,5888,219032,0,0,0,0,0
2026-07-27T17:28:15Z,F346E7F692C196A7,14.23,queries/Functions/09-09_datetime/extract_epoch.sql,measured,1,4,5,2,0.030,2893.523,1,1,11997996,11997996,11998031,383935872,0,0,lineitem,5920,219000,0,0,0,0,0
2026-07-27T17:28:15Z,F346E7F692C196A7,14.23,queries/Functions/09-09_datetime/extract_epoch.sql,measured,1,5,5,2,0.030,2894.521,1,1,11997996,11997996,11998031,383935872,0,0,lineitem,5952,218968,0,0,0,0,0
2026-07-27T17:28:30Z,F346E7F692C196A7,14.23,queries/Functions/09-09_datetime/extract_epoch.sql,measured,2,1,5,2,0.170,2925.049,1,1,11997996,11997996,11998031,383935872,0,0,lineitem,5984,218936,0,0,0,0,0
2026-07-27T17:28:30Z,F346E7F692C196A7,14.23,queries/Functions/09-09_datetime/extract_epoch.sql,measured,2,2,5,2,0.031,2900.231,1,1,11997996,11997996,11998031,383935872,0,0,lineitem,6016,218904,0,0,0,0,0
2026-07-27T17:28:30Z,F346E7F692C196A7,14.23,queries/Functions/09-09_datetime/extract_epoch.sql,measured,2,3,5,2,0.030,2895.781,1,1,11997996,11997996,11998031,383935872,0,0,lineitem,6048,218872,0,0,0,0,0
2026-07-27T17:28:30Z,F346E7F692C196A7,14.23,queries/Functions/09-09_datetime/extract_epoch.sql,measured,2,4,5,2,0.030,2891.893,1,1,11997996,11997996,11998031,383935872,0,0,lineitem,6080,218840,0,0,0,0,0
2026-07-27T17:28:30Z,F346E7F692C196A7,14.23,queries/Functions/09-09_datetime/extract_epoch.sql,measured,2,5,5,2,0.030,2897.838,1,1,11997996,11997996,11998031,383935872,0,0,lineitem,6112,218808,0,0,0,0,0
2026-07-27T17:28:32Z,F346E7F692C196A7,14.23,queries/Functions/09-09_datetime/extract_month.sql,warmup,1,1,1,2,0.186,2795.359,1,1,11997996,11997996,11998031,383935872,0,0,lineitem,6144,218776,0,0,0,0,0
2026-07-27T17:28:35Z,F346E7F692C196A7,14.23,queries/Functions/09-09_datetime/extract_month.sql,warmup,2,1,1,2,0.178,2793.121,1,1,11997996,11997996,11998031,383935872,0,0,lineitem,6176,218744,0,0,0,0,0
2026-07-27T17:28:49Z,F346E7F692C196A7,14.23,queries/Functions/09-09_datetime/extract_month.sql,measured,1,1,5,2,0.171,2797.859,1,1,11997996,11997996,11998031,383935872,0,0,lineitem,6208,218712,0,0,0,0,0
2026-07-27T17:28:49Z,F346E7F692C196A7,14.23,queries/Functions/09-09_datetime/extract_month.sql,measured,1,2,5,2,0.047,2771.621,1,1,11997996,11997996,11998031,383935872,0,0,lineitem,6240,218680,0,0,0,0,0
2026-07-27T17:28:49Z,F346E7F692C196A7,14.23,queries/Functions/09-09_datetime/extract_month.sql,measured,1,3,5,2,0.037,2773.521,1,1,11997996,11997996,11998031,383935872,0,0,lineitem,6272,218648,0,0,0,0,0
2026-07-27T17:28:49Z,F346E7F692C196A7,14.23,queries/Functions/09-09_datetime/extract_month.sql,measured,1,4,5,2,0.030,2769.148,1,1,11997996,11997996,11998031,383935872,0,0,lineitem,6304,218616,0,0,0,0,0
2026-07-27T17:28:49Z,F346E7F692C196A7,14.23,queries/Functions/09-09_datetime/extract_month.sql,measured,1,5,5,2,0.030,2772.741,1,1,11997996,11997996,11998031,383935872,0,0,lineitem,6336,218584,0,0,0,0,0
2026-07-27T17:29:03Z,F346E7F692C196A7,14.23,queries/Functions/09-09_datetime/extract_month.sql,measured,2,1,5,2,0.189,2797.577,1,1,11997996,11997996,11998031,383935872,0,0,lineitem,6368,218552,0,0,0,0,0
2026-07-27T17:29:03Z,F346E7F692C196A7,14.23,queries/Functions/09-09_datetime/extract_month.sql,measured,2,2,5,2,0.030,2773.690,1,1,11997996,11997996,11998031,383935872,0,0,lineitem,6400,218520,0,0,0,0,0
2026-07-27T17:29:03Z,F346E7F692C196A7,14.23,queries/Functions/09-09_datetime/extract_month.sql,measured,2,3,5,2,0.048,2773.215,1,1,11997996,11997996,11998031,383935872,0,0,lineitem,6432,218488,0,0,0,0,0
2026-07-27T17:29:03Z,F346E7F692C196A7,14.23,queries/Functions/09-09_datetime/extract_month.sql,measured,2,4,5,2,0.030,2772.700,1,1,11997996,11997996,11998031,383935872,0,0,lineitem,6464,218456,0,0,0,0,0
2026-07-27T17:29:03Z,F346E7F692C196A7,14.23,queries/Functions/09-09_datetime/extract_month.sql,measured,2,5,5,2,0.029,2775.086,1,1,11997996,11997996,11998031,383935872,0,0,lineitem,6496,218424,0,0,0,0,0
2026-07-27T17:29:06Z,F346E7F692C196A7,14.23,queries/Functions/09-09_datetime/extract_quarter.sql,warmup,1,1,1,2,0.180,2846.363,1,1,11997996,11997996,11998031,383935872,0,0,lineitem,6528,218392,0,0,0,0,0
2026-07-27T17:29:09Z,F346E7F692C196A7,14.23,queries/Functions/09-09_datetime/extract_quarter.sql,warmup,2,1,1,2,0.176,2851.235,1,1,11997996,11997996,11998031,383935872,0,0,lineitem,6560,218360,0,0,0,0,0
2026-07-27T17:29:23Z,F346E7F692C196A7,14.23,queries/Functions/09-09_datetime/extract_quarter.sql,measured,1,1,5,2,0.181,2858.306,1,1,11997996,11997996,11998031,383935872,0,0,lineitem,6592,218328,0,0,0,0,0
2026-07-27T17:29:23Z,F346E7F692C196A7,14.23,queries/Functions/09-09_datetime/extract_quarter.sql,measured,1,2,5,2,0.030,2834.310,1,1,11997996,11997996,11998031,383935872,0,0,lineitem,6624,218296,0,0,0,0,0
2026-07-27T17:29:23Z,F346E7F692C196A7,14.23,queries/Functions/09-09_datetime/extract_quarter.sql,measured,1,3,5,2,0.030,2847.891,1,1,11997996,11997996,11998031,383935872,0,0,lineitem,6656,218264,0,0,0,0,0
2026-07-27T17:29:23Z,F346E7F692C196A7,14.23,queries/Functions/09-09_datetime/extract_quarter.sql,measured,1,4,5,2,0.030,2833.820,1,1,11997996,11997996,11998031,383935872,0,0,lineitem,6688,218232,0,0,0,0,0
2026-07-27T17:29:23Z,F346E7F692C196A7,14.23,queries/Functions/09-09_datetime/extract_quarter.sql,measured,1,5,5,2,0.030,2823.120,1,1,11997996,11997996,11998031,383935872,0,0,lineitem,6720,218200,0,0,0,0,0
2026-07-27T17:29:38Z,F346E7F692C196A7,14.23,queries/Functions/09-09_datetime/extract_quarter.sql,measured,2,1,5,2,0.170,2844.302,1,1,11997996,11997996,11998031,383935872,0,0,lineitem,6752,218168,0,0,0,0,0
2026-07-27T17:29:38Z,F346E7F692C196A7,14.23,queries/Functions/09-09_datetime/extract_quarter.sql,measured,2,2,5,2,0.031,2823.801,1,1,11997996,11997996,11998031,383935872,0,0,lineitem,6784,218136,0,0,0,0,0
2026-07-27T17:29:38Z,F346E7F692C196A7,14.23,queries/Functions/09-09_datetime/extract_quarter.sql,measured,2,3,5,2,0.030,2822.014,1,1,11997996,11997996,11998031,383935872,0,0,lineitem,6816,218104,0,0,0,0,0
2026-07-27T17:29:38Z,F346E7F692C196A7,14.23,queries/Functions/09-09_datetime/extract_quarter.sql,measured,2,4,5,2,0.030,2824.320,1,1,11997996,11997996,11998031,383935872,0,0,lineitem,6848,218072,0,0,0,0,0
2026-07-27T17:29:38Z,F346E7F692C196A7,14.23,queries/Functions/09-09_datetime/extract_quarter.sql,measured,2,5,5,2,0.030,2825.425,1,1,11997996,11997996,11998031,383935872,0,0,lineitem,6880,218040,0,0,0,0,0
2026-07-27T17:29:41Z,F346E7F692C196A7,14.23,queries/Functions/09-09_datetime/extract_week.sql,warmup,1,1,1,2,0.171,2940.815,1,1,11997996,11997996,11998031,383935872,0,0,lineitem,6912,218008,0,0,0,0,0
2026-07-27T17:29:44Z,F346E7F692C196A7,14.23,queries/Functions/09-09_datetime/extract_week.sql,warmup,2,1,1,2,0.185,2943.102,1,1,11997996,11997996,11998031,383935872,0,0,lineitem,6944,217976,0,0,0,0,0
2026-07-27T17:29:58Z,F346E7F692C196A7,14.23,queries/Functions/09-09_datetime/extract_week.sql,measured,1,1,5,2,0.169,2943.605,1,1,11997996,11997996,11998031,383935872,0,0,lineitem,6976,217944,0,0,0,0,0
2026-07-27T17:29:58Z,F346E7F692C196A7,14.23,queries/Functions/09-09_datetime/extract_week.sql,measured,1,2,5,2,0.030,2919.249,1,1,11997996,11997996,11998031,383935872,0,0,lineitem,7008,217912,0,0,0,0,0
2026-07-27T17:29:58Z,F346E7F692C196A7,14.23,queries/Functions/09-09_datetime/extract_week.sql,measured,1,3,5,2,0.030,2925.055,1,1,11997996,11997996,11998031,383935872,0,0,lineitem,7040,217880,0,0,0,0,0
2026-07-27T17:29:58Z,F346E7F692C196A7,14.23,queries/Functions/09-09_datetime/extract_week.sql,measured,1,4,5,2,0.029,2918.871,1,1,11997996,11997996,11998031,383935872,0,0,lineitem,7072,217848,0,0,0,0,0
2026-07-27T17:29:58Z,F346E7F692C196A7,14.23,queries/Functions/09-09_datetime/extract_week.sql,measured,1,5,5,2,0.030,2919.035,1,1,11997996,11997996,11998031,383935872,0,0,lineitem,7104,217816,0,0,0,0,0
2026-07-27T17:30:13Z,F346E7F692C196A7,14.23,queries/Functions/09-09_datetime/extract_week.sql,measured,2,1,5,2,0.171,2935.281,1,1,11997996,11997996,11998031,383935872,0,0,lineitem,7136,217784,0,0,0,0,0
2026-07-27T17:30:13Z,F346E7F692C196A7,14.23,queries/Functions/09-09_datetime/extract_week.sql,measured,2,2,5,2,0.031,2923.385,1,1,11997996,11997996,11998031,383935872,0,0,lineitem,7168,217752,0,0,0,0,0
2026-07-27T17:30:13Z,F346E7F692C196A7,14.23,queries/Functions/09-09_datetime/extract_week.sql,measured,2,3,5,2,0.030,2917.287,1,1,11997996,11997996,11998031,383935872,0,0,lineitem,7200,217720,0,0,0,0,0
2026-07-27T17:30:13Z,F346E7F692C196A7,14.23,queries/Functions/09-09_datetime/extract_week.sql,measured,2,4,5,2,0.030,2908.170,1,1,11997996,11997996,11998031,383935872,0,0,lineitem,7232,217688,0,0,0,0,0
2026-07-27T17:30:13Z,F346E7F692C196A7,14.23,queries/Functions/09-09_datetime/extract_week.sql,measured,2,5,5,2,0.030,2926.580,1,1,11997996,11997996,11998031,383935872,0,0,lineitem,7264,217656,0,0,0,0,0
2026-07-27T17:30:16Z,F346E7F692C196A7,14.23,queries/Functions/09-09_datetime/extract_year.sql,warmup,1,1,1,2,0.170,2801.001,1,1,11997996,11997996,11998031,383935872,0,0,lineitem,7296,217624,0,0,0,0,0
2026-07-27T17:30:19Z,F346E7F692C196A7,14.23,queries/Functions/09-09_datetime/extract_year.sql,warmup,2,1,1,2,0.187,2810.492,1,1,11997996,11997996,11998031,383935872,0,0,lineitem,7328,217592,0,0,0,0,0
2026-07-27T17:30:33Z,F346E7F692C196A7,14.23,queries/Functions/09-09_datetime/extract_year.sql,measured,1,1,5,2,0.176,2799.000,1,1,11997996,11997996,11998031,383935872,0,0,lineitem,7360,217560,0,0,0,0,0
2026-07-27T17:30:33Z,F346E7F692C196A7,14.23,queries/Functions/09-09_datetime/extract_year.sql,measured,1,2,5,2,0.030,2783.631,1,1,11997996,11997996,11998031,383935872,0,0,lineitem,7392,217528,0,0,0,0,0
2026-07-27T17:30:33Z,F346E7F692C196A7,14.23,queries/Functions/09-09_datetime/extract_year.sql,measured,1,3,5,2,0.030,2775.157,1,1,11997996,11997996,11998031,383935872,0,0,lineitem,7424,217496,0,0,0,0,0
2026-07-27T17:30:33Z,F346E7F692C196A7,14.23,queries/Functions/09-09_datetime/extract_year.sql,measured,1,4,5,2,0.029,2778.789,1,1,11997996,11997996,11998031,383935872,0,0,lineitem,7456,217464,0,0,0,0,0
2026-07-27T17:30:33Z,F346E7F692C196A7,14.23,queries/Functions/09-09_datetime/extract_year.sql,measured,1,5,5,2,0.030,2776.254,1,1,11997996,11997996,11998031,383935872,0,0,lineitem,7488,217432,0,0,0,0,0
2026-07-27T17:30:47Z,F346E7F692C196A7,14.23,queries/Functions/09-09_datetime/extract_year.sql,measured,2,1,5,2,0.172,2806.207,1,1,11997996,11997996,11998031,383935872,0,0,lineitem,7520,217400,0,0,0,0,0
2026-07-27T17:30:47Z,F346E7F692C196A7,14.23,queries/Functions/09-09_datetime/extract_year.sql,measured,2,2,5,2,0.037,2780.778,1,1,11997996,11997996,11998031,383935872,0,0,lineitem,7552,217368,0,0,0,0,0
2026-07-27T17:30:47Z,F346E7F692C196A7,14.23,queries/Functions/09-09_datetime/extract_year.sql,measured,2,3,5,2,0.032,2771.350,1,1,11997996,11997996,11998031,383935872,0,0,lineitem,7584,217336,0,0,0,0,0
2026-07-27T17:30:47Z,F346E7F692C196A7,14.23,queries/Functions/09-09_datetime/extract_year.sql,measured,2,4,5,2,0.031,2779.930,1,1,11997996,11997996,11998031,383935872,0,0,lineitem,7616,217304,0,0,0,0,0
2026-07-27T17:30:47Z,F346E7F692C196A7,14.23,queries/Functions/09-09_datetime/extract_year.sql,measured,2,5,5,2,0.031,2777.401,1,1,11997996,11997996,11998031,383935872,0,0,lineitem,7648,217272,0,0,0,0,0
2026-07-27T17:30:49Z,F346E7F692C196A7,14.23,queries/Functions/09-09_datetime/isfinite.sql,warmup,1,1,1,2,0.178,1783.540,1,1,11997996,11997996,11998031,11997996,0,0,lineitem,7680,217240,0,0,0,0,0
2026-07-27T17:30:51Z,F346E7F692C196A7,14.23,queries/Functions/09-09_datetime/isfinite.sql,warmup,2,1,1,2,0.161,1786.347,1,1,11997996,11997996,11998031,11997996,0,0,lineitem,7712,217208,0,0,0,0,0
2026-07-27T17:31:00Z,F346E7F692C196A7,14.23,queries/Functions/09-09_datetime/isfinite.sql,measured,1,1,5,2,0.164,1784.319,1,1,11997996,11997996,11998031,11997996,0,0,lineitem,7744,217176,0,0,0,0,0
2026-07-27T17:31:00Z,F346E7F692C196A7,14.23,queries/Functions/09-09_datetime/isfinite.sql,measured,1,2,5,2,0.029,1759.368,1,1,11997996,11997996,11998031,11997996,0,0,lineitem,7776,217144,0,0,0,0,0
2026-07-27T17:31:00Z,F346E7F692C196A7,14.23,queries/Functions/09-09_datetime/isfinite.sql,measured,1,3,5,2,0.047,1754.356,1,1,11997996,11997996,11998031,11997996,0,0,lineitem,7808,217112,0,0,0,0,0
2026-07-27T17:31:00Z,F346E7F692C196A7,14.23,queries/Functions/09-09_datetime/isfinite.sql,measured,1,4,5,2,0.029,1764.889,1,1,11997996,11997996,11998031,11997996,0,0,lineitem,7840,217080,0,0,0,0,0
2026-07-27T17:31:00Z,F346E7F692C196A7,14.23,queries/Functions/09-09_datetime/isfinite.sql,measured,1,5,5,2,0.029,1765.944,1,1,11997996,11997996,11998031,11997996,0,0,lineitem,7872,217048,0,0,0,0,0
2026-07-27T17:31:09Z,F346E7F692C196A7,14.23,queries/Functions/09-09_datetime/isfinite.sql,measured,2,1,5,2,0.162,1786.584,1,1,11997996,11997996,11998031,11997996,0,0,lineitem,7904,217016,0,0,0,0,0
2026-07-27T17:31:09Z,F346E7F692C196A7,14.23,queries/Functions/09-09_datetime/isfinite.sql,measured,2,2,5,2,0.030,1758.839,1,1,11997996,11997996,11998031,11997996,0,0,lineitem,7936,216984,0,0,0,0,0
2026-07-27T17:31:09Z,F346E7F692C196A7,14.23,queries/Functions/09-09_datetime/isfinite.sql,measured,2,3,5,2,0.029,1753.845,1,1,11997996,11997996,11998031,11997996,0,0,lineitem,7968,216952,0,0,0,0,0
2026-07-27T17:31:09Z,F346E7F692C196A7,14.23,queries/Functions/09-09_datetime/isfinite.sql,measured,2,4,5,2,0.029,1764.599,1,1,11997996,11997996,11998031,11997996,0,0,lineitem,8000,216920,0,0,0,0,0
2026-07-27T17:31:09Z,F346E7F692C196A7,14.23,queries/Functions/09-09_datetime/isfinite.sql,measured,2,5,5,2,0.029,1754.075,1,1,11997996,11997996,11998031,11997996,0,0,lineitem,8032,216888,0,0,0,0,0
2026-07-27T17:31:13Z,F346E7F692C196A7,14.23,queries/Functions/09-09_datetime/justify_days.sql,warmup,1,1,1,2,0.170,4476.133,1,1,11997996,11997996,11998031,191967936,0,0,lineitem,8064,216856,0,0,0,0,0
2026-07-27T17:31:18Z,F346E7F692C196A7,14.23,queries/Functions/09-09_datetime/justify_days.sql,warmup,2,1,1,2,0.173,4491.674,1,1,11997996,11997996,11998031,191967936,0,0,lineitem,8096,216824,0,0,0,0,0
2026-07-27T17:31:40Z,F346E7F692C196A7,14.23,queries/Functions/09-09_datetime/justify_days.sql,measured,1,1,5,2,0.173,4478.872,1,1,11997996,11997996,11998031,191967936,0,0,lineitem,8128,216792,0,0,0,0,0
2026-07-27T17:31:40Z,F346E7F692C196A7,14.23,queries/Functions/09-09_datetime/justify_days.sql,measured,1,2,5,2,0.031,4460.036,1,1,11997996,11997996,11998031,191967936,0,0,lineitem,8160,216760,0,0,0,0,0
2026-07-27T17:31:40Z,F346E7F692C196A7,14.23,queries/Functions/09-09_datetime/justify_days.sql,measured,1,3,5,2,0.038,4452.312,1,1,11997996,11997996,11998031,191967936,0,0,lineitem,8192,216728,0,0,0,0,0
2026-07-27T17:31:40Z,F346E7F692C196A7,14.23,queries/Functions/09-09_datetime/justify_days.sql,measured,1,4,5,2,0.031,4462.670,1,1,11997996,11997996,11998031,191967936,0,0,lineitem,8224,216696,0,0,0,0,0
2026-07-27T17:31:40Z,F346E7F692C196A7,14.23,queries/Functions/09-09_datetime/justify_days.sql,measured,1,5,5,2,0.032,4463.402,1,1,11997996,11997996,11998031,191967936,0,0,lineitem,8256,216664,0,0,0,0,0
2026-07-27T17:32:03Z,F346E7F692C196A7,14.23,queries/Functions/09-09_datetime/justify_days.sql,measured,2,1,5,2,0.171,4486.322,1,1,11997996,11997996,11998031,191967936,0,0,lineitem,8288,216632,0,0,0,0,0
2026-07-27T17:32:03Z,F346E7F692C196A7,14.23,queries/Functions/09-09_datetime/justify_days.sql,measured,2,2,5,2,0.031,4459.683,1,1,11997996,11997996,11998031,191967936,0,0,lineitem,8320,216600,0,0,0,0,0
2026-07-27T17:32:03Z,F346E7F692C196A7,14.23,queries/Functions/09-09_datetime/justify_days.sql,measured,2,3,5,2,0.030,4466.313,1,1,11997996,11997996,11998031,191967936,0,0,lineitem,8352,216568,0,0,0,0,0
2026-07-27T17:32:03Z,F346E7F692C196A7,14.23,queries/Functions/09-09_datetime/justify_days.sql,measured,2,4,5,2,0.032,4455.049,1,1,11997996,11997996,11998031,191967936,0,0,lineitem,8384,216536,0,0,0,0,0
2026-07-27T17:32:03Z,F346E7F692C196A7,14.23,queries/Functions/09-09_datetime/justify_days.sql,measured,2,5,5,2,0.031,4465.873,1,1,11997996,11997996,11998031,191967936,0,0,lineitem,8416,216504,0,0,0,0,0
2026-07-27T17:32:04Z,F346E7F692C196A7,14.23,queries/Functions/09-09_datetime/make_date.sql,warmup,1,1,1,2,0.197,1591.067,1,1,11997996,11997996,11998031,47991984,0,0,lineitem,8448,216472,0,0,0,0,0
2026-07-27T17:32:06Z,F346E7F692C196A7,14.23,queries/Functions/09-09_datetime/make_date.sql,warmup,2,1,1,2,0.197,1589.873,1,1,11997996,11997996,11998031,47991984,0,0,lineitem,8480,216440,0,0,0,0,0
2026-07-27T17:32:14Z,F346E7F692C196A7,14.23,queries/Functions/09-09_datetime/make_date.sql,measured,1,1,5,2,0.172,1596.099,1,1,11997996,11997996,11998031,47991984,0,0,lineitem,8512,216408,0,0,0,0,0
2026-07-27T17:32:14Z,F346E7F692C196A7,14.23,queries/Functions/09-09_datetime/make_date.sql,measured,1,2,5,2,0.031,1570.369,1,1,11997996,11997996,11998031,47991984,0,0,lineitem,8544,216376,0,0,0,0,0
2026-07-27T17:32:14Z,F346E7F692C196A7,14.23,queries/Functions/09-09_datetime/make_date.sql,measured,1,3,5,2,0.049,1569.043,1,1,11997996,11997996,11998031,47991984,0,0,lineitem,8576,216344,0,0,0,0,0
2026-07-27T17:32:14Z,F346E7F692C196A7,14.23,queries/Functions/09-09_datetime/make_date.sql,measured,1,4,5,2,0.031,1570.147,1,1,11997996,11997996,11998031,47991984,0,0,lineitem,8608,216312,0,0,0,0,0
2026-07-27T17:32:14Z,F346E7F692C196A7,14.23,queries/Functions/09-09_datetime/make_date.sql,measured,1,5,5,2,0.032,1570.748,1,1,11997996,11997996,11998031,47991984,0,0,lineitem,8640,216280,0,0,0,0,0
2026-07-27T17:32:22Z,F346E7F692C196A7,14.23,queries/Functions/09-09_datetime/make_date.sql,measured,2,1,5,2,0.184,1593.282,1,1,11997996,11997996,11998031,47991984,0,0,lineitem,8672,216248,0,0,0,0,0
2026-07-27T17:32:22Z,F346E7F692C196A7,14.23,queries/Functions/09-09_datetime/make_date.sql,measured,2,2,5,2,0.032,1574.740,1,1,11997996,11997996,11998031,47991984,0,0,lineitem,8704,216216,0,0,0,0,0
2026-07-27T17:32:22Z,F346E7F692C196A7,14.23,queries/Functions/09-09_datetime/make_date.sql,measured,2,3,5,2,0.030,1584.021,1,1,11997996,11997996,11998031,47991984,0,0,lineitem,8736,216184,0,0,0,0,0
2026-07-27T17:32:22Z,F346E7F692C196A7,14.23,queries/Functions/09-09_datetime/make_date.sql,measured,2,4,5,2,0.030,1564.545,1,1,11997996,11997996,11998031,47991984,0,0,lineitem,8768,216152,0,0,0,0,0
2026-07-27T17:32:22Z,F346E7F692C196A7,14.23,queries/Functions/09-09_datetime/make_date.sql,measured,2,5,5,2,0.031,1572.827,1,1,11997996,11997996,11998031,47991984,0,0,lineitem,8800,216120,0,0,0,0,0
2026-07-27T17:32:24Z,F346E7F692C196A7,14.23,queries/Functions/09-09_datetime/make_interval.sql,warmup,1,1,1,2,0.234,1635.533,1,1,11997996,11997996,11998031,191967936,0,0,lineitem,8832,216088,0,0,0,0,0
2026-07-27T17:32:25Z,F346E7F692C196A7,14.23,queries/Functions/09-09_datetime/make_interval.sql,warmup,2,1,1,2,0.229,1640.260,1,1,11997996,11997996,11998031,191967936,0,0,lineitem,8864,216056,0,0,0,0,0
2026-07-27T17:32:33Z,F346E7F692C196A7,14.23,queries/Functions/09-09_datetime/make_interval.sql,measured,1,1,5,2,0.208,1638.176,1,1,11997996,11997996,11998031,191967936,0,0,lineitem,8896,216024,0,0,0,0,0
2026-07-27T17:32:33Z,F346E7F692C196A7,14.23,queries/Functions/09-09_datetime/make_interval.sql,measured,1,2,5,2,0.042,1610.699,1,1,11997996,11997996,11998031,191967936,0,0,lineitem,8928,215992,0,0,0,0,0
2026-07-27T17:32:33Z,F346E7F692C196A7,14.23,queries/Functions/09-09_datetime/make_interval.sql,measured,1,3,5,2,0.042,1613.698,1,1,11997996,11997996,11998031,191967936,0,0,lineitem,8960,215960,0,0,0,0,0
2026-07-27T17:32:33Z,F346E7F692C196A7,14.23,queries/Functions/09-09_datetime/make_interval.sql,measured,1,4,5,2,0.042,1611.566,1,1,11997996,11997996,11998031,191967936,0,0,lineitem,8992,215928,0,0,0,0,0
2026-07-27T17:32:33Z,F346E7F692C196A7,14.23,queries/Functions/09-09_datetime/make_interval.sql,measured,1,5,5,2,0.041,1613.055,1,1,11997996,11997996,11998031,191967936,0,0,lineitem,9024,215896,0,0,0,0,0
2026-07-27T17:32:42Z,F346E7F692C196A7,14.23,queries/Functions/09-09_datetime/make_interval.sql,measured,2,1,5,2,0.225,1641.633,1,1,11997996,11997996,11998031,191967936,0,0,lineitem,9056,215864,0,0,0,0,0
2026-07-27T17:32:42Z,F346E7F692C196A7,14.23,queries/Functions/09-09_datetime/make_interval.sql,measured,2,2,5,2,0.041,1610.632,1,1,11997996,11997996,11998031,191967936,0,0,lineitem,9088,215832,0,0,0,0,0
2026-07-27T17:32:42Z,F346E7F692C196A7,14.23,queries/Functions/09-09_datetime/make_interval.sql,measured,2,3,5,2,0.042,1612.498,1,1,11997996,11997996,11998031,191967936,0,0,lineitem,9120,215800,0,0,0,0,0
2026-07-27T17:32:42Z,F346E7F692C196A7,14.23,queries/Functions/09-09_datetime/make_interval.sql,measured,2,4,5,2,0.041,1616.672,1,1,11997996,11997996,11998031,191967936,0,0,lineitem,9152,215768,0,0,0,0,0
2026-07-27T17:32:42Z,F346E7F692C196A7,14.23,queries/Functions/09-09_datetime/make_interval.sql,measured,2,5,5,2,0.041,1608.316,1,1,11997996,11997996,11998031,191967936,0,0,lineitem,9184,215736,0,0,0,0,0
2026-07-27T17:32:43Z,F346E7F692C196A7,14.23,queries/Functions/09-09_datetime/make_timestamp.sql,warmup,1,1,1,2,0.189,1751.625,1,1,11997996,11997996,11998031,95983968,0,0,lineitem,9216,215704,0,0,0,0,0
2026-07-27T17:32:45Z,F346E7F692C196A7,14.23,queries/Functions/09-09_datetime/make_timestamp.sql,warmup,2,1,1,2,0.186,1749.833,1,1,11997996,11997996,11998031,95983968,0,0,lineitem,9248,215672,0,0,0,0,0
2026-07-27T17:32:54Z,F346E7F692C196A7,14.23,queries/Functions/09-09_datetime/make_timestamp.sql,measured,1,1,5,2,0.192,1752.206,1,1,11997996,11997996,11998031,95983968,0,0,lineitem,9280,215640,0,0,0,0,0
2026-07-27T17:32:54Z,F346E7F692C196A7,14.23,queries/Functions/09-09_datetime/make_timestamp.sql,measured,1,2,5,2,0.035,1725.218,1,1,11997996,11997996,11998031,95983968,0,0,lineitem,9312,215608,0,0,0,0,0
2026-07-27T17:32:54Z,F346E7F692C196A7,14.23,queries/Functions/09-09_datetime/make_timestamp.sql,measured,1,3,5,2,0.035,1724.126,1,1,11997996,11997996,11998031,95983968,0,0,lineitem,9344,215576,0,0,0,0,0
2026-07-27T17:32:54Z,F346E7F692C196A7,14.23,queries/Functions/09-09_datetime/make_timestamp.sql,measured,1,4,5,2,0.034,1725.748,1,1,11997996,11997996,11998031,95983968,0,0,lineitem,9376,215544,0,0,0,0,0
2026-07-27T17:32:54Z,F346E7F692C196A7,14.23,queries/Functions/09-09_datetime/make_timestamp.sql,measured,1,5,5,2,0.035,1724.147,1,1,11997996,11997996,11998031,95983968,0,0,lineitem,9408,215512,0,0,0,0,0
2026-07-27T17:33:03Z,F346E7F692C196A7,14.23,queries/Functions/09-09_datetime/make_timestamp.sql,measured,2,1,5,2,0.186,1755.557,1,1,11997996,11997996,11998031,95983968,0,0,lineitem,9440,215480,0,0,0,0,0
2026-07-27T17:33:03Z,F346E7F692C196A7,14.23,queries/Functions/09-09_datetime/make_timestamp.sql,measured,2,2,5,2,0.035,1730.028,1,1,11997996,11997996,11998031,95983968,0,0,lineitem,9472,215448,0,0,0,0,0
2026-07-27T17:33:03Z,F346E7F692C196A7,14.23,queries/Functions/09-09_datetime/make_timestamp.sql,measured,2,3,5,2,0.035,1726.342,1,1,11997996,11997996,11998031,95983968,0,0,lineitem,9504,215416,0,0,0,0,0
2026-07-27T17:33:03Z,F346E7F692C196A7,14.23,queries/Functions/09-09_datetime/make_timestamp.sql,measured,2,4,5,2,0.034,1733.004,1,1,11997996,11997996,11998031,95983968,0,0,lineitem,9536,215384,0,0,0,0,0
2026-07-27T17:33:03Z,F346E7F692C196A7,14.23,queries/Functions/09-09_datetime/make_timestamp.sql,measured,2,5,5,2,0.035,1733.325,1,1,11997996,11997996,11998031,95983968,0,0,lineitem,9568,215352,0,0,0,0,0
2026-07-27T17:33:06Z,F346E7F692C196A7,14.23,queries/Functions/09-09_datetime/overlaps.sql,warmup,1,1,1,2,0.173,3312.834,1,1,11997996,11997996,11998031,11997996,0,0,lineitem,9600,215320,0,0,0,0,0
2026-07-27T17:33:10Z,F346E7F692C196A7,14.23,queries/Functions/09-09_datetime/overlaps.sql,warmup,2,1,1,2,0.191,3317.875,1,1,11997996,11997996,11998031,11997996,0,0,lineitem,9632,215288,0,0,0,0,0
2026-07-27T17:33:26Z,F346E7F692C196A7,14.23,queries/Functions/09-09_datetime/overlaps.sql,measured,1,1,5,2,0.169,3305.656,1,1,11997996,11997996,11998031,11997996,0,0,lineitem,9664,215256,0,0,0,0,0
2026-07-27T17:33:26Z,F346E7F692C196A7,14.23,queries/Functions/09-09_datetime/overlaps.sql,measured,1,2,5,2,0.031,3284.823,1,1,11997996,11997996,11998031,11997996,0,0,lineitem,9696,215224,0,0,0,0,0
2026-07-27T17:33:26Z,F346E7F692C196A7,14.23,queries/Functions/09-09_datetime/overlaps.sql,measured,1,3,5,2,0.031,3284.512,1,1,11997996,11997996,11998031,11997996,0,0,lineitem,9728,215192,0,0,0,0,0
2026-07-27T17:33:26Z,F346E7F692C196A7,14.23,queries/Functions/09-09_datetime/overlaps.sql,measured,1,4,5,2,0.031,3285.514,1,1,11997996,11997996,11998031,11997996,0,0,lineitem,9760,215160,0,0,0,0,0
2026-07-27T17:33:26Z,F346E7F692C196A7,14.23,queries/Functions/09-09_datetime/overlaps.sql,measured,1,5,5,2,0.031,3282.432,1,1,11997996,11997996,11998031,11997996,0,0,lineitem,9792,215128,0,0,0,0,0
2026-07-27T17:33:43Z,F346E7F692C196A7,14.23,queries/Functions/09-09_datetime/overlaps.sql,measured,2,1,5,2,0.181,3318.231,1,1,11997996,11997996,11998031,11997996,0,0,lineitem,9824,215096,0,0,0,0,0
2026-07-27T17:33:43Z,F346E7F692C196A7,14.23,queries/Functions/09-09_datetime/overlaps.sql,measured,2,2,5,2,0.034,3283.562,1,1,11997996,11997996,11998031,11997996,0,0,lineitem,9856,215064,0,0,0,0,0
2026-07-27T17:33:43Z,F346E7F692C196A7,14.23,queries/Functions/09-09_datetime/overlaps.sql,measured,2,3,5,2,0.031,3283.809,1,1,11997996,11997996,11998031,11997996,0,0,lineitem,9888,215032,0,0,0,0,0
2026-07-27T17:33:43Z,F346E7F692C196A7,14.23,queries/Functions/09-09_datetime/overlaps.sql,measured,2,4,5,2,0.031,3292.208,1,1,11997996,11997996,11998031,11997996,0,0,lineitem,9920,215000,0,0,0,0,0
2026-07-27T17:33:43Z,F346E7F692C196A7,14.23,queries/Functions/09-09_datetime/overlaps.sql,measured,2,5,5,2,0.030,3287.738,1,1,11997996,11997996,11998031,11997996,0,0,lineitem,9952,214968,0,0,0,0,0
2026-07-27T17:33:47Z,F346E7F692C196A7,14.23,queries/Functions/09-11_geometric/box_area.sql,warmup,1,1,1,2,0.209,4722.334,1,1,11997996,11997996,11998031,95983968,0,0,lineitem,9984,214936,0,0,0,0,0
2026-07-27T17:33:52Z,F346E7F692C196A7,14.23,queries/Functions/09-11_geometric/box_area.sql,warmup,2,1,1,2,0.201,4657.448,1,1,11997996,11997996,11998031,95983968,0,0,lineitem,10016,214904,0,0,0,0,0
2026-07-27T17:34:16Z,F346E7F692C196A7,14.23,queries/Functions/09-11_geometric/box_area.sql,measured,1,1,5,2,0.202,4722.044,1,1,11997996,11997996,11998031,95983968,0,0,lineitem,10048,214872,0,0,0,0,0
2026-07-27T17:34:16Z,F346E7F692C196A7,14.23,queries/Functions/09-11_geometric/box_area.sql,measured,1,2,5,2,0.038,4601.484,1,1,11997996,11997996,11998031,95983968,0,0,lineitem,10080,214840,0,0,0,0,0
2026-07-27T17:34:16Z,F346E7F692C196A7,14.23,queries/Functions/09-11_geometric/box_area.sql,measured,1,3,5,2,0.055,4701.546,1,1,11997996,11997996,11998031,95983968,0,0,lineitem,10112,214808,0,0,0,0,0
2026-07-27T17:34:16Z,F346E7F692C196A7,14.23,queries/Functions/09-11_geometric/box_area.sql,measured,1,4,5,2,0.038,4635.637,1,1,11997996,11997996,11998031,95983968,0,0,lineitem,10144,214776,0,0,0,0,0
2026-07-27T17:34:16Z,F346E7F692C196A7,14.23,queries/Functions/09-11_geometric/box_area.sql,measured,1,5,5,2,0.038,4645.171,1,1,11997996,11997996,11998031,95983968,0,0,lineitem,10176,214744,0,0,0,0,0
2026-07-27T17:34:39Z,F346E7F692C196A7,14.23,queries/Functions/09-11_geometric/box_area.sql,measured,2,1,5,2,0.213,4698.696,1,1,11997996,11997996,11998031,95983968,0,0,lineitem,10208,214712,0,0,0,0,0
2026-07-27T17:34:39Z,F346E7F692C196A7,14.23,queries/Functions/09-11_geometric/box_area.sql,measured,2,2,5,2,0.038,4554.914,1,1,11997996,11997996,11998031,95983968,0,0,lineitem,10240,214680,0,0,0,0,0
2026-07-27T17:34:39Z,F346E7F692C196A7,14.23,queries/Functions/09-11_geometric/box_area.sql,measured,2,3,5,2,0.038,4602.429,1,1,11997996,11997996,11998031,95983968,0,0,lineitem,10272,214648,0,0,0,0,0
2026-07-27T17:34:39Z,F346E7F692C196A7,14.23,queries/Functions/09-11_geometric/box_area.sql,measured,2,4,5,2,0.039,4580.534,1,1,11997996,11997996,11998031,95983968,0,0,lineitem,10304,214616,0,0,0,0,0
2026-07-27T17:34:39Z,F346E7F692C196A7,14.23,queries/Functions/09-11_geometric/box_area.sql,measured,2,5,5,2,0.049,4701.906,1,1,11997996,11997996,11998031,95983968,0,0,lineitem,10336,214584,0,0,0,0,0
2026-07-27T17:34:44Z,F346E7F692C196A7,14.23,queries/Functions/09-11_geometric/box_center.sql,warmup,1,1,1,2,0.214,4830.540,1,1,11997996,11997996,11998031,191967936,0,0,lineitem,10368,214552,0,0,0,0,0
2026-07-27T17:34:48Z,F346E7F692C196A7,14.23,queries/Functions/09-11_geometric/box_center.sql,warmup,2,1,1,2,0.204,4710.639,1,1,11997996,11997996,11998031,191967936,0,0,lineitem,10400,214520,0,0,0,0,0
2026-07-27T17:35:12Z,F346E7F692C196A7,14.23,queries/Functions/09-11_geometric/box_center.sql,measured,1,1,5,2,0.203,4768.885,1,1,11997996,11997996,11998031,191967936,0,0,lineitem,10432,214488,0,0,0,0,0
2026-07-27T17:35:12Z,F346E7F692C196A7,14.23,queries/Functions/09-11_geometric/box_center.sql,measured,1,2,5,2,0.039,4710.593,1,1,11997996,11997996,11998031,191967936,0,0,lineitem,10464,214456,0,0,0,0,0
2026-07-27T17:35:12Z,F346E7F692C196A7,14.23,queries/Functions/09-11_geometric/box_center.sql,measured,1,3,5,2,0.056,4833.759,1,1,11997996,11997996,11998031,191967936,0,0,lineitem,10496,214424,0,0,0,0,0
2026-07-27T17:35:12Z,F346E7F692C196A7,14.23,queries/Functions/09-11_geometric/box_center.sql,measured,1,4,5,2,0.049,4782.044,1,1,11997996,11997996,11998031,191967936,0,0,lineitem,10528,214392,0,0,0,0,0
2026-07-27T17:35:12Z,F346E7F692C196A7,14.23,queries/Functions/09-11_geometric/box_center.sql,measured,1,5,5,2,0.038,4761.953,1,1,11997996,11997996,11998031,191967936,0,0,lineitem,10560,214360,0,0,0,0,0
2026-07-27T17:35:36Z,F346E7F692C196A7,14.23,queries/Functions/09-11_geometric/box_center.sql,measured,2,1,5,2,0.209,4794.966,1,1,11997996,11997996,11998031,191967936,0,0,lineitem,10592,214328,0,0,0,0,0
2026-07-27T17:35:36Z,F346E7F692C196A7,14.23,queries/Functions/09-11_geometric/box_center.sql,measured,2,2,5,2,0.038,4705.540,1,1,11997996,11997996,11998031,191967936,0,0,lineitem,10624,214296,0,0,0,0,0
2026-07-27T17:35:36Z,F346E7F692C196A7,14.23,queries/Functions/09-11_geometric/box_center.sql,measured,2,3,5,2,0.037,4697.324,1,1,11997996,11997996,11998031,191967936,0,0,lineitem,10656,214264,0,0,0,0,0
2026-07-27T17:35:36Z,F346E7F692C196A7,14.23,queries/Functions/09-11_geometric/box_center.sql,measured,2,4,5,2,0.055,4655.103,1,1,11997996,11997996,11998031,191967936,0,0,lineitem,10688,214232,0,0,0,0,0
2026-07-27T17:35:36Z,F346E7F692C196A7,14.23,queries/Functions/09-11_geometric/box_center.sql,measured,2,5,5,2,0.039,4744.777,1,1,11997996,11997996,11998031,191967936,0,0,lineitem,10720,214200,0,0,0,0,0
2026-07-27T17:35:41Z,F346E7F692C196A7,14.23,queries/Functions/09-11_geometric/box_contains_point.sql,warmup,1,1,1,2,0.221,4705.200,1,1,11997996,11997996,11998031,11997996,0,0,lineitem,10752,214168,0,0,0,0,0
2026-07-27T17:35:46Z,F346E7F692C196A7,14.23,queries/Functions/09-11_geometric/box_contains_point.sql,warmup,2,1,1,2,0.207,4617.273,1,1,11997996,11997996,11998031,11997996,0,0,lineitem,10784,214136,0,0,0,0,0
2026-07-27T17:36:09Z,F346E7F692C196A7,14.23,queries/Functions/09-11_geometric/box_contains_point.sql,measured,1,1,5,2,0.205,4726.823,1,1,11997996,11997996,11998031,11997996,0,0,lineitem,10816,214104,0,0,0,0,0
2026-07-27T17:36:09Z,F346E7F692C196A7,14.23,queries/Functions/09-11_geometric/box_contains_point.sql,measured,1,2,5,2,0.060,4567.796,1,1,11997996,11997996,11998031,11997996,0,0,lineitem,10848,214072,0,0,0,0,0
2026-07-27T17:36:09Z,F346E7F692C196A7,14.23,queries/Functions/09-11_geometric/box_contains_point.sql,measured,1,3,5,2,0.047,4605.939,1,1,11997996,11997996,11998031,11997996,0,0,lineitem,10880,214040,0,0,0,0,0
2026-07-27T17:36:09Z,F346E7F692C196A7,14.23,queries/Functions/09-11_geometric/box_contains_point.sql,measured,1,4,5,2,0.060,4676.359,1,1,11997996,11997996,11998031,11997996,0,0,lineitem,10912,214008,0,0,0,0,0
2026-07-27T17:36:09Z,F346E7F692C196A7,14.23,queries/Functions/09-11_geometric/box_contains_point.sql,measured,1,5,5,2,0.041,4675.846,1,1,11997996,11997996,11998031,11997996,0,0,lineitem,10944,213976,0,0,0,0,0
2026-07-27T17:36:32Z,F346E7F692C196A7,14.23,queries/Functions/09-11_geometric/box_contains_point.sql,measured,2,1,5,2,0.220,4709.866,1,1,11997996,11997996,11998031,11997996,0,0,lineitem,10976,213944,0,0,0,0,0
2026-07-27T17:36:32Z,F346E7F692C196A7,14.23,queries/Functions/09-11_geometric/box_contains_point.sql,measured,2,2,5,2,0.054,4583.663,1,1,11997996,11997996,11998031,11997996,0,0,lineitem,11008,213912,0,0,0,0,0
2026-07-27T17:36:32Z,F346E7F692C196A7,14.23,queries/Functions/09-11_geometric/box_contains_point.sql,measured,2,3,5,2,0.042,4623.411,1,1,11997996,11997996,11998031,11997996,0,0,lineitem,11040,213880,0,0,0,0,0
2026-07-27T17:36:32Z,F346E7F692C196A7,14.23,queries/Functions/09-11_geometric/box_contains_point.sql,measured,2,4,5,2,0.042,4632.029,1,1,11997996,11997996,11998031,11997996,0,0,lineitem,11072,213848,0,0,0,0,0
2026-07-27T17:36:32Z,F346E7F692C196A7,14.23,queries/Functions/09-11_geometric/box_contains_point.sql,measured,2,5,5,2,0.041,4649.925,1,1,11997996,11997996,11998031,11997996,0,0,lineitem,11104,213816,0,0,0,0,0
2026-07-27T17:36:37Z,F346E7F692C196A7,14.23,queries/Functions/09-11_geometric/box_make.sql,warmup,1,1,1,2,0.203,4628.165,1,1,11997996,11997996,11998031,383935872,0,0,lineitem,11136,213784,0,0,0,0,0
2026-07-27T17:36:42Z,F346E7F692C196A7,14.23,queries/Functions/09-11_geometric/box_make.sql,warmup,2,1,1,2,0.216,4613.500,1,1,11997996,11997996,11998031,383935872,0,0,lineitem,11168,213752,0,0,0,0,0
2026-07-27T17:37:05Z,F346E7F692C196A7,14.23,queries/Functions/09-11_geometric/box_make.sql,measured,1,1,5,2,0.201,4666.840,1,1,11997996,11997996,11998031,383935872,0,0,lineitem,11200,213720,0,0,0,0,0
2026-07-27T17:37:05Z,F346E7F692C196A7,14.23,queries/Functions/09-11_geometric/box_make.sql,measured,1,2,5,2,0.038,4597.853,1,1,11997996,11997996,11998031,383935872,0,0,lineitem,11232,213688,0,0,0,0,0
2026-07-27T17:37:05Z,F346E7F692C196A7,14.23,queries/Functions/09-11_geometric/box_make.sql,measured,1,3,5,2,0.055,4541.991,1,1,11997996,11997996,11998031,383935872,0,0,lineitem,11264,213656,0,0,0,0,0
2026-07-27T17:37:05Z,F346E7F692C196A7,14.23,queries/Functions/09-11_geometric/box_make.sql,measured,1,4,5,2,0.038,4607.028,1,1,11997996,11997996,11998031,383935872,0,0,lineitem,11296,213624,0,0,0,0,0
2026-07-27T17:37:05Z,F346E7F692C196A7,14.23,queries/Functions/09-11_geometric/box_make.sql,measured,1,5,5,2,0.038,4627.288,1,1,11997996,11997996,11998031,383935872,0,0,lineitem,11328,213592,0,0,0,0,0
2026-07-27T17:37:28Z,F346E7F692C196A7,14.23,queries/Functions/09-11_geometric/box_make.sql,measured,2,1,5,2,0.208,4624.852,1,1,11997996,11997996,11998031,383935872,0,0,lineitem,11360,213560,0,0,0,0,0
2026-07-27T17:37:28Z,F346E7F692C196A7,14.23,queries/Functions/09-11_geometric/box_make.sql,measured,2,2,5,2,0.039,4550.877,1,1,11997996,11997996,11998031,383935872,0,0,lineitem,11392,213528,0,0,0,0,0
2026-07-27T17:37:28Z,F346E7F692C196A7,14.23,queries/Functions/09-11_geometric/box_make.sql,measured,2,3,5,2,0.038,4712.792,1,1,11997996,11997996,11998031,383935872,0,0,lineitem,11424,213496,0,0,0,0,0
2026-07-27T17:37:28Z,F346E7F692C196A7,14.23,queries/Functions/09-11_geometric/box_make.sql,measured,2,4,5,2,0.038,4611.906,1,1,11997996,11997996,11998031,383935872,0,0,lineitem,11456,213464,0,0,0,0,0
2026-07-27T17:37:28Z,F346E7F692C196A7,14.23,queries/Functions/09-11_geometric/box_make.sql,measured,2,5,5,2,0.038,4647.131,1,1,11997996,11997996,11998031,383935872,0,0,lineitem,11488,213432,0,0,0,0,0
2026-07-27T17:37:33Z,F346E7F692C196A7,14.23,queries/Functions/09-11_geometric/box_overlaps.sql,warmup,1,1,1,2,0.227,4772.080,1,1,11997996,11997996,11998031,11997996,0,0,lineitem,11520,213400,0,0,0,0,0
2026-07-27T17:37:38Z,F346E7F692C196A7,14.23,queries/Functions/09-11_geometric/box_overlaps.sql,warmup,2,1,1,2,0.218,4647.883,1,1,11997996,11997996,11998031,11997996,0,0,lineitem,11552,213368,0,0,0,0,0
2026-07-27T17:38:01Z,F346E7F692C196A7,14.23,queries/Functions/09-11_geometric/box_overlaps.sql,measured,1,1,5,2,0.207,4652.302,1,1,11997996,11997996,11998031,11997996,0,0,lineitem,11584,213336,0,0,0,0,0
2026-07-27T17:38:01Z,F346E7F692C196A7,14.23,queries/Functions/09-11_geometric/box_overlaps.sql,measured,1,2,5,2,0.043,4588.655,1,1,11997996,11997996,11998031,11997996,0,0,lineitem,11616,213304,0,0,0,0,0
2026-07-27T17:38:01Z,F346E7F692C196A7,14.23,queries/Functions/09-11_geometric/box_overlaps.sql,measured,1,3,5,2,0.042,4635.147,1,1,11997996,11997996,11998031,11997996,0,0,lineitem,11648,213272,0,0,0,0,0
2026-07-27T17:38:01Z,F346E7F692C196A7,14.23,queries/Functions/09-11_geometric/box_overlaps.sql,measured,1,4,5,2,0.042,4633.031,1,1,11997996,11997996,11998031,11997996,0,0,lineitem,11680,213240,0,0,0,0,0
2026-07-27T17:38:01Z,F346E7F692C196A7,14.23,queries/Functions/09-11_geometric/box_overlaps.sql,measured,1,5,5,2,0.043,4632.157,1,1,11997996,11997996,11998031,11997996,0,0,lineitem,11712,213208,0,0,0,0,0
2026-07-27T17:38:24Z,F346E7F692C196A7,14.23,queries/Functions/09-11_geometric/box_overlaps.sql,measured,2,1,5,2,0.230,4646.567,1,1,11997996,11997996,11998031,11997996,0,0,lineitem,11744,213176,0,0,0,0,0
2026-07-27T17:38:24Z,F346E7F692C196A7,14.23,queries/Functions/09-11_geometric/box_overlaps.sql,measured,2,2,5,2,0.042,4704.882,1,1,11997996,11997996,11998031,11997996,0,0,lineitem,11776,213144,0,0,0,0,0
2026-07-27T17:38:24Z,F346E7F692C196A7,14.23,queries/Functions/09-11_geometric/box_overlaps.sql,measured,2,3,5,2,0.042,4597.630,1,1,11997996,11997996,11998031,11997996,0,0,lineitem,11808,213112,0,0,0,0,0
2026-07-27T17:38:24Z,F346E7F692C196A7,14.23,queries/Functions/09-11_geometric/box_overlaps.sql,measured,2,4,5,2,0.042,4661.437,1,1,11997996,11997996,11998031,11997996,0,0,lineitem,11840,213080,0,0,0,0,0
2026-07-27T17:38:24Z,F346E7F692C196A7,14.23,queries/Functions/09-11_geometric/box_overlaps.sql,measured,2,5,5,2,0.042,4613.889,1,1,11997996,11997996,11998031,11997996,0,0,lineitem,11872,213048,0,0,0,0,0
2026-07-27T17:38:29Z,F346E7F692C196A7,14.23,queries/Functions/09-11_geometric/circle_area.sql,warmup,1,1,1,2,0.220,5186.815,1,1,11997996,11997996,11998031,95983968,0,0,lineitem,11904,213016,0,0,0,0,0
2026-07-27T17:38:35Z,F346E7F692C196A7,14.23,queries/Functions/09-11_geometric/circle_area.sql,warmup,2,1,1,2,0.218,5191.708,1,1,11997996,11997996,11998031,95983968,0,0,lineitem,11936,212984,0,0,0,0,0
2026-07-27T17:39:01Z,F346E7F692C196A7,14.23,queries/Functions/09-11_geometric/circle_area.sql,measured,1,1,5,2,0.204,5185.041,1,1,11997996,11997996,11998031,95983968,0,0,lineitem,11968,212952,0,0,0,0,0
2026-07-27T17:39:01Z,F346E7F692C196A7,14.23,queries/Functions/09-11_geometric/circle_area.sql,measured,1,2,5,2,0.034,5151.089,1,1,11997996,11997996,11998031,95983968,0,0,lineitem,12000,212920,0,0,0,0,0
2026-07-27T17:39:01Z,F346E7F692C196A7,14.23,queries/Functions/09-11_geometric/circle_area.sql,measured,1,3,5,2,0.035,5159.232,1,1,11997996,11997996,11998031,95983968,0,0,lineitem,12032,212888,0,0,0,0,0
2026-07-27T17:39:01Z,F346E7F692C196A7,14.23,queries/Functions/09-11_geometric/circle_area.sql,measured,1,4,5,2,0.051,5152.940,1,1,11997996,11997996,11998031,95983968,0,0,lineitem,12064,212856,0,0,0,0,0
2026-07-27T17:39:01Z,F346E7F692C196A7,14.23,queries/Functions/09-11_geometric/circle_area.sql,measured,1,5,5,2,0.051,5157.126,1,1,11997996,11997996,11998031,95983968,0,0,lineitem,12096,212824,0,0,0,0,0
2026-07-27T17:39:26Z,F346E7F692C196A7,14.23,queries/Functions/09-11_geometric/circle_area.sql,measured,2,1,5,2,0.209,5190.068,1,1,11997996,11997996,11998031,95983968,0,0,lineitem,12128,212792,0,0,0,0,0
2026-07-27T17:39:26Z,F346E7F692C196A7,14.23,queries/Functions/09-11_geometric/circle_area.sql,measured,2,2,5,2,0.035,5166.994,1,1,11997996,11997996,11998031,95983968,0,0,lineitem,12160,212760,0,0,0,0,0
2026-07-27T17:39:26Z,F346E7F692C196A7,14.23,queries/Functions/09-11_geometric/circle_area.sql,measured,2,3,5,2,0.034,5158.859,1,1,11997996,11997996,11998031,95983968,0,0,lineitem,12192,212728,0,0,0,0,0
2026-07-27T17:39:26Z,F346E7F692C196A7,14.23,queries/Functions/09-11_geometric/circle_area.sql,measured,2,4,5,2,0.034,5160.033,1,1,11997996,11997996,11998031,95983968,0,0,lineitem,12224,212696,0,0,0,0,0
2026-07-27T17:39:26Z,F346E7F692C196A7,14.23,queries/Functions/09-11_geometric/circle_area.sql,measured,2,5,5,2,0.034,5168.271,1,1,11997996,11997996,11998031,95983968,0,0,lineitem,12256,212664,0,0,0,0,0
2026-07-27T17:39:32Z,F346E7F692C196A7,14.23,queries/Functions/09-11_geometric/circle_make.sql,warmup,1,1,1,2,0.194,5164.964,1,1,11997996,11997996,11998031,287951904,0,0,lineitem,12288,212632,0,0,0,0,0
2026-07-27T17:39:37Z,F346E7F692C196A7,14.23,queries/Functions/09-11_geometric/circle_make.sql,warmup,2,1,1,2,0.210,5155.631,1,1,11997996,11997996,11998031,287951904,0,0,lineitem,12320,212600,0,0,0,0,0
2026-07-27T17:40:03Z,F346E7F692C196A7,14.23,queries/Functions/09-11_geometric/circle_make.sql,measured,1,1,5,2,0.196,5158.713,1,1,11997996,11997996,11998031,287951904,0,0,lineitem,12352,212568,0,0,0,0,0
2026-07-27T17:40:03Z,F346E7F692C196A7,14.23,queries/Functions/09-11_geometric/circle_make.sql,measured,1,2,5,2,0.034,5130.384,1,1,11997996,11997996,11998031,287951904,0,0,lineitem,12384,212536,0,0,0,0,0
2026-07-27T17:40:03Z,F346E7F692C196A7,14.23,queries/Functions/09-11_geometric/circle_make.sql,measured,1,3,5,2,0.036,5135.208,1,1,11997996,11997996,11998031,287951904,0,0,lineitem,12416,212504,0,0,0,0,0
2026-07-27T17:40:03Z,F346E7F692C196A7,14.23,queries/Functions/09-11_geometric/circle_make.sql,measured,1,4,5,2,0.036,5132.021,1,1,11997996,11997996,11998031,287951904,0,0,lineitem,12448,212472,0,0,0,0,0
2026-07-27T17:40:03Z,F346E7F692C196A7,14.23,queries/Functions/09-11_geometric/circle_make.sql,measured,1,5,5,2,0.034,5123.770,1,1,11997996,11997996,11998031,287951904,0,0,lineitem,12480,212440,0,0,0,0,0
2026-07-27T17:40:28Z,F346E7F692C196A7,14.23,queries/Functions/09-11_geometric/circle_make.sql,measured,2,1,5,2,0.212,5167.909,1,1,11997996,11997996,11998031,287951904,0,0,lineitem,12512,212408,0,0,0,0,0
2026-07-27T17:40:28Z,F346E7F692C196A7,14.23,queries/Functions/09-11_geometric/circle_make.sql,measured,2,2,5,2,0.035,5141.563,1,1,11997996,11997996,11998031,287951904,0,0,lineitem,12544,212376,0,0,0,0,0
2026-07-27T17:40:28Z,F346E7F692C196A7,14.23,queries/Functions/09-11_geometric/circle_make.sql,measured,2,3,5,2,0.042,5142.763,1,1,11997996,11997996,11998031,287951904,0,0,lineitem,12576,212344,0,0,0,0,0
2026-07-27T17:40:28Z,F346E7F692C196A7,14.23,queries/Functions/09-11_geometric/circle_make.sql,measured,2,4,5,2,0.035,5144.262,1,1,11997996,11997996,11998031,287951904,0,0,lineitem,12608,212312,0,0,0,0,0
2026-07-27T17:40:28Z,F346E7F692C196A7,14.23,queries/Functions/09-11_geometric/circle_make.sql,measured,2,5,5,2,0.034,5142.080,1,1,11997996,11997996,11998031,287951904,0,0,lineitem,12640,212280,0,0,0,0,0
2026-07-27T17:40:34Z,F346E7F692C196A7,14.23,queries/Functions/09-11_geometric/lseg_length.sql,warmup,1,1,1,2,0.209,5242.497,1,1,11997996,11997996,11998031,95983968,0,0,lineitem,12672,212248,0,0,0,0,0
2026-07-27T17:40:39Z,F346E7F692C196A7,14.23,queries/Functions/09-11_geometric/lseg_length.sql,warmup,2,1,1,2,0.213,5234.948,1,1,11997996,11997996,11998031,95983968,0,0,lineitem,12704,212216,0,0,0,0,0
2026-07-27T17:41:05Z,F346E7F692C196A7,14.23,queries/Functions/09-11_geometric/lseg_length.sql,measured,1,1,5,2,0.199,5238.978,1,1,11997996,11997996,11998031,95983968,0,0,lineitem,12736,212184,0,0,0,0,0
2026-07-27T17:41:05Z,F346E7F692C196A7,14.23,queries/Functions/09-11_geometric/lseg_length.sql,measured,1,2,5,2,0.039,5221.145,1,1,11997996,11997996,11998031,95983968,0,0,lineitem,12768,212152,0,0,0,0,0
2026-07-27T17:41:05Z,F346E7F692C196A7,14.23,queries/Functions/09-11_geometric/lseg_length.sql,measured,1,3,5,2,0.037,5211.425,1,1,11997996,11997996,11998031,95983968,0,0,lineitem,12800,212120,0,0,0,0,0
2026-07-27T17:41:05Z,F346E7F692C196A7,14.23,queries/Functions/09-11_geometric/lseg_length.sql,measured,1,4,5,2,0.035,5212.336,1,1,11997996,11997996,11998031,95983968,0,0,lineitem,12832,212088,0,0,0,0,0
2026-07-27T17:41:05Z,F346E7F692C196A7,14.23,queries/Functions/09-11_geometric/lseg_length.sql,measured,1,5,5,2,0.038,5243.709,1,1,11997996,11997996,11998031,95983968,0,0,lineitem,12864,212056,0,0,0,0,0
2026-07-27T17:41:31Z,F346E7F692C196A7,14.23,queries/Functions/09-11_geometric/lseg_length.sql,measured,2,1,5,2,0.208,5230.824,1,1,11997996,11997996,11998031,95983968,0,0,lineitem,12896,212024,0,0,0,0,0
2026-07-27T17:41:31Z,F346E7F692C196A7,14.23,queries/Functions/09-11_geometric/lseg_length.sql,measured,2,2,5,2,0.036,5199.672,1,1,11997996,11997996,11998031,95983968,0,0,lineitem,12928,211992,0,0,0,0,0
2026-07-27T17:41:31Z,F346E7F692C196A7,14.23,queries/Functions/09-11_geometric/lseg_length.sql,measured,2,3,5,2,0.037,5199.611,1,1,11997996,11997996,11998031,95983968,0,0,lineitem,12960,211960,0,0,0,0,0
2026-07-27T17:41:31Z,F346E7F692C196A7,14.23,queries/Functions/09-11_geometric/lseg_length.sql,measured,2,4,5,2,0.036,5197.444,1,1,11997996,11997996,11998031,95983968,0,0,lineitem,12992,211928,0,0,0,0,0
2026-07-27T17:41:31Z,F346E7F692C196A7,14.23,queries/Functions/09-11_geometric/lseg_length.sql,measured,2,5,5,2,0.038,5220.538,1,1,11997996,11997996,11998031,95983968,0,0,lineitem,13024,211896,0,0,0,0,0
2026-07-27T17:41:37Z,F346E7F692C196A7,14.23,queries/Functions/09-11_geometric/lseg_make.sql,warmup,1,1,1,2,0.205,5162.822,1,1,11997996,11997996,11998031,383935872,0,0,lineitem,13056,211864,0,0,0,0,0
2026-07-27T17:41:42Z,F346E7F692C196A7,14.23,queries/Functions/09-11_geometric/lseg_make.sql,warmup,2,1,1,2,0.219,5169.554,1,1,11997996,11997996,11998031,383935872,0,0,lineitem,13088,211832,0,0,0,0,0
2026-07-27T17:42:08Z,F346E7F692C196A7,14.23,queries/Functions/09-11_geometric/lseg_make.sql,measured,1,1,5,2,0.224,5165.998,1,1,11997996,11997996,11998031,383935872,0,0,lineitem,13120,211800,0,0,0,0,0
2026-07-27T17:42:08Z,F346E7F692C196A7,14.23,queries/Functions/09-11_geometric/lseg_make.sql,measured,1,2,5,2,0.036,5134.319,1,1,11997996,11997996,11998031,383935872,0,0,lineitem,13152,211768,0,0,0,0,0
2026-07-27T17:42:08Z,F346E7F692C196A7,14.23,queries/Functions/09-11_geometric/lseg_make.sql,measured,1,3,5,2,0.054,5130.464,1,1,11997996,11997996,11998031,383935872,0,0,lineitem,13184,211736,0,0,0,0,0
2026-07-27T17:42:08Z,F346E7F692C196A7,14.23,queries/Functions/09-11_geometric/lseg_make.sql,measured,1,4,5,2,0.036,5135.094,1,1,11997996,11997996,11998031,383935872,0,0,lineitem,13216,211704,0,0,0,0,0
2026-07-27T17:42:08Z,F346E7F692C196A7,14.23,queries/Functions/09-11_geometric/lseg_make.sql,measured,1,5,5,2,0.036,5133.344,1,1,11997996,11997996,11998031,383935872,0,0,lineitem,13248,211672,0,0,0,0,0
2026-07-27T17:42:34Z,F346E7F692C196A7,14.23,queries/Functions/09-11_geometric/lseg_make.sql,measured,2,1,5,2,0.206,5163.863,1,1,11997996,11997996,11998031,383935872,0,0,lineitem,13280,211640,0,0,0,0,0
2026-07-27T17:42:34Z,F346E7F692C196A7,14.23,queries/Functions/09-11_geometric/lseg_make.sql,measured,2,2,5,2,0.039,5135.447,1,1,11997996,11997996,11998031,383935872,0,0,lineitem,13312,211608,0,0,0,0,0
2026-07-27T17:42:34Z,F346E7F692C196A7,14.23,queries/Functions/09-11_geometric/lseg_make.sql,measured,2,3,5,2,0.036,5137.515,1,1,11997996,11997996,11998031,383935872,0,0,lineitem,13344,211576,0,0,0,0,0
2026-07-27T17:42:34Z,F346E7F692C196A7,14.23,queries/Functions/09-11_geometric/lseg_make.sql,measured,2,4,5,2,0.037,5133.930,1,1,11997996,11997996,11998031,383935872,0,0,lineitem,13376,211544,0,0,0,0,0
2026-07-27T17:42:34Z,F346E7F692C196A7,14.23,queries/Functions/09-11_geometric/lseg_make.sql,measured,2,5,5,2,0.037,5134.855,1,1,11997996,11997996,11998031,383935872,0,0,lineitem,13408,211512,0,0,0,0,0
2026-07-27T17:42:39Z,F346E7F692C196A7,14.23,queries/Functions/09-11_geometric/point_add.sql,warmup,1,1,1,2,0.202,5171.214,1,1,11997996,11997996,11998031,191967936,0,0,lineitem,13440,211480,0,0,0,0,0
2026-07-27T17:42:44Z,F346E7F692C196A7,14.23,queries/Functions/09-11_geometric/point_add.sql,warmup,2,1,1,2,0.199,5183.774,1,1,11997996,11997996,11998031,191967936,0,0,lineitem,13472,211448,0,0,0,0,0
2026-07-27T17:43:10Z,F346E7F692C196A7,14.23,queries/Functions/09-11_geometric/point_add.sql,measured,1,1,5,2,0.206,5186.181,1,1,11997996,11997996,11998031,191967936,0,0,lineitem,13504,211416,0,0,0,0,0
2026-07-27T17:43:10Z,F346E7F692C196A7,14.23,queries/Functions/09-11_geometric/point_add.sql,measured,1,2,5,2,0.039,5167.557,1,1,11997996,11997996,11998031,191967936,0,0,lineitem,13536,211384,0,0,0,0,0
2026-07-27T17:43:10Z,F346E7F692C196A7,14.23,queries/Functions/09-11_geometric/point_add.sql,measured,1,3,5,2,0.036,5164.621,1,1,11997996,11997996,11998031,191967936,0,0,lineitem,13568,211352,0,0,0,0,0
2026-07-27T17:43:10Z,F346E7F692C196A7,14.23,queries/Functions/09-11_geometric/point_add.sql,measured,1,4,5,2,0.036,5162.601,1,1,11997996,11997996,11998031,191967936,0,0,lineitem,13600,211320,0,0,0,0,0
2026-07-27T17:43:10Z,F346E7F692C196A7,14.23,queries/Functions/09-11_geometric/point_add.sql,measured,1,5,5,2,0.035,5154.733,1,1,11997996,11997996,11998031,191967936,0,0,lineitem,13632,211288,0,0,0,0,0
2026-07-27T17:43:36Z,F346E7F692C196A7,14.23,queries/Functions/09-11_geometric/point_add.sql,measured,2,1,5,2,0.216,5184.934,1,1,11997996,11997996,11998031,191967936,0,0,lineitem,13664,211256,0,0,0,0,0
2026-07-27T17:43:36Z,F346E7F692C196A7,14.23,queries/Functions/09-11_geometric/point_add.sql,measured,2,2,5,2,0.037,5155.941,1,1,11997996,11997996,11998031,191967936,0,0,lineitem,13696,211224,0,0,0,0,0
2026-07-27T17:43:36Z,F346E7F692C196A7,14.23,queries/Functions/09-11_geometric/point_add.sql,measured,2,3,5,2,0.036,5157.390,1,1,11997996,11997996,11998031,191967936,0,0,lineitem,13728,211192,0,0,0,0,0
2026-07-27T17:43:36Z,F346E7F692C196A7,14.23,queries/Functions/09-11_geometric/point_add.sql,measured,2,4,5,2,0.036,5165.968,1,1,11997996,11997996,11998031,191967936,0,0,lineitem,13760,211160,0,0,0,0,0
2026-07-27T17:43:36Z,F346E7F692C196A7,14.23,queries/Functions/09-11_geometric/point_add.sql,measured,2,5,5,2,0.036,5171.350,1,1,11997996,11997996,11998031,191967936,0,0,lineitem,13792,211128,0,0,0,0,0
2026-07-27T17:43:41Z,F346E7F692C196A7,14.23,queries/Functions/09-11_geometric/point_distance.sql,warmup,1,1,1,2,0.203,5191.437,1,1,11997996,11997996,11998031,95983968,0,0,lineitem,13824,211096,0,0,0,0,0
2026-07-27T17:43:46Z,F346E7F692C196A7,14.23,queries/Functions/09-11_geometric/point_distance.sql,warmup,2,1,1,2,0.215,5176.540,1,1,11997996,11997996,11998031,95983968,0,0,lineitem,13856,211064,0,0,0,0,0
2026-07-27T17:44:12Z,F346E7F692C196A7,14.23,queries/Functions/09-11_geometric/point_distance.sql,measured,1,1,5,2,0.200,5173.034,1,1,11997996,11997996,11998031,95983968,0,0,lineitem,13888,211032,0,0,0,0,0
2026-07-27T17:44:12Z,F346E7F692C196A7,14.23,queries/Functions/09-11_geometric/point_distance.sql,measured,1,2,5,2,0.035,5154.764,1,1,11997996,11997996,11998031,95983968,0,0,lineitem,13920,211000,0,0,0,0,0
2026-07-27T17:44:12Z,F346E7F692C196A7,14.23,queries/Functions/09-11_geometric/point_distance.sql,measured,1,3,5,2,0.036,5150.536,1,1,11997996,11997996,11998031,95983968,0,0,lineitem,13952,210968,0,0,0,0,0
2026-07-27T17:44:12Z,F346E7F692C196A7,14.23,queries/Functions/09-11_geometric/point_distance.sql,measured,1,4,5,2,0.036,5161.580,1,1,11997996,11997996,11998031,95983968,0,0,lineitem,13984,210936,0,0,0,0,0
2026-07-27T17:44:12Z,F346E7F692C196A7,14.23,queries/Functions/09-11_geometric/point_distance.sql,measured,1,5,5,2,0.036,5146.536,1,1,11997996,11997996,11998031,95983968,0,0,lineitem,14016,210904,0,0,0,0,0
2026-07-27T17:44:38Z,F346E7F692C196A7,14.23,queries/Functions/09-11_geometric/point_distance.sql,measured,2,1,5,2,0.214,5180.748,1,1,11997996,11997996,11998031,95983968,0,0,lineitem,14048,210872,0,0,0,0,0
2026-07-27T17:44:38Z,F346E7F692C196A7,14.23,queries/Functions/09-11_geometric/point_distance.sql,measured,2,2,5,2,0.036,5153.264,1,1,11997996,11997996,11998031,95983968,0,0,lineitem,14080,210840,0,0,0,0,0
2026-07-27T17:44:38Z,F346E7F692C196A7,14.23,queries/Functions/09-11_geometric/point_distance.sql,measured,2,3,5,2,0.061,5150.242,1,1,11997996,11997996,11998031,95983968,0,0,lineitem,14112,210808,0,0,0,0,0
2026-07-27T17:44:38Z,F346E7F692C196A7,14.23,queries/Functions/09-11_geometric/point_distance.sql,measured,2,4,5,2,0.037,5152.696,1,1,11997996,11997996,11998031,95983968,0,0,lineitem,14144,210776,0,0,0,0,0
2026-07-27T17:44:38Z,F346E7F692C196A7,14.23,queries/Functions/09-11_geometric/point_distance.sql,measured,2,5,5,2,0.036,5159.455,1,1,11997996,11997996,11998031,95983968,0,0,lineitem,14176,210744,0,0,0,0,0
2026-07-27T17:44:43Z,F346E7F692C196A7,14.23,queries/Functions/09-11_geometric/point_make.sql,warmup,1,1,1,2,0.191,5014.734,1,1,11997996,11997996,11998031,191967936,0,0,lineitem,14208,210712,0,0,0,0,0
2026-07-27T17:44:48Z,F346E7F692C196A7,14.23,queries/Functions/09-11_geometric/point_make.sql,warmup,2,1,1,2,0.197,5019.116,1,1,11997996,11997996,11998031,191967936,0,0,lineitem,14240,210680,0,0,0,0,0
2026-07-27T17:45:13Z,F346E7F692C196A7,14.23,queries/Functions/09-11_geometric/point_make.sql,measured,1,1,5,2,0.197,5023.557,1,1,11997996,11997996,11998031,191967936,0,0,lineitem,14272,210648,0,0,0,0,0
2026-07-27T17:45:13Z,F346E7F692C196A7,14.23,queries/Functions/09-11_geometric/point_make.sql,measured,1,2,5,2,0.031,4997.360,1,1,11997996,11997996,11998031,191967936,0,0,lineitem,14304,210616,0,0,0,0,0
2026-07-27T17:45:13Z,F346E7F692C196A7,14.23,queries/Functions/09-11_geometric/point_make.sql,measured,1,3,5,2,0.031,5007.254,1,1,11997996,11997996,11998031,191967936,0,0,lineitem,14336,210584,0,0,0,0,0
2026-07-27T17:45:13Z,F346E7F692C196A7,14.23,queries/Functions/09-11_geometric/point_make.sql,measured,1,4,5,2,0.031,4997.310,1,1,11997996,11997996,11998031,191967936,0,0,lineitem,14368,210552,0,0,0,0,0
2026-07-27T17:45:13Z,F346E7F692C196A7,14.23,queries/Functions/09-11_geometric/point_make.sql,measured,1,5,5,2,0.032,4998.203,1,1,11997996,11997996,11998031,191967936,0,0,lineitem,14400,210520,0,0,0,0,0
2026-07-27T17:45:38Z,F346E7F692C196A7,14.23,queries/Functions/09-11_geometric/point_make.sql,measured,2,1,5,2,0.205,5014.623,1,1,11997996,11997996,11998031,191967936,0,0,lineitem,14432,210488,0,0,0,0,0
2026-07-27T17:45:38Z,F346E7F692C196A7,14.23,queries/Functions/09-11_geometric/point_make.sql,measured,2,2,5,2,0.031,4988.212,1,1,11997996,11997996,11998031,191967936,0,0,lineitem,14464,210456,0,0,0,0,0
2026-07-27T17:45:38Z,F346E7F692C196A7,14.23,queries/Functions/09-11_geometric/point_make.sql,measured,2,3,5,2,0.030,4998.264,1,1,11997996,11997996,11998031,191967936,0,0,lineitem,14496,210424,0,0,0,0,0
2026-07-27T17:45:38Z,F346E7F692C196A7,14.23,queries/Functions/09-11_geometric/point_make.sql,measured,2,4,5,2,0.049,5000.776,1,1,11997996,11997996,11998031,191967936,0,0,lineitem,14528,210392,0,0,0,0,0
2026-07-27T17:45:38Z,F346E7F692C196A7,14.23,queries/Functions/09-11_geometric/point_make.sql,measured,2,5,5,2,0.050,4989.411,1,1,11997996,11997996,11998031,191967936,0,0,lineitem,14560,210360,0,0,0,0,0
2026-07-27T17:45:44Z,F346E7F692C196A7,14.23,queries/Functions/09-11_geometric/point_mul.sql,warmup,1,1,1,2,0.206,5193.800,1,1,11997996,11997996,11998031,191967936,0,0,lineitem,14592,210328,0,0,0,0,0
2026-07-27T17:45:49Z,F346E7F692C196A7,14.23,queries/Functions/09-11_geometric/point_mul.sql,warmup,2,1,1,2,0.199,5216.159,1,1,11997996,11997996,11998031,191967936,0,0,lineitem,14624,210296,0,0,0,0,0
2026-07-27T17:46:15Z,F346E7F692C196A7,14.23,queries/Functions/09-11_geometric/point_mul.sql,measured,1,1,5,2,0.216,5231.240,1,1,11997996,11997996,11998031,191967936,0,0,lineitem,14656,210264,0,0,0,0,0
2026-07-27T17:46:15Z,F346E7F692C196A7,14.23,queries/Functions/09-11_geometric/point_mul.sql,measured,1,2,5,2,0.036,5198.794,1,1,11997996,11997996,11998031,191967936,0,0,lineitem,14688,210232,0,0,0,0,0
2026-07-27T17:46:15Z,F346E7F692C196A7,14.23,queries/Functions/09-11_geometric/point_mul.sql,measured,1,3,5,2,0.036,5206.416,1,1,11997996,11997996,11998031,191967936,0,0,lineitem,14720,210200,0,0,0,0,0
2026-07-27T17:46:15Z,F346E7F692C196A7,14.23,queries/Functions/09-11_geometric/point_mul.sql,measured,1,4,5,2,0.036,5186.626,1,1,11997996,11997996,11998031,191967936,0,0,lineitem,14752,210168,0,0,0,0,0
2026-07-27T17:46:15Z,F346E7F692C196A7,14.23,queries/Functions/09-11_geometric/point_mul.sql,measured,1,5,5,2,0.036,5192.523,1,1,11997996,11997996,11998031,191967936,0,0,lineitem,14784,210136,0,0,0,0,0
2026-07-27T17:46:41Z,F346E7F692C196A7,14.23,queries/Functions/09-11_geometric/point_mul.sql,measured,2,1,5,2,0.215,5209.873,1,1,11997996,11997996,11998031,191967936,0,0,lineitem,14816,210104,0,0,0,0,0
2026-07-27T17:46:41Z,F346E7F692C196A7,14.23,queries/Functions/09-11_geometric/point_mul.sql,measured,2,2,5,2,0.036,5175.575,1,1,11997996,11997996,11998031,191967936,0,0,lineitem,14848,210072,0,0,0,0,0
2026-07-27T17:46:41Z,F346E7F692C196A7,14.23,queries/Functions/09-11_geometric/point_mul.sql,measured,2,3,5,2,0.036,5197.978,1,1,11997996,11997996,11998031,191967936,0,0,lineitem,14880,210040,0,0,0,0,0
2026-07-27T17:46:41Z,F346E7F692C196A7,14.23,queries/Functions/09-11_geometric/point_mul.sql,measured,2,4,5,2,0.036,5201.738,1,1,11997996,11997996,11998031,191967936,0,0,lineitem,14912,210008,0,0,0,0,0
2026-07-27T17:46:41Z,F346E7F692C196A7,14.23,queries/Functions/09-11_geometric/point_mul.sql,measured,2,5,5,2,0.054,5182.762,1,1,11997996,11997996,11998031,191967936,0,0,lineitem,14944,209976,0,0,0,0,0
2026-07-27T17:46:45Z,F346E7F692C196A7,14.23,queries/Functions/09-12_network/abbrev.sql,warmup,1,1,1,2,0.261,3869.344,1,1,11997996,11997996,11998031,383935872,0,0,lineitem,309,18941,0,0,0,0,0
2026-07-27T17:46:49Z,F346E7F692C196A7,14.23,queries/Functions/09-12_network/abbrev.sql,warmup,2,1,1,2,0.242,3874.222,1,1,11997996,11997996,11998031,383935872,0,0,lineitem,309,18941,0,0,0,0,0
2026-07-27T17:47:08Z,F346E7F692C196A7,14.23,queries/Functions/09-12_network/abbrev.sql,measured,1,1,5,2,0.254,3880.199,1,1,11997996,11997996,11998031,383935872,0,0,lineitem,309,18941,0,0,0,0,0
2026-07-27T17:47:08Z,F346E7F692C196A7,14.23,queries/Functions/09-12_network/abbrev.sql,measured,1,2,5,2,0.040,3835.837,1,1,11997996,11997996,11998031,383935872,0,0,lineitem,309,18941,0,0,0,0,0
2026-07-27T17:47:08Z,F346E7F692C196A7,14.23,queries/Functions/09-12_network/abbrev.sql,measured,1,3,5,2,0.040,3826.183,1,1,11997996,11997996,11998031,383935872,0,0,lineitem,309,18941,0,0,0,0,0
2026-07-27T17:47:08Z,F346E7F692C196A7,14.23,queries/Functions/09-12_network/abbrev.sql,measured,1,4,5,2,0.039,3833.774,1,1,11997996,11997996,11998031,383935872,0,0,lineitem,309,18941,0,0,0,0,0
2026-07-27T17:47:08Z,F346E7F692C196A7,14.23,queries/Functions/09-12_network/abbrev.sql,measured,1,5,5,2,0.057,3832.836,1,1,11997996,11997996,11998031,383935872,0,0,lineitem,309,18941,0,0,0,0,0
2026-07-27T17:47:28Z,F346E7F692C196A7,14.23,queries/Functions/09-12_network/abbrev.sql,measured,2,1,5,2,0.328,3879.926,1,1,11997996,11997996,11998031,383935872,0,0,lineitem,309,18941,0,0,0,0,0
2026-07-27T17:47:28Z,F346E7F692C196A7,14.23,queries/Functions/09-12_network/abbrev.sql,measured,2,2,5,2,0.039,3827.487,1,1,11997996,11997996,11998031,383935872,0,0,lineitem,309,18941,0,0,0,0,0
2026-07-27T17:47:28Z,F346E7F692C196A7,14.23,queries/Functions/09-12_network/abbrev.sql,measured,2,3,5,2,0.040,3830.798,1,1,11997996,11997996,11998031,383935872,0,0,lineitem,309,18941,0,0,0,0,0
2026-07-27T17:47:28Z,F346E7F692C196A7,14.23,queries/Functions/09-12_network/abbrev.sql,measured,2,4,5,2,0.039,3821.069,1,1,11997996,11997996,11998031,383935872,0,0,lineitem,309,18941,0,0,0,0,0
2026-07-27T17:47:28Z,F346E7F692C196A7,14.23,queries/Functions/09-12_network/abbrev.sql,measured,2,5,5,2,0.040,3823.555,1,1,11997996,11997996,11998031,383935872,0,0,lineitem,309,18941,0,0,0,0,0
2026-07-27T17:47:29Z,F346E7F692C196A7,14.23,queries/Functions/09-12_network/broadcast.sql,warmup,1,1,1,2,0.346,1634.000,1,1,11997996,11997996,11998031,383935872,0,0,lineitem,309,18941,0,0,0,0,0
2026-07-27T17:47:31Z,F346E7F692C196A7,14.23,queries/Functions/09-12_network/broadcast.sql,warmup,2,1,1,2,0.341,1648.492,1,1,11997996,11997996,11998031,383935872,0,0,lineitem,309,18941,0,0,0,0,0
2026-07-27T17:47:39Z,F346E7F692C196A7,14.23,queries/Functions/09-12_network/broadcast.sql,measured,1,1,5,2,0.314,1628.014,1,1,11997996,11997996,11998031,383935872,0,0,lineitem,309,18941,0,0,0,0,0
2026-07-27T17:47:39Z,F346E7F692C196A7,14.23,queries/Functions/09-12_network/broadcast.sql,measured,1,2,5,2,0.039,1578.696,1,1,11997996,11997996,11998031,383935872,0,0,lineitem,309,18941,0,0,0,0,0
2026-07-27T17:47:39Z,F346E7F692C196A7,14.23,queries/Functions/09-12_network/broadcast.sql,measured,1,3,5,2,0.040,1576.846,1,1,11997996,11997996,11998031,383935872,0,0,lineitem,309,18941,0,0,0,0,0
2026-07-27T17:47:39Z,F346E7F692C196A7,14.23,queries/Functions/09-12_network/broadcast.sql,measured,1,4,5,2,0.041,1578.613,1,1,11997996,11997996,11998031,383935872,0,0,lineitem,309,18941,0,0,0,0,0
2026-07-27T17:47:39Z,F346E7F692C196A7,14.23,queries/Functions/09-12_network/broadcast.sql,measured,1,5,5,2,0.040,1579.873,1,1,11997996,11997996,11998031,383935872,0,0,lineitem,309,18941,0,0,0,0,0
2026-07-27T17:47:47Z,F346E7F692C196A7,14.23,queries/Functions/09-12_network/broadcast.sql,measured,2,1,5,2,0.349,1635.728,1,1,11997996,11997996,11998031,383935872,0,0,lineitem,309,18941,0,0,0,0,0
2026-07-27T17:47:47Z,F346E7F692C196A7,14.23,queries/Functions/09-12_network/broadcast.sql,measured,2,2,5,2,0.040,1582.083,1,1,11997996,11997996,11998031,383935872,0,0,lineitem,309,18941,0,0,0,0,0
2026-07-27T17:47:47Z,F346E7F692C196A7,14.23,queries/Functions/09-12_network/broadcast.sql,measured,2,3,5,2,0.040,1575.898,1,1,11997996,11997996,11998031,383935872,0,0,lineitem,309,18941,0,0,0,0,0
2026-07-27T17:47:47Z,F346E7F692C196A7,14.23,queries/Functions/09-12_network/broadcast.sql,measured,2,4,5,2,0.057,1579.395,1,1,11997996,11997996,11998031,383935872,0,0,lineitem,309,18941,0,0,0,0,0
2026-07-27T17:47:47Z,F346E7F692C196A7,14.23,queries/Functions/09-12_network/broadcast.sql,measured,2,5,5,2,0.040,1575.908,1,1,11997996,11997996,11998031,383935872,0,0,lineitem,309,18941,0,0,0,0,0
2026-07-27T17:47:49Z,F346E7F692C196A7,14.23,queries/Functions/09-12_network/contained_by.sql,warmup,1,1,1,2,0.351,1548.570,1,1,11997996,11997996,11998031,11997996,0,0,lineitem,309,18941,0,0,0,0,0
2026-07-27T17:47:50Z,F346E7F692C196A7,14.23,queries/Functions/09-12_network/contained_by.sql,warmup,2,1,1,2,0.301,1545.392,1,1,11997996,11997996,11998031,11997996,0,0,lineitem,309,18941,0,0,0,0,0
2026-07-27T17:47:58Z,F346E7F692C196A7,14.23,queries/Functions/09-12_network/contained_by.sql,measured,1,1,5,2,0.347,1539.334,1,1,11997996,11997996,11998031,11997996,0,0,lineitem,309,18941,0,0,0,0,0
2026-07-27T17:47:58Z,F346E7F692C196A7,14.23,queries/Functions/09-12_network/contained_by.sql,measured,1,2,5,2,0.040,1483.699,1,1,11997996,11997996,11998031,11997996,0,0,lineitem,309,18941,0,0,0,0,0
2026-07-27T17:47:58Z,F346E7F692C196A7,14.23,queries/Functions/09-12_network/contained_by.sql,measured,1,3,5,2,0.040,1485.913,1,1,11997996,11997996,11998031,11997996,0,0,lineitem,309,18941,0,0,0,0,0
2026-07-27T17:47:58Z,F346E7F692C196A7,14.23,queries/Functions/09-12_network/contained_by.sql,measured,1,4,5,2,0.041,1490.189,1,1,11997996,11997996,11998031,11997996,0,0,lineitem,309,18941,0,0,0,0,0
2026-07-27T17:47:58Z,F346E7F692C196A7,14.23,queries/Functions/09-12_network/contained_by.sql,measured,1,5,5,2,0.041,1483.518,1,1,11997996,11997996,11998031,11997996,0,0,lineitem,309,18941,0,0,0,0,0
2026-07-27T17:48:05Z,F346E7F692C196A7,14.23,queries/Functions/09-12_network/contained_by.sql,measured,2,1,5,2,0.343,1544.485,1,1,11997996,11997996,11998031,11997996,0,0,lineitem,309,18941,0,0,0,0,0
2026-07-27T17:48:05Z,F346E7F692C196A7,14.23,queries/Functions/09-12_network/contained_by.sql,measured,2,2,5,2,0.040,1483.257,1,1,11997996,11997996,11998031,11997996,0,0,lineitem,309,18941,0,0,0,0,0
2026-07-27T17:48:05Z,F346E7F692C196A7,14.23,queries/Functions/09-12_network/contained_by.sql,measured,2,3,5,2,0.041,1491.359,1,1,11997996,11997996,11998031,11997996,0,0,lineitem,309,18941,0,0,0,0,0
2026-07-27T17:48:05Z,F346E7F692C196A7,14.23,queries/Functions/09-12_network/contained_by.sql,measured,2,4,5,2,0.042,1486.293,1,1,11997996,11997996,11998031,11997996,0,0,lineitem,309,18941,0,0,0,0,0
2026-07-27T17:48:05Z,F346E7F692C196A7,14.23,queries/Functions/09-12_network/contained_by.sql,measured,2,5,5,2,0.050,1488.622,1,1,11997996,11997996,11998031,11997996,0,0,lineitem,309,18941,0,0,0,0,0
2026-07-27T17:48:07Z,F346E7F692C196A7,14.23,queries/Functions/09-12_network/contained_by_eq.sql,warmup,1,1,1,2,0.346,1552.356,1,1,11997996,11997996,11998031,11997996,0,0,lineitem,309,18941,0,0,0,0,0
2026-07-27T17:48:09Z,F346E7F692C196A7,14.23,queries/Functions/09-12_network/contained_by_eq.sql,warmup,2,1,1,2,0.307,1544.100,1,1,11997996,11997996,11998031,11997996,0,0,lineitem,309,18941,0,0,0,0,0
2026-07-27T17:48:16Z,F346E7F692C196A7,14.23,queries/Functions/09-12_network/contained_by_eq.sql,measured,1,1,5,2,0.356,1548.497,1,1,11997996,11997996,11998031,11997996,0,0,lineitem,309,18941,0,0,0,0,0
2026-07-27T17:48:16Z,F346E7F692C196A7,14.23,queries/Functions/09-12_network/contained_by_eq.sql,measured,1,2,5,2,0.042,1488.010,1,1,11997996,11997996,11998031,11997996,0,0,lineitem,309,18941,0,0,0,0,0
2026-07-27T17:48:16Z,F346E7F692C196A7,14.23,queries/Functions/09-12_network/contained_by_eq.sql,measured,1,3,5,2,0.040,1486.780,1,1,11997996,11997996,11998031,11997996,0,0,lineitem,309,18941,0,0,0,0,0
2026-07-27T17:48:16Z,F346E7F692C196A7,14.23,queries/Functions/09-12_network/contained_by_eq.sql,measured,1,4,5,2,0.060,1486.127,1,1,11997996,11997996,11998031,11997996,0,0,lineitem,309,18941,0,0,0,0,0
2026-07-27T17:48:16Z,F346E7F692C196A7,14.23,queries/Functions/09-12_network/contained_by_eq.sql,measured,1,5,5,2,0.040,1487.520,1,1,11997996,11997996,11998031,11997996,0,0,lineitem,309,18941,0,0,0,0,0
2026-07-27T17:48:24Z,F346E7F692C196A7,14.23,queries/Functions/09-12_network/contained_by_eq.sql,measured,2,1,5,2,0.348,1543.776,1,1,11997996,11997996,11998031,11997996,0,0,lineitem,309,18941,0,0,0,0,0
2026-07-27T17:48:24Z,F346E7F692C196A7,14.23,queries/Functions/09-12_network/contained_by_eq.sql,measured,2,2,5,2,0.041,1485.703,1,1,11997996,11997996,11998031,11997996,0,0,lineitem,309,18941,0,0,0,0,0
2026-07-27T17:48:24Z,F346E7F692C196A7,14.23,queries/Functions/09-12_network/contained_by_eq.sql,measured,2,3,5,2,0.042,1489.532,1,1,11997996,11997996,11998031,11997996,0,0,lineitem,309,18941,0,0,0,0,0
2026-07-27T17:48:24Z,F346E7F692C196A7,14.23,queries/Functions/09-12_network/contained_by_eq.sql,measured,2,4,5,2,0.040,1484.508,1,1,11997996,11997996,11998031,11997996,0,0,lineitem,309,18941,0,0,0,0,0
2026-07-27T17:48:24Z,F346E7F692C196A7,14.23,queries/Functions/09-12_network/contained_by_eq.sql,measured,2,5,5,2,0.041,1492.381,1,1,11997996,11997996,11998031,11997996,0,0,lineitem,309,18941,0,0,0,0,0
2026-07-27T17:48:26Z,F346E7F692C196A7,14.23,queries/Functions/09-12_network/contains.sql,warmup,1,1,1,2,0.350,1546.620,1,1,11997996,11997996,11998031,11997996,0,0,lineitem,309,18941,0,0,0,0,0
2026-07-27T17:48:27Z,F346E7F692C196A7,14.23,queries/Functions/09-12_network/contains.sql,warmup,2,1,1,2,0.304,1546.266,1,1,11997996,11997996,11998031,11997996,0,0,lineitem,309,18941,0,0,0,0,0
2026-07-27T17:48:35Z,F346E7F692C196A7,14.23,queries/Functions/09-12_network/contains.sql,measured,1,1,5,2,0.358,1539.971,1,1,11997996,11997996,11998031,11997996,0,0,lineitem,309,18941,0,0,0,0,0
2026-07-27T17:48:35Z,F346E7F692C196A7,14.23,queries/Functions/09-12_network/contains.sql,measured,1,2,5,2,0.047,1485.256,1,1,11997996,11997996,11998031,11997996,0,0,lineitem,309,18941,0,0,0,0,0
2026-07-27T17:48:35Z,F346E7F692C196A7,14.23,queries/Functions/09-12_network/contains.sql,measured,1,3,5,2,0.057,1483.470,1,1,11997996,11997996,11998031,11997996,0,0,lineitem,309,18941,0,0,0,0,0
2026-07-27T17:48:35Z,F346E7F692C196A7,14.23,queries/Functions/09-12_network/contains.sql,measured,1,4,5,2,0.041,1482.374,1,1,11997996,11997996,11998031,11997996,0,0,lineitem,309,18941,0,0,0,0,0
2026-07-27T17:48:35Z,F346E7F692C196A7,14.23,queries/Functions/09-12_network/contains.sql,measured,1,5,5,2,0.041,1484.382,1,1,11997996,11997996,11998031,11997996,0,0,lineitem,309,18941,0,0,0,0,0
2026-07-27T17:48:42Z,F346E7F692C196A7,14.23,queries/Functions/09-12_network/contains.sql,measured,2,1,5,2,0.348,1541.795,1,1,11997996,11997996,11998031,11997996,0,0,lineitem,309,18941,0,0,0,0,0
2026-07-27T17:48:42Z,F346E7F692C196A7,14.23,queries/Functions/09-12_network/contains.sql,measured,2,2,5,2,0.041,1488.600,1,1,11997996,11997996,11998031,11997996,0,0,lineitem,309,18941,0,0,0,0,0
2026-07-27T17:48:42Z,F346E7F692C196A7,14.23,queries/Functions/09-12_network/contains.sql,measured,2,3,5,2,0.041,1486.156,1,1,11997996,11997996,11998031,11997996,0,0,lineitem,309,18941,0,0,0,0,0
2026-07-27T17:48:42Z,F346E7F692C196A7,14.23,queries/Functions/09-12_network/contains.sql,measured,2,4,5,2,0.040,1483.832,1,1,11997996,11997996,11998031,11997996,0,0,lineitem,309,18941,0,0,0,0,0
2026-07-27T17:48:42Z,F346E7F692C196A7,14.23,queries/Functions/09-12_network/contains.sql,measured,2,5,5,2,0.040,1485.123,1,1,11997996,11997996,11998031,11997996,0,0,lineitem,309,18941,0,0,0,0,0
2026-07-27T17:48:44Z,F346E7F692C196A7,14.23,queries/Functions/09-12_network/family.sql,warmup,1,1,1,2,0.334,1463.944,1,1,11997996,11997996,11998031,47991984,0,0,lineitem,309,18941,0,0,0,0,0
2026-07-27T17:48:45Z,F346E7F692C196A7,14.23,queries/Functions/09-12_network/family.sql,warmup,2,1,1,2,0.311,1463.434,1,1,11997996,11997996,11998031,47991984,0,0,lineitem,309,18941,0,0,0,0,0
2026-07-27T17:48:53Z,F346E7F692C196A7,14.23,queries/Functions/09-12_network/family.sql,measured,1,1,5,2,0.324,1466.761,1,1,11997996,11997996,11998031,47991984,0,0,lineitem,309,18941,0,0,0,0,0
2026-07-27T17:48:53Z,F346E7F692C196A7,14.23,queries/Functions/09-12_network/family.sql,measured,1,2,5,2,0.040,1402.960,1,1,11997996,11997996,11998031,47991984,0,0,lineitem,309,18941,0,0,0,0,0
2026-07-27T17:48:53Z,F346E7F692C196A7,14.23,queries/Functions/09-12_network/family.sql,measured,1,3,5,2,0.040,1403.467,1,1,11997996,11997996,11998031,47991984,0,0,lineitem,309,18941,0,0,0,0,0
2026-07-27T17:48:53Z,F346E7F692C196A7,14.23,queries/Functions/09-12_network/family.sql,measured,1,4,5,2,0.040,1401.347,1,1,11997996,11997996,11998031,47991984,0,0,lineitem,309,18941,0,0,0,0,0
2026-07-27T17:48:53Z,F346E7F692C196A7,14.23,queries/Functions/09-12_network/family.sql,measured,1,5,5,2,0.058,1402.499,1,1,11997996,11997996,11998031,47991984,0,0,lineitem,309,18941,0,0,0,0,0
2026-07-27T17:49:00Z,F346E7F692C196A7,14.23,queries/Functions/09-12_network/family.sql,measured,2,1,5,2,0.329,1460.942,1,1,11997996,11997996,11998031,47991984,0,0,lineitem,309,18941,0,0,0,0,0
2026-07-27T17:49:00Z,F346E7F692C196A7,14.23,queries/Functions/09-12_network/family.sql,measured,2,2,5,2,0.040,1403.341,1,1,11997996,11997996,11998031,47991984,0,0,lineitem,309,18941,0,0,0,0,0
2026-07-27T17:49:00Z,F346E7F692C196A7,14.23,queries/Functions/09-12_network/family.sql,measured,2,3,5,2,0.041,1398.034,1,1,11997996,11997996,11998031,47991984,0,0,lineitem,309,18941,0,0,0,0,0
2026-07-27T17:49:00Z,F346E7F692C196A7,14.23,queries/Functions/09-12_network/family.sql,measured,2,4,5,2,0.041,1399.427,1,1,11997996,11997996,11998031,47991984,0,0,lineitem,309,18941,0,0,0,0,0
2026-07-27T17:49:00Z,F346E7F692C196A7,14.23,queries/Functions/09-12_network/family.sql,measured,2,5,5,2,0.041,1398.721,1,1,11997996,11997996,11998031,47991984,0,0,lineitem,309,18941,0,0,0,0,0
2026-07-27T17:49:04Z,F346E7F692C196A7,14.23,queries/Functions/09-12_network/host.sql,warmup,1,1,1,2,0.327,3925.738,1,1,11997996,11997996,11998031,383935872,0,0,lineitem,309,18941,0,0,0,0,0
2026-07-27T17:49:08Z,F346E7F692C196A7,14.23,queries/Functions/09-12_network/host.sql,warmup,2,1,1,2,0.314,3927.321,1,1,11997996,11997996,11998031,383935872,0,0,lineitem,309,18941,0,0,0,0,0
2026-07-27T17:49:27Z,F346E7F692C196A7,14.23,queries/Functions/09-12_network/host.sql,measured,1,1,5,2,0.325,3928.591,1,1,11997996,11997996,11998031,383935872,0,0,lineitem,309,18941,0,0,0,0,0
2026-07-27T17:49:27Z,F346E7F692C196A7,14.23,queries/Functions/09-12_network/host.sql,measured,1,2,5,2,0.040,3876.235,1,1,11997996,11997996,11998031,383935872,0,0,lineitem,309,18941,0,0,0,0,0
2026-07-27T17:49:27Z,F346E7F692C196A7,14.23,queries/Functions/09-12_network/host.sql,measured,1,3,5,2,0.040,3868.817,1,1,11997996,11997996,11998031,383935872,0,0,lineitem,309,18941,0,0,0,0,0
2026-07-27T17:49:27Z,F346E7F692C196A7,14.23,queries/Functions/09-12_network/host.sql,measured,1,4,5,2,0.040,3864.704,1,1,11997996,11997996,11998031,383935872,0,0,lineitem,309,18941,0,0,0,0,0
2026-07-27T17:49:27Z,F346E7F692C196A7,14.23,queries/Functions/09-12_network/host.sql,measured,1,5,5,2,0.051,3871.215,1,1,11997996,11997996,11998031,383935872,0,0,lineitem,309,18941,0,0,0,0,0
2026-07-27T17:49:47Z,F346E7F692C196A7,14.23,queries/Functions/09-12_network/host.sql,measured,2,1,5,2,0.356,3921.931,1,1,11997996,11997996,11998031,383935872,0,0,lineitem,309,18941,0,0,0,0,0
2026-07-27T17:49:47Z,F346E7F692C196A7,14.23,queries/Functions/09-12_network/host.sql,measured,2,2,5,2,0.039,3862.986,1,1,11997996,11997996,11998031,383935872,0,0,lineitem,309,18941,0,0,0,0,0
2026-07-27T17:49:47Z,F346E7F692C196A7,14.23,queries/Functions/09-12_network/host.sql,measured,2,3,5,2,0.040,3863.430,1,1,11997996,11997996,11998031,383935872,0,0,lineitem,309,18941,0,0,0,0,0
2026-07-27T17:49:47Z,F346E7F692C196A7,14.23,queries/Functions/09-12_network/host.sql,measured,2,4,5,2,0.040,3868.247,1,1,11997996,11997996,11998031,383935872,0,0,lineitem,309,18941,0,0,0,0,0
2026-07-27T17:49:47Z,F346E7F692C196A7,14.23,queries/Functions/09-12_network/host.sql,measured,2,5,5,2,0.040,3859.702,1,1,11997996,11997996,11998031,383935872,0,0,lineitem,309,18941,0,0,0,0,0
2026-07-27T17:49:48Z,F346E7F692C196A7,14.23,queries/Functions/09-12_network/hostmask.sql,warmup,1,1,1,2,0.362,941.208,1,1,11997996,11997996,11998031,383935872,0,0,lineitem,309,18941,0,0,0,0,0
2026-07-27T17:49:49Z,F346E7F692C196A7,14.23,queries/Functions/09-12_network/hostmask.sql,warmup,2,1,1,2,0.335,943.338,1,1,11997996,11997996,11998031,383935872,0,0,lineitem,309,18941,0,0,0,0,0
2026-07-27T17:49:53Z,F346E7F692C196A7,14.23,queries/Functions/09-12_network/hostmask.sql,measured,1,1,5,2,0.345,946.562,1,1,11997996,11997996,11998031,383935872,0,0,lineitem,309,18941,0,0,0,0,0
2026-07-27T17:49:53Z,F346E7F692C196A7,14.23,queries/Functions/09-12_network/hostmask.sql,measured,1,2,5,2,0.041,890.120,1,1,11997996,11997996,11998031,383935872,0,0,lineitem,309,18941,0,0,0,0,0
2026-07-27T17:49:53Z,F346E7F692C196A7,14.23,queries/Functions/09-12_network/hostmask.sql,measured,1,3,5,2,0.040,885.892,1,1,11997996,11997996,11998031,383935872,0,0,lineitem,309,18941,0,0,0,0,0
2026-07-27T17:49:53Z,F346E7F692C196A7,14.23,queries/Functions/09-12_network/hostmask.sql,measured,1,4,5,2,0.041,885.506,1,1,11997996,11997996,11998031,383935872,0,0,lineitem,309,18941,0,0,0,0,0
2026-07-27T17:49:53Z,F346E7F692C196A7,14.23,queries/Functions/09-12_network/hostmask.sql,measured,1,5,5,2,0.047,884.156,1,1,11997996,11997996,11998031,383935872,0,0,lineitem,309,18941,0,0,0,0,0
2026-07-27T17:49:58Z,F346E7F692C196A7,14.23,queries/Functions/09-12_network/hostmask.sql,measured,2,1,5,2,0.362,940.421,1,1,11997996,11997996,11998031,383935872,0,0,lineitem,309,18941,0,0,0,0,0
2026-07-27T17:49:58Z,F346E7F692C196A7,14.23,queries/Functions/09-12_network/hostmask.sql,measured,2,2,5,2,0.057,885.142,1,1,11997996,11997996,11998031,383935872,0,0,lineitem,309,18941,0,0,0,0,0
2026-07-27T17:49:58Z,F346E7F692C196A7,14.23,queries/Functions/09-12_network/hostmask.sql,measured,2,3,5,2,0.040,884.707,1,1,11997996,11997996,11998031,383935872,0,0,lineitem,309,18941,0,0,0,0,0
2026-07-27T17:49:58Z,F346E7F692C196A7,14.23,queries/Functions/09-12_network/hostmask.sql,measured,2,4,5,2,0.058,885.500,1,1,11997996,11997996,11998031,383935872,0,0,lineitem,309,18941,0,0,0,0,0
2026-07-27T17:49:58Z,F346E7F692C196A7,14.23,queries/Functions/09-12_network/hostmask.sql,measured,2,5,5,2,0.041,885.289,1,1,11997996,11997996,11998031,383935872,0,0,lineitem,309,18941,0,0,0,0,0
2026-07-27T17:50:00Z,F346E7F692C196A7,14.23,queries/Functions/09-12_network/inet_add.sql,warmup,1,1,1,2,0.364,1668.052,1,1,11997996,11997996,11998031,383935872,0,0,lineitem,309,18941,0,0,0,0,0
2026-07-27T17:50:01Z,F346E7F692C196A7,14.23,queries/Functions/09-12_network/inet_add.sql,warmup,2,1,1,2,0.331,1661.333,1,1,11997996,11997996,11998031,383935872,0,0,lineitem,309,18941,0,0,0,0,0
2026-07-27T17:50:10Z,F346E7F692C196A7,14.23,queries/Functions/09-12_network/inet_add.sql,measured,1,1,5,2,0.343,1660.883,1,1,11997996,11997996,11998031,383935872,0,0,lineitem,309,18941,0,0,0,0,0
2026-07-27T17:50:10Z,F346E7F692C196A7,14.23,queries/Functions/09-12_network/inet_add.sql,measured,1,2,5,2,0.043,1611.639,1,1,11997996,11997996,11998031,383935872,0,0,lineitem,309,18941,0,0,0,0,0
2026-07-27T17:50:10Z,F346E7F692C196A7,14.23,queries/Functions/09-12_network/inet_add.sql,measured,1,3,5,2,0.044,1610.359,1,1,11997996,11997996,11998031,383935872,0,0,lineitem,309,18941,0,0,0,0,0
2026-07-27T17:50:10Z,F346E7F692C196A7,14.23,queries/Functions/09-12_network/inet_add.sql,measured,1,4,5,2,0.059,1611.460,1,1,11997996,11997996,11998031,383935872,0,0,lineitem,309,18941,0,0,0,0,0
2026-07-27T17:50:10Z,F346E7F692C196A7,14.23,queries/Functions/09-12_network/inet_add.sql,measured,1,5,5,2,0.043,1612.924,1,1,11997996,11997996,11998031,383935872,0,0,lineitem,309,18941,0,0,0,0,0
2026-07-27T17:50:18Z,F346E7F692C196A7,14.23,queries/Functions/09-12_network/inet_add.sql,measured,2,1,5,2,0.369,1661.133,1,1,11997996,11997996,11998031,383935872,0,0,lineitem,309,18941,0,0,0,0,0
2026-07-27T17:50:18Z,F346E7F692C196A7,14.23,queries/Functions/09-12_network/inet_add.sql,measured,2,2,5,2,0.044,1613.669,1,1,11997996,11997996,11998031,383935872,0,0,lineitem,309,18941,0,0,0,0,0
2026-07-27T17:50:18Z,F346E7F692C196A7,14.23,queries/Functions/09-12_network/inet_add.sql,measured,2,3,5,2,0.044,1611.878,1,1,11997996,11997996,11998031,383935872,0,0,lineitem,309,18941,0,0,0,0,0
2026-07-27T17:50:18Z,F346E7F692C196A7,14.23,queries/Functions/09-12_network/inet_add.sql,measured,2,4,5,2,0.050,1612.004,1,1,11997996,11997996,11998031,383935872,0,0,lineitem,309,18941,0,0,0,0,0
2026-07-27T17:50:18Z,F346E7F692C196A7,14.23,queries/Functions/09-12_network/inet_add.sql,measured,2,5,5,2,0.043,1609.031,1,1,11997996,11997996,11998031,383935872,0,0,lineitem,309,18941,0,0,0,0,0
2026-07-27T17:50:19Z,F346E7F692C196A7,14.23,queries/Functions/09-12_network/inet_cast.sql,warmup,1,1,1,2,0.350,1436.009,1,1,11997996,11997996,11998031,383935872,0,0,lineitem,309,18941,0,0,0,0,0
2026-07-27T17:50:21Z,F346E7F692C196A7,14.23,queries/Functions/09-12_network/inet_cast.sql,warmup,2,1,1,2,0.352,1452.975,1,1,11997996,11997996,11998031,383935872,0,0,lineitem,309,18941,0,0,0,0,0
2026-07-27T17:50:28Z,F346E7F692C196A7,14.23,queries/Functions/09-12_network/inet_cast.sql,measured,1,1,5,2,0.324,1456.189,1,1,11997996,11997996,11998031,383935872,0,0,lineitem,309,18941,0,0,0,0,0
2026-07-27T17:50:28Z,F346E7F692C196A7,14.23,queries/Functions/09-12_network/inet_cast.sql,measured,1,2,5,2,0.039,1392.052,1,1,11997996,11997996,11998031,383935872,0,0,lineitem,309,18941,0,0,0,0,0
2026-07-27T17:50:28Z,F346E7F692C196A7,14.23,queries/Functions/09-12_network/inet_cast.sql,measured,1,3,5,2,0.059,1384.473,1,1,11997996,11997996,11998031,383935872,0,0,lineitem,309,18941,0,0,0,0,0
2026-07-27T17:50:28Z,F346E7F692C196A7,14.23,queries/Functions/09-12_network/inet_cast.sql,measured,1,4,5,2,0.042,1386.266,1,1,11997996,11997996,11998031,383935872,0,0,lineitem,309,18941,0,0,0,0,0
2026-07-27T17:50:28Z,F346E7F692C196A7,14.23,queries/Functions/09-12_network/inet_cast.sql,measured,1,5,5,2,0.041,1383.715,1,1,11997996,11997996,11998031,383935872,0,0,lineitem,309,18941,0,0,0,0,0
2026-07-27T17:50:35Z,F346E7F692C196A7,14.23,queries/Functions/09-12_network/inet_cast.sql,measured,2,1,5,2,0.331,1444.875,1,1,11997996,11997996,11998031,383935872,0,0,lineitem,309,18941,0,0,0,0,0
2026-07-27T17:50:35Z,F346E7F692C196A7,14.23,queries/Functions/09-12_network/inet_cast.sql,measured,2,2,5,2,0.056,1378.346,1,1,11997996,11997996,11998031,383935872,0,0,lineitem,309,18941,0,0,0,0,0
2026-07-27T17:50:35Z,F346E7F692C196A7,14.23,queries/Functions/09-12_network/inet_cast.sql,measured,2,3,5,2,0.058,1384.607,1,1,11997996,11997996,11998031,383935872,0,0,lineitem,309,18941,0,0,0,0,0
2026-07-27T17:50:35Z,F346E7F692C196A7,14.23,queries/Functions/09-12_network/inet_cast.sql,measured,2,4,5,2,0.043,1380.834,1,1,11997996,11997996,11998031,383935872,0,0,lineitem,309,18941,0,0,0,0,0
2026-07-27T17:50:35Z,F346E7F692C196A7,14.23,queries/Functions/09-12_network/inet_cast.sql,measured,2,5,5,2,0.040,1377.789,1,1,11997996,11997996,11998031,383935872,0,0,lineitem,309,18941,0,0,0,0,0
2026-07-27T17:50:37Z,F346E7F692C196A7,14.23,queries/Functions/09-12_network/inet_sub_inet.sql,warmup,1,1,1,2,0.335,1558.388,1,1,11997996,11997996,11998031,95983968,0,0,lineitem,309,18941,0,0,0,0,0
2026-07-27T17:50:38Z,F346E7F692C196A7,14.23,queries/Functions/09-12_network/inet_sub_inet.sql,warmup,2,1,1,2,0.321,1553.939,1,1,11997996,11997996,11998031,95983968,0,0,lineitem,309,18941,0,0,0,0,0
2026-07-27T17:50:46Z,F346E7F692C196A7,14.23,queries/Functions/09-12_network/inet_sub_inet.sql,measured,1,1,5,2,0.327,1558.031,1,1,11997996,11997996,11998031,95983968,0,0,lineitem,309,18941,0,0,0,0,0
2026-07-27T17:50:46Z,F346E7F692C196A7,14.23,queries/Functions/09-12_network/inet_sub_inet.sql,measured,1,2,5,2,0.041,1497.256,1,1,11997996,11997996,11998031,95983968,0,0,lineitem,309,18941,0,0,0,0,0
2026-07-27T17:50:46Z,F346E7F692C196A7,14.23,queries/Functions/09-12_network/inet_sub_inet.sql,measured,1,3,5,2,0.041,1494.021,1,1,11997996,11997996,11998031,95983968,0,0,lineitem,309,18941,0,0,0,0,0
2026-07-27T17:50:46Z,F346E7F692C196A7,14.23,queries/Functions/09-12_network/inet_sub_inet.sql,measured,1,4,5,2,0.041,1495.320,1,1,11997996,11997996,11998031,95983968,0,0,lineitem,309,18941,0,0,0,0,0
2026-07-27T17:50:46Z,F346E7F692C196A7,14.23,queries/Functions/09-12_network/inet_sub_inet.sql,measured,1,5,5,2,0.057,1493.837,1,1,11997996,11997996,11998031,95983968,0,0,lineitem,309,18941,0,0,0,0,0
2026-07-27T17:50:53Z,F346E7F692C196A7,14.23,queries/Functions/09-12_network/inet_sub_inet.sql,measured,2,1,5,2,0.344,1555.889,1,1,11997996,11997996,11998031,95983968,0,0,lineitem,309,18941,0,0,0,0,0
2026-07-27T17:50:53Z,F346E7F692C196A7,14.23,queries/Functions/09-12_network/inet_sub_inet.sql,measured,2,2,5,2,0.039,1498.651,1,1,11997996,11997996,11998031,95983968,0,0,lineitem,309,18941,0,0,0,0,0
2026-07-27T17:50:53Z,F346E7F692C196A7,14.23,queries/Functions/09-12_network/inet_sub_inet.sql,measured,2,3,5,2,0.040,1502.017,1,1,11997996,11997996,11998031,95983968,0,0,lineitem,309,18941,0,0,0,0,0
2026-07-27T17:50:53Z,F346E7F692C196A7,14.23,queries/Functions/09-12_network/inet_sub_inet.sql,measured,2,4,5,2,0.040,1495.844,1,1,11997996,11997996,11998031,95983968,0,0,lineitem,309,18941,0,0,0,0,0
2026-07-27T17:50:53Z,F346E7F692C196A7,14.23,queries/Functions/09-12_network/inet_sub_inet.sql,measured,2,5,5,2,0.041,1499.096,1,1,11997996,11997996,11998031,95983968,0,0,lineitem,309,18941,0,0,0,0,0
2026-07-27T17:50:55Z,F346E7F692C196A7,14.23,queries/Functions/09-12_network/inet_sub_int.sql,warmup,1,1,1,2,0.363,1688.345,1,1,11997996,11997996,11998031,383935872,0,0,lineitem,309,18941,0,0,0,0,0
2026-07-27T17:50:57Z,F346E7F692C196A7,14.23,queries/Functions/09-12_network/inet_sub_int.sql,warmup,2,1,1,2,0.344,1691.667,1,1,11997996,11997996,11998031,383935872,0,0,lineitem,309,18941,0,0,0,0,0
2026-07-27T17:51:05Z,F346E7F692C196A7,14.23,queries/Functions/09-12_network/inet_sub_int.sql,measured,1,1,5,2,0.332,1692.061,1,1,11997996,11997996,11998031,383935872,0,0,lineitem,309,18941,0,0,0,0,0
2026-07-27T17:51:05Z,F346E7F692C196A7,14.23,queries/Functions/09-12_network/inet_sub_int.sql,measured,1,2,5,2,0.052,1636.348,1,1,11997996,11997996,11998031,383935872,0,0,lineitem,309,18941,0,0,0,0,0
2026-07-27T17:51:05Z,F346E7F692C196A7,14.23,queries/Functions/09-12_network/inet_sub_int.sql,measured,1,3,5,2,0.043,1632.118,1,1,11997996,11997996,11998031,383935872,0,0,lineitem,309,18941,0,0,0,0,0
2026-07-27T17:51:05Z,F346E7F692C196A7,14.23,queries/Functions/09-12_network/inet_sub_int.sql,measured,1,4,5,2,0.045,1635.324,1,1,11997996,11997996,11998031,383935872,0,0,lineitem,309,18941,0,0,0,0,0
2026-07-27T17:51:05Z,F346E7F692C196A7,14.23,queries/Functions/09-12_network/inet_sub_int.sql,measured,1,5,5,2,0.043,1635.409,1,1,11997996,11997996,11998031,383935872,0,0,lineitem,309,18941,0,0,0,0,0
2026-07-27T17:51:14Z,F346E7F692C196A7,14.23,queries/Functions/09-12_network/inet_sub_int.sql,measured,2,1,5,2,0.363,1686.138,1,1,11997996,11997996,11998031,383935872,0,0,lineitem,309,18941,0,0,0,0,0
2026-07-27T17:51:14Z,F346E7F692C196A7,14.23,queries/Functions/09-12_network/inet_sub_int.sql,measured,2,2,5,2,0.044,1632.031,1,1,11997996,11997996,11998031,383935872,0,0,lineitem,309,18941,0,0,0,0,0
2026-07-27T17:51:14Z,F346E7F692C196A7,14.23,queries/Functions/09-12_network/inet_sub_int.sql,measured,2,3,5,2,0.051,1630.782,1,1,11997996,11997996,11998031,383935872,0,0,lineitem,309,18941,0,0,0,0,0
2026-07-27T17:51:14Z,F346E7F692C196A7,14.23,queries/Functions/09-12_network/inet_sub_int.sql,measured,2,4,5,2,0.044,1634.410,1,1,11997996,11997996,11998031,383935872,0,0,lineitem,309,18941,0,0,0,0,0
2026-07-27T17:51:14Z,F346E7F692C196A7,14.23,queries/Functions/09-12_network/inet_sub_int.sql,measured,2,5,5,2,0.044,1631.283,1,1,11997996,11997996,11998031,383935872,0,0,lineitem,309,18941,0,0,0,0,0
2026-07-27T17:51:15Z,F346E7F692C196A7,14.23,queries/Functions/09-12_network/macaddr_cast.sql,warmup,1,1,1,2,0.375,1426.587,1,1,11997996,11997996,11998031,383935872,0,0,lineitem,309,18941,0,0,0,0,0
2026-07-27T17:51:17Z,F346E7F692C196A7,14.23,queries/Functions/09-12_network/macaddr_cast.sql,warmup,2,1,1,2,0.355,1421.989,1,1,11997996,11997996,11998031,383935872,0,0,lineitem,309,18941,0,0,0,0,0
2026-07-27T17:51:24Z,F346E7F692C196A7,14.23,queries/Functions/09-12_network/macaddr_cast.sql,measured,1,1,5,2,0.300,1422.367,1,1,11997996,11997996,11998031,383935872,0,0,lineitem,309,18941,0,0,0,0,0
2026-07-27T17:51:24Z,F346E7F692C196A7,14.23,queries/Functions/09-12_network/macaddr_cast.sql,measured,1,2,5,2,0.040,1365.126,1,1,11997996,11997996,11998031,383935872,0,0,lineitem,309,18941,0,0,0,0,0
2026-07-27T17:51:24Z,F346E7F692C196A7,14.23,queries/Functions/09-12_network/macaddr_cast.sql,measured,1,3,5,2,0.040,1360.555,1,1,11997996,11997996,11998031,383935872,0,0,lineitem,309,18941,0,0,0,0,0
2026-07-27T17:51:24Z,F346E7F692C196A7,14.23,queries/Functions/09-12_network/macaddr_cast.sql,measured,1,4,5,2,0.040,1364.302,1,1,11997996,11997996,11998031,383935872,0,0,lineitem,309,18941,0,0,0,0,0
2026-07-27T17:51:24Z,F346E7F692C196A7,14.23,queries/Functions/09-12_network/macaddr_cast.sql,measured,1,5,5,2,0.048,1361.668,1,1,11997996,11997996,11998031,383935872,0,0,lineitem,309,18941,0,0,0,0,0
2026-07-27T17:51:31Z,F346E7F692C196A7,14.23,queries/Functions/09-12_network/macaddr_cast.sql,measured,2,1,5,2,0.341,1424.948,1,1,11997996,11997996,11998031,383935872,0,0,lineitem,309,18941,0,0,0,0,0
2026-07-27T17:51:31Z,F346E7F692C196A7,14.23,queries/Functions/09-12_network/macaddr_cast.sql,measured,2,2,5,2,0.040,1366.978,1,1,11997996,11997996,11998031,383935872,0,0,lineitem,309,18941,0,0,0,0,0
2026-07-27T17:51:31Z,F346E7F692C196A7,14.23,queries/Functions/09-12_network/macaddr_cast.sql,measured,2,3,5,2,0.039,1364.270,1,1,11997996,11997996,11998031,383935872,0,0,lineitem,309,18941,0,0,0,0,0
2026-07-27T17:51:31Z,F346E7F692C196A7,14.23,queries/Functions/09-12_network/macaddr_cast.sql,measured,2,4,5,2,0.040,1366.219,1,1,11997996,11997996,11998031,383935872,0,0,lineitem,309,18941,0,0,0,0,0
2026-07-27T17:51:31Z,F346E7F692C196A7,14.23,queries/Functions/09-12_network/macaddr_cast.sql,measured,2,5,5,2,0.040,1363.811,1,1,11997996,11997996,11998031,383935872,0,0,lineitem,309,18941,0,0,0,0,0
2026-07-27T17:51:32Z,F346E7F692C196A7,14.23,queries/Functions/09-12_network/masklen.sql,warmup,1,1,1,2,0.346,1462.390,1,1,11997996,11997996,11998031,47991984,0,0,lineitem,309,18941,0,0,0,0,0
2026-07-27T17:51:34Z,F346E7F692C196A7,14.23,queries/Functions/09-12_network/masklen.sql,warmup,2,1,1,2,0.334,1459.988,1,1,11997996,11997996,11998031,47991984,0,0,lineitem,309,18941,0,0,0,0,0
2026-07-27T17:51:41Z,F346E7F692C196A7,14.23,queries/Functions/09-12_network/masklen.sql,measured,1,1,5,2,0.315,1462.928,1,1,11997996,11997996,11998031,47991984,0,0,lineitem,309,18941,0,0,0,0,0
2026-07-27T17:51:41Z,F346E7F692C196A7,14.23,queries/Functions/09-12_network/masklen.sql,measured,1,2,5,2,0.040,1397.625,1,1,11997996,11997996,11998031,47991984,0,0,lineitem,309,18941,0,0,0,0,0
2026-07-27T17:51:41Z,F346E7F692C196A7,14.23,queries/Functions/09-12_network/masklen.sql,measured,1,3,5,2,0.040,1397.311,1,1,11997996,11997996,11998031,47991984,0,0,lineitem,309,18941,0,0,0,0,0
2026-07-27T17:51:41Z,F346E7F692C196A7,14.23,queries/Functions/09-12_network/masklen.sql,measured,1,4,5,2,0.041,1394.843,1,1,11997996,11997996,11998031,47991984,0,0,lineitem,309,18941,0,0,0,0,0
2026-07-27T17:51:41Z,F346E7F692C196A7,14.23,queries/Functions/09-12_network/masklen.sql,measured,1,5,5,2,0.038,1394.060,1,1,11997996,11997996,11998031,47991984,0,0,lineitem,309,18941,0,0,0,0,0
2026-07-27T17:51:48Z,F346E7F692C196A7,14.23,queries/Functions/09-12_network/masklen.sql,measured,2,1,5,2,0.338,1458.924,1,1,11997996,11997996,11998031,47991984,0,0,lineitem,309,18941,0,0,0,0,0
2026-07-27T17:51:48Z,F346E7F692C196A7,14.23,queries/Functions/09-12_network/masklen.sql,measured,2,2,5,2,0.039,1393.982,1,1,11997996,11997996,11998031,47991984,0,0,lineitem,309,18941,0,0,0,0,0
2026-07-27T17:51:48Z,F346E7F692C196A7,14.23,queries/Functions/09-12_network/masklen.sql,measured,2,3,5,2,0.040,1392.369,1,1,11997996,11997996,11998031,47991984,0,0,lineitem,309,18941,0,0,0,0,0
2026-07-27T17:51:48Z,F346E7F692C196A7,14.23,queries/Functions/09-12_network/masklen.sql,measured,2,4,5,2,0.039,1391.808,1,1,11997996,11997996,11998031,47991984,0,0,lineitem,309,18941,0,0,0,0,0
2026-07-27T17:51:48Z,F346E7F692C196A7,14.23,queries/Functions/09-12_network/masklen.sql,measured,2,5,5,2,0.040,1395.594,1,1,11997996,11997996,11998031,47991984,0,0,lineitem,309,18941,0,0,0,0,0
2026-07-27T17:51:49Z,F346E7F692C196A7,14.23,queries/Functions/09-12_network/netmask.sql,warmup,1,1,1,2,0.365,942.091,1,1,11997996,11997996,11998031,383935872,0,0,lineitem,309,18941,0,0,0,0,0
2026-07-27T17:51:50Z,F346E7F692C196A7,14.23,queries/Functions/09-12_network/netmask.sql,warmup,2,1,1,2,0.340,947.154,1,1,11997996,11997996,11998031,383935872,0,0,lineitem,309,18941,0,0,0,0,0
2026-07-27T17:51:55Z,F346E7F692C196A7,14.23,queries/Functions/09-12_network/netmask.sql,measured,1,1,5,2,0.368,942.180,1,1,11997996,11997996,11998031,383935872,0,0,lineitem,309,18941,0,0,0,0,0
2026-07-27T17:51:55Z,F346E7F692C196A7,14.23,queries/Functions/09-12_network/netmask.sql,measured,1,2,5,2,0.040,886.616,1,1,11997996,11997996,11998031,383935872,0,0,lineitem,309,18941,0,0,0,0,0
2026-07-27T17:51:55Z,F346E7F692C196A7,14.23,queries/Functions/09-12_network/netmask.sql,measured,1,3,5,2,0.057,890.824,1,1,11997996,11997996,11998031,383935872,0,0,lineitem,309,18941,0,0,0,0,0
2026-07-27T17:51:55Z,F346E7F692C196A7,14.23,queries/Functions/09-12_network/netmask.sql,measured,1,4,5,2,0.041,891.208,1,1,11997996,11997996,11998031,383935872,0,0,lineitem,309,18941,0,0,0,0,0
2026-07-27T17:51:55Z,F346E7F692C196A7,14.23,queries/Functions/09-12_network/netmask.sql,measured,1,5,5,2,0.040,885.417,1,1,11997996,11997996,11998031,383935872,0,0,lineitem,309,18941,0,0,0,0,0
2026-07-27T17:51:59Z,F346E7F692C196A7,14.23,queries/Functions/09-12_network/netmask.sql,measured,2,1,5,2,0.368,947.241,1,1,11997996,11997996,11998031,383935872,0,0,lineitem,309,18941,0,0,0,0,0
2026-07-27T17:51:59Z,F346E7F692C196A7,14.23,queries/Functions/09-12_network/netmask.sql,measured,2,2,5,2,0.039,890.339,1,1,11997996,11997996,11998031,383935872,0,0,lineitem,309,18941,0,0,0,0,0
2026-07-27T17:51:59Z,F346E7F692C196A7,14.23,queries/Functions/09-12_network/netmask.sql,measured,2,3,5,2,0.037,887.079,1,1,11997996,11997996,11998031,383935872,0,0,lineitem,309,18941,0,0,0,0,0
2026-07-27T17:51:59Z,F346E7F692C196A7,14.23,queries/Functions/09-12_network/netmask.sql,measured,2,4,5,2,0.059,892.563,1,1,11997996,11997996,11998031,383935872,0,0,lineitem,309,18941,0,0,0,0,0
2026-07-27T17:51:59Z,F346E7F692C196A7,14.23,queries/Functions/09-12_network/netmask.sql,measured,2,5,5,2,0.047,890.974,1,1,11997996,11997996,11998031,383935872,0,0,lineitem,309,18941,0,0,0,0,0
2026-07-27T17:52:01Z,F346E7F692C196A7,14.23,queries/Functions/09-12_network/network.sql,warmup,1,1,1,2,0.331,1667.372,1,1,11997996,11997996,11998031,383935872,0,0,lineitem,309,18941,0,0,0,0,0
2026-07-27T17:52:03Z,F346E7F692C196A7,14.23,queries/Functions/09-12_network/network.sql,warmup,2,1,1,2,0.321,1674.062,1,1,11997996,11997996,11998031,383935872,0,0,lineitem,309,18941,0,0,0,0,0
2026-07-27T17:52:11Z,F346E7F692C196A7,14.23,queries/Functions/09-12_network/network.sql,measured,1,1,5,2,0.335,1666.008,1,1,11997996,11997996,11998031,383935872,0,0,lineitem,309,18941,0,0,0,0,0
2026-07-27T17:52:11Z,F346E7F692C196A7,14.23,queries/Functions/09-12_network/network.sql,measured,1,2,5,2,0.040,1608.062,1,1,11997996,11997996,11998031,383935872,0,0,lineitem,309,18941,0,0,0,0,0
2026-07-27T17:52:11Z,F346E7F692C196A7,14.23,queries/Functions/09-12_network/network.sql,measured,1,3,5,2,0.045,1608.702,1,1,11997996,11997996,11998031,383935872,0,0,lineitem,309,18941,0,0,0,0,0
2026-07-27T17:52:11Z,F346E7F692C196A7,14.23,queries/Functions/09-12_network/network.sql,measured,1,4,5,2,0.040,1610.734,1,1,11997996,11997996,11998031,383935872,0,0,lineitem,309,18941,0,0,0,0,0
2026-07-27T17:52:11Z,F346E7F692C196A7,14.23,queries/Functions/09-12_network/network.sql,measured,1,5,5,2,0.042,1614.163,1,1,11997996,11997996,11998031,383935872,0,0,lineitem,309,18941,0,0,0,0,0
2026-07-27T17:52:19Z,F346E7F692C196A7,14.23,queries/Functions/09-12_network/network.sql,measured,2,1,5,2,0.344,1666.395,1,1,11997996,11997996,11998031,383935872,0,0,lineitem,309,18941,0,0,0,0,0
2026-07-27T17:52:19Z,F346E7F692C196A7,14.23,queries/Functions/09-12_network/network.sql,measured,2,2,5,2,0.049,1606.943,1,1,11997996,11997996,11998031,383935872,0,0,lineitem,309,18941,0,0,0,0,0
2026-07-27T17:52:19Z,F346E7F692C196A7,14.23,queries/Functions/09-12_network/network.sql,measured,2,3,5,2,0.040,1614.433,1,1,11997996,11997996,11998031,383935872,0,0,lineitem,309,18941,0,0,0,0,0
2026-07-27T17:52:19Z,F346E7F692C196A7,14.23,queries/Functions/09-12_network/network.sql,measured,2,4,5,2,0.039,1607.685,1,1,11997996,11997996,11998031,383935872,0,0,lineitem,309,18941,0,0,0,0,0
2026-07-27T17:52:19Z,F346E7F692C196A7,14.23,queries/Functions/09-12_network/network.sql,measured,2,5,5,2,0.041,1611.497,1,1,11997996,11997996,11998031,383935872,0,0,lineitem,309,18941,0,0,0,0,0
2026-07-27T17:52:21Z,F346E7F692C196A7,14.23,queries/Functions/09-12_network/overlaps.sql,warmup,1,1,1,2,0.341,1548.011,1,1,11997996,11997996,11998031,11997996,0,0,lineitem,309,18941,0,0,0,0,0
2026-07-27T17:52:22Z,F346E7F692C196A7,14.23,queries/Functions/09-12_network/overlaps.sql,warmup,2,1,1,2,0.320,1546.428,1,1,11997996,11997996,11998031,11997996,0,0,lineitem,309,18941,0,0,0,0,0
2026-07-27T17:52:30Z,F346E7F692C196A7,14.23,queries/Functions/09-12_network/overlaps.sql,measured,1,1,5,2,0.319,1554.176,1,1,11997996,11997996,11998031,11997996,0,0,lineitem,309,18941,0,0,0,0,0
2026-07-27T17:52:30Z,F346E7F692C196A7,14.23,queries/Functions/09-12_network/overlaps.sql,measured,1,2,5,2,0.040,1492.203,1,1,11997996,11997996,11998031,11997996,0,0,lineitem,309,18941,0,0,0,0,0
2026-07-27T17:52:30Z,F346E7F692C196A7,14.23,queries/Functions/09-12_network/overlaps.sql,measured,1,3,5,2,0.041,1494.349,1,1,11997996,11997996,11998031,11997996,0,0,lineitem,309,18941,0,0,0,0,0
2026-07-27T17:52:30Z,F346E7F692C196A7,14.23,queries/Functions/09-12_network/overlaps.sql,measured,1,4,5,2,0.040,1490.185,1,1,11997996,11997996,11998031,11997996,0,0,lineitem,309,18941,0,0,0,0,0
2026-07-27T17:52:30Z,F346E7F692C196A7,14.23,queries/Functions/09-12_network/overlaps.sql,measured,1,5,5,2,0.041,1490.675,1,1,11997996,11997996,11998031,11997996,0,0,lineitem,309,18941,0,0,0,0,0
2026-07-27T17:52:37Z,F346E7F692C196A7,14.23,queries/Functions/09-12_network/overlaps.sql,measured,2,1,5,2,0.340,1547.943,1,1,11997996,11997996,11998031,11997996,0,0,lineitem,309,18941,0,0,0,0,0
2026-07-27T17:52:37Z,F346E7F692C196A7,14.23,queries/Functions/09-12_network/overlaps.sql,measured,2,2,5,2,0.038,1489.780,1,1,11997996,11997996,11998031,11997996,0,0,lineitem,309,18941,0,0,0,0,0
2026-07-27T17:52:37Z,F346E7F692C196A7,14.23,queries/Functions/09-12_network/overlaps.sql,measured,2,3,5,2,0.050,1494.590,1,1,11997996,11997996,11998031,11997996,0,0,lineitem,309,18941,0,0,0,0,0
2026-07-27T17:52:37Z,F346E7F692C196A7,14.23,queries/Functions/09-12_network/overlaps.sql,measured,2,4,5,2,0.050,1490.493,1,1,11997996,11997996,11998031,11997996,0,0,lineitem,309,18941,0,0,0,0,0
2026-07-27T17:52:37Z,F346E7F692C196A7,14.23,queries/Functions/09-12_network/overlaps.sql,measured,2,5,5,2,0.040,1489.261,1,1,11997996,11997996,11998031,11997996,0,0,lineitem,309,18941,0,0,0,0,0
2026-07-27T17:52:39Z,F346E7F692C196A7,14.23,queries/Functions/09-12_network/set_masklen.sql,warmup,1,1,1,2,0.331,1637.528,1,1,11997996,11997996,11998031,383935872,0,0,lineitem,309,18941,0,0,0,0,0
2026-07-27T17:52:41Z,F346E7F692C196A7,14.23,queries/Functions/09-12_network/set_masklen.sql,warmup,2,1,1,2,0.331,1642.998,1,1,11997996,11997996,11998031,383935872,0,0,lineitem,309,18941,0,0,0,0,0
2026-07-27T17:52:49Z,F346E7F692C196A7,14.23,queries/Functions/09-12_network/set_masklen.sql,measured,1,1,5,2,0.334,1645.718,1,1,11997996,11997996,11998031,383935872,0,0,lineitem,309,18941,0,0,0,0,0
2026-07-27T17:52:49Z,F346E7F692C196A7,14.23,queries/Functions/09-12_network/set_masklen.sql,measured,1,2,5,2,0.039,1587.740,1,1,11997996,11997996,11998031,383935872,0,0,lineitem,309,18941,0,0,0,0,0
2026-07-27T17:52:49Z,F346E7F692C196A7,14.23,queries/Functions/09-12_network/set_masklen.sql,measured,1,3,5,2,0.041,1588.011,1,1,11997996,11997996,11998031,383935872,0,0,lineitem,309,18941,0,0,0,0,0
2026-07-27T17:52:49Z,F346E7F692C196A7,14.23,queries/Functions/09-12_network/set_masklen.sql,measured,1,4,5,2,0.040,1588.838,1,1,11997996,11997996,11998031,383935872,0,0,lineitem,309,18941,0,0,0,0,0
2026-07-27T17:52:49Z,F346E7F692C196A7,14.23,queries/Functions/09-12_network/set_masklen.sql,measured,1,5,5,2,0.040,1594.615,1,1,11997996,11997996,11998031,383935872,0,0,lineitem,309,18941,0,0,0,0,0
2026-07-27T17:52:57Z,F346E7F692C196A7,14.23,queries/Functions/09-12_network/set_masklen.sql,measured,2,1,5,2,0.355,1642.972,1,1,11997996,11997996,11998031,383935872,0,0,lineitem,309,18941,0,0,0,0,0
2026-07-27T17:52:57Z,F346E7F692C196A7,14.23,queries/Functions/09-12_network/set_masklen.sql,measured,2,2,5,2,0.040,1586.425,1,1,11997996,11997996,11998031,383935872,0,0,lineitem,309,18941,0,0,0,0,0
2026-07-27T17:52:57Z,F346E7F692C196A7,14.23,queries/Functions/09-12_network/set_masklen.sql,measured,2,3,5,2,0.058,1592.088,1,1,11997996,11997996,11998031,383935872,0,0,lineitem,309,18941,0,0,0,0,0
2026-07-27T17:52:57Z,F346E7F692C196A7,14.23,queries/Functions/09-12_network/set_masklen.sql,measured,2,4,5,2,0.045,1586.472,1,1,11997996,11997996,11998031,383935872,0,0,lineitem,309,18941,0,0,0,0,0
2026-07-27T17:52:57Z,F346E7F692C196A7,14.23,queries/Functions/09-12_network/set_masklen.sql,measured,2,5,5,2,0.041,1590.724,1,1,11997996,11997996,11998031,383935872,0,0,lineitem,309,18941,0,0,0,0,0
2026-07-27T17:53:15Z,F346E7F692C196A7,14.23,queries/Functions/09-13_text_search/length_tsvector.sql,warmup,1,1,1,2,0.289,17434.980,2,1,11997996,23995992,11998031,95983968,0,2,lineitem,278,224940,0,0,0,0,0
2026-07-27T17:53:33Z,F346E7F692C196A7,14.23,queries/Functions/09-13_text_search/length_tsvector.sql,warmup,2,1,1,2,0.195,18832.003,2,1,11997996,23995992,11998031,95983968,0,2,lineitem,394,224824,0,0,0,0,0
2026-07-27T17:55:12Z,F346E7F692C196A7,14.23,queries/Functions/09-13_text_search/length_tsvector.sql,measured,1,1,5,2,0.244,19618.426,2,1,11997996,23995992,11998031,95983968,0,2,lineitem,490,224728,0,0,0,0,0
2026-07-27T17:55:12Z,F346E7F692C196A7,14.23,queries/Functions/09-13_text_search/length_tsvector.sql,measured,1,2,5,2,0.035,19564.843,2,1,11997996,23995992,11998031,95983968,0,2,lineitem,564,224632,0,0,0,0,0
2026-07-27T17:55:12Z,F346E7F692C196A7,14.23,queries/Functions/09-13_text_search/length_tsvector.sql,measured,1,3,5,2,0.054,19637.819,2,1,11997996,23995992,11998031,95983968,0,2,lineitem,660,224536,0,0,0,0,0
2026-07-27T17:55:12Z,F346E7F692C196A7,14.23,queries/Functions/09-13_text_search/length_tsvector.sql,measured,1,4,5,2,0.053,19674.442,2,1,11997996,23995992,11998031,95983968,0,2,lineitem,756,224440,0,0,0,0,0
2026-07-27T17:55:12Z,F346E7F692C196A7,14.23,queries/Functions/09-13_text_search/length_tsvector.sql,measured,1,5,5,2,0.036,20085.998,2,1,11997996,23995992,11998031,95983968,0,2,lineitem,852,224344,0,0,0,0,0
2026-07-27T17:56:51Z,F346E7F692C196A7,14.23,queries/Functions/09-13_text_search/length_tsvector.sql,measured,2,1,5,2,0.196,19868.697,2,1,11997996,23995992,11998031,95983968,0,2,lineitem,970,224248,0,0,0,0,0
2026-07-27T17:56:51Z,F346E7F692C196A7,14.23,queries/Functions/09-13_text_search/length_tsvector.sql,measured,2,2,5,2,0.036,19736.061,2,1,11997996,23995992,11998031,95983968,0,2,lineitem,1044,224152,0,0,0,0,0
2026-07-27T17:56:51Z,F346E7F692C196A7,14.23,queries/Functions/09-13_text_search/length_tsvector.sql,measured,2,3,5,2,0.036,19698.057,2,1,11997996,23995992,11998031,95983968,0,2,lineitem,1140,224056,0,0,0,0,0
2026-07-27T17:56:51Z,F346E7F692C196A7,14.23,queries/Functions/09-13_text_search/length_tsvector.sql,measured,2,4,5,2,0.036,19664.348,2,1,11997996,23995992,11998031,95983968,0,2,lineitem,1236,223960,0,0,0,0,0
2026-07-27T17:56:51Z,F346E7F692C196A7,14.23,queries/Functions/09-13_text_search/length_tsvector.sql,measured,2,5,5,2,0.035,19656.108,2,1,11997996,23995992,11998031,95983968,0,2,lineitem,1332,223864,0,0,0,0,0
2026-07-27T17:57:11Z,F346E7F692C196A7,14.23,queries/Functions/09-13_text_search/match.sql,warmup,1,1,1,2,1.764,19984.150,2,1,11997996,23995992,11998031,23995992,0,2,lineitem,1428,223768,0,0,0,0,0
2026-07-27T17:57:31Z,F346E7F692C196A7,14.23,queries/Functions/09-13_text_search/match.sql,warmup,2,1,1,2,1.885,19992.017,2,1,11997996,23995992,11998031,23995992,0,2,lineitem,1524,223672,0,0,0,0,0
2026-07-27T17:59:11Z,F346E7F692C196A7,14.23,queries/Functions/09-13_text_search/match.sql,measured,1,1,5,2,1.733,20035.954,2,1,11997996,23995992,11998031,23995992,0,2,lineitem,1620,223576,0,0,0,0,0
2026-07-27T17:59:11Z,F346E7F692C196A7,14.23,queries/Functions/09-13_text_search/match.sql,measured,1,2,5,2,0.062,20071.074,2,1,11997996,23995992,11998031,23995992,0,2,lineitem,1716,223480,0,0,0,0,0
2026-07-27T17:59:11Z,F346E7F692C196A7,14.23,queries/Functions/09-13_text_search/match.sql,measured,1,3,5,2,0.057,20040.405,2,1,11997996,23995992,11998031,23995992,0,2,lineitem,1812,223384,0,0,0,0,0
2026-07-27T17:59:11Z,F346E7F692C196A7,14.23,queries/Functions/09-13_text_search/match.sql,measured,1,4,5,2,0.058,20099.305,2,1,11997996,23995992,11998031,23995992,0,2,lineitem,1908,223288,0,0,0,0,0
2026-07-27T17:59:11Z,F346E7F692C196A7,14.23,queries/Functions/09-13_text_search/match.sql,measured,1,5,5,2,0.057,20046.786,2,1,11997996,23995992,11998031,23995992,0,2,lineitem,2004,223192,0,0,0,0,0
2026-07-27T18:00:51Z,F346E7F692C196A7,14.23,queries/Functions/09-13_text_search/match.sql,measured,2,1,5,2,1.106,20040.485,2,1,11997996,23995992,11998031,23995992,0,2,lineitem,2100,223096,0,0,0,0,0
2026-07-27T18:00:51Z,F346E7F692C196A7,14.23,queries/Functions/09-13_text_search/match.sql,measured,2,2,5,2,0.063,19962.921,2,1,11997996,23995992,11998031,23995992,0,2,lineitem,2196,223000,0,0,0,0,0
2026-07-27T18:00:51Z,F346E7F692C196A7,14.23,queries/Functions/09-13_text_search/match.sql,measured,2,3,5,2,0.058,19961.847,2,1,11997996,23995992,11998031,23995992,0,2,lineitem,2292,222904,0,0,0,0,0
2026-07-27T18:00:51Z,F346E7F692C196A7,14.23,queries/Functions/09-13_text_search/match.sql,measured,2,4,5,2,0.057,19962.972,2,1,11997996,23995992,11998031,23995992,0,2,lineitem,2388,222808,0,0,0,0,0
2026-07-27T18:00:51Z,F346E7F692C196A7,14.23,queries/Functions/09-13_text_search/match.sql,measured,2,5,5,2,0.063,20047.486,2,1,11997996,23995992,11998031,23995992,0,2,lineitem,2484,222712,0,0,0,0,0
2026-07-27T18:01:12Z,F346E7F692C196A7,14.23,queries/Functions/09-13_text_search/numnode.sql,warmup,1,1,1,2,0.231,20791.344,2,1,11997996,23995992,11998031,95983968,0,2,lineitem,2602,222616,0,0,0,0,0
2026-07-27T18:01:33Z,F346E7F692C196A7,14.23,queries/Functions/09-13_text_search/numnode.sql,warmup,2,1,1,2,0.183,20911.153,2,1,11997996,23995992,11998031,95983968,0,2,lineitem,2698,222520,0,0,0,0,0
2026-07-27T18:03:18Z,F346E7F692C196A7,14.23,queries/Functions/09-13_text_search/numnode.sql,measured,1,1,5,2,0.319,20929.658,2,1,11997996,23995992,11998031,95983968,0,2,lineitem,2794,222424,0,0,0,0,0
2026-07-27T18:03:18Z,F346E7F692C196A7,14.23,queries/Functions/09-13_text_search/numnode.sql,measured,1,2,5,2,0.037,20914.718,2,1,11997996,23995992,11998031,95983968,0,2,lineitem,2868,222328,0,0,0,0,0
2026-07-27T18:03:18Z,F346E7F692C196A7,14.23,queries/Functions/09-13_text_search/numnode.sql,measured,1,3,5,2,0.036,20901.240,2,1,11997996,23995992,11998031,95983968,0,2,lineitem,2964,222232,0,0,0,0,0
2026-07-27T18:03:18Z,F346E7F692C196A7,14.23,queries/Functions/09-13_text_search/numnode.sql,measured,1,4,5,2,0.036,20857.955,2,1,11997996,23995992,11998031,95983968,0,2,lineitem,3060,222136,0,0,0,0,0
2026-07-27T18:03:18Z,F346E7F692C196A7,14.23,queries/Functions/09-13_text_search/numnode.sql,measured,1,5,5,2,0.036,20885.961,2,1,11997996,23995992,11998031,95983968,0,2,lineitem,3156,222040,0,0,0,0,0
2026-07-27T18:05:02Z,F346E7F692C196A7,14.23,queries/Functions/09-13_text_search/numnode.sql,measured,2,1,5,2,0.267,20877.001,2,1,11997996,23995992,11998031,95983968,0,2,lineitem,3274,221944,0,0,0,0,0
2026-07-27T18:05:02Z,F346E7F692C196A7,14.23,queries/Functions/09-13_text_search/numnode.sql,measured,2,2,5,2,0.036,20846.417,2,1,11997996,23995992,11998031,95983968,0,2,lineitem,3348,221848,0,0,0,0,0
2026-07-27T18:05:02Z,F346E7F692C196A7,14.23,queries/Functions/09-13_text_search/numnode.sql,measured,2,3,5,2,0.036,20886.669,2,1,11997996,23995992,11998031,95983968,0,2,lineitem,3444,221752,0,0,0,0,0
2026-07-27T18:05:02Z,F346E7F692C196A7,14.23,queries/Functions/09-13_text_search/numnode.sql,measured,2,4,5,2,0.036,20853.967,2,1,11997996,23995992,11998031,95983968,0,2,lineitem,3540,221656,0,0,0,0,0
2026-07-27T18:05:02Z,F346E7F692C196A7,14.23,queries/Functions/09-13_text_search/numnode.sql,measured,2,5,5,2,0.036,20859.305,2,1,11997996,23995992,11998031,95983968,0,2,lineitem,3636,221560,0,0,0,0,0
2026-07-27T18:05:23Z,F346E7F692C196A7,14.23,queries/Functions/09-13_text_search/phraseto_tsquery.sql,warmup,1,1,1,2,0.238,20729.214,2,1,11997996,23995992,11998031,767871744,0,2,lineitem,3754,221464,0,0,0,0,0
2026-07-27T18:05:44Z,F346E7F692C196A7,14.23,queries/Functions/09-13_text_search/phraseto_tsquery.sql,warmup,2,1,1,2,0.288,20832.965,2,1,11997996,23995992,11998031,767871744,0,2,lineitem,3850,221368,0,0,0,0,0
2026-07-27T18:07:29Z,F346E7F692C196A7,14.23,queries/Functions/09-13_text_search/phraseto_tsquery.sql,measured,1,1,5,2,0.273,20744.655,2,1,11997996,23995992,11998031,767871744,0,2,lineitem,3946,221272,0,0,0,0,0
2026-07-27T18:07:29Z,F346E7F692C196A7,14.23,queries/Functions/09-13_text_search/phraseto_tsquery.sql,measured,1,2,5,2,0.036,20910.781,2,1,11997996,23995992,11998031,767871744,0,2,lineitem,4020,221176,0,0,0,0,0
2026-07-27T18:07:29Z,F346E7F692C196A7,14.23,queries/Functions/09-13_text_search/phraseto_tsquery.sql,measured,1,3,5,2,0.053,20868.487,2,1,11997996,23995992,11998031,767871744,0,2,lineitem,4116,221080,0,0,0,0,0
2026-07-27T18:07:29Z,F346E7F692C196A7,14.23,queries/Functions/09-13_text_search/phraseto_tsquery.sql,measured,1,4,5,2,0.036,20906.099,2,1,11997996,23995992,11998031,767871744,0,2,lineitem,4212,220984,0,0,0,0,0
2026-07-27T18:07:29Z,F346E7F692C196A7,14.23,queries/Functions/09-13_text_search/phraseto_tsquery.sql,measured,1,5,5,2,0.053,20939.501,2,1,11997996,23995992,11998031,767871744,0,2,lineitem,4308,220888,0,0,0,0,0
2026-07-27T18:09:13Z,F346E7F692C196A7,14.23,queries/Functions/09-13_text_search/phraseto_tsquery.sql,measured,2,1,5,2,0.315,20787.701,2,1,11997996,23995992,11998031,767871744,0,2,lineitem,4426,220792,0,0,0,0,0
2026-07-27T18:09:13Z,F346E7F692C196A7,14.23,queries/Functions/09-13_text_search/phraseto_tsquery.sql,measured,2,2,5,2,0.036,20974.958,2,1,11997996,23995992,11998031,767871744,0,2,lineitem,4500,220696,0,0,0,0,0
2026-07-27T18:09:13Z,F346E7F692C196A7,14.23,queries/Functions/09-13_text_search/phraseto_tsquery.sql,measured,2,3,5,2,0.036,20898.929,2,1,11997996,23995992,11998031,767871744,0,2,lineitem,4596,220600,0,0,0,0,0
2026-07-27T18:09:13Z,F346E7F692C196A7,14.23,queries/Functions/09-13_text_search/phraseto_tsquery.sql,measured,2,4,5,2,0.053,20864.716,2,1,11997996,23995992,11998031,767871744,0,2,lineitem,4692,220504,0,0,0,0,0
2026-07-27T18:09:13Z,F346E7F692C196A7,14.23,queries/Functions/09-13_text_search/phraseto_tsquery.sql,measured,2,5,5,2,0.054,21006.995,2,1,11997996,23995992,11998031,767871744,0,2,lineitem,4788,220408,0,0,0,0,0
2026-07-27T18:09:35Z,F346E7F692C196A7,14.23,queries/Functions/09-13_text_search/plainto_tsquery.sql,warmup,1,1,1,2,0.182,21069.599,2,1,11997996,23995992,11998031,767871744,0,2,lineitem,4906,220312,0,0,0,0,0
2026-07-27T18:09:56Z,F346E7F692C196A7,14.23,queries/Functions/09-13_text_search/plainto_tsquery.sql,warmup,2,1,1,2,0.288,20936.758,2,1,11997996,23995992,11998031,767871744,0,2,lineitem,5002,220216,0,0,0,0,0
2026-07-27T18:11:41Z,F346E7F692C196A7,14.23,queries/Functions/09-13_text_search/plainto_tsquery.sql,measured,1,1,5,2,0.390,20903.238,2,1,11997996,23995992,11998031,767871744,0,2,lineitem,5098,220120,0,0,0,0,0
2026-07-27T18:11:41Z,F346E7F692C196A7,14.23,queries/Functions/09-13_text_search/plainto_tsquery.sql,measured,1,2,5,2,0.036,21189.958,2,1,11997996,23995992,11998031,767871744,0,2,lineitem,5172,220024,0,0,0,0,0
2026-07-27T18:11:41Z,F346E7F692C196A7,14.23,queries/Functions/09-13_text_search/plainto_tsquery.sql,measured,1,3,5,2,0.036,21047.271,2,1,11997996,23995992,11998031,767871744,0,2,lineitem,5268,219928,0,0,0,0,0
2026-07-27T18:11:41Z,F346E7F692C196A7,14.23,queries/Functions/09-13_text_search/plainto_tsquery.sql,measured,1,4,5,2,0.036,21056.867,2,1,11997996,23995992,11998031,767871744,0,2,lineitem,5364,219832,0,0,0,0,0
2026-07-27T18:11:41Z,F346E7F692C196A7,14.23,queries/Functions/09-13_text_search/plainto_tsquery.sql,measured,1,5,5,2,0.036,21018.720,2,1,11997996,23995992,11998031,767871744,0,2,lineitem,5460,219736,0,0,0,0,0
2026-07-27T18:13:26Z,F346E7F692C196A7,14.23,queries/Functions/09-13_text_search/plainto_tsquery.sql,measured,2,1,5,2,0.407,20895.256,2,1,11997996,23995992,11998031,767871744,0,2,lineitem,5578,219640,0,0,0,0,0
2026-07-27T18:13:26Z,F346E7F692C196A7,14.23,queries/Functions/09-13_text_search/plainto_tsquery.sql,measured,2,2,5,2,0.036,21060.415,2,1,11997996,23995992,11998031,767871744,0,2,lineitem,5652,219544,0,0,0,0,0
2026-07-27T18:13:26Z,F346E7F692C196A7,14.23,queries/Functions/09-13_text_search/plainto_tsquery.sql,measured,2,3,5,2,0.037,21026.142,2,1,11997996,23995992,11998031,767871744,0,2,lineitem,5748,219448,0,0,0,0,0
2026-07-27T18:13:26Z,F346E7F692C196A7,14.23,queries/Functions/09-13_text_search/plainto_tsquery.sql,measured,2,4,5,2,0.037,21028.513,2,1,11997996,23995992,11998031,767871744,0,2,lineitem,5844,219352,0,0,0,0,0
2026-07-27T18:13:26Z,F346E7F692C196A7,14.23,queries/Functions/09-13_text_search/plainto_tsquery.sql,measured,2,5,5,2,0.036,21041.574,2,1,11997996,23995992,11998031,767871744,0,2,lineitem,5940,219256,0,0,0,0,0
2026-07-27T18:13:46Z,F346E7F692C196A7,14.23,queries/Functions/09-13_text_search/setweight.sql,warmup,1,1,1,2,0.430,19993.140,2,1,11997996,23995992,11998031,767871744,0,2,lineitem,6058,219160,0,0,0,0,0
2026-07-27T18:14:06Z,F346E7F692C196A7,14.23,queries/Functions/09-13_text_search/setweight.sql,warmup,2,1,1,2,0.215,20044.483,2,1,11997996,23995992,11998031,767871744,0,2,lineitem,6154,219064,0,0,0,0,0
2026-07-27T18:15:47Z,F346E7F692C196A7,14.23,queries/Functions/09-13_text_search/setweight.sql,measured,1,1,5,2,0.333,20017.561,2,1,11997996,23995992,11998031,767871744,0,2,lineitem,6250,218968,0,0,0,0,0
2026-07-27T18:15:47Z,F346E7F692C196A7,14.23,queries/Functions/09-13_text_search/setweight.sql,measured,1,2,5,2,0.037,20052.227,2,1,11997996,23995992,11998031,767871744,0,2,lineitem,6324,218872,0,0,0,0,0
2026-07-27T18:15:47Z,F346E7F692C196A7,14.23,queries/Functions/09-13_text_search/setweight.sql,measured,1,3,5,2,0.037,20054.382,2,1,11997996,23995992,11998031,767871744,0,2,lineitem,6420,218776,0,0,0,0,0
2026-07-27T18:15:47Z,F346E7F692C196A7,14.23,queries/Functions/09-13_text_search/setweight.sql,measured,1,4,5,2,0.037,20054.750,2,1,11997996,23995992,11998031,767871744,0,2,lineitem,6516,218680,0,0,0,0,0
2026-07-27T18:15:47Z,F346E7F692C196A7,14.23,queries/Functions/09-13_text_search/setweight.sql,measured,1,5,5,2,0.036,20061.213,2,1,11997996,23995992,11998031,767871744,0,2,lineitem,6612,218584,0,0,0,0,0
2026-07-27T18:17:27Z,F346E7F692C196A7,14.23,queries/Functions/09-13_text_search/setweight.sql,measured,2,1,5,2,0.199,20105.150,2,1,11997996,23995992,11998031,767871744,0,2,lineitem,6730,218488,0,0,0,0,0
2026-07-27T18:17:27Z,F346E7F692C196A7,14.23,queries/Functions/09-13_text_search/setweight.sql,measured,2,2,5,2,0.037,20087.793,2,1,11997996,23995992,11998031,767871744,0,2,lineitem,6804,218392,0,0,0,0,0
2026-07-27T18:17:27Z,F346E7F692C196A7,14.23,queries/Functions/09-13_text_search/setweight.sql,measured,2,3,5,2,0.036,20095.125,2,1,11997996,23995992,11998031,767871744,0,2,lineitem,6900,218296,0,0,0,0,0
2026-07-27T18:17:27Z,F346E7F692C196A7,14.23,queries/Functions/09-13_text_search/setweight.sql,measured,2,4,5,2,0.049,20144.279,2,1,11997996,23995992,11998031,767871744,0,2,lineitem,6996,218200,0,0,0,0,0
2026-07-27T18:17:27Z,F346E7F692C196A7,14.23,queries/Functions/09-13_text_search/setweight.sql,measured,2,5,5,2,0.036,20105.978,2,1,11997996,23995992,11998031,767871744,0,2,lineitem,7092,218104,0,0,0,0,0
2026-07-27T18:17:48Z,F346E7F692C196A7,14.23,queries/Functions/09-13_text_search/strip.sql,warmup,1,1,1,2,0.199,20144.553,2,1,11997996,23995992,11998031,767871744,0,2,lineitem,7210,218008,0,0,0,0,0
2026-07-27T18:18:08Z,F346E7F692C196A7,14.23,queries/Functions/09-13_text_search/strip.sql,warmup,2,1,1,2,0.289,20181.133,2,1,11997996,23995992,11998031,767871744,0,2,lineitem,7306,217912,0,0,0,0,0
2026-07-27T18:19:49Z,F346E7F692C196A7,14.23,queries/Functions/09-13_text_search/strip.sql,measured,1,1,5,2,0.189,20125.556,2,1,11997996,23995992,11998031,767871744,0,2,lineitem,7402,217816,0,0,0,0,0
2026-07-27T18:19:49Z,F346E7F692C196A7,14.23,queries/Functions/09-13_text_search/strip.sql,measured,1,2,5,2,0.054,20150.036,2,1,11997996,23995992,11998031,767871744,0,2,lineitem,7476,217720,0,0,0,0,0
2026-07-27T18:19:49Z,F346E7F692C196A7,14.23,queries/Functions/09-13_text_search/strip.sql,measured,1,3,5,2,0.036,20158.239,2,1,11997996,23995992,11998031,767871744,0,2,lineitem,7572,217624,0,0,0,0,0
2026-07-27T18:19:49Z,F346E7F692C196A7,14.23,queries/Functions/09-13_text_search/strip.sql,measured,1,4,5,2,0.036,20132.773,2,1,11997996,23995992,11998031,767871744,0,2,lineitem,7668,217528,0,0,0,0,0
2026-07-27T18:19:49Z,F346E7F692C196A7,14.23,queries/Functions/09-13_text_search/strip.sql,measured,1,5,5,2,0.036,20140.577,2,1,11997996,23995992,11998031,767871744,0,2,lineitem,7764,217432,0,0,0,0,0
2026-07-27T18:21:30Z,F346E7F692C196A7,14.23,queries/Functions/09-13_text_search/strip.sql,measured,2,1,5,2,0.201,20173.032,2,1,11997996,23995992,11998031,767871744,0,2,lineitem,7882,217336,0,0,0,0,0
2026-07-27T18:21:30Z,F346E7F692C196A7,14.23,queries/Functions/09-13_text_search/strip.sql,measured,2,2,5,2,0.037,20213.452,2,1,11997996,23995992,11998031,767871744,0,2,lineitem,7956,217240,0,0,0,0,0
2026-07-27T18:21:30Z,F346E7F692C196A7,14.23,queries/Functions/09-13_text_search/strip.sql,measured,2,3,5,2,0.052,20168.912,2,1,11997996,23995992,11998031,767871744,0,2,lineitem,8052,217144,0,0,0,0,0
2026-07-27T18:21:30Z,F346E7F692C196A7,14.23,queries/Functions/09-13_text_search/strip.sql,measured,2,4,5,2,0.052,20206.891,2,1,11997996,23995992,11998031,767871744,0,2,lineitem,8148,217048,0,0,0,0,0
2026-07-27T18:21:30Z,F346E7F692C196A7,14.23,queries/Functions/09-13_text_search/strip.sql,measured,2,5,5,2,0.036,20165.923,2,1,11997996,23995992,11998031,767871744,0,2,lineitem,8244,216952,0,0,0,0,0
2026-07-27T18:21:31Z,F346E7F692C196A7,14.23,queries/Functions/09-13_text_search/to_tsquery.sql,warmup,1,1,1,2,1.144,1000.477,1,1,11997996,11997996,11998031,383935872,0,0,lineitem,309,18941,0,0,0,0,0
2026-07-27T18:21:32Z,F346E7F692C196A7,14.23,queries/Functions/09-13_text_search/to_tsquery.sql,warmup,2,1,1,2,1.129,989.975,1,1,11997996,11997996,11998031,383935872,0,0,lineitem,309,18941,0,0,0,0,0
2026-07-27T18:21:37Z,F346E7F692C196A7,14.23,queries/Functions/09-13_text_search/to_tsquery.sql,measured,1,1,5,2,1.145,977.353,1,1,11997996,11997996,11998031,383935872,0,0,lineitem,309,18941,0,0,0,0,0
2026-07-27T18:21:37Z,F346E7F692C196A7,14.23,queries/Functions/09-13_text_search/to_tsquery.sql,measured,1,2,5,2,0.056,922.995,1,1,11997996,11997996,11998031,383935872,0,0,lineitem,309,18941,0,0,0,0,0
2026-07-27T18:21:37Z,F346E7F692C196A7,14.23,queries/Functions/09-13_text_search/to_tsquery.sql,measured,1,3,5,2,0.054,913.758,1,1,11997996,11997996,11998031,383935872,0,0,lineitem,309,18941,0,0,0,0,0
2026-07-27T18:21:37Z,F346E7F692C196A7,14.23,queries/Functions/09-13_text_search/to_tsquery.sql,measured,1,4,5,2,0.056,911.972,1,1,11997996,11997996,11998031,383935872,0,0,lineitem,309,18941,0,0,0,0,0
2026-07-27T18:21:37Z,F346E7F692C196A7,14.23,queries/Functions/09-13_text_search/to_tsquery.sql,measured,1,5,5,2,0.056,903.793,1,1,11997996,11997996,11998031,383935872,0,0,lineitem,309,18941,0,0,0,0,0
2026-07-27T18:21:41Z,F346E7F692C196A7,14.23,queries/Functions/09-13_text_search/to_tsquery.sql,measured,2,1,5,2,1.327,947.901,1,1,11997996,11997996,11998031,383935872,0,0,lineitem,309,18941,0,0,0,0,0
2026-07-27T18:21:41Z,F346E7F692C196A7,14.23,queries/Functions/09-13_text_search/to_tsquery.sql,measured,2,2,5,2,0.053,894.319,1,1,11997996,11997996,11998031,383935872,0,0,lineitem,309,18941,0,0,0,0,0
2026-07-27T18:21:41Z,F346E7F692C196A7,14.23,queries/Functions/09-13_text_search/to_tsquery.sql,measured,2,3,5,2,0.053,888.266,1,1,11997996,11997996,11998031,383935872,0,0,lineitem,309,18941,0,0,0,0,0
2026-07-27T18:21:41Z,F346E7F692C196A7,14.23,queries/Functions/09-13_text_search/to_tsquery.sql,measured,2,4,5,2,0.053,885.445,1,1,11997996,11997996,11998031,383935872,0,0,lineitem,309,18941,0,0,0,0,0
2026-07-27T18:21:41Z,F346E7F692C196A7,14.23,queries/Functions/09-13_text_search/to_tsquery.sql,measured,2,5,5,2,0.072,886.380,1,1,11997996,11997996,11998031,383935872,0,0,lineitem,309,18941,0,0,0,0,0
2026-07-27T18:22:00Z,F346E7F692C196A7,14.23,queries/Functions/09-13_text_search/to_tsvector.sql,warmup,1,1,1,2,0.293,19034.721,2,1,11997996,23995992,11998031,767871744,0,2,lineitem,278,224940,0,0,0,0,0
2026-07-27T18:22:20Z,F346E7F692C196A7,14.23,queries/Functions/09-13_text_search/to_tsvector.sql,warmup,2,1,1,2,0.273,19565.336,2,1,11997996,23995992,11998031,767871744,0,2,lineitem,394,224824,0,0,0,0,0
2026-07-27T18:23:58Z,F346E7F692C196A7,14.23,queries/Functions/09-13_text_search/to_tsvector.sql,measured,1,1,5,2,0.308,19784.131,2,1,11997996,23995992,11998031,767871744,0,2,lineitem,490,224728,0,0,0,0,0
2026-07-27T18:23:58Z,F346E7F692C196A7,14.23,queries/Functions/09-13_text_search/to_tsvector.sql,measured,1,2,5,2,0.035,19558.483,2,1,11997996,23995992,11998031,767871744,0,2,lineitem,564,224632,0,0,0,0,0
2026-07-27T18:23:58Z,F346E7F692C196A7,14.23,queries/Functions/09-13_text_search/to_tsvector.sql,measured,1,3,5,2,0.052,19637.948,2,1,11997996,23995992,11998031,767871744,0,2,lineitem,660,224536,0,0,0,0,0
2026-07-27T18:23:58Z,F346E7F692C196A7,14.23,queries/Functions/09-13_text_search/to_tsvector.sql,measured,1,4,5,2,0.038,19633.041,2,1,11997996,23995992,11998031,767871744,0,2,lineitem,756,224440,0,0,0,0,0
2026-07-27T18:23:58Z,F346E7F692C196A7,14.23,queries/Functions/09-13_text_search/to_tsvector.sql,measured,1,5,5,2,0.036,19635.259,2,1,11997996,23995992,11998031,767871744,0,2,lineitem,852,224344,0,0,0,0,0
