timestamp_utc,run_id,pg_version,query,runs,warmup,total_elapsed_sec,avg_elapsed_sec,failures,rapl_pkg_j,rapl_core_j,rapl_gpu_j,rapl_dram_j
2026-07-23T22:23:35Z,6D409D06E4F30A3E,14.23,queries/Core/00_baseline/no_table.sql,3,2,0.175067,0.058356,0,1.483947753906250000,1.216918945312500000,,
2026-07-23T22:23:35Z,6D409D06E4F30A3E,14.23,queries/Core/00_baseline/scan_customer.sql,3,2,0.202906,0.067635,0,1.980712890625000000,1.755554199218750000,,
2026-07-23T22:23:39Z,6D409D06E4F30A3E,14.23,queries/Core/00_baseline/scan_lineitem.sql,3,2,2.114246,0.704749,0,22.155334472656250000,20.061523437500000000,,
2026-07-23T22:23:39Z,6D409D06E4F30A3E,14.23,queries/Core/00_baseline/scan_nation.sql,3,2,0.119320,0.039773,0,1.441406250000000000,1.266906738281250000,,
2026-07-23T22:23:40Z,6D409D06E4F30A3E,14.23,queries/Core/00_baseline/scan_orders.sql,3,2,0.752804,0.250935,0,6.729797363281250000,5.848144531250000000,,
2026-07-23T22:23:41Z,6D409D06E4F30A3E,14.23,queries/Core/00_baseline/scan_part.sql,3,2,0.187660,0.062553,0,2.184265136718750000,1.957397460937500000,,
2026-07-23T22:23:42Z,6D409D06E4F30A3E,14.23,queries/Core/00_baseline/scan_partsupp.sql,3,2,0.557981,0.185994,0,4.598083496093750000,3.885009765625000000,,
2026-07-23T22:23:42Z,6D409D06E4F30A3E,14.23,queries/Core/00_baseline/scan_region.sql,3,2,0.119705,0.039902,0,1.416992187500000000,1.244812011718750000,,
2026-07-23T22:23:42Z,6D409D06E4F30A3E,14.23,queries/Core/00_baseline/scan_supplier.sql,3,2,0.125207,0.041736,0,1.507873535156250000,1.335205078125000000,,
2026-07-23T22:23:43Z,6D409D06E4F30A3E,14.23,queries/Core/01_scan_access/bitmap_scan.sql,3,2,0.643724,0.214575,0,5.327575683593750000,4.523254394531250000,,
2026-07-23T22:23:44Z,6D409D06E4F30A3E,14.23,queries/Core/01_scan_access/index_only_scan.sql,3,2,0.249318,0.083106,0,2.988342285156250000,2.687316894531250000,,
2026-07-23T22:23:44Z,6D409D06E4F30A3E,14.23,queries/Core/01_scan_access/index_point_lookup.sql,3,2,0.121449,0.040483,0,1.419677734375000000,1.256958007812500000,,
2026-07-23T22:23:45Z,6D409D06E4F30A3E,14.23,queries/Core/01_scan_access/index_scan.sql,3,2,0.545757,0.181919,0,4.757690429687500000,4.104309082031250000,,
2026-07-23T22:23:48Z,6D409D06E4F30A3E,14.23,queries/Core/01_scan_access/seq_scan.sql,3,2,1.883276,0.627759,0,19.886718750000000000,17.927490234375000000,,
2026-07-23T22:23:50Z,6D409D06E4F30A3E,14.23,queries/Core/01_scan_access/tablesample_bernoulli.sql,3,2,1.138846,0.379615,0,10.707458496093750000,9.381164550781250000,,
2026-07-23T22:23:50Z,6D409D06E4F30A3E,14.23,queries/Core/01_scan_access/tablesample_system.sql,3,2,0.147628,0.049209,0,1.760742187500000000,1.561462402343750000,,
2026-07-23T22:23:52Z,6D409D06E4F30A3E,14.23,queries/Core/02_filter_projection/filter_2pct.sql,3,2,1.279442,0.426481,0,25.680419921875000000,24.226318359375000000,,
2026-07-23T22:23:57Z,6D409D06E4F30A3E,14.23,queries/Core/02_filter_projection/filter_all.sql,3,2,3.128558,1.042853,0,35.037353515625000000,31.798583984375000000,,
2026-07-23T22:24:02Z,6D409D06E4F30A3E,14.23,queries/Core/02_filter_projection/filter_half.sql,3,2,2.946361,0.982120,0,33.016601562500000000,30.077026367187500000,,
2026-07-23T22:24:04Z,6D409D06E4F30A3E,14.23,queries/Core/02_filter_projection/filter_none.sql,3,2,1.218256,0.406085,0,24.661804199218750000,23.225402832031250000,,
2026-07-23T22:24:05Z,6D409D06E4F30A3E,14.23,queries/Core/02_filter_projection/limit_100.sql,3,2,0.120368,0.040123,0,1.451049804687500000,1.289855957031250000,,
2026-07-23T22:24:06Z,6D409D06E4F30A3E,14.23,queries/Core/02_filter_projection/limit_offset_3m.sql,3,2,1.139630,0.379877,0,11.690063476562500000,10.506591796875000000,,
2026-07-23T22:24:09Z,6D409D06E4F30A3E,14.23,queries/Core/02_filter_projection/project_all_cols.sql,3,2,1.653967,0.551322,0,18.161743164062500000,16.461059570312500000,,
2026-07-23T22:24:12Z,6D409D06E4F30A3E,14.23,queries/Core/02_filter_projection/project_zero_cols.sql,3,2,1.820436,0.606812,0,20.452209472656250000,18.559326171875000000,,
2026-07-23T22:24:15Z,6D409D06E4F30A3E,14.23,queries/Core/03_join_method/large_hash.sql,3,2,1.823861,0.607954,0,19.804382324218750000,17.922485351562500000,,
2026-07-23T22:24:20Z,6D409D06E4F30A3E,14.23,queries/Core/03_join_method/large_merge.sql,3,2,3.077169,1.025723,0,34.238891601562500000,31.160766601562500000,,
2026-07-23T22:24:34Z,6D409D06E4F30A3E,14.23,queries/Core/03_join_method/large_nestloop_index.sql,3,2,8.266608,2.755536,0,64.099121093750000000,52.085021972656250000,,
2026-07-23T22:24:35Z,6D409D06E4F30A3E,14.23,queries/Core/03_join_method/small_hash.sql,3,2,0.124145,0.041382,0,1.547851562500000000,1.329650878906250000,,
2026-07-23T22:24:35Z,6D409D06E4F30A3E,14.23,queries/Core/03_join_method/small_merge.sql,3,2,0.128693,0.042898,0,1.596862792968750000,1.388427734375000000,,
2026-07-23T22:24:35Z,6D409D06E4F30A3E,14.23,queries/Core/03_join_method/small_nestloop.sql,3,2,0.168211,0.056070,0,2.143798828125000000,1.872802734375000000,,
2026-07-23T22:24:35Z,6D409D06E4F30A3E,14.23,queries/Core/04_join_scale/join_10kx25.sql,3,2,0.124516,0.041505,0,1.565185546875000000,1.371276855468750000,,
2026-07-23T22:24:38Z,6D409D06E4F30A3E,14.23,queries/Core/04_join_scale/join_1500kx150k.sql,3,2,1.784681,0.594894,0,19.483947753906250000,17.695983886718750000,,
2026-07-23T22:24:39Z,6D409D06E4F30A3E,14.23,queries/Core/04_join_scale/join_150kx25.sql,3,2,0.219937,0.073312,0,2.644958496093750000,2.398681640625000000,,
2026-07-23T22:24:39Z,6D409D06E4F30A3E,14.23,queries/Core/04_join_scale/join_25x5.sql,3,2,0.121997,0.040666,0,1.513671875000000000,1.335998535156250000,,
2026-07-23T22:24:46Z,6D409D06E4F30A3E,14.23,queries/Core/04_join_scale/join_6mx10k.sql,3,2,4.045371,1.348457,0,47.149963378906250000,43.296752929687500000,,
2026-07-23T22:24:57Z,6D409D06E4F30A3E,14.23,queries/Core/04_join_scale/join_6mx1500k.sql,3,2,7.047653,2.349218,0,82.688537597656250000,75.965698242187500000,,
2026-07-23T22:25:08Z,6D409D06E4F30A3E,14.23,queries/Core/04_join_scale/join_6mx200k.sql,3,2,6.295025,2.098342,0,71.739135742187500000,65.729675292968750000,,
2026-07-23T22:25:10Z,6D409D06E4F30A3E,14.23,queries/Core/04_join_scale/join_800kx200k.sql,3,2,1.116575,0.372192,0,12.423767089843750000,11.186157226562500000,,
2026-07-23T22:25:11Z,6D409D06E4F30A3E,14.23,queries/Core/05_join_type/anti_not_exists.sql,3,2,0.933158,0.311053,0,8.926635742187500000,7.783203125000000000,,
2026-07-23T22:25:15Z,6D409D06E4F30A3E,14.23,queries/Core/05_join_type/cross_join.sql,3,2,2.083420,0.694473,0,25.182006835937500000,23.118469238281250000,,
2026-07-23T22:25:18Z,6D409D06E4F30A3E,14.23,queries/Core/05_join_type/full_outer.sql,3,2,1.932634,0.644211,0,19.748046875000000000,17.755187988281250000,,
2026-07-23T22:25:21Z,6D409D06E4F30A3E,14.23,queries/Core/05_join_type/inner.sql,3,2,1.858273,0.619424,0,19.235229492187500000,17.321472167968750000,,
2026-07-23T22:25:24Z,6D409D06E4F30A3E,14.23,queries/Core/05_join_type/join_on_text_cast.sql,3,2,1.939569,0.646523,0,35.034362792968750000,32.851989746093750000,,
2026-07-23T22:25:27Z,6D409D06E4F30A3E,14.23,queries/Core/05_join_type/left_outer.sql,3,2,1.809010,0.603003,0,19.691284179687500000,17.856140136718750000,,
2026-07-23T22:25:30Z,6D409D06E4F30A3E,14.23,queries/Core/05_join_type/right_outer.sql,3,2,1.805753,0.601918,0,19.743774414062500000,17.914245605468750000,,
2026-07-23T22:25:35Z,6D409D06E4F30A3E,14.23,queries/Core/05_join_type/self_join.sql,3,2,2.826477,0.942159,0,32.462829589843750000,29.673767089843750000,,
2026-07-23T22:25:38Z,6D409D06E4F30A3E,14.23,queries/Core/05_join_type/semi_exists.sql,3,2,1.808720,0.602907,0,18.928405761718750000,17.029357910156250000,,
2026-07-23T22:25:48Z,6D409D06E4F30A3E,14.23,queries/Core/06_join_chain/chain_1_hash.sql,3,2,6.223766,2.074589,0,74.840393066406250000,68.865661621093750000,,
2026-07-23T22:25:55Z,6D409D06E4F30A3E,14.23,queries/Core/06_join_chain/chain_1_merge.sql,3,2,4.236092,1.412031,0,50.410278320312500000,46.340026855468750000,,
2026-07-23T22:26:02Z,6D409D06E4F30A3E,14.23,queries/Core/06_join_chain/chain_1_nestloop.sql,3,2,4.051616,1.350539,0,109.262512207031250000,105.240722656250000000,,
2026-07-23T22:26:15Z,6D409D06E4F30A3E,14.23,queries/Core/06_join_chain/chain_2_hash.sql,3,2,7.587455,2.529152,0,89.816833496093750000,82.576171875000000000,,
2026-07-23T22:26:36Z,6D409D06E4F30A3E,14.23,queries/Core/06_join_chain/chain_2_merge.sql,3,2,13.028214,4.342738,0,117.580078125000000000,101.253051757812500000,,
2026-07-23T22:26:54Z,6D409D06E4F30A3E,14.23,queries/Core/06_join_chain/chain_2_nestloop.sql,3,2,10.938936,3.646312,0,210.174377441406250000,191.230651855468750000,,
2026-07-23T22:27:07Z,6D409D06E4F30A3E,14.23,queries/Core/06_join_chain/chain_3_hash.sql,3,2,7.539871,2.513290,0,92.009765625000000000,84.907836914062500000,,
2026-07-23T22:27:29Z,6D409D06E4F30A3E,14.23,queries/Core/06_join_chain/chain_3_merge.sql,3,2,13.123496,4.374499,0,124.073242187500000000,107.555541992187500000,,
2026-07-23T22:28:19Z,6D409D06E4F30A3E,14.23,queries/Core/06_join_chain/chain_3_nestloop.sql,3,2,30.072428,10.024143,0,239.593200683593750000,205.292663574218750000,,
2026-07-23T22:28:32Z,6D409D06E4F30A3E,14.23,queries/Core/06_join_chain/chain_4_hash.sql,3,2,7.566345,2.522115,0,88.978759765625000000,82.002990722656250000,,
2026-07-23T22:28:54Z,6D409D06E4F30A3E,14.23,queries/Core/06_join_chain/chain_4_merge.sql,3,2,13.323997,4.441332,0,123.464111328125000000,106.917236328125000000,,
2026-07-23T22:29:38Z,6D409D06E4F30A3E,14.23,queries/Core/06_join_chain/chain_4_nestloop.sql,3,2,25.915107,8.638369,0,260.987487792968750000,225.230102539062500000,,
2026-07-23T22:29:41Z,6D409D06E4F30A3E,14.23,queries/Core/07_grouping_distinct/count_per_group.sql,3,2,1.738126,0.579375,0,40.846496582031250000,39.010742187500000000,,
2026-07-23T22:29:54Z,6D409D06E4F30A3E,14.23,queries/Core/07_grouping_distinct/cube.sql,3,2,7.923912,2.641304,0,94.096923828125000000,86.929992675781250000,,
2026-07-23T22:30:08Z,6D409D06E4F30A3E,14.23,queries/Core/07_grouping_distinct/distinct_200k_vals.sql,3,2,8.571080,2.857027,0,98.009033203125000000,89.943969726562500000,,
2026-07-23T22:30:15Z,6D409D06E4F30A3E,14.23,queries/Core/07_grouping_distinct/distinct_3_vals.sql,3,2,4.059141,1.353047,0,48.133605957031250000,44.321472167968750000,,
2026-07-23T22:30:51Z,6D409D06E4F30A3E,14.23,queries/Core/07_grouping_distinct/distinct_on.sql,3,2,21.793393,7.264464,0,252.913024902343750000,233.263671875000000000,,
2026-07-23T22:31:01Z,6D409D06E4F30A3E,14.23,queries/Core/07_grouping_distinct/group_1500k_vals.sql,3,2,6.063762,2.021254,0,127.912292480468750000,121.660583496093750000,,
2026-07-23T22:31:08Z,6D409D06E4F30A3E,14.23,queries/Core/07_grouping_distinct/group_200k_sortagg.sql,3,2,3.852998,1.284333,0,100.347900390625000000,94.888244628906250000,,
2026-07-23T22:31:14Z,6D409D06E4F30A3E,14.23,queries/Core/07_grouping_distinct/group_200k_vals.sql,3,2,3.912593,1.304198,0,97.538024902343750000,91.886413574218750000,,
2026-07-23T22:31:17Z,6D409D06E4F30A3E,14.23,queries/Core/07_grouping_distinct/group_3_vals.sql,3,2,1.699741,0.566580,0,39.868103027343750000,38.032592773437500000,,
2026-07-23T22:31:20Z,6D409D06E4F30A3E,14.23,queries/Core/07_grouping_distinct/group_7_vals.sql,3,2,2.013143,0.671048,0,47.014709472656250000,44.679260253906250000,,
2026-07-23T22:31:30Z,6D409D06E4F30A3E,14.23,queries/Core/07_grouping_distinct/grouping_sets.sql,3,2,6.015534,2.005178,0,74.190734863281250000,68.390014648437500000,,
2026-07-23T22:31:39Z,6D409D06E4F30A3E,14.23,queries/Core/07_grouping_distinct/having.sql,3,2,5.025095,1.675032,0,100.191162109375000000,94.460205078125000000,,
2026-07-23T22:31:49Z,6D409D06E4F30A3E,14.23,queries/Core/07_grouping_distinct/rollup.sql,3,2,6.188752,2.062917,0,76.513916015625000000,70.508544921875000000,,
2026-07-23T22:31:54Z,6D409D06E4F30A3E,14.23,queries/Core/08_sorting/limit_with_ties.sql,3,2,2.697748,0.899249,0,68.604370117187500000,64.419616699218750000,,
2026-07-23T22:32:14Z,6D409D06E4F30A3E,14.23,queries/Core/08_sorting/sort_2_keys.sql,3,2,12.178330,4.059443,0,142.140808105468750000,130.570739746093750000,,
2026-07-23T22:32:28Z,6D409D06E4F30A3E,14.23,queries/Core/08_sorting/sort_date.sql,3,2,8.549777,2.849926,0,100.355346679687500000,92.058715820312500000,,
2026-07-23T22:32:44Z,6D409D06E4F30A3E,14.23,queries/Core/08_sorting/sort_desc.sql,3,2,9.692303,3.230768,0,111.574523925781250000,102.482788085937500000,,
2026-07-23T22:33:00Z,6D409D06E4F30A3E,14.23,queries/Core/08_sorting/sort_int.sql,3,2,9.540676,3.180225,0,110.403869628906250000,101.396972656250000000,,
2026-07-23T22:33:12Z,6D409D06E4F30A3E,14.23,queries/Core/08_sorting/sort_int_presorted.sql,3,2,7.025389,2.341796,0,84.318420410156250000,77.699768066406250000,,
2026-07-23T22:33:52Z,6D409D06E4F30A3E,14.23,queries/Core/08_sorting/sort_numeric.sql,3,2,24.248097,8.082699,0,263.085083007812500000,241.299560546875000000,,
2026-07-23T22:35:18Z,6D409D06E4F30A3E,14.23,queries/Core/08_sorting/sort_text.sql,3,2,51.887515,17.295838,0,1112.109130859375000000,1062.363098144531250000,,
2026-07-23T22:35:35Z,6D409D06E4F30A3E,14.23,queries/Core/08_sorting/sort_text_collate_c.sql,3,2,10.262167,3.420722,0,222.634460449218750000,209.747314453125000000,,
2026-07-23T22:35:37Z,6D409D06E4F30A3E,14.23,queries/Core/08_sorting/sort_topn_100.sql,3,2,1.382202,0.460734,0,30.205627441406250000,28.577209472656250000,,
2026-07-23T22:35:44Z,6D409D06E4F30A3E,14.23,queries/Core/09_set_operations/except.sql,3,2,4.208259,1.402753,0,25.695617675781250000,21.438903808593750000,,
2026-07-23T22:35:51Z,6D409D06E4F30A3E,14.23,queries/Core/09_set_operations/except_all.sql,3,2,4.125908,1.375303,0,25.810180664062500000,21.660217285156250000,,
2026-07-23T22:35:58Z,6D409D06E4F30A3E,14.23,queries/Core/09_set_operations/intersect.sql,3,2,4.114882,1.371627,0,25.593750000000000000,21.695190429687500000,,
2026-07-23T22:36:05Z,6D409D06E4F30A3E,14.23,queries/Core/09_set_operations/intersect_all.sql,3,2,4.208962,1.402987,0,27.252197265625000000,23.241271972656250000,,
2026-07-23T22:36:13Z,6D409D06E4F30A3E,14.23,queries/Core/09_set_operations/union.sql,3,2,5.031237,1.677079,0,57.209350585937500000,52.474365234375000000,,
2026-07-23T22:36:16Z,6D409D06E4F30A3E,14.23,queries/Core/09_set_operations/union_all.sql,3,2,1.366375,0.455458,0,14.872131347656250000,13.442199707031250000,,
2026-07-23T22:36:17Z,6D409D06E4F30A3E,14.23,queries/Core/10_subqueries_ctes/cte_inline.sql,3,2,0.740147,0.246716,0,7.094909667968750000,6.236572265625000000,,
2026-07-23T22:36:19Z,6D409D06E4F30A3E,14.23,queries/Core/10_subqueries_ctes/cte_materialized.sql,3,2,1.354792,0.451597,0,14.771118164062500000,13.373596191406250000,,
2026-07-23T22:36:22Z,6D409D06E4F30A3E,14.23,queries/Core/10_subqueries_ctes/cte_recursive.sql,3,2,1.525662,0.508554,0,17.867065429687500000,16.304138183593750000,,
2026-07-23T22:36:23Z,6D409D06E4F30A3E,14.23,queries/Core/10_subqueries_ctes/from_subquery.sql,3,2,0.688985,0.229662,0,7.188781738281250000,6.361206054687500000,,
2026-07-23T22:36:27Z,6D409D06E4F30A3E,14.23,queries/Core/10_subqueries_ctes/function_scan.sql,3,2,2.215779,0.738593,0,25.701599121093750000,23.576171875000000000,,
2026-07-23T22:36:31Z,6D409D06E4F30A3E,14.23,queries/Core/10_subqueries_ctes/lateral_limit.sql,3,2,2.590600,0.863533,0,20.034851074218750000,17.353942871093750000,,
2026-07-23T22:36:33Z,6D409D06E4F30A3E,14.23,queries/Core/10_subqueries_ctes/scalar_correlated.sql,3,2,1.401064,0.467021,0,14.861694335937500000,13.395324707031250000,,
2026-07-23T22:36:36Z,6D409D06E4F30A3E,14.23,queries/Core/10_subqueries_ctes/scalar_correlated_indexed.sql,3,2,1.456696,0.485565,0,16.137023925781250000,14.636962890625000000,,
2026-07-23T22:36:37Z,6D409D06E4F30A3E,14.23,queries/Core/10_subqueries_ctes/scalar_uncorrelated.sql,3,2,0.660489,0.220163,0,6.335693359375000000,5.559997558593750000,,
2026-07-23T22:36:37Z,6D409D06E4F30A3E,14.23,queries/Core/10_subqueries_ctes/values_scan.sql,3,2,0.119635,0.039878,0,1.488403320312500000,1.339294433593750000,,
2026-07-23T22:36:50Z,6D409D06E4F30A3E,14.23,queries/Core/12_memory_workmem/hashagg_nospill.sql,3,2,8.118772,2.706257,0,41.227600097656250000,33.635803222656250000,,
2026-07-23T22:36:57Z,6D409D06E4F30A3E,14.23,queries/Core/12_memory_workmem/hashagg_spill.sql,3,2,3.846667,1.282222,0,97.612365722656250000,92.087463378906250000,,
2026-07-23T22:36:58Z,6D409D06E4F30A3E,14.23,queries/Core/12_memory_workmem/hashjoin_manybatch.sql,3,2,0.797569,0.265856,0,15.948974609375000000,14.752502441406250000,,
2026-07-23T22:36:59Z,6D409D06E4F30A3E,14.23,queries/Core/12_memory_workmem/hashjoin_onebatch.sql,3,2,0.569303,0.189768,0,11.646240234375000000,10.783752441406250000,,
2026-07-23T22:37:14Z,6D409D06E4F30A3E,14.23,queries/Core/12_memory_workmem/sort_nospill.sql,3,2,8.738964,2.912988,0,74.647644042968750000,66.070190429687500000,,
2026-07-23T22:37:30Z,6D409D06E4F30A3E,14.23,queries/Core/12_memory_workmem/sort_spill.sql,3,2,9.524737,3.174912,0,109.697265625000000000,100.857299804687500000,,
2026-07-23T22:37:52Z,6D409D06E4F30A3E,14.23,queries/Core/12_memory_workmem/window_nospill.sql,3,2,13.662873,4.554291,0,151.659912109375000000,138.540954589843750000,,
2026-07-23T22:40:31Z,6D409D06E4F30A3E,14.23,queries/Core/12_memory_workmem/window_spill.sql,3,2,95.288125,31.762708,0,992.717468261718750000,910.120849609375000000,,
2026-07-23T22:40:55Z,6D409D06E4F30A3E,14.23,queries/Core/12_memory_workmem/window_tail_spill.sql,3,2,14.361501,4.787167,0,171.178894042968750000,158.149536132812500000,,
2026-07-23T22:41:04Z,6D409D06E4F30A3E,14.23,queries/Core/13_jit/jit_inline.sql,3,2,5.437001,1.812334,0,149.052368164062500000,143.716247558593750000,,
2026-07-23T22:41:13Z,6D409D06E4F30A3E,14.23,queries/Core/13_jit/jit_off.sql,3,2,5.348905,1.782968,0,136.100341796875000000,130.969177246093750000,,
2026-07-23T22:41:22Z,6D409D06E4F30A3E,14.23,queries/Core/13_jit/jit_on.sql,3,2,5.526167,1.842056,0,131.967895507812500000,126.485656738281250000,,
2026-07-23T22:41:31Z,6D409D06E4F30A3E,14.23,queries/Core/13_jit/jit_optimize.sql,3,2,5.515829,1.838610,0,133.732116699218750000,128.226440429687500000,,
2026-07-23T22:41:41Z,6D409D06E4F30A3E,14.23,queries/Core/14_modern_nodes/incremental_sort.sql,3,2,5.773081,1.924360,0,71.507080078125000000,65.636047363281250000,,
2026-07-23T22:41:57Z,6D409D06E4F30A3E,14.23,queries/Core/14_modern_nodes/incremental_sort_off.sql,3,2,9.658688,3.219563,0,117.538574218750000000,107.856445312500000000,,
2026-07-23T22:42:24Z,6D409D06E4F30A3E,14.23,queries/Core/14_modern_nodes/memoize.sql,3,2,15.894045,5.298015,0,202.440734863281250000,187.577087402343750000,,
2026-07-23T22:42:49Z,6D409D06E4F30A3E,14.23,queries/Core/14_modern_nodes/memoize_off.sql,3,2,15.052164,5.017388,0,190.193298339843750000,176.764465332031250000,,
2026-07-23T22:42:54Z,6D409D06E4F30A3E,14.23,queries/Functions/00_baseline/char.sql,3,2,3.366240,1.122080,0,38.262023925781250000,34.940612792968750000,,
2026-07-23T22:42:59Z,6D409D06E4F30A3E,14.23,queries/Functions/00_baseline/date.sql,3,2,2.943224,0.981075,0,33.624145507812500000,30.798034667968750000,,
2026-07-23T22:43:02Z,6D409D06E4F30A3E,14.23,queries/Functions/00_baseline/int.sql,3,2,1.398345,0.466115,0,15.750854492187500000,14.247131347656250000,,
2026-07-23T22:43:06Z,6D409D06E4F30A3E,14.23,queries/Functions/00_baseline/numeric.sql,3,2,2.401820,0.800607,0,27.170837402343750000,24.724426269531250000,,
2026-07-23T22:43:11Z,6D409D06E4F30A3E,14.23,queries/Functions/00_baseline/text.sql,3,2,3.429625,1.143208,0,39.271606445312500000,35.968383789062500000,,
2026-07-23T22:43:18Z,6D409D06E4F30A3E,14.23,queries/Functions/09-01_logical/and.sql,3,2,3.949836,1.316612,0,45.215576171875000000,41.358459472656250000,,
2026-07-23T22:43:23Z,6D409D06E4F30A3E,14.23,queries/Functions/09-01_logical/not.sql,3,2,3.363168,1.121056,0,38.575866699218750000,35.155761718750000000,,
2026-07-23T22:43:29Z,6D409D06E4F30A3E,14.23,queries/Functions/09-01_logical/or.sql,3,2,3.629302,1.209767,0,41.755432128906250000,38.063171386718750000,,
2026-07-23T22:43:36Z,6D409D06E4F30A3E,14.23,queries/Functions/09-02_comparison/between.sql,3,2,3.738591,1.246197,0,42.750549316406250000,39.020202636718750000,,
2026-07-23T22:43:43Z,6D409D06E4F30A3E,14.23,queries/Functions/09-02_comparison/between_symmetric.sql,3,2,4.464604,1.488201,0,51.039672851562500000,46.765869140625000000,,
2026-07-23T22:43:48Z,6D409D06E4F30A3E,14.23,queries/Functions/09-02_comparison/eq.sql,3,2,3.137929,1.045976,0,35.707336425781250000,32.570739746093750000,,
2026-07-23T22:43:53Z,6D409D06E4F30A3E,14.23,queries/Functions/09-02_comparison/ge.sql,3,2,3.114485,1.038162,0,35.813049316406250000,32.723815917968750000,,
2026-07-23T22:44:00Z,6D409D06E4F30A3E,14.23,queries/Functions/09-02_comparison/greatest.sql,3,2,3.869342,1.289781,0,44.290710449218750000,40.570800781250000000,,
2026-07-23T22:44:05Z,6D409D06E4F30A3E,14.23,queries/Functions/09-02_comparison/gt.sql,3,2,3.121189,1.040396,0,35.441772460937500000,32.474243164062500000,,
2026-07-23T22:44:10Z,6D409D06E4F30A3E,14.23,queries/Functions/09-02_comparison/is_distinct_from.sql,3,2,3.213923,1.071308,0,36.218750000000000000,33.020996093750000000,,
2026-07-23T22:44:16Z,6D409D06E4F30A3E,14.23,queries/Functions/09-02_comparison/is_not_distinct_from.sql,3,2,3.228536,1.076179,0,36.126281738281250000,32.968322753906250000,,
2026-07-23T22:44:21Z,6D409D06E4F30A3E,14.23,queries/Functions/09-02_comparison/is_not_null.sql,3,2,3.457199,1.152400,0,39.523864746093750000,36.133178710937500000,,
2026-07-23T22:44:27Z,6D409D06E4F30A3E,14.23,queries/Functions/09-02_comparison/is_null.sql,3,2,3.403378,1.134459,0,39.220642089843750000,36.020751953125000000,,
2026-07-23T22:44:32Z,6D409D06E4F30A3E,14.23,queries/Functions/09-02_comparison/le.sql,3,2,3.022707,1.007569,0,35.293701171875000000,32.401367187500000000,,
2026-07-23T22:44:38Z,6D409D06E4F30A3E,14.23,queries/Functions/09-02_comparison/least.sql,3,2,3.737916,1.245972,0,43.790832519531250000,40.191406250000000000,,
2026-07-23T22:44:44Z,6D409D06E4F30A3E,14.23,queries/Functions/09-02_comparison/lt.sql,3,2,3.139121,1.046374,0,35.451721191406250000,32.492248535156250000,,
2026-07-23T22:44:49Z,6D409D06E4F30A3E,14.23,queries/Functions/09-02_comparison/ne.sql,3,2,3.119623,1.039874,0,35.406494140625000000,32.391967773437500000,,
2026-07-23T22:44:55Z,6D409D06E4F30A3E,14.23,queries/Functions/09-02_comparison/not_between.sql,3,2,3.788791,1.262930,0,42.972106933593750000,39.263854980468750000,,
2026-07-23T22:45:00Z,6D409D06E4F30A3E,14.23,queries/Functions/09-02_comparison/num_nonnulls.sql,3,2,2.624335,0.874778,0,30.039733886718750000,27.382507324218750000,,
2026-07-23T22:45:04Z,6D409D06E4F30A3E,14.23,queries/Functions/09-02_comparison/num_nulls.sql,3,2,2.554876,0.851625,0,29.536437988281250000,27.024902343750000000,,
2026-07-23T22:45:11Z,6D409D06E4F30A3E,14.23,queries/Functions/09-03_math/abs.sql,3,2,4.315245,1.438415,0,49.715515136718750000,45.523498535156250000,,
2026-07-23T22:45:21Z,6D409D06E4F30A3E,14.23,queries/Functions/09-03_math/acos.sql,3,2,5.751309,1.917103,0,65.820739746093750000,60.462524414062500000,,
2026-07-23T22:45:29Z,6D409D06E4F30A3E,14.23,queries/Functions/09-03_math/acosh.sql,3,2,5.309764,1.769921,0,60.262939453125000000,55.315124511718750000,,
2026-07-23T22:45:37Z,6D409D06E4F30A3E,14.23,queries/Functions/09-03_math/add.sql,3,2,4.580372,1.526791,0,52.282043457031250000,48.045349121093750000,,
2026-07-23T22:45:50Z,6D409D06E4F30A3E,14.23,queries/Functions/09-03_math/add_float8.sql,3,2,7.786896,2.595632,0,89.653564453125000000,82.378662109375000000,,
2026-07-23T22:46:00Z,6D409D06E4F30A3E,14.23,queries/Functions/09-03_math/asin.sql,3,2,5.818727,1.939576,0,65.950927734375000000,60.440124511718750000,,
2026-07-23T22:46:08Z,6D409D06E4F30A3E,14.23,queries/Functions/09-03_math/asinh.sql,3,2,5.224366,1.741455,0,59.846618652343750000,54.998779296875000000,,
2026-07-23T22:46:17Z,6D409D06E4F30A3E,14.23,queries/Functions/09-03_math/atan.sql,3,2,5.112423,1.704141,0,58.968627929687500000,54.231811523437500000,,
2026-07-23T22:46:31Z,6D409D06E4F30A3E,14.23,queries/Functions/09-03_math/atan2.sql,3,2,8.291771,2.763924,0,96.495117187500000000,88.993408203125000000,,
2026-07-23T22:46:41Z,6D409D06E4F30A3E,14.23,queries/Functions/09-03_math/atanh.sql,3,2,6.090572,2.030191,0,68.826354980468750000,63.134277343750000000,,
2026-07-23T22:46:52Z,6D409D06E4F30A3E,14.23,queries/Functions/09-03_math/cbrt.sql,3,2,6.966809,2.322270,0,78.840637207031250000,72.448669433593750000,,
2026-07-23T22:47:05Z,6D409D06E4F30A3E,14.23,queries/Functions/09-03_math/ceil.sql,3,2,7.461181,2.487060,0,84.904724121093750000,77.995117187500000000,,
2026-07-23T22:47:15Z,6D409D06E4F30A3E,14.23,queries/Functions/09-03_math/cos.sql,3,2,5.893958,1.964653,0,67.797302246093750000,62.323913574218750000,,
2026-07-23T22:47:25Z,6D409D06E4F30A3E,14.23,queries/Functions/09-03_math/cosh.sql,3,2,6.114058,2.038019,0,68.709411621093750000,63.001098632812500000,,
2026-07-23T22:47:34Z,6D409D06E4F30A3E,14.23,queries/Functions/09-03_math/degrees.sql,3,2,5.680707,1.893569,0,65.271911621093750000,59.836547851562500000,,
2026-07-23T22:47:43Z,6D409D06E4F30A3E,14.23,queries/Functions/09-03_math/div_fn.sql,3,2,4.943453,1.647818,0,56.520751953125000000,51.823913574218750000,,
2026-07-23T22:47:52Z,6D409D06E4F30A3E,14.23,queries/Functions/09-03_math/divide.sql,3,2,5.764734,1.921578,0,63.507995605468750000,58.151916503906250000,,
2026-07-23T22:48:02Z,6D409D06E4F30A3E,14.23,queries/Functions/09-03_math/exp_float8.sql,3,2,5.874790,1.958263,0,66.892700195312500000,61.436035156250000000,,
2026-07-23T22:49:19Z,6D409D06E4F30A3E,14.23,queries/Functions/09-03_math/exp_numeric.sql,3,2,45.982191,15.327397,0,524.410644531250000000,484.234191894531250000,,
2026-07-23T22:49:27Z,6D409D06E4F30A3E,14.23,queries/Functions/09-03_math/exponent.sql,3,2,5.000579,1.666860,0,57.632019042968750000,53.021179199218750000,,
2026-07-23T22:49:35Z,6D409D06E4F30A3E,14.23,queries/Functions/09-03_math/factorial.sql,3,2,4.576893,1.525631,0,53.370971679687500000,49.010070800781250000,,
2026-07-23T22:49:46Z,6D409D06E4F30A3E,14.23,queries/Functions/09-03_math/floor.sql,3,2,6.928647,2.309549,0,77.994995117187500000,71.604980468750000000,,
2026-07-23T22:49:53Z,6D409D06E4F30A3E,14.23,queries/Functions/09-03_math/gcd.sql,3,2,3.909521,1.303174,0,39.067565917968750000,35.234619140625000000,,
2026-07-23T22:49:57Z,6D409D06E4F30A3E,14.23,queries/Functions/09-03_math/lcm.sql,3,2,2.826290,0.942097,0,30.863586425781250000,28.032897949218750000,,
2026-07-23T22:50:06Z,6D409D06E4F30A3E,14.23,queries/Functions/09-03_math/ln_float8.sql,3,2,4.987224,1.662408,0,57.335510253906250000,52.772277832031250000,,
2026-07-23T22:52:35Z,6D409D06E4F30A3E,14.23,queries/Functions/09-03_math/ln_numeric.sql,3,2,89.361746,29.787249,0,966.585571289062500000,889.510925292968750000,,
2026-07-23T22:52:43Z,6D409D06E4F30A3E,14.23,queries/Functions/09-03_math/log10_float8.sql,3,2,5.097965,1.699322,0,58.672729492187500000,53.956665039062500000,,
2026-07-23T23:01:56Z,6D409D06E4F30A3E,14.23,queries/Functions/09-03_math/log10_numeric.sql,3,2,331.721129,110.573710,0,3680.221496582031250000,3396.375610351562500000,,
2026-07-23T23:10:21Z,6D409D06E4F30A3E,14.23,queries/Functions/09-03_math/log_base.sql,3,2,302.869114,100.956371,0,3366.369750976562500000,3106.596740722656250000,,
2026-07-23T23:10:27Z,6D409D06E4F30A3E,14.23,queries/Functions/09-03_math/min_scale.sql,3,2,3.557583,1.185861,0,39.519897460937500000,36.026855468750000000,,
2026-07-23T23:10:29Z,6D409D06E4F30A3E,14.23,queries/Functions/09-03_math/mod_fn.sql,3,2,1.713834,0.571278,0,19.330810546875000000,17.616577148437500000,,
2026-07-23T23:10:32Z,6D409D06E4F30A3E,14.23,queries/Functions/09-03_math/modulo.sql,3,2,1.660437,0.553479,0,19.300903320312500000,17.639709472656250000,,
2026-07-23T23:10:40Z,6D409D06E4F30A3E,14.23,queries/Functions/09-03_math/multiply.sql,3,2,4.839128,1.613043,0,56.462707519531250000,51.922180175781250000,,
2026-07-23T23:10:53Z,6D409D06E4F30A3E,14.23,queries/Functions/09-03_math/multiply_float8.sql,3,2,7.803521,2.601174,0,90.200134277343750000,83.102294921875000000,,
2026-07-23T23:11:01Z,6D409D06E4F30A3E,14.23,queries/Functions/09-03_math/pi.sql,3,2,4.880634,1.626878,0,56.539367675781250000,51.992187500000000000,,
2026-07-23T23:11:11Z,6D409D06E4F30A3E,14.23,queries/Functions/09-03_math/power_float8.sql,3,2,5.445018,1.815006,0,62.480957031250000000,57.448852539062500000,,
2026-07-23T23:11:19Z,6D409D06E4F30A3E,14.23,queries/Functions/09-03_math/power_numeric.sql,3,2,5.004593,1.668198,0,58.272827148437500000,53.622253417968750000,,
2026-07-23T23:11:27Z,6D409D06E4F30A3E,14.23,queries/Functions/09-03_math/radians.sql,3,2,4.869712,1.623237,0,55.974670410156250000,51.370971679687500000,,
2026-07-23T23:11:30Z,6D409D06E4F30A3E,14.23,queries/Functions/09-03_math/random.sql,3,2,1.789559,0.596520,0,20.389038085937500000,18.627990722656250000,,
2026-07-23T23:11:41Z,6D409D06E4F30A3E,14.23,queries/Functions/09-03_math/round.sql,3,2,6.772918,2.257639,0,75.543090820312500000,69.340698242187500000,,
2026-07-23T23:11:53Z,6D409D06E4F30A3E,14.23,queries/Functions/09-03_math/round_scale.sql,3,2,6.780395,2.260132,0,75.662353515625000000,69.361633300781250000,,
2026-07-23T23:11:58Z,6D409D06E4F30A3E,14.23,queries/Functions/09-03_math/scale.sql,3,2,3.312870,1.104290,0,37.031188964843750000,33.682250976562500000,,
2026-07-23T23:12:06Z,6D409D06E4F30A3E,14.23,queries/Functions/09-03_math/sign.sql,3,2,4.522670,1.507557,0,52.576293945312500000,48.228881835937500000,,
2026-07-23T23:12:15Z,6D409D06E4F30A3E,14.23,queries/Functions/09-03_math/sin.sql,3,2,5.878360,1.959453,0,66.912109375000000000,61.448547363281250000,,
2026-07-23T23:12:26Z,6D409D06E4F30A3E,14.23,queries/Functions/09-03_math/sinh.sql,3,2,6.151859,2.050620,0,69.888305664062500000,64.174865722656250000,,
2026-07-23T23:12:36Z,6D409D06E4F30A3E,14.23,queries/Functions/09-03_math/sqrt_float8.sql,3,2,6.528666,2.176222,0,73.623840332031250000,67.524841308593750000,,
2026-07-23T23:12:47Z,6D409D06E4F30A3E,14.23,queries/Functions/09-03_math/sqrt_numeric.sql,3,2,6.551823,2.183941,0,73.312500000000000000,67.280334472656250000,,
2026-07-23T23:12:55Z,6D409D06E4F30A3E,14.23,queries/Functions/09-03_math/subtract.sql,3,2,4.466275,1.488758,0,52.646667480468750000,48.424133300781250000,,
2026-07-23T23:13:05Z,6D409D06E4F30A3E,14.23,queries/Functions/09-03_math/tan.sql,3,2,5.993370,1.997790,0,68.432556152343750000,62.795349121093750000,,
2026-07-23T23:13:15Z,6D409D06E4F30A3E,14.23,queries/Functions/09-03_math/tanh.sql,3,2,6.077025,2.025675,0,68.827758789062500000,63.038330078125000000,,
2026-07-23T23:13:22Z,6D409D06E4F30A3E,14.23,queries/Functions/09-03_math/trim_scale.sql,3,2,3.953288,1.317763,0,44.484130859375000000,40.670837402343750000,,
2026-07-23T23:13:33Z,6D409D06E4F30A3E,14.23,queries/Functions/09-03_math/trunc.sql,3,2,6.601703,2.200568,0,74.375976562500000000,68.345825195312500000,,
2026-07-23T23:13:44Z,6D409D06E4F30A3E,14.23,queries/Functions/09-03_math/trunc_scale.sql,3,2,6.634055,2.211352,0,74.905822753906250000,68.834228515625000000,,
2026-07-23T23:13:49Z,6D409D06E4F30A3E,14.23,queries/Functions/09-03_math/unary_minus.sql,3,2,3.016879,1.005626,0,34.640625000000000000,31.769592285156250000,,
2026-07-23T23:14:04Z,6D409D06E4F30A3E,14.23,queries/Functions/09-03_math/width_bucket.sql,3,2,8.966296,2.988765,0,103.729980468750000000,95.486389160156250000,,
2026-07-23T23:14:10Z,6D409D06E4F30A3E,14.23,queries/Functions/09-04_string/ascii.sql,3,2,3.519273,1.173091,0,40.398498535156250000,36.970397949218750000,,
2026-07-23T23:14:16Z,6D409D06E4F30A3E,14.23,queries/Functions/09-04_string/bit_length.sql,3,2,3.583368,1.194456,0,40.987854003906250000,37.528198242187500000,,
2026-07-23T23:14:27Z,6D409D06E4F30A3E,14.23,queries/Functions/09-04_string/btrim.sql,3,2,7.047963,2.349321,0,84.667602539062500000,78.166870117187500000,,
2026-07-23T23:14:31Z,6D409D06E4F30A3E,14.23,queries/Functions/09-04_string/cast_text.sql,3,2,2.363877,0.787959,0,27.557800292968750000,25.236816406250000000,,
2026-07-23T23:14:39Z,6D409D06E4F30A3E,14.23,queries/Functions/09-04_string/char_length.sql,3,2,4.572543,1.524181,0,53.271484375000000000,48.880065917968750000,,
2026-07-23T23:14:44Z,6D409D06E4F30A3E,14.23,queries/Functions/09-04_string/chr.sql,3,2,2.920589,0.973530,0,33.092590332031250000,30.263916015625000000,,
2026-07-23T23:14:53Z,6D409D06E4F30A3E,14.23,queries/Functions/09-04_string/concat_fn.sql,3,2,5.364772,1.788257,0,63.393371582031250000,58.419494628906250000,,
2026-07-23T23:15:00Z,6D409D06E4F30A3E,14.23,queries/Functions/09-04_string/concat_op.sql,3,2,4.227008,1.409003,0,48.509277343750000000,44.306884765625000000,,
2026-07-23T23:15:09Z,6D409D06E4F30A3E,14.23,queries/Functions/09-04_string/concat_ws.sql,3,2,5.526814,1.842271,0,65.204711914062500000,60.006469726562500000,,
2026-07-23T23:15:21Z,6D409D06E4F30A3E,14.23,queries/Functions/09-04_string/format.sql,3,2,7.369378,2.456459,0,89.446594238281250000,82.741271972656250000,,
2026-07-23T23:15:42Z,6D409D06E4F30A3E,14.23,queries/Functions/09-04_string/initcap.sql,3,2,12.424357,4.141452,0,148.404113769531250000,137.130920410156250000,,
2026-07-23T23:15:50Z,6D409D06E4F30A3E,14.23,queries/Functions/09-04_string/left.sql,3,2,4.723995,1.574665,0,55.026611328125000000,50.476501464843750000,,
2026-07-23T23:15:58Z,6D409D06E4F30A3E,14.23,queries/Functions/09-04_string/length.sql,3,2,4.614267,1.538089,0,53.174133300781250000,48.760986328125000000,,
2026-07-23T23:16:14Z,6D409D06E4F30A3E,14.23,queries/Functions/09-04_string/lower.sql,3,2,10.074745,3.358248,0,119.709716796875000000,110.527038574218750000,,
2026-07-23T23:16:29Z,6D409D06E4F30A3E,14.23,queries/Functions/09-04_string/lpad.sql,3,2,9.003749,3.001250,0,104.505615234375000000,96.182556152343750000,,
2026-07-23T23:16:41Z,6D409D06E4F30A3E,14.23,queries/Functions/09-04_string/ltrim.sql,3,2,6.988775,2.329592,0,83.971374511718750000,77.554504394531250000,,
2026-07-23T23:17:06Z,6D409D06E4F30A3E,14.23,queries/Functions/09-04_string/md5.sql,3,2,15.180665,5.060222,0,177.765930175781250000,164.097106933593750000,,
2026-07-23T23:17:12Z,6D409D06E4F30A3E,14.23,queries/Functions/09-04_string/octet_length.sql,3,2,3.526432,1.175477,0,40.558105468750000000,37.059936523437500000,,
2026-07-23T23:17:24Z,6D409D06E4F30A3E,14.23,queries/Functions/09-04_string/overlay.sql,3,2,7.020552,2.340184,0,82.959899902343750000,76.560607910156250000,,
2026-07-23T23:17:33Z,6D409D06E4F30A3E,14.23,queries/Functions/09-04_string/position.sql,3,2,5.053905,1.684635,0,57.737854003906250000,53.042297363281250000,,
2026-07-23T23:17:44Z,6D409D06E4F30A3E,14.23,queries/Functions/09-04_string/quote_ident.sql,3,2,6.651457,2.217152,0,74.983032226562500000,68.734191894531250000,,
2026-07-23T23:17:51Z,6D409D06E4F30A3E,14.23,queries/Functions/09-04_string/quote_literal.sql,3,2,4.651333,1.550444,0,53.017761230468750000,48.588867187500000000,,
2026-07-23T23:17:58Z,6D409D06E4F30A3E,14.23,queries/Functions/09-04_string/repeat.sql,3,2,4.187703,1.395901,0,48.037231445312500000,44.030639648437500000,,
2026-07-23T23:18:08Z,6D409D06E4F30A3E,14.23,queries/Functions/09-04_string/replace.sql,3,2,5.801270,1.933757,0,66.962341308593750000,61.469604492187500000,,
2026-07-23T23:18:18Z,6D409D06E4F30A3E,14.23,queries/Functions/09-04_string/reverse.sql,3,2,6.014964,2.004988,0,71.464538574218750000,65.845092773437500000,,
2026-07-23T23:18:28Z,6D409D06E4F30A3E,14.23,queries/Functions/09-04_string/right.sql,3,2,6.068531,2.022844,0,70.900024414062500000,65.257995605468750000,,
2026-07-23T23:18:44Z,6D409D06E4F30A3E,14.23,queries/Functions/09-04_string/rpad.sql,3,2,9.456116,3.152039,0,111.112243652343750000,102.471740722656250000,,
2026-07-23T23:18:56Z,6D409D06E4F30A3E,14.23,queries/Functions/09-04_string/rtrim.sql,3,2,7.005442,2.335147,0,84.109558105468750000,77.518554687500000000,,
2026-07-23T23:19:04Z,6D409D06E4F30A3E,14.23,queries/Functions/09-04_string/split_part.sql,3,2,4.739038,1.579679,0,54.907592773437500000,50.431335449218750000,,
2026-07-23T23:19:12Z,6D409D06E4F30A3E,14.23,queries/Functions/09-04_string/starts_with.sql,3,2,4.898206,1.632735,0,57.583679199218750000,52.868530273437500000,,
2026-07-23T23:19:20Z,6D409D06E4F30A3E,14.23,queries/Functions/09-04_string/strpos.sql,3,2,5.000744,1.666915,0,57.638000488281250000,52.923889160156250000,,
2026-07-23T23:19:28Z,6D409D06E4F30A3E,14.23,queries/Functions/09-04_string/substr.sql,3,2,4.767401,1.589134,0,55.628295898437500000,51.105590820312500000,,
2026-07-23T23:19:36Z,6D409D06E4F30A3E,14.23,queries/Functions/09-04_string/substring.sql,3,2,4.720398,1.573466,0,55.488342285156250000,50.997924804687500000,,
2026-07-23T23:19:40Z,6D409D06E4F30A3E,14.23,queries/Functions/09-04_string/to_hex.sql,3,2,2.297647,0.765882,0,26.090454101562500000,23.853027343750000000,,
2026-07-23T23:20:02Z,6D409D06E4F30A3E,14.23,queries/Functions/09-04_string/translate.sql,3,2,13.357295,4.452432,0,163.291931152343750000,151.188049316406250000,,
2026-07-23T23:20:14Z,6D409D06E4F30A3E,14.23,queries/Functions/09-04_string/trim_both.sql,3,2,7.080645,2.360215,0,85.282714843750000000,78.769470214843750000,,
2026-07-23T23:20:30Z,6D409D06E4F30A3E,14.23,queries/Functions/09-04_string/upper.sql,3,2,9.848397,3.282799,0,117.127075195312500000,108.189880371093750000,,
2026-07-23T23:20:39Z,6D409D06E4F30A3E,14.23,queries/Functions/09-05_binary_string/cast_bytea.sql,3,2,5.044026,1.681342,0,57.690551757812500000,52.924011230468750000,,
2026-07-23T23:20:48Z,6D409D06E4F30A3E,14.23,queries/Functions/09-05_binary_string/concat_bytea.sql,3,2,5.367534,1.789178,0,61.777221679687500000,56.818115234375000000,,
2026-07-23T23:21:15Z,6D409D06E4F30A3E,14.23,queries/Functions/09-05_binary_string/decode_hex.sql,3,2,16.231828,5.410609,0,191.629760742187500000,177.341430664062500000,,
2026-07-23T23:21:26Z,6D409D06E4F30A3E,14.23,queries/Functions/09-05_binary_string/encode_base64.sql,3,2,6.911349,2.303783,0,78.015869140625000000,71.500000000000000000,,
2026-07-23T23:21:37Z,6D409D06E4F30A3E,14.23,queries/Functions/09-05_binary_string/encode_escape.sql,3,2,6.594119,2.198040,0,75.798400878906250000,69.573120117187500000,,
2026-07-23T23:21:47Z,6D409D06E4F30A3E,14.23,queries/Functions/09-05_binary_string/encode_hex.sql,3,2,6.093167,2.031056,0,70.178466796875000000,64.407165527343750000,,
2026-07-23T23:21:56Z,6D409D06E4F30A3E,14.23,queries/Functions/09-05_binary_string/get_byte.sql,3,2,5.075501,1.691834,0,58.382385253906250000,53.658569335937500000,,
2026-07-23T23:22:23Z,6D409D06E4F30A3E,14.23,queries/Functions/09-05_binary_string/md5_bytea.sql,3,2,16.560859,5.520286,0,192.377685546875000000,177.701049804687500000,,
2026-07-23T23:22:32Z,6D409D06E4F30A3E,14.23,queries/Functions/09-05_binary_string/octet_length.sql,3,2,5.093083,1.697694,0,57.849609375000000000,53.223083496093750000,,
2026-07-23T23:22:40Z,6D409D06E4F30A3E,14.23,queries/Functions/09-05_binary_string/set_byte.sql,3,2,5.210300,1.736767,0,60.808471679687500000,56.081542968750000000,,
2026-07-23T23:23:10Z,6D409D06E4F30A3E,14.23,queries/Functions/09-05_binary_string/sha224.sql,3,2,17.700113,5.900038,0,207.676086425781250000,191.985717773437500000,,
2026-07-23T23:23:40Z,6D409D06E4F30A3E,14.23,queries/Functions/09-05_binary_string/sha256.sql,3,2,17.764362,5.921454,0,208.296142578125000000,192.367919921875000000,,
2026-07-23T23:24:12Z,6D409D06E4F30A3E,14.23,queries/Functions/09-05_binary_string/sha384.sql,3,2,19.405692,6.468564,0,231.690307617187500000,214.337280273437500000,,
2026-07-23T23:24:44Z,6D409D06E4F30A3E,14.23,queries/Functions/09-05_binary_string/sha512.sql,3,2,19.439103,6.479701,0,231.361267089843750000,214.006835937500000000,,
2026-07-23T23:24:53Z,6D409D06E4F30A3E,14.23,queries/Functions/09-05_binary_string/substring_bytea.sql,3,2,5.364136,1.788045,0,61.888977050781250000,56.989685058593750000,,
2026-07-23T23:24:59Z,6D409D06E4F30A3E,14.23,queries/Functions/09-06_bit_string/and.sql,3,2,3.162698,1.054233,0,35.776245117187500000,32.791137695312500000,,
2026-07-23T23:25:02Z,6D409D06E4F30A3E,14.23,queries/Functions/09-06_bit_string/bit_count.sql,3,2,2.210520,0.736840,0,25.532043457031250000,23.487365722656250000,,
2026-07-23T23:25:06Z,6D409D06E4F30A3E,14.23,queries/Functions/09-06_bit_string/cast_bit.sql,3,2,2.124539,0.708180,0,24.254882812500000000,22.148925781250000000,,
2026-07-23T23:25:12Z,6D409D06E4F30A3E,14.23,queries/Functions/09-06_bit_string/concat_bit.sql,3,2,3.404519,1.134840,0,38.919799804687500000,35.701110839843750000,,
2026-07-23T23:25:15Z,6D409D06E4F30A3E,14.23,queries/Functions/09-06_bit_string/get_bit.sql,3,2,2.201034,0.733678,0,24.956359863281250000,22.790100097656250000,,
2026-07-23T23:25:19Z,6D409D06E4F30A3E,14.23,queries/Functions/09-06_bit_string/length_bit.sql,3,2,2.156866,0.718955,0,24.535522460937500000,22.394714355468750000,,
2026-07-23T23:25:23Z,6D409D06E4F30A3E,14.23,queries/Functions/09-06_bit_string/not.sql,3,2,2.345504,0.781835,0,26.887145996093750000,24.667602539062500000,,
2026-07-23T23:25:28Z,6D409D06E4F30A3E,14.23,queries/Functions/09-06_bit_string/or.sql,3,2,3.168570,1.056190,0,36.215393066406250000,33.095458984375000000,,
2026-07-23T23:25:34Z,6D409D06E4F30A3E,14.23,queries/Functions/09-06_bit_string/overlay_bit.sql,3,2,3.346105,1.115368,0,39.325134277343750000,36.163696289062500000,,
2026-07-23T23:25:38Z,6D409D06E4F30A3E,14.23,queries/Functions/09-06_bit_string/set_bit.sql,3,2,2.412403,0.804134,0,27.088989257812500000,24.684997558593750000,,
2026-07-23T23:25:42Z,6D409D06E4F30A3E,14.23,queries/Functions/09-06_bit_string/shift_left.sql,3,2,2.394762,0.798254,0,28.185546875000000000,25.877014160156250000,,
2026-07-23T23:25:46Z,6D409D06E4F30A3E,14.23,queries/Functions/09-06_bit_string/shift_right.sql,3,2,2.504694,0.834898,0,28.625854492187500000,26.156982421875000000,,
2026-07-23T23:25:50Z,6D409D06E4F30A3E,14.23,queries/Functions/09-06_bit_string/substring_bit.sql,3,2,2.423279,0.807760,0,27.693542480468750000,25.341369628906250000,,
2026-07-23T23:25:55Z,6D409D06E4F30A3E,14.23,queries/Functions/09-06_bit_string/xor.sql,3,2,3.156458,1.052153,0,35.740844726562500000,32.666076660156250000,,
2026-07-23T23:26:18Z,6D409D06E4F30A3E,14.23,queries/Functions/09-07_pattern_matching/ilike.sql,3,2,13.972628,4.657543,0,165.916320800781250000,153.352783203125000000,,
2026-07-23T23:26:26Z,6D409D06E4F30A3E,14.23,queries/Functions/09-07_pattern_matching/like.sql,3,2,4.749102,1.583034,0,54.254882812500000000,49.680664062500000000,,
2026-07-23T23:26:33Z,6D409D06E4F30A3E,14.23,queries/Functions/09-07_pattern_matching/like_prefix.sql,3,2,3.777053,1.259018,0,43.424133300781250000,39.916442871093750000,,
2026-07-23T23:26:56Z,6D409D06E4F30A3E,14.23,queries/Functions/09-07_pattern_matching/not_ilike.sql,3,2,13.859158,4.619719,0,164.734802246093750000,152.428222656250000000,,
2026-07-23T23:27:04Z,6D409D06E4F30A3E,14.23,queries/Functions/09-07_pattern_matching/not_like.sql,3,2,4.762268,1.587423,0,53.644775390625000000,49.171691894531250000,,
2026-07-23T23:27:36Z,6D409D06E4F30A3E,14.23,queries/Functions/09-07_pattern_matching/regex_alternation.sql,3,2,19.196504,6.398835,0,221.856994628906250000,204.856933593750000000,,
2026-07-23T23:27:49Z,6D409D06E4F30A3E,14.23,queries/Functions/09-07_pattern_matching/regex_anchored.sql,3,2,7.752945,2.584315,0,91.360961914062500000,84.382507324218750000,,
2026-07-23T23:28:24Z,6D409D06E4F30A3E,14.23,queries/Functions/09-07_pattern_matching/regex_backtrack.sql,3,2,21.065413,7.021804,0,247.090454101562500000,228.243652343750000000,,
2026-07-23T23:28:40Z,6D409D06E4F30A3E,14.23,queries/Functions/09-07_pattern_matching/regex_charclass.sql,3,2,9.437721,3.145907,0,108.210815429687500000,99.715087890625000000,,
2026-07-23T23:29:01Z,6D409D06E4F30A3E,14.23,queries/Functions/09-07_pattern_matching/regex_match.sql,3,2,12.690967,4.230322,0,147.855529785156250000,136.424255371093750000,,
2026-07-23T23:29:22Z,6D409D06E4F30A3E,14.23,queries/Functions/09-07_pattern_matching/regex_match_ci.sql,3,2,12.768295,4.256098,0,147.861877441406250000,136.371520996093750000,,
2026-07-23T23:29:43Z,6D409D06E4F30A3E,14.23,queries/Functions/09-07_pattern_matching/regex_not_match.sql,3,2,12.747864,4.249288,0,147.915954589843750000,136.374450683593750000,,
2026-07-23T23:30:05Z,6D409D06E4F30A3E,14.23,queries/Functions/09-07_pattern_matching/regex_not_match_ci.sql,3,2,12.756935,4.252312,0,148.401550292968750000,136.828002929687500000,,
2026-07-23T23:30:05Z,6D409D06E4F30A3E,14.23,queries/Functions/09-07_pattern_matching/regexp_count.sql,3,2,0.119537,0.039846,3,1.474365234375000000,1.298645019531250000,,
2026-07-23T23:30:05Z,6D409D06E4F30A3E,14.23,queries/Functions/09-07_pattern_matching/regexp_instr.sql,3,2,0.118873,0.039624,3,1.483215332031250000,1.300903320312500000,,
2026-07-23T23:30:05Z,6D409D06E4F30A3E,14.23,queries/Functions/09-07_pattern_matching/regexp_like.sql,3,2,0.119541,0.039847,3,1.510314941406250000,1.335449218750000000,,
2026-07-23T23:30:32Z,6D409D06E4F30A3E,14.23,queries/Functions/09-07_pattern_matching/regexp_match.sql,3,2,16.182445,5.394148,0,189.600769042968750000,175.321411132812500000,,
2026-07-23T23:30:59Z,6D409D06E4F30A3E,14.23,queries/Functions/09-07_pattern_matching/regexp_replace.sql,3,2,15.914427,5.304809,0,186.352172851562500000,172.397338867187500000,,
2026-07-23T23:31:30Z,6D409D06E4F30A3E,14.23,queries/Functions/09-07_pattern_matching/regexp_replace_global.sql,3,2,18.544571,6.181524,0,218.163269042968750000,201.595214843750000000,,
2026-07-23T23:32:48Z,6D409D06E4F30A3E,14.23,queries/Functions/09-07_pattern_matching/regexp_split_to_array.sql,3,2,47.055506,15.685169,0,558.671569824218750000,517.584350585937500000,,
2026-07-23T23:32:48Z,6D409D06E4F30A3E,14.23,queries/Functions/09-07_pattern_matching/regexp_substr.sql,3,2,0.119333,0.039778,3,1.486328125000000000,1.306457519531250000,,
2026-07-23T23:33:12Z,6D409D06E4F30A3E,14.23,queries/Functions/09-07_pattern_matching/similar_to.sql,3,2,13.919727,4.639909,0,161.218811035156250000,148.681030273437500000,,
2026-07-23T23:33:37Z,6D409D06E4F30A3E,14.23,queries/Functions/09-07_pattern_matching/substring_regex.sql,3,2,15.346604,5.115535,0,179.408813476562500000,165.861206054687500000,,
2026-07-23T23:33:53Z,6D409D06E4F30A3E,14.23,queries/Functions/09-08_formatting/to_char_date.sql,3,2,9.390571,3.130190,0,108.610412597656250000,100.024414062500000000,,
2026-07-23T23:34:10Z,6D409D06E4F30A3E,14.23,queries/Functions/09-08_formatting/to_char_date_long.sql,3,2,10.278555,3.426185,0,119.252563476562500000,109.943786621093750000,,
2026-07-23T23:34:17Z,6D409D06E4F30A3E,14.23,queries/Functions/09-08_formatting/to_char_int.sql,3,2,4.043112,1.347704,0,48.261352539062500000,44.503723144531250000,,
2026-07-23T23:34:29Z,6D409D06E4F30A3E,14.23,queries/Functions/09-08_formatting/to_char_numeric.sql,3,2,7.383495,2.461165,0,87.036743164062500000,80.177307128906250000,,
2026-07-23T23:34:48Z,6D409D06E4F30A3E,14.23,queries/Functions/09-08_formatting/to_char_timestamp.sql,3,2,11.330900,3.776967,0,131.651672363281250000,121.412414550781250000,,
2026-07-23T23:35:11Z,6D409D06E4F30A3E,14.23,queries/Functions/09-08_formatting/to_date.sql,3,2,13.783362,4.594454,0,162.351013183593750000,149.919067382812500000,,
2026-07-23T23:35:33Z,6D409D06E4F30A3E,14.23,queries/Functions/09-08_formatting/to_number.sql,3,2,12.960052,4.320017,0,152.667175292968750000,140.960815429687500000,,
2026-07-23T23:35:36Z,6D409D06E4F30A3E,14.23,queries/Functions/09-08_formatting/to_timestamp.sql,3,2,1.790804,0.596935,0,20.495056152343750000,18.649047851562500000,,
2026-07-23T23:35:47Z,6D409D06E4F30A3E,14.23,queries/Functions/09-09_datetime/age_two_args.sql,3,2,6.837457,2.279152,0,78.290344238281250000,72.009033203125000000,,
2026-07-23T23:35:54Z,6D409D06E4F30A3E,14.23,queries/Functions/09-09_datetime/at_time_zone.sql,3,2,3.950510,1.316837,0,45.454956054687500000,41.695800781250000000,,
2026-07-23T23:35:59Z,6D409D06E4F30A3E,14.23,queries/Functions/09-09_datetime/cast_timestamp.sql,3,2,3.031156,1.010385,0,34.495361328125000000,31.448608398437500000,,
2026-07-23T23:36:04Z,6D409D06E4F30A3E,14.23,queries/Functions/09-09_datetime/date_add_time.sql,3,2,2.976368,0.992123,0,34.141723632812500000,31.135192871093750000,,
2026-07-23T23:36:09Z,6D409D06E4F30A3E,14.23,queries/Functions/09-09_datetime/date_bin.sql,3,2,3.262643,1.087548,0,37.093627929687500000,33.752563476562500000,,
2026-07-23T23:36:14Z,6D409D06E4F30A3E,14.23,queries/Functions/09-09_datetime/date_minus_date.sql,3,2,3.133485,1.044495,0,36.239624023437500000,33.145812988281250000,,
2026-07-23T23:36:19Z,6D409D06E4F30A3E,14.23,queries/Functions/09-09_datetime/date_minus_int.sql,3,2,2.999799,0.999933,0,33.834777832031250000,30.939331054687500000,,
2026-07-23T23:36:26Z,6D409D06E4F30A3E,14.23,queries/Functions/09-09_datetime/date_part.sql,3,2,4.144234,1.381411,0,47.475463867187500000,43.491821289062500000,,
2026-07-23T23:36:31Z,6D409D06E4F30A3E,14.23,queries/Functions/09-09_datetime/date_plus_int.sql,3,2,3.002438,1.000813,0,34.103942871093750000,31.149108886718750000,,
2026-07-23T23:36:37Z,6D409D06E4F30A3E,14.23,queries/Functions/09-09_datetime/date_plus_interval.sql,3,2,3.755037,1.251679,0,42.699340820312500000,39.041503906250000000,,
2026-07-23T23:36:44Z,6D409D06E4F30A3E,14.23,queries/Functions/09-09_datetime/date_trunc_day.sql,3,2,4.186692,1.395564,0,49.498657226562500000,45.544677734375000000,,
2026-07-23T23:36:52Z,6D409D06E4F30A3E,14.23,queries/Functions/09-09_datetime/date_trunc_month.sql,3,2,4.331349,1.443783,0,49.409362792968750000,45.277832031250000000,,
2026-07-23T23:36:59Z,6D409D06E4F30A3E,14.23,queries/Functions/09-09_datetime/extract_day.sql,3,2,4.488209,1.496070,0,52.284118652343750000,48.004394531250000000,,
2026-07-23T23:37:07Z,6D409D06E4F30A3E,14.23,queries/Functions/09-09_datetime/extract_dow.sql,3,2,4.931335,1.643778,0,58.206726074218750000,53.637268066406250000,,
2026-07-23T23:37:16Z,6D409D06E4F30A3E,14.23,queries/Functions/09-09_datetime/extract_doy.sql,3,2,5.082443,1.694148,0,59.324768066406250000,54.581115722656250000,,
2026-07-23T23:37:24Z,6D409D06E4F30A3E,14.23,queries/Functions/09-09_datetime/extract_epoch.sql,3,2,4.694674,1.564891,0,54.528381347656250000,49.998535156250000000,,
2026-07-23T23:37:31Z,6D409D06E4F30A3E,14.23,queries/Functions/09-09_datetime/extract_month.sql,3,2,4.508760,1.502920,0,52.688415527343750000,48.368164062500000000,,
2026-07-23T23:37:39Z,6D409D06E4F30A3E,14.23,queries/Functions/09-09_datetime/extract_quarter.sql,3,2,4.596880,1.532293,0,53.562500000000000000,49.206115722656250000,,
2026-07-23T23:37:47Z,6D409D06E4F30A3E,14.23,queries/Functions/09-09_datetime/extract_week.sql,3,2,4.725770,1.575257,0,54.930480957031250000,50.398254394531250000,,
2026-07-23T23:37:54Z,6D409D06E4F30A3E,14.23,queries/Functions/09-09_datetime/extract_year.sql,3,2,4.460771,1.486924,0,52.547973632812500000,48.211486816406250000,,
2026-07-23T23:37:59Z,6D409D06E4F30A3E,14.23,queries/Functions/09-09_datetime/isfinite.sql,3,2,3.083021,1.027674,0,34.453491210937500000,31.321472167968750000,,
2026-07-23T23:38:11Z,6D409D06E4F30A3E,14.23,queries/Functions/09-09_datetime/justify_days.sql,3,2,7.030139,2.343380,0,79.755737304687500000,73.315612792968750000,,
2026-07-23T23:38:15Z,6D409D06E4F30A3E,14.23,queries/Functions/09-09_datetime/make_date.sql,3,2,2.660081,0.886694,0,30.470703125000000000,27.884033203125000000,,
2026-07-23T23:38:20Z,6D409D06E4F30A3E,14.23,queries/Functions/09-09_datetime/make_interval.sql,3,2,2.724529,0.908176,0,31.214416503906250000,28.548706054687500000,,
2026-07-23T23:38:25Z,6D409D06E4F30A3E,14.23,queries/Functions/09-09_datetime/make_timestamp.sql,3,2,2.871240,0.957080,0,32.926940917968750000,30.085937500000000000,,
2026-07-23T23:38:34Z,6D409D06E4F30A3E,14.23,queries/Functions/09-09_datetime/overlaps.sql,3,2,5.232495,1.744165,0,60.481262207031250000,55.617614746093750000,,
2026-07-23T23:38:47Z,6D409D06E4F30A3E,14.23,queries/Functions/09-11_geometric/box_area.sql,3,2,8.241189,2.747063,0,95.783020019531250000,88.243469238281250000,,
2026-07-23T23:39:01Z,6D409D06E4F30A3E,14.23,queries/Functions/09-11_geometric/box_center.sql,3,2,8.454185,2.818062,0,97.768188476562500000,90.029663085937500000,,
2026-07-23T23:39:15Z,6D409D06E4F30A3E,14.23,queries/Functions/09-11_geometric/box_contains_point.sql,3,2,8.241193,2.747064,0,95.666198730468750000,88.195251464843750000,,
2026-07-23T23:39:29Z,6D409D06E4F30A3E,14.23,queries/Functions/09-11_geometric/box_make.sql,3,2,8.172370,2.724123,0,94.741271972656250000,87.176574707031250000,,
2026-07-23T23:39:42Z,6D409D06E4F30A3E,14.23,queries/Functions/09-11_geometric/box_overlaps.sql,3,2,8.246309,2.748770,0,95.955505371093750000,88.451843261718750000,,
2026-07-23T23:39:57Z,6D409D06E4F30A3E,14.23,queries/Functions/09-11_geometric/circle_area.sql,3,2,8.868579,2.956193,0,99.873657226562500000,91.813964843750000000,,
2026-07-23T23:40:11Z,6D409D06E4F30A3E,14.23,queries/Functions/09-11_geometric/circle_make.sql,3,2,8.008504,2.669501,0,93.099426269531250000,85.951293945312500000,,
2026-07-23T23:40:24Z,6D409D06E4F30A3E,14.23,queries/Functions/09-11_geometric/lseg_length.sql,3,2,8.188205,2.729402,0,94.371643066406250000,86.960815429687500000,,
2026-07-23T23:40:38Z,6D409D06E4F30A3E,14.23,queries/Functions/09-11_geometric/lseg_make.sql,3,2,8.060119,2.686706,0,92.948852539062500000,85.535339355468750000,,
2026-07-23T23:40:51Z,6D409D06E4F30A3E,14.23,queries/Functions/09-11_geometric/point_add.sql,3,2,8.110092,2.703364,0,93.141479492187500000,85.836059570312500000,,
2026-07-23T23:41:05Z,6D409D06E4F30A3E,14.23,queries/Functions/09-11_geometric/point_distance.sql,3,2,8.041656,2.680552,0,92.313110351562500000,85.083801269531250000,,
2026-07-23T23:41:18Z,6D409D06E4F30A3E,14.23,queries/Functions/09-11_geometric/point_make.sql,3,2,7.722810,2.574270,0,90.600280761718750000,83.484924316406250000,,
2026-07-23T23:41:31Z,6D409D06E4F30A3E,14.23,queries/Functions/09-11_geometric/point_mul.sql,3,2,7.992639,2.664213,0,93.284057617187500000,86.092529296875000000,,
2026-07-23T23:41:41Z,6D409D06E4F30A3E,14.23,queries/Functions/09-12_network/abbrev.sql,3,2,5.936195,1.978732,0,68.187683105468750000,62.837829589843750000,,
2026-07-23T23:41:45Z,6D409D06E4F30A3E,14.23,queries/Functions/09-12_network/broadcast.sql,3,2,2.668710,0.889570,0,30.599792480468750000,28.025390625000000000,,
2026-07-23T23:41:50Z,6D409D06E4F30A3E,14.23,queries/Functions/09-12_network/contained_by.sql,3,2,2.575676,0.858559,0,28.927490234375000000,26.456359863281250000,,
2026-07-23T23:41:54Z,6D409D06E4F30A3E,14.23,queries/Functions/09-12_network/contained_by_eq.sql,3,2,2.538227,0.846076,0,29.072692871093750000,26.651611328125000000,,
2026-07-23T23:41:58Z,6D409D06E4F30A3E,14.23,queries/Functions/09-12_network/contains.sql,3,2,2.536123,0.845374,0,28.900024414062500000,26.510192871093750000,,
2026-07-23T23:42:02Z,6D409D06E4F30A3E,14.23,queries/Functions/09-12_network/family.sql,3,2,2.414431,0.804810,0,27.546325683593750000,25.179199218750000000,,
2026-07-23T23:42:12Z,6D409D06E4F30A3E,14.23,queries/Functions/09-12_network/host.sql,3,2,6.032443,2.010814,0,69.316528320312500000,63.682556152343750000,,
2026-07-23T23:42:15Z,6D409D06E4F30A3E,14.23,queries/Functions/09-12_network/hostmask.sql,3,2,1.644937,0.548312,0,18.543029785156250000,16.896484375000000000,,
2026-07-23T23:42:19Z,6D409D06E4F30A3E,14.23,queries/Functions/09-12_network/inet_add.sql,3,2,2.683475,0.894492,0,31.234252929687500000,28.569763183593750000,,
2026-07-23T23:42:23Z,6D409D06E4F30A3E,14.23,queries/Functions/09-12_network/inet_cast.sql,3,2,2.343492,0.781164,0,26.826660156250000000,24.538940429687500000,,
2026-07-23T23:42:27Z,6D409D06E4F30A3E,14.23,queries/Functions/09-12_network/inet_sub_inet.sql,3,2,2.547097,0.849032,0,28.794799804687500000,26.394714355468750000,,
2026-07-23T23:42:32Z,6D409D06E4F30A3E,14.23,queries/Functions/09-12_network/inet_sub_int.sql,3,2,2.703372,0.901124,0,31.245605468750000000,28.676025390625000000,,
2026-07-23T23:42:36Z,6D409D06E4F30A3E,14.23,queries/Functions/09-12_network/macaddr_cast.sql,3,2,2.252884,0.750961,0,26.562500000000000000,24.314758300781250000,,
2026-07-23T23:42:40Z,6D409D06E4F30A3E,14.23,queries/Functions/09-12_network/masklen.sql,3,2,2.402832,0.800944,0,27.178466796875000000,24.885986328125000000,,
2026-07-23T23:42:42Z,6D409D06E4F30A3E,14.23,queries/Functions/09-12_network/netmask.sql,3,2,1.593380,0.531127,0,18.690795898437500000,17.061035156250000000,,
2026-07-23T23:42:47Z,6D409D06E4F30A3E,14.23,queries/Functions/09-12_network/network.sql,3,2,2.673427,0.891142,0,30.966247558593750000,28.274902343750000000,,
2026-07-23T23:42:51Z,6D409D06E4F30A3E,14.23,queries/Functions/09-12_network/overlaps.sql,3,2,2.533590,0.844530,0,28.890502929687500000,26.500061035156250000,,
2026-07-23T23:42:56Z,6D409D06E4F30A3E,14.23,queries/Functions/09-12_network/set_masklen.sql,3,2,2.688320,0.896107,0,30.725463867187500000,28.227294921875000000,,
2026-07-23T23:43:43Z,6D409D06E4F30A3E,14.23,queries/Functions/09-13_text_search/length_tsvector.sql,3,2,29.414217,9.804739,0,697.640380859375000000,669.946533203125000000,,
2026-07-23T23:44:34Z,6D409D06E4F30A3E,14.23,queries/Functions/09-13_text_search/match.sql,3,2,30.581653,10.193884,0,671.202209472656250000,642.449096679687500000,,
2026-07-23T23:45:27Z,6D409D06E4F30A3E,14.23,queries/Functions/09-13_text_search/numnode.sql,3,2,31.750388,10.583463,0,696.807128906250000000,666.877563476562500000,,
2026-07-23T23:46:20Z,6D409D06E4F30A3E,14.23,queries/Functions/09-13_text_search/phraseto_tsquery.sql,3,2,32.030205,10.676735,0,702.938964843750000000,672.849914550781250000,,
2026-07-23T23:47:14Z,6D409D06E4F30A3E,14.23,queries/Functions/09-13_text_search/plainto_tsquery.sql,3,2,31.962260,10.654087,0,701.419799804687500000,671.189636230468750000,,
2026-07-23T23:48:05Z,6D409D06E4F30A3E,14.23,queries/Functions/09-13_text_search/setweight.sql,3,2,30.621356,10.207119,0,671.994445800781250000,643.684143066406250000,,
2026-07-23T23:48:56Z,6D409D06E4F30A3E,14.23,queries/Functions/09-13_text_search/strip.sql,3,2,30.795300,10.265100,0,675.837707519531250000,647.377868652343750000,,
2026-07-23T23:48:59Z,6D409D06E4F30A3E,14.23,queries/Functions/09-13_text_search/to_tsquery.sql,3,2,1.651789,0.550596,0,19.882141113281250000,18.139648437500000000,,
2026-07-23T23:49:49Z,6D409D06E4F30A3E,14.23,queries/Functions/09-13_text_search/to_tsvector.sql,3,2,30.234628,10.078209,0,664.342041015625000000,636.570251464843750000,,
2026-07-23T23:50:24Z,6D409D06E4F30A3E,14.23,queries/Functions/09-13_text_search/to_tsvector_simple.sql,3,2,20.835871,6.945290,0,457.310791015625000000,437.778747558593750000,,
2026-07-23T23:51:15Z,6D409D06E4F30A3E,14.23,queries/Functions/09-13_text_search/ts_headline.sql,3,2,30.552662,10.184221,0,670.425292968750000000,642.161193847656250000,,
2026-07-23T23:52:05Z,6D409D06E4F30A3E,14.23,queries/Functions/09-13_text_search/ts_rank.sql,3,2,30.388968,10.129656,0,666.960998535156250000,638.813842773437500000,,
2026-07-23T23:53:09Z,6D409D06E4F30A3E,14.23,queries/Functions/09-13_text_search/websearch_to_tsquery.sql,3,2,38.343778,12.781259,0,841.428894042968750000,805.654357910156250000,,
2026-07-23T23:53:58Z,6D409D06E4F30A3E,14.23,queries/Functions/09-14_uuid/gen_random_uuid.sql,3,2,29.647075,9.882358,0,333.458007812500000000,306.994506835937500000,,
2026-07-23T23:54:35Z,6D409D06E4F30A3E,14.23,queries/Functions/09-14_uuid/uuid_from_md5.sql,3,2,22.202944,7.400981,0,259.554992675781250000,239.910522460937500000,,
2026-07-23T23:55:28Z,6D409D06E4F30A3E,14.23,queries/Functions/09-14_uuid/uuid_to_text.sql,3,2,31.379374,10.459791,0,348.445800781250000000,321.154663085937500000,,
2026-07-23T23:57:04Z,6D409D06E4F30A3E,14.23,queries/Functions/09-15_xml/xml_is_well_formed.sql,3,2,57.856816,19.285605,0,697.434997558593750000,647.053222656250000000,,
2026-07-23T23:57:40Z,6D409D06E4F30A3E,14.23,queries/Functions/09-15_xml/xml_to_text.sql,3,2,21.213258,7.071086,0,254.952758789062500000,235.983947753906250000,,
2026-07-23T23:57:57Z,6D409D06E4F30A3E,14.23,queries/Functions/09-15_xml/xmlcomment.sql,3,2,10.366562,3.455521,0,125.940307617187500000,116.513610839843750000,,
2026-07-23T23:59:03Z,6D409D06E4F30A3E,14.23,queries/Functions/09-15_xml/xmlconcat.sql,3,2,39.502021,13.167340,0,480.788879394531250000,446.183105468750000000,,
2026-07-23T23:59:38Z,6D409D06E4F30A3E,14.23,queries/Functions/09-15_xml/xmlelement.sql,3,2,21.132999,7.044333,0,253.201110839843750000,234.378540039062500000,,
2026-07-24T00:00:22Z,6D409D06E4F30A3E,14.23,queries/Functions/09-15_xml/xmlelement_attrs.sql,3,2,26.372527,8.790842,0,323.133422851562500000,299.562866210937500000,,
2026-07-24T00:00:44Z,6D409D06E4F30A3E,14.23,queries/Functions/09-15_xml/xmlforest.sql,3,2,13.477560,4.492520,0,163.651184082031250000,151.580871582031250000,,
2026-07-24T00:00:54Z,6D409D06E4F30A3E,14.23,queries/Functions/09-15_xml/xmlpi.sql,3,2,5.944303,1.981434,0,70.590393066406250000,65.076110839843750000,,
2026-07-24T00:05:04Z,6D409D06E4F30A3E,14.23,queries/Functions/09-15_xml/xpath.sql,3,2,149.720094,49.906698,0,1730.806213378906250000,1602.245300292968750000,,
2026-07-24T00:05:44Z,6D409D06E4F30A3E,14.23,queries/Functions/09-16_json/arrow_object.sql,3,2,24.001651,8.000550,0,291.729370117187500000,270.536621093750000000,,
2026-07-24T00:06:21Z,6D409D06E4F30A3E,14.23,queries/Functions/09-16_json/arrow_text.sql,3,2,22.397609,7.465870,0,270.559448242187500000,250.639282226562500000,,
2026-07-24T00:07:00Z,6D409D06E4F30A3E,14.23,queries/Functions/09-16_json/contains.sql,3,2,23.705980,7.901993,0,287.377380371093750000,266.564392089843750000,,
2026-07-24T00:07:21Z,6D409D06E4F30A3E,14.23,queries/Functions/09-16_json/json_build_array.sql,3,2,12.303374,4.101125,0,145.777770996093750000,134.762451171875000000,,
2026-07-24T00:07:50Z,6D409D06E4F30A3E,14.23,queries/Functions/09-16_json/json_build_object.sql,3,2,17.678255,5.892752,0,213.103881835937500000,197.244201660156250000,,
2026-07-24T00:08:13Z,6D409D06E4F30A3E,14.23,queries/Functions/09-16_json/jsonb_array_length.sql,3,2,13.630035,4.543345,0,165.426025390625000000,153.186767578125000000,,
2026-07-24T00:08:35Z,6D409D06E4F30A3E,14.23,queries/Functions/09-16_json/jsonb_build_array.sql,3,2,13.542714,4.514238,0,163.757629394531250000,151.461975097656250000,,
2026-07-24T00:09:12Z,6D409D06E4F30A3E,14.23,queries/Functions/09-16_json/jsonb_build_object.sql,3,2,21.597359,7.199120,0,259.784851074218750000,240.682189941406250000,,
2026-07-24T00:09:41Z,6D409D06E4F30A3E,14.23,queries/Functions/09-16_json/jsonb_insert.sql,3,2,17.477659,5.825886,0,213.575927734375000000,198.065307617187500000,,
2026-07-24T00:10:58Z,6D409D06E4F30A3E,14.23,queries/Functions/09-16_json/jsonb_object_keys_arr.sql,3,2,46.629570,15.543190,0,573.773193359375000000,532.876831054687500000,,
2026-07-24T00:11:20Z,6D409D06E4F30A3E,14.23,queries/Functions/09-16_json/jsonb_path_exists.sql,3,2,13.150260,4.383420,0,160.080078125000000000,148.476013183593750000,,
2026-07-24T00:11:45Z,6D409D06E4F30A3E,14.23,queries/Functions/09-16_json/jsonb_path_query.sql,3,2,15.016433,5.005478,0,182.299804687500000000,169.312438964843750000,,
2026-07-24T00:12:10Z,6D409D06E4F30A3E,14.23,queries/Functions/09-16_json/jsonb_path_query_array.sql,3,2,15.087457,5.029152,0,182.342773437500000000,169.072937011718750000,,
2026-07-24T00:12:57Z,6D409D06E4F30A3E,14.23,queries/Functions/09-16_json/jsonb_pretty.sql,3,2,28.077251,9.359084,0,341.064819335937500000,316.353454589843750000,,
2026-07-24T00:13:43Z,6D409D06E4F30A3E,14.23,queries/Functions/09-16_json/jsonb_set.sql,3,2,27.411277,9.137092,0,333.642028808593750000,309.472045898437500000,,
2026-07-24T00:14:26Z,6D409D06E4F30A3E,14.23,queries/Functions/09-16_json/jsonb_strip_nulls.sql,3,2,26.148631,8.716210,0,317.238891601562500000,294.096740722656250000,,
2026-07-24T00:15:13Z,6D409D06E4F30A3E,14.23,queries/Functions/09-16_json/jsonb_to_text.sql,3,2,27.887293,9.295764,0,336.082153320312500000,311.415405273437500000,,
2026-07-24T00:15:29Z,6D409D06E4F30A3E,14.23,queries/Functions/09-16_json/jsonb_typeof.sql,3,2,9.457249,3.152416,0,113.813659667968750000,105.274902343750000000,,
2026-07-24T00:15:55Z,6D409D06E4F30A3E,14.23,queries/Functions/09-16_json/jsonpath_exists_op.sql,3,2,15.397759,5.132586,0,188.159667968750000000,174.658569335937500000,,
2026-07-24T00:16:20Z,6D409D06E4F30A3E,14.23,queries/Functions/09-16_json/jsonpath_match_op.sql,3,2,15.357144,5.119048,0,187.531555175781250000,174.102905273437500000,,
2026-07-24T00:16:57Z,6D409D06E4F30A3E,14.23,queries/Functions/09-16_json/key_exists.sql,3,2,22.421953,7.473984,0,271.149230957031250000,251.097595214843750000,,
2026-07-24T00:17:39Z,6D409D06E4F30A3E,14.23,queries/Functions/09-16_json/path_extract.sql,3,2,24.712863,8.237621,0,301.725708007812500000,279.730529785156250000,,
2026-07-24T00:18:17Z,6D409D06E4F30A3E,14.23,queries/Functions/09-16_json/path_extract_text.sql,3,2,23.094892,7.698297,0,281.933288574218750000,261.322448730468750000,,
2026-07-24T00:18:38Z,6D409D06E4F30A3E,14.23,queries/Functions/09-16_json/row_to_json.sql,3,2,12.475479,4.158493,0,148.466735839843750000,137.251464843750000000,,
2026-07-24T00:18:52Z,6D409D06E4F30A3E,14.23,queries/Functions/09-16_json/to_json.sql,3,2,8.618813,2.872938,0,102.234191894531250000,94.291687011718750000,,
2026-07-24T00:19:06Z,6D409D06E4F30A3E,14.23,queries/Functions/09-16_json/to_jsonb.sql,3,2,8.119285,2.706428,0,98.348022460937500000,90.884460449218750000,,
2026-07-24T00:19:12Z,6D409D06E4F30A3E,14.23,queries/Functions/09-18_conditional/case_searched.sql,3,2,3.794632,1.264877,0,43.119628906250000000,39.433776855468750000,,
2026-07-24T00:19:18Z,6D409D06E4F30A3E,14.23,queries/Functions/09-18_conditional/case_simple.sql,3,2,3.443956,1.147985,0,39.862915039062500000,36.396179199218750000,,
2026-07-24T00:19:24Z,6D409D06E4F30A3E,14.23,queries/Functions/09-18_conditional/coalesce.sql,3,2,3.463951,1.154650,0,39.238464355468750000,35.868164062500000000,,
2026-07-24T00:19:29Z,6D409D06E4F30A3E,14.23,queries/Functions/09-18_conditional/nullif.sql,3,2,3.168113,1.056038,0,36.318359375000000000,33.231689453125000000,,
2026-07-24T00:19:38Z,6D409D06E4F30A3E,14.23,queries/Functions/09-19_array/array_append.sql,3,2,5.455348,1.818449,0,64.388427734375000000,59.364990234375000000,,
2026-07-24T00:19:46Z,6D409D06E4F30A3E,14.23,queries/Functions/09-19_array/array_cat.sql,3,2,4.852673,1.617558,0,56.810607910156250000,52.169006347656250000,,
2026-07-24T00:19:54Z,6D409D06E4F30A3E,14.23,queries/Functions/09-19_array/array_concat_op.sql,3,2,4.867874,1.622625,0,57.052307128906250000,52.495544433593750000,,
2026-07-24T00:20:00Z,6D409D06E4F30A3E,14.23,queries/Functions/09-19_array/array_construct.sql,3,2,3.364426,1.121475,0,38.087829589843750000,34.779052734375000000,,
2026-07-24T00:20:08Z,6D409D06E4F30A3E,14.23,queries/Functions/09-19_array/array_contains.sql,3,2,4.899025,1.633008,0,57.844482421875000000,53.140625000000000000,,
2026-07-24T00:20:17Z,6D409D06E4F30A3E,14.23,queries/Functions/09-19_array/array_dims.sql,3,2,5.195651,1.731884,0,60.547363281250000000,55.670288085937500000,,
2026-07-24T00:20:23Z,6D409D06E4F30A3E,14.23,queries/Functions/09-19_array/array_length.sql,3,2,3.433175,1.144392,0,38.760925292968750000,35.442077636718750000,,
2026-07-24T00:20:28Z,6D409D06E4F30A3E,14.23,queries/Functions/09-19_array/array_ndims.sql,3,2,3.435723,1.145241,0,38.937866210937500000,35.613830566406250000,,
2026-07-24T00:20:37Z,6D409D06E4F30A3E,14.23,queries/Functions/09-19_array/array_overlap.sql,3,2,5.010944,1.670315,0,58.341918945312500000,53.681579589843750000,,
2026-07-24T00:20:44Z,6D409D06E4F30A3E,14.23,queries/Functions/09-19_array/array_position.sql,3,2,4.381470,1.460490,0,50.096252441406250000,45.922424316406250000,,
2026-07-24T00:20:54Z,6D409D06E4F30A3E,14.23,queries/Functions/09-19_array/array_positions.sql,3,2,6.000454,2.000151,0,70.787170410156250000,65.104370117187500000,,
2026-07-24T00:21:03Z,6D409D06E4F30A3E,14.23,queries/Functions/09-19_array/array_prepend.sql,3,2,5.579784,1.859928,0,65.528198242187500000,60.221923828125000000,,
2026-07-24T00:21:11Z,6D409D06E4F30A3E,14.23,queries/Functions/09-19_array/array_remove.sql,3,2,4.688439,1.562813,0,54.525939941406250000,50.005310058593750000,,
2026-07-24T00:21:19Z,6D409D06E4F30A3E,14.23,queries/Functions/09-19_array/array_replace.sql,3,2,4.954560,1.651520,0,57.528137207031250000,52.872253417968750000,,
2026-07-24T00:21:28Z,6D409D06E4F30A3E,14.23,queries/Functions/09-19_array/array_slice.sql,3,2,4.937383,1.645794,0,56.715393066406250000,52.087768554687500000,,
2026-07-24T00:21:34Z,6D409D06E4F30A3E,14.23,queries/Functions/09-19_array/array_subscript.sql,3,2,3.721445,1.240482,0,42.464782714843750000,38.889892578125000000,,
2026-07-24T00:21:43Z,6D409D06E4F30A3E,14.23,queries/Functions/09-19_array/array_to_string.sql,3,2,5.630561,1.876854,0,66.958862304687500000,61.619506835937500000,,
2026-07-24T00:21:49Z,6D409D06E4F30A3E,14.23,queries/Functions/09-19_array/array_upper.sql,3,2,3.441443,1.147148,0,39.048400878906250000,35.706542968750000000,,
2026-07-24T00:21:55Z,6D409D06E4F30A3E,14.23,queries/Functions/09-19_array/cardinality.sql,3,2,3.396685,1.132228,0,39.132690429687500000,35.849853515625000000,,
2026-07-24T00:22:13Z,6D409D06E4F30A3E,14.23,queries/Functions/09-19_array/string_to_array.sql,3,2,11.103864,3.701288,0,131.060974121093750000,120.896728515625000000,,
2026-07-24T00:22:22Z,6D409D06E4F30A3E,14.23,queries/Functions/09-19_array/trim_array.sql,3,2,5.053471,1.684490,0,58.656188964843750000,53.830993652343750000,,
2026-07-24T00:22:35Z,6D409D06E4F30A3E,14.23,queries/Functions/09-20_range/adjacent.sql,3,2,7.794145,2.598048,0,93.812500000000000000,86.745422363281250000,,
2026-07-24T00:22:45Z,6D409D06E4F30A3E,14.23,queries/Functions/09-20_range/contained_by.sql,3,2,6.462184,2.154061,0,76.982849121093750000,71.076904296875000000,,
2026-07-24T00:22:56Z,6D409D06E4F30A3E,14.23,queries/Functions/09-20_range/contains_elem.sql,3,2,6.176836,2.058945,0,73.901855468750000000,68.255187988281250000,,
2026-07-24T00:23:07Z,6D409D06E4F30A3E,14.23,queries/Functions/09-20_range/contains_range.sql,3,2,6.449317,2.149772,0,76.775146484375000000,70.817810058593750000,,
2026-07-24T00:23:16Z,6D409D06E4F30A3E,14.23,queries/Functions/09-20_range/daterange_make.sql,3,2,5.802509,1.934170,0,68.270141601562500000,62.937744140625000000,,
2026-07-24T00:23:30Z,6D409D06E4F30A3E,14.23,queries/Functions/09-20_range/intersect.sql,3,2,8.447669,2.815890,0,101.123291015625000000,93.428405761718750000,,
2026-07-24T00:23:40Z,6D409D06E4F30A3E,14.23,queries/Functions/09-20_range/isempty.sql,3,2,5.750387,1.916796,0,68.150756835937500000,62.787536621093750000,,
2026-07-24T00:23:50Z,6D409D06E4F30A3E,14.23,queries/Functions/09-20_range/lower.sql,3,2,5.984357,1.994786,0,70.714721679687500000,65.196289062500000000,,
2026-07-24T00:24:01Z,6D409D06E4F30A3E,14.23,queries/Functions/09-20_range/multirange.sql,3,2,6.622081,2.207360,0,78.237854003906250000,72.190917968750000000,,
2026-07-24T00:24:12Z,6D409D06E4F30A3E,14.23,queries/Functions/09-20_range/overlaps.sql,3,2,6.714425,2.238142,0,79.079345703125000000,72.807861328125000000,,
2026-07-24T00:24:23Z,6D409D06E4F30A3E,14.23,queries/Functions/09-20_range/strictly_left.sql,3,2,6.415725,2.138575,0,75.802490234375000000,69.802429199218750000,,
2026-07-24T00:24:33Z,6D409D06E4F30A3E,14.23,queries/Functions/09-20_range/strictly_right.sql,3,2,6.353050,2.117683,0,75.145080566406250000,69.233642578125000000,,
2026-07-24T00:24:51Z,6D409D06E4F30A3E,14.23,queries/Functions/09-20_range/union.sql,3,2,10.688926,3.562975,0,129.155212402343750000,119.462219238281250000,,
2026-07-24T00:25:01Z,6D409D06E4F30A3E,14.23,queries/Functions/09-20_range/upper.sql,3,2,5.986981,1.995660,0,70.634094238281250000,65.096252441406250000,,
2026-07-24T00:25:11Z,6D409D06E4F30A3E,14.23,queries/Functions/09-21_aggregate/array_agg.sql,3,2,5.843533,1.947844,0,68.357543945312500000,62.568786621093750000,,
2026-07-24T00:25:29Z,6D409D06E4F30A3E,14.23,queries/Functions/09-21_aggregate/array_agg_orderby.sql,3,2,10.853272,3.617757,0,131.014587402343750000,120.771423339843750000,,
2026-07-24T00:25:31Z,6D409D06E4F30A3E,14.23,queries/Functions/09-21_aggregate/avg.sql,3,2,1.595648,0.531883,0,34.845336914062500000,33.125915527343750000,,
2026-07-24T00:25:33Z,6D409D06E4F30A3E,14.23,queries/Functions/09-21_aggregate/bit_and.sql,3,2,1.155495,0.385165,0,23.549499511718750000,22.204223632812500000,,
2026-07-24T00:25:35Z,6D409D06E4F30A3E,14.23,queries/Functions/09-21_aggregate/bit_or.sql,3,2,1.081428,0.360476,0,24.032165527343750000,22.685058593750000000,,
2026-07-24T00:25:37Z,6D409D06E4F30A3E,14.23,queries/Functions/09-21_aggregate/bool_and.sql,3,2,1.397445,0.465815,0,31.164733886718750000,29.549316406250000000,,
2026-07-24T00:25:40Z,6D409D06E4F30A3E,14.23,queries/Functions/09-21_aggregate/bool_or.sql,3,2,1.420816,0.473605,0,31.277770996093750000,29.655944824218750000,,
2026-07-24T00:25:45Z,6D409D06E4F30A3E,14.23,queries/Functions/09-21_aggregate/corr.sql,3,2,3.141009,1.047003,0,82.080261230468750000,78.897277832031250000,,
2026-07-24T00:25:47Z,6D409D06E4F30A3E,14.23,queries/Functions/09-21_aggregate/count_col.sql,3,2,1.463624,0.487875,0,35.610351562500000000,33.946838378906250000,,
2026-07-24T00:25:54Z,6D409D06E4F30A3E,14.23,queries/Functions/09-21_aggregate/count_distinct.sql,3,2,3.958443,1.319481,0,47.762634277343750000,43.619689941406250000,,
2026-07-24T00:25:56Z,6D409D06E4F30A3E,14.23,queries/Functions/09-21_aggregate/count_filter.sql,3,2,1.513286,0.504429,0,34.738586425781250000,32.972717285156250000,,
2026-07-24T00:25:58Z,6D409D06E4F30A3E,14.23,queries/Functions/09-21_aggregate/count_star.sql,3,2,0.871875,0.290625,0,17.424499511718750000,16.370117187500000000,,
2026-07-24T00:26:22Z,6D409D06E4F30A3E,14.23,queries/Functions/09-21_aggregate/cume_dist_hypothetical.sql,3,2,14.586448,4.862149,0,173.152893066406250000,159.204101562500000000,,
2026-07-24T00:26:48Z,6D409D06E4F30A3E,14.23,queries/Functions/09-21_aggregate/dense_rank_hypothetical.sql,3,2,15.285169,5.095056,0,180.161315917968750000,166.115112304687500000,,
2026-07-24T00:26:50Z,6D409D06E4F30A3E,14.23,queries/Functions/09-21_aggregate/group_by.sql,3,2,1.723640,0.574547,0,41.106567382812500000,39.265808105468750000,,
2026-07-24T00:27:02Z,6D409D06E4F30A3E,14.23,queries/Functions/09-21_aggregate/json_agg.sql,3,2,6.882088,2.294029,0,82.305358886718750000,75.455078125000000000,,
2026-07-24T00:27:21Z,6D409D06E4F30A3E,14.23,queries/Functions/09-21_aggregate/jsonb_agg.sql,3,2,11.628200,3.876067,0,142.212219238281250000,131.324951171875000000,,
2026-07-24T00:27:23Z,6D409D06E4F30A3E,14.23,queries/Functions/09-21_aggregate/max.sql,3,2,1.292928,0.430976,0,30.452880859375000000,29.020080566406250000,,
2026-07-24T00:27:26Z,6D409D06E4F30A3E,14.23,queries/Functions/09-21_aggregate/min.sql,3,2,1.303300,0.434433,0,30.498840332031250000,28.972717285156250000,,
2026-07-24T00:27:39Z,6D409D06E4F30A3E,14.23,queries/Functions/09-21_aggregate/mode.sql,3,2,7.799874,2.599958,0,92.697753906250000000,85.209228515625000000,,
2026-07-24T00:28:03Z,6D409D06E4F30A3E,14.23,queries/Functions/09-21_aggregate/percent_rank_hypothetical.sql,3,2,14.494075,4.831358,0,170.019775390625000000,156.747314453125000000,,
2026-07-24T00:28:15Z,6D409D06E4F30A3E,14.23,queries/Functions/09-21_aggregate/percentile_cont.sql,3,2,7.173758,2.391253,0,82.668090820312500000,75.724304199218750000,,
2026-07-24T00:28:27Z,6D409D06E4F30A3E,14.23,queries/Functions/09-21_aggregate/percentile_cont_array.sql,3,2,7.504425,2.501475,0,86.876953125000000000,79.915100097656250000,,
2026-07-24T00:28:42Z,6D409D06E4F30A3E,14.23,queries/Functions/09-21_aggregate/percentile_disc.sql,3,2,8.910103,2.970034,0,104.044433593750000000,95.642700195312500000,,
2026-07-24T00:29:06Z,6D409D06E4F30A3E,14.23,queries/Functions/09-21_aggregate/rank_hypothetical.sql,3,2,14.489091,4.829697,0,168.967529296875000000,155.620727539062500000,,
2026-07-24T00:29:11Z,6D409D06E4F30A3E,14.23,queries/Functions/09-21_aggregate/regr_slope.sql,3,2,3.159022,1.053007,0,79.845458984375000000,76.760253906250000000,,
2026-07-24T00:29:14Z,6D409D06E4F30A3E,14.23,queries/Functions/09-21_aggregate/stddev.sql,3,2,1.800142,0.600047,0,42.634399414062500000,40.629760742187500000,,
2026-07-24T00:29:17Z,6D409D06E4F30A3E,14.23,queries/Functions/09-21_aggregate/stddev_pop.sql,3,2,1.764944,0.588315,0,42.366271972656250000,40.366210937500000000,,
2026-07-24T00:29:30Z,6D409D06E4F30A3E,14.23,queries/Functions/09-21_aggregate/string_agg.sql,3,2,7.721927,2.573976,0,91.699462890625000000,84.111022949218750000,,
2026-07-24T00:29:32Z,6D409D06E4F30A3E,14.23,queries/Functions/09-21_aggregate/sum.sql,3,2,1.432065,0.477355,0,31.976074218750000000,30.345703125000000000,,
2026-07-24T00:29:35Z,6D409D06E4F30A3E,14.23,queries/Functions/09-21_aggregate/sum_filter.sql,3,2,1.465709,0.488570,0,32.988830566406250000,31.341857910156250000,,
2026-07-24T00:29:38Z,6D409D06E4F30A3E,14.23,queries/Functions/09-21_aggregate/sum_float8.sql,3,2,1.856150,0.618717,0,47.135070800781250000,45.088317871093750000,,
2026-07-24T00:29:41Z,6D409D06E4F30A3E,14.23,queries/Functions/09-21_aggregate/var_pop.sql,3,2,1.819467,0.606489,0,43.269348144531250000,41.206726074218750000,,
2026-07-24T00:29:44Z,6D409D06E4F30A3E,14.23,queries/Functions/09-21_aggregate/variance.sql,3,2,1.815091,0.605030,0,42.303833007812500000,40.241821289062500000,,
2026-07-24T00:30:08Z,6D409D06E4F30A3E,14.23,queries/Functions/09-22_window/avg_over.sql,3,2,14.719726,4.906575,0,178.224182128906250000,164.263732910156250000,,
2026-07-24T00:30:30Z,6D409D06E4F30A3E,14.23,queries/Functions/09-22_window/count_over.sql,3,2,13.278445,4.426148,0,158.756225585937500000,146.441833496093750000,,
2026-07-24T00:33:33Z,6D409D06E4F30A3E,14.23,queries/Functions/09-22_window/cume_dist.sql,3,2,109.362757,36.454252,0,1141.556640625000000000,1045.601867675781250000,,
2026-07-24T00:33:56Z,6D409D06E4F30A3E,14.23,queries/Functions/09-22_window/dense_rank.sql,3,2,14.121160,4.707053,0,168.832214355468750000,155.848266601562500000,,
2026-07-24T00:36:35Z,6D409D06E4F30A3E,14.23,queries/Functions/09-22_window/first_value.sql,3,2,95.486352,31.828784,0,992.765930175781250000,909.427795410156250000,,
2026-07-24T00:36:58Z,6D409D06E4F30A3E,14.23,queries/Functions/09-22_window/first_value_part_1500k.sql,3,2,13.528350,4.509450,0,161.307800292968750000,148.898681640625000000,,
2026-07-24T00:37:29Z,6D409D06E4F30A3E,14.23,queries/Functions/09-22_window/first_value_part_200k.sql,3,2,18.564059,6.188020,0,221.533386230468750000,204.570861816406250000,,
2026-07-24T00:40:17Z,6D409D06E4F30A3E,14.23,queries/Functions/09-22_window/first_value_part_3.sql,3,2,100.671573,33.557191,0,1059.048583984375000000,970.630371093750000000,,
2026-07-24T00:41:17Z,6D409D06E4F30A3E,14.23,queries/Functions/09-22_window/frame_exclude_current.sql,3,2,36.169772,12.056591,0,431.072143554687500000,399.079467773437500000,,
2026-07-24T00:41:51Z,6D409D06E4F30A3E,14.23,queries/Functions/09-22_window/frame_groups.sql,3,2,20.504658,6.834886,0,249.409118652343750000,230.884826660156250000,,
2026-07-24T00:42:22Z,6D409D06E4F30A3E,14.23,queries/Functions/09-22_window/frame_rows_centered.sql,3,2,18.383803,6.127934,0,217.898010253906250000,200.776489257812500000,,
2026-07-24T00:44:05Z,6D409D06E4F30A3E,14.23,queries/Functions/09-22_window/frame_rows_following.sql,3,2,62.040496,20.680165,0,662.321472167968750000,608.209594726562500000,,
2026-07-24T00:44:31Z,6D409D06E4F30A3E,14.23,queries/Functions/09-22_window/frame_rows_running.sql,3,2,15.400257,5.133419,0,184.494689941406250000,170.474121093750000000,,
2026-07-24T00:44:54Z,6D409D06E4F30A3E,14.23,queries/Functions/09-22_window/lag.sql,3,2,13.799902,4.599967,0,163.260375976562500000,150.579406738281250000,,
2026-07-24T00:45:17Z,6D409D06E4F30A3E,14.23,queries/Functions/09-22_window/last_value.sql,3,2,14.327707,4.775902,0,171.628173828125000000,158.409973144531250000,,
2026-07-24T00:45:40Z,6D409D06E4F30A3E,14.23,queries/Functions/09-22_window/last_value_part_1500k.sql,3,2,13.616552,4.538851,0,163.369689941406250000,150.933593750000000000,,
2026-07-24T00:46:03Z,6D409D06E4F30A3E,14.23,queries/Functions/09-22_window/lead.sql,3,2,13.764183,4.588061,0,164.104980468750000000,151.473449707031250000,,
2026-07-24T00:48:42Z,6D409D06E4F30A3E,14.23,queries/Functions/09-22_window/nth_value.sql,3,2,95.410368,31.803456,0,991.654235839843750000,908.288696289062500000,,
2026-07-24T00:49:31Z,6D409D06E4F30A3E,14.23,queries/Functions/09-22_window/ntile.sql,3,2,29.171646,9.723882,0,315.890441894531250000,290.019348144531250000,,
2026-07-24T00:50:03Z,6D409D06E4F30A3E,14.23,queries/Functions/09-22_window/partition_by.sql,3,2,19.463859,6.487953,0,234.512512207031250000,216.765808105468750000,,
2026-07-24T00:51:54Z,6D409D06E4F30A3E,14.23,queries/Functions/09-22_window/percent_rank.sql,3,2,66.235219,22.078406,0,697.983764648437500000,640.186157226562500000,,
2026-07-24T00:52:17Z,6D409D06E4F30A3E,14.23,queries/Functions/09-22_window/rank.sql,3,2,14.117453,4.705818,0,168.522338867187500000,155.700439453125000000,,
2026-07-24T00:52:37Z,6D409D06E4F30A3E,14.23,queries/Functions/09-22_window/row_number.sql,3,2,12.179214,4.059738,0,146.146606445312500000,134.666442871093750000,,
2026-07-24T00:52:57Z,6D409D06E4F30A3E,14.23,queries/Functions/09-22_window/row_number_part_1500k.sql,3,2,11.951584,3.983861,0,143.418823242187500000,132.346191406250000000,,
2026-07-24T00:53:22Z,6D409D06E4F30A3E,14.23,queries/Functions/09-22_window/sum_over.sql,3,2,14.583893,4.861298,0,173.893127441406250000,160.365478515625000000,,
2026-07-24T00:53:24Z,6D409D06E4F30A3E,14.23,queries/Functions/09-24_subquery/any_subquery.sql,3,2,1.536973,0.512324,0,34.102722167968750000,32.404235839843750000,,
2026-07-24T00:53:35Z,6D409D06E4F30A3E,14.23,queries/Functions/09-24_subquery/exists.sql,3,2,6.127065,2.042355,0,73.419311523437500000,67.690673828125000000,,
2026-07-24T00:53:37Z,6D409D06E4F30A3E,14.23,queries/Functions/09-24_subquery/in_subquery.sql,3,2,1.509347,0.503116,0,34.627929687500000000,32.919372558593750000,,
2026-07-24T00:53:41Z,6D409D06E4F30A3E,14.23,queries/Functions/09-24_subquery/not_exists.sql,3,2,2.311535,0.770512,0,58.406799316406250000,55.662170410156250000,,
2026-07-24T00:53:47Z,6D409D06E4F30A3E,14.23,queries/Functions/09-24_subquery/not_in_subquery.sql,3,2,3.662927,1.220976,0,42.485168457031250000,38.802307128906250000,,
2026-07-24T00:53:50Z,6D409D06E4F30A3E,14.23,queries/Functions/09-24_subquery/scalar_subquery.sql,3,2,1.760740,0.586913,0,21.784973144531250000,19.897766113281250000,,
2026-07-24T00:53:55Z,6D409D06E4F30A3E,14.23,queries/Functions/09-25_row_comparison/all_array.sql,3,2,2.919749,0.973250,0,33.617736816406250000,30.737426757812500000,,
2026-07-24T00:54:00Z,6D409D06E4F30A3E,14.23,queries/Functions/09-25_row_comparison/any_array.sql,3,2,2.905057,0.968352,0,33.367553710937500000,30.438537597656250000,,
2026-07-24T00:54:04Z,6D409D06E4F30A3E,14.23,queries/Functions/09-25_row_comparison/in_list.sql,3,2,2.906640,0.968880,0,33.430297851562500000,30.454895019531250000,,
2026-07-24T00:54:09Z,6D409D06E4F30A3E,14.23,queries/Functions/09-25_row_comparison/not_in_list.sql,3,2,2.875311,0.958437,0,33.406555175781250000,30.524414062500000000,,
2026-07-24T00:54:15Z,6D409D06E4F30A3E,14.23,queries/Functions/09-25_row_comparison/row_eq.sql,3,2,3.320717,1.106906,0,38.556152343750000000,35.257812500000000000,,
2026-07-24T00:54:21Z,6D409D06E4F30A3E,14.23,queries/Functions/09-25_row_comparison/row_in.sql,3,2,3.723121,1.241040,0,43.530151367187500000,39.895202636718750000,,
2026-07-24T00:54:27Z,6D409D06E4F30A3E,14.23,queries/Functions/09-25_row_comparison/row_is_distinct.sql,3,2,3.335616,1.111872,0,38.645080566406250000,35.259399414062500000,,
2026-07-24T00:54:31Z,6D409D06E4F30A3E,14.23,queries/Functions/09-25_row_comparison/row_lt.sql,3,2,2.385859,0.795286,0,27.221191406250000000,24.839050292968750000,,
2026-07-24T00:54:36Z,6D409D06E4F30A3E,14.23,queries/Functions/09-25_row_comparison/row_ne.sql,3,2,3.334396,1.111465,0,38.294799804687500000,35.073364257812500000,,
2026-07-24T00:54:47Z,6D409D06E4F30A3E,14.23,queries/Functions/09-26_set_returning/generate_series_int.sql,3,2,6.789425,2.263142,0,179.834472656250000000,173.090942382812500000,,
2026-07-24T00:54:57Z,6D409D06E4F30A3E,14.23,queries/Functions/09-26_set_returning/generate_subscripts.sql,3,2,5.563718,1.854573,0,139.752502441406250000,134.210754394531250000,,
2026-07-24T00:55:18Z,6D409D06E4F30A3E,14.23,queries/Functions/09-26_set_returning/jsonb_array_elements.sql,3,2,13.047520,4.349173,0,303.692626953125000000,290.999328613281250000,,
2026-07-24T00:55:40Z,6D409D06E4F30A3E,14.23,queries/Functions/09-26_set_returning/jsonb_object_keys.sql,3,2,13.066121,4.355374,0,289.742187500000000000,277.141052246093750000,,
2026-07-24T00:56:21Z,6D409D06E4F30A3E,14.23,queries/Functions/09-26_set_returning/regexp_split_to_table.sql,3,2,24.383418,8.127806,0,535.048278808593750000,512.188476562500000000,,
2026-07-24T00:56:43Z,6D409D06E4F30A3E,14.23,queries/Functions/09-26_set_returning/string_to_table.sql,3,2,13.327785,4.442595,0,292.500671386718750000,279.761352539062500000,,
2026-07-24T00:57:11Z,6D409D06E4F30A3E,14.23,queries/Functions/09-26_set_returning/unnest.sql,3,2,17.076739,5.692246,0,213.174682617187500000,197.391357421875000000,,
2026-07-24T00:57:16Z,6D409D06E4F30A3E,14.23,queries/Functions/09-27_system_info/current_database.sql,3,2,2.735494,0.911831,0,32.379882812500000000,29.722717285156250000,,
2026-07-24T00:57:22Z,6D409D06E4F30A3E,14.23,queries/Functions/09-27_system_info/current_setting.sql,3,2,3.602654,1.200885,0,42.681884765625000000,39.243041992187500000,,
2026-07-24T00:57:27Z,6D409D06E4F30A3E,14.23,queries/Functions/09-27_system_info/current_user.sql,3,2,2.972222,0.990741,0,34.853088378906250000,31.988952636718750000,,
2026-07-24T00:57:29Z,6D409D06E4F30A3E,14.23,queries/Functions/09-27_system_info/pg_backend_pid.sql,3,2,1.648912,0.549637,0,19.020324707031250000,17.264282226562500000,,
2026-07-24T00:57:35Z,6D409D06E4F30A3E,14.23,queries/Functions/09-27_system_info/pg_column_size.sql,3,2,3.518457,1.172819,0,41.379516601562500000,37.906616210937500000,,
2026-07-24T00:57:38Z,6D409D06E4F30A3E,14.23,queries/Functions/09-27_system_info/pg_column_size_int.sql,3,2,1.680897,0.560299,0,19.389099121093750000,17.743041992187500000,,
2026-07-24T00:57:42Z,6D409D06E4F30A3E,14.23,queries/Functions/09-27_system_info/pg_typeof.sql,3,2,2.534609,0.844870,0,28.989990234375000000,26.402832031250000000,,
2026-07-24T00:57:46Z,6D409D06E4F30A3E,14.23,queries/Functions/09-27_system_info/version.sql,3,2,1.960370,0.653457,0,23.240539550781250000,21.296936035156250000,,
2026-07-24T00:57:46Z,A20EF32999BAC05F,16.14,queries/Core/00_baseline/no_table.sql,3,2,0.187287,0.062429,0,1.450805664062500000,1.192260742187500000,,
2026-07-24T00:57:46Z,A20EF32999BAC05F,16.14,queries/Core/00_baseline/scan_customer.sql,3,2,0.208751,0.069584,0,1.969482421875000000,1.709716796875000000,,
2026-07-24T00:57:50Z,A20EF32999BAC05F,16.14,queries/Core/00_baseline/scan_lineitem.sql,3,2,2.080380,0.693460,0,23.254455566406250000,21.101806640625000000,,
2026-07-24T00:57:50Z,A20EF32999BAC05F,16.14,queries/Core/00_baseline/scan_nation.sql,3,2,0.118187,0.039396,0,1.461303710937500000,1.301757812500000000,,
2026-07-24T00:57:51Z,A20EF32999BAC05F,16.14,queries/Core/00_baseline/scan_orders.sql,3,2,0.689564,0.229855,0,6.656433105468750000,5.856689453125000000,,
2026-07-24T00:57:52Z,A20EF32999BAC05F,16.14,queries/Core/00_baseline/scan_part.sql,3,2,0.185992,0.061997,0,2.330993652343750000,2.083129882812500000,,
2026-07-24T00:57:52Z,A20EF32999BAC05F,16.14,queries/Core/00_baseline/scan_partsupp.sql,3,2,0.382690,0.127563,0,4.465698242187500000,4.061584472656250000,,
2026-07-24T00:57:52Z,A20EF32999BAC05F,16.14,queries/Core/00_baseline/scan_region.sql,3,2,0.118140,0.039380,0,1.430297851562500000,1.289428710937500000,,
2026-07-24T00:57:53Z,A20EF32999BAC05F,16.14,queries/Core/00_baseline/scan_supplier.sql,3,2,0.122934,0.040978,0,1.550720214843750000,1.369873046875000000,,
2026-07-24T00:57:54Z,A20EF32999BAC05F,16.14,queries/Core/01_scan_access/bitmap_scan.sql,3,2,0.623966,0.207989,0,5.600952148437500000,4.830932617187500000,,
2026-07-24T00:57:54Z,A20EF32999BAC05F,16.14,queries/Core/01_scan_access/index_only_scan.sql,3,2,0.234990,0.078330,0,2.944091796875000000,2.660888671875000000,,
2026-07-24T00:57:54Z,A20EF32999BAC05F,16.14,queries/Core/01_scan_access/index_point_lookup.sql,3,2,0.120145,0.040048,0,1.521301269531250000,1.351745605468750000,,
2026-07-24T00:57:55Z,A20EF32999BAC05F,16.14,queries/Core/01_scan_access/index_scan.sql,3,2,0.543068,0.181023,0,4.722290039062500000,4.080383300781250000,,
2026-07-24T00:57:58Z,A20EF32999BAC05F,16.14,queries/Core/01_scan_access/seq_scan.sql,3,2,1.890543,0.630181,0,20.703369140625000000,18.713806152343750000,,
2026-07-24T00:58:00Z,A20EF32999BAC05F,16.14,queries/Core/01_scan_access/tablesample_bernoulli.sql,3,2,1.160266,0.386755,0,11.217041015625000000,9.830810546875000000,,
2026-07-24T00:58:01Z,A20EF32999BAC05F,16.14,queries/Core/01_scan_access/tablesample_system.sql,3,2,0.147601,0.049200,0,1.849121093750000000,1.652343750000000000,,
2026-07-24T00:58:03Z,A20EF32999BAC05F,16.14,queries/Core/02_filter_projection/filter_2pct.sql,3,2,1.197363,0.399121,0,26.103454589843750000,24.815185546875000000,,
2026-07-24T00:58:08Z,A20EF32999BAC05F,16.14,queries/Core/02_filter_projection/filter_all.sql,3,2,3.149098,1.049699,0,36.396240234375000000,33.234741210937500000,,
2026-07-24T00:58:13Z,A20EF32999BAC05F,16.14,queries/Core/02_filter_projection/filter_half.sql,3,2,3.026341,1.008780,0,34.225402832031250000,31.296142578125000000,,
2026-07-24T00:58:15Z,A20EF32999BAC05F,16.14,queries/Core/02_filter_projection/filter_none.sql,3,2,1.213674,0.404558,0,24.829345703125000000,23.411499023437500000,,
2026-07-24T00:58:15Z,A20EF32999BAC05F,16.14,queries/Core/02_filter_projection/limit_100.sql,3,2,0.119491,0.039830,0,1.524536132812500000,1.350341796875000000,,
2026-07-24T00:58:17Z,A20EF32999BAC05F,16.14,queries/Core/02_filter_projection/limit_offset_3m.sql,3,2,1.150431,0.383477,0,12.094482421875000000,10.837402343750000000,,
2026-07-24T00:58:20Z,A20EF32999BAC05F,16.14,queries/Core/02_filter_projection/project_all_cols.sql,3,2,1.647209,0.549070,0,18.584594726562500000,16.904663085937500000,,
2026-07-24T00:58:23Z,A20EF32999BAC05F,16.14,queries/Core/02_filter_projection/project_zero_cols.sql,3,2,1.854064,0.618021,0,20.328308105468750000,18.412414550781250000,,
2026-07-24T00:58:27Z,A20EF32999BAC05F,16.14,queries/Core/03_join_method/large_hash.sql,3,2,2.229703,0.743234,0,13.223022460937500000,11.047119140625000000,,
2026-07-24T00:58:31Z,A20EF32999BAC05F,16.14,queries/Core/03_join_method/large_merge.sql,3,2,2.734981,0.911660,0,29.415710449218750000,26.705932617187500000,,
2026-07-24T00:58:45Z,A20EF32999BAC05F,16.14,queries/Core/03_join_method/large_nestloop_index.sql,3,2,8.284539,2.761513,0,63.162841796875000000,51.221740722656250000,,
2026-07-24T00:58:45Z,A20EF32999BAC05F,16.14,queries/Core/03_join_method/small_hash.sql,3,2,0.123589,0.041196,0,1.541931152343750000,1.342834472656250000,,
2026-07-24T00:58:45Z,A20EF32999BAC05F,16.14,queries/Core/03_join_method/small_merge.sql,3,2,0.124773,0.041591,0,1.571838378906250000,1.364929199218750000,,
2026-07-24T00:58:46Z,A20EF32999BAC05F,16.14,queries/Core/03_join_method/small_nestloop.sql,3,2,0.164451,0.054817,0,2.099304199218750000,1.845092773437500000,,
2026-07-24T00:58:46Z,A20EF32999BAC05F,16.14,queries/Core/04_join_scale/join_10kx25.sql,3,2,0.123184,0.041061,0,1.548278808593750000,1.356811523437500000,,
2026-07-24T00:58:49Z,A20EF32999BAC05F,16.14,queries/Core/04_join_scale/join_1500kx150k.sql,3,2,2.146110,0.715370,0,13.063110351562500000,10.955017089843750000,,
2026-07-24T00:58:50Z,A20EF32999BAC05F,16.14,queries/Core/04_join_scale/join_150kx25.sql,3,2,0.220307,0.073436,0,2.671081542968750000,2.415222167968750000,,
2026-07-24T00:58:50Z,A20EF32999BAC05F,16.14,queries/Core/04_join_scale/join_25x5.sql,3,2,0.120250,0.040083,0,1.484497070312500000,1.314208984375000000,,
2026-07-24T00:58:57Z,A20EF32999BAC05F,16.14,queries/Core/04_join_scale/join_6mx10k.sql,3,2,3.976087,1.325362,0,46.742065429687500000,43.044189453125000000,,
2026-07-24T00:59:09Z,A20EF32999BAC05F,16.14,queries/Core/04_join_scale/join_6mx1500k.sql,3,2,7.108826,2.369609,0,83.718078613281250000,76.914184570312500000,,
2026-07-24T00:59:20Z,A20EF32999BAC05F,16.14,queries/Core/04_join_scale/join_6mx200k.sql,3,2,6.931666,2.310555,0,70.625305175781250000,64.239318847656250000,,
2026-07-24T00:59:22Z,A20EF32999BAC05F,16.14,queries/Core/04_join_scale/join_800kx200k.sql,3,2,1.123543,0.374514,0,11.661743164062500000,10.445739746093750000,,
2026-07-24T00:59:24Z,A20EF32999BAC05F,16.14,queries/Core/05_join_type/anti_not_exists.sql,3,2,0.965888,0.321963,0,8.929016113281250000,7.776550292968750000,,
2026-07-24T00:59:28Z,A20EF32999BAC05F,16.14,queries/Core/05_join_type/cross_join.sql,3,2,2.239761,0.746587,0,27.010070800781250000,24.846496582031250000,,
2026-07-24T00:59:31Z,A20EF32999BAC05F,16.14,queries/Core/05_join_type/full_outer.sql,3,2,2.265016,0.755005,0,13.104309082031250000,10.825805664062500000,,
2026-07-24T00:59:35Z,A20EF32999BAC05F,16.14,queries/Core/05_join_type/inner.sql,3,2,2.211151,0.737050,0,12.647644042968750000,10.494506835937500000,,
2026-07-24T00:59:38Z,A20EF32999BAC05F,16.14,queries/Core/05_join_type/join_on_text_cast.sql,3,2,1.728700,0.576233,0,31.937316894531250000,29.979187011718750000,,
2026-07-24T00:59:42Z,A20EF32999BAC05F,16.14,queries/Core/05_join_type/left_outer.sql,3,2,2.284879,0.761626,0,12.851074218750000000,10.589172363281250000,,
2026-07-24T00:59:45Z,A20EF32999BAC05F,16.14,queries/Core/05_join_type/right_outer.sql,3,2,2.277060,0.759020,0,12.694580078125000000,10.454772949218750000,,
2026-07-24T00:59:50Z,A20EF32999BAC05F,16.14,queries/Core/05_join_type/self_join.sql,3,2,2.822265,0.940755,0,32.476196289062500000,29.655334472656250000,,
2026-07-24T00:59:54Z,A20EF32999BAC05F,16.14,queries/Core/05_join_type/semi_exists.sql,3,2,2.095773,0.698591,0,12.277526855468750000,10.141906738281250000,,
2026-07-24T01:00:04Z,A20EF32999BAC05F,16.14,queries/Core/06_join_chain/chain_1_hash.sql,3,2,6.268952,2.089651,0,74.146728515625000000,68.258300781250000000,,
2026-07-24T01:00:10Z,A20EF32999BAC05F,16.14,queries/Core/06_join_chain/chain_1_merge.sql,3,2,3.708635,1.236212,0,43.713684082031250000,40.195007324218750000,,
2026-07-24T01:00:16Z,A20EF32999BAC05F,16.14,queries/Core/06_join_chain/chain_1_nestloop.sql,3,2,3.669416,1.223139,0,99.525207519531250000,95.925476074218750000,,
2026-07-24T01:00:29Z,A20EF32999BAC05F,16.14,queries/Core/06_join_chain/chain_2_hash.sql,3,2,7.833125,2.611042,0,82.033142089843750000,74.534484863281250000,,
2026-07-24T01:00:49Z,A20EF32999BAC05F,16.14,queries/Core/06_join_chain/chain_2_merge.sql,3,2,12.064825,4.021608,0,111.191406250000000000,95.570190429687500000,,
2026-07-24T01:01:07Z,A20EF32999BAC05F,16.14,queries/Core/06_join_chain/chain_2_nestloop.sql,3,2,10.433096,3.477699,0,201.322692871093750000,183.102478027343750000,,
2026-07-24T01:01:20Z,A20EF32999BAC05F,16.14,queries/Core/06_join_chain/chain_3_hash.sql,3,2,7.903391,2.634464,0,84.745971679687500000,77.189086914062500000,,
2026-07-24T01:01:41Z,A20EF32999BAC05F,16.14,queries/Core/06_join_chain/chain_3_merge.sql,3,2,12.190781,4.063594,0,116.107177734375000000,100.661560058593750000,,
2026-07-24T01:02:23Z,A20EF32999BAC05F,16.14,queries/Core/06_join_chain/chain_3_nestloop.sql,3,2,25.132673,8.377558,0,257.844604492187500000,222.870544433593750000,,
2026-07-24T01:02:36Z,A20EF32999BAC05F,16.14,queries/Core/06_join_chain/chain_4_hash.sql,3,2,8.019320,2.673107,0,83.722900390625000000,76.168090820312500000,,
2026-07-24T01:02:57Z,A20EF32999BAC05F,16.14,queries/Core/06_join_chain/chain_4_merge.sql,3,2,12.584419,4.194806,0,116.080993652343750000,100.067260742187500000,,
2026-07-24T01:03:40Z,A20EF32999BAC05F,16.14,queries/Core/06_join_chain/chain_4_nestloop.sql,3,2,25.171538,8.390513,0,258.282348632812500000,223.359985351562500000,,
2026-07-24T01:03:42Z,A20EF32999BAC05F,16.14,queries/Core/07_grouping_distinct/count_per_group.sql,3,2,1.736594,0.578865,0,40.411621093750000000,38.585815429687500000,,
2026-07-24T01:03:56Z,A20EF32999BAC05F,16.14,queries/Core/07_grouping_distinct/cube.sql,3,2,7.911431,2.637144,0,94.243286132812500000,87.131469726562500000,,
2026-07-24T01:04:02Z,A20EF32999BAC05F,16.14,queries/Core/07_grouping_distinct/distinct_200k_vals.sql,3,2,4.074237,1.358079,0,66.661926269531250000,60.919494628906250000,,
2026-07-24T01:04:05Z,A20EF32999BAC05F,16.14,queries/Core/07_grouping_distinct/distinct_3_vals.sql,3,2,1.728450,0.576150,0,39.506530761718750000,37.546508789062500000,,
2026-07-24T01:04:38Z,A20EF32999BAC05F,16.14,queries/Core/07_grouping_distinct/distinct_on.sql,3,2,19.443793,6.481264,0,227.448852539062500000,209.715881347656250000,,
2026-07-24T01:04:48Z,A20EF32999BAC05F,16.14,queries/Core/07_grouping_distinct/group_1500k_vals.sql,3,2,6.117865,2.039288,0,121.309753417968750000,114.790527343750000000,,
2026-07-24T01:04:53Z,A20EF32999BAC05F,16.14,queries/Core/07_grouping_distinct/group_200k_sortagg.sql,3,2,3.064012,1.021337,0,74.853393554687500000,71.253051757812500000,,
2026-07-24T01:05:00Z,A20EF32999BAC05F,16.14,queries/Core/07_grouping_distinct/group_200k_vals.sql,3,2,4.034770,1.344923,0,65.835632324218750000,60.107788085937500000,,
2026-07-24T01:05:03Z,A20EF32999BAC05F,16.14,queries/Core/07_grouping_distinct/group_3_vals.sql,3,2,1.694072,0.564691,0,39.864990234375000000,37.989807128906250000,,
2026-07-24T01:05:06Z,A20EF32999BAC05F,16.14,queries/Core/07_grouping_distinct/group_7_vals.sql,3,2,2.028202,0.676067,0,46.694885253906250000,44.459960937500000000,,
2026-07-24T01:05:16Z,A20EF32999BAC05F,16.14,queries/Core/07_grouping_distinct/grouping_sets.sql,3,2,5.956577,1.985526,0,72.289550781250000000,66.490966796875000000,,
2026-07-24T01:05:23Z,A20EF32999BAC05F,16.14,queries/Core/07_grouping_distinct/having.sql,3,2,4.375379,1.458460,0,83.700134277343750000,77.072631835937500000,,
2026-07-24T01:05:34Z,A20EF32999BAC05F,16.14,queries/Core/07_grouping_distinct/rollup.sql,3,2,6.214257,2.071419,0,76.197387695312500000,70.232360839843750000,,
2026-07-24T01:05:37Z,A20EF32999BAC05F,16.14,queries/Core/08_sorting/limit_with_ties.sql,3,2,1.863298,0.621099,0,45.191894531250000000,42.472290039062500000,,
2026-07-24T01:05:53Z,A20EF32999BAC05F,16.14,queries/Core/08_sorting/sort_2_keys.sql,3,2,9.974295,3.324765,0,114.740539550781250000,104.991821289062500000,,
2026-07-24T01:06:04Z,A20EF32999BAC05F,16.14,queries/Core/08_sorting/sort_date.sql,3,2,6.649590,2.216530,0,75.938659667968750000,69.301940917968750000,,
2026-07-24T01:06:17Z,A20EF32999BAC05F,16.14,queries/Core/08_sorting/sort_desc.sql,3,2,7.441660,2.480553,0,83.271301269531250000,76.290283203125000000,,
2026-07-24T01:06:29Z,A20EF32999BAC05F,16.14,queries/Core/08_sorting/sort_int.sql,3,2,7.359231,2.453077,0,82.932983398437500000,75.971557617187500000,,
2026-07-24T01:06:37Z,A20EF32999BAC05F,16.14,queries/Core/08_sorting/sort_int_presorted.sql,3,2,4.889033,1.629678,0,56.505676269531250000,51.729003906250000000,,
2026-07-24T01:07:10Z,A20EF32999BAC05F,16.14,queries/Core/08_sorting/sort_numeric.sql,3,2,19.414395,6.471465,0,212.570800781250000000,195.143615722656250000,,
2026-07-24T01:08:32Z,A20EF32999BAC05F,16.14,queries/Core/08_sorting/sort_text.sql,3,2,50.138284,16.712761,0,1063.212036132812500000,1015.613525390625000000,,
2026-07-24T01:08:48Z,A20EF32999BAC05F,16.14,queries/Core/08_sorting/sort_text_collate_c.sql,3,2,9.474344,3.158115,0,211.281005859375000000,198.189514160156250000,,
2026-07-24T01:08:50Z,A20EF32999BAC05F,16.14,queries/Core/08_sorting/sort_topn_100.sql,3,2,1.089466,0.363155,0,22.156005859375000000,20.575256347656250000,,
2026-07-24T01:08:56Z,A20EF32999BAC05F,16.14,queries/Core/09_set_operations/except.sql,3,2,4.110838,1.370279,0,25.688781738281250000,21.607421875000000000,,
2026-07-24T01:09:03Z,A20EF32999BAC05F,16.14,queries/Core/09_set_operations/except_all.sql,3,2,3.943216,1.314405,0,25.208190917968750000,21.314147949218750000,,
2026-07-24T01:09:10Z,A20EF32999BAC05F,16.14,queries/Core/09_set_operations/intersect.sql,3,2,4.023597,1.341199,0,25.930175781250000000,21.915832519531250000,,
2026-07-24T01:09:17Z,A20EF32999BAC05F,16.14,queries/Core/09_set_operations/intersect_all.sql,3,2,4.117477,1.372492,0,27.298950195312500000,23.372131347656250000,,
2026-07-24T01:09:24Z,A20EF32999BAC05F,16.14,queries/Core/09_set_operations/union.sql,3,2,4.118969,1.372990,0,45.701110839843750000,41.661865234375000000,,
2026-07-24T01:09:26Z,A20EF32999BAC05F,16.14,queries/Core/09_set_operations/union_all.sql,3,2,1.333413,0.444471,0,14.472778320312500000,13.080566406250000000,,
2026-07-24T01:09:27Z,A20EF32999BAC05F,16.14,queries/Core/10_subqueries_ctes/cte_inline.sql,3,2,0.736670,0.245557,0,6.784179687500000000,5.918640136718750000,,
2026-07-24T01:09:29Z,A20EF32999BAC05F,16.14,queries/Core/10_subqueries_ctes/cte_materialized.sql,3,2,1.333061,0.444354,0,14.774841308593750000,13.348999023437500000,,
2026-07-24T01:09:32Z,A20EF32999BAC05F,16.14,queries/Core/10_subqueries_ctes/cte_recursive.sql,3,2,1.555803,0.518601,0,17.653564453125000000,16.093383789062500000,,
2026-07-24T01:09:33Z,A20EF32999BAC05F,16.14,queries/Core/10_subqueries_ctes/from_subquery.sql,3,2,0.710165,0.236722,0,7.006713867187500000,6.144653320312500000,,
2026-07-24T01:09:37Z,A20EF32999BAC05F,16.14,queries/Core/10_subqueries_ctes/function_scan.sql,3,2,2.300116,0.766705,0,25.735900878906250000,23.473876953125000000,,
2026-07-24T01:09:41Z,A20EF32999BAC05F,16.14,queries/Core/10_subqueries_ctes/lateral_limit.sql,3,2,2.513908,0.837969,0,19.807983398437500000,17.126647949218750000,,
2026-07-24T01:09:44Z,A20EF32999BAC05F,16.14,queries/Core/10_subqueries_ctes/scalar_correlated.sql,3,2,1.592527,0.530842,0,16.919128417968750000,15.309326171875000000,,
2026-07-24T01:09:46Z,A20EF32999BAC05F,16.14,queries/Core/10_subqueries_ctes/scalar_correlated_indexed.sql,3,2,1.468930,0.489643,0,15.989135742187500000,14.433959960937500000,,
2026-07-24T01:09:47Z,A20EF32999BAC05F,16.14,queries/Core/10_subqueries_ctes/scalar_uncorrelated.sql,3,2,0.667014,0.222338,0,6.242248535156250000,5.418029785156250000,,
2026-07-24T01:09:47Z,A20EF32999BAC05F,16.14,queries/Core/10_subqueries_ctes/values_scan.sql,3,2,0.118011,0.039337,0,1.487976074218750000,1.333862304687500000,,
2026-07-24T01:10:00Z,A20EF32999BAC05F,16.14,queries/Core/12_memory_workmem/hashagg_nospill.sql,3,2,7.594430,2.531477,0,39.285278320312500000,32.260070800781250000,,
2026-07-24T01:10:07Z,A20EF32999BAC05F,16.14,queries/Core/12_memory_workmem/hashagg_spill.sql,3,2,3.917127,1.305709,0,67.068542480468750000,61.593078613281250000,,
2026-07-24T01:10:08Z,A20EF32999BAC05F,16.14,queries/Core/12_memory_workmem/hashjoin_manybatch.sql,3,2,0.829176,0.276392,0,15.640991210937500000,14.476013183593750000,,
2026-07-24T01:10:09Z,A20EF32999BAC05F,16.14,queries/Core/12_memory_workmem/hashjoin_onebatch.sql,3,2,0.623364,0.207788,0,11.521362304687500000,10.570251464843750000,,
2026-07-24T01:10:18Z,A20EF32999BAC05F,16.14,queries/Core/12_memory_workmem/sort_nospill.sql,3,2,5.127114,1.709038,0,56.292541503906250000,51.137939453125000000,,
2026-07-24T01:10:30Z,A20EF32999BAC05F,16.14,queries/Core/12_memory_workmem/sort_spill.sql,3,2,7.375263,2.458421,0,81.983154296875000000,75.051513671875000000,,
2026-07-24T01:10:51Z,A20EF32999BAC05F,16.14,queries/Core/12_memory_workmem/window_nospill.sql,3,2,12.848568,4.282856,0,142.721069335937500000,130.276123046875000000,,
2026-07-24T01:13:27Z,A20EF32999BAC05F,16.14,queries/Core/12_memory_workmem/window_spill.sql,3,2,93.262523,31.087508,0,966.467041015625000000,885.955200195312500000,,
2026-07-24T01:13:48Z,A20EF32999BAC05F,16.14,queries/Core/12_memory_workmem/window_tail_spill.sql,3,2,12.858276,4.286092,0,153.734985351562500000,141.859558105468750000,,
2026-07-24T01:13:57Z,A20EF32999BAC05F,16.14,queries/Core/13_jit/jit_inline.sql,3,2,5.358671,1.786224,0,148.331848144531250000,143.066772460937500000,,
2026-07-24T01:14:06Z,A20EF32999BAC05F,16.14,queries/Core/13_jit/jit_off.sql,3,2,5.339212,1.779737,0,138.439697265625000000,133.132751464843750000,,
2026-07-24T01:14:15Z,A20EF32999BAC05F,16.14,queries/Core/13_jit/jit_on.sql,3,2,5.489104,1.829701,0,132.728027343750000000,127.361694335937500000,,
2026-07-24T01:14:24Z,A20EF32999BAC05F,16.14,queries/Core/13_jit/jit_optimize.sql,3,2,5.553335,1.851112,0,130.933776855468750000,125.323059082031250000,,
2026-07-24T01:14:34Z,A20EF32999BAC05F,16.14,queries/Core/14_modern_nodes/incremental_sort.sql,3,2,5.875059,1.958353,0,72.723022460937500000,66.705444335937500000,,
2026-07-24T01:14:48Z,A20EF32999BAC05F,16.14,queries/Core/14_modern_nodes/incremental_sort_off.sql,3,2,8.013770,2.671257,0,98.446166992187500000,90.306884765625000000,,
2026-07-24T01:15:05Z,A20EF32999BAC05F,16.14,queries/Core/14_modern_nodes/memoize.sql,3,2,10.179250,3.393083,0,128.997314453125000000,119.248413085937500000,,
2026-07-24T01:15:30Z,A20EF32999BAC05F,16.14,queries/Core/14_modern_nodes/memoize_off.sql,3,2,15.025472,5.008491,0,191.416015625000000000,177.857238769531250000,,
2026-07-24T01:15:35Z,A20EF32999BAC05F,16.14,queries/Functions/00_baseline/char.sql,3,2,3.298144,1.099381,0,37.931945800781250000,34.644836425781250000,,
2026-07-24T01:15:40Z,A20EF32999BAC05F,16.14,queries/Functions/00_baseline/date.sql,3,2,2.926835,0.975612,0,33.387634277343750000,30.540649414062500000,,
2026-07-24T01:15:42Z,A20EF32999BAC05F,16.14,queries/Functions/00_baseline/int.sql,3,2,1.378241,0.459414,0,15.057495117187500000,13.626159667968750000,,
2026-07-24T01:15:46Z,A20EF32999BAC05F,16.14,queries/Functions/00_baseline/numeric.sql,3,2,2.364506,0.788169,0,26.605285644531250000,24.211120605468750000,,
2026-07-24T01:15:52Z,A20EF32999BAC05F,16.14,queries/Functions/00_baseline/text.sql,3,2,3.424044,1.141348,0,38.959350585937500000,35.652282714843750000,,
2026-07-24T01:15:58Z,A20EF32999BAC05F,16.14,queries/Functions/09-01_logical/and.sql,3,2,3.811465,1.270488,0,44.258483886718750000,40.616577148437500000,,
2026-07-24T01:16:04Z,A20EF32999BAC05F,16.14,queries/Functions/09-01_logical/not.sql,3,2,3.327007,1.109002,0,38.455017089843750000,35.210144042968750000,,
2026-07-24T01:16:10Z,A20EF32999BAC05F,16.14,queries/Functions/09-01_logical/or.sql,3,2,3.576831,1.192277,0,40.915893554687500000,37.414367675781250000,,
2026-07-24T01:16:16Z,A20EF32999BAC05F,16.14,queries/Functions/09-02_comparison/between.sql,3,2,3.706857,1.235619,0,42.531982421875000000,38.906005859375000000,,
2026-07-24T01:16:23Z,A20EF32999BAC05F,16.14,queries/Functions/09-02_comparison/between_symmetric.sql,3,2,4.378878,1.459626,0,50.459289550781250000,46.319213867187500000,,
2026-07-24T01:16:28Z,A20EF32999BAC05F,16.14,queries/Functions/09-02_comparison/eq.sql,3,2,3.122610,1.040870,0,35.568298339843750000,32.580871582031250000,,
2026-07-24T01:16:34Z,A20EF32999BAC05F,16.14,queries/Functions/09-02_comparison/ge.sql,3,2,3.122877,1.040959,0,35.460449218750000000,32.401184082031250000,,
2026-07-24T01:16:40Z,A20EF32999BAC05F,16.14,queries/Functions/09-02_comparison/greatest.sql,3,2,3.832293,1.277431,0,44.149780273437500000,40.447814941406250000,,
2026-07-24T01:16:45Z,A20EF32999BAC05F,16.14,queries/Functions/09-02_comparison/gt.sql,3,2,3.150590,1.050197,0,35.963500976562500000,32.890686035156250000,,
2026-07-24T01:16:50Z,A20EF32999BAC05F,16.14,queries/Functions/09-02_comparison/is_distinct_from.sql,3,2,3.092157,1.030719,0,35.858154296875000000,32.863281250000000000,,
2026-07-24T01:16:55Z,A20EF32999BAC05F,16.14,queries/Functions/09-02_comparison/is_not_distinct_from.sql,3,2,3.184285,1.061428,0,36.244262695312500000,33.185729980468750000,,
2026-07-24T01:17:01Z,A20EF32999BAC05F,16.14,queries/Functions/09-02_comparison/is_not_null.sql,3,2,3.471568,1.157189,0,40.082702636718750000,36.672607421875000000,,
2026-07-24T01:17:07Z,A20EF32999BAC05F,16.14,queries/Functions/09-02_comparison/is_null.sql,3,2,3.461542,1.153847,0,39.472595214843750000,36.126220703125000000,,
2026-07-24T01:17:12Z,A20EF32999BAC05F,16.14,queries/Functions/09-02_comparison/le.sql,3,2,3.122178,1.040726,0,35.697998046875000000,32.699890136718750000,,
2026-07-24T01:17:18Z,A20EF32999BAC05F,16.14,queries/Functions/09-02_comparison/least.sql,3,2,3.751754,1.250585,0,43.567749023437500000,40.000244140625000000,,
2026-07-24T01:17:24Z,A20EF32999BAC05F,16.14,queries/Functions/09-02_comparison/lt.sql,3,2,3.046736,1.015579,0,35.101379394531250000,32.173828125000000000,,
2026-07-24T01:17:29Z,A20EF32999BAC05F,16.14,queries/Functions/09-02_comparison/ne.sql,3,2,3.099747,1.033249,0,35.077148437500000000,32.067626953125000000,,
2026-07-24T01:17:35Z,A20EF32999BAC05F,16.14,queries/Functions/09-02_comparison/not_between.sql,3,2,3.687645,1.229215,0,42.092407226562500000,38.510803222656250000,,
2026-07-24T01:17:39Z,A20EF32999BAC05F,16.14,queries/Functions/09-02_comparison/num_nonnulls.sql,3,2,2.590567,0.863522,0,29.638854980468750000,26.980468750000000000,,
2026-07-24T01:17:43Z,A20EF32999BAC05F,16.14,queries/Functions/09-02_comparison/num_nulls.sql,3,2,2.595854,0.865285,0,29.578918457031250000,26.964599609375000000,,
2026-07-24T01:17:51Z,A20EF32999BAC05F,16.14,queries/Functions/09-03_math/abs.sql,3,2,4.357729,1.452576,0,49.806396484375000000,45.610595703125000000,,
2026-07-24T01:18:00Z,A20EF32999BAC05F,16.14,queries/Functions/09-03_math/acos.sql,3,2,5.634765,1.878255,0,64.590637207031250000,59.272583007812500000,,
2026-07-24T01:18:09Z,A20EF32999BAC05F,16.14,queries/Functions/09-03_math/acosh.sql,3,2,5.117187,1.705729,0,58.622253417968750000,53.795410156250000000,,
2026-07-24T01:18:16Z,A20EF32999BAC05F,16.14,queries/Functions/09-03_math/add.sql,3,2,4.570566,1.523522,0,52.799438476562500000,48.440856933593750000,,
2026-07-24T01:18:28Z,A20EF32999BAC05F,16.14,queries/Functions/09-03_math/add_float8.sql,3,2,7.412381,2.470794,0,85.432922363281250000,78.569335937500000000,,
2026-07-24T01:18:38Z,A20EF32999BAC05F,16.14,queries/Functions/09-03_math/asin.sql,3,2,5.634041,1.878014,0,64.606994628906250000,59.360351562500000000,,
2026-07-24T01:18:46Z,A20EF32999BAC05F,16.14,queries/Functions/09-03_math/asinh.sql,3,2,5.189055,1.729685,0,59.176452636718750000,54.337829589843750000,,
2026-07-24T01:18:55Z,A20EF32999BAC05F,16.14,queries/Functions/09-03_math/atan.sql,3,2,4.949001,1.649667,0,57.195007324218750000,52.509277343750000000,,
2026-07-24T01:19:08Z,A20EF32999BAC05F,16.14,queries/Functions/09-03_math/atan2.sql,3,2,8.029785,2.676595,0,-262050.841674804687500000,85.837097167968750000,,
2026-07-24T01:19:18Z,A20EF32999BAC05F,16.14,queries/Functions/09-03_math/atanh.sql,3,2,5.955772,1.985257,0,66.967224121093750000,61.449951171875000000,,
2026-07-24T01:19:29Z,A20EF32999BAC05F,16.14,queries/Functions/09-03_math/cbrt.sql,3,2,6.795261,2.265087,0,76.440856933593750000,70.115661621093750000,,
2026-07-24T01:19:41Z,A20EF32999BAC05F,16.14,queries/Functions/09-03_math/ceil.sql,3,2,7.188362,2.396121,0,81.091369628906250000,74.538696289062500000,,
2026-07-24T01:19:51Z,A20EF32999BAC05F,16.14,queries/Functions/09-03_math/cos.sql,3,2,5.800056,1.933352,0,66.590515136718750000,61.196594238281250000,,
2026-07-24T01:20:01Z,A20EF32999BAC05F,16.14,queries/Functions/09-03_math/cosh.sql,3,2,5.982022,1.994007,0,67.379943847656250000,61.879943847656250000,,
2026-07-24T01:20:10Z,A20EF32999BAC05F,16.14,queries/Functions/09-03_math/degrees.sql,3,2,5.572631,1.857544,0,63.370666503906250000,58.180603027343750000,,
2026-07-24T01:20:18Z,A20EF32999BAC05F,16.14,queries/Functions/09-03_math/div_fn.sql,3,2,4.655382,1.551794,0,53.059509277343750000,48.702087402343750000,,
2026-07-24T01:20:27Z,A20EF32999BAC05F,16.14,queries/Functions/09-03_math/divide.sql,3,2,5.483044,1.827681,0,60.299011230468750000,55.158020019531250000,,
2026-07-24T01:20:37Z,A20EF32999BAC05F,16.14,queries/Functions/09-03_math/exp_float8.sql,3,2,5.684289,1.894763,0,65.615356445312500000,60.274841308593750000,,
2026-07-24T01:21:29Z,A20EF32999BAC05F,16.14,queries/Functions/09-03_math/exp_numeric.sql,3,2,31.142489,10.380830,0,352.714904785156250000,325.445983886718750000,,
2026-07-24T01:21:38Z,A20EF32999BAC05F,16.14,queries/Functions/09-03_math/exponent.sql,3,2,5.367812,1.789271,0,63.077209472656250000,58.178710937500000000,,
2026-07-24T01:21:45Z,A20EF32999BAC05F,16.14,queries/Functions/09-03_math/factorial.sql,3,2,4.569163,1.523054,0,53.796020507812500000,49.528198242187500000,,
2026-07-24T01:21:56Z,A20EF32999BAC05F,16.14,queries/Functions/09-03_math/floor.sql,3,2,6.647860,2.215953,0,74.686828613281250000,68.608215332031250000,,
2026-07-24T01:22:03Z,A20EF32999BAC05F,16.14,queries/Functions/09-03_math/gcd.sql,3,2,3.880087,1.293362,0,38.445617675781250000,34.687988281250000000,,
2026-07-24T01:22:07Z,A20EF32999BAC05F,16.14,queries/Functions/09-03_math/lcm.sql,3,2,2.801144,0.933715,0,30.707763671875000000,28.006469726562500000,,
2026-07-24T01:22:16Z,A20EF32999BAC05F,16.14,queries/Functions/09-03_math/ln_float8.sql,3,2,4.915135,1.638378,0,56.555053710937500000,51.838378906250000000,,
2026-07-24T01:24:13Z,A20EF32999BAC05F,16.14,queries/Functions/09-03_math/ln_numeric.sql,3,2,70.772375,23.590792,0,764.949768066406250000,703.826049804687500000,,
2026-07-24T01:24:22Z,A20EF32999BAC05F,16.14,queries/Functions/09-03_math/log10_float8.sql,3,2,5.025354,1.675118,0,57.604064941406250000,52.949890136718750000,,
2026-07-24T01:32:11Z,A20EF32999BAC05F,16.14,queries/Functions/09-03_math/log10_numeric.sql,3,2,281.461575,93.820525,0,3121.984924316406250000,2881.647033691406250000,,
2026-07-24T01:39:06Z,A20EF32999BAC05F,16.14,queries/Functions/09-03_math/log_base.sql,3,2,249.032132,83.010711,0,2760.609436035156250000,2548.058654785156250000,,
2026-07-24T01:39:12Z,A20EF32999BAC05F,16.14,queries/Functions/09-03_math/min_scale.sql,3,2,3.575732,1.191911,0,39.458374023437500000,36.041564941406250000,,
2026-07-24T01:39:15Z,A20EF32999BAC05F,16.14,queries/Functions/09-03_math/mod_fn.sql,3,2,1.641776,0.547259,0,18.176513671875000000,16.538940429687500000,,
2026-07-24T01:39:17Z,A20EF32999BAC05F,16.14,queries/Functions/09-03_math/modulo.sql,3,2,1.608490,0.536163,0,18.094360351562500000,16.498779296875000000,,
2026-07-24T01:39:25Z,A20EF32999BAC05F,16.14,queries/Functions/09-03_math/multiply.sql,3,2,4.867800,1.622600,0,56.395996093750000000,51.803955078125000000,,
2026-07-24T01:39:38Z,A20EF32999BAC05F,16.14,queries/Functions/09-03_math/multiply_float8.sql,3,2,7.434349,2.478116,0,85.840332031250000000,78.992370605468750000,,
2026-07-24T01:39:46Z,A20EF32999BAC05F,16.14,queries/Functions/09-03_math/pi.sql,3,2,4.695176,1.565059,0,54.511291503906250000,50.038208007812500000,,
2026-07-24T01:39:54Z,A20EF32999BAC05F,16.14,queries/Functions/09-03_math/power_float8.sql,3,2,5.272294,1.757431,0,60.603454589843750000,55.494384765625000000,,
2026-07-24T01:40:03Z,A20EF32999BAC05F,16.14,queries/Functions/09-03_math/power_numeric.sql,3,2,5.399621,1.799874,0,62.838317871093750000,57.784362792968750000,,
2026-07-24T01:40:11Z,A20EF32999BAC05F,16.14,queries/Functions/09-03_math/radians.sql,3,2,4.686190,1.562063,0,54.375183105468750000,49.872802734375000000,,
2026-07-24T01:40:14Z,A20EF32999BAC05F,16.14,queries/Functions/09-03_math/random.sql,3,2,1.673421,0.557807,0,18.948181152343750000,17.224609375000000000,,
2026-07-24T01:40:25Z,A20EF32999BAC05F,16.14,queries/Functions/09-03_math/round.sql,3,2,6.560850,2.186950,0,72.137268066406250000,65.908203125000000000,,
2026-07-24T01:40:36Z,A20EF32999BAC05F,16.14,queries/Functions/09-03_math/round_scale.sql,3,2,6.549644,2.183215,0,73.372436523437500000,67.200744628906250000,,
2026-07-24T01:40:41Z,A20EF32999BAC05F,16.14,queries/Functions/09-03_math/scale.sql,3,2,3.326841,1.108947,0,36.846679687500000000,33.546875000000000000,,
2026-07-24T01:40:49Z,A20EF32999BAC05F,16.14,queries/Functions/09-03_math/sign.sql,3,2,4.532026,1.510675,0,52.088928222656250000,47.803771972656250000,,
2026-07-24T01:40:58Z,A20EF32999BAC05F,16.14,queries/Functions/09-03_math/sin.sql,3,2,5.650840,1.883613,0,65.378845214843750000,60.088745117187500000,,
2026-07-24T01:41:08Z,A20EF32999BAC05F,16.14,queries/Functions/09-03_math/sinh.sql,3,2,5.994547,1.998182,0,67.589233398437500000,62.022460937500000000,,
2026-07-24T01:41:19Z,A20EF32999BAC05F,16.14,queries/Functions/09-03_math/sqrt_float8.sql,3,2,6.251218,2.083739,0,70.715759277343750000,64.867675781250000000,,
2026-07-24T01:41:30Z,A20EF32999BAC05F,16.14,queries/Functions/09-03_math/sqrt_numeric.sql,3,2,6.566376,2.188792,0,73.624084472656250000,67.429260253906250000,,
2026-07-24T01:41:37Z,A20EF32999BAC05F,16.14,queries/Functions/09-03_math/subtract.sql,3,2,4.603078,1.534359,0,52.990356445312500000,48.563598632812500000,,
2026-07-24T01:41:47Z,A20EF32999BAC05F,16.14,queries/Functions/09-03_math/tan.sql,3,2,5.805452,1.935151,0,66.662475585937500000,61.137084960937500000,,
2026-07-24T01:41:57Z,A20EF32999BAC05F,16.14,queries/Functions/09-03_math/tanh.sql,3,2,5.894366,1.964789,0,66.316223144531250000,60.708862304687500000,,
2026-07-24T01:42:03Z,A20EF32999BAC05F,16.14,queries/Functions/09-03_math/trim_scale.sql,3,2,3.937618,1.312539,0,44.559387207031250000,40.750793457031250000,,
2026-07-24T01:42:14Z,A20EF32999BAC05F,16.14,queries/Functions/09-03_math/trunc.sql,3,2,6.404654,2.134885,0,71.003845214843750000,65.063171386718750000,,
2026-07-24T01:42:25Z,A20EF32999BAC05F,16.14,queries/Functions/09-03_math/trunc_scale.sql,3,2,6.486421,2.162140,0,71.943847656250000000,65.734130859375000000,,
2026-07-24T01:42:30Z,A20EF32999BAC05F,16.14,queries/Functions/09-03_math/unary_minus.sql,3,2,3.009787,1.003262,0,34.371704101562500000,31.485412597656250000,,
2026-07-24T01:42:44Z,A20EF32999BAC05F,16.14,queries/Functions/09-03_math/width_bucket.sql,3,2,8.795400,2.931800,0,101.474792480468750000,93.286560058593750000,,
2026-07-24T01:42:50Z,A20EF32999BAC05F,16.14,queries/Functions/09-04_string/ascii.sql,3,2,3.443903,1.147968,0,39.548400878906250000,36.237548828125000000,,
2026-07-24T01:42:56Z,A20EF32999BAC05F,16.14,queries/Functions/09-04_string/bit_length.sql,3,2,3.552735,1.184245,0,40.651000976562500000,37.207702636718750000,,
2026-07-24T01:43:08Z,A20EF32999BAC05F,16.14,queries/Functions/09-04_string/btrim.sql,3,2,7.244638,2.414879,0,86.222351074218750000,79.380798339843750000,,
2026-07-24T01:43:12Z,A20EF32999BAC05F,16.14,queries/Functions/09-04_string/cast_text.sql,3,2,2.518260,0.839420,0,28.691589355468750000,26.223510742187500000,,
2026-07-24T01:43:20Z,A20EF32999BAC05F,16.14,queries/Functions/09-04_string/char_length.sql,3,2,4.518346,1.506115,0,51.977233886718750000,47.664062500000000000,,
2026-07-24T01:43:25Z,A20EF32999BAC05F,16.14,queries/Functions/09-04_string/chr.sql,3,2,2.970969,0.990323,0,32.965332031250000000,29.997619628906250000,,
2026-07-24T01:43:34Z,A20EF32999BAC05F,16.14,queries/Functions/09-04_string/concat_fn.sql,3,2,5.337014,1.779005,0,62.569580078125000000,57.505798339843750000,,
2026-07-24T01:43:41Z,A20EF32999BAC05F,16.14,queries/Functions/09-04_string/concat_op.sql,3,2,4.242872,1.414291,0,48.531005859375000000,44.394531250000000000,,
2026-07-24T01:43:50Z,A20EF32999BAC05F,16.14,queries/Functions/09-04_string/concat_ws.sql,3,2,5.517962,1.839321,0,65.897094726562500000,60.813110351562500000,,
2026-07-24T01:44:02Z,A20EF32999BAC05F,16.14,queries/Functions/09-04_string/format.sql,3,2,7.414643,2.471548,0,88.929016113281250000,82.183837890625000000,,
2026-07-24T01:44:23Z,A20EF32999BAC05F,16.14,queries/Functions/09-04_string/initcap.sql,3,2,12.195453,4.065151,0,142.006469726562500000,130.963500976562500000,,
2026-07-24T01:44:31Z,A20EF32999BAC05F,16.14,queries/Functions/09-04_string/left.sql,3,2,4.736884,1.578961,0,55.077697753906250000,50.512084960937500000,,
2026-07-24T01:44:38Z,A20EF32999BAC05F,16.14,queries/Functions/09-04_string/length.sql,3,2,4.533335,1.511112,0,52.000305175781250000,47.607666015625000000,,
2026-07-24T01:44:55Z,A20EF32999BAC05F,16.14,queries/Functions/09-04_string/lower.sql,3,2,10.034716,3.344905,0,117.610107421875000000,108.466796875000000000,,
2026-07-24T01:45:10Z,A20EF32999BAC05F,16.14,queries/Functions/09-04_string/lpad.sql,3,2,9.309196,3.103065,0,108.180908203125000000,99.586364746093750000,,
2026-07-24T01:45:22Z,A20EF32999BAC05F,16.14,queries/Functions/09-04_string/ltrim.sql,3,2,7.093817,2.364606,0,84.534606933593750000,78.088623046875000000,,
2026-07-24T01:45:52Z,A20EF32999BAC05F,16.14,queries/Functions/09-04_string/md5.sql,3,2,17.647071,5.882357,0,205.264709472656250000,189.540405273437500000,,
2026-07-24T01:45:58Z,A20EF32999BAC05F,16.14,queries/Functions/09-04_string/octet_length.sql,3,2,3.501349,1.167116,0,39.795898437500000000,36.424560546875000000,,
2026-07-24T01:46:10Z,A20EF32999BAC05F,16.14,queries/Functions/09-04_string/overlay.sql,3,2,7.224040,2.408013,0,85.666625976562500000,79.029846191406250000,,
2026-07-24T01:46:18Z,A20EF32999BAC05F,16.14,queries/Functions/09-04_string/position.sql,3,2,5.036189,1.678730,0,56.696594238281250000,52.002258300781250000,,
2026-07-24T01:46:29Z,A20EF32999BAC05F,16.14,queries/Functions/09-04_string/quote_ident.sql,3,2,6.509184,2.169728,0,73.560668945312500000,67.509704589843750000,,
2026-07-24T01:46:37Z,A20EF32999BAC05F,16.14,queries/Functions/09-04_string/quote_literal.sql,3,2,4.623764,1.541255,0,53.019531250000000000,48.681579589843750000,,
2026-07-24T01:46:44Z,A20EF32999BAC05F,16.14,queries/Functions/09-04_string/repeat.sql,3,2,4.163961,1.387987,0,48.064331054687500000,44.026733398437500000,,
2026-07-24T01:46:53Z,A20EF32999BAC05F,16.14,queries/Functions/09-04_string/replace.sql,3,2,5.847551,1.949184,0,67.778808593750000000,62.250427246093750000,,
2026-07-24T01:47:04Z,A20EF32999BAC05F,16.14,queries/Functions/09-04_string/reverse.sql,3,2,6.111830,2.037277,0,70.633850097656250000,64.879943847656250000,,
2026-07-24T01:47:14Z,A20EF32999BAC05F,16.14,queries/Functions/09-04_string/right.sql,3,2,6.174878,2.058293,0,70.911193847656250000,65.113891601562500000,,
2026-07-24T01:47:30Z,A20EF32999BAC05F,16.14,queries/Functions/09-04_string/rpad.sql,3,2,9.491419,3.163806,0,109.842956542968750000,101.148315429687500000,,
2026-07-24T01:47:42Z,A20EF32999BAC05F,16.14,queries/Functions/09-04_string/rtrim.sql,3,2,7.094547,2.364849,0,84.432250976562500000,77.792053222656250000,,
2026-07-24T01:47:50Z,A20EF32999BAC05F,16.14,queries/Functions/09-04_string/split_part.sql,3,2,4.792914,1.597638,0,55.131286621093750000,50.548889160156250000,,
2026-07-24T01:47:58Z,A20EF32999BAC05F,16.14,queries/Functions/09-04_string/starts_with.sql,3,2,4.897128,1.632376,0,57.389099121093750000,52.675598144531250000,,
2026-07-24T01:48:06Z,A20EF32999BAC05F,16.14,queries/Functions/09-04_string/strpos.sql,3,2,5.033552,1.677851,0,56.193176269531250000,51.482482910156250000,,
2026-07-24T01:48:14Z,A20EF32999BAC05F,16.14,queries/Functions/09-04_string/substr.sql,3,2,4.795262,1.598421,0,55.874145507812500000,51.314941406250000000,,
2026-07-24T01:48:22Z,A20EF32999BAC05F,16.14,queries/Functions/09-04_string/substring.sql,3,2,4.792634,1.597545,0,56.030273437500000000,51.421325683593750000,,
2026-07-24T01:48:26Z,A20EF32999BAC05F,16.14,queries/Functions/09-04_string/to_hex.sql,3,2,2.149196,0.716399,0,25.087158203125000000,22.890869140625000000,,
2026-07-24T01:48:49Z,A20EF32999BAC05F,16.14,queries/Functions/09-04_string/translate.sql,3,2,13.769410,4.589803,0,164.409423828125000000,151.967956542968750000,,
2026-07-24T01:49:01Z,A20EF32999BAC05F,16.14,queries/Functions/09-04_string/trim_both.sql,3,2,7.307246,2.435749,0,86.741210937500000000,79.890380859375000000,,
2026-07-24T01:49:18Z,A20EF32999BAC05F,16.14,queries/Functions/09-04_string/upper.sql,3,2,10.058987,3.352996,0,117.053466796875000000,107.870056152343750000,,
2026-07-24T01:49:26Z,A20EF32999BAC05F,16.14,queries/Functions/09-05_binary_string/cast_bytea.sql,3,2,5.018579,1.672860,0,57.354736328125000000,52.607849121093750000,,
2026-07-24T01:49:35Z,A20EF32999BAC05F,16.14,queries/Functions/09-05_binary_string/concat_bytea.sql,3,2,5.474690,1.824897,0,62.811401367187500000,57.730712890625000000,,
2026-07-24T01:50:07Z,A20EF32999BAC05F,16.14,queries/Functions/09-05_binary_string/decode_hex.sql,3,2,19.102495,6.367498,0,223.105712890625000000,205.861328125000000000,,
2026-07-24T01:50:18Z,A20EF32999BAC05F,16.14,queries/Functions/09-05_binary_string/encode_base64.sql,3,2,6.869689,2.289896,0,78.726379394531250000,72.427856445312500000,,
2026-07-24T01:50:30Z,A20EF32999BAC05F,16.14,queries/Functions/09-05_binary_string/encode_escape.sql,3,2,6.802723,2.267574,0,78.070495605468750000,71.824768066406250000,,
2026-07-24T01:50:40Z,A20EF32999BAC05F,16.14,queries/Functions/09-05_binary_string/encode_hex.sql,3,2,6.168735,2.056245,0,70.894287109375000000,65.172729492187500000,,
2026-07-24T01:50:49Z,A20EF32999BAC05F,16.14,queries/Functions/09-05_binary_string/get_byte.sql,3,2,5.119329,1.706443,0,58.377807617187500000,53.613464355468750000,,
2026-07-24T01:51:20Z,A20EF32999BAC05F,16.14,queries/Functions/09-05_binary_string/md5_bytea.sql,3,2,19.082068,6.360689,0,222.376586914062500000,205.385864257812500000,,
2026-07-24T01:51:29Z,A20EF32999BAC05F,16.14,queries/Functions/09-05_binary_string/octet_length.sql,3,2,5.044956,1.681652,0,58.066101074218750000,53.424865722656250000,,
2026-07-24T01:51:38Z,A20EF32999BAC05F,16.14,queries/Functions/09-05_binary_string/set_byte.sql,3,2,5.287819,1.762606,0,60.647766113281250000,55.774902343750000000,,
2026-07-24T01:52:12Z,A20EF32999BAC05F,16.14,queries/Functions/09-05_binary_string/sha224.sql,3,2,21.004842,7.001614,0,244.575683593750000000,225.945434570312500000,,
2026-07-24T01:52:48Z,A20EF32999BAC05F,16.14,queries/Functions/09-05_binary_string/sha256.sql,3,2,20.999725,6.999908,0,245.466369628906250000,226.762573242187500000,,
2026-07-24T01:53:25Z,A20EF32999BAC05F,16.14,queries/Functions/09-05_binary_string/sha384.sql,3,2,22.488924,7.496308,0,263.941223144531250000,243.992248535156250000,,
2026-07-24T01:54:02Z,A20EF32999BAC05F,16.14,queries/Functions/09-05_binary_string/sha512.sql,3,2,22.494791,7.498264,0,264.718933105468750000,244.785034179687500000,,
2026-07-24T01:54:12Z,A20EF32999BAC05F,16.14,queries/Functions/09-05_binary_string/substring_bytea.sql,3,2,5.407327,1.802442,0,61.989807128906250000,56.977478027343750000,,
2026-07-24T01:54:17Z,A20EF32999BAC05F,16.14,queries/Functions/09-06_bit_string/and.sql,3,2,3.195581,1.065194,0,36.306701660156250000,33.249084472656250000,,
2026-07-24T01:54:21Z,A20EF32999BAC05F,16.14,queries/Functions/09-06_bit_string/bit_count.sql,3,2,2.112424,0.704141,0,25.325256347656250000,23.283630371093750000,,
2026-07-24T01:54:24Z,A20EF32999BAC05F,16.14,queries/Functions/09-06_bit_string/cast_bit.sql,3,2,2.132712,0.710904,0,24.147949218750000000,22.091979980468750000,,
2026-07-24T01:54:30Z,A20EF32999BAC05F,16.14,queries/Functions/09-06_bit_string/concat_bit.sql,3,2,3.457669,1.152556,0,39.345031738281250000,36.080505371093750000,,
2026-07-24T01:54:33Z,A20EF32999BAC05F,16.14,queries/Functions/09-06_bit_string/get_bit.sql,3,2,2.171777,0.723926,0,24.743225097656250000,22.556884765625000000,,
2026-07-24T01:54:37Z,A20EF32999BAC05F,16.14,queries/Functions/09-06_bit_string/length_bit.sql,3,2,2.132794,0.710931,0,24.232482910156250000,22.135009765625000000,,
2026-07-24T01:54:41Z,A20EF32999BAC05F,16.14,queries/Functions/09-06_bit_string/not.sql,3,2,2.293932,0.764644,0,26.451782226562500000,24.342102050781250000,,
2026-07-24T01:54:46Z,A20EF32999BAC05F,16.14,queries/Functions/09-06_bit_string/or.sql,3,2,3.212034,1.070678,0,36.568969726562500000,33.364257812500000000,,
2026-07-24T01:54:52Z,A20EF32999BAC05F,16.14,queries/Functions/09-06_bit_string/overlay_bit.sql,3,2,3.533451,1.177817,0,41.278320312500000000,37.968994140625000000,,
2026-07-24T01:54:56Z,A20EF32999BAC05F,16.14,queries/Functions/09-06_bit_string/set_bit.sql,3,2,2.465909,0.821970,0,28.026733398437500000,25.615234375000000000,,
2026-07-24T01:55:00Z,A20EF32999BAC05F,16.14,queries/Functions/09-06_bit_string/shift_left.sql,3,2,2.390683,0.796894,0,28.011352539062500000,25.655334472656250000,,
2026-07-24T01:55:04Z,A20EF32999BAC05F,16.14,queries/Functions/09-06_bit_string/shift_right.sql,3,2,2.529556,0.843185,0,29.077880859375000000,26.585021972656250000,,
2026-07-24T01:55:08Z,A20EF32999BAC05F,16.14,queries/Functions/09-06_bit_string/substring_bit.sql,3,2,2.502772,0.834257,0,28.689270019531250000,26.362854003906250000,,
2026-07-24T01:55:14Z,A20EF32999BAC05F,16.14,queries/Functions/09-06_bit_string/xor.sql,3,2,3.242440,1.080813,0,36.599792480468750000,33.428222656250000000,,
2026-07-24T01:55:37Z,A20EF32999BAC05F,16.14,queries/Functions/09-07_pattern_matching/ilike.sql,3,2,13.864421,4.621474,0,164.246826171875000000,151.789916992187500000,,
2026-07-24T01:55:45Z,A20EF32999BAC05F,16.14,queries/Functions/09-07_pattern_matching/like.sql,3,2,4.671987,1.557329,0,52.945861816406250000,48.423156738281250000,,
2026-07-24T01:55:51Z,A20EF32999BAC05F,16.14,queries/Functions/09-07_pattern_matching/like_prefix.sql,3,2,3.724247,1.241416,0,42.769531250000000000,39.185058593750000000,,
2026-07-24T01:56:14Z,A20EF32999BAC05F,16.14,queries/Functions/09-07_pattern_matching/not_ilike.sql,3,2,13.836020,4.612007,0,163.307250976562500000,150.923767089843750000,,
2026-07-24T01:56:22Z,A20EF32999BAC05F,16.14,queries/Functions/09-07_pattern_matching/not_like.sql,3,2,4.667555,1.555852,0,52.084106445312500000,47.640625000000000000,,
2026-07-24T01:56:53Z,A20EF32999BAC05F,16.14,queries/Functions/09-07_pattern_matching/regex_alternation.sql,3,2,18.558722,6.186241,0,215.228820800781250000,198.634643554687500000,,
2026-07-24T01:57:06Z,A20EF32999BAC05F,16.14,queries/Functions/09-07_pattern_matching/regex_anchored.sql,3,2,7.629226,2.543075,0,88.750793457031250000,81.831054687500000000,,
2026-07-24T01:57:39Z,A20EF32999BAC05F,16.14,queries/Functions/09-07_pattern_matching/regex_backtrack.sql,3,2,19.802298,6.600766,0,231.728454589843750000,214.056091308593750000,,
2026-07-24T01:57:54Z,A20EF32999BAC05F,16.14,queries/Functions/09-07_pattern_matching/regex_charclass.sql,3,2,9.294972,3.098324,0,107.126586914062500000,98.657287597656250000,,
2026-07-24T01:58:15Z,A20EF32999BAC05F,16.14,queries/Functions/09-07_pattern_matching/regex_match.sql,3,2,12.312521,4.104174,0,143.106384277343750000,131.970031738281250000,,
2026-07-24T01:58:35Z,A20EF32999BAC05F,16.14,queries/Functions/09-07_pattern_matching/regex_match_ci.sql,3,2,12.328011,4.109337,0,143.545104980468750000,132.456726074218750000,,
2026-07-24T01:58:56Z,A20EF32999BAC05F,16.14,queries/Functions/09-07_pattern_matching/regex_not_match.sql,3,2,12.308521,4.102840,0,143.221374511718750000,132.122924804687500000,,
2026-07-24T01:59:16Z,A20EF32999BAC05F,16.14,queries/Functions/09-07_pattern_matching/regex_not_match_ci.sql,3,2,12.306600,4.102200,0,143.065795898437500000,132.015625000000000000,,
2026-07-24T01:59:45Z,A20EF32999BAC05F,16.14,queries/Functions/09-07_pattern_matching/regexp_count.sql,3,2,17.382470,5.794157,0,203.467895507812500000,187.929443359375000000,,
2026-07-24T02:00:14Z,A20EF32999BAC05F,16.14,queries/Functions/09-07_pattern_matching/regexp_instr.sql,3,2,17.341051,5.780350,0,204.560668945312500000,189.060302734375000000,,
2026-07-24T02:00:35Z,A20EF32999BAC05F,16.14,queries/Functions/09-07_pattern_matching/regexp_like.sql,3,2,12.364332,4.121444,0,144.711303710937500000,133.649475097656250000,,
2026-07-24T02:01:01Z,A20EF32999BAC05F,16.14,queries/Functions/09-07_pattern_matching/regexp_match.sql,3,2,15.896752,5.298917,0,186.537414550781250000,172.399536132812500000,,
2026-07-24T02:01:27Z,A20EF32999BAC05F,16.14,queries/Functions/09-07_pattern_matching/regexp_replace.sql,3,2,15.319730,5.106577,0,181.787414550781250000,168.127197265625000000,,
2026-07-24T02:01:56Z,A20EF32999BAC05F,16.14,queries/Functions/09-07_pattern_matching/regexp_replace_global.sql,3,2,17.633825,5.877942,0,208.862854003906250000,193.206359863281250000,,
2026-07-24T02:03:12Z,A20EF32999BAC05F,16.14,queries/Functions/09-07_pattern_matching/regexp_split_to_array.sql,3,2,45.524294,15.174765,0,545.296630859375000000,505.558532714843750000,,
2026-07-24T02:03:42Z,A20EF32999BAC05F,16.14,queries/Functions/09-07_pattern_matching/regexp_substr.sql,3,2,18.298325,6.099442,0,215.228088378906250000,198.931945800781250000,,
2026-07-24T02:04:05Z,A20EF32999BAC05F,16.14,queries/Functions/09-07_pattern_matching/similar_to.sql,3,2,13.401001,4.467000,0,155.961242675781250000,144.044433593750000000,,
2026-07-24T02:04:30Z,A20EF32999BAC05F,16.14,queries/Functions/09-07_pattern_matching/substring_regex.sql,3,2,15.039512,5.013171,0,174.821411132812500000,161.522766113281250000,,
2026-07-24T02:04:44Z,A20EF32999BAC05F,16.14,queries/Functions/09-08_formatting/to_char_date.sql,3,2,8.777060,2.925687,0,104.269897460937500000,96.192443847656250000,,
2026-07-24T02:05:01Z,A20EF32999BAC05F,16.14,queries/Functions/09-08_formatting/to_char_date_long.sql,3,2,9.772265,3.257422,0,116.452392578125000000,107.547241210937500000,,
2026-07-24T02:05:07Z,A20EF32999BAC05F,16.14,queries/Functions/09-08_formatting/to_char_int.sql,3,2,4.057074,1.352358,0,48.942138671875000000,45.272766113281250000,,
2026-07-24T02:05:20Z,A20EF32999BAC05F,16.14,queries/Functions/09-08_formatting/to_char_numeric.sql,3,2,7.423877,2.474626,0,87.342651367187500000,80.560302734375000000,,
2026-07-24T02:05:37Z,A20EF32999BAC05F,16.14,queries/Functions/09-08_formatting/to_char_timestamp.sql,3,2,10.343111,3.447704,0,123.225463867187500000,113.922302246093750000,,
2026-07-24T02:05:59Z,A20EF32999BAC05F,16.14,queries/Functions/09-08_formatting/to_date.sql,3,2,12.879001,4.293000,0,155.083923339843750000,143.497680664062500000,,
2026-07-24T02:06:19Z,A20EF32999BAC05F,16.14,queries/Functions/09-08_formatting/to_number.sql,3,2,11.952466,3.984155,0,143.385681152343750000,132.638000488281250000,,
2026-07-24T02:06:21Z,A20EF32999BAC05F,16.14,queries/Functions/09-08_formatting/to_timestamp.sql,3,2,1.727722,0.575907,0,19.671325683593750000,17.946838378906250000,,
2026-07-24T02:06:33Z,A20EF32999BAC05F,16.14,queries/Functions/09-09_datetime/age_two_args.sql,3,2,6.853495,2.284498,0,78.218383789062500000,71.824218750000000000,,
2026-07-24T02:06:40Z,A20EF32999BAC05F,16.14,queries/Functions/09-09_datetime/at_time_zone.sql,3,2,4.006623,1.335541,0,46.379211425781250000,42.703735351562500000,,
2026-07-24T02:06:45Z,A20EF32999BAC05F,16.14,queries/Functions/09-09_datetime/cast_timestamp.sql,3,2,3.006741,1.002247,0,34.049743652343750000,31.102355957031250000,,
2026-07-24T02:06:50Z,A20EF32999BAC05F,16.14,queries/Functions/09-09_datetime/date_add_time.sql,3,2,3.044391,1.014797,0,34.257690429687500000,31.265136718750000000,,
2026-07-24T02:06:55Z,A20EF32999BAC05F,16.14,queries/Functions/09-09_datetime/date_bin.sql,3,2,3.275136,1.091712,0,36.928955078125000000,33.837524414062500000,,
2026-07-24T02:07:00Z,A20EF32999BAC05F,16.14,queries/Functions/09-09_datetime/date_minus_date.sql,3,2,3.199031,1.066344,0,36.168457031250000000,33.060424804687500000,,
2026-07-24T02:07:05Z,A20EF32999BAC05F,16.14,queries/Functions/09-09_datetime/date_minus_int.sql,3,2,2.995954,0.998651,0,33.759948730468750000,30.897155761718750000,,
2026-07-24T02:07:12Z,A20EF32999BAC05F,16.14,queries/Functions/09-09_datetime/date_part.sql,3,2,4.176185,1.392062,0,47.644348144531250000,43.727905273437500000,,
2026-07-24T02:07:18Z,A20EF32999BAC05F,16.14,queries/Functions/09-09_datetime/date_plus_int.sql,3,2,3.052822,1.017607,0,33.986389160156250000,30.947326660156250000,,
2026-07-24T02:07:24Z,A20EF32999BAC05F,16.14,queries/Functions/09-09_datetime/date_plus_interval.sql,3,2,3.735263,1.245088,0,42.423522949218750000,38.852844238281250000,,
2026-07-24T02:07:31Z,A20EF32999BAC05F,16.14,queries/Functions/09-09_datetime/date_trunc_day.sql,3,2,4.307132,1.435711,0,49.151245117187500000,45.067871093750000000,,
2026-07-24T02:07:38Z,A20EF32999BAC05F,16.14,queries/Functions/09-09_datetime/date_trunc_month.sql,3,2,4.304998,1.434999,0,49.941894531250000000,45.818298339843750000,,
2026-07-24T02:07:46Z,A20EF32999BAC05F,16.14,queries/Functions/09-09_datetime/extract_day.sql,3,2,4.559123,1.519708,0,52.754272460937500000,48.398315429687500000,,
2026-07-24T02:07:54Z,A20EF32999BAC05F,16.14,queries/Functions/09-09_datetime/extract_dow.sql,3,2,5.063519,1.687840,0,58.409179687500000000,53.783752441406250000,,
2026-07-24T02:08:03Z,A20EF32999BAC05F,16.14,queries/Functions/09-09_datetime/extract_doy.sql,3,2,5.167637,1.722546,0,59.876220703125000000,55.032287597656250000,,
2026-07-24T02:08:11Z,A20EF32999BAC05F,16.14,queries/Functions/09-09_datetime/extract_epoch.sql,3,2,4.669346,1.556449,0,54.641906738281250000,50.178466796875000000,,
2026-07-24T02:08:18Z,A20EF32999BAC05F,16.14,queries/Functions/09-09_datetime/extract_month.sql,3,2,4.579886,1.526629,0,53.073547363281250000,48.645629882812500000,,
2026-07-24T02:08:26Z,A20EF32999BAC05F,16.14,queries/Functions/09-09_datetime/extract_quarter.sql,3,2,4.649867,1.549956,0,53.753906250000000000,49.373291015625000000,,
2026-07-24T02:08:34Z,A20EF32999BAC05F,16.14,queries/Functions/09-09_datetime/extract_week.sql,3,2,4.804280,1.601427,0,55.239868164062500000,50.718933105468750000,,
2026-07-24T02:08:42Z,A20EF32999BAC05F,16.14,queries/Functions/09-09_datetime/extract_year.sql,3,2,4.597264,1.532421,0,53.350036621093750000,48.945983886718750000,,
2026-07-24T02:08:47Z,A20EF32999BAC05F,16.14,queries/Functions/09-09_datetime/isfinite.sql,3,2,2.954278,0.984759,0,33.759277343750000000,30.891784667968750000,,
2026-07-24T02:08:58Z,A20EF32999BAC05F,16.14,queries/Functions/09-09_datetime/justify_days.sql,3,2,7.079678,2.359893,0,81.240905761718750000,74.674743652343750000,,
2026-07-24T02:09:03Z,A20EF32999BAC05F,16.14,queries/Functions/09-09_datetime/make_date.sql,3,2,2.711508,0.903836,0,30.407714843750000000,27.798767089843750000,,
2026-07-24T02:09:07Z,A20EF32999BAC05F,16.14,queries/Functions/09-09_datetime/make_interval.sql,3,2,2.820217,0.940072,0,31.637207031250000000,28.770080566406250000,,
2026-07-24T02:09:12Z,A20EF32999BAC05F,16.14,queries/Functions/09-09_datetime/make_timestamp.sql,3,2,2.890300,0.963433,0,32.831054687500000000,30.009216308593750000,,
2026-07-24T02:09:21Z,A20EF32999BAC05F,16.14,queries/Functions/09-09_datetime/overlaps.sql,3,2,5.204997,1.734999,0,59.548095703125000000,54.726074218750000000,,
2026-07-24T02:09:34Z,A20EF32999BAC05F,16.14,queries/Functions/09-11_geometric/box_area.sql,3,2,7.961234,2.653745,0,91.918640136718750000,84.692871093750000000,,
2026-07-24T02:09:48Z,A20EF32999BAC05F,16.14,queries/Functions/09-11_geometric/box_center.sql,3,2,8.073796,2.691265,0,93.708129882812500000,86.365905761718750000,,
2026-07-24T02:10:01Z,A20EF32999BAC05F,16.14,queries/Functions/09-11_geometric/box_contains_point.sql,3,2,7.985925,2.661975,0,92.301452636718750000,85.051391601562500000,,
2026-07-24T02:10:14Z,A20EF32999BAC05F,16.14,queries/Functions/09-11_geometric/box_make.sql,3,2,7.897243,2.632414,0,90.376281738281250000,83.174316406250000000,,
2026-07-24T02:10:27Z,A20EF32999BAC05F,16.14,queries/Functions/09-11_geometric/box_overlaps.sql,3,2,7.887422,2.629141,0,91.639038085937500000,84.592041015625000000,,
2026-07-24T02:10:40Z,A20EF32999BAC05F,16.14,queries/Functions/09-11_geometric/circle_area.sql,3,2,7.823917,2.607972,0,89.916198730468750000,82.844299316406250000,,
2026-07-24T02:10:53Z,A20EF32999BAC05F,16.14,queries/Functions/09-11_geometric/circle_make.sql,3,2,7.692219,2.564073,0,89.020324707031250000,82.029785156250000000,,
2026-07-24T02:11:06Z,A20EF32999BAC05F,16.14,queries/Functions/09-11_geometric/lseg_length.sql,3,2,7.948016,2.649339,0,91.322448730468750000,84.098937988281250000,,
2026-07-24T02:11:19Z,A20EF32999BAC05F,16.14,queries/Functions/09-11_geometric/lseg_make.sql,3,2,7.676523,2.558841,0,88.293701171875000000,81.441528320312500000,,
2026-07-24T02:11:32Z,A20EF32999BAC05F,16.14,queries/Functions/09-11_geometric/point_add.sql,3,2,7.807354,2.602451,0,89.607971191406250000,82.505676269531250000,,
2026-07-24T02:11:45Z,A20EF32999BAC05F,16.14,queries/Functions/09-11_geometric/point_distance.sql,3,2,7.699879,2.566626,0,89.508422851562500000,82.665100097656250000,,
2026-07-24T02:11:58Z,A20EF32999BAC05F,16.14,queries/Functions/09-11_geometric/point_make.sql,3,2,7.504926,2.501642,0,86.348205566406250000,79.572937011718750000,,
2026-07-24T02:12:10Z,A20EF32999BAC05F,16.14,queries/Functions/09-11_geometric/point_mul.sql,3,2,7.749473,2.583158,0,89.794616699218750000,82.868347167968750000,,
2026-07-24T02:12:19Z,A20EF32999BAC05F,16.14,queries/Functions/09-12_network/abbrev.sql,3,2,5.115736,1.705245,0,60.337036132812500000,55.700500488281250000,,
2026-07-24T02:12:23Z,A20EF32999BAC05F,16.14,queries/Functions/09-12_network/broadcast.sql,3,2,2.634235,0.878078,0,30.689086914062500000,28.230590820312500000,,
2026-07-24T02:12:28Z,A20EF32999BAC05F,16.14,queries/Functions/09-12_network/contained_by.sql,3,2,2.458963,0.819654,0,28.538146972656250000,26.178344726562500000,,
2026-07-24T02:12:32Z,A20EF32999BAC05F,16.14,queries/Functions/09-12_network/contained_by_eq.sql,3,2,2.505097,0.835032,0,28.586975097656250000,26.127136230468750000,,
2026-07-24T02:12:36Z,A20EF32999BAC05F,16.14,queries/Functions/09-12_network/contains.sql,3,2,2.510947,0.836982,0,28.615844726562500000,26.218688964843750000,,
2026-07-24T02:12:40Z,A20EF32999BAC05F,16.14,queries/Functions/09-12_network/family.sql,3,2,2.390655,0.796885,0,27.264465332031250000,24.852783203125000000,,
2026-07-24T02:12:49Z,A20EF32999BAC05F,16.14,queries/Functions/09-12_network/host.sql,3,2,5.183187,1.727729,0,61.195800781250000000,56.565246582031250000,,
2026-07-24T02:12:51Z,A20EF32999BAC05F,16.14,queries/Functions/09-12_network/hostmask.sql,3,2,1.545489,0.515163,0,17.433898925781250000,15.821350097656250000,,
2026-07-24T02:12:56Z,A20EF32999BAC05F,16.14,queries/Functions/09-12_network/inet_add.sql,3,2,2.736420,0.912140,0,31.509033203125000000,28.823547363281250000,,
2026-07-24T02:13:00Z,A20EF32999BAC05F,16.14,queries/Functions/09-12_network/inet_cast.sql,3,2,2.352277,0.784092,0,27.147949218750000000,24.974243164062500000,,
2026-07-24T02:13:04Z,A20EF32999BAC05F,16.14,queries/Functions/09-12_network/inet_sub_inet.sql,3,2,2.538678,0.846226,0,29.066406250000000000,26.598632812500000000,,
2026-07-24T02:13:08Z,A20EF32999BAC05F,16.14,queries/Functions/09-12_network/inet_sub_int.sql,3,2,2.717146,0.905715,0,31.073730468750000000,28.520202636718750000,,
2026-07-24T02:13:12Z,A20EF32999BAC05F,16.14,queries/Functions/09-12_network/macaddr_cast.sql,3,2,2.351843,0.783948,0,26.699768066406250000,24.403625488281250000,,
2026-07-24T02:13:16Z,A20EF32999BAC05F,16.14,queries/Functions/09-12_network/masklen.sql,3,2,2.386810,0.795603,0,27.034790039062500000,24.785156250000000000,,
2026-07-24T02:13:19Z,A20EF32999BAC05F,16.14,queries/Functions/09-12_network/netmask.sql,3,2,1.483458,0.494486,0,17.146972656250000000,15.615173339843750000,,
2026-07-24T02:13:23Z,A20EF32999BAC05F,16.14,queries/Functions/09-12_network/network.sql,3,2,2.714297,0.904766,0,31.184204101562500000,28.523559570312500000,,
2026-07-24T02:13:28Z,A20EF32999BAC05F,16.14,queries/Functions/09-12_network/overlaps.sql,3,2,2.765152,0.921717,0,30.832397460937500000,28.229248046875000000,,
2026-07-24T02:13:32Z,A20EF32999BAC05F,16.14,queries/Functions/09-12_network/set_masklen.sql,3,2,2.676088,0.892029,0,30.691955566406250000,28.132080078125000000,,
2026-07-24T02:14:18Z,A20EF32999BAC05F,16.14,queries/Functions/09-13_text_search/length_tsvector.sql,3,2,28.152443,9.384148,0,671.456542968750000000,645.145202636718750000,,
2026-07-24T02:15:07Z,A20EF32999BAC05F,16.14,queries/Functions/09-13_text_search/match.sql,3,2,29.329985,9.776662,0,643.528625488281250000,615.942871093750000000,,
2026-07-24T02:15:59Z,A20EF32999BAC05F,16.14,queries/Functions/09-13_text_search/numnode.sql,3,2,31.112472,10.370824,0,682.798339843750000000,653.607360839843750000,,
2026-07-24T02:16:51Z,A20EF32999BAC05F,16.14,queries/Functions/09-13_text_search/phraseto_tsquery.sql,3,2,31.258801,10.419600,0,685.930725097656250000,656.295593261718750000,,
2026-07-24T02:17:43Z,A20EF32999BAC05F,16.14,queries/Functions/09-13_text_search/plainto_tsquery.sql,3,2,31.287943,10.429314,0,686.664672851562500000,656.985961914062500000,,
2026-07-24T02:18:32Z,A20EF32999BAC05F,16.14,queries/Functions/09-13_text_search/setweight.sql,3,2,29.648352,9.882784,0,650.724060058593750000,623.124206542968750000,,
2026-07-24T02:19:22Z,A20EF32999BAC05F,16.14,queries/Functions/09-13_text_search/strip.sql,3,2,29.942359,9.980786,0,657.083618164062500000,629.246948242187500000,,
2026-07-24T02:19:25Z,A20EF32999BAC05F,16.14,queries/Functions/09-13_text_search/to_tsquery.sql,3,2,1.545746,0.515249,0,18.331848144531250000,16.730957031250000000,,
2026-07-24T02:20:13Z,A20EF32999BAC05F,16.14,queries/Functions/09-13_text_search/to_tsvector.sql,3,2,29.423386,9.807795,0,645.546875000000000000,618.092224121093750000,,
2026-07-24T02:20:48Z,A20EF32999BAC05F,16.14,queries/Functions/09-13_text_search/to_tsvector_simple.sql,3,2,20.629474,6.876491,0,452.681274414062500000,433.188842773437500000,,
2026-07-24T02:21:39Z,A20EF32999BAC05F,16.14,queries/Functions/09-13_text_search/ts_headline.sql,3,2,30.649804,10.216601,0,671.729797363281250000,643.184387207031250000,,
2026-07-24T02:22:28Z,A20EF32999BAC05F,16.14,queries/Functions/09-13_text_search/ts_rank.sql,3,2,29.584976,9.861659,0,649.261230468750000000,621.721008300781250000,,
2026-07-24T02:23:30Z,A20EF32999BAC05F,16.14,queries/Functions/09-13_text_search/websearch_to_tsquery.sql,3,2,37.319829,12.439943,0,818.949279785156250000,784.005126953125000000,,
2026-07-24T02:24:19Z,A20EF32999BAC05F,16.14,queries/Functions/09-14_uuid/gen_random_uuid.sql,3,2,29.337673,9.779224,0,330.360900878906250000,304.250488281250000000,,
2026-07-24T02:25:00Z,A20EF32999BAC05F,16.14,queries/Functions/09-14_uuid/uuid_from_md5.sql,3,2,24.610355,8.203452,0,289.519287109375000000,267.821838378906250000,,
2026-07-24T02:25:53Z,A20EF32999BAC05F,16.14,queries/Functions/09-14_uuid/uuid_to_text.sql,3,2,31.800504,10.600168,0,352.662292480468750000,325.120056152343750000,,
2026-07-24T02:27:28Z,A20EF32999BAC05F,16.14,queries/Functions/09-15_xml/xml_is_well_formed.sql,3,2,56.936739,18.978913,0,688.075683593750000000,638.680480957031250000,,
2026-07-24T02:28:04Z,A20EF32999BAC05F,16.14,queries/Functions/09-15_xml/xml_to_text.sql,3,2,21.857524,7.285841,0,263.975769042968750000,244.496520996093750000,,
2026-07-24T02:28:22Z,A20EF32999BAC05F,16.14,queries/Functions/09-15_xml/xmlcomment.sql,3,2,10.436207,3.478736,0,125.748779296875000000,116.391113281250000000,,
2026-07-24T02:29:31Z,A20EF32999BAC05F,16.14,queries/Functions/09-15_xml/xmlconcat.sql,3,2,41.682784,13.894261,0,512.034423828125000000,475.520080566406250000,,
2026-07-24T02:30:09Z,A20EF32999BAC05F,16.14,queries/Functions/09-15_xml/xmlelement.sql,3,2,22.640058,7.546686,0,275.565185546875000000,255.417297363281250000,,
2026-07-24T02:30:51Z,A20EF32999BAC05F,16.14,queries/Functions/09-15_xml/xmlelement_attrs.sql,3,2,25.465395,8.488465,0,309.528076171875000000,286.883361816406250000,,
2026-07-24T02:31:14Z,A20EF32999BAC05F,16.14,queries/Functions/09-15_xml/xmlforest.sql,3,2,13.534406,4.511469,0,163.442138671875000000,151.403686523437500000,,
2026-07-24T02:31:23Z,A20EF32999BAC05F,16.14,queries/Functions/09-15_xml/xmlpi.sql,3,2,5.821016,1.940339,0,69.664062500000000000,64.168762207031250000,,
2026-07-24T02:35:33Z,A20EF32999BAC05F,16.14,queries/Functions/09-15_xml/xpath.sql,3,2,149.622614,49.874205,0,1728.246582031250000000,1599.869628906250000000,,
2026-07-24T02:36:11Z,A20EF32999BAC05F,16.14,queries/Functions/09-16_json/arrow_object.sql,3,2,22.679641,7.559880,0,276.611022949218750000,256.511352539062500000,,
2026-07-24T02:36:46Z,A20EF32999BAC05F,16.14,queries/Functions/09-16_json/arrow_text.sql,3,2,21.296367,7.098789,0,261.046386718750000000,242.141601562500000000,,
2026-07-24T02:37:24Z,A20EF32999BAC05F,16.14,queries/Functions/09-16_json/contains.sql,3,2,22.695036,7.565012,0,275.952819824218750000,255.744873046875000000,,
2026-07-24T02:37:45Z,A20EF32999BAC05F,16.14,queries/Functions/09-16_json/json_build_array.sql,3,2,12.614499,4.204833,0,148.198791503906250000,136.958801269531250000,,
2026-07-24T02:38:17Z,A20EF32999BAC05F,16.14,queries/Functions/09-16_json/json_build_object.sql,3,2,18.967862,6.322621,0,226.774902343750000000,210.022949218750000000,,
2026-07-24T02:38:39Z,A20EF32999BAC05F,16.14,queries/Functions/09-16_json/jsonb_array_length.sql,3,2,13.303401,4.434467,0,159.732971191406250000,147.872802734375000000,,
2026-07-24T02:39:01Z,A20EF32999BAC05F,16.14,queries/Functions/09-16_json/jsonb_build_array.sql,3,2,13.205270,4.401757,0,158.049560546875000000,146.189086914062500000,,
2026-07-24T02:39:35Z,A20EF32999BAC05F,16.14,queries/Functions/09-16_json/jsonb_build_object.sql,3,2,20.655774,6.885258,0,251.573303222656250000,233.234313964843750000,,
2026-07-24T02:40:05Z,A20EF32999BAC05F,16.14,queries/Functions/09-16_json/jsonb_insert.sql,3,2,17.844021,5.948007,0,218.714294433593750000,203.052062988281250000,,
2026-07-24T02:41:22Z,A20EF32999BAC05F,16.14,queries/Functions/09-16_json/jsonb_object_keys_arr.sql,3,2,46.161236,15.387079,0,568.850769042968750000,528.479187011718750000,,
2026-07-24T02:41:43Z,A20EF32999BAC05F,16.14,queries/Functions/09-16_json/jsonb_path_exists.sql,3,2,12.578282,4.192761,0,153.362060546875000000,142.267517089843750000,,
2026-07-24T02:42:07Z,A20EF32999BAC05F,16.14,queries/Functions/09-16_json/jsonb_path_query.sql,3,2,14.142162,4.714054,0,172.493286132812500000,159.943481445312500000,,
2026-07-24T02:42:30Z,A20EF32999BAC05F,16.14,queries/Functions/09-16_json/jsonb_path_query_array.sql,3,2,14.086984,4.695661,0,172.197021484375000000,159.783996582031250000,,
2026-07-24T02:43:16Z,A20EF32999BAC05F,16.14,queries/Functions/09-16_json/jsonb_pretty.sql,3,2,27.407207,9.135736,0,333.750183105468750000,309.427917480468750000,,
2026-07-24T02:44:00Z,A20EF32999BAC05F,16.14,queries/Functions/09-16_json/jsonb_set.sql,3,2,26.671868,8.890623,0,326.555786132812500000,303.056640625000000000,,
2026-07-24T02:44:42Z,A20EF32999BAC05F,16.14,queries/Functions/09-16_json/jsonb_strip_nulls.sql,3,2,24.923660,8.307887,0,305.907531738281250000,283.795837402343750000,,
2026-07-24T02:45:27Z,A20EF32999BAC05F,16.14,queries/Functions/09-16_json/jsonb_to_text.sql,3,2,27.184363,9.061454,0,332.559204101562500000,308.488525390625000000,,
2026-07-24T02:45:43Z,A20EF32999BAC05F,16.14,queries/Functions/09-16_json/jsonb_typeof.sql,3,2,9.391338,3.130446,0,112.238952636718750000,103.538146972656250000,,
2026-07-24T02:46:07Z,A20EF32999BAC05F,16.14,queries/Functions/09-16_json/jsonpath_exists_op.sql,3,2,14.550203,4.850068,0,177.652160644531250000,164.779479980468750000,,
2026-07-24T02:46:31Z,A20EF32999BAC05F,16.14,queries/Functions/09-16_json/jsonpath_match_op.sql,3,2,14.279566,4.759855,0,174.624450683593750000,161.944396972656250000,,
2026-07-24T02:47:06Z,A20EF32999BAC05F,16.14,queries/Functions/09-16_json/key_exists.sql,3,2,21.287242,7.095747,0,260.180114746093750000,241.146301269531250000,,
2026-07-24T02:47:46Z,A20EF32999BAC05F,16.14,queries/Functions/09-16_json/path_extract.sql,3,2,23.759705,7.919902,0,291.426635742187500000,270.267639160156250000,,
2026-07-24T02:48:24Z,A20EF32999BAC05F,16.14,queries/Functions/09-16_json/path_extract_text.sql,3,2,22.662335,7.554112,0,276.747985839843750000,256.686584472656250000,,
2026-07-24T02:48:45Z,A20EF32999BAC05F,16.14,queries/Functions/09-16_json/row_to_json.sql,3,2,12.792082,4.264027,0,151.120727539062500000,139.591369628906250000,,
2026-07-24T02:49:00Z,A20EF32999BAC05F,16.14,queries/Functions/09-16_json/to_json.sql,3,2,8.948497,2.982832,0,103.702697753906250000,95.509277343750000000,,
2026-07-24T02:49:14Z,A20EF32999BAC05F,16.14,queries/Functions/09-16_json/to_jsonb.sql,3,2,8.114876,2.704959,0,96.783386230468750000,89.486511230468750000,,
2026-07-24T02:49:20Z,A20EF32999BAC05F,16.14,queries/Functions/09-18_conditional/case_searched.sql,3,2,3.756544,1.252181,0,42.765869140625000000,39.246826171875000000,,
2026-07-24T02:49:26Z,A20EF32999BAC05F,16.14,queries/Functions/09-18_conditional/case_simple.sql,3,2,3.497946,1.165982,0,39.897338867187500000,36.475036621093750000,,
2026-07-24T02:49:32Z,A20EF32999BAC05F,16.14,queries/Functions/09-18_conditional/coalesce.sql,3,2,3.473373,1.157791,0,39.332580566406250000,35.942871093750000000,,
2026-07-24T02:49:37Z,A20EF32999BAC05F,16.14,queries/Functions/09-18_conditional/nullif.sql,3,2,3.079679,1.026560,0,36.138244628906250000,33.083740234375000000,,
2026-07-24T02:49:46Z,A20EF32999BAC05F,16.14,queries/Functions/09-19_array/array_append.sql,3,2,5.716004,1.905335,0,67.434204101562500000,62.110412597656250000,,
2026-07-24T02:49:55Z,A20EF32999BAC05F,16.14,queries/Functions/09-19_array/array_cat.sql,3,2,5.096585,1.698862,0,58.910583496093750000,54.250610351562500000,,
2026-07-24T02:50:03Z,A20EF32999BAC05F,16.14,queries/Functions/09-19_array/array_concat_op.sql,3,2,5.117034,1.705678,0,59.570861816406250000,54.861145019531250000,,
2026-07-24T02:50:09Z,A20EF32999BAC05F,16.14,queries/Functions/09-19_array/array_construct.sql,3,2,3.487998,1.162666,0,39.128967285156250000,35.677307128906250000,,
2026-07-24T02:50:18Z,A20EF32999BAC05F,16.14,queries/Functions/09-19_array/array_contains.sql,3,2,5.352029,1.784010,0,93.502685546875000000,86.171142578125000000,,
2026-07-24T02:50:27Z,A20EF32999BAC05F,16.14,queries/Functions/09-19_array/array_dims.sql,3,2,5.336415,1.778805,0,64.228210449218750000,58.864074707031250000,,
2026-07-24T02:50:33Z,A20EF32999BAC05F,16.14,queries/Functions/09-19_array/array_length.sql,3,2,3.515670,1.171890,0,39.948425292968750000,36.553100585937500000,,
2026-07-24T02:50:39Z,A20EF32999BAC05F,16.14,queries/Functions/09-19_array/array_ndims.sql,3,2,3.505340,1.168447,0,39.895324707031250000,36.371582031250000000,,
2026-07-24T02:50:47Z,A20EF32999BAC05F,16.14,queries/Functions/09-19_array/array_overlap.sql,3,2,5.218744,1.739581,0,61.284851074218750000,56.209533691406250000,,
2026-07-24T02:50:55Z,A20EF32999BAC05F,16.14,queries/Functions/09-19_array/array_position.sql,3,2,4.521072,1.507024,0,52.117980957031250000,47.578063964843750000,,
2026-07-24T02:51:05Z,A20EF32999BAC05F,16.14,queries/Functions/09-19_array/array_positions.sql,3,2,6.209387,2.069796,0,72.425842285156250000,66.686340332031250000,,
2026-07-24T02:51:15Z,A20EF32999BAC05F,16.14,queries/Functions/09-19_array/array_prepend.sql,3,2,5.844407,1.948136,0,68.672119140625000000,63.114440917968750000,,
2026-07-24T02:51:23Z,A20EF32999BAC05F,16.14,queries/Functions/09-19_array/array_remove.sql,3,2,4.858255,1.619418,0,56.621093750000000000,51.914367675781250000,,
2026-07-24T02:51:32Z,A20EF32999BAC05F,16.14,queries/Functions/09-19_array/array_replace.sql,3,2,5.091685,1.697228,0,58.838073730468750000,54.109924316406250000,,
2026-07-24T02:51:40Z,A20EF32999BAC05F,16.14,queries/Functions/09-19_array/array_slice.sql,3,2,5.048567,1.682856,0,57.450683593750000000,52.782104492187500000,,
2026-07-24T02:51:46Z,A20EF32999BAC05F,16.14,queries/Functions/09-19_array/array_subscript.sql,3,2,3.806399,1.268800,0,43.146118164062500000,39.538696289062500000,,
2026-07-24T02:51:56Z,A20EF32999BAC05F,16.14,queries/Functions/09-19_array/array_to_string.sql,3,2,5.877146,1.959049,0,68.337280273437500000,62.770324707031250000,,
2026-07-24T02:52:02Z,A20EF32999BAC05F,16.14,queries/Functions/09-19_array/array_upper.sql,3,2,3.470873,1.156958,0,39.739501953125000000,36.324096679687500000,,
2026-07-24T02:52:08Z,A20EF32999BAC05F,16.14,queries/Functions/09-19_array/cardinality.sql,3,2,3.544187,1.181396,0,40.096191406250000000,36.625854492187500000,,
2026-07-24T02:52:27Z,A20EF32999BAC05F,16.14,queries/Functions/09-19_array/string_to_array.sql,3,2,11.476587,3.825529,0,134.088562011718750000,123.684448242187500000,,
2026-07-24T02:52:36Z,A20EF32999BAC05F,16.14,queries/Functions/09-19_array/trim_array.sql,3,2,5.119912,1.706637,0,59.392395019531250000,54.717590332031250000,,
2026-07-24T02:52:49Z,A20EF32999BAC05F,16.14,queries/Functions/09-20_range/adjacent.sql,3,2,7.803372,2.601124,0,92.988403320312500000,85.740112304687500000,,
2026-07-24T02:52:59Z,A20EF32999BAC05F,16.14,queries/Functions/09-20_range/contained_by.sql,3,2,6.454202,2.151401,0,76.222045898437500000,70.274414062500000000,,
2026-07-24T02:53:10Z,A20EF32999BAC05F,16.14,queries/Functions/09-20_range/contains_elem.sql,3,2,6.229663,2.076554,0,73.501586914062500000,67.673217773437500000,,
2026-07-24T02:53:20Z,A20EF32999BAC05F,16.14,queries/Functions/09-20_range/contains_range.sql,3,2,6.445501,2.148500,0,76.245605468750000000,70.233764648437500000,,
2026-07-24T02:53:30Z,A20EF32999BAC05F,16.14,queries/Functions/09-20_range/daterange_make.sql,3,2,5.838050,1.946017,0,68.511657714843750000,62.896850585937500000,,
2026-07-24T02:53:44Z,A20EF32999BAC05F,16.14,queries/Functions/09-20_range/intersect.sql,3,2,8.284325,2.761442,0,99.029846191406250000,91.395263671875000000,,
2026-07-24T02:53:54Z,A20EF32999BAC05F,16.14,queries/Functions/09-20_range/isempty.sql,3,2,5.852133,1.950711,0,68.698547363281250000,63.206542968750000000,,
2026-07-24T02:54:04Z,A20EF32999BAC05F,16.14,queries/Functions/09-20_range/lower.sql,3,2,6.029407,2.009802,0,70.927978515625000000,65.203857421875000000,,
2026-07-24T02:54:15Z,A20EF32999BAC05F,16.14,queries/Functions/09-20_range/multirange.sql,3,2,6.596177,2.198726,0,77.582458496093750000,71.454956054687500000,,
2026-07-24T02:54:26Z,A20EF32999BAC05F,16.14,queries/Functions/09-20_range/overlaps.sql,3,2,6.599638,2.199879,0,77.916259765625000000,71.776184082031250000,,
2026-07-24T02:54:36Z,A20EF32999BAC05F,16.14,queries/Functions/09-20_range/strictly_left.sql,3,2,6.287738,2.095913,0,74.197875976562500000,68.264465332031250000,,
2026-07-24T02:54:47Z,A20EF32999BAC05F,16.14,queries/Functions/09-20_range/strictly_right.sql,3,2,6.207950,2.069317,0,74.127014160156250000,68.418884277343750000,,
2026-07-24T02:55:04Z,A20EF32999BAC05F,16.14,queries/Functions/09-20_range/union.sql,3,2,10.577496,3.525832,0,127.890197753906250000,118.324951171875000000,,
2026-07-24T02:55:14Z,A20EF32999BAC05F,16.14,queries/Functions/09-20_range/upper.sql,3,2,6.018165,2.006055,0,70.718444824218750000,65.126953125000000000,,
2026-07-24T02:55:24Z,A20EF32999BAC05F,16.14,queries/Functions/09-21_aggregate/array_agg.sql,3,2,5.706311,1.902104,0,67.299255371093750000,61.617553710937500000,,
2026-07-24T02:55:41Z,A20EF32999BAC05F,16.14,queries/Functions/09-21_aggregate/array_agg_orderby.sql,3,2,10.177797,3.392599,0,120.211242675781250000,110.603271484375000000,,
2026-07-24T02:55:43Z,A20EF32999BAC05F,16.14,queries/Functions/09-21_aggregate/avg.sql,3,2,1.512611,0.504204,0,33.524414062500000000,31.889648437500000000,,
2026-07-24T02:55:45Z,A20EF32999BAC05F,16.14,queries/Functions/09-21_aggregate/bit_and.sql,3,2,1.058509,0.352836,0,22.740783691406250000,21.448608398437500000,,
2026-07-24T02:55:47Z,A20EF32999BAC05F,16.14,queries/Functions/09-21_aggregate/bit_or.sql,3,2,1.060191,0.353397,0,22.562438964843750000,21.337097167968750000,,
2026-07-24T02:55:49Z,A20EF32999BAC05F,16.14,queries/Functions/09-21_aggregate/bool_and.sql,3,2,1.399417,0.466472,0,30.144958496093750000,28.548889160156250000,,
2026-07-24T02:55:52Z,A20EF32999BAC05F,16.14,queries/Functions/09-21_aggregate/bool_or.sql,3,2,1.379957,0.459986,0,30.354614257812500000,28.713500976562500000,,
2026-07-24T02:55:57Z,A20EF32999BAC05F,16.14,queries/Functions/09-21_aggregate/corr.sql,3,2,3.114145,1.038048,0,80.240112304687500000,77.048522949218750000,,
2026-07-24T02:55:59Z,A20EF32999BAC05F,16.14,queries/Functions/09-21_aggregate/count_col.sql,3,2,1.500563,0.500188,0,34.004455566406250000,32.258056640625000000,,
2026-07-24T02:56:02Z,A20EF32999BAC05F,16.14,queries/Functions/09-21_aggregate/count_distinct.sql,3,2,1.756019,0.585340,0,20.524902343750000000,18.683654785156250000,,
2026-07-24T02:56:05Z,A20EF32999BAC05F,16.14,queries/Functions/09-21_aggregate/count_filter.sql,3,2,1.496858,0.498953,0,33.331848144531250000,31.651245117187500000,,
2026-07-24T02:56:06Z,A20EF32999BAC05F,16.14,queries/Functions/09-21_aggregate/count_star.sql,3,2,0.834266,0.278089,0,16.989501953125000000,15.971496582031250000,,
2026-07-24T02:56:26Z,A20EF32999BAC05F,16.14,queries/Functions/09-21_aggregate/cume_dist_hypothetical.sql,3,2,12.177913,4.059304,0,145.742858886718750000,134.182800292968750000,,
2026-07-24T02:56:48Z,A20EF32999BAC05F,16.14,queries/Functions/09-21_aggregate/dense_rank_hypothetical.sql,3,2,12.891535,4.297178,0,152.249633789062500000,140.332092285156250000,,
2026-07-24T02:56:51Z,A20EF32999BAC05F,16.14,queries/Functions/09-21_aggregate/group_by.sql,3,2,1.728452,0.576151,0,40.185241699218750000,38.270568847656250000,,
2026-07-24T02:57:02Z,A20EF32999BAC05F,16.14,queries/Functions/09-21_aggregate/json_agg.sql,3,2,6.651601,2.217200,0,80.261962890625000000,73.799011230468750000,,
2026-07-24T02:57:21Z,A20EF32999BAC05F,16.14,queries/Functions/09-21_aggregate/jsonb_agg.sql,3,2,11.190928,3.730309,0,136.332885742187500000,125.722351074218750000,,
2026-07-24T02:57:23Z,A20EF32999BAC05F,16.14,queries/Functions/09-21_aggregate/max.sql,3,2,1.362335,0.454112,0,28.725402832031250000,27.188659667968750000,,
2026-07-24T02:57:25Z,A20EF32999BAC05F,16.14,queries/Functions/09-21_aggregate/min.sql,3,2,1.287971,0.429324,0,29.064392089843750000,27.641784667968750000,,
2026-07-24T02:57:37Z,A20EF32999BAC05F,16.14,queries/Functions/09-21_aggregate/mode.sql,3,2,7.152915,2.384305,0,84.613830566406250000,77.880798339843750000,,
2026-07-24T02:57:57Z,A20EF32999BAC05F,16.14,queries/Functions/09-21_aggregate/percent_rank_hypothetical.sql,3,2,12.106240,4.035413,0,143.716430664062500000,132.513061523437500000,,
2026-07-24T02:58:10Z,A20EF32999BAC05F,16.14,queries/Functions/09-21_aggregate/percentile_cont.sql,3,2,7.366805,2.455602,0,85.136169433593750000,78.122924804687500000,,
2026-07-24T02:58:22Z,A20EF32999BAC05F,16.14,queries/Functions/09-21_aggregate/percentile_cont_array.sql,3,2,7.703343,2.567781,0,89.032897949218750000,81.955566406250000000,,
2026-07-24T02:58:36Z,A20EF32999BAC05F,16.14,queries/Functions/09-21_aggregate/percentile_disc.sql,3,2,8.143842,2.714614,0,94.840820312500000000,87.175537109375000000,,
2026-07-24T02:58:56Z,A20EF32999BAC05F,16.14,queries/Functions/09-21_aggregate/rank_hypothetical.sql,3,2,12.203621,4.067874,0,141.442993164062500000,130.027404785156250000,,
2026-07-24T02:59:01Z,A20EF32999BAC05F,16.14,queries/Functions/09-21_aggregate/regr_slope.sql,3,2,3.104685,1.034895,0,78.635559082031250000,75.634094238281250000,,
2026-07-24T02:59:04Z,A20EF32999BAC05F,16.14,queries/Functions/09-21_aggregate/stddev.sql,3,2,1.604367,0.534789,0,42.332580566406250000,40.564270019531250000,,
2026-07-24T02:59:07Z,A20EF32999BAC05F,16.14,queries/Functions/09-21_aggregate/stddev_pop.sql,3,2,1.756019,0.585340,0,41.297851562500000000,39.378967285156250000,,
2026-07-24T02:59:20Z,A20EF32999BAC05F,16.14,queries/Functions/09-21_aggregate/string_agg.sql,3,2,7.686952,2.562317,0,92.321289062500000000,84.773254394531250000,,
2026-07-24T02:59:22Z,A20EF32999BAC05F,16.14,queries/Functions/09-21_aggregate/sum.sql,3,2,1.392477,0.464159,0,30.241455078125000000,28.657104492187500000,,
2026-07-24T02:59:24Z,A20EF32999BAC05F,16.14,queries/Functions/09-21_aggregate/sum_filter.sql,3,2,1.464577,0.488192,0,32.193542480468750000,30.543823242187500000,,
2026-07-24T02:59:28Z,A20EF32999BAC05F,16.14,queries/Functions/09-21_aggregate/sum_float8.sql,3,2,1.929680,0.643227,0,44.991149902343750000,42.873962402343750000,,
2026-07-24T02:59:30Z,A20EF32999BAC05F,16.14,queries/Functions/09-21_aggregate/var_pop.sql,3,2,1.802709,0.600903,0,42.478210449218750000,40.510803222656250000,,
2026-07-24T02:59:33Z,A20EF32999BAC05F,16.14,queries/Functions/09-21_aggregate/variance.sql,3,2,1.809443,0.603148,0,42.083618164062500000,40.066162109375000000,,
2026-07-24T02:59:56Z,A20EF32999BAC05F,16.14,queries/Functions/09-22_window/avg_over.sql,3,2,13.650905,4.550302,0,164.559509277343750000,151.530517578125000000,,
2026-07-24T03:00:16Z,A20EF32999BAC05F,16.14,queries/Functions/09-22_window/count_over.sql,3,2,11.932065,3.977355,0,142.701049804687500000,131.681701660156250000,,
2026-07-24T03:01:55Z,A20EF32999BAC05F,16.14,queries/Functions/09-22_window/cume_dist.sql,3,2,59.174185,19.724728,0,624.100524902343750000,572.671264648437500000,,
2026-07-24T03:02:15Z,A20EF32999BAC05F,16.14,queries/Functions/09-22_window/dense_rank.sql,3,2,11.965968,3.988656,0,136.868041992187500000,125.991394042968750000,,
2026-07-24T03:04:51Z,A20EF32999BAC05F,16.14,queries/Functions/09-22_window/first_value.sql,3,2,93.576860,31.192287,0,970.664672851562500000,888.931152343750000000,,
2026-07-24T03:05:12Z,A20EF32999BAC05F,16.14,queries/Functions/09-22_window/first_value_part_1500k.sql,3,2,12.850610,4.283537,0,153.292663574218750000,141.518005371093750000,,
2026-07-24T03:05:39Z,A20EF32999BAC05F,16.14,queries/Functions/09-22_window/first_value_part_200k.sql,3,2,15.934617,5.311539,0,189.925415039062500000,175.530334472656250000,,
2026-07-24T03:08:23Z,A20EF32999BAC05F,16.14,queries/Functions/09-22_window/first_value_part_3.sql,3,2,98.158788,32.719596,0,1026.594848632812500000,941.453308105468750000,,
2026-07-24T03:09:22Z,A20EF32999BAC05F,16.14,queries/Functions/09-22_window/frame_exclude_current.sql,3,2,35.499048,11.833016,0,423.928039550781250000,392.612792968750000000,,
2026-07-24T03:09:54Z,A20EF32999BAC05F,16.14,queries/Functions/09-22_window/frame_groups.sql,3,2,19.482047,6.494016,0,237.915710449218750000,220.339965820312500000,,
2026-07-24T03:10:23Z,A20EF32999BAC05F,16.14,queries/Functions/09-22_window/frame_rows_centered.sql,3,2,17.181225,5.727075,0,206.052490234375000000,190.524475097656250000,,
2026-07-24T03:12:05Z,A20EF32999BAC05F,16.14,queries/Functions/09-22_window/frame_rows_following.sql,3,2,61.312708,20.437569,0,649.098083496093750000,595.640075683593750000,,
2026-07-24T03:12:30Z,A20EF32999BAC05F,16.14,queries/Functions/09-22_window/frame_rows_running.sql,3,2,14.660000,4.886667,0,173.471496582031250000,160.120788574218750000,,
2026-07-24T03:12:50Z,A20EF32999BAC05F,16.14,queries/Functions/09-22_window/lag.sql,3,2,12.310895,4.103632,0,146.517150878906250000,135.035095214843750000,,
2026-07-24T03:13:12Z,A20EF32999BAC05F,16.14,queries/Functions/09-22_window/last_value.sql,3,2,12.910143,4.303381,0,153.769958496093750000,141.814514160156250000,,
2026-07-24T03:13:33Z,A20EF32999BAC05F,16.14,queries/Functions/09-22_window/last_value_part_1500k.sql,3,2,12.991397,4.330466,0,156.301879882812500000,144.301330566406250000,,
2026-07-24T03:13:54Z,A20EF32999BAC05F,16.14,queries/Functions/09-22_window/lead.sql,3,2,12.388639,4.129546,0,146.942382812500000000,135.342590332031250000,,
2026-07-24T03:16:30Z,A20EF32999BAC05F,16.14,queries/Functions/09-22_window/nth_value.sql,3,2,93.548006,31.182669,0,966.719299316406250000,885.981140136718750000,,
2026-07-24T03:16:47Z,A20EF32999BAC05F,16.14,queries/Functions/09-22_window/ntile.sql,3,2,10.063546,3.354515,0,117.152221679687500000,107.802307128906250000,,
2026-07-24T03:17:15Z,A20EF32999BAC05F,16.14,queries/Functions/09-22_window/partition_by.sql,3,2,16.953768,5.651256,0,196.546691894531250000,181.141174316406250000,,
2026-07-24T03:17:40Z,A20EF32999BAC05F,16.14,queries/Functions/09-22_window/percent_rank.sql,3,2,15.260533,5.086844,0,181.764831542968750000,167.943908691406250000,,
2026-07-24T03:18:00Z,A20EF32999BAC05F,16.14,queries/Functions/09-22_window/rank.sql,3,2,11.946253,3.982084,0,137.472167968750000000,126.407714843750000000,,
2026-07-24T03:18:17Z,A20EF32999BAC05F,16.14,queries/Functions/09-22_window/row_number.sql,3,2,10.019695,3.339898,0,113.966064453125000000,104.764404296875000000,,
2026-07-24T03:18:35Z,A20EF32999BAC05F,16.14,queries/Functions/09-22_window/row_number_part_1500k.sql,3,2,10.537269,3.512423,0,125.156982421875000000,115.327148437500000000,,
2026-07-24T03:18:57Z,A20EF32999BAC05F,16.14,queries/Functions/09-22_window/sum_over.sql,3,2,13.567887,4.522629,0,161.775390625000000000,149.382446289062500000,,
2026-07-24T03:19:02Z,A20EF32999BAC05F,16.14,queries/Functions/09-24_subquery/any_subquery.sql,3,2,3.107051,1.035684,0,35.031860351562500000,32.033752441406250000,,
2026-07-24T03:19:13Z,A20EF32999BAC05F,16.14,queries/Functions/09-24_subquery/exists.sql,3,2,6.147874,2.049291,0,72.446166992187500000,66.692932128906250000,,
2026-07-24T03:19:18Z,A20EF32999BAC05F,16.14,queries/Functions/09-24_subquery/in_subquery.sql,3,2,3.134284,1.044761,0,35.359802246093750000,32.336975097656250000,,
2026-07-24T03:19:22Z,A20EF32999BAC05F,16.14,queries/Functions/09-24_subquery/not_exists.sql,3,2,2.393195,0.797732,0,57.050292968750000000,54.352905273437500000,,
2026-07-24T03:19:28Z,A20EF32999BAC05F,16.14,queries/Functions/09-24_subquery/not_in_subquery.sql,3,2,3.586041,1.195347,0,42.082092285156250000,38.573913574218750000,,
2026-07-24T03:19:31Z,A20EF32999BAC05F,16.14,queries/Functions/09-24_subquery/scalar_subquery.sql,3,2,1.667726,0.555909,0,20.820251464843750000,19.034729003906250000,,
2026-07-24T03:19:35Z,A20EF32999BAC05F,16.14,queries/Functions/09-25_row_comparison/all_array.sql,3,2,2.857828,0.952609,0,32.734619140625000000,29.772827148437500000,,
2026-07-24T03:19:40Z,A20EF32999BAC05F,16.14,queries/Functions/09-25_row_comparison/any_array.sql,3,2,2.825413,0.941804,0,32.300170898437500000,29.389282226562500000,,
2026-07-24T03:19:45Z,A20EF32999BAC05F,16.14,queries/Functions/09-25_row_comparison/in_list.sql,3,2,2.824323,0.941441,0,32.297058105468750000,29.450927734375000000,,
2026-07-24T03:19:50Z,A20EF32999BAC05F,16.14,queries/Functions/09-25_row_comparison/not_in_list.sql,3,2,2.804906,0.934969,0,32.253784179687500000,29.571044921875000000,,
2026-07-24T03:19:55Z,A20EF32999BAC05F,16.14,queries/Functions/09-25_row_comparison/row_eq.sql,3,2,3.244215,1.081405,0,37.660400390625000000,34.636840820312500000,,
2026-07-24T03:20:01Z,A20EF32999BAC05F,16.14,queries/Functions/09-25_row_comparison/row_in.sql,3,2,3.767060,1.255687,0,43.778015136718750000,40.216918945312500000,,
2026-07-24T03:20:07Z,A20EF32999BAC05F,16.14,queries/Functions/09-25_row_comparison/row_is_distinct.sql,3,2,3.364018,1.121339,0,38.784790039062500000,35.450012207031250000,,
2026-07-24T03:20:11Z,A20EF32999BAC05F,16.14,queries/Functions/09-25_row_comparison/row_lt.sql,3,2,2.397261,0.799087,0,26.770629882812500000,24.363098144531250000,,
2026-07-24T03:20:16Z,A20EF32999BAC05F,16.14,queries/Functions/09-25_row_comparison/row_ne.sql,3,2,3.297325,1.099108,0,38.030761718750000000,34.833740234375000000,,
2026-07-24T03:20:24Z,A20EF32999BAC05F,16.14,queries/Functions/09-26_set_returning/generate_series_int.sql,3,2,4.729269,1.576423,0,131.619323730468750000,126.814941406250000000,,
2026-07-24T03:20:32Z,A20EF32999BAC05F,16.14,queries/Functions/09-26_set_returning/generate_subscripts.sql,3,2,4.375113,1.458371,0,111.698120117187500000,107.305114746093750000,,
2026-07-24T03:20:51Z,A20EF32999BAC05F,16.14,queries/Functions/09-26_set_returning/jsonb_array_elements.sql,3,2,11.571756,3.857252,0,269.927734375000000000,258.818664550781250000,,
2026-07-24T03:21:11Z,A20EF32999BAC05F,16.14,queries/Functions/09-26_set_returning/jsonb_object_keys.sql,3,2,12.018548,4.006183,0,271.521240234375000000,260.047546386718750000,,
2026-07-24T03:21:47Z,A20EF32999BAC05F,16.14,queries/Functions/09-26_set_returning/regexp_split_to_table.sql,3,2,22.080073,7.360024,0,484.439636230468750000,463.616394042968750000,,
2026-07-24T03:22:06Z,A20EF32999BAC05F,16.14,queries/Functions/09-26_set_returning/string_to_table.sql,3,2,11.187526,3.729175,0,245.483642578125000000,234.690185546875000000,,
2026-07-24T03:22:35Z,A20EF32999BAC05F,16.14,queries/Functions/09-26_set_returning/unnest.sql,3,2,17.442194,5.814065,0,216.084716796875000000,200.082336425781250000,,
2026-07-24T03:22:40Z,A20EF32999BAC05F,16.14,queries/Functions/09-27_system_info/current_database.sql,3,2,2.680375,0.893458,0,31.723388671875000000,29.078308105468750000,,
2026-07-24T03:22:45Z,A20EF32999BAC05F,16.14,queries/Functions/09-27_system_info/current_setting.sql,3,2,3.464798,1.154933,0,41.214355468750000000,37.868652343750000000,,
2026-07-24T03:22:50Z,A20EF32999BAC05F,16.14,queries/Functions/09-27_system_info/current_user.sql,3,2,2.941729,0.980576,0,34.685729980468750000,31.890869140625000000,,
2026-07-24T03:22:53Z,A20EF32999BAC05F,16.14,queries/Functions/09-27_system_info/pg_backend_pid.sql,3,2,1.541299,0.513766,0,17.697082519531250000,16.104492187500000000,,
2026-07-24T03:22:59Z,A20EF32999BAC05F,16.14,queries/Functions/09-27_system_info/pg_column_size.sql,3,2,3.532683,1.177561,0,40.678710937500000000,37.288330078125000000,,
2026-07-24T03:23:01Z,A20EF32999BAC05F,16.14,queries/Functions/09-27_system_info/pg_column_size_int.sql,3,2,1.656406,0.552135,0,18.527893066406250000,16.812988281250000000,,
2026-07-24T03:23:06Z,A20EF32999BAC05F,16.14,queries/Functions/09-27_system_info/pg_typeof.sql,3,2,2.487746,0.829249,0,28.350463867187500000,25.896240234375000000,,
2026-07-24T03:23:09Z,A20EF32999BAC05F,16.14,queries/Functions/09-27_system_info/version.sql,3,2,1.976623,0.658874,0,22.833312988281250000,20.899902343750000000,,
2026-07-24T03:23:09Z,FDB848351391CE1A,18.4,queries/Core/00_baseline/no_table.sql,3,2,0.199989,0.066663,0,1.476928710937500000,1.198303222656250000,,
2026-07-24T03:23:10Z,FDB848351391CE1A,18.4,queries/Core/00_baseline/scan_customer.sql,3,2,0.178375,0.059458,0,1.817504882812500000,1.606811523437500000,,
2026-07-24T03:23:12Z,FDB848351391CE1A,18.4,queries/Core/00_baseline/scan_lineitem.sql,3,2,1.579347,0.526449,0,23.171875000000000000,21.433959960937500000,,
2026-07-24T03:23:12Z,FDB848351391CE1A,18.4,queries/Core/00_baseline/scan_nation.sql,3,2,0.117163,0.039054,0,1.470642089843750000,1.300903320312500000,,
2026-07-24T03:23:13Z,FDB848351391CE1A,18.4,queries/Core/00_baseline/scan_orders.sql,3,2,0.618506,0.206169,0,6.683349609375000000,5.938964843750000000,,
2026-07-24T03:23:14Z,FDB848351391CE1A,18.4,queries/Core/00_baseline/scan_part.sql,3,2,0.161701,0.053900,0,2.209716796875000000,1.998657226562500000,,
2026-07-24T03:23:14Z,FDB848351391CE1A,18.4,queries/Core/00_baseline/scan_partsupp.sql,3,2,0.295604,0.098535,0,4.581176757812500000,4.232177734375000000,,
2026-07-24T03:23:14Z,FDB848351391CE1A,18.4,queries/Core/00_baseline/scan_region.sql,3,2,0.116995,0.038998,0,1.451599121093750000,1.284667968750000000,,
2026-07-24T03:23:15Z,FDB848351391CE1A,18.4,queries/Core/00_baseline/scan_supplier.sql,3,2,0.120250,0.040083,0,1.511474609375000000,1.329772949218750000,,
2026-07-24T03:23:16Z,FDB848351391CE1A,18.4,queries/Core/01_scan_access/bitmap_scan.sql,3,2,0.596169,0.198723,0,5.473815917968750000,4.706481933593750000,,
2026-07-24T03:23:16Z,FDB848351391CE1A,18.4,queries/Core/01_scan_access/index_only_scan.sql,3,2,0.227532,0.075844,0,2.800964355468750000,2.531005859375000000,,
2026-07-24T03:23:16Z,FDB848351391CE1A,18.4,queries/Core/01_scan_access/index_point_lookup.sql,3,2,0.121401,0.040467,0,1.556030273437500000,1.375244140625000000,,
2026-07-24T03:23:17Z,FDB848351391CE1A,18.4,queries/Core/01_scan_access/index_scan.sql,3,2,0.576721,0.192240,0,4.755187988281250000,4.024597167968750000,,
2026-07-24T03:23:19Z,FDB848351391CE1A,18.4,queries/Core/01_scan_access/seq_scan.sql,3,2,1.386338,0.462113,0,20.627136230468750000,19.094055175781250000,,
2026-07-24T03:23:22Z,FDB848351391CE1A,18.4,queries/Core/01_scan_access/tablesample_bernoulli.sql,3,2,1.436373,0.478791,0,14.536193847656250000,12.992004394531250000,,
2026-07-24T03:23:22Z,FDB848351391CE1A,18.4,queries/Core/01_scan_access/tablesample_system.sql,3,2,0.149370,0.049790,0,1.913757324218750000,1.705566406250000000,,
2026-07-24T03:23:24Z,FDB848351391CE1A,18.4,queries/Core/02_filter_projection/filter_2pct.sql,3,2,1.332833,0.444278,0,27.767028808593750000,26.249816894531250000,,
2026-07-24T03:23:29Z,FDB848351391CE1A,18.4,queries/Core/02_filter_projection/filter_all.sql,3,2,2.664809,0.888270,0,36.821594238281250000,34.173645019531250000,,
2026-07-24T03:23:33Z,FDB848351391CE1A,18.4,queries/Core/02_filter_projection/filter_half.sql,3,2,2.585778,0.861926,0,35.258789062500000000,32.659729003906250000,,
2026-07-24T03:23:35Z,FDB848351391CE1A,18.4,queries/Core/02_filter_projection/filter_none.sql,3,2,1.210171,0.403390,0,24.272583007812500000,22.803527832031250000,,
2026-07-24T03:23:35Z,FDB848351391CE1A,18.4,queries/Core/02_filter_projection/limit_100.sql,3,2,0.130240,0.043413,0,1.420166015625000000,1.257995605468750000,,
2026-07-24T03:23:37Z,FDB848351391CE1A,18.4,queries/Core/02_filter_projection/limit_offset_3m.sql,3,2,0.933600,0.311200,0,12.241821289062500000,11.142333984375000000,,
2026-07-24T03:23:39Z,FDB848351391CE1A,18.4,queries/Core/02_filter_projection/project_all_cols.sql,3,2,1.176377,0.392126,0,17.517822265625000000,16.184509277343750000,,
2026-07-24T03:23:41Z,FDB848351391CE1A,18.4,queries/Core/02_filter_projection/project_zero_cols.sql,3,2,1.318161,0.439387,0,20.014526367187500000,18.499938964843750000,,
2026-07-24T03:23:45Z,FDB848351391CE1A,18.4,queries/Core/03_join_method/large_hash.sql,3,2,2.036443,0.678814,0,12.485778808593750000,10.453674316406250000,,
2026-07-24T03:23:49Z,FDB848351391CE1A,18.4,queries/Core/03_join_method/large_merge.sql,3,2,2.602506,0.867502,0,30.628967285156250000,28.111999511718750000,,
2026-07-24T03:24:08Z,FDB848351391CE1A,18.4,queries/Core/03_join_method/large_nestloop_index.sql,3,2,11.551927,3.850642,0,86.016845703125000000,73.382446289062500000,,
2026-07-24T03:24:09Z,FDB848351391CE1A,18.4,queries/Core/03_join_method/small_hash.sql,3,2,0.125536,0.041845,0,1.536437988281250000,1.359130859375000000,,
2026-07-24T03:24:09Z,FDB848351391CE1A,18.4,queries/Core/03_join_method/small_merge.sql,3,2,0.127136,0.042379,0,1.549255371093750000,1.401123046875000000,,
2026-07-24T03:24:09Z,FDB848351391CE1A,18.4,queries/Core/03_join_method/small_nestloop.sql,3,2,0.165881,0.055294,0,2.050415039062500000,1.841918945312500000,,
2026-07-24T03:24:09Z,FDB848351391CE1A,18.4,queries/Core/04_join_scale/join_10kx25.sql,3,2,0.126065,0.042022,0,1.565063476562500000,1.387817382812500000,,
2026-07-24T03:24:13Z,FDB848351391CE1A,18.4,queries/Core/04_join_scale/join_1500kx150k.sql,3,2,2.142329,0.714110,0,14.271911621093750000,12.165222167968750000,,
2026-07-24T03:24:13Z,FDB848351391CE1A,18.4,queries/Core/04_join_scale/join_150kx25.sql,3,2,0.208096,0.069365,0,2.491699218750000000,2.241638183593750000,,
2026-07-24T03:24:13Z,FDB848351391CE1A,18.4,queries/Core/04_join_scale/join_25x5.sql,3,2,0.119767,0.039922,0,1.438903808593750000,1.286315917968750000,,
2026-07-24T03:24:19Z,FDB848351391CE1A,18.4,queries/Core/04_join_scale/join_6mx10k.sql,3,2,3.387937,1.129312,0,46.995422363281250000,43.722045898437500000,,
2026-07-24T03:24:30Z,FDB848351391CE1A,18.4,queries/Core/04_join_scale/join_6mx1500k.sql,3,2,6.489935,2.163312,0,85.641723632812500000,79.276367187500000000,,
2026-07-24T03:24:41Z,FDB848351391CE1A,18.4,queries/Core/04_join_scale/join_6mx200k.sql,3,2,6.186274,2.062091,0,71.332702636718750000,65.584045410156250000,,
2026-07-24T03:24:42Z,FDB848351391CE1A,18.4,queries/Core/04_join_scale/join_800kx200k.sql,3,2,1.006523,0.335508,0,12.021545410156250000,10.877502441406250000,,
2026-07-24T03:24:44Z,FDB848351391CE1A,18.4,queries/Core/05_join_type/anti_not_exists.sql,3,2,1.080969,0.360323,0,10.018981933593750000,8.420043945312500000,,
2026-07-24T03:24:48Z,FDB848351391CE1A,18.4,queries/Core/05_join_type/cross_join.sql,3,2,2.199284,0.733095,0,28.320373535156250000,26.115234375000000000,,
2026-07-24T03:24:52Z,FDB848351391CE1A,18.4,queries/Core/05_join_type/full_outer.sql,3,2,2.117074,0.705691,0,13.878601074218750000,11.824035644531250000,,
2026-07-24T03:24:55Z,FDB848351391CE1A,18.4,queries/Core/05_join_type/inner.sql,3,2,2.149649,0.716550,0,13.470947265625000000,11.364074707031250000,,
2026-07-24T03:24:59Z,FDB848351391CE1A,18.4,queries/Core/05_join_type/join_on_text_cast.sql,3,2,2.031982,0.677327,0,33.457885742187500000,31.173217773437500000,,
2026-07-24T03:25:02Z,FDB848351391CE1A,18.4,queries/Core/05_join_type/left_outer.sql,3,2,2.127932,0.709311,0,13.293884277343750000,11.223815917968750000,,
2026-07-24T03:25:06Z,FDB848351391CE1A,18.4,queries/Core/05_join_type/right_outer.sql,3,2,2.211781,0.737260,0,13.594848632812500000,11.322082519531250000,,
2026-07-24T03:25:11Z,FDB848351391CE1A,18.4,queries/Core/05_join_type/self_join.sql,3,2,2.965855,0.988618,0,35.083068847656250000,32.223510742187500000,,
2026-07-24T03:25:14Z,FDB848351391CE1A,18.4,queries/Core/05_join_type/semi_exists.sql,3,2,1.935181,0.645060,0,12.697387695312500000,10.775939941406250000,,
2026-07-24T03:25:24Z,FDB848351391CE1A,18.4,queries/Core/06_join_chain/chain_1_hash.sql,3,2,6.278618,2.092873,0,74.750854492187500000,68.747436523437500000,,
2026-07-24T03:25:30Z,FDB848351391CE1A,18.4,queries/Core/06_join_chain/chain_1_merge.sql,3,2,3.683003,1.227668,0,45.536315917968750000,42.060668945312500000,,
2026-07-24T03:25:37Z,FDB848351391CE1A,18.4,queries/Core/06_join_chain/chain_1_nestloop.sql,3,2,3.978856,1.326285,0,107.311767578125000000,103.273315429687500000,,
2026-07-24T03:25:50Z,FDB848351391CE1A,18.4,queries/Core/06_join_chain/chain_2_hash.sql,3,2,7.473933,2.491311,0,81.685974121093750000,74.563537597656250000,,
2026-07-24T03:26:15Z,FDB848351391CE1A,18.4,queries/Core/06_join_chain/chain_2_merge.sql,3,2,15.153938,5.051313,0,132.701354980468750000,116.891540527343750000,,
2026-07-24T03:26:35Z,FDB848351391CE1A,18.4,queries/Core/06_join_chain/chain_2_nestloop.sql,3,2,12.005837,4.001946,0,282.130859375000000000,261.620117187500000000,,
2026-07-24T03:26:48Z,FDB848351391CE1A,18.4,queries/Core/06_join_chain/chain_3_hash.sql,3,2,7.832548,2.610849,0,84.109252929687500000,76.630249023437500000,,
2026-07-24T03:27:14Z,FDB848351391CE1A,18.4,queries/Core/06_join_chain/chain_3_merge.sql,3,2,15.475480,5.158493,0,137.429260253906250000,121.214477539062500000,,
2026-07-24T03:27:34Z,FDB848351391CE1A,18.4,queries/Core/06_join_chain/chain_3_nestloop.sql,3,2,12.303986,4.101329,0,294.286010742187500000,273.679870605468750000,,
2026-07-24T03:27:47Z,FDB848351391CE1A,18.4,queries/Core/06_join_chain/chain_4_hash.sql,3,2,7.889448,2.629816,0,84.402954101562500000,76.767883300781250000,,
2026-07-24T03:28:13Z,FDB848351391CE1A,18.4,queries/Core/06_join_chain/chain_4_merge.sql,3,2,15.349545,5.116515,0,137.529113769531250000,121.669677734375000000,,
2026-07-24T03:28:34Z,FDB848351391CE1A,18.4,queries/Core/06_join_chain/chain_4_nestloop.sql,3,2,12.527948,4.175983,0,291.261291503906250000,270.207397460937500000,,
2026-07-24T03:28:37Z,FDB848351391CE1A,18.4,queries/Core/07_grouping_distinct/count_per_group.sql,3,2,1.853104,0.617701,0,40.610656738281250000,38.543212890625000000,,
2026-07-24T03:28:48Z,FDB848351391CE1A,18.4,queries/Core/07_grouping_distinct/cube.sql,3,2,6.813596,2.271199,0,92.216186523437500000,85.676513671875000000,,
2026-07-24T03:28:59Z,FDB848351391CE1A,18.4,queries/Core/07_grouping_distinct/distinct_200k_vals.sql,3,2,6.460003,2.153334,0,57.372497558593750000,51.050903320312500000,,
2026-07-24T03:29:02Z,FDB848351391CE1A,18.4,queries/Core/07_grouping_distinct/distinct_3_vals.sql,3,2,1.624921,0.541640,0,39.712829589843750000,37.911682128906250000,,
2026-07-24T03:29:32Z,FDB848351391CE1A,18.4,queries/Core/07_grouping_distinct/distinct_on.sql,3,2,18.123845,6.041282,0,222.463867187500000000,205.392700195312500000,,
2026-07-24T03:29:39Z,FDB848351391CE1A,18.4,queries/Core/07_grouping_distinct/group_1500k_vals.sql,3,2,4.046412,1.348804,0,103.546752929687500000,99.044555664062500000,,
2026-07-24T03:29:44Z,FDB848351391CE1A,18.4,queries/Core/07_grouping_distinct/group_200k_sortagg.sql,3,2,2.941914,0.980638,0,77.319458007812500000,73.153930664062500000,,
2026-07-24T03:29:54Z,FDB848351391CE1A,18.4,queries/Core/07_grouping_distinct/group_200k_vals.sql,3,2,6.433705,2.144568,0,59.850585937500000000,53.355529785156250000,,
2026-07-24T03:29:57Z,FDB848351391CE1A,18.4,queries/Core/07_grouping_distinct/group_3_vals.sql,3,2,1.769243,0.589748,0,39.685852050781250000,37.708679199218750000,,
2026-07-24T03:30:00Z,FDB848351391CE1A,18.4,queries/Core/07_grouping_distinct/group_7_vals.sql,3,2,1.934839,0.644946,0,48.143920898437500000,45.962890625000000000,,
2026-07-24T03:30:09Z,FDB848351391CE1A,18.4,queries/Core/07_grouping_distinct/grouping_sets.sql,3,2,5.129107,1.709702,0,69.471130371093750000,64.316955566406250000,,
2026-07-24T03:30:16Z,FDB848351391CE1A,18.4,queries/Core/07_grouping_distinct/having.sql,3,2,4.143678,1.381226,0,74.245483398437500000,68.231079101562500000,,
2026-07-24T03:30:25Z,FDB848351391CE1A,18.4,queries/Core/07_grouping_distinct/rollup.sql,3,2,5.377002,1.792334,0,74.936828613281250000,69.723205566406250000,,
2026-07-24T03:30:28Z,FDB848351391CE1A,18.4,queries/Core/08_sorting/limit_with_ties.sql,3,2,1.879921,0.626640,0,46.300903320312500000,43.455749511718750000,,
2026-07-24T03:30:44Z,FDB848351391CE1A,18.4,queries/Core/08_sorting/sort_2_keys.sql,3,2,9.643107,3.214369,0,118.415771484375000000,108.987854003906250000,,
2026-07-24T03:30:54Z,FDB848351391CE1A,18.4,queries/Core/08_sorting/sort_date.sql,3,2,5.882700,1.960900,0,75.087097167968750000,69.271911621093750000,,
2026-07-24T03:31:05Z,FDB848351391CE1A,18.4,queries/Core/08_sorting/sort_desc.sql,3,2,6.858721,2.286240,0,83.632507324218750000,76.744506835937500000,,
2026-07-24T03:31:17Z,FDB848351391CE1A,18.4,queries/Core/08_sorting/sort_int.sql,3,2,7.002979,2.334326,0,83.821594238281250000,76.990966796875000000,,
2026-07-24T03:31:25Z,FDB848351391CE1A,18.4,queries/Core/08_sorting/sort_int_presorted.sql,3,2,4.718823,1.572941,0,61.406005859375000000,56.622924804687500000,,
2026-07-24T03:31:54Z,FDB848351391CE1A,18.4,queries/Core/08_sorting/sort_numeric.sql,3,2,17.824081,5.941360,0,197.815856933593750000,181.664428710937500000,,
2026-07-24T03:34:41Z,FDB848351391CE1A,18.4,queries/Core/08_sorting/sort_text.sql,3,2,100.044014,33.348005,0,1192.522399902343750000,1103.914550781250000000,,
2026-07-24T03:34:55Z,FDB848351391CE1A,18.4,queries/Core/08_sorting/sort_text_collate_c.sql,3,2,8.688471,2.896157,0,215.108764648437500000,202.827148437500000000,,
2026-07-24T03:34:57Z,FDB848351391CE1A,18.4,queries/Core/08_sorting/sort_topn_100.sql,3,2,1.152312,0.384104,0,25.614990234375000000,23.916076660156250000,,
2026-07-24T03:35:03Z,FDB848351391CE1A,18.4,queries/Core/09_set_operations/except.sql,3,2,3.234552,1.078184,0,19.353576660156250000,16.122253417968750000,,
2026-07-24T03:35:08Z,FDB848351391CE1A,18.4,queries/Core/09_set_operations/except_all.sql,3,2,3.192752,1.064251,0,18.895690917968750000,15.661743164062500000,,
2026-07-24T03:35:13Z,FDB848351391CE1A,18.4,queries/Core/09_set_operations/intersect.sql,3,2,3.077274,1.025758,0,19.429809570312500000,16.426818847656250000,,
2026-07-24T03:35:19Z,FDB848351391CE1A,18.4,queries/Core/09_set_operations/intersect_all.sql,3,2,3.232127,1.077376,0,20.389038085937500000,17.284484863281250000,,
2026-07-24T03:35:39Z,FDB848351391CE1A,18.4,queries/Core/09_set_operations/union.sql,3,2,12.186345,4.062115,0,103.429931640625000000,90.412048339843750000,,
2026-07-24T03:35:41Z,FDB848351391CE1A,18.4,queries/Core/09_set_operations/union_all.sql,3,2,1.369300,0.456433,0,16.719726562500000000,15.281372070312500000,,
2026-07-24T03:35:42Z,FDB848351391CE1A,18.4,queries/Core/10_subqueries_ctes/cte_inline.sql,3,2,0.738236,0.246079,0,7.838195800781250000,6.953247070312500000,,
2026-07-24T03:35:45Z,FDB848351391CE1A,18.4,queries/Core/10_subqueries_ctes/cte_materialized.sql,3,2,1.424432,0.474811,0,16.907165527343750000,15.459777832031250000,,
2026-07-24T03:35:47Z,FDB848351391CE1A,18.4,queries/Core/10_subqueries_ctes/cte_recursive.sql,3,2,1.306000,0.435333,0,14.912475585937500000,13.602050781250000000,,
2026-07-24T03:35:48Z,FDB848351391CE1A,18.4,queries/Core/10_subqueries_ctes/from_subquery.sql,3,2,0.742690,0.247563,0,7.760681152343750000,6.859252929687500000,,
2026-07-24T03:35:52Z,FDB848351391CE1A,18.4,queries/Core/10_subqueries_ctes/function_scan.sql,3,2,2.249009,0.749670,0,25.575195312500000000,23.375976562500000000,,
2026-07-24T03:35:57Z,FDB848351391CE1A,18.4,queries/Core/10_subqueries_ctes/lateral_limit.sql,3,2,2.770373,0.923458,0,23.322387695312500000,20.393920898437500000,,
2026-07-24T03:35:59Z,FDB848351391CE1A,18.4,queries/Core/10_subqueries_ctes/scalar_correlated.sql,3,2,1.380464,0.460155,0,14.280456542968750000,12.884948730468750000,,
2026-07-24T03:36:01Z,FDB848351391CE1A,18.4,queries/Core/10_subqueries_ctes/scalar_correlated_indexed.sql,3,2,1.381714,0.460571,0,15.517944335937500000,14.160888671875000000,,
2026-07-24T03:36:02Z,FDB848351391CE1A,18.4,queries/Core/10_subqueries_ctes/scalar_uncorrelated.sql,3,2,0.617324,0.205775,0,6.111267089843750000,5.340637207031250000,,
2026-07-24T03:36:03Z,FDB848351391CE1A,18.4,queries/Core/10_subqueries_ctes/values_scan.sql,3,2,0.116647,0.038882,0,1.428527832031250000,1.260498046875000000,,
2026-07-24T03:36:13Z,FDB848351391CE1A,18.4,queries/Core/12_memory_workmem/hashagg_nospill.sql,3,2,6.357215,2.119072,0,41.010375976562500000,34.918334960937500000,,
2026-07-24T03:36:24Z,FDB848351391CE1A,18.4,queries/Core/12_memory_workmem/hashagg_spill.sql,3,2,6.363798,2.121266,0,57.261657714843750000,50.937133789062500000,,
2026-07-24T03:36:25Z,FDB848351391CE1A,18.4,queries/Core/12_memory_workmem/hashjoin_manybatch.sql,3,2,0.801229,0.267076,0,15.646728515625000000,14.680358886718750000,,
2026-07-24T03:36:26Z,FDB848351391CE1A,18.4,queries/Core/12_memory_workmem/hashjoin_onebatch.sql,3,2,0.659409,0.219803,0,10.308166503906250000,9.492675781250000000,,
2026-07-24T03:36:34Z,FDB848351391CE1A,18.4,queries/Core/12_memory_workmem/sort_nospill.sql,3,2,4.525936,1.508645,0,56.437500000000000000,51.608215332031250000,,
2026-07-24T03:36:45Z,FDB848351391CE1A,18.4,queries/Core/12_memory_workmem/sort_spill.sql,3,2,6.938790,2.312930,0,83.498291015625000000,76.991943359375000000,,
2026-07-24T03:37:06Z,FDB848351391CE1A,18.4,queries/Core/12_memory_workmem/window_nospill.sql,3,2,12.356566,4.118855,0,145.445800781250000000,133.671936035156250000,,
2026-07-24T03:39:41Z,FDB848351391CE1A,18.4,queries/Core/12_memory_workmem/window_spill.sql,3,2,93.012534,31.004178,0,972.869384765625000000,891.882629394531250000,,
2026-07-24T03:40:03Z,FDB848351391CE1A,18.4,queries/Core/12_memory_workmem/window_tail_spill.sql,3,2,13.033787,4.344596,0,163.031921386718750000,150.947082519531250000,,
2026-07-24T03:40:12Z,FDB848351391CE1A,18.4,queries/Core/13_jit/jit_inline.sql,3,2,5.252630,1.750877,0,149.410522460937500000,144.197082519531250000,,
2026-07-24T03:40:20Z,FDB848351391CE1A,18.4,queries/Core/13_jit/jit_off.sql,3,2,5.189999,1.730000,0,133.990539550781250000,128.828918457031250000,,
2026-07-24T03:40:29Z,FDB848351391CE1A,18.4,queries/Core/13_jit/jit_on.sql,3,2,5.326227,1.775409,0,127.836059570312500000,122.604553222656250000,,
2026-07-24T03:40:38Z,FDB848351391CE1A,18.4,queries/Core/13_jit/jit_optimize.sql,3,2,5.519154,1.839718,0,127.340087890625000000,121.778015136718750000,,
2026-07-24T03:40:49Z,FDB848351391CE1A,18.4,queries/Core/14_modern_nodes/incremental_sort.sql,3,2,6.248042,2.082681,0,76.739257812500000000,70.368652343750000000,,
2026-07-24T03:41:03Z,FDB848351391CE1A,18.4,queries/Core/14_modern_nodes/incremental_sort_off.sql,3,2,8.522611,2.840870,0,101.987365722656250000,93.325927734375000000,,
2026-07-24T03:41:21Z,FDB848351391CE1A,18.4,queries/Core/14_modern_nodes/memoize.sql,3,2,10.740131,3.580044,0,131.463989257812500000,121.560852050781250000,,
2026-07-24T03:41:47Z,FDB848351391CE1A,18.4,queries/Core/14_modern_nodes/memoize_off.sql,3,2,15.356768,5.118923,0,191.445678710937500000,178.003967285156250000,,
2026-07-24T03:41:51Z,FDB848351391CE1A,18.4,queries/Functions/00_baseline/char.sql,3,2,2.798232,0.932744,0,38.760986328125000000,35.989440917968750000,,
2026-07-24T03:41:56Z,FDB848351391CE1A,18.4,queries/Functions/00_baseline/date.sql,3,2,2.649991,0.883330,0,35.082763671875000000,32.495422363281250000,,
2026-07-24T03:41:58Z,FDB848351391CE1A,18.4,queries/Functions/00_baseline/int.sql,3,2,1.329420,0.443140,0,15.072326660156250000,13.748474121093750000,,
2026-07-24T03:42:01Z,FDB848351391CE1A,18.4,queries/Functions/00_baseline/numeric.sql,3,2,1.891069,0.630356,0,26.654785156250000000,24.708312988281250000,,
2026-07-24T03:42:07Z,FDB848351391CE1A,18.4,queries/Functions/00_baseline/text.sql,3,2,3.265102,1.088367,0,42.141113281250000000,39.048400878906250000,,
2026-07-24T03:42:12Z,FDB848351391CE1A,18.4,queries/Functions/09-01_logical/and.sql,3,2,3.525018,1.175006,0,46.543273925781250000,43.147277832031250000,,
2026-07-24T03:42:17Z,FDB848351391CE1A,18.4,queries/Functions/09-01_logical/not.sql,3,2,2.802991,0.934330,0,38.969787597656250000,36.145629882812500000,,
2026-07-24T03:42:22Z,FDB848351391CE1A,18.4,queries/Functions/09-01_logical/or.sql,3,2,3.294100,1.098033,0,43.210449218750000000,39.948730468750000000,,
2026-07-24T03:42:28Z,FDB848351391CE1A,18.4,queries/Functions/09-02_comparison/between.sql,3,2,3.567942,1.189314,0,45.737609863281250000,42.224304199218750000,,
2026-07-24T03:42:34Z,FDB848351391CE1A,18.4,queries/Functions/09-02_comparison/between_symmetric.sql,3,2,3.828620,1.276207,0,51.211486816406250000,47.500976562500000000,,
2026-07-24T03:42:39Z,FDB848351391CE1A,18.4,queries/Functions/09-02_comparison/eq.sql,3,2,2.619995,0.873332,0,36.134033203125000000,33.543151855468750000,,
2026-07-24T03:42:43Z,FDB848351391CE1A,18.4,queries/Functions/09-02_comparison/ge.sql,3,2,2.673221,0.891074,0,36.285278320312500000,33.626770019531250000,,
2026-07-24T03:42:49Z,FDB848351391CE1A,18.4,queries/Functions/09-02_comparison/greatest.sql,3,2,3.140707,1.046902,0,43.741638183593750000,40.575317382812500000,,
2026-07-24T03:42:53Z,FDB848351391CE1A,18.4,queries/Functions/09-02_comparison/gt.sql,3,2,2.585475,0.861825,0,36.349914550781250000,33.744262695312500000,,
2026-07-24T03:42:58Z,FDB848351391CE1A,18.4,queries/Functions/09-02_comparison/is_distinct_from.sql,3,2,2.775202,0.925067,0,37.830871582031250000,34.962219238281250000,,
2026-07-24T03:43:02Z,FDB848351391CE1A,18.4,queries/Functions/09-02_comparison/is_not_distinct_from.sql,3,2,2.630673,0.876891,0,36.730041503906250000,34.120971679687500000,,
2026-07-24T03:43:07Z,FDB848351391CE1A,18.4,queries/Functions/09-02_comparison/is_not_null.sql,3,2,3.102570,1.034190,0,41.556335449218750000,38.488037109375000000,,
2026-07-24T03:43:13Z,FDB848351391CE1A,18.4,queries/Functions/09-02_comparison/is_null.sql,3,2,3.390591,1.130197,0,43.209472656250000000,39.929565429687500000,,
2026-07-24T03:43:17Z,FDB848351391CE1A,18.4,queries/Functions/09-02_comparison/le.sql,3,2,3.059691,1.019897,0,38.848632812500000000,35.682067871093750000,,
2026-07-24T03:43:23Z,FDB848351391CE1A,18.4,queries/Functions/09-02_comparison/least.sql,3,2,3.314684,1.104895,0,44.543762207031250000,41.241088867187500000,,
2026-07-24T03:43:27Z,FDB848351391CE1A,18.4,queries/Functions/09-02_comparison/lt.sql,3,2,2.593530,0.864510,0,35.883300781250000000,33.139343261718750000,,
2026-07-24T03:43:32Z,FDB848351391CE1A,18.4,queries/Functions/09-02_comparison/ne.sql,3,2,2.667962,0.889321,0,36.315551757812500000,33.644592285156250000,,
2026-07-24T03:43:37Z,FDB848351391CE1A,18.4,queries/Functions/09-02_comparison/not_between.sql,3,2,3.058613,1.019538,0,42.761535644531250000,39.804870605468750000,,
2026-07-24T03:43:40Z,FDB848351391CE1A,18.4,queries/Functions/09-02_comparison/num_nonnulls.sql,3,2,2.011562,0.670521,0,29.719177246093750000,27.608276367187500000,,
2026-07-24T03:43:44Z,FDB848351391CE1A,18.4,queries/Functions/09-02_comparison/num_nulls.sql,3,2,2.094375,0.698125,0,29.583435058593750000,27.318847656250000000,,
2026-07-24T03:43:50Z,FDB848351391CE1A,18.4,queries/Functions/09-03_math/abs.sql,3,2,3.610793,1.203598,0,49.668334960937500000,46.003112792968750000,,
2026-07-24T03:43:58Z,FDB848351391CE1A,18.4,queries/Functions/09-03_math/acos.sql,3,2,4.998671,1.666224,0,64.687438964843750000,59.841186523437500000,,
2026-07-24T03:44:05Z,FDB848351391CE1A,18.4,queries/Functions/09-03_math/acosh.sql,3,2,4.386917,1.462306,0,58.708984375000000000,54.434875488281250000,,
2026-07-24T03:44:12Z,FDB848351391CE1A,18.4,queries/Functions/09-03_math/add.sql,3,2,4.233720,1.411240,0,54.828613281250000000,50.746093750000000000,,
2026-07-24T03:44:23Z,FDB848351391CE1A,18.4,queries/Functions/09-03_math/add_float8.sql,3,2,6.674515,2.224838,0,85.328674316406250000,79.162231445312500000,,
2026-07-24T03:44:32Z,FDB848351391CE1A,18.4,queries/Functions/09-03_math/asin.sql,3,2,5.050841,1.683614,0,64.777282714843750000,60.014465332031250000,,
2026-07-24T03:44:39Z,FDB848351391CE1A,18.4,queries/Functions/09-03_math/asinh.sql,3,2,4.392643,1.464214,0,57.897766113281250000,53.635681152343750000,,
2026-07-24T03:44:46Z,FDB848351391CE1A,18.4,queries/Functions/09-03_math/atan.sql,3,2,4.258063,1.419354,0,56.857055664062500000,52.733886718750000000,,
2026-07-24T03:44:58Z,FDB848351391CE1A,18.4,queries/Functions/09-03_math/atan2.sql,3,2,7.263942,2.421314,0,91.932067871093750000,85.283752441406250000,,
2026-07-24T03:45:08Z,FDB848351391CE1A,18.4,queries/Functions/09-03_math/atanh.sql,3,2,5.241582,1.747194,0,67.367370605468750000,62.416809082031250000,,
2026-07-24T03:45:18Z,FDB848351391CE1A,18.4,queries/Functions/09-03_math/cbrt.sql,3,2,6.476172,2.158724,0,77.760986328125000000,71.857849121093750000,,
2026-07-24T03:45:29Z,FDB848351391CE1A,18.4,queries/Functions/09-03_math/ceil.sql,3,2,6.377454,2.125818,0,78.593688964843750000,72.779602050781250000,,
2026-07-24T03:45:37Z,FDB848351391CE1A,18.4,queries/Functions/09-03_math/cos.sql,3,2,5.144064,1.714688,0,66.084167480468750000,61.172363281250000000,,
2026-07-24T03:45:46Z,FDB848351391CE1A,18.4,queries/Functions/09-03_math/cosh.sql,3,2,5.323311,1.774437,0,68.010681152343750000,63.151794433593750000,,
2026-07-24T03:45:55Z,FDB848351391CE1A,18.4,queries/Functions/09-03_math/degrees.sql,3,2,5.279299,1.759766,0,65.042541503906250000,60.161987304687500000,,
2026-07-24T03:46:02Z,FDB848351391CE1A,18.4,queries/Functions/09-03_math/div_fn.sql,3,2,4.082764,1.360921,0,52.606384277343750000,48.668762207031250000,,
2026-07-24T03:46:10Z,FDB848351391CE1A,18.4,queries/Functions/09-03_math/divide.sql,3,2,5.161862,1.720621,0,61.891113281250000000,57.018798828125000000,,
2026-07-24T03:46:19Z,FDB848351391CE1A,18.4,queries/Functions/09-03_math/exp_float8.sql,3,2,5.429169,1.809723,0,67.697998046875000000,62.600891113281250000,,
2026-07-24T03:47:05Z,FDB848351391CE1A,18.4,queries/Functions/09-03_math/exp_numeric.sql,3,2,27.522075,9.174025,0,323.856567382812500000,299.483154296875000000,,
2026-07-24T03:47:13Z,FDB848351391CE1A,18.4,queries/Functions/09-03_math/exponent.sql,3,2,4.910822,1.636941,0,63.288940429687500000,58.698486328125000000,,
2026-07-24T03:47:19Z,FDB848351391CE1A,18.4,queries/Functions/09-03_math/factorial.sql,3,2,3.811150,1.270383,0,48.998901367187500000,45.300292968750000000,,
2026-07-24T03:47:29Z,FDB848351391CE1A,18.4,queries/Functions/09-03_math/floor.sql,3,2,5.783665,1.927888,0,71.542419433593750000,66.162536621093750000,,
2026-07-24T03:47:35Z,FDB848351391CE1A,18.4,queries/Functions/09-03_math/gcd.sql,3,2,3.463262,1.154421,0,40.094787597656250000,36.707946777343750000,,
2026-07-24T03:47:39Z,FDB848351391CE1A,18.4,queries/Functions/09-03_math/lcm.sql,3,2,2.327068,0.775689,0,30.908020019531250000,28.606323242187500000,,
2026-07-24T03:47:46Z,FDB848351391CE1A,18.4,queries/Functions/09-03_math/ln_float8.sql,3,2,4.408357,1.469452,0,56.708618164062500000,52.573120117187500000,,
2026-07-24T03:49:30Z,FDB848351391CE1A,18.4,queries/Functions/09-03_math/ln_numeric.sql,3,2,62.253274,20.751091,0,680.564453125000000000,626.345153808593750000,,
2026-07-24T03:49:38Z,FDB848351391CE1A,18.4,queries/Functions/09-03_math/log10_float8.sql,3,2,4.914314,1.638105,0,60.232849121093750000,55.614379882812500000,,
2026-07-24T03:55:48Z,FDB848351391CE1A,18.4,queries/Functions/09-03_math/log10_numeric.sql,3,2,221.926855,73.975618,0,2474.794860839843750000,2284.771667480468750000,,
2026-07-24T04:01:16Z,FDB848351391CE1A,18.4,queries/Functions/09-03_math/log_base.sql,3,2,197.201303,65.733768,0,2199.870910644531250000,2030.781799316406250000,,
2026-07-24T04:01:22Z,FDB848351391CE1A,18.4,queries/Functions/09-03_math/min_scale.sql,3,2,3.350210,1.116737,0,41.888427734375000000,38.568786621093750000,,
2026-07-24T04:01:25Z,FDB848351391CE1A,18.4,queries/Functions/09-03_math/mod_fn.sql,3,2,1.702100,0.567367,0,18.806884765625000000,17.103759765625000000,,
2026-07-24T04:01:28Z,FDB848351391CE1A,18.4,queries/Functions/09-03_math/modulo.sql,3,2,1.696498,0.565499,0,18.934997558593750000,17.171691894531250000,,
2026-07-24T04:01:34Z,FDB848351391CE1A,18.4,queries/Functions/09-03_math/multiply.sql,3,2,3.795363,1.265121,0,51.084167480468750000,47.321594238281250000,,
2026-07-24T04:01:45Z,FDB848351391CE1A,18.4,queries/Functions/09-03_math/multiply_float8.sql,3,2,6.645907,2.215302,0,84.606628417968750000,78.365173339843750000,,
2026-07-24T04:01:52Z,FDB848351391CE1A,18.4,queries/Functions/09-03_math/pi.sql,3,2,4.669211,1.556404,0,57.729858398437500000,53.224731445312500000,,
2026-07-24T04:02:00Z,FDB848351391CE1A,18.4,queries/Functions/09-03_math/power_float8.sql,3,2,4.530147,1.510049,0,60.599182128906250000,56.295104980468750000,,
2026-07-24T04:02:08Z,FDB848351391CE1A,18.4,queries/Functions/09-03_math/power_numeric.sql,3,2,4.766258,1.588753,0,62.936279296875000000,58.339965820312500000,,
2026-07-24T04:02:15Z,FDB848351391CE1A,18.4,queries/Functions/09-03_math/radians.sql,3,2,3.981692,1.327231,0,53.690124511718750000,49.887145996093750000,,
2026-07-24T04:02:18Z,FDB848351391CE1A,18.4,queries/Functions/09-03_math/random.sql,3,2,1.724344,0.574781,0,19.670837402343750000,17.959899902343750000,,
2026-07-24T04:02:27Z,FDB848351391CE1A,18.4,queries/Functions/09-03_math/round.sql,3,2,5.668533,1.889511,0,70.587097167968750000,65.304016113281250000,,
2026-07-24T04:02:37Z,FDB848351391CE1A,18.4,queries/Functions/09-03_math/round_scale.sql,3,2,5.981899,1.993966,0,72.231079101562500000,66.580993652343750000,,
2026-07-24T04:02:42Z,FDB848351391CE1A,18.4,queries/Functions/09-03_math/scale.sql,3,2,2.722365,0.907455,0,36.459289550781250000,33.751586914062500000,,
2026-07-24T04:02:48Z,FDB848351391CE1A,18.4,queries/Functions/09-03_math/sign.sql,3,2,3.718950,1.239650,0,51.374755859375000000,47.863769531250000000,,
2026-07-24T04:02:57Z,FDB848351391CE1A,18.4,queries/Functions/09-03_math/sin.sql,3,2,5.680769,1.893590,0,69.219543457031250000,63.718933105468750000,,
2026-07-24T04:03:06Z,FDB848351391CE1A,18.4,queries/Functions/09-03_math/sinh.sql,3,2,5.306205,1.768735,0,69.235351562500000000,64.246032714843750000,,
2026-07-24T04:03:16Z,FDB848351391CE1A,18.4,queries/Functions/09-03_math/sqrt_float8.sql,3,2,5.606410,1.868803,0,71.031738281250000000,65.656982421875000000,,
2026-07-24T04:03:26Z,FDB848351391CE1A,18.4,queries/Functions/09-03_math/sqrt_numeric.sql,3,2,5.818659,1.939553,0,71.892456054687500000,66.342102050781250000,,
2026-07-24T04:03:33Z,FDB848351391CE1A,18.4,queries/Functions/09-03_math/subtract.sql,3,2,4.105692,1.368564,0,53.791320800781250000,49.785156250000000000,,
2026-07-24T04:03:41Z,FDB848351391CE1A,18.4,queries/Functions/09-03_math/tan.sql,3,2,5.100839,1.700280,0,67.068786621093750000,62.354064941406250000,,
2026-07-24T04:03:50Z,FDB848351391CE1A,18.4,queries/Functions/09-03_math/tanh.sql,3,2,5.140097,1.713366,0,66.856872558593750000,62.104064941406250000,,
2026-07-24T04:03:55Z,FDB848351391CE1A,18.4,queries/Functions/09-03_math/trim_scale.sql,3,2,3.263751,1.087917,0,44.519287109375000000,41.255310058593750000,,
2026-07-24T04:04:05Z,FDB848351391CE1A,18.4,queries/Functions/09-03_math/trunc.sql,3,2,5.565581,1.855194,0,68.671020507812500000,63.407165527343750000,,
2026-07-24T04:04:14Z,FDB848351391CE1A,18.4,queries/Functions/09-03_math/trunc_scale.sql,3,2,5.543534,1.847845,0,69.253295898437500000,64.090270996093750000,,
2026-07-24T04:04:18Z,FDB848351391CE1A,18.4,queries/Functions/09-03_math/unary_minus.sql,3,2,2.409444,0.803148,0,33.917114257812500000,31.506713867187500000,,
2026-07-24T04:04:28Z,FDB848351391CE1A,18.4,queries/Functions/09-03_math/width_bucket.sql,3,2,6.208962,2.069654,0,78.307189941406250000,72.528625488281250000,,
2026-07-24T04:04:33Z,FDB848351391CE1A,18.4,queries/Functions/09-04_string/ascii.sql,3,2,2.994991,0.998330,0,40.835754394531250000,37.960205078125000000,,
2026-07-24T04:04:39Z,FDB848351391CE1A,18.4,queries/Functions/09-04_string/bit_length.sql,3,2,3.463427,1.154476,0,43.829101562500000000,40.545959472656250000,,
2026-07-24T04:04:49Z,FDB848351391CE1A,18.4,queries/Functions/09-04_string/btrim.sql,3,2,6.136434,2.045478,0,79.707641601562500000,73.952880859375000000,,
2026-07-24T04:04:53Z,FDB848351391CE1A,18.4,queries/Functions/09-04_string/cast_text.sql,3,2,2.351923,0.783974,0,27.467712402343750000,25.203796386718750000,,
2026-07-24T04:05:00Z,FDB848351391CE1A,18.4,queries/Functions/09-04_string/char_length.sql,3,2,4.040131,1.346710,0,53.974792480468750000,50.000000000000000000,,
2026-07-24T04:05:04Z,FDB848351391CE1A,18.4,queries/Functions/09-04_string/chr.sql,3,2,2.475158,0.825053,0,34.216674804687500000,31.704284667968750000,,
2026-07-24T04:05:12Z,FDB848351391CE1A,18.4,queries/Functions/09-04_string/concat_fn.sql,3,2,4.692594,1.564198,0,63.039367675781250000,58.567199707031250000,,
2026-07-24T04:05:18Z,FDB848351391CE1A,18.4,queries/Functions/09-04_string/concat_op.sql,3,2,3.642927,1.214309,0,49.350524902343750000,45.849609375000000000,,
2026-07-24T04:05:26Z,FDB848351391CE1A,18.4,queries/Functions/09-04_string/concat_ws.sql,3,2,4.907219,1.635740,0,65.335998535156250000,60.725219726562500000,,
2026-07-24T04:05:38Z,FDB848351391CE1A,18.4,queries/Functions/09-04_string/format.sql,3,2,6.704790,2.234930,0,88.542968750000000000,82.275817871093750000,,
2026-07-24T04:05:56Z,FDB848351391CE1A,18.4,queries/Functions/09-04_string/initcap.sql,3,2,11.190771,3.730257,0,142.450500488281250000,132.390625000000000000,,
2026-07-24T04:06:03Z,FDB848351391CE1A,18.4,queries/Functions/09-04_string/left.sql,3,2,4.125990,1.375330,0,55.605529785156250000,51.694213867187500000,,
2026-07-24T04:06:10Z,FDB848351391CE1A,18.4,queries/Functions/09-04_string/length.sql,3,2,4.051261,1.350420,0,52.270629882812500000,48.415832519531250000,,
2026-07-24T04:06:26Z,FDB848351391CE1A,18.4,queries/Functions/09-04_string/lower.sql,3,2,9.272180,3.090727,0,120.104553222656250000,111.582214355468750000,,
2026-07-24T04:06:40Z,FDB848351391CE1A,18.4,queries/Functions/09-04_string/lpad.sql,3,2,8.725476,2.908492,0,110.457397460937500000,102.411926269531250000,,
2026-07-24T04:06:51Z,FDB848351391CE1A,18.4,queries/Functions/09-04_string/ltrim.sql,3,2,6.680165,2.226722,0,84.345886230468750000,78.111267089843750000,,
2026-07-24T04:07:20Z,FDB848351391CE1A,18.4,queries/Functions/09-04_string/md5.sql,3,2,17.223373,5.741124,0,209.293884277343750000,194.008483886718750000,,
2026-07-24T04:07:25Z,FDB848351391CE1A,18.4,queries/Functions/09-04_string/octet_length.sql,3,2,3.037068,1.012356,0,40.898254394531250000,37.888305664062500000,,
2026-07-24T04:07:36Z,FDB848351391CE1A,18.4,queries/Functions/09-04_string/overlay.sql,3,2,6.759085,2.253028,0,85.277343750000000000,79.071838378906250000,,
2026-07-24T04:07:43Z,FDB848351391CE1A,18.4,queries/Functions/09-04_string/position.sql,3,2,4.354022,1.451341,0,56.595886230468750000,52.453857421875000000,,
2026-07-24T04:07:53Z,FDB848351391CE1A,18.4,queries/Functions/09-04_string/quote_ident.sql,3,2,5.971659,1.990553,0,73.430969238281250000,67.932312011718750000,,
2026-07-24T04:08:00Z,FDB848351391CE1A,18.4,queries/Functions/09-04_string/quote_literal.sql,3,2,4.147181,1.382394,0,53.548461914062500000,49.614196777343750000,,
2026-07-24T04:08:06Z,FDB848351391CE1A,18.4,queries/Functions/09-04_string/repeat.sql,3,2,3.555274,1.185091,0,48.572875976562500000,45.117248535156250000,,
2026-07-24T04:08:14Z,FDB848351391CE1A,18.4,queries/Functions/09-04_string/replace.sql,3,2,5.161592,1.720531,0,67.615539550781250000,62.821838378906250000,,
2026-07-24T04:08:24Z,FDB848351391CE1A,18.4,queries/Functions/09-04_string/reverse.sql,3,2,5.701369,1.900456,0,73.480468750000000000,68.089599609375000000,,
2026-07-24T04:08:35Z,FDB848351391CE1A,18.4,queries/Functions/09-04_string/right.sql,3,2,6.367037,2.122346,0,78.208557128906250000,72.357666015625000000,,
2026-07-24T04:08:50Z,FDB848351391CE1A,18.4,queries/Functions/09-04_string/rpad.sql,3,2,9.055431,3.018477,0,112.205749511718750000,103.887939453125000000,,
2026-07-24T04:09:00Z,FDB848351391CE1A,18.4,queries/Functions/09-04_string/rtrim.sql,3,2,6.059816,2.019939,0,78.438598632812500000,72.756042480468750000,,
2026-07-24T04:09:07Z,FDB848351391CE1A,18.4,queries/Functions/09-04_string/split_part.sql,3,2,4.496009,1.498670,0,56.819458007812500000,52.500610351562500000,,
2026-07-24T04:09:14Z,FDB848351391CE1A,18.4,queries/Functions/09-04_string/starts_with.sql,3,2,4.209570,1.403190,0,56.368896484375000000,52.306030273437500000,,
2026-07-24T04:09:22Z,FDB848351391CE1A,18.4,queries/Functions/09-04_string/strpos.sql,3,2,4.361621,1.453874,0,56.560974121093750000,52.373168945312500000,,
2026-07-24T04:09:28Z,FDB848351391CE1A,18.4,queries/Functions/09-04_string/substr.sql,3,2,4.180504,1.393501,0,56.012084960937500000,52.058959960937500000,,
2026-07-24T04:09:37Z,FDB848351391CE1A,18.4,queries/Functions/09-04_string/substring.sql,3,2,5.188239,1.729413,0,63.181945800781250000,58.260437011718750000,,
2026-07-24T04:09:40Z,FDB848351391CE1A,18.4,queries/Functions/09-04_string/to_hex.sql,3,2,2.021917,0.673972,0,23.492248535156250000,21.499694824218750000,,
2026-07-24T04:10:02Z,FDB848351391CE1A,18.4,queries/Functions/09-04_string/translate.sql,3,2,13.210792,4.403597,0,164.461853027343750000,152.562683105468750000,,
2026-07-24T04:10:12Z,FDB848351391CE1A,18.4,queries/Functions/09-04_string/trim_both.sql,3,2,6.212239,2.070746,0,81.471984863281250000,75.639221191406250000,,
2026-07-24T04:10:28Z,FDB848351391CE1A,18.4,queries/Functions/09-04_string/upper.sql,3,2,9.462959,3.154320,0,121.625854492187500000,113.015563964843750000,,
2026-07-24T04:10:35Z,FDB848351391CE1A,18.4,queries/Functions/09-05_binary_string/cast_bytea.sql,3,2,4.586286,1.528762,0,58.652648925781250000,54.205810546875000000,,
2026-07-24T04:10:43Z,FDB848351391CE1A,18.4,queries/Functions/09-05_binary_string/concat_bytea.sql,3,2,4.631780,1.543927,0,61.352966308593750000,56.988525390625000000,,
2026-07-24T04:11:14Z,FDB848351391CE1A,18.4,queries/Functions/09-05_binary_string/decode_hex.sql,3,2,18.643066,6.214355,0,226.566772460937500000,209.958374023437500000,,
2026-07-24T04:11:25Z,FDB848351391CE1A,18.4,queries/Functions/09-05_binary_string/encode_base64.sql,3,2,6.083919,2.027973,0,76.175170898437500000,70.584289550781250000,,
2026-07-24T04:11:34Z,FDB848351391CE1A,18.4,queries/Functions/09-05_binary_string/encode_escape.sql,3,2,5.863571,1.954524,0,74.129943847656250000,68.678161621093750000,,
2026-07-24T04:11:43Z,FDB848351391CE1A,18.4,queries/Functions/09-05_binary_string/encode_hex.sql,3,2,5.451776,1.817259,0,68.926513671875000000,63.848876953125000000,,
2026-07-24T04:11:50Z,FDB848351391CE1A,18.4,queries/Functions/09-05_binary_string/get_byte.sql,3,2,4.388270,1.462757,0,57.459045410156250000,53.298522949218750000,,
2026-07-24T04:12:21Z,FDB848351391CE1A,18.4,queries/Functions/09-05_binary_string/md5_bytea.sql,3,2,18.311837,6.103946,0,221.488220214843750000,205.263610839843750000,,
2026-07-24T04:12:28Z,FDB848351391CE1A,18.4,queries/Functions/09-05_binary_string/octet_length.sql,3,2,4.328775,1.442925,0,56.547241210937500000,52.486511230468750000,,
2026-07-24T04:12:37Z,FDB848351391CE1A,18.4,queries/Functions/09-05_binary_string/set_byte.sql,3,2,5.124024,1.708008,0,63.428100585937500000,58.635864257812500000,,
2026-07-24T04:13:10Z,FDB848351391CE1A,18.4,queries/Functions/09-05_binary_string/sha224.sql,3,2,20.023083,6.674361,0,243.859863281250000000,225.974670410156250000,,
2026-07-24T04:13:44Z,FDB848351391CE1A,18.4,queries/Functions/09-05_binary_string/sha256.sql,3,2,19.990718,6.663573,0,242.495422363281250000,224.815307617187500000,,
2026-07-24T04:14:21Z,FDB848351391CE1A,18.4,queries/Functions/09-05_binary_string/sha384.sql,3,2,22.061427,7.353809,0,267.034729003906250000,247.430358886718750000,,
2026-07-24T04:14:57Z,FDB848351391CE1A,18.4,queries/Functions/09-05_binary_string/sha512.sql,3,2,22.134394,7.378131,0,265.184570312500000000,245.526550292968750000,,
2026-07-24T04:15:05Z,FDB848351391CE1A,18.4,queries/Functions/09-05_binary_string/substring_bytea.sql,3,2,4.922877,1.640959,0,61.898132324218750000,57.379333496093750000,,
2026-07-24T04:15:10Z,FDB848351391CE1A,18.4,queries/Functions/09-06_bit_string/and.sql,3,2,2.600225,0.866742,0,35.733703613281250000,33.091552734375000000,,
2026-07-24T04:15:13Z,FDB848351391CE1A,18.4,queries/Functions/09-06_bit_string/bit_count.sql,3,2,2.162203,0.720734,0,24.285522460937500000,22.156799316406250000,,
2026-07-24T04:15:17Z,FDB848351391CE1A,18.4,queries/Functions/09-06_bit_string/cast_bit.sql,3,2,2.032218,0.677406,0,23.599121093750000000,21.585388183593750000,,
2026-07-24T04:15:22Z,FDB848351391CE1A,18.4,queries/Functions/09-06_bit_string/concat_bit.sql,3,2,2.844773,0.948258,0,39.457702636718750000,36.676330566406250000,,
2026-07-24T04:15:25Z,FDB848351391CE1A,18.4,queries/Functions/09-06_bit_string/get_bit.sql,3,2,2.150490,0.716830,0,23.854919433593750000,21.783874511718750000,,
2026-07-24T04:15:29Z,FDB848351391CE1A,18.4,queries/Functions/09-06_bit_string/length_bit.sql,3,2,2.082647,0.694216,0,23.976318359375000000,21.893798828125000000,,
2026-07-24T04:15:32Z,FDB848351391CE1A,18.4,queries/Functions/09-06_bit_string/not.sql,3,2,2.273274,0.757758,0,25.886840820312500000,23.676086425781250000,,
2026-07-24T04:15:37Z,FDB848351391CE1A,18.4,queries/Functions/09-06_bit_string/or.sql,3,2,2.584634,0.861545,0,36.130676269531250000,33.569091796875000000,,
2026-07-24T04:15:42Z,FDB848351391CE1A,18.4,queries/Functions/09-06_bit_string/overlay_bit.sql,3,2,3.312818,1.104273,0,37.918884277343750000,34.812255859375000000,,
2026-07-24T04:15:46Z,FDB848351391CE1A,18.4,queries/Functions/09-06_bit_string/set_bit.sql,3,2,2.298873,0.766291,0,26.704772949218750000,24.423828125000000000,,
2026-07-24T04:15:50Z,FDB848351391CE1A,18.4,queries/Functions/09-06_bit_string/shift_left.sql,3,2,2.404917,0.801639,0,27.425598144531250000,25.059387207031250000,,
2026-07-24T04:15:54Z,FDB848351391CE1A,18.4,queries/Functions/09-06_bit_string/shift_right.sql,3,2,2.518354,0.839451,0,28.218444824218750000,25.759582519531250000,,
2026-07-24T04:15:58Z,FDB848351391CE1A,18.4,queries/Functions/09-06_bit_string/substring_bit.sql,3,2,2.364680,0.788227,0,26.738830566406250000,24.437377929687500000,,
2026-07-24T04:16:03Z,FDB848351391CE1A,18.4,queries/Functions/09-06_bit_string/xor.sql,3,2,2.601200,0.867067,0,36.274536132812500000,33.654541015625000000,,
2026-07-24T04:16:25Z,FDB848351391CE1A,18.4,queries/Functions/09-07_pattern_matching/ilike.sql,3,2,13.478885,4.492962,0,170.883666992187500000,158.816223144531250000,,
2026-07-24T04:16:33Z,FDB848351391CE1A,18.4,queries/Functions/09-07_pattern_matching/like.sql,3,2,4.493924,1.497975,0,56.063293457031250000,51.782409667968750000,,
2026-07-24T04:16:38Z,FDB848351391CE1A,18.4,queries/Functions/09-07_pattern_matching/like_prefix.sql,3,2,3.306728,1.102243,0,44.788085937500000000,41.433776855468750000,,
2026-07-24T04:17:01Z,FDB848351391CE1A,18.4,queries/Functions/09-07_pattern_matching/not_ilike.sql,3,2,13.486989,4.495663,0,172.521728515625000000,160.299316406250000000,,
2026-07-24T04:17:08Z,FDB848351391CE1A,18.4,queries/Functions/09-07_pattern_matching/not_like.sql,3,2,4.530212,1.510071,0,56.495422363281250000,52.185607910156250000,,
2026-07-24T04:17:36Z,FDB848351391CE1A,18.4,queries/Functions/09-07_pattern_matching/regex_alternation.sql,3,2,17.168226,5.722742,0,202.591064453125000000,187.403503417968750000,,
2026-07-24T04:17:48Z,FDB848351391CE1A,18.4,queries/Functions/09-07_pattern_matching/regex_anchored.sql,3,2,7.004312,2.334771,0,89.137695312500000000,82.709594726562500000,,
2026-07-24T04:18:18Z,FDB848351391CE1A,18.4,queries/Functions/09-07_pattern_matching/regex_backtrack.sql,3,2,18.081626,6.027209,0,219.029724121093750000,202.880920410156250000,,
2026-07-24T04:18:33Z,FDB848351391CE1A,18.4,queries/Functions/09-07_pattern_matching/regex_charclass.sql,3,2,9.034018,3.011339,0,107.969421386718750000,99.907287597656250000,,
2026-07-24T04:18:53Z,FDB848351391CE1A,18.4,queries/Functions/09-07_pattern_matching/regex_match.sql,3,2,11.627062,3.875687,0,141.018432617187500000,130.624328613281250000,,
2026-07-24T04:19:12Z,FDB848351391CE1A,18.4,queries/Functions/09-07_pattern_matching/regex_match_ci.sql,3,2,11.682725,3.894242,0,141.458068847656250000,131.045898437500000000,,
2026-07-24T04:19:31Z,FDB848351391CE1A,18.4,queries/Functions/09-07_pattern_matching/regex_not_match.sql,3,2,11.520723,3.840241,0,142.175415039062500000,131.698852539062500000,,
2026-07-24T04:19:50Z,FDB848351391CE1A,18.4,queries/Functions/09-07_pattern_matching/regex_not_match_ci.sql,3,2,11.521050,3.840350,0,142.303222656250000000,131.903442382812500000,,
2026-07-24T04:20:17Z,FDB848351391CE1A,18.4,queries/Functions/09-07_pattern_matching/regexp_count.sql,3,2,16.149667,5.383222,0,196.984985351562500000,182.849670410156250000,,
2026-07-24T04:20:44Z,FDB848351391CE1A,18.4,queries/Functions/09-07_pattern_matching/regexp_instr.sql,3,2,16.122993,5.374331,0,195.279235839843750000,180.920898437500000000,,
2026-07-24T04:21:03Z,FDB848351391CE1A,18.4,queries/Functions/09-07_pattern_matching/regexp_like.sql,3,2,11.649393,3.883131,0,143.406005859375000000,132.891235351562500000,,
2026-07-24T04:21:28Z,FDB848351391CE1A,18.4,queries/Functions/09-07_pattern_matching/regexp_match.sql,3,2,14.816788,4.938929,0,179.564392089843750000,166.223083496093750000,,
2026-07-24T04:21:52Z,FDB848351391CE1A,18.4,queries/Functions/09-07_pattern_matching/regexp_replace.sql,3,2,14.583479,4.861160,0,178.417663574218750000,165.445312500000000000,,
2026-07-24T04:22:21Z,FDB848351391CE1A,18.4,queries/Functions/09-07_pattern_matching/regexp_replace_global.sql,3,2,16.832639,5.610880,0,206.267761230468750000,191.439270019531250000,,
2026-07-24T04:23:34Z,FDB848351391CE1A,18.4,queries/Functions/09-07_pattern_matching/regexp_split_to_array.sql,3,2,43.998374,14.666125,0,525.027038574218750000,486.591918945312500000,,
2026-07-24T04:24:03Z,FDB848351391CE1A,18.4,queries/Functions/09-07_pattern_matching/regexp_substr.sql,3,2,17.005548,5.668516,0,206.245361328125000000,191.212829589843750000,,
2026-07-24T04:24:24Z,FDB848351391CE1A,18.4,queries/Functions/09-07_pattern_matching/similar_to.sql,3,2,12.782608,4.260869,0,152.609069824218750000,141.044738769531250000,,
2026-07-24T04:24:47Z,FDB848351391CE1A,18.4,queries/Functions/09-07_pattern_matching/substring_regex.sql,3,2,14.024687,4.674896,0,171.812133789062500000,159.229736328125000000,,
2026-07-24T04:25:00Z,FDB848351391CE1A,18.4,queries/Functions/09-08_formatting/to_char_date.sql,3,2,7.993787,2.664596,0,101.042602539062500000,93.681579589843750000,,
2026-07-24T04:25:16Z,FDB848351391CE1A,18.4,queries/Functions/09-08_formatting/to_char_date_long.sql,3,2,9.571907,3.190636,0,116.792907714843750000,108.188659667968750000,,
2026-07-24T04:25:23Z,FDB848351391CE1A,18.4,queries/Functions/09-08_formatting/to_char_int.sql,3,2,4.431348,1.477116,0,51.344970703125000000,47.231384277343750000,,
2026-07-24T04:25:35Z,FDB848351391CE1A,18.4,queries/Functions/09-08_formatting/to_char_numeric.sql,3,2,6.731264,2.243755,0,86.070922851562500000,79.802978515625000000,,
2026-07-24T04:25:51Z,FDB848351391CE1A,18.4,queries/Functions/09-08_formatting/to_char_timestamp.sql,3,2,9.641584,3.213861,0,121.453552246093750000,112.687988281250000000,,
2026-07-24T04:26:12Z,FDB848351391CE1A,18.4,queries/Functions/09-08_formatting/to_date.sql,3,2,12.609289,4.203096,0,158.659790039062500000,147.293090820312500000,,
2026-07-24T04:26:31Z,FDB848351391CE1A,18.4,queries/Functions/09-08_formatting/to_number.sql,3,2,11.552790,3.850930,0,144.409301757812500000,133.988647460937500000,,
2026-07-24T04:26:34Z,FDB848351391CE1A,18.4,queries/Functions/09-08_formatting/to_timestamp.sql,3,2,1.734153,0.578051,0,19.995727539062500000,18.332336425781250000,,
2026-07-24T04:26:44Z,FDB848351391CE1A,18.4,queries/Functions/09-09_datetime/age_two_args.sql,3,2,6.155106,2.051702,0,77.666564941406250000,72.026123046875000000,,
2026-07-24T04:26:50Z,FDB848351391CE1A,18.4,queries/Functions/09-09_datetime/at_time_zone.sql,3,2,3.461570,1.153857,0,46.407470703125000000,43.081115722656250000,,
2026-07-24T04:26:54Z,FDB848351391CE1A,18.4,queries/Functions/09-09_datetime/cast_timestamp.sql,3,2,2.566526,0.855509,0,34.719055175781250000,32.161315917968750000,,
2026-07-24T04:26:59Z,FDB848351391CE1A,18.4,queries/Functions/09-09_datetime/date_add_time.sql,3,2,2.522031,0.840677,0,35.162963867187500000,32.662902832031250000,,
2026-07-24T04:27:03Z,FDB848351391CE1A,18.4,queries/Functions/09-09_datetime/date_bin.sql,3,2,2.746562,0.915521,0,37.352600097656250000,34.603027343750000000,,
2026-07-24T04:27:08Z,FDB848351391CE1A,18.4,queries/Functions/09-09_datetime/date_minus_date.sql,3,2,2.597554,0.865851,0,36.590270996093750000,34.022399902343750000,,
2026-07-24T04:27:12Z,FDB848351391CE1A,18.4,queries/Functions/09-09_datetime/date_minus_int.sql,3,2,2.477411,0.825804,0,34.617126464843750000,32.195861816406250000,,
2026-07-24T04:27:18Z,FDB848351391CE1A,18.4,queries/Functions/09-09_datetime/date_part.sql,3,2,3.519903,1.173301,0,48.189270019531250000,44.744384765625000000,,
2026-07-24T04:27:22Z,FDB848351391CE1A,18.4,queries/Functions/09-09_datetime/date_plus_int.sql,3,2,2.458904,0.819635,0,34.692993164062500000,32.197692871093750000,,
2026-07-24T04:27:27Z,FDB848351391CE1A,18.4,queries/Functions/09-09_datetime/date_plus_interval.sql,3,2,3.186195,1.062065,0,43.617492675781250000,40.577270507812500000,,
2026-07-24T04:27:33Z,FDB848351391CE1A,18.4,queries/Functions/09-09_datetime/date_trunc_day.sql,3,2,3.653138,1.217713,0,49.902770996093750000,46.351013183593750000,,
2026-07-24T04:27:40Z,FDB848351391CE1A,18.4,queries/Functions/09-09_datetime/date_trunc_month.sql,3,2,3.814796,1.271599,0,51.160888671875000000,47.511535644531250000,,
2026-07-24T04:27:46Z,FDB848351391CE1A,18.4,queries/Functions/09-09_datetime/extract_day.sql,3,2,3.826923,1.275641,0,52.616699218750000000,48.939697265625000000,,
2026-07-24T04:27:54Z,FDB848351391CE1A,18.4,queries/Functions/09-09_datetime/extract_dow.sql,3,2,4.909874,1.636625,0,61.834167480468750000,57.226684570312500000,,
2026-07-24T04:28:02Z,FDB848351391CE1A,18.4,queries/Functions/09-09_datetime/extract_doy.sql,3,2,4.511009,1.503670,0,59.852478027343750000,55.548706054687500000,,
2026-07-24T04:28:09Z,FDB848351391CE1A,18.4,queries/Functions/09-09_datetime/extract_epoch.sql,3,2,4.148898,1.382966,0,54.464843750000000000,50.579528808593750000,,
2026-07-24T04:28:15Z,FDB848351391CE1A,18.4,queries/Functions/09-09_datetime/extract_month.sql,3,2,3.869527,1.289842,0,53.237548828125000000,49.616210937500000000,,
2026-07-24T04:28:22Z,FDB848351391CE1A,18.4,queries/Functions/09-09_datetime/extract_quarter.sql,3,2,3.964600,1.321533,0,53.392333984375000000,49.643676757812500000,,
2026-07-24T04:28:29Z,FDB848351391CE1A,18.4,queries/Functions/09-09_datetime/extract_week.sql,3,2,4.108396,1.369465,0,54.450866699218750000,50.556396484375000000,,
2026-07-24T04:28:35Z,FDB848351391CE1A,18.4,queries/Functions/09-09_datetime/extract_year.sql,3,2,3.838807,1.279602,0,52.849609375000000000,49.305053710937500000,,
2026-07-24T04:28:39Z,FDB848351391CE1A,18.4,queries/Functions/09-09_datetime/isfinite.sql,3,2,2.512275,0.837425,0,34.488586425781250000,31.942260742187500000,,
2026-07-24T04:28:50Z,FDB848351391CE1A,18.4,queries/Functions/09-09_datetime/justify_days.sql,3,2,6.355954,2.118651,0,79.467407226562500000,73.542358398437500000,,
2026-07-24T04:28:54Z,FDB848351391CE1A,18.4,queries/Functions/09-09_datetime/make_date.sql,3,2,2.555384,0.851795,0,32.576660156250000000,30.059204101562500000,,
2026-07-24T04:28:58Z,FDB848351391CE1A,18.4,queries/Functions/09-09_datetime/make_interval.sql,3,2,2.338524,0.779508,0,31.354492187500000000,28.956909179687500000,,
2026-07-24T04:29:02Z,FDB848351391CE1A,18.4,queries/Functions/09-09_datetime/make_timestamp.sql,3,2,2.379307,0.793102,0,32.745361328125000000,30.340332031250000000,,
2026-07-24T04:29:10Z,FDB848351391CE1A,18.4,queries/Functions/09-09_datetime/overlaps.sql,3,2,4.543309,1.514436,0,59.076660156250000000,54.733398437500000000,,
2026-07-24T04:29:22Z,FDB848351391CE1A,18.4,queries/Functions/09-11_geometric/box_area.sql,3,2,7.144981,2.381660,0,90.633605957031250000,84.027526855468750000,,
2026-07-24T04:29:34Z,FDB848351391CE1A,18.4,queries/Functions/09-11_geometric/box_center.sql,3,2,7.459128,2.486376,0,93.114074707031250000,86.322021484375000000,,
2026-07-24T04:29:46Z,FDB848351391CE1A,18.4,queries/Functions/09-11_geometric/box_contains_point.sql,3,2,7.075808,2.358603,0,89.836914062500000000,83.162658691406250000,,
2026-07-24T04:29:58Z,FDB848351391CE1A,18.4,queries/Functions/09-11_geometric/box_make.sql,3,2,7.006827,2.335609,0,88.742065429687500000,82.147949218750000000,,
2026-07-24T04:30:10Z,FDB848351391CE1A,18.4,queries/Functions/09-11_geometric/box_overlaps.sql,3,2,7.503550,2.501183,0,92.357788085937500000,85.546630859375000000,,
2026-07-24T04:30:21Z,FDB848351391CE1A,18.4,queries/Functions/09-11_geometric/circle_area.sql,3,2,6.880076,2.293359,0,87.036010742187500000,80.673828125000000000,,
2026-07-24T04:30:33Z,FDB848351391CE1A,18.4,queries/Functions/09-11_geometric/circle_make.sql,3,2,6.854831,2.284944,0,85.474914550781250000,79.109130859375000000,,
2026-07-24T04:30:45Z,FDB848351391CE1A,18.4,queries/Functions/09-11_geometric/lseg_length.sql,3,2,7.085212,2.361737,0,88.524780273437500000,81.953186035156250000,,
2026-07-24T04:30:56Z,FDB848351391CE1A,18.4,queries/Functions/09-11_geometric/lseg_make.sql,3,2,6.923818,2.307939,0,86.825561523437500000,80.301940917968750000,,
2026-07-24T04:31:08Z,FDB848351391CE1A,18.4,queries/Functions/09-11_geometric/point_add.sql,3,2,6.878261,2.292754,0,86.488464355468750000,80.095703125000000000,,
2026-07-24T04:31:19Z,FDB848351391CE1A,18.4,queries/Functions/09-11_geometric/point_distance.sql,3,2,6.977742,2.325914,0,86.922119140625000000,80.387756347656250000,,
2026-07-24T04:31:31Z,FDB848351391CE1A,18.4,queries/Functions/09-11_geometric/point_make.sql,3,2,6.804847,2.268282,0,84.787719726562500000,78.372436523437500000,,
2026-07-24T04:31:43Z,FDB848351391CE1A,18.4,queries/Functions/09-11_geometric/point_mul.sql,3,2,6.925971,2.308657,0,86.915771484375000000,80.501770019531250000,,
2026-07-24T04:31:51Z,FDB848351391CE1A,18.4,queries/Functions/09-12_network/abbrev.sql,3,2,5.145870,1.715290,0,60.917419433593750000,56.182250976562500000,,
2026-07-24T04:31:56Z,FDB848351391CE1A,18.4,queries/Functions/09-12_network/broadcast.sql,3,2,2.667988,0.889329,0,30.452209472656250000,27.998413085937500000,,
2026-07-24T04:32:00Z,FDB848351391CE1A,18.4,queries/Functions/09-12_network/contained_by.sql,3,2,2.549374,0.849791,0,29.163330078125000000,26.692749023437500000,,
2026-07-24T04:32:04Z,FDB848351391CE1A,18.4,queries/Functions/09-12_network/contained_by_eq.sql,3,2,2.559191,0.853064,0,29.166137695312500000,26.737854003906250000,,
2026-07-24T04:32:09Z,FDB848351391CE1A,18.4,queries/Functions/09-12_network/contains.sql,3,2,2.530853,0.843618,0,29.219482421875000000,26.728637695312500000,,
2026-07-24T04:32:13Z,FDB848351391CE1A,18.4,queries/Functions/09-12_network/family.sql,3,2,2.461712,0.820571,0,27.454101562500000000,25.116516113281250000,,
2026-07-24T04:32:21Z,FDB848351391CE1A,18.4,queries/Functions/09-12_network/host.sql,3,2,5.235641,1.745214,0,62.001586914062500000,57.219421386718750000,,
2026-07-24T04:32:24Z,FDB848351391CE1A,18.4,queries/Functions/09-12_network/hostmask.sql,3,2,1.602308,0.534103,0,18.222656250000000000,16.601623535156250000,,
2026-07-24T04:32:29Z,FDB848351391CE1A,18.4,queries/Functions/09-12_network/inet_add.sql,3,2,2.797153,0.932384,0,31.617370605468750000,28.987548828125000000,,
2026-07-24T04:32:33Z,FDB848351391CE1A,18.4,queries/Functions/09-12_network/inet_cast.sql,3,2,2.391462,0.797154,0,27.048278808593750000,24.737976074218750000,,
2026-07-24T04:32:37Z,FDB848351391CE1A,18.4,queries/Functions/09-12_network/inet_sub_inet.sql,3,2,2.522346,0.840782,0,28.871093750000000000,26.392089843750000000,,
2026-07-24T04:32:42Z,FDB848351391CE1A,18.4,queries/Functions/09-12_network/inet_sub_int.sql,3,2,2.782568,0.927523,0,31.634521484375000000,28.975341796875000000,,
2026-07-24T04:32:45Z,FDB848351391CE1A,18.4,queries/Functions/09-12_network/macaddr_cast.sql,3,2,2.196258,0.732086,0,24.712524414062500000,22.590942382812500000,,
2026-07-24T04:32:49Z,FDB848351391CE1A,18.4,queries/Functions/09-12_network/masklen.sql,3,2,2.424189,0.808063,0,27.347229003906250000,24.971557617187500000,,
2026-07-24T04:32:52Z,FDB848351391CE1A,18.4,queries/Functions/09-12_network/netmask.sql,3,2,1.546603,0.515534,0,17.983886718750000000,16.393493652343750000,,
2026-07-24T04:32:56Z,FDB848351391CE1A,18.4,queries/Functions/09-12_network/network.sql,3,2,2.777185,0.925728,0,31.223022460937500000,28.577087402343750000,,
2026-07-24T04:33:01Z,FDB848351391CE1A,18.4,queries/Functions/09-12_network/overlaps.sql,3,2,2.562828,0.854276,0,28.875000000000000000,26.434509277343750000,,
2026-07-24T04:33:05Z,FDB848351391CE1A,18.4,queries/Functions/09-12_network/set_masklen.sql,3,2,2.645576,0.881859,0,30.565734863281250000,28.038879394531250000,,
2026-07-24T04:33:51Z,FDB848351391CE1A,18.4,queries/Functions/09-13_text_search/length_tsvector.sql,3,2,28.277979,9.425993,0,672.648376464843750000,646.112976074218750000,,
2026-07-24T04:34:41Z,FDB848351391CE1A,18.4,queries/Functions/09-13_text_search/match.sql,3,2,29.976374,9.992125,0,657.828063964843750000,629.741333007812500000,,
2026-07-24T04:35:32Z,FDB848351391CE1A,18.4,queries/Functions/09-13_text_search/numnode.sql,3,2,30.986955,10.328985,0,680.018676757812500000,650.763183593750000000,,
2026-07-24T04:36:24Z,FDB848351391CE1A,18.4,queries/Functions/09-13_text_search/phraseto_tsquery.sql,3,2,30.890436,10.296812,0,677.943542480468750000,648.810852050781250000,,
2026-07-24T04:37:15Z,FDB848351391CE1A,18.4,queries/Functions/09-13_text_search/plainto_tsquery.sql,3,2,31.062259,10.354086,0,681.694702148437500000,652.006713867187500000,,
2026-07-24T04:38:05Z,FDB848351391CE1A,18.4,queries/Functions/09-13_text_search/setweight.sql,3,2,29.765810,9.921937,0,653.237487792968750000,625.606445312500000000,,
2026-07-24T04:38:55Z,FDB848351391CE1A,18.4,queries/Functions/09-13_text_search/strip.sql,3,2,29.985449,9.995150,0,658.052612304687500000,630.168884277343750000,,
2026-07-24T04:38:58Z,FDB848351391CE1A,18.4,queries/Functions/09-13_text_search/to_tsquery.sql,3,2,1.640491,0.546830,0,19.671875000000000000,17.966979980468750000,,
2026-07-24T04:39:46Z,FDB848351391CE1A,18.4,queries/Functions/09-13_text_search/to_tsvector.sql,3,2,29.380211,9.793404,0,644.688293457031250000,617.257751464843750000,,
2026-07-24T04:40:19Z,FDB848351391CE1A,18.4,queries/Functions/09-13_text_search/to_tsvector_simple.sql,3,2,19.876232,6.625411,0,436.217773437500000000,417.373779296875000000,,
2026-07-24T04:41:10Z,FDB848351391CE1A,18.4,queries/Functions/09-13_text_search/ts_headline.sql,3,2,30.491245,10.163748,0,668.315063476562500000,639.939514160156250000,,
2026-07-24T04:42:00Z,FDB848351391CE1A,18.4,queries/Functions/09-13_text_search/ts_rank.sql,3,2,29.916777,9.972259,0,656.530212402343750000,628.945373535156250000,,
2026-07-24T04:42:58Z,FDB848351391CE1A,18.4,queries/Functions/09-13_text_search/websearch_to_tsquery.sql,3,2,34.837051,11.612350,0,764.618347167968750000,731.762145996093750000,,
2026-07-24T04:43:47Z,FDB848351391CE1A,18.4,queries/Functions/09-14_uuid/gen_random_uuid.sql,3,2,29.184238,9.728079,0,329.842041015625000000,304.048706054687500000,,
2026-07-24T04:44:27Z,FDB848351391CE1A,18.4,queries/Functions/09-14_uuid/uuid_from_md5.sql,3,2,23.977393,7.992464,0,291.572998046875000000,270.495910644531250000,,
2026-07-24T04:45:17Z,FDB848351391CE1A,18.4,queries/Functions/09-14_uuid/uuid_to_text.sql,3,2,30.111185,10.037062,0,333.964111328125000000,307.806152343750000000,,
2026-07-24T04:46:48Z,FDB848351391CE1A,18.4,queries/Functions/09-15_xml/xml_is_well_formed.sql,3,2,54.938196,18.312732,0,674.502197265625000000,626.748535156250000000,,
2026-07-24T04:47:22Z,FDB848351391CE1A,18.4,queries/Functions/09-15_xml/xml_to_text.sql,3,2,19.927017,6.642339,0,252.416320800781250000,234.646606445312500000,,
2026-07-24T04:47:38Z,FDB848351391CE1A,18.4,queries/Functions/09-15_xml/xmlcomment.sql,3,2,10.026906,3.342302,0,128.636657714843750000,119.587768554687500000,,
2026-07-24T04:48:40Z,FDB848351391CE1A,18.4,queries/Functions/09-15_xml/xmlconcat.sql,3,2,37.118609,12.372870,0,463.918579101562500000,431.347167968750000000,,
2026-07-24T04:49:14Z,FDB848351391CE1A,18.4,queries/Functions/09-15_xml/xmlelement.sql,3,2,20.114006,6.704669,0,251.213745117187500000,233.367248535156250000,,
2026-07-24T04:49:54Z,FDB848351391CE1A,18.4,queries/Functions/09-15_xml/xmlelement_attrs.sql,3,2,24.057727,8.019242,0,303.554382324218750000,282.156188964843750000,,
2026-07-24T04:50:15Z,FDB848351391CE1A,18.4,queries/Functions/09-15_xml/xmlforest.sql,3,2,12.503913,4.167971,0,160.780639648437500000,149.608337402343750000,,
2026-07-24T04:50:24Z,FDB848351391CE1A,18.4,queries/Functions/09-15_xml/xmlpi.sql,3,2,5.701239,1.900413,0,73.218261718750000000,67.826171875000000000,,
2026-07-24T04:54:36Z,FDB848351391CE1A,18.4,queries/Functions/09-15_xml/xpath.sql,3,2,151.601199,50.533733,0,1752.588684082031250000,1622.425415039062500000,,
2026-07-24T04:55:12Z,FDB848351391CE1A,18.4,queries/Functions/09-16_json/arrow_object.sql,3,2,21.802861,7.267620,0,272.523254394531250000,253.210205078125000000,,
2026-07-24T04:55:46Z,FDB848351391CE1A,18.4,queries/Functions/09-16_json/arrow_text.sql,3,2,20.250030,6.750010,0,257.795898437500000000,239.734863281250000000,,
2026-07-24T04:56:22Z,FDB848351391CE1A,18.4,queries/Functions/09-16_json/contains.sql,3,2,21.202479,7.067493,0,269.606323242187500000,250.695190429687500000,,
2026-07-24T04:56:39Z,FDB848351391CE1A,18.4,queries/Functions/09-16_json/json_build_array.sql,3,2,10.410575,3.470192,0,131.525451660156250000,122.157958984375000000,,
2026-07-24T04:57:05Z,FDB848351391CE1A,18.4,queries/Functions/09-16_json/json_build_object.sql,3,2,15.839163,5.279721,0,199.393249511718750000,185.376159667968750000,,
2026-07-24T04:57:26Z,FDB848351391CE1A,18.4,queries/Functions/09-16_json/jsonb_array_length.sql,3,2,12.412232,4.137411,0,159.037292480468750000,147.673034667968750000,,
2026-07-24T04:57:47Z,FDB848351391CE1A,18.4,queries/Functions/09-16_json/jsonb_build_array.sql,3,2,12.406288,4.135429,0,158.378356933593750000,147.171630859375000000,,
2026-07-24T04:58:20Z,FDB848351391CE1A,18.4,queries/Functions/09-16_json/jsonb_build_object.sql,3,2,19.866511,6.622170,0,248.578918457031250000,230.992065429687500000,,
2026-07-24T04:58:48Z,FDB848351391CE1A,18.4,queries/Functions/09-16_json/jsonb_insert.sql,3,2,16.718928,5.572976,0,202.659545898437500000,187.937683105468750000,,
2026-07-24T04:59:58Z,FDB848351391CE1A,18.4,queries/Functions/09-16_json/jsonb_object_keys_arr.sql,3,2,42.257134,14.085711,0,529.670043945312500000,492.978149414062500000,,
2026-07-24T05:00:18Z,FDB848351391CE1A,18.4,queries/Functions/09-16_json/jsonb_path_exists.sql,3,2,12.085946,4.028649,0,147.282226562500000000,136.473632812500000000,,
2026-07-24T05:00:41Z,FDB848351391CE1A,18.4,queries/Functions/09-16_json/jsonb_path_query.sql,3,2,13.652710,4.550903,0,166.554870605468750000,154.341857910156250000,,
2026-07-24T05:01:04Z,FDB848351391CE1A,18.4,queries/Functions/09-16_json/jsonb_path_query_array.sql,3,2,13.693082,4.564361,0,166.989318847656250000,154.859863281250000000,,
2026-07-24T05:01:45Z,FDB848351391CE1A,18.4,queries/Functions/09-16_json/jsonb_pretty.sql,3,2,24.490914,8.163638,0,307.939514160156250000,286.322998046875000000,,
2026-07-24T05:02:27Z,FDB848351391CE1A,18.4,queries/Functions/09-16_json/jsonb_set.sql,3,2,25.182535,8.394178,0,315.923583984375000000,293.817077636718750000,,
2026-07-24T05:03:06Z,FDB848351391CE1A,18.4,queries/Functions/09-16_json/jsonb_strip_nulls.sql,3,2,23.529362,7.843121,0,299.331176757812500000,278.560607910156250000,,
2026-07-24T05:03:46Z,FDB848351391CE1A,18.4,queries/Functions/09-16_json/jsonb_to_text.sql,3,2,24.241002,8.080334,0,306.258361816406250000,284.945190429687500000,,
2026-07-24T05:04:01Z,FDB848351391CE1A,18.4,queries/Functions/09-16_json/jsonb_typeof.sql,3,2,8.294052,2.764684,0,107.117797851562500000,99.508666992187500000,,
2026-07-24T05:04:25Z,FDB848351391CE1A,18.4,queries/Functions/09-16_json/jsonpath_exists_op.sql,3,2,14.643722,4.881241,0,177.055236816406250000,163.957580566406250000,,
2026-07-24T05:04:49Z,FDB848351391CE1A,18.4,queries/Functions/09-16_json/jsonpath_match_op.sql,3,2,14.360784,4.786928,0,174.158752441406250000,161.375915527343750000,,
2026-07-24T05:05:23Z,FDB848351391CE1A,18.4,queries/Functions/09-16_json/key_exists.sql,3,2,20.128948,6.709649,0,256.549804687500000000,238.486999511718750000,,
2026-07-24T05:06:00Z,FDB848351391CE1A,18.4,queries/Functions/09-16_json/path_extract.sql,3,2,22.428279,7.476093,0,285.435791015625000000,265.544982910156250000,,
2026-07-24T05:06:36Z,FDB848351391CE1A,18.4,queries/Functions/09-16_json/path_extract_text.sql,3,2,21.121101,7.040367,0,267.510620117187500000,248.652038574218750000,,
2026-07-24T05:06:53Z,FDB848351391CE1A,18.4,queries/Functions/09-16_json/row_to_json.sql,3,2,10.475881,3.491960,0,133.873718261718750000,124.363342285156250000,,
2026-07-24T05:07:04Z,FDB848351391CE1A,18.4,queries/Functions/09-16_json/to_json.sql,3,2,6.960821,2.320274,0,89.357543945312500000,82.843688964843750000,,
2026-07-24T05:07:17Z,FDB848351391CE1A,18.4,queries/Functions/09-16_json/to_jsonb.sql,3,2,7.361755,2.453918,0,96.019042968750000000,89.389648437500000000,,
2026-07-24T05:07:23Z,FDB848351391CE1A,18.4,queries/Functions/09-18_conditional/case_searched.sql,3,2,3.206276,1.068759,0,43.124328613281250000,40.021118164062500000,,
2026-07-24T05:07:27Z,FDB848351391CE1A,18.4,queries/Functions/09-18_conditional/case_simple.sql,3,2,2.877126,0.959042,0,39.795776367187500000,36.949707031250000000,,
2026-07-24T05:07:33Z,FDB848351391CE1A,18.4,queries/Functions/09-18_conditional/coalesce.sql,3,2,3.001590,1.000530,0,40.978759765625000000,38.105773925781250000,,
2026-07-24T05:07:37Z,FDB848351391CE1A,18.4,queries/Functions/09-18_conditional/nullif.sql,3,2,2.554229,0.851410,0,35.926696777343750000,33.355407714843750000,,
2026-07-24T05:07:45Z,FDB848351391CE1A,18.4,queries/Functions/09-19_array/array_append.sql,3,2,4.950195,1.650065,0,65.494873046875000000,60.835937500000000000,,
2026-07-24T05:07:52Z,FDB848351391CE1A,18.4,queries/Functions/09-19_array/array_cat.sql,3,2,4.329252,1.443084,0,57.958435058593750000,53.783813476562500000,,
2026-07-24T05:08:00Z,FDB848351391CE1A,18.4,queries/Functions/09-19_array/array_concat_op.sql,3,2,4.329576,1.443192,0,58.153198242187500000,53.868896484375000000,,
2026-07-24T05:08:04Z,FDB848351391CE1A,18.4,queries/Functions/09-19_array/array_construct.sql,3,2,2.838365,0.946122,0,39.223266601562500000,36.467651367187500000,,
2026-07-24T05:08:12Z,FDB848351391CE1A,18.4,queries/Functions/09-19_array/array_contains.sql,3,2,4.493381,1.497794,0,59.790710449218750000,55.425537109375000000,,
2026-07-24T05:08:19Z,FDB848351391CE1A,18.4,queries/Functions/09-19_array/array_dims.sql,3,2,4.437011,1.479004,0,59.075317382812500000,54.840698242187500000,,
2026-07-24T05:08:24Z,FDB848351391CE1A,18.4,queries/Functions/09-19_array/array_length.sql,3,2,3.163838,1.054613,0,41.487365722656250000,38.395935058593750000,,
2026-07-24T05:08:29Z,FDB848351391CE1A,18.4,queries/Functions/09-19_array/array_ndims.sql,3,2,2.890976,0.963659,0,39.741394042968750000,36.857421875000000000,,
2026-07-24T05:08:37Z,FDB848351391CE1A,18.4,queries/Functions/09-19_array/array_overlap.sql,3,2,4.627575,1.542525,0,60.568481445312500000,56.167358398437500000,,
2026-07-24T05:08:43Z,FDB848351391CE1A,18.4,queries/Functions/09-19_array/array_position.sql,3,2,4.007591,1.335864,0,51.814331054687500000,48.030090332031250000,,
2026-07-24T05:08:52Z,FDB848351391CE1A,18.4,queries/Functions/09-19_array/array_positions.sql,3,2,5.442211,1.814070,0,70.317993164062500000,65.166259765625000000,,
2026-07-24T05:09:01Z,FDB848351391CE1A,18.4,queries/Functions/09-19_array/array_prepend.sql,3,2,5.462798,1.820933,0,68.929260253906250000,63.798278808593750000,,
2026-07-24T05:09:08Z,FDB848351391CE1A,18.4,queries/Functions/09-19_array/array_remove.sql,3,2,4.483418,1.494473,0,57.386962890625000000,53.038208007812500000,,
2026-07-24T05:09:16Z,FDB848351391CE1A,18.4,queries/Functions/09-19_array/array_replace.sql,3,2,4.398374,1.466125,0,57.968383789062500000,53.789611816406250000,,
2026-07-24T05:09:23Z,FDB848351391CE1A,18.4,queries/Functions/09-19_array/array_slice.sql,3,2,4.366346,1.455449,0,58.065551757812500000,53.984191894531250000,,
2026-07-24T05:09:29Z,FDB848351391CE1A,18.4,queries/Functions/09-19_array/array_subscript.sql,3,2,3.552796,1.184265,0,45.563293457031250000,42.146789550781250000,,
2026-07-24T05:09:37Z,FDB848351391CE1A,18.4,queries/Functions/09-19_array/array_to_string.sql,3,2,5.100485,1.700162,0,67.169860839843750000,62.424987792968750000,,
2026-07-24T05:09:42Z,FDB848351391CE1A,18.4,queries/Functions/09-19_array/array_upper.sql,3,2,2.934167,0.978056,0,40.168151855468750000,37.317810058593750000,,
2026-07-24T05:09:48Z,FDB848351391CE1A,18.4,queries/Functions/09-19_array/cardinality.sql,3,2,3.158590,1.052863,0,41.861389160156250000,38.674377441406250000,,
2026-07-24T05:10:05Z,FDB848351391CE1A,18.4,queries/Functions/09-19_array/string_to_array.sql,3,2,10.581984,3.527328,0,133.892944335937500000,124.209289550781250000,,
2026-07-24T05:10:13Z,FDB848351391CE1A,18.4,queries/Functions/09-19_array/trim_array.sql,3,2,4.513294,1.504431,0,59.895324707031250000,55.677734375000000000,,
2026-07-24T05:10:26Z,FDB848351391CE1A,18.4,queries/Functions/09-20_range/adjacent.sql,3,2,7.717160,2.572387,0,96.419738769531250000,89.324157714843750000,,
2026-07-24T05:10:35Z,FDB848351391CE1A,18.4,queries/Functions/09-20_range/contained_by.sql,3,2,5.736534,1.912178,0,75.340576171875000000,69.882324218750000000,,
2026-07-24T05:10:45Z,FDB848351391CE1A,18.4,queries/Functions/09-20_range/contains_elem.sql,3,2,5.517313,1.839104,0,74.853637695312500000,69.646728515625000000,,
2026-07-24T05:10:54Z,FDB848351391CE1A,18.4,queries/Functions/09-20_range/contains_range.sql,3,2,5.739558,1.913186,0,74.320739746093750000,68.978820800781250000,,
2026-07-24T05:11:04Z,FDB848351391CE1A,18.4,queries/Functions/09-20_range/daterange_make.sql,3,2,5.770039,1.923346,0,72.557373046875000000,67.112243652343750000,,
2026-07-24T05:11:17Z,FDB848351391CE1A,18.4,queries/Functions/09-20_range/intersect.sql,3,2,8.063131,2.687710,0,102.045959472656250000,94.646362304687500000,,
2026-07-24T05:11:26Z,FDB848351391CE1A,18.4,queries/Functions/09-20_range/isempty.sql,3,2,5.129962,1.709987,0,68.651000976562500000,63.829589843750000000,,
2026-07-24T05:11:35Z,FDB848351391CE1A,18.4,queries/Functions/09-20_range/lower.sql,3,2,5.293533,1.764511,0,70.814636230468750000,65.750244140625000000,,
2026-07-24T05:11:45Z,FDB848351391CE1A,18.4,queries/Functions/09-20_range/multirange.sql,3,2,6.007815,2.002605,0,78.445251464843750000,72.784606933593750000,,
2026-07-24T05:11:56Z,FDB848351391CE1A,18.4,queries/Functions/09-20_range/overlaps.sql,3,2,6.500908,2.166969,0,81.332031250000000000,75.355468750000000000,,
2026-07-24T05:12:05Z,FDB848351391CE1A,18.4,queries/Functions/09-20_range/strictly_left.sql,3,2,5.635083,1.878361,0,73.744750976562500000,68.466003417968750000,,
2026-07-24T05:12:15Z,FDB848351391CE1A,18.4,queries/Functions/09-20_range/strictly_right.sql,3,2,5.773799,1.924600,0,74.458862304687500000,68.997253417968750000,,
2026-07-24T05:12:32Z,FDB848351391CE1A,18.4,queries/Functions/09-20_range/union.sql,3,2,9.762690,3.254230,0,127.634582519531250000,118.789489746093750000,,
2026-07-24T05:12:41Z,FDB848351391CE1A,18.4,queries/Functions/09-20_range/upper.sql,3,2,5.330988,1.776996,0,70.729370117187500000,65.815368652343750000,,
2026-07-24T05:12:51Z,FDB848351391CE1A,18.4,queries/Functions/09-21_aggregate/array_agg.sql,3,2,6.110304,2.036768,0,71.690002441406250000,65.671752929687500000,,
2026-07-24T05:13:08Z,FDB848351391CE1A,18.4,queries/Functions/09-21_aggregate/array_agg_orderby.sql,3,2,10.577405,3.525802,0,124.879821777343750000,115.075195312500000000,,
2026-07-24T05:13:11Z,FDB848351391CE1A,18.4,queries/Functions/09-21_aggregate/avg.sql,3,2,1.601072,0.533691,0,35.470886230468750000,33.734069824218750000,,
2026-07-24T05:13:13Z,FDB848351391CE1A,18.4,queries/Functions/09-21_aggregate/bit_and.sql,3,2,1.242506,0.414169,0,23.001464843750000000,21.516540527343750000,,
2026-07-24T05:13:15Z,FDB848351391CE1A,18.4,queries/Functions/09-21_aggregate/bit_or.sql,3,2,1.157842,0.385947,0,23.673706054687500000,22.189758300781250000,,
2026-07-24T05:13:17Z,FDB848351391CE1A,18.4,queries/Functions/09-21_aggregate/bool_and.sql,3,2,1.562409,0.520803,0,32.820312500000000000,31.084960937500000000,,
2026-07-24T05:13:20Z,FDB848351391CE1A,18.4,queries/Functions/09-21_aggregate/bool_or.sql,3,2,1.334275,0.444758,0,31.725830078125000000,30.144592285156250000,,
2026-07-24T05:13:25Z,FDB848351391CE1A,18.4,queries/Functions/09-21_aggregate/corr.sql,3,2,2.984797,0.994932,0,80.765808105468750000,77.656066894531250000,,
2026-07-24T05:13:28Z,FDB848351391CE1A,18.4,queries/Functions/09-21_aggregate/count_col.sql,3,2,1.587538,0.529179,0,35.229003906250000000,33.503784179687500000,,
2026-07-24T05:13:30Z,FDB848351391CE1A,18.4,queries/Functions/09-21_aggregate/count_distinct.sql,3,2,1.736597,0.578866,0,20.506164550781250000,18.689331054687500000,,
2026-07-24T05:13:33Z,FDB848351391CE1A,18.4,queries/Functions/09-21_aggregate/count_filter.sql,3,2,1.548107,0.516036,0,36.429992675781250000,34.693908691406250000,,
2026-07-24T05:13:35Z,FDB848351391CE1A,18.4,queries/Functions/09-21_aggregate/count_star.sql,3,2,0.849965,0.283322,0,16.902160644531250000,15.880065917968750000,,
2026-07-24T05:13:54Z,FDB848351391CE1A,18.4,queries/Functions/09-21_aggregate/cume_dist_hypothetical.sql,3,2,11.273933,3.757978,0,143.322692871093750000,132.503479003906250000,,
2026-07-24T05:14:14Z,FDB848351391CE1A,18.4,queries/Functions/09-21_aggregate/dense_rank_hypothetical.sql,3,2,12.093510,4.031170,0,150.856323242187500000,139.399353027343750000,,
2026-07-24T05:14:17Z,FDB848351391CE1A,18.4,queries/Functions/09-21_aggregate/group_by.sql,3,2,1.793394,0.597798,0,42.298522949218750000,40.275512695312500000,,
2026-07-24T05:14:28Z,FDB848351391CE1A,18.4,queries/Functions/09-21_aggregate/json_agg.sql,3,2,6.956644,2.318881,0,82.621887207031250000,75.831359863281250000,,
2026-07-24T05:14:47Z,FDB848351391CE1A,18.4,queries/Functions/09-21_aggregate/jsonb_agg.sql,3,2,11.224856,3.741619,0,135.894470214843750000,125.483642578125000000,,
2026-07-24T05:14:49Z,FDB848351391CE1A,18.4,queries/Functions/09-21_aggregate/max.sql,3,2,1.374696,0.458232,0,31.489685058593750000,29.930175781250000000,,
2026-07-24T05:14:52Z,FDB848351391CE1A,18.4,queries/Functions/09-21_aggregate/min.sql,3,2,1.397466,0.465822,0,30.208068847656250000,28.600585937500000000,,
2026-07-24T05:15:03Z,FDB848351391CE1A,18.4,queries/Functions/09-21_aggregate/mode.sql,3,2,6.698460,2.232820,0,85.638916015625000000,78.997192382812500000,,
2026-07-24T05:15:21Z,FDB848351391CE1A,18.4,queries/Functions/09-21_aggregate/percent_rank_hypothetical.sql,3,2,11.246509,3.748836,0,140.065979003906250000,129.639953613281250000,,
2026-07-24T05:15:32Z,FDB848351391CE1A,18.4,queries/Functions/09-21_aggregate/percentile_cont.sql,3,2,6.589418,2.196473,0,84.411743164062500000,78.078002929687500000,,
2026-07-24T05:15:44Z,FDB848351391CE1A,18.4,queries/Functions/09-21_aggregate/percentile_cont_array.sql,3,2,6.972422,2.324141,0,87.890625000000000000,81.166564941406250000,,
2026-07-24T05:15:57Z,FDB848351391CE1A,18.4,queries/Functions/09-21_aggregate/percentile_disc.sql,3,2,7.448468,2.482823,0,94.309448242187500000,87.378356933593750000,,
2026-07-24T05:16:16Z,FDB848351391CE1A,18.4,queries/Functions/09-21_aggregate/rank_hypothetical.sql,3,2,11.694226,3.898075,0,141.093505859375000000,130.253540039062500000,,
2026-07-24T05:16:21Z,FDB848351391CE1A,18.4,queries/Functions/09-21_aggregate/regr_slope.sql,3,2,3.035918,1.011973,0,79.064086914062500000,76.014099121093750000,,
2026-07-24T05:16:24Z,FDB848351391CE1A,18.4,queries/Functions/09-21_aggregate/stddev.sql,3,2,1.692087,0.564029,0,38.483947753906250000,36.604431152343750000,,
2026-07-24T05:16:27Z,FDB848351391CE1A,18.4,queries/Functions/09-21_aggregate/stddev_pop.sql,3,2,1.616056,0.538685,0,40.349670410156250000,38.527160644531250000,,
2026-07-24T05:16:40Z,FDB848351391CE1A,18.4,queries/Functions/09-21_aggregate/string_agg.sql,3,2,8.026517,2.675506,0,96.344482421875000000,88.571166992187500000,,
2026-07-24T05:16:43Z,FDB848351391CE1A,18.4,queries/Functions/09-21_aggregate/sum.sql,3,2,1.565969,0.521990,0,32.154663085937500000,30.345764160156250000,,
2026-07-24T05:16:45Z,FDB848351391CE1A,18.4,queries/Functions/09-21_aggregate/sum_filter.sql,3,2,1.511228,0.503743,0,33.746398925781250000,32.057922363281250000,,
2026-07-24T05:16:48Z,FDB848351391CE1A,18.4,queries/Functions/09-21_aggregate/sum_float8.sql,3,2,1.941272,0.647091,0,46.564575195312500000,44.483093261718750000,,
2026-07-24T05:16:51Z,FDB848351391CE1A,18.4,queries/Functions/09-21_aggregate/var_pop.sql,3,2,1.732721,0.577574,0,40.834472656250000000,38.842834472656250000,,
2026-07-24T05:16:54Z,FDB848351391CE1A,18.4,queries/Functions/09-21_aggregate/variance.sql,3,2,1.660977,0.553659,0,39.884094238281250000,38.020507812500000000,,
2026-07-24T05:17:17Z,FDB848351391CE1A,18.4,queries/Functions/09-22_window/avg_over.sql,3,2,13.763907,4.587969,0,171.968688964843750000,158.678833007812500000,,
2026-07-24T05:17:36Z,FDB848351391CE1A,18.4,queries/Functions/09-22_window/count_over.sql,3,2,11.556525,3.852175,0,146.029846191406250000,135.021179199218750000,,
2026-07-24T05:19:14Z,FDB848351391CE1A,18.4,queries/Functions/09-22_window/cume_dist.sql,3,2,58.638657,19.546219,0,626.233825683593750000,575.252746582031250000,,
2026-07-24T05:19:33Z,FDB848351391CE1A,18.4,queries/Functions/09-22_window/dense_rank.sql,3,2,11.517722,3.839241,0,138.807678222656250000,128.301330566406250000,,
2026-07-24T05:22:08Z,FDB848351391CE1A,18.4,queries/Functions/09-22_window/first_value.sql,3,2,93.063167,31.021056,0,964.560607910156250000,883.781860351562500000,,
2026-07-24T05:22:29Z,FDB848351391CE1A,18.4,queries/Functions/09-22_window/first_value_part_1500k.sql,3,2,12.896587,4.298862,0,154.052917480468750000,142.140319824218750000,,
2026-07-24T05:22:55Z,FDB848351391CE1A,18.4,queries/Functions/09-22_window/first_value_part_200k.sql,3,2,15.473625,5.157875,0,186.834655761718750000,172.682678222656250000,,
2026-07-24T05:25:40Z,FDB848351391CE1A,18.4,queries/Functions/09-22_window/first_value_part_3.sql,3,2,98.972622,32.990874,0,1045.834106445312500000,958.777221679687500000,,
2026-07-24T05:26:40Z,FDB848351391CE1A,18.4,queries/Functions/09-22_window/frame_exclude_current.sql,3,2,36.140613,12.046871,0,438.597045898437500000,406.535705566406250000,,
2026-07-24T05:27:13Z,FDB848351391CE1A,18.4,queries/Functions/09-22_window/frame_groups.sql,3,2,19.518081,6.506027,0,241.818786621093750000,224.194885253906250000,,
2026-07-24T05:27:41Z,FDB848351391CE1A,18.4,queries/Functions/09-22_window/frame_rows_centered.sql,3,2,16.749048,5.583016,0,208.712524414062500000,193.505310058593750000,,
2026-07-24T05:29:22Z,FDB848351391CE1A,18.4,queries/Functions/09-22_window/frame_rows_following.sql,3,2,60.762123,20.254041,0,649.129577636718750000,595.989196777343750000,,
2026-07-24T05:29:46Z,FDB848351391CE1A,18.4,queries/Functions/09-22_window/frame_rows_running.sql,3,2,14.550992,4.850331,0,177.539306640625000000,164.206787109375000000,,
2026-07-24T05:30:07Z,FDB848351391CE1A,18.4,queries/Functions/09-22_window/lag.sql,3,2,12.911451,4.303817,0,157.392211914062500000,145.452148437500000000,,
2026-07-24T05:30:29Z,FDB848351391CE1A,18.4,queries/Functions/09-22_window/last_value.sql,3,2,13.041496,4.347165,0,162.451293945312500000,150.292602539062500000,,
2026-07-24T05:30:51Z,FDB848351391CE1A,18.4,queries/Functions/09-22_window/last_value_part_1500k.sql,3,2,13.167532,4.389177,0,159.588684082031250000,147.277282714843750000,,
2026-07-24T05:31:12Z,FDB848351391CE1A,18.4,queries/Functions/09-22_window/lead.sql,3,2,12.321651,4.107217,0,154.755065917968750000,143.171630859375000000,,
2026-07-24T05:33:48Z,FDB848351391CE1A,18.4,queries/Functions/09-22_window/nth_value.sql,3,2,93.445071,31.148357,0,973.578247070312500000,892.059692382812500000,,
2026-07-24T05:34:04Z,FDB848351391CE1A,18.4,queries/Functions/09-22_window/ntile.sql,3,2,9.652257,3.217419,0,118.804870605468750000,109.724853515625000000,,
2026-07-24T05:34:32Z,FDB848351391CE1A,18.4,queries/Functions/09-22_window/partition_by.sql,3,2,16.905777,5.635259,0,205.264465332031250000,189.930603027343750000,,
2026-07-24T05:34:57Z,FDB848351391CE1A,18.4,queries/Functions/09-22_window/percent_rank.sql,3,2,15.025491,5.008497,0,184.398864746093750000,170.520385742187500000,,
2026-07-24T05:35:16Z,FDB848351391CE1A,18.4,queries/Functions/09-22_window/rank.sql,3,2,11.550038,3.850013,0,139.912658691406250000,129.182189941406250000,,
2026-07-24T05:35:32Z,FDB848351391CE1A,18.4,queries/Functions/09-22_window/row_number.sql,3,2,9.480125,3.160042,0,115.695495605468750000,106.736022949218750000,,
2026-07-24T05:35:50Z,FDB848351391CE1A,18.4,queries/Functions/09-22_window/row_number_part_1500k.sql,3,2,10.687965,3.562655,0,126.448669433593750000,116.414611816406250000,,
2026-07-24T05:36:12Z,FDB848351391CE1A,18.4,queries/Functions/09-22_window/sum_over.sql,3,2,13.511838,4.503946,0,168.067871093750000000,155.684020996093750000,,
2026-07-24T05:36:17Z,FDB848351391CE1A,18.4,queries/Functions/09-24_subquery/any_subquery.sql,3,2,2.516721,0.838907,0,34.684692382812500000,32.203613281250000000,,
2026-07-24T05:36:27Z,FDB848351391CE1A,18.4,queries/Functions/09-24_subquery/exists.sql,3,2,6.134664,2.044888,0,72.691772460937500000,66.887207031250000000,,
2026-07-24T05:36:31Z,FDB848351391CE1A,18.4,queries/Functions/09-24_subquery/in_subquery.sql,3,2,2.434259,0.811420,0,34.903442382812500000,32.504150390625000000,,
2026-07-24T05:36:35Z,FDB848351391CE1A,18.4,queries/Functions/09-24_subquery/not_exists.sql,3,2,2.397425,0.799142,0,57.952758789062500000,55.221923828125000000,,
2026-07-24T05:36:40Z,FDB848351391CE1A,18.4,queries/Functions/09-24_subquery/not_in_subquery.sql,3,2,3.168479,1.056160,0,44.640625000000000000,41.401794433593750000,,
2026-07-24T05:36:43Z,FDB848351391CE1A,18.4,queries/Functions/09-24_subquery/scalar_subquery.sql,3,2,1.680409,0.560136,0,20.957153320312500000,19.291625976562500000,,
2026-07-24T05:36:47Z,FDB848351391CE1A,18.4,queries/Functions/09-25_row_comparison/all_array.sql,3,2,2.245312,0.748437,0,33.009521484375000000,30.675231933593750000,,
2026-07-24T05:36:51Z,FDB848351391CE1A,18.4,queries/Functions/09-25_row_comparison/any_array.sql,3,2,2.341127,0.780376,0,32.922790527343750000,30.392456054687500000,,
2026-07-24T05:36:54Z,FDB848351391CE1A,18.4,queries/Functions/09-25_row_comparison/in_list.sql,3,2,2.332075,0.777358,0,32.500183105468750000,30.162780761718750000,,
2026-07-24T05:36:59Z,FDB848351391CE1A,18.4,queries/Functions/09-25_row_comparison/not_in_list.sql,3,2,2.465508,0.821836,0,33.868408203125000000,31.432495117187500000,,
2026-07-24T05:37:03Z,FDB848351391CE1A,18.4,queries/Functions/09-25_row_comparison/row_eq.sql,3,2,2.731969,0.910656,0,37.852294921875000000,35.111267089843750000,,
2026-07-24T05:37:08Z,FDB848351391CE1A,18.4,queries/Functions/09-25_row_comparison/row_in.sql,3,2,3.080071,1.026690,0,43.948242187500000000,40.883361816406250000,,
2026-07-24T05:37:13Z,FDB848351391CE1A,18.4,queries/Functions/09-25_row_comparison/row_is_distinct.sql,3,2,2.669163,0.889721,0,38.086791992187500000,35.453430175781250000,,
2026-07-24T05:37:16Z,FDB848351391CE1A,18.4,queries/Functions/09-25_row_comparison/row_lt.sql,3,2,1.787593,0.595864,0,26.419860839843750000,24.558227539062500000,,
2026-07-24T05:37:21Z,FDB848351391CE1A,18.4,queries/Functions/09-25_row_comparison/row_ne.sql,3,2,2.698717,0.899572,0,37.828002929687500000,35.074707031250000000,,
2026-07-24T05:37:29Z,FDB848351391CE1A,18.4,queries/Functions/09-26_set_returning/generate_series_int.sql,3,2,4.866510,1.622170,0,134.325683593750000000,129.451904296875000000,,
2026-07-24T05:37:36Z,FDB848351391CE1A,18.4,queries/Functions/09-26_set_returning/generate_subscripts.sql,3,2,4.473711,1.491237,0,111.586791992187500000,107.050109863281250000,,
2026-07-24T05:37:56Z,FDB848351391CE1A,18.4,queries/Functions/09-26_set_returning/jsonb_array_elements.sql,3,2,12.025027,4.008342,0,288.447326660156250000,276.803649902343750000,,
2026-07-24T05:38:15Z,FDB848351391CE1A,18.4,queries/Functions/09-26_set_returning/jsonb_object_keys.sql,3,2,11.792711,3.930904,0,258.465942382812500000,247.178222656250000000,,
2026-07-24T05:38:52Z,FDB848351391CE1A,18.4,queries/Functions/09-26_set_returning/regexp_split_to_table.sql,3,2,21.756746,7.252249,0,477.427124023437500000,456.879089355468750000,,
2026-07-24T05:39:11Z,FDB848351391CE1A,18.4,queries/Functions/09-26_set_returning/string_to_table.sql,3,2,11.574228,3.858076,0,253.950744628906250000,242.686462402343750000,,
2026-07-24T05:39:38Z,FDB848351391CE1A,18.4,queries/Functions/09-26_set_returning/unnest.sql,3,2,16.383590,5.461197,0,216.363098144531250000,201.310974121093750000,,
2026-07-24T05:39:43Z,FDB848351391CE1A,18.4,queries/Functions/09-27_system_info/current_database.sql,3,2,2.604075,0.868025,0,31.106445312500000000,28.575683593750000000,,
2026-07-24T05:39:48Z,FDB848351391CE1A,18.4,queries/Functions/09-27_system_info/current_setting.sql,3,2,3.338788,1.112929,0,39.132507324218750000,35.977844238281250000,,
2026-07-24T05:39:53Z,FDB848351391CE1A,18.4,queries/Functions/09-27_system_info/current_user.sql,3,2,2.725920,0.908640,0,32.308105468750000000,29.660583496093750000,,
2026-07-24T05:39:55Z,FDB848351391CE1A,18.4,queries/Functions/09-27_system_info/pg_backend_pid.sql,3,2,1.629056,0.543019,0,18.904785156250000000,17.084106445312500000,,
2026-07-24T05:40:01Z,FDB848351391CE1A,18.4,queries/Functions/09-27_system_info/pg_column_size.sql,3,2,3.284852,1.094951,0,44.049438476562500000,40.788757324218750000,,
2026-07-24T05:40:04Z,FDB848351391CE1A,18.4,queries/Functions/09-27_system_info/pg_column_size_int.sql,3,2,1.650135,0.550045,0,18.968994140625000000,17.292480468750000000,,
2026-07-24T05:40:07Z,FDB848351391CE1A,18.4,queries/Functions/09-27_system_info/pg_typeof.sql,3,2,1.967846,0.655949,0,28.380126953125000000,26.363769531250000000,,
2026-07-24T05:40:10Z,FDB848351391CE1A,18.4,queries/Functions/09-27_system_info/version.sql,3,2,1.971374,0.657125,0,22.981201171875000000,21.019592285156250000,,
