timestamp_utc,run_id,pg_version,query,run_index,runs,elapsed_sec,server_planning_ms,server_execution_ms,client_overhead_sec,client_user_cpu_sec,client_sys_cpu_sec,client_max_rss_kb,shared_hit_blks,shared_read_blks,shared_dirtied_blks,shared_written_blks,temp_read_blks,temp_written_blks,plan_nodes,scan_nodes,rows_out,rows_processed,rows_estimated,bytes_processed,rows_removed_filter,workers_launched,relations,failed,rapl_pkg_j,rapl_core_j,rapl_gpu_j,rapl_dram_j
2026-07-29T09:57:20Z,239D1FEE23ADA762,16.14,queries/Core/00_baseline/no_table.sql,1,3,0.174381,2.391,1.021,0.170969,0.007931,0.009290,7168,3,0,0,0,0,0,1,0,1,1,1,4,0,0,,0,0.704772949218750000,0.436706542968750000,,
2026-07-29T09:57:23Z,239D1FEE23ADA762,16.14,queries/Core/00_baseline/no_table.sql,2,3,0.207702,1.762,0.761,0.205179,0.015255,0.020028,7168,3,0,0,0,0,0,1,0,1,1,1,4,0,0,,0,0.690002441406250000,0.383178710937500000,,
2026-07-29T09:57:27Z,239D1FEE23ADA762,16.14,queries/Core/00_baseline/no_table.sql,3,3,0.158761,2.106,0.887,0.155768,0.004081,0.014075,7168,3,0,0,0,0,0,1,0,1,1,1,4,0,0,,0,0.748291015625000000,0.493103027343750000,,
2026-07-29T09:57:30Z,239D1FEE23ADA762,16.14,queries/Core/00_baseline/scan_customer.sql,1,3,0.377227,6.470,209.186,0.161571,0.008334,0.012336,7168,0,3600,0,0,0,0,1,1,150000,150000,150000,600000,0,0,customer,0,1.495178222656250000,0.848144531250000000,,
2026-07-29T09:57:33Z,239D1FEE23ADA762,16.14,queries/Core/00_baseline/scan_customer.sql,2,3,0.428466,6.839,215.477,0.206150,0.012047,0.023127,7168,0,3600,0,0,0,0,1,1,150000,150000,150000,600000,0,0,customer,0,1.355285644531250000,0.651794433593750000,,
2026-07-29T09:57:37Z,239D1FEE23ADA762,16.14,queries/Core/00_baseline/scan_customer.sql,3,3,0.428132,5.982,212.904,0.209246,0.011972,0.022672,7168,0,3600,0,0,0,0,1,1,150000,150000,150000,600000,0,0,customer,0,1.354370117187500000,0.646850585937500000,,
2026-07-29T09:57:41Z,239D1FEE23ADA762,16.14,queries/Core/00_baseline/scan_lineitem.sql,1,3,1.806492,5.544,1628.261,0.172687,0.009263,0.024884,7168,0,112561,0,0,0,0,1,1,6001215,6001215,6001325,24004860,0,0,lineitem,0,13.523742675781250000,10.178405761718750000,,
2026-07-29T09:57:46Z,239D1FEE23ADA762,16.14,queries/Core/00_baseline/scan_lineitem.sql,2,3,1.928695,5.578,1715.067,0.208050,0.011535,0.024037,7168,0,112561,0,0,0,0,1,1,6001215,6001215,6001325,24004860,0,0,lineitem,0,13.722656250000000000,10.179138183593750000,,
2026-07-29T09:57:51Z,239D1FEE23ADA762,16.14,queries/Core/00_baseline/scan_lineitem.sql,3,3,1.919632,5.565,1712.724,0.201343,0.011346,0.023650,7168,0,112561,0,0,0,0,1,1,6001215,6001215,6001325,24004860,0,0,lineitem,0,13.961730957031250000,10.432128906250000000,,
2026-07-29T09:57:54Z,239D1FEE23ADA762,16.14,queries/Core/00_baseline/scan_nation.sql,1,3,0.209346,5.211,1.678,0.202457,0.008458,0.026019,7168,0,1,0,0,0,0,1,1,25,25,170,100,0,0,nation,0,0.718933105468750000,0.404785156250000000,,
2026-07-29T09:57:57Z,239D1FEE23ADA762,16.14,queries/Core/00_baseline/scan_nation.sql,2,3,0.210752,5.111,1.488,0.204153,0.016296,0.018751,7168,0,1,0,0,0,0,1,1,25,25,170,100,0,0,nation,0,0.738708496093750000,0.416442871093750000,,
2026-07-29T09:58:00Z,239D1FEE23ADA762,16.14,queries/Core/00_baseline/scan_nation.sql,3,3,0.199642,5.085,1.649,0.192908,0.009324,0.017646,7040,0,1,0,0,0,0,1,1,25,25,170,100,0,0,nation,0,0.726745605468750000,0.426147460937500000,,
2026-07-29T09:58:04Z,239D1FEE23ADA762,16.14,queries/Core/00_baseline/scan_orders.sql,1,3,0.762450,5.445,549.761,0.207244,0.015992,0.019139,7168,0,26136,0,0,0,0,1,1,1500000,1500000,1500000,6000000,0,0,orders,0,3.763916015625000000,2.422912597656250000,,
2026-07-29T09:58:08Z,239D1FEE23ADA762,16.14,queries/Core/00_baseline/scan_orders.sql,2,3,0.748224,4.828,533.072,0.210324,0.009148,0.026449,7168,0,26136,0,0,0,0,1,1,1500000,1500000,1500000,6000000,0,0,orders,0,3.727416992187500000,2.425537109375000000,,
2026-07-29T09:58:11Z,239D1FEE23ADA762,16.14,queries/Core/00_baseline/scan_orders.sql,3,3,0.738149,5.082,524.375,0.208692,0.013105,0.022529,7168,0,26136,0,0,0,0,1,1,1500000,1500000,1500000,6000000,0,0,orders,0,3.685302734375000000,2.394653320312500000,,
2026-07-29T09:58:14Z,239D1FEE23ADA762,16.14,queries/Core/00_baseline/scan_part.sql,1,3,0.368767,4.182,114.788,0.249797,0.014075,0.021264,7168,0,4128,0,0,0,0,1,1,200000,200000,200000,800000,0,0,part,0,1.217102050781250000,0.617187500000000000,,
2026-07-29T09:58:17Z,239D1FEE23ADA762,16.14,queries/Core/00_baseline/scan_part.sql,2,3,0.378784,3.795,116.875,0.258114,0.016483,0.021995,7168,0,4128,0,0,0,0,1,1,200000,200000,200000,800000,0,0,part,0,1.209228515625000000,0.583923339843750000,,
2026-07-29T09:58:21Z,239D1FEE23ADA762,16.14,queries/Core/00_baseline/scan_part.sql,3,3,0.356341,4.494,101.672,0.250175,0.014428,0.020005,7168,0,4128,0,0,0,0,1,1,200000,200000,200000,800000,0,0,part,0,1.200927734375000000,0.618652343750000000,,
2026-07-29T09:58:24Z,239D1FEE23ADA762,16.14,queries/Core/00_baseline/scan_partsupp.sql,1,3,0.512182,2.690,299.135,0.210357,0.010443,0.025881,7168,0,17560,0,0,0,0,1,1,800000,800000,800000,3200000,0,0,partsupp,0,2.468505859375000000,1.597229003906250000,,
2026-07-29T09:58:27Z,239D1FEE23ADA762,16.14,queries/Core/00_baseline/scan_partsupp.sql,2,3,0.578307,5.324,359.167,0.213816,0.012502,0.023547,7168,0,17560,0,0,0,0,1,1,800000,800000,800000,3200000,0,0,partsupp,0,2.587829589843750000,1.585327148437500000,,
2026-07-29T09:58:31Z,239D1FEE23ADA762,16.14,queries/Core/00_baseline/scan_partsupp.sql,3,3,0.510617,4.722,295.511,0.210384,0.010314,0.024641,7168,0,17560,0,0,0,0,1,1,800000,800000,800000,3200000,0,0,partsupp,0,2.494384765625000000,1.621887207031250000,,
2026-07-29T09:58:34Z,239D1FEE23ADA762,16.14,queries/Core/00_baseline/scan_region.sql,1,3,0.167869,4.538,1.476,0.161855,0.009494,0.009781,7040,0,1,0,0,0,0,1,1,5,5,170,20,0,0,region,0,0.778930664062500000,0.506835937500000000,,
2026-07-29T09:58:37Z,239D1FEE23ADA762,16.14,queries/Core/00_baseline/scan_region.sql,2,3,0.214172,4.644,1.541,0.207987,0.012313,0.022698,7168,0,1,0,0,0,0,1,1,5,5,170,20,0,0,region,0,0.749572753906250000,0.420288085937500000,,
2026-07-29T09:58:40Z,239D1FEE23ADA762,16.14,queries/Core/00_baseline/scan_region.sql,3,3,0.218785,4.991,1.553,0.212241,0.016371,0.020207,7168,0,1,0,0,0,0,1,1,5,5,170,20,0,0,region,0,0.740783691406250000,0.403198242187500000,,
2026-07-29T09:58:43Z,239D1FEE23ADA762,16.14,queries/Core/00_baseline/scan_supplier.sql,1,3,0.222879,4.488,5.673,0.212718,0.018047,0.018426,7168,0,223,0,0,0,0,1,1,10000,10000,10000,40000,0,0,supplier,0,0.765869140625000000,0.429321289062500000,,
2026-07-29T09:58:46Z,239D1FEE23ADA762,16.14,queries/Core/00_baseline/scan_supplier.sql,2,3,0.218501,4.550,5.902,0.208049,0.011457,0.024864,7168,0,223,0,0,0,0,1,1,10000,10000,10000,40000,0,0,supplier,0,0.802001953125000000,0.461608886718750000,,
2026-07-29T09:58:50Z,239D1FEE23ADA762,16.14,queries/Core/00_baseline/scan_supplier.sql,3,3,0.149518,4.183,6.443,0.138892,0.008208,0.015254,7168,0,223,0,0,0,0,1,1,10000,10000,10000,40000,0,0,supplier,0,0.626708984375000000,0.405822753906250000,,
2026-07-29T09:58:53Z,239D1FEE23ADA762,16.14,queries/Core/01_scan_access/bitmap_scan.sql,1,3,0.734202,9.604,521.376,0.203222,0.015510,0.019458,7168,3,12214,0,0,0,0,2,2,600572,1201144,611924,2402288,0,0,lineitem;idx_lineitem_order,0,3.798217773437500000,2.504821777343750000,,
2026-07-29T09:58:57Z,239D1FEE23ADA762,16.14,queries/Core/01_scan_access/bitmap_scan.sql,2,3,0.792069,9.038,566.864,0.216167,0.014130,0.020907,7168,3,12214,0,0,0,0,2,2,600572,1201144,611924,2402288,0,0,lineitem;idx_lineitem_order,0,3.734924316406250000,2.350097656250000000,,
2026-07-29T09:59:01Z,239D1FEE23ADA762,16.14,queries/Core/01_scan_access/bitmap_scan.sql,3,3,0.801289,8.708,580.197,0.212384,0.018740,0.015920,7168,3,12214,0,0,0,0,2,2,600572,1201144,611924,2402288,0,0,lineitem;idx_lineitem_order,0,3.698364257812500000,2.300781250000000000,,
2026-07-29T09:59:04Z,239D1FEE23ADA762,16.14,queries/Core/01_scan_access/index_only_scan.sql,1,3,0.373163,128.903,83.828,0.160432,0.015328,0.018829,7168,4,947,0,0,0,0,1,1,600572,600572,611924,2402288,0,0,lineitem,0,1.498107910156250000,0.864746093750000000,,
2026-07-29T09:59:07Z,239D1FEE23ADA762,16.14,queries/Core/01_scan_access/index_only_scan.sql,2,3,0.358046,6.557,93.284,0.258205,0.013348,0.022800,7168,4,947,0,0,0,0,1,1,600572,600572,611924,2402288,0,0,lineitem,0,1.408142089843750000,0.829162597656250000,,
2026-07-29T09:59:10Z,239D1FEE23ADA762,16.14,queries/Core/01_scan_access/index_only_scan.sql,3,3,0.364901,8.964,99.296,0.256641,0.012406,0.022812,7168,4,947,0,0,0,0,1,1,600572,600572,611924,2402288,0,0,lineitem,0,1.335998535156250000,0.743225097656250000,,
2026-07-29T09:59:13Z,239D1FEE23ADA762,16.14,queries/Core/01_scan_access/index_point_lookup.sql,1,3,0.227091,7.768,2.912,0.216411,0.012101,0.024583,7168,0,4,0,0,0,0,1,1,5,5,16,20,0,0,lineitem,0,0.771118164062500000,0.416625976562500000,,
2026-07-29T09:59:17Z,239D1FEE23ADA762,16.14,queries/Core/01_scan_access/index_point_lookup.sql,2,3,0.223222,7.375,2.765,0.213082,0.010342,0.026000,7168,0,4,0,0,0,0,1,1,5,5,16,20,0,0,lineitem,0,0.747741699218750000,0.409057617187500000,,
2026-07-29T09:59:20Z,239D1FEE23ADA762,16.14,queries/Core/01_scan_access/index_point_lookup.sql,3,3,0.187554,8.025,3.431,0.176098,0.008671,0.017112,7168,0,4,0,0,0,0,1,1,5,5,16,20,0,0,lineitem,0,0.762084960937500000,0.456237792968750000,,
2026-07-29T09:59:23Z,239D1FEE23ADA762,16.14,queries/Core/01_scan_access/index_scan.sql,1,3,0.512479,9.101,252.183,0.251195,0.012812,0.021844,7168,3,12214,0,0,0,0,1,1,600572,600572,611924,2402288,0,0,lineitem,0,2.861206054687500000,1.974487304687500000,,
2026-07-29T09:59:27Z,239D1FEE23ADA762,16.14,queries/Core/01_scan_access/index_scan.sql,2,3,0.508017,9.439,246.108,0.252470,0.010088,0.025113,7168,3,12214,0,0,0,0,1,1,600572,600572,611924,2402288,0,0,lineitem,0,2.865234375000000000,1.989440917968750000,,
2026-07-29T09:59:30Z,239D1FEE23ADA762,16.14,queries/Core/01_scan_access/index_scan.sql,3,3,0.502905,9.490,240.766,0.252649,0.013012,0.022084,7168,3,12214,0,0,0,0,1,1,600572,600572,611924,2402288,0,0,lineitem,0,2.821472167968750000,1.955200195312500000,,
2026-07-29T09:59:35Z,239D1FEE23ADA762,16.14,queries/Core/01_scan_access/seq_scan.sql,1,3,1.903372,8.823,1682.810,0.211739,0.009850,0.025652,7168,0,112561,0,0,0,0,1,1,600572,600572,611924,2402288,5400643,0,lineitem,0,13.879272460937500000,10.357055664062500000,,
2026-07-29T09:59:40Z,239D1FEE23ADA762,16.14,queries/Core/01_scan_access/seq_scan.sql,2,3,1.954816,9.438,1731.219,0.214159,0.009570,0.025544,7168,0,112561,0,0,0,0,1,1,600572,600572,611924,2402288,5400643,0,lineitem,0,13.796936035156250000,10.193237304687500000,,
2026-07-29T09:59:45Z,239D1FEE23ADA762,16.14,queries/Core/01_scan_access/seq_scan.sql,3,3,1.950112,6.962,1731.385,0.211765,0.015043,0.020630,7168,0,112561,0,0,0,0,1,1,600572,600572,611924,2402288,5400643,0,lineitem,0,13.490295410156250000,9.913513183593750000,,
2026-07-29T09:59:50Z,239D1FEE23ADA762,16.14,queries/Core/01_scan_access/tablesample_bernoulli.sql,1,3,1.978162,6.601,1761.875,0.209686,0.010011,0.025103,7168,0,112561,0,0,0,0,1,1,60325,60325,60013,241300,0,0,lineitem,0,11.889099121093750000,8.216552734375000000,,
2026-07-29T09:59:55Z,239D1FEE23ADA762,16.14,queries/Core/01_scan_access/tablesample_bernoulli.sql,2,3,1.978988,6.176,1760.699,0.212113,0.014859,0.019829,7168,0,112561,0,0,0,0,1,1,60025,60025,60013,240100,0,0,lineitem,0,11.947204589843750000,8.266113281250000000,,
2026-07-29T10:00:00Z,239D1FEE23ADA762,16.14,queries/Core/01_scan_access/tablesample_bernoulli.sql,3,3,1.959885,6.149,1742.466,0.211270,0.014030,0.021824,7168,0,112561,0,0,0,0,1,1,59933,59933,60013,239732,0,0,lineitem,0,10.564575195312500000,6.931091308593750000,,
2026-07-29T10:00:03Z,239D1FEE23ADA762,16.14,queries/Core/01_scan_access/tablesample_system.sql,1,3,0.552717,5.820,290.763,0.256134,0.020281,0.019621,7168,0,1116,0,0,0,0,1,1,59485,59485,60013,237940,0,0,lineitem,0,1.531982421875000000,0.590148925781250000,,
2026-07-29T10:00:06Z,239D1FEE23ADA762,16.14,queries/Core/01_scan_access/tablesample_system.sql,2,3,0.549620,6.438,292.910,0.250272,0.011234,0.014587,7168,0,1119,0,0,0,0,1,1,59676,59676,60013,238704,0,0,lineitem,0,1.526367187500000000,0.600891113281250000,,
2026-07-29T10:00:10Z,239D1FEE23ADA762,16.14,queries/Core/01_scan_access/tablesample_system.sql,3,3,0.562878,6.457,301.321,0.255100,0.018032,0.020573,7168,0,1163,0,0,0,0,1,1,62037,62037,60013,248148,0,0,lineitem,0,1.520141601562500000,0.570007324218750000,,
2026-07-29T10:00:14Z,239D1FEE23ADA762,16.14,queries/Core/02_filter_projection/filter_2pct.sql,1,3,1.523427,6.361,1337.929,0.179137,0.008512,0.011521,7168,0,112561,0,0,0,0,2,1,120401,240803,119426,963212,1960271,2,lineitem,0,15.747619628906250000,12.904907226562500000,,
2026-07-29T10:00:19Z,239D1FEE23ADA762,16.14,queries/Core/02_filter_projection/filter_2pct.sql,2,3,1.593261,9.083,1416.666,0.167512,0.005457,0.013104,7168,0,112561,0,0,0,0,2,1,120401,240803,119426,963212,1960271,2,lineitem,0,12.544860839843750000,9.566101074218750000,,
2026-07-29T10:00:24Z,239D1FEE23ADA762,16.14,queries/Core/02_filter_projection/filter_2pct.sql,3,3,1.586318,6.390,1392.034,0.187894,0.012770,0.022475,7168,0,112561,0,0,0,0,2,1,120401,240803,119426,963212,1960271,2,lineitem,0,16.137451171875000000,13.184692382812500000,,
2026-07-29T10:00:29Z,239D1FEE23ADA762,16.14,queries/Core/02_filter_projection/filter_all.sql,1,3,1.843618,6.130,1624.306,0.213182,0.012371,0.023079,7168,0,112561,0,0,0,0,1,1,6001215,6001215,6001325,24004860,0,0,lineitem,0,16.423400878906250000,13.052856445312500000,,
2026-07-29T10:00:34Z,239D1FEE23ADA762,16.14,queries/Core/02_filter_projection/filter_all.sql,2,3,1.894815,6.195,1674.327,0.214293,0.015295,0.020073,7168,0,112561,0,0,0,0,1,1,6001215,6001215,6001325,24004860,0,0,lineitem,0,16.415466308593750000,12.951721191406250000,,
2026-07-29T10:00:39Z,239D1FEE23ADA762,16.14,queries/Core/02_filter_projection/filter_all.sql,3,3,1.866013,6.517,1669.590,0.189906,0.013681,0.021569,7168,0,112561,0,0,0,0,1,1,6001215,6001215,6001325,24004860,0,0,lineitem,0,16.564880371093750000,13.130249023437500000,,
2026-07-29T10:00:44Z,239D1FEE23ADA762,16.14,queries/Core/02_filter_projection/filter_half.sql,1,3,1.879320,6.648,1658.855,0.213817,0.009432,0.026385,7168,0,112561,0,0,0,0,1,1,2999428,2999428,3002063,11997712,3001787,0,lineitem,0,15.994323730468750000,12.552978515625000000,,
2026-07-29T10:00:49Z,239D1FEE23ADA762,16.14,queries/Core/02_filter_projection/filter_half.sql,2,3,1.851046,6.107,1661.616,0.183323,0.004347,0.013992,7168,0,112561,0,0,0,0,1,1,2999428,2999428,3002063,11997712,3001787,0,lineitem,0,15.880676269531250000,12.493286132812500000,,
2026-07-29T10:00:53Z,239D1FEE23ADA762,16.14,queries/Core/02_filter_projection/filter_half.sql,3,3,1.890967,6.643,1668.041,0.216283,0.012033,0.023861,7168,0,112561,0,0,0,0,1,1,2999428,2999428,3002063,11997712,3001787,0,lineitem,0,16.106323242187500000,12.655395507812500000,,
2026-07-29T10:00:58Z,239D1FEE23ADA762,16.14,queries/Core/02_filter_projection/filter_none.sql,1,3,1.516345,6.567,1303.570,0.206208,0.009388,0.025977,7168,0,112561,0,0,0,0,2,1,0,0,1,0,2000405,2,lineitem,0,15.416259765625000000,12.617675781250000000,,
2026-07-29T10:01:03Z,239D1FEE23ADA762,16.14,queries/Core/02_filter_projection/filter_none.sql,2,3,1.477676,6.750,1357.479,0.113447,0.002903,0.013835,7168,0,112561,0,0,0,0,2,1,0,0,1,0,2000405,2,lineitem,0,15.593261718750000000,12.833862304687500000,,
2026-07-29T10:01:08Z,239D1FEE23ADA762,16.14,queries/Core/02_filter_projection/filter_none.sql,3,3,1.579191,6.372,1356.408,0.216411,0.012918,0.022904,7168,0,112561,0,0,0,0,2,1,0,0,1,0,2000405,2,lineitem,0,12.934204101562500000,10.027282714843750000,,
2026-07-29T10:01:11Z,239D1FEE23ADA762,16.14,queries/Core/02_filter_projection/limit_100.sql,1,3,0.168045,5.418,1.551,0.161076,0.007515,0.010671,7168,0,2,0,0,0,0,2,1,100,200,100,800,0,0,lineitem,0,0.791687011718750000,0.514587402343750000,,
2026-07-29T10:01:14Z,239D1FEE23ADA762,16.14,queries/Core/02_filter_projection/limit_100.sql,2,3,0.220112,5.786,1.754,0.212572,0.018635,0.017506,7168,0,2,0,0,0,0,2,1,100,200,100,800,0,0,lineitem,0,0.780944824218750000,0.438293457031250000,,
2026-07-29T10:01:17Z,239D1FEE23ADA762,16.14,queries/Core/02_filter_projection/limit_100.sql,3,3,0.186730,4.889,1.742,0.180099,0.006507,0.010315,7040,0,2,0,0,0,0,2,1,100,200,100,800,0,0,lineitem,0,0.744995117187500000,0.454956054687500000,,
2026-07-29T10:01:21Z,239D1FEE23ADA762,16.14,queries/Core/02_filter_projection/limit_offset_3m.sql,1,3,0.977489,5.730,714.505,0.257254,0.011260,0.024605,7168,0,56274,0,0,0,0,2,1,100,3000200,100,12000800,0,0,lineitem,0,6.846191406250000000,5.091613769531250000,,
2026-07-29T10:01:25Z,239D1FEE23ADA762,16.14,queries/Core/02_filter_projection/limit_offset_3m.sql,2,3,0.949465,3.679,689.639,0.256147,0.009771,0.026242,7168,0,56274,0,0,0,0,2,1,100,3000200,100,12000800,0,0,lineitem,0,6.879760742187500000,5.170593261718750000,,
2026-07-29T10:01:29Z,239D1FEE23ADA762,16.14,queries/Core/02_filter_projection/limit_offset_3m.sql,3,3,0.962500,6.990,750.226,0.205284,0.008122,0.009740,7168,0,56274,0,0,0,0,2,1,100,3000200,100,12000800,0,0,lineitem,0,7.042419433593750000,5.275085449218750000,,
2026-07-29T10:01:34Z,239D1FEE23ADA762,16.14,queries/Core/02_filter_projection/project_all_cols.sql,1,3,1.613035,5.732,1382.765,0.224538,0.010823,0.024321,7168,0,112561,0,0,0,0,1,1,6001215,6001215,6001325,702142155,0,0,lineitem,0,12.386657714843750000,9.392944335937500000,,
2026-07-29T10:01:39Z,239D1FEE23ADA762,16.14,queries/Core/02_filter_projection/project_all_cols.sql,2,3,1.699968,6.292,1442.651,0.251025,0.013121,0.022832,7168,0,112561,0,0,0,0,1,1,6001215,6001215,6001325,702142155,0,0,lineitem,0,12.581359863281250000,9.454467773437500000,,
2026-07-29T10:01:43Z,239D1FEE23ADA762,16.14,queries/Core/02_filter_projection/project_all_cols.sql,3,3,1.687524,6.454,1432.830,0.248240,0.013413,0.022226,7168,0,112561,0,0,0,0,1,1,6001215,6001215,6001325,702142155,0,0,lineitem,0,12.607116699218750000,9.502014160156250000,,
2026-07-29T10:01:48Z,239D1FEE23ADA762,16.14,queries/Core/02_filter_projection/project_zero_cols.sql,1,3,1.930972,4.587,1715.479,0.210906,0.014239,0.020823,7168,0,112561,0,0,0,0,1,1,6001215,6001215,6001325,0,0,0,lineitem,0,13.584899902343750000,10.049438476562500000,,
2026-07-29T10:01:53Z,239D1FEE23ADA762,16.14,queries/Core/02_filter_projection/project_zero_cols.sql,2,3,1.938095,5.470,1714.020,0.218605,0.011450,0.024573,7168,0,112561,0,0,0,0,1,1,6001215,6001215,6001325,0,0,0,lineitem,0,13.609436035156250000,10.048461914062500000,,
2026-07-29T10:01:58Z,239D1FEE23ADA762,16.14,queries/Core/02_filter_projection/project_zero_cols.sql,3,3,1.940641,4.445,1727.824,0.208372,0.011774,0.023069,7168,0,112561,0,0,0,0,1,1,6001215,6001215,6001325,0,0,0,lineitem,0,13.745117187500000000,10.180541992187500000,,
2026-07-29T10:02:03Z,239D1FEE23ADA762,16.14,queries/Core/03_join_method/large_hash.sql,1,3,1.126561,10.027,975.190,0.141344,0.007118,0.012665,7168,0,29736,0,0,0,0,4,2,1500000,3300000,1500000,13200000,0,0,orders;customer,0,5.996093750000000000,3.998168945312500000,,
2026-07-29T10:02:06Z,239D1FEE23ADA762,16.14,queries/Core/03_join_method/large_hash.sql,2,3,1.102792,11.150,968.811,0.122831,0.013005,0.012203,7168,0,29736,0,0,0,0,4,2,1500000,3300000,1500000,13200000,0,0,orders;customer,0,6.291625976562500000,4.301025390625000000,,
2026-07-29T10:02:11Z,239D1FEE23ADA762,16.14,queries/Core/03_join_method/large_hash.sql,3,3,1.183075,9.669,959.112,0.214294,0.016526,0.018606,7168,0,29736,0,0,0,0,4,2,1500000,3300000,1500000,13200000,0,0,orders;customer,0,6.253112792968750000,4.160339355468750000,,
2026-07-29T10:02:15Z,239D1FEE23ADA762,16.14,queries/Core/03_join_method/large_merge.sql,1,3,1.643085,12.741,1377.274,0.253070,0.011484,0.024255,7168,0,29736,0,0,2206,2214,6,2,1500000,6300000,1500000,25200000,0,0,customer;orders,0,11.875244140625000000,9.414794921875000000,,
2026-07-29T10:02:20Z,239D1FEE23ADA762,16.14,queries/Core/03_join_method/large_merge.sql,2,3,1.644779,11.418,1385.330,0.248031,0.005970,0.017789,7168,0,29736,0,0,2206,2214,6,2,1500000,6300000,1500000,25200000,0,0,customer;orders,0,11.789916992187500000,9.327453613281250000,,
2026-07-29T10:02:24Z,239D1FEE23ADA762,16.14,queries/Core/03_join_method/large_merge.sql,3,3,1.619181,12.692,1339.218,0.267271,0.009371,0.026984,7168,0,29736,0,0,2206,2214,6,2,1500000,6300000,1500000,25200000,0,0,customer;orders,0,11.809448242187500000,9.395507812500000000,,
2026-07-29T10:02:34Z,239D1FEE23ADA762,16.14,queries/Core/03_join_method/large_nestloop_index.sql,1,3,7.009683,131.569,6779.603,0.098511,0.002020,0.009169,7168,1362763,590368,0,0,0,0,3,2,1500000,3150000,1500000,12600000,0,0,customer;orders,0,33.153320312500000000,19.450927734375000000,,
2026-07-29T10:02:45Z,239D1FEE23ADA762,16.14,queries/Core/03_join_method/large_nestloop_index.sql,2,3,7.266460,10.965,7041.535,0.213960,0.011300,0.024017,7168,1362763,590368,0,0,0,0,3,2,1500000,3150000,1500000,12600000,0,0,customer;orders,0,32.400268554687500000,18.466186523437500000,,
2026-07-29T10:02:55Z,239D1FEE23ADA762,16.14,queries/Core/03_join_method/large_nestloop_index.sql,3,3,7.152107,10.720,6931.056,0.210331,0.012233,0.021302,7168,1362763,590368,0,0,0,0,3,2,1500000,3150000,1500000,12600000,0,0,customer;orders,0,32.810302734375000000,18.931091308593750000,,
2026-07-29T10:02:58Z,239D1FEE23ADA762,16.14,queries/Core/03_join_method/small_hash.sql,1,3,0.230143,8.480,51.002,0.170661,0.005893,0.012919,7168,0,224,0,0,0,0,4,2,10000,20050,10000,80200,0,0,supplier;nation,0,0.807189941406250000,0.439086914062500000,,
2026-07-29T10:03:01Z,239D1FEE23ADA762,16.14,queries/Core/03_join_method/small_hash.sql,2,3,0.236199,8.554,7.544,0.220101,0.015762,0.019884,7168,0,224,0,0,0,0,4,2,10000,20050,10000,80200,0,0,supplier;nation,0,0.719726562500000000,0.350952148437500000,,
2026-07-29T10:03:04Z,239D1FEE23ADA762,16.14,queries/Core/03_join_method/small_hash.sql,3,3,0.231845,8.754,7.095,0.215996,0.015052,0.021479,7040,0,224,0,0,0,0,4,2,10000,20050,10000,80200,0,0,supplier;nation,0,0.819396972656250000,0.466369628906250000,,
2026-07-29T10:03:07Z,239D1FEE23ADA762,16.14,queries/Core/03_join_method/small_merge.sql,1,3,0.215075,8.631,7.593,0.198851,0.013097,0.023898,7168,4,224,0,0,0,0,5,2,10000,30050,10000,120200,0,0,nation;supplier,0,0.798706054687500000,0.455627441406250000,,
2026-07-29T10:03:10Z,239D1FEE23ADA762,16.14,queries/Core/03_join_method/small_merge.sql,2,3,0.226430,8.851,7.386,0.210193,0.011460,0.023958,7168,4,224,0,0,0,0,5,2,10000,30050,10000,120200,0,0,nation;supplier,0,0.806518554687500000,0.454895019531250000,,
2026-07-29T10:03:14Z,239D1FEE23ADA762,16.14,queries/Core/03_join_method/small_merge.sql,3,3,0.201017,9.057,7.784,0.184176,0.017827,0.017827,7168,4,224,0,0,0,0,5,2,10000,30050,10000,120200,0,0,nation;supplier,0,0.771240234375000000,0.455444335937500000,,
2026-07-29T10:03:17Z,239D1FEE23ADA762,16.14,queries/Core/03_join_method/small_nestloop.sql,1,3,0.243615,8.728,24.195,0.210692,0.009985,0.025625,7168,0,224,0,0,0,0,4,2,10000,270025,10000,1080100,0,0,supplier;nation,0,0.930541992187500000,0.552978515625000000,,
2026-07-29T10:03:20Z,239D1FEE23ADA762,16.14,queries/Core/03_join_method/small_nestloop.sql,2,3,0.216094,8.672,26.803,0.180619,0.005682,0.014165,7168,0,224,0,0,0,0,4,2,10000,270025,10000,1080100,0,0,supplier;nation,0,0.896484375000000000,0.547424316406250000,,
2026-07-29T10:03:23Z,239D1FEE23ADA762,16.14,queries/Core/03_join_method/small_nestloop.sql,3,3,0.245428,8.530,26.825,0.210073,0.015288,0.020012,7168,0,224,0,0,0,0,4,2,10000,270025,10000,1080100,0,0,supplier;nation,0,0.923706054687500000,0.534851074218750000,,
2026-07-29T10:03:26Z,239D1FEE23ADA762,16.14,queries/Core/04_join_scale/join_10kx25.sql,1,3,0.111791,7.725,5.921,0.098145,0.009953,0.013947,7168,0,224,0,0,0,0,4,2,10000,20050,10000,80200,0,0,supplier;nation,0,0.670166015625000000,0.497619628906250000,,
2026-07-29T10:03:29Z,239D1FEE23ADA762,16.14,queries/Core/04_join_scale/join_10kx25.sql,2,3,0.115504,8.080,5.620,0.101804,0.004525,0.009307,7168,0,224,0,0,0,0,4,2,10000,20050,10000,80200,0,0,supplier;nation,0,0.596557617187500000,0.440246582031250000,,
2026-07-29T10:03:32Z,239D1FEE23ADA762,16.14,queries/Core/04_join_scale/join_10kx25.sql,3,3,0.193818,8.979,7.170,0.177669,0.005633,0.012031,7168,0,224,0,0,0,0,4,2,10000,20050,10000,80200,0,0,supplier;nation,0,0.777465820312500000,0.474731445312500000,,
2026-07-29T10:03:36Z,239D1FEE23ADA762,16.14,queries/Core/04_join_scale/join_1500kx150k.sql,1,3,1.162455,10.609,984.697,0.167149,0.007769,0.009806,7168,0,29736,0,0,0,0,4,2,1500000,3300000,1500000,13200000,0,0,orders;customer,0,6.238830566406250000,4.155395507812500000,,
2026-07-29T10:03:40Z,239D1FEE23ADA762,16.14,queries/Core/04_join_scale/join_1500kx150k.sql,2,3,1.178125,10.412,957.594,0.210119,0.013136,0.021124,7168,0,29736,0,0,0,0,4,2,1500000,3300000,1500000,13200000,0,0,orders;customer,0,6.381652832031250000,4.297363281250000000,,
2026-07-29T10:03:44Z,239D1FEE23ADA762,16.14,queries/Core/04_join_scale/join_1500kx150k.sql,3,3,1.201530,10.590,978.382,0.212558,0.011100,0.024147,7168,0,29736,0,0,0,0,4,2,1500000,3300000,1500000,13200000,0,0,orders;customer,0,6.120422363281250000,3.988159179687500000,,
2026-07-29T10:03:47Z,239D1FEE23ADA762,16.14,queries/Core/04_join_scale/join_150kx25.sql,1,3,0.439428,7.945,216.427,0.215056,0.012678,0.023305,7168,0,3601,0,0,0,0,4,2,150000,300050,150000,1200200,0,0,customer;nation,0,1.564086914062500000,0.832580566406250000,,
2026-07-29T10:03:50Z,239D1FEE23ADA762,16.14,queries/Core/04_join_scale/join_150kx25.sql,2,3,0.439973,7.782,220.847,0.211344,0.012465,0.022917,7168,0,3601,0,0,0,0,4,2,150000,300050,150000,1200200,0,0,customer;nation,0,1.527038574218750000,0.793029785156250000,,
2026-07-29T10:03:54Z,239D1FEE23ADA762,16.14,queries/Core/04_join_scale/join_150kx25.sql,3,3,0.444999,10.823,224.420,0.209756,0.012356,0.022493,7168,0,3601,0,0,0,0,4,2,150000,300050,150000,1200200,0,0,customer;nation,0,1.513305664062500000,0.769165039062500000,,
2026-07-29T10:03:57Z,239D1FEE23ADA762,16.14,queries/Core/04_join_scale/join_25x5.sql,1,3,0.218341,7.423,1.514,0.209404,0.010187,0.025617,7168,0,2,0,0,0,0,4,2,25,60,170,240,0,0,nation;region,0,0.745971679687500000,0.412719726562500000,,
2026-07-29T10:04:00Z,239D1FEE23ADA762,16.14,queries/Core/04_join_scale/join_25x5.sql,2,3,0.216728,6.027,1.658,0.209043,0.011209,0.024497,7168,0,2,0,0,0,0,4,2,25,60,170,240,0,0,nation;region,0,0.800292968750000000,0.478088378906250000,,
2026-07-29T10:04:03Z,239D1FEE23ADA762,16.14,queries/Core/04_join_scale/join_25x5.sql,3,3,0.222454,8.149,1.561,0.212744,0.010489,0.025198,7168,0,2,0,0,0,0,4,2,25,60,170,240,0,0,nation;region,0,0.766235351562500000,0.426635742187500000,,
2026-07-29T10:04:08Z,239D1FEE23ADA762,16.14,queries/Core/04_join_scale/join_6mx10k.sql,1,3,2.083663,10.957,1868.643,0.204063,0.009986,0.025074,7168,0,112784,0,0,0,0,4,2,6001215,12022430,5975035,48089720,0,0,lineitem;supplier,0,19.745178222656250000,15.969299316406250000,,
2026-07-29T10:04:13Z,239D1FEE23ADA762,16.14,queries/Core/04_join_scale/join_6mx10k.sql,2,3,2.101034,9.973,1880.491,0.210570,0.010095,0.024007,7168,0,112784,0,0,0,0,4,2,6001215,12022430,5975035,48089720,0,0,lineitem;supplier,0,19.758850097656250000,15.944824218750000000,,
2026-07-29T10:04:18Z,239D1FEE23ADA762,16.14,queries/Core/04_join_scale/join_6mx10k.sql,3,3,2.121667,10.076,1904.354,0.207237,0.016542,0.018274,7168,0,112784,0,0,0,0,4,2,6001215,12022430,5975035,48089720,0,0,lineitem;supplier,0,19.904479980468750000,16.057861328125000000,,
2026-07-29T10:04:25Z,239D1FEE23ADA762,16.14,queries/Core/04_join_scale/join_6mx1500k.sql,1,3,3.317654,12.701,3151.298,0.153655,0.009017,0.020618,7168,0,138697,0,0,20613,20613,4,2,6001215,15002430,6001325,60009720,0,0,lineitem;orders,0,35.904357910156250000,30.049377441406250000,,
2026-07-29T10:04:31Z,239D1FEE23ADA762,16.14,queries/Core/04_join_scale/join_6mx1500k.sql,2,3,3.179525,134.898,2945.987,0.098640,0.004466,0.005409,7168,0,138697,0,0,20613,20613,4,2,6001215,15002430,6001325,60009720,0,0,lineitem;orders,0,34.443969726562500000,29.269287109375000000,,
2026-07-29T10:04:37Z,239D1FEE23ADA762,16.14,queries/Core/04_join_scale/join_6mx1500k.sql,3,3,3.172294,129.567,2919.332,0.123395,0.009630,0.009804,7168,0,138697,0,0,20613,20613,4,2,6001215,15002430,6001325,60009720,0,0,lineitem;orders,0,34.952087402343750000,29.748657226562500000,,
2026-07-29T10:04:42Z,239D1FEE23ADA762,16.14,queries/Core/04_join_scale/join_6mx200k.sql,1,3,3.028198,131.778,2767.451,0.128969,0.003080,0.019642,7168,0,116689,0,0,9064,9064,4,2,6001215,12402430,6001325,49609720,0,0,lineitem;part,0,29.136108398437500000,23.992248535156250000,,
2026-07-29T10:04:49Z,239D1FEE23ADA762,16.14,queries/Core/04_join_scale/join_6mx200k.sql,2,3,3.339059,10.713,3073.129,0.255217,0.015731,0.019990,7168,0,116689,0,0,9064,9064,4,2,6001215,12402430,6001325,49609720,0,0,lineitem;part,0,29.310180664062500000,23.720886230468750000,,
2026-07-29T10:04:55Z,239D1FEE23ADA762,16.14,queries/Core/04_join_scale/join_6mx200k.sql,3,3,3.125521,9.171,2937.775,0.178575,0.011412,0.015225,7168,0,116689,0,0,9064,9064,4,2,6001215,12402430,6001325,49609720,0,0,lineitem;part,0,28.585815429687500000,23.300659179687500000,,
2026-07-29T10:04:59Z,239D1FEE23ADA762,16.14,queries/Core/04_join_scale/join_800kx200k.sql,1,3,0.656718,8.343,467.336,0.181039,0.012082,0.021620,7168,0,21688,0,0,1462,1462,4,2,800000,2000000,778498,8000000,0,0,partsupp;part,0,4.908203125000000000,3.797424316406250000,,
2026-07-29T10:05:03Z,239D1FEE23ADA762,16.14,queries/Core/04_join_scale/join_800kx200k.sql,2,3,0.712088,8.842,461.675,0.241571,0.009312,0.022628,7168,0,21688,0,0,1462,1462,4,2,800000,2000000,778498,8000000,0,0,partsupp;part,0,4.856567382812500000,3.669311523437500000,,
2026-07-29T10:05:06Z,239D1FEE23ADA762,16.14,queries/Core/04_join_scale/join_800kx200k.sql,3,3,0.682709,8.743,463.403,0.210563,0.010791,0.024527,7168,0,21688,0,0,1462,1462,4,2,800000,2000000,778498,8000000,0,0,partsupp;part,0,4.872924804687500000,3.724914550781250000,,
2026-07-29T10:05:10Z,239D1FEE23ADA762,16.14,queries/Core/05_join_type/anti_not_exists.sql,1,3,1.021986,11.119,799.937,0.210930,0.019374,0.016320,7168,192,29736,0,0,0,0,5,2,0,1800000,1,7200000,0,2,orders;customer,0,5.832885742187500000,4.017456054687500000,,
2026-07-29T10:05:14Z,239D1FEE23ADA762,16.14,queries/Core/05_join_type/anti_not_exists.sql,2,3,1.018473,10.928,806.139,0.201406,0.005792,0.023001,7168,192,29736,0,0,0,0,5,2,0,1800000,1,7200000,0,2,orders;customer,0,5.467712402343750000,3.657775878906250000,,
2026-07-29T10:05:18Z,239D1FEE23ADA762,16.14,queries/Core/05_join_type/anti_not_exists.sql,3,3,0.994409,11.402,767.871,0.215136,0.014110,0.022872,7168,192,29736,0,0,0,0,5,2,0,1800000,1,7200000,0,2,orders;customer,0,5.792175292968750000,4.026672363281250000,,
2026-07-29T10:05:22Z,239D1FEE23ADA762,16.14,queries/Core/05_join_type/cross_join.sql,1,3,1.410467,5.554,1193.088,0.211825,0.011363,0.023497,7168,0,26137,0,0,0,0,4,2,7500000,16500005,255000000,30000000,0,0,orders;region,0,10.994018554687500000,8.514343261718750000,,
2026-07-29T10:05:26Z,239D1FEE23ADA762,16.14,queries/Core/05_join_type/cross_join.sql,2,3,1.381427,6.369,1177.849,0.197209,0.008986,0.015364,7168,0,26137,0,0,0,0,4,2,7500000,16500005,255000000,30000000,0,0,orders;region,0,10.982116699218750000,8.541320800781250000,,
2026-07-29T10:05:30Z,239D1FEE23ADA762,16.14,queries/Core/05_join_type/cross_join.sql,3,3,1.364408,5.647,1176.973,0.181788,0.008956,0.015823,7168,0,26137,0,0,0,0,4,2,7500000,16500005,255000000,30000000,0,0,orders;region,0,10.861999511718750000,8.442749023437500000,,
2026-07-29T10:05:34Z,239D1FEE23ADA762,16.14,queries/Core/05_join_type/full_outer.sql,1,3,1.199492,10.640,975.024,0.213828,0.011664,0.024248,7168,0,29736,0,0,0,0,4,2,1550004,3350004,1500000,13400016,0,0,orders;customer,0,6.295532226562500000,4.183227539062500000,,
2026-07-29T10:05:38Z,239D1FEE23ADA762,16.14,queries/Core/05_join_type/full_outer.sql,2,3,1.179658,10.028,970.125,0.199505,0.012293,0.021554,7168,0,29736,0,0,0,0,4,2,1550004,3350004,1500000,13400016,0,0,orders;customer,0,6.289916992187500000,4.195190429687500000,,
2026-07-29T10:05:42Z,239D1FEE23ADA762,16.14,queries/Core/05_join_type/full_outer.sql,3,3,1.205076,10.188,983.253,0.211635,0.011036,0.023118,7168,0,29736,0,0,0,0,4,2,1550004,3350004,1500000,13400016,0,0,orders;customer,0,6.254028320312500000,4.119201660156250000,,
2026-07-29T10:05:46Z,239D1FEE23ADA762,16.14,queries/Core/05_join_type/inner.sql,1,3,1.178284,13.681,954.963,0.209640,0.012076,0.022766,7168,0,29736,0,0,0,0,4,2,1500000,3300000,1500000,13200000,0,0,orders;customer,0,6.266845703125000000,4.174865722656250000,,
2026-07-29T10:05:50Z,239D1FEE23ADA762,16.14,queries/Core/05_join_type/inner.sql,2,3,1.219033,12.177,995.557,0.211299,0.009138,0.025631,7168,0,29736,0,0,0,0,4,2,1500000,3300000,1500000,13200000,0,0,orders;customer,0,6.199218750000000000,4.036865234375000000,,
2026-07-29T10:05:54Z,239D1FEE23ADA762,16.14,queries/Core/05_join_type/inner.sql,3,3,1.182514,9.768,968.498,0.204248,0.005602,0.023348,7168,0,29736,0,0,0,0,4,2,1500000,3300000,1500000,13200000,0,0,orders;customer,0,6.199523925781250000,4.107910156250000000,,
2026-07-29T10:05:59Z,239D1FEE23ADA762,16.14,queries/Core/05_join_type/join_on_text_cast.sql,1,3,1.394489,9.889,1169.816,0.214784,0.009441,0.025480,7168,162,29736,0,0,0,0,5,2,1500000,4800000,1125000000,19200000,0,2,orders;customer,0,15.662536621093750000,13.171264648437500000,,
2026-07-29T10:06:03Z,239D1FEE23ADA762,16.14,queries/Core/05_join_type/join_on_text_cast.sql,2,3,1.467077,10.118,1242.315,0.214644,0.012270,0.022174,7168,162,29736,0,0,0,0,5,2,1500000,4800000,1125000000,19200000,0,2,orders;customer,0,18.574829101562500000,15.848815917968750000,,
2026-07-29T10:06:07Z,239D1FEE23ADA762,16.14,queries/Core/05_join_type/join_on_text_cast.sql,3,3,1.326613,9.526,1186.574,0.130513,0.008781,0.008412,7168,162,29736,0,0,0,0,5,2,1500000,4800000,1125000000,19200000,0,2,orders;customer,0,16.159851074218750000,13.719177246093750000,,
2026-07-29T10:06:11Z,239D1FEE23ADA762,16.14,queries/Core/05_join_type/left_outer.sql,1,3,1.144460,9.324,999.740,0.135396,0.002227,0.014655,7040,0,29736,0,0,0,0,4,2,1500000,3300000,1500000,13200000,0,0,orders;customer,0,6.584350585937500000,4.540222167968750000,,
2026-07-29T10:06:15Z,239D1FEE23ADA762,16.14,queries/Core/05_join_type/left_outer.sql,2,3,1.153283,10.338,1018.317,0.124628,0.003199,0.012949,7168,0,29736,0,0,0,0,4,2,1500000,3300000,1500000,13200000,0,0,orders;customer,0,6.652465820312500000,4.576354980468750000,,
2026-07-29T10:06:18Z,239D1FEE23ADA762,16.14,queries/Core/05_join_type/left_outer.sql,3,3,1.174088,11.283,954.765,0.208040,0.016201,0.018118,7168,0,29736,0,0,0,0,4,2,1500000,3300000,1500000,13200000,0,0,orders;customer,0,6.329895019531250000,4.248901367187500000,,
2026-07-29T10:06:23Z,239D1FEE23ADA762,16.14,queries/Core/05_join_type/right_outer.sql,1,3,1.199814,11.614,977.811,0.210389,0.012794,0.022103,7168,0,29736,0,0,0,0,4,2,1550004,3350004,1500000,13400016,0,0,orders;customer,0,6.311096191406250000,4.186096191406250000,,
2026-07-29T10:06:27Z,239D1FEE23ADA762,16.14,queries/Core/05_join_type/right_outer.sql,2,3,1.154060,11.034,973.808,0.169218,0.010259,0.020972,7168,0,29736,0,0,0,0,4,2,1550004,3350004,1500000,13400016,0,0,orders;customer,0,6.317077636718750000,4.255065917968750000,,
2026-07-29T10:06:31Z,239D1FEE23ADA762,16.14,queries/Core/05_join_type/right_outer.sql,3,3,1.149680,9.730,995.803,0.144147,0.006769,0.015033,7168,0,29736,0,0,0,0,4,2,1550004,3350004,1500000,13400016,0,0,orders;customer,0,6.156982421875000000,4.091918945312500000,,
2026-07-29T10:06:35Z,239D1FEE23ADA762,16.14,queries/Core/05_join_type/self_join.sql,1,3,1.617750,7.321,1346.294,0.264135,0.012237,0.023158,7168,33,52239,0,0,8252,8252,4,2,1500000,6000000,1500000,24000000,0,0,orders,0,12.477294921875000000,10.129882812500000000,,
2026-07-29T10:06:39Z,239D1FEE23ADA762,16.14,queries/Core/05_join_type/self_join.sql,2,3,1.511905,6.500,1324.732,0.180673,0.003368,0.017182,7168,33,52239,0,0,8252,8252,4,2,1500000,6000000,1500000,24000000,0,0,orders,0,12.390197753906250000,10.164672851562500000,,
2026-07-29T10:06:44Z,239D1FEE23ADA762,16.14,queries/Core/05_join_type/self_join.sql,3,3,1.620845,9.419,1379.967,0.231459,0.005310,0.012427,7168,33,52239,0,0,8252,8252,4,2,1500000,6000000,1500000,24000000,0,0,orders,0,12.504272460937500000,10.143066406250000000,,
2026-07-29T10:06:48Z,239D1FEE23ADA762,16.14,queries/Core/05_join_type/semi_exists.sql,1,3,1.127781,10.403,929.746,0.187632,0.010569,0.023150,7168,0,29736,0,0,0,0,4,2,1500000,3300000,1500000,13200000,0,0,orders;customer,0,6.129821777343750000,4.111877441406250000,,
2026-07-29T10:06:52Z,239D1FEE23ADA762,16.14,queries/Core/05_join_type/semi_exists.sql,2,3,1.139233,11.032,914.796,0.213405,0.012469,0.022698,7168,0,29736,0,0,0,0,4,2,1500000,3300000,1500000,13200000,0,0,orders;customer,0,6.128662109375000000,4.122131347656250000,,
2026-07-29T10:06:56Z,239D1FEE23ADA762,16.14,queries/Core/05_join_type/semi_exists.sql,3,3,1.154873,13.987,922.657,0.218229,0.010063,0.025876,7168,0,29736,0,0,0,0,4,2,1500000,3300000,1500000,13200000,0,0,orders;customer,0,6.024108886718750000,3.992614746093750000,,
2026-07-29T10:07:02Z,239D1FEE23ADA762,16.14,queries/Core/06_join_chain/chain_1_hash.sql,1,3,2.796534,12.688,2590.985,0.192861,0.003720,0.015123,7168,0,35614,0,0,20613,20613,4,2,6001215,15002430,6001325,60009720,0,0,lineitem;orders,0,27.252929687500000000,22.954772949218750000,,
2026-07-29T10:07:08Z,239D1FEE23ADA762,16.14,queries/Core/06_join_chain/chain_1_hash.sql,2,3,2.809429,11.286,2595.804,0.202339,0.010278,0.024257,7168,0,35614,0,0,20613,20613,4,2,6001215,15002430,6001325,60009720,0,0,lineitem;orders,0,27.205200195312500000,22.889709472656250000,,
2026-07-29T10:07:14Z,239D1FEE23ADA762,16.14,queries/Core/06_join_chain/chain_1_hash.sql,3,3,2.853149,12.075,2621.665,0.219409,0.012351,0.023776,7168,0,35614,0,0,20613,20613,4,2,6001215,15002430,6001325,60009720,0,0,lineitem;orders,0,27.459045410156250000,23.081298828125000000,,
2026-07-29T10:07:19Z,239D1FEE23ADA762,16.14,queries/Core/06_join_chain/chain_1_merge.sql,1,3,1.915430,13.932,1722.667,0.178831,0.009010,0.009690,7168,6,35608,0,0,2206,2214,4,2,6001215,15002430,6001325,60009720,0,0,orders;lineitem,0,17.774230957031250000,14.367919921875000000,,
2026-07-29T10:07:23Z,239D1FEE23ADA762,16.14,queries/Core/06_join_chain/chain_1_merge.sql,2,3,1.886619,15.059,1724.963,0.146597,0.007655,0.013307,7168,6,35608,0,0,2206,2214,4,2,6001215,15002430,6001325,60009720,0,0,orders;lineitem,0,17.629028320312500000,14.286437988281250000,,
2026-07-29T10:07:28Z,239D1FEE23ADA762,16.14,queries/Core/06_join_chain/chain_1_merge.sql,3,3,1.952182,14.841,1722.493,0.214848,0.009939,0.026208,7168,6,35608,0,0,2206,2214,4,2,6001215,15002430,6001325,60009720,0,0,orders;lineitem,0,17.776855468750000000,14.328369140625000000,,
2026-07-29T10:07:33Z,239D1FEE23ADA762,16.14,queries/Core/06_join_chain/chain_1_nestloop.sql,1,3,1.964129,12.787,1737.172,0.214170,0.007841,0.026437,7168,4490577,35647,0,0,0,0,4,2,6001215,19502430,6001325,78009720,0,2,orders;lineitem,0,35.582702636718750000,32.032348632812500000,,
2026-07-29T10:07:38Z,239D1FEE23ADA762,16.14,queries/Core/06_join_chain/chain_1_nestloop.sql,2,3,1.984469,12.850,1759.496,0.212123,0.016171,0.018041,7168,4490577,35647,0,0,0,0,4,2,6001215,19502430,6001325,78009720,0,2,orders;lineitem,0,35.724060058593750000,32.069580078125000000,,
2026-07-29T10:07:43Z,239D1FEE23ADA762,16.14,queries/Core/06_join_chain/chain_1_nestloop.sql,3,3,1.992046,11.218,1780.383,0.200445,0.016088,0.019109,7168,4490577,35647,0,0,0,0,4,2,6001215,19502430,6001325,78009720,0,2,orders;lineitem,0,36.186706542968750000,32.507080078125000000,,
2026-07-29T10:07:49Z,239D1FEE23ADA762,16.14,queries/Core/06_join_chain/chain_2_hash.sql,1,3,3.330526,13.136,3128.753,0.188637,0.003754,0.014243,7168,0,39214,0,0,20613,20613,7,3,6001215,16802430,6001325,73209720,0,0,lineitem;orders;customer,0,30.371948242187500000,24.868591308593750000,,
2026-07-29T10:07:55Z,239D1FEE23ADA762,16.14,queries/Core/06_join_chain/chain_2_hash.sql,2,3,3.436176,12.943,3157.863,0.265370,0.012882,0.021973,7168,0,39214,0,0,20613,20613,7,3,6001215,16802430,6001325,73209720,0,0,lineitem;orders;customer,0,30.579284667968750000,24.909362792968750000,,
2026-07-29T10:08:02Z,239D1FEE23ADA762,16.14,queries/Core/06_join_chain/chain_2_hash.sql,3,3,3.422997,13.636,3144.911,0.264450,0.011182,0.023327,7168,0,39214,0,0,20613,20613,7,3,6001215,16802430,6001325,73209720,0,0,lineitem;orders;customer,0,30.326843261718750000,24.632324218750000000,,
2026-07-29T10:08:13Z,239D1FEE23ADA762,16.14,queries/Core/06_join_chain/chain_2_merge.sql,1,3,8.523380,17.693,8297.511,0.208176,0.010051,0.023669,7168,920380,593765,0,0,2206,2214,8,3,6001215,18352434,6001325,79409736,0,0,orders;customer;lineitem,0,47.986816406250000000,32.538208007812500000,,
2026-07-29T10:08:25Z,239D1FEE23ADA762,16.14,queries/Core/06_join_chain/chain_2_merge.sql,2,3,8.629033,16.911,8404.890,0.207232,0.008414,0.022920,7168,920380,593765,0,0,2206,2214,8,3,6001215,18352434,6001325,79409736,0,0,orders;customer;lineitem,0,47.952758789062500000,32.583007812500000000,,
2026-07-29T10:08:36Z,239D1FEE23ADA762,16.14,queries/Core/06_join_chain/chain_2_merge.sql,3,3,8.542348,137.264,8210.336,0.194748,0.011337,0.022019,7168,920380,593765,0,0,2206,2214,8,3,6001215,18352434,6001325,79409736,0,0,orders;customer;lineitem,0,48.239318847656250000,32.804565429687500000,,
2026-07-29T10:08:44Z,239D1FEE23ADA762,16.14,queries/Core/06_join_chain/chain_2_nestloop.sql,1,3,5.687287,13.477,5462.607,0.211203,0.013503,0.020022,7168,5450275,1376638,0,0,0,0,6,3,6001215,21152430,6001325,90609720,0,2,customer;orders;lineitem,0,75.401306152343750000,62.858093261718750000,,
2026-07-29T10:08:53Z,239D1FEE23ADA762,16.14,queries/Core/06_join_chain/chain_2_nestloop.sql,2,3,5.709704,12.387,5486.888,0.210429,0.011511,0.021016,7168,5450265,1376647,0,0,0,0,6,3,6001215,21152430,6001325,90609720,0,2,customer;orders;lineitem,0,75.463500976562500000,62.839416503906250000,,
2026-07-29T10:09:01Z,239D1FEE23ADA762,16.14,queries/Core/06_join_chain/chain_2_nestloop.sql,3,3,5.643319,13.164,5421.863,0.208292,0.008939,0.022383,7168,5450219,1376694,0,0,0,0,6,3,6001215,21152430,6001325,90609720,0,2,customer;orders;lineitem,0,75.210205078125000000,62.776855468750000000,,
2026-07-29T10:09:08Z,239D1FEE23ADA762,16.14,queries/Core/06_join_chain/chain_3_hash.sql,1,3,3.482112,12.564,3205.812,0.263736,0.011562,0.022110,7168,0,39215,0,0,20613,20613,10,4,6001215,16952480,6001325,74409920,0,0,lineitem;orders;customer;nation,0,31.364074707031250000,25.608093261718750000,,
2026-07-29T10:09:14Z,239D1FEE23ADA762,16.14,queries/Core/06_join_chain/chain_3_hash.sql,2,3,3.458768,12.516,3182.101,0.264151,0.008948,0.025113,7168,0,39215,0,0,20613,20613,10,4,6001215,16952480,6001325,74409920,0,0,lineitem;orders;customer;nation,0,31.581665039062500000,25.898010253906250000,,
2026-07-29T10:09:21Z,239D1FEE23ADA762,16.14,queries/Core/06_join_chain/chain_3_hash.sql,3,3,3.523799,13.797,3247.143,0.262859,0.014732,0.019639,7168,0,39215,0,0,20613,20613,10,4,6001215,16952480,6001325,74409920,0,0,lineitem;orders;customer;nation,0,31.304382324218750000,25.497741699218750000,,
2026-07-29T10:09:32Z,239D1FEE23ADA762,16.14,queries/Core/06_join_chain/chain_3_merge.sql,1,3,8.520028,17.047,8290.465,0.212516,0.007386,0.028464,7168,985358,598805,0,0,2206,2214,11,4,6001215,18646477,6001325,81185908,0,0,orders;customer;nation;lineitem,0,48.597595214843750000,33.418090820312500000,,
2026-07-29T10:09:44Z,239D1FEE23ADA762,16.14,queries/Core/06_join_chain/chain_3_merge.sql,2,3,8.536212,17.807,8400.883,0.117522,0.003824,0.015578,7168,985358,598805,0,0,2206,2214,11,4,6001215,18646477,6001325,81185908,0,0,orders;customer;nation;lineitem,0,49.068054199218750000,33.687194824218750000,,
2026-07-29T10:09:55Z,239D1FEE23ADA762,16.14,queries/Core/06_join_chain/chain_3_merge.sql,3,3,8.668673,138.391,8333.422,0.196860,0.010727,0.020244,7168,985316,598847,0,0,2206,2214,11,4,6001215,18646477,6001325,81185908,0,0,orders;customer;nation;lineitem,0,49.173156738281250000,33.490966796875000000,,
2026-07-29T10:10:12Z,239D1FEE23ADA762,16.14,queries/Core/06_join_chain/chain_3_nestloop.sql,1,3,14.432927,12.968,14157.996,0.261963,0.014801,0.018700,7168,5315477,1581475,0,0,0,0,7,4,6001215,15301240,6001325,67804960,0,0,nation;customer;orders;lineitem,0,96.727478027343750000,73.809143066406250000,,
2026-07-29T10:10:30Z,239D1FEE23ADA762,16.14,queries/Core/06_join_chain/chain_3_nestloop.sql,2,3,14.974100,133.843,14580.732,0.259525,0.011728,0.022158,7168,5315457,1581495,0,0,0,0,7,4,6001215,15301240,6001325,67804960,0,0,nation;customer;orders;lineitem,0,96.994873046875000000,73.000732421875000000,,
2026-07-29T10:10:48Z,239D1FEE23ADA762,16.14,queries/Core/06_join_chain/chain_3_nestloop.sql,3,3,14.728085,13.337,14539.021,0.175727,0.006014,0.009582,7168,5315485,1581467,0,0,0,0,7,4,6001215,15301240,6001325,67804960,0,0,nation;customer;orders;lineitem,0,95.937255859375000000,72.475891113281250000,,
2026-07-29T10:10:54Z,239D1FEE23ADA762,16.14,queries/Core/06_join_chain/chain_4_hash.sql,1,3,3.396241,13.544,3171.336,0.211361,0.010835,0.023156,7168,0,39216,0,0,20613,20613,13,5,6001215,16952515,6001325,74410160,0,0,lineitem;orders;customer;nation;region,0,31.655578613281250000,26.032165527343750000,,
2026-07-29T10:11:01Z,239D1FEE23ADA762,16.14,queries/Core/06_join_chain/chain_4_hash.sql,2,3,3.458643,13.509,3182.182,0.262952,0.007242,0.026998,7168,0,39216,0,0,20613,20613,13,5,6001215,16952515,6001325,74410160,0,0,lineitem;orders;customer;nation;region,0,31.755859375000000000,26.053649902343750000,,
2026-07-29T10:11:07Z,239D1FEE23ADA762,16.14,queries/Core/06_join_chain/chain_4_hash.sql,3,3,3.536542,13.566,3263.398,0.259578,0.012087,0.021502,7168,0,39216,0,0,20613,20613,13,5,6001215,16952515,6001325,74410160,0,0,lineitem;orders;customer;nation;region,0,31.945373535156250000,26.110168457031250000,,
2026-07-29T10:11:19Z,239D1FEE23ADA762,16.14,queries/Core/06_join_chain/chain_4_merge.sql,1,3,8.756712,16.781,8560.165,0.179766,0.007815,0.009618,7168,985293,598871,0,0,2206,2214,15,5,6001215,18646553,6001325,81186412,0,0,orders;customer;nation;region;lineitem,0,50.879211425781250000,35.120239257812500000,,
2026-07-29T10:11:30Z,239D1FEE23ADA762,16.14,queries/Core/06_join_chain/chain_4_merge.sql,2,3,8.354056,16.257,8126.977,0.210822,0.011622,0.020031,7168,985340,598824,0,0,2206,2214,15,5,6001215,18646553,6001325,81186412,0,0,orders;customer;nation;region;lineitem,0,49.319458007812500000,34.267639160156250000,,
2026-07-29T10:11:42Z,239D1FEE23ADA762,16.14,queries/Core/06_join_chain/chain_4_merge.sql,3,3,8.620908,19.406,8393.386,0.208116,0.012528,0.019014,7168,985340,598824,0,0,2206,2214,15,5,6001215,18646553,6001325,81186412,0,0,orders;customer;nation;region;lineitem,0,50.076538085937500000,34.591857910156250000,,
2026-07-29T10:12:00Z,239D1FEE23ADA762,16.14,queries/Core/06_join_chain/chain_4_nestloop.sql,1,3,15.102055,12.244,14872.713,0.217098,0.006474,0.011287,7168,5315447,1581506,0,0,0,0,10,5,6001215,15301395,6001325,67805680,0,0,nation;region;customer;orders;lineitem,0,96.054382324218750000,72.109375000000000000,,
2026-07-29T10:12:18Z,239D1FEE23ADA762,16.14,queries/Core/06_join_chain/chain_4_nestloop.sql,2,3,14.934264,13.930,14664.195,0.256139,0.013320,0.019061,7168,5315471,1581482,0,0,0,0,10,5,6001215,15301395,6001325,67805680,0,0,nation;region;customer;orders;lineitem,0,95.929992675781250000,72.401489257812500000,,
2026-07-29T10:12:36Z,239D1FEE23ADA762,16.14,queries/Core/06_join_chain/chain_4_nestloop.sql,3,3,14.971475,13.905,14724.934,0.232636,0.008089,0.010971,7168,5315465,1581488,0,0,0,0,10,5,6001215,15301395,6001325,67805680,0,0,nation;region;customer;orders;lineitem,0,97.739440917968750000,73.971984863281250000,,
2026-07-29T10:12:40Z,239D1FEE23ADA762,16.14,queries/Core/07_grouping_distinct/count_per_group.sql,1,3,1.646782,8.009,1423.291,0.215482,0.014053,0.018923,7168,14,112561,0,0,0,0,5,1,3,6001245,3,12002730,0,2,lineitem,0,21.944519042968750000,18.832702636718750000,,
2026-07-29T10:12:45Z,239D1FEE23ADA762,16.14,queries/Core/07_grouping_distinct/count_per_group.sql,2,3,1.640482,7.945,1416.920,0.215617,0.010480,0.025323,7168,14,112561,0,0,0,0,5,1,3,6001245,3,12002730,0,2,lineitem,0,21.885681152343750000,18.784179687500000000,,
2026-07-29T10:12:50Z,239D1FEE23ADA762,16.14,queries/Core/07_grouping_distinct/count_per_group.sql,3,3,1.647783,8.741,1428.319,0.210723,0.016191,0.018515,7168,14,112561,0,0,0,0,5,1,3,6001245,3,12002730,0,2,lineitem,0,21.974975585937500000,18.854187011718750000,,
2026-07-29T10:12:57Z,239D1FEE23ADA762,16.14,queries/Core/07_grouping_distinct/cube.sql,1,3,3.364195,8.156,3224.796,0.131243,0.002346,0.015233,7168,0,112561,0,0,0,0,2,1,10,6001225,12,24004900,0,0,lineitem,0,36.710876464843750000,30.480895996093750000,,
2026-07-29T10:13:03Z,239D1FEE23ADA762,16.14,queries/Core/07_grouping_distinct/cube.sql,2,3,3.418015,6.586,3204.280,0.207149,0.015402,0.017261,7168,0,112561,0,0,0,0,2,1,10,6001225,12,24004900,0,0,lineitem,0,36.612854003906250000,30.289611816406250000,,
2026-07-29T10:13:09Z,239D1FEE23ADA762,16.14,queries/Core/07_grouping_distinct/cube.sql,3,3,3.420761,8.147,3212.255,0.200359,0.009255,0.024547,7168,0,112561,0,0,0,0,2,1,10,6001225,12,24004900,0,0,lineitem,0,36.446411132812500000,30.105407714843750000,,
2026-07-29T10:13:15Z,239D1FEE23ADA762,16.14,queries/Core/07_grouping_distinct/distinct_200k_vals.sql,1,3,2.476998,6.675,2260.009,0.210314,0.014298,0.018802,7168,0,112561,0,0,11824,21245,4,1,200000,7401162,198911,29604648,0,2,lineitem,0,27.267578125000000000,22.708435058593750000,,
2026-07-29T10:13:20Z,239D1FEE23ADA762,16.14,queries/Core/07_grouping_distinct/distinct_200k_vals.sql,2,3,2.480152,6.759,2260.432,0.212961,0.015638,0.018856,7168,0,112561,0,0,11759,21219,4,1,200000,7401166,198911,29604664,0,2,lineitem,0,27.174865722656250000,22.587463378906250000,,
2026-07-29T10:13:26Z,239D1FEE23ADA762,16.14,queries/Core/07_grouping_distinct/distinct_200k_vals.sql,3,3,2.269428,6.629,2081.092,0.181707,0.005271,0.012296,7168,0,112561,0,0,11518,20599,4,1,200000,7401149,198911,29604596,0,2,lineitem,0,29.931030273437500000,25.312988281250000000,,
2026-07-29T10:13:30Z,239D1FEE23ADA762,16.14,queries/Core/07_grouping_distinct/distinct_3_vals.sql,1,3,1.637977,7.733,1422.441,0.207803,0.011241,0.023005,7168,3,112561,0,0,0,0,5,1,3,6001245,3,12002490,0,2,lineitem,0,21.717468261718750000,18.631530761718750000,,
2026-07-29T10:13:35Z,239D1FEE23ADA762,16.14,queries/Core/07_grouping_distinct/distinct_3_vals.sql,2,3,1.653567,7.475,1433.099,0.212993,0.011139,0.024291,7168,3,112561,0,0,0,0,5,1,3,6001245,3,12002490,0,2,lineitem,0,21.698120117187500000,18.567871093750000000,,
2026-07-29T10:13:40Z,239D1FEE23ADA762,16.14,queries/Core/07_grouping_distinct/distinct_3_vals.sql,3,3,1.656660,7.163,1440.076,0.209421,0.010732,0.024516,7168,3,112561,0,0,0,0,5,1,3,6001245,3,12002490,0,2,lineitem,0,22.005187988281250000,18.872192382812500000,,
2026-07-29T10:13:51Z,239D1FEE23ADA762,16.14,queries/Core/07_grouping_distinct/distinct_on.sql,1,3,7.374961,8.367,7110.627,0.255967,0.006839,0.022154,7168,6,112561,0,0,26435,26519,3,1,3,12002433,3,72014598,0,0,lineitem,0,80.077636718750000000,70.412414550781250000,,
2026-07-29T10:14:01Z,239D1FEE23ADA762,16.14,queries/Core/07_grouping_distinct/distinct_on.sql,2,3,7.291734,7.716,7100.577,0.183441,0.012600,0.021711,7168,6,112561,0,0,26435,26519,3,1,3,12002433,3,72014598,0,0,lineitem,0,78.912597656250000000,69.365051269531250000,,
2026-07-29T10:14:12Z,239D1FEE23ADA762,16.14,queries/Core/07_grouping_distinct/distinct_on.sql,3,3,7.324844,8.551,7106.260,0.210033,0.005223,0.028164,7168,6,112561,0,0,26435,26519,3,1,3,12002433,3,72014598,0,0,lineitem,0,80.041870117187500000,70.479858398437500000,,
2026-07-29T10:14:18Z,239D1FEE23ADA762,16.14,queries/Core/07_grouping_distinct/group_1500k_vals.sql,1,3,3.173164,6.537,2910.298,0.256329,0.011156,0.021998,7168,0,112561,0,0,27422,49863,4,1,1500000,10504372,373805,42017488,0,2,lineitem,0,47.253234863281250000,41.994262695312500000,,
2026-07-29T10:14:24Z,239D1FEE23ADA762,16.14,queries/Core/07_grouping_distinct/group_1500k_vals.sql,2,3,3.133974,6.259,2866.899,0.260816,0.011217,0.023264,7168,0,112561,0,0,27451,49850,4,1,1500000,10504335,373805,42017340,0,2,lineitem,0,47.797058105468750000,42.519348144531250000,,
2026-07-29T10:14:30Z,239D1FEE23ADA762,16.14,queries/Core/07_grouping_distinct/group_1500k_vals.sql,3,3,3.205969,6.745,2953.822,0.245402,0.013845,0.022256,7168,0,112561,0,0,27506,49784,4,1,1500000,10504383,373805,42017532,0,2,lineitem,0,47.064514160156250000,41.821350097656250000,,
2026-07-29T10:14:36Z,239D1FEE23ADA762,16.14,queries/Core/07_grouping_distinct/group_200k_sortagg.sql,1,3,2.183616,7.283,1971.230,0.205103,0.015411,0.016816,7168,112,112561,0,0,8826,8858,5,1,200000,13402365,198911,53609460,0,2,lineitem,0,32.092651367187500000,28.137878417968750000,,
2026-07-29T10:14:41Z,239D1FEE23ADA762,16.14,queries/Core/07_grouping_distinct/group_200k_sortagg.sql,2,3,2.151900,6.580,1961.201,0.184119,0.013359,0.023373,7168,112,112561,0,0,8827,8860,5,1,200000,13402369,198911,53609476,0,2,lineitem,0,32.215393066406250000,28.267700195312500000,,
2026-07-29T10:14:47Z,239D1FEE23ADA762,16.14,queries/Core/07_grouping_distinct/group_200k_sortagg.sql,3,3,2.217066,6.011,1993.091,0.217964,0.010014,0.027036,7168,112,112561,0,0,8826,8860,5,1,200000,13402352,198911,53609408,0,2,lineitem,0,31.882446289062500000,27.908752441406250000,,
2026-07-29T10:14:52Z,239D1FEE23ADA762,16.14,queries/Core/07_grouping_distinct/group_200k_vals.sql,1,3,2.417897,6.544,2195.788,0.215565,0.015497,0.020186,7168,14,112561,0,0,11316,19623,5,1,200000,8001126,198911,32004504,0,2,lineitem,0,27.463928222656250000,22.671264648437500000,,
2026-07-29T10:14:58Z,239D1FEE23ADA762,16.14,queries/Core/07_grouping_distinct/group_200k_vals.sql,2,3,2.391184,7.327,2198.355,0.185502,0.014500,0.020089,7168,14,112561,0,0,11205,19141,5,1,200000,8001153,198911,32004612,0,2,lineitem,0,27.107543945312500000,22.604309082031250000,,
2026-07-29T10:15:03Z,239D1FEE23ADA762,16.14,queries/Core/07_grouping_distinct/group_200k_vals.sql,3,3,2.316843,7.314,2123.456,0.186073,0.010401,0.022990,7168,14,112561,0,0,11597,20285,5,1,200000,8001152,198911,32004608,0,2,lineitem,0,30.688842773437500000,26.007324218750000000,,
2026-07-29T10:15:08Z,239D1FEE23ADA762,16.14,queries/Core/07_grouping_distinct/group_3_vals.sql,1,3,1.629926,6.755,1413.124,0.210047,0.010083,0.026785,7168,14,112561,0,0,0,0,5,1,3,6001245,3,12002490,0,2,lineitem,0,21.452697753906250000,18.375244140625000000,,
2026-07-29T10:15:13Z,239D1FEE23ADA762,16.14,queries/Core/07_grouping_distinct/group_3_vals.sql,2,3,1.639487,7.204,1422.945,0.209338,0.012949,0.023054,7168,14,112561,0,0,0,0,5,1,3,6001245,3,12002490,0,2,lineitem,0,20.719604492187500000,17.623107910156250000,,
2026-07-29T10:15:17Z,239D1FEE23ADA762,16.14,queries/Core/07_grouping_distinct/group_3_vals.sql,3,3,1.622445,5.804,1406.322,0.210319,0.012041,0.024300,7168,14,112561,0,0,0,0,5,1,3,6001245,3,12002490,0,2,lineitem,0,21.165710449218750000,18.109680175781250000,,
2026-07-29T10:15:22Z,239D1FEE23ADA762,16.14,queries/Core/07_grouping_distinct/group_7_vals.sql,1,3,1.687441,7.469,1466.755,0.213217,0.018946,0.017215,7168,14,112561,0,0,0,0,5,1,7,6001285,7,66014135,0,2,lineitem,0,23.638854980468750000,20.478637695312500000,,
2026-07-29T10:15:27Z,239D1FEE23ADA762,16.14,queries/Core/07_grouping_distinct/group_7_vals.sql,2,3,1.682561,7.498,1465.567,0.209496,0.013612,0.021724,7168,14,112561,0,0,0,0,5,1,7,6001285,7,66014135,0,2,lineitem,0,23.450866699218750000,20.279296875000000000,,
2026-07-29T10:15:32Z,239D1FEE23ADA762,16.14,queries/Core/07_grouping_distinct/group_7_vals.sql,3,3,1.673228,5.529,1458.940,0.208759,0.014593,0.020280,7168,14,112561,0,0,0,0,5,1,7,6001285,7,66014135,0,2,lineitem,0,23.539978027343750000,20.382690429687500000,,
2026-07-29T10:15:38Z,239D1FEE23ADA762,16.14,queries/Core/07_grouping_distinct/grouping_sets.sql,1,3,2.749165,5.860,2532.067,0.211238,0.008276,0.026961,7168,0,112561,0,0,0,0,2,1,5,6001220,5,24004880,0,0,lineitem,0,27.696899414062500000,22.611206054687500000,,
2026-07-29T10:15:44Z,239D1FEE23ADA762,16.14,queries/Core/07_grouping_distinct/grouping_sets.sql,2,3,2.705936,6.925,2492.810,0.206201,0.011370,0.022790,7168,0,112561,0,0,0,0,2,1,5,6001220,5,24004880,0,0,lineitem,0,27.713256835937500000,22.704162597656250000,,
2026-07-29T10:15:49Z,239D1FEE23ADA762,16.14,queries/Core/07_grouping_distinct/grouping_sets.sql,3,3,2.743798,7.552,2529.694,0.206552,0.013498,0.020452,7168,0,112561,0,0,0,0,2,1,5,6001220,5,24004880,0,0,lineitem,0,27.710083007812500000,22.627990722656250000,,
2026-07-29T10:15:55Z,239D1FEE23ADA762,16.14,queries/Core/07_grouping_distinct/having.sql,1,3,2.368109,6.765,2176.099,0.185245,0.017050,0.014920,7168,14,112561,0,0,15565,25931,5,1,90589,7891715,66304,45966148,109411,2,lineitem,0,35.974792480468750000,31.159057617187500000,,
2026-07-29T10:16:00Z,239D1FEE23ADA762,16.14,queries/Core/07_grouping_distinct/having.sql,2,3,2.411289,6.815,2188.322,0.216152,0.009491,0.022872,7168,14,112561,0,0,15562,25805,5,1,90589,7891723,66304,45966244,109411,2,lineitem,0,35.438476562500000000,30.584228515625000000,,
2026-07-29T10:16:06Z,239D1FEE23ADA762,16.14,queries/Core/07_grouping_distinct/having.sql,3,3,2.408909,6.736,2180.352,0.221821,0.009892,0.024792,7168,14,112561,0,0,15560,25823,5,1,90589,7891722,66304,45966232,109411,2,lineitem,0,35.976806640625000000,31.114929199218750000,,
2026-07-29T10:16:12Z,239D1FEE23ADA762,16.14,queries/Core/07_grouping_distinct/rollup.sql,1,3,2.857401,6.405,2636.167,0.214829,0.019607,0.016574,7168,0,112561,0,0,0,0,2,1,8,6001223,10,24004892,0,0,lineitem,0,28.851684570312500000,23.575012207031250000,,
2026-07-29T10:16:17Z,239D1FEE23ADA762,16.14,queries/Core/07_grouping_distinct/rollup.sql,2,3,2.841986,8.735,2626.699,0.206552,0.009708,0.024191,7168,0,112561,0,0,0,0,2,1,8,6001223,10,24004892,0,0,lineitem,0,29.262695312500000000,24.004211425781250000,,
2026-07-29T10:16:23Z,239D1FEE23ADA762,16.14,queries/Core/07_grouping_distinct/rollup.sql,3,3,2.822530,7.320,2633.652,0.181558,0.007579,0.011203,7168,0,112561,0,0,0,0,2,1,8,6001223,10,24004892,0,0,lineitem,0,29.187683105468750000,23.957702636718750000,,
2026-07-29T10:16:28Z,239D1FEE23ADA762,16.14,queries/Core/08_sorting/limit_with_ties.sql,1,3,1.800384,6.276,1581.169,0.212939,0.016037,0.018034,7168,112,112561,0,0,1436,8858,4,1,124,6004560,100,24018240,0,2,lineitem,0,22.047119140625000000,18.600158691406250000,,
2026-07-29T10:16:33Z,239D1FEE23ADA762,16.14,queries/Core/08_sorting/limit_with_ties.sql,2,3,1.764620,6.298,1545.549,0.212773,0.013851,0.021761,7168,112,112561,0,0,1514,8857,4,1,124,6004620,100,24018480,0,2,lineitem,0,21.866577148437500000,18.475646972656250000,,
2026-07-29T10:16:37Z,239D1FEE23ADA762,16.14,queries/Core/08_sorting/limit_with_ties.sql,3,3,1.769904,6.006,1551.690,0.212208,0.011704,0.023417,7168,112,112561,0,0,1514,8857,4,1,124,6004725,100,24018900,0,2,lineitem,0,21.963195800781250000,18.543334960937500000,,
2026-07-29T10:16:45Z,239D1FEE23ADA762,16.14,queries/Core/08_sorting/sort_2_keys.sql,1,3,4.329728,6.204,4061.458,0.262066,0.013189,0.023069,7168,3,112561,0,0,26435,26519,2,1,6001215,12002430,6001325,96019440,0,0,lineitem,0,42.486938476562500000,35.751586914062500000,,
2026-07-29T10:16:52Z,239D1FEE23ADA762,16.14,queries/Core/08_sorting/sort_2_keys.sql,2,3,4.363499,6.096,4096.538,0.260865,0.009607,0.025159,7168,3,112561,0,0,26435,26519,2,1,6001215,12002430,6001325,96019440,0,0,lineitem,0,42.747802734375000000,35.895385742187500000,,
2026-07-29T10:17:00Z,239D1FEE23ADA762,16.14,queries/Core/08_sorting/sort_2_keys.sql,3,3,4.326672,6.549,4059.615,0.260508,0.013192,0.020642,7168,3,112561,0,0,26435,26519,2,1,6001215,12002430,6001325,96019440,0,0,lineitem,0,42.304809570312500000,35.578491210937500000,,
2026-07-29T10:17:06Z,239D1FEE23ADA762,16.14,queries/Core/08_sorting/sort_date.sql,1,3,3.286295,8.690,3075.092,0.202513,0.008062,0.009033,7168,3,112561,0,0,17631,17665,2,1,6001215,12002430,6001325,48009720,0,0,lineitem,0,30.840637207031250000,25.301574707031250000,,
2026-07-29T10:17:13Z,239D1FEE23ADA762,16.14,queries/Core/08_sorting/sort_date.sql,2,3,3.320373,6.142,3077.404,0.236827,0.013947,0.021553,7168,3,112561,0,0,17631,17665,2,1,6001215,12002430,6001325,48009720,0,0,lineitem,0,30.783203125000000000,25.275878906250000000,,
2026-07-29T10:17:19Z,239D1FEE23ADA762,16.14,queries/Core/08_sorting/sort_date.sql,3,3,3.331481,6.197,3035.201,0.290083,0.012074,0.024409,7168,3,112561,0,0,17631,17665,2,1,6001215,12002430,6001325,48009720,0,0,lineitem,0,30.813354492187500000,25.217468261718750000,,
2026-07-29T10:17:26Z,239D1FEE23ADA762,16.14,queries/Core/08_sorting/sort_desc.sql,1,3,3.825814,4.898,3563.714,0.257202,0.013708,0.021514,7168,3,112561,0,0,17631,17665,2,1,6001215,12002430,6001325,48009720,0,0,lineitem,0,33.906311035156250000,27.870727539062500000,,
2026-07-29T10:17:33Z,239D1FEE23ADA762,16.14,queries/Core/08_sorting/sort_desc.sql,2,3,3.804372,5.983,3537.207,0.261182,0.015275,0.020343,7168,3,112561,0,0,17631,17665,2,1,6001215,12002430,6001325,48009720,0,0,lineitem,0,33.963073730468750000,28.077697753906250000,,
2026-07-29T10:17:40Z,239D1FEE23ADA762,16.14,queries/Core/08_sorting/sort_desc.sql,3,3,3.922927,5.367,3659.106,0.258454,0.014906,0.020197,7168,3,112561,0,0,17631,17665,2,1,6001215,12002430,6001325,48009720,0,0,lineitem,0,34.479675292968750000,28.227539062500000000,,
2026-07-29T10:17:47Z,239D1FEE23ADA762,16.14,queries/Core/08_sorting/sort_int.sql,1,3,3.889902,5.552,3617.991,0.266359,0.016429,0.020383,7168,3,112561,0,0,17631,17665,2,1,6001215,12002430,6001325,48009720,0,0,lineitem,0,34.040039062500000000,28.044128417968750000,,
2026-07-29T10:17:54Z,239D1FEE23ADA762,16.14,queries/Core/08_sorting/sort_int.sql,2,3,3.901226,5.779,3635.489,0.259958,0.012522,0.023089,7168,3,112561,0,0,17631,17665,2,1,6001215,12002430,6001325,48009720,0,0,lineitem,0,34.166687011718750000,28.046691894531250000,,
2026-07-29T10:18:01Z,239D1FEE23ADA762,16.14,queries/Core/08_sorting/sort_int.sql,3,3,3.788777,5.439,3516.717,0.266621,0.013711,0.023581,7168,3,112561,0,0,17631,17665,2,1,6001215,12002430,6001325,48009720,0,0,lineitem,0,34.080749511718750000,28.086425781250000000,,
2026-07-29T10:18:07Z,239D1FEE23ADA762,16.14,queries/Core/08_sorting/sort_int_presorted.sql,1,3,2.919552,7.994,2639.682,0.271876,0.009873,0.025193,7168,3,112561,0,0,17631,17665,2,1,6001215,12002430,6001325,48009720,0,0,lineitem,0,25.114685058593750000,20.228027343750000000,,
2026-07-29T10:18:13Z,239D1FEE23ADA762,16.14,queries/Core/08_sorting/sort_int_presorted.sql,2,3,2.903262,5.897,2633.457,0.263908,0.011502,0.025148,7168,3,112561,0,0,17631,17665,2,1,6001215,12002430,6001325,48009720,0,0,lineitem,0,25.205078125000000000,20.336547851562500000,,
2026-07-29T10:18:19Z,239D1FEE23ADA762,16.14,queries/Core/08_sorting/sort_int_presorted.sql,3,3,2.950376,6.370,2673.666,0.270340,0.009591,0.024645,7168,3,112561,0,0,17631,17665,2,1,6001215,12002430,6001325,48009720,0,0,lineitem,0,25.507568359375000000,20.475646972656250000,,
2026-07-29T10:18:30Z,239D1FEE23ADA762,16.14,queries/Core/08_sorting/sort_numeric.sql,1,3,7.371879,7.552,7148.652,0.215675,0.017811,0.018642,7168,3,112561,0,0,18583,18653,2,1,6001215,12002430,6001325,96019440,0,0,lineitem,0,73.786987304687500000,64.459777832031250000,,
2026-07-29T10:18:40Z,239D1FEE23ADA762,16.14,queries/Core/08_sorting/sort_numeric.sql,2,3,7.436865,6.866,7167.785,0.262214,0.013038,0.021929,7168,3,112561,0,0,18583,18653,2,1,6001215,12002430,6001325,96019440,0,0,lineitem,0,74.237548828125000000,64.884704589843750000,,
2026-07-29T10:18:51Z,239D1FEE23ADA762,16.14,queries/Core/08_sorting/sort_numeric.sql,3,3,7.380525,7.737,7162.112,0.210676,0.012965,0.020599,7168,3,112561,0,0,18583,18653,2,1,6001215,12002430,6001325,96019440,0,0,lineitem,0,74.300537109375000000,65.026123046875000000,,
2026-07-29T10:19:16Z,239D1FEE23ADA762,16.14,queries/Core/08_sorting/sort_text.sql,1,3,21.947347,6.354,21730.202,0.210791,0.007074,0.026193,7168,114,112561,0,0,46267,46360,3,1,6001215,18003645,5001104,486098415,0,2,lineitem,0,355.039550781250000000,330.220764160156250000,,
2026-07-29T10:19:42Z,239D1FEE23ADA762,16.14,queries/Core/08_sorting/sort_text.sql,2,3,23.648210,7.171,23428.666,0.212373,0.010116,0.023730,7168,114,112561,0,0,46266,46359,3,1,6001215,18003645,5001104,486098415,0,2,lineitem,0,354.501892089843750000,327.363037109375000000,,
2026-07-29T10:20:09Z,239D1FEE23ADA762,16.14,queries/Core/08_sorting/sort_text.sql,3,3,23.275228,6.142,23091.476,0.177610,0.015846,0.015846,7168,114,112561,0,0,46264,46357,3,1,6001215,18003645,5001104,486098415,0,2,lineitem,0,358.947448730468750000,332.037963867187500000,,
2026-07-29T10:20:16Z,239D1FEE23ADA762,16.14,queries/Core/08_sorting/sort_text_collate_c.sql,1,3,3.989595,6.426,3801.101,0.182068,0.008944,0.024811,7168,114,112561,0,0,95438,95593,3,1,6001215,18003645,5001104,2394484785,0,2,lineitem,0,78.695739746093750000,71.340087890625000000,,
2026-07-29T10:20:22Z,239D1FEE23ADA762,16.14,queries/Core/08_sorting/sort_text_collate_c.sql,2,3,3.636432,6.408,3518.419,0.111605,0.004734,0.012792,7168,114,112561,0,0,95436,95591,3,1,6001215,18003645,5001104,2394484785,0,2,lineitem,0,78.109375000000000000,71.391601562500000000,,
2026-07-29T10:20:29Z,239D1FEE23ADA762,16.14,queries/Core/08_sorting/sort_text_collate_c.sql,3,3,4.125180,6.286,3902.939,0.215955,0.013769,0.019462,7168,114,112561,0,0,95433,95589,3,1,6001215,18003645,5001104,2394484785,0,2,lineitem,0,79.569396972656250000,72.181396484375000000,,
2026-07-29T10:20:34Z,239D1FEE23ADA762,16.14,queries/Core/08_sorting/sort_topn_100.sql,1,3,1.548296,7.100,1357.566,0.183630,0.015428,0.017249,7168,112,112561,0,0,0,0,4,1,100,6001646,100,24006584,0,2,lineitem,0,11.405822753906250000,8.457824707031250000,,
2026-07-29T10:20:39Z,239D1FEE23ADA762,16.14,queries/Core/08_sorting/sort_topn_100.sql,2,3,1.569836,6.221,1352.130,0.211485,0.014725,0.021218,7168,112,112561,0,0,0,0,4,1,100,6001652,100,24006608,0,2,lineitem,0,15.658264160156250000,12.701782226562500000,,
2026-07-29T10:20:43Z,239D1FEE23ADA762,16.14,queries/Core/08_sorting/sort_topn_100.sql,3,3,1.563853,6.607,1371.343,0.185903,0.015257,0.020083,7168,112,112561,0,0,0,0,4,1,100,6001646,100,24006584,0,2,lineitem,0,11.230163574218750000,8.257507324218750000,,
2026-07-29T10:20:48Z,239D1FEE23ADA762,16.14,queries/Core/09_set_operations/except.sql,1,3,2.007067,7.606,1739.259,0.260202,0.016346,0.019403,7168,32,52240,0,0,0,0,6,4,0,9000000,87133,60000000,0,0,"*SELECT*;orders,0,10.346191406250000000,7.256530761718750000,,
2026-07-29T10:20:54Z,239D1FEE23ADA762,16.14,queries/Core/09_set_operations/except.sql,2,3,2.015109,4.701,1747.840,0.262568,0.014008,0.022255,7168,32,52240,0,0,0,0,6,4,0,9000000,87133,60000000,0,0,"*SELECT*;orders,0,10.386474609375000000,7.286499023437500000,,
2026-07-29T10:20:59Z,239D1FEE23ADA762,16.14,queries/Core/09_set_operations/except.sql,3,3,2.102769,6.739,1832.611,0.263419,0.012875,0.021839,7168,32,52240,0,0,0,0,6,4,0,9000000,87133,60000000,0,0,"*SELECT*;orders,0,10.127502441406250000,6.907592773437500000,,
2026-07-29T10:21:04Z,239D1FEE23ADA762,16.14,queries/Core/09_set_operations/except_all.sql,1,3,1.989557,6.793,1786.053,0.196711,0.005538,0.014710,7168,32,52240,0,0,0,0,6,4,0,9000000,1500000,60000000,0,0,"*SELECT*;orders,0,10.442871093750000000,7.354675292968750000,,
2026-07-29T10:21:09Z,239D1FEE23ADA762,16.14,queries/Core/09_set_operations/except_all.sql,2,3,2.027908,7.032,1753.438,0.267438,0.010032,0.026255,7168,32,52240,0,0,0,0,6,4,0,9000000,1500000,60000000,0,0,"*SELECT*;orders,0,10.212097167968750000,7.093444824218750000,,
2026-07-29T10:21:14Z,239D1FEE23ADA762,16.14,queries/Core/09_set_operations/except_all.sql,3,3,2.052253,7.063,1783.331,0.261859,0.010093,0.022346,7168,32,52240,0,0,0,0,6,4,0,9000000,1500000,60000000,0,0,"*SELECT*;orders,0,10.259704589843750000,7.031921386718750000,,
2026-07-29T10:21:19Z,239D1FEE23ADA762,16.14,queries/Core/09_set_operations/intersect.sql,1,3,2.046080,7.150,1780.048,0.258882,0.008534,0.026193,7168,32,52240,0,0,0,0,6,4,99996,9099996,87133,60799968,0,0,"*SELECT*;orders,0,10.199523925781250000,7.060424804687500000,,
2026-07-29T10:21:24Z,239D1FEE23ADA762,16.14,queries/Core/09_set_operations/intersect.sql,2,3,2.016742,6.520,1743.829,0.266393,0.017994,0.017597,7168,32,52240,0,0,0,0,6,4,99996,9099996,87133,60799968,0,0,"*SELECT*;orders,0,10.612609863281250000,7.510498046875000000,,
2026-07-29T10:21:29Z,239D1FEE23ADA762,16.14,queries/Core/09_set_operations/intersect.sql,3,3,2.045207,6.969,1778.757,0.259481,0.004089,0.022042,7168,32,52240,0,0,0,0,6,4,99996,9099996,87133,60799968,0,0,"*SELECT*;orders,0,10.367309570312500000,7.220825195312500000,,
2026-07-29T10:21:34Z,239D1FEE23ADA762,16.14,queries/Core/09_set_operations/intersect_all.sql,1,3,2.075037,7.011,1801.571,0.266455,0.014457,0.020377,7168,32,52240,0,0,0,0,6,4,1500000,10500000,1500000,72000000,0,0,"*SELECT*;orders,0,10.861145019531250000,7.709106445312500000,,
2026-07-29T10:21:39Z,239D1FEE23ADA762,16.14,queries/Core/09_set_operations/intersect_all.sql,2,3,2.104036,7.100,1838.414,0.258522,0.011371,0.014526,7168,32,52240,0,0,0,0,6,4,1500000,10500000,1500000,72000000,0,0,"*SELECT*;orders,0,10.609008789062500000,7.420898437500000000,,
2026-07-29T10:21:44Z,239D1FEE23ADA762,16.14,queries/Core/09_set_operations/intersect_all.sql,3,3,2.111453,6.762,1837.392,0.267299,0.010832,0.025438,7168,32,52240,0,0,0,0,6,4,1500000,10500000,1500000,72000000,0,0,"*SELECT*;orders,0,10.824890136718750000,7.617736816406250000,,
2026-07-29T10:21:49Z,239D1FEE23ADA762,16.14,queries/Core/09_set_operations/union.sql,1,3,2.077498,7.275,1815.261,0.254962,0.015402,0.019837,7168,35,52240,0,0,8816,8833,5,2,99996,9099996,3000000,36399984,0,0,orders,0,16.898132324218750000,14.028564453125000000,,
2026-07-29T10:21:54Z,239D1FEE23ADA762,16.14,queries/Core/09_set_operations/union.sql,2,3,2.113278,6.792,1892.690,0.213796,0.013150,0.022097,7168,35,52240,0,0,8816,8833,5,2,99996,9099996,3000000,36399984,0,0,orders,0,17.007629394531250000,13.968688964843750000,,
2026-07-29T10:21:59Z,239D1FEE23ADA762,16.14,queries/Core/09_set_operations/union.sql,3,3,2.029286,7.334,1861.541,0.160411,0.006484,0.015239,7168,35,52240,0,0,8816,8833,5,2,99996,9099996,3000000,36399984,0,0,orders,0,16.853637695312500000,13.973510742187500000,,
2026-07-29T10:22:03Z,239D1FEE23ADA762,16.14,queries/Core/09_set_operations/union_all.sql,1,3,0.969854,7.714,728.040,0.234100,0.007738,0.009495,7168,32,52240,0,0,0,0,3,2,3000000,6000000,3000000,24000000,0,0,orders,0,6.130981445312500000,4.537780761718750000,,
2026-07-29T10:22:08Z,239D1FEE23ADA762,16.14,queries/Core/09_set_operations/union_all.sql,2,3,0.976179,5.744,701.092,0.269343,0.012858,0.027418,7168,32,52240,0,0,0,0,3,2,3000000,6000000,3000000,24000000,0,0,orders,0,6.085754394531250000,4.513488769531250000,,
2026-07-29T10:22:11Z,239D1FEE23ADA762,16.14,queries/Core/09_set_operations/union_all.sql,3,3,0.981003,5.777,710.263,0.264963,0.013668,0.022815,7168,32,52240,0,0,0,0,3,2,3000000,6000000,3000000,24000000,0,0,orders,0,6.122619628906250000,4.571350097656250000,,
2026-07-29T10:22:15Z,239D1FEE23ADA762,16.14,queries/Core/10_subqueries_ctes/cte_inline.sql,1,3,0.748412,6.016,531.885,0.210511,0.013039,0.023049,7168,0,26136,0,0,0,0,1,1,1500000,1500000,1500000,6000000,0,0,orders,0,3.698181152343750000,2.401245117187500000,,
2026-07-29T10:22:19Z,239D1FEE23ADA762,16.14,queries/Core/10_subqueries_ctes/cte_inline.sql,2,3,0.748308,6.025,536.283,0.206000,0.007421,0.027016,7168,0,26136,0,0,0,0,1,1,1500000,1500000,1500000,6000000,0,0,orders,0,3.761352539062500000,2.462341308593750000,,
2026-07-29T10:22:22Z,239D1FEE23ADA762,16.14,queries/Core/10_subqueries_ctes/cte_inline.sql,3,3,0.696631,6.002,529.699,0.160930,0.003873,0.014105,7168,0,26136,0,0,0,0,1,1,1500000,1500000,1500000,6000000,0,0,orders,0,3.754028320312500000,2.527160644531250000,,
2026-07-29T10:22:26Z,239D1FEE23ADA762,16.14,queries/Core/10_subqueries_ctes/cte_materialized.sql,1,3,0.782553,6.070,627.511,0.148972,0.010147,0.020319,7168,0,26136,0,0,0,2563,2,2,1500000,3000000,1500000,12000000,0,0,w;orders,0,5.681091308593750000,4.326477050781250000,,
2026-07-29T10:22:30Z,239D1FEE23ADA762,16.14,queries/Core/10_subqueries_ctes/cte_materialized.sql,2,3,0.833968,4.784,624.164,0.205020,0.014452,0.020967,7168,0,26136,0,0,0,2563,2,2,1500000,3000000,1500000,12000000,0,0,w;orders,0,5.849243164062500000,4.408447265625000000,,
2026-07-29T10:22:33Z,239D1FEE23ADA762,16.14,queries/Core/10_subqueries_ctes/cte_materialized.sql,3,3,0.847391,5.999,630.451,0.210941,0.011795,0.023438,7168,0,26136,0,0,0,2563,2,2,1500000,3000000,1500000,12000000,0,0,w;orders,0,5.819458007812500000,4.358398437500000000,,
2026-07-29T10:22:37Z,239D1FEE23ADA762,16.14,queries/Core/10_subqueries_ctes/cte_recursive.sql,1,3,0.730802,3.214,457.128,0.270460,0.013179,0.022745,7168,0,0,0,0,0,1708,4,2,1000000,3000001,31,12000004,0,0,t,0,5.603149414062500000,4.795532226562500000,,
2026-07-29T10:22:40Z,239D1FEE23ADA762,16.14,queries/Core/10_subqueries_ctes/cte_recursive.sql,2,3,0.611719,2.542,436.068,0.173109,0.001271,0.012547,7168,0,0,0,0,0,1708,4,2,1000000,3000001,31,12000004,0,0,t,0,5.587890625000000000,4.954528808593750000,,
2026-07-29T10:22:44Z,239D1FEE23ADA762,16.14,queries/Core/10_subqueries_ctes/cte_recursive.sql,3,3,0.704580,2.504,434.788,0.267288,0.013377,0.022829,7040,0,0,0,0,0,1708,4,2,1000000,3000001,31,12000004,0,0,t,0,5.673034667968750000,4.895385742187500000,,
2026-07-29T10:22:48Z,239D1FEE23ADA762,16.14,queries/Core/10_subqueries_ctes/from_subquery.sql,1,3,0.739370,5.102,521.665,0.212603,0.011892,0.023697,7168,0,26136,0,0,0,0,1,1,1500000,1500000,1500000,6000000,0,0,orders,0,3.708862304687500000,2.431640625000000000,,
2026-07-29T10:22:51Z,239D1FEE23ADA762,16.14,queries/Core/10_subqueries_ctes/from_subquery.sql,2,3,0.737936,5.420,523.635,0.208881,0.015789,0.019454,7168,0,26136,0,0,0,0,1,1,1500000,1500000,1500000,6000000,0,0,orders,0,3.672973632812500000,2.404174804687500000,,
2026-07-29T10:22:55Z,239D1FEE23ADA762,16.14,queries/Core/10_subqueries_ctes/from_subquery.sql,3,3,0.726860,5.344,513.015,0.208501,0.011051,0.024129,7168,0,26136,0,0,0,0,1,1,1500000,1500000,1500000,6000000,0,0,orders,0,3.647033691406250000,2.401123046875000000,,
2026-07-29T10:22:59Z,239D1FEE23ADA762,16.14,queries/Core/10_subqueries_ctes/function_scan.sql,1,3,0.923212,1.602,659.185,0.262425,0.012849,0.022779,7168,0,0,0,0,8545,8545,1,1,5000000,5000000,5000000,20000000,0,0,generate_series,0,8.175781250000000000,7.198608398437500000,,
2026-07-29T10:23:03Z,239D1FEE23ADA762,16.14,queries/Core/10_subqueries_ctes/function_scan.sql,2,3,0.920348,1.390,653.651,0.265307,0.011158,0.024629,7168,0,0,0,0,8545,8545,1,1,5000000,5000000,5000000,20000000,0,0,generate_series,0,8.280517578125000000,7.320922851562500000,,
2026-07-29T10:23:07Z,239D1FEE23ADA762,16.14,queries/Core/10_subqueries_ctes/function_scan.sql,3,3,0.928448,1.554,665.510,0.261384,0.010934,0.025604,7168,0,0,0,0,8545,8545,1,1,5000000,5000000,5000000,20000000,0,0,generate_series,0,8.305114746093750000,7.329406738281250000,,
2026-07-29T10:23:15Z,239D1FEE23ADA762,16.14,queries/Core/10_subqueries_ctes/lateral_limit.sql,1,3,5.203651,11.033,4977.253,0.215365,0.011700,0.024374,7168,895284,56047,0,0,0,0,4,2,497842,1547842,750000,6191368,0,0,customer;orders,0,18.328613281250000000,8.857788085937500000,,
2026-07-29T10:23:23Z,239D1FEE23ADA762,16.14,queries/Core/10_subqueries_ctes/lateral_limit.sql,2,3,5.207051,11.075,5005.901,0.190075,0.012117,0.023159,7168,895284,56047,0,0,0,0,4,2,497842,1547842,750000,6191368,0,0,customer;orders,0,18.950927734375000000,9.465698242187500000,,
2026-07-29T10:23:31Z,239D1FEE23ADA762,16.14,queries/Core/10_subqueries_ctes/lateral_limit.sql,3,3,5.249741,10.535,5070.057,0.169149,0.007026,0.013192,7168,895284,56047,0,0,0,0,4,2,497842,1547842,750000,6191368,0,0,customer;orders,0,18.357116699218750000,8.844177246093750000,,
2026-07-29T10:23:35Z,239D1FEE23ADA762,16.14,queries/Core/10_subqueries_ctes/scalar_correlated.sql,1,3,1.121032,8.463,898.533,0.214036,0.008924,0.027039,7168,149999,3601,0,0,0,0,2,2,150000,300000,150000,31200000,24,0,customer;nation,0,6.868652343750000000,4.971313476562500000,,
2026-07-29T10:23:39Z,239D1FEE23ADA762,16.14,queries/Core/10_subqueries_ctes/scalar_correlated.sql,2,3,1.103700,8.626,887.940,0.207134,0.018382,0.018156,7168,149999,3601,0,0,0,0,2,2,150000,300000,150000,31200000,24,0,customer;nation,0,6.967651367187500000,5.063415527343750000,,
2026-07-29T10:23:43Z,239D1FEE23ADA762,16.14,queries/Core/10_subqueries_ctes/scalar_correlated.sql,3,3,1.125774,8.511,901.767,0.215496,0.008665,0.027119,7168,149999,3601,0,0,0,0,2,2,150000,300000,150000,31200000,24,0,customer;nation,0,6.913146972656250000,4.997192382812500000,,
2026-07-29T10:23:47Z,239D1FEE23ADA762,16.14,queries/Core/10_subqueries_ctes/scalar_correlated_indexed.sql,1,3,1.033996,9.628,806.726,0.217642,0.011630,0.023164,7168,448459,5142,0,0,0,0,3,2,150000,1800000,150000,2400000,0,0,customer;orders,0,6.745056152343750000,4.958129882812500000,,
2026-07-29T10:23:51Z,239D1FEE23ADA762,16.14,queries/Core/10_subqueries_ctes/scalar_correlated_indexed.sql,2,3,1.024285,9.453,800.994,0.213838,0.008738,0.026215,7168,448459,5142,0,0,0,0,3,2,150000,1800000,150000,2400000,0,0,customer;orders,0,6.749572753906250000,4.985046386718750000,,
2026-07-29T10:23:54Z,239D1FEE23ADA762,16.14,queries/Core/10_subqueries_ctes/scalar_correlated_indexed.sql,3,3,0.966583,10.118,805.462,0.151003,0.008889,0.014584,7168,448459,5142,0,0,0,0,3,2,150000,1800000,150000,2400000,0,0,customer;orders,0,6.685241699218750000,4.994018554687500000,,
2026-07-29T10:23:58Z,239D1FEE23ADA762,16.14,queries/Core/10_subqueries_ctes/scalar_uncorrelated.sql,1,3,0.779220,9.815,551.653,0.217752,0.015855,0.020017,7168,0,26359,0,0,0,0,3,2,1500000,1510001,1500000,48060032,0,0,orders;supplier,0,3.723571777343750000,2.363891601562500000,,
2026-07-29T10:24:02Z,239D1FEE23ADA762,16.14,queries/Core/10_subqueries_ctes/scalar_uncorrelated.sql,2,3,0.750663,7.247,529.893,0.213523,0.014079,0.021655,7168,0,26359,0,0,0,0,3,2,1500000,1510001,1500000,48060032,0,0,orders;supplier,0,3.776000976562500000,2.478332519531250000,,
2026-07-29T10:24:05Z,239D1FEE23ADA762,16.14,queries/Core/10_subqueries_ctes/scalar_uncorrelated.sql,3,3,0.765787,10.337,540.128,0.215322,0.010566,0.024911,7168,0,26359,0,0,0,0,3,2,1500000,1510001,1500000,48060032,0,0,orders;supplier,0,3.712463378906250000,2.375610351562500000,,
2026-07-29T10:24:08Z,239D1FEE23ADA762,16.14,queries/Core/10_subqueries_ctes/values_scan.sql,1,3,0.208258,2.979,0.720,0.204559,0.014067,0.021829,7040,3,0,0,0,0,0,1,1,10,10,10,40,0,0,"*VALUES*",0,0.741271972656250000,0.419677734375000000,,
2026-07-29T10:24:11Z,239D1FEE23ADA762,16.14,queries/Core/10_subqueries_ctes/values_scan.sql,2,3,0.208161,2.953,0.719,0.204489,0.011988,0.024956,7168,3,0,0,0,0,0,1,1,10,10,10,40,0,0,"*VALUES*",0,0.714111328125000000,0.399291992187500000,,
2026-07-29T10:24:14Z,239D1FEE23ADA762,16.14,queries/Core/10_subqueries_ctes/values_scan.sql,3,3,0.213400,2.975,0.725,0.209700,0.010199,0.025104,7168,3,0,0,0,0,0,1,1,10,10,10,40,0,0,"*VALUES*",0,0.723388671875000000,0.409423828125000000,,
2026-07-29T10:24:21Z,239D1FEE23ADA762,16.14,queries/Core/12_memory_workmem/hashagg_nospill.sql,1,3,3.393764,6.295,3178.016,0.209453,0.009299,0.025907,7168,0,112561,0,0,0,0,2,1,200000,6201215,198911,24804860,0,0,lineitem,0,18.065612792968750000,11.922424316406250000,,
2026-07-29T10:24:27Z,239D1FEE23ADA762,16.14,queries/Core/12_memory_workmem/hashagg_nospill.sql,2,3,3.382233,6.808,3167.985,0.207440,0.011314,0.021670,7168,0,112561,0,0,0,0,2,1,200000,6201215,198911,24804860,0,0,lineitem,0,18.315979003906250000,12.156372070312500000,,
2026-07-29T10:24:33Z,239D1FEE23ADA762,16.14,queries/Core/12_memory_workmem/hashagg_nospill.sql,3,3,3.447688,7.445,3230.717,0.209526,0.011443,0.023964,7168,0,112561,0,0,0,0,2,1,200000,6201215,198911,24804860,0,0,lineitem,0,18.278381347656250000,11.891784667968750000,,
2026-07-29T10:24:39Z,239D1FEE23ADA762,16.14,queries/Core/12_memory_workmem/hashagg_spill.sql,1,3,2.476652,6.432,2254.565,0.215655,0.011874,0.022589,7168,14,112561,0,0,11714,20404,5,1,200000,8001135,198911,32004540,0,2,lineitem,0,27.886047363281250000,23.378784179687500000,,
2026-07-29T10:24:44Z,239D1FEE23ADA762,16.14,queries/Core/12_memory_workmem/hashagg_spill.sql,2,3,2.412683,6.431,2220.142,0.186110,0.012792,0.022239,7168,14,112561,0,0,11669,20375,5,1,200000,8001134,198911,32004536,0,2,lineitem,0,27.648864746093750000,23.166625976562500000,,
2026-07-29T10:24:50Z,239D1FEE23ADA762,16.14,queries/Core/12_memory_workmem/hashagg_spill.sql,3,3,2.298249,6.814,2078.174,0.213261,0.016927,0.017736,7168,14,112561,0,0,11898,20863,5,1,200000,8001151,198911,32004604,0,2,lineitem,0,30.712585449218750000,26.106994628906250000,,
2026-07-29T10:24:53Z,239D1FEE23ADA762,16.14,queries/Core/12_memory_workmem/hashjoin_manybatch.sql,1,3,0.635057,10.237,438.432,0.186388,0.012261,0.022282,7168,125,5137,0,0,4738,4772,7,2,1,3300007,1,7200056,0,2,orders;customer,0,5.963745117187500000,4.880737304687500000,,
2026-07-29T10:24:57Z,239D1FEE23ADA762,16.14,queries/Core/12_memory_workmem/hashjoin_manybatch.sql,2,3,0.672203,9.908,446.457,0.215838,0.013626,0.021670,7168,124,5137,0,0,4735,4764,7,2,1,3300007,1,7200056,0,2,orders;customer,0,5.965637207031250000,4.848205566406250000,,
2026-07-29T10:25:00Z,239D1FEE23ADA762,16.14,queries/Core/12_memory_workmem/hashjoin_manybatch.sql,3,3,0.645518,11.047,444.437,0.190034,0.013249,0.022221,7168,125,5137,0,0,4736,4760,7,2,1,3300007,1,7200056,0,2,orders;customer,0,6.084716796875000000,4.992919921875000000,,
2026-07-29T10:25:04Z,239D1FEE23ADA762,16.14,queries/Core/12_memory_workmem/hashjoin_onebatch.sql,1,3,0.635533,10.538,414.472,0.210523,0.007683,0.024985,7168,124,5137,0,0,0,0,7,2,1,3300007,1,7200056,0,2,orders;customer,0,4.315612792968750000,3.203674316406250000,,
2026-07-29T10:25:07Z,239D1FEE23ADA762,16.14,queries/Core/12_memory_workmem/hashjoin_onebatch.sql,2,3,0.617997,11.282,389.915,0.216800,0.012018,0.023733,7168,125,5137,0,0,0,0,7,2,1,3300007,1,7200056,0,2,orders;customer,0,4.462585449218750000,3.384460449218750000,,
2026-07-29T10:25:11Z,239D1FEE23ADA762,16.14,queries/Core/12_memory_workmem/hashjoin_onebatch.sql,3,3,0.591847,11.989,363.389,0.216469,0.012941,0.021685,7168,125,5137,0,0,0,0,7,2,1,3300007,1,7200056,0,2,orders;customer,0,4.401428222656250000,3.352783203125000000,,
2026-07-29T10:25:16Z,239D1FEE23ADA762,16.14,queries/Core/12_memory_workmem/sort_nospill.sql,1,3,2.765328,5.562,2552.365,0.207401,0.017498,0.017599,7168,3,112561,0,0,0,0,2,1,6001215,12002430,6001325,48009720,0,0,lineitem,0,24.614868164062500000,19.954467773437500000,,
2026-07-29T10:25:22Z,239D1FEE23ADA762,16.14,queries/Core/12_memory_workmem/sort_nospill.sql,2,3,2.890024,5.139,2614.906,0.269979,0.011204,0.023610,7168,3,112561,0,0,0,0,2,1,6001215,12002430,6001325,48009720,0,0,lineitem,0,24.481018066406250000,19.682495117187500000,,
2026-07-29T10:25:28Z,239D1FEE23ADA762,16.14,queries/Core/12_memory_workmem/sort_nospill.sql,3,3,2.806902,5.569,2547.106,0.254227,0.016579,0.018458,7168,3,112561,0,0,0,0,2,1,6001215,12002430,6001325,48009720,0,0,lineitem,0,24.681091308593750000,19.968566894531250000,,
2026-07-29T10:25:35Z,239D1FEE23ADA762,16.14,queries/Core/12_memory_workmem/sort_spill.sql,1,3,3.864247,6.034,3593.719,0.264494,0.014184,0.021624,7168,3,112561,0,0,17631,17665,2,1,6001215,12002430,6001325,48009720,0,0,lineitem,0,33.647827148437500000,27.588928222656250000,,
2026-07-29T10:25:42Z,239D1FEE23ADA762,16.14,queries/Core/12_memory_workmem/sort_spill.sql,2,3,3.852430,5.811,3585.124,0.261495,0.020314,0.015511,7168,3,112561,0,0,17631,17665,2,1,6001215,12002430,6001325,48009720,0,0,lineitem,0,33.793334960937500000,27.842468261718750000,,
2026-07-29T10:25:49Z,239D1FEE23ADA762,16.14,queries/Core/12_memory_workmem/sort_spill.sql,3,3,3.795343,6.281,3526.591,0.262471,0.010939,0.023799,7168,3,112561,0,0,17631,17665,2,1,6001215,12002430,6001325,48009720,0,0,lineitem,0,33.933288574218750000,28.031311035156250000,,
2026-07-29T10:25:57Z,239D1FEE23ADA762,16.14,queries/Core/12_memory_workmem/window_nospill.sql,1,3,5.115689,6.845,4841.946,0.266898,0.013608,0.022621,7040,3,112561,0,0,0,0,3,1,6001215,18003645,6001325,324065610,0,0,lineitem,0,51.583618164062500000,44.465454101562500000,,
2026-07-29T10:26:05Z,239D1FEE23ADA762,16.14,queries/Core/12_memory_workmem/window_nospill.sql,2,3,4.968182,7.396,4691.666,0.269120,0.015710,0.018423,7168,3,112561,0,0,0,0,3,1,6001215,18003645,6001325,324065610,0,0,lineitem,0,50.891540527343750000,43.963928222656250000,,
2026-07-29T10:26:14Z,239D1FEE23ADA762,16.14,queries/Core/12_memory_workmem/window_nospill.sql,3,3,5.106365,7.403,4835.310,0.263652,0.009584,0.023881,7168,3,112561,0,0,0,0,3,1,6001215,18003645,6001325,324065610,0,0,lineitem,0,51.740966796875000000,44.666992187500000000,,
2026-07-29T10:26:49Z,239D1FEE23ADA762,16.14,queries/Core/12_memory_workmem/window_spill.sql,1,3,32.031983,7.354,31760.606,0.264023,0.009607,0.023817,7168,3,112561,0,0,23704848,44848,3,1,6001215,18003645,6001325,324065610,0,0,lineitem,0,325.280944824218750000,294.030212402343750000,,
2026-07-29T10:27:24Z,239D1FEE23ADA762,16.14,queries/Core/12_memory_workmem/window_spill.sql,2,3,32.044544,88.354,31788.619,0.167571,0.005478,0.008607,7168,3,112561,0,0,23704848,44848,3,1,6001215,18003645,6001325,324065610,0,0,lineitem,0,322.184936523437500000,290.729187011718750000,,
2026-07-29T10:27:59Z,239D1FEE23ADA762,16.14,queries/Core/12_memory_workmem/window_spill.sql,3,3,32.059478,7.229,31789.294,0.262955,0.010963,0.020741,7168,3,112561,0,0,23704848,44848,3,1,6001215,18003645,6001325,324065610,0,0,lineitem,0,322.509582519531250000,290.986755371093750000,,
2026-07-29T10:28:07Z,239D1FEE23ADA762,16.14,queries/Core/12_memory_workmem/window_tail_spill.sql,1,3,5.214356,7.146,4942.040,0.265170,0.011918,0.020083,7168,3,112561,0,0,27902,27998,3,1,6001215,18003645,6001325,324065610,0,0,lineitem,0,56.816467285156250000,49.437927246093750000,,
2026-07-29T10:28:16Z,239D1FEE23ADA762,16.14,queries/Core/12_memory_workmem/window_tail_spill.sql,2,3,5.155093,5.821,4910.830,0.238442,0.010471,0.022830,7168,3,112561,0,0,27902,27998,3,1,6001215,18003645,6001325,324065610,0,0,lineitem,0,56.631469726562500000,49.264343261718750000,,
2026-07-29T10:28:24Z,239D1FEE23ADA762,16.14,queries/Core/12_memory_workmem/window_tail_spill.sql,3,3,5.182042,8.197,4914.771,0.259074,0.012218,0.019814,7168,3,112561,0,0,27902,27998,3,1,6001215,18003645,6001325,324065610,0,0,lineitem,0,57.239746093750000000,49.758361816406250000,,
2026-07-29T10:28:29Z,239D1FEE23ADA762,16.14,queries/Core/13_jit/jit_inline.sql,1,3,2.631133,5.695,2411.584,0.213854,0.014188,0.016915,7168,0,112561,0,0,0,0,4,1,1,6001222,1,126025571,0,2,lineitem,0,55.798583984375000000,50.902648925781250000,,
2026-07-29T10:28:35Z,239D1FEE23ADA762,16.14,queries/Core/13_jit/jit_inline.sql,2,3,2.638486,5.860,2414.044,0.218582,0.012480,0.020882,7168,0,112561,0,0,0,0,4,1,1,6001222,1,126025571,0,2,lineitem,0,55.368896484375000000,50.445861816406250000,,
2026-07-29T10:28:41Z,239D1FEE23ADA762,16.14,queries/Core/13_jit/jit_inline.sql,3,3,2.633735,6.206,2408.576,0.218953,0.010416,0.023221,7168,0,112561,0,0,0,0,4,1,1,6001222,1,126025571,0,2,lineitem,0,55.855651855468750000,50.931579589843750000,,
2026-07-29T10:28:46Z,239D1FEE23ADA762,16.14,queries/Core/13_jit/jit_off.sql,1,3,2.416580,5.205,2192.501,0.218874,0.013631,0.020755,7168,0,112561,0,0,0,0,4,1,1,6001222,1,126025571,0,2,lineitem,0,53.344970703125000000,48.856445312500000000,,
2026-07-29T10:28:51Z,239D1FEE23ADA762,16.14,queries/Core/13_jit/jit_off.sql,2,3,2.403330,6.086,2177.538,0.219706,0.012796,0.020977,7168,0,112561,0,0,0,0,4,1,1,6001222,1,126025571,0,2,lineitem,0,53.128723144531250000,48.672058105468750000,,
2026-07-29T10:28:57Z,239D1FEE23ADA762,16.14,queries/Core/13_jit/jit_off.sql,3,3,2.592630,5.776,2397.554,0.189300,0.004292,0.015703,7168,0,112561,0,0,0,0,4,1,1,6001222,1,126025571,0,2,lineitem,0,57.750488281250000000,52.928955078125000000,,
2026-07-29T10:29:02Z,239D1FEE23ADA762,16.14,queries/Core/13_jit/jit_on.sql,1,3,2.491713,85.131,2224.118,0.182464,0.015895,0.016142,7168,0,112561,0,0,0,0,4,1,1,6001222,1,126025571,0,2,lineitem,0,53.578125000000000000,48.901428222656250000,,
2026-07-29T10:29:08Z,239D1FEE23ADA762,16.14,queries/Core/13_jit/jit_on.sql,2,3,2.552965,6.127,2330.859,0.215979,0.012713,0.019341,7168,0,112561,0,0,0,0,4,1,1,6001222,1,126025571,0,2,lineitem,0,53.346252441406250000,48.596923828125000000,,
2026-07-29T10:29:13Z,239D1FEE23ADA762,16.14,queries/Core/13_jit/jit_on.sql,3,3,2.581319,6.317,2355.611,0.219391,0.010783,0.022523,7168,0,112561,0,0,0,0,4,1,1,6001222,1,126025571,0,2,lineitem,0,53.603820800781250000,48.795715332031250000,,
2026-07-29T10:29:19Z,239D1FEE23ADA762,16.14,queries/Core/13_jit/jit_optimize.sql,1,3,2.579422,5.899,2357.629,0.215894,0.017842,0.016961,7168,0,112561,0,0,0,0,4,1,1,6001222,1,126025571,0,2,lineitem,0,53.499145507812500000,48.684692382812500000,,
2026-07-29T10:29:24Z,239D1FEE23ADA762,16.14,queries/Core/13_jit/jit_optimize.sql,2,3,2.538372,5.604,2340.712,0.192056,0.013011,0.020968,7168,0,112561,0,0,0,0,4,1,1,6001222,1,126025571,0,2,lineitem,0,53.465087890625000000,48.708801269531250000,,
2026-07-29T10:29:30Z,239D1FEE23ADA762,16.14,queries/Core/13_jit/jit_optimize.sql,3,3,2.625073,5.794,2430.239,0.189040,0.009994,0.022800,7168,0,112561,0,0,0,0,4,1,1,6001222,1,126025571,0,2,lineitem,0,52.600463867187500000,47.674621582031250000,,
2026-07-29T10:29:35Z,239D1FEE23ADA762,16.14,queries/Core/14_modern_nodes/incremental_sort.sql,1,3,2.725759,6.806,2533.456,0.185497,0.015113,0.020109,7168,3,122039,0,0,0,0,2,1,6001215,12002430,6001325,96019440,0,0,lineitem,0,28.158935546875000000,22.980773925781250000,,
2026-07-29T10:29:41Z,239D1FEE23ADA762,16.14,queries/Core/14_modern_nodes/incremental_sort.sql,2,3,2.731908,7.127,2513.736,0.211045,0.014438,0.019200,7168,3,122039,0,0,0,0,2,1,6001215,12002430,6001325,96019440,0,0,lineitem,0,28.095581054687500000,22.926269531250000000,,
2026-07-29T10:29:47Z,239D1FEE23ADA762,16.14,queries/Core/14_modern_nodes/incremental_sort.sql,3,3,2.773434,6.966,2551.585,0.214883,0.007362,0.027500,7168,3,122039,0,0,0,0,2,1,6001215,12002430,6001325,96019440,0,0,lineitem,0,28.207336425781250000,22.971984863281250000,,
2026-07-29T10:29:53Z,239D1FEE23ADA762,16.14,queries/Core/14_modern_nodes/incremental_sort_off.sql,1,3,3.577737,6.662,3331.914,0.239161,0.015780,0.019858,7168,3,122035,0,0,26435,26519,2,1,6001215,12002430,6001325,96019440,0,0,lineitem,0,37.341674804687500000,31.075683593750000000,,
2026-07-29T10:30:00Z,239D1FEE23ADA762,16.14,queries/Core/14_modern_nodes/incremental_sort_off.sql,2,3,3.619430,6.128,3350.441,0.262861,0.016598,0.019592,7168,3,122035,0,0,26435,26519,2,1,6001215,12002430,6001325,96019440,0,0,lineitem,0,37.491394042968750000,31.173767089843750000,,
2026-07-29T10:30:07Z,239D1FEE23ADA762,16.14,queries/Core/14_modern_nodes/incremental_sort_off.sql,3,3,3.604891,6.866,3335.919,0.262106,0.011785,0.021383,7168,3,122035,0,0,26435,26519,2,1,6001215,12002430,6001325,96019440,0,0,lineitem,0,37.597778320312500000,31.244628906250000000,,
2026-07-29T10:30:14Z,239D1FEE23ADA762,16.14,queries/Core/14_modern_nodes/memoize.sql,1,3,4.076976,10.198,3804.803,0.261975,0.013090,0.021261,7168,46,353,0,0,0,0,4,2,60000414,120160414,60003186,480641656,0,0,supplier;customer,0,43.605590820312500000,38.578918457031250000,,
2026-07-29T10:30:21Z,239D1FEE23ADA762,16.14,queries/Core/14_modern_nodes/memoize.sql,2,3,4.000209,9.082,3732.411,0.258716,0.012124,0.021014,7168,46,353,0,0,0,0,4,2,60000414,120160414,60003186,480641656,0,0,supplier;customer,0,42.522216796875000000,37.559204101562500000,,
2026-07-29T10:30:28Z,239D1FEE23ADA762,16.14,queries/Core/14_modern_nodes/memoize.sql,3,3,3.993537,10.280,3718.185,0.265072,0.010661,0.022338,7168,46,353,0,0,0,0,4,2,60000414,120160414,60003186,480641656,0,0,supplier;customer,0,42.660949707031250000,37.753417968750000000,,
2026-07-29T10:30:37Z,239D1FEE23ADA762,16.14,queries/Core/14_modern_nodes/memoize_off.sql,1,3,5.504386,10.810,5239.010,0.254566,0.012154,0.019595,7168,69856,353,0,0,0,0,3,2,60000414,120010414,60003186,480041656,0,0,supplier;customer,0,62.819458007812500000,56.602783203125000000,,
2026-07-29T10:30:45Z,239D1FEE23ADA762,16.14,queries/Core/14_modern_nodes/memoize_off.sql,2,3,5.509671,131.500,5118.819,0.259352,0.016650,0.018610,7168,69856,353,0,0,0,0,3,2,60000414,120010414,60003186,480041656,0,0,supplier;customer,0,62.769226074218750000,56.594909667968750000,,
2026-07-29T10:30:54Z,239D1FEE23ADA762,16.14,queries/Core/14_modern_nodes/memoize_off.sql,3,3,5.499468,11.390,5222.392,0.265686,0.009904,0.023955,7168,69856,353,0,0,0,0,3,2,60000414,120010414,60003186,480041656,0,0,supplier;customer,0,62.907470703125000000,56.648315429687500000,,
2026-07-29T10:39:40Z,F8D304B8F717C7AC,14.23,queries/Core/00_baseline/no_table.sql,1,3,0.165837,1.483,0.323,0.164031,0.006838,0.009982,7168,3,0,0,0,0,0,1,0,1,1,1,4,0,0,,0,0.639404296875000000,0.388488769531250000,,
2026-07-29T10:39:43Z,F8D304B8F717C7AC,14.23,queries/Core/00_baseline/no_table.sql,2,3,0.089826,1.168,0.617,0.088041,0.009929,0.014887,7168,3,0,0,0,0,0,1,0,1,1,1,4,0,0,,0,0.632629394531250000,0.498962402343750000,,
2026-07-29T10:39:46Z,F8D304B8F717C7AC,14.23,queries/Core/00_baseline/no_table.sql,3,3,0.119081,1.771,0.856,0.116454,0.006348,0.009081,7168,3,0,0,0,0,0,1,0,1,1,1,4,0,0,,0,0.578674316406250000,0.403747558593750000,,
2026-07-29T10:39:50Z,F8D304B8F717C7AC,14.23,queries/Core/00_baseline/scan_customer.sql,1,3,0.395426,7.320,139.889,0.248217,0.010555,0.027963,7168,0,3585,0,0,0,0,1,1,150000,150000,150000,600000,0,0,customer,0,1.348632812500000000,0.682189941406250000,,
2026-07-29T10:39:53Z,F8D304B8F717C7AC,14.23,queries/Core/00_baseline/scan_customer.sql,2,3,0.402002,6.455,141.365,0.254182,0.012424,0.024976,7168,0,3585,0,0,0,0,1,1,150000,150000,150000,600000,0,0,customer,0,1.368957519531250000,0.697021484375000000,,
2026-07-29T10:39:56Z,F8D304B8F717C7AC,14.23,queries/Core/00_baseline/scan_customer.sql,3,3,0.365737,6.469,153.731,0.205537,0.003760,0.013852,7168,0,3585,0,0,0,0,1,1,150000,150000,150000,600000,0,0,customer,0,1.241821289062500000,0.612304687500000000,,
2026-07-29T10:40:01Z,F8D304B8F717C7AC,14.23,queries/Core/00_baseline/scan_lineitem.sql,1,3,1.955876,5.884,1738.233,0.211759,0.013514,0.022357,7168,0,112503,0,0,0,0,1,1,6001215,6001215,6001215,24004860,0,0,lineitem,0,13.939270019531250000,10.365966796875000000,,
2026-07-29T10:40:05Z,F8D304B8F717C7AC,14.23,queries/Core/00_baseline/scan_lineitem.sql,2,3,1.952482,4.099,1737.986,0.210397,0.012385,0.023906,7168,0,112503,0,0,0,0,1,1,6001215,6001215,6001215,24004860,0,0,lineitem,0,14.065429687500000000,10.497375488281250000,,
2026-07-29T10:40:10Z,F8D304B8F717C7AC,14.23,queries/Core/00_baseline/scan_lineitem.sql,3,3,1.920615,4.397,1707.678,0.208540,0.014378,0.020913,7168,0,112503,0,0,0,0,1,1,6001215,6001215,6001215,24004860,0,0,lineitem,0,14.131774902343750000,10.613586425781250000,,
2026-07-29T10:40:13Z,F8D304B8F717C7AC,14.23,queries/Core/00_baseline/scan_nation.sql,1,3,0.143344,3.962,1.423,0.137959,0.008966,0.009996,7168,0,1,0,0,0,0,1,1,25,25,25,100,0,0,nation,0,0.707763671875000000,0.484680175781250000,,
2026-07-29T10:40:16Z,F8D304B8F717C7AC,14.23,queries/Core/00_baseline/scan_nation.sql,2,3,0.125124,4.846,1.445,0.118833,0.005333,0.007178,7168,0,1,0,0,0,0,1,1,25,25,25,100,0,0,nation,0,1.015258789062500000,0.821899414062500000,,
2026-07-29T10:40:19Z,F8D304B8F717C7AC,14.23,queries/Core/00_baseline/scan_nation.sql,3,3,0.216645,4.409,1.582,0.210654,0.010199,0.024745,7168,0,1,0,0,0,0,1,1,25,25,25,100,0,0,nation,0,0.742431640625000000,0.422851562500000000,,
2026-07-29T10:40:23Z,F8D304B8F717C7AC,14.23,queries/Core/00_baseline/scan_orders.sql,1,3,0.691524,7.105,431.443,0.252976,0.012514,0.022635,7168,0,26095,0,0,0,0,1,1,1500000,1500000,1500101,6000000,0,0,orders,0,3.795837402343750000,2.593811035156250000,,
2026-07-29T10:40:27Z,F8D304B8F717C7AC,14.23,queries/Core/00_baseline/scan_orders.sql,2,3,0.653136,6.181,426.112,0.220843,0.008133,0.010742,7168,0,26095,0,0,0,0,1,1,1500000,1500000,1500101,6000000,0,0,orders,0,3.722961425781250000,2.567810058593750000,,
2026-07-29T10:40:30Z,F8D304B8F717C7AC,14.23,queries/Core/00_baseline/scan_orders.sql,3,3,0.618063,5.978,416.879,0.195206,0.011436,0.013167,7168,0,26095,0,0,0,0,1,1,1500000,1500000,1500101,6000000,0,0,orders,0,3.749572753906250000,2.656616210937500000,,
2026-07-29T10:40:33Z,F8D304B8F717C7AC,14.23,queries/Core/00_baseline/scan_part.sql,1,3,0.421807,4.620,155.876,0.261311,0.007958,0.031113,7168,0,4097,0,0,0,0,1,1,200000,200000,200000,800000,0,0,part,0,1.363586425781250000,0.661926269531250000,,
2026-07-29T10:40:36Z,F8D304B8F717C7AC,14.23,queries/Core/00_baseline/scan_part.sql,2,3,0.410895,3.635,152.300,0.254960,0.010965,0.024848,7168,0,4097,0,0,0,0,1,1,200000,200000,200000,800000,0,0,part,0,1.291320800781250000,0.590515136718750000,,
2026-07-29T10:40:40Z,F8D304B8F717C7AC,14.23,queries/Core/00_baseline/scan_part.sql,3,3,0.411932,3.536,155.227,0.253169,0.012003,0.025134,7168,0,4097,0,0,0,0,1,1,200000,200000,200000,800000,0,0,part,0,1.302429199218750000,0.616638183593750000,,
2026-07-29T10:40:43Z,F8D304B8F717C7AC,14.23,queries/Core/00_baseline/scan_partsupp.sql,1,3,0.551877,5.986,311.930,0.233961,0.012106,0.023950,7168,0,17451,0,0,0,0,1,1,800000,800000,800000,3200000,0,0,partsupp,0,2.686218261718750000,1.722595214843750000,,
2026-07-29T10:40:46Z,F8D304B8F717C7AC,14.23,queries/Core/00_baseline/scan_partsupp.sql,2,3,0.569418,5.531,356.902,0.206985,0.023355,0.011802,7168,0,17451,0,0,0,0,1,1,800000,800000,800000,3200000,0,0,partsupp,0,2.671936035156250000,1.709960937500000000,,
2026-07-29T10:40:50Z,F8D304B8F717C7AC,14.23,queries/Core/00_baseline/scan_partsupp.sql,3,3,0.559597,5.400,298.603,0.255594,0.010069,0.026046,7168,0,17451,0,0,0,0,1,1,800000,800000,800000,3200000,0,0,partsupp,0,2.583435058593750000,1.622985839843750000,,
2026-07-29T10:40:53Z,F8D304B8F717C7AC,14.23,queries/Core/00_baseline/scan_region.sql,1,3,0.180912,4.874,1.627,0.174411,0.013393,0.021096,7168,0,1,0,0,0,0,1,1,5,5,5,20,0,0,region,0,0.826599121093750000,0.526550292968750000,,
2026-07-29T10:40:56Z,F8D304B8F717C7AC,14.23,queries/Core/00_baseline/scan_region.sql,2,3,0.201704,5.111,1.635,0.194958,0.009815,0.026141,7168,0,1,0,0,0,0,1,1,5,5,5,20,0,0,region,0,0.824707031250000000,0.498840332031250000,,
2026-07-29T10:40:59Z,F8D304B8F717C7AC,14.23,queries/Core/00_baseline/scan_region.sql,3,3,0.217114,4.376,1.410,0.211328,0.014380,0.020876,7168,0,1,0,0,0,0,1,1,5,5,5,20,0,0,region,0,0.766662597656250000,0.430236816406250000,,
2026-07-29T10:41:02Z,F8D304B8F717C7AC,14.23,queries/Core/00_baseline/scan_supplier.sql,1,3,0.222501,5.214,4.905,0.212382,0.012544,0.023155,7168,0,222,0,0,0,0,1,1,10000,10000,10000,40000,0,0,supplier,0,0.793395996093750000,0.449035644531250000,,
2026-07-29T10:41:05Z,F8D304B8F717C7AC,14.23,queries/Core/00_baseline/scan_supplier.sql,2,3,0.223124,4.499,4.936,0.213689,0.015660,0.020024,7168,0,222,0,0,0,0,1,1,10000,10000,10000,40000,0,0,supplier,0,0.788269042968750000,0.447082519531250000,,
2026-07-29T10:41:08Z,F8D304B8F717C7AC,14.23,queries/Core/00_baseline/scan_supplier.sql,3,3,0.221783,5.049,4.795,0.211939,0.012049,0.023344,7168,0,222,0,0,0,0,1,1,10000,10000,10000,40000,0,0,supplier,0,0.774658203125000000,0.443725585937500000,,
2026-07-29T10:41:12Z,F8D304B8F717C7AC,14.23,queries/Core/01_scan_access/bitmap_scan.sql,1,3,0.723131,8.524,550.799,0.163808,0.005775,0.012610,7168,3,12208,0,0,0,0,2,2,600572,1201144,596765,2402288,0,0,lineitem;idx_lineitem_order,0,3.785766601562500000,2.500671386718750000,,
2026-07-29T10:41:16Z,F8D304B8F717C7AC,14.23,queries/Core/01_scan_access/bitmap_scan.sql,2,3,0.794414,8.629,574.100,0.211685,0.016471,0.018120,7168,3,12208,0,0,0,0,2,2,600572,1201144,596765,2402288,0,0,lineitem;idx_lineitem_order,0,3.791809082031250000,2.407226562500000000,,
2026-07-29T10:41:19Z,F8D304B8F717C7AC,14.23,queries/Core/01_scan_access/bitmap_scan.sql,3,3,0.765376,9.864,571.491,0.184021,0.012594,0.022793,7168,3,12208,0,0,0,0,2,2,600572,1201144,596765,2402288,0,0,lineitem;idx_lineitem_order,0,3.845520019531250000,2.482482910156250000,,
2026-07-29T10:41:22Z,F8D304B8F717C7AC,14.23,queries/Core/01_scan_access/index_only_scan.sql,1,3,0.367400,10.239,97.804,0.259357,0.011157,0.024572,7168,4,947,0,0,0,0,1,1,600572,600572,596765,2402288,0,0,lineitem,0,1.411987304687500000,0.806762695312500000,,
2026-07-29T10:41:25Z,F8D304B8F717C7AC,14.23,queries/Core/01_scan_access/index_only_scan.sql,2,3,0.326642,10.267,100.869,0.215506,0.005673,0.012249,7168,4,947,0,0,0,0,1,1,600572,600572,596765,2402288,0,0,lineitem,0,1.331726074218750000,0.789794921875000000,,
2026-07-29T10:41:29Z,F8D304B8F717C7AC,14.23,queries/Core/01_scan_access/index_only_scan.sql,3,3,0.328771,10.790,93.373,0.224608,0.010330,0.009798,7168,4,947,0,0,0,0,1,1,600572,600572,596765,2402288,0,0,lineitem,0,1.432495117187500000,0.889709472656250000,,
2026-07-29T10:41:32Z,F8D304B8F717C7AC,14.23,queries/Core/01_scan_access/index_point_lookup.sql,1,3,0.219263,9.119,3.371,0.206773,0.011553,0.024622,7168,0,4,0,0,0,0,1,1,5,5,15,20,0,0,lineitem,0,0.768371582031250000,0.434204101562500000,,
2026-07-29T10:41:35Z,F8D304B8F717C7AC,14.23,queries/Core/01_scan_access/index_point_lookup.sql,2,3,0.193797,8.279,3.014,0.182504,0.011393,0.025038,7168,0,4,0,0,0,0,1,1,5,5,15,20,0,0,lineitem,0,0.863159179687500000,0.547180175781250000,,
2026-07-29T10:41:38Z,F8D304B8F717C7AC,14.23,queries/Core/01_scan_access/index_point_lookup.sql,3,3,0.193435,7.914,3.128,0.182393,0.003712,0.013557,7168,0,4,0,0,0,0,1,1,5,5,15,20,0,0,lineitem,0,0.748840332031250000,0.449768066406250000,,
2026-07-29T10:41:41Z,F8D304B8F717C7AC,14.23,queries/Core/01_scan_access/index_scan.sql,1,3,0.506217,9.067,239.175,0.257975,0.007951,0.026802,7168,653,12208,0,0,0,0,1,1,600572,600572,596765,2402288,0,0,lineitem,0,2.872253417968750000,2.014526367187500000,,
2026-07-29T10:41:45Z,F8D304B8F717C7AC,14.23,queries/Core/01_scan_access/index_scan.sql,2,3,0.498236,9.283,234.412,0.254541,0.008960,0.027322,7168,653,12208,0,0,0,0,1,1,600572,600572,596765,2402288,0,0,lineitem,0,2.851135253906250000,2.004882812500000000,,
2026-07-29T10:41:48Z,F8D304B8F717C7AC,14.23,queries/Core/01_scan_access/index_scan.sql,3,3,0.477363,7.608,225.889,0.243866,0.010536,0.025111,7168,653,12208,0,0,0,0,1,1,600572,600572,596765,2402288,0,0,lineitem,0,2.921142578125000000,2.094543457031250000,,
2026-07-29T10:41:53Z,F8D304B8F717C7AC,14.23,queries/Core/01_scan_access/seq_scan.sql,1,3,1.956806,10.276,1752.680,0.193850,0.005252,0.016626,7168,0,112503,0,0,0,0,1,1,600572,600572,596765,2402288,5400643,0,lineitem,0,13.627929687500000000,10.042907714843750000,,
2026-07-29T10:41:58Z,F8D304B8F717C7AC,14.23,queries/Core/01_scan_access/seq_scan.sql,2,3,1.968226,8.689,1757.505,0.202032,0.012907,0.019976,7168,0,112503,0,0,0,0,1,1,600572,600572,596765,2402288,5400643,0,lineitem,0,13.630859375000000000,10.026611328125000000,,
2026-07-29T10:42:02Z,F8D304B8F717C7AC,14.23,queries/Core/01_scan_access/seq_scan.sql,3,3,1.904305,9.127,1712.504,0.182674,0.004910,0.013682,7168,0,112503,0,0,0,0,1,1,600572,600572,596765,2402288,5400643,0,lineitem,0,13.435485839843750000,9.935852050781250000,,
2026-07-29T10:42:07Z,F8D304B8F717C7AC,14.23,queries/Core/01_scan_access/tablesample_bernoulli.sql,1,3,2.030020,6.768,1807.080,0.216172,0.014118,0.021642,7168,0,112503,0,0,0,0,1,1,60227,60227,60012,240908,0,0,lineitem,0,10.582885742187500000,6.827209472656250000,,
2026-07-29T10:42:12Z,F8D304B8F717C7AC,14.23,queries/Core/01_scan_access/tablesample_bernoulli.sql,2,3,1.980074,6.452,1758.764,0.214858,0.011706,0.023637,7168,0,112503,0,0,0,0,1,1,59834,59834,60012,239336,0,0,lineitem,0,10.613708496093750000,6.957763671875000000,,
2026-07-29T10:42:17Z,F8D304B8F717C7AC,14.23,queries/Core/01_scan_access/tablesample_bernoulli.sql,3,3,2.019224,6.508,1797.448,0.215268,0.010273,0.024987,7168,0,112503,0,0,0,0,1,1,59699,59699,60012,238796,0,0,lineitem,0,10.626464843750000000,6.904602050781250000,,
2026-07-29T10:42:20Z,F8D304B8F717C7AC,14.23,queries/Core/01_scan_access/tablesample_system.sql,1,3,0.476392,4.003,302.025,0.170364,0.004463,0.012817,7168,0,1156,0,0,0,0,1,1,61667,61667,60012,246668,0,0,lineitem,0,1.906188964843750000,1.066711425781250000,,
2026-07-29T10:42:24Z,F8D304B8F717C7AC,14.23,queries/Core/01_scan_access/tablesample_system.sql,2,3,0.561151,7.390,295.660,0.258101,0.016940,0.021093,7168,0,1147,0,0,0,0,1,1,61226,61226,60012,244904,0,0,lineitem,0,1.542602539062500000,0.597656250000000000,,
2026-07-29T10:42:27Z,F8D304B8F717C7AC,14.23,queries/Core/01_scan_access/tablesample_system.sql,3,3,0.559440,6.537,296.941,0.255962,0.010706,0.028555,7040,0,1170,0,0,0,0,1,1,62419,62419,60012,249676,0,0,lineitem,0,1.556762695312500000,0.614562988281250000,,
2026-07-29T10:42:31Z,F8D304B8F717C7AC,14.23,queries/Core/02_filter_projection/filter_2pct.sql,1,3,1.554772,6.220,1336.423,0.212129,0.011640,0.022866,7168,0,112503,0,0,0,0,2,1,120401,240803,123025,963212,1960271,2,lineitem,0,15.757202148437500000,12.888305664062500000,,
2026-07-29T10:42:36Z,F8D304B8F717C7AC,14.23,queries/Core/02_filter_projection/filter_2pct.sql,2,3,1.578124,5.912,1358.543,0.213669,0.011145,0.023508,7168,0,112503,0,0,0,0,2,1,120401,240803,123025,963212,1960271,2,lineitem,0,15.735839843750000000,12.831115722656250000,,
2026-07-29T10:42:41Z,F8D304B8F717C7AC,14.23,queries/Core/02_filter_projection/filter_2pct.sql,3,3,1.573905,6.359,1353.496,0.214050,0.010142,0.025004,7168,0,112503,0,0,0,0,2,1,120401,240803,123025,963212,1960271,2,lineitem,0,15.888977050781250000,12.990905761718750000,,
2026-07-29T10:42:46Z,F8D304B8F717C7AC,14.23,queries/Core/02_filter_projection/filter_all.sql,1,3,1.869627,6.984,1648.033,0.214610,0.014297,0.020704,7168,0,112503,0,0,0,0,1,1,6001215,6001215,6001215,24004860,0,0,lineitem,0,16.374633789062500000,12.966918945312500000,,
2026-07-29T10:42:51Z,F8D304B8F717C7AC,14.23,queries/Core/02_filter_projection/filter_all.sql,2,3,1.926022,5.887,1708.457,0.211678,0.010663,0.023769,7168,0,112503,0,0,0,0,1,1,6001215,6001215,6001215,24004860,0,0,lineitem,0,16.724731445312500000,13.227172851562500000,,
2026-07-29T10:42:55Z,F8D304B8F717C7AC,14.23,queries/Core/02_filter_projection/filter_all.sql,3,3,1.888342,5.854,1668.292,0.214196,0.012529,0.022405,7168,0,112503,0,0,0,0,1,1,6001215,6001215,6001215,24004860,0,0,lineitem,0,16.419555664062500000,12.989135742187500000,,
2026-07-29T10:43:00Z,F8D304B8F717C7AC,14.23,queries/Core/02_filter_projection/filter_half.sql,1,3,1.853604,6.864,1635.559,0.211181,0.011855,0.023788,7168,0,112503,0,0,0,0,1,1,2999428,2999428,2994806,11997712,3001787,0,lineitem,0,15.864440917968750000,12.493041992187500000,,
2026-07-29T10:43:05Z,F8D304B8F717C7AC,14.23,queries/Core/02_filter_projection/filter_half.sql,2,3,1.861285,6.048,1635.783,0.219454,0.011305,0.024290,7168,0,112503,0,0,0,0,1,1,2999428,2999428,2994806,11997712,3001787,0,lineitem,0,15.994750976562500000,12.607971191406250000,,
2026-07-29T10:43:10Z,F8D304B8F717C7AC,14.23,queries/Core/02_filter_projection/filter_half.sql,3,3,1.859740,5.774,1637.024,0.216942,0.013670,0.022128,7168,0,112503,0,0,0,0,1,1,2999428,2999428,2994806,11997712,3001787,0,lineitem,0,16.116638183593750000,12.739746093750000000,,
2026-07-29T10:43:14Z,F8D304B8F717C7AC,14.23,queries/Core/02_filter_projection/filter_none.sql,1,3,1.544988,7.113,1325.187,0.212688,0.018734,0.016802,7168,0,112503,0,0,0,0,2,1,0,0,1,0,2000405,2,lineitem,0,15.297607421875000000,12.460083007812500000,,
2026-07-29T10:43:19Z,F8D304B8F717C7AC,14.23,queries/Core/02_filter_projection/filter_none.sql,2,3,1.530529,7.000,1336.652,0.186877,0.011665,0.023419,7296,0,112503,0,0,0,0,2,1,0,0,1,0,2000405,2,lineitem,0,15.583312988281250000,12.735656738281250000,,
2026-07-29T10:43:23Z,F8D304B8F717C7AC,14.23,queries/Core/02_filter_projection/filter_none.sql,3,3,1.523142,6.310,1347.528,0.169304,0.002209,0.009572,7168,0,112503,0,0,0,0,2,1,0,0,1,0,2000405,2,lineitem,0,15.418212890625000000,12.593811035156250000,,
2026-07-29T10:43:27Z,F8D304B8F717C7AC,14.23,queries/Core/02_filter_projection/limit_100.sql,1,3,0.222825,6.484,1.970,0.214371,0.014256,0.021609,7168,0,2,0,0,0,0,2,1,100,200,100,800,0,0,lineitem,0,0.759948730468750000,0.422912597656250000,,
2026-07-29T10:43:30Z,F8D304B8F717C7AC,14.23,queries/Core/02_filter_projection/limit_100.sql,2,3,0.223313,6.800,2.248,0.214265,0.012548,0.023554,7168,0,2,0,0,0,0,2,1,100,200,100,800,0,0,lineitem,0,0.786071777343750000,0.441711425781250000,,
2026-07-29T10:43:33Z,F8D304B8F717C7AC,14.23,queries/Core/02_filter_projection/limit_100.sql,3,3,0.218008,6.516,2.215,0.209277,0.014168,0.021541,7168,0,2,0,0,0,0,2,1,100,200,100,800,0,0,lineitem,0,0.807678222656250000,0.474548339843750000,,
2026-07-29T10:43:37Z,F8D304B8F717C7AC,14.23,queries/Core/02_filter_projection/limit_offset_3m.sql,1,3,0.995123,6.947,742.045,0.246131,0.012473,0.022265,7168,0,56245,0,0,0,0,2,1,100,3000200,100,12000800,0,0,lineitem,0,7.052124023437500000,5.265258789062500000,,
2026-07-29T10:43:41Z,F8D304B8F717C7AC,14.23,queries/Core/02_filter_projection/limit_offset_3m.sql,2,3,0.892297,6.701,702.213,0.183383,0.004608,0.014037,7168,0,56245,0,0,0,0,2,1,100,3000200,100,12000800,0,0,lineitem,0,6.766052246093750000,5.159667968750000000,,
2026-07-29T10:43:45Z,F8D304B8F717C7AC,14.23,queries/Core/02_filter_projection/limit_offset_3m.sql,3,3,1.003395,6.656,739.217,0.257522,0.011583,0.023891,7168,0,56245,0,0,0,0,2,1,100,3000200,100,12000800,0,0,lineitem,0,7.015319824218750000,5.214904785156250000,,
2026-07-29T10:43:49Z,F8D304B8F717C7AC,14.23,queries/Core/02_filter_projection/project_all_cols.sql,1,3,1.680779,6.959,1421.226,0.252594,0.014766,0.021187,7168,0,112503,0,0,0,0,1,1,6001215,6001215,6001215,702142155,0,0,lineitem,0,12.467834472656250000,9.373107910156250000,,
2026-07-29T10:43:54Z,F8D304B8F717C7AC,14.23,queries/Core/02_filter_projection/project_all_cols.sql,2,3,1.661937,7.506,1410.220,0.244211,0.011649,0.023788,7168,0,112503,0,0,0,0,1,1,6001215,6001215,6001215,702142155,0,0,lineitem,0,12.622558593750000000,9.559387207031250000,,
2026-07-29T10:43:59Z,F8D304B8F717C7AC,14.23,queries/Core/02_filter_projection/project_all_cols.sql,3,3,1.680605,6.797,1423.571,0.250237,0.009900,0.024909,7168,0,112503,0,0,0,0,1,1,6001215,6001215,6001215,702142155,0,0,lineitem,0,12.676391601562500000,9.583251953125000000,,
2026-07-29T10:44:03Z,F8D304B8F717C7AC,14.23,queries/Core/02_filter_projection/project_zero_cols.sql,1,3,1.874665,3.916,1739.070,0.131679,0.005954,0.014000,7168,0,112503,0,0,0,0,1,1,6001215,6001215,6001215,0,0,0,lineitem,0,13.861145019531250000,10.401916503906250000,,
2026-07-29T10:44:08Z,F8D304B8F717C7AC,14.23,queries/Core/02_filter_projection/project_zero_cols.sql,2,3,1.838691,4.582,1737.691,0.096418,0.001877,0.008498,7168,0,112503,0,0,0,0,1,1,6001215,6001215,6001215,0,0,0,lineitem,0,13.583374023437500000,10.179077148437500000,,
2026-07-29T10:44:13Z,F8D304B8F717C7AC,14.23,queries/Core/02_filter_projection/project_zero_cols.sql,3,3,1.932717,4.753,1721.775,0.206189,0.013150,0.023687,7168,0,112503,0,0,0,0,1,1,6001215,6001215,6001215,0,0,0,lineitem,0,13.864318847656250000,10.320800781250000000,,
2026-07-29T10:44:17Z,F8D304B8F717C7AC,14.23,queries/Core/03_join_method/large_hash.sql,1,3,1.096800,11.039,823.361,0.262400,0.007914,0.027888,7168,0,29680,0,0,2415,2415,4,2,1500000,3300000,1500101,13200000,0,0,orders;customer,0,8.341308593750000000,6.516357421875000000,,
2026-07-29T10:44:21Z,F8D304B8F717C7AC,14.23,queries/Core/03_join_method/large_hash.sql,2,3,1.007713,9.997,732.800,0.264916,0.014636,0.020990,7168,0,29680,0,0,2415,2415,4,2,1500000,3300000,1500101,13200000,0,0,orders;customer,0,8.012451171875000000,6.345947265625000000,,
2026-07-29T10:44:25Z,F8D304B8F717C7AC,14.23,queries/Core/03_join_method/large_hash.sql,3,3,1.002514,10.047,736.466,0.256001,0.011631,0.024263,7168,0,29680,0,0,2415,2415,4,2,1500000,3300000,1500101,13200000,0,0,orders;customer,0,8.123840332031250000,6.460083007812500000,,
2026-07-29T10:44:29Z,F8D304B8F717C7AC,14.23,queries/Core/03_join_method/large_merge.sql,1,3,1.792924,9.863,1515.992,0.267069,0.011178,0.026755,7296,0,29680,0,0,4080,4108,6,2,1500000,6300000,1500101,25200000,0,0,customer;orders,0,13.907531738281250000,11.176635742187500000,,
2026-07-29T10:44:34Z,F8D304B8F717C7AC,14.23,queries/Core/03_join_method/large_merge.sql,2,3,1.660665,11.501,1435.173,0.213991,0.013053,0.021416,7168,0,29680,0,0,4080,4108,6,2,1500000,6300000,1500101,25200000,0,0,customer;orders,0,13.428161621093750000,10.886962890625000000,,
2026-07-29T10:44:39Z,F8D304B8F717C7AC,14.23,queries/Core/03_join_method/large_merge.sql,3,3,1.751793,11.168,1476.624,0.264001,0.012901,0.024765,7168,0,29680,0,0,4080,4108,6,2,1500000,6300000,1500101,25200000,0,0,customer;orders,0,13.706115722656250000,10.989746093750000000,,
2026-07-29T10:44:48Z,F8D304B8F717C7AC,14.23,queries/Core/03_join_method/large_nestloop_index.sql,1,3,6.671210,9.132,6453.563,0.208515,0.009039,0.026033,7168,1364121,589002,0,0,0,0,3,2,1500000,3150000,1500101,12600000,0,0,customer;orders,0,31.373352050781250000,18.466613769531250000,,
2026-07-29T10:44:58Z,F8D304B8F717C7AC,14.23,queries/Core/03_join_method/large_nestloop_index.sql,2,3,7.097898,10.121,6882.066,0.205711,0.008460,0.023430,7168,1364121,589002,0,0,0,0,3,2,1500000,3150000,1500101,12600000,0,0,customer;orders,0,32.138366699218750000,18.504699707031250000,,
2026-07-29T10:45:08Z,F8D304B8F717C7AC,14.23,queries/Core/03_join_method/large_nestloop_index.sql,3,3,6.915709,9.661,6793.604,0.112444,0.004618,0.011355,7168,1364121,589002,0,0,0,0,3,2,1500000,3150000,1500101,12600000,0,0,customer;orders,0,32.097167968750000000,18.642578125000000000,,
2026-07-29T10:45:11Z,F8D304B8F717C7AC,14.23,queries/Core/03_join_method/small_hash.sql,1,3,0.226545,9.218,7.472,0.209855,0.015963,0.018545,7168,0,223,0,0,0,0,4,2,10000,20050,10000,80200,0,0,supplier;nation,0,0.797058105468750000,0.448364257812500000,,
2026-07-29T10:45:14Z,F8D304B8F717C7AC,14.23,queries/Core/03_join_method/small_hash.sql,2,3,0.224412,7.789,6.835,0.209788,0.013182,0.022156,7168,0,223,0,0,0,0,4,2,10000,20050,10000,80200,0,0,supplier;nation,0,0.812377929687500000,0.470214843750000000,,
2026-07-29T10:45:17Z,F8D304B8F717C7AC,14.23,queries/Core/03_join_method/small_hash.sql,3,3,0.230183,9.548,7.230,0.213405,0.012396,0.022702,7168,0,223,0,0,0,0,4,2,10000,20050,10000,80200,0,0,supplier;nation,0,0.836914062500000000,0.481445312500000000,,
2026-07-29T10:45:20Z,F8D304B8F717C7AC,14.23,queries/Core/03_join_method/small_merge.sql,1,3,0.233735,8.140,8.814,0.216781,0.014674,0.021054,7168,0,223,0,0,0,0,5,2,10000,30050,10000,120200,0,0,nation;supplier,0,0.835083007812500000,0.479919433593750000,,
2026-07-29T10:45:23Z,F8D304B8F717C7AC,14.23,queries/Core/03_join_method/small_merge.sql,2,3,0.228580,8.462,8.310,0.211808,0.012849,0.021727,7168,0,223,0,0,0,0,5,2,10000,30050,10000,120200,0,0,nation;supplier,0,0.835388183593750000,0.480712890625000000,,
2026-07-29T10:45:26Z,F8D304B8F717C7AC,14.23,queries/Core/03_join_method/small_merge.sql,3,3,0.232420,8.919,60.057,0.163444,0.002450,0.015310,7168,0,223,0,0,0,0,5,2,10000,30050,10000,120200,0,0,nation;supplier,0,0.828796386718750000,0.451354980468750000,,
2026-07-29T10:45:29Z,F8D304B8F717C7AC,14.23,queries/Core/03_join_method/small_nestloop.sql,1,3,0.236405,6.967,24.489,0.204949,0.010269,0.025309,7168,0,223,0,0,0,0,4,2,10000,270025,10000,1080100,0,0,supplier;nation,0,0.932128906250000000,0.557373046875000000,,
2026-07-29T10:45:32Z,F8D304B8F717C7AC,14.23,queries/Core/03_join_method/small_nestloop.sql,2,3,0.219898,7.490,26.856,0.185552,0.016824,0.018793,7168,0,223,0,0,0,0,4,2,10000,270025,10000,1080100,0,0,supplier;nation,0,0.970703125000000000,0.612426757812500000,,
2026-07-29T10:45:36Z,F8D304B8F717C7AC,14.23,queries/Core/03_join_method/small_nestloop.sql,3,3,0.214854,8.557,29.718,0.176579,0.008871,0.015311,7168,0,223,0,0,0,0,4,2,10000,270025,10000,1080100,0,0,supplier;nation,0,0.933044433593750000,0.583923339843750000,,
2026-07-29T10:45:39Z,F8D304B8F717C7AC,14.23,queries/Core/04_join_scale/join_10kx25.sql,1,3,0.228352,8.367,6.692,0.213293,0.008627,0.027192,7168,0,223,0,0,0,0,4,2,10000,20050,10000,80200,0,0,supplier;nation,0,0.794616699218750000,0.452514648437500000,,
2026-07-29T10:45:42Z,F8D304B8F717C7AC,14.23,queries/Core/04_join_scale/join_10kx25.sql,2,3,0.227019,8.978,6.770,0.211271,0.018054,0.017724,7168,0,223,0,0,0,0,4,2,10000,20050,10000,80200,0,0,supplier;nation,0,0.815979003906250000,0.472290039062500000,,
2026-07-29T10:45:45Z,F8D304B8F717C7AC,14.23,queries/Core/04_join_scale/join_10kx25.sql,3,3,0.223054,7.889,6.979,0.208186,0.010576,0.025103,7168,0,223,0,0,0,0,4,2,10000,20050,10000,80200,0,0,supplier;nation,0,0.818115234375000000,0.471313476562500000,,
2026-07-29T10:45:49Z,F8D304B8F717C7AC,14.23,queries/Core/04_join_scale/join_1500kx150k.sql,1,3,1.012020,9.835,737.478,0.264707,0.009970,0.026354,7168,0,29680,0,0,2415,2415,4,2,1500000,3300000,1500101,13200000,0,0,orders;customer,0,8.016601562500000000,6.341735839843750000,,
2026-07-29T10:45:53Z,F8D304B8F717C7AC,14.23,queries/Core/04_join_scale/join_1500kx150k.sql,2,3,1.021645,9.948,746.479,0.265218,0.015744,0.019720,7168,0,29680,0,0,2415,2415,4,2,1500000,3300000,1500101,13200000,0,0,orders;customer,0,8.039978027343750000,6.347534179687500000,,
2026-07-29T10:45:57Z,F8D304B8F717C7AC,14.23,queries/Core/04_join_scale/join_1500kx150k.sql,3,3,0.929287,9.280,749.891,0.170116,0.004583,0.012966,7168,0,29680,0,0,2415,2415,4,2,1500000,3300000,1500101,13200000,0,0,orders;customer,0,7.970397949218750000,6.417724609375000000,,
2026-07-29T10:46:00Z,F8D304B8F717C7AC,14.23,queries/Core/04_join_scale/join_150kx25.sql,1,3,0.435909,9.304,175.634,0.250971,0.013564,0.022491,7168,0,3586,0,0,0,0,4,2,150000,300050,150000,1200200,0,0,customer;nation,0,1.464538574218750000,0.730651855468750000,,
2026-07-29T10:46:04Z,F8D304B8F717C7AC,14.23,queries/Core/04_join_scale/join_150kx25.sql,2,3,0.424930,10.430,159.539,0.254961,0.013766,0.022088,7168,0,3586,0,0,0,0,4,2,150000,300050,150000,1200200,0,0,customer;nation,0,1.587890625000000000,0.881225585937500000,,
2026-07-29T10:46:07Z,F8D304B8F717C7AC,14.23,queries/Core/04_join_scale/join_150kx25.sql,3,3,0.422184,9.673,161.027,0.251484,0.009603,0.025994,7168,0,3586,0,0,0,0,4,2,150000,300050,150000,1200200,0,0,customer;nation,0,1.602661132812500000,0.897155761718750000,,
2026-07-29T10:46:10Z,F8D304B8F717C7AC,14.23,queries/Core/04_join_scale/join_25x5.sql,1,3,0.224894,7.609,1.997,0.215288,0.015209,0.020916,7168,0,2,0,0,0,0,4,2,25,60,25,240,0,0,nation;region,0,0.782470703125000000,0.439819335937500000,,
2026-07-29T10:46:13Z,F8D304B8F717C7AC,14.23,queries/Core/04_join_scale/join_25x5.sql,2,3,0.224623,9.062,2.261,0.213300,0.015593,0.020175,7168,0,2,0,0,0,0,4,2,25,60,25,240,0,0,nation;region,0,0.782165527343750000,0.439941406250000000,,
2026-07-29T10:46:16Z,F8D304B8F717C7AC,14.23,queries/Core/04_join_scale/join_25x5.sql,3,3,0.246519,133.897,2.246,0.110376,0.003516,0.013056,7168,0,2,0,0,0,0,4,2,25,60,25,240,0,0,nation;region,0,0.979614257812500000,0.567260742187500000,,
2026-07-29T10:46:21Z,F8D304B8F717C7AC,14.23,queries/Core/04_join_scale/join_6mx10k.sql,1,3,2.146238,9.104,1925.719,0.211415,0.014271,0.021087,7168,0,112725,0,0,0,0,4,2,6001215,12022430,5979092,48089720,0,0,lineitem;supplier,0,19.811157226562500000,15.921325683593750000,,
2026-07-29T10:46:26Z,F8D304B8F717C7AC,14.23,queries/Core/04_join_scale/join_6mx10k.sql,2,3,2.118883,8.605,1932.017,0.178261,0.009606,0.024685,7168,0,112725,0,0,0,0,4,2,6001215,12022430,5979092,48089720,0,0,lineitem;supplier,0,20.084594726562500000,16.213256835937500000,,
2026-07-29T10:46:31Z,F8D304B8F717C7AC,14.23,queries/Core/04_join_scale/join_6mx10k.sql,3,3,2.142914,7.299,1928.948,0.206667,0.012840,0.019973,7168,0,112725,0,0,0,0,4,2,6001215,12022430,5979092,48089720,0,0,lineitem;supplier,0,19.766906738281250000,15.874816894531250000,,
2026-07-29T10:46:37Z,F8D304B8F717C7AC,14.23,queries/Core/04_join_scale/join_6mx1500k.sql,1,3,3.186451,10.739,2993.205,0.182507,0.007176,0.011763,7168,0,138598,0,0,21318,21318,4,2,6001215,15002430,6001215,60009720,0,0,lineitem;orders,0,32.428894042968750000,27.221557617187500000,,
2026-07-29T10:46:44Z,F8D304B8F717C7AC,14.23,queries/Core/04_join_scale/join_6mx1500k.sql,2,3,3.331008,9.871,3058.898,0.262239,0.007046,0.026397,7168,0,138598,0,0,21318,21318,4,2,6001215,15002430,6001215,60009720,0,0,lineitem;orders,0,33.182556152343750000,27.646057128906250000,,
2026-07-29T10:46:50Z,F8D304B8F717C7AC,14.23,queries/Core/04_join_scale/join_6mx1500k.sql,3,3,3.232128,9.785,2952.814,0.269529,0.009965,0.025456,7168,0,138598,0,0,21318,21318,4,2,6001215,15002430,6001215,60009720,0,0,lineitem;orders,0,32.659118652343750000,27.261291503906250000,,
2026-07-29T10:46:56Z,F8D304B8F717C7AC,14.23,queries/Core/04_join_scale/join_6mx200k.sql,1,3,2.908023,8.550,2716.772,0.182701,0.015678,0.018676,7168,0,116600,0,0,13620,13620,4,2,6001215,12402430,6001215,49609720,0,0,lineitem;part,0,28.966735839843750000,24.019226074218750000,,
2026-07-29T10:47:02Z,F8D304B8F717C7AC,14.23,queries/Core/04_join_scale/join_6mx200k.sql,2,3,2.880887,9.083,2687.821,0.183983,0.012497,0.021322,7168,0,116600,0,0,13620,13620,4,2,6001215,12402430,6001215,49609720,0,0,lineitem;part,0,28.756347656250000000,23.851135253906250000,,
2026-07-29T10:47:08Z,F8D304B8F717C7AC,14.23,queries/Core/04_join_scale/join_6mx200k.sql,3,3,3.039443,8.426,2821.296,0.209721,0.010915,0.023579,7168,0,116600,0,0,13620,13620,4,2,6001215,12402430,6001215,49609720,0,0,lineitem;part,0,29.732238769531250000,24.549926757812500000,,
2026-07-29T10:47:12Z,F8D304B8F717C7AC,14.23,queries/Core/04_join_scale/join_800kx200k.sql,1,3,0.752213,8.093,491.479,0.252641,0.008174,0.025572,7168,0,21548,0,0,2199,2199,4,2,800000,2000000,800000,8000000,0,0,partsupp;part,0,5.156127929687500000,3.884765625000000000,,
2026-07-29T10:47:15Z,F8D304B8F717C7AC,14.23,queries/Core/04_join_scale/join_800kx200k.sql,2,3,0.743310,8.134,481.974,0.253202,0.012407,0.023713,7168,0,21548,0,0,2199,2199,4,2,800000,2000000,800000,8000000,0,0,partsupp;part,0,5.174560546875000000,3.916931152343750000,,
2026-07-29T10:47:19Z,F8D304B8F717C7AC,14.23,queries/Core/04_join_scale/join_800kx200k.sql,3,3,0.743534,8.679,482.599,0.252256,0.012413,0.023683,7168,0,21548,0,0,2199,2199,4,2,800000,2000000,800000,8000000,0,0,partsupp;part,0,5.125244140625000000,3.866210937500000000,,
2026-07-29T10:47:23Z,F8D304B8F717C7AC,14.23,queries/Core/05_join_type/anti_not_exists.sql,1,3,0.925936,11.165,695.479,0.219292,0.008803,0.013185,7168,194,29680,0,0,0,0,5,2,0,1800000,1,7200000,0,2,orders;customer,0,5.531982421875000000,3.814453125000000000,,
2026-07-29T10:47:27Z,F8D304B8F717C7AC,14.23,queries/Core/05_join_type/anti_not_exists.sql,2,3,0.955020,9.915,732.078,0.213027,0.015208,0.020561,7168,194,29680,0,0,0,0,5,2,0,1800000,1,7200000,0,2,orders;customer,0,5.578735351562500000,3.832763671875000000,,
2026-07-29T10:47:30Z,F8D304B8F717C7AC,14.23,queries/Core/05_join_type/anti_not_exists.sql,3,3,0.921475,11.406,686.095,0.223974,0.019176,0.016090,7168,194,29680,0,0,0,0,5,2,0,1800000,1,7200000,0,2,orders;customer,0,5.558410644531250000,3.855163574218750000,,
2026-07-29T10:47:34Z,F8D304B8F717C7AC,14.23,queries/Core/05_join_type/cross_join.sql,1,3,1.228486,4.727,1067.609,0.156150,0.008532,0.010698,7168,0,26096,0,0,0,0,4,2,7500000,16500005,7500505,30000000,0,0,orders;region,0,10.381774902343750000,8.127075195312500000,,
2026-07-29T10:47:38Z,F8D304B8F717C7AC,14.23,queries/Core/05_join_type/cross_join.sql,2,3,1.245719,4.111,1081.231,0.160377,0.007755,0.010629,7168,0,26096,0,0,0,0,4,2,7500000,16500005,7500505,30000000,0,0,orders;region,0,10.436096191406250000,8.153808593750000000,,
2026-07-29T10:47:42Z,F8D304B8F717C7AC,14.23,queries/Core/05_join_type/cross_join.sql,3,3,1.274170,4.538,1074.943,0.194689,0.010878,0.010805,7168,0,26096,0,0,0,0,4,2,7500000,16500005,7500505,30000000,0,0,orders;region,0,10.467407226562500000,8.149902343750000000,,
2026-07-29T10:47:46Z,F8D304B8F717C7AC,14.23,queries/Core/05_join_type/full_outer.sql,1,3,1.056452,10.983,782.673,0.262796,0.019150,0.016444,7168,0,29680,0,0,2415,2415,4,2,1550004,3350004,1500101,13400016,0,0,orders;customer,0,8.262939453125000000,6.462768554687500000,,
2026-07-29T10:47:50Z,F8D304B8F717C7AC,14.23,queries/Core/05_join_type/full_outer.sql,2,3,0.967240,9.936,731.713,0.225591,0.009015,0.008656,7168,0,29680,0,0,2415,2415,4,2,1550004,3350004,1500101,13400016,0,0,orders;customer,0,8.068054199218750000,6.408020019531250000,,
2026-07-29T10:47:54Z,F8D304B8F717C7AC,14.23,queries/Core/05_join_type/full_outer.sql,3,3,1.025676,9.589,751.168,0.264919,0.013347,0.022649,7040,0,29680,0,0,2415,2415,4,2,1550004,3350004,1500101,13400016,0,0,orders;customer,0,8.078247070312500000,6.319274902343750000,,
2026-07-29T10:47:58Z,F8D304B8F717C7AC,14.23,queries/Core/05_join_type/inner.sql,1,3,0.968467,9.397,736.063,0.223007,0.009019,0.012540,7168,0,29680,0,0,2415,2415,4,2,1500000,3300000,1500101,13200000,0,0,orders;customer,0,7.997314453125000000,6.324218750000000000,,
2026-07-29T10:48:02Z,F8D304B8F717C7AC,14.23,queries/Core/05_join_type/inner.sql,2,3,0.967784,9.091,725.087,0.233606,0.011857,0.024082,7168,0,29680,0,0,2415,2415,4,2,1500000,3300000,1500101,13200000,0,0,orders;customer,0,8.070922851562500000,6.402404785156250000,,
2026-07-29T10:48:06Z,F8D304B8F717C7AC,14.23,queries/Core/05_join_type/inner.sql,3,3,0.957553,10.043,734.156,0.213354,0.011735,0.023640,7168,0,29680,0,0,2415,2415,4,2,1500000,3300000,1500101,13200000,0,0,orders;customer,0,8.103942871093750000,6.454528808593750000,,
2026-07-29T10:48:10Z,F8D304B8F717C7AC,14.23,queries/Core/05_join_type/join_on_text_cast.sql,1,3,1.383055,10.049,1157.743,0.215263,0.007924,0.027475,7168,164,29680,0,0,0,0,5,2,1500000,4800000,1125075750,19200000,0,2,orders;customer,0,16.605346679687500000,14.081054687500000000,,
2026-07-29T10:48:15Z,F8D304B8F717C7AC,14.23,queries/Core/05_join_type/join_on_text_cast.sql,2,3,1.369951,10.091,1145.984,0.213876,0.013315,0.022376,7168,164,29680,0,0,0,0,5,2,1500000,4800000,1125075750,19200000,0,2,orders;customer,0,16.689697265625000000,14.154541015625000000,,
2026-07-29T10:48:19Z,F8D304B8F717C7AC,14.23,queries/Core/05_join_type/join_on_text_cast.sql,3,3,1.376353,10.713,1152.226,0.213414,0.011251,0.023040,7168,164,29680,0,0,0,0,5,2,1500000,4800000,1125075750,19200000,0,2,orders;customer,0,16.305419921875000000,13.754272460937500000,,
2026-07-29T10:48:23Z,F8D304B8F717C7AC,14.23,queries/Core/05_join_type/left_outer.sql,1,3,0.993299,9.926,747.534,0.235839,0.010728,0.024230,7168,0,29680,0,0,2415,2415,4,2,1500000,3300000,1500101,13200000,0,0,orders;customer,0,8.118408203125000000,6.389709472656250000,,
2026-07-29T10:48:27Z,F8D304B8F717C7AC,14.23,queries/Core/05_join_type/left_outer.sql,2,3,1.053930,9.731,781.102,0.263097,0.011093,0.025458,7168,0,29680,0,0,2415,2415,4,2,1500000,3300000,1500101,13200000,0,0,orders;customer,0,8.144775390625000000,6.341186523437500000,,
2026-07-29T10:48:31Z,F8D304B8F717C7AC,14.23,queries/Core/05_join_type/left_outer.sql,3,3,1.005062,8.913,735.061,0.261088,0.014661,0.022091,7168,0,29680,0,0,2415,2415,4,2,1500000,3300000,1500101,13200000,0,0,orders;customer,0,8.134643554687500000,6.406860351562500000,,
2026-07-29T10:48:35Z,F8D304B8F717C7AC,14.23,queries/Core/05_join_type/right_outer.sql,1,3,0.990791,9.795,718.466,0.262530,0.011798,0.023498,7168,0,29680,0,0,2415,2415,4,2,1550004,3350004,1500101,13400016,0,0,orders;customer,0,8.172912597656250000,6.481384277343750000,,
2026-07-29T10:48:39Z,F8D304B8F717C7AC,14.23,queries/Core/05_join_type/right_outer.sql,2,3,1.002109,9.918,737.567,0.254624,0.012937,0.022888,7168,0,29680,0,0,2415,2415,4,2,1550004,3350004,1500101,13400016,0,0,orders;customer,0,8.154235839843750000,6.434448242187500000,,
2026-07-29T10:48:43Z,F8D304B8F717C7AC,14.23,queries/Core/05_join_type/right_outer.sql,3,3,1.012101,9.155,738.168,0.264778,0.015143,0.019858,7168,0,29680,0,0,2415,2415,4,2,1550004,3350004,1500101,13400016,0,0,orders;customer,0,8.136535644531250000,6.416931152343750000,,
2026-07-29T10:48:47Z,F8D304B8F717C7AC,14.23,queries/Core/05_join_type/self_join.sql,1,3,1.568320,10.327,1290.242,0.267751,0.012096,0.024064,7168,33,52157,0,0,8544,8544,4,2,1500000,6000000,1500101,24000000,0,0,orders,0,12.461364746093750000,10.102966308593750000,,
2026-07-29T10:48:52Z,F8D304B8F717C7AC,14.23,queries/Core/05_join_type/self_join.sql,2,3,1.566101,10.896,1294.539,0.260666,0.015908,0.019138,7168,33,52157,0,0,8544,8544,4,2,1500000,6000000,1500101,24000000,0,0,orders,0,12.463500976562500000,10.116821289062500000,,
2026-07-29T10:48:56Z,F8D304B8F717C7AC,14.23,queries/Core/05_join_type/self_join.sql,3,3,1.513893,9.115,1291.100,0.213678,0.004167,0.014345,7168,33,52157,0,0,8544,8544,4,2,1500000,6000000,1500101,24000000,0,0,orders,0,12.342834472656250000,10.050231933593750000,,
2026-07-29T10:49:00Z,F8D304B8F717C7AC,14.23,queries/Core/05_join_type/semi_exists.sql,1,3,0.960644,9.782,693.157,0.257705,0.011888,0.023725,7168,0,29680,0,0,2415,2415,4,2,1500000,3300000,1500101,13200000,0,0,orders;customer,0,7.865966796875000000,6.227355957031250000,,
2026-07-29T10:49:04Z,F8D304B8F717C7AC,14.23,queries/Core/05_join_type/semi_exists.sql,2,3,0.965528,10.596,700.190,0.254742,0.013972,0.019874,7168,0,29680,0,0,2415,2415,4,2,1500000,3300000,1500101,13200000,0,0,orders;customer,0,7.778137207031250000,6.122375488281250000,,
2026-07-29T10:49:07Z,F8D304B8F717C7AC,14.23,queries/Core/05_join_type/semi_exists.sql,3,3,0.979434,9.620,714.733,0.255081,0.011941,0.024960,7168,0,29680,0,0,2415,2415,4,2,1500000,3300000,1500101,13200000,0,0,orders;customer,0,7.816711425781250000,6.141479492187500000,,
2026-07-29T10:49:13Z,F8D304B8F717C7AC,14.23,queries/Core/06_join_chain/chain_1_hash.sql,1,3,2.751275,10.617,2507.768,0.232890,0.002599,0.017336,7168,116,35573,0,0,21318,21318,4,2,6001215,15002430,6001215,60009720,0,0,lineitem;orders,0,27.295349121093750000,22.969543457031250000,,
2026-07-29T10:49:19Z,F8D304B8F717C7AC,14.23,queries/Core/06_join_chain/chain_1_hash.sql,2,3,2.658876,133.564,2371.387,0.153925,0.002433,0.009571,7168,116,35573,0,0,21318,21318,4,2,6001215,15002430,6001215,60009720,0,0,lineitem;orders,0,27.562255859375000000,23.322265625000000000,,
2026-07-29T10:49:24Z,F8D304B8F717C7AC,14.23,queries/Core/06_join_chain/chain_1_hash.sql,3,3,2.710088,11.406,2488.551,0.210131,0.010762,0.022100,7168,116,35573,0,0,21318,21318,4,2,6001215,15002430,6001215,60009720,0,0,lineitem;orders,0,27.546142578125000000,23.189270019531250000,,
2026-07-29T10:49:29Z,F8D304B8F717C7AC,14.23,queries/Core/06_join_chain/chain_1_merge.sql,1,3,2.092135,11.278,1874.974,0.205883,0.014696,0.018730,7168,122,35567,0,0,3821,3847,4,2,6001215,15002430,6001215,60009720,0,0,orders;lineitem,0,19.936523437500000000,16.123779296875000000,,
2026-07-29T10:49:34Z,F8D304B8F717C7AC,14.23,queries/Core/06_join_chain/chain_1_merge.sql,2,3,2.060009,11.841,1865.615,0.182553,0.012127,0.021350,7168,122,35567,0,0,3821,3847,4,2,6001215,15002430,6001215,60009720,0,0,orders;lineitem,0,20.068603515625000000,16.291992187500000000,,
2026-07-29T10:49:39Z,F8D304B8F717C7AC,14.23,queries/Core/06_join_chain/chain_1_merge.sql,3,3,2.027020,12.821,1851.398,0.162801,0.007914,0.011347,7168,122,35567,0,0,3821,3847,4,2,6001215,15002430,6001215,60009720,0,0,orders;lineitem,0,19.761413574218750000,16.046630859375000000,,
2026-07-29T10:49:44Z,F8D304B8F717C7AC,14.23,queries/Core/06_join_chain/chain_1_nestloop.sql,1,3,2.034595,9.275,1812.473,0.212847,0.013269,0.022010,7168,4490619,35606,0,0,0,0,4,2,6001215,19502430,6001215,78009720,0,2,orders;lineitem,0,39.355346679687500000,35.620361328125000000,,
2026-07-29T10:49:49Z,F8D304B8F717C7AC,14.23,queries/Core/06_join_chain/chain_1_nestloop.sql,2,3,1.985466,10.193,1812.283,0.162990,0.006625,0.012332,7168,4490619,35606,0,0,0,0,4,2,6001215,19502430,6001215,78009720,0,2,orders;lineitem,0,39.471313476562500000,35.793579101562500000,,
2026-07-29T10:49:54Z,F8D304B8F717C7AC,14.23,queries/Core/06_join_chain/chain_1_nestloop.sql,3,3,2.009861,11.180,1789.829,0.208852,0.016625,0.015739,7168,4490619,35606,0,0,0,0,4,2,6001215,19502430,6001215,78009720,0,2,orders;lineitem,0,39.890197753906250000,36.197753906250000000,,
2026-07-29T10:50:00Z,F8D304B8F717C7AC,14.23,queries/Core/06_join_chain/chain_2_hash.sql,1,3,3.319649,12.607,3095.121,0.211921,0.014710,0.018629,7168,116,39158,0,0,24099,24099,7,3,6001215,16802430,6001215,73209720,0,0,lineitem;orders;customer,0,33.040771484375000000,27.640686035156250000,,
2026-07-29T10:50:06Z,F8D304B8F717C7AC,14.23,queries/Core/06_join_chain/chain_2_hash.sql,2,3,3.529485,11.989,3259.685,0.257811,0.009854,0.024516,7168,116,39158,0,0,24099,24099,7,3,6001215,16802430,6001215,73209720,0,0,lineitem;orders;customer,0,33.657287597656250000,27.846130371093750000,,
2026-07-29T10:50:13Z,F8D304B8F717C7AC,14.23,queries/Core/06_join_chain/chain_2_hash.sql,3,3,3.516971,11.053,3299.507,0.206411,0.015847,0.019243,7168,116,39158,0,0,24099,24099,7,3,6001215,16802430,6001215,73209720,0,0,lineitem;orders;customer,0,33.310546875000000000,27.690246582031250000,,
2026-07-29T10:50:24Z,F8D304B8F717C7AC,14.23,queries/Core/06_join_chain/chain_2_merge.sql,1,3,8.411167,11.070,8293.195,0.106902,0.008521,0.009967,7168,921972,592281,0,0,4080,4108,8,3,6001215,18352434,6001215,79409736,0,0,orders;customer;lineitem,0,50.442382812500000000,35.343872070312500000,,
2026-07-29T10:50:35Z,F8D304B8F717C7AC,14.23,queries/Core/06_join_chain/chain_2_merge.sql,2,3,8.589891,16.529,8368.465,0.204897,0.008560,0.022606,7168,921972,592281,0,0,4080,4108,8,3,6001215,18352434,6001215,79409736,0,0,orders;customer;lineitem,0,51.232788085937500000,36.014038085937500000,,
2026-07-29T10:50:47Z,F8D304B8F717C7AC,14.23,queries/Core/06_join_chain/chain_2_merge.sql,3,3,8.764000,15.899,8541.953,0.206148,0.015204,0.019034,7168,921972,592281,0,0,4080,4108,8,3,6001215,18352434,6001215,79409736,0,0,orders;customer;lineitem,0,51.481567382812500000,35.845153808593750000,,
2026-07-29T10:50:56Z,F8D304B8F717C7AC,14.23,queries/Core/06_join_chain/chain_2_nestloop.sql,1,3,5.835478,10.661,5618.363,0.206454,0.010429,0.021659,7168,5450054,1376726,0,0,0,0,6,3,6001215,21152430,6001215,90609720,0,2,customer;orders;lineitem,0,79.035278320312500000,66.298339843750000000,,
2026-07-29T10:51:04Z,F8D304B8F717C7AC,14.23,queries/Core/06_join_chain/chain_2_nestloop.sql,2,3,5.778445,11.848,5556.349,0.210248,0.009962,0.024563,7168,5450506,1376274,0,0,0,0,6,3,6001215,21152430,6001215,90609720,0,2,customer;orders;lineitem,0,78.763732910156250000,66.168273925781250000,,
2026-07-29T10:51:13Z,F8D304B8F717C7AC,14.23,queries/Core/06_join_chain/chain_2_nestloop.sql,3,3,5.928017,11.277,5712.868,0.203872,0.012922,0.019652,7168,5450294,1376486,0,0,0,0,6,3,6001215,21152430,6001215,90609720,0,2,customer;orders;lineitem,0,77.403320312500000000,64.516845703125000000,,
2026-07-29T10:51:19Z,F8D304B8F717C7AC,14.23,queries/Core/06_join_chain/chain_3_hash.sql,1,3,3.590333,12.485,3320.086,0.257762,0.014660,0.016469,7168,116,39159,0,0,24099,24099,10,4,6001215,16952480,6001215,74409920,0,0,lineitem;orders;customer;nation,0,33.964355468750000000,28.192016601562500000,,
2026-07-29T10:51:26Z,F8D304B8F717C7AC,14.23,queries/Core/06_join_chain/chain_3_hash.sql,2,3,3.571311,11.742,3297.183,0.262386,0.011630,0.024222,7168,116,39159,0,0,24099,24099,10,4,6001215,16952480,6001215,74409920,0,0,lineitem;orders;customer;nation,0,34.327148437500000000,28.547607421875000000,,
2026-07-29T10:51:32Z,F8D304B8F717C7AC,14.23,queries/Core/06_join_chain/chain_3_hash.sql,3,3,3.569923,12.938,3295.546,0.261439,0.012757,0.023100,7168,116,39159,0,0,24099,24099,10,4,6001215,16952480,6001215,74409920,0,0,lineitem;orders;customer;nation,0,33.827575683593750000,28.065795898437500000,,
2026-07-29T10:51:44Z,F8D304B8F717C7AC,14.23,queries/Core/06_join_chain/chain_3_merge.sql,1,3,8.979997,16.270,8754.591,0.209136,0.009442,0.025415,7168,986956,597149,0,0,4080,4108,11,4,6001215,18646477,6001215,81185908,0,0,orders;customer;nation;lineitem,0,76.377441406250000000,59.506103515625000000,,
2026-07-29T10:51:54Z,F8D304B8F717C7AC,14.23,queries/Core/06_join_chain/chain_3_merge.sql,2,3,7.560865,7.306,7486.989,0.066570,0.005761,0.003250,7168,986956,597149,0,0,4080,4108,11,4,6001215,18646477,6001215,81185908,0,0,orders;customer;nation;lineitem,0,74.306701660156250000,59.678527832031250000,,
2026-07-29T10:52:06Z,F8D304B8F717C7AC,14.23,queries/Core/06_join_chain/chain_3_merge.sql,3,3,8.933427,14.241,8776.845,0.142341,0.010956,0.021050,7168,986956,597149,0,0,4080,4108,11,4,6001215,18646477,6001215,81185908,0,0,orders;customer;nation;lineitem,0,56.684143066406250000,40.970336914062500000,,
2026-07-29T10:52:25Z,F8D304B8F717C7AC,14.23,queries/Core/06_join_chain/chain_3_nestloop.sql,1,3,15.733560,12.350,15466.099,0.255111,0.012938,0.019848,7168,5316568,1580087,0,0,0,0,8,5,6001215,15451240,6001215,67804960,0,0,nation;customer;idx_customer_nation;orders;lineitem,0,96.093811035156250000,71.834594726562500000,,
2026-07-29T10:52:43Z,F8D304B8F717C7AC,14.23,queries/Core/06_join_chain/chain_3_nestloop.sql,2,3,15.045931,10.696,14782.766,0.252469,0.008674,0.022798,7168,5316577,1580078,0,0,0,0,8,5,6001215,15451240,6001215,67804960,0,0,nation;customer;idx_customer_nation;orders;lineitem,0,98.989562988281250000,74.601013183593750000,,
2026-07-29T10:53:01Z,F8D304B8F717C7AC,14.23,queries/Core/06_join_chain/chain_3_nestloop.sql,3,3,15.622179,12.302,15403.923,0.205954,0.010520,0.022939,7168,5316555,1580100,0,0,0,0,8,5,6001215,15451240,6001215,67804960,0,0,nation;customer;idx_customer_nation;orders;lineitem,0,103.966918945312500000,78.417785644531250000,,
2026-07-29T10:53:07Z,F8D304B8F717C7AC,14.23,queries/Core/06_join_chain/chain_4_hash.sql,1,3,3.181645,11.831,3017.474,0.152340,0.009214,0.022329,7168,116,39160,0,0,24099,24099,13,5,6001215,16952515,6001215,74410160,0,0,lineitem;orders;customer;nation;region,0,35.439758300781250000,30.241333007812500000,,
2026-07-29T10:53:13Z,F8D304B8F717C7AC,14.23,queries/Core/06_join_chain/chain_4_hash.sql,2,3,3.214483,12.695,3024.162,0.177626,0.004891,0.011925,7040,116,39160,0,0,24099,24099,13,5,6001215,16952515,6001215,74410160,0,0,lineitem;orders;customer;nation;region,0,34.755981445312500000,29.607299804687500000,,
2026-07-29T10:53:19Z,F8D304B8F717C7AC,14.23,queries/Core/06_join_chain/chain_4_hash.sql,3,3,3.276185,131.315,3051.995,0.092875,0.003352,0.007636,7168,116,39160,0,0,24099,24099,13,5,6001215,16952515,6001215,74410160,0,0,lineitem;orders;customer;nation;region,0,33.431945800781250000,28.178588867187500000,,
2026-07-29T10:53:31Z,F8D304B8F717C7AC,14.23,queries/Core/06_join_chain/chain_4_merge.sql,1,3,8.902412,14.967,8706.265,0.181180,0.017017,0.017895,7168,986947,597159,0,0,4080,4108,15,5,6001215,18646537,6001215,81186348,0,0,orders;customer;region;nation;lineitem,0,52.758605957031250000,37.004882812500000000,,
2026-07-29T10:53:43Z,F8D304B8F717C7AC,14.23,queries/Core/06_join_chain/chain_4_merge.sql,2,3,8.890401,15.844,8700.614,0.173943,0.013631,0.018164,7168,986947,597159,0,0,4080,4108,15,5,6001215,18646537,6001215,81186348,0,0,orders;customer;region;nation;lineitem,0,52.333801269531250000,36.563232421875000000,,
2026-07-29T10:53:55Z,F8D304B8F717C7AC,14.23,queries/Core/06_join_chain/chain_4_merge.sql,3,3,8.675962,15.982,8458.223,0.201757,0.011981,0.019350,7168,986947,597159,0,0,4080,4108,15,5,6001215,18646537,6001215,81186348,0,0,orders;customer;region;nation;lineitem,0,53.008483886718750000,37.546447753906250000,,
2026-07-29T10:54:13Z,F8D304B8F717C7AC,14.23,queries/Core/06_join_chain/chain_4_nestloop.sql,1,3,16.020881,11.883,15754.440,0.254558,0.012134,0.019590,7168,5316533,1580123,0,0,0,0,11,6,6001215,15451395,6001215,67805680,0,0,nation;region;customer;idx_customer_nation;orders;lineitem,0,94.778381347656250000,70.220764160156250000,,
2026-07-29T10:54:32Z,F8D304B8F717C7AC,14.23,queries/Core/06_join_chain/chain_4_nestloop.sql,2,3,15.397424,134.651,15080.557,0.182216,0.010319,0.013061,7168,5316565,1580091,0,0,0,0,11,6,6001215,15451395,6001215,67805680,0,0,nation;region;customer;idx_customer_nation;orders;lineitem,0,98.573669433593750000,74.093505859375000000,,
2026-07-29T10:54:50Z,F8D304B8F717C7AC,14.23,queries/Core/06_join_chain/chain_4_nestloop.sql,3,3,15.628023,12.497,15376.652,0.238874,0.005930,0.013410,7168,5316554,1580102,0,0,0,0,11,6,6001215,15451395,6001215,67805680,0,0,nation;region;customer;idx_customer_nation;orders;lineitem,0,97.003051757812500000,72.935852050781250000,,
2026-07-29T10:54:55Z,F8D304B8F717C7AC,14.23,queries/Core/07_grouping_distinct/count_per_group.sql,1,3,1.678277,7.991,1465.580,0.204706,0.012775,0.020533,7168,14,112503,0,0,0,0,5,1,3,6001245,3,12002730,0,2,lineitem,0,22.026245117187500000,18.849975585937500000,,
2026-07-29T10:54:59Z,F8D304B8F717C7AC,14.23,queries/Core/07_grouping_distinct/count_per_group.sql,2,3,1.712731,7.100,1503.340,0.202291,0.011355,0.021922,7168,14,112503,0,0,0,0,5,1,3,6001245,3,12002730,0,2,lineitem,0,21.629699707031250000,18.404663085937500000,,
2026-07-29T10:55:04Z,F8D304B8F717C7AC,14.23,queries/Core/07_grouping_distinct/count_per_group.sql,3,3,1.694918,8.549,1485.098,0.201271,0.007615,0.024788,7168,14,112503,0,0,0,0,5,1,3,6001245,3,12002730,0,2,lineitem,0,21.888549804687500000,18.703735351562500000,,
2026-07-29T10:55:10Z,F8D304B8F717C7AC,14.23,queries/Core/07_grouping_distinct/cube.sql,1,3,3.396654,7.523,3183.779,0.205352,0.009957,0.024353,7168,0,112503,0,0,0,0,2,1,10,6001225,12,24004900,0,0,lineitem,0,35.991821289062500000,29.716674804687500000,,
2026-07-29T10:55:16Z,F8D304B8F717C7AC,14.23,queries/Core/07_grouping_distinct/cube.sql,2,3,3.397743,6.711,3186.576,0.204456,0.017230,0.016120,7168,0,112503,0,0,0,0,2,1,10,6001225,12,24004900,0,0,lineitem,0,37.051452636718750000,30.769226074218750000,,
2026-07-29T10:55:22Z,F8D304B8F717C7AC,14.23,queries/Core/07_grouping_distinct/cube.sql,3,3,3.322944,7.113,3184.354,0.131477,0.003745,0.017222,7168,0,112503,0,0,0,0,2,1,10,6001225,12,24004900,0,0,lineitem,0,36.195983886718750000,30.057861328125000000,,
2026-07-29T10:55:29Z,F8D304B8F717C7AC,14.23,queries/Core/07_grouping_distinct/distinct_200k_vals.sql,1,3,3.622363,6.070,3361.749,0.254544,0.009375,0.023500,7168,0,112503,0,0,17551,33530,2,1,200000,6201215,199305,24804860,0,0,lineitem,0,38.620056152343750000,32.330932617187500000,,
2026-07-29T10:55:35Z,F8D304B8F717C7AC,14.23,queries/Core/07_grouping_distinct/distinct_200k_vals.sql,2,3,3.683365,7.543,3426.398,0.249424,0.013427,0.017308,7168,0,112503,0,0,17551,33530,2,1,200000,6201215,199305,24804860,0,0,lineitem,0,37.573547363281250000,31.184509277343750000,,
2026-07-29T10:55:42Z,F8D304B8F717C7AC,14.23,queries/Core/07_grouping_distinct/distinct_200k_vals.sql,3,3,3.726344,6.866,3469.289,0.250189,0.009994,0.021587,7168,0,112503,0,0,17551,33530,2,1,200000,6201215,199305,24804860,0,0,lineitem,0,37.875488281250000000,31.431762695312500000,,
2026-07-29T10:55:47Z,F8D304B8F717C7AC,14.23,queries/Core/07_grouping_distinct/distinct_3_vals.sql,1,3,2.139044,7.972,1931.424,0.199648,0.009390,0.023103,7168,0,112503,0,0,0,0,2,1,3,6001218,3,12002436,0,0,lineitem,0,20.181518554687500000,16.177795410156250000,,
2026-07-29T10:55:52Z,F8D304B8F717C7AC,14.23,queries/Core/07_grouping_distinct/distinct_3_vals.sql,2,3,2.159844,7.634,1950.897,0.201313,0.010556,0.022310,7168,0,112503,0,0,0,0,2,1,3,6001218,3,12002436,0,0,lineitem,0,20.388732910156250000,16.365295410156250000,,
2026-07-29T10:55:57Z,F8D304B8F717C7AC,14.23,queries/Core/07_grouping_distinct/distinct_3_vals.sql,3,3,2.151622,7.343,1934.497,0.209782,0.016179,0.018017,7168,0,112503,0,0,0,0,2,1,3,6001218,3,12002436,0,0,lineitem,0,20.054138183593750000,16.035888671875000000,,
2026-07-29T10:56:08Z,F8D304B8F717C7AC,14.23,queries/Core/07_grouping_distinct/distinct_on.sql,1,3,8.154132,6.974,7895.253,0.251905,0.014832,0.017320,7168,6,112503,0,0,33159,33267,3,1,3,12002433,3,72014598,0,0,lineitem,0,88.664733886718750000,78.070556640625000000,,
2026-07-29T10:56:19Z,F8D304B8F717C7AC,14.23,queries/Core/07_grouping_distinct/distinct_on.sql,2,3,8.095012,6.444,7859.882,0.228686,0.009947,0.024284,7168,6,112503,0,0,33159,33267,3,1,3,12002433,3,72014598,0,0,lineitem,0,88.997985839843750000,78.521057128906250000,,
2026-07-29T10:56:30Z,F8D304B8F717C7AC,14.23,queries/Core/07_grouping_distinct/distinct_on.sql,3,3,8.108304,8.296,7895.263,0.204745,0.011936,0.021993,7168,6,112503,0,0,33159,33267,3,1,3,12002433,3,72014598,0,0,lineitem,0,89.430725097656250000,78.952941894531250000,,
2026-07-29T10:56:37Z,F8D304B8F717C7AC,14.23,queries/Core/07_grouping_distinct/group_1500k_vals.sql,1,3,3.062122,7.138,2875.355,0.179629,0.005657,0.014535,7168,0,112503,0,0,32711,60242,4,1,1500000,10508536,394420,42034144,0,2,lineitem,0,50.719299316406250000,45.813354492187500000,,
2026-07-29T10:56:43Z,F8D304B8F717C7AC,14.23,queries/Core/07_grouping_distinct/group_1500k_vals.sql,2,3,3.081440,5.306,2819.006,0.257128,0.009627,0.021969,7168,0,112503,0,0,28917,56409,4,1,1500000,10508512,394420,42034048,0,2,lineitem,0,49.294799804687500000,44.246337890625000000,,
2026-07-29T10:56:49Z,F8D304B8F717C7AC,14.23,queries/Core/07_grouping_distinct/group_1500k_vals.sql,3,3,3.030358,6.706,2814.539,0.209113,0.007063,0.011756,7168,0,112503,0,0,28924,56516,4,1,1500000,10508536,394420,42034144,0,2,lineitem,0,49.112365722656250000,44.135681152343750000,,
2026-07-29T10:56:54Z,F8D304B8F717C7AC,14.23,queries/Core/07_grouping_distinct/group_200k_sortagg.sql,1,3,2.485617,6.060,2276.297,0.203260,0.008481,0.025337,7168,114,112503,0,0,16984,17090,5,1,200000,13402395,199305,53609580,0,2,lineitem,0,41.035339355468750000,36.430969238281250000,,
2026-07-29T10:57:00Z,F8D304B8F717C7AC,14.23,queries/Core/07_grouping_distinct/group_200k_sortagg.sql,2,3,2.432458,6.738,2217.190,0.208530,0.017287,0.017922,7168,114,112503,0,0,17079,17184,5,1,200000,13402352,199305,53609408,0,2,lineitem,0,41.107055664062500000,36.616210937500000000,,
2026-07-29T10:57:05Z,F8D304B8F717C7AC,14.23,queries/Core/07_grouping_distinct/group_200k_sortagg.sql,3,3,2.483720,6.780,2266.388,0.210552,0.012198,0.022708,7168,114,112503,0,0,16984,17090,5,1,200000,13402365,199305,53609460,0,2,lineitem,0,40.736938476562500000,36.220825195312500000,,
2026-07-29T10:57:11Z,F8D304B8F717C7AC,14.23,queries/Core/07_grouping_distinct/group_200k_vals.sql,1,3,2.420086,5.882,2231.123,0.183081,0.011519,0.023925,7168,14,112503,0,0,19511,35361,5,1,200000,8001143,199305,32004572,0,2,lineitem,0,41.136230468750000000,36.307983398437500000,,
2026-07-29T10:57:16Z,F8D304B8F717C7AC,14.23,queries/Core/07_grouping_distinct/group_200k_vals.sql,2,3,2.314752,6.229,2170.510,0.138013,0.008109,0.014545,7168,14,112503,0,0,18894,34745,5,1,200000,8001125,199305,32004500,0,2,lineitem,0,40.697326660156250000,36.004699707031250000,,
2026-07-29T10:57:22Z,F8D304B8F717C7AC,14.23,queries/Core/07_grouping_distinct/group_200k_vals.sql,3,3,2.260437,5.372,2096.923,0.158142,0.003193,0.013973,7168,14,112503,0,0,18267,34121,5,1,200000,8001125,199305,32004500,0,2,lineitem,0,40.278320312500000000,35.632263183593750000,,
2026-07-29T10:57:26Z,F8D304B8F717C7AC,14.23,queries/Core/07_grouping_distinct/group_3_vals.sql,1,3,1.694073,7.059,1482.585,0.204429,0.009374,0.026001,7168,14,112503,0,0,0,0,5,1,3,6001245,3,12002490,0,2,lineitem,0,21.744018554687500000,18.546691894531250000,,
2026-07-29T10:57:31Z,F8D304B8F717C7AC,14.23,queries/Core/07_grouping_distinct/group_3_vals.sql,2,3,1.681070,6.956,1483.242,0.190872,0.007646,0.024728,7168,14,112503,0,0,0,0,5,1,3,6001245,3,12002490,0,2,lineitem,0,19.886962890625000000,16.702880859375000000,,
2026-07-29T10:57:35Z,F8D304B8F717C7AC,14.23,queries/Core/07_grouping_distinct/group_3_vals.sql,3,3,1.691359,7.326,1482.853,0.201180,0.012687,0.021993,7168,14,112503,0,0,0,0,5,1,3,6001245,3,12002490,0,2,lineitem,0,21.428710937500000000,18.233642578125000000,,
2026-07-29T10:57:40Z,F8D304B8F717C7AC,14.23,queries/Core/07_grouping_distinct/group_7_vals.sql,1,3,1.741532,6.924,1529.077,0.205531,0.011899,0.022959,7168,14,112503,0,0,0,0,5,1,7,6001285,7,66014135,0,2,lineitem,0,23.858642578125000000,20.577941894531250000,,
2026-07-29T10:57:45Z,F8D304B8F717C7AC,14.23,queries/Core/07_grouping_distinct/group_7_vals.sql,2,3,1.720727,7.954,1514.805,0.197968,0.011040,0.024083,7168,14,112503,0,0,0,0,5,1,7,6001285,7,66014135,0,2,lineitem,0,23.891540527343750000,20.638183593750000000,,
2026-07-29T10:57:49Z,F8D304B8F717C7AC,14.23,queries/Core/07_grouping_distinct/group_7_vals.sql,3,3,1.742576,7.661,1532.632,0.202283,0.013246,0.018223,7168,14,112503,0,0,0,0,5,1,7,6001285,7,66014135,0,2,lineitem,0,23.841918945312500000,20.570922851562500000,,
2026-07-29T10:57:55Z,F8D304B8F717C7AC,14.23,queries/Core/07_grouping_distinct/grouping_sets.sql,1,3,2.753603,6.322,2546.902,0.200379,0.011344,0.022688,7168,0,112503,0,0,0,0,2,1,5,6001220,5,24004880,0,0,lineitem,0,28.307128906250000000,23.198974609375000000,,
2026-07-29T10:58:00Z,F8D304B8F717C7AC,14.23,queries/Core/07_grouping_distinct/grouping_sets.sql,2,3,2.728192,7.475,2522.755,0.197962,0.006259,0.026413,7168,0,112503,0,0,0,0,2,1,5,6001220,5,24004880,0,0,lineitem,0,28.053100585937500000,23.002685546875000000,,
2026-07-29T10:58:06Z,F8D304B8F717C7AC,14.23,queries/Core/07_grouping_distinct/grouping_sets.sql,3,3,2.773492,7.879,2564.761,0.200852,0.010674,0.022350,7168,0,112503,0,0,0,0,2,1,5,6001220,5,24004880,0,0,lineitem,0,28.386230468750000000,23.244995117187500000,,
2026-07-29T10:58:11Z,F8D304B8F717C7AC,14.23,queries/Core/07_grouping_distinct/having.sql,1,3,2.630807,7.071,2412.395,0.211341,0.007544,0.026504,7168,14,112503,0,0,21630,40161,5,1,90589,7891732,66435,45966352,109411,2,lineitem,0,41.181884765625000000,36.491760253906250000,,
2026-07-29T10:58:17Z,F8D304B8F717C7AC,14.23,queries/Core/07_grouping_distinct/having.sql,2,3,2.638429,6.865,2426.811,0.204753,0.011917,0.021872,7168,14,112503,0,0,21633,40152,5,1,90589,7891731,66435,45966340,109411,2,lineitem,0,41.629089355468750000,36.905883789062500000,,
2026-07-29T10:58:23Z,F8D304B8F717C7AC,14.23,queries/Core/07_grouping_distinct/having.sql,3,3,2.690019,6.912,2472.012,0.211095,0.007995,0.026060,7168,14,112503,0,0,21633,40166,5,1,90589,7891688,66435,45965824,109411,2,lineitem,0,41.193969726562500000,36.412536621093750000,,
2026-07-29T10:58:29Z,F8D304B8F717C7AC,14.23,queries/Core/07_grouping_distinct/rollup.sql,1,3,2.833193,6.498,2627.236,0.199459,0.007864,0.025606,7168,0,112503,0,0,0,0,2,1,8,6001223,10,24004892,0,0,lineitem,0,29.454101562500000000,24.209106445312500000,,
2026-07-29T10:58:34Z,F8D304B8F717C7AC,14.23,queries/Core/07_grouping_distinct/rollup.sql,2,3,2.827398,7.104,2632.771,0.187523,0.009408,0.025446,7168,0,112503,0,0,0,0,2,1,8,6001223,10,24004892,0,0,lineitem,0,29.457946777343750000,24.200500488281250000,,
2026-07-29T10:58:40Z,F8D304B8F717C7AC,14.23,queries/Core/07_grouping_distinct/rollup.sql,3,3,2.803452,7.360,2610.225,0.185867,0.009015,0.023582,7168,0,112503,0,0,0,0,2,1,8,6001223,10,24004892,0,0,lineitem,0,29.323974609375000000,24.123901367187500000,,
2026-07-29T10:58:45Z,F8D304B8F717C7AC,14.23,queries/Core/08_sorting/limit_with_ties.sql,1,3,2.059550,6.544,1849.250,0.203756,0.009703,0.024043,7168,114,112503,0,0,7100,17185,4,1,124,6004083,100,24016332,0,2,lineitem,0,30.290649414062500000,26.122741699218750000,,
2026-07-29T10:58:50Z,F8D304B8F717C7AC,14.23,queries/Core/08_sorting/limit_with_ties.sql,2,3,2.090115,6.523,1876.953,0.206639,0.011100,0.024508,7168,114,112503,0,0,7005,17090,4,1,124,6005613,100,24022452,0,2,lineitem,0,30.449523925781250000,26.373840332031250000,,
2026-07-29T10:58:55Z,F8D304B8F717C7AC,14.23,queries/Core/08_sorting/limit_with_ties.sql,3,3,2.095116,5.911,1894.802,0.194403,0.006367,0.017325,7168,114,112503,0,0,7100,17185,4,1,124,6004074,100,24016296,0,2,lineitem,0,30.553649902343750000,26.469421386718750000,,
2026-07-29T10:59:03Z,F8D304B8F717C7AC,14.23,queries/Core/08_sorting/sort_2_keys.sql,1,3,5.061474,6.055,4798.104,0.257315,0.008590,0.026732,7168,3,112503,0,0,33159,33267,2,1,6001215,12002430,6001215,96019440,0,0,lineitem,0,51.800903320312500000,44.164245605468750000,,
2026-07-29T10:59:11Z,F8D304B8F717C7AC,14.23,queries/Core/08_sorting/sort_2_keys.sql,2,3,4.957595,5.729,4719.239,0.232627,0.009440,0.022711,7168,3,112503,0,0,33159,33267,2,1,6001215,12002430,6001215,96019440,0,0,lineitem,0,51.474792480468750000,44.007019042968750000,,
2026-07-29T10:59:19Z,F8D304B8F717C7AC,14.23,queries/Core/08_sorting/sort_2_keys.sql,3,3,5.010676,6.511,4791.967,0.212198,0.011062,0.021754,7168,3,112503,0,0,33159,33267,2,1,6001215,12002430,6001215,96019440,0,0,lineitem,0,53.215942382812500000,45.640380859375000000,,
2026-07-29T10:59:26Z,F8D304B8F717C7AC,14.23,queries/Core/08_sorting/sort_date.sql,1,3,3.857474,5.617,3595.317,0.256540,0.009788,0.023899,7168,3,112503,0,0,25795,25903,2,1,6001215,12002430,6001215,48009720,0,0,lineitem,0,38.601928710937500000,32.279907226562500000,,
2026-07-29T10:59:33Z,F8D304B8F717C7AC,14.23,queries/Core/08_sorting/sort_date.sql,2,3,3.731535,7.199,3537.040,0.187296,0.010244,0.014261,7168,3,112503,0,0,25795,25903,2,1,6001215,12002430,6001215,48009720,0,0,lineitem,0,38.095520019531250000,31.925476074218750000,,
2026-07-29T10:59:40Z,F8D304B8F717C7AC,14.23,queries/Core/08_sorting/sort_date.sql,3,3,3.727460,6.509,3462.681,0.258270,0.009923,0.025983,7168,3,112503,0,0,25795,25903,2,1,6001215,12002430,6001215,48009720,0,0,lineitem,0,37.970214843750000000,31.866943359375000000,,
2026-07-29T10:59:47Z,F8D304B8F717C7AC,14.23,queries/Core/08_sorting/sort_desc.sql,1,3,4.238667,7.056,3975.252,0.256359,0.019263,0.015504,7168,3,112503,0,0,25795,25903,2,1,6001215,12002430,6001215,48009720,0,0,lineitem,0,43.050964355468750000,36.171875000000000000,,
2026-07-29T10:59:54Z,F8D304B8F717C7AC,14.23,queries/Core/08_sorting/sort_desc.sql,2,3,4.256469,6.848,3993.530,0.256091,0.014456,0.019950,7168,3,112503,0,0,25795,25903,2,1,6001215,12002430,6001215,48009720,0,0,lineitem,0,42.712036132812500000,35.895629882812500000,,
2026-07-29T11:00:02Z,F8D304B8F717C7AC,14.23,queries/Core/08_sorting/sort_desc.sql,3,3,4.348871,6.718,4085.833,0.256320,0.011211,0.023287,7168,3,112503,0,0,25795,25903,2,1,6001215,12002430,6001215,48009720,0,0,lineitem,0,42.784118652343750000,35.816833496093750000,,
2026-07-29T11:00:09Z,F8D304B8F717C7AC,14.23,queries/Core/08_sorting/sort_int.sql,1,3,4.180700,3.913,3924.583,0.252204,0.010132,0.026166,7168,3,112503,0,0,25795,25903,2,1,6001215,12002430,6001215,48009720,0,0,lineitem,0,41.999694824218750000,35.368225097656250000,,
2026-07-29T11:00:16Z,F8D304B8F717C7AC,14.23,queries/Core/08_sorting/sort_int.sql,2,3,4.250665,6.730,4008.736,0.235199,0.012621,0.018029,7168,3,112503,0,0,25795,25903,2,1,6001215,12002430,6001215,48009720,0,0,lineitem,0,42.750671386718750000,36.022888183593750000,,
2026-07-29T11:00:23Z,F8D304B8F717C7AC,14.23,queries/Core/08_sorting/sort_int.sql,3,3,4.162071,6.584,3955.548,0.199939,0.007662,0.023714,7168,3,112503,0,0,25795,25903,2,1,6001215,12002430,6001215,48009720,0,0,lineitem,0,42.148986816406250000,35.461486816406250000,,
2026-07-29T11:00:30Z,F8D304B8F717C7AC,14.23,queries/Core/08_sorting/sort_int_presorted.sql,1,3,3.452065,6.102,3293.734,0.152229,0.001729,0.008849,7168,3,112503,0,0,25795,25903,2,1,6001215,12002430,6001215,48009720,0,0,lineitem,0,33.833984375000000000,28.175964355468750000,,
2026-07-29T11:00:36Z,F8D304B8F717C7AC,14.23,queries/Core/08_sorting/sort_int_presorted.sql,2,3,3.445604,7.645,3179.979,0.257980,0.012921,0.022934,7168,3,112503,0,0,25795,25903,2,1,6001215,12002430,6001215,48009720,0,0,lineitem,0,33.725830078125000000,27.948242187500000000,,
2026-07-29T11:00:43Z,F8D304B8F717C7AC,14.23,queries/Core/08_sorting/sort_int_presorted.sql,3,3,3.382676,7.023,3184.349,0.191304,0.013158,0.016693,7168,3,112503,0,0,25795,25903,2,1,6001215,12002430,6001215,48009720,0,0,lineitem,0,33.975585937500000000,28.309448242187500000,,
2026-07-29T11:00:55Z,F8D304B8F717C7AC,14.23,queries/Core/08_sorting/sort_numeric.sql,1,3,8.901904,7.953,8676.839,0.217112,0.006810,0.018363,7168,3,112503,0,0,34362,34470,2,1,6001215,12002430,6001215,96019440,0,0,lineitem,0,92.195617675781250000,80.811523437500000000,,
2026-07-29T11:01:06Z,F8D304B8F717C7AC,14.23,queries/Core/08_sorting/sort_numeric.sql,2,3,8.888496,7.815,8759.282,0.121399,0.003699,0.013302,7168,3,112503,0,0,34362,34470,2,1,6001215,12002430,6001215,96019440,0,0,lineitem,0,92.737792968750000000,81.166870117187500000,,
2026-07-29T11:01:18Z,F8D304B8F717C7AC,14.23,queries/Core/08_sorting/sort_numeric.sql,3,3,8.791770,7.925,8600.583,0.183262,0.008879,0.012586,7168,3,112503,0,0,34362,34470,2,1,6001215,12002430,6001215,96019440,0,0,lineitem,0,91.781250000000000000,80.388671875000000000,,
2026-07-29T11:01:39Z,F8D304B8F717C7AC,14.23,queries/Core/08_sorting/sort_text.sql,1,3,17.784544,5.655,17576.679,0.202210,0.008510,0.023090,7168,116,112503,0,0,52534,52679,3,1,6001215,18003645,5001012,486098415,0,2,lineitem,0,393.673706054687500000,373.882812500000000000,,
2026-07-29T11:02:00Z,F8D304B8F717C7AC,14.23,queries/Core/08_sorting/sort_text.sql,2,3,17.836730,7.012,17657.495,0.172223,0.011690,0.018869,7168,116,112503,0,0,52535,52681,3,1,6001215,18003645,5001012,486098415,0,2,lineitem,0,404.786621093750000000,384.597229003906250000,,
2026-07-29T11:02:20Z,F8D304B8F717C7AC,14.23,queries/Core/08_sorting/sort_text.sql,3,3,17.889237,6.251,17727.495,0.155491,0.007974,0.023834,7168,116,112503,0,0,52537,52681,3,1,6001215,18003645,5001012,486098415,0,2,lineitem,0,404.646057128906250000,384.420410156250000000,,
2026-07-29T11:02:28Z,F8D304B8F717C7AC,14.23,queries/Core/08_sorting/sort_text_collate_c.sql,1,3,4.274065,6.111,4058.359,0.209595,0.013032,0.018484,7168,116,112503,0,0,99453,99662,3,1,6001215,18003645,5001012,2394484785,0,2,lineitem,0,87.067382812500000000,79.509643554687500000,,
2026-07-29T11:02:35Z,F8D304B8F717C7AC,14.23,queries/Core/08_sorting/sort_text_collate_c.sql,2,3,4.201305,6.718,3984.587,0.210000,0.016087,0.016087,7168,116,112503,0,0,99446,99654,3,1,6001215,18003645,5001012,2394484785,0,2,lineitem,0,86.261657714843750000,78.602966308593750000,,
2026-07-29T11:02:42Z,F8D304B8F717C7AC,14.23,queries/Core/08_sorting/sort_text_collate_c.sql,3,3,4.263291,6.534,4047.356,0.209401,0.009063,0.022849,7168,116,112503,0,0,99448,99656,3,1,6001215,18003645,5001012,2394484785,0,2,lineitem,0,85.892333984375000000,78.222351074218750000,,
2026-07-29T11:02:47Z,F8D304B8F717C7AC,14.23,queries/Core/08_sorting/sort_topn_100.sql,1,3,1.521802,6.856,1386.235,0.128711,0.009259,0.009814,7168,114,112503,0,0,0,0,4,1,100,6001646,100,24006584,0,2,lineitem,0,18.072937011718750000,15.165283203125000000,,
2026-07-29T11:02:52Z,F8D304B8F717C7AC,14.23,queries/Core/08_sorting/sort_topn_100.sql,2,3,1.601433,6.816,1388.130,0.206487,0.011311,0.024587,7168,114,112503,0,0,0,0,4,1,100,6001658,100,24006632,0,2,lineitem,0,17.801940917968750000,14.778442382812500000,,
2026-07-29T11:02:56Z,F8D304B8F717C7AC,14.23,queries/Core/08_sorting/sort_topn_100.sql,3,3,1.604547,6.161,1390.305,0.208081,0.008655,0.026637,7168,114,112503,0,0,0,0,4,1,100,6001649,100,24006596,0,2,lineitem,0,17.808227539062500000,14.778259277343750000,,
2026-07-29T11:03:01Z,F8D304B8F717C7AC,14.23,queries/Core/09_set_operations/except.sql,1,3,2.085059,6.674,1833.901,0.244484,0.008858,0.025709,7168,32,52158,0,0,0,0,6,4,0,9000000,84714,60000000,0,0,"*SELECT*;orders,0,10.347656250000000000,7.121765136718750000,,
2026-07-29T11:03:06Z,F8D304B8F717C7AC,14.23,queries/Core/09_set_operations/except.sql,2,3,2.060809,4.942,1797.462,0.258405,0.014113,0.020726,7168,32,52158,0,0,0,0,6,4,0,9000000,84714,60000000,0,0,"*SELECT*;orders,0,10.527709960937500000,7.361328125000000000,,
2026-07-29T11:03:11Z,F8D304B8F717C7AC,14.23,queries/Core/09_set_operations/except.sql,3,3,2.072148,8.870,1804.367,0.258911,0.017976,0.017207,7168,32,52158,0,0,0,0,6,4,0,9000000,84714,60000000,0,0,"*SELECT*;orders,0,10.714416503906250000,7.513488769531250000,,
2026-07-29T11:03:16Z,F8D304B8F717C7AC,14.23,queries/Core/09_set_operations/except_all.sql,1,3,1.966790,5.793,1799.104,0.161893,0.006956,0.010941,7168,32,52158,0,0,0,0,6,4,0,9000000,1500101,60000000,0,0,"*SELECT*;orders,0,10.572265625000000000,7.483642578125000000,,
2026-07-29T11:03:21Z,F8D304B8F717C7AC,14.23,queries/Core/09_set_operations/except_all.sql,2,3,2.070346,6.607,1808.092,0.255647,0.016012,0.017706,7168,32,52158,0,0,0,0,6,4,0,9000000,1500101,60000000,0,0,"*SELECT*;orders,0,10.564147949218750000,7.371032714843750000,,
2026-07-29T11:03:26Z,F8D304B8F717C7AC,14.23,queries/Core/09_set_operations/except_all.sql,3,3,2.060525,6.748,1795.754,0.258023,0.013090,0.021184,7168,32,52158,0,0,0,0,6,4,0,9000000,1500101,60000000,0,0,"*SELECT*;orders,0,10.500549316406250000,7.320617675781250000,,
2026-07-29T11:03:31Z,F8D304B8F717C7AC,14.23,queries/Core/09_set_operations/intersect.sql,1,3,2.062455,5.885,1799.571,0.256999,0.012808,0.021412,7168,32,52158,0,0,0,0,6,4,99996,9099996,84714,60799968,0,0,"*SELECT*;orders,0,10.587707519531250000,7.416442871093750000,,
2026-07-29T11:03:36Z,F8D304B8F717C7AC,14.23,queries/Core/09_set_operations/intersect.sql,2,3,2.047982,6.107,1808.440,0.233435,0.011067,0.023867,7168,32,52158,0,0,0,0,6,4,99996,9099996,84714,60799968,0,0,"*SELECT*;orders,0,10.704223632812500000,7.538024902343750000,,
2026-07-29T11:03:41Z,F8D304B8F717C7AC,14.23,queries/Core/09_set_operations/intersect.sql,3,3,2.053113,6.859,1783.218,0.263036,0.008653,0.026853,7168,32,52158,0,0,0,0,6,4,99996,9099996,84714,60799968,0,0,"*SELECT*;orders,0,10.804321289062500000,7.645751953125000000,,
2026-07-29T11:03:46Z,F8D304B8F717C7AC,14.23,queries/Core/09_set_operations/intersect_all.sql,1,3,2.072690,5.263,1858.995,0.208432,0.013586,0.020671,7168,32,52158,0,0,0,0,6,4,1500000,10500000,1500101,72000000,0,0,"*SELECT*;orders,0,10.999328613281250000,7.800537109375000000,,
2026-07-29T11:03:51Z,F8D304B8F717C7AC,14.23,queries/Core/09_set_operations/intersect_all.sql,2,3,2.060159,6.294,1821.947,0.231918,0.012565,0.021916,7168,32,52158,0,0,0,0,6,4,1500000,10500000,1500101,72000000,0,0,"*SELECT*;orders,0,11.179077148437500000,8.020446777343750000,,
2026-07-29T11:03:56Z,F8D304B8F717C7AC,14.23,queries/Core/09_set_operations/intersect_all.sql,3,3,2.076673,6.190,1838.709,0.231774,0.011109,0.022085,7168,32,52158,0,0,0,0,6,4,1500000,10500000,1500101,72000000,0,0,"*SELECT*;orders,0,11.086242675781250000,7.901306152343750000,,
2026-07-29T11:04:02Z,F8D304B8F717C7AC,14.23,queries/Core/09_set_operations/union.sql,1,3,2.386728,6.998,2119.764,0.259966,0.013163,0.021903,7168,35,52158,0,0,10196,10249,5,2,99996,9099996,3000202,36399984,0,0,orders,0,21.084533691406250000,17.603942871093750000,,
2026-07-29T11:04:07Z,F8D304B8F717C7AC,14.23,queries/Core/09_set_operations/union.sql,2,3,2.337610,5.670,2130.984,0.200956,0.010935,0.018659,7168,35,52158,0,0,10196,10249,5,2,99996,9099996,3000202,36399984,0,0,orders,0,21.123901367187500000,17.747314453125000000,,
2026-07-29T11:04:12Z,F8D304B8F717C7AC,14.23,queries/Core/09_set_operations/union.sql,3,3,2.353698,7.055,2152.634,0.194009,0.007060,0.012755,7168,35,52158,0,0,10196,10249,5,2,99996,9099996,3000202,36399984,0,0,orders,0,20.987915039062500000,17.615417480468750000,,
2026-07-29T11:04:16Z,F8D304B8F717C7AC,14.23,queries/Core/09_set_operations/union_all.sql,1,3,0.852057,5.880,610.112,0.236065,0.007559,0.014542,7296,32,52158,0,0,0,0,3,2,3000000,6000000,3000202,24000000,0,0,orders,0,6.322631835937500000,4.943725585937500000,,
2026-07-29T11:04:20Z,F8D304B8F717C7AC,14.23,queries/Core/09_set_operations/union_all.sql,2,3,0.863126,6.619,608.539,0.247968,0.016199,0.018889,7168,32,52158,0,0,0,0,3,2,3000000,6000000,3000202,24000000,0,0,orders,0,6.246826171875000000,4.837829589843750000,,
2026-07-29T11:04:23Z,F8D304B8F717C7AC,14.23,queries/Core/09_set_operations/union_all.sql,3,3,0.864088,6.856,619.771,0.237461,0.014650,0.021389,7168,32,52158,0,0,0,0,3,2,3000000,6000000,3000202,24000000,0,0,orders,0,6.320251464843750000,4.906311035156250000,,
2026-07-29T11:04:27Z,F8D304B8F717C7AC,14.23,queries/Core/10_subqueries_ctes/cte_inline.sql,1,3,0.641947,6.490,415.224,0.220233,0.015406,0.019677,7168,0,26095,0,0,0,0,1,1,1500000,1500000,1500101,6000000,0,0,orders,0,3.985656738281250000,2.800415039062500000,,
2026-07-29T11:04:31Z,F8D304B8F717C7AC,14.23,queries/Core/10_subqueries_ctes/cte_inline.sql,2,3,0.644056,6.559,420.674,0.216823,0.006932,0.012771,7168,0,26095,0,0,0,0,1,1,1500000,1500000,1500101,6000000,0,0,orders,0,3.804565429687500000,2.638793945312500000,,
2026-07-29T11:04:34Z,F8D304B8F717C7AC,14.23,queries/Core/10_subqueries_ctes/cte_inline.sql,3,3,0.685850,5.256,430.610,0.249984,0.016025,0.021291,7168,0,26095,0,0,0,0,1,1,1500000,1500000,1500101,6000000,0,0,orders,0,3.886169433593750000,2.655212402343750000,,
2026-07-29T11:04:38Z,F8D304B8F717C7AC,14.23,queries/Core/10_subqueries_ctes/cte_materialized.sql,1,3,0.745771,5.992,523.627,0.216152,0.008411,0.028206,7168,0,26095,0,0,0,2563,2,2,1500000,3000000,1500101,12000000,0,0,w;orders,0,5.990661621093750000,4.630004882812500000,,
2026-07-29T11:04:41Z,F8D304B8F717C7AC,14.23,queries/Core/10_subqueries_ctes/cte_materialized.sql,2,3,0.776846,6.046,518.923,0.251877,0.015801,0.020151,7168,0,26095,0,0,0,2563,2,2,1500000,3000000,1500101,12000000,0,0,w;orders,0,5.990905761718750000,4.601867675781250000,,
2026-07-29T11:04:45Z,F8D304B8F717C7AC,14.23,queries/Core/10_subqueries_ctes/cte_materialized.sql,3,3,0.777601,5.553,525.631,0.246417,0.017667,0.018411,7168,0,26095,0,0,0,2563,2,2,1500000,3000000,1500101,12000000,0,0,w;orders,0,5.867370605468750000,4.475402832031250000,,
2026-07-29T11:04:48Z,F8D304B8F717C7AC,14.23,queries/Core/10_subqueries_ctes/cte_recursive.sql,1,3,0.705216,1.865,440.264,0.263087,0.016217,0.020161,7040,0,0,0,0,0,1708,4,2,1000000,3000001,31,12000004,0,0,t,0,5.979736328125000000,5.161560058593750000,,
2026-07-29T11:04:52Z,F8D304B8F717C7AC,14.23,queries/Core/10_subqueries_ctes/cte_recursive.sql,2,3,0.698306,1.898,435.336,0.261072,0.012032,0.023068,7168,0,0,0,0,0,1708,4,2,1000000,3000001,31,12000004,0,0,t,0,5.868530273437500000,5.076171875000000000,,
2026-07-29T11:04:56Z,F8D304B8F717C7AC,14.23,queries/Core/10_subqueries_ctes/cte_recursive.sql,3,3,0.642794,2.022,438.771,0.202001,0.007891,0.024396,7040,0,0,0,0,0,1708,4,2,1000000,3000001,31,12000004,0,0,t,0,5.728515625000000000,5.042175292968750000,,
2026-07-29T11:04:59Z,F8D304B8F717C7AC,14.23,queries/Core/10_subqueries_ctes/from_subquery.sql,1,3,0.676890,6.259,424.257,0.246374,0.014137,0.021734,7168,0,26095,0,0,0,0,1,1,1500000,1500000,1500101,6000000,0,0,orders,0,3.783996582031250000,2.607055664062500000,,
2026-07-29T11:05:03Z,F8D304B8F717C7AC,14.23,queries/Core/10_subqueries_ctes/from_subquery.sql,2,3,0.674642,6.413,428.144,0.240085,0.012863,0.019680,7168,0,26095,0,0,0,0,1,1,1500000,1500000,1500101,6000000,0,0,orders,0,3.795104980468750000,2.624877929687500000,,
2026-07-29T11:05:06Z,F8D304B8F717C7AC,14.23,queries/Core/10_subqueries_ctes/from_subquery.sql,3,3,0.589199,5.288,433.862,0.150049,0.007296,0.010595,7168,0,26095,0,0,0,0,1,1,1500000,1500000,1500101,6000000,0,0,orders,0,3.811767578125000000,2.774719238281250000,,
2026-07-29T11:05:10Z,F8D304B8F717C7AC,14.23,queries/Core/10_subqueries_ctes/function_scan.sql,1,3,0.862030,1.549,650.020,0.210461,0.010012,0.025534,7168,0,0,0,0,8545,8545,1,1,5000000,5000000,5000000,20000000,0,0,generate_series,0,8.431701660156250000,7.369506835937500000,,
2026-07-29T11:05:14Z,F8D304B8F717C7AC,14.23,queries/Core/10_subqueries_ctes/function_scan.sql,2,3,0.914570,1.304,652.647,0.260619,0.012148,0.024497,7168,0,0,0,0,8545,8545,1,1,5000000,5000000,5000000,20000000,0,0,generate_series,0,8.402709960937500000,7.380371093750000000,,
2026-07-29T11:05:17Z,F8D304B8F717C7AC,14.23,queries/Core/10_subqueries_ctes/function_scan.sql,3,3,0.857093,1.306,648.797,0.206990,0.014212,0.021100,7168,0,0,0,0,8545,8545,1,1,5000000,5000000,5000000,20000000,0,0,generate_series,0,8.349609375000000000,7.430664062500000000,,
2026-07-29T11:05:26Z,F8D304B8F717C7AC,14.23,queries/Core/10_subqueries_ctes/lateral_limit.sql,1,3,5.337066,9.154,5165.423,0.162489,0.006405,0.010301,7168,895440,55881,0,0,0,0,4,2,497842,1547842,750000,6191368,0,0,customer;orders,0,18.670959472656250000,8.875915527343750000,,
2026-07-29T11:05:34Z,F8D304B8F717C7AC,14.23,queries/Core/10_subqueries_ctes/lateral_limit.sql,2,3,5.321169,9.996,5139.302,0.171871,0.005178,0.012190,7168,895440,55881,0,0,0,0,4,2,497842,1547842,750000,6191368,0,0,customer;orders,0,18.550903320312500000,8.784301757812500000,,
2026-07-29T11:05:42Z,F8D304B8F717C7AC,14.23,queries/Core/10_subqueries_ctes/lateral_limit.sql,3,3,5.388392,10.035,5169.800,0.208557,0.011599,0.024736,7168,895440,55881,0,0,0,0,4,2,497842,1547842,750000,6191368,0,0,customer;orders,0,18.855712890625000000,8.993530273437500000,,
2026-07-29T11:05:46Z,F8D304B8F717C7AC,14.23,queries/Core/10_subqueries_ctes/scalar_correlated.sql,1,3,0.963855,7.912,764.386,0.191557,0.011371,0.024710,7168,149999,3586,0,0,0,0,2,2,150000,300000,150000,19500000,24,0,customer;nation,0,6.129943847656250000,4.418212890625000000,,
2026-07-29T11:05:49Z,F8D304B8F717C7AC,14.23,queries/Core/10_subqueries_ctes/scalar_correlated.sql,2,3,0.956130,7.572,769.768,0.178790,0.008055,0.009801,7168,149999,3586,0,0,0,0,2,2,150000,300000,150000,19500000,24,0,customer;nation,0,6.103637695312500000,4.393493652343750000,,
2026-07-29T11:05:53Z,F8D304B8F717C7AC,14.23,queries/Core/10_subqueries_ctes/scalar_correlated.sql,3,3,0.903092,7.343,797.474,0.098275,0.004372,0.008622,7168,149999,3586,0,0,0,0,2,2,150000,300000,150000,19500000,24,0,customer;nation,0,6.164611816406250000,4.530639648437500000,,
2026-07-29T11:05:57Z,F8D304B8F717C7AC,14.23,queries/Core/10_subqueries_ctes/scalar_correlated_indexed.sql,1,3,1.042792,8.788,829.382,0.204622,0.009957,0.025086,7168,448459,5127,0,0,0,0,3,2,150000,1800000,150000,2400000,0,0,customer;orders,0,6.921936035156250000,5.054016113281250000,,
2026-07-29T11:06:01Z,F8D304B8F717C7AC,14.23,queries/Core/10_subqueries_ctes/scalar_correlated_indexed.sql,2,3,0.999591,9.675,841.809,0.148107,0.012588,0.015202,7168,448459,5127,0,0,0,0,3,2,150000,1800000,150000,2400000,0,0,customer;orders,0,6.899597167968750000,5.098449707031250000,,
2026-07-29T11:06:05Z,F8D304B8F717C7AC,14.23,queries/Core/10_subqueries_ctes/scalar_correlated_indexed.sql,3,3,1.026368,9.483,806.884,0.210001,0.018264,0.016623,7168,448459,5127,0,0,0,0,3,2,150000,1800000,150000,2400000,0,0,customer;orders,0,6.971069335937500000,5.125244140625000000,,
2026-07-29T11:06:08Z,F8D304B8F717C7AC,14.23,queries/Core/10_subqueries_ctes/scalar_uncorrelated.sql,1,3,0.709656,9.745,448.022,0.251889,0.013867,0.022136,7168,0,26317,0,0,0,0,3,2,1500000,1510001,1500101,48060032,0,0,orders;supplier,0,3.847106933593750000,2.572326660156250000,,
2026-07-29T11:06:12Z,F8D304B8F717C7AC,14.23,queries/Core/10_subqueries_ctes/scalar_uncorrelated.sql,2,3,0.727388,9.778,467.568,0.250042,0.013981,0.019565,7168,0,26317,0,0,0,0,3,2,1500000,1510001,1500101,48060032,0,0,orders;supplier,0,3.893127441406250000,2.570129394531250000,,
2026-07-29T11:06:15Z,F8D304B8F717C7AC,14.23,queries/Core/10_subqueries_ctes/scalar_uncorrelated.sql,3,3,0.431415,5.657,336.756,0.089002,0.003863,0.008126,7168,0,26317,0,0,0,0,3,2,1500000,1510001,1500101,48060032,0,0,orders;supplier,0,12.147155761718750000,11.158020019531250000,,
2026-07-29T11:06:17Z,F8D304B8F717C7AC,14.23,queries/Core/10_subqueries_ctes/values_scan.sql,1,3,0.177232,1.043,0.538,0.175651,0.013265,0.019462,7168,3,0,0,0,0,0,1,1,10,10,10,40,0,0,"*VALUES*",0,1.234863281250000000,0.888122558593750000,,
2026-07-29T11:06:20Z,F8D304B8F717C7AC,14.23,queries/Core/10_subqueries_ctes/values_scan.sql,2,3,0.119469,1.474,0.691,0.117304,0.009601,0.006352,7168,3,0,0,0,0,0,1,1,10,10,10,40,0,0,"*VALUES*",0,0.663085937500000000,0.493896484375000000,,
2026-07-29T11:06:23Z,F8D304B8F717C7AC,14.23,queries/Core/10_subqueries_ctes/values_scan.sql,3,3,0.141271,1.630,0.722,0.138919,0.011836,0.023783,7168,3,0,0,0,0,0,1,1,10,10,10,40,0,0,"*VALUES*",0,0.587951660156250000,0.388366699218750000,,
2026-07-29T11:06:30Z,F8D304B8F717C7AC,14.23,queries/Core/12_memory_workmem/hashagg_nospill.sql,1,3,3.435791,6.913,3250.345,0.178533,0.010481,0.023262,7168,0,112503,0,0,0,0,2,1,200000,6201215,199305,24804860,0,0,lineitem,0,18.731872558593750000,12.293151855468750000,,
2026-07-29T11:06:36Z,F8D304B8F717C7AC,14.23,queries/Core/12_memory_workmem/hashagg_nospill.sql,2,3,3.494352,7.223,3309.366,0.177763,0.006877,0.026381,7168,0,112503,0,0,0,0,2,1,200000,6201215,199305,24804860,0,0,lineitem,0,18.957397460937500000,12.391906738281250000,,
2026-07-29T11:06:42Z,F8D304B8F717C7AC,14.23,queries/Core/12_memory_workmem/hashagg_nospill.sql,3,3,3.398458,6.965,3191.361,0.200132,0.013318,0.020292,7168,0,112503,0,0,0,0,2,1,200000,6201215,199305,24804860,0,0,lineitem,0,18.834167480468750000,12.469055175781250000,,
2026-07-29T11:06:48Z,F8D304B8F717C7AC,14.23,queries/Core/12_memory_workmem/hashagg_spill.sql,1,3,2.349161,5.805,2136.552,0.206804,0.009638,0.024117,7168,14,112503,0,0,18266,34124,5,1,200000,8001117,199305,32004468,0,2,lineitem,0,39.785644531250000000,35.025634765625000000,,
2026-07-29T11:06:53Z,F8D304B8F717C7AC,14.23,queries/Core/12_memory_workmem/hashagg_spill.sql,2,3,2.451623,7.074,2236.159,0.208390,0.010853,0.025376,7168,14,112503,0,0,19345,35185,5,1,200000,8001143,199305,32004572,0,2,lineitem,0,40.571777343750000000,35.717163085937500000,,
2026-07-29T11:06:58Z,F8D304B8F717C7AC,14.23,queries/Core/12_memory_workmem/hashagg_spill.sql,3,3,2.270670,6.609,2078.308,0.185753,0.004921,0.012486,7040,14,112503,0,0,18269,34108,5,1,200000,8001142,199305,32004568,0,2,lineitem,0,40.113647460937500000,35.458740234375000000,,
2026-07-29T11:07:02Z,F8D304B8F717C7AC,14.23,queries/Core/12_memory_workmem/hashjoin_manybatch.sql,1,3,0.627611,10.830,365.404,0.251377,0.013556,0.020852,7168,127,5122,0,0,4803,4884,7,2,1,3300007,1,7200056,0,2,orders;customer,0,5.880371093750000000,4.839538574218750000,,
2026-07-29T11:07:05Z,F8D304B8F717C7AC,14.23,queries/Core/12_memory_workmem/hashjoin_manybatch.sql,2,3,0.596540,10.404,335.226,0.250910,0.012538,0.022654,7168,127,5122,0,0,4802,4892,7,2,1,3300007,1,7200056,0,2,orders;customer,0,6.168395996093750000,5.190002441406250000,,
2026-07-29T11:07:09Z,F8D304B8F717C7AC,14.23,queries/Core/12_memory_workmem/hashjoin_manybatch.sql,3,3,0.613519,10.918,360.382,0.242219,0.001957,0.023395,7168,127,5122,0,0,4801,4884,7,2,1,3300007,1,7200056,0,2,orders;customer,0,5.892761230468750000,4.871887207031250000,,
2026-07-29T11:07:12Z,F8D304B8F717C7AC,14.23,queries/Core/12_memory_workmem/hashjoin_onebatch.sql,1,3,0.541190,11.325,277.051,0.252814,0.010799,0.024613,7168,126,5122,0,0,0,0,7,2,1,3300007,1,7200056,0,2,orders;customer,0,4.500610351562500000,3.552978515625000000,,
2026-07-29T11:07:15Z,F8D304B8F717C7AC,14.23,queries/Core/12_memory_workmem/hashjoin_onebatch.sql,2,3,0.484048,11.245,293.461,0.179342,0.007947,0.009723,7168,127,5122,0,0,0,0,7,2,1,3300007,1,7200056,0,2,orders;customer,0,4.308288574218750000,3.447814941406250000,,
2026-07-29T11:07:19Z,F8D304B8F717C7AC,14.23,queries/Core/12_memory_workmem/hashjoin_onebatch.sql,3,3,0.483917,9.887,298.612,0.175418,0.009702,0.011066,7168,127,5122,0,0,0,0,7,2,1,3300007,1,7200056,0,2,orders;customer,0,4.211975097656250000,3.373046875000000000,,
2026-07-29T11:07:25Z,F8D304B8F717C7AC,14.23,queries/Core/12_memory_workmem/sort_nospill.sql,1,3,3.864343,5.608,3598.203,0.260532,0.019414,0.016199,7168,3,112503,0,0,0,0,2,1,6001215,12002430,6001215,48009720,0,0,lineitem,0,29.937805175781250000,24.142089843750000000,,
2026-07-29T11:07:32Z,F8D304B8F717C7AC,14.23,queries/Core/12_memory_workmem/sort_nospill.sql,2,3,3.870723,6.513,3617.967,0.246243,0.012764,0.021057,7168,3,112503,0,0,0,0,2,1,6001215,12002430,6001215,48009720,0,0,lineitem,0,29.598815917968750000,23.823120117187500000,,
2026-07-29T11:07:39Z,F8D304B8F717C7AC,14.23,queries/Core/12_memory_workmem/sort_nospill.sql,3,3,3.858367,6.343,3586.646,0.265378,0.013223,0.019234,7168,3,112503,0,0,0,0,2,1,6001215,12002430,6001215,48009720,0,0,lineitem,0,29.528015136718750000,23.727111816406250000,,
2026-07-29T11:07:46Z,F8D304B8F717C7AC,14.23,queries/Core/12_memory_workmem/sort_spill.sql,1,3,4.142817,6.735,3928.471,0.207611,0.013665,0.019610,7168,3,112503,0,0,25795,25903,2,1,6001215,12002430,6001215,48009720,0,0,lineitem,0,42.726562500000000000,36.083007812500000000,,
2026-07-29T11:07:54Z,F8D304B8F717C7AC,14.23,queries/Core/12_memory_workmem/sort_spill.sql,2,3,4.161734,7.266,3963.971,0.190497,0.008642,0.013766,7168,3,112503,0,0,25795,25903,2,1,6001215,12002430,6001215,48009720,0,0,lineitem,0,42.762695312500000000,35.998657226562500000,,
2026-07-29T11:08:01Z,F8D304B8F717C7AC,14.23,queries/Core/12_memory_workmem/sort_spill.sql,3,3,4.214403,6.458,3952.115,0.255830,0.008475,0.025041,7168,3,112503,0,0,25795,25903,2,1,6001215,12002430,6001215,48009720,0,0,lineitem,0,43.348937988281250000,36.579284667968750000,,
2026-07-29T11:33:02Z,507D61AC411E2C63,18.4,queries/Core/00_baseline/no_table.sql,1,1,0.199321,1.312,0.346,0.197663,0.014232,0.020735,7168,3,0,0,0,0,0,1,0,1,1,1,4,0,0,,0,0.697448730468750000,0.395324707031250000,,
2026-07-29T11:41:43Z,314830FE78B8C328,16.14,queries/Core/00_baseline/no_table.sql,1,3,0.188090,2.119,0.753,0.185218,0.008419,0.010978,7040,3,0,0,0,0,0,1,0,1,1,1,4,0,0,,0,0.692810058593750000,0.413208007812500000,,
2026-07-29T11:41:46Z,314830FE78B8C328,16.14,queries/Core/00_baseline/no_table.sql,2,3,0.167457,2.097,0.919,0.164441,0.008067,0.017286,7168,3,0,0,0,0,0,1,0,1,1,1,4,0,0,,0,0.736511230468750000,0.467407226562500000,,
2026-07-29T11:41:49Z,314830FE78B8C328,16.14,queries/Core/00_baseline/no_table.sql,3,3,0.205088,2.106,0.748,0.202234,0.012693,0.022864,7168,3,0,0,0,0,0,1,0,1,1,1,4,0,0,,0,0.704406738281250000,0.397521972656250000,,
2026-07-29T11:41:52Z,314830FE78B8C328,16.14,queries/Core/00_baseline/scan_customer.sql,1,3,0.394867,6.682,208.128,0.180057,0.002539,0.012814,7168,0,3600,0,0,0,0,1,1,150000,150000,150000,600000,0,0,customer,0,1.324645996093750000,0.670532226562500000,,
2026-07-29T11:41:55Z,314830FE78B8C328,16.14,queries/Core/00_baseline/scan_customer.sql,2,3,0.418147,6.370,211.960,0.199817,0.014284,0.018659,7168,0,3600,0,0,0,0,1,1,150000,150000,150000,600000,0,0,customer,0,1.421264648437500000,0.723937988281250000,,
2026-07-29T11:41:59Z,314830FE78B8C328,16.14,queries/Core/00_baseline/scan_customer.sql,3,3,0.337245,6.504,208.978,0.121763,0.004631,0.009528,7168,0,3600,0,0,0,0,1,1,150000,150000,150000,600000,0,0,customer,0,1.204711914062500000,0.634155273437500000,,
2026-07-29T11:42:03Z,314830FE78B8C328,16.14,queries/Core/00_baseline/scan_lineitem.sql,1,3,1.815015,6.359,1679.961,0.128695,0.005815,0.011103,7168,0,112561,0,0,0,0,1,1,6001215,6001215,6001325,24004860,0,0,lineitem,0,13.615051269531250000,10.270446777343750000,,
2026-07-29T11:42:08Z,314830FE78B8C328,16.14,queries/Core/00_baseline/scan_lineitem.sql,2,3,1.912070,6.231,1695.668,0.210171,0.010286,0.027232,7168,0,112561,0,0,0,0,1,1,6001215,6001215,6001325,24004860,0,0,lineitem,0,13.695495605468750000,10.189392089843750000,,
2026-07-29T11:42:13Z,314830FE78B8C328,16.14,queries/Core/00_baseline/scan_lineitem.sql,3,3,1.945137,5.893,1732.358,0.206886,0.015483,0.019692,7168,0,112561,0,0,0,0,1,1,6001215,6001215,6001325,24004860,0,0,lineitem,0,13.953796386718750000,10.389465332031250000,,
2026-07-29T11:42:16Z,314830FE78B8C328,16.14,queries/Core/00_baseline/scan_nation.sql,1,3,0.213137,5.157,1.387,0.206593,0.010230,0.025100,7168,0,1,0,0,0,0,1,1,25,25,170,100,0,0,nation,0,0.719421386718750000,0.400939941406250000,,
2026-07-29T11:42:19Z,314830FE78B8C328,16.14,queries/Core/00_baseline/scan_nation.sql,2,3,0.206794,4.284,1.308,0.201202,0.009648,0.024345,7168,0,1,0,0,0,0,1,1,25,25,170,100,0,0,nation,0,0.730773925781250000,0.418212890625000000,,
2026-07-29T11:42:22Z,314830FE78B8C328,16.14,queries/Core/00_baseline/scan_nation.sql,3,3,0.166226,5.128,1.604,0.159494,0.006486,0.012183,7168,0,1,0,0,0,0,1,1,25,25,170,100,0,0,nation,0,0.779479980468750000,0.506774902343750000,,
2026-07-29T11:42:26Z,314830FE78B8C328,16.14,queries/Core/00_baseline/scan_orders.sql,1,3,0.754602,5.570,542.424,0.206608,0.013689,0.021559,7168,0,26136,0,0,0,0,1,1,1500000,1500000,1500000,6000000,0,0,orders,0,3.672180175781250000,2.354248046875000000,,
2026-07-29T11:42:29Z,314830FE78B8C328,16.14,queries/Core/00_baseline/scan_orders.sql,2,3,0.761220,4.843,551.128,0.205249,0.014892,0.020646,7168,0,26136,0,0,0,0,1,1,1500000,1500000,1500000,6000000,0,0,orders,0,3.721374511718750000,2.390747070312500000,,
2026-07-29T11:42:33Z,314830FE78B8C328,16.14,queries/Core/00_baseline/scan_orders.sql,3,3,0.726197,5.513,561.953,0.158731,0.005252,0.012196,7168,0,26136,0,0,0,0,1,1,1500000,1500000,1500000,6000000,0,0,orders,0,3.833435058593750000,2.532104492187500000,,
2026-07-29T11:42:36Z,314830FE78B8C328,16.14,queries/Core/00_baseline/scan_part.sql,1,3,0.358998,4.542,102.279,0.252177,0.017322,0.018782,7168,0,4128,0,0,0,0,1,1,200000,200000,200000,800000,0,0,part,0,1.200805664062500000,0.614318847656250000,,
2026-07-29T11:42:39Z,314830FE78B8C328,16.14,queries/Core/00_baseline/scan_part.sql,2,3,0.354297,4.481,138.718,0.211098,0.009344,0.008440,7296,0,4128,0,0,0,0,1,1,200000,200000,200000,800000,0,0,part,0,1.390380859375000000,0.783874511718750000,,
2026-07-29T11:42:43Z,314830FE78B8C328,16.14,queries/Core/00_baseline/scan_part.sql,3,3,0.351270,4.609,97.414,0.249247,0.015438,0.020586,7168,0,4128,0,0,0,0,1,1,200000,200000,200000,800000,0,0,part,0,1.222106933593750000,0.638793945312500000,,
2026-07-29T11:42:46Z,314830FE78B8C328,16.14,queries/Core/00_baseline/scan_partsupp.sql,1,3,0.419037,4.274,306.542,0.108221,0.005577,0.012691,7168,0,17560,0,0,0,0,1,1,800000,800000,800000,3200000,0,0,partsupp,0,2.420410156250000000,1.685546875000000000,,
2026-07-29T11:42:49Z,314830FE78B8C328,16.14,queries/Core/00_baseline/scan_partsupp.sql,2,3,0.524598,5.157,312.634,0.206807,0.016108,0.018744,7168,0,17560,0,0,0,0,1,1,800000,800000,800000,3200000,0,0,partsupp,0,2.508422851562500000,1.607421875000000000,,
2026-07-29T11:42:53Z,314830FE78B8C328,16.14,queries/Core/00_baseline/scan_partsupp.sql,3,3,0.499342,4.859,296.092,0.198391,0.016507,0.016507,7168,0,17560,0,0,0,0,1,1,800000,800000,800000,3200000,0,0,partsupp,0,2.447631835937500000,1.585937500000000000,,
2026-07-29T11:42:56Z,314830FE78B8C328,16.14,queries/Core/00_baseline/scan_region.sql,1,3,0.215027,4.602,1.504,0.208921,0.012172,0.023050,7168,0,1,0,0,0,0,1,1,5,5,170,20,0,0,region,0,0.741821289062500000,0.418029785156250000,,
2026-07-29T11:42:59Z,314830FE78B8C328,16.14,queries/Core/00_baseline/scan_region.sql,2,3,0.215684,4.080,1.283,0.210321,0.014282,0.021481,7168,0,1,0,0,0,0,1,1,5,5,170,20,0,0,region,0,0.647827148437500000,0.314636230468750000,,
2026-07-29T11:43:02Z,314830FE78B8C328,16.14,queries/Core/00_baseline/scan_region.sql,3,3,0.177550,6.016,1.836,0.169698,0.007264,0.014027,7168,0,1,0,0,0,0,1,1,5,5,170,20,0,0,region,0,0.838989257812500000,0.534606933593750000,,
2026-07-29T11:43:05Z,314830FE78B8C328,16.14,queries/Core/00_baseline/scan_supplier.sql,1,3,0.214401,4.287,6.312,0.203802,0.010172,0.025112,7168,0,223,0,0,0,0,1,1,10000,10000,10000,40000,0,0,supplier,0,0.738708496093750000,0.411621093750000000,,
2026-07-29T11:43:08Z,314830FE78B8C328,16.14,queries/Core/00_baseline/scan_supplier.sql,2,3,0.222874,4.767,6.520,0.211587,0.011231,0.024454,7168,0,223,0,0,0,0,1,1,10000,10000,10000,40000,0,0,supplier,0,0.764160156250000000,0.427429199218750000,,
2026-07-29T11:43:12Z,314830FE78B8C328,16.14,queries/Core/00_baseline/scan_supplier.sql,3,3,0.190205,4.660,6.441,0.179104,0.005353,0.014878,7168,0,223,0,0,0,0,1,1,10000,10000,10000,40000,0,0,supplier,0,0.725219726562500000,0.426208496093750000,,
2026-07-29T11:43:15Z,314830FE78B8C328,16.14,queries/Core/01_scan_access/bitmap_scan.sql,1,3,0.771913,9.683,554.826,0.207404,0.015524,0.023084,6912,3,12214,0,0,0,0,2,2,600572,1201144,611924,2402288,0,0,lineitem;idx_lineitem_order,0,3.779602050781250000,2.420043945312500000,,
2026-07-29T11:43:19Z,314830FE78B8C328,16.14,queries/Core/01_scan_access/bitmap_scan.sql,2,3,0.743343,8.947,569.448,0.164948,0.007906,0.010204,7168,3,12214,0,0,0,0,2,2,600572,1201144,611924,2402288,0,0,lineitem;idx_lineitem_order,0,3.678588867187500000,2.365478515625000000,,
2026-07-29T11:43:22Z,314830FE78B8C328,16.14,queries/Core/01_scan_access/bitmap_scan.sql,3,3,0.793245,8.794,573.679,0.210772,0.015093,0.020822,7168,3,12214,0,0,0,0,2,2,600572,1201144,611924,2402288,0,0,lineitem;idx_lineitem_order,0,3.654052734375000000,2.272949218750000000,,
2026-07-29T11:43:26Z,314830FE78B8C328,16.14,queries/Core/01_scan_access/index_only_scan.sql,1,3,0.320005,9.259,98.375,0.212371,0.004922,0.011965,7168,4,947,0,0,0,0,1,1,600572,600572,611924,2402288,0,0,lineitem,0,1.345825195312500000,0.807128906250000000,,
2026-07-29T11:43:29Z,314830FE78B8C328,16.14,queries/Core/01_scan_access/index_only_scan.sql,2,3,0.357815,8.197,96.583,0.253035,0.011502,0.024730,7168,4,947,0,0,0,0,1,1,600572,600572,611924,2402288,0,0,lineitem,0,1.385864257812500000,0.798278808593750000,,
2026-07-29T11:43:32Z,314830FE78B8C328,16.14,queries/Core/01_scan_access/index_only_scan.sql,3,3,0.350429,9.327,91.935,0.249167,0.013573,0.022252,7168,4,947,0,0,0,0,1,1,600572,600572,611924,2402288,0,0,lineitem,0,1.373535156250000000,0.797790527343750000,,
2026-07-29T11:43:35Z,314830FE78B8C328,16.14,queries/Core/01_scan_access/index_point_lookup.sql,1,3,0.221516,7.575,2.980,0.210961,0.009882,0.025506,7168,0,4,0,0,0,0,1,1,5,5,16,20,0,0,lineitem,0,0.746154785156250000,0.413330078125000000,,
2026-07-29T11:43:38Z,314830FE78B8C328,16.14,queries/Core/01_scan_access/index_point_lookup.sql,2,3,0.150382,7.746,2.784,0.139852,0.002975,0.009994,7168,0,4,0,0,0,0,1,1,5,5,16,20,0,0,lineitem,0,0.778564453125000000,0.520202636718750000,,
2026-07-29T11:43:41Z,314830FE78B8C328,16.14,queries/Core/01_scan_access/index_point_lookup.sql,3,3,0.222189,8.163,2.894,0.211132,0.009257,0.026732,7168,0,4,0,0,0,0,1,1,5,5,16,20,0,0,lineitem,0,0.755493164062500000,0.408630371093750000,,
2026-07-29T11:43:45Z,314830FE78B8C328,16.14,queries/Core/01_scan_access/index_scan.sql,1,3,0.500222,9.088,237.196,0.253938,0.014142,0.021496,7168,3,12214,0,0,0,0,1,1,600572,600572,611924,2402288,0,0,lineitem,0,2.938964843750000000,2.079650878906250000,,
2026-07-29T11:43:48Z,314830FE78B8C328,16.14,queries/Core/01_scan_access/index_scan.sql,2,3,0.496512,9.342,234.632,0.252538,0.007766,0.028174,7168,3,12214,0,0,0,0,1,1,600572,600572,611924,2402288,0,0,lineitem,0,2.817199707031250000,1.970092773437500000,,
2026-07-29T11:43:52Z,314830FE78B8C328,16.14,queries/Core/01_scan_access/index_scan.sql,3,3,0.496117,9.427,235.758,0.250932,0.010333,0.026116,7168,3,12214,0,0,0,0,1,1,600572,600572,611924,2402288,0,0,lineitem,0,2.815185546875000000,1.950500488281250000,,
2026-07-29T11:43:56Z,314830FE78B8C328,16.14,queries/Core/01_scan_access/seq_scan.sql,1,3,1.847684,8.511,1683.699,0.155474,0.006980,0.009851,7168,0,112561,0,0,0,0,1,1,600572,600572,611924,2402288,5400643,0,lineitem,0,13.463989257812500000,10.031127929687500000,,
2026-07-29T11:44:01Z,314830FE78B8C328,16.14,queries/Core/01_scan_access/seq_scan.sql,2,3,1.870315,9.297,1657.217,0.203801,0.016730,0.019058,7168,0,112561,0,0,0,0,1,1,600572,600572,611924,2402288,5400643,0,lineitem,0,13.228698730468750000,9.784179687500000000,,
2026-07-29T11:44:06Z,314830FE78B8C328,16.14,queries/Core/01_scan_access/seq_scan.sql,3,3,1.923356,9.311,1704.208,0.209837,0.007768,0.028072,7168,0,112561,0,0,0,0,1,1,600572,600572,611924,2402288,5400643,0,lineitem,0,13.336608886718750000,9.803344726562500000,,
2026-07-29T11:44:11Z,314830FE78B8C328,16.14,queries/Core/01_scan_access/tablesample_bernoulli.sql,1,3,1.975580,6.644,1757.280,0.211656,0.012158,0.023329,7168,0,112561,0,0,0,0,1,1,59918,59918,60013,239672,0,0,lineitem,0,10.785583496093750000,7.127258300781250000,,
2026-07-29T11:44:16Z,314830FE78B8C328,16.14,queries/Core/01_scan_access/tablesample_bernoulli.sql,2,3,1.908663,6.512,1695.298,0.206853,0.013222,0.022062,7168,0,112561,0,0,0,0,1,1,60463,60463,60013,241852,0,0,lineitem,0,10.740051269531250000,7.191528320312500000,,
2026-07-29T11:44:21Z,314830FE78B8C328,16.14,queries/Core/01_scan_access/tablesample_bernoulli.sql,3,3,1.945459,5.406,1731.760,0.208293,0.010056,0.024683,7168,0,112561,0,0,0,0,1,1,59915,59915,60013,239660,0,0,lineitem,0,10.582885742187500000,6.975158691406250000,,
2026-07-29T11:44:24Z,314830FE78B8C328,16.14,queries/Core/01_scan_access/tablesample_system.sql,1,3,0.538661,5.978,292.102,0.240581,0.004129,0.020981,7168,0,1101,0,0,0,0,1,1,58672,58672,60013,234688,0,0,lineitem,0,1.528198242187500000,0.621582031250000000,,
2026-07-29T11:44:28Z,314830FE78B8C328,16.14,queries/Core/01_scan_access/tablesample_system.sql,2,3,0.558178,5.568,298.921,0.253689,0.008919,0.030552,7168,0,1134,0,0,0,0,1,1,60507,60507,60013,242028,0,0,lineitem,0,1.565856933593750000,0.614257812500000000,,
2026-07-29T11:44:31Z,314830FE78B8C328,16.14,queries/Core/01_scan_access/tablesample_system.sql,3,3,0.562402,5.814,302.961,0.253627,0.008092,0.029819,7168,0,1150,0,0,0,0,1,1,61327,61327,60013,245308,0,0,lineitem,0,1.544921875000000000,0.594238281250000000,,
2026-07-29T11:44:35Z,314830FE78B8C328,16.14,queries/Core/02_filter_projection/filter_2pct.sql,1,3,1.570448,5.639,1355.431,0.209378,0.013470,0.021663,7168,0,112561,0,0,0,0,2,1,120401,240803,119426,963212,1960271,2,lineitem,0,13.229919433593750000,10.342834472656250000,,
2026-07-29T11:44:40Z,314830FE78B8C328,16.14,queries/Core/02_filter_projection/filter_2pct.sql,2,3,1.593009,7.099,1385.667,0.200243,0.005898,0.019684,7168,0,112561,0,0,0,0,2,1,120401,240803,119426,963212,1960271,2,lineitem,0,14.777099609375000000,11.835144042968750000,,
2026-07-29T11:44:45Z,314830FE78B8C328,16.14,queries/Core/02_filter_projection/filter_2pct.sql,3,3,1.601038,6.360,1382.199,0.212479,0.011539,0.023967,7168,0,112561,0,0,0,0,2,1,120401,240803,119426,963212,1960271,2,lineitem,0,12.412170410156250000,9.462829589843750000,,
2026-07-29T11:44:50Z,314830FE78B8C328,16.14,queries/Core/02_filter_projection/filter_all.sql,1,3,1.849870,6.837,1638.363,0.204670,0.014357,0.018774,7168,0,112561,0,0,0,0,1,1,6001215,6001215,6001325,24004860,0,0,lineitem,0,16.466125488281250000,13.089050292968750000,,
2026-07-29T11:44:55Z,314830FE78B8C328,16.14,queries/Core/02_filter_projection/filter_all.sql,2,3,1.849497,6.126,1661.088,0.182283,0.016618,0.018605,7168,0,112561,0,0,0,0,1,1,6001215,6001215,6001325,24004860,0,0,lineitem,0,16.478698730468750000,13.086669921875000000,,
2026-07-29T11:45:00Z,314830FE78B8C328,16.14,queries/Core/02_filter_projection/filter_all.sql,3,3,1.892329,6.558,1675.927,0.209844,0.013264,0.022331,7168,0,112561,0,0,0,0,1,1,6001215,6001215,6001325,24004860,0,0,lineitem,0,16.346069335937500000,12.905822753906250000,,
2026-07-29T11:45:04Z,314830FE78B8C328,16.14,queries/Core/02_filter_projection/filter_half.sql,1,3,1.857042,6.384,1650.647,0.200011,0.011109,0.021163,7168,0,112561,0,0,0,0,1,1,2999428,2999428,3002063,11997712,3001787,0,lineitem,0,15.964050292968750000,12.578308105468750000,,
2026-07-29T11:45:09Z,314830FE78B8C328,16.14,queries/Core/02_filter_projection/filter_half.sql,2,3,1.858912,6.528,1651.339,0.201045,0.014515,0.020881,7168,0,112561,0,0,0,0,1,1,2999428,2999428,3002063,11997712,3001787,0,lineitem,0,15.995666503906250000,12.599975585937500000,,
2026-07-29T11:45:14Z,314830FE78B8C328,16.14,queries/Core/02_filter_projection/filter_half.sql,3,3,1.856258,6.560,1636.800,0.212898,0.013940,0.021409,7168,0,112561,0,0,0,0,1,1,2999428,2999428,3002063,11997712,3001787,0,lineitem,0,16.082763671875000000,12.692504882812500000,,
2026-07-29T11:45:19Z,314830FE78B8C328,16.14,queries/Core/02_filter_projection/filter_none.sql,1,3,1.584809,6.423,1365.459,0.212927,0.014977,0.020616,7168,0,112561,0,0,0,0,2,1,0,0,1,0,2000405,2,lineitem,0,14.434814453125000000,11.524719238281250000,,
2026-07-29T11:45:23Z,314830FE78B8C328,16.14,queries/Core/02_filter_projection/filter_none.sql,2,3,1.612695,6.726,1394.116,0.211853,0.015914,0.019243,7168,0,112561,0,0,0,0,2,1,0,0,1,0,2000405,2,lineitem,0,15.902343750000000000,12.934448242187500000,,
2026-07-29T11:45:28Z,314830FE78B8C328,16.14,queries/Core/02_filter_projection/filter_none.sql,3,3,1.556842,6.540,1367.352,0.182950,0.013101,0.021841,7168,0,112561,0,0,0,0,2,1,0,0,1,0,2000405,2,lineitem,0,13.057678222656250000,10.164062500000000000,,
2026-07-29T11:45:31Z,314830FE78B8C328,16.14,queries/Core/02_filter_projection/limit_100.sql,1,3,0.217013,4.994,1.562,0.210457,0.011032,0.024002,7168,0,2,0,0,0,0,2,1,100,200,100,800,0,0,lineitem,0,0.781921386718750000,0.451354980468750000,,
2026-07-29T11:45:34Z,314830FE78B8C328,16.14,queries/Core/02_filter_projection/limit_100.sql,2,3,0.212694,4.966,1.715,0.206013,0.012323,0.022805,7168,0,2,0,0,0,0,2,1,100,200,100,800,0,0,lineitem,0,0.762023925781250000,0.447082519531250000,,
2026-07-29T11:45:37Z,314830FE78B8C328,16.14,queries/Core/02_filter_projection/limit_100.sql,3,3,0.218203,5.427,1.568,0.211208,0.009358,0.026677,7168,0,2,0,0,0,0,2,1,100,200,100,800,0,0,lineitem,0,0.768066406250000000,0.439514160156250000,,
2026-07-29T11:45:41Z,314830FE78B8C328,16.14,queries/Core/02_filter_projection/limit_offset_3m.sql,1,3,0.969756,5.456,716.294,0.248006,0.009314,0.026463,7168,0,56274,0,0,0,0,2,1,100,3000200,100,12000800,0,0,lineitem,0,6.854919433593750000,5.121704101562500000,,
2026-07-29T11:45:45Z,314830FE78B8C328,16.14,queries/Core/02_filter_projection/limit_offset_3m.sql,2,3,0.950876,5.106,720.694,0.225076,0.011032,0.024869,7168,0,56274,0,0,0,0,2,1,100,3000200,100,12000800,0,0,lineitem,0,7.076477050781250000,5.343627929687500000,,
2026-07-29T11:45:49Z,314830FE78B8C328,16.14,queries/Core/02_filter_projection/limit_offset_3m.sql,3,3,0.975742,5.499,710.494,0.259749,0.014082,0.025532,7168,0,56274,0,0,0,0,2,1,100,3000200,100,12000800,0,0,lineitem,0,6.915344238281250000,5.161193847656250000,,
2026-07-29T11:45:54Z,314830FE78B8C328,16.14,queries/Core/02_filter_projection/project_all_cols.sql,1,3,1.652328,6.446,1396.368,0.249514,0.011602,0.025684,7168,0,112561,0,0,0,0,1,1,6001215,6001215,6001325,702142155,0,0,lineitem,0,12.393493652343750000,9.360046386718750000,,
2026-07-29T11:45:58Z,314830FE78B8C328,16.14,queries/Core/02_filter_projection/project_all_cols.sql,2,3,1.673457,5.453,1422.046,0.245958,0.016588,0.019152,7168,0,112561,0,0,0,0,1,1,6001215,6001215,6001325,702142155,0,0,lineitem,0,12.543090820312500000,9.463623046875000000,,
2026-07-29T11:46:03Z,314830FE78B8C328,16.14,queries/Core/02_filter_projection/project_all_cols.sql,3,3,1.694914,6.707,1481.696,0.206511,0.009165,0.024376,7168,0,112561,0,0,0,0,1,1,6001215,6001215,6001325,702142155,0,0,lineitem,0,12.426940917968750000,9.325805664062500000,,
2026-07-29T11:46:08Z,314830FE78B8C328,16.14,queries/Core/02_filter_projection/project_zero_cols.sql,1,3,1.914745,3.997,1704.012,0.206736,0.014579,0.021074,7168,0,112561,0,0,0,0,1,1,6001215,6001215,6001325,0,0,0,lineitem,0,13.434692382812500000,9.941528320312500000,,
2026-07-29T11:46:13Z,314830FE78B8C328,16.14,queries/Core/02_filter_projection/project_zero_cols.sql,2,3,1.959647,4.152,1748.430,0.207065,0.014925,0.020567,7168,0,112561,0,0,0,0,1,1,6001215,6001215,6001325,0,0,0,lineitem,0,13.548461914062500000,9.971313476562500000,,
2026-07-29T11:46:18Z,314830FE78B8C328,16.14,queries/Core/02_filter_projection/project_zero_cols.sql,3,3,1.886158,3.904,1681.653,0.200601,0.012711,0.022274,7168,0,112561,0,0,0,0,1,1,6001215,6001215,6001325,0,0,0,lineitem,0,13.383605957031250000,9.938659667968750000,,
2026-07-29T11:46:22Z,314830FE78B8C328,16.14,queries/Core/03_join_method/large_hash.sql,1,3,1.162216,10.971,954.007,0.197238,0.005943,0.017632,7168,0,29736,0,0,0,0,4,2,1500000,3300000,1500000,13200000,0,0,orders;customer,0,6.175415039062500000,4.124938964843750000,,
2026-07-29T11:46:26Z,314830FE78B8C328,16.14,queries/Core/03_join_method/large_hash.sql,2,3,1.055036,10.299,948.314,0.096423,0.002998,0.009296,7168,0,29736,0,0,0,0,4,2,1500000,3300000,1500000,13200000,0,0,orders;customer,0,6.326354980468750000,4.426269531250000000,,
2026-07-29T11:46:30Z,314830FE78B8C328,16.14,queries/Core/03_join_method/large_hash.sql,3,3,1.182639,9.904,961.857,0.210878,0.011013,0.023974,7168,0,29736,0,0,0,0,4,2,1500000,3300000,1500000,13200000,0,0,orders;customer,0,6.054138183593750000,3.972900390625000000,,
2026-07-29T11:46:34Z,314830FE78B8C328,16.14,queries/Core/03_join_method/large_merge.sql,1,3,1.624008,12.385,1355.221,0.256402,0.013509,0.022225,7168,0,29736,0,0,2206,2214,6,2,1500000,6300000,1500000,25200000,0,0,customer;orders,0,11.765808105468750000,9.343322753906250000,,
2026-07-29T11:46:39Z,314830FE78B8C328,16.14,queries/Core/03_join_method/large_merge.sql,2,3,1.611136,12.806,1335.525,0.262805,0.010642,0.026251,7168,0,29736,0,0,2206,2214,6,2,1500000,6300000,1500000,25200000,0,0,customer;orders,0,11.918029785156250000,9.523742675781250000,,
2026-07-29T11:46:43Z,314830FE78B8C328,16.14,queries/Core/03_join_method/large_merge.sql,3,3,1.649266,13.381,1370.875,0.265010,0.012505,0.024094,7168,0,29736,0,0,2206,2214,6,2,1500000,6300000,1500000,25200000,0,0,customer;orders,0,11.727111816406250000,9.269592285156250000,,
2026-07-29T11:46:54Z,314830FE78B8C328,16.14,queries/Core/03_join_method/large_nestloop_index.sql,1,3,7.092370,10.595,6871.394,0.210381,0.009182,0.025906,7168,1362763,590368,0,0,0,0,3,2,1500000,3150000,1500000,12600000,0,0,customer;orders,0,32.729125976562500000,18.965332031250000000,,
2026-07-29T11:47:03Z,314830FE78B8C328,16.14,queries/Core/03_join_method/large_nestloop_index.sql,2,3,7.098737,10.833,6878.180,0.209724,0.006042,0.028143,7168,1362763,590368,0,0,0,0,3,2,1500000,3150000,1500000,12600000,0,0,customer;orders,0,32.969055175781250000,19.195190429687500000,,
2026-07-29T11:47:13Z,314830FE78B8C328,16.14,queries/Core/03_join_method/large_nestloop_index.sql,3,3,7.246521,14.526,7018.362,0.213633,0.005477,0.026901,7168,1362763,590368,0,0,0,0,3,2,1500000,3150000,1500000,12600000,0,0,customer;orders,0,32.783813476562500000,18.788757324218750000,,
2026-07-29T11:47:16Z,314830FE78B8C328,16.14,queries/Core/03_join_method/small_hash.sql,1,3,0.222095,9.070,7.261,0.205764,0.008932,0.024510,7168,0,224,0,0,0,0,4,2,10000,20050,10000,80200,0,0,supplier;nation,0,0.801574707031250000,0.462646484375000000,,
2026-07-29T11:47:20Z,314830FE78B8C328,16.14,queries/Core/03_join_method/small_hash.sql,2,3,0.225510,8.258,7.240,0.210012,0.014272,0.020576,7168,0,224,0,0,0,0,4,2,10000,20050,10000,80200,0,0,supplier;nation,0,0.774291992187500000,0.433410644531250000,,
2026-07-29T11:47:23Z,314830FE78B8C328,16.14,queries/Core/03_join_method/small_hash.sql,3,3,0.225845,8.076,7.958,0.209811,0.013381,0.022934,7168,0,224,0,0,0,0,4,2,10000,20050,10000,80200,0,0,supplier;nation,0,0.839050292968750000,0.488037109375000000,,
2026-07-29T11:47:26Z,314830FE78B8C328,16.14,queries/Core/03_join_method/small_merge.sql,1,3,0.356321,90.909,52.489,0.212923,0.009373,0.026361,7168,4,224,0,0,0,0,5,2,10000,30050,10000,120200,0,0,nation;supplier,0,1.084838867187500000,0.510437011718750000,,
2026-07-29T11:47:29Z,314830FE78B8C328,16.14,queries/Core/03_join_method/small_merge.sql,2,3,0.226546,8.965,8.192,0.209389,0.015922,0.020913,7168,4,224,0,0,0,0,5,2,10000,30050,10000,120200,0,0,nation;supplier,0,0.796081542968750000,0.446594238281250000,,
2026-07-29T11:47:32Z,314830FE78B8C328,16.14,queries/Core/03_join_method/small_merge.sql,3,3,0.228266,8.464,8.217,0.211585,0.013944,0.021992,7168,4,224,0,0,0,0,5,2,10000,30050,10000,120200,0,0,nation;supplier,0,0.803283691406250000,0.454223632812500000,,
2026-07-29T11:47:36Z,314830FE78B8C328,16.14,queries/Core/03_join_method/small_nestloop.sql,1,3,0.329392,8.525,68.990,0.251877,0.016008,0.022189,7168,0,224,0,0,0,0,4,2,10000,270025,10000,1080100,0,0,supplier;nation,0,1.073486328125000000,0.537414550781250000,,
2026-07-29T11:47:39Z,314830FE78B8C328,16.14,queries/Core/03_join_method/small_nestloop.sql,2,3,0.242514,9.108,24.494,0.208912,0.011736,0.022283,7168,0,224,0,0,0,0,4,2,10000,270025,10000,1080100,0,0,supplier;nation,0,0.930908203125000000,0.554931640625000000,,
2026-07-29T11:47:42Z,314830FE78B8C328,16.14,queries/Core/03_join_method/small_nestloop.sql,3,3,0.219104,8.481,26.864,0.183759,0.013852,0.021428,7168,0,224,0,0,0,0,4,2,10000,270025,10000,1080100,0,0,supplier;nation,0,0.973205566406250000,0.621215820312500000,,
2026-07-29T11:47:45Z,314830FE78B8C328,16.14,queries/Core/04_join_scale/join_10kx25.sql,1,3,0.228446,9.322,7.086,0.212038,0.009302,0.026142,7168,0,224,0,0,0,0,4,2,10000,20050,10000,80200,0,0,supplier;nation,0,0.808532714843750000,0.462036132812500000,,
2026-07-29T11:47:48Z,314830FE78B8C328,16.14,queries/Core/04_join_scale/join_10kx25.sql,2,3,0.232403,9.385,7.327,0.215691,0.016379,0.020106,7168,0,224,0,0,0,0,4,2,10000,20050,10000,80200,0,0,supplier;nation,0,0.820495605468750000,0.459838867187500000,,
2026-07-29T11:47:52Z,314830FE78B8C328,16.14,queries/Core/04_join_scale/join_10kx25.sql,3,3,0.292825,9.386,46.624,0.236815,0.014850,0.022669,7168,0,224,0,0,0,0,4,2,10000,20050,10000,80200,0,0,supplier;nation,0,0.914123535156250000,0.434692382812500000,,
2026-07-29T11:47:56Z,314830FE78B8C328,16.14,queries/Core/04_join_scale/join_1500kx150k.sql,1,3,1.154534,11.604,934.455,0.208475,0.012330,0.022914,7168,0,29736,0,0,0,0,4,2,1500000,3300000,1500000,13200000,0,0,orders;customer,0,6.268005371093750000,4.230163574218750000,,
2026-07-29T11:48:00Z,314830FE78B8C328,16.14,queries/Core/04_join_scale/join_1500kx150k.sql,2,3,1.172540,10.165,949.508,0.212867,0.010428,0.025791,7168,0,29736,0,0,0,0,4,2,1500000,3300000,1500000,13200000,0,0,orders;customer,0,6.234375000000000000,4.164672851562500000,,
2026-07-29T11:48:03Z,314830FE78B8C328,16.14,queries/Core/04_join_scale/join_1500kx150k.sql,3,3,1.166364,10.911,941.236,0.214217,0.014748,0.020684,7168,0,29736,0,0,0,0,4,2,1500000,3300000,1500000,13200000,0,0,orders;customer,0,6.338134765625000000,4.278503417968750000,,
2026-07-29T11:48:07Z,314830FE78B8C328,16.14,queries/Core/04_join_scale/join_150kx25.sql,1,3,0.430282,10.808,212.917,0.206557,0.013455,0.021800,7168,0,3601,0,0,0,0,4,2,150000,300050,150000,1200200,0,0,customer;nation,0,1.486083984375000000,0.772399902343750000,,
2026-07-29T11:48:10Z,314830FE78B8C328,16.14,queries/Core/04_join_scale/join_150kx25.sql,2,3,0.373891,10.861,208.570,0.154460,0.010806,0.020584,7168,0,3601,0,0,0,0,4,2,150000,300050,150000,1200200,0,0,customer;nation,0,1.432861328125000000,0.812683105468750000,,
2026-07-29T11:48:13Z,314830FE78B8C328,16.14,queries/Core/04_join_scale/join_150kx25.sql,3,3,0.333840,9.886,217.372,0.106582,0.004088,0.008645,7040,0,3601,0,0,0,0,4,2,150000,300050,150000,1200200,0,0,customer;nation,0,1.510925292968750000,0.932739257812500000,,
2026-07-29T11:48:16Z,314830FE78B8C328,16.14,queries/Core/04_join_scale/join_25x5.sql,1,3,0.222241,7.438,1.580,0.213223,0.011534,0.024040,7168,0,2,0,0,0,0,4,2,25,60,170,240,0,0,nation;region,0,0.751770019531250000,0.418762207031250000,,
2026-07-29T11:48:19Z,314830FE78B8C328,16.14,queries/Core/04_join_scale/join_25x5.sql,2,3,0.205699,7.686,1.583,0.196430,0.015812,0.020489,7168,0,2,0,0,0,0,4,2,25,60,170,240,0,0,nation;region,0,0.844604492187500000,0.514465332031250000,,
2026-07-29T11:48:22Z,314830FE78B8C328,16.14,queries/Core/04_join_scale/join_25x5.sql,3,3,0.221481,8.175,1.778,0.211528,0.012410,0.022662,7168,0,2,0,0,0,0,4,2,25,60,170,240,0,0,nation;region,0,0.767395019531250000,0.427978515625000000,,
2026-07-29T11:48:27Z,314830FE78B8C328,16.14,queries/Core/04_join_scale/join_6mx10k.sql,1,3,2.045504,10.212,1885.417,0.149875,0.010943,0.016507,7168,0,112784,0,0,0,0,4,2,6001215,12022430,5975035,48089720,0,0,lineitem;supplier,0,19.998352050781250000,16.258728027343750000,,
2026-07-29T11:48:32Z,314830FE78B8C328,16.14,queries/Core/04_join_scale/join_6mx10k.sql,2,3,2.085080,9.967,1874.360,0.200753,0.006122,0.019102,7168,0,112784,0,0,0,0,4,2,6001215,12022430,5975035,48089720,0,0,lineitem;supplier,0,19.851440429687500000,16.061035156250000000,,
2026-07-29T11:48:37Z,314830FE78B8C328,16.14,queries/Core/04_join_scale/join_6mx10k.sql,3,3,2.064035,9.778,1889.460,0.164797,0.005085,0.015378,7168,0,112784,0,0,0,0,4,2,6001215,12022430,5975035,48089720,0,0,lineitem;supplier,0,20.153930664062500000,16.370117187500000000,,
2026-07-29T11:48:44Z,314830FE78B8C328,16.14,queries/Core/04_join_scale/join_6mx1500k.sql,1,3,3.368433,12.220,3106.927,0.249286,0.012122,0.020206,7168,0,138697,0,0,20613,20613,4,2,6001215,15002430,6001325,60009720,0,0,lineitem;orders,0,33.011901855468750000,27.556640625000000000,,
2026-07-29T11:48:50Z,314830FE78B8C328,16.14,queries/Core/04_join_scale/join_6mx1500k.sql,2,3,3.447710,12.725,3260.725,0.174260,0.009843,0.022469,7168,0,138697,0,0,20613,20613,4,2,6001215,15002430,6001325,60009720,0,0,lineitem;orders,0,33.373657226562500000,27.656250000000000000,,
2026-07-29T11:48:57Z,314830FE78B8C328,16.14,queries/Core/04_join_scale/join_6mx1500k.sql,3,3,3.322888,11.363,3158.276,0.153249,0.011507,0.019019,7168,0,138697,0,0,20613,20613,4,2,6001215,15002430,6001325,60009720,0,0,lineitem;orders,0,32.742614746093750000,27.356811523437500000,,
2026-07-29T11:49:03Z,314830FE78B8C328,16.14,queries/Core/04_join_scale/join_6mx200k.sql,1,3,3.164056,10.381,2897.588,0.256087,0.012644,0.022089,7168,0,116689,0,0,9064,9064,4,2,6001215,12402430,6001325,49609720,0,0,lineitem;part,0,29.258483886718750000,23.653198242187500000,,
2026-07-29T11:49:09Z,314830FE78B8C328,16.14,queries/Core/04_join_scale/join_6mx200k.sql,2,3,3.153768,9.919,2927.920,0.215929,0.010714,0.024480,7168,0,116689,0,0,9064,9064,4,2,6001215,12402430,6001325,49609720,0,0,lineitem;part,0,28.852416992187500000,23.381530761718750000,,
2026-07-29T11:49:16Z,314830FE78B8C328,16.14,queries/Core/04_join_scale/join_6mx200k.sql,3,3,3.388889,10.575,3122.016,0.256298,0.011049,0.024025,7168,0,116689,0,0,9064,9064,4,2,6001215,12402430,6001325,49609720,0,0,lineitem;part,0,29.858764648437500000,23.917114257812500000,,
2026-07-29T11:49:20Z,314830FE78B8C328,16.14,queries/Core/04_join_scale/join_800kx200k.sql,1,3,0.647266,5.747,442.396,0.199123,0.004167,0.021329,7168,0,21688,0,0,1462,1462,4,2,800000,2000000,778498,8000000,0,0,partsupp;part,0,4.901794433593750000,3.788635253906250000,,
2026-07-29T11:49:23Z,314830FE78B8C328,16.14,queries/Core/04_join_scale/join_800kx200k.sql,2,3,0.691710,8.548,469.744,0.213418,0.012996,0.022467,7168,0,21688,0,0,1462,1462,4,2,800000,2000000,778498,8000000,0,0,partsupp;part,0,4.915649414062500000,3.726440429687500000,,
2026-07-29T11:49:27Z,314830FE78B8C328,16.14,queries/Core/04_join_scale/join_800kx200k.sql,3,3,0.691664,89.982,398.056,0.203626,0.009314,0.027314,7168,0,21688,0,0,1462,1462,4,2,800000,2000000,778498,8000000,0,0,partsupp;part,0,5.002685546875000000,3.807373046875000000,,
2026-07-29T11:49:31Z,314830FE78B8C328,16.14,queries/Core/05_join_type/anti_not_exists.sql,1,3,1.016841,11.306,796.231,0.209304,0.009163,0.026330,7168,192,29736,0,0,0,0,5,2,0,1800000,1,7200000,0,2,orders;customer,0,6.005004882812500000,4.172241210937500000,,
2026-07-29T11:49:35Z,314830FE78B8C328,16.14,queries/Core/05_join_type/anti_not_exists.sql,2,3,1.021072,13.156,798.688,0.209228,0.011828,0.023556,7168,192,29736,0,0,0,0,5,2,0,1800000,1,7200000,0,2,orders;customer,0,6.061767578125000000,4.249206542968750000,,
2026-07-29T11:49:38Z,314830FE78B8C328,16.14,queries/Core/05_join_type/anti_not_exists.sql,3,3,0.978846,9.754,767.832,0.201260,0.011971,0.023942,7168,192,29736,0,0,0,0,5,2,0,1800000,1,7200000,0,2,orders;customer,0,6.144897460937500000,4.398498535156250000,,
2026-07-29T11:49:42Z,314830FE78B8C328,16.14,queries/Core/05_join_type/cross_join.sql,1,3,1.371016,5.673,1166.654,0.198689,0.009716,0.025959,7168,0,26137,0,0,0,0,4,2,7500000,16500005,255000000,30000000,0,0,orders;region,0,10.927978515625000000,8.517395019531250000,,
2026-07-29T11:49:47Z,314830FE78B8C328,16.14,queries/Core/05_join_type/cross_join.sql,2,3,1.239798,5.869,1142.046,0.091883,0.004658,0.005656,7168,0,26137,0,0,0,0,4,2,7500000,16500005,255000000,30000000,0,0,orders;region,0,11.262390136718750000,9.044433593750000000,,
2026-07-29T11:49:51Z,314830FE78B8C328,16.14,queries/Core/05_join_type/cross_join.sql,3,3,1.378322,5.821,1164.664,0.207837,0.010105,0.024711,7168,0,26137,0,0,0,0,4,2,7500000,16500005,255000000,30000000,0,0,orders;region,0,10.932189941406250000,8.513427734375000000,,
2026-07-29T11:49:55Z,314830FE78B8C328,16.14,queries/Core/05_join_type/full_outer.sql,1,3,1.214591,10.498,993.474,0.210619,0.009332,0.026239,7168,0,29736,0,0,0,0,4,2,1550004,3350004,1500000,13400016,0,0,orders;customer,0,6.212280273437500000,4.065124511718750000,,
2026-07-29T11:49:59Z,314830FE78B8C328,16.14,queries/Core/05_join_type/full_outer.sql,2,3,1.187810,10.219,975.310,0.202281,0.005684,0.019905,7168,0,29736,0,0,0,0,4,2,1550004,3350004,1500000,13400016,0,0,orders;customer,0,6.175659179687500000,4.082153320312500000,,
2026-07-29T11:50:03Z,314830FE78B8C328,16.14,queries/Core/05_join_type/full_outer.sql,3,3,1.179583,9.925,963.126,0.206532,0.012867,0.022124,7168,0,29736,0,0,0,0,4,2,1550004,3350004,1500000,13400016,0,0,orders;customer,0,6.205505371093750000,4.127441406250000000,,
2026-07-29T11:50:07Z,314830FE78B8C328,16.14,queries/Core/05_join_type/inner.sql,1,3,1.136210,10.723,969.834,0.155653,0.012246,0.019483,7168,0,29736,0,0,0,0,4,2,1500000,3300000,1500000,13200000,0,0,orders;customer,0,5.984130859375000000,3.981140136718750000,,
2026-07-29T11:50:11Z,314830FE78B8C328,16.14,queries/Core/05_join_type/inner.sql,2,3,1.089106,9.999,965.975,0.113132,0.008455,0.014216,7168,0,29736,0,0,0,0,4,2,1500000,3300000,1500000,13200000,0,0,orders;customer,0,6.171203613281250000,4.225097656250000000,,
2026-07-29T11:50:15Z,314830FE78B8C328,16.14,queries/Core/05_join_type/inner.sql,3,3,1.109232,11.153,952.938,0.145141,0.010300,0.017370,7168,0,29736,0,0,0,0,4,2,1500000,3300000,1500000,13200000,0,0,orders;customer,0,6.030761718750000000,4.069763183593750000,,
2026-07-29T11:50:19Z,314830FE78B8C328,16.14,queries/Core/05_join_type/join_on_text_cast.sql,1,3,1.364065,10.663,1204.576,0.148826,0.004836,0.012884,7168,162,29736,0,0,0,0,5,2,1500000,4800000,1125000000,19200000,0,2,orders;customer,0,15.326477050781250000,12.859802246093750000,,
2026-07-29T11:50:23Z,314830FE78B8C328,16.14,queries/Core/05_join_type/join_on_text_cast.sql,2,3,1.388631,10.061,1168.569,0.210001,0.011018,0.022816,7168,162,29736,0,0,0,0,5,2,1500000,4800000,1125000000,19200000,0,2,orders;customer,0,15.771423339843750000,13.286315917968750000,,
2026-07-29T11:50:27Z,314830FE78B8C328,16.14,queries/Core/05_join_type/join_on_text_cast.sql,3,3,1.359566,9.819,1162.760,0.186987,0.011427,0.023801,7168,162,29736,0,0,0,0,5,2,1500000,4800000,1125000000,19200000,0,2,orders;customer,0,15.523681640625000000,13.077148437500000000,,
2026-07-29T11:50:31Z,314830FE78B8C328,16.14,queries/Core/05_join_type/left_outer.sql,1,3,1.121309,9.923,951.527,0.159859,0.001313,0.018023,7168,0,29736,0,0,0,0,4,2,1500000,3300000,1500000,13200000,0,0,orders;customer,0,6.168395996093750000,4.171875000000000000,,
2026-07-29T11:50:35Z,314830FE78B8C328,16.14,queries/Core/05_join_type/left_outer.sql,2,3,1.164071,11.044,941.065,0.211962,0.012134,0.024025,7168,0,29736,0,0,0,0,4,2,1500000,3300000,1500000,13200000,0,0,orders;customer,0,6.218627929687500000,4.167785644531250000,,
2026-07-29T11:50:39Z,314830FE78B8C328,16.14,queries/Core/05_join_type/left_outer.sql,3,3,1.185241,10.884,963.217,0.211140,0.012569,0.022545,7168,0,29736,0,0,0,0,4,2,1500000,3300000,1500000,13200000,0,0,orders;customer,0,6.220581054687500000,4.134704589843750000,,
2026-07-29T11:50:43Z,314830FE78B8C328,16.14,queries/Core/05_join_type/right_outer.sql,1,3,1.198245,11.395,977.628,0.209222,0.009494,0.027046,7168,0,29736,0,0,0,0,4,2,1550004,3350004,1500000,13400016,0,0,orders;customer,0,6.142822265625000000,4.030578613281250000,,
2026-07-29T11:50:47Z,314830FE78B8C328,16.14,queries/Core/05_join_type/right_outer.sql,2,3,1.180411,11.208,960.815,0.208388,0.012270,0.023618,7168,0,29736,0,0,0,0,4,2,1550004,3350004,1500000,13400016,0,0,orders;customer,0,6.246398925781250000,4.166625976562500000,,
2026-07-29T11:50:51Z,314830FE78B8C328,16.14,queries/Core/05_join_type/right_outer.sql,3,3,1.193482,11.379,970.689,0.211414,0.011601,0.023215,7168,0,29736,0,0,0,0,4,2,1550004,3350004,1500000,13400016,0,0,orders;customer,0,6.374084472656250000,4.276428222656250000,,
2026-07-29T11:50:55Z,314830FE78B8C328,16.14,queries/Core/05_join_type/self_join.sql,1,3,1.638061,10.073,1369.109,0.258879,0.014310,0.021114,7168,33,52239,0,0,8252,8252,4,2,1500000,6000000,1500000,24000000,0,0,orders,0,12.417968750000000000,10.042785644531250000,,
2026-07-29T11:51:00Z,314830FE78B8C328,16.14,queries/Core/05_join_type/self_join.sql,2,3,1.632899,9.568,1360.407,0.262924,0.012639,0.022582,7168,33,52239,0,0,8252,8252,4,2,1500000,6000000,1500000,24000000,0,0,orders,0,12.373046875000000000,10.007934570312500000,,
2026-07-29T11:51:05Z,314830FE78B8C328,16.14,queries/Core/05_join_type/self_join.sql,3,3,1.614986,9.711,1351.345,0.253930,0.009698,0.016832,7168,33,52239,0,0,8252,8252,4,2,1500000,6000000,1500000,24000000,0,0,orders,0,12.460998535156250000,10.124816894531250000,,
2026-07-29T11:51:09Z,314830FE78B8C328,16.14,queries/Core/05_join_type/semi_exists.sql,1,3,1.119287,11.470,893.883,0.213934,0.010461,0.025145,7168,0,29736,0,0,0,0,4,2,1500000,3300000,1500000,13200000,0,0,orders;customer,0,6.000671386718750000,4.030944824218750000,,
2026-07-29T11:51:13Z,314830FE78B8C328,16.14,queries/Core/05_join_type/semi_exists.sql,2,3,1.132469,11.308,911.962,0.209199,0.012835,0.022573,7168,0,29736,0,0,0,0,4,2,1500000,3300000,1500000,13200000,0,0,orders;customer,0,5.930908203125000000,3.930969238281250000,,
2026-07-29T11:51:17Z,314830FE78B8C328,16.14,queries/Core/05_join_type/semi_exists.sql,3,3,1.140428,10.222,918.355,0.211851,0.007205,0.028493,7168,0,29736,0,0,0,0,4,2,1500000,3300000,1500000,13200000,0,0,orders;customer,0,5.837890625000000000,3.829345703125000000,,
2026-07-29T11:51:22Z,314830FE78B8C328,16.14,queries/Core/06_join_chain/chain_1_hash.sql,1,3,2.786984,12.037,2519.768,0.255179,0.010519,0.018166,7168,0,35614,0,0,20613,20613,4,2,6001215,15002430,6001325,60009720,0,0,lineitem;orders,0,27.189392089843750000,22.929382324218750000,,
2026-07-29T11:51:28Z,314830FE78B8C328,16.14,queries/Core/06_join_chain/chain_1_hash.sql,2,3,2.759227,11.141,2555.407,0.192679,0.007700,0.014802,7168,0,35614,0,0,20613,20613,4,2,6001215,15002430,6001325,60009720,0,0,lineitem;orders,0,27.177185058593750000,22.938537597656250000,,
2026-07-29T11:51:34Z,314830FE78B8C328,16.14,queries/Core/06_join_chain/chain_1_hash.sql,3,3,2.784609,11.890,2562.481,0.210238,0.013874,0.019248,7040,0,35614,0,0,20613,20613,4,2,6001215,15002430,6001325,60009720,0,0,lineitem;orders,0,27.344787597656250000,22.920715332031250000,,
2026-07-29T11:51:39Z,314830FE78B8C328,16.14,queries/Core/06_join_chain/chain_1_merge.sql,1,3,1.945203,15.120,1726.023,0.204060,0.011394,0.021657,7168,6,35608,0,0,2206,2214,4,2,6001215,15002430,6001325,60009720,0,0,orders;lineitem,0,17.900817871093750000,14.335083007812500000,,
2026-07-29T11:51:44Z,314830FE78B8C328,16.14,queries/Core/06_join_chain/chain_1_merge.sql,2,3,1.940747,15.708,1719.848,0.205191,0.011489,0.022834,7168,6,35608,0,0,2206,2214,4,2,6001215,15002430,6001325,60009720,0,0,orders;lineitem,0,17.662719726562500000,14.109558105468750000,,
2026-07-29T11:51:48Z,314830FE78B8C328,16.14,queries/Core/06_join_chain/chain_1_merge.sql,3,3,1.959113,15.155,1734.734,0.209224,0.008019,0.026050,7168,6,35608,0,0,2206,2214,4,2,6001215,15002430,6001325,60009720,0,0,orders;lineitem,0,18.000671386718750000,14.414123535156250000,,
2026-07-29T11:51:53Z,314830FE78B8C328,16.14,queries/Core/06_join_chain/chain_1_nestloop.sql,1,3,1.930156,12.450,1709.431,0.208275,0.011501,0.024013,7168,4490577,35647,0,0,0,0,4,2,6001215,19502430,6001325,78009720,0,2,orders;lineitem,0,36.072937011718750000,32.533081054687500000,,
2026-07-29T11:51:58Z,314830FE78B8C328,16.14,queries/Core/06_join_chain/chain_1_nestloop.sql,2,3,2.013743,12.672,1796.802,0.204269,0.012308,0.021677,7168,4490577,35647,0,0,0,0,4,2,6001215,19502430,6001325,78009720,0,2,orders;lineitem,0,36.064086914062500000,32.360778808593750000,,
2026-07-29T11:52:03Z,314830FE78B8C328,16.14,queries/Core/06_join_chain/chain_1_nestloop.sql,3,3,2.024833,12.223,1803.384,0.209226,0.009338,0.026665,7168,4490577,35647,0,0,0,0,4,2,6001215,19502430,6001325,78009720,0,2,orders;lineitem,0,36.002014160156250000,32.285522460937500000,,
2026-07-29T11:52:09Z,314830FE78B8C328,16.14,queries/Core/06_join_chain/chain_2_hash.sql,1,3,3.428493,12.638,3156.140,0.259715,0.013959,0.020733,7168,0,39214,0,0,20613,20613,7,3,6001215,16802430,6001325,73209720,0,0,lineitem;orders;customer,0,30.464904785156250000,24.799316406250000000,,
2026-07-29T11:52:16Z,314830FE78B8C328,16.14,queries/Core/06_join_chain/chain_2_hash.sql,2,3,3.513360,13.530,3236.873,0.262957,0.009834,0.025628,7168,0,39214,0,0,20613,20613,7,3,6001215,16802430,6001325,73209720,0,0,lineitem;orders;customer,0,31.128784179687500000,25.235595703125000000,,
2026-07-29T11:52:22Z,314830FE78B8C328,16.14,queries/Core/06_join_chain/chain_2_hash.sql,3,3,3.338473,12.076,3118.739,0.207658,0.008571,0.026393,7168,0,39214,0,0,20613,20613,7,3,6001215,16802430,6001325,73209720,0,0,lineitem;orders;customer,0,30.731628417968750000,25.218017578125000000,,
2026-07-29T11:52:33Z,314830FE78B8C328,16.14,queries/Core/06_join_chain/chain_2_merge.sql,1,3,8.329332,13.977,8113.988,0.201367,0.013971,0.019698,7168,920380,593765,0,0,2206,2214,8,3,6001215,18352434,6001325,79409736,0,0,orders;customer;lineitem,0,47.769226074218750000,32.826354980468750000,,
2026-07-29T11:52:45Z,314830FE78B8C328,16.14,queries/Core/06_join_chain/chain_2_merge.sql,2,3,8.473552,17.618,8286.271,0.169663,0.011025,0.019377,7168,920380,593765,0,0,2206,2214,8,3,6001215,18352434,6001325,79409736,0,0,orders;customer;lineitem,0,48.513793945312500000,33.201721191406250000,,
2026-07-29T11:52:56Z,314830FE78B8C328,16.14,queries/Core/06_join_chain/chain_2_merge.sql,3,3,8.412342,16.737,8184.830,0.210775,0.008103,0.025354,7168,920380,593765,0,0,2206,2214,8,3,6001215,18352434,6001325,79409736,0,0,orders;customer;lineitem,0,48.679992675781250000,33.508300781250000000,,
2026-07-29T11:53:04Z,314830FE78B8C328,16.14,queries/Core/06_join_chain/chain_2_nestloop.sql,1,3,5.684508,13.205,5488.419,0.182884,0.003582,0.016368,7168,5450205,1376708,0,0,0,0,6,3,6001215,21152430,6001325,90609720,0,2,customer;orders;lineitem,0,76.125976562500000000,63.551757812500000000,,
2026-07-29T11:53:13Z,314830FE78B8C328,16.14,queries/Core/06_join_chain/chain_2_nestloop.sql,2,3,5.733338,11.783,5559.710,0.161845,0.007256,0.012878,7168,5450301,1376611,0,0,0,0,6,3,6001215,21152430,6001325,90609720,0,2,customer;orders;lineitem,0,77.084655761718750000,64.466918945312500000,,
2026-07-29T11:53:21Z,314830FE78B8C328,16.14,queries/Core/06_join_chain/chain_2_nestloop.sql,3,3,5.486853,13.284,5267.214,0.206355,0.012849,0.020526,7168,5450344,1376569,0,0,0,0,6,3,6001215,21152430,6001325,90609720,0,2,customer;orders;lineitem,0,79.944763183593750000,67.794128417968750000,,
2026-07-29T11:53:27Z,314830FE78B8C328,16.14,queries/Core/06_join_chain/chain_3_hash.sql,1,3,3.347014,12.981,3131.648,0.202385,0.008950,0.023239,7168,0,39215,0,0,20613,20613,10,4,6001215,16952480,6001325,74409920,0,0,lineitem;orders;customer;nation,0,31.598937988281250000,25.971557617187500000,,
2026-07-29T11:53:34Z,314830FE78B8C328,16.14,queries/Core/06_join_chain/chain_3_hash.sql,2,3,3.416680,10.959,3146.418,0.259303,0.012804,0.021155,7168,0,39215,0,0,20613,20613,10,4,6001215,16952480,6001325,74409920,0,0,lineitem;orders;customer;nation,0,31.506347656250000000,25.861328125000000000,,
2026-07-29T11:53:40Z,314830FE78B8C328,16.14,queries/Core/06_join_chain/chain_3_hash.sql,3,3,3.454800,13.241,3189.051,0.252508,0.008556,0.024396,7168,0,39215,0,0,20613,20613,10,4,6001215,16952480,6001325,74409920,0,0,lineitem;orders;customer;nation,0,31.704040527343750000,25.955444335937500000,,
2026-07-29T11:53:52Z,314830FE78B8C328,16.14,queries/Core/06_join_chain/chain_3_merge.sql,1,3,8.552608,17.800,8326.643,0.208165,0.010324,0.023589,7168,985358,598805,0,0,2206,2214,11,4,6001215,18646477,6001325,81185908,0,0,orders;customer;nation;lineitem,0,49.420410156250000000,34.156311035156250000,,
2026-07-29T11:54:03Z,314830FE78B8C328,16.14,queries/Core/06_join_chain/chain_3_merge.sql,2,3,8.629345,18.013,8398.777,0.212555,0.014702,0.019974,7168,985358,598805,0,0,2206,2214,11,4,6001215,18646477,6001325,81185908,0,0,orders;customer;nation;lineitem,0,48.870544433593750000,33.525878906250000000,,
2026-07-29T11:54:14Z,314830FE78B8C328,16.14,queries/Core/06_join_chain/chain_3_merge.sql,3,3,8.550233,18.377,8327.330,0.204526,0.012427,0.019156,7168,985358,598805,0,0,2206,2214,11,4,6001215,18646477,6001325,81185908,0,0,orders;customer;nation;lineitem,0,49.591064453125000000,34.237792968750000000,,
2026-07-29T11:54:32Z,314830FE78B8C328,16.14,queries/Core/06_join_chain/chain_3_nestloop.sql,1,3,15.011765,14.394,14739.991,0.257380,0.013541,0.020397,7168,5315457,1581495,0,0,0,0,7,4,6001215,15301240,6001325,67804960,0,0,nation;customer;orders;lineitem,0,96.837707519531250000,73.077636718750000000,,
2026-07-29T11:54:50Z,314830FE78B8C328,16.14,queries/Core/06_join_chain/chain_3_nestloop.sql,2,3,14.708039,13.773,14437.550,0.256716,0.012807,0.019211,7168,5315479,1581473,0,0,0,0,7,4,6001215,15301240,6001325,67804960,0,0,nation;customer;orders;lineitem,0,95.734558105468750000,72.628601074218750000,,
2026-07-29T11:55:07Z,314830FE78B8C328,16.14,queries/Core/06_join_chain/chain_3_nestloop.sql,3,3,14.803518,13.458,14578.006,0.212054,0.011513,0.022356,7168,5315477,1581475,0,0,0,0,7,4,6001215,15301240,6001325,67804960,0,0,nation;customer;orders;lineitem,0,96.771728515625000000,73.261169433593750000,,
2026-07-29T11:55:14Z,314830FE78B8C328,16.14,queries/Core/06_join_chain/chain_4_hash.sql,1,3,3.442928,13.345,3167.841,0.261742,0.013270,0.017993,7168,0,39216,0,0,20613,20613,13,5,6001215,16952515,6001325,74410160,0,0,lineitem;orders;customer;nation;region,0,31.804931640625000000,26.117980957031250000,,
2026-07-29T11:55:20Z,314830FE78B8C328,16.14,queries/Core/06_join_chain/chain_4_hash.sql,2,3,3.502997,13.613,3231.412,0.257972,0.013586,0.019906,7168,0,39216,0,0,20613,20613,13,5,6001215,16952515,6001325,74410160,0,0,lineitem;orders;customer;nation;region,0,31.734252929687500000,25.970214843750000000,,
2026-07-29T11:55:27Z,314830FE78B8C328,16.14,queries/Core/06_join_chain/chain_4_hash.sql,3,3,3.487065,13.084,3226.003,0.247978,0.009153,0.010574,7168,0,39216,0,0,20613,20613,13,5,6001215,16952515,6001325,74410160,0,0,lineitem;orders;customer;nation;region,0,32.153564453125000000,26.295593261718750000,,
2026-07-29T11:55:38Z,314830FE78B8C328,16.14,queries/Core/06_join_chain/chain_4_merge.sql,1,3,8.585579,18.037,8358.598,0.208944,0.011002,0.023888,7168,985340,598824,0,0,2206,2214,15,5,6001215,18646553,6001325,81186412,0,0,orders;customer;nation;region;lineitem,0,50.283935546875000000,34.872314453125000000,,
2026-07-29T11:55:50Z,314830FE78B8C328,16.14,queries/Core/06_join_chain/chain_4_merge.sql,2,3,8.762611,18.261,8536.209,0.208141,0.013927,0.020590,7168,985203,598961,0,0,2206,2214,15,5,6001215,18646553,6001325,81186412,0,0,orders;customer;nation;region;lineitem,0,50.275207519531250000,34.594177246093750000,,
2026-07-29T11:56:01Z,314830FE78B8C328,16.14,queries/Core/06_join_chain/chain_4_merge.sql,3,3,8.560325,18.509,8335.281,0.206535,0.017026,0.016112,7168,985340,598824,0,0,2206,2214,15,5,6001215,18646553,6001325,81186412,0,0,orders;customer;nation;region;lineitem,0,49.745971679687500000,34.392028808593750000,,
2026-07-29T11:56:19Z,314830FE78B8C328,16.14,queries/Core/06_join_chain/chain_4_nestloop.sql,1,3,14.711469,13.538,14465.947,0.231984,0.007451,0.024338,7168,5315471,1581482,0,0,0,0,10,5,6001215,15301395,6001325,67805680,0,0,nation;region;customer;orders;lineitem,0,97.530639648437500000,74.176513671875000000,,
2026-07-29T11:56:37Z,314830FE78B8C328,16.14,queries/Core/06_join_chain/chain_4_nestloop.sql,2,3,15.007004,13.717,14726.336,0.266951,0.015312,0.020418,7168,5315464,1581489,0,0,0,0,10,5,6001215,15301395,6001325,67805680,0,0,nation;region;customer;orders;lineitem,0,96.097290039062500000,72.319091796875000000,,
2026-07-29T11:56:55Z,314830FE78B8C328,16.14,queries/Core/06_join_chain/chain_4_nestloop.sql,3,3,15.083377,13.448,14811.351,0.258578,0.012271,0.020580,7168,5315457,1581496,0,0,0,0,10,5,6001215,15301395,6001325,67805680,0,0,nation;region;customer;orders;lineitem,0,98.359008789062500000,74.647766113281250000,,
2026-07-29T11:56:59Z,314830FE78B8C328,16.14,queries/Core/07_grouping_distinct/count_per_group.sql,1,3,1.660861,7.885,1469.337,0.183639,0.005251,0.013522,7168,14,112561,0,0,0,0,5,1,3,6001245,3,12002730,0,2,lineitem,0,21.967773437500000000,18.826538085937500000,,
2026-07-29T11:57:04Z,314830FE78B8C328,16.14,queries/Core/07_grouping_distinct/count_per_group.sql,2,3,1.613759,8.482,1395.756,0.209521,0.012413,0.022681,7168,14,112561,0,0,0,0,5,1,3,6001245,3,12002730,0,2,lineitem,0,21.821105957031250000,18.765869140625000000,,
2026-07-29T11:57:09Z,314830FE78B8C328,16.14,queries/Core/07_grouping_distinct/count_per_group.sql,3,3,1.662797,8.444,1441.383,0.212970,0.009683,0.026256,7168,14,112561,0,0,0,0,5,1,3,6001245,3,12002730,0,2,lineitem,0,21.959228515625000000,18.830932617187500000,,
2026-07-29T11:57:16Z,314830FE78B8C328,16.14,queries/Core/07_grouping_distinct/cube.sql,1,3,3.425208,8.082,3207.738,0.209388,0.012626,0.022472,7168,0,112561,0,0,0,0,2,1,10,6001225,12,24004900,0,0,lineitem,0,37.069641113281250000,30.749755859375000000,,
2026-07-29T11:57:22Z,314830FE78B8C328,16.14,queries/Core/07_grouping_distinct/cube.sql,2,3,3.404119,7.489,3187.160,0.209470,0.008548,0.025900,7168,0,112561,0,0,0,0,2,1,10,6001225,12,24004900,0,0,lineitem,0,36.310058593750000000,30.018249511718750000,,
2026-07-29T11:57:28Z,314830FE78B8C328,16.14,queries/Core/07_grouping_distinct/cube.sql,3,3,3.390232,8.758,3179.335,0.202139,0.009026,0.024381,7168,0,112561,0,0,0,0,2,1,10,6001225,12,24004900,0,0,lineitem,0,36.814636230468750000,30.542846679687500000,,
2026-07-29T11:57:34Z,314830FE78B8C328,16.14,queries/Core/07_grouping_distinct/distinct_200k_vals.sql,1,3,2.464148,6.999,2241.934,0.215215,0.014094,0.020340,7168,0,112561,0,0,11545,20904,4,1,200000,7401162,198911,29604648,0,2,lineitem,0,27.267272949218750000,22.706970214843750000,,
2026-07-29T11:57:39Z,314830FE78B8C328,16.14,queries/Core/07_grouping_distinct/distinct_200k_vals.sql,2,3,2.487226,6.531,2267.892,0.212803,0.014462,0.020800,7168,0,112561,0,0,11741,21222,4,1,200000,7401174,198911,29604696,0,2,lineitem,0,28.199096679687500000,23.503601074218750000,,
2026-07-29T11:57:45Z,314830FE78B8C328,16.14,queries/Core/07_grouping_distinct/distinct_200k_vals.sql,3,3,2.464952,6.559,2254.241,0.204152,0.014604,0.017513,7168,0,112561,0,0,11793,21245,4,1,200000,7401166,198911,29604664,0,2,lineitem,0,27.053894042968750000,22.498168945312500000,,
2026-07-29T11:57:49Z,314830FE78B8C328,16.14,queries/Core/07_grouping_distinct/distinct_3_vals.sql,1,3,1.647126,8.212,1428.335,0.210579,0.007766,0.026246,7168,3,112561,0,0,0,0,5,1,3,6001245,3,12002490,0,2,lineitem,0,21.568908691406250000,18.458129882812500000,,
2026-07-29T11:57:54Z,314830FE78B8C328,16.14,queries/Core/07_grouping_distinct/distinct_3_vals.sql,2,3,1.354039,6.037,1249.959,0.098043,0.008059,0.010459,7168,3,112561,0,0,0,0,5,1,3,6001245,3,12002490,0,2,lineitem,0,20.838256835937500000,18.231140136718750000,,
2026-07-29T11:57:58Z,314830FE78B8C328,16.14,queries/Core/07_grouping_distinct/distinct_3_vals.sql,3,3,1.617246,6.950,1404.498,0.205798,0.016510,0.018582,7168,3,112561,0,0,0,0,5,1,3,6001245,3,12002490,0,2,lineitem,0,21.725280761718750000,18.669189453125000000,,
2026-07-29T11:58:09Z,314830FE78B8C328,16.14,queries/Core/07_grouping_distinct/distinct_on.sql,1,3,7.360397,7.649,7122.497,0.230251,0.008165,0.014624,7168,6,112561,0,0,26435,26519,3,1,3,12002433,3,72014598,0,0,lineitem,0,80.275390625000000000,70.711303710937500000,,
2026-07-29T11:58:19Z,314830FE78B8C328,16.14,queries/Core/07_grouping_distinct/distinct_on.sql,2,3,7.400371,6.631,7130.107,0.263633,0.011478,0.022240,7168,6,112561,0,0,26435,26519,3,1,3,12002433,3,72014598,0,0,lineitem,0,80.667602539062500000,71.074340820312500000,,
2026-07-29T11:58:30Z,314830FE78B8C328,16.14,queries/Core/07_grouping_distinct/distinct_on.sql,3,3,7.354082,7.608,7127.664,0.218810,0.009712,0.014618,7168,6,112561,0,0,26435,26519,3,1,3,12002433,3,72014598,0,0,lineitem,0,80.678039550781250000,71.089416503906250000,,
2026-07-29T11:58:36Z,314830FE78B8C328,16.14,queries/Core/07_grouping_distinct/group_1500k_vals.sql,1,3,3.036702,6.760,2799.696,0.230246,0.009066,0.019510,7168,0,112561,0,0,27796,50201,4,1,1500000,10504377,373805,42017508,0,2,lineitem,0,47.259399414062500000,42.331909179687500000,,
2026-07-29T11:58:42Z,314830FE78B8C328,16.14,queries/Core/07_grouping_distinct/group_1500k_vals.sql,2,3,3.225497,6.665,2953.266,0.265566,0.016174,0.017725,7168,0,112561,0,0,27316,49547,4,1,1500000,10504376,373805,42017504,0,2,lineitem,0,46.989257812500000000,41.715576171875000000,,
2026-07-29T11:58:48Z,314830FE78B8C328,16.14,queries/Core/07_grouping_distinct/group_1500k_vals.sql,3,3,3.073802,7.221,2900.287,0.166294,0.003262,0.009086,7168,0,112561,0,0,27565,49944,4,1,1500000,10504394,373805,42017576,0,2,lineitem,0,47.634948730468750000,42.622070312500000000,,
2026-07-29T11:58:53Z,314830FE78B8C328,16.14,queries/Core/07_grouping_distinct/group_200k_sortagg.sql,1,3,2.152391,6.420,1935.259,0.210712,0.011118,0.023324,7168,112,112561,0,0,8826,8858,5,1,200000,13402357,198911,53609428,0,2,lineitem,0,31.891113281250000000,28.012451171875000000,,
2026-07-29T11:58:59Z,314830FE78B8C328,16.14,queries/Core/07_grouping_distinct/group_200k_sortagg.sql,2,3,2.274117,7.661,2054.167,0.212289,0.007110,0.027119,7168,112,112561,0,0,8826,8859,5,1,200000,13402393,198911,53609572,0,2,lineitem,0,32.175109863281250000,28.184814453125000000,,
2026-07-29T11:59:04Z,314830FE78B8C328,16.14,queries/Core/07_grouping_distinct/group_200k_sortagg.sql,3,3,2.203742,7.407,1989.254,0.207081,0.011497,0.024014,7168,112,112561,0,0,8826,8859,5,1,200000,13402357,198911,53609428,0,2,lineitem,0,32.287902832031250000,28.322937011718750000,,
2026-07-29T11:59:10Z,314830FE78B8C328,16.14,queries/Core/07_grouping_distinct/group_200k_vals.sql,1,3,2.482613,6.722,2265.229,0.210662,0.017342,0.017575,7168,14,112561,0,0,11358,19298,5,1,200000,8001115,198911,32004460,0,2,lineitem,0,28.036315917968750000,23.456298828125000000,,
2026-07-29T11:59:15Z,314830FE78B8C328,16.14,queries/Core/07_grouping_distinct/group_200k_vals.sql,2,3,2.474859,7.096,2254.284,0.213479,0.011849,0.023791,7168,14,112561,0,0,11715,20677,5,1,200000,8001126,198911,32004504,0,2,lineitem,0,27.904785156250000000,23.329895019531250000,,
2026-07-29T11:59:21Z,314830FE78B8C328,16.14,queries/Core/07_grouping_distinct/group_200k_vals.sql,3,3,2.453777,6.960,2236.265,0.210552,0.011244,0.023983,7168,14,112561,0,0,11446,19531,5,1,200000,8001143,198911,32004572,0,2,lineitem,0,27.288635253906250000,22.738830566406250000,,
2026-07-29T11:59:25Z,314830FE78B8C328,16.14,queries/Core/07_grouping_distinct/group_3_vals.sql,1,3,1.651811,6.852,1436.010,0.208949,0.009150,0.026348,7168,14,112561,0,0,0,0,5,1,3,6001245,3,12002490,0,2,lineitem,0,21.133361816406250000,18.025451660156250000,,
2026-07-29T11:59:30Z,314830FE78B8C328,16.14,queries/Core/07_grouping_distinct/group_3_vals.sql,2,3,1.637457,7.529,1422.355,0.207573,0.011380,0.024525,7168,14,112561,0,0,0,0,5,1,3,6001245,3,12002490,0,2,lineitem,0,20.679260253906250000,17.589172363281250000,,
2026-07-29T11:59:35Z,314830FE78B8C328,16.14,queries/Core/07_grouping_distinct/group_3_vals.sql,3,3,1.583906,8.370,1410.733,0.164803,0.010729,0.022210,7168,14,112561,0,0,0,0,5,1,3,6001245,3,12002490,0,2,lineitem,0,21.393493652343750000,18.390930175781250000,,
2026-07-29T11:59:40Z,314830FE78B8C328,16.14,queries/Core/07_grouping_distinct/group_7_vals.sql,1,3,1.664197,7.534,1447.995,0.208668,0.012917,0.022195,7168,14,112561,0,0,0,0,5,1,7,6001285,7,66014135,0,2,lineitem,0,23.981628417968750000,20.852966308593750000,,
2026-07-29T11:59:45Z,314830FE78B8C328,16.14,queries/Core/07_grouping_distinct/group_7_vals.sql,2,3,1.628197,6.812,1460.248,0.161137,0.005420,0.013676,7168,14,112561,0,0,0,0,5,1,7,6001285,7,66014135,0,2,lineitem,0,23.620361328125000000,20.513793945312500000,,
2026-07-29T11:59:49Z,314830FE78B8C328,16.14,queries/Core/07_grouping_distinct/group_7_vals.sql,3,3,1.674607,7.681,1457.190,0.209736,0.006861,0.028481,7168,14,112561,0,0,0,0,5,1,7,6001285,7,66014135,0,2,lineitem,0,23.434265136718750000,20.293945312500000000,,
2026-07-29T11:59:55Z,314830FE78B8C328,16.14,queries/Core/07_grouping_distinct/grouping_sets.sql,1,3,2.748722,7.378,2536.645,0.204699,0.011758,0.022160,7168,0,112561,0,0,0,0,2,1,5,6001220,5,24004880,0,0,lineitem,0,27.935974121093750000,22.836486816406250000,,
2026-07-29T12:00:01Z,314830FE78B8C328,16.14,queries/Core/07_grouping_distinct/grouping_sets.sql,2,3,2.752095,7.881,2539.960,0.204254,0.012652,0.020937,7168,0,112561,0,0,0,0,2,1,5,6001220,5,24004880,0,0,lineitem,0,27.907775878906250000,22.810974121093750000,,
2026-07-29T12:00:06Z,314830FE78B8C328,16.14,queries/Core/07_grouping_distinct/grouping_sets.sql,3,3,2.760251,7.749,2550.324,0.202178,0.004291,0.030181,7168,0,112561,0,0,0,0,2,1,5,6001220,5,24004880,0,0,lineitem,0,28.070190429687500000,22.947875976562500000,,
2026-07-29T12:00:12Z,314830FE78B8C328,16.14,queries/Core/07_grouping_distinct/having.sql,1,3,2.345442,7.560,2206.690,0.131192,0.009353,0.013336,7168,14,112561,0,0,15564,26047,5,1,90589,7891687,66304,45965812,109411,2,lineitem,0,36.590209960937500000,31.812255859375000000,,
2026-07-29T12:00:17Z,314830FE78B8C328,16.14,queries/Core/07_grouping_distinct/having.sql,2,3,2.355479,7.197,2132.262,0.216020,0.011559,0.023008,7168,14,112561,0,0,15563,25828,5,1,90589,7891705,66304,45966028,109411,2,lineitem,0,36.343017578125000000,31.516296386718750000,,
2026-07-29T12:00:23Z,314830FE78B8C328,16.14,queries/Core/07_grouping_distinct/having.sql,3,3,2.395060,7.769,2175.385,0.211906,0.008069,0.026835,7168,14,112561,0,0,15566,25814,5,1,90589,7891724,66304,45966256,109411,2,lineitem,0,36.285095214843750000,31.419250488281250000,,
2026-07-29T12:00:29Z,314830FE78B8C328,16.14,queries/Core/07_grouping_distinct/rollup.sql,1,3,2.886886,7.923,2674.774,0.204189,0.008791,0.022693,7168,0,112561,0,0,0,0,2,1,8,6001223,10,24004892,0,0,lineitem,0,29.743469238281250000,24.407165527343750000,,
2026-07-29T12:00:34Z,314830FE78B8C328,16.14,queries/Core/07_grouping_distinct/rollup.sql,2,3,2.838071,8.097,2627.850,0.202124,0.009802,0.023697,7168,0,112561,0,0,0,0,2,1,8,6001223,10,24004892,0,0,lineitem,0,29.058227539062500000,23.809448242187500000,,
2026-07-29T12:00:40Z,314830FE78B8C328,16.14,queries/Core/07_grouping_distinct/rollup.sql,3,3,2.799927,6.668,2610.892,0.182367,0.017736,0.017898,7168,0,112561,0,0,0,0,2,1,8,6001223,10,24004892,0,0,lineitem,0,29.514282226562500000,24.309265136718750000,,
2026-07-29T12:00:45Z,314830FE78B8C328,16.14,queries/Core/08_sorting/limit_with_ties.sql,1,3,1.743145,5.583,1554.382,0.183180,0.004345,0.015179,7168,112,112561,0,0,1514,8858,4,1,124,6004686,100,24018744,0,2,lineitem,0,21.976745605468750000,18.613403320312500000,,
2026-07-29T12:00:50Z,314830FE78B8C328,16.14,queries/Core/08_sorting/limit_with_ties.sql,2,3,1.782086,5.308,1563.680,0.213098,0.014376,0.021582,7168,112,112561,0,0,1514,8858,4,1,124,6004596,100,24018384,0,2,lineitem,0,22.184143066406250000,18.767395019531250000,,
2026-07-29T12:00:55Z,314830FE78B8C328,16.14,queries/Core/08_sorting/limit_with_ties.sql,3,3,1.759355,6.809,1541.749,0.210797,0.011332,0.024539,7168,112,112561,0,0,1514,8858,4,1,124,6004635,100,24018540,0,2,lineitem,0,21.983459472656250000,18.564575195312500000,,
2026-07-29T12:01:02Z,314830FE78B8C328,16.14,queries/Core/08_sorting/sort_2_keys.sql,1,3,4.318927,6.452,4049.764,0.262711,0.010691,0.024266,7168,3,112561,0,0,26435,26519,2,1,6001215,12002430,6001325,96019440,0,0,lineitem,0,43.003784179687500000,36.218994140625000000,,
2026-07-29T12:01:09Z,314830FE78B8C328,16.14,queries/Core/08_sorting/sort_2_keys.sql,2,3,4.252597,7.055,4048.021,0.197521,0.009421,0.016952,7040,3,112561,0,0,26435,26519,2,1,6001215,12002430,6001325,96019440,0,0,lineitem,0,43.059143066406250000,36.263549804687500000,,
2026-07-29T12:01:17Z,314830FE78B8C328,16.14,queries/Core/08_sorting/sort_2_keys.sql,3,3,4.351267,6.912,4090.478,0.253877,0.008632,0.018679,7168,3,112561,0,0,26435,26519,2,1,6001215,12002430,6001325,96019440,0,0,lineitem,0,43.084411621093750000,36.241882324218750000,,
2026-07-29T12:01:23Z,314830FE78B8C328,16.14,queries/Core/08_sorting/sort_date.sql,1,3,3.314763,7.045,3050.189,0.257529,0.009941,0.023864,7168,3,112561,0,0,17631,17665,2,1,6001215,12002430,6001325,48009720,0,0,lineitem,0,30.903442382812500000,25.361877441406250000,,
2026-07-29T12:01:30Z,314830FE78B8C328,16.14,queries/Core/08_sorting/sort_date.sql,2,3,3.136589,6.349,2958.297,0.171943,0.006984,0.012924,7168,3,112561,0,0,17631,17665,2,1,6001215,12002430,6001325,48009720,0,0,lineitem,0,30.986999511718750000,25.766479492187500000,,
2026-07-29T12:01:36Z,314830FE78B8C328,16.14,queries/Core/08_sorting/sort_date.sql,3,3,3.304979,6.555,3061.213,0.237211,0.015297,0.022073,7168,3,112561,0,0,17631,17665,2,1,6001215,12002430,6001325,48009720,0,0,lineitem,0,30.942443847656250000,25.408691406250000000,,
2026-07-29T12:01:43Z,314830FE78B8C328,16.14,queries/Core/08_sorting/sort_desc.sql,1,3,3.822862,6.369,3554.595,0.261898,0.012098,0.023862,7168,3,112561,0,0,17631,17665,2,1,6001215,12002430,6001325,48009720,0,0,lineitem,0,34.531860351562500000,28.543823242187500000,,
2026-07-29T12:01:50Z,314830FE78B8C328,16.14,queries/Core/08_sorting/sort_desc.sql,2,3,3.865424,5.633,3598.904,0.260887,0.014109,0.021608,7168,3,112561,0,0,17631,17665,2,1,6001215,12002430,6001325,48009720,0,0,lineitem,0,34.306640625000000000,28.376953125000000000,,
2026-07-29T12:01:57Z,314830FE78B8C328,16.14,queries/Core/08_sorting/sort_desc.sql,3,3,3.838318,5.738,3618.173,0.214407,0.008946,0.010969,7168,3,112561,0,0,17631,17665,2,1,6001215,12002430,6001325,48009720,0,0,lineitem,0,34.499084472656250000,28.469543457031250000,,
2026-07-29T12:02:03Z,314830FE78B8C328,16.14,queries/Core/08_sorting/sort_int.sql,1,3,3.737235,5.908,3480.526,0.250801,0.011613,0.024191,7168,3,112561,0,0,17631,17665,2,1,6001215,12002430,6001325,48009720,0,0,lineitem,0,34.292907714843750000,28.473876953125000000,,
2026-07-29T12:02:10Z,314830FE78B8C328,16.14,queries/Core/08_sorting/sort_int.sql,2,3,3.734375,5.267,3500.811,0.228297,0.014665,0.021218,7168,3,112561,0,0,17631,17665,2,1,6001215,12002430,6001325,48009720,0,0,lineitem,0,34.266174316406250000,28.351989746093750000,,
2026-07-29T12:02:17Z,314830FE78B8C328,16.14,queries/Core/08_sorting/sort_int.sql,3,3,3.771102,6.161,3551.370,0.213571,0.006453,0.025450,7168,3,112561,0,0,17631,17665,2,1,6001215,12002430,6001325,48009720,0,0,lineitem,0,34.779418945312500000,28.842956542968750000,,
2026-07-29T12:02:23Z,314830FE78B8C328,16.14,queries/Core/08_sorting/sort_int_presorted.sql,1,3,3.040574,6.355,2796.499,0.237720,0.011733,0.022239,7168,3,112561,0,0,17631,17665,2,1,6001215,12002430,6001325,48009720,0,0,lineitem,0,25.765808105468750000,20.608581542968750000,,
2026-07-29T12:02:29Z,314830FE78B8C328,16.14,queries/Core/08_sorting/sort_int_presorted.sql,2,3,2.810491,5.061,2584.626,0.220804,0.011205,0.012046,7168,3,112561,0,0,17631,17665,2,1,6001215,12002430,6001325,48009720,0,0,lineitem,0,25.330627441406250000,20.611999511718750000,,
2026-07-29T12:02:35Z,314830FE78B8C328,16.14,queries/Core/08_sorting/sort_int_presorted.sql,3,3,2.884499,7.073,2618.253,0.259173,0.014314,0.021406,7168,3,112561,0,0,17631,17665,2,1,6001215,12002430,6001325,48009720,0,0,lineitem,0,25.159362792968750000,20.396118164062500000,,
2026-07-29T12:02:45Z,314830FE78B8C328,16.14,queries/Core/08_sorting/sort_numeric.sql,1,3,7.375954,8.498,7112.548,0.254908,0.011786,0.023381,7168,3,112561,0,0,18583,18653,2,1,6001215,12002430,6001325,96019440,0,0,lineitem,0,74.134582519531250000,64.942687988281250000,,
2026-07-29T12:02:56Z,314830FE78B8C328,16.14,queries/Core/08_sorting/sort_numeric.sql,2,3,7.425073,8.172,7158.791,0.258110,0.015197,0.017109,7168,3,112561,0,0,18583,18653,2,1,6001215,12002430,6001325,96019440,0,0,lineitem,0,74.302124023437500000,65.029296875000000000,,
2026-07-29T12:03:06Z,314830FE78B8C328,16.14,queries/Core/08_sorting/sort_numeric.sql,3,3,7.399692,6.820,7135.216,0.257656,0.013380,0.020923,7168,3,112561,0,0,18583,18653,2,1,6001215,12002430,6001325,96019440,0,0,lineitem,0,74.616027832031250000,65.295349121093750000,,
2026-07-29T12:03:33Z,314830FE78B8C328,16.14,queries/Core/08_sorting/sort_text.sql,1,3,23.388800,5.558,23232.041,0.151201,0.011306,0.018484,7168,114,112561,0,0,46266,46359,3,1,6001215,18003645,5001104,486098415,0,2,lineitem,0,355.149291992187500000,328.231689453125000000,,
2026-07-29T12:04:00Z,314830FE78B8C328,16.14,queries/Core/08_sorting/sort_text.sql,2,3,23.636847,6.578,23418.972,0.211297,0.012219,0.022946,7168,114,112561,0,0,46266,46359,3,1,6001215,18003645,5001104,486098415,0,2,lineitem,0,357.432739257812500000,330.053405761718750000,,
2026-07-29T12:04:26Z,314830FE78B8C328,16.14,queries/Core/08_sorting/sort_text.sql,3,3,23.158472,5.842,22974.956,0.177674,0.007514,0.023676,7168,114,112561,0,0,46266,46359,3,1,6001215,18003645,5001104,486098415,0,2,lineitem,0,361.304260253906250000,334.639648437500000000,,
2026-07-29T12:04:33Z,314830FE78B8C328,16.14,queries/Core/08_sorting/sort_text_collate_c.sql,1,3,4.154605,6.098,3969.309,0.179198,0.007670,0.023795,7168,114,112561,0,0,95438,95594,3,1,6001215,18003645,5001104,2394484785,0,2,lineitem,0,80.744201660156250000,73.658325195312500000,,
2026-07-29T12:04:40Z,314830FE78B8C328,16.14,queries/Core/08_sorting/sort_text_collate_c.sql,2,3,4.152913,6.315,3978.679,0.167919,0.006413,0.014980,7168,114,112561,0,0,95432,95587,3,1,6001215,18003645,5001104,2394484785,0,2,lineitem,0,79.258056640625000000,71.786010742187500000,,
2026-07-29T12:04:48Z,314830FE78B8C328,16.14,queries/Core/08_sorting/sort_text_collate_c.sql,3,3,4.265287,5.238,4061.529,0.198520,0.011366,0.022869,7168,114,112561,0,0,95436,95591,3,1,6001215,18003645,5001104,2394484785,0,2,lineitem,0,80.255615234375000000,72.669616699218750000,,
2026-07-29T12:04:52Z,314830FE78B8C328,16.14,queries/Core/08_sorting/sort_topn_100.sql,1,3,1.567625,6.127,1355.077,0.206421,0.010221,0.022289,7168,112,112561,0,0,0,0,4,1,100,6001649,100,24006596,0,2,lineitem,0,14.707519531250000000,11.740356445312500000,,
2026-07-29T12:04:57Z,314830FE78B8C328,16.14,queries/Core/08_sorting/sort_topn_100.sql,2,3,1.565700,6.305,1351.038,0.208357,0.009917,0.025281,7168,112,112561,0,0,0,0,4,1,100,6001646,100,24006584,0,2,lineitem,0,12.888427734375000000,9.939819335937500000,,
2026-07-29T12:05:02Z,314830FE78B8C328,16.14,queries/Core/08_sorting/sort_topn_100.sql,3,3,1.618476,5.708,1404.002,0.208766,0.010837,0.025314,7168,112,112561,0,0,0,0,4,1,100,6001649,100,24006596,0,2,lineitem,0,12.977355957031250000,9.923583984375000000,,
2026-07-29T12:05:07Z,314830FE78B8C328,16.14,queries/Core/09_set_operations/except.sql,1,3,2.029981,5.964,1795.655,0.228362,0.011129,0.023582,7168,32,52240,0,0,0,0,6,4,0,9000000,87133,60000000,0,0,"*SELECT*;orders,0,10.234313964843750000,7.084655761718750000,,
2026-07-29T12:05:12Z,314830FE78B8C328,16.14,queries/Core/09_set_operations/except.sql,2,3,2.040254,7.304,1768.869,0.264081,0.010691,0.025541,7168,32,52240,0,0,0,0,6,4,0,9000000,87133,60000000,0,0,"*SELECT*;orders,0,10.266296386718750000,7.125061035156250000,,
2026-07-29T12:05:17Z,314830FE78B8C328,16.14,queries/Core/09_set_operations/except.sql,3,3,1.965551,6.505,1744.224,0.214822,0.005313,0.013506,7168,32,52240,0,0,0,0,6,4,0,9000000,87133,60000000,0,0,"*SELECT*;orders,0,10.518859863281250000,7.473510742187500000,,
2026-07-29T12:05:22Z,314830FE78B8C328,16.14,queries/Core/09_set_operations/except_all.sql,1,3,2.019109,6.537,1746.849,0.265723,0.011270,0.024425,7040,32,52240,0,0,0,0,6,4,0,9000000,1500000,60000000,0,0,"*SELECT*;orders,0,10.441589355468750000,7.335266113281250000,,
2026-07-29T12:05:27Z,314830FE78B8C328,16.14,queries/Core/09_set_operations/except_all.sql,2,3,2.000074,6.563,1753.509,0.240002,0.013609,0.021812,7168,32,52240,0,0,0,0,6,4,0,9000000,1500000,60000000,0,0,"*SELECT*;orders,0,10.669677734375000000,7.506408691406250000,,
2026-07-29T12:05:32Z,314830FE78B8C328,16.14,queries/Core/09_set_operations/except_all.sql,3,3,2.038463,6.452,1798.051,0.233960,0.006723,0.028803,7168,32,52240,0,0,0,0,6,4,0,9000000,1500000,60000000,0,0,"*SELECT*;orders,0,10.397216796875000000,7.242980957031250000,,
2026-07-29T12:05:37Z,314830FE78B8C328,16.14,queries/Core/09_set_operations/intersect.sql,1,3,2.028824,6.666,1765.462,0.256696,0.012825,0.022394,7168,32,52240,0,0,0,0,6,4,99996,9099996,87133,60799968,0,0,"*SELECT*;orders,0,10.258422851562500000,7.158203125000000000,,
2026-07-29T12:05:42Z,314830FE78B8C328,16.14,queries/Core/09_set_operations/intersect.sql,2,3,2.052078,6.493,1783.840,0.261745,0.009246,0.025459,7168,32,52240,0,0,0,0,6,4,99996,9099996,87133,60799968,0,0,"*SELECT*;orders,0,10.434570312500000000,7.289184570312500000,,
2026-07-29T12:05:47Z,314830FE78B8C328,16.14,queries/Core/09_set_operations/intersect.sql,3,3,2.035561,6.615,1765.226,0.263720,0.006516,0.027535,7168,32,52240,0,0,0,0,6,4,99996,9099996,87133,60799968,0,0,"*SELECT*;orders,0,10.596191406250000000,7.455749511718750000,,
2026-07-29T12:05:52Z,314830FE78B8C328,16.14,queries/Core/09_set_operations/intersect_all.sql,1,3,2.039468,6.067,1773.629,0.259772,0.013289,0.019534,7168,32,52240,0,0,0,0,6,4,1500000,10500000,1500000,72000000,0,0,"*SELECT*;orders,0,10.964782714843750000,7.808044433593750000,,
2026-07-29T12:05:57Z,314830FE78B8C328,16.14,queries/Core/09_set_operations/intersect_all.sql,2,3,2.060105,6.989,1823.416,0.229700,0.007889,0.011144,7168,32,52240,0,0,0,0,6,4,1500000,10500000,1500000,72000000,0,0,"*SELECT*;orders,0,10.811645507812500000,7.676452636718750000,,
2026-07-29T12:06:02Z,314830FE78B8C328,16.14,queries/Core/09_set_operations/intersect_all.sql,3,3,2.092841,7.340,1822.450,0.263051,0.012854,0.020729,7168,32,52240,0,0,0,0,6,4,1500000,10500000,1500000,72000000,0,0,"*SELECT*;orders,0,11.050903320312500000,7.800109863281250000,,
2026-07-29T12:06:07Z,314830FE78B8C328,16.14,queries/Core/09_set_operations/union.sql,1,3,2.065944,6.924,1849.149,0.209871,0.005891,0.013877,7168,35,52240,0,0,8816,8833,5,2,99996,9099996,3000000,36399984,0,0,orders,0,17.215942382812500000,14.275878906250000000,,
2026-07-29T12:06:12Z,314830FE78B8C328,16.14,queries/Core/09_set_operations/union.sql,2,3,2.134445,6.964,1860.950,0.266531,0.012685,0.021907,7168,35,52240,0,0,8816,8833,5,2,99996,9099996,3000000,36399984,0,0,orders,0,17.196411132812500000,14.156616210937500000,,
2026-07-29T12:06:18Z,314830FE78B8C328,16.14,queries/Core/09_set_operations/union.sql,3,3,2.071731,6.761,1810.733,0.254237,0.011515,0.024224,7168,35,52240,0,0,8816,8833,5,2,99996,9099996,3000000,36399984,0,0,orders,0,17.169250488281250000,14.234008789062500000,,
2026-07-29T12:06:22Z,314830FE78B8C328,16.14,queries/Core/09_set_operations/union_all.sql,1,3,0.946829,4.174,706.108,0.236547,0.015831,0.019573,7168,32,52240,0,0,0,0,3,2,3000000,6000000,3000000,24000000,0,0,orders,0,6.239440917968750000,4.645263671875000000,,
2026-07-29T12:06:26Z,314830FE78B8C328,16.14,queries/Core/09_set_operations/union_all.sql,2,3,0.961621,6.440,695.500,0.259681,0.015597,0.019580,7168,32,52240,0,0,0,0,3,2,3000000,6000000,3000000,24000000,0,0,orders,0,6.119506835937500000,4.532348632812500000,,
2026-07-29T12:06:29Z,314830FE78B8C328,16.14,queries/Core/09_set_operations/union_all.sql,3,3,0.887598,5.851,696.338,0.185409,0.007331,0.011591,7168,32,52240,0,0,0,0,3,2,3000000,6000000,3000000,24000000,0,0,orders,0,5.995910644531250000,4.495483398437500000,,
2026-07-29T12:06:33Z,314830FE78B8C328,16.14,queries/Core/10_subqueries_ctes/cte_inline.sql,1,3,0.696528,5.207,531.624,0.159697,0.003646,0.013787,7168,0,26136,0,0,0,0,1,1,1500000,1500000,1500000,6000000,0,0,orders,0,3.833984375000000000,2.609008789062500000,,
2026-07-29T12:06:37Z,314830FE78B8C328,16.14,queries/Core/10_subqueries_ctes/cte_inline.sql,2,3,0.719899,5.277,514.577,0.200045,0.013140,0.023121,7168,0,26136,0,0,0,0,1,1,1500000,1500000,1500000,6000000,0,0,orders,0,3.731811523437500000,2.482727050781250000,,
2026-07-29T12:06:40Z,314830FE78B8C328,16.14,queries/Core/10_subqueries_ctes/cte_inline.sql,3,3,0.726630,5.251,518.058,0.203321,0.016669,0.019459,7168,0,26136,0,0,0,0,1,1,1500000,1500000,1500000,6000000,0,0,orders,0,3.725952148437500000,2.466491699218750000,,
2026-07-29T12:06:44Z,314830FE78B8C328,16.14,queries/Core/10_subqueries_ctes/cte_materialized.sql,1,3,0.838340,6.332,625.097,0.206911,0.014385,0.020424,7168,0,26136,0,0,0,2563,2,2,1500000,3000000,1500000,12000000,0,0,w;orders,0,5.832763671875000000,4.376586914062500000,,
2026-07-29T12:06:47Z,314830FE78B8C328,16.14,queries/Core/10_subqueries_ctes/cte_materialized.sql,2,3,0.851731,6.037,639.806,0.205888,0.018987,0.016030,7168,0,26136,0,0,0,2563,2,2,1500000,3000000,1500000,12000000,0,0,w;orders,0,5.837890625000000000,4.375976562500000000,,
2026-07-29T12:06:51Z,314830FE78B8C328,16.14,queries/Core/10_subqueries_ctes/cte_materialized.sql,3,3,0.799172,5.349,627.780,0.166043,0.008679,0.011893,7168,0,26136,0,0,0,2563,2,2,1500000,3000000,1500000,12000000,0,0,w;orders,0,5.805847167968750000,4.405822753906250000,,
2026-07-29T12:06:55Z,314830FE78B8C328,16.14,queries/Core/10_subqueries_ctes/cte_recursive.sql,1,3,0.697513,2.434,434.866,0.260213,0.011492,0.024876,7168,0,0,0,0,0,1708,4,2,1000000,3000001,31,12000004,0,0,t,0,5.770080566406250000,5.007385253906250000,,
2026-07-29T12:06:58Z,314830FE78B8C328,16.14,queries/Core/10_subqueries_ctes/cte_recursive.sql,2,3,0.625041,2.496,437.379,0.185166,0.006073,0.015715,7168,0,0,0,0,0,1708,4,2,1000000,3000001,31,12000004,0,0,t,0,5.709533691406250000,5.065063476562500000,,
2026-07-29T12:07:02Z,314830FE78B8C328,16.14,queries/Core/10_subqueries_ctes/cte_recursive.sql,3,3,0.705267,2.641,436.775,0.265851,0.010492,0.026368,7168,0,0,0,0,0,1708,4,2,1000000,3000001,31,12000004,0,0,t,0,5.781799316406250000,4.981384277343750000,,
2026-07-29T12:07:05Z,314830FE78B8C328,16.14,queries/Core/10_subqueries_ctes/from_subquery.sql,1,3,0.762464,5.805,546.550,0.210109,0.014444,0.021460,7168,0,26136,0,0,0,0,1,1,1500000,1500000,1500000,6000000,0,0,orders,0,3.726684570312500000,2.416259765625000000,,
2026-07-29T12:07:09Z,314830FE78B8C328,16.14,queries/Core/10_subqueries_ctes/from_subquery.sql,2,3,0.739817,5.533,562.264,0.172020,0.011364,0.023728,7168,0,26136,0,0,0,0,1,1,1500000,1500000,1500000,6000000,0,0,orders,0,3.805541992187500000,2.489746093750000000,,
2026-07-29T12:07:13Z,314830FE78B8C328,16.14,queries/Core/10_subqueries_ctes/from_subquery.sql,3,3,0.734671,5.707,522.974,0.205990,0.009456,0.025505,7168,0,26136,0,0,0,0,1,1,1500000,1500000,1500000,6000000,0,0,orders,0,3.707763671875000000,2.432495117187500000,,
2026-07-29T12:07:16Z,314830FE78B8C328,16.14,queries/Core/10_subqueries_ctes/function_scan.sql,1,3,0.918820,1.412,658.787,0.258621,0.012774,0.022602,7168,0,0,0,0,8545,8545,1,1,5000000,5000000,5000000,20000000,0,0,generate_series,0,8.348388671875000000,7.366271972656250000,,
2026-07-29T12:07:20Z,314830FE78B8C328,16.14,queries/Core/10_subqueries_ctes/function_scan.sql,2,3,0.924056,1.651,661.610,0.260795,0.013702,0.021888,7168,0,0,0,0,8545,8545,1,1,5000000,5000000,5000000,20000000,0,0,generate_series,0,8.304992675781250000,7.327697753906250000,,
2026-07-29T12:07:24Z,314830FE78B8C328,16.14,queries/Core/10_subqueries_ctes/function_scan.sql,3,3,0.876436,1.349,661.346,0.213741,0.008859,0.011766,7168,0,0,0,0,8545,8545,1,1,5000000,5000000,5000000,20000000,0,0,generate_series,0,8.484191894531250000,7.515930175781250000,,
2026-07-29T12:07:32Z,314830FE78B8C328,16.14,queries/Core/10_subqueries_ctes/lateral_limit.sql,1,3,5.126816,10.246,4905.570,0.211000,0.016884,0.018792,7168,895284,56047,0,0,0,0,4,2,497842,1547842,750000,6191368,0,0,customer;orders,0,18.348083496093750000,8.951965332031250000,,
2026-07-29T12:07:40Z,314830FE78B8C328,16.14,queries/Core/10_subqueries_ctes/lateral_limit.sql,2,3,5.325400,10.211,5103.458,0.211731,0.011837,0.023564,7168,895284,56047,0,0,0,0,4,2,497842,1547842,750000,6191368,0,0,customer;orders,0,18.853881835937500000,9.109375000000000000,,
2026-07-29T12:07:48Z,314830FE78B8C328,16.14,queries/Core/10_subqueries_ctes/lateral_limit.sql,3,3,5.326971,10.467,5106.998,0.209506,0.015142,0.020262,7168,895284,56047,0,0,0,0,4,2,497842,1547842,750000,6191368,0,0,customer;orders,0,19.583251953125000000,9.879089355468750000,,
2026-07-29T12:07:52Z,314830FE78B8C328,16.14,queries/Core/10_subqueries_ctes/scalar_correlated.sql,1,3,1.093970,8.008,881.613,0.204349,0.014559,0.020189,7040,149999,3601,0,0,0,0,2,2,150000,300000,150000,31200000,24,0,customer;nation,0,7.030578613281250000,5.096313476562500000,,
2026-07-29T12:07:56Z,314830FE78B8C328,16.14,queries/Core/10_subqueries_ctes/scalar_correlated.sql,2,3,1.114380,9.262,897.769,0.207349,0.011314,0.023340,7168,149999,3601,0,0,0,0,2,2,150000,300000,150000,31200000,24,0,customer;nation,0,7.078002929687500000,5.110534667968750000,,
2026-07-29T12:08:00Z,314830FE78B8C328,16.14,queries/Core/10_subqueries_ctes/scalar_correlated.sql,3,3,1.112779,9.050,892.708,0.211021,0.008034,0.026864,7168,149999,3601,0,0,0,0,2,2,150000,300000,150000,31200000,24,0,customer;nation,0,7.032348632812500000,5.066894531250000000,,
2026-07-29T12:08:04Z,314830FE78B8C328,16.14,queries/Core/10_subqueries_ctes/scalar_correlated_indexed.sql,1,3,1.007848,9.627,815.350,0.182871,0.010245,0.009257,7168,448459,5142,0,0,0,0,3,2,150000,1800000,150000,2400000,0,0,customer;orders,0,6.996276855468750000,5.176757812500000000,,
2026-07-29T12:08:08Z,314830FE78B8C328,16.14,queries/Core/10_subqueries_ctes/scalar_correlated_indexed.sql,2,3,1.022892,9.747,802.733,0.210412,0.011693,0.022891,7168,448459,5142,0,0,0,0,3,2,150000,1800000,150000,2400000,0,0,customer;orders,0,6.850158691406250000,5.014709472656250000,,
2026-07-29T12:08:11Z,314830FE78B8C328,16.14,queries/Core/10_subqueries_ctes/scalar_correlated_indexed.sql,3,3,1.036460,9.585,819.313,0.207562,0.012413,0.024806,7168,448459,5142,0,0,0,0,3,2,150000,1800000,150000,2400000,0,0,customer;orders,0,6.901062011718750000,5.027587890625000000,,
2026-07-29T12:08:15Z,314830FE78B8C328,16.14,queries/Core/10_subqueries_ctes/scalar_uncorrelated.sql,1,3,0.745580,83.878,446.376,0.215326,0.012742,0.022924,7168,0,26359,0,0,0,0,3,2,1500000,1510001,1500000,48060032,0,0,orders;supplier,0,4.064941406250000000,2.693725585937500000,,
2026-07-29T12:08:18Z,314830FE78B8C328,16.14,queries/Core/10_subqueries_ctes/scalar_uncorrelated.sql,2,3,0.759283,9.986,533.930,0.215367,0.011512,0.023758,7168,0,26359,0,0,0,0,3,2,1500000,1510001,1500000,48060032,0,0,orders;supplier,0,3.715942382812500000,2.348571777343750000,,
2026-07-29T12:08:22Z,314830FE78B8C328,16.14,queries/Core/10_subqueries_ctes/scalar_uncorrelated.sql,3,3,0.744438,11.340,517.179,0.215919,0.008709,0.026093,7168,0,26359,0,0,0,0,3,2,1500000,1510001,1500000,48060032,0,0,orders;supplier,0,3.697814941406250000,2.365356445312500000,,
2026-07-29T12:08:25Z,314830FE78B8C328,16.14,queries/Core/10_subqueries_ctes/values_scan.sql,1,3,0.200836,2.972,0.738,0.197126,0.008186,0.016109,7040,3,0,0,0,0,0,1,1,10,10,10,40,0,0,"*VALUES*",0,0.739440917968750000,0.437255859375000000,,
2026-07-29T12:08:28Z,314830FE78B8C328,16.14,queries/Core/10_subqueries_ctes/values_scan.sql,2,3,0.212316,2.536,0.611,0.209169,0.013266,0.022997,7168,3,0,0,0,0,0,1,1,10,10,10,40,0,0,"*VALUES*",0,0.726623535156250000,0.418579101562500000,,
2026-07-29T12:08:31Z,314830FE78B8C328,16.14,queries/Core/10_subqueries_ctes/values_scan.sql,3,3,0.215245,2.266,0.666,0.212313,0.013216,0.023212,7168,3,0,0,0,0,0,1,1,10,10,10,40,0,0,"*VALUES*",0,0.724426269531250000,0.405029296875000000,,
2026-07-29T12:08:38Z,314830FE78B8C328,16.14,queries/Core/12_memory_workmem/hashagg_nospill.sql,1,3,3.370891,6.915,3173.193,0.190783,0.006738,0.012429,7168,0,112561,0,0,0,0,2,1,200000,6201215,198911,24804860,0,0,lineitem,0,18.183166503906250000,11.977233886718750000,,
2026-07-29T12:08:44Z,314830FE78B8C328,16.14,queries/Core/12_memory_workmem/hashagg_nospill.sql,2,3,3.417885,6.062,3205.507,0.206316,0.010298,0.023602,7168,0,112561,0,0,0,0,2,1,200000,6201215,198911,24804860,0,0,lineitem,0,18.223815917968750000,11.824645996093750000,,
2026-07-29T12:08:50Z,314830FE78B8C328,16.14,queries/Core/12_memory_workmem/hashagg_nospill.sql,3,3,3.354286,7.057,3135.397,0.211832,0.009487,0.025114,7168,0,112561,0,0,0,0,2,1,200000,6201215,198911,24804860,0,0,lineitem,0,18.618286132812500000,12.329711914062500000,,
2026-07-29T12:08:55Z,314830FE78B8C328,16.14,queries/Core/12_memory_workmem/hashagg_spill.sql,1,3,2.302677,6.751,2083.344,0.212582,0.013679,0.019468,7168,14,112561,0,0,11542,20238,5,1,200000,8001125,198911,32004500,0,2,lineitem,0,30.535522460937500000,25.888061523437500000,,
2026-07-29T12:09:01Z,314830FE78B8C328,16.14,queries/Core/12_memory_workmem/hashagg_spill.sql,2,3,2.406929,8.715,2206.872,0.191342,0.012266,0.020780,7168,14,112561,0,0,11533,20105,5,1,200000,8001169,198911,32004676,0,2,lineitem,0,27.104370117187500000,22.563354492187500000,,
2026-07-29T12:09:06Z,314830FE78B8C328,16.14,queries/Core/12_memory_workmem/hashagg_spill.sql,3,3,2.369930,6.810,2151.515,0.211605,0.009713,0.023310,7168,14,112561,0,0,11644,20351,5,1,200000,8001117,198911,32004468,0,2,lineitem,0,29.866577148437500000,25.202697753906250000,,
2026-07-29T12:09:10Z,314830FE78B8C328,16.14,queries/Core/12_memory_workmem/hashjoin_manybatch.sql,1,3,0.665546,11.152,435.634,0.218760,0.018057,0.017067,7168,124,5137,0,0,4733,4760,7,2,1,3300007,1,7200056,0,2,orders;customer,0,6.015563964843750000,4.892089843750000000,,
2026-07-29T12:09:14Z,314830FE78B8C328,16.14,queries/Core/12_memory_workmem/hashjoin_manybatch.sql,2,3,0.673075,91.580,367.432,0.214063,0.008233,0.026536,7168,125,5137,0,0,4736,4760,7,2,1,3300007,1,7200056,0,2,orders;customer,0,6.030944824218750000,4.895446777343750000,,
2026-07-29T12:09:17Z,314830FE78B8C328,16.14,queries/Core/12_memory_workmem/hashjoin_manybatch.sql,3,3,0.651143,11.639,421.585,0.217919,0.014401,0.021284,7168,124,5137,0,0,4736,4768,7,2,1,3300007,1,7200056,0,2,orders;customer,0,6.032592773437500000,4.940429687500000000,,
2026-07-29T12:09:21Z,314830FE78B8C328,16.14,queries/Core/12_memory_workmem/hashjoin_onebatch.sql,1,3,0.615579,11.010,385.082,0.219487,0.007947,0.026596,7168,125,5137,0,0,0,0,7,2,1,3300007,1,7200056,0,2,orders;customer,0,4.417480468750000000,3.342346191406250000,,
2026-07-29T12:09:24Z,314830FE78B8C328,16.14,queries/Core/12_memory_workmem/hashjoin_onebatch.sql,2,3,0.610652,10.439,378.698,0.221515,0.015384,0.020102,7168,124,5137,0,0,0,0,7,2,1,3300007,1,7200056,0,2,orders;customer,0,4.504272460937500000,3.434814453125000000,,
2026-07-29T12:09:27Z,314830FE78B8C328,16.14,queries/Core/12_memory_workmem/hashjoin_onebatch.sql,3,3,0.613794,10.809,385.840,0.217145,0.015506,0.020662,7168,125,5137,0,0,0,0,7,2,1,3300007,1,7200056,0,2,orders;customer,0,4.480590820312500000,3.401367187500000000,,
2026-07-29T12:09:33Z,314830FE78B8C328,16.14,queries/Core/12_memory_workmem/sort_nospill.sql,1,3,2.852123,6.058,2579.856,0.266209,0.016752,0.018745,7168,3,112561,0,0,0,0,2,1,6001215,12002430,6001325,48009720,0,0,lineitem,0,24.436950683593750000,19.717956542968750000,,
2026-07-29T12:09:39Z,314830FE78B8C328,16.14,queries/Core/12_memory_workmem/sort_nospill.sql,2,3,2.851150,6.041,2578.695,0.266414,0.014099,0.021714,7168,3,112561,0,0,0,0,2,1,6001215,12002430,6001325,48009720,0,0,lineitem,0,24.552551269531250000,19.802307128906250000,,
2026-07-29T12:09:45Z,314830FE78B8C328,16.14,queries/Core/12_memory_workmem/sort_nospill.sql,3,3,2.846697,5.876,2575.266,0.265555,0.014102,0.021648,7168,3,112561,0,0,0,0,2,1,6001215,12002430,6001325,48009720,0,0,lineitem,0,24.573425292968750000,19.848999023437500000,,
2026-07-29T12:09:52Z,314830FE78B8C328,16.14,queries/Core/12_memory_workmem/sort_spill.sql,1,3,3.812425,6.085,3563.375,0.242965,0.003235,0.016149,7168,3,112561,0,0,17631,17665,2,1,6001215,12002430,6001325,48009720,0,0,lineitem,0,34.254699707031250000,28.286621093750000000,,
2026-07-29T12:09:59Z,314830FE78B8C328,16.14,queries/Core/12_memory_workmem/sort_spill.sql,2,3,3.732722,5.920,3485.986,0.240816,0.004805,0.015488,7168,3,112561,0,0,17631,17665,2,1,6001215,12002430,6001325,48009720,0,0,lineitem,0,34.105773925781250000,28.198120117187500000,,
2026-07-29T12:10:06Z,314830FE78B8C328,16.14,queries/Core/12_memory_workmem/sort_spill.sql,3,3,3.866550,5.905,3616.684,0.243961,0.005864,0.010826,7168,3,112561,0,0,17631,17665,2,1,6001215,12002430,6001325,48009720,0,0,lineitem,0,34.374145507812500000,28.307678222656250000,,
2026-07-29T12:10:14Z,314830FE78B8C328,16.14,queries/Core/12_memory_workmem/window_nospill.sql,1,3,5.096599,7.133,4817.920,0.271546,0.017271,0.019230,7168,3,112561,0,0,0,0,3,1,6001215,18003645,6001325,324065610,0,0,lineitem,0,51.760681152343750000,44.778076171875000000,,
2026-07-29T12:10:22Z,314830FE78B8C328,16.14,queries/Core/12_memory_workmem/window_nospill.sql,2,3,4.945364,7.251,4678.551,0.259562,0.009249,0.023307,7168,3,112561,0,0,0,0,3,1,6001215,18003645,6001325,324065610,0,0,lineitem,0,51.482055664062500000,44.661132812500000000,,
2026-07-29T12:10:30Z,314830FE78B8C328,16.14,queries/Core/12_memory_workmem/window_nospill.sql,3,3,5.037704,5.101,4827.220,0.205383,0.012640,0.018876,7168,3,112561,0,0,0,0,3,1,6001215,18003645,6001325,324065610,0,0,lineitem,0,51.351623535156250000,44.261108398437500000,,
2026-07-29T12:11:06Z,314830FE78B8C328,16.14,queries/Core/12_memory_workmem/window_spill.sql,1,3,32.974771,5.836,32778.875,0.190060,0.008777,0.010495,7168,3,112561,0,0,23704848,44848,3,1,6001215,18003645,6001325,324065610,0,0,lineitem,0,332.955871582031250000,300.618469238281250000,,
2026-07-29T12:11:41Z,314830FE78B8C328,16.14,queries/Core/12_memory_workmem/window_spill.sql,2,3,32.119935,7.245,31852.690,0.260000,0.009063,0.023062,7168,3,112561,0,0,23704848,44848,3,1,6001215,18003645,6001325,324065610,0,0,lineitem,0,324.040832519531250000,292.032836914062500000,,
2026-07-29T12:12:17Z,314830FE78B8C328,16.14,queries/Core/12_memory_workmem/window_spill.sql,3,3,32.174351,7.192,31910.340,0.256819,0.015042,0.019440,7168,3,112561,0,0,23704848,44848,3,1,6001215,18003645,6001325,324065610,0,0,lineitem,0,323.653442382812500000,292.116516113281250000,,
2026-07-29T12:12:25Z,314830FE78B8C328,16.14,queries/Core/12_memory_workmem/window_tail_spill.sql,1,3,5.188913,7.909,4939.253,0.241751,0.015739,0.016602,7040,3,112561,0,0,27902,27998,3,1,6001215,18003645,6001325,324065610,0,0,lineitem,0,57.729125976562500000,50.294067382812500000,,
2026-07-29T12:12:33Z,314830FE78B8C328,16.14,queries/Core/12_memory_workmem/window_tail_spill.sql,2,3,5.214280,7.771,4940.315,0.266194,0.011117,0.022127,7168,3,112561,0,0,27902,27998,3,1,6001215,18003645,6001325,324065610,0,0,lineitem,0,57.253845214843750000,49.810058593750000000,,
2026-07-29T12:12:42Z,314830FE78B8C328,16.14,queries/Core/12_memory_workmem/window_tail_spill.sql,3,3,5.175162,6.761,4896.149,0.272252,0.011848,0.021716,7168,3,112561,0,0,27902,27998,3,1,6001215,18003645,6001325,324065610,0,0,lineitem,0,56.743530273437500000,49.257812500000000000,,
2026-07-29T12:12:47Z,314830FE78B8C328,16.14,queries/Core/13_jit/jit_inline.sql,1,3,2.634892,5.816,2438.010,0.191066,0.013089,0.020760,7168,0,112561,0,0,0,0,4,1,1,6001222,1,126025571,0,2,lineitem,0,55.795715332031250000,50.858947753906250000,,
2026-07-29T12:12:53Z,314830FE78B8C328,16.14,queries/Core/13_jit/jit_inline.sql,2,3,2.639057,4.986,2417.163,0.216908,0.013487,0.019856,7168,0,112561,0,0,0,0,4,1,1,6001222,1,126025571,0,2,lineitem,0,55.886657714843750000,50.941528320312500000,,
2026-07-29T12:12:59Z,314830FE78B8C328,16.14,queries/Core/13_jit/jit_inline.sql,3,3,2.629312,5.388,2435.184,0.188740,0.011204,0.021245,7168,0,112561,0,0,0,0,4,1,1,6001222,1,126025571,0,2,lineitem,0,56.454162597656250000,51.514404296875000000,,
2026-07-29T12:13:04Z,314830FE78B8C328,16.14,queries/Core/13_jit/jit_off.sql,1,3,2.376130,5.384,2151.643,0.219103,0.011622,0.022151,7168,0,112561,0,0,0,0,4,1,1,6001222,1,126025571,0,2,lineitem,0,53.420043945312500000,48.997863769531250000,,
2026-07-29T12:13:10Z,314830FE78B8C328,16.14,queries/Core/13_jit/jit_off.sql,2,3,2.404382,6.251,2179.250,0.218881,0.016039,0.017882,7168,0,112561,0,0,0,0,4,1,1,6001222,1,126025571,0,2,lineitem,0,53.296752929687500000,48.839416503906250000,,
2026-07-29T12:13:15Z,314830FE78B8C328,16.14,queries/Core/13_jit/jit_off.sql,3,3,2.382986,5.793,2156.199,0.220994,0.008278,0.024788,7168,0,112561,0,0,0,0,4,1,1,6001222,1,126025571,0,2,lineitem,0,53.721618652343750000,49.292724609375000000,,
2026-07-29T12:13:20Z,314830FE78B8C328,16.14,queries/Core/13_jit/jit_on.sql,1,3,2.524822,5.927,2313.770,0.205125,0.008493,0.024719,7168,0,112561,0,0,0,0,4,1,1,6001222,1,126025571,0,2,lineitem,0,53.742309570312500000,49.032409667968750000,,
2026-07-29T12:13:26Z,314830FE78B8C328,16.14,queries/Core/13_jit/jit_on.sql,2,3,2.541627,5.788,2340.108,0.195731,0.003819,0.015906,7168,0,112561,0,0,0,0,4,1,1,6001222,1,126025571,0,2,lineitem,0,53.901245117187500000,49.161926269531250000,,
2026-07-29T12:13:32Z,314830FE78B8C328,16.14,queries/Core/13_jit/jit_on.sql,3,3,2.562885,6.334,2341.501,0.215050,0.014709,0.019106,7168,0,112561,0,0,0,0,4,1,1,6001222,1,126025571,0,2,lineitem,0,53.732727050781250000,48.953186035156250000,,
2026-07-29T12:13:38Z,314830FE78B8C328,16.14,queries/Core/13_jit/jit_optimize.sql,1,3,2.539652,5.362,2359.050,0.175240,0.005345,0.013941,7168,0,112561,0,0,0,0,4,1,1,6001222,1,126025571,0,2,lineitem,0,53.907592773437500000,49.126464843750000000,,
2026-07-29T12:13:43Z,314830FE78B8C328,16.14,queries/Core/13_jit/jit_optimize.sql,2,3,2.650066,5.596,2452.583,0.191887,0.009361,0.023630,7168,0,112561,0,0,0,0,4,1,1,6001222,1,126025571,0,2,lineitem,0,52.543029785156250000,47.574035644531250000,,
2026-07-29T12:13:49Z,314830FE78B8C328,16.14,queries/Core/13_jit/jit_optimize.sql,3,3,2.578980,5.827,2354.070,0.219083,0.013017,0.020835,7168,0,112561,0,0,0,0,4,1,1,6001222,1,126025571,0,2,lineitem,0,53.491027832031250000,48.670715332031250000,,
2026-07-29T12:13:55Z,314830FE78B8C328,16.14,queries/Core/14_modern_nodes/incremental_sort.sql,1,3,2.726354,6.501,2508.290,0.211563,0.009788,0.023487,7168,3,122039,0,0,0,0,2,1,6001215,12002430,6001325,96019440,0,0,lineitem,0,28.263793945312500000,23.101989746093750000,,
2026-07-29T12:14:01Z,314830FE78B8C328,16.14,queries/Core/14_modern_nodes/incremental_sort.sql,2,3,2.756229,7.925,2537.046,0.211258,0.012572,0.020678,7168,3,122039,0,0,0,0,2,1,6001215,12002430,6001325,96019440,0,0,lineitem,0,28.114868164062500000,22.903015136718750000,,
2026-07-29T12:14:06Z,314830FE78B8C328,16.14,queries/Core/14_modern_nodes/incremental_sort.sql,3,3,2.636885,7.556,2440.180,0.189149,0.003409,0.016606,7168,3,122039,0,0,0,0,2,1,6001215,12002430,6001325,96019440,0,0,lineitem,0,28.183410644531250000,23.165161132812500000,,
2026-07-29T12:14:13Z,314830FE78B8C328,16.14,queries/Core/14_modern_nodes/incremental_sort_off.sql,1,3,3.592348,6.662,3320.675,0.265011,0.009624,0.024361,7168,3,122035,0,0,26435,26519,2,1,6001215,12002430,6001325,96019440,0,0,lineitem,0,37.611572265625000000,31.320556640625000000,,
2026-07-29T12:14:19Z,314830FE78B8C328,16.14,queries/Core/14_modern_nodes/incremental_sort_off.sql,2,3,3.577647,6.915,3309.473,0.261259,0.010725,0.023569,7168,3,122035,0,0,26435,26519,2,1,6001215,12002430,6001325,96019440,0,0,lineitem,0,37.797180175781250000,31.575805664062500000,,
2026-07-29T12:14:26Z,314830FE78B8C328,16.14,queries/Core/14_modern_nodes/incremental_sort_off.sql,3,3,3.554390,6.603,3291.943,0.255844,0.008464,0.015080,7168,3,122035,0,0,26435,26519,2,1,6001215,12002430,6001325,96019440,0,0,lineitem,0,37.659484863281250000,31.442565917968750000,,
2026-07-29T12:14:33Z,314830FE78B8C328,16.14,queries/Core/14_modern_nodes/memoize.sql,1,3,4.074849,10.676,3820.738,0.243435,0.007920,0.011957,7168,46,353,0,0,0,0,4,2,60000414,120160414,60003186,480641656,0,0,supplier;customer,0,43.796447753906250000,38.723083496093750000,,
2026-07-29T12:14:40Z,314830FE78B8C328,16.14,queries/Core/14_modern_nodes/memoize.sql,2,3,4.010952,10.444,3734.561,0.265947,0.011489,0.023010,7168,46,353,0,0,0,0,4,2,60000414,120160414,60003186,480641656,0,0,supplier;customer,0,42.794006347656250000,37.867248535156250000,,
2026-07-29T12:14:47Z,314830FE78B8C328,16.14,queries/Core/14_modern_nodes/memoize.sql,3,3,4.008310,9.016,3733.303,0.265991,0.013794,0.021033,7168,46,353,0,0,0,0,4,2,60000414,120160414,60003186,480641656,0,0,supplier;customer,0,42.887573242187500000,37.905151367187500000,,
2026-07-29T12:14:56Z,314830FE78B8C328,16.14,queries/Core/14_modern_nodes/memoize_off.sql,1,3,5.529058,130.846,5138.461,0.259751,0.013793,0.020256,7168,69856,353,0,0,0,0,3,2,60000414,120010414,60003186,480041656,0,0,supplier;customer,0,63.346740722656250000,57.127380371093750000,,
2026-07-29T12:15:04Z,314830FE78B8C328,16.14,queries/Core/14_modern_nodes/memoize_off.sql,2,3,5.592480,10.561,5344.815,0.237104,0.013715,0.019343,7168,69856,353,0,0,0,0,3,2,60000414,120010414,60003186,480041656,0,0,supplier;customer,0,63.823852539062500000,57.469970703125000000,,
2026-07-29T12:15:13Z,314830FE78B8C328,16.14,queries/Core/14_modern_nodes/memoize_off.sql,3,3,5.516492,10.488,5241.185,0.264819,0.013247,0.019761,7168,69856,353,0,0,0,0,3,2,60000414,120010414,60003186,480041656,0,0,supplier;customer,0,62.887512207031250000,56.676086425781250000,,
2026-07-29T12:15:18Z,314830FE78B8C328,16.14,queries/Functions/00_baseline/char.sql,1,3,1.909004,5.842,1702.037,0.201125,0.007722,0.025312,7168,0,112561,0,0,0,0,1,1,6001215,6001215,6001325,66013365,0,0,lineitem,0,17.719848632812500000,14.145568847656250000,,
2026-07-29T12:15:23Z,314830FE78B8C328,16.14,queries/Functions/00_baseline/char.sql,2,3,1.894729,5.768,1682.973,0.205988,0.013777,0.021879,7168,0,112561,0,0,0,0,1,1,6001215,6001215,6001325,66013365,0,0,lineitem,0,17.357055664062500000,13.806823730468750000,,
2026-07-29T12:15:28Z,314830FE78B8C328,16.14,queries/Functions/00_baseline/char.sql,3,3,1.902174,4.338,1687.639,0.210197,0.012614,0.022328,7168,0,112561,0,0,0,0,1,1,6001215,6001215,6001325,66013365,0,0,lineitem,0,17.562561035156250000,14.015502929687500000,,
2026-07-29T12:15:32Z,314830FE78B8C328,16.14,queries/Functions/00_baseline/date.sql,1,3,1.856800,5.811,1642.599,0.208390,0.007558,0.025414,7168,0,112561,0,0,0,0,1,1,6001215,6001215,6001325,24004860,0,0,lineitem,0,16.172912597656250000,12.701538085937500000,,
2026-07-29T12:15:37Z,314830FE78B8C328,16.14,queries/Functions/00_baseline/date.sql,2,3,1.843400,5.646,1628.839,0.208915,0.011417,0.023824,7168,0,112561,0,0,0,0,1,1,6001215,6001215,6001325,24004860,0,0,lineitem,0,16.152099609375000000,12.702148437500000000,,
2026-07-29T12:15:42Z,314830FE78B8C328,16.14,queries/Functions/00_baseline/date.sql,3,3,1.789238,5.084,1623.289,0.160865,0.009761,0.009201,7168,0,112561,0,0,0,0,1,1,6001215,6001215,6001325,24004860,0,0,lineitem,0,16.142028808593750000,12.764343261718750000,,
2026-07-29T12:15:45Z,314830FE78B8C328,16.14,queries/Functions/00_baseline/int.sql,1,3,0.723847,6.445,507.977,0.209425,0.010701,0.024234,7168,0,9478,0,0,0,0,1,1,6001215,6001215,6001325,24004860,0,0,lineitem,0,6.033081054687500000,4.758972167968750000,,
2026-07-29T12:15:49Z,314830FE78B8C328,16.14,queries/Functions/00_baseline/int.sql,2,3,0.743088,7.328,523.559,0.212201,0.012524,0.023045,7168,0,9478,0,0,0,0,1,1,6001215,6001215,6001325,24004860,0,0,lineitem,0,6.014038085937500000,4.703552246093750000,,
2026-07-29T12:15:53Z,314830FE78B8C328,16.14,queries/Functions/00_baseline/int.sql,3,3,0.698038,6.959,518.932,0.172147,0.005565,0.013043,7168,0,9478,0,0,0,0,1,1,6001215,6001215,6001325,24004860,0,0,lineitem,0,6.007080078125000000,4.764038085937500000,,
2026-07-29T12:15:57Z,314830FE78B8C328,16.14,queries/Functions/00_baseline/numeric.sql,1,3,1.870595,5.265,1651.928,0.213402,0.014908,0.020838,7168,0,112561,0,0,0,0,1,1,6001215,6001215,6001325,30006075,0,0,lineitem,0,14.675903320312500000,11.171325683593750000,,
2026-07-29T12:16:02Z,314830FE78B8C328,16.14,queries/Functions/00_baseline/numeric.sql,2,3,1.839938,5.754,1625.096,0.209088,0.016351,0.019710,7168,0,112561,0,0,0,0,1,1,6001215,6001215,6001325,30006075,0,0,lineitem,0,14.562255859375000000,11.115173339843750000,,
2026-07-29T12:16:07Z,314830FE78B8C328,16.14,queries/Functions/00_baseline/numeric.sql,3,3,1.860741,5.725,1649.462,0.205554,0.010286,0.025356,7168,0,112561,0,0,0,0,1,1,6001215,6001215,6001325,30006075,0,0,lineitem,0,14.648254394531250000,11.164062500000000000,,
2026-07-29T12:16:12Z,314830FE78B8C328,16.14,queries/Functions/00_baseline/text.sql,1,3,1.921897,4.713,1712.622,0.204562,0.013633,0.019751,7168,0,112561,0,0,0,0,1,1,6001215,6001215,6001325,162032805,0,0,lineitem,0,17.519958496093750000,13.913940429687500000,,
2026-07-29T12:16:17Z,314830FE78B8C328,16.14,queries/Functions/00_baseline/text.sql,2,3,1.931695,5.694,1715.905,0.210096,0.013856,0.021280,7168,0,112561,0,0,0,0,1,1,6001215,6001215,6001325,162032805,0,0,lineitem,0,17.657470703125000000,14.048339843750000000,,
2026-07-29T12:16:22Z,314830FE78B8C328,16.14,queries/Functions/00_baseline/text.sql,3,3,1.947199,5.133,1726.965,0.215101,0.012818,0.020630,7168,0,112561,0,0,0,0,1,1,6001215,6001215,6001325,162032805,0,0,lineitem,0,17.521606445312500000,13.875061035156250000,,
2026-07-29T12:16:27Z,314830FE78B8C328,16.14,queries/Functions/09-01_logical/and.sql,1,3,2.024540,5.374,1808.747,0.210419,0.011066,0.023056,7168,0,112561,0,0,0,0,1,1,6001215,6001215,6001325,6001215,0,0,lineitem,0,19.067993164062500000,15.295349121093750000,,
2026-07-29T12:16:32Z,314830FE78B8C328,16.14,queries/Functions/09-01_logical/and.sql,2,3,2.033061,7.180,1808.176,0.217705,0.008896,0.024366,7168,0,112561,0,0,0,0,1,1,6001215,6001215,6001325,6001215,0,0,lineitem,0,18.935546875000000000,15.136718750000000000,,
2026-07-29T12:16:37Z,314830FE78B8C328,16.14,queries/Functions/09-01_logical/and.sql,3,3,2.031457,5.641,1809.020,0.216796,0.013120,0.019661,7168,0,112561,0,0,0,0,1,1,6001215,6001215,6001325,6001215,0,0,lineitem,0,18.883728027343750000,15.093811035156250000,,
2026-07-29T12:16:41Z,314830FE78B8C328,16.14,queries/Functions/09-01_logical/not.sql,1,3,1.920037,5.238,1713.102,0.201697,0.011897,0.021569,7168,0,112561,0,0,0,0,1,1,6001215,6001215,6001325,6001215,0,0,lineitem,0,17.431213378906250000,13.821777343750000000,,
2026-07-29T12:16:46Z,314830FE78B8C328,16.14,queries/Functions/09-01_logical/not.sql,2,3,1.897077,5.054,1706.544,0.185479,0.010961,0.022874,7168,0,112561,0,0,0,0,1,1,6001215,6001215,6001325,6001215,0,0,lineitem,0,17.477050781250000000,13.890930175781250000,,
2026-07-29T12:16:51Z,314830FE78B8C328,16.14,queries/Functions/09-01_logical/not.sql,3,3,1.908371,4.941,1701.169,0.202261,0.016378,0.018213,7168,0,112561,0,0,0,0,1,1,6001215,6001215,6001325,6001215,0,0,lineitem,0,17.285949707031250000,13.703796386718750000,,
2026-07-29T12:16:56Z,314830FE78B8C328,16.14,queries/Functions/09-01_logical/or.sql,1,3,1.945600,5.359,1733.313,0.206928,0.009544,0.023825,7168,0,112561,0,0,0,0,1,1,6001215,6001215,6001325,6001215,0,0,lineitem,0,18.010620117187500000,14.370910644531250000,,
2026-07-29T12:17:01Z,314830FE78B8C328,16.14,queries/Functions/09-01_logical/or.sql,2,3,1.951284,5.396,1729.769,0.216119,0.010854,0.023394,7168,0,112561,0,0,0,0,1,1,6001215,6001215,6001325,6001215,0,0,lineitem,0,17.987365722656250000,14.324157714843750000,,
2026-07-29T12:17:06Z,314830FE78B8C328,16.14,queries/Functions/09-01_logical/or.sql,3,3,1.835888,5.442,1707.455,0.122991,0.001609,0.013264,7168,0,112561,0,0,0,0,1,1,6001215,6001215,6001325,6001215,0,0,lineitem,0,18.024108886718750000,14.567993164062500000,,
2026-07-29T12:17:10Z,314830FE78B8C328,16.14,queries/Functions/09-02_comparison/between.sql,1,3,1.988963,5.517,1765.385,0.218061,0.010735,0.022740,7168,0,112561,0,0,0,0,1,1,6001215,6001215,6001325,6001215,0,0,lineitem,0,18.381469726562500000,14.667846679687500000,,
2026-07-29T12:17:15Z,314830FE78B8C328,16.14,queries/Functions/09-02_comparison/between.sql,2,3,1.971750,4.887,1789.998,0.176865,0.009989,0.025205,7168,0,112561,0,0,0,0,1,1,6001215,6001215,6001325,6001215,0,0,lineitem,0,18.640991210937500000,14.927307128906250000,,
2026-07-29T12:17:20Z,314830FE78B8C328,16.14,queries/Functions/09-02_comparison/between.sql,3,3,2.011975,5.566,1792.509,0.213900,0.011148,0.022478,7168,0,112561,0,0,0,0,1,1,6001215,6001215,6001325,6001215,0,0,lineitem,0,18.529113769531250000,14.770080566406250000,,
2026-07-29T12:17:25Z,314830FE78B8C328,16.14,queries/Functions/09-02_comparison/between_symmetric.sql,1,3,2.188603,5.129,1967.700,0.215774,0.010115,0.023615,7168,0,112561,0,0,0,0,1,1,6001215,6001215,6001325,6001215,0,0,lineitem,0,20.815429687500000000,16.735229492187500000,,
2026-07-29T12:17:30Z,314830FE78B8C328,16.14,queries/Functions/09-02_comparison/between_symmetric.sql,2,3,2.181838,6.025,1964.938,0.210875,0.011240,0.021369,7168,0,112561,0,0,0,0,1,1,6001215,6001215,6001325,6001215,0,0,lineitem,0,20.746582031250000000,16.675781250000000000,,
2026-07-29T12:17:35Z,314830FE78B8C328,16.14,queries/Functions/09-02_comparison/between_symmetric.sql,3,3,2.196647,5.546,1972.347,0.218754,0.008201,0.026510,7168,0,112561,0,0,0,0,1,1,6001215,6001215,6001325,6001215,0,0,lineitem,0,20.920410156250000000,16.825378417968750000,,
2026-07-29T12:17:40Z,314830FE78B8C328,16.14,queries/Functions/09-02_comparison/eq.sql,1,3,1.834389,5.099,1618.647,0.210643,0.013423,0.019157,7168,0,112561,0,0,0,0,1,1,6001215,6001215,6001325,6001215,0,0,lineitem,0,16.684814453125000000,13.228332519531250000,,
2026-07-29T12:17:45Z,314830FE78B8C328,16.14,queries/Functions/09-02_comparison/eq.sql,2,3,1.881592,5.413,1659.144,0.217035,0.011336,0.023791,7168,0,112561,0,0,0,0,1,1,6001215,6001215,6001325,6001215,0,0,lineitem,0,16.561706542968750000,13.041259765625000000,,
2026-07-29T12:17:50Z,314830FE78B8C328,16.14,queries/Functions/09-02_comparison/eq.sql,3,3,1.863694,5.899,1640.291,0.217504,0.010964,0.023678,7168,0,112561,0,0,0,0,1,1,6001215,6001215,6001325,6001215,0,0,lineitem,0,16.580688476562500000,13.083679199218750000,,
2026-07-29T12:17:54Z,314830FE78B8C328,16.14,queries/Functions/09-02_comparison/ge.sql,1,3,1.882905,5.548,1659.808,0.217549,0.012766,0.022138,7168,0,112561,0,0,0,0,1,1,6001215,6001215,6001325,6001215,0,0,lineitem,0,16.497863769531250000,12.969055175781250000,,
2026-07-29T12:17:59Z,314830FE78B8C328,16.14,queries/Functions/09-02_comparison/ge.sql,2,3,1.827687,5.225,1636.409,0.186053,0.012320,0.022755,7168,0,112561,0,0,0,0,1,1,6001215,6001215,6001325,6001215,0,0,lineitem,0,16.561523437500000000,13.118469238281250000,,
2026-07-29T12:18:04Z,314830FE78B8C328,16.14,queries/Functions/09-02_comparison/ge.sql,3,3,1.848421,4.660,1627.329,0.216432,0.010818,0.024321,7168,0,112561,0,0,0,0,1,1,6001215,6001215,6001325,6001215,0,0,lineitem,0,16.467712402343750000,13.006591796875000000,,
2026-07-29T12:18:09Z,314830FE78B8C328,16.14,queries/Functions/09-02_comparison/greatest.sql,1,3,1.992295,6.330,1774.829,0.211136,0.011928,0.024857,7168,0,112561,0,0,0,0,1,1,6001215,6001215,6001325,108021870,0,0,lineitem,0,18.954772949218750000,15.221862792968750000,,
2026-07-29T12:18:14Z,314830FE78B8C328,16.14,queries/Functions/09-02_comparison/greatest.sql,2,3,2.134354,6.270,1920.004,0.208080,0.013500,0.019285,7168,0,112561,0,0,0,0,1,1,6001215,6001215,6001325,108021870,0,0,lineitem,0,19.868286132812500000,15.890441894531250000,,
2026-07-29T12:18:19Z,314830FE78B8C328,16.14,queries/Functions/09-02_comparison/greatest.sql,3,3,2.024617,6.399,1809.022,0.209196,0.010210,0.023985,7168,0,112561,0,0,0,0,1,1,6001215,6001215,6001325,108021870,0,0,lineitem,0,19.088317871093750000,15.307434082031250000,,
2026-07-29T12:18:24Z,314830FE78B8C328,16.14,queries/Functions/09-02_comparison/gt.sql,1,3,1.872142,5.440,1654.253,0.212449,0.012899,0.018271,7168,0,112561,0,0,0,0,1,1,6001215,6001215,6001325,6001215,0,0,lineitem,0,16.497009277343750000,12.995544433593750000,,
2026-07-29T12:18:28Z,314830FE78B8C328,16.14,queries/Functions/09-02_comparison/gt.sql,2,3,1.750799,5.671,1604.562,0.140566,0.002414,0.019137,7168,0,112561,0,0,0,0,1,1,6001215,6001215,6001325,6001215,0,0,lineitem,0,16.456420898437500000,13.159545898437500000,,
2026-07-29T12:18:33Z,314830FE78B8C328,16.14,queries/Functions/09-02_comparison/gt.sql,3,3,1.873885,5.538,1654.167,0.214180,0.013771,0.023958,7168,0,112561,0,0,0,0,1,1,6001215,6001215,6001325,6001215,0,0,lineitem,0,16.498107910156250000,12.982360839843750000,,
2026-07-29T12:18:38Z,314830FE78B8C328,16.14,queries/Functions/09-02_comparison/is_distinct_from.sql,1,3,1.844774,5.323,1649.038,0.190413,0.010619,0.024859,7168,0,112561,0,0,0,0,1,1,6001215,6001215,6001325,6001215,0,0,lineitem,0,16.668273925781250000,13.182861328125000000,,
2026-07-29T12:18:43Z,314830FE78B8C328,16.14,queries/Functions/09-02_comparison/is_distinct_from.sql,2,3,1.862750,5.448,1640.312,0.216990,0.016387,0.019198,7168,0,112561,0,0,0,0,1,1,6001215,6001215,6001325,6001215,0,0,lineitem,0,16.463745117187500000,12.971984863281250000,,
2026-07-29T12:18:47Z,314830FE78B8C328,16.14,queries/Functions/09-02_comparison/is_distinct_from.sql,3,3,1.851246,5.084,1659.120,0.187042,0.002052,0.017314,7168,0,112561,0,0,0,0,1,1,6001215,6001215,6001325,6001215,0,0,lineitem,0,16.439147949218750000,12.958068847656250000,,
2026-07-29T12:18:52Z,314830FE78B8C328,16.14,queries/Functions/09-02_comparison/is_not_distinct_from.sql,1,3,1.823638,5.375,1630.574,0.187689,0.011903,0.023281,7168,0,112561,0,0,0,0,1,1,6001215,6001215,6001325,6001215,0,0,lineitem,0,16.857971191406250000,13.418640136718750000,,
2026-07-29T12:18:57Z,314830FE78B8C328,16.14,queries/Functions/09-02_comparison/is_not_distinct_from.sql,2,3,1.782744,7.745,1656.629,0.118370,0.007969,0.013350,7168,0,112561,0,0,0,0,1,1,6001215,6001215,6001325,6001215,0,0,lineitem,0,16.643066406250000000,13.279968261718750000,,
2026-07-29T12:19:02Z,314830FE78B8C328,16.14,queries/Functions/09-02_comparison/is_not_distinct_from.sql,3,3,1.805368,5.293,1589.110,0.210965,0.016321,0.019349,7168,0,112561,0,0,0,0,1,1,6001215,6001215,6001325,6001215,0,0,lineitem,0,16.710144042968750000,13.327209472656250000,,
2026-07-29T12:19:06Z,314830FE78B8C328,16.14,queries/Functions/09-02_comparison/is_not_null.sql,1,3,1.942589,5.228,1728.345,0.209016,0.014300,0.020930,7168,0,112561,0,0,0,0,1,1,6001215,6001215,6001325,6001215,0,0,lineitem,0,17.607788085937500000,13.975280761718750000,,
2026-07-29T12:19:11Z,314830FE78B8C328,16.14,queries/Functions/09-02_comparison/is_not_null.sql,2,3,1.885594,4.673,1716.884,0.164037,0.015264,0.015745,7168,0,112561,0,0,0,0,1,1,6001215,6001215,6001325,6001215,0,0,lineitem,0,17.596130371093750000,14.051025390625000000,,
2026-07-29T12:19:16Z,314830FE78B8C328,16.14,queries/Functions/09-02_comparison/is_not_null.sql,3,3,1.856859,5.293,1670.775,0.180791,0.010121,0.022676,7168,0,112561,0,0,0,0,1,1,6001215,6001215,6001325,6001215,0,0,lineitem,0,17.755249023437500000,14.243041992187500000,,
2026-07-29T12:19:21Z,314830FE78B8C328,16.14,queries/Functions/09-02_comparison/is_null.sql,1,3,1.935953,5.227,1717.550,0.213176,0.015123,0.021033,7168,0,112561,0,0,0,0,1,1,6001215,6001215,6001325,6001215,0,0,lineitem,0,17.662231445312500000,14.044555664062500000,,
2026-07-29T12:19:26Z,314830FE78B8C328,16.14,queries/Functions/09-02_comparison/is_null.sql,2,3,1.908988,5.322,1721.097,0.182569,0.009259,0.025223,7168,0,112561,0,0,0,0,1,1,6001215,6001215,6001325,6001215,0,0,lineitem,0,17.734680175781250000,14.134887695312500000,,
2026-07-29T12:19:30Z,314830FE78B8C328,16.14,queries/Functions/09-02_comparison/is_null.sql,3,3,1.933070,5.545,1721.090,0.206435,0.014334,0.019046,7168,0,112561,0,0,0,0,1,1,6001215,6001215,6001325,6001215,0,0,lineitem,0,17.706787109375000000,14.094482421875000000,,
2026-07-29T12:19:35Z,314830FE78B8C328,16.14,queries/Functions/09-02_comparison/le.sql,1,3,1.815692,8.027,1656.035,0.151630,0.011871,0.010659,7168,0,112561,0,0,0,0,1,1,6001215,6001215,6001325,6001215,0,0,lineitem,0,16.305480957031250000,12.878723144531250000,,
2026-07-29T12:19:40Z,314830FE78B8C328,16.14,queries/Functions/09-02_comparison/le.sql,2,3,1.838863,5.766,1645.241,0.187856,0.012873,0.022457,7168,0,112561,0,0,0,0,1,1,6001215,6001215,6001325,6001215,0,0,lineitem,0,16.720275878906250000,13.249511718750000000,,
2026-07-29T12:19:45Z,314830FE78B8C328,16.14,queries/Functions/09-02_comparison/le.sql,3,3,1.877381,5.837,1656.239,0.215305,0.012411,0.022309,7168,0,112561,0,0,0,0,1,1,6001215,6001215,6001325,6001215,0,0,lineitem,0,16.563415527343750000,13.032836914062500000,,
2026-07-29T12:19:50Z,314830FE78B8C328,16.14,queries/Functions/09-02_comparison/least.sql,1,3,1.973607,5.846,1783.345,0.184416,0.011336,0.024166,7168,0,112561,0,0,0,0,1,1,6001215,6001215,6001325,108021870,0,0,lineitem,0,18.975158691406250000,15.249816894531250000,,
2026-07-29T12:19:55Z,314830FE78B8C328,16.14,queries/Functions/09-02_comparison/least.sql,2,3,2.008668,6.017,1796.089,0.206562,0.015104,0.020189,7168,0,112561,0,0,0,0,1,1,6001215,6001215,6001325,108021870,0,0,lineitem,0,18.778625488281250000,15.030639648437500000,,
2026-07-29T12:20:00Z,314830FE78B8C328,16.14,queries/Functions/09-02_comparison/least.sql,3,3,2.022331,6.304,1807.832,0.208195,0.015671,0.018316,7168,0,112561,0,0,0,0,1,1,6001215,6001215,6001325,108021870,0,0,lineitem,0,18.802307128906250000,15.009338378906250000,,
2026-07-29T12:20:04Z,314830FE78B8C328,16.14,queries/Functions/09-02_comparison/lt.sql,1,3,1.713904,123.786,1485.868,0.104250,0.004332,0.005299,7168,0,112561,0,0,0,0,1,1,6001215,6001215,6001325,6001215,0,0,lineitem,0,16.708801269531250000,13.451477050781250000,,
2026-07-29T12:20:09Z,314830FE78B8C328,16.14,queries/Functions/09-02_comparison/lt.sql,2,3,1.876649,5.836,1655.738,0.215075,0.011747,0.023495,7168,0,112561,0,0,0,0,1,1,6001215,6001215,6001325,6001215,0,0,lineitem,0,16.519226074218750000,12.991577148437500000,,
2026-07-29T12:20:14Z,314830FE78B8C328,16.14,queries/Functions/09-02_comparison/lt.sql,3,3,1.846628,5.572,1658.644,0.182412,0.006254,0.011899,7168,0,112561,0,0,0,0,1,1,6001215,6001215,6001325,6001215,0,0,lineitem,0,16.652404785156250000,13.168640136718750000,,
2026-07-29T12:20:19Z,314830FE78B8C328,16.14,queries/Functions/09-02_comparison/ne.sql,1,3,1.826289,5.525,1660.068,0.160696,0.004856,0.012372,7168,0,112561,0,0,0,0,1,1,6001215,6001215,6001325,6001215,0,0,lineitem,0,16.763183593750000000,13.308898925781250000,,
2026-07-29T12:20:23Z,314830FE78B8C328,16.14,queries/Functions/09-02_comparison/ne.sql,2,3,1.856342,5.435,1635.618,0.215289,0.010910,0.024907,7168,0,112561,0,0,0,0,1,1,6001215,6001215,6001325,6001215,0,0,lineitem,0,16.622680664062500000,13.135314941406250000,,
2026-07-29T12:20:28Z,314830FE78B8C328,16.14,queries/Functions/09-02_comparison/ne.sql,3,3,1.818714,5.099,1594.875,0.218740,0.018552,0.016809,7168,0,112561,0,0,0,0,1,1,6001215,6001215,6001325,6001215,0,0,lineitem,0,16.622985839843750000,13.212524414062500000,,
2026-07-29T12:20:33Z,314830FE78B8C328,16.14,queries/Functions/09-02_comparison/not_between.sql,1,3,2.003031,5.934,1781.501,0.215596,0.014698,0.020547,7168,0,112561,0,0,0,0,1,1,6001215,6001215,6001325,6001215,0,0,lineitem,0,18.602416992187500000,14.856506347656250000,,
2026-07-29T12:20:38Z,314830FE78B8C328,16.14,queries/Functions/09-02_comparison/not_between.sql,2,3,1.982224,4.350,1792.013,0.185861,0.014262,0.019092,7168,0,112561,0,0,0,0,1,1,6001215,6001215,6001325,6001215,0,0,lineitem,0,18.678283691406250000,14.951293945312500000,,
2026-07-29T12:20:43Z,314830FE78B8C328,16.14,queries/Functions/09-02_comparison/not_between.sql,3,3,1.976568,5.157,1761.067,0.210344,0.011285,0.023546,7168,0,112561,0,0,0,0,1,1,6001215,6001215,6001325,6001215,0,0,lineitem,0,18.610900878906250000,14.909606933593750000,,
2026-07-29T12:20:48Z,314830FE78B8C328,16.14,queries/Functions/09-02_comparison/num_nonnulls.sql,1,3,1.830260,5.274,1616.720,0.208266,0.012346,0.020840,7168,0,112561,0,0,0,0,1,1,6001215,6001215,6001325,24004860,0,0,lineitem,0,15.224365234375000000,11.782226562500000000,,
2026-07-29T12:20:52Z,314830FE78B8C328,16.14,queries/Functions/09-02_comparison/num_nonnulls.sql,2,3,1.721918,5.383,1603.645,0.112890,0.004730,0.008719,7168,0,112561,0,0,0,0,1,1,6001215,6001215,6001325,24004860,0,0,lineitem,0,15.044555664062500000,11.776000976562500000,,
2026-07-29T12:20:57Z,314830FE78B8C328,16.14,queries/Functions/09-02_comparison/num_nonnulls.sql,3,3,1.826119,5.423,1633.161,0.187535,0.006444,0.011753,7168,0,112561,0,0,0,0,1,1,6001215,6001215,6001325,24004860,0,0,lineitem,0,15.149475097656250000,11.717712402343750000,,
2026-07-29T12:21:02Z,314830FE78B8C328,16.14,queries/Functions/09-02_comparison/num_nulls.sql,1,3,1.838290,5.575,1617.742,0.214973,0.014309,0.021037,7168,0,112561,0,0,0,0,1,1,6001215,6001215,6001325,24004860,0,0,lineitem,0,15.252258300781250000,11.796569824218750000,,
2026-07-29T12:21:06Z,314830FE78B8C328,16.14,queries/Functions/09-02_comparison/num_nulls.sql,2,3,1.843191,4.601,1637.195,0.201395,0.015347,0.020611,7168,0,112561,0,0,0,0,1,1,6001215,6001215,6001325,24004860,0,0,lineitem,0,15.243347167968750000,11.782287597656250000,,
2026-07-29T12:21:11Z,314830FE78B8C328,16.14,queries/Functions/09-02_comparison/num_nulls.sql,3,3,1.801388,4.844,1617.732,0.178812,0.016474,0.014891,7168,0,112561,0,0,0,0,1,1,6001215,6001215,6001325,24004860,0,0,lineitem,0,15.162353515625000000,11.770080566406250000,,
2026-07-29T12:21:16Z,314830FE78B8C328,16.14,queries/Functions/09-03_math/abs.sql,1,3,2.100997,5.573,1899.078,0.196346,0.006413,0.012852,7168,0,112561,0,0,0,0,1,1,6001215,6001215,6001325,192038880,0,0,lineitem,0,20.730163574218750000,16.798706054687500000,,
2026-07-29T12:21:21Z,314830FE78B8C328,16.14,queries/Functions/09-03_math/abs.sql,2,3,2.155730,5.501,1937.230,0.212999,0.014217,0.020821,7168,0,112561,0,0,0,0,1,1,6001215,6001215,6001325,192038880,0,0,lineitem,0,20.984924316406250000,16.955749511718750000,,
2026-07-29T12:21:26Z,314830FE78B8C328,16.14,queries/Functions/09-03_math/abs.sql,3,3,2.158931,6.176,1937.121,0.215634,0.012484,0.020040,7168,0,112561,0,0,0,0,1,1,6001215,6001215,6001325,192038880,0,0,lineitem,0,20.927795410156250000,16.901916503906250000,,
2026-07-29T12:21:32Z,314830FE78B8C328,16.14,queries/Functions/09-03_math/acos.sql,1,3,2.619621,5.480,2402.610,0.211531,0.010045,0.023239,7168,0,112561,0,0,0,0,1,1,6001215,6001215,6001325,48009720,0,0,lineitem,0,26.150085449218750000,21.274658203125000000,,
2026-07-29T12:21:37Z,314830FE78B8C328,16.14,queries/Functions/09-03_math/acos.sql,2,3,2.569231,5.449,2358.299,0.205483,0.014378,0.017488,7168,0,112561,0,0,0,0,1,1,6001215,6001215,6001325,48009720,0,0,lineitem,0,26.019836425781250000,21.240844726562500000,,
2026-07-29T12:21:43Z,314830FE78B8C328,16.14,queries/Functions/09-03_math/acos.sql,3,3,2.657643,5.735,2444.126,0.207782,0.008926,0.024443,7168,0,112561,0,0,0,0,1,1,6001215,6001215,6001325,48009720,0,0,lineitem,0,26.130676269531250000,21.186218261718750000,,
2026-07-29T12:21:48Z,314830FE78B8C328,16.14,queries/Functions/09-03_math/acosh.sql,1,3,2.439309,6.133,2215.735,0.217441,0.011974,0.022647,7168,0,112561,0,0,0,0,1,1,6001215,6001215,6001325,48009720,0,0,lineitem,0,24.138732910156250000,19.604248046875000000,,
2026-07-29T12:21:53Z,314830FE78B8C328,16.14,queries/Functions/09-03_math/acosh.sql,2,3,2.424673,5.460,2198.643,0.220570,0.016370,0.018852,7168,0,112561,0,0,0,0,1,1,6001215,6001215,6001325,48009720,0,0,lineitem,0,24.321533203125000000,19.802246093750000000,,
2026-07-29T12:21:59Z,314830FE78B8C328,16.14,queries/Functions/09-03_math/acosh.sql,3,3,2.423281,5.723,2202.941,0.214617,0.013672,0.020184,7168,0,112561,0,0,0,0,1,1,6001215,6001215,6001325,48009720,0,0,lineitem,0,24.296203613281250000,19.787536621093750000,,
2026-07-29T12:22:04Z,314830FE78B8C328,16.14,queries/Functions/09-03_math/add.sql,1,3,2.255775,5.613,2040.210,0.209952,0.016684,0.017174,7168,0,112561,0,0,0,0,1,1,6001215,6001215,6001325,192038880,0,0,lineitem,0,22.167602539062500000,17.953613281250000000,,
2026-07-29T12:22:09Z,314830FE78B8C328,16.14,queries/Functions/09-03_math/add.sql,2,3,2.543509,5.475,2335.685,0.202349,0.011296,0.020470,7168,0,112561,0,0,0,0,1,1,6001215,6001215,6001325,192038880,0,0,lineitem,0,24.640625000000000000,19.901794433593750000,,
2026-07-29T12:22:15Z,314830FE78B8C328,16.14,queries/Functions/09-03_math/add.sql,3,3,2.242619,5.126,2024.255,0.213238,0.013328,0.021837,7040,0,112561,0,0,0,0,1,1,6001215,6001215,6001325,192038880,0,0,lineitem,0,21.947448730468750000,17.756713867187500000,,
2026-07-29T12:22:21Z,314830FE78B8C328,16.14,queries/Functions/09-03_math/add_float8.sql,1,3,3.182856,5.370,3047.411,0.130075,0.001858,0.013150,7168,0,112561,0,0,0,0,1,1,6001215,6001215,6001325,48009720,0,0,lineitem,0,33.734252929687500000,27.834655761718750000,,
2026-07-29T12:22:27Z,314830FE78B8C328,16.14,queries/Functions/09-03_math/add_float8.sql,2,3,3.260635,5.459,3040.608,0.214568,0.011621,0.021709,7168,0,112561,0,0,0,0,1,1,6001215,6001215,6001325,48009720,0,0,lineitem,0,33.902770996093750000,27.858947753906250000,,
2026-07-29T12:22:33Z,314830FE78B8C328,16.14,queries/Functions/09-03_math/add_float8.sql,3,3,3.257962,5.023,3040.939,0.212000,0.009563,0.023881,7168,0,112561,0,0,0,0,1,1,6001215,6001215,6001325,48009720,0,0,lineitem,0,33.866088867187500000,27.847534179687500000,,
2026-07-29T12:22:38Z,314830FE78B8C328,16.14,queries/Functions/09-03_math/asin.sql,1,3,2.578519,5.407,2361.579,0.211533,0.011600,0.021289,7168,0,112561,0,0,0,0,1,1,6001215,6001215,6001325,48009720,0,0,lineitem,0,26.449279785156250000,21.648498535156250000,,
2026-07-29T12:22:44Z,314830FE78B8C328,16.14,queries/Functions/09-03_math/asin.sql,2,3,2.625994,5.571,2409.987,0.210436,0.009888,0.022546,7168,0,112561,0,0,0,0,1,1,6001215,6001215,6001325,48009720,0,0,lineitem,0,26.434814453125000000,21.559875488281250000,,
2026-07-29T12:22:49Z,314830FE78B8C328,16.14,queries/Functions/09-03_math/asin.sql,3,3,2.599045,5.372,2424.163,0.169510,0.005249,0.014193,7168,0,112561,0,0,0,0,1,1,6001215,6001215,6001325,48009720,0,0,lineitem,0,26.553466796875000000,21.693237304687500000,,
2026-07-29T12:22:55Z,314830FE78B8C328,16.14,queries/Functions/09-03_math/asinh.sql,1,3,2.444331,5.244,2227.497,0.211590,0.011241,0.021247,7168,0,112561,0,0,0,0,1,1,6001215,6001215,6001325,48009720,0,0,lineitem,0,24.268249511718750000,19.709106445312500000,,
2026-07-29T12:23:00Z,314830FE78B8C328,16.14,queries/Functions/09-03_math/asinh.sql,2,3,2.449599,5.423,2230.494,0.213682,0.012813,0.019830,7168,0,112561,0,0,0,0,1,1,6001215,6001215,6001325,48009720,0,0,lineitem,0,24.151428222656250000,19.594543457031250000,,
2026-07-29T12:23:05Z,314830FE78B8C328,16.14,queries/Functions/09-03_math/asinh.sql,3,3,2.453098,5.554,2234.305,0.213239,0.008452,0.024113,7168,0,112561,0,0,0,0,1,1,6001215,6001215,6001325,48009720,0,0,lineitem,0,24.104187011718750000,19.545654296875000000,,
2026-07-29T12:23:11Z,314830FE78B8C328,16.14,queries/Functions/09-03_math/atan.sql,1,3,2.354950,5.232,2140.802,0.208916,0.012123,0.018437,7168,0,112561,0,0,0,0,1,1,6001215,6001215,6001325,48009720,0,0,lineitem,0,23.505493164062500000,19.122802734375000000,,
2026-07-29T12:23:16Z,314830FE78B8C328,16.14,queries/Functions/09-03_math/atan.sql,2,3,2.443542,5.403,2221.044,0.217095,0.014243,0.019963,7168,0,112561,0,0,0,0,1,1,6001215,6001215,6001325,48009720,0,0,lineitem,0,24.023132324218750000,19.477539062500000000,,
2026-07-29T12:23:21Z,314830FE78B8C328,16.14,queries/Functions/09-03_math/atan.sql,3,3,2.377602,5.496,2158.397,0.213709,0.019698,0.013971,7168,0,112561,0,0,0,0,1,1,6001215,6001215,6001325,48009720,0,0,lineitem,0,23.698608398437500000,19.272338867187500000,,
2026-07-29T12:23:28Z,314830FE78B8C328,16.14,queries/Functions/09-03_math/atan2.sql,1,3,3.473060,5.560,3250.857,0.216643,0.011550,0.021848,7168,0,112561,0,0,0,0,1,1,6001215,6001215,6001325,48009720,0,0,lineitem,0,36.417785644531250000,30.004821777343750000,,
2026-07-29T12:23:34Z,314830FE78B8C328,16.14,queries/Functions/09-03_math/atan2.sql,2,3,3.481559,6.127,3263.702,0.211730,0.009191,0.022063,7168,0,112561,0,0,0,0,1,1,6001215,6001215,6001325,48009720,0,0,lineitem,0,36.635070800781250000,30.211730957031250000,,
2026-07-29T12:23:40Z,314830FE78B8C328,16.14,queries/Functions/09-03_math/atan2.sql,3,3,3.478165,6.002,3255.241,0.216922,0.012216,0.021657,7168,0,112561,0,0,0,0,1,1,6001215,6001215,6001325,48009720,0,0,lineitem,0,36.827392578125000000,30.391662597656250000,,
2026-07-29T12:23:46Z,314830FE78B8C328,16.14,queries/Functions/09-03_math/atanh.sql,1,3,2.739522,5.329,2523.196,0.210997,0.014750,0.018516,7168,0,112561,0,0,0,0,1,1,6001215,6001215,6001325,48009720,0,0,lineitem,0,27.538024902343750000,22.448303222656250000,,
2026-07-29T12:23:51Z,314830FE78B8C328,16.14,queries/Functions/09-03_math/atanh.sql,2,3,2.745219,5.448,2548.649,0.191122,0.008202,0.010588,7168,0,112561,0,0,0,0,1,1,6001215,6001215,6001325,48009720,0,0,lineitem,0,27.422302246093750000,22.324951171875000000,,
2026-07-29T12:23:57Z,314830FE78B8C328,16.14,queries/Functions/09-03_math/atanh.sql,3,3,2.845329,5.733,2634.152,0.205444,0.007686,0.023677,7168,0,112561,0,0,0,0,1,1,6001215,6001215,6001325,48009720,0,0,lineitem,0,28.295837402343750000,23.016479492187500000,,
2026-07-29T12:24:03Z,314830FE78B8C328,16.14,queries/Functions/09-03_math/cbrt.sql,1,3,3.020243,5.011,2826.799,0.188433,0.009321,0.025233,7040,0,112561,0,0,0,0,1,1,6001215,6001215,6001325,48009720,0,0,lineitem,0,30.712768554687500000,25.098876953125000000,,
2026-07-29T12:24:09Z,314830FE78B8C328,16.14,queries/Functions/09-03_math/cbrt.sql,2,3,3.060341,5.442,2845.575,0.209324,0.010029,0.024249,7168,0,112561,0,0,0,0,1,1,6001215,6001215,6001325,48009720,0,0,lineitem,0,30.751403808593750000,25.086791992187500000,,
2026-07-29T12:24:15Z,314830FE78B8C328,16.14,queries/Functions/09-03_math/cbrt.sql,3,3,3.036162,5.387,2822.787,0.207988,0.008167,0.026433,7168,0,112561,0,0,0,0,1,1,6001215,6001215,6001325,48009720,0,0,lineitem,0,30.809326171875000000,25.179443359375000000,,
2026-07-29T12:24:21Z,314830FE78B8C328,16.14,queries/Functions/09-03_math/ceil.sql,1,3,3.179753,5.620,2984.345,0.189788,0.007642,0.012444,7168,0,112561,0,0,0,0,1,1,6001215,6001215,6001325,192038880,0,0,lineitem,0,32.593505859375000000,26.703308105468750000,,
2026-07-29T12:24:27Z,314830FE78B8C328,16.14,queries/Functions/09-03_math/ceil.sql,2,3,3.172090,6.083,2951.697,0.214310,0.013480,0.019650,7168,0,112561,0,0,0,0,1,1,6001215,6001215,6001325,192038880,0,0,lineitem,0,32.228515625000000000,26.367248535156250000,,
2026-07-29T12:24:33Z,314830FE78B8C328,16.14,queries/Functions/09-03_math/ceil.sql,3,3,3.292862,5.740,3075.099,0.212023,0.008692,0.023806,7168,0,112561,0,0,0,0,1,1,6001215,6001215,6001325,192038880,0,0,lineitem,0,33.298217773437500000,27.210998535156250000,,
2026-07-29T12:24:39Z,314830FE78B8C328,16.14,queries/Functions/09-03_math/cos.sql,1,3,2.653251,5.349,2434.351,0.213551,0.010171,0.023534,7168,0,112561,0,0,0,0,1,1,6001215,6001215,6001325,48009720,0,0,lineitem,0,26.461914062500000000,21.543701171875000000,,
2026-07-29T12:24:44Z,314830FE78B8C328,16.14,queries/Functions/09-03_math/cos.sql,2,3,2.701423,5.272,2486.549,0.209602,0.011324,0.021710,7168,0,112561,0,0,0,0,1,1,6001215,6001215,6001325,48009720,0,0,lineitem,0,26.779296875000000000,21.780029296875000000,,
2026-07-29T12:24:50Z,314830FE78B8C328,16.14,queries/Functions/09-03_math/cos.sql,3,3,2.658395,5.320,2437.809,0.215266,0.008129,0.025127,7168,0,112561,0,0,0,0,1,1,6001215,6001215,6001325,48009720,0,0,lineitem,0,26.692504882812500000,21.750793457031250000,,
2026-07-29T12:24:56Z,314830FE78B8C328,16.14,queries/Functions/09-03_math/cosh.sql,1,3,2.706343,4.678,2507.826,0.193839,0.009111,0.024176,7168,0,112561,0,0,0,0,1,1,6001215,6001215,6001325,48009720,0,0,lineitem,0,27.279724121093750000,22.233642578125000000,,
2026-07-29T12:25:01Z,314830FE78B8C328,16.14,queries/Functions/09-03_math/cosh.sql,2,3,2.762330,5.384,2566.196,0.190750,0.009613,0.021602,7168,0,112561,0,0,0,0,1,1,6001215,6001215,6001325,48009720,0,0,lineitem,0,27.603149414062500000,22.474975585937500000,,
2026-07-29T12:25:07Z,314830FE78B8C328,16.14,queries/Functions/09-03_math/cosh.sql,3,3,2.769287,5.477,2551.336,0.212474,0.012629,0.021040,7168,0,112561,0,0,0,0,1,1,6001215,6001215,6001325,48009720,0,0,lineitem,0,27.372924804687500000,22.243103027343750000,,
2026-07-29T12:25:12Z,314830FE78B8C328,16.14,queries/Functions/09-03_math/degrees.sql,1,3,2.634957,5.561,2415.280,0.214116,0.013243,0.022733,7168,0,112561,0,0,0,0,1,1,6001215,6001215,6001325,48009720,0,0,lineitem,0,25.714355468750000000,20.819763183593750000,,
2026-07-29T12:25:18Z,314830FE78B8C328,16.14,queries/Functions/09-03_math/degrees.sql,2,3,2.633268,5.328,2421.062,0.206878,0.010567,0.023891,7168,0,112561,0,0,0,0,1,1,6001215,6001215,6001325,48009720,0,0,lineitem,0,25.926269531250000000,21.033752441406250000,,
2026-07-29T12:25:23Z,314830FE78B8C328,16.14,queries/Functions/09-03_math/degrees.sql,3,3,2.552408,5.534,2333.997,0.212877,0.007764,0.027149,7168,0,112561,0,0,0,0,1,1,6001215,6001215,6001325,48009720,0,0,lineitem,0,25.834472656250000000,21.087463378906250000,,
2026-07-29T12:25:28Z,314830FE78B8C328,16.14,queries/Functions/09-03_math/div_fn.sql,1,3,2.291852,5.820,2081.527,0.204505,0.010730,0.020107,7168,0,112561,0,0,0,0,1,1,6001215,6001215,6001325,192038880,0,0,lineitem,0,22.507324218750000000,18.244934082031250000,,
2026-07-29T12:25:34Z,314830FE78B8C328,16.14,queries/Functions/09-03_math/div_fn.sql,2,3,2.266858,5.943,2051.770,0.209145,0.009924,0.022640,7168,0,112561,0,0,0,0,1,1,6001215,6001215,6001325,192038880,0,0,lineitem,0,22.167053222656250000,17.949951171875000000,,
2026-07-29T12:25:39Z,314830FE78B8C328,16.14,queries/Functions/09-03_math/div_fn.sql,3,3,2.257666,5.909,2068.419,0.183338,0.006208,0.010832,7168,0,112561,0,0,0,0,1,1,6001215,6001215,6001325,192038880,0,0,lineitem,0,22.196105957031250000,17.985412597656250000,,
2026-07-29T12:25:45Z,314830FE78B8C328,16.14,queries/Functions/09-03_math/divide.sql,1,3,2.622137,5.570,2409.590,0.206977,0.010859,0.022939,7168,0,112561,0,0,0,0,1,1,6001215,6001215,6001325,192038880,0,0,lineitem,0,24.988647460937500000,20.129333496093750000,,
2026-07-29T12:25:50Z,314830FE78B8C328,16.14,queries/Functions/09-03_math/divide.sql,2,3,2.545137,5.722,2338.529,0.200886,0.011336,0.019902,7168,0,112561,0,0,0,0,1,1,6001215,6001215,6001325,192038880,0,0,lineitem,0,24.898620605468750000,20.172546386718750000,,
2026-07-29T12:25:55Z,314830FE78B8C328,16.14,queries/Functions/09-03_math/divide.sql,3,3,2.547897,5.397,2335.451,0.207049,0.010123,0.024330,7168,0,112561,0,0,0,0,1,1,6001215,6001215,6001325,192038880,0,0,lineitem,0,24.691711425781250000,19.963562011718750000,,
2026-07-29T12:26:01Z,314830FE78B8C328,16.14,queries/Functions/09-03_math/exp_float8.sql,1,3,2.690276,5.293,2473.285,0.211698,0.011511,0.020798,7168,0,112561,0,0,0,0,1,1,6001215,6001215,6001325,48009720,0,0,lineitem,0,26.776367187500000000,21.793151855468750000,,
2026-07-29T12:26:07Z,314830FE78B8C328,16.14,queries/Functions/09-03_math/exp_float8.sql,2,3,2.699531,5.378,2517.262,0.176891,0.011195,0.009655,7168,0,112561,0,0,0,0,1,1,6001215,6001215,6001325,48009720,0,0,lineitem,0,26.823242187500000000,21.788146972656250000,,
2026-07-29T12:26:12Z,314830FE78B8C328,16.14,queries/Functions/09-03_math/exp_float8.sql,3,3,2.715119,5.412,2496.118,0.213589,0.016170,0.017965,7168,0,112561,0,0,0,0,1,1,6001215,6001215,6001325,48009720,0,0,lineitem,0,26.597106933593750000,21.562866210937500000,,
2026-07-29T12:26:26Z,314830FE78B8C328,16.14,queries/Functions/09-03_math/exp_numeric.sql,1,3,11.113887,5.918,10899.509,0.208460,0.013727,0.019485,7168,0,112561,0,0,0,0,1,1,6001215,6001215,6001325,192038880,0,0,lineitem,0,127.231994628906250000,106.966308593750000000,,
2026-07-29T12:26:40Z,314830FE78B8C328,16.14,queries/Functions/09-03_math/exp_numeric.sql,2,3,11.116863,5.886,10928.958,0.182019,0.002846,0.016884,7168,0,112561,0,0,0,0,1,1,6001215,6001215,6001325,192038880,0,0,lineitem,0,126.355590820312500000,106.070312500000000000,,
2026-07-29T12:26:54Z,314830FE78B8C328,16.14,queries/Functions/09-03_math/exp_numeric.sql,3,3,11.133420,5.971,10925.705,0.201744,0.010289,0.020444,7040,0,112561,0,0,0,0,1,1,6001215,6001215,6001325,192038880,0,0,lineitem,0,128.440917968750000000,108.129577636718750000,,
2026-07-29T12:27:00Z,314830FE78B8C328,16.14,queries/Functions/09-03_math/exponent.sql,1,3,2.494631,5.714,2283.705,0.205212,0.012270,0.021262,7168,0,112561,0,0,0,0,1,1,6001215,6001215,6001325,192038880,0,0,lineitem,0,26.116455078125000000,21.486267089843750000,,
2026-07-29T12:27:05Z,314830FE78B8C328,16.14,queries/Functions/09-03_math/exponent.sql,2,3,2.504218,5.909,2287.501,0.210808,0.009478,0.022176,7168,0,112561,0,0,0,0,1,1,6001215,6001215,6001325,192038880,0,0,lineitem,0,26.168945312500000000,21.521057128906250000,,
2026-07-29T12:27:11Z,314830FE78B8C328,16.14,queries/Functions/09-03_math/exponent.sql,3,3,2.567976,5.874,2349.921,0.212181,0.013369,0.019198,7168,0,112561,0,0,0,0,1,1,6001215,6001215,6001325,192038880,0,0,lineitem,0,25.709350585937500000,20.945312500000000000,,
2026-07-29T12:27:16Z,314830FE78B8C328,16.14,queries/Functions/09-03_math/factorial.sql,1,3,2.205325,5.564,2057.945,0.141816,0.009986,0.012362,7168,0,112561,0,0,0,0,1,1,6001215,6001215,6001325,192038880,0,0,lineitem,0,22.215148925781250000,18.100646972656250000,,
2026-07-29T12:27:21Z,314830FE78B8C328,16.14,queries/Functions/09-03_math/factorial.sql,2,3,2.239900,5.782,2052.784,0.181334,0.014523,0.018182,7168,0,112561,0,0,0,0,1,1,6001215,6001215,6001325,192038880,0,0,lineitem,0,22.449951171875000000,18.254943847656250000,,
2026-07-29T12:27:26Z,314830FE78B8C328,16.14,queries/Functions/09-03_math/factorial.sql,3,3,2.272531,5.845,2057.223,0.209463,0.012451,0.020420,7168,0,112561,0,0,0,0,1,1,6001215,6001215,6001325,192038880,0,0,lineitem,0,22.322448730468750000,18.086120605468750000,,
2026-07-29T12:27:32Z,314830FE78B8C328,16.14,queries/Functions/09-03_math/floor.sql,1,3,2.965919,5.941,2753.543,0.206435,0.009302,0.024393,7168,0,112561,0,0,0,0,1,1,6001215,6001215,6001325,192038880,0,0,lineitem,0,29.840515136718750000,24.337707519531250000,,
2026-07-29T12:27:38Z,314830FE78B8C328,16.14,queries/Functions/09-03_math/floor.sql,2,3,2.981982,5.839,2762.924,0.213219,0.010514,0.024599,7168,0,112561,0,0,0,0,1,1,6001215,6001215,6001325,192038880,0,0,lineitem,0,29.706665039062500000,24.203857421875000000,,
2026-07-29T12:27:43Z,314830FE78B8C328,16.14,queries/Functions/09-03_math/floor.sql,3,3,3.009101,4.357,2792.519,0.212225,0.006530,0.027099,7168,0,112561,0,0,0,0,1,1,6001215,6001215,6001325,192038880,0,0,lineitem,0,29.881469726562500000,24.327392578125000000,,
2026-07-29T12:27:48Z,314830FE78B8C328,16.14,queries/Functions/09-03_math/gcd.sql,1,3,2.048005,5.549,1833.099,0.209357,0.010175,0.022866,7168,0,112561,0,0,0,0,1,1,6001215,6001215,6001325,24004860,0,0,lineitem,0,17.339660644531250000,13.518249511718750000,,
2026-07-29T12:27:53Z,314830FE78B8C328,16.14,queries/Functions/09-03_math/gcd.sql,2,3,2.021816,5.740,1834.367,0.181709,0.004655,0.014048,7168,0,112561,0,0,0,0,1,1,6001215,6001215,6001325,24004860,0,0,lineitem,0,17.178222656250000000,13.398376464843750000,,
2026-07-29T12:27:58Z,314830FE78B8C328,16.14,queries/Functions/09-03_math/gcd.sql,3,3,2.022812,5.840,1834.506,0.182466,0.003163,0.016478,7168,0,112561,0,0,0,0,1,1,6001215,6001215,6001325,24004860,0,0,lineitem,0,17.097900390625000000,13.311401367187500000,,
2026-07-29T12:28:03Z,314830FE78B8C328,16.14,queries/Functions/09-03_math/lcm.sql,1,3,1.757333,5.730,1602.640,0.148963,0.007654,0.016780,7168,0,112561,0,0,0,0,1,1,6001215,6001215,6001325,48009720,0,0,lineitem,0,15.303527832031250000,12.001953125000000000,,
2026-07-29T12:28:08Z,314830FE78B8C328,16.14,queries/Functions/09-03_math/lcm.sql,2,3,1.825657,6.065,1607.130,0.212462,0.012189,0.023107,7168,0,112561,0,0,0,0,1,1,6001215,6001215,6001325,48009720,0,0,lineitem,0,15.276245117187500000,11.845336914062500000,,
2026-07-29T12:28:12Z,314830FE78B8C328,16.14,queries/Functions/09-03_math/lcm.sql,3,3,1.812347,5.530,1609.288,0.197529,0.009383,0.011005,7168,0,112561,0,0,0,0,1,1,6001215,6001215,6001325,48009720,0,0,lineitem,0,15.404724121093750000,11.996276855468750000,,
2026-07-29T12:28:18Z,314830FE78B8C328,16.14,queries/Functions/09-03_math/ln_float8.sql,1,3,2.304780,5.441,2089.050,0.210289,0.012434,0.019315,7168,0,112561,0,0,0,0,1,1,6001215,6001215,6001325,48009720,0,0,lineitem,0,23.282653808593750000,18.975708007812500000,,
2026-07-29T12:28:23Z,314830FE78B8C328,16.14,queries/Functions/09-03_math/ln_float8.sql,2,3,2.408966,5.660,2194.018,0.209288,0.011665,0.020478,7168,0,112561,0,0,0,0,1,1,6001215,6001215,6001325,48009720,0,0,lineitem,0,23.175476074218750000,18.700622558593750000,,
2026-07-29T12:28:28Z,314830FE78B8C328,16.14,queries/Functions/09-03_math/ln_float8.sql,3,3,2.329165,5.209,2138.095,0.185861,0.005942,0.012716,7168,0,112561,0,0,0,0,1,1,6001215,6001215,6001325,48009720,0,0,lineitem,0,23.405395507812500000,19.046325683593750000,,
2026-07-29T12:28:56Z,314830FE78B8C328,16.14,queries/Functions/09-03_math/ln_numeric.sql,1,3,24.416061,6.148,24206.315,0.203598,0.007794,0.023032,7168,0,112561,0,0,0,0,1,1,6001215,6001215,6001325,192038880,0,0,lineitem,0,275.003295898437500000,230.628479003906250000,,
2026-07-29T12:29:23Z,314830FE78B8C328,16.14,queries/Functions/09-03_math/ln_numeric.sql,2,3,24.447292,5.771,24231.414,0.210107,0.012275,0.020046,7168,0,112561,0,0,0,0,1,1,6001215,6001215,6001325,192038880,0,0,lineitem,0,280.151550292968750000,235.711791992187500000,,
2026-07-29T12:29:50Z,314830FE78B8C328,16.14,queries/Functions/09-03_math/ln_numeric.sql,3,3,24.543678,4.899,24332.217,0.206562,0.013117,0.018801,7168,0,112561,0,0,0,0,1,1,6001215,6001215,6001325,192038880,0,0,lineitem,0,282.998535156250000000,238.379699707031250000,,
2026-07-29T12:29:56Z,314830FE78B8C328,16.14,queries/Functions/09-03_math/log10_float8.sql,1,3,2.391657,5.476,2190.036,0.196145,0.013550,0.017475,7168,0,112561,0,0,0,0,1,1,6001215,6001215,6001325,48009720,0,0,lineitem,0,24.045776367187500000,19.593933105468750000,,
2026-07-29T12:30:01Z,314830FE78B8C328,16.14,queries/Functions/09-03_math/log10_float8.sql,2,3,2.485355,5.373,2268.758,0.211224,0.015793,0.016988,7168,0,112561,0,0,0,0,1,1,6001215,6001215,6001325,48009720,0,0,lineitem,0,24.338134765625000000,19.725769042968750000,,
2026-07-29T12:30:06Z,314830FE78B8C328,16.14,queries/Functions/09-03_math/log10_float8.sql,3,3,2.431668,5.547,2224.306,0.201815,0.010674,0.021073,7168,0,112561,0,0,0,0,1,1,6001215,6001215,6001325,48009720,0,0,lineitem,0,24.185729980468750000,19.653137207031250000,,
2026-07-29T12:31:43Z,314830FE78B8C328,16.14,queries/Functions/09-03_math/log10_numeric.sql,1,3,94.406351,6.674,94188.143,0.211534,0.011479,0.022605,7168,0,112561,0,0,0,0,1,1,6001215,6001215,6001325,192038880,0,0,lineitem,0,1106.444824218750000000,955.543395996093750000,,
2026-07-29T12:33:21Z,314830FE78B8C328,16.14,queries/Functions/09-03_math/log10_numeric.sql,2,3,94.692824,6.241,94507.629,0.178954,0.007738,0.023923,7168,0,112561,0,0,0,0,1,1,6001215,6001215,6001325,192038880,0,0,lineitem,0,1113.498718261718750000,962.557983398437500000,,
2026-07-29T12:34:59Z,314830FE78B8C328,16.14,queries/Functions/09-03_math/log10_numeric.sql,3,3,94.922948,6.843,94712.839,0.203266,0.013858,0.018764,7168,0,112561,0,0,0,0,1,1,6001215,6001215,6001325,192038880,0,0,lineitem,0,1119.776977539062500000,968.521850585937500000,,
2026-07-29T12:36:26Z,314830FE78B8C328,16.14,queries/Functions/09-03_math/log_base.sql,1,3,83.889756,4.610,83687.640,0.197506,0.014504,0.016225,7040,0,112561,0,0,0,0,1,1,6001215,6001215,6001325,192038880,0,0,lineitem,0,1000.420898437500000000,858.720520019531250000,,
2026-07-29T12:37:56Z,314830FE78B8C328,16.14,queries/Functions/09-03_math/log_base.sql,2,3,87.564319,5.856,87395.480,0.162983,0.009194,0.015510,7168,0,112561,0,0,0,0,1,1,6001215,6001215,6001325,192038880,0,0,lineitem,0,1032.222106933593750000,887.512939453125000000,,
2026-07-29T12:39:23Z,314830FE78B8C328,16.14,queries/Functions/09-03_math/log_base.sql,3,3,84.055624,5.746,83841.000,0.208878,0.010290,0.022229,7168,0,112561,0,0,0,0,1,1,6001215,6001215,6001325,192038880,0,0,lineitem,0,999.758056640625000000,858.190673828125000000,,
2026-07-29T12:39:28Z,314830FE78B8C328,16.14,queries/Functions/09-03_math/min_scale.sql,1,3,1.982642,4.846,1772.650,0.205146,0.014518,0.017254,7168,0,112561,0,0,0,0,1,1,6001215,6001215,6001325,24004860,0,0,lineitem,0,18.605773925781250000,14.917480468750000000,,
2026-07-29T12:39:33Z,314830FE78B8C328,16.14,queries/Functions/09-03_math/min_scale.sql,2,3,1.962978,5.572,1749.028,0.208378,0.012840,0.022030,7168,0,112561,0,0,0,0,1,1,6001215,6001215,6001325,24004860,0,0,lineitem,0,18.225524902343750000,14.570922851562500000,,
2026-07-29T12:39:38Z,314830FE78B8C328,16.14,queries/Functions/09-03_math/min_scale.sql,3,3,1.955140,5.983,1766.919,0.182238,0.007458,0.024374,7168,0,112561,0,0,0,0,1,1,6001215,6001215,6001325,24004860,0,0,lineitem,0,18.332336425781250000,14.673217773437500000,,
2026-07-29T12:39:42Z,314830FE78B8C328,16.14,queries/Functions/09-03_math/mod_fn.sql,1,3,1.104926,7.200,889.125,0.208601,0.007241,0.026558,7168,0,9478,0,0,0,0,1,1,6001215,6001215,6001325,24004860,0,0,lineitem,0,7.992736816406250000,6.024047851562500000,,
2026-07-29T12:39:46Z,314830FE78B8C328,16.14,queries/Functions/09-03_math/mod_fn.sql,2,3,1.158107,6.488,941.136,0.210483,0.012755,0.022222,7168,0,9478,0,0,0,0,1,1,6001215,6001215,6001325,24004860,0,0,lineitem,0,8.523010253906250000,6.461853027343750000,,
2026-07-29T12:39:50Z,314830FE78B8C328,16.14,queries/Functions/09-03_math/mod_fn.sql,3,3,1.108516,7.698,887.804,0.213014,0.012658,0.022668,7168,0,9478,0,0,0,0,1,1,6001215,6001215,6001325,24004860,0,0,lineitem,0,8.051818847656250000,6.064392089843750000,,
2026-07-29T12:39:54Z,314830FE78B8C328,16.14,queries/Functions/09-03_math/modulo.sql,1,3,1.117536,6.931,901.875,0.208730,0.014875,0.020271,7168,0,9478,0,0,0,0,1,1,6001215,6001215,6001325,24004860,0,0,lineitem,0,8.114013671875000000,6.130065917968750000,,
2026-07-29T12:39:57Z,314830FE78B8C328,16.14,queries/Functions/09-03_math/modulo.sql,2,3,1.068541,7.385,886.359,0.174797,0.001837,0.015455,7168,0,9478,0,0,0,0,1,1,6001215,6001215,6001325,24004860,0,0,lineitem,0,7.966857910156250000,6.041748046875000000,,
2026-07-29T12:40:01Z,314830FE78B8C328,16.14,queries/Functions/09-03_math/modulo.sql,3,3,1.101944,7.211,885.279,0.209454,0.012020,0.023289,7168,0,9478,0,0,0,0,1,1,6001215,6001215,6001325,24004860,0,0,lineitem,0,7.967224121093750000,5.992492675781250000,,
2026-07-29T12:40:07Z,314830FE78B8C328,16.14,queries/Functions/09-03_math/multiply.sql,1,3,2.335897,5.839,2117.546,0.212512,0.018579,0.016492,7168,0,112561,0,0,0,0,1,1,6001215,6001215,6001325,192038880,0,0,lineitem,0,23.171142578125000000,18.835571289062500000,,
2026-07-29T12:40:12Z,314830FE78B8C328,16.14,queries/Functions/09-03_math/multiply.sql,2,3,2.353667,5.223,2141.006,0.207438,0.012545,0.019878,7168,0,112561,0,0,0,0,1,1,6001215,6001215,6001325,192038880,0,0,lineitem,0,23.320617675781250000,18.953308105468750000,,
2026-07-29T12:40:17Z,314830FE78B8C328,16.14,queries/Functions/09-03_math/multiply.sql,3,3,2.314591,5.392,2122.898,0.186301,0.004775,0.015213,7168,0,112561,0,0,0,0,1,1,6001215,6001215,6001325,192038880,0,0,lineitem,0,23.312316894531250000,19.006652832031250000,,
2026-07-29T12:40:23Z,314830FE78B8C328,16.14,queries/Functions/09-03_math/multiply_float8.sql,1,3,3.269445,5.203,3052.341,0.211901,0.012375,0.020987,7168,0,112561,0,0,0,0,1,1,6001215,6001215,6001325,48009720,0,0,lineitem,0,33.926147460937500000,27.894104003906250000,,
2026-07-29T12:40:30Z,314830FE78B8C328,16.14,queries/Functions/09-03_math/multiply_float8.sql,2,3,3.238478,5.065,3023.968,0.209445,0.013873,0.018867,7168,0,112561,0,0,0,0,1,1,6001215,6001215,6001325,48009720,0,0,lineitem,0,33.559692382812500000,27.579467773437500000,,
2026-07-29T12:40:36Z,314830FE78B8C328,16.14,queries/Functions/09-03_math/multiply_float8.sql,3,3,3.268557,5.051,3051.378,0.212128,0.011239,0.022397,7168,0,112561,0,0,0,0,1,1,6001215,6001215,6001325,48009720,0,0,lineitem,0,33.754089355468750000,27.733398437500000000,,
2026-07-29T12:40:41Z,314830FE78B8C328,16.14,queries/Functions/09-03_math/pi.sql,1,3,2.211448,5.852,1994.394,0.211202,0.010936,0.021637,7168,0,112561,0,0,0,0,1,1,6001215,6001215,6001325,48009720,0,0,lineitem,0,22.470886230468750000,18.363403320312500000,,
2026-07-29T12:40:46Z,314830FE78B8C328,16.14,queries/Functions/09-03_math/pi.sql,2,3,2.238149,6.042,2050.979,0.181128,0.006048,0.012242,7168,0,112561,0,0,0,0,1,1,6001215,6001215,6001325,48009720,0,0,lineitem,0,22.534484863281250000,18.366455078125000000,,
2026-07-29T12:40:51Z,314830FE78B8C328,16.14,queries/Functions/09-03_math/pi.sql,3,3,2.303288,5.732,2084.835,0.212721,0.015243,0.018835,7168,0,112561,0,0,0,0,1,1,6001215,6001215,6001325,48009720,0,0,lineitem,0,22.554260253906250000,18.288696289062500000,,
2026-07-29T12:40:56Z,314830FE78B8C328,16.14,queries/Functions/09-03_math/power_float8.sql,1,3,2.468681,6.312,2265.991,0.196378,0.010871,0.026202,7168,0,112561,0,0,0,0,1,1,6001215,6001215,6001325,48009720,0,0,lineitem,0,25.059936523437500000,20.462402343750000000,,
2026-07-29T12:41:02Z,314830FE78B8C328,16.14,queries/Functions/09-03_math/power_float8.sql,2,3,2.536483,6.110,2317.617,0.212756,0.009983,0.023161,7168,0,112561,0,0,0,0,1,1,6001215,6001215,6001325,48009720,0,0,lineitem,0,24.835144042968750000,20.122497558593750000,,
2026-07-29T12:41:07Z,314830FE78B8C328,16.14,queries/Functions/09-03_math/power_float8.sql,3,3,2.465291,6.309,2273.901,0.185081,0.004793,0.015119,7168,0,112561,0,0,0,0,1,1,6001215,6001215,6001325,48009720,0,0,lineitem,0,24.620422363281250000,20.043579101562500000,,
2026-07-29T12:41:13Z,314830FE78B8C328,16.14,queries/Functions/09-03_math/power_numeric.sql,1,3,2.584189,5.697,2388.856,0.189636,0.008560,0.014763,7168,0,112561,0,0,0,0,1,1,6001215,6001215,6001325,192038880,0,0,lineitem,0,25.758178710937500000,20.969726562500000000,,
2026-07-29T12:41:18Z,314830FE78B8C328,16.14,queries/Functions/09-03_math/power_numeric.sql,2,3,2.585154,6.300,2369.483,0.209371,0.015040,0.018215,7168,0,112561,0,0,0,0,1,1,6001215,6001215,6001325,192038880,0,0,lineitem,0,26.273986816406250000,21.488586425781250000,,
2026-07-29T12:41:24Z,314830FE78B8C328,16.14,queries/Functions/09-03_math/power_numeric.sql,3,3,2.495732,5.359,2283.133,0.207240,0.015758,0.017691,7168,0,112561,0,0,0,0,1,1,6001215,6001215,6001325,192038880,0,0,lineitem,0,25.541870117187500000,20.919006347656250000,,
2026-07-29T12:41:29Z,314830FE78B8C328,16.14,queries/Functions/09-03_math/radians.sql,1,3,2.217068,5.242,2027.857,0.183969,0.009116,0.024510,7168,0,112561,0,0,0,0,1,1,6001215,6001215,6001325,48009720,0,0,lineitem,0,22.579895019531250000,18.430358886718750000,,
2026-07-29T12:41:34Z,314830FE78B8C328,16.14,queries/Functions/09-03_math/radians.sql,2,3,2.293114,5.133,2075.643,0.212338,0.012463,0.021832,7168,0,112561,0,0,0,0,1,1,6001215,6001215,6001325,48009720,0,0,lineitem,0,22.437805175781250000,18.174743652343750000,,
2026-07-29T12:41:39Z,314830FE78B8C328,16.14,queries/Functions/09-03_math/radians.sql,3,3,2.298429,5.507,2084.744,0.208178,0.017825,0.016154,7168,0,112561,0,0,0,0,1,1,6001215,6001215,6001325,48009720,0,0,lineitem,0,22.500732421875000000,18.224182128906250000,,
2026-07-29T12:41:43Z,314830FE78B8C328,16.14,queries/Functions/09-03_math/random.sql,1,3,1.114270,7.072,897.147,0.210051,0.007434,0.025665,7168,0,9478,0,0,0,0,1,1,6001215,6001215,6001325,48009720,0,0,lineitem,0,8.073547363281250000,6.089721679687500000,,
2026-07-29T12:41:47Z,314830FE78B8C328,16.14,queries/Functions/09-03_math/random.sql,2,3,1.113937,7.563,895.796,0.210578,0.015187,0.020748,7168,0,9478,0,0,0,0,1,1,6001215,6001215,6001325,48009720,0,0,lineitem,0,8.142944335937500000,6.144592285156250000,,
2026-07-29T12:41:51Z,314830FE78B8C328,16.14,queries/Functions/09-03_math/random.sql,3,3,1.095816,9.832,906.303,0.179681,0.002880,0.014225,7168,0,9478,0,0,0,0,1,1,6001215,6001215,6001325,48009720,0,0,lineitem,0,8.260681152343750000,6.283508300781250000,,
2026-07-29T12:41:57Z,314830FE78B8C328,16.14,queries/Functions/09-03_math/round.sql,1,3,2.882786,6.212,2690.495,0.186079,0.010190,0.025186,7168,0,112561,0,0,0,0,1,1,6001215,6001215,6001325,192038880,0,0,lineitem,0,28.716796875000000000,23.357055664062500000,,
2026-07-29T12:42:02Z,314830FE78B8C328,16.14,queries/Functions/09-03_math/round.sql,2,3,2.941458,6.251,2724.412,0.210795,0.009515,0.023835,7168,0,112561,0,0,0,0,1,1,6001215,6001215,6001325,192038880,0,0,lineitem,0,28.883666992187500000,23.460083007812500000,,
2026-07-29T12:42:08Z,314830FE78B8C328,16.14,queries/Functions/09-03_math/round.sql,3,3,2.893186,6.123,2697.764,0.189299,0.006770,0.026219,7168,0,112561,0,0,0,0,1,1,6001215,6001215,6001325,192038880,0,0,lineitem,0,28.584350585937500000,23.221374511718750000,,
2026-07-29T12:42:14Z,314830FE78B8C328,16.14,queries/Functions/09-03_math/round_scale.sql,1,3,2.929596,5.754,2709.051,0.214791,0.013867,0.020035,7168,0,112561,0,0,0,0,1,1,6001215,6001215,6001325,192038880,0,0,lineitem,0,28.878234863281250000,23.459655761718750000,,
2026-07-29T12:42:20Z,314830FE78B8C328,16.14,queries/Functions/09-03_math/round_scale.sql,2,3,2.951665,7.170,2735.159,0.209336,0.010130,0.022585,7168,0,112561,0,0,0,0,1,1,6001215,6001215,6001325,192038880,0,0,lineitem,0,28.923583984375000000,23.457214355468750000,,
2026-07-29T12:42:26Z,314830FE78B8C328,16.14,queries/Functions/09-03_math/round_scale.sql,3,3,2.935750,5.011,2718.260,0.212479,0.012128,0.020872,7168,0,112561,0,0,0,0,1,1,6001215,6001215,6001325,192038880,0,0,lineitem,0,28.821044921875000000,23.387390136718750000,,
2026-07-29T12:42:30Z,314830FE78B8C328,16.14,queries/Functions/09-03_math/scale.sql,1,3,1.904674,5.456,1696.756,0.202462,0.015212,0.016079,7168,0,112561,0,0,0,0,1,1,6001215,6001215,6001325,24004860,0,0,lineitem,0,16.956298828125000000,13.383483886718750000,,
2026-07-29T12:42:35Z,314830FE78B8C328,16.14,queries/Functions/09-03_math/scale.sql,2,3,1.889708,5.259,1686.549,0.197900,0.015245,0.020471,7168,0,112561,0,0,0,0,1,1,6001215,6001215,6001325,24004860,0,0,lineitem,0,16.968688964843750000,13.435852050781250000,,
2026-07-29T12:42:40Z,314830FE78B8C328,16.14,queries/Functions/09-03_math/scale.sql,3,3,1.920751,5.454,1703.962,0.211335,0.015886,0.020326,7168,0,112561,0,0,0,0,1,1,6001215,6001215,6001325,24004860,0,0,lineitem,0,17.136962890625000000,13.548706054687500000,,
2026-07-29T12:42:45Z,314830FE78B8C328,16.14,queries/Functions/09-03_math/sign.sql,1,3,2.220573,5.452,2001.284,0.213837,0.006943,0.028465,7168,0,112561,0,0,0,0,1,1,6001215,6001215,6001325,192038880,0,0,lineitem,0,21.557739257812500000,17.420715332031250000,,
2026-07-29T12:42:50Z,314830FE78B8C328,16.14,queries/Functions/09-03_math/sign.sql,2,3,2.242642,5.404,2024.774,0.212464,0.014438,0.019237,7168,0,112561,0,0,0,0,1,1,6001215,6001215,6001325,192038880,0,0,lineitem,0,21.946960449218750000,17.784362792968750000,,
2026-07-29T12:42:55Z,314830FE78B8C328,16.14,queries/Functions/09-03_math/sign.sql,3,3,2.218411,5.786,1998.180,0.214445,0.009895,0.023328,7168,0,112561,0,0,0,0,1,1,6001215,6001215,6001325,192038880,0,0,lineitem,0,21.783264160156250000,17.647338867187500000,,
2026-07-29T12:43:01Z,314830FE78B8C328,16.14,queries/Functions/09-03_math/sin.sql,1,3,2.663746,5.617,2476.010,0.182119,0.011248,0.023426,7168,0,112561,0,0,0,0,1,1,6001215,6001215,6001325,48009720,0,0,lineitem,0,26.463256835937500000,21.492309570312500000,,
2026-07-29T12:43:06Z,314830FE78B8C328,16.14,queries/Functions/09-03_math/sin.sql,2,3,2.674036,5.682,2458.729,0.209625,0.008536,0.025630,7168,0,112561,0,0,0,0,1,1,6001215,6001215,6001325,48009720,0,0,lineitem,0,26.574340820312500000,21.609497070312500000,,
2026-07-29T12:43:12Z,314830FE78B8C328,16.14,queries/Functions/09-03_math/sin.sql,3,3,2.692555,5.311,2476.270,0.210974,0.009074,0.022325,7168,0,112561,0,0,0,0,1,1,6001215,6001215,6001325,48009720,0,0,lineitem,0,26.623168945312500000,21.628601074218750000,,
2026-07-29T12:43:18Z,314830FE78B8C328,16.14,queries/Functions/09-03_math/sinh.sql,1,3,2.769720,4.453,2553.131,0.212136,0.015106,0.018791,7168,0,112561,0,0,0,0,1,1,6001215,6001215,6001325,48009720,0,0,lineitem,0,27.609985351562500000,22.490173339843750000,,
2026-07-29T12:43:23Z,314830FE78B8C328,16.14,queries/Functions/09-03_math/sinh.sql,2,3,2.778807,4.676,2565.181,0.208950,0.013995,0.018412,7168,0,112561,0,0,0,0,1,1,6001215,6001215,6001325,48009720,0,0,lineitem,0,27.558837890625000000,22.413391113281250000,,
2026-07-29T12:43:29Z,314830FE78B8C328,16.14,queries/Functions/09-03_math/sinh.sql,3,3,2.783808,5.702,2563.876,0.214230,0.013444,0.021530,7168,0,112561,0,0,0,0,1,1,6001215,6001215,6001325,48009720,0,0,lineitem,0,27.437988281250000000,22.280273437500000000,,
2026-07-29T12:43:35Z,314830FE78B8C328,16.14,queries/Functions/09-03_math/sqrt_float8.sql,1,3,2.851573,5.385,2638.334,0.207854,0.006939,0.026670,7168,0,112561,0,0,0,0,1,1,6001215,6001215,6001325,48009720,0,0,lineitem,0,28.632507324218750000,23.345764160156250000,,
2026-07-29T12:43:40Z,314830FE78B8C328,16.14,queries/Functions/09-03_math/sqrt_float8.sql,2,3,2.874141,5.388,2654.690,0.214063,0.012374,0.021896,7168,0,112561,0,0,0,0,1,1,6001215,6001215,6001325,48009720,0,0,lineitem,0,28.501770019531250000,23.182983398437500000,,
2026-07-29T12:43:46Z,314830FE78B8C328,16.14,queries/Functions/09-03_math/sqrt_float8.sql,3,3,2.866152,5.090,2650.315,0.210747,0.008275,0.023893,7168,0,112561,0,0,0,0,1,1,6001215,6001215,6001325,48009720,0,0,lineitem,0,28.429687500000000000,23.123657226562500000,,
2026-07-29T12:43:52Z,314830FE78B8C328,16.14,queries/Functions/09-03_math/sqrt_numeric.sql,1,3,2.908552,6.073,2737.039,0.165440,0.008602,0.010442,7168,0,112561,0,0,0,0,1,1,6001215,6001215,6001325,192038880,0,0,lineitem,0,29.685485839843750000,24.269348144531250000,,
2026-07-29T12:43:58Z,314830FE78B8C328,16.14,queries/Functions/09-03_math/sqrt_numeric.sql,2,3,2.938885,5.273,2751.618,0.181994,0.013537,0.020093,7168,0,112561,0,0,0,0,1,1,6001215,6001215,6001325,192038880,0,0,lineitem,0,29.296630859375000000,23.838989257812500000,,
2026-07-29T12:44:04Z,314830FE78B8C328,16.14,queries/Functions/09-03_math/sqrt_numeric.sql,3,3,2.996953,5.130,2781.282,0.210541,0.011292,0.022584,7168,0,112561,0,0,0,0,1,1,6001215,6001215,6001325,192038880,0,0,lineitem,0,29.788024902343750000,24.242797851562500000,,
2026-07-29T12:44:09Z,314830FE78B8C328,16.14,queries/Functions/09-03_math/subtract.sql,1,3,2.266544,5.429,2052.806,0.208309,0.009428,0.023304,7168,0,112561,0,0,0,0,1,1,6001215,6001215,6001325,192038880,0,0,lineitem,0,22.099426269531250000,17.869567871093750000,,
2026-07-29T12:44:14Z,314830FE78B8C328,16.14,queries/Functions/09-03_math/subtract.sql,2,3,2.264807,5.115,2050.849,0.208843,0.010156,0.023077,7168,0,112561,0,0,0,0,1,1,6001215,6001215,6001325,192038880,0,0,lineitem,0,22.026611328125000000,17.823669433593750000,,
2026-07-29T12:44:19Z,314830FE78B8C328,16.14,queries/Functions/09-03_math/subtract.sql,3,3,2.230259,5.031,2016.898,0.208330,0.015112,0.018779,7168,0,112561,0,0,0,0,1,1,6001215,6001215,6001325,192038880,0,0,lineitem,0,22.147827148437500000,17.984924316406250000,,
2026-07-29T12:44:25Z,314830FE78B8C328,16.14,queries/Functions/09-03_math/tan.sql,1,3,2.711134,4.280,2494.337,0.212517,0.012114,0.021056,7168,0,112561,0,0,0,0,1,1,6001215,6001215,6001325,48009720,0,0,lineitem,0,26.791625976562500000,21.757141113281250000,,
2026-07-29T12:44:30Z,314830FE78B8C328,16.14,queries/Functions/09-03_math/tan.sql,2,3,2.709598,5.554,2492.055,0.211989,0.013811,0.019935,7168,0,112561,0,0,0,0,1,1,6001215,6001215,6001325,48009720,0,0,lineitem,0,26.754394531250000000,21.732666015625000000,,
2026-07-29T12:44:36Z,314830FE78B8C328,16.14,queries/Functions/09-03_math/tan.sql,3,3,2.712813,5.698,2500.656,0.206459,0.007035,0.021950,7168,0,112561,0,0,0,0,1,1,6001215,6001215,6001325,48009720,0,0,lineitem,0,26.869445800781250000,21.839904785156250000,,
2026-07-29T12:44:41Z,314830FE78B8C328,16.14,queries/Functions/09-03_math/tanh.sql,1,3,2.554744,5.371,2417.938,0.131435,0.008806,0.009151,7168,0,112561,0,0,0,0,1,1,6001215,6001215,6001325,48009720,0,0,lineitem,0,26.794372558593750000,22.025756835937500000,,
2026-07-29T12:44:47Z,314830FE78B8C328,16.14,queries/Functions/09-03_math/tanh.sql,2,3,2.704458,4.714,2487.711,0.212033,0.015421,0.018605,7168,0,112561,0,0,0,0,1,1,6001215,6001215,6001325,48009720,0,0,lineitem,0,26.895629882812500000,21.886962890625000000,,
2026-07-29T12:44:53Z,314830FE78B8C328,16.14,queries/Functions/09-03_math/tanh.sql,3,3,2.730022,5.063,2512.154,0.212805,0.008804,0.025403,7168,0,112561,0,0,0,0,1,1,6001215,6001215,6001325,48009720,0,0,lineitem,0,26.972778320312500000,21.910156250000000000,,
2026-07-29T12:44:58Z,314830FE78B8C328,16.14,queries/Functions/09-03_math/trim_scale.sql,1,3,2.056212,5.943,1861.646,0.188623,0.006206,0.014207,7168,0,112561,0,0,0,0,1,1,6001215,6001215,6001325,192038880,0,0,lineitem,0,19.376281738281250000,15.524841308593750000,,
2026-07-29T12:45:03Z,314830FE78B8C328,16.14,queries/Functions/09-03_math/trim_scale.sql,2,3,2.119899,5.826,1905.814,0.208259,0.012884,0.020795,7168,0,112561,0,0,0,0,1,1,6001215,6001215,6001325,192038880,0,0,lineitem,0,19.419250488281250000,15.475280761718750000,,
2026-07-29T12:45:08Z,314830FE78B8C328,16.14,queries/Functions/09-03_math/trim_scale.sql,3,3,2.069283,5.933,1856.199,0.207151,0.009630,0.025233,7168,0,112561,0,0,0,0,1,1,6001215,6001215,6001325,192038880,0,0,lineitem,0,19.379821777343750000,15.513916015625000000,,
2026-07-29T12:45:13Z,314830FE78B8C328,16.14,queries/Functions/09-03_math/trunc.sql,1,3,2.871045,6.012,2680.109,0.184924,0.004570,0.014175,7168,0,112561,0,0,0,0,1,1,6001215,6001215,6001325,192038880,0,0,lineitem,0,28.052917480468750000,22.725952148437500000,,
2026-07-29T12:45:19Z,314830FE78B8C328,16.14,queries/Functions/09-03_math/trunc.sql,2,3,2.691875,5.896,2580.257,0.105722,0.006120,0.005904,7168,0,112561,0,0,0,0,1,1,6001215,6001215,6001325,192038880,0,0,lineitem,0,28.199340820312500000,23.174621582031250000,,
2026-07-29T12:45:25Z,314830FE78B8C328,16.14,queries/Functions/09-03_math/trunc.sql,3,3,2.898022,6.735,2677.126,0.214161,0.008273,0.025579,7168,0,112561,0,0,0,0,1,1,6001215,6001215,6001325,192038880,0,0,lineitem,0,28.375915527343750000,23.009338378906250000,,
2026-07-29T12:45:31Z,314830FE78B8C328,16.14,queries/Functions/09-03_math/trunc_scale.sql,1,3,2.940229,5.906,2720.233,0.214090,0.010650,0.021818,7168,0,112561,0,0,0,0,1,1,6001215,6001215,6001325,192038880,0,0,lineitem,0,28.484436035156250000,23.047363281250000000,,
2026-07-29T12:45:36Z,314830FE78B8C328,16.14,queries/Functions/09-03_math/trunc_scale.sql,2,3,2.909664,5.290,2691.349,0.213025,0.015874,0.017419,7168,0,112561,0,0,0,0,1,1,6001215,6001215,6001325,192038880,0,0,lineitem,0,28.581237792968750000,23.197692871093750000,,
2026-07-29T12:45:42Z,314830FE78B8C328,16.14,queries/Functions/09-03_math/trunc_scale.sql,3,3,2.791956,5.786,2573.612,0.212558,0.005135,0.028375,7168,0,112561,0,0,0,0,1,1,6001215,6001215,6001325,192038880,0,0,lineitem,0,28.542175292968750000,23.357421875000000000,,
2026-07-29T12:45:47Z,314830FE78B8C328,16.14,queries/Functions/09-03_math/unary_minus.sql,1,3,1.848609,6.064,1655.759,0.186786,0.005019,0.014940,7168,0,112561,0,0,0,0,1,1,6001215,6001215,6001325,192038880,0,0,lineitem,0,16.592895507812500000,13.119506835937500000,,
2026-07-29T12:45:51Z,314830FE78B8C328,16.14,queries/Functions/09-03_math/unary_minus.sql,2,3,1.805751,5.230,1653.547,0.146974,0.007226,0.017991,7168,0,112561,0,0,0,0,1,1,6001215,6001215,6001325,192038880,0,0,lineitem,0,16.418151855468750000,13.031433105468750000,,
2026-07-29T12:45:56Z,314830FE78B8C328,16.14,queries/Functions/09-03_math/unary_minus.sql,3,3,1.845287,5.480,1631.819,0.207988,0.018815,0.015995,7168,0,112561,0,0,0,0,1,1,6001215,6001215,6001325,192038880,0,0,lineitem,0,16.324340820312500000,12.873291015625000000,,
2026-07-29T12:46:03Z,314830FE78B8C328,16.14,queries/Functions/09-03_math/width_bucket.sql,1,3,3.721268,5.800,3502.979,0.212489,0.011418,0.023588,7168,0,112561,0,0,0,0,1,1,6001215,6001215,6001325,24004860,0,0,lineitem,0,38.749694824218750000,31.901611328125000000,,
2026-07-29T12:46:09Z,314830FE78B8C328,16.14,queries/Functions/09-03_math/width_bucket.sql,2,3,3.681460,5.912,3493.796,0.181752,0.016504,0.016674,7168,0,112561,0,0,0,0,1,1,6001215,6001215,6001325,24004860,0,0,lineitem,0,39.252929687500000000,32.456604003906250000,,
2026-07-29T12:46:16Z,314830FE78B8C328,16.14,queries/Functions/09-03_math/width_bucket.sql,3,3,3.730422,5.719,3514.647,0.210056,0.014183,0.018936,7040,0,112561,0,0,0,0,1,1,6001215,6001215,6001325,24004860,0,0,lineitem,0,39.306823730468750000,32.432800292968750000,,
2026-07-29T12:46:21Z,314830FE78B8C328,16.14,queries/Functions/09-04_string/ascii.sql,1,3,1.942906,5.043,1733.703,0.204160,0.011841,0.021040,7168,0,112561,0,0,0,0,1,1,6001215,6001215,6001325,24004860,0,0,lineitem,0,18.050292968750000000,14.418151855468750000,,
2026-07-29T12:46:26Z,314830FE78B8C328,16.14,queries/Functions/09-04_string/ascii.sql,2,3,1.949053,4.594,1736.459,0.208000,0.015276,0.019241,7168,0,112561,0,0,0,0,1,1,6001215,6001215,6001325,24004860,0,0,lineitem,0,18.041625976562500000,14.398864746093750000,,
2026-07-29T12:46:30Z,314830FE78B8C328,16.14,queries/Functions/09-04_string/ascii.sql,3,3,1.958922,5.585,1746.613,0.206724,0.014407,0.018743,7168,0,112561,0,0,0,0,1,1,6001215,6001215,6001325,24004860,0,0,lineitem,0,18.051208496093750000,14.395019531250000000,,
2026-07-29T12:46:35Z,314830FE78B8C328,16.14,queries/Functions/09-04_string/bit_length.sql,1,3,1.974959,4.388,1759.242,0.211329,0.015603,0.019374,7168,0,112561,0,0,0,0,1,1,6001215,6001215,6001325,24004860,0,0,lineitem,0,18.441162109375000000,14.760253906250000000,,
2026-07-29T12:46:40Z,314830FE78B8C328,16.14,queries/Functions/09-04_string/bit_length.sql,2,3,1.944549,5.714,1730.246,0.208589,0.008724,0.024561,7168,0,112561,0,0,0,0,1,1,6001215,6001215,6001325,24004860,0,0,lineitem,0,18.160278320312500000,14.513366699218750000,,
2026-07-29T12:46:45Z,314830FE78B8C328,16.14,queries/Functions/09-04_string/bit_length.sql,3,3,1.937856,6.032,1749.143,0.182681,0.006209,0.012291,7168,0,112561,0,0,0,0,1,1,6001215,6001215,6001325,24004860,0,0,lineitem,0,17.958557128906250000,14.333740234375000000,,
2026-07-29T12:46:51Z,314830FE78B8C328,16.14,queries/Functions/09-04_string/btrim.sql,1,3,3.175449,6.174,2959.562,0.209713,0.013434,0.021500,7168,0,112561,0,0,0,0,1,1,6001215,6001215,6001325,192038880,0,0,lineitem,0,33.451599121093750000,27.578125000000000000,,
2026-07-29T12:46:57Z,314830FE78B8C328,16.14,queries/Functions/09-04_string/btrim.sql,2,3,3.159977,5.944,2943.559,0.210474,0.008839,0.024863,7168,0,112561,0,0,0,0,1,1,6001215,6001215,6001325,192038880,0,0,lineitem,0,32.789184570312500000,26.948120117187500000,,
2026-07-29T12:47:03Z,314830FE78B8C328,16.14,queries/Functions/09-04_string/btrim.sql,3,3,3.158195,5.165,2941.538,0.211492,0.010802,0.023316,7168,0,112561,0,0,0,0,1,1,6001215,6001215,6001325,192038880,0,0,lineitem,0,33.151245117187500000,27.320129394531250000,,
2026-07-29T12:47:07Z,314830FE78B8C328,16.14,queries/Functions/09-04_string/cast_text.sql,1,3,1.350383,8.219,1135.410,0.206754,0.011236,0.023481,7168,0,9478,0,0,0,0,1,1,6001215,6001215,6001325,192038880,0,0,lineitem,0,11.022705078125000000,8.601196289062500000,,
2026-07-29T12:47:12Z,314830FE78B8C328,16.14,queries/Functions/09-04_string/cast_text.sql,2,3,1.348395,8.340,1128.981,0.211074,0.013023,0.021942,7040,0,9478,0,0,0,0,1,1,6001215,6001215,6001325,192038880,0,0,lineitem,0,11.266296386718750000,8.851806640625000000,,
2026-07-29T12:47:16Z,314830FE78B8C328,16.14,queries/Functions/09-04_string/cast_text.sql,3,3,1.351841,8.603,1132.707,0.210531,0.008113,0.028004,7168,0,9478,0,0,0,0,1,1,6001215,6001215,6001325,192038880,0,0,lineitem,0,11.211975097656250000,8.780517578125000000,,
2026-07-29T12:47:21Z,314830FE78B8C328,16.14,queries/Functions/09-04_string/char_length.sql,1,3,2.257517,5.445,2040.331,0.211741,0.010500,0.024598,7168,0,112561,0,0,0,0,1,1,6001215,6001215,6001325,24004860,0,0,lineitem,0,21.873413085937500000,17.679077148437500000,,
2026-07-29T12:47:26Z,314830FE78B8C328,16.14,queries/Functions/09-04_string/char_length.sql,2,3,2.239194,5.412,2021.536,0.212246,0.012564,0.020820,7168,0,112561,0,0,0,0,1,1,6001215,6001215,6001325,24004860,0,0,lineitem,0,21.611877441406250000,17.443054199218750000,,
2026-07-29T12:47:31Z,314830FE78B8C328,16.14,queries/Functions/09-04_string/char_length.sql,3,3,2.248099,5.259,2032.086,0.210754,0.009553,0.023955,7168,0,112561,0,0,0,0,1,1,6001215,6001215,6001325,24004860,0,0,lineitem,0,21.836547851562500000,17.642211914062500000,,
2026-07-29T12:47:36Z,314830FE78B8C328,16.14,queries/Functions/09-04_string/chr.sql,1,3,1.826736,5.149,1637.613,0.183974,0.009140,0.010909,7168,0,112561,0,0,0,0,1,1,6001215,6001215,6001325,192038880,0,0,lineitem,0,15.977844238281250000,12.536315917968750000,,
2026-07-29T12:47:40Z,314830FE78B8C328,16.14,queries/Functions/09-04_string/chr.sql,2,3,1.791182,5.409,1572.581,0.213192,0.007931,0.028253,7168,0,112561,0,0,0,0,1,1,6001215,6001215,6001325,192038880,0,0,lineitem,0,16.017639160156250000,12.663391113281250000,,
2026-07-29T12:47:45Z,314830FE78B8C328,16.14,queries/Functions/09-04_string/chr.sql,3,3,1.829245,5.354,1612.931,0.210960,0.013974,0.021038,7168,0,112561,0,0,0,0,1,1,6001215,6001215,6001325,192038880,0,0,lineitem,0,15.869384765625000000,12.446228027343750000,,
2026-07-29T12:47:51Z,314830FE78B8C328,16.14,queries/Functions/09-04_string/concat_fn.sql,1,3,2.585897,5.743,2367.553,0.212601,0.008440,0.027073,7168,5,112562,0,0,0,0,1,1,6001215,6001215,6001325,192038880,0,0,lineitem,0,25.784667968750000000,20.981018066406250000,,
2026-07-29T12:47:56Z,314830FE78B8C328,16.14,queries/Functions/09-04_string/concat_fn.sql,2,3,2.531011,5.601,2321.360,0.204050,0.007286,0.025396,7168,5,112562,0,0,0,0,1,1,6001215,6001215,6001325,192038880,0,0,lineitem,0,25.806640625000000000,21.111450195312500000,,
2026-07-29T12:48:02Z,314830FE78B8C328,16.14,queries/Functions/09-04_string/concat_fn.sql,3,3,2.548895,5.558,2385.874,0.157463,0.004662,0.014066,7168,5,112562,0,0,0,0,1,1,6001215,6001215,6001325,192038880,0,0,lineitem,0,25.587768554687500000,20.831542968750000000,,
2026-07-29T12:48:07Z,314830FE78B8C328,16.14,queries/Functions/09-04_string/concat_op.sql,1,3,2.154170,5.228,1941.793,0.207149,0.012421,0.021899,7168,0,112561,0,0,0,0,1,1,6001215,6001215,6001325,192038880,0,0,lineitem,0,20.562988281250000000,16.546142578125000000,,
2026-07-29T12:48:12Z,314830FE78B8C328,16.14,queries/Functions/09-04_string/concat_op.sql,2,3,2.145263,5.357,1927.069,0.212837,0.011737,0.021550,7168,0,112561,0,0,0,0,1,1,6001215,6001215,6001325,192038880,0,0,lineitem,0,20.390075683593750000,16.380371093750000000,,
2026-07-29T12:48:17Z,314830FE78B8C328,16.14,queries/Functions/09-04_string/concat_op.sql,3,3,2.153565,5.401,1935.557,0.212607,0.007747,0.024626,7168,0,112561,0,0,0,0,1,1,6001215,6001215,6001325,192038880,0,0,lineitem,0,20.626403808593750000,16.615173339843750000,,
2026-07-29T12:48:23Z,314830FE78B8C328,16.14,queries/Functions/09-04_string/concat_ws.sql,1,3,2.591149,6.089,2377.671,0.207389,0.010874,0.021560,7168,5,112562,0,0,0,0,1,1,6001215,6001215,6001325,192038880,0,0,lineitem,0,26.479675292968750000,21.664489746093750000,,
2026-07-29T12:48:28Z,314830FE78B8C328,16.14,queries/Functions/09-04_string/concat_ws.sql,2,3,2.579299,6.137,2381.868,0.191294,0.009303,0.010158,7168,5,112562,0,0,0,0,1,1,6001215,6001215,6001325,192038880,0,0,lineitem,0,26.481201171875000000,21.691284179687500000,,
2026-07-29T12:48:34Z,314830FE78B8C328,16.14,queries/Functions/09-04_string/concat_ws.sql,3,3,2.625160,5.442,2412.864,0.206854,0.011764,0.021010,7168,5,112562,0,0,0,0,1,1,6001215,6001215,6001325,192038880,0,0,lineitem,0,26.488159179687500000,21.626892089843750000,,
2026-07-29T12:48:40Z,314830FE78B8C328,16.14,queries/Functions/09-04_string/format.sql,1,3,3.262031,6.552,3047.210,0.208269,0.010065,0.020741,7168,5,112562,0,0,0,0,1,1,6001215,6001215,6001325,192038880,0,0,lineitem,0,34.323425292968750000,28.302673339843750000,,
2026-07-29T12:48:46Z,314830FE78B8C328,16.14,queries/Functions/09-04_string/format.sql,2,3,3.264196,5.990,3060.441,0.197765,0.012920,0.019756,7168,5,112562,0,0,0,0,1,1,6001215,6001215,6001325,192038880,0,0,lineitem,0,34.767456054687500000,28.740173339843750000,,
2026-07-29T12:48:52Z,314830FE78B8C328,16.14,queries/Functions/09-04_string/format.sql,3,3,3.253513,6.528,3036.657,0.210328,0.013714,0.021470,7168,5,112562,0,0,0,0,1,1,6001215,6001215,6001325,192038880,0,0,lineitem,0,34.637268066406250000,28.626403808593750000,,
2026-07-29T12:49:00Z,314830FE78B8C328,16.14,queries/Functions/09-04_string/initcap.sql,1,3,4.789303,5.561,4598.958,0.184784,0.010244,0.022499,7168,0,112561,0,0,0,0,1,1,6001215,6001215,6001325,192038880,0,0,lineitem,0,53.143371582031250000,44.337890625000000000,,
2026-07-29T12:49:07Z,314830FE78B8C328,16.14,queries/Functions/09-04_string/initcap.sql,2,3,4.721563,5.971,4522.871,0.192721,0.007388,0.008763,7168,0,112561,0,0,0,0,1,1,6001215,6001215,6001325,192038880,0,0,lineitem,0,52.552307128906250000,43.892822265625000000,,
2026-07-29T12:49:15Z,314830FE78B8C328,16.14,queries/Functions/09-04_string/initcap.sql,3,3,4.816083,5.756,4600.883,0.209444,0.013824,0.018423,7168,0,112561,0,0,0,0,1,1,6001215,6001215,6001325,192038880,0,0,lineitem,0,52.919921875000000000,44.079956054687500000,,
2026-07-29T12:49:20Z,314830FE78B8C328,16.14,queries/Functions/09-04_string/left.sql,1,3,2.276199,4.581,2086.203,0.185415,0.005758,0.013153,7168,0,112561,0,0,0,0,1,1,6001215,6001215,6001325,192038880,0,0,lineitem,0,22.594848632812500000,18.356262207031250000,,
2026-07-29T12:49:25Z,314830FE78B8C328,16.14,queries/Functions/09-04_string/left.sql,2,3,2.308390,5.531,2092.822,0.210037,0.010408,0.022303,7168,0,112561,0,0,0,0,1,1,6001215,6001215,6001325,192038880,0,0,lineitem,0,22.854309082031250000,18.574707031250000000,,
2026-07-29T12:49:30Z,314830FE78B8C328,16.14,queries/Functions/09-04_string/left.sql,3,3,2.204766,5.556,2081.121,0.118089,0.002700,0.012124,7168,0,112561,0,0,0,0,1,1,6001215,6001215,6001325,192038880,0,0,lineitem,0,22.773071289062500000,18.646423339843750000,,
2026-07-29T12:49:35Z,314830FE78B8C328,16.14,queries/Functions/09-04_string/length.sql,1,3,2.213671,5.263,2000.144,0.208264,0.014536,0.019867,7168,0,112561,0,0,0,0,1,1,6001215,6001215,6001325,24004860,0,0,lineitem,0,21.756835937500000000,17.630859375000000000,,
2026-07-29T12:49:41Z,314830FE78B8C328,16.14,queries/Functions/09-04_string/length.sql,2,3,2.237547,5.161,2019.980,0.212406,0.013484,0.020436,7168,0,112561,0,0,0,0,1,1,6001215,6001215,6001325,24004860,0,0,lineitem,0,21.995056152343750000,17.838256835937500000,,
2026-07-29T12:49:46Z,314830FE78B8C328,16.14,queries/Functions/09-04_string/length.sql,3,3,2.254024,5.284,2035.330,0.213410,0.013393,0.020755,7168,0,112561,0,0,0,0,1,1,6001215,6001215,6001325,24004860,0,0,lineitem,0,21.732849121093750000,17.530517578125000000,,
2026-07-29T12:49:53Z,314830FE78B8C328,16.14,queries/Functions/09-04_string/lower.sql,1,3,4.125583,5.931,3908.482,0.211170,0.011013,0.023070,7168,0,112561,0,0,0,0,1,1,6001215,6001215,6001325,192038880,0,0,lineitem,0,44.892761230468750000,37.306884765625000000,,
2026-07-29T12:50:00Z,314830FE78B8C328,16.14,queries/Functions/09-04_string/lower.sql,2,3,4.155864,5.738,3934.182,0.215944,0.009363,0.023734,7168,0,112561,0,0,0,0,1,1,6001215,6001215,6001325,192038880,0,0,lineitem,0,45.106140136718750000,37.456237792968750000,,
2026-07-29T12:50:07Z,314830FE78B8C328,16.14,queries/Functions/09-04_string/lower.sql,3,3,4.091921,5.624,3872.646,0.213651,0.010697,0.024247,7168,0,112561,0,0,0,0,1,1,6001215,6001215,6001325,192038880,0,0,lineitem,0,44.894470214843750000,37.365783691406250000,,
2026-07-29T12:50:14Z,314830FE78B8C328,16.14,queries/Functions/09-04_string/lpad.sql,1,3,3.897807,5.132,3681.226,0.211449,0.009367,0.024672,7168,0,112561,0,0,0,0,1,1,6001215,6001215,6001325,192038880,0,0,lineitem,0,41.561279296875000000,34.381652832031250000,,
2026-07-29T12:50:20Z,314830FE78B8C328,16.14,queries/Functions/09-04_string/lpad.sql,2,3,3.846646,5.967,3668.623,0.172056,0.005080,0.013435,7168,0,112561,0,0,0,0,1,1,6001215,6001215,6001325,192038880,0,0,lineitem,0,41.747924804687500000,34.638183593750000000,,
2026-07-29T12:50:27Z,314830FE78B8C328,16.14,queries/Functions/09-04_string/lpad.sql,3,3,3.889001,5.636,3670.850,0.212515,0.011518,0.021297,7168,0,112561,0,0,0,0,1,1,6001215,6001215,6001325,192038880,0,0,lineitem,0,41.297546386718750000,34.139038085937500000,,
2026-07-29T12:50:33Z,314830FE78B8C328,16.14,queries/Functions/09-04_string/ltrim.sql,1,3,3.144770,5.732,2929.861,0.209177,0.006403,0.026510,7168,0,112561,0,0,0,0,1,1,6001215,6001215,6001325,192038880,0,0,lineitem,0,32.570007324218750000,26.762023925781250000,,
2026-07-29T12:50:39Z,314830FE78B8C328,16.14,queries/Functions/09-04_string/ltrim.sql,2,3,3.124131,5.359,2949.458,0.169314,0.003517,0.015829,7168,0,112561,0,0,0,0,1,1,6001215,6001215,6001325,192038880,0,0,lineitem,0,33.327148437500000000,27.521240234375000000,,
2026-07-29T12:50:45Z,314830FE78B8C328,16.14,queries/Functions/09-04_string/ltrim.sql,3,3,3.126449,5.914,2913.817,0.206718,0.012450,0.020071,7168,0,112561,0,0,0,0,1,1,6001215,6001215,6001325,192038880,0,0,lineitem,0,32.832275390625000000,27.050354003906250000,,
2026-07-29T12:50:55Z,314830FE78B8C328,16.14,queries/Functions/09-04_string/md5.sql,1,3,6.700987,5.582,6516.540,0.178865,0.006613,0.012223,7168,0,112561,0,0,0,0,1,1,6001215,6001215,6001325,192038880,0,0,lineitem,0,76.285339355468750000,64.018310546875000000,,
2026-07-29T12:51:04Z,314830FE78B8C328,16.14,queries/Functions/09-04_string/md5.sql,2,3,6.670786,5.708,6452.795,0.212283,0.009725,0.020977,7168,0,112561,0,0,0,0,1,1,6001215,6001215,6001325,192038880,0,0,lineitem,0,75.640502929687500000,63.438354492187500000,,
2026-07-29T12:51:14Z,314830FE78B8C328,16.14,queries/Functions/09-04_string/md5.sql,3,3,6.894113,5.360,6677.376,0.211377,0.011610,0.020660,7168,0,112561,0,0,0,0,1,1,6001215,6001215,6001325,192038880,0,0,lineitem,0,77.759460449218750000,65.141906738281250000,,
2026-07-29T12:51:19Z,314830FE78B8C328,16.14,queries/Functions/09-04_string/octet_length.sql,1,3,1.943941,5.358,1756.838,0.181745,0.006404,0.012352,7168,0,112561,0,0,0,0,1,1,6001215,6001215,6001325,24004860,0,0,lineitem,0,18.342224121093750000,14.700500488281250000,,
2026-07-29T12:51:24Z,314830FE78B8C328,16.14,queries/Functions/09-04_string/octet_length.sql,2,3,1.962503,4.962,1743.308,0.214233,0.012503,0.023830,7168,0,112561,0,0,0,0,1,1,6001215,6001215,6001325,24004860,0,0,lineitem,0,18.037536621093750000,14.367980957031250000,,
2026-07-29T12:51:29Z,314830FE78B8C328,16.14,queries/Functions/09-04_string/octet_length.sql,3,3,1.898625,5.603,1686.412,0.206610,0.015887,0.019437,7168,0,112561,0,0,0,0,1,1,6001215,6001215,6001325,24004860,0,0,lineitem,0,17.958984375000000000,14.393981933593750000,,
2026-07-29T12:51:35Z,314830FE78B8C328,16.14,queries/Functions/09-04_string/overlay.sql,1,3,3.192545,5.783,2972.663,0.214099,0.010575,0.023775,7168,0,112561,0,0,0,0,1,1,6001215,6001215,6001325,192038880,0,0,lineitem,0,33.424926757812500000,27.534667968750000000,,
2026-07-29T12:51:41Z,314830FE78B8C328,16.14,queries/Functions/09-04_string/overlay.sql,2,3,3.163863,5.333,2990.148,0.168382,0.008024,0.016775,7168,0,112561,0,0,0,0,1,1,6001215,6001215,6001325,192038880,0,0,lineitem,0,33.428161621093750000,27.550476074218750000,,
2026-07-29T12:51:47Z,314830FE78B8C328,16.14,queries/Functions/09-04_string/overlay.sql,3,3,3.194941,5.485,2980.426,0.209030,0.011266,0.021120,7168,0,112561,0,0,0,0,1,1,6001215,6001215,6001325,192038880,0,0,lineitem,0,33.373901367187500000,27.471862792968750000,,
2026-07-29T12:51:52Z,314830FE78B8C328,16.14,queries/Functions/09-04_string/position.sql,1,3,2.439282,5.096,2224.086,0.210100,0.008575,0.024564,7168,0,112561,0,0,0,0,1,1,6001215,6001215,6001325,24004860,0,0,lineitem,0,23.469970703125000000,18.937683105468750000,,
2026-07-29T12:51:57Z,314830FE78B8C328,16.14,queries/Functions/09-04_string/position.sql,2,3,2.398042,5.554,2180.161,0.212327,0.008004,0.025665,7168,0,112561,0,0,0,0,1,1,6001215,6001215,6001325,24004860,0,0,lineitem,0,23.343017578125000000,18.890319824218750000,,
2026-07-29T12:52:03Z,314830FE78B8C328,16.14,queries/Functions/09-04_string/position.sql,3,3,2.383451,5.393,2163.986,0.214072,0.011248,0.023506,7168,0,112561,0,0,0,0,1,1,6001215,6001215,6001325,24004860,0,0,lineitem,0,23.384399414062500000,18.961853027343750000,,
2026-07-29T12:52:09Z,314830FE78B8C328,16.14,queries/Functions/09-04_string/quote_ident.sql,1,3,2.937697,5.787,2718.685,0.213225,0.012750,0.020831,7168,0,112561,0,0,0,0,1,1,6001215,6001215,6001325,192038880,0,0,lineitem,0,28.964111328125000000,23.520874023437500000,,
2026-07-29T12:52:14Z,314830FE78B8C328,16.14,queries/Functions/09-04_string/quote_ident.sql,2,3,2.902138,5.631,2715.108,0.181399,0.004296,0.013853,7168,0,112561,0,0,0,0,1,1,6001215,6001215,6001325,192038880,0,0,lineitem,0,28.728393554687500000,23.353088378906250000,,
2026-07-29T12:52:20Z,314830FE78B8C328,16.14,queries/Functions/09-04_string/quote_ident.sql,3,3,2.930115,5.697,2713.664,0.210754,0.013051,0.021345,7168,0,112561,0,0,0,0,1,1,6001215,6001215,6001325,192038880,0,0,lineitem,0,28.998596191406250000,23.578247070312500000,,
2026-07-29T12:52:25Z,314830FE78B8C328,16.14,queries/Functions/09-04_string/quote_literal.sql,1,3,2.260033,5.839,2068.628,0.185566,0.006169,0.011854,7168,0,112561,0,0,0,0,1,1,6001215,6001215,6001325,192038880,0,0,lineitem,0,22.111267089843750000,17.894531250000000000,,
2026-07-29T12:52:30Z,314830FE78B8C328,16.14,queries/Functions/09-04_string/quote_literal.sql,2,3,2.148085,5.828,2012.735,0.129522,0.004602,0.011271,7168,0,112561,0,0,0,0,1,1,6001215,6001215,6001325,192038880,0,0,lineitem,0,22.044799804687500000,18.033447265625000000,,
2026-07-29T12:52:36Z,314830FE78B8C328,16.14,queries/Functions/09-04_string/quote_literal.sql,3,3,2.239125,5.621,2056.566,0.176938,0.009357,0.020963,7168,0,112561,0,0,0,0,1,1,6001215,6001215,6001325,192038880,0,0,lineitem,0,21.943542480468750000,17.758300781250000000,,
2026-07-29T12:52:41Z,314830FE78B8C328,16.14,queries/Functions/09-04_string/repeat.sql,1,3,2.113680,5.485,1895.212,0.212983,0.011898,0.021816,7168,0,112561,0,0,0,0,1,1,6001215,6001215,6001325,192038880,0,0,lineitem,0,20.513427734375000000,16.572265625000000000,,
2026-07-29T12:52:46Z,314830FE78B8C328,16.14,queries/Functions/09-04_string/repeat.sql,2,3,2.095444,5.748,1904.847,0.184849,0.005548,0.013759,7168,0,112561,0,0,0,0,1,1,6001215,6001215,6001325,192038880,0,0,lineitem,0,20.351318359375000000,16.436523437500000000,,
2026-07-29T12:52:51Z,314830FE78B8C328,16.14,queries/Functions/09-04_string/repeat.sql,3,3,2.094580,3.544,1909.861,0.181175,0.007224,0.011647,7168,0,112561,0,0,0,0,1,1,6001215,6001215,6001325,192038880,0,0,lineitem,0,20.362915039062500000,16.441162109375000000,,
2026-07-29T12:52:56Z,314830FE78B8C328,16.14,queries/Functions/09-04_string/replace.sql,1,3,2.683419,4.581,2504.625,0.174213,0.008459,0.011953,7168,0,112561,0,0,0,0,1,1,6001215,6001215,6001325,192038880,0,0,lineitem,0,26.880676269531250000,21.892028808593750000,,
2026-07-29T12:53:02Z,314830FE78B8C328,16.14,queries/Functions/09-04_string/replace.sql,2,3,2.733339,5.409,2516.342,0.211588,0.010651,0.024048,7168,0,112561,0,0,0,0,1,1,6001215,6001215,6001325,192038880,0,0,lineitem,0,27.133422851562500000,22.072326660156250000,,
2026-07-29T12:53:07Z,314830FE78B8C328,16.14,queries/Functions/09-04_string/replace.sql,3,3,2.710544,5.622,2495.024,0.209898,0.011862,0.021216,7168,0,112561,0,0,0,0,1,1,6001215,6001215,6001325,192038880,0,0,lineitem,0,27.224487304687500000,22.196655273437500000,,
2026-07-29T12:53:13Z,314830FE78B8C328,16.14,queries/Functions/09-04_string/reverse.sql,1,3,2.788860,5.580,2568.848,0.214432,0.011236,0.023645,7168,0,112561,0,0,0,0,1,1,6001215,6001215,6001325,192038880,0,0,lineitem,0,28.035949707031250000,22.869995117187500000,,
2026-07-29T12:53:19Z,314830FE78B8C328,16.14,queries/Functions/09-04_string/reverse.sql,2,3,2.771442,5.351,2557.502,0.208589,0.013724,0.018337,7168,0,112561,0,0,0,0,1,1,6001215,6001215,6001325,192038880,0,0,lineitem,0,28.314392089843750000,23.169494628906250000,,
2026-07-29T12:53:24Z,314830FE78B8C328,16.14,queries/Functions/09-04_string/reverse.sql,3,3,2.805871,5.858,2588.699,0.211314,0.015185,0.020632,7168,0,112561,0,0,0,0,1,1,6001215,6001215,6001325,192038880,0,0,lineitem,0,28.217590332031250000,23.011108398437500000,,
2026-07-29T12:53:30Z,314830FE78B8C328,16.14,queries/Functions/09-04_string/right.sql,1,3,2.837964,5.918,2617.638,0.214408,0.012236,0.021044,7168,0,112561,0,0,0,0,1,1,6001215,6001215,6001325,192038880,0,0,lineitem,0,28.450561523437500000,23.200988769531250000,,
2026-07-29T12:53:36Z,314830FE78B8C328,16.14,queries/Functions/09-04_string/right.sql,2,3,2.809739,6.117,2591.702,0.211920,0.010581,0.024151,7168,0,112561,0,0,0,0,1,1,6001215,6001215,6001325,192038880,0,0,lineitem,0,28.320800781250000000,23.117431640625000000,,
2026-07-29T12:53:42Z,314830FE78B8C328,16.14,queries/Functions/09-04_string/right.sql,3,3,2.829886,5.624,2611.715,0.212547,0.011012,0.023733,7168,0,112561,0,0,0,0,1,1,6001215,6001215,6001325,192038880,0,0,lineitem,0,28.239562988281250000,22.990722656250000000,,
2026-07-29T12:53:48Z,314830FE78B8C328,16.14,queries/Functions/09-04_string/rpad.sql,1,3,3.910334,5.506,3718.389,0.186439,0.012643,0.021262,7168,0,112561,0,0,0,0,1,1,6001215,6001215,6001325,192038880,0,0,lineitem,0,41.638793945312500000,34.416992187500000000,,
2026-07-29T12:53:55Z,314830FE78B8C328,16.14,queries/Functions/09-04_string/rpad.sql,2,3,3.901108,7.648,3709.695,0.183765,0.009311,0.023102,7168,0,112561,0,0,0,0,1,1,6001215,6001215,6001325,192038880,0,0,lineitem,0,41.563720703125000000,34.359436035156250000,,
2026-07-29T12:54:02Z,314830FE78B8C328,16.14,queries/Functions/09-04_string/rpad.sql,3,3,3.941372,5.570,3722.068,0.213734,0.015366,0.018217,7168,0,112561,0,0,0,0,1,1,6001215,6001215,6001325,192038880,0,0,lineitem,0,42.027648925781250000,34.761962890625000000,,
2026-07-29T12:54:08Z,314830FE78B8C328,16.14,queries/Functions/09-04_string/rtrim.sql,1,3,3.118764,5.830,2897.627,0.215307,0.010086,0.023795,7168,0,112561,0,0,0,0,1,1,6001215,6001215,6001325,192038880,0,0,lineitem,0,32.371337890625000000,26.602111816406250000,,
2026-07-29T12:54:14Z,314830FE78B8C328,16.14,queries/Functions/09-04_string/rtrim.sql,2,3,3.098653,5.711,2898.297,0.194645,0.008030,0.010715,7168,0,112561,0,0,0,0,1,1,6001215,6001215,6001325,192038880,0,0,lineitem,0,32.157470703125000000,26.423217773437500000,,
2026-07-29T12:54:20Z,314830FE78B8C328,16.14,queries/Functions/09-04_string/rtrim.sql,3,3,3.136204,5.544,2946.357,0.184303,0.009052,0.023864,7168,0,112561,0,0,0,0,1,1,6001215,6001215,6001325,192038880,0,0,lineitem,0,33.140380859375000000,27.322387695312500000,,
2026-07-29T12:54:25Z,314830FE78B8C328,16.14,queries/Functions/09-04_string/split_part.sql,1,3,2.326639,6.230,2109.067,0.211342,0.006724,0.027461,7168,0,112561,0,0,0,0,1,1,6001215,6001215,6001325,192038880,0,0,lineitem,0,22.998840332031250000,18.667968750000000000,,
2026-07-29T12:54:30Z,314830FE78B8C328,16.14,queries/Functions/09-04_string/split_part.sql,2,3,2.241308,5.515,2096.400,0.139393,0.009521,0.010623,7168,0,112561,0,0,0,0,1,1,6001215,6001215,6001325,192038880,0,0,lineitem,0,22.721557617187500000,18.518066406250000000,,
2026-07-29T12:54:36Z,314830FE78B8C328,16.14,queries/Functions/09-04_string/split_part.sql,3,3,2.226856,5.413,2108.872,0.112571,0.004932,0.012009,7168,0,112561,0,0,0,0,1,1,6001215,6001215,6001325,192038880,0,0,lineitem,0,22.723815917968750000,18.549804687500000000,,
2026-07-29T12:54:41Z,314830FE78B8C328,16.14,queries/Functions/09-04_string/starts_with.sql,1,3,2.301235,5.685,2107.379,0.188171,0.004491,0.015588,7168,0,112561,0,0,0,0,1,1,6001215,6001215,6001325,6001215,0,0,lineitem,0,23.539245605468750000,19.247497558593750000,,
2026-07-29T12:54:46Z,314830FE78B8C328,16.14,queries/Functions/09-04_string/starts_with.sql,2,3,2.364101,5.751,2150.776,0.207574,0.016030,0.019608,7168,0,112561,0,0,0,0,1,1,6001215,6001215,6001325,6001215,0,0,lineitem,0,23.468017578125000000,19.069030761718750000,,
2026-07-29T12:54:51Z,314830FE78B8C328,16.14,queries/Functions/09-04_string/starts_with.sql,3,3,2.344568,5.800,2156.617,0.182151,0.013697,0.018099,7168,0,112561,0,0,0,0,1,1,6001215,6001215,6001325,6001215,0,0,lineitem,0,23.689575195312500000,19.299560546875000000,,
2026-07-29T12:54:57Z,314830FE78B8C328,16.14,queries/Functions/09-04_string/strpos.sql,1,3,2.396711,5.463,2180.718,0.210530,0.009266,0.024917,7168,0,112561,0,0,0,0,1,1,6001215,6001215,6001325,24004860,0,0,lineitem,0,23.422485351562500000,18.960083007812500000,,
2026-07-29T12:55:02Z,314830FE78B8C328,16.14,queries/Functions/09-04_string/strpos.sql,2,3,2.463525,4.773,2247.511,0.211241,0.013215,0.020966,7168,0,112561,0,0,0,0,1,1,6001215,6001215,6001325,24004860,0,0,lineitem,0,23.527893066406250000,18.945068359375000000,,
2026-07-29T12:55:07Z,314830FE78B8C328,16.14,queries/Functions/09-04_string/strpos.sql,3,3,2.416939,5.469,2202.068,0.209402,0.011609,0.022213,7168,0,112561,0,0,0,0,1,1,6001215,6001215,6001325,24004860,0,0,lineitem,0,23.602050781250000000,19.108520507812500000,,
2026-07-29T12:55:13Z,314830FE78B8C328,16.14,queries/Functions/09-04_string/substr.sql,1,3,2.301855,5.825,2083.827,0.212203,0.018182,0.014887,7168,0,112561,0,0,0,0,1,1,6001215,6001215,6001325,192038880,0,0,lineitem,0,22.859802246093750000,18.578674316406250000,,
2026-07-29T12:55:18Z,314830FE78B8C328,16.14,queries/Functions/09-04_string/substr.sql,2,3,2.314691,5.756,2122.530,0.186405,0.008998,0.025299,7168,0,112561,0,0,0,0,1,1,6001215,6001215,6001325,192038880,0,0,lineitem,0,23.187622070312500000,18.852539062500000000,,
2026-07-29T12:55:23Z,314830FE78B8C328,16.14,queries/Functions/09-04_string/substr.sql,3,3,2.282265,5.823,2099.364,0.177078,0.011450,0.013148,7168,0,112561,0,0,0,0,1,1,6001215,6001215,6001325,192038880,0,0,lineitem,0,22.943115234375000000,18.671081542968750000,,
2026-07-29T12:55:28Z,314830FE78B8C328,16.14,queries/Functions/09-04_string/substring.sql,1,3,2.342257,5.534,2121.742,0.214981,0.007674,0.025723,7168,0,112561,0,0,0,0,1,1,6001215,6001215,6001325,192038880,0,0,lineitem,0,23.142944335937500000,18.791687011718750000,,
2026-07-29T12:55:33Z,314830FE78B8C328,16.14,queries/Functions/09-04_string/substring.sql,2,3,2.337243,5.542,2116.894,0.214807,0.012330,0.022361,7168,0,112561,0,0,0,0,1,1,6001215,6001215,6001325,192038880,0,0,lineitem,0,23.066955566406250000,18.714416503906250000,,
2026-07-29T12:55:39Z,314830FE78B8C328,16.14,queries/Functions/09-04_string/substring.sql,3,3,2.320732,5.849,2099.703,0.215180,0.011438,0.022915,7168,0,112561,0,0,0,0,1,1,6001215,6001215,6001325,192038880,0,0,lineitem,0,23.151245117187500000,18.832763671875000000,,
2026-07-29T12:55:43Z,314830FE78B8C328,16.14,queries/Functions/09-04_string/to_hex.sql,1,3,1.269151,5.440,1056.650,0.207061,0.012549,0.021512,7168,0,9478,0,0,0,0,1,1,6001215,6001215,6001325,192038880,0,0,lineitem,0,10.203979492187500000,7.929992675781250000,,
2026-07-29T12:55:47Z,314830FE78B8C328,16.14,queries/Functions/09-04_string/to_hex.sql,2,3,1.304678,7.497,1085.899,0.211282,0.013197,0.022771,7168,0,9478,0,0,0,0,1,1,6001215,6001215,6001325,192038880,0,0,lineitem,0,10.332153320312500000,7.994750976562500000,,
2026-07-29T12:55:51Z,314830FE78B8C328,16.14,queries/Functions/09-04_string/to_hex.sql,3,3,1.296512,7.210,1077.463,0.211839,0.014512,0.020192,7168,0,9478,0,0,0,0,1,1,6001215,6001215,6001325,192038880,0,0,lineitem,0,10.302612304687500000,7.970153808593750000,,
2026-07-29T12:55:59Z,314830FE78B8C328,16.14,queries/Functions/09-04_string/translate.sql,1,3,5.373494,5.636,5152.518,0.215340,0.012560,0.022139,7168,0,112561,0,0,0,0,1,1,6001215,6001215,6001325,192038880,0,0,lineitem,0,60.244384765625000000,50.388732910156250000,,
2026-07-29T12:56:08Z,314830FE78B8C328,16.14,queries/Functions/09-04_string/translate.sql,2,3,5.352402,5.642,5135.126,0.211634,0.011254,0.019960,7168,0,112561,0,0,0,0,1,1,6001215,6001215,6001325,192038880,0,0,lineitem,0,60.603515625000000000,50.794982910156250000,,
2026-07-29T12:56:16Z,314830FE78B8C328,16.14,queries/Functions/09-04_string/translate.sql,3,3,5.380761,5.140,5166.772,0.208849,0.008103,0.024731,7168,0,112561,0,0,0,0,1,1,6001215,6001215,6001325,192038880,0,0,lineitem,0,60.932617187500000000,51.066894531250000000,,
2026-07-29T12:56:22Z,314830FE78B8C328,16.14,queries/Functions/09-04_string/trim_both.sql,1,3,3.155838,5.450,2967.394,0.182994,0.014432,0.017589,7040,0,112561,0,0,0,0,1,1,6001215,6001215,6001325,192038880,0,0,lineitem,0,33.713195800781250000,27.863525390625000000,,
2026-07-29T12:56:28Z,314830FE78B8C328,16.14,queries/Functions/09-04_string/trim_both.sql,2,3,3.182379,5.743,2961.541,0.215095,0.013019,0.020897,7168,0,112561,0,0,0,0,1,1,6001215,6001215,6001325,192038880,0,0,lineitem,0,33.256042480468750000,27.382873535156250000,,
2026-07-29T12:56:34Z,314830FE78B8C328,16.14,queries/Functions/09-04_string/trim_both.sql,3,3,3.168893,6.068,2956.794,0.206031,0.009862,0.023303,7168,0,112561,0,0,0,0,1,1,6001215,6001215,6001325,192038880,0,0,lineitem,0,33.710998535156250000,27.843872070312500000,,
2026-07-29T12:56:41Z,314830FE78B8C328,16.14,queries/Functions/09-04_string/upper.sql,1,3,4.033073,5.593,3812.513,0.214967,0.014010,0.019603,7168,0,112561,0,0,0,0,1,1,6001215,6001215,6001325,192038880,0,0,lineitem,0,43.634277343750000000,36.206176757812500000,,
2026-07-29T12:56:48Z,314830FE78B8C328,16.14,queries/Functions/09-04_string/upper.sql,2,3,4.067860,5.630,3849.073,0.213157,0.012219,0.019949,7168,0,112561,0,0,0,0,1,1,6001215,6001215,6001325,192038880,0,0,lineitem,0,43.848327636718750000,36.348144531250000000,,
2026-07-29T12:56:55Z,314830FE78B8C328,16.14,queries/Functions/09-04_string/upper.sql,3,3,4.012319,5.423,3793.416,0.213480,0.011676,0.019005,7168,0,112561,0,0,0,0,1,1,6001215,6001215,6001325,192038880,0,0,lineitem,0,43.731445312500000000,36.348327636718750000,,
2026-07-29T12:57:00Z,314830FE78B8C328,16.14,queries/Functions/09-05_binary_string/cast_bytea.sql,1,3,2.297711,7.035,2154.018,0.136658,0.005317,0.010007,7168,0,112561,0,0,0,0,1,1,6001215,6001215,6001325,192038880,0,0,lineitem,0,23.515258789062500000,19.236083984375000000,,
2026-07-29T12:57:05Z,314830FE78B8C328,16.14,queries/Functions/09-05_binary_string/cast_bytea.sql,2,3,2.310694,5.634,2099.670,0.205390,0.012452,0.020862,7168,0,112561,0,0,0,0,1,1,6001215,6001215,6001325,192038880,0,0,lineitem,0,23.558593750000000000,19.250610351562500000,,
2026-07-29T12:57:10Z,314830FE78B8C328,16.14,queries/Functions/09-05_binary_string/cast_bytea.sql,3,3,2.389944,6.721,2209.450,0.173773,0.006004,0.013418,7168,0,112561,0,0,0,0,1,1,6001215,6001215,6001325,192038880,0,0,lineitem,0,23.773132324218750000,19.303894042968750000,,
2026-07-29T12:57:16Z,314830FE78B8C328,16.14,queries/Functions/09-05_binary_string/concat_bytea.sql,1,3,2.524764,5.724,2300.481,0.218559,0.014368,0.021015,7168,0,112561,0,0,0,0,1,1,6001215,6001215,6001325,192038880,0,0,lineitem,0,25.310913085937500000,20.624938964843750000,,
2026-07-29T12:57:21Z,314830FE78B8C328,16.14,queries/Functions/09-05_binary_string/concat_bytea.sql,2,3,2.540698,5.924,2321.989,0.212785,0.012719,0.022052,7040,0,112561,0,0,0,0,1,1,6001215,6001215,6001325,192038880,0,0,lineitem,0,25.493225097656250000,20.788146972656250000,,
2026-07-29T12:57:27Z,314830FE78B8C328,16.14,queries/Functions/09-05_binary_string/concat_bytea.sql,3,3,2.552254,5.978,2335.441,0.210835,0.010301,0.021311,7168,0,112561,0,0,0,0,1,1,6001215,6001215,6001325,192038880,0,0,lineitem,0,25.109741210937500000,20.375732421875000000,,
2026-07-29T12:57:37Z,314830FE78B8C328,16.14,queries/Functions/09-05_binary_string/decode_hex.sql,1,3,7.144776,5.822,6994.382,0.144572,0.011399,0.009340,7168,0,112561,0,0,0,0,1,1,6001215,6001215,6001325,192038880,0,0,lineitem,0,82.092956542968750000,69.023681640625000000,,
2026-07-29T12:57:47Z,314830FE78B8C328,16.14,queries/Functions/09-05_binary_string/decode_hex.sql,2,3,7.063263,5.747,6843.017,0.214499,0.009914,0.022619,7168,0,112561,0,0,0,0,1,1,6001215,6001215,6001325,192038880,0,0,lineitem,0,81.142883300781250000,68.241027832031250000,,
2026-07-29T12:57:57Z,314830FE78B8C328,16.14,queries/Functions/09-05_binary_string/decode_hex.sql,3,3,7.133312,5.386,6993.950,0.133976,0.002825,0.014375,7168,0,112561,0,0,0,0,1,1,6001215,6001215,6001325,192038880,0,0,lineitem,0,82.457214355468750000,69.413146972656250000,,
2026-07-29T12:58:02Z,314830FE78B8C328,16.14,queries/Functions/09-05_binary_string/encode_base64.sql,1,3,3.070406,6.287,2850.246,0.213873,0.011967,0.022238,7168,0,112561,0,0,0,0,1,1,6001215,6001215,6001325,192038880,0,0,lineitem,0,31.265625000000000000,25.597534179687500000,,
2026-07-29T12:58:08Z,314830FE78B8C328,16.14,queries/Functions/09-05_binary_string/encode_base64.sql,2,3,3.074805,6.327,2852.329,0.216149,0.014186,0.020596,7168,0,112561,0,0,0,0,1,1,6001215,6001215,6001325,192038880,0,0,lineitem,0,31.274658203125000000,25.593688964843750000,,
2026-07-29T12:58:14Z,314830FE78B8C328,16.14,queries/Functions/09-05_binary_string/encode_base64.sql,3,3,3.064332,6.508,2842.264,0.215560,0.013611,0.021797,7168,0,112561,0,0,0,0,1,1,6001215,6001215,6001325,192038880,0,0,lineitem,0,31.016784667968750000,25.354736328125000000,,
2026-07-29T12:58:20Z,314830FE78B8C328,16.14,queries/Functions/09-05_binary_string/encode_escape.sql,1,3,3.042344,6.531,2822.740,0.213073,0.014292,0.019210,7168,0,112561,0,0,0,0,1,1,6001215,6001215,6001325,192038880,0,0,lineitem,0,30.541870117187500000,24.904968261718750000,,
2026-07-29T12:58:26Z,314830FE78B8C328,16.14,queries/Functions/09-05_binary_string/encode_escape.sql,2,3,3.010924,6.405,2789.268,0.215251,0.017482,0.015925,7168,0,112561,0,0,0,0,1,1,6001215,6001215,6001325,192038880,0,0,lineitem,0,30.376037597656250000,24.807495117187500000,,
2026-07-29T12:58:32Z,314830FE78B8C328,16.14,queries/Functions/09-05_binary_string/encode_escape.sql,3,3,2.972341,6.251,2775.175,0.190915,0.005511,0.027414,7168,0,112561,0,0,0,0,1,1,6001215,6001215,6001325,192038880,0,0,lineitem,0,30.363830566406250000,24.833068847656250000,,
2026-07-29T12:58:38Z,314830FE78B8C328,16.14,queries/Functions/09-05_binary_string/encode_hex.sql,1,3,2.811363,6.278,2590.484,0.214601,0.013672,0.020813,7168,0,112561,0,0,0,0,1,1,6001215,6001215,6001325,192038880,0,0,lineitem,0,28.210083007812500000,22.997375488281250000,,
2026-07-29T12:58:43Z,314830FE78B8C328,16.14,queries/Functions/09-05_binary_string/encode_hex.sql,2,3,2.734122,6.334,2523.665,0.204123,0.006674,0.028634,7168,0,112561,0,0,0,0,1,1,6001215,6001215,6001325,192038880,0,0,lineitem,0,28.187744140625000000,23.118469238281250000,,
2026-07-29T12:58:49Z,314830FE78B8C328,16.14,queries/Functions/09-05_binary_string/encode_hex.sql,3,3,2.829482,6.110,2607.376,0.215996,0.010235,0.024268,7168,0,112561,0,0,0,0,1,1,6001215,6001215,6001325,192038880,0,0,lineitem,0,28.155578613281250000,22.914611816406250000,,
2026-07-29T12:58:54Z,314830FE78B8C328,16.14,queries/Functions/09-05_binary_string/get_byte.sql,1,3,2.393982,5.943,2175.234,0.212805,0.007222,0.027068,7168,0,112561,0,0,0,0,1,1,6001215,6001215,6001325,24004860,0,0,lineitem,0,23.671081542968750000,19.208496093750000000,,
2026-07-29T12:58:59Z,314830FE78B8C328,16.14,queries/Functions/09-05_binary_string/get_byte.sql,2,3,2.400872,5.845,2178.083,0.216944,0.013491,0.020570,7168,0,112561,0,0,0,0,1,1,6001215,6001215,6001325,24004860,0,0,lineitem,0,23.597961425781250000,19.133239746093750000,,
2026-07-29T12:59:05Z,314830FE78B8C328,16.14,queries/Functions/09-05_binary_string/get_byte.sql,3,3,2.418931,5.856,2216.097,0.196978,0.006110,0.012680,7168,0,112561,0,0,0,0,1,1,6001215,6001215,6001325,24004860,0,0,lineitem,0,23.823242187500000000,19.323425292968750000,,
2026-07-29T12:59:15Z,314830FE78B8C328,16.14,queries/Functions/09-05_binary_string/md5_bytea.sql,1,3,7.089881,6.488,6868.465,0.214928,0.018059,0.016428,7168,0,112561,0,0,0,0,1,1,6001215,6001215,6001325,192038880,0,0,lineitem,0,80.882751464843750000,67.924072265625000000,,
2026-07-29T12:59:25Z,314830FE78B8C328,16.14,queries/Functions/09-05_binary_string/md5_bytea.sql,2,3,7.321010,6.260,7106.440,0.208310,0.007857,0.024419,7168,0,112561,0,0,0,0,1,1,6001215,6001215,6001325,192038880,0,0,lineitem,0,83.714965820312500000,70.345336914062500000,,
2026-07-29T12:59:34Z,314830FE78B8C328,16.14,queries/Functions/09-05_binary_string/md5_bytea.sql,3,3,6.698919,4.795,6595.913,0.098211,0.005817,0.010047,7168,0,112561,0,0,0,0,1,1,6001215,6001215,6001325,192038880,0,0,lineitem,0,80.229309082031250000,67.972900390625000000,,
2026-07-29T12:59:39Z,314830FE78B8C328,16.14,queries/Functions/09-05_binary_string/octet_length.sql,1,3,2.390245,5.915,2170.411,0.213919,0.010259,0.022481,7168,0,112561,0,0,0,0,1,1,6001215,6001215,6001325,24004860,0,0,lineitem,0,23.858093261718750000,19.406982421875000000,,
2026-07-29T12:59:45Z,314830FE78B8C328,16.14,queries/Functions/09-05_binary_string/octet_length.sql,2,3,2.409140,5.948,2189.175,0.214017,0.009050,0.024810,7040,0,112561,0,0,0,0,1,1,6001215,6001215,6001325,24004860,0,0,lineitem,0,23.508666992187500000,19.040283203125000000,,
2026-07-29T12:59:50Z,314830FE78B8C328,16.14,queries/Functions/09-05_binary_string/octet_length.sql,3,3,2.391889,5.579,2169.029,0.217281,0.012826,0.022436,7168,0,112561,0,0,0,0,1,1,6001215,6001215,6001325,24004860,0,0,lineitem,0,23.689086914062500000,19.243103027343750000,,
2026-07-29T12:59:56Z,314830FE78B8C328,16.14,queries/Functions/09-05_binary_string/set_byte.sql,1,3,2.509555,6.218,2294.583,0.208754,0.009603,0.022799,7168,0,112561,0,0,0,0,1,1,6001215,6001215,6001325,192038880,0,0,lineitem,0,24.572998046875000000,19.907226562500000000,,
2026-07-29T13:00:01Z,314830FE78B8C328,16.14,queries/Functions/09-05_binary_string/set_byte.sql,2,3,2.469860,6.277,2248.893,0.214690,0.011397,0.022692,7168,0,112561,0,0,0,0,1,1,6001215,6001215,6001325,192038880,0,0,lineitem,0,24.497558593750000000,19.907775878906250000,,
2026-07-29T13:00:06Z,314830FE78B8C328,16.14,queries/Functions/09-05_binary_string/set_byte.sql,3,3,2.452938,6.312,2278.697,0.167929,0.009899,0.009899,7168,0,112561,0,0,0,0,1,1,6001215,6001215,6001325,192038880,0,0,lineitem,0,24.562072753906250000,19.969055175781250000,,
2026-07-29T13:00:17Z,314830FE78B8C328,16.14,queries/Functions/09-05_binary_string/sha224.sql,1,3,7.687406,7.163,7463.876,0.216367,0.009994,0.023636,7168,0,112561,0,0,0,0,1,1,6001215,6001215,6001325,192038880,0,0,lineitem,0,88.600524902343750000,74.564880371093750000,,
2026-07-29T13:00:27Z,314830FE78B8C328,16.14,queries/Functions/09-05_binary_string/sha224.sql,2,3,7.568144,6.581,7351.420,0.210143,0.008891,0.022811,7168,0,112561,0,0,0,0,1,1,6001215,6001215,6001325,192038880,0,0,lineitem,0,88.269592285156250000,74.446166992187500000,,
2026-07-29T13:00:38Z,314830FE78B8C328,16.14,queries/Functions/09-05_binary_string/sha224.sql,3,3,7.666153,6.272,7453.562,0.206319,0.008824,0.022636,7168,0,112561,0,0,0,0,1,1,6001215,6001215,6001325,192038880,0,0,lineitem,0,88.576538085937500000,74.575500488281250000,,
2026-07-29T13:00:48Z,314830FE78B8C328,16.14,queries/Functions/09-05_binary_string/sha256.sql,1,3,7.732806,6.203,7517.459,0.209144,0.009243,0.023328,7168,0,112561,0,0,0,0,1,1,6001215,6001215,6001325,192038880,0,0,lineitem,0,88.637268066406250000,74.517272949218750000,,
2026-07-29T13:00:59Z,314830FE78B8C328,16.14,queries/Functions/09-05_binary_string/sha256.sql,2,3,7.558694,6.628,7337.824,0.214242,0.010075,0.021460,7168,0,112561,0,0,0,0,1,1,6001215,6001215,6001325,192038880,0,0,lineitem,0,88.057189941406250000,74.247192382812500000,,
2026-07-29T13:01:09Z,314830FE78B8C328,16.14,queries/Functions/09-05_binary_string/sha256.sql,3,3,7.773760,6.359,7572.766,0.194635,0.008719,0.010196,7168,0,112561,0,0,0,0,1,1,6001215,6001215,6001325,192038880,0,0,lineitem,0,89.978759765625000000,75.782104492187500000,,
2026-07-29T13:01:21Z,314830FE78B8C328,16.14,queries/Functions/09-05_binary_string/sha384.sql,1,3,8.312902,6.326,8094.581,0.211995,0.015759,0.015759,7168,0,112561,0,0,0,0,1,1,6001215,6001215,6001325,192038880,0,0,lineitem,0,96.926635742187500000,81.743896484375000000,,
2026-07-29T13:01:32Z,314830FE78B8C328,16.14,queries/Functions/09-05_binary_string/sha384.sql,2,3,8.197547,6.044,7977.562,0.213941,0.009499,0.022322,7168,0,112561,0,0,0,0,1,1,6001215,6001215,6001325,192038880,0,0,lineitem,0,97.131225585937500000,82.160156250000000000,,
2026-07-29T13:01:43Z,314830FE78B8C328,16.14,queries/Functions/09-05_binary_string/sha384.sql,3,3,8.249365,6.082,8032.270,0.211013,0.011247,0.022452,7040,0,112561,0,0,0,0,1,1,6001215,6001215,6001325,192038880,0,0,lineitem,0,97.925354003906250000,82.861083984375000000,,
2026-07-29T13:01:54Z,314830FE78B8C328,16.14,queries/Functions/09-05_binary_string/sha512.sql,1,3,8.231630,6.643,8011.327,0.213660,0.005637,0.027159,7168,0,112561,0,0,0,0,1,1,6001215,6001215,6001325,192038880,0,0,lineitem,0,97.227294921875000000,82.197814941406250000,,
2026-07-29T13:02:05Z,314830FE78B8C328,16.14,queries/Functions/09-05_binary_string/sha512.sql,2,3,8.195617,6.937,7980.577,0.208103,0.016138,0.015181,7168,0,112561,0,0,0,0,1,1,6001215,6001215,6001325,192038880,0,0,lineitem,0,96.830505371093750000,81.862609863281250000,,
2026-07-29T13:02:16Z,314830FE78B8C328,16.14,queries/Functions/09-05_binary_string/sha512.sql,3,3,8.281199,5.985,8061.883,0.213331,0.014186,0.019196,7168,0,112561,0,0,0,0,1,1,6001215,6001215,6001325,192038880,0,0,lineitem,0,97.010131835937500000,81.901611328125000000,,
2026-07-29T13:02:22Z,314830FE78B8C328,16.14,queries/Functions/09-05_binary_string/substring_bytea.sql,1,3,2.695606,6.775,2477.462,0.211369,0.011037,0.020277,7168,0,112561,0,0,0,0,1,1,6001215,6001215,6001325,192038880,0,0,lineitem,0,26.784057617187500000,21.786926269531250000,,
2026-07-29T13:02:27Z,314830FE78B8C328,16.14,queries/Functions/09-05_binary_string/substring_bytea.sql,2,3,2.454768,6.413,2238.971,0.209384,0.007509,0.026355,7168,0,112561,0,0,0,0,1,1,6001215,6001215,6001325,192038880,0,0,lineitem,0,24.956787109375000000,20.405090332031250000,,
2026-07-29T13:02:32Z,314830FE78B8C328,16.14,queries/Functions/09-05_binary_string/substring_bytea.sql,3,3,2.520006,6.537,2298.110,0.215359,0.012121,0.021357,7168,0,112561,0,0,0,0,1,1,6001215,6001215,6001325,192038880,0,0,lineitem,0,25.181274414062500000,20.507263183593750000,,
2026-07-29T13:02:37Z,314830FE78B8C328,16.14,queries/Functions/09-06_bit_string/and.sql,1,3,1.877418,6.087,1663.051,0.208280,0.007691,0.024887,7168,0,112561,0,0,0,0,1,1,6001215,6001215,6001325,192038880,0,0,lineitem,0,16.869628906250000000,13.348571777343750000,,
2026-07-29T13:02:42Z,314830FE78B8C328,16.14,queries/Functions/09-06_bit_string/and.sql,2,3,1.788771,5.018,1628.445,0.155308,0.010494,0.013252,7168,0,112561,0,0,0,0,1,1,6001215,6001215,6001325,192038880,0,0,lineitem,0,16.710449218750000000,13.353149414062500000,,
2026-07-29T13:02:47Z,314830FE78B8C328,16.14,queries/Functions/09-06_bit_string/and.sql,3,3,1.882214,5.104,1660.955,0.216155,0.013729,0.021246,7168,0,112561,0,0,0,0,1,1,6001215,6001215,6001325,192038880,0,0,lineitem,0,16.853820800781250000,13.326049804687500000,,
2026-07-29T13:02:51Z,314830FE78B8C328,16.14,queries/Functions/09-06_bit_string/bit_count.sql,1,3,1.280892,6.655,1083.433,0.190804,0.006280,0.013455,7168,0,9478,0,0,0,0,1,1,6001215,6001215,6001325,48009720,0,0,lineitem,0,10.342224121093750000,8.032592773437500000,,
2026-07-29T13:02:55Z,314830FE78B8C328,16.14,queries/Functions/09-06_bit_string/bit_count.sql,2,3,1.300549,6.307,1077.587,0.216655,0.010215,0.026445,7168,0,9478,0,0,0,0,1,1,6001215,6001215,6001325,48009720,0,0,lineitem,0,10.385314941406250000,8.053649902343750000,,
2026-07-29T13:02:59Z,314830FE78B8C328,16.14,queries/Functions/09-06_bit_string/bit_count.sql,3,3,1.270925,6.470,1077.553,0.186902,0.004449,0.014129,7168,0,9478,0,0,0,0,1,1,6001215,6001215,6001325,48009720,0,0,lineitem,0,10.324157714843750000,8.039001464843750000,,
2026-07-29T13:03:03Z,314830FE78B8C328,16.14,queries/Functions/09-06_bit_string/cast_bit.sql,1,3,1.257110,6.977,1037.978,0.212155,0.014424,0.020196,7168,0,9478,0,0,0,0,1,1,6001215,6001215,6001325,72014580,0,0,lineitem,0,9.772705078125000000,7.519042968750000000,,
2026-07-29T13:03:07Z,314830FE78B8C328,16.14,queries/Functions/09-06_bit_string/cast_bit.sql,2,3,1.224188,6.967,1006.090,0.211131,0.010583,0.023956,7168,0,9478,0,0,0,0,1,1,6001215,6001215,6001325,72014580,0,0,lineitem,0,9.659301757812500000,7.456970214843750000,,
2026-07-29T13:03:11Z,314830FE78B8C328,16.14,queries/Functions/09-06_bit_string/cast_bit.sql,3,3,1.253094,6.269,1050.926,0.195899,0.008768,0.012708,7168,0,9478,0,0,0,0,1,1,6001215,6001215,6001325,72014580,0,0,lineitem,0,9.873168945312500000,7.622009277343750000,,
2026-07-29T13:03:16Z,314830FE78B8C328,16.14,queries/Functions/09-06_bit_string/concat_bit.sql,1,3,1.922408,4.783,1704.464,0.213161,0.015652,0.020642,7168,0,112561,0,0,0,0,1,1,6001215,6001215,6001325,192038880,0,0,lineitem,0,17.519531250000000000,13.917602539062500000,,
2026-07-29T13:03:21Z,314830FE78B8C328,16.14,queries/Functions/09-06_bit_string/concat_bit.sql,2,3,1.918528,5.131,1727.612,0.185785,0.005324,0.013026,7168,0,112561,0,0,0,0,1,1,6001215,6001215,6001325,192038880,0,0,lineitem,0,17.763000488281250000,14.163635253906250000,,
2026-07-29T13:03:26Z,314830FE78B8C328,16.14,queries/Functions/09-06_bit_string/concat_bit.sql,3,3,1.936475,5.434,1716.385,0.214656,0.010614,0.024079,7168,0,112561,0,0,0,0,1,1,6001215,6001215,6001325,192038880,0,0,lineitem,0,17.587524414062500000,13.971496582031250000,,
2026-07-29T13:03:30Z,314830FE78B8C328,16.14,queries/Functions/09-06_bit_string/get_bit.sql,1,3,1.257926,6.785,1038.211,0.212930,0.014958,0.018878,7168,0,9478,0,0,0,0,1,1,6001215,6001215,6001325,24004860,0,0,lineitem,0,10.062377929687500000,7.805603027343750000,,
2026-07-29T13:03:34Z,314830FE78B8C328,16.14,queries/Functions/09-06_bit_string/get_bit.sql,2,3,1.262819,6.292,1041.171,0.215356,0.015141,0.019769,7168,0,9478,0,0,0,0,1,1,6001215,6001215,6001325,24004860,0,0,lineitem,0,10.020141601562500000,7.748474121093750000,,
2026-07-29T13:03:38Z,314830FE78B8C328,16.14,queries/Functions/09-06_bit_string/get_bit.sql,3,3,1.272209,6.622,1051.722,0.213865,0.011802,0.023456,7168,0,9478,0,0,0,0,1,1,6001215,6001215,6001325,24004860,0,0,lineitem,0,10.042724609375000000,7.761779785156250000,,
2026-07-29T13:03:42Z,314830FE78B8C328,16.14,queries/Functions/09-06_bit_string/length_bit.sql,1,3,1.261101,6.947,1036.085,0.218069,0.011634,0.024989,7168,0,9478,0,0,0,0,1,1,6001215,6001215,6001325,24004860,0,0,lineitem,0,9.732177734375000000,7.467407226562500000,,
2026-07-29T13:03:46Z,314830FE78B8C328,16.14,queries/Functions/09-06_bit_string/length_bit.sql,2,3,1.245679,6.649,1022.521,0.216509,0.013920,0.021483,7168,0,9478,0,0,0,0,1,1,6001215,6001215,6001325,24004860,0,0,lineitem,0,9.765441894531250000,7.523071289062500000,,
2026-07-29T13:03:51Z,314830FE78B8C328,16.14,queries/Functions/09-06_bit_string/length_bit.sql,3,3,1.261549,6.391,1035.996,0.219162,0.011374,0.023719,7168,0,9478,0,0,0,0,1,1,6001215,6001215,6001325,24004860,0,0,lineitem,0,9.844665527343750000,7.573181152343750000,,
2026-07-29T13:03:55Z,314830FE78B8C328,16.14,queries/Functions/09-06_bit_string/not.sql,1,3,1.277602,6.496,1104.284,0.166822,0.007818,0.011348,7168,0,9478,0,0,0,0,1,1,6001215,6001215,6001325,192038880,0,0,lineitem,0,10.832946777343750000,8.507202148437500000,,
2026-07-29T13:03:59Z,314830FE78B8C328,16.14,queries/Functions/09-06_bit_string/not.sql,2,3,1.170749,6.223,1031.361,0.133165,0.005462,0.011371,7168,0,9478,0,0,0,0,1,1,6001215,6001215,6001325,192038880,0,0,lineitem,0,10.502807617187500000,8.385681152343750000,,
2026-07-29T13:04:03Z,314830FE78B8C328,16.14,queries/Functions/09-06_bit_string/not.sql,3,3,1.261003,6.428,1131.091,0.123484,0.005490,0.007636,7168,0,9478,0,0,0,0,1,1,6001215,6001215,6001325,192038880,0,0,lineitem,0,10.693542480468750000,8.411315917968750000,,
2026-07-29T13:04:07Z,314830FE78B8C328,16.14,queries/Functions/09-06_bit_string/or.sql,1,3,1.881984,4.983,1662.529,0.214472,0.008858,0.026104,7168,0,112561,0,0,0,0,1,1,6001215,6001215,6001325,192038880,0,0,lineitem,0,16.632141113281250000,13.111816406250000000,,
2026-07-29T13:04:12Z,314830FE78B8C328,16.14,queries/Functions/09-06_bit_string/or.sql,2,3,1.893481,4.834,1693.706,0.194941,0.009558,0.009558,7168,0,112561,0,0,0,0,1,1,6001215,6001215,6001325,192038880,0,0,lineitem,0,16.569946289062500000,13.021789550781250000,,
2026-07-29T13:04:17Z,314830FE78B8C328,16.14,queries/Functions/09-06_bit_string/or.sql,3,3,1.745799,4.797,1619.869,0.121133,0.002479,0.010995,7168,0,112561,0,0,0,0,1,1,6001215,6001215,6001325,192038880,0,0,lineitem,0,16.725036621093750000,13.427917480468750000,,
2026-07-29T13:04:21Z,314830FE78B8C328,16.14,queries/Functions/09-06_bit_string/overlay_bit.sql,1,3,1.717722,6.629,1495.785,0.215308,0.014231,0.021061,7168,0,9478,0,0,0,0,1,1,6001215,6001215,6001325,192038880,0,0,lineitem,0,15.415039062500000000,12.315673828125000000,,
2026-07-29T13:04:26Z,314830FE78B8C328,16.14,queries/Functions/09-06_bit_string/overlay_bit.sql,2,3,1.699920,6.685,1477.686,0.215549,0.014277,0.020752,7168,0,9478,0,0,0,0,1,1,6001215,6001215,6001325,192038880,0,0,lineitem,0,15.344177246093750000,12.276123046875000000,,
2026-07-29T13:04:30Z,314830FE78B8C328,16.14,queries/Functions/09-06_bit_string/overlay_bit.sql,3,3,1.671627,6.525,1454.597,0.210505,0.008909,0.026478,7168,0,9478,0,0,0,0,1,1,6001215,6001215,6001325,192038880,0,0,lineitem,0,15.421325683593750000,12.407653808593750000,,
2026-07-29T13:04:35Z,314830FE78B8C328,16.14,queries/Functions/09-06_bit_string/set_bit.sql,1,3,1.440645,6.800,1217.653,0.216192,0.010576,0.023691,7168,0,9478,0,0,0,0,1,1,6001215,6001215,6001325,192038880,0,0,lineitem,0,11.730285644531250000,9.148315429687500000,,
2026-07-29T13:04:39Z,314830FE78B8C328,16.14,queries/Functions/09-06_bit_string/set_bit.sql,2,3,1.397034,6.581,1173.162,0.217291,0.008564,0.026598,7168,0,9478,0,0,0,0,1,1,6001215,6001215,6001325,192038880,0,0,lineitem,0,11.272888183593750000,8.767456054687500000,,
2026-07-29T13:04:43Z,314830FE78B8C328,16.14,queries/Functions/09-06_bit_string/set_bit.sql,3,3,1.346177,6.701,1124.928,0.214548,0.014036,0.021385,7168,0,9478,0,0,0,0,1,1,6001215,6001215,6001325,192038880,0,0,lineitem,0,11.009887695312500000,8.597412109375000000,,
2026-07-29T13:04:47Z,314830FE78B8C328,16.14,queries/Functions/09-06_bit_string/shift_left.sql,1,3,1.321168,6.389,1125.949,0.188830,0.006662,0.011909,7168,0,9478,0,0,0,0,1,1,6001215,6001215,6001325,192038880,0,0,lineitem,0,11.197570800781250000,8.816040039062500000,,
2026-07-29T13:04:52Z,314830FE78B8C328,16.14,queries/Functions/09-06_bit_string/shift_left.sql,2,3,1.377715,6.250,1155.349,0.216116,0.014896,0.020122,7168,0,9478,0,0,0,0,1,1,6001215,6001215,6001325,192038880,0,0,lineitem,0,11.356384277343750000,8.879516601562500000,,
2026-07-29T13:04:56Z,314830FE78B8C328,16.14,queries/Functions/09-06_bit_string/shift_left.sql,3,3,1.360196,6.505,1139.642,0.214049,0.014582,0.020338,7168,0,9478,0,0,0,0,1,1,6001215,6001215,6001325,192038880,0,0,lineitem,0,11.162780761718750000,8.721679687500000000,,
2026-07-29T13:05:00Z,314830FE78B8C328,16.14,queries/Functions/09-06_bit_string/shift_right.sql,1,3,1.409025,6.235,1188.470,0.214320,0.011419,0.022804,7168,0,9478,0,0,0,0,1,1,6001215,6001215,6001325,192038880,0,0,lineitem,0,11.495239257812500000,8.967651367187500000,,
2026-07-29T13:05:04Z,314830FE78B8C328,16.14,queries/Functions/09-06_bit_string/shift_right.sql,2,3,1.380906,6.095,1169.709,0.205102,0.007697,0.023770,7168,0,9478,0,0,0,0,1,1,6001215,6001215,6001325,192038880,0,0,lineitem,0,11.455139160156250000,8.972167968750000000,,
2026-07-29T13:05:08Z,314830FE78B8C328,16.14,queries/Functions/09-06_bit_string/shift_right.sql,3,3,1.377073,6.429,1155.378,0.215266,0.007199,0.028086,7168,0,9478,0,0,0,0,1,1,6001215,6001215,6001325,192038880,0,0,lineitem,0,11.544738769531250000,9.067626953125000000,,
2026-07-29T13:05:12Z,314830FE78B8C328,16.14,queries/Functions/09-06_bit_string/substring_bit.sql,1,3,1.375572,6.528,1151.584,0.217460,0.012716,0.023183,7168,0,9478,0,0,0,0,1,1,6001215,6001215,6001325,192038880,0,0,lineitem,0,11.000610351562500000,8.535339355468750000,,
2026-07-29T13:05:17Z,314830FE78B8C328,16.14,queries/Functions/09-06_bit_string/substring_bit.sql,2,3,1.398979,6.366,1183.249,0.209364,0.011307,0.020009,7168,0,9478,0,0,0,0,1,1,6001215,6001215,6001325,192038880,0,0,lineitem,0,11.652648925781250000,9.139221191406250000,,
2026-07-29T13:05:21Z,314830FE78B8C328,16.14,queries/Functions/09-06_bit_string/substring_bit.sql,3,3,1.366958,6.495,1146.037,0.214426,0.013874,0.021123,7168,0,9478,0,0,0,0,1,1,6001215,6001215,6001325,192038880,0,0,lineitem,0,11.110656738281250000,8.637573242187500000,,
2026-07-29T13:05:26Z,314830FE78B8C328,16.14,queries/Functions/09-06_bit_string/xor.sql,1,3,1.854016,4.716,1659.901,0.189399,0.008473,0.011185,7168,0,112561,0,0,0,0,1,1,6001215,6001215,6001325,192038880,0,0,lineitem,0,16.700195312500000000,13.219726562500000000,,
2026-07-29T13:05:30Z,314830FE78B8C328,16.14,queries/Functions/09-06_bit_string/xor.sql,2,3,1.882097,4.881,1662.081,0.215135,0.011236,0.024669,7168,0,112561,0,0,0,0,1,1,6001215,6001215,6001325,192038880,0,0,lineitem,0,16.754028320312500000,13.221984863281250000,,
2026-07-29T13:05:35Z,314830FE78B8C328,16.14,queries/Functions/09-06_bit_string/xor.sql,3,3,1.857137,4.800,1662.851,0.189486,0.004345,0.013629,7168,0,112561,0,0,0,0,1,1,6001215,6001215,6001325,192038880,0,0,lineitem,0,16.705810546875000000,13.213989257812500000,,
2026-07-29T13:05:43Z,314830FE78B8C328,16.14,queries/Functions/09-07_pattern_matching/ilike.sql,1,3,5.419196,5.154,5202.453,0.211589,0.011425,0.023505,7168,0,112561,0,0,0,0,1,1,6001215,6001215,6001325,6001215,0,0,lineitem,0,60.755004882812500000,50.802124023437500000,,
2026-07-29T13:05:52Z,314830FE78B8C328,16.14,queries/Functions/09-07_pattern_matching/ilike.sql,2,3,5.444749,5.260,5227.855,0.211634,0.007535,0.024249,7168,0,112561,0,0,0,0,1,1,6001215,6001215,6001325,6001215,0,0,lineitem,0,61.634399414062500000,51.641296386718750000,,
2026-07-29T13:06:00Z,314830FE78B8C328,16.14,queries/Functions/09-07_pattern_matching/ilike.sql,3,3,5.412382,5.165,5241.176,0.166041,0.007017,0.012291,7168,0,112561,0,0,0,0,1,1,6001215,6001215,6001325,6001215,0,0,lineitem,0,62.188537597656250000,52.220886230468750000,,
2026-07-29T13:06:05Z,314830FE78B8C328,16.14,queries/Functions/09-07_pattern_matching/like.sql,1,3,2.222771,123.436,1892.738,0.206597,0.008664,0.023864,7168,0,112561,0,0,0,0,1,1,6001215,6001215,6001325,6001215,0,0,lineitem,0,22.010742187500000000,17.843688964843750000,,
2026-07-29T13:06:10Z,314830FE78B8C328,16.14,queries/Functions/09-07_pattern_matching/like.sql,2,3,2.272669,5.734,2052.334,0.214601,0.014123,0.019061,7168,0,112561,0,0,0,0,1,1,6001215,6001215,6001325,6001215,0,0,lineitem,0,22.231262207031250000,18.004211425781250000,,
2026-07-29T13:06:16Z,314830FE78B8C328,16.14,queries/Functions/09-07_pattern_matching/like.sql,3,3,2.256256,5.689,2058.122,0.192445,0.008291,0.008533,7168,0,112561,0,0,0,0,1,1,6001215,6001215,6001325,6001215,0,0,lineitem,0,22.198547363281250000,17.981445312500000000,,
2026-07-29T13:06:21Z,314830FE78B8C328,16.14,queries/Functions/09-07_pattern_matching/like_prefix.sql,1,3,2.007675,5.309,1789.138,0.213228,0.007645,0.026320,7168,0,112561,0,0,0,0,1,1,6001215,6001215,6001325,6001215,0,0,lineitem,0,18.952087402343750000,15.208374023437500000,,
2026-07-29T13:06:25Z,314830FE78B8C328,16.14,queries/Functions/09-07_pattern_matching/like_prefix.sql,2,3,2.008866,5.363,1788.155,0.215348,0.012250,0.023242,7168,0,112561,0,0,0,0,1,1,6001215,6001215,6001325,6001215,0,0,lineitem,0,18.796142578125000000,15.041687011718750000,,
2026-07-29T13:06:30Z,314830FE78B8C328,16.14,queries/Functions/09-07_pattern_matching/like_prefix.sql,3,3,1.930998,5.343,1765.323,0.160332,0.011134,0.015863,7168,0,112561,0,0,0,0,1,1,6001215,6001215,6001325,6001215,0,0,lineitem,0,18.620971679687500000,14.985412597656250000,,
2026-07-29T13:06:39Z,314830FE78B8C328,16.14,queries/Functions/09-07_pattern_matching/not_ilike.sql,1,3,5.409250,5.358,5225.112,0.178780,0.004830,0.008303,7168,0,112561,0,0,0,0,1,1,6001215,6001215,6001325,6001215,0,0,lineitem,0,61.083129882812500000,51.145080566406250000,,
2026-07-29T13:06:47Z,314830FE78B8C328,16.14,queries/Functions/09-07_pattern_matching/not_ilike.sql,2,3,5.336462,4.949,5205.561,0.125952,0.002472,0.013219,7168,0,112561,0,0,0,0,1,1,6001215,6001215,6001325,6001215,0,0,lineitem,0,60.728759765625000000,50.931030273437500000,,
2026-07-29T13:06:55Z,314830FE78B8C328,16.14,queries/Functions/09-07_pattern_matching/not_ilike.sql,3,3,5.427231,4.652,5214.684,0.207895,0.007946,0.023709,7168,0,112561,0,0,0,0,1,1,6001215,6001215,6001325,6001215,0,0,lineitem,0,61.511169433593750000,51.550048828125000000,,
2026-07-29T13:07:00Z,314830FE78B8C328,16.14,queries/Functions/09-07_pattern_matching/not_like.sql,1,3,2.278323,4.952,2060.874,0.212497,0.008820,0.022506,7168,0,112561,0,0,0,0,1,1,6001215,6001215,6001325,6001215,0,0,lineitem,0,22.390686035156250000,18.148681640625000000,,
2026-07-29T13:07:05Z,314830FE78B8C328,16.14,queries/Functions/09-07_pattern_matching/not_like.sql,2,3,2.155596,5.091,2037.900,0.112605,0.006275,0.004822,7168,0,112561,0,0,0,0,1,1,6001215,6001215,6001325,6001215,0,0,lineitem,0,22.191955566406250000,18.144531250000000000,,
2026-07-29T13:07:10Z,314830FE78B8C328,16.14,queries/Functions/09-07_pattern_matching/not_like.sql,3,3,2.261690,4.941,2068.266,0.188483,0.003049,0.015122,7168,0,112561,0,0,0,0,1,1,6001215,6001215,6001325,6001215,0,0,lineitem,0,22.000000000000000000,17.777160644531250000,,
2026-07-29T13:07:20Z,314830FE78B8C328,16.14,queries/Functions/09-07_pattern_matching/regex_alternation.sql,1,3,6.978786,5.024,6825.201,0.148561,0.007528,0.016083,7168,0,112561,0,0,0,0,1,1,6001215,6001215,6001325,6001215,0,0,lineitem,0,80.190185546875000000,67.409606933593750000,,
2026-07-29T13:07:30Z,314830FE78B8C328,16.14,queries/Functions/09-07_pattern_matching/regex_alternation.sql,2,3,6.919346,4.622,6727.726,0.186998,0.003344,0.016209,7168,0,112561,0,0,0,0,1,1,6001215,6001215,6001325,6001215,0,0,lineitem,0,79.555908203125000000,66.887390136718750000,,
2026-07-29T13:07:40Z,314830FE78B8C328,16.14,queries/Functions/09-07_pattern_matching/regex_alternation.sql,3,3,6.954256,5.367,6738.653,0.210236,0.005074,0.025940,7168,0,112561,0,0,0,0,1,1,6001215,6001215,6001325,6001215,0,0,lineitem,0,79.523437500000000000,66.789062500000000000,,
2026-07-29T13:07:46Z,314830FE78B8C328,16.14,queries/Functions/09-07_pattern_matching/regex_anchored.sql,1,3,3.302335,5.507,3114.916,0.181912,0.007770,0.023988,7168,0,112561,0,0,0,0,1,1,6001215,6001215,6001325,6001215,0,0,lineitem,0,34.693054199218750000,28.570556640625000000,,
2026-07-29T13:07:52Z,314830FE78B8C328,16.14,queries/Functions/09-07_pattern_matching/regex_anchored.sql,2,3,3.321729,5.605,3103.234,0.212890,0.009209,0.025959,7168,0,112561,0,0,0,0,1,1,6001215,6001215,6001325,6001215,0,0,lineitem,0,35.514038085937500000,29.373840332031250000,,
2026-07-29T13:07:59Z,314830FE78B8C328,16.14,queries/Functions/09-07_pattern_matching/regex_anchored.sql,3,3,3.324743,5.511,3106.950,0.212282,0.016594,0.016783,7168,0,112561,0,0,0,0,1,1,6001215,6001215,6001325,6001215,0,0,lineitem,0,35.254455566406250000,29.108581542968750000,,
2026-07-29T13:08:09Z,314830FE78B8C328,16.14,queries/Functions/09-07_pattern_matching/regex_backtrack.sql,1,3,7.245675,5.287,7108.509,0.131879,0.008480,0.010671,7168,0,112561,0,0,0,0,1,1,6001215,6001215,6001325,6001215,0,0,lineitem,0,84.165832519531250000,70.901367187500000000,,
2026-07-29T13:08:19Z,314830FE78B8C328,16.14,queries/Functions/09-07_pattern_matching/regex_backtrack.sql,2,3,7.315837,5.453,7105.846,0.204538,0.010382,0.019196,7168,0,112561,0,0,0,0,1,1,6001215,6001215,6001325,6001215,0,0,lineitem,0,84.813110351562500000,71.407897949218750000,,
2026-07-29T13:08:29Z,314830FE78B8C328,16.14,queries/Functions/09-07_pattern_matching/regex_backtrack.sql,3,3,7.300916,5.297,7107.914,0.187705,0.014262,0.019450,7168,0,112561,0,0,0,0,1,1,6001215,6001215,6001325,6001215,0,0,lineitem,0,84.619995117187500000,71.254394531250000000,,
2026-07-29T13:08:36Z,314830FE78B8C328,16.14,queries/Functions/09-07_pattern_matching/regex_charclass.sql,1,3,3.868364,5.400,3665.402,0.197562,0.008233,0.023265,7168,0,112561,0,0,0,0,1,1,6001215,6001215,6001325,6001215,0,0,lineitem,0,41.676513671875000000,34.555725097656250000,,
2026-07-29T13:08:42Z,314830FE78B8C328,16.14,queries/Functions/09-07_pattern_matching/regex_charclass.sql,2,3,3.871685,5.403,3650.229,0.216053,0.013506,0.019992,7168,0,112561,0,0,0,0,1,1,6001215,6001215,6001325,6001215,0,0,lineitem,0,41.674133300781250000,34.547790527343750000,,
2026-07-29T13:08:49Z,314830FE78B8C328,16.14,queries/Functions/09-07_pattern_matching/regex_charclass.sql,3,3,3.813488,5.523,3666.441,0.141524,0.003031,0.009967,7168,0,112561,0,0,0,0,1,1,6001215,6001215,6001325,6001215,0,0,lineitem,0,41.641113281250000000,34.604125976562500000,,
2026-07-29T13:08:57Z,314830FE78B8C328,16.14,queries/Functions/09-07_pattern_matching/regex_match.sql,1,3,4.864915,5.320,4652.651,0.206944,0.012733,0.020190,7168,0,112561,0,0,0,0,1,1,6001215,6001215,6001325,6001215,0,0,lineitem,0,54.950561523437500000,46.002319335937500000,,
2026-07-29T13:09:05Z,314830FE78B8C328,16.14,queries/Functions/09-07_pattern_matching/regex_match.sql,2,3,4.931942,5.257,4712.702,0.213983,0.015024,0.018777,7168,0,112561,0,0,0,0,1,1,6001215,6001215,6001325,6001215,0,0,lineitem,0,55.133361816406250000,46.078491210937500000,,
2026-07-29T13:09:13Z,314830FE78B8C328,16.14,queries/Functions/09-07_pattern_matching/regex_match.sql,3,3,4.933412,5.097,4713.877,0.214438,0.011597,0.023194,7168,0,112561,0,0,0,0,1,1,6001215,6001215,6001325,6001215,0,0,lineitem,0,54.719482421875000000,45.664550781250000000,,
2026-07-29T13:09:20Z,314830FE78B8C328,16.14,queries/Functions/09-07_pattern_matching/regex_match_ci.sql,1,3,4.860451,5.019,4674.388,0.181044,0.002801,0.014792,7168,0,112561,0,0,0,0,1,1,6001215,6001215,6001325,6001215,0,0,lineitem,0,54.686523437500000000,45.748535156250000000,,
2026-07-29T13:09:28Z,314830FE78B8C328,16.14,queries/Functions/09-07_pattern_matching/regex_match_ci.sql,2,3,4.887274,5.159,4671.509,0.210606,0.011733,0.020725,7168,0,112561,0,0,0,0,1,1,6001215,6001215,6001325,6001215,0,0,lineitem,0,54.457214355468750000,45.499755859375000000,,
2026-07-29T13:09:36Z,314830FE78B8C328,16.14,queries/Functions/09-07_pattern_matching/regex_match_ci.sql,3,3,4.888226,4.947,4674.794,0.208485,0.012216,0.020801,7168,0,112561,0,0,0,0,1,1,6001215,6001215,6001325,6001215,0,0,lineitem,0,54.223083496093750000,45.261352539062500000,,
2026-07-29T13:09:43Z,314830FE78B8C328,16.14,queries/Functions/09-07_pattern_matching/regex_not_match.sql,1,3,4.898122,4.489,4682.140,0.211493,0.017761,0.015760,7168,0,112561,0,0,0,0,1,1,6001215,6001215,6001325,6001215,0,0,lineitem,0,54.711914062500000000,45.728454589843750000,,
2026-07-29T13:09:51Z,314830FE78B8C328,16.14,queries/Functions/09-07_pattern_matching/regex_not_match.sql,2,3,4.885096,5.339,4671.422,0.208335,0.006013,0.024541,7168,0,112561,0,0,0,0,1,1,6001215,6001215,6001325,6001215,0,0,lineitem,0,54.469543457031250000,45.493591308593750000,,
2026-07-29T13:09:59Z,314830FE78B8C328,16.14,queries/Functions/09-07_pattern_matching/regex_not_match.sql,3,3,4.918756,5.244,4704.482,0.209030,0.006380,0.026355,7168,0,112561,0,0,0,0,1,1,6001215,6001215,6001325,6001215,0,0,lineitem,0,54.606994628906250000,45.574157714843750000,,
2026-07-29T13:10:07Z,314830FE78B8C328,16.14,queries/Functions/09-07_pattern_matching/regex_not_match_ci.sql,1,3,4.915316,5.338,4694.398,0.215580,0.014090,0.019949,7168,0,112561,0,0,0,0,1,1,6001215,6001215,6001325,6001215,0,0,lineitem,0,54.524536132812500000,45.514099121093750000,,
2026-07-29T13:10:14Z,314830FE78B8C328,16.14,queries/Functions/09-07_pattern_matching/regex_not_match_ci.sql,2,3,4.931888,5.170,4713.847,0.212871,0.011873,0.020924,7168,0,112561,0,0,0,0,1,1,6001215,6001215,6001325,6001215,0,0,lineitem,0,54.621643066406250000,45.575378417968750000,,
2026-07-29T13:10:22Z,314830FE78B8C328,16.14,queries/Functions/09-07_pattern_matching/regex_not_match_ci.sql,3,3,4.905080,4.877,4692.888,0.207315,0.013891,0.019221,7168,0,112561,0,0,0,0,1,1,6001215,6001215,6001325,6001215,0,0,lineitem,0,54.443298339843750000,45.434509277343750000,,
2026-07-29T13:10:32Z,314830FE78B8C328,16.14,queries/Functions/09-07_pattern_matching/regexp_count.sql,1,3,6.554579,5.123,6413.354,0.136102,0.005774,0.009409,7168,0,112561,0,0,0,0,1,1,6001215,6001215,6001325,24004860,0,0,lineitem,0,75.881408691406250000,63.871948242187500000,,
2026-07-29T13:10:41Z,314830FE78B8C328,16.14,queries/Functions/09-07_pattern_matching/regexp_count.sql,2,3,6.756937,5.093,6546.171,0.205673,0.007897,0.023238,7168,0,112561,0,0,0,0,1,1,6001215,6001215,6001325,24004860,0,0,lineitem,0,77.552856445312500000,65.188171386718750000,,
2026-07-29T13:10:51Z,314830FE78B8C328,16.14,queries/Functions/09-07_pattern_matching/regexp_count.sql,3,3,6.566521,6.509,6356.403,0.203609,0.014972,0.018740,7040,0,112561,0,0,0,0,1,1,6001215,6001215,6001325,24004860,0,0,lineitem,0,74.736755371093750000,62.713562011718750000,,
2026-07-29T13:11:00Z,314830FE78B8C328,16.14,queries/Functions/09-07_pattern_matching/regexp_instr.sql,1,3,6.591557,5.386,6382.455,0.203716,0.009272,0.021095,7168,0,112561,0,0,0,0,1,1,6001215,6001215,6001325,24004860,0,0,lineitem,0,75.628112792968750000,63.570495605468750000,,
2026-07-29T13:11:09Z,314830FE78B8C328,16.14,queries/Functions/09-07_pattern_matching/regexp_instr.sql,2,3,6.422345,4.707,6313.336,0.104302,0.003523,0.007643,7168,0,112561,0,0,0,0,1,1,6001215,6001215,6001325,24004860,0,0,lineitem,0,75.244384765625000000,63.459045410156250000,,
2026-07-29T13:11:19Z,314830FE78B8C328,16.14,queries/Functions/09-07_pattern_matching/regexp_instr.sql,3,3,6.613408,5.206,6396.997,0.211205,0.014206,0.019873,7168,0,112561,0,0,0,0,1,1,6001215,6001215,6001325,24004860,0,0,lineitem,0,76.072692871093750000,63.965332031250000000,,
2026-07-29T13:11:27Z,314830FE78B8C328,16.14,queries/Functions/09-07_pattern_matching/regexp_like.sql,1,3,4.922328,5.018,4713.650,0.203660,0.008685,0.023891,7168,0,112561,0,0,0,0,1,1,6001215,6001215,6001325,6001215,0,0,lineitem,0,54.802185058593750000,45.768127441406250000,,
2026-07-29T13:11:34Z,314830FE78B8C328,16.14,queries/Functions/09-07_pattern_matching/regexp_like.sql,2,3,4.899524,5.083,4686.335,0.208106,0.014553,0.018381,7168,0,112561,0,0,0,0,1,1,6001215,6001215,6001325,6001215,0,0,lineitem,0,54.291809082031250000,45.306274414062500000,,
2026-07-29T13:11:42Z,314830FE78B8C328,16.14,queries/Functions/09-07_pattern_matching/regexp_like.sql,3,3,4.909971,5.262,4731.032,0.173677,0.008982,0.021310,7168,0,112561,0,0,0,0,1,1,6001215,6001215,6001325,6001215,0,0,lineitem,0,55.370727539062500000,46.340454101562500000,,
2026-07-29T13:11:51Z,314830FE78B8C328,16.14,queries/Functions/09-07_pattern_matching/regexp_match.sql,1,3,5.969708,5.508,5780.988,0.183212,0.005713,0.013382,7168,0,112561,0,0,0,0,1,1,6001215,6001215,6001325,192038880,0,0,lineitem,0,69.239135742187500000,58.309387207031250000,,
2026-07-29T13:12:00Z,314830FE78B8C328,16.14,queries/Functions/09-07_pattern_matching/regexp_match.sql,2,3,6.021536,5.038,5817.108,0.199390,0.012759,0.019349,7168,0,112561,0,0,0,0,1,1,6001215,6001215,6001325,192038880,0,0,lineitem,0,68.635681152343750000,57.608032226562500000,,
2026-07-29T13:12:09Z,314830FE78B8C328,16.14,queries/Functions/09-07_pattern_matching/regexp_match.sql,3,3,6.043892,5.734,5832.618,0.205540,0.009506,0.017628,7168,0,112561,0,0,0,0,1,1,6001215,6001215,6001325,192038880,0,0,lineitem,0,69.163513183593750000,58.098876953125000000,,
2026-07-29T13:12:18Z,314830FE78B8C328,16.14,queries/Functions/09-07_pattern_matching/regexp_replace.sql,1,3,5.906603,5.850,5691.863,0.208890,0.011179,0.020480,7168,0,112561,0,0,0,0,1,1,6001215,6001215,6001325,192038880,0,0,lineitem,0,68.160583496093750000,57.335388183593750000,,
2026-07-29T13:12:26Z,314830FE78B8C328,16.14,queries/Functions/09-07_pattern_matching/regexp_replace.sql,2,3,5.901106,5.931,5687.834,0.207341,0.013686,0.017306,7168,0,112561,0,0,0,0,1,1,6001215,6001215,6001325,192038880,0,0,lineitem,0,67.947631835937500000,57.122802734375000000,,
2026-07-29T13:12:35Z,314830FE78B8C328,16.14,queries/Functions/09-07_pattern_matching/regexp_replace.sql,3,3,5.948736,5.467,5734.107,0.209162,0.013389,0.020845,7168,0,112561,0,0,0,0,1,1,6001215,6001215,6001325,192038880,0,0,lineitem,0,67.267272949218750000,56.386657714843750000,,
2026-07-29T13:12:45Z,314830FE78B8C328,16.14,queries/Functions/09-07_pattern_matching/regexp_replace_global.sql,1,3,6.702697,5.511,6489.771,0.207415,0.014657,0.016269,7168,0,112561,0,0,0,0,1,1,6001215,6001215,6001325,192038880,0,0,lineitem,0,77.840270996093750000,65.576782226562500000,,
2026-07-29T13:12:54Z,314830FE78B8C328,16.14,queries/Functions/09-07_pattern_matching/regexp_replace_global.sql,2,3,6.736076,5.536,6519.146,0.211394,0.012938,0.020174,7168,0,112561,0,0,0,0,1,1,6001215,6001215,6001325,192038880,0,0,lineitem,0,78.156921386718750000,65.836730957031250000,,
2026-07-29T13:13:04Z,314830FE78B8C328,16.14,queries/Functions/09-07_pattern_matching/regexp_replace_global.sql,3,3,6.659035,5.893,6473.990,0.179152,0.005368,0.013742,7168,0,112561,0,0,0,0,1,1,6001215,6001215,6001325,192038880,0,0,lineitem,0,78.179626464843750000,65.990417480468750000,,
2026-07-29T13:13:23Z,314830FE78B8C328,16.14,queries/Functions/09-07_pattern_matching/regexp_split_to_array.sql,1,3,15.943155,6.273,15753.470,0.183412,0.009183,0.009937,7040,0,112561,0,0,0,0,1,1,6001215,6001215,6001325,192038880,0,0,lineitem,0,197.964172363281250000,168.935119628906250000,,
2026-07-29T13:13:41Z,314830FE78B8C328,16.14,queries/Functions/09-07_pattern_matching/regexp_split_to_array.sql,2,3,15.854826,5.419,15640.815,0.208592,0.014259,0.016770,7168,0,112561,0,0,0,0,1,1,6001215,6001215,6001325,192038880,0,0,lineitem,0,196.656311035156250000,167.804931640625000000,,
2026-07-29T13:14:00Z,314830FE78B8C328,16.14,queries/Functions/09-07_pattern_matching/regexp_split_to_array.sql,3,3,16.035215,5.477,15844.065,0.185673,0.010969,0.022639,7168,0,112561,0,0,0,0,1,1,6001215,6001215,6001325,192038880,0,0,lineitem,0,200.625671386718750000,171.415100097656250000,,
2026-07-29T13:14:10Z,314830FE78B8C328,16.14,queries/Functions/09-07_pattern_matching/regexp_substr.sql,1,3,6.784826,5.704,6573.887,0.205235,0.012039,0.020560,7168,0,112561,0,0,0,0,1,1,6001215,6001215,6001325,192038880,0,0,lineitem,0,79.577514648437500000,67.168395996093750000,,
2026-07-29T13:14:19Z,314830FE78B8C328,16.14,queries/Functions/09-07_pattern_matching/regexp_substr.sql,2,3,6.782426,5.688,6611.545,0.165193,0.005922,0.019218,7168,0,112561,0,0,0,0,1,1,6001215,6001215,6001325,192038880,0,0,lineitem,0,79.837585449218750000,67.394348144531250000,,
2026-07-29T13:14:29Z,314830FE78B8C328,16.14,queries/Functions/09-07_pattern_matching/regexp_substr.sql,3,3,6.845438,5.773,6657.393,0.182272,0.008878,0.022197,7168,0,112561,0,0,0,0,1,1,6001215,6001215,6001325,192038880,0,0,lineitem,0,79.494262695312500000,66.950439453125000000,,
2026-07-29T13:14:37Z,314830FE78B8C328,16.14,queries/Functions/09-07_pattern_matching/similar_to.sql,1,3,5.268152,6.015,5044.951,0.217186,0.008572,0.024577,7168,0,112561,0,0,0,0,1,1,6001215,6001215,6001325,6001215,0,0,lineitem,0,58.924316406250000000,49.278137207031250000,,
2026-07-29T13:14:45Z,314830FE78B8C328,16.14,queries/Functions/09-07_pattern_matching/similar_to.sql,2,3,5.224508,8.123,5033.577,0.182808,0.007451,0.011303,7168,0,112561,0,0,0,0,1,1,6001215,6001215,6001325,6001215,0,0,lineitem,0,59.221923828125000000,49.636108398437500000,,
2026-07-29T13:14:53Z,314830FE78B8C328,16.14,queries/Functions/09-07_pattern_matching/similar_to.sql,3,3,5.283740,5.749,5064.408,0.213583,0.013517,0.018695,7168,0,112561,0,0,0,0,1,1,6001215,6001215,6001325,6001215,0,0,lineitem,0,59.582336425781250000,49.906188964843750000,,
2026-07-29T13:15:02Z,314830FE78B8C328,16.14,queries/Functions/09-07_pattern_matching/substring_regex.sql,1,3,5.737821,5.789,5519.620,0.212412,0.008750,0.023518,7168,0,112561,0,0,0,0,1,1,6001215,6001215,6001325,192038880,0,0,lineitem,0,66.037597656250000000,55.540832519531250000,,
2026-07-29T13:15:11Z,314830FE78B8C328,16.14,queries/Functions/09-07_pattern_matching/substring_regex.sql,2,3,5.702963,4.931,5525.096,0.172936,0.010933,0.021319,7168,0,112561,0,0,0,0,1,1,6001215,6001215,6001325,192038880,0,0,lineitem,0,66.067382812500000000,55.602172851562500000,,
2026-07-29T13:15:19Z,314830FE78B8C328,16.14,queries/Functions/09-07_pattern_matching/substring_regex.sql,3,3,5.711147,5.393,5529.119,0.176635,0.008957,0.021687,7168,0,112561,0,0,0,0,1,1,6001215,6001215,6001325,192038880,0,0,lineitem,0,65.551818847656250000,55.074951171875000000,,
2026-07-29T13:15:26Z,314830FE78B8C328,16.14,queries/Functions/09-08_formatting/to_char_date.sql,1,3,3.709069,5.708,3521.487,0.181874,0.006922,0.011533,7168,0,112561,0,0,0,0,1,1,6001215,6001215,6001325,192038880,0,0,lineitem,0,40.531677246093750000,33.684753417968750000,,
2026-07-29T13:15:32Z,314830FE78B8C328,16.14,queries/Functions/09-08_formatting/to_char_date.sql,2,3,3.628799,5.743,3507.168,0.115888,0.004717,0.008270,7168,0,112561,0,0,0,0,1,1,6001215,6001215,6001325,192038880,0,0,lineitem,0,40.439086914062500000,33.735229492187500000,,
2026-07-29T13:15:39Z,314830FE78B8C328,16.14,queries/Functions/09-08_formatting/to_char_date.sql,3,3,3.927044,6.098,3713.430,0.207516,0.008699,0.023730,7168,0,112561,0,0,0,0,1,1,6001215,6001215,6001325,192038880,0,0,lineitem,0,42.549377441406250000,35.329650878906250000,,
2026-07-29T13:15:46Z,314830FE78B8C328,16.14,queries/Functions/09-08_formatting/to_char_date_long.sql,1,3,4.065097,6.360,3848.608,0.210129,0.015930,0.018244,7168,0,112561,0,0,0,0,1,1,6001215,6001215,6001325,192038880,0,0,lineitem,0,44.375793457031250000,36.890136718750000000,,
2026-07-29T13:15:53Z,314830FE78B8C328,16.14,queries/Functions/09-08_formatting/to_char_date_long.sql,2,3,4.043012,5.092,3829.228,0.208692,0.014970,0.018714,7168,0,112561,0,0,0,0,1,1,6001215,6001215,6001325,192038880,0,0,lineitem,0,44.728088378906250000,37.301696777343750000,,
2026-07-29T13:16:00Z,314830FE78B8C328,16.14,queries/Functions/09-08_formatting/to_char_date_long.sql,3,3,4.069792,5.811,3854.833,0.209148,0.012974,0.019184,7168,0,112561,0,0,0,0,1,1,6001215,6001215,6001325,192038880,0,0,lineitem,0,44.268127441406250000,36.787414550781250000,,
2026-07-29T13:16:05Z,314830FE78B8C328,16.14,queries/Functions/09-08_formatting/to_char_int.sql,1,3,1.916213,7.575,1697.178,0.211460,0.014266,0.020022,7168,0,9478,0,0,0,0,1,1,6001215,6001215,6001325,192038880,0,0,lineitem,0,18.795959472656250000,15.340148925781250000,,
2026-07-29T13:16:09Z,314830FE78B8C328,16.14,queries/Functions/09-08_formatting/to_char_int.sql,2,3,1.895484,6.609,1676.277,0.212598,0.012430,0.022064,7168,0,9478,0,0,0,0,1,1,6001215,6001215,6001325,192038880,0,0,lineitem,0,18.579956054687500000,15.166625976562500000,,
2026-07-29T13:16:14Z,314830FE78B8C328,16.14,queries/Functions/09-08_formatting/to_char_int.sql,3,3,1.913649,7.015,1695.243,0.211391,0.008980,0.024026,7168,0,9478,0,0,0,0,1,1,6001215,6001215,6001325,192038880,0,0,lineitem,0,18.563537597656250000,15.120483398437500000,,
2026-07-29T13:16:20Z,314830FE78B8C328,16.14,queries/Functions/09-08_formatting/to_char_numeric.sql,1,3,3.271916,4.852,3064.323,0.202741,0.014384,0.016053,7168,0,112561,0,0,0,0,1,1,6001215,6001215,6001325,192038880,0,0,lineitem,0,34.417236328125000000,28.376892089843750000,,
2026-07-29T13:16:26Z,314830FE78B8C328,16.14,queries/Functions/09-08_formatting/to_char_numeric.sql,2,3,3.259396,5.877,3048.267,0.205252,0.007050,0.024149,7168,0,112561,0,0,0,0,1,1,6001215,6001215,6001325,192038880,0,0,lineitem,0,34.260559082031250000,28.254089355468750000,,
2026-07-29T13:16:32Z,314830FE78B8C328,16.14,queries/Functions/09-08_formatting/to_char_numeric.sql,3,3,3.207359,6.056,3014.992,0.186311,0.003621,0.016609,7168,0,112561,0,0,0,0,1,1,6001215,6001215,6001325,192038880,0,0,lineitem,0,34.356750488281250000,28.420166015625000000,,
2026-07-29T13:16:40Z,314830FE78B8C328,16.14,queries/Functions/09-08_formatting/to_char_timestamp.sql,1,3,4.245507,5.929,4028.461,0.211117,0.011806,0.021518,7168,0,112561,0,0,0,0,1,1,6001215,6001215,6001325,192038880,0,0,lineitem,0,46.883178710937500000,39.079467773437500000,,
2026-07-29T13:16:47Z,314830FE78B8C328,16.14,queries/Functions/09-08_formatting/to_char_timestamp.sql,2,3,4.241519,6.023,4026.271,0.209225,0.009463,0.021493,7168,0,112561,0,0,0,0,1,1,6001215,6001215,6001325,192038880,0,0,lineitem,0,46.912841796875000000,39.111389160156250000,,
2026-07-29T13:16:54Z,314830FE78B8C328,16.14,queries/Functions/09-08_formatting/to_char_timestamp.sql,3,3,4.266859,5.512,4045.863,0.215484,0.017048,0.017048,7040,0,112561,0,0,0,0,1,1,6001215,6001215,6001325,192038880,0,0,lineitem,0,47.025268554687500000,39.187866210937500000,,
2026-07-29T13:17:02Z,314830FE78B8C328,16.14,queries/Functions/09-08_formatting/to_date.sql,1,3,5.120527,5.498,4905.129,0.209900,0.012505,0.022942,7168,0,112561,0,0,0,0,1,1,6001215,6001215,6001325,24004860,0,0,lineitem,0,58.249938964843750000,48.858764648437500000,,
2026-07-29T13:17:10Z,314830FE78B8C328,16.14,queries/Functions/09-08_formatting/to_date.sql,2,3,5.094424,5.572,4907.869,0.180983,0.007362,0.010958,7168,0,112561,0,0,0,0,1,1,6001215,6001215,6001325,24004860,0,0,lineitem,0,57.934020996093750000,48.590942382812500000,,
2026-07-29T13:17:18Z,314830FE78B8C328,16.14,queries/Functions/09-08_formatting/to_date.sql,3,3,5.083714,5.558,4893.500,0.184656,0.011219,0.020301,7168,0,112561,0,0,0,0,1,1,6001215,6001215,6001325,24004860,0,0,lineitem,0,58.445312500000000000,49.090942382812500000,,
2026-07-29T13:17:26Z,314830FE78B8C328,16.14,queries/Functions/09-08_formatting/to_number.sql,1,3,4.907212,5.741,4688.145,0.213326,0.010716,0.022192,7168,0,112561,0,0,0,0,1,1,6001215,6001215,6001325,192038880,0,0,lineitem,0,55.799255371093750000,46.800170898437500000,,
2026-07-29T13:17:33Z,314830FE78B8C328,16.14,queries/Functions/09-08_formatting/to_number.sql,2,3,4.866894,5.212,4652.804,0.208878,0.013771,0.018342,7168,0,112561,0,0,0,0,1,1,6001215,6001215,6001325,192038880,0,0,lineitem,0,55.354919433593750000,46.441589355468750000,,
2026-07-29T13:17:41Z,314830FE78B8C328,16.14,queries/Functions/09-08_formatting/to_number.sql,3,3,4.785683,5.838,4566.641,0.213204,0.009774,0.023888,7168,0,112561,0,0,0,0,1,1,6001215,6001215,6001325,192038880,0,0,lineitem,0,53.968933105468750000,45.193237304687500000,,
2026-07-29T13:17:45Z,314830FE78B8C328,16.14,queries/Functions/09-08_formatting/to_timestamp.sql,1,3,1.123766,6.875,902.404,0.214487,0.012594,0.021653,7168,0,9478,0,0,0,0,1,1,6001215,6001215,6001325,48009720,0,0,lineitem,0,8.412719726562500000,6.401672363281250000,,
2026-07-29T13:17:49Z,314830FE78B8C328,16.14,queries/Functions/09-08_formatting/to_timestamp.sql,2,3,1.136384,7.200,922.687,0.206497,0.014321,0.013692,7168,0,9478,0,0,0,0,1,1,6001215,6001215,6001325,48009720,0,0,lineitem,0,8.431579589843750000,6.387084960937500000,,
2026-07-29T13:17:53Z,314830FE78B8C328,16.14,queries/Functions/09-08_formatting/to_timestamp.sql,3,3,1.142015,7.331,919.539,0.215145,0.009748,0.026075,7168,0,9478,0,0,0,0,1,1,6001215,6001215,6001325,48009720,0,0,lineitem,0,8.460693359375000000,6.400817871093750000,,
2026-07-29T13:17:59Z,314830FE78B8C328,16.14,queries/Functions/09-09_datetime/age_two_args.sql,1,3,3.031256,5.522,2844.064,0.181670,0.013642,0.021542,7168,0,112561,0,0,0,0,1,1,6001215,6001215,6001325,96019440,0,0,lineitem,0,31.016845703125000000,25.387573242187500000,,
2026-07-29T13:18:04Z,314830FE78B8C328,16.14,queries/Functions/09-09_datetime/age_two_args.sql,2,3,2.991159,5.707,2859.800,0.125652,0.005075,0.010211,7168,0,112561,0,0,0,0,1,1,6001215,6001215,6001325,96019440,0,0,lineitem,0,30.967163085937500000,25.424133300781250000,,
2026-07-29T13:18:10Z,314830FE78B8C328,16.14,queries/Functions/09-09_datetime/age_two_args.sql,3,3,2.996269,5.310,2824.570,0.166389,0.007655,0.013139,7168,0,112561,0,0,0,0,1,1,6001215,6001215,6001325,96019440,0,0,lineitem,0,31.334838867187500000,25.765197753906250000,,
2026-07-29T13:18:15Z,314830FE78B8C328,16.14,queries/Functions/09-09_datetime/at_time_zone.sql,1,3,2.103851,5.193,1885.783,0.212875,0.009327,0.025514,7168,0,112561,0,0,0,0,1,1,6001215,6001215,6001325,48009720,0,0,lineitem,0,20.250244140625000000,16.325256347656250000,,
2026-07-29T13:18:20Z,314830FE78B8C328,16.14,queries/Functions/09-09_datetime/at_time_zone.sql,2,3,2.082548,4.942,1866.254,0.211352,0.014533,0.019753,7168,0,112561,0,0,0,0,1,1,6001215,6001215,6001325,48009720,0,0,lineitem,0,20.038696289062500000,16.151733398437500000,,
2026-07-29T13:18:25Z,314830FE78B8C328,16.14,queries/Functions/09-09_datetime/at_time_zone.sql,3,3,2.128216,5.410,1918.318,0.204488,0.008639,0.023709,7168,0,112561,0,0,0,0,1,1,6001215,6001215,6001325,48009720,0,0,lineitem,0,20.547973632812500000,16.581604003906250000,,
2026-07-29T13:18:30Z,314830FE78B8C328,16.14,queries/Functions/09-09_datetime/cast_timestamp.sql,1,3,1.835849,5.802,1622.276,0.207771,0.005274,0.025895,7168,0,112561,0,0,0,0,1,1,6001215,6001215,6001325,48009720,0,0,lineitem,0,16.270690917968750000,12.837402343750000000,,
2026-07-29T13:18:35Z,314830FE78B8C328,16.14,queries/Functions/09-09_datetime/cast_timestamp.sql,2,3,1.851544,5.317,1629.806,0.216421,0.010288,0.025672,7168,0,112561,0,0,0,0,1,1,6001215,6001215,6001325,48009720,0,0,lineitem,0,16.338317871093750000,12.885375976562500000,,
2026-07-29T13:18:40Z,314830FE78B8C328,16.14,queries/Functions/09-09_datetime/cast_timestamp.sql,3,3,1.845201,5.374,1636.129,0.203698,0.011950,0.023359,7040,0,112561,0,0,0,0,1,1,6001215,6001215,6001325,48009720,0,0,lineitem,0,16.403747558593750000,12.943664550781250000,,
2026-07-29T13:18:44Z,314830FE78B8C328,16.14,queries/Functions/09-09_datetime/date_add_time.sql,1,3,1.820547,4.954,1605.970,0.209623,0.012180,0.022272,7168,0,112561,0,0,0,0,1,1,6001215,6001215,6001325,48009720,0,0,lineitem,0,16.401428222656250000,12.986755371093750000,,
2026-07-29T13:18:49Z,314830FE78B8C328,16.14,queries/Functions/09-09_datetime/date_add_time.sql,2,3,1.846189,5.057,1627.089,0.214043,0.017474,0.017979,7168,0,112561,0,0,0,0,1,1,6001215,6001215,6001325,48009720,0,0,lineitem,0,16.462097167968750000,13.007690429687500000,,
2026-07-29T13:18:54Z,314830FE78B8C328,16.14,queries/Functions/09-09_datetime/date_add_time.sql,3,3,1.835493,5.268,1643.713,0.186512,0.003885,0.014253,7168,0,112561,0,0,0,0,1,1,6001215,6001215,6001325,48009720,0,0,lineitem,0,16.473815917968750000,13.029479980468750000,,
2026-07-29T13:18:58Z,314830FE78B8C328,16.14,queries/Functions/09-09_datetime/date_bin.sql,1,3,1.879645,5.381,1694.137,0.180127,0.003254,0.014623,7168,0,112561,0,0,0,0,1,1,6001215,6001215,6001325,48009720,0,0,lineitem,0,17.167846679687500000,13.654357910156250000,,
2026-07-29T13:19:03Z,314830FE78B8C328,16.14,queries/Functions/09-09_datetime/date_bin.sql,2,3,1.817710,5.292,1700.690,0.111728,0.005374,0.011070,7168,0,112561,0,0,0,0,1,1,6001215,6001215,6001325,48009720,0,0,lineitem,0,17.112487792968750000,13.678833007812500000,,
2026-07-29T13:19:08Z,314830FE78B8C328,16.14,queries/Functions/09-09_datetime/date_bin.sql,3,3,1.898373,5.273,1682.978,0.210122,0.015625,0.018646,7168,0,112561,0,0,0,0,1,1,6001215,6001215,6001325,48009720,0,0,lineitem,0,16.809631347656250000,13.256835937500000000,,
2026-07-29T13:19:13Z,314830FE78B8C328,16.14,queries/Functions/09-09_datetime/date_minus_date.sql,1,3,1.849079,5.276,1664.349,0.179454,0.009518,0.009438,7168,0,112561,0,0,0,0,1,1,6001215,6001215,6001325,24004860,0,0,lineitem,0,16.809265136718750000,13.337402343750000000,,
2026-07-29T13:19:17Z,314830FE78B8C328,16.14,queries/Functions/09-09_datetime/date_minus_date.sql,2,3,1.877320,4.974,1688.679,0.183667,0.010802,0.024417,7168,0,112561,0,0,0,0,1,1,6001215,6001215,6001325,24004860,0,0,lineitem,0,17.089538574218750000,13.553649902343750000,,
2026-07-29T13:19:22Z,314830FE78B8C328,16.14,queries/Functions/09-09_datetime/date_minus_date.sql,3,3,1.890844,5.086,1674.741,0.211017,0.008474,0.027419,7168,0,112561,0,0,0,0,1,1,6001215,6001215,6001325,24004860,0,0,lineitem,0,16.775085449218750000,13.247436523437500000,,
2026-07-29T13:19:27Z,314830FE78B8C328,16.14,queries/Functions/09-09_datetime/date_minus_int.sql,1,3,1.849105,5.203,1633.596,0.210306,0.013016,0.021912,7168,0,112561,0,0,0,0,1,1,6001215,6001215,6001325,24004860,0,0,lineitem,0,16.279907226562500000,12.816040039062500000,,
2026-07-29T13:19:32Z,314830FE78B8C328,16.14,queries/Functions/09-09_datetime/date_minus_int.sql,2,3,1.851370,5.158,1638.324,0.207888,0.014480,0.020728,7168,0,112561,0,0,0,0,1,1,6001215,6001215,6001325,24004860,0,0,lineitem,0,16.267578125000000000,12.795776367187500000,,
2026-07-29T13:19:37Z,314830FE78B8C328,16.14,queries/Functions/09-09_datetime/date_minus_int.sql,3,3,1.850133,5.453,1631.400,0.213280,0.011506,0.024084,7168,0,112561,0,0,0,0,1,1,6001215,6001215,6001325,24004860,0,0,lineitem,0,16.235961914062500000,12.764282226562500000,,
2026-07-29T13:19:42Z,314830FE78B8C328,16.14,queries/Functions/09-09_datetime/date_part.sql,1,3,2.136705,5.477,1918.552,0.212676,0.016011,0.019973,7168,0,112561,0,0,0,0,1,1,6001215,6001215,6001325,48009720,0,0,lineitem,0,20.327392578125000000,16.341674804687500000,,
2026-07-29T13:19:47Z,314830FE78B8C328,16.14,queries/Functions/09-09_datetime/date_part.sql,2,3,2.148019,5.719,1927.698,0.214602,0.010193,0.025509,7168,0,112561,0,0,0,0,1,1,6001215,6001215,6001325,48009720,0,0,lineitem,0,20.325012207031250000,16.318664550781250000,,
2026-07-29T13:19:52Z,314830FE78B8C328,16.14,queries/Functions/09-09_datetime/date_part.sql,3,3,2.139338,4.842,1925.459,0.209037,0.011599,0.021732,7168,0,112561,0,0,0,0,1,1,6001215,6001215,6001325,48009720,0,0,lineitem,0,20.214294433593750000,16.229370117187500000,,
2026-07-29T13:19:57Z,314830FE78B8C328,16.14,queries/Functions/09-09_datetime/date_plus_int.sql,1,3,1.848566,5.014,1637.922,0.205630,0.008844,0.024610,7168,0,112561,0,0,0,0,1,1,6001215,6001215,6001325,24004860,0,0,lineitem,0,16.335205078125000000,12.864990234375000000,,
2026-07-29T13:20:01Z,314830FE78B8C328,16.14,queries/Functions/09-09_datetime/date_plus_int.sql,2,3,1.790224,4.811,1584.785,0.200628,0.017831,0.020682,7168,0,112561,0,0,0,0,1,1,6001215,6001215,6001325,24004860,0,0,lineitem,0,16.295654296875000000,12.932617187500000000,,
2026-07-29T13:20:06Z,314830FE78B8C328,16.14,queries/Functions/09-09_datetime/date_plus_int.sql,3,3,1.834865,4.994,1621.629,0.208242,0.010360,0.024778,7168,0,112561,0,0,0,0,1,1,6001215,6001215,6001325,24004860,0,0,lineitem,0,16.178955078125000000,12.732360839843750000,,
2026-07-29T13:20:11Z,314830FE78B8C328,16.14,queries/Functions/09-09_datetime/date_plus_interval.sql,1,3,2.020463,6.468,1797.113,0.216882,0.016858,0.018528,7168,0,112561,0,0,0,0,1,1,6001215,6001215,6001325,48009720,0,0,lineitem,0,18.574523925781250000,14.781311035156250000,,
2026-07-29T13:20:16Z,314830FE78B8C328,16.14,queries/Functions/09-09_datetime/date_plus_interval.sql,2,3,2.016703,4.737,1800.263,0.211703,0.010664,0.024465,7168,0,112561,0,0,0,0,1,1,6001215,6001215,6001325,48009720,0,0,lineitem,0,18.625366210937500000,14.865234375000000000,,
2026-07-29T13:20:21Z,314830FE78B8C328,16.14,queries/Functions/09-09_datetime/date_plus_interval.sql,3,3,2.007255,5.275,1790.023,0.211957,0.012635,0.020807,7168,0,112561,0,0,0,0,1,1,6001215,6001215,6001325,48009720,0,0,lineitem,0,18.614013671875000000,14.865722656250000000,,
2026-07-29T13:20:26Z,314830FE78B8C328,16.14,queries/Functions/09-09_datetime/date_trunc_day.sql,1,3,2.189706,5.205,1970.160,0.214341,0.012331,0.022867,7168,0,112561,0,0,0,0,1,1,6001215,6001215,6001325,48009720,0,0,lineitem,0,20.931091308593750000,16.848449707031250000,,
2026-07-29T13:20:31Z,314830FE78B8C328,16.14,queries/Functions/09-09_datetime/date_trunc_day.sql,2,3,2.160156,5.429,1944.342,0.210385,0.010037,0.023746,7168,0,112561,0,0,0,0,1,1,6001215,6001215,6001325,48009720,0,0,lineitem,0,20.879333496093750000,16.861511230468750000,,
2026-07-29T13:20:36Z,314830FE78B8C328,16.14,queries/Functions/09-09_datetime/date_trunc_day.sql,3,3,2.168292,4.905,1955.169,0.208218,0.014321,0.018532,7168,0,112561,0,0,0,0,1,1,6001215,6001215,6001325,48009720,0,0,lineitem,0,20.734802246093750000,16.697814941406250000,,
2026-07-29T13:20:41Z,314830FE78B8C328,16.14,queries/Functions/09-09_datetime/date_trunc_month.sql,1,3,2.035244,5.267,1920.626,0.109351,0.005834,0.006025,7168,0,112561,0,0,0,0,1,1,6001215,6001215,6001325,48009720,0,0,lineitem,0,20.997802734375000000,17.185424804687500000,,
2026-07-29T13:20:46Z,314830FE78B8C328,16.14,queries/Functions/09-09_datetime/date_trunc_month.sql,2,3,2.132908,5.700,1961.059,0.166149,0.011560,0.009686,7168,0,112561,0,0,0,0,1,1,6001215,6001215,6001325,48009720,0,0,lineitem,0,21.044677734375000000,17.035461425781250000,,
2026-07-29T13:20:51Z,314830FE78B8C328,16.14,queries/Functions/09-09_datetime/date_trunc_month.sql,3,3,2.103113,5.399,1975.229,0.122485,0.003713,0.009133,7168,0,112561,0,0,0,0,1,1,6001215,6001215,6001325,48009720,0,0,lineitem,0,21.035583496093750000,17.081420898437500000,,
2026-07-29T13:20:57Z,314830FE78B8C328,16.14,queries/Functions/09-09_datetime/extract_day.sql,1,3,2.232931,5.221,2023.101,0.204609,0.011600,0.021498,7168,0,112561,0,0,0,0,1,1,6001215,6001215,6001325,192038880,0,0,lineitem,0,21.993713378906250000,17.841186523437500000,,
2026-07-29T13:21:02Z,314830FE78B8C328,16.14,queries/Functions/09-09_datetime/extract_day.sql,2,3,2.252622,5.568,2035.018,0.212036,0.010318,0.023588,7168,0,112561,0,0,0,0,1,1,6001215,6001215,6001325,192038880,0,0,lineitem,0,21.951049804687500000,17.768859863281250000,,
2026-07-29T13:21:07Z,314830FE78B8C328,16.14,queries/Functions/09-09_datetime/extract_day.sql,3,3,2.257242,5.537,2040.932,0.210773,0.015325,0.018718,7168,0,112561,0,0,0,0,1,1,6001215,6001215,6001325,192038880,0,0,lineitem,0,22.183227539062500000,17.981140136718750000,,
2026-07-29T13:21:12Z,314830FE78B8C328,16.14,queries/Functions/09-09_datetime/extract_dow.sql,1,3,2.430951,5.684,2215.752,0.209515,0.012123,0.022952,7168,0,112561,0,0,0,0,1,1,6001215,6001215,6001325,192038880,0,0,lineitem,0,24.246643066406250000,19.726745605468750000,,
2026-07-29T13:21:18Z,314830FE78B8C328,16.14,queries/Functions/09-09_datetime/extract_dow.sql,2,3,2.283346,5.914,2166.573,0.110859,0.003428,0.007006,7168,0,112561,0,0,0,0,1,1,6001215,6001215,6001325,192038880,0,0,lineitem,0,24.229492187500000000,19.958801269531250000,,
2026-07-29T13:21:23Z,314830FE78B8C328,16.14,queries/Functions/09-09_datetime/extract_dow.sql,3,3,2.423417,5.967,2211.504,0.205946,0.007251,0.025302,7168,0,112561,0,0,0,0,1,1,6001215,6001215,6001325,192038880,0,0,lineitem,0,24.092163085937500000,19.587707519531250000,,
2026-07-29T13:21:28Z,314830FE78B8C328,16.14,queries/Functions/09-09_datetime/extract_doy.sql,1,3,2.446638,5.404,2228.657,0.212577,0.013160,0.021235,7168,0,112561,0,0,0,0,1,1,6001215,6001215,6001325,192038880,0,0,lineitem,0,24.616516113281250000,20.060241699218750000,,
2026-07-29T13:21:34Z,314830FE78B8C328,16.14,queries/Functions/09-09_datetime/extract_doy.sql,2,3,2.513467,5.678,2299.172,0.208617,0.012774,0.021724,7296,0,112561,0,0,0,0,1,1,6001215,6001215,6001325,192038880,0,0,lineitem,0,24.711425781250000000,20.047729492187500000,,
2026-07-29T13:21:39Z,314830FE78B8C328,16.14,queries/Functions/09-09_datetime/extract_doy.sql,3,3,2.452232,5.662,2235.275,0.211295,0.006613,0.026217,7168,0,112561,0,0,0,0,1,1,6001215,6001215,6001325,192038880,0,0,lineitem,0,24.611877441406250000,20.056945800781250000,,
2026-07-29T13:21:44Z,314830FE78B8C328,16.14,queries/Functions/09-09_datetime/extract_epoch.sql,1,3,2.291486,3.984,2082.746,0.204756,0.010132,0.021888,7168,0,112561,0,0,0,0,1,1,6001215,6001215,6001325,192038880,0,0,lineitem,0,22.698547363281250000,18.443176269531250000,,
2026-07-29T13:21:49Z,314830FE78B8C328,16.14,queries/Functions/09-09_datetime/extract_epoch.sql,2,3,2.299230,5.675,2084.861,0.208694,0.008352,0.025937,7168,0,112561,0,0,0,0,1,1,6001215,6001215,6001325,192038880,0,0,lineitem,0,22.592956542968750000,18.317382812500000000,,
2026-07-29T13:21:55Z,314830FE78B8C328,16.14,queries/Functions/09-09_datetime/extract_epoch.sql,3,3,2.278624,6.489,2066.170,0.205965,0.011786,0.021607,7168,0,112561,0,0,0,0,1,1,6001215,6001215,6001325,192038880,0,0,lineitem,0,22.619567871093750000,18.360412597656250000,,
2026-07-29T13:22:00Z,314830FE78B8C328,16.14,queries/Functions/09-09_datetime/extract_month.sql,1,3,2.172837,5.794,2039.854,0.127189,0.007067,0.007641,7168,0,112561,0,0,0,0,1,1,6001215,6001215,6001325,192038880,0,0,lineitem,0,22.028747558593750000,17.961791992187500000,,
2026-07-29T13:22:05Z,314830FE78B8C328,16.14,queries/Functions/09-09_datetime/extract_month.sql,2,3,2.239064,5.740,2022.080,0.211244,0.012998,0.021713,7168,0,112561,0,0,0,0,1,1,6001215,6001215,6001325,192038880,0,0,lineitem,0,22.122558593750000000,17.950561523437500000,,
2026-07-29T13:22:10Z,314830FE78B8C328,16.14,queries/Functions/09-09_datetime/extract_month.sql,3,3,2.248167,5.782,2032.281,0.210104,0.009026,0.024354,7168,0,112561,0,0,0,0,1,1,6001215,6001215,6001325,192038880,0,0,lineitem,0,22.041137695312500000,17.853149414062500000,,
2026-07-29T13:22:15Z,314830FE78B8C328,16.14,queries/Functions/09-09_datetime/extract_quarter.sql,1,3,2.272067,5.270,2059.751,0.207046,0.012741,0.022374,7168,0,112561,0,0,0,0,1,1,6001215,6001215,6001325,192038880,0,0,lineitem,0,22.469421386718750000,18.236999511718750000,,
2026-07-29T13:22:21Z,314830FE78B8C328,16.14,queries/Functions/09-09_datetime/extract_quarter.sql,2,3,2.414030,5.709,2196.433,0.211888,0.008378,0.025876,7168,0,112561,0,0,0,0,1,1,6001215,6001215,6001325,192038880,0,0,lineitem,0,23.185729980468750000,18.698120117187500000,,
2026-07-29T13:22:26Z,314830FE78B8C328,16.14,queries/Functions/09-09_datetime/extract_quarter.sql,3,3,2.232953,3.783,2067.144,0.162026,0.007202,0.012384,7168,0,112561,0,0,0,0,1,1,6001215,6001215,6001325,192038880,0,0,lineitem,0,22.620483398437500000,18.439453125000000000,,
2026-07-29T13:22:31Z,314830FE78B8C328,16.14,queries/Functions/09-09_datetime/extract_week.sql,1,3,2.196445,5.970,2078.655,0.111820,0.003319,0.008847,7168,0,112561,0,0,0,0,1,1,6001215,6001215,6001325,192038880,0,0,lineitem,0,22.639770507812500000,18.517395019531250000,,
2026-07-29T13:22:36Z,314830FE78B8C328,16.14,queries/Functions/09-09_datetime/extract_week.sql,2,3,2.383719,5.684,2194.890,0.183145,0.014765,0.019642,7168,0,112561,0,0,0,0,1,1,6001215,6001215,6001325,192038880,0,0,lineitem,0,23.729736328125000000,19.274353027343750000,,
2026-07-29T13:22:41Z,314830FE78B8C328,16.14,queries/Functions/09-09_datetime/extract_week.sql,3,3,2.260976,5.093,2059.674,0.196209,0.007151,0.014415,7168,0,112561,0,0,0,0,1,1,6001215,6001215,6001325,192038880,0,0,lineitem,0,22.917358398437500000,18.707580566406250000,,
2026-07-29T13:22:46Z,314830FE78B8C328,16.14,queries/Functions/09-09_datetime/extract_year.sql,1,3,2.266906,5.703,2048.109,0.213094,0.012149,0.023174,7168,0,112561,0,0,0,0,1,1,6001215,6001215,6001325,192038880,0,0,lineitem,0,22.163269042968750000,17.934265136718750000,,
2026-07-29T13:22:52Z,314830FE78B8C328,16.14,queries/Functions/09-09_datetime/extract_year.sql,2,3,2.181109,5.519,2049.441,0.126149,0.003268,0.008400,7168,0,112561,0,0,0,0,1,1,6001215,6001215,6001325,192038880,0,0,lineitem,0,22.104064941406250000,18.019531250000000000,,
2026-07-29T13:22:57Z,314830FE78B8C328,16.14,queries/Functions/09-09_datetime/extract_year.sql,3,3,2.255075,6.156,2046.027,0.202892,0.014116,0.019313,7040,0,112561,0,0,0,0,1,1,6001215,6001215,6001325,192038880,0,0,lineitem,0,21.993286132812500000,17.775329589843750000,,
2026-07-29T13:23:02Z,314830FE78B8C328,16.14,queries/Functions/09-09_datetime/isfinite.sql,1,3,1.842376,5.420,1627.232,0.209724,0.013584,0.020205,7168,0,112561,0,0,0,0,1,1,6001215,6001215,6001325,6001215,0,0,lineitem,0,16.280517578125000000,12.830017089843750000,,
2026-07-29T13:23:06Z,314830FE78B8C328,16.14,queries/Functions/09-09_datetime/isfinite.sql,2,3,1.775207,5.339,1635.087,0.134781,0.004115,0.012531,7168,0,112561,0,0,0,0,1,1,6001215,6001215,6001325,6001215,0,0,lineitem,0,15.919494628906250000,12.571533203125000000,,
2026-07-29T13:23:11Z,314830FE78B8C328,16.14,queries/Functions/09-09_datetime/isfinite.sql,3,3,1.834624,3.966,1620.378,0.210280,0.015176,0.020000,7168,0,112561,0,0,0,0,1,1,6001215,6001215,6001325,6001215,0,0,lineitem,0,16.118957519531250000,12.690856933593750000,,
2026-07-29T13:23:17Z,314830FE78B8C328,16.14,queries/Functions/09-09_datetime/justify_days.sql,1,3,3.081781,5.490,2895.073,0.181218,0.005093,0.012837,7168,0,112561,0,0,0,0,1,1,6001215,6001215,6001325,96019440,0,0,lineitem,0,31.750671386718750000,26.033142089843750000,,
2026-07-29T13:23:23Z,314830FE78B8C328,16.14,queries/Functions/09-09_datetime/justify_days.sql,2,3,3.102767,4.838,2913.103,0.184826,0.005892,0.013735,7168,0,112561,0,0,0,0,1,1,6001215,6001215,6001325,96019440,0,0,lineitem,0,31.662414550781250000,25.915222167968750000,,
2026-07-29T13:23:29Z,314830FE78B8C328,16.14,queries/Functions/09-09_datetime/justify_days.sql,3,3,3.118056,5.455,2903.988,0.208613,0.013632,0.019230,7168,0,112561,0,0,0,0,1,1,6001215,6001215,6001325,96019440,0,0,lineitem,0,31.631286621093750000,25.868469238281250000,,
2026-07-29T13:23:34Z,314830FE78B8C328,16.14,queries/Functions/09-09_datetime/make_date.sql,1,3,1.802888,5.325,1584.287,0.213276,0.015769,0.018740,7168,0,112561,0,0,0,0,1,1,6001215,6001215,6001325,24004860,0,0,lineitem,0,15.227111816406250000,11.842834472656250000,,
2026-07-29T13:23:38Z,314830FE78B8C328,16.14,queries/Functions/09-09_datetime/make_date.sql,2,3,1.806799,5.078,1594.781,0.206940,0.009744,0.024976,7168,0,112561,0,0,0,0,1,1,6001215,6001215,6001325,24004860,0,0,lineitem,0,15.303955078125000000,11.906982421875000000,,
2026-07-29T13:23:43Z,314830FE78B8C328,16.14,queries/Functions/09-09_datetime/make_date.sql,3,3,1.826977,4.925,1608.236,0.213816,0.015609,0.019496,7168,0,112561,0,0,0,0,1,1,6001215,6001215,6001325,24004860,0,0,lineitem,0,15.320739746093750000,11.905395507812500000,,
2026-07-29T13:23:48Z,314830FE78B8C328,16.14,queries/Functions/09-09_datetime/make_interval.sql,1,3,1.826277,6.537,1605.405,0.214335,0.008503,0.027210,7168,0,112561,0,0,0,0,1,1,6001215,6001215,6001325,96019440,0,0,lineitem,0,15.449157714843750000,12.027343750000000000,,
2026-07-29T13:23:53Z,314830FE78B8C328,16.14,queries/Functions/09-09_datetime/make_interval.sql,2,3,1.807797,6.470,1591.488,0.209839,0.004773,0.030041,7168,0,112561,0,0,0,0,1,1,6001215,6001215,6001325,96019440,0,0,lineitem,0,15.525756835937500000,12.129211425781250000,,
2026-07-29T13:23:57Z,314830FE78B8C328,16.14,queries/Functions/09-09_datetime/make_interval.sql,3,3,1.826514,6.005,1610.794,0.209715,0.016055,0.018769,7168,0,112561,0,0,0,0,1,1,6001215,6001215,6001325,96019440,0,0,lineitem,0,15.468139648437500000,12.049255371093750000,,
2026-07-29T13:24:02Z,314830FE78B8C328,16.14,queries/Functions/09-09_datetime/make_timestamp.sql,1,3,1.848210,5.169,1632.846,0.210195,0.017169,0.017776,7168,0,112561,0,0,0,0,1,1,6001215,6001215,6001325,48009720,0,0,lineitem,0,15.894470214843750000,12.431945800781250000,,
2026-07-29T13:24:07Z,314830FE78B8C328,16.14,queries/Functions/09-09_datetime/make_timestamp.sql,2,3,1.824361,5.713,1610.099,0.208549,0.011668,0.023744,7168,0,112561,0,0,0,0,1,1,6001215,6001215,6001325,48009720,0,0,lineitem,0,15.855834960937500000,12.427124023437500000,,
2026-07-29T13:24:11Z,314830FE78B8C328,16.14,queries/Functions/09-09_datetime/make_timestamp.sql,3,3,1.800208,5.661,1615.627,0.178920,0.007050,0.010388,7168,0,112561,0,0,0,0,1,1,6001215,6001215,6001325,48009720,0,0,lineitem,0,15.928894042968750000,12.526123046875000000,,
2026-07-29T13:24:17Z,314830FE78B8C328,16.14,queries/Functions/09-09_datetime/overlaps.sql,1,3,2.418519,5.096,2244.679,0.168744,0.008381,0.012169,7168,0,112561,0,0,0,0,1,1,6001215,6001215,6001325,6001215,0,0,lineitem,0,24.605957031250000000,20.091308593750000000,,
2026-07-29T13:24:22Z,314830FE78B8C328,16.14,queries/Functions/09-09_datetime/overlaps.sql,2,3,2.462493,5.724,2240.169,0.216600,0.017127,0.017481,7168,0,112561,0,0,0,0,1,1,6001215,6001215,6001325,6001215,0,0,lineitem,0,24.549133300781250000,19.965332031250000000,,
2026-07-29T13:24:28Z,314830FE78B8C328,16.14,queries/Functions/09-09_datetime/overlaps.sql,3,3,2.510219,6.000,2297.094,0.207125,0.011582,0.020446,7168,0,112561,0,0,0,0,1,1,6001215,6001215,6001325,6001215,0,0,lineitem,0,24.651977539062500000,19.989746093750000000,,
2026-07-29T13:24:34Z,314830FE78B8C328,16.14,queries/Functions/09-11_geometric/box_area.sql,1,3,3.426068,5.894,3202.978,0.217196,0.010688,0.023942,7168,0,112561,0,0,0,0,1,1,6001215,6001215,6001325,48009720,0,0,lineitem,0,35.835876464843750000,29.511474609375000000,,
2026-07-29T13:24:40Z,314830FE78B8C328,16.14,queries/Functions/09-11_geometric/box_area.sql,2,3,3.385834,5.616,3174.208,0.206010,0.009097,0.022391,7168,0,112561,0,0,0,0,1,1,6001215,6001215,6001325,48009720,0,0,lineitem,0,35.588134765625000000,29.338684082031250000,,
2026-07-29T13:24:47Z,314830FE78B8C328,16.14,queries/Functions/09-11_geometric/box_area.sql,3,3,3.414632,5.029,3186.888,0.222715,0.012786,0.021902,7168,0,112561,0,0,0,0,1,1,6001215,6001215,6001325,48009720,0,0,lineitem,0,36.110351562500000000,29.808837890625000000,,
2026-07-29T13:24:53Z,314830FE78B8C328,16.14,queries/Functions/09-11_geometric/box_center.sql,1,3,3.438042,5.691,3211.702,0.220649,0.007927,0.026411,7168,0,112561,0,0,0,0,1,1,6001215,6001215,6001325,96019440,0,0,lineitem,0,36.551330566406250000,30.213623046875000000,,
2026-07-29T13:24:59Z,314830FE78B8C328,16.14,queries/Functions/09-11_geometric/box_center.sql,2,3,3.434886,5.514,3211.479,0.217893,0.013375,0.021211,7168,0,112561,0,0,0,0,1,1,6001215,6001215,6001325,96019440,0,0,lineitem,0,36.421386718750000000,30.078979492187500000,,
2026-07-29T13:25:06Z,314830FE78B8C328,16.14,queries/Functions/09-11_geometric/box_center.sql,3,3,3.510761,5.990,3291.425,0.213346,0.007791,0.025273,7168,0,112561,0,0,0,0,1,1,6001215,6001215,6001325,96019440,0,0,lineitem,0,36.985595703125000000,30.505493164062500000,,
2026-07-29T13:25:12Z,314830FE78B8C328,16.14,queries/Functions/09-11_geometric/box_contains_point.sql,1,3,3.393063,5.863,3176.780,0.210420,0.010235,0.022269,7168,0,112561,0,0,0,0,1,1,6001215,6001215,6001325,6001215,0,0,lineitem,0,36.170227050781250000,29.905883789062500000,,
2026-07-29T13:25:18Z,314830FE78B8C328,16.14,queries/Functions/09-11_geometric/box_contains_point.sql,2,3,3.396513,6.173,3173.241,0.217099,0.009416,0.021566,7168,0,112561,0,0,0,0,1,1,6001215,6001215,6001325,6001215,0,0,lineitem,0,35.599365234375000000,29.323425292968750000,,
2026-07-29T13:25:24Z,314830FE78B8C328,16.14,queries/Functions/09-11_geometric/box_contains_point.sql,3,3,3.391183,6.587,3169.575,0.215021,0.012305,0.020676,7168,0,112561,0,0,0,0,1,1,6001215,6001215,6001325,6001215,0,0,lineitem,0,35.878601074218750000,29.615234375000000000,,
2026-07-29T13:25:31Z,314830FE78B8C328,16.14,queries/Functions/09-11_geometric/box_make.sql,1,3,3.270475,127.125,3031.227,0.112123,0.004572,0.006247,7168,0,112561,0,0,0,0,1,1,6001215,6001215,6001325,192038880,0,0,lineitem,0,35.692504882812500000,29.617126464843750000,,
2026-07-29T13:25:37Z,314830FE78B8C328,16.14,queries/Functions/09-11_geometric/box_make.sql,2,3,3.328915,6.299,3181.772,0.140844,0.005532,0.012373,7168,0,112561,0,0,0,0,1,1,6001215,6001215,6001325,192038880,0,0,lineitem,0,35.483642578125000000,29.331115722656250000,,
2026-07-29T13:25:43Z,314830FE78B8C328,16.14,queries/Functions/09-11_geometric/box_make.sql,3,3,3.367435,6.053,3151.566,0.209816,0.010705,0.023410,7168,0,112561,0,0,0,0,1,1,6001215,6001215,6001325,192038880,0,0,lineitem,0,35.380004882812500000,29.165710449218750000,,
2026-07-29T13:25:49Z,314830FE78B8C328,16.14,queries/Functions/09-11_geometric/box_overlaps.sql,1,3,3.387521,6.071,3163.169,0.218281,0.008258,0.024628,7168,0,112561,0,0,0,0,1,1,6001215,6001215,6001325,6001215,0,0,lineitem,0,35.568786621093750000,29.323486328125000000,,
2026-07-29T13:25:56Z,314830FE78B8C328,16.14,queries/Functions/09-11_geometric/box_overlaps.sql,2,3,3.399690,5.488,3178.878,0.215324,0.013690,0.020324,7040,0,112561,0,0,0,0,1,1,6001215,6001215,6001325,6001215,0,0,lineitem,0,36.202453613281250000,29.910339355468750000,,
2026-07-29T13:26:02Z,314830FE78B8C328,16.14,queries/Functions/09-11_geometric/box_overlaps.sql,3,3,3.353814,5.916,3147.396,0.200502,0.004155,0.010659,7168,0,112561,0,0,0,0,1,1,6001215,6001215,6001325,6001215,0,0,lineitem,0,35.893981933593750000,29.697509765625000000,,
2026-07-29T13:26:08Z,314830FE78B8C328,16.14,queries/Functions/09-11_geometric/circle_area.sql,1,3,3.369297,6.332,3153.747,0.209218,0.009060,0.021683,7168,0,112561,0,0,0,0,1,1,6001215,6001215,6001325,48009720,0,0,lineitem,0,34.945495605468750000,28.728027343750000000,,
2026-07-29T13:26:14Z,314830FE78B8C328,16.14,queries/Functions/09-11_geometric/circle_area.sql,2,3,3.358013,6.132,3144.605,0.207276,0.006932,0.024475,7168,0,112561,0,0,0,0,1,1,6001215,6001215,6001325,48009720,0,0,lineitem,0,35.638854980468750000,29.431518554687500000,,
2026-07-29T13:26:21Z,314830FE78B8C328,16.14,queries/Functions/09-11_geometric/circle_area.sql,3,3,3.392373,5.950,3177.195,0.209228,0.007686,0.024788,7168,0,112561,0,0,0,0,1,1,6001215,6001215,6001325,48009720,0,0,lineitem,0,35.332885742187500000,29.064208984375000000,,
2026-07-29T13:26:27Z,314830FE78B8C328,16.14,queries/Functions/09-11_geometric/circle_make.sql,1,3,3.387855,5.821,3168.406,0.213628,0.010503,0.021972,7168,0,112561,0,0,0,0,1,1,6001215,6001215,6001325,144029160,0,0,lineitem,0,34.795410156250000000,28.542358398437500000,,
2026-07-29T13:26:33Z,314830FE78B8C328,16.14,queries/Functions/09-11_geometric/circle_make.sql,2,3,3.335698,6.026,3147.149,0.182523,0.007431,0.010779,7168,0,112561,0,0,0,0,1,1,6001215,6001215,6001325,144029160,0,0,lineitem,0,35.075744628906250000,28.918762207031250000,,
2026-07-29T13:26:39Z,314830FE78B8C328,16.14,queries/Functions/09-11_geometric/circle_make.sql,3,3,3.355993,6.449,3137.125,0.212419,0.011351,0.022283,7168,0,112561,0,0,0,0,1,1,6001215,6001215,6001325,144029160,0,0,lineitem,0,35.280517578125000000,29.078918457031250000,,
2026-07-29T13:26:46Z,314830FE78B8C328,16.14,queries/Functions/09-11_geometric/lseg_length.sql,1,3,3.408979,6.418,3211.821,0.190740,0.011498,0.021511,7168,0,112561,0,0,0,0,1,1,6001215,6001215,6001325,48009720,0,0,lineitem,0,35.938842773437500000,29.636291503906250000,,
2026-07-29T13:26:52Z,314830FE78B8C328,16.14,queries/Functions/09-11_geometric/lseg_length.sql,2,3,3.463494,6.440,3240.012,0.217042,0.015005,0.019262,7168,0,112561,0,0,0,0,1,1,6001215,6001215,6001325,48009720,0,0,lineitem,0,36.301086425781250000,29.903320312500000000,,
2026-07-29T13:26:58Z,314830FE78B8C328,16.14,queries/Functions/09-11_geometric/lseg_length.sql,3,3,3.425608,7.115,3232.917,0.185576,0.010572,0.024228,7168,0,112561,0,0,0,0,1,1,6001215,6001215,6001325,48009720,0,0,lineitem,0,36.213745117187500000,29.860656738281250000,,
2026-07-29T13:27:04Z,314830FE78B8C328,16.14,queries/Functions/09-11_geometric/lseg_make.sql,1,3,3.350163,6.200,3126.406,0.217557,0.011879,0.021903,7168,0,112561,0,0,0,0,1,1,6001215,6001215,6001325,192038880,0,0,lineitem,0,35.185485839843750000,29.002014160156250000,,
2026-07-29T13:27:11Z,314830FE78B8C328,16.14,queries/Functions/09-11_geometric/lseg_make.sql,2,3,3.342682,6.040,3146.226,0.190416,0.006568,0.013248,7168,0,112561,0,0,0,0,1,1,6001215,6001215,6001325,192038880,0,0,lineitem,0,35.106079101562500000,28.922363281250000000,,
2026-07-29T13:27:17Z,314830FE78B8C328,16.14,queries/Functions/09-11_geometric/lseg_make.sql,3,3,3.343161,6.378,3131.251,0.205532,0.010353,0.024352,7168,0,112561,0,0,0,0,1,1,6001215,6001215,6001325,192038880,0,0,lineitem,0,35.148132324218750000,28.972229003906250000,,
2026-07-29T13:27:23Z,314830FE78B8C328,16.14,queries/Functions/09-11_geometric/point_add.sql,1,3,3.364147,6.315,3141.078,0.216754,0.010584,0.023593,7168,0,112561,0,0,0,0,1,1,6001215,6001215,6001325,96019440,0,0,lineitem,0,34.486083984375000000,28.278137207031250000,,
2026-07-29T13:27:29Z,314830FE78B8C328,16.14,queries/Functions/09-11_geometric/point_add.sql,2,3,3.475889,6.069,3258.121,0.211699,0.011154,0.022170,7168,0,112561,0,0,0,0,1,1,6001215,6001215,6001325,96019440,0,0,lineitem,0,36.216735839843750000,29.794555664062500000,,
2026-07-29T13:27:36Z,314830FE78B8C328,16.14,queries/Functions/09-11_geometric/point_add.sql,3,3,3.315505,5.744,3141.766,0.167995,0.005413,0.013310,7168,0,112561,0,0,0,0,1,1,6001215,6001215,6001325,96019440,0,0,lineitem,0,35.213684082031250000,29.055358886718750000,,
2026-07-29T13:27:42Z,314830FE78B8C328,16.14,queries/Functions/09-11_geometric/point_distance.sql,1,3,3.394118,5.690,3171.997,0.216431,0.014776,0.019496,7168,0,112561,0,0,0,0,1,1,6001215,6001215,6001325,48009720,0,0,lineitem,0,35.241638183593750000,28.974304199218750000,,
2026-07-29T13:27:48Z,314830FE78B8C328,16.14,queries/Functions/09-11_geometric/point_distance.sql,2,3,3.300581,5.603,3121.594,0.173384,0.007298,0.010987,7168,0,112561,0,0,0,0,1,1,6001215,6001215,6001325,48009720,0,0,lineitem,0,34.992187500000000000,28.877258300781250000,,
2026-07-29T13:27:54Z,314830FE78B8C328,16.14,queries/Functions/09-11_geometric/point_distance.sql,3,3,3.325686,125.776,2985.641,0.214269,0.013010,0.020588,7168,0,112561,0,0,0,0,1,1,6001215,6001215,6001325,48009720,0,0,lineitem,0,34.979736328125000000,28.846740722656250000,,
2026-07-29T13:28:00Z,314830FE78B8C328,16.14,queries/Functions/09-11_geometric/point_make.sql,1,3,3.297022,5.336,3081.157,0.210529,0.016127,0.017800,7168,0,112561,0,0,0,0,1,1,6001215,6001215,6001325,96019440,0,0,lineitem,0,33.982910156250000000,27.883544921875000000,,
2026-07-29T13:28:07Z,314830FE78B8C328,16.14,queries/Functions/09-11_geometric/point_make.sql,2,3,3.155787,5.427,3024.592,0.125768,0.005598,0.009807,7168,0,112561,0,0,0,0,1,1,6001215,6001215,6001325,96019440,0,0,lineitem,0,34.203796386718750000,28.359008789062500000,,
2026-07-29T13:28:13Z,314830FE78B8C328,16.14,queries/Functions/09-11_geometric/point_make.sql,3,3,3.225970,5.305,3077.643,0.143022,0.008182,0.013984,7168,0,112561,0,0,0,0,1,1,6001215,6001215,6001325,96019440,0,0,lineitem,0,34.121582031250000000,28.161865234375000000,,
2026-07-29T13:28:19Z,314830FE78B8C328,16.14,queries/Functions/09-11_geometric/point_mul.sql,1,3,3.337895,7.623,3120.017,0.210255,0.017100,0.017195,7168,0,112561,0,0,0,0,1,1,6001215,6001215,6001325,96019440,0,0,lineitem,0,34.983093261718750000,28.809204101562500000,,
2026-07-29T13:28:25Z,314830FE78B8C328,16.14,queries/Functions/09-11_geometric/point_mul.sql,2,3,3.421693,5.781,3228.037,0.187875,0.014845,0.018846,7040,0,112561,0,0,0,0,1,1,6001215,6001215,6001325,96019440,0,0,lineitem,0,35.522521972656250000,29.178588867187500000,,
2026-07-29T13:28:31Z,314830FE78B8C328,16.14,queries/Functions/09-11_geometric/point_mul.sql,3,3,3.389061,5.824,3192.224,0.191013,0.001894,0.017837,7168,0,112561,0,0,0,0,1,1,6001215,6001215,6001325,96019440,0,0,lineitem,0,35.674316406250000000,29.410400390625000000,,
2026-07-29T13:28:37Z,314830FE78B8C328,16.14,queries/Functions/09-12_network/abbrev.sql,1,3,2.284248,6.705,2065.514,0.212029,0.007173,0.024036,7168,0,9478,0,0,0,0,1,1,6001215,6001215,6001325,192038880,0,0,lineitem,0,23.586364746093750000,19.472717285156250000,,
2026-07-29T13:28:42Z,314830FE78B8C328,16.14,queries/Functions/09-12_network/abbrev.sql,2,3,2.108995,87.631,1911.506,0.109858,0.005935,0.006878,7168,0,9478,0,0,0,0,1,1,6001215,6001215,6001325,192038880,0,0,lineitem,0,22.414611816406250000,18.581665039062500000,,
2026-07-29T13:28:47Z,314830FE78B8C328,16.14,queries/Functions/09-12_network/abbrev.sql,3,3,2.231875,7.616,2006.655,0.217604,0.011388,0.022871,7168,0,9478,0,0,0,0,1,1,6001215,6001215,6001325,192038880,0,0,lineitem,0,22.641906738281250000,18.616027832031250000,,
2026-07-29T13:28:51Z,314830FE78B8C328,16.14,queries/Functions/09-12_network/broadcast.sql,1,3,1.326686,7.012,1185.578,0.134096,0.005018,0.010572,7168,0,9478,0,0,0,0,1,1,6001215,6001215,6001325,192038880,0,0,lineitem,0,12.035339355468750000,9.650451660156250000,,
2026-07-29T13:28:55Z,314830FE78B8C328,16.14,queries/Functions/09-12_network/broadcast.sql,2,3,1.461208,6.849,1237.669,0.216690,0.009422,0.025242,7168,0,9478,0,0,0,0,1,1,6001215,6001215,6001325,192038880,0,0,lineitem,0,12.210021972656250000,9.587402343750000000,,
2026-07-29T13:28:59Z,314830FE78B8C328,16.14,queries/Functions/09-12_network/broadcast.sql,3,3,1.410181,6.853,1185.765,0.217563,0.007362,0.025926,7168,0,9478,0,0,0,0,1,1,6001215,6001215,6001325,192038880,0,0,lineitem,0,12.092651367187500000,9.548461914062500000,,
2026-07-29T13:29:04Z,314830FE78B8C328,16.14,queries/Functions/09-12_network/contained_by.sql,1,3,1.357075,7.146,1131.157,0.218772,0.016098,0.018630,7168,0,9478,0,0,0,0,1,1,6001215,6001215,6001325,6001215,0,0,lineitem,0,11.606689453125000000,9.164428710937500000,,
2026-07-29T13:29:08Z,314830FE78B8C328,16.14,queries/Functions/09-12_network/contained_by.sql,2,3,1.400522,6.837,1178.505,0.215180,0.013958,0.022132,7168,0,9478,0,0,0,0,1,1,6001215,6001215,6001325,6001215,0,0,lineitem,0,11.510192871093750000,8.994750976562500000,,
2026-07-29T13:29:12Z,314830FE78B8C328,16.14,queries/Functions/09-12_network/contained_by.sql,3,3,1.353043,6.799,1130.134,0.216110,0.007931,0.027463,7168,0,9478,0,0,0,0,1,1,6001215,6001215,6001325,6001215,0,0,lineitem,0,11.462158203125000000,9.039062500000000000,,
2026-07-29T13:29:16Z,314830FE78B8C328,16.14,queries/Functions/09-12_network/contained_by_eq.sql,1,3,1.345039,6.617,1120.873,0.217549,0.014375,0.021795,7168,0,9478,0,0,0,0,1,1,6001215,6001215,6001325,6001215,0,0,lineitem,0,11.443054199218750000,9.027221679687500000,,
2026-07-29T13:29:20Z,314830FE78B8C328,16.14,queries/Functions/09-12_network/contained_by_eq.sql,2,3,1.339192,7.173,1129.494,0.202525,0.010829,0.015951,7168,0,9478,0,0,0,0,1,1,6001215,6001215,6001325,6001215,0,0,lineitem,0,11.494812011718750000,9.085327148437500000,,
2026-07-29T13:29:24Z,314830FE78B8C328,16.14,queries/Functions/09-12_network/contained_by_eq.sql,3,3,1.347951,6.578,1123.628,0.217745,0.014289,0.021575,7168,0,9478,0,0,0,0,1,1,6001215,6001215,6001325,6001215,0,0,lineitem,0,11.564636230468750000,9.136352539062500000,,
2026-07-29T13:29:29Z,314830FE78B8C328,16.14,queries/Functions/09-12_network/contains.sql,1,3,1.309797,127.816,1026.081,0.155900,0.010842,0.021007,7168,0,9478,0,0,0,0,1,1,6001215,6001215,6001325,6001215,0,0,lineitem,0,11.481933593750000000,9.110961914062500000,,
2026-07-29T13:29:33Z,314830FE78B8C328,16.14,queries/Functions/09-12_network/contains.sql,2,3,1.359997,6.366,1157.381,0.196250,0.007088,0.013157,7168,0,9478,0,0,0,0,1,1,6001215,6001215,6001325,6001215,0,0,lineitem,0,11.533142089843750000,9.087646484375000000,,
2026-07-29T13:29:37Z,314830FE78B8C328,16.14,queries/Functions/09-12_network/contains.sql,3,3,1.344845,6.496,1122.299,0.216050,0.011501,0.021557,7168,0,9478,0,0,0,0,1,1,6001215,6001215,6001325,6001215,0,0,lineitem,0,11.463623046875000000,9.042663574218750000,,
2026-07-29T13:29:41Z,314830FE78B8C328,16.14,queries/Functions/09-12_network/family.sql,1,3,1.296692,5.765,1074.702,0.216225,0.009862,0.025678,7168,0,9478,0,0,0,0,1,1,6001215,6001215,6001325,24004860,0,0,lineitem,0,11.219299316406250000,8.896545410156250000,,
2026-07-29T13:29:45Z,314830FE78B8C328,16.14,queries/Functions/09-12_network/family.sql,2,3,1.340555,7.309,1115.909,0.217337,0.018566,0.016905,7168,0,9478,0,0,0,0,1,1,6001215,6001215,6001325,24004860,0,0,lineitem,0,11.122131347656250000,8.708618164062500000,,
2026-07-29T13:29:49Z,314830FE78B8C328,16.14,queries/Functions/09-12_network/family.sql,3,3,1.284429,7.594,1086.805,0.190030,0.010380,0.023376,7168,0,9478,0,0,0,0,1,1,6001215,6001215,6001325,24004860,0,0,lineitem,0,11.031005859375000000,8.686462402343750000,,
2026-07-29T13:29:54Z,314830FE78B8C328,16.14,queries/Functions/09-12_network/host.sql,1,3,2.255049,88.036,1948.175,0.218838,0.011800,0.024201,7168,0,9478,0,0,0,0,1,1,6001215,6001215,6001325,192038880,0,0,lineitem,0,23.058044433593750000,18.981201171875000000,,
2026-07-29T13:30:00Z,314830FE78B8C328,16.14,queries/Functions/09-12_network/host.sql,2,3,2.235686,6.918,2031.214,0.197554,0.008606,0.015648,7168,0,9478,0,0,0,0,1,1,6001215,6001215,6001325,192038880,0,0,lineitem,0,23.102722167968750000,19.053710937500000000,,
2026-07-29T13:30:05Z,314830FE78B8C328,16.14,queries/Functions/09-12_network/host.sql,3,3,2.255125,6.502,2034.970,0.213653,0.013740,0.019067,7168,0,9478,0,0,0,0,1,1,6001215,6001215,6001325,192038880,0,0,lineitem,0,22.843933105468750000,18.775390625000000000,,
2026-07-29T13:30:09Z,314830FE78B8C328,16.14,queries/Functions/09-12_network/hostmask.sql,1,3,1.073140,7.755,850.099,0.215286,0.011166,0.022762,7168,0,9478,0,0,0,0,1,1,6001215,6001215,6001325,192038880,0,0,lineitem,0,7.572753906250000000,5.648559570312500000,,
2026-07-29T13:30:13Z,314830FE78B8C328,16.14,queries/Functions/09-12_network/hostmask.sql,2,3,1.096049,8.010,872.193,0.215846,0.013596,0.022506,7168,0,9478,0,0,0,0,1,1,6001215,6001215,6001325,192038880,0,0,lineitem,0,7.732116699218750000,5.757568359375000000,,
2026-07-29T13:30:16Z,314830FE78B8C328,16.14,queries/Functions/09-12_network/hostmask.sql,3,3,0.917735,7.105,798.565,0.112065,0.002200,0.008330,7168,0,9478,0,0,0,0,1,1,6001215,6001215,6001325,192038880,0,0,lineitem,0,7.392089843750000000,5.727172851562500000,,
2026-07-29T13:30:21Z,314830FE78B8C328,16.14,queries/Functions/09-12_network/inet_add.sql,1,3,1.474181,7.524,1250.270,0.216387,0.011531,0.023745,7168,0,9478,0,0,0,0,1,1,6001215,6001215,6001325,192038880,0,0,lineitem,0,12.395812988281250000,9.741821289062500000,,
2026-07-29T13:30:25Z,314830FE78B8C328,16.14,queries/Functions/09-12_network/inet_add.sql,2,3,1.449521,7.680,1253.286,0.188555,0.006181,0.011886,7168,0,9478,0,0,0,0,1,1,6001215,6001215,6001325,192038880,0,0,lineitem,0,12.460327148437500000,9.850463867187500000,,
2026-07-29T13:30:29Z,314830FE78B8C328,16.14,queries/Functions/09-12_network/inet_add.sql,3,3,1.410119,7.356,1187.816,0.214947,0.010997,0.024449,7168,0,9478,0,0,0,0,1,1,6001215,6001215,6001325,192038880,0,0,lineitem,0,12.489562988281250000,9.958923339843750000,,
2026-07-29T13:30:33Z,314830FE78B8C328,16.14,queries/Functions/09-12_network/inet_cast.sql,1,3,1.291420,6.606,1115.275,0.169539,0.002397,0.017267,7168,0,9478,0,0,0,0,1,1,6001215,6001215,6001325,192038880,0,0,lineitem,0,10.924011230468750000,8.568603515625000000,,
2026-07-29T13:30:37Z,314830FE78B8C328,16.14,queries/Functions/09-12_network/inet_cast.sql,2,3,1.321479,6.990,1100.598,0.213891,0.009624,0.024707,7168,0,9478,0,0,0,0,1,1,6001215,6001215,6001325,192038880,0,0,lineitem,0,11.000305175781250000,8.611267089843750000,,
2026-07-29T13:30:42Z,314830FE78B8C328,16.14,queries/Functions/09-12_network/inet_cast.sql,3,3,1.307033,6.855,1087.564,0.212614,0.011821,0.023299,7168,0,9478,0,0,0,0,1,1,6001215,6001215,6001325,192038880,0,0,lineitem,0,11.137817382812500000,8.757629394531250000,,
2026-07-29T13:30:46Z,314830FE78B8C328,16.14,queries/Functions/09-12_network/inet_sub_inet.sql,1,3,1.423476,6.664,1200.884,0.215928,0.010313,0.023496,7168,0,9478,0,0,0,0,1,1,6001215,6001215,6001325,48009720,0,0,lineitem,0,11.751525878906250000,9.180664062500000000,,
2026-07-29T13:30:50Z,314830FE78B8C328,16.14,queries/Functions/09-12_network/inet_sub_inet.sql,2,3,1.404329,6.398,1178.064,0.219867,0.014200,0.020545,7168,0,9478,0,0,0,0,1,1,6001215,6001215,6001325,48009720,0,0,lineitem,0,11.587707519531250000,9.054321289062500000,,
2026-07-29T13:30:54Z,314830FE78B8C328,16.14,queries/Functions/09-12_network/inet_sub_inet.sql,3,3,1.345714,6.513,1131.579,0.207622,0.012860,0.020979,7168,0,9478,0,0,0,0,1,1,6001215,6001215,6001325,48009720,0,0,lineitem,0,11.515625000000000000,9.093933105468750000,,
2026-07-29T13:30:58Z,314830FE78B8C328,16.14,queries/Functions/09-12_network/inet_sub_int.sql,1,3,1.451222,7.590,1229.467,0.214165,0.015269,0.017994,7168,0,9478,0,0,0,0,1,1,6001215,6001215,6001325,192038880,0,0,lineitem,0,12.469909667968750000,9.861877441406250000,,
2026-07-29T13:31:03Z,314830FE78B8C328,16.14,queries/Functions/09-12_network/inet_sub_int.sql,2,3,1.409507,7.360,1189.012,0.213135,0.013084,0.017589,7168,0,9478,0,0,0,0,1,1,6001215,6001215,6001325,192038880,0,0,lineitem,0,12.674499511718750000,10.130737304687500000,,
2026-07-29T13:31:07Z,314830FE78B8C328,16.14,queries/Functions/09-12_network/inet_sub_int.sql,3,3,1.432591,7.446,1212.004,0.213141,0.010323,0.024923,7168,0,9478,0,0,0,0,1,1,6001215,6001215,6001325,192038880,0,0,lineitem,0,12.373840332031250000,9.788391113281250000,,
2026-07-29T13:31:11Z,314830FE78B8C328,16.14,queries/Functions/09-12_network/macaddr_cast.sql,1,3,1.321300,6.451,1128.409,0.186440,0.012677,0.023235,7168,0,9478,0,0,0,0,1,1,6001215,6001215,6001325,192038880,0,0,lineitem,0,10.912475585937500000,8.508789062500000000,,
2026-07-29T13:31:15Z,314830FE78B8C328,16.14,queries/Functions/09-12_network/macaddr_cast.sql,2,3,1.352136,7.012,1130.936,0.214188,0.009458,0.024860,7168,0,9478,0,0,0,0,1,1,6001215,6001215,6001325,192038880,0,0,lineitem,0,10.964355468750000000,8.527587890625000000,,
2026-07-29T13:31:19Z,314830FE78B8C328,16.14,queries/Functions/09-12_network/macaddr_cast.sql,3,3,1.339940,6.771,1121.890,0.211279,0.011006,0.024742,7168,0,9478,0,0,0,0,1,1,6001215,6001215,6001325,192038880,0,0,lineitem,0,10.810729980468750000,8.410278320312500000,,
2026-07-29T13:31:24Z,314830FE78B8C328,16.14,queries/Functions/09-12_network/masklen.sql,1,3,1.290035,6.237,1079.683,0.204115,0.012149,0.024079,7168,0,9478,0,0,0,0,1,1,6001215,6001215,6001325,24004860,0,0,lineitem,0,11.065856933593750000,8.733886718750000000,,
2026-07-29T13:31:28Z,314830FE78B8C328,16.14,queries/Functions/09-12_network/masklen.sql,2,3,1.303844,6.501,1081.272,0.216071,0.007190,0.025887,7168,0,9478,0,0,0,0,1,1,6001215,6001215,6001325,24004860,0,0,lineitem,0,11.140136718750000000,8.790344238281250000,,
2026-07-29T13:31:32Z,314830FE78B8C328,16.14,queries/Functions/09-12_network/masklen.sql,3,3,1.358496,6.161,1139.282,0.213053,0.012921,0.021649,7168,0,9478,0,0,0,0,1,1,6001215,6001215,6001325,24004860,0,0,lineitem,0,11.109191894531250000,8.676574707031250000,,
2026-07-29T13:31:36Z,314830FE78B8C328,16.14,queries/Functions/09-12_network/netmask.sql,1,3,1.061744,7.297,840.698,0.213749,0.009010,0.025871,7168,0,9478,0,0,0,0,1,1,6001215,6001215,6001325,192038880,0,0,lineitem,0,7.578857421875000000,5.675415039062500000,,
2026-07-29T13:31:40Z,314830FE78B8C328,16.14,queries/Functions/09-12_network/netmask.sql,2,3,1.056270,9.536,825.714,0.221020,0.011995,0.023370,7168,0,9478,0,0,0,0,1,1,6001215,6001215,6001325,192038880,0,0,lineitem,0,7.540283203125000000,5.645324707031250000,,
2026-07-29T13:31:44Z,314830FE78B8C328,16.14,queries/Functions/09-12_network/netmask.sql,3,3,1.047386,7.041,854.445,0.185900,0.006893,0.012661,7168,0,9478,0,0,0,0,1,1,6001215,6001215,6001325,192038880,0,0,lineitem,0,7.489379882812500000,5.609130859375000000,,
2026-07-29T13:31:48Z,314830FE78B8C328,16.14,queries/Functions/09-12_network/network.sql,1,3,1.439245,6.834,1208.944,0.223467,0.013667,0.022222,7168,0,9478,0,0,0,0,1,1,6001215,6001215,6001325,192038880,0,0,lineitem,0,12.513366699218750000,9.922668457031250000,,
2026-07-29T13:31:52Z,314830FE78B8C328,16.14,queries/Functions/09-12_network/network.sql,2,3,1.423346,6.768,1200.240,0.216338,0.011970,0.021693,7168,0,9478,0,0,0,0,1,1,6001215,6001215,6001325,192038880,0,0,lineitem,0,12.426086425781250000,9.871826171875000000,,
2026-07-29T13:31:56Z,314830FE78B8C328,16.14,queries/Functions/09-12_network/network.sql,3,3,1.491365,7.015,1272.756,0.211594,0.010014,0.023986,7168,0,9478,0,0,0,0,1,1,6001215,6001215,6001325,192038880,0,0,lineitem,0,13.050903320312500000,10.368774414062500000,,
2026-07-29T13:32:01Z,314830FE78B8C328,16.14,queries/Functions/09-12_network/overlaps.sql,1,3,1.353067,6.368,1130.031,0.216668,0.010214,0.023575,7168,0,9478,0,0,0,0,1,1,6001215,6001215,6001325,6001215,0,0,lineitem,0,11.596313476562500000,9.164672851562500000,,
2026-07-29T13:32:05Z,314830FE78B8C328,16.14,queries/Functions/09-12_network/overlaps.sql,2,3,1.309417,84.244,1106.590,0.118583,0.003043,0.010175,7168,0,9478,0,0,0,0,1,1,6001215,6001215,6001325,6001215,0,0,lineitem,0,11.953918457031250000,9.570861816406250000,,
2026-07-29T13:32:09Z,314830FE78B8C328,16.14,queries/Functions/09-12_network/overlaps.sql,3,3,1.369772,6.739,1190.813,0.172220,0.006276,0.013402,7168,0,9478,0,0,0,0,1,1,6001215,6001215,6001325,6001215,0,0,lineitem,0,12.112243652343750000,9.633605957031250000,,
2026-07-29T13:32:13Z,314830FE78B8C328,16.14,queries/Functions/09-12_network/set_masklen.sql,1,3,1.403867,6.650,1182.918,0.214299,0.014679,0.019439,7168,0,9478,0,0,0,0,1,1,6001215,6001215,6001325,192038880,0,0,lineitem,0,12.124816894531250000,9.599731445312500000,,
2026-07-29T13:32:17Z,314830FE78B8C328,16.14,queries/Functions/09-12_network/set_masklen.sql,2,3,1.380213,7.007,1156.225,0.216981,0.009662,0.024040,7168,0,9478,0,0,0,0,1,1,6001215,6001215,6001325,192038880,0,0,lineitem,0,12.191955566406250000,9.697753906250000000,,
2026-07-29T13:32:22Z,314830FE78B8C328,16.14,queries/Functions/09-12_network/set_masklen.sql,3,3,1.393804,6.884,1167.299,0.219621,0.014251,0.020638,7168,0,9478,0,0,0,0,1,1,6001215,6001215,6001325,192038880,0,0,lineitem,0,12.301696777343750000,9.792785644531250000,,
2026-07-29T13:32:34Z,314830FE78B8C328,16.14,queries/Functions/09-13_text_search/length_tsvector.sql,1,3,9.203012,4.035,9018.549,0.180428,0.004892,0.012483,7168,283,112576,0,0,0,0,2,1,6001215,12002430,6001325,48009720,0,2,lineitem,0,257.147827148437500000,240.222656250000000000,,
2026-07-29T13:32:46Z,314830FE78B8C328,16.14,queries/Functions/09-13_text_search/length_tsvector.sql,2,3,9.325712,5.119,9105.302,0.215291,0.008109,0.023873,7168,283,112576,0,0,0,0,2,1,6001215,12002430,6001325,48009720,0,2,lineitem,0,260.090576171875000000,242.646545410156250000,,
2026-07-29T13:32:58Z,314830FE78B8C328,16.14,queries/Functions/09-13_text_search/length_tsvector.sql,3,3,9.546282,5.018,9327.181,0.214083,0.011525,0.020843,7168,283,112576,0,0,0,0,2,1,6001215,12002430,6001325,48009720,0,2,lineitem,0,260.830322265625000000,242.863281250000000000,,
2026-07-29T13:33:11Z,314830FE78B8C328,16.14,queries/Functions/09-13_text_search/match.sql,1,3,9.571237,16.196,9340.944,0.214097,0.007701,0.023429,7168,276,112561,0,0,0,0,2,1,6001215,12002430,6001325,12002430,0,2,lineitem,0,262.286865234375000000,244.213073730468750000,,
2026-07-29T13:33:23Z,314830FE78B8C328,16.14,queries/Functions/09-13_text_search/match.sql,2,3,9.676009,8.723,9591.268,0.076018,0.001477,0.011068,6912,276,112561,0,0,0,0,2,1,6001215,12002430,6001325,12002430,0,2,lineitem,0,264.956176757812500000,246.494995117187500000,,
2026-07-29T13:33:36Z,314830FE78B8C328,16.14,queries/Functions/09-13_text_search/match.sql,3,3,9.977483,14.583,9788.355,0.174545,0.012521,0.018593,7168,276,112561,0,0,0,0,2,1,6001215,12002430,6001325,12002430,0,2,lineitem,0,263.272460937500000000,244.366821289062500000,,
2026-07-29T13:33:50Z,314830FE78B8C328,16.14,queries/Functions/09-13_text_search/numnode.sql,1,3,10.401551,5.052,10189.009,0.207490,0.010013,0.021685,7168,283,112576,0,0,0,0,2,1,6001215,12002430,6001325,48009720,0,2,lineitem,0,272.328491210937500000,252.696777343750000000,,
2026-07-29T13:34:03Z,314830FE78B8C328,16.14,queries/Functions/09-13_text_search/numnode.sql,2,3,10.375177,5.163,10209.831,0.160183,0.003622,0.008245,7168,283,112576,0,0,0,0,2,1,6001215,12002430,6001325,48009720,0,2,lineitem,0,270.906677246093750000,251.370727539062500000,,
2026-07-29T13:34:16Z,314830FE78B8C328,16.14,queries/Functions/09-13_text_search/numnode.sql,3,3,10.583747,5.455,10395.967,0.182325,0.007080,0.008773,7168,283,112576,0,0,0,0,2,1,6001215,12002430,6001325,48009720,0,2,lineitem,0,272.213623046875000000,252.375244140625000000,,
2026-07-29T13:34:30Z,314830FE78B8C328,16.14,queries/Functions/09-13_text_search/phraseto_tsquery.sql,1,3,10.635445,5.585,10424.713,0.205147,0.007534,0.024609,7168,284,112575,0,0,0,0,2,1,6001215,12002430,6001325,384077760,0,2,lineitem,0,271.007324218750000000,251.057861328125000000,,
2026-07-29T13:34:43Z,314830FE78B8C328,16.14,queries/Functions/09-13_text_search/phraseto_tsquery.sql,2,3,10.582560,5.178,10385.766,0.191616,0.016393,0.015816,7168,284,112575,0,0,0,0,2,1,6001215,12002430,6001325,384077760,0,2,lineitem,0,263.608703613281250000,243.740417480468750000,,
2026-07-29T13:34:57Z,314830FE78B8C328,16.14,queries/Functions/09-13_text_search/phraseto_tsquery.sql,3,3,10.714179,5.927,10501.572,0.206680,0.013461,0.017673,7168,284,112575,0,0,0,0,2,1,6001215,12002430,6001325,384077760,0,2,lineitem,0,270.184448242187500000,250.060241699218750000,,
2026-07-29T13:35:10Z,314830FE78B8C328,16.14,queries/Functions/09-13_text_search/plainto_tsquery.sql,1,3,10.436011,5.599,10263.611,0.166801,0.010556,0.012172,7168,283,112576,0,0,0,0,2,1,6001215,12002430,6001325,384077760,0,2,lineitem,0,262.867980957031250000,243.287109375000000000,,
2026-07-29T13:35:24Z,314830FE78B8C328,16.14,queries/Functions/09-13_text_search/plainto_tsquery.sql,2,3,10.638591,6.037,10428.349,0.204205,0.010278,0.021348,7168,283,112576,0,0,0,0,2,1,6001215,12002430,6001325,384077760,0,2,lineitem,0,262.854187011718750000,242.920410156250000000,,
2026-07-29T13:35:37Z,314830FE78B8C328,16.14,queries/Functions/09-13_text_search/plainto_tsquery.sql,3,3,10.698800,5.632,10485.219,0.207949,0.009713,0.021139,7168,283,112576,0,0,0,0,2,1,6001215,12002430,6001325,384077760,0,2,lineitem,0,265.635986328125000000,245.613159179687500000,,
2026-07-29T13:35:50Z,314830FE78B8C328,16.14,queries/Functions/09-13_text_search/setweight.sql,1,3,10.007298,5.476,9817.509,0.184313,0.012657,0.019302,7168,283,112576,0,0,0,0,2,1,6001215,12002430,6001325,384077760,0,2,lineitem,0,248.312438964843750000,229.506591796875000000,,
2026-07-29T13:36:03Z,314830FE78B8C328,16.14,queries/Functions/09-13_text_search/setweight.sql,2,3,9.912855,4.115,9705.422,0.203318,0.010642,0.020448,7168,283,112576,0,0,0,0,2,1,6001215,12002430,6001325,384077760,0,2,lineitem,0,252.788513183593750000,234.199340820312500000,,
2026-07-29T13:36:15Z,314830FE78B8C328,16.14,queries/Functions/09-13_text_search/setweight.sql,3,3,9.841330,5.569,9629.898,0.205863,0.007389,0.024848,7168,283,112576,0,0,0,0,2,1,6001215,12002430,6001325,384077760,0,2,lineitem,0,250.857604980468750000,232.476196289062500000,,
2026-07-29T13:36:28Z,314830FE78B8C328,16.14,queries/Functions/09-13_text_search/strip.sql,1,3,10.051696,4.843,9870.583,0.176270,0.011226,0.019572,7168,283,112576,0,0,0,0,2,1,6001215,12002430,6001325,384077760,0,2,lineitem,0,253.419860839843750000,234.593261718750000000,,
2026-07-29T13:36:41Z,314830FE78B8C328,16.14,queries/Functions/09-13_text_search/strip.sql,2,3,10.181186,5.903,9968.819,0.206464,0.011024,0.019881,7168,283,112576,0,0,0,0,2,1,6001215,12002430,6001325,384077760,0,2,lineitem,0,261.542907714843750000,242.478271484375000000,,
2026-07-29T13:36:54Z,314830FE78B8C328,16.14,queries/Functions/09-13_text_search/strip.sql,3,3,10.088921,5.835,9875.616,0.207470,0.011207,0.020570,7168,283,112576,0,0,0,0,2,1,6001215,12002430,6001325,384077760,0,2,lineitem,0,256.973571777343750000,238.080200195312500000,,
2026-07-29T13:36:58Z,314830FE78B8C328,16.14,queries/Functions/09-13_text_search/to_tsquery.sql,1,3,1.030415,17.661,810.447,0.202307,0.007221,0.023265,7168,0,9478,0,0,0,0,1,1,6001215,6001215,6001325,192038880,0,0,lineitem,0,8.101989746093750000,6.214416503906250000,,
2026-07-29T13:37:02Z,314830FE78B8C328,16.14,queries/Functions/09-13_text_search/to_tsquery.sql,2,3,1.004197,17.692,800.079,0.186426,0.005216,0.015274,7168,0,9478,0,0,0,0,1,1,6001215,6001215,6001325,192038880,0,0,lineitem,0,8.040954589843750000,6.216857910156250000,,
2026-07-29T13:37:06Z,314830FE78B8C328,16.14,queries/Functions/09-13_text_search/to_tsquery.sql,3,3,1.032984,21.975,801.168,0.209841,0.015297,0.019924,7168,0,9478,0,0,0,0,1,1,6001215,6001215,6001325,192038880,0,0,lineitem,0,7.861328125000000000,5.983825683593750000,,
2026-07-29T13:37:18Z,314830FE78B8C328,16.14,queries/Functions/09-13_text_search/to_tsvector.sql,1,3,9.548096,5.511,9335.793,0.206792,0.016399,0.017054,7168,283,112576,0,0,0,0,2,1,6001215,12002430,6001325,384077760,0,2,lineitem,0,270.948730468750000000,253.155029296875000000,,
2026-07-29T13:37:31Z,314830FE78B8C328,16.14,queries/Functions/09-13_text_search/to_tsvector.sql,2,3,9.607225,5.357,9399.500,0.202368,0.012043,0.020668,7168,283,112576,0,0,0,0,2,1,6001215,12002430,6001325,384077760,0,2,lineitem,0,261.220581054687500000,243.253784179687500000,,
2026-07-29T13:37:43Z,314830FE78B8C328,16.14,queries/Functions/09-13_text_search/to_tsvector.sql,3,3,9.674342,5.180,9493.299,0.175863,0.010912,0.015536,7168,283,112576,0,0,0,0,2,1,6001215,12002430,6001325,384077760,0,2,lineitem,0,255.220825195312500000,237.084411621093750000,,
2026-07-29T13:37:53Z,314830FE78B8C328,16.14,queries/Functions/09-13_text_search/to_tsvector_simple.sql,1,3,7.105065,5.655,6890.553,0.208857,0.015518,0.015774,7168,267,112574,0,0,0,0,2,1,6001215,12002430,6001325,384077760,0,2,lineitem,0,180.716247558593750000,167.421020507812500000,,
2026-07-29T13:38:03Z,314830FE78B8C328,16.14,queries/Functions/09-13_text_search/to_tsvector_simple.sql,2,3,7.018601,5.562,6806.476,0.206563,0.012917,0.018400,7168,267,112574,0,0,0,0,2,1,6001215,12002430,6001325,384077760,0,2,lineitem,0,180.585266113281250000,167.442565917968750000,,
2026-07-29T13:38:13Z,314830FE78B8C328,16.14,queries/Functions/09-13_text_search/to_tsvector_simple.sql,3,3,6.969226,5.341,6760.259,0.203626,0.010342,0.020509,7168,267,112574,0,0,0,0,2,1,6001215,12002430,6001325,384077760,0,2,lineitem,0,181.048583984375000000,167.993347167968750000,,
2026-07-29T13:38:26Z,314830FE78B8C328,16.14,queries/Functions/09-13_text_search/ts_headline.sql,1,3,10.073783,15.955,9848.890,0.208938,0.008826,0.023040,7168,276,112561,0,0,0,0,2,1,6001215,12002430,6001325,384077760,0,2,lineitem,0,262.995727539062500000,244.157104492187500000,,
2026-07-29T13:38:39Z,314830FE78B8C328,16.14,queries/Functions/09-13_text_search/ts_headline.sql,2,3,10.032979,135.746,9788.427,0.108806,0.002056,0.011463,7040,276,112561,0,0,0,0,2,1,6001215,12002430,6001325,384077760,0,2,lineitem,0,259.848388671875000000,241.073974609375000000,,
2026-07-29T13:38:52Z,314830FE78B8C328,16.14,queries/Functions/09-13_text_search/ts_headline.sql,3,3,10.129965,15.856,9923.177,0.190932,0.009806,0.021241,7168,276,112561,0,0,0,0,2,1,6001215,12002430,6001325,384077760,0,2,lineitem,0,260.868347167968750000,241.916442871093750000,,
2026-07-29T13:39:05Z,314830FE78B8C328,16.14,queries/Functions/09-13_text_search/ts_rank.sql,1,3,9.919728,15.854,9697.078,0.206796,0.009509,0.021789,7168,276,112561,0,0,0,0,2,1,6001215,12002430,6001325,48009720,0,2,lineitem,0,254.026794433593750000,235.483154296875000000,,
2026-07-29T13:39:18Z,314830FE78B8C328,16.14,queries/Functions/09-13_text_search/ts_rank.sql,2,3,10.171197,15.232,9948.394,0.207571,0.014973,0.017333,7168,276,112561,0,0,0,0,2,1,6001215,12002430,6001325,48009720,0,2,lineitem,0,258.487121582031250000,239.461242675781250000,,
2026-07-29T13:39:30Z,314830FE78B8C328,16.14,queries/Functions/09-13_text_search/ts_rank.sql,3,3,9.908032,15.473,9685.287,0.207272,0.011143,0.020557,7168,276,112561,0,0,0,0,2,1,6001215,12002430,6001325,48009720,0,2,lineitem,0,251.241577148437500000,232.742004394531250000,,
2026-07-29T13:39:46Z,314830FE78B8C328,16.14,queries/Functions/09-13_text_search/websearch_to_tsquery.sql,1,3,12.508135,5.631,12296.616,0.205888,0.013141,0.017872,7168,284,112575,0,0,0,0,2,1,6001215,12002430,6001325,384077760,0,2,lineitem,0,317.182312011718750000,293.845947265625000000,,
2026-07-29T13:40:01Z,314830FE78B8C328,16.14,queries/Functions/09-13_text_search/websearch_to_tsquery.sql,2,3,12.626755,5.837,12420.184,0.200734,0.014753,0.018390,7168,284,112575,0,0,0,0,2,1,6001215,12002430,6001325,384077760,0,2,lineitem,0,319.566345214843750000,295.941101074218750000,,
2026-07-29T13:40:16Z,314830FE78B8C328,16.14,queries/Functions/09-13_text_search/websearch_to_tsquery.sql,3,3,12.461882,6.462,12250.737,0.204683,0.011135,0.020447,7168,284,112575,0,0,0,0,2,1,6001215,12002430,6001325,384077760,0,2,lineitem,0,312.850463867187500000,289.569641113281250000,,
2026-07-29T13:40:30Z,314830FE78B8C328,16.14,queries/Functions/09-14_uuid/gen_random_uuid.sql,1,3,10.290487,7.141,10087.581,0.195765,0.008785,0.022141,7168,0,9478,0,0,0,0,1,1,6001215,6001215,6001325,96019440,0,0,lineitem,0,120.964111328125000000,105.325317382812500000,,
2026-07-29T13:40:43Z,314830FE78B8C328,16.14,queries/Functions/09-14_uuid/gen_random_uuid.sql,2,3,10.422925,7.047,10210.293,0.205585,0.010045,0.020397,7168,0,9478,0,0,0,0,1,1,6001215,6001215,6001325,96019440,0,0,lineitem,0,117.312927246093750000,101.685729980468750000,,
2026-07-29T13:40:56Z,314830FE78B8C328,16.14,queries/Functions/09-14_uuid/gen_random_uuid.sql,3,3,10.427558,5.651,10214.734,0.207173,0.009254,0.022422,7168,0,9478,0,0,0,0,1,1,6001215,6001215,6001325,96019440,0,0,lineitem,0,117.806274414062500000,102.327209472656250000,,
2026-07-29T13:41:08Z,314830FE78B8C328,16.14,queries/Functions/09-14_uuid/uuid_from_md5.sql,1,3,8.874420,6.278,8683.041,0.185101,0.003780,0.015935,7168,0,112561,0,0,0,0,1,1,6001215,6001215,6001325,96019440,0,0,lineitem,0,106.610046386718750000,90.471862792968750000,,
2026-07-29T13:41:20Z,314830FE78B8C328,16.14,queries/Functions/09-14_uuid/uuid_from_md5.sql,2,3,9.059521,6.123,8846.494,0.206904,0.009601,0.023063,7168,0,112561,0,0,0,0,1,1,6001215,6001215,6001325,96019440,0,0,lineitem,0,107.970825195312500000,91.511657714843750000,,
2026-07-29T13:41:31Z,314830FE78B8C328,16.14,queries/Functions/09-14_uuid/uuid_from_md5.sql,3,3,8.881207,6.426,8664.757,0.210024,0.009932,0.022453,7168,0,112561,0,0,0,0,1,1,6001215,6001215,6001325,96019440,0,0,lineitem,0,105.924438476562500000,89.805053710937500000,,
2026-07-29T13:41:45Z,314830FE78B8C328,16.14,queries/Functions/09-14_uuid/uuid_to_text.sql,1,3,10.974546,8.454,10760.009,0.206083,0.009382,0.021369,7168,0,9478,0,0,0,0,1,1,6001215,6001215,6001325,192038880,0,0,lineitem,0,122.890625000000000000,107.048828125000000000,,
2026-07-29T13:41:59Z,314830FE78B8C328,16.14,queries/Functions/09-14_uuid/uuid_to_text.sql,2,3,11.042170,7.386,10829.642,0.205142,0.005891,0.025117,7168,0,9478,0,0,0,0,1,1,6001215,6001215,6001325,192038880,0,0,lineitem,0,122.570983886718750000,106.712585449218750000,,
2026-07-29T13:42:13Z,314830FE78B8C328,16.14,queries/Functions/09-14_uuid/uuid_to_text.sql,3,3,10.889011,8.265,10678.952,0.201794,0.010631,0.020694,7168,0,9478,0,0,0,0,1,1,6001215,6001215,6001325,192038880,0,0,lineitem,0,122.846557617187500000,107.127319335937500000,,
2026-07-29T13:42:35Z,314830FE78B8C328,16.14,queries/Functions/09-15_xml/xml_is_well_formed.sql,1,3,19.661270,5.792,19454.727,0.200751,0.015926,0.015788,7168,2,112562,0,0,0,0,1,1,6001215,6001215,6001325,6001215,0,0,lineitem,0,250.884033203125000000,215.226684570312500000,,
2026-07-29T13:42:58Z,314830FE78B8C328,16.14,queries/Functions/09-15_xml/xml_is_well_formed.sql,2,3,20.354087,4.893,20139.128,0.210066,0.008850,0.024516,7168,2,112562,0,0,0,0,1,1,6001215,6001215,6001325,6001215,0,0,lineitem,0,257.281921386718750000,220.405273437500000000,,
2026-07-29T13:43:21Z,314830FE78B8C328,16.14,queries/Functions/09-15_xml/xml_is_well_formed.sql,3,3,20.107123,5.308,19893.825,0.207990,0.007452,0.023932,7168,2,112562,0,0,0,0,1,1,6001215,6001215,6001325,6001215,0,0,lineitem,0,255.191833496093750000,218.739746093750000000,,
2026-07-29T13:43:32Z,314830FE78B8C328,16.14,queries/Functions/09-15_xml/xml_to_text.sql,1,3,7.960897,5.881,7750.792,0.204224,0.008427,0.022498,7168,2,112562,0,0,0,0,1,1,6001215,6001215,6001325,192038880,0,0,lineitem,0,98.586608886718750000,84.055847167968750000,,
2026-07-29T13:43:43Z,314830FE78B8C328,16.14,queries/Functions/09-15_xml/xml_to_text.sql,2,3,7.951863,5.992,7737.723,0.208148,0.005885,0.026208,7168,2,112562,0,0,0,0,1,1,6001215,6001215,6001325,192038880,0,0,lineitem,0,96.900634765625000000,82.405151367187500000,,
2026-07-29T13:43:54Z,314830FE78B8C328,16.14,queries/Functions/09-15_xml/xml_to_text.sql,3,3,8.291471,5.886,8081.694,0.203891,0.011420,0.020531,7168,2,112562,0,0,0,0,1,1,6001215,6001215,6001325,192038880,0,0,lineitem,0,101.038879394531250000,85.927734375000000000,,
2026-07-29T13:44:01Z,314830FE78B8C328,16.14,queries/Functions/09-15_xml/xmlcomment.sql,1,3,4.249582,5.882,4033.917,0.209783,0.011981,0.020599,7168,0,112561,0,0,0,0,1,1,6001215,6001215,6001325,192038880,0,0,lineitem,0,48.485534667968750000,40.698791503906250000,,
2026-07-29T13:44:08Z,314830FE78B8C328,16.14,queries/Functions/09-15_xml/xmlcomment.sql,2,3,4.234901,5.593,4021.688,0.207620,0.007511,0.025382,7168,0,112561,0,0,0,0,1,1,6001215,6001215,6001325,192038880,0,0,lineitem,0,48.641296386718750000,40.882751464843750000,,
2026-07-29T13:44:16Z,314830FE78B8C328,16.14,queries/Functions/09-15_xml/xmlcomment.sql,3,3,4.531853,5.939,4345.710,0.180204,0.008742,0.022512,7168,0,112561,0,0,0,0,1,1,6001215,6001215,6001325,192038880,0,0,lineitem,0,51.161621093750000000,42.831481933593750000,,
2026-07-29T13:44:34Z,314830FE78B8C328,16.14,queries/Functions/09-15_xml/xmlconcat.sql,1,3,14.982369,5.767,14803.945,0.172657,0.012900,0.018872,7168,5,112562,0,0,0,0,1,1,6001215,6001215,6001325,192038880,0,0,lineitem,0,187.241882324218750000,160.044433593750000000,,
2026-07-29T13:44:50Z,314830FE78B8C328,16.14,queries/Functions/09-15_xml/xmlconcat.sql,2,3,13.610588,6.334,13433.182,0.171072,0.007569,0.003590,7168,5,112562,0,0,0,0,1,1,6001215,6001215,6001325,192038880,0,0,lineitem,0,171.752746582031250000,147.017456054687500000,,
2026-07-29T13:45:07Z,314830FE78B8C328,16.14,queries/Functions/09-15_xml/xmlconcat.sql,3,3,14.482926,4.073,14277.267,0.201586,0.010737,0.021250,7168,5,112562,0,0,0,0,1,1,6001215,6001215,6001325,192038880,0,0,lineitem,0,184.567504882812500000,158.252319335937500000,,
2026-07-29T13:45:18Z,314830FE78B8C328,16.14,queries/Functions/09-15_xml/xmlelement.sql,1,3,8.217293,6.269,8008.076,0.202948,0.011430,0.020077,7168,2,112562,0,0,0,0,1,1,6001215,6001215,6001325,192038880,0,0,lineitem,0,100.038574218750000000,85.062866210937500000,,
2026-07-29T13:45:30Z,314830FE78B8C328,16.14,queries/Functions/09-15_xml/xmlelement.sql,2,3,8.156340,6.294,7976.771,0.173275,0.010513,0.018823,7168,2,112562,0,0,0,0,1,1,6001215,6001215,6001325,192038880,0,0,lineitem,0,99.243591308593750000,84.358764648437500000,,
2026-07-29T13:45:41Z,314830FE78B8C328,16.14,queries/Functions/09-15_xml/xmlelement.sql,3,3,8.212262,5.961,8004.201,0.202100,0.004979,0.026527,7168,2,112562,0,0,0,0,1,1,6001215,6001215,6001325,192038880,0,0,lineitem,0,100.192077636718750000,85.221679687500000000,,
2026-07-29T13:45:53Z,314830FE78B8C328,16.14,queries/Functions/09-15_xml/xmlelement_attrs.sql,1,3,9.410299,5.946,9201.384,0.202969,0.012517,0.020591,7168,5,112562,0,0,0,0,1,1,6001215,6001215,6001325,192038880,0,0,lineitem,0,115.527526855468750000,98.378784179687500000,,
2026-07-29T13:46:05Z,314830FE78B8C328,16.14,queries/Functions/09-15_xml/xmlelement_attrs.sql,2,3,9.292972,6.673,9084.007,0.202292,0.010377,0.020838,7168,5,112562,0,0,0,0,1,1,6001215,6001215,6001325,192038880,0,0,lineitem,0,114.505554199218750000,97.563842773437500000,,
2026-07-29T13:46:17Z,314830FE78B8C328,16.14,queries/Functions/09-15_xml/xmlelement_attrs.sql,3,3,9.170230,5.460,8961.537,0.203233,0.008060,0.023669,7168,5,112562,0,0,0,0,1,1,6001215,6001215,6001325,192038880,0,0,lineitem,0,112.933776855468750000,96.206176757812500000,,
2026-07-29T13:46:25Z,314830FE78B8C328,16.14,queries/Functions/09-15_xml/xmlforest.sql,1,3,5.324164,6.322,5114.663,0.203179,0.011161,0.019893,7168,5,112562,0,0,0,0,1,1,6001215,6001215,6001325,192038880,0,0,lineitem,0,62.306213378906250000,52.572875976562500000,,
2026-07-29T13:46:33Z,314830FE78B8C328,16.14,queries/Functions/09-15_xml/xmlforest.sql,2,3,5.312533,6.348,5103.004,0.203181,0.012526,0.019289,7168,5,112562,0,0,0,0,1,1,6001215,6001215,6001325,192038880,0,0,lineitem,0,62.057556152343750000,52.324584960937500000,,
2026-07-29T13:46:41Z,314830FE78B8C328,16.14,queries/Functions/09-15_xml/xmlforest.sql,3,3,5.285332,6.086,5075.754,0.203492,0.008617,0.022329,7168,5,112562,0,0,0,0,1,1,6001215,6001215,6001325,192038880,0,0,lineitem,0,61.289733886718750000,51.607055664062500000,,
2026-07-29T13:46:47Z,314830FE78B8C328,16.14,queries/Functions/09-15_xml/xmlpi.sql,1,3,2.832798,6.100,2647.549,0.179149,0.011437,0.020878,7168,0,112561,0,0,0,0,1,1,6001215,6001215,6001325,192038880,0,0,lineitem,0,29.382446289062500000,24.128479003906250000,,
2026-07-29T13:46:53Z,314830FE78B8C328,16.14,queries/Functions/09-15_xml/xmlpi.sql,2,3,2.709140,5.056,2526.675,0.177409,0.015481,0.017068,7168,0,112561,0,0,0,0,1,1,6001215,6001215,6001325,192038880,0,0,lineitem,0,28.736328125000000000,23.704406738281250000,,
2026-07-29T13:46:58Z,314830FE78B8C328,16.14,queries/Functions/09-15_xml/xmlpi.sql,3,3,2.775524,5.993,2558.005,0.211526,0.017550,0.017376,7168,0,112561,0,0,0,0,1,1,6001215,6001215,6001325,192038880,0,0,lineitem,0,28.876770019531250000,23.753479003906250000,,
2026-07-29T13:47:52Z,314830FE78B8C328,16.14,queries/Functions/09-15_xml/xpath.sql,1,3,50.655473,6.604,50439.567,0.209302,0.013644,0.019135,7168,2,112562,0,0,0,0,1,1,6001215,6001215,6001325,192038880,0,0,lineitem,0,621.726257324218750000,529.975341796875000000,,
2026-07-29T13:48:47Z,314830FE78B8C328,16.14,queries/Functions/09-15_xml/xpath.sql,2,3,51.924664,5.806,51716.721,0.202137,0.011483,0.019682,7168,2,112562,0,0,0,0,1,1,6001215,6001215,6001325,192038880,0,0,lineitem,0,643.645935058593750000,549.242187500000000000,,
2026-07-29T13:49:39Z,314830FE78B8C328,16.14,queries/Functions/09-15_xml/xpath.sql,3,3,49.802534,5.799,49589.271,0.207464,0.010477,0.020954,7168,2,112562,0,0,0,0,1,1,6001215,6001215,6001325,192038880,0,0,lineitem,0,625.038269042968750000,533.964660644531250000,,
2026-07-29T13:49:51Z,314830FE78B8C328,16.14,queries/Functions/09-16_json/arrow_object.sql,1,3,8.305303,5.802,8095.537,0.203964,0.008934,0.021992,7168,3,112561,0,0,0,0,1,1,6001215,6001215,6001325,192038880,0,0,lineitem,0,102.918273925781250000,87.796325683593750000,,
2026-07-29T13:50:02Z,314830FE78B8C328,16.14,queries/Functions/09-16_json/arrow_object.sql,2,3,8.280939,5.402,8147.611,0.127926,0.006795,0.010001,7168,3,112561,0,0,0,0,1,1,6001215,6001215,6001325,192038880,0,0,lineitem,0,103.731750488281250000,88.632751464843750000,,
2026-07-29T13:50:13Z,314830FE78B8C328,16.14,queries/Functions/09-16_json/arrow_object.sql,3,3,8.287019,5.218,8088.189,0.193612,0.007731,0.024875,7168,3,112561,0,0,0,0,1,1,6001215,6001215,6001325,192038880,0,0,lineitem,0,103.136718750000000000,88.025390625000000000,,
2026-07-29T13:50:24Z,314830FE78B8C328,16.14,queries/Functions/09-16_json/arrow_text.sql,1,3,7.879257,5.631,7690.722,0.182904,0.005980,0.013909,7168,3,112561,0,0,0,0,1,1,6001215,6001215,6001325,192038880,0,0,lineitem,0,97.688659667968750000,83.289855957031250000,,
2026-07-29T13:50:34Z,314830FE78B8C328,16.14,queries/Functions/09-16_json/arrow_text.sql,2,3,7.854329,5.616,7667.564,0.181149,0.011275,0.020020,7168,3,112561,0,0,0,0,1,1,6001215,6001215,6001325,192038880,0,0,lineitem,0,96.587707519531250000,82.240905761718750000,,
2026-07-29T13:50:45Z,314830FE78B8C328,16.14,queries/Functions/09-16_json/arrow_text.sql,3,3,7.961391,5.114,7752.037,0.204240,0.013929,0.017929,7168,3,112561,0,0,0,0,1,1,6001215,6001215,6001325,192038880,0,0,lineitem,0,98.098388671875000000,83.586547851562500000,,
2026-07-29T13:50:56Z,314830FE78B8C328,16.14,queries/Functions/09-16_json/contains.sql,1,3,8.329461,5.512,8116.561,0.207388,0.009984,0.020228,7168,6,112561,0,0,0,0,1,1,6001215,6001215,6001325,6001215,0,0,lineitem,0,102.005554199218750000,86.832397460937500000,,
2026-07-29T13:51:08Z,314830FE78B8C328,16.14,queries/Functions/09-16_json/contains.sql,2,3,8.538992,5.758,8324.969,0.208265,0.007564,0.023301,7168,6,112561,0,0,0,0,1,1,6001215,6001215,6001325,6001215,0,0,lineitem,0,-262039.750122070312500000,88.700439453125000000,,
2026-07-29T13:51:19Z,314830FE78B8C328,16.14,queries/Functions/09-16_json/contains.sql,3,3,8.349548,5.112,8137.138,0.207298,0.009380,0.022258,7168,6,112561,0,0,0,0,1,1,6001215,6001215,6001325,6001215,0,0,lineitem,0,101.908874511718750000,86.709167480468750000,,
2026-07-29T13:51:27Z,314830FE78B8C328,16.14,queries/Functions/09-16_json/json_build_array.sql,1,3,4.837805,6.002,4670.706,0.161097,0.004406,0.014745,7168,5,112562,0,0,0,0,1,1,6001215,6001215,6001325,192038880,0,0,lineitem,0,55.697509765625000000,46.820190429687500000,,
2026-07-29T13:51:35Z,314830FE78B8C328,16.14,queries/Functions/09-16_json/json_build_array.sql,2,3,4.981219,5.702,4771.223,0.204294,0.014517,0.017647,7168,5,112562,0,0,0,0,1,1,6001215,6001215,6001325,192038880,0,0,lineitem,0,56.278503417968750000,47.185058593750000000,,
2026-07-29T13:51:42Z,314830FE78B8C328,16.14,queries/Functions/09-16_json/json_build_array.sql,3,3,4.794936,6.337,4682.294,0.106305,0.006771,0.006390,7168,5,112562,0,0,0,0,1,1,6001215,6001215,6001325,192038880,0,0,lineitem,0,55.438415527343750000,46.634155273437500000,,
2026-07-29T13:51:52Z,314830FE78B8C328,16.14,queries/Functions/09-16_json/json_build_object.sql,1,3,7.102565,5.272,6894.094,0.203199,0.010832,0.022160,7168,5,112562,0,0,0,0,1,1,6001215,6001215,6001325,192038880,0,0,lineitem,0,84.581298828125000000,71.632263183593750000,,
2026-07-29T13:52:02Z,314830FE78B8C328,16.14,queries/Functions/09-16_json/json_build_object.sql,2,3,6.990231,6.066,6780.178,0.203987,0.008809,0.022712,7168,5,112562,0,0,0,0,1,1,6001215,6001215,6001325,192038880,0,0,lineitem,0,82.887878417968750000,70.159179687500000000,,
2026-07-29T13:52:12Z,314830FE78B8C328,16.14,queries/Functions/09-16_json/json_build_object.sql,3,3,7.005901,5.873,6795.113,0.204915,0.011429,0.021190,7168,5,112562,0,0,0,0,1,1,6001215,6001215,6001325,192038880,0,0,lineitem,0,83.119018554687500000,70.356872558593750000,,
2026-07-29T13:52:20Z,314830FE78B8C328,16.14,queries/Functions/09-16_json/jsonb_array_length.sql,1,3,5.303170,6.008,5090.690,0.206472,0.009286,0.023213,7168,3,112561,0,0,0,0,1,1,6001215,6001215,6001325,24004860,0,0,lineitem,0,61.415893554687500000,51.720031738281250000,,
2026-07-29T13:52:29Z,314830FE78B8C328,16.14,queries/Functions/09-16_json/jsonb_array_length.sql,2,3,5.530055,6.249,5322.780,0.201026,0.011662,0.020469,7168,3,112561,0,0,0,0,1,1,6001215,6001215,6001325,24004860,0,0,lineitem,0,64.543395996093750000,54.424682617187500000,,
2026-07-29T13:52:37Z,314830FE78B8C328,16.14,queries/Functions/09-16_json/jsonb_array_length.sql,3,3,5.247985,5.674,5036.047,0.206264,0.006229,0.026753,7168,3,112561,0,0,0,0,1,1,6001215,6001215,6001325,24004860,0,0,lineitem,0,60.988098144531250000,51.391845703125000000,,
2026-07-29T13:52:45Z,314830FE78B8C328,16.14,queries/Functions/09-16_json/jsonb_build_array.sql,1,3,5.087142,5.427,4980.317,0.101398,0.004871,0.009011,7168,6,112561,0,0,0,0,1,1,6001215,6001215,6001325,192038880,0,0,lineitem,0,60.465087890625000000,51.132873535156250000,,
2026-07-29T13:52:53Z,314830FE78B8C328,16.14,queries/Functions/09-16_json/jsonb_build_array.sql,2,3,5.188102,5.860,4978.770,0.203472,0.007239,0.023333,7168,6,112561,0,0,0,0,1,1,6001215,6001215,6001325,192038880,0,0,lineitem,0,60.071411132812500000,50.592407226562500000,,
2026-07-29T13:53:01Z,314830FE78B8C328,16.14,queries/Functions/09-16_json/jsonb_build_array.sql,3,3,5.193984,6.179,4982.039,0.205766,0.010780,0.022341,7168,6,112561,0,0,0,0,1,1,6001215,6001215,6001325,192038880,0,0,lineitem,0,60.194885253906250000,50.702270507812500000,,
2026-07-29T13:53:11Z,314830FE78B8C328,16.14,queries/Functions/09-16_json/jsonb_build_object.sql,1,3,7.703309,5.800,7487.914,0.209595,0.010616,0.023148,7168,6,112561,0,0,0,0,1,1,6001215,6001215,6001325,192038880,0,0,lineitem,0,93.034423828125000000,78.994812011718750000,,
2026-07-29T13:53:22Z,314830FE78B8C328,16.14,queries/Functions/09-16_json/jsonb_build_object.sql,2,3,7.713803,5.890,7528.888,0.179025,0.012754,0.018998,7168,6,112561,0,0,0,0,1,1,6001215,6001215,6001325,192038880,0,0,lineitem,0,93.320312500000000000,79.239501953125000000,,
2026-07-29T13:53:33Z,314830FE78B8C328,16.14,queries/Functions/09-16_json/jsonb_build_object.sql,3,3,7.668030,6.538,7463.558,0.197934,0.014178,0.016884,7168,6,112561,0,0,0,0,1,1,6001215,6001215,6001325,192038880,0,0,lineitem,0,92.926330566406250000,78.963439941406250000,,
2026-07-29T13:53:42Z,314830FE78B8C328,16.14,queries/Functions/09-16_json/jsonb_insert.sql,1,3,6.527737,6.929,6312.210,0.208598,0.008477,0.022828,7168,0,9478,0,0,0,0,1,1,6001215,6001215,6001325,192038880,0,0,lineitem,0,78.151611328125000000,66.403381347656250000,,
2026-07-29T13:53:51Z,314830FE78B8C328,16.14,queries/Functions/09-16_json/jsonb_insert.sql,2,3,6.478437,7.343,6262.417,0.208677,0.008134,0.025437,7168,0,9478,0,0,0,0,1,1,6001215,6001215,6001325,192038880,0,0,lineitem,0,78.023193359375000000,66.355773925781250000,,
2026-07-29T13:54:00Z,314830FE78B8C328,16.14,queries/Functions/09-16_json/jsonb_insert.sql,3,3,6.587417,7.627,6385.594,0.194196,0.011113,0.019802,7168,0,9478,0,0,0,0,1,1,6001215,6001215,6001325,192038880,0,0,lineitem,0,78.212707519531250000,66.351074218750000000,,
2026-07-29T13:54:19Z,314830FE78B8C328,16.14,queries/Functions/09-16_json/jsonb_object_keys_arr.sql,1,3,15.971932,5.709,15754.260,0.211963,0.008558,0.022986,7168,6,112561,0,0,0,0,3,2,6001215,24004860,6001325,768155520,0,0,lineitem;jsonb_object_keys,0,202.615661621093750000,173.715209960937500000,,
2026-07-29T13:54:38Z,314830FE78B8C328,16.14,queries/Functions/09-16_json/jsonb_object_keys_arr.sql,2,3,15.922832,5.988,15705.691,0.211153,0.006761,0.024991,7168,6,112561,0,0,0,0,3,2,6001215,24004860,6001325,768155520,0,0,lineitem;jsonb_object_keys,0,203.546325683593750000,174.703552246093750000,,
2026-07-29T13:54:57Z,314830FE78B8C328,16.14,queries/Functions/09-16_json/jsonb_object_keys_arr.sql,3,3,15.635145,6.023,15421.952,0.207170,0.012928,0.018279,7168,6,112561,0,0,0,0,3,2,6001215,24004860,6001325,768155520,0,0,lineitem;jsonb_object_keys,0,201.397827148437500000,173.045227050781250000,,
2026-07-29T13:55:04Z,314830FE78B8C328,16.14,queries/Functions/09-16_json/jsonb_path_exists.sql,1,3,4.833294,7.927,4620.351,0.205016,0.010769,0.021181,7168,0,9478,0,0,0,0,1,1,6001215,6001215,6001325,6001215,0,0,lineitem,0,56.820617675781250000,48.114929199218750000,,
2026-07-29T13:55:12Z,314830FE78B8C328,16.14,queries/Functions/09-16_json/jsonb_path_exists.sql,2,3,4.884994,8.075,4671.762,0.205157,0.007516,0.024420,7168,0,9478,0,0,0,0,1,1,6001215,6001215,6001325,6001215,0,0,lineitem,0,56.588928222656250000,47.795959472656250000,,
2026-07-29T13:55:19Z,314830FE78B8C328,16.14,queries/Functions/09-16_json/jsonb_path_exists.sql,3,3,4.772826,7.661,4557.858,0.207307,0.009344,0.023393,7168,0,9478,0,0,0,0,1,1,6001215,6001215,6001325,6001215,0,0,lineitem,0,55.397094726562500000,46.798645019531250000,,
2026-07-29T13:55:27Z,314830FE78B8C328,16.14,queries/Functions/09-16_json/jsonb_path_query.sql,1,3,5.238362,7.851,5067.072,0.163439,0.004527,0.014015,7168,0,9478,0,0,0,0,1,1,6001215,6001215,6001325,192038880,0,0,lineitem,0,61.929992675781250000,52.466369628906250000,,
2026-07-29T13:55:35Z,314830FE78B8C328,16.14,queries/Functions/09-16_json/jsonb_path_query.sql,2,3,5.276764,8.324,5062.589,0.205851,0.007620,0.025125,7168,0,9478,0,0,0,0,1,1,6001215,6001215,6001325,192038880,0,0,lineitem,0,61.743896484375000000,52.250488281250000000,,
2026-07-29T13:55:44Z,314830FE78B8C328,16.14,queries/Functions/09-16_json/jsonb_path_query.sql,3,3,5.363365,7.817,5190.787,0.164761,0.005935,0.013782,7168,0,9478,0,0,0,0,1,1,6001215,6001215,6001325,192038880,0,0,lineitem,0,63.727111816406250000,54.051940917968750000,,
2026-07-29T13:55:52Z,314830FE78B8C328,16.14,queries/Functions/09-16_json/jsonb_path_query_array.sql,1,3,5.362434,8.287,5151.010,0.203137,0.012079,0.018886,7168,0,9478,0,0,0,0,1,1,6001215,6001215,6001325,192038880,0,0,lineitem,0,63.028991699218750000,53.362854003906250000,,
2026-07-29T13:56:00Z,314830FE78B8C328,16.14,queries/Functions/09-16_json/jsonb_path_query_array.sql,2,3,5.323609,7.996,5106.869,0.208744,0.011417,0.019959,7168,0,9478,0,0,0,0,1,1,6001215,6001215,6001325,192038880,0,0,lineitem,0,62.489562988281250000,52.888000488281250000,,
2026-07-29T13:56:08Z,314830FE78B8C328,16.14,queries/Functions/09-16_json/jsonb_path_query_array.sql,3,3,5.256650,7.945,5042.136,0.206569,0.012912,0.019122,7168,0,9478,0,0,0,0,1,1,6001215,6001215,6001325,192038880,0,0,lineitem,0,61.733764648437500000,52.260253906250000000,,
2026-07-29T13:56:20Z,314830FE78B8C328,16.14,queries/Functions/09-16_json/jsonb_pretty.sql,1,3,9.935645,5.856,9749.610,0.180179,0.005672,0.012960,7168,6,112561,0,0,0,0,1,1,6001215,6001215,6001325,192038880,0,0,lineitem,0,122.330200195312500000,104.250061035156250000,,
2026-07-29T13:56:33Z,314830FE78B8C328,16.14,queries/Functions/09-16_json/jsonb_pretty.sql,2,3,9.975657,6.049,9764.300,0.205308,0.008647,0.022566,7168,6,112561,0,0,0,0,1,1,6001215,6001215,6001325,192038880,0,0,lineitem,0,123.194641113281250000,105.035339355468750000,,
2026-07-29T13:56:46Z,314830FE78B8C328,16.14,queries/Functions/09-16_json/jsonb_pretty.sql,3,3,9.918092,5.357,9707.209,0.205526,0.007836,0.023156,7168,6,112561,0,0,0,0,1,1,6001215,6001215,6001325,192038880,0,0,lineitem,0,121.874572753906250000,103.828247070312500000,,
2026-07-29T13:56:59Z,314830FE78B8C328,16.14,queries/Functions/09-16_json/jsonb_set.sql,1,3,9.796448,6.384,9581.358,0.208706,0.011272,0.020470,7168,6,112561,0,0,0,0,1,1,6001215,6001215,6001325,192038880,0,0,lineitem,0,120.664794921875000000,102.851135253906250000,,
2026-07-29T13:57:11Z,314830FE78B8C328,16.14,queries/Functions/09-16_json/jsonb_set.sql,2,3,9.748380,6.430,9562.662,0.179288,0.010323,0.020226,7168,6,112561,0,0,0,0,1,1,6001215,6001215,6001325,192038880,0,0,lineitem,0,120.438781738281250000,102.672607421875000000,,
2026-07-29T13:57:24Z,314830FE78B8C328,16.14,queries/Functions/09-16_json/jsonb_set.sql,3,3,9.734699,6.723,9520.221,0.207755,0.010361,0.021517,7168,6,112561,0,0,0,0,1,1,6001215,6001215,6001325,192038880,0,0,lineitem,0,120.145690917968750000,102.427673339843750000,,
2026-07-29T13:57:36Z,314830FE78B8C328,16.14,queries/Functions/09-16_json/jsonb_strip_nulls.sql,1,3,9.166452,5.126,8981.893,0.179433,0.009507,0.022679,7168,6,112561,0,0,0,0,1,1,6001215,6001215,6001325,192038880,0,0,lineitem,0,113.373229980468750000,96.669250488281250000,,
2026-07-29T13:57:48Z,314830FE78B8C328,16.14,queries/Functions/09-16_json/jsonb_strip_nulls.sql,2,3,9.199133,5.748,8987.177,0.206208,0.008922,0.022807,7168,6,112561,0,0,0,0,1,1,6001215,6001215,6001325,192038880,0,0,lineitem,0,112.729980468750000000,95.984924316406250000,,
2026-07-29T13:58:00Z,314830FE78B8C328,16.14,queries/Functions/09-16_json/jsonb_strip_nulls.sql,3,3,9.059264,5.883,8866.904,0.186477,0.007479,0.008272,7296,6,112561,0,0,0,0,1,1,6001215,6001215,6001325,192038880,0,0,lineitem,0,112.280456542968750000,95.782287597656250000,,
2026-07-29T13:58:13Z,314830FE78B8C328,16.14,queries/Functions/09-16_json/jsonb_to_text.sql,1,3,10.004128,7.254,9790.041,0.206833,0.015027,0.016645,7168,6,112561,0,0,0,0,1,1,6001215,6001215,6001325,192038880,0,0,lineitem,0,122.886596679687500000,104.675903320312500000,,
2026-07-29T13:58:26Z,314830FE78B8C328,16.14,queries/Functions/09-16_json/jsonb_to_text.sql,2,3,9.915348,6.908,9702.791,0.205649,0.008637,0.024343,7168,6,112561,0,0,0,0,1,1,6001215,6001215,6001325,192038880,0,0,lineitem,0,121.988586425781250000,103.931884765625000000,,
2026-07-29T13:58:38Z,314830FE78B8C328,16.14,queries/Functions/09-16_json/jsonb_to_text.sql,3,3,9.606232,7.066,9395.496,0.203670,0.014453,0.016553,7168,6,112561,0,0,0,0,1,1,6001215,6001215,6001325,192038880,0,0,lineitem,0,118.680908203125000000,101.226013183593750000,,
2026-07-29T13:58:45Z,314830FE78B8C328,16.14,queries/Functions/09-16_json/jsonb_typeof.sql,1,3,3.881827,5.984,3671.059,0.204784,0.008095,0.022689,7168,0,112561,0,0,0,0,1,1,6001215,6001215,6001325,192038880,0,0,lineitem,0,43.408996582031250000,36.285278320312500000,,
2026-07-29T13:58:52Z,314830FE78B8C328,16.14,queries/Functions/09-16_json/jsonb_typeof.sql,2,3,4.035854,5.820,3865.995,0.164039,0.005007,0.013952,7168,0,112561,0,0,0,0,1,1,6001215,6001215,6001325,192038880,0,0,lineitem,0,45.181213378906250000,37.744934082031250000,,
2026-07-29T13:58:59Z,314830FE78B8C328,16.14,queries/Functions/09-16_json/jsonb_typeof.sql,3,3,3.901961,5.447,3684.158,0.212356,0.014753,0.019015,7168,0,112561,0,0,0,0,1,1,6001215,6001215,6001325,192038880,0,0,lineitem,0,43.364440917968750000,36.209106445312500000,,
2026-07-29T13:59:07Z,314830FE78B8C328,16.14,queries/Functions/09-16_json/jsonpath_exists_op.sql,1,3,5.563077,6.296,5349.154,0.207627,0.011135,0.022301,7168,0,9478,0,0,0,0,1,1,6001215,6001215,6001325,6001215,0,0,lineitem,0,65.652648925781250000,55.634765625000000000,,
2026-07-29T13:59:15Z,314830FE78B8C328,16.14,queries/Functions/09-16_json/jsonpath_exists_op.sql,2,3,5.416054,6.478,5228.224,0.181352,0.009244,0.020904,7168,0,9478,0,0,0,0,1,1,6001215,6001215,6001325,6001215,0,0,lineitem,0,64.191162109375000000,54.402038574218750000,,
2026-07-29T13:59:24Z,314830FE78B8C328,16.14,queries/Functions/09-16_json/jsonpath_exists_op.sql,3,3,5.411890,7.049,5223.532,0.181309,0.009895,0.022922,7168,0,9478,0,0,0,0,1,1,6001215,6001215,6001325,6001215,0,0,lineitem,0,64.007385253906250000,54.231811523437500000,,
2026-07-29T13:59:32Z,314830FE78B8C328,16.14,queries/Functions/09-16_json/jsonpath_match_op.sql,1,3,5.569754,6.932,5352.909,0.209913,0.010632,0.021265,7168,0,9478,0,0,0,0,1,1,6001215,6001215,6001325,6001215,0,0,lineitem,0,65.891174316406250000,55.850341796875000000,,
2026-07-29T13:59:40Z,314830FE78B8C328,16.14,queries/Functions/09-16_json/jsonpath_match_op.sql,2,3,5.517293,6.673,5303.144,0.207476,0.011998,0.019871,7168,0,9478,0,0,0,0,1,1,6001215,6001215,6001325,6001215,0,0,lineitem,0,65.154052734375000000,55.211181640625000000,,
2026-07-29T13:59:48Z,314830FE78B8C328,16.14,queries/Functions/09-16_json/jsonpath_match_op.sql,3,3,5.357836,6.678,5141.842,0.209316,0.004945,0.027323,7168,0,9478,0,0,0,0,1,1,6001215,6001215,6001325,6001215,0,0,lineitem,0,62.884948730468750000,53.232910156250000000,,
2026-07-29T13:59:59Z,314830FE78B8C328,16.14,queries/Functions/09-16_json/key_exists.sql,1,3,7.837928,4.901,7652.039,0.180988,0.004271,0.014554,7168,6,112561,0,0,0,0,1,1,6001215,6001215,6001325,6001215,0,0,lineitem,0,95.695495605468750000,81.396972656250000000,,
2026-07-29T14:00:10Z,314830FE78B8C328,16.14,queries/Functions/09-16_json/key_exists.sql,2,3,7.866952,5.091,7663.391,0.198470,0.011604,0.021272,7168,6,112561,0,0,0,0,1,1,6001215,6001215,6001325,6001215,0,0,lineitem,0,95.976318359375000000,81.623229980468750000,,
2026-07-29T14:00:20Z,314830FE78B8C328,16.14,queries/Functions/09-16_json/key_exists.sql,3,3,7.854365,5.575,7637.847,0.210943,0.013230,0.019389,7168,6,112561,0,0,0,0,1,1,6001215,6001215,6001325,6001215,0,0,lineitem,0,96.309265136718750000,82.005615234375000000,,
2026-07-29T14:00:32Z,314830FE78B8C328,16.14,queries/Functions/09-16_json/path_extract.sql,1,3,8.881397,5.543,8665.756,0.210098,0.014372,0.017035,7168,6,112561,0,0,0,0,1,1,6001215,6001215,6001325,192038880,0,0,lineitem,0,108.428588867187500000,92.265136718750000000,,
2026-07-29T14:00:44Z,314830FE78B8C328,16.14,queries/Functions/09-16_json/path_extract.sql,2,3,8.647119,5.298,8432.740,0.209081,0.011468,0.020983,7168,6,112561,0,0,0,0,1,1,6001215,6001215,6001325,192038880,0,0,lineitem,0,106.129089355468750000,90.382019042968750000,,
2026-07-29T14:00:55Z,314830FE78B8C328,16.14,queries/Functions/09-16_json/path_extract.sql,3,3,8.701437,5.347,8486.980,0.209110,0.008123,0.023009,7168,6,112561,0,0,0,0,1,1,6001215,6001215,6001325,192038880,0,0,lineitem,0,106.566894531250000000,90.728820800781250000,,
2026-07-29T14:01:07Z,314830FE78B8C328,16.14,queries/Functions/09-16_json/path_extract_text.sql,1,3,8.482361,5.276,8271.394,0.205691,0.013524,0.018279,7168,6,112561,0,0,0,0,1,1,6001215,6001215,6001325,192038880,0,0,lineitem,0,103.373107910156250000,87.927917480468750000,,
2026-07-29T14:01:18Z,314830FE78B8C328,16.14,queries/Functions/09-16_json/path_extract_text.sql,2,3,8.297058,5.709,8096.518,0.194831,0.008952,0.008637,7168,6,112561,0,0,0,0,1,1,6001215,6001215,6001325,192038880,0,0,lineitem,0,102.271362304687500000,87.164123535156250000,,
2026-07-29T14:01:29Z,314830FE78B8C328,16.14,queries/Functions/09-16_json/path_extract_text.sql,3,3,8.467116,5.679,8249.627,0.211810,0.009815,0.021529,7168,6,112561,0,0,0,0,1,1,6001215,6001215,6001325,192038880,0,0,lineitem,0,103.250122070312500000,87.815124511718750000,,
2026-07-29T14:01:37Z,314830FE78B8C328,16.14,queries/Functions/09-16_json/row_to_json.sql,1,3,5.058182,6.260,4846.810,0.205112,0.008641,0.022761,7168,0,112561,0,0,0,0,1,1,6001215,6001215,6001325,192038880,0,0,lineitem,0,58.044982910156250000,48.794433593750000000,,
2026-07-29T14:01:45Z,314830FE78B8C328,16.14,queries/Functions/09-16_json/row_to_json.sql,2,3,4.905887,6.126,4696.334,0.203427,0.009126,0.021936,7168,0,112561,0,0,0,0,1,1,6001215,6001215,6001325,192038880,0,0,lineitem,0,55.696044921875000000,46.700195312500000000,,
2026-07-29T14:01:53Z,314830FE78B8C328,16.14,queries/Functions/09-16_json/row_to_json.sql,3,3,4.958166,6.368,4749.048,0.202750,0.014442,0.014871,7168,0,112561,0,0,0,0,1,1,6001215,6001215,6001325,192038880,0,0,lineitem,0,57.046386718750000000,47.983581542968750000,,
2026-07-29T14:01:59Z,314830FE78B8C328,16.14,queries/Functions/09-16_json/to_json.sql,1,3,3.733892,6.123,3522.154,0.205615,0.013250,0.020755,7168,0,112561,0,0,0,0,1,1,6001215,6001215,6001325,192038880,0,0,lineitem,0,40.348388671875000000,33.490234375000000000,,
2026-07-29T14:02:06Z,314830FE78B8C328,16.14,queries/Functions/09-16_json/to_json.sql,2,3,3.707461,5.989,3494.355,0.207117,0.010872,0.022713,7168,0,112561,0,0,0,0,1,1,6001215,6001215,6001325,192038880,0,0,lineitem,0,40.116882324218750000,33.310913085937500000,,
2026-07-29T14:02:13Z,314830FE78B8C328,16.14,queries/Functions/09-16_json/to_json.sql,3,3,3.667462,5.411,3453.241,0.208810,0.010959,0.022720,7168,0,112561,0,0,0,0,1,1,6001215,6001215,6001325,192038880,0,0,lineitem,0,39.662963867187500000,32.912170410156250000,,
2026-07-29T14:02:19Z,314830FE78B8C328,16.14,queries/Functions/09-16_json/to_jsonb.sql,1,3,3.448713,5.475,3237.265,0.205973,0.011615,0.022757,7168,0,112561,0,0,0,0,1,1,6001215,6001215,6001325,192038880,0,0,lineitem,0,38.013061523437500000,31.644470214843750000,,
2026-07-29T14:02:25Z,314830FE78B8C328,16.14,queries/Functions/09-16_json/to_jsonb.sql,2,3,3.491658,5.621,3275.917,0.210120,0.017505,0.017400,7168,0,112561,0,0,0,0,1,1,6001215,6001215,6001325,192038880,0,0,lineitem,0,38.213867187500000000,31.787231445312500000,,
2026-07-29T14:02:32Z,314830FE78B8C328,16.14,queries/Functions/09-16_json/to_jsonb.sql,3,3,3.476671,5.516,3290.273,0.180882,0.010250,0.023337,7168,0,112561,0,0,0,0,1,1,6001215,6001215,6001325,192038880,0,0,lineitem,0,37.803955078125000000,31.374755859375000000,,
2026-07-29T14:02:36Z,314830FE78B8C328,16.14,queries/Functions/09-18_conditional/case_searched.sql,1,3,2.010280,5.406,1796.473,0.208401,0.015494,0.017426,7168,0,112561,0,0,0,0,1,1,6001215,6001215,6001325,24004860,0,0,lineitem,0,18.784729003906250000,15.045898437500000000,,
2026-07-29T14:02:41Z,314830FE78B8C328,16.14,queries/Functions/09-18_conditional/case_searched.sql,2,3,2.006516,5.061,1792.333,0.209122,0.015133,0.017958,7168,0,112561,0,0,0,0,1,1,6001215,6001215,6001325,24004860,0,0,lineitem,0,18.913513183593750000,15.175537109375000000,,
2026-07-29T14:02:46Z,314830FE78B8C328,16.14,queries/Functions/09-18_conditional/case_searched.sql,3,3,2.008002,4.945,1793.738,0.209319,0.013775,0.021707,7168,0,112561,0,0,0,0,1,1,6001215,6001215,6001325,24004860,0,0,lineitem,0,18.822814941406250000,15.095886230468750000,,
2026-07-29T14:02:51Z,314830FE78B8C328,16.14,queries/Functions/09-18_conditional/case_simple.sql,1,3,1.956375,5.377,1743.911,0.207087,0.009805,0.022482,7168,0,112561,0,0,0,0,1,1,6001215,6001215,6001325,24004860,0,0,lineitem,0,18.105834960937500000,14.462585449218750000,,
2026-07-29T14:02:56Z,314830FE78B8C328,16.14,queries/Functions/09-18_conditional/case_simple.sql,2,3,1.923057,5.128,1738.935,0.178994,0.013911,0.018530,7168,0,112561,0,0,0,0,1,1,6001215,6001215,6001325,24004860,0,0,lineitem,0,17.939636230468750000,14.332885742187500000,,
2026-07-29T14:03:01Z,314830FE78B8C328,16.14,queries/Functions/09-18_conditional/case_simple.sql,3,3,1.915369,5.114,1729.571,0.180684,0.005176,0.014739,7168,0,112561,0,0,0,0,1,1,6001215,6001215,6001325,24004860,0,0,lineitem,0,17.985839843750000000,14.395202636718750000,,
2026-07-29T14:03:06Z,314830FE78B8C328,16.14,queries/Functions/09-18_conditional/coalesce.sql,1,3,1.925264,6.072,1724.261,0.194931,0.010123,0.022667,7168,0,112561,0,0,0,0,1,1,6001215,6001215,6001325,192038880,0,0,lineitem,0,17.609252929687500000,14.017639160156250000,,
2026-07-29T14:03:11Z,314830FE78B8C328,16.14,queries/Functions/09-18_conditional/coalesce.sql,2,3,1.891335,5.490,1725.127,0.160718,0.006034,0.013218,7168,0,112561,0,0,0,0,1,1,6001215,6001215,6001325,192038880,0,0,lineitem,0,17.655761718750000000,14.086730957031250000,,
2026-07-29T14:03:16Z,314830FE78B8C328,16.14,queries/Functions/09-18_conditional/coalesce.sql,3,3,1.878393,5.842,1713.272,0.159279,0.005702,0.011482,7168,0,112561,0,0,0,0,1,1,6001215,6001215,6001325,192038880,0,0,lineitem,0,17.802429199218750000,14.274719238281250000,,
2026-07-29T14:03:20Z,314830FE78B8C328,16.14,queries/Functions/09-18_conditional/nullif.sql,1,3,1.875975,5.806,1664.940,0.205229,0.008546,0.025220,7168,0,112561,0,0,0,0,1,1,6001215,6001215,6001325,48009720,0,0,lineitem,0,16.978088378906250000,13.475402832031250000,,
2026-07-29T14:03:25Z,314830FE78B8C328,16.14,queries/Functions/09-18_conditional/nullif.sql,2,3,1.849620,5.179,1665.611,0.178830,0.009437,0.009515,7168,0,112561,0,0,0,0,1,1,6001215,6001215,6001325,48009720,0,0,lineitem,0,16.898864746093750000,13.431579589843750000,,
2026-07-29T14:03:30Z,314830FE78B8C328,16.14,queries/Functions/09-18_conditional/nullif.sql,3,3,1.893347,5.604,1675.978,0.211765,0.016458,0.018696,7168,0,112561,0,0,0,0,1,1,6001215,6001215,6001325,48009720,0,0,lineitem,0,16.901550292968750000,13.373107910156250000,,
2026-07-29T14:03:36Z,314830FE78B8C328,16.14,queries/Functions/09-19_array/array_append.sql,1,3,2.666365,5.634,2448.441,0.212290,0.013708,0.022711,7168,0,112561,0,0,0,0,1,1,6001215,6001215,6001325,192038880,0,0,lineitem,0,26.687988281250000000,21.745910644531250000,,
2026-07-29T14:03:41Z,314830FE78B8C328,16.14,queries/Functions/09-19_array/array_append.sql,2,3,2.684599,6.012,2474.977,0.203610,0.009276,0.023816,7168,0,112561,0,0,0,0,1,1,6001215,6001215,6001325,192038880,0,0,lineitem,0,27.284973144531250000,22.311462402343750000,,
2026-07-29T14:03:47Z,314830FE78B8C328,16.14,queries/Functions/09-19_array/array_append.sql,3,3,2.616336,5.498,2434.497,0.176341,0.008288,0.011953,7168,0,112561,0,0,0,0,1,1,6001215,6001215,6001325,192038880,0,0,lineitem,0,26.675476074218750000,21.810791015625000000,,
2026-07-29T14:03:52Z,314830FE78B8C328,16.14,queries/Functions/09-19_array/array_cat.sql,1,3,2.454998,5.727,2247.157,0.202114,0.016682,0.016521,7168,0,112561,0,0,0,0,1,1,6001215,6001215,6001325,192038880,0,0,lineitem,0,24.414428710937500000,19.852111816406250000,,
2026-07-29T14:03:57Z,314830FE78B8C328,16.14,queries/Functions/09-19_array/array_cat.sql,2,3,2.434005,6.012,2223.759,0.204234,0.008608,0.024898,7168,0,112561,0,0,0,0,1,1,6001215,6001215,6001325,192038880,0,0,lineitem,0,24.344360351562500000,19.820251464843750000,,
2026-07-29T14:04:03Z,314830FE78B8C328,16.14,queries/Functions/09-19_array/array_cat.sql,3,3,2.501038,5.835,2286.679,0.208524,0.017989,0.016926,7168,0,112561,0,0,0,0,1,1,6001215,6001215,6001325,192038880,0,0,lineitem,0,24.588867187500000000,19.936157226562500000,,
2026-07-29T14:04:08Z,314830FE78B8C328,16.14,queries/Functions/09-19_array/array_concat_op.sql,1,3,2.437483,5.153,2230.562,0.201768,0.015733,0.015262,7168,0,112561,0,0,0,0,1,1,6001215,6001215,6001325,192038880,0,0,lineitem,0,24.425537109375000000,19.910644531250000000,,
2026-07-29T14:04:13Z,314830FE78B8C328,16.14,queries/Functions/09-19_array/array_concat_op.sql,2,3,2.472419,5.571,2258.329,0.208519,0.011783,0.021412,7168,0,112561,0,0,0,0,1,1,6001215,6001215,6001325,192038880,0,0,lineitem,0,24.189758300781250000,19.601257324218750000,,
2026-07-29T14:04:19Z,314830FE78B8C328,16.14,queries/Functions/09-19_array/array_concat_op.sql,3,3,2.441652,7.160,2223.180,0.211312,0.011159,0.022612,7168,0,112561,0,0,0,0,1,1,6001215,6001215,6001325,192038880,0,0,lineitem,0,24.446838378906250000,19.910278320312500000,,
2026-07-29T14:04:24Z,314830FE78B8C328,16.14,queries/Functions/09-19_array/array_construct.sql,1,3,1.958000,6.320,1747.153,0.204527,0.014528,0.019802,7168,0,112561,0,0,0,0,1,1,6001215,6001215,6001325,192038880,0,0,lineitem,0,17.696472167968750000,14.041198730468750000,,
2026-07-29T14:04:29Z,314830FE78B8C328,16.14,queries/Functions/09-19_array/array_construct.sql,2,3,1.958655,5.917,1747.477,0.205261,0.007241,0.026684,7168,0,112561,0,0,0,0,1,1,6001215,6001215,6001325,192038880,0,0,lineitem,0,17.807861328125000000,14.148803710937500000,,
2026-07-29T14:04:33Z,314830FE78B8C328,16.14,queries/Functions/09-19_array/array_construct.sql,3,3,1.943554,5.838,1732.217,0.205499,0.009923,0.025427,7168,0,112561,0,0,0,0,1,1,6001215,6001215,6001325,192038880,0,0,lineitem,0,17.679931640625000000,14.045410156250000000,,
2026-07-29T14:04:39Z,314830FE78B8C328,16.14,queries/Functions/09-19_array/array_contains.sql,1,3,2.402111,5.366,2189.886,0.206859,0.009258,0.024312,7168,30,112572,0,0,0,0,1,1,6001215,6001215,6001325,6001215,0,0,lineitem,0,24.706604003906250000,20.237915039062500000,,
2026-07-29T14:04:44Z,314830FE78B8C328,16.14,queries/Functions/09-19_array/array_contains.sql,2,3,2.529488,5.076,2313.024,0.211388,0.018818,0.015082,7168,30,112572,0,0,0,0,1,1,6001215,6001215,6001325,6001215,0,0,lineitem,0,24.816162109375000000,20.138366699218750000,,
2026-07-29T14:04:49Z,314830FE78B8C328,16.14,queries/Functions/09-19_array/array_contains.sql,3,3,2.420866,4.522,2242.796,0.173548,0.004707,0.015856,7168,30,112572,0,0,0,0,1,1,6001215,6001215,6001325,6001215,0,0,lineitem,0,24.656982421875000000,20.138793945312500000,,
2026-07-29T14:04:55Z,314830FE78B8C328,16.14,queries/Functions/09-19_array/array_dims.sql,1,3,2.471765,6.212,2259.276,0.206277,0.011467,0.016579,7168,0,112561,0,0,0,0,1,1,6001215,6001215,6001325,192038880,0,0,lineitem,0,24.499389648437500000,19.913452148437500000,,
2026-07-29T14:05:00Z,314830FE78B8C328,16.14,queries/Functions/09-19_array/array_dims.sql,2,3,2.454764,5.707,2235.628,0.213429,0.011741,0.022977,7168,0,112561,0,0,0,0,1,1,6001215,6001215,6001325,192038880,0,0,lineitem,0,24.440368652343750000,19.898437500000000000,,
2026-07-29T14:05:06Z,314830FE78B8C328,16.14,queries/Functions/09-19_array/array_dims.sql,3,3,2.411026,5.677,2202.628,0.202721,0.011116,0.021141,7168,0,112561,0,0,0,0,1,1,6001215,6001215,6001325,192038880,0,0,lineitem,0,24.412414550781250000,19.934692382812500000,,
2026-07-29T14:05:11Z,314830FE78B8C328,16.14,queries/Functions/09-19_array/array_length.sql,1,3,1.922365,5.450,1736.490,0.180425,0.003769,0.015826,7168,0,112561,0,0,0,0,1,1,6001215,6001215,6001325,24004860,0,0,lineitem,0,17.913635253906250000,14.308044433593750000,,
2026-07-29T14:05:15Z,314830FE78B8C328,16.14,queries/Functions/09-19_array/array_length.sql,2,3,1.872648,5.543,1741.261,0.125844,0.005465,0.011039,7168,0,112561,0,0,0,0,1,1,6001215,6001215,6001325,24004860,0,0,lineitem,0,17.769897460937500000,14.264526367187500000,,
2026-07-29T14:05:20Z,314830FE78B8C328,16.14,queries/Functions/09-19_array/array_length.sql,3,3,1.929776,5.112,1744.513,0.180151,0.007755,0.011621,7168,0,112561,0,0,0,0,1,1,6001215,6001215,6001325,24004860,0,0,lineitem,0,17.622131347656250000,14.008972167968750000,,
2026-07-29T14:05:25Z,314830FE78B8C328,16.14,queries/Functions/09-19_array/array_ndims.sql,1,3,1.953251,5.343,1738.626,0.209282,0.007917,0.026416,7168,0,112561,0,0,0,0,1,1,6001215,6001215,6001325,24004860,0,0,lineitem,0,17.716552734375000000,14.071960449218750000,,
2026-07-29T14:05:30Z,314830FE78B8C328,16.14,queries/Functions/09-19_array/array_ndims.sql,2,3,1.951245,5.101,1736.541,0.209603,0.011153,0.024508,7168,0,112561,0,0,0,0,1,1,6001215,6001215,6001325,24004860,0,0,lineitem,0,17.653747558593750000,14.006347656250000000,,
2026-07-29T14:05:35Z,314830FE78B8C328,16.14,queries/Functions/09-19_array/array_ndims.sql,3,3,1.949750,5.820,1734.868,0.209062,0.013468,0.022166,7168,0,112561,0,0,0,0,1,1,6001215,6001215,6001325,24004860,0,0,lineitem,0,17.863098144531250000,14.213378906250000000,,
2026-07-29T14:05:40Z,314830FE78B8C328,16.14,queries/Functions/09-19_array/array_overlap.sql,1,3,2.477913,4.799,2262.192,0.210922,0.014987,0.020725,7168,30,112572,0,0,0,0,1,1,6001215,6001215,6001325,6001215,0,0,lineitem,0,25.090515136718750000,20.494262695312500000,,
2026-07-29T14:05:46Z,314830FE78B8C328,16.14,queries/Functions/09-19_array/array_overlap.sql,2,3,2.533938,4.930,2318.020,0.210988,0.009644,0.023651,7168,30,112572,0,0,0,0,1,1,6001215,6001215,6001325,6001215,0,0,lineitem,0,24.847839355468750000,20.142883300781250000,,
2026-07-29T14:05:51Z,314830FE78B8C328,16.14,queries/Functions/09-19_array/array_overlap.sql,3,3,2.489124,5.135,2274.398,0.209591,0.010193,0.023302,7168,30,112572,0,0,0,0,1,1,6001215,6001215,6001325,6001215,0,0,lineitem,0,24.948120117187500000,20.322692871093750000,,
2026-07-29T14:05:56Z,314830FE78B8C328,16.14,queries/Functions/09-19_array/array_position.sql,1,3,2.251991,5.212,2042.131,0.204648,0.014478,0.017851,7168,28,112576,0,0,0,0,1,1,6001215,6001215,6001325,24004860,0,0,lineitem,0,21.693298339843750000,17.504150390625000000,,
2026-07-29T14:06:01Z,314830FE78B8C328,16.14,queries/Functions/09-19_array/array_position.sql,2,3,2.237907,5.248,2023.901,0.208758,0.008173,0.025286,7168,28,112576,0,0,0,0,1,1,6001215,6001215,6001325,24004860,0,0,lineitem,0,21.441162109375000000,17.273071289062500000,,
2026-07-29T14:06:06Z,314830FE78B8C328,16.14,queries/Functions/09-19_array/array_position.sql,3,3,2.238115,5.344,2044.969,0.187802,0.002609,0.010861,7168,28,112576,0,0,0,0,1,1,6001215,6001215,6001325,24004860,0,0,lineitem,0,21.942077636718750000,17.781799316406250000,,
2026-07-29T14:06:12Z,314830FE78B8C328,16.14,queries/Functions/09-19_array/array_positions.sql,1,3,2.789264,5.924,2647.417,0.135923,0.010546,0.005571,7168,28,112576,0,0,0,0,1,1,6001215,6001215,6001325,192038880,0,0,lineitem,0,29.111572265625000000,23.943542480468750000,,
2026-07-29T14:06:18Z,314830FE78B8C328,16.14,queries/Functions/09-19_array/array_positions.sql,2,3,2.870676,5.963,2659.108,0.205605,0.009125,0.022960,7168,28,112576,0,0,0,0,1,1,6001215,6001215,6001325,192038880,0,0,lineitem,0,29.065368652343750000,23.761230468750000000,,
2026-07-29T14:06:24Z,314830FE78B8C328,16.14,queries/Functions/09-19_array/array_positions.sql,3,3,2.873981,6.109,2661.193,0.206679,0.010746,0.020506,7168,28,112576,0,0,0,0,1,1,6001215,6001215,6001325,192038880,0,0,lineitem,0,29.293945312500000000,23.981628417968750000,,
2026-07-29T14:06:29Z,314830FE78B8C328,16.14,queries/Functions/09-19_array/array_prepend.sql,1,3,2.719311,5.516,2508.911,0.204884,0.016821,0.016108,7040,0,112561,0,0,0,0,1,1,6001215,6001215,6001325,192038880,0,0,lineitem,0,27.662963867187500000,22.627990722656250000,,
2026-07-29T14:06:35Z,314830FE78B8C328,16.14,queries/Functions/09-19_array/array_prepend.sql,2,3,2.690892,5.324,2526.287,0.159281,0.007755,0.010422,7168,0,112561,0,0,0,0,1,1,6001215,6001215,6001325,192038880,0,0,lineitem,0,27.505371093750000000,22.492736816406250000,,
2026-07-29T14:06:40Z,314830FE78B8C328,16.14,queries/Functions/09-19_array/array_prepend.sql,3,3,2.687965,6.061,2501.799,0.180105,0.012263,0.020851,7168,0,112561,0,0,0,0,1,1,6001215,6001215,6001325,192038880,0,0,lineitem,0,27.399169921875000000,22.401367187500000000,,
2026-07-29T14:06:46Z,314830FE78B8C328,16.14,queries/Functions/09-19_array/array_remove.sql,1,3,2.347066,6.047,2141.843,0.199176,0.009692,0.023241,7168,28,112576,0,0,0,0,1,1,6001215,6001215,6001325,192038880,0,0,lineitem,0,23.183654785156250000,18.822814941406250000,,
2026-07-29T14:06:51Z,314830FE78B8C328,16.14,queries/Functions/09-19_array/array_remove.sql,2,3,2.384654,5.851,2169.808,0.208995,0.013226,0.020451,7168,28,112576,0,0,0,0,1,1,6001215,6001215,6001325,192038880,0,0,lineitem,0,23.493103027343750000,19.075012207031250000,,
2026-07-29T14:06:56Z,314830FE78B8C328,16.14,queries/Functions/09-19_array/array_remove.sql,3,3,2.320268,5.922,2142.363,0.171983,0.006347,0.011272,7168,28,112576,0,0,0,0,1,1,6001215,6001215,6001325,192038880,0,0,lineitem,0,23.235046386718750000,18.896545410156250000,,
2026-07-29T14:07:01Z,314830FE78B8C328,16.14,queries/Functions/09-19_array/array_replace.sql,1,3,2.455362,5.096,2287.077,0.163189,0.003358,0.016268,7168,28,112576,0,0,0,0,1,1,6001215,6001215,6001325,192038880,0,0,lineitem,0,24.170043945312500000,19.585571289062500000,,
2026-07-29T14:07:07Z,314830FE78B8C328,16.14,queries/Functions/09-19_array/array_replace.sql,2,3,2.432849,5.361,2221.803,0.205685,0.008732,0.024174,7168,28,112576,0,0,0,0,1,1,6001215,6001215,6001325,192038880,0,0,lineitem,0,24.439086914062500000,19.929321289062500000,,
2026-07-29T14:07:12Z,314830FE78B8C328,16.14,queries/Functions/09-19_array/array_replace.sql,3,3,2.517897,6.550,2305.421,0.205926,0.011989,0.019588,7168,28,112576,0,0,0,0,1,1,6001215,6001215,6001325,192038880,0,0,lineitem,0,24.466613769531250000,19.794067382812500000,,
2026-07-29T14:07:17Z,314830FE78B8C328,16.14,queries/Functions/09-19_array/array_slice.sql,1,3,2.390393,5.195,2187.417,0.197781,0.009259,0.024812,7168,0,112561,0,0,0,0,1,1,6001215,6001215,6001325,192038880,0,0,lineitem,0,23.824584960937500000,19.386657714843750000,,
2026-07-29T14:07:23Z,314830FE78B8C328,16.14,queries/Functions/09-19_array/array_slice.sql,2,3,2.463202,5.673,2248.005,0.209524,0.013093,0.022499,7168,0,112561,0,0,0,0,1,1,6001215,6001215,6001325,192038880,0,0,lineitem,0,23.822082519531250000,19.254089355468750000,,
2026-07-29T14:07:28Z,314830FE78B8C328,16.14,queries/Functions/09-19_array/array_slice.sql,3,3,2.384968,5.810,2197.936,0.181222,0.013357,0.020886,7168,0,112561,0,0,0,0,1,1,6001215,6001215,6001325,192038880,0,0,lineitem,0,23.937072753906250000,19.484313964843750000,,
2026-07-29T14:07:33Z,314830FE78B8C328,16.14,queries/Functions/09-19_array/array_subscript.sql,1,3,2.029482,5.194,1822.111,0.202177,0.012111,0.020767,7168,0,112561,0,0,0,0,1,1,6001215,6001215,6001325,24004860,0,0,lineitem,0,18.888732910156250000,15.109313964843750000,,
2026-07-29T14:07:38Z,314830FE78B8C328,16.14,queries/Functions/09-19_array/array_subscript.sql,2,3,2.016835,5.078,1802.084,0.209673,0.008961,0.025679,7168,0,112561,0,0,0,0,1,1,6001215,6001215,6001325,24004860,0,0,lineitem,0,18.711791992187500000,14.942932128906250000,,
2026-07-29T14:07:43Z,314830FE78B8C328,16.14,queries/Functions/09-19_array/array_subscript.sql,3,3,1.943704,5.201,1825.491,0.113012,0.003214,0.009043,7168,0,112561,0,0,0,0,1,1,6001215,6001215,6001325,24004860,0,0,lineitem,0,18.778625488281250000,15.128479003906250000,,
2026-07-29T14:07:49Z,314830FE78B8C328,16.14,queries/Functions/09-19_array/array_to_string.sql,1,3,2.737077,5.736,2530.469,0.200872,0.006598,0.024580,7168,0,112561,0,0,0,0,1,1,6001215,6001215,6001325,192038880,0,0,lineitem,0,27.709228515625000000,22.646301269531250000,,
2026-07-29T14:07:54Z,314830FE78B8C328,16.14,queries/Functions/09-19_array/array_to_string.sql,2,3,2.615937,5.428,2403.735,0.206774,0.007801,0.024908,7168,0,112561,0,0,0,0,1,1,6001215,6001215,6001325,192038880,0,0,lineitem,0,27.590576171875000000,22.742431640625000000,,
2026-07-29T14:08:00Z,314830FE78B8C328,16.14,queries/Functions/09-19_array/array_to_string.sql,3,3,2.658285,5.952,2449.147,0.203186,0.009862,0.023162,7168,0,112561,0,0,0,0,1,1,6001215,6001215,6001325,192038880,0,0,lineitem,0,27.704040527343750000,22.780761718750000000,,
2026-07-29T14:08:04Z,314830FE78B8C328,16.14,queries/Functions/09-19_array/array_upper.sql,1,3,1.931136,5.161,1723.200,0.202775,0.010646,0.021043,7168,0,112561,0,0,0,0,1,1,6001215,6001215,6001325,24004860,0,0,lineitem,0,17.789550781250000000,14.188598632812500000,,
2026-07-29T14:08:09Z,314830FE78B8C328,16.14,queries/Functions/09-19_array/array_upper.sql,2,3,1.916278,5.351,1730.289,0.180638,0.004537,0.013573,7168,0,112561,0,0,0,0,1,1,6001215,6001215,6001325,24004860,0,0,lineitem,0,17.743041992187500000,14.166931152343750000,,
2026-07-29T14:08:14Z,314830FE78B8C328,16.14,queries/Functions/09-19_array/array_upper.sql,3,3,1.976461,5.692,1761.739,0.209030,0.012908,0.021894,7168,0,112561,0,0,0,0,1,1,6001215,6001215,6001325,24004860,0,0,lineitem,0,17.820861816406250000,14.126892089843750000,,
2026-07-29T14:08:19Z,314830FE78B8C328,16.14,queries/Functions/09-19_array/cardinality.sql,1,3,1.892207,5.646,1700.741,0.185820,0.010966,0.023828,7168,0,112561,0,0,0,0,1,1,6001215,6001215,6001325,24004860,0,0,lineitem,0,17.853515625000000000,14.298217773437500000,,
2026-07-29T14:08:24Z,314830FE78B8C328,16.14,queries/Functions/09-19_array/cardinality.sql,2,3,1.977357,5.495,1764.441,0.207421,0.016627,0.018387,7168,0,112561,0,0,0,0,1,1,6001215,6001215,6001325,24004860,0,0,lineitem,0,17.932189941406250000,14.230285644531250000,,
2026-07-29T14:08:29Z,314830FE78B8C328,16.14,queries/Functions/09-19_array/cardinality.sql,3,3,1.979651,5.466,1762.071,0.212114,0.009007,0.026454,7168,0,112561,0,0,0,0,1,1,6001215,6001215,6001325,24004860,0,0,lineitem,0,17.930053710937500000,14.234741210937500000,,
2026-07-29T14:08:36Z,314830FE78B8C328,16.14,queries/Functions/09-19_array/string_to_array.sql,1,3,4.618439,5.402,4405.186,0.207851,0.018121,0.016203,7168,0,112561,0,0,0,0,1,1,6001215,6001215,6001325,192038880,0,0,lineitem,0,50.684143066406250000,42.205566406250000000,,
2026-07-29T14:08:44Z,314830FE78B8C328,16.14,queries/Functions/09-19_array/string_to_array.sql,2,3,4.595221,7.342,4375.458,0.212421,0.012843,0.020520,7168,0,112561,0,0,0,0,1,1,6001215,6001215,6001325,192038880,0,0,lineitem,0,50.642333984375000000,42.210388183593750000,,
2026-07-29T14:08:51Z,314830FE78B8C328,16.14,queries/Functions/09-19_array/string_to_array.sql,3,3,4.601855,5.525,4424.708,0.171622,0.005678,0.027292,7168,0,112561,0,0,0,0,1,1,6001215,6001215,6001325,192038880,0,0,lineitem,0,50.882812500000000000,42.415649414062500000,,
2026-07-29T14:08:56Z,314830FE78B8C328,16.14,queries/Functions/09-19_array/trim_array.sql,1,3,2.451909,5.640,2246.590,0.199679,0.017192,0.014571,7168,0,112561,0,0,0,0,1,1,6001215,6001215,6001325,192038880,0,0,lineitem,0,24.459777832031250000,19.906188964843750000,,
2026-07-29T14:09:02Z,314830FE78B8C328,16.14,queries/Functions/09-19_array/trim_array.sql,2,3,2.492138,5.365,2300.974,0.185799,0.010649,0.008219,7168,0,112561,0,0,0,0,1,1,6001215,6001215,6001325,192038880,0,0,lineitem,0,24.652099609375000000,20.018493652343750000,,
2026-07-29T14:09:07Z,314830FE78B8C328,16.14,queries/Functions/09-19_array/trim_array.sql,3,3,2.422597,5.562,2234.457,0.182578,0.011799,0.021903,7168,0,112561,0,0,0,0,1,1,6001215,6001215,6001325,192038880,0,0,lineitem,0,24.713134765625000000,20.180236816406250000,,
2026-07-29T14:09:13Z,314830FE78B8C328,16.14,queries/Functions/09-20_range/adjacent.sql,1,3,3.363188,5.347,3146.452,0.211389,0.011841,0.021340,7168,0,112561,0,0,0,0,1,1,6001215,6001215,6001325,6001215,0,0,lineitem,0,36.071899414062500000,29.861389160156250000,,
2026-07-29T14:09:20Z,314830FE78B8C328,16.14,queries/Functions/09-20_range/adjacent.sql,2,3,3.355282,5.294,3136.988,0.213000,0.013185,0.021411,7168,0,112561,0,0,0,0,1,1,6001215,6001215,6001325,6001215,0,0,lineitem,0,36.321411132812500000,30.140258789062500000,,
2026-07-29T14:09:26Z,314830FE78B8C328,16.14,queries/Functions/09-20_range/adjacent.sql,3,3,3.339449,5.309,3124.569,0.209571,0.007968,0.024366,7168,0,112561,0,0,0,0,1,1,6001215,6001215,6001325,6001215,0,0,lineitem,0,36.429199218750000000,30.265441894531250000,,
2026-07-29T14:09:32Z,314830FE78B8C328,16.14,queries/Functions/09-20_range/contained_by.sql,1,3,2.888728,5.289,2695.423,0.188016,0.008093,0.024001,7168,0,112561,0,0,0,0,1,1,6001215,6001215,6001325,6001215,0,0,lineitem,0,30.425048828125000000,25.055664062500000000,,
2026-07-29T14:09:37Z,314830FE78B8C328,16.14,queries/Functions/09-20_range/contained_by.sql,2,3,2.906415,5.238,2689.471,0.211706,0.010316,0.020009,7168,0,112561,0,0,0,0,1,1,6001215,6001215,6001325,6001215,0,0,lineitem,0,30.366149902343750000,24.973815917968750000,,
2026-07-29T14:09:43Z,314830FE78B8C328,16.14,queries/Functions/09-20_range/contained_by.sql,3,3,2.903566,5.454,2683.687,0.214425,0.019586,0.014888,7168,0,112561,0,0,0,0,1,1,6001215,6001215,6001325,6001215,0,0,lineitem,0,30.382690429687500000,25.010864257812500000,,
2026-07-29T14:09:48Z,314830FE78B8C328,16.14,queries/Functions/09-20_range/contains_elem.sql,1,3,2.499493,4.343,2387.791,0.107359,0.003100,0.009842,7168,0,112561,0,0,0,0,1,1,6001215,6001215,6001325,6001215,0,0,lineitem,0,28.885925292968750000,24.238281250000000000,,
2026-07-29T14:09:54Z,314830FE78B8C328,16.14,queries/Functions/09-20_range/contains_elem.sql,2,3,2.842275,4.870,2627.136,0.210269,0.016065,0.016876,7168,0,112561,0,0,0,0,1,1,6001215,6001215,6001325,6001215,0,0,lineitem,0,29.505615234375000000,24.243713378906250000,,
2026-07-29T14:10:00Z,314830FE78B8C328,16.14,queries/Functions/09-20_range/contains_elem.sql,3,3,2.801955,5.074,2617.684,0.179197,0.010457,0.015202,7168,0,112561,0,0,0,0,1,1,6001215,6001215,6001325,6001215,0,0,lineitem,0,29.502258300781250000,24.292480468750000000,,
2026-07-29T14:10:05Z,314830FE78B8C328,16.14,queries/Functions/09-20_range/contains_range.sql,1,3,2.892678,5.627,2674.413,0.212638,0.015582,0.016205,7168,0,112561,0,0,0,0,1,1,6001215,6001215,6001325,6001215,0,0,lineitem,0,29.999755859375000000,24.643310546875000000,,
2026-07-29T14:10:11Z,314830FE78B8C328,16.14,queries/Functions/09-20_range/contains_range.sql,2,3,2.883288,4.898,2704.547,0.173843,0.003677,0.013892,7168,0,112561,0,0,0,0,1,1,6001215,6001215,6001325,6001215,0,0,lineitem,0,30.224792480468750000,24.882934570312500000,,
2026-07-29T14:10:17Z,314830FE78B8C328,16.14,queries/Functions/09-20_range/contains_range.sql,3,3,2.900148,5.761,2681.892,0.212495,0.008697,0.024286,7168,0,112561,0,0,0,0,1,1,6001215,6001215,6001325,6001215,0,0,lineitem,0,30.356811523437500000,24.990600585937500000,,
2026-07-29T14:10:22Z,314830FE78B8C328,16.14,queries/Functions/09-20_range/daterange_make.sql,1,3,2.665717,6.082,2450.032,0.209603,0.013294,0.021115,7168,0,112564,0,0,0,0,1,1,6001215,6001215,6001325,192038880,0,0,lineitem,0,27.294555664062500000,22.353332519531250000,,
2026-07-29T14:10:28Z,314830FE78B8C328,16.14,queries/Functions/09-20_range/daterange_make.sql,2,3,2.626610,5.679,2488.266,0.132665,0.004960,0.007701,7168,0,112564,0,0,0,0,1,1,6001215,6001215,6001325,192038880,0,0,lineitem,0,27.422424316406250000,22.547424316406250000,,
2026-07-29T14:10:34Z,314830FE78B8C328,16.14,queries/Functions/09-20_range/daterange_make.sql,3,3,2.697098,5.214,2486.857,0.205027,0.010092,0.024510,7168,0,112564,0,0,0,0,1,1,6001215,6001215,6001325,192038880,0,0,lineitem,0,27.439086914062500000,22.442993164062500000,,
2026-07-29T14:10:40Z,314830FE78B8C328,16.14,queries/Functions/09-20_range/intersect.sql,1,3,3.543677,5.692,3325.754,0.212231,0.008055,0.025936,7168,0,112561,0,0,0,0,1,1,6001215,6001215,6001325,192038880,0,0,lineitem,0,38.576843261718750000,32.062805175781250000,,
2026-07-29T14:10:46Z,314830FE78B8C328,16.14,queries/Functions/09-20_range/intersect.sql,2,3,3.583960,6.155,3367.897,0.209908,0.010963,0.020039,7168,0,112561,0,0,0,0,1,1,6001215,6001215,6001325,192038880,0,0,lineitem,0,38.568847656250000000,31.969116210937500000,,
2026-07-29T14:10:53Z,314830FE78B8C328,16.14,queries/Functions/09-20_range/intersect.sql,3,3,3.508136,6.203,3335.451,0.166482,0.008954,0.013893,7168,0,112561,0,0,0,0,1,1,6001215,6001215,6001325,192038880,0,0,lineitem,0,38.835144042968750000,32.365844726562500000,,
2026-07-29T14:10:58Z,314830FE78B8C328,16.14,queries/Functions/09-20_range/isempty.sql,1,3,2.709207,5.149,2500.861,0.203197,0.006031,0.027014,7168,0,112561,0,0,0,0,1,1,6001215,6001215,6001325,6001215,0,0,lineitem,0,28.103088378906250000,23.079650878906250000,,
2026-07-29T14:11:04Z,314830FE78B8C328,16.14,queries/Functions/09-20_range/isempty.sql,2,3,2.588021,5.486,2445.031,0.137504,0.007759,0.008888,7168,0,112561,0,0,0,0,1,1,6001215,6001215,6001325,6001215,0,0,lineitem,0,27.481201171875000000,22.656250000000000000,,
2026-07-29T14:11:10Z,314830FE78B8C328,16.14,queries/Functions/09-20_range/isempty.sql,3,3,2.642606,5.199,2452.612,0.184795,0.006237,0.012516,7168,0,112561,0,0,0,0,1,1,6001215,6001215,6001325,6001215,0,0,lineitem,0,27.412841796875000000,22.522277832031250000,,
2026-07-29T14:11:15Z,314830FE78B8C328,16.14,queries/Functions/09-20_range/lower.sql,1,3,2.804221,5.560,2620.597,0.178064,0.005268,0.013234,7168,0,112561,0,0,0,0,1,1,6001215,6001215,6001325,24004860,0,0,lineitem,0,28.598327636718750000,23.385131835937500000,,
2026-07-29T14:11:21Z,314830FE78B8C328,16.14,queries/Functions/09-20_range/lower.sql,2,3,2.740828,5.570,2524.272,0.210986,0.015289,0.018378,7168,0,112561,0,0,0,0,1,1,6001215,6001215,6001325,24004860,0,0,lineitem,0,28.176574707031250000,23.099975585937500000,,
2026-07-29T14:11:26Z,314830FE78B8C328,16.14,queries/Functions/09-20_range/lower.sql,3,3,2.719657,5.736,2502.847,0.211074,0.011649,0.021945,7168,0,112561,0,0,0,0,1,1,6001215,6001215,6001325,24004860,0,0,lineitem,0,28.411560058593750000,23.364990234375000000,,
2026-07-29T14:11:32Z,314830FE78B8C328,16.14,queries/Functions/09-20_range/multirange.sql,1,3,2.886338,5.466,2770.858,0.110014,0.005494,0.012462,7168,1,112566,0,0,0,0,1,1,6001215,6001215,6001325,192038880,0,0,lineitem,0,30.846984863281250000,25.481445312500000000,,
2026-07-29T14:11:38Z,314830FE78B8C328,16.14,queries/Functions/09-20_range/multirange.sql,2,3,3.012027,5.927,2798.483,0.207617,0.014855,0.018098,7168,1,112566,0,0,0,0,1,1,6001215,6001215,6001325,192038880,0,0,lineitem,0,30.940673828125000000,25.388916015625000000,,
2026-07-29T14:11:44Z,314830FE78B8C328,16.14,queries/Functions/09-20_range/multirange.sql,3,3,2.987931,5.054,2776.582,0.206295,0.013669,0.019942,7168,1,112566,0,0,0,0,1,1,6001215,6001215,6001325,192038880,0,0,lineitem,0,30.775451660156250000,25.246093750000000000,,
2026-07-29T14:11:50Z,314830FE78B8C328,16.14,queries/Functions/09-20_range/overlaps.sql,1,3,2.937671,5.569,2744.098,0.188004,0.005854,0.026982,7168,0,112561,0,0,0,0,1,1,6001215,6001215,6001325,6001215,0,0,lineitem,0,30.636047363281250000,25.179809570312500000,,
2026-07-29T14:11:56Z,314830FE78B8C328,16.14,queries/Functions/09-20_range/overlaps.sql,2,3,3.016934,5.574,2803.104,0.208256,0.012150,0.018640,7168,0,112561,0,0,0,0,1,1,6001215,6001215,6001325,6001215,0,0,lineitem,0,31.721801757812500000,26.156738281250000000,,
2026-07-29T14:12:02Z,314830FE78B8C328,16.14,queries/Functions/09-20_range/overlaps.sql,3,3,2.960143,5.610,2749.805,0.204728,0.013157,0.021198,7168,0,112561,0,0,0,0,1,1,6001215,6001215,6001325,6001215,0,0,lineitem,0,31.198974609375000000,25.711303710937500000,,
2026-07-29T14:12:07Z,314830FE78B8C328,16.14,queries/Functions/09-20_range/strictly_left.sql,1,3,2.870760,5.330,2650.383,0.215047,0.011324,0.022649,7168,0,112561,0,0,0,0,1,1,6001215,6001215,6001325,6001215,0,0,lineitem,0,29.603942871093750000,24.305297851562500000,,
2026-07-29T14:12:13Z,314830FE78B8C328,16.14,queries/Functions/09-20_range/strictly_left.sql,2,3,2.843598,5.134,2644.500,0.193964,0.004695,0.014860,7168,0,112561,0,0,0,0,1,1,6001215,6001215,6001325,6001215,0,0,lineitem,0,29.513183593750000000,24.244018554687500000,,
2026-07-29T14:12:19Z,314830FE78B8C328,16.14,queries/Functions/09-20_range/strictly_left.sql,3,3,2.894207,5.278,2674.727,0.214202,0.015690,0.017259,7040,0,112561,0,0,0,0,1,1,6001215,6001215,6001325,6001215,0,0,lineitem,0,30.001708984375000000,24.638122558593750000,,
2026-07-29T14:12:25Z,314830FE78B8C328,16.14,queries/Functions/09-20_range/strictly_right.sql,1,3,2.865868,5.130,2649.361,0.211377,0.010000,0.022828,7168,0,112561,0,0,0,0,1,1,6001215,6001215,6001325,6001215,0,0,lineitem,0,29.519226074218750000,24.207946777343750000,,
2026-07-29T14:12:30Z,314830FE78B8C328,16.14,queries/Functions/09-20_range/strictly_right.sql,2,3,2.844678,84.361,2540.958,0.219359,0.008250,0.026009,7168,0,112561,0,0,0,0,1,1,6001215,6001215,6001325,6001215,0,0,lineitem,0,29.585571289062500000,24.325012207031250000,,
2026-07-29T14:12:36Z,314830FE78B8C328,16.14,queries/Functions/09-20_range/strictly_right.sql,3,3,3.013798,5.633,2840.128,0.168037,0.006118,0.021321,7168,0,112561,0,0,0,0,1,1,6001215,6001215,6001325,6001215,0,0,lineitem,0,31.066528320312500000,25.493286132812500000,,
2026-07-29T14:12:44Z,314830FE78B8C328,16.14,queries/Functions/09-20_range/union.sql,1,3,4.279966,5.888,4061.081,0.212997,0.012340,0.021634,7168,0,112561,0,0,0,0,1,1,6001215,6001215,6001325,192038880,0,0,lineitem,0,48.111572265625000000,40.249023437500000000,,
2026-07-29T14:12:51Z,314830FE78B8C328,16.14,queries/Functions/09-20_range/union.sql,2,3,4.337102,6.256,4117.713,0.213133,0.015010,0.017632,7168,0,112561,0,0,0,0,1,1,6001215,6001215,6001325,192038880,0,0,lineitem,0,47.894409179687500000,39.934692382812500000,,
2026-07-29T14:12:58Z,314830FE78B8C328,16.14,queries/Functions/09-20_range/union.sql,3,3,4.315415,5.196,4101.397,0.208822,0.009487,0.023525,7168,0,112561,0,0,0,0,1,1,6001215,6001215,6001325,192038880,0,0,lineitem,0,48.647216796875000000,40.730957031250000000,,
2026-07-29T14:13:04Z,314830FE78B8C328,16.14,queries/Functions/09-20_range/upper.sql,1,3,2.720747,5.138,2512.258,0.203351,0.008916,0.022253,7168,0,112561,0,0,0,0,1,1,6001215,6001215,6001325,24004860,0,0,lineitem,0,28.470214843750000000,23.412414550781250000,,
2026-07-29T14:13:09Z,314830FE78B8C328,16.14,queries/Functions/09-20_range/upper.sql,2,3,2.812106,5.191,2597.187,0.209728,0.011250,0.022060,7168,0,112561,0,0,0,0,1,1,6001215,6001215,6001325,24004860,0,0,lineitem,0,28.571105957031250000,23.366638183593750000,,
2026-07-29T14:13:15Z,314830FE78B8C328,16.14,queries/Functions/09-20_range/upper.sql,3,3,2.777186,5.420,2560.367,0.211399,0.016715,0.016812,7168,0,112561,0,0,0,0,1,1,6001215,6001215,6001325,24004860,0,0,lineitem,0,28.382629394531250000,23.252441406250000000,,
2026-07-29T14:13:21Z,314830FE78B8C328,16.14,queries/Functions/09-21_aggregate/array_agg.sql,1,3,2.709665,7.351,2491.895,0.210419,0.012428,0.020795,7168,0,122035,0,0,0,0,2,1,1500000,7501215,373805,102009720,0,0,lineitem,0,27.766906738281250000,22.640991210937500000,,
2026-07-29T14:13:26Z,314830FE78B8C328,16.14,queries/Functions/09-21_aggregate/array_agg.sql,2,3,2.645520,7.489,2424.535,0.213496,0.012211,0.020970,7168,0,122035,0,0,0,0,2,1,1500000,7501215,373805,102009720,0,0,lineitem,0,27.278869628906250000,22.276062011718750000,,
2026-07-29T14:13:32Z,314830FE78B8C328,16.14,queries/Functions/09-21_aggregate/array_agg.sql,3,3,2.524270,7.260,2397.882,0.119128,0.003244,0.008297,7168,0,122035,0,0,0,0,2,1,1500000,7501215,373805,102009720,0,0,lineitem,0,27.292541503906250000,22.474365234375000000,,
2026-07-29T14:13:39Z,314830FE78B8C328,16.14,queries/Functions/09-21_aggregate/array_agg_orderby.sql,1,3,4.162995,8.780,3935.939,0.218276,0.010056,0.024852,7168,6,122035,0,0,0,0,3,1,1500000,13502430,373805,198029160,0,0,lineitem,0,45.888061523437500000,38.133483886718750000,,
2026-07-29T14:13:46Z,314830FE78B8C328,16.14,queries/Functions/09-21_aggregate/array_agg_orderby.sql,2,3,4.224086,7.945,4027.448,0.188693,0.007086,0.011113,7168,6,122035,0,0,0,0,3,1,1500000,13502430,373805,198029160,0,0,lineitem,0,46.296142578125000000,38.406066894531250000,,
2026-07-29T14:13:53Z,314830FE78B8C328,16.14,queries/Functions/09-21_aggregate/array_agg_orderby.sql,3,3,4.141786,7.595,3921.297,0.212894,0.006985,0.024371,7168,6,122035,0,0,0,0,3,1,1500000,13502430,373805,198029160,0,0,lineitem,0,45.770996093750000000,38.057250976562500000,,
2026-07-29T14:13:58Z,314830FE78B8C328,16.14,queries/Functions/09-21_aggregate/avg.sql,1,3,1.589305,7.702,1374.394,0.207209,0.012979,0.021072,7168,0,112561,0,0,0,0,4,1,1,6001222,1,48009944,0,2,lineitem,0,18.389526367187500000,15.391784667968750000,,
2026-07-29T14:14:03Z,314830FE78B8C328,16.14,queries/Functions/09-21_aggregate/avg.sql,2,3,1.592705,6.738,1399.357,0.186610,0.005725,0.014546,7168,0,112561,0,0,0,0,4,1,1,6001222,1,48009944,0,2,lineitem,0,18.542236328125000000,15.519531250000000000,,
2026-07-29T14:14:08Z,314830FE78B8C328,16.14,queries/Functions/09-21_aggregate/avg.sql,3,3,1.604081,7.701,1386.456,0.209924,0.008945,0.026010,7168,0,112561,0,0,0,0,4,1,1,6001222,1,48009944,0,2,lineitem,0,17.735839843750000000,14.703063964843750000,,
2026-07-29T14:14:12Z,314830FE78B8C328,16.14,queries/Functions/09-21_aggregate/bit_and.sql,1,3,1.570000,6.111,1350.444,0.213445,0.015149,0.021564,7168,0,112561,0,0,0,0,4,1,1,6001222,1,24004888,0,2,lineitem,0,11.119628906250000000,8.151977539062500000,,
2026-07-29T14:14:17Z,314830FE78B8C328,16.14,queries/Functions/09-21_aggregate/bit_and.sql,2,3,1.518793,5.746,1304.184,0.208863,0.017527,0.019424,7168,0,112561,0,0,0,0,4,1,1,6001222,1,24004888,0,2,lineitem,0,15.467834472656250000,12.589721679687500000,,
2026-07-29T14:14:21Z,314830FE78B8C328,16.14,queries/Functions/09-21_aggregate/bit_and.sql,3,3,1.572909,5.593,1358.217,0.209099,0.008900,0.026486,7168,0,112561,0,0,0,0,4,1,1,6001222,1,24004888,0,2,lineitem,0,11.192443847656250000,8.223815917968750000,,
2026-07-29T14:14:26Z,314830FE78B8C328,16.14,queries/Functions/09-21_aggregate/bit_or.sql,1,3,1.623660,5.494,1405.168,0.212998,0.009924,0.026191,7168,0,112561,0,0,0,0,4,1,1,6001222,1,24004888,0,2,lineitem,0,10.429931640625000000,7.361633300781250000,,
2026-07-29T14:14:31Z,314830FE78B8C328,16.14,queries/Functions/09-21_aggregate/bit_or.sql,2,3,1.581573,5.724,1413.874,0.161975,0.012846,0.014111,7168,0,112561,0,0,0,0,4,1,1,6001222,1,24004888,0,2,lineitem,0,10.628295898437500000,7.623168945312500000,,
2026-07-29T14:14:36Z,314830FE78B8C328,16.14,queries/Functions/09-21_aggregate/bit_or.sql,3,3,1.553467,5.979,1341.883,0.205605,0.016280,0.019173,7168,0,112561,0,0,0,0,4,1,1,6001222,1,24004888,0,2,lineitem,0,11.083312988281250000,8.140625000000000000,,
2026-07-29T14:14:40Z,314830FE78B8C328,16.14,queries/Functions/09-21_aggregate/bool_and.sql,1,3,1.526112,9.412,1306.272,0.210428,0.013872,0.021543,7168,0,112561,0,0,0,0,4,1,1,6001222,1,30006082,0,2,lineitem,0,17.530761718750000000,14.646789550781250000,,
2026-07-29T14:14:45Z,314830FE78B8C328,16.14,queries/Functions/09-21_aggregate/bool_and.sql,2,3,1.524681,9.537,1304.384,0.210760,0.013591,0.021722,7168,0,112561,0,0,0,0,4,1,1,6001222,1,30006082,0,2,lineitem,0,17.244995117187500000,14.359619140625000000,,
2026-07-29T14:14:50Z,314830FE78B8C328,16.14,queries/Functions/09-21_aggregate/bool_and.sql,3,3,1.507418,9.021,1311.923,0.186474,0.014203,0.021641,7168,0,112561,0,0,0,0,4,1,1,6001222,1,30006082,0,2,lineitem,0,17.510803222656250000,14.632263183593750000,,
2026-07-29T14:14:54Z,314830FE78B8C328,16.14,queries/Functions/09-21_aggregate/bool_or.sql,1,3,1.455201,131.200,1180.695,0.143306,0.009008,0.011422,7168,0,112561,0,0,0,0,4,1,1,6001222,1,30006082,0,2,lineitem,0,17.233154296875000000,14.470458984375000000,,
2026-07-29T14:14:59Z,314830FE78B8C328,16.14,queries/Functions/09-21_aggregate/bool_or.sql,2,3,1.545008,9.553,1316.912,0.218543,0.018124,0.017109,7168,0,112561,0,0,0,0,4,1,1,6001222,1,30006082,0,2,lineitem,0,17.500366210937500000,14.579284667968750000,,
2026-07-29T14:15:04Z,314830FE78B8C328,16.14,queries/Functions/09-21_aggregate/bool_or.sql,3,3,1.603088,9.517,1383.810,0.209761,0.010220,0.022203,7168,0,112561,0,0,0,0,4,1,1,6001222,1,30006082,0,2,lineitem,0,15.911193847656250000,12.883789062500000000,,
2026-07-29T14:15:09Z,314830FE78B8C328,16.14,queries/Functions/09-21_aggregate/corr.sql,1,3,1.931628,6.106,1748.059,0.177463,0.003597,0.016267,7168,0,112561,0,0,0,0,4,1,1,6001222,1,78015995,0,2,lineitem,0,33.284362792968750000,29.646911621093750000,,
2026-07-29T14:15:14Z,314830FE78B8C328,16.14,queries/Functions/09-21_aggregate/corr.sql,2,3,1.904748,6.768,1710.409,0.187571,0.005412,0.013107,7168,0,112561,0,0,0,0,4,1,1,6001222,1,78015995,0,2,lineitem,0,32.894104003906250000,29.330017089843750000,,
2026-07-29T14:15:19Z,314830FE78B8C328,16.14,queries/Functions/09-21_aggregate/corr.sql,3,3,1.945834,6.424,1727.017,0.212393,0.014767,0.019526,7168,0,112561,0,0,0,0,4,1,1,6001222,1,78015995,0,2,lineitem,0,32.922546386718750000,29.274597167968750000,,
2026-07-29T14:15:24Z,314830FE78B8C328,16.14,queries/Functions/09-21_aggregate/count_col.sql,1,3,1.632917,6.273,1415.046,0.211598,0.011972,0.020596,7168,0,112561,0,0,0,0,4,1,1,6001222,1,162032861,0,2,lineitem,0,16.852783203125000000,13.775268554687500000,,
2026-07-29T14:15:29Z,314830FE78B8C328,16.14,queries/Functions/09-21_aggregate/count_col.sql,2,3,1.591098,6.304,1375.846,0.208948,0.011198,0.024243,7168,0,112561,0,0,0,0,4,1,1,6001222,1,162032861,0,2,lineitem,0,18.937927246093750000,15.933471679687500000,,
2026-07-29T14:15:34Z,314830FE78B8C328,16.14,queries/Functions/09-21_aggregate/count_col.sql,3,3,1.615406,5.935,1424.802,0.184669,0.009309,0.025951,7168,0,112561,0,0,0,0,4,1,1,6001222,1,162032861,0,2,lineitem,0,15.960510253906250000,12.882934570312500000,,
2026-07-29T14:15:38Z,314830FE78B8C328,16.14,queries/Functions/09-21_aggregate/count_distinct.sql,1,3,1.091065,7.341,872.319,0.211405,0.010128,0.024932,7168,0,9478,0,0,0,0,2,1,1,6001216,1,24004868,0,0,lineitem,0,8.383239746093750000,6.414001464843750000,,
2026-07-29T14:15:42Z,314830FE78B8C328,16.14,queries/Functions/09-21_aggregate/count_distinct.sql,2,3,1.047593,7.711,871.125,0.168757,0.007169,0.012558,7168,0,9478,0,0,0,0,2,1,1,6001216,1,24004868,0,0,lineitem,0,8.455261230468750000,6.560363769531250000,,
2026-07-29T14:15:46Z,314830FE78B8C328,16.14,queries/Functions/09-21_aggregate/count_distinct.sql,3,3,1.119436,6.155,898.855,0.214426,0.011947,0.023748,7168,0,9478,0,0,0,0,2,1,1,6001216,1,24004868,0,0,lineitem,0,8.430297851562500000,6.414428710937500000,,
2026-07-29T14:15:50Z,314830FE78B8C328,16.14,queries/Functions/09-21_aggregate/count_filter.sql,1,3,1.603242,5.565,1429.580,0.168097,0.007203,0.011718,7168,0,112561,0,0,0,0,4,1,1,6001222,1,24004916,0,2,lineitem,0,15.909667968750000000,12.847473144531250000,,
2026-07-29T14:15:55Z,314830FE78B8C328,16.14,queries/Functions/09-21_aggregate/count_filter.sql,2,3,1.541284,5.232,1419.180,0.116872,0.009301,0.007732,7168,0,112561,0,0,0,0,4,1,1,6001222,1,24004916,0,2,lineitem,0,16.422790527343750000,13.462463378906250000,,
2026-07-29T14:16:00Z,314830FE78B8C328,16.14,queries/Functions/09-21_aggregate/count_filter.sql,3,3,1.604936,5.632,1385.190,0.214114,0.011553,0.024032,7168,0,112561,0,0,0,0,4,1,1,6001222,1,24004916,0,2,lineitem,0,18.020996093750000000,14.993469238281250000,,
2026-07-29T14:16:04Z,314830FE78B8C328,16.14,queries/Functions/09-21_aggregate/count_star.sql,1,3,0.833062,7.958,616.919,0.208185,0.015982,0.019908,7168,8,9478,0,0,0,0,4,1,1,6001222,1,56,0,2,lineitem,0,7.405395507812500000,5.910522460937500000,,
2026-07-29T14:16:07Z,314830FE78B8C328,16.14,queries/Functions/09-21_aggregate/count_star.sql,2,3,0.819458,7.586,603.191,0.208681,0.011598,0.024648,7168,8,9478,0,0,0,0,4,1,1,6001222,1,56,0,2,lineitem,0,7.360229492187500000,5.889221191406250000,,
2026-07-29T14:16:11Z,314830FE78B8C328,16.14,queries/Functions/09-21_aggregate/count_star.sql,3,3,0.822999,8.209,602.936,0.211854,0.007246,0.028493,7168,8,9478,0,0,0,0,4,1,1,6001222,1,56,0,2,lineitem,0,7.405212402343750000,5.935302734375000000,,
2026-07-29T14:16:19Z,314830FE78B8C328,16.14,queries/Functions/09-21_aggregate/cume_dist_hypothetical.sql,1,3,4.924841,6.671,4660.780,0.257390,0.007895,0.017722,7168,8,112568,0,0,26025,32404,2,1,1,6001216,1,30006083,0,0,lineitem,0,51.655639648437500000,44.140014648437500000,,
2026-07-29T14:16:27Z,314830FE78B8C328,16.14,queries/Functions/09-21_aggregate/cume_dist_hypothetical.sql,2,3,4.944983,6.653,4674.355,0.263975,0.010386,0.022294,7168,8,112568,0,0,26025,32404,2,1,1,6001216,1,30006083,0,0,lineitem,0,52.026123046875000000,44.473144531250000000,,
2026-07-29T14:16:35Z,314830FE78B8C328,16.14,queries/Functions/09-21_aggregate/cume_dist_hypothetical.sql,3,3,4.951844,5.786,4682.240,0.263818,0.009303,0.024139,7168,8,112568,0,0,26025,32404,2,1,1,6001216,1,30006083,0,0,lineitem,0,52.410583496093750000,44.846069335937500000,,
2026-07-29T14:16:43Z,314830FE78B8C328,16.14,queries/Functions/09-21_aggregate/dense_rank_hypothetical.sql,1,3,5.119266,6.243,4854.754,0.258269,0.009461,0.021913,7168,8,112572,0,0,25605,32404,2,1,1,6001216,1,30006083,0,0,lineitem,0,54.770385742187500000,47.068908691406250000,,
2026-07-29T14:16:51Z,314830FE78B8C328,16.14,queries/Functions/09-21_aggregate/dense_rank_hypothetical.sql,2,3,5.162199,5.909,4887.172,0.269118,0.009918,0.024547,7168,8,112572,0,0,25605,32404,2,1,1,6001216,1,30006083,0,0,lineitem,0,54.988891601562500000,47.250122070312500000,,
2026-07-29T14:17:00Z,314830FE78B8C328,16.14,queries/Functions/09-21_aggregate/dense_rank_hypothetical.sql,3,3,5.146631,6.195,4877.884,0.262552,0.009644,0.024161,7168,8,112572,0,0,25605,32404,2,1,1,6001216,1,30006083,0,0,lineitem,0,54.812255859375000000,47.093200683593750000,,
2026-07-29T14:17:04Z,314830FE78B8C328,16.14,queries/Functions/09-21_aggregate/group_by.sql,1,3,1.631794,8.118,1421.600,0.202076,0.015895,0.015945,7168,14,112561,0,0,0,0,5,1,3,6001245,3,12002730,0,2,lineitem,0,21.666748046875000000,18.588134765625000000,,
2026-07-29T14:17:09Z,314830FE78B8C328,16.14,queries/Functions/09-21_aggregate/group_by.sql,2,3,1.644060,7.882,1428.590,0.207588,0.014392,0.019954,7168,14,112561,0,0,0,0,5,1,3,6001245,3,12002730,0,2,lineitem,0,21.057128906250000000,17.956970214843750000,,
2026-07-29T14:17:14Z,314830FE78B8C328,16.14,queries/Functions/09-21_aggregate/group_by.sql,3,3,1.609694,7.107,1415.289,0.187298,0.012122,0.024179,7040,14,112561,0,0,0,0,5,1,3,6001245,3,12002730,0,2,lineitem,0,21.854553222656250000,18.796936035156250000,,
2026-07-29T14:17:20Z,314830FE78B8C328,16.14,queries/Functions/09-21_aggregate/json_agg.sql,1,3,2.886021,7.645,2759.606,0.118770,0.001141,0.010234,7168,0,122035,0,0,0,0,2,1,1500000,7501215,373805,102009720,0,0,lineitem,0,30.885009765625000000,25.411071777343750000,,
2026-07-29T14:17:26Z,314830FE78B8C328,16.14,queries/Functions/09-21_aggregate/json_agg.sql,2,3,3.019687,7.337,2803.408,0.208942,0.010991,0.022673,7168,0,122035,0,0,0,0,2,1,1500000,7501215,373805,102009720,0,0,lineitem,0,31.350769042968750000,25.664550781250000000,,
2026-07-29T14:17:32Z,314830FE78B8C328,16.14,queries/Functions/09-21_aggregate/json_agg.sql,3,3,2.920300,7.294,2772.178,0.140828,0.005432,0.009114,7168,0,122035,0,0,0,0,2,1,1500000,7501215,373805,102009720,0,0,lineitem,0,31.066162109375000000,25.549011230468750000,,
2026-07-29T14:17:40Z,314830FE78B8C328,16.14,queries/Functions/09-21_aggregate/jsonb_agg.sql,1,3,4.546022,7.060,4327.639,0.211323,0.012921,0.020523,7168,0,122035,0,0,0,0,2,1,1500000,7501215,373805,102009720,0,0,lineitem,0,51.349548339843750000,42.899108886718750000,,
2026-07-29T14:17:47Z,314830FE78B8C328,16.14,queries/Functions/09-21_aggregate/jsonb_agg.sql,2,3,4.547975,7.279,4330.355,0.210341,0.013592,0.018621,7168,0,122035,0,0,0,0,2,1,1500000,7501215,373805,102009720,0,0,lineitem,0,51.200988769531250000,42.741882324218750000,,
2026-07-29T14:17:55Z,314830FE78B8C328,16.14,queries/Functions/09-21_aggregate/jsonb_agg.sql,3,3,4.607470,7.210,4392.181,0.208079,0.011078,0.020317,7168,0,122035,0,0,0,0,2,1,1500000,7501215,373805,102009720,0,0,lineitem,0,51.974853515625000000,43.395507812500000000,,
2026-07-29T14:17:59Z,314830FE78B8C328,16.14,queries/Functions/09-21_aggregate/max.sql,1,3,1.552082,10.016,1335.703,0.206363,0.007917,0.024174,7168,0,112561,0,0,0,0,4,1,1,6001222,1,24004888,0,2,lineitem,0,16.528564453125000000,13.585266113281250000,,
2026-07-29T14:18:04Z,314830FE78B8C328,16.14,queries/Functions/09-21_aggregate/max.sql,2,3,1.614667,10.065,1419.559,0.185043,0.016184,0.018214,7168,0,112561,0,0,0,0,4,1,1,6001222,1,24004888,0,2,lineitem,0,14.919433593750000000,11.845458984375000000,,
2026-07-29T14:18:09Z,314830FE78B8C328,16.14,queries/Functions/09-21_aggregate/max.sql,3,3,1.544280,10.053,1351.870,0.182357,0.002688,0.016111,7168,0,112561,0,0,0,0,4,1,1,6001222,1,24004888,0,2,lineitem,0,16.580078125000000000,13.658630371093750000,,
2026-07-29T14:18:14Z,314830FE78B8C328,16.14,queries/Functions/09-21_aggregate/min.sql,1,3,1.530785,9.991,1317.835,0.202959,0.014264,0.021713,7168,0,112561,0,0,0,0,4,1,1,6001222,1,24004888,0,2,lineitem,0,17.374572753906250000,14.475463867187500000,,
2026-07-29T14:18:18Z,314830FE78B8C328,16.14,queries/Functions/09-21_aggregate/min.sql,2,3,1.534301,9.417,1346.617,0.178267,0.005918,0.011855,7168,0,112561,0,0,0,0,4,1,1,6001222,1,24004888,0,2,lineitem,0,16.809143066406250000,13.895446777343750000,,
2026-07-29T14:18:23Z,314830FE78B8C328,16.14,queries/Functions/09-21_aggregate/min.sql,3,3,1.528554,7.586,1342.048,0.178920,0.015385,0.019306,7168,0,112561,0,0,0,0,4,1,1,6001222,1,24004888,0,2,lineitem,0,17.049743652343750000,14.139465332031250000,,
2026-07-29T14:18:29Z,314830FE78B8C328,16.14,queries/Functions/09-21_aggregate/mode.sql,1,3,3.236090,5.894,2955.430,0.274766,0.014071,0.021459,7168,4,112569,0,0,8821,8882,2,1,1,6001216,1,12002462,0,0,lineitem,0,32.849548339843750000,27.501831054687500000,,
2026-07-29T14:18:35Z,314830FE78B8C328,16.14,queries/Functions/09-21_aggregate/mode.sql,2,3,3.214351,5.930,2949.986,0.258435,0.013972,0.019073,7168,4,112569,0,0,8821,8882,2,1,1,6001216,1,12002462,0,0,lineitem,0,32.847229003906250000,27.515747070312500000,,
2026-07-29T14:18:42Z,314830FE78B8C328,16.14,queries/Functions/09-21_aggregate/mode.sql,3,3,3.241170,5.507,2972.877,0.262786,0.016416,0.017613,7168,4,112569,0,0,8821,8882,2,1,1,6001216,1,12002462,0,0,lineitem,0,33.115539550781250000,27.727600097656250000,,
2026-07-29T14:18:50Z,314830FE78B8C328,16.14,queries/Functions/09-21_aggregate/percent_rank_hypothetical.sql,1,3,4.940062,5.867,4670.078,0.264117,0.013670,0.021078,7168,8,112568,0,0,25605,32404,2,1,1,6001216,1,30006083,0,0,lineitem,0,52.120544433593750000,44.553527832031250000,,
2026-07-29T14:18:58Z,314830FE78B8C328,16.14,queries/Functions/09-21_aggregate/percent_rank_hypothetical.sql,2,3,4.926104,6.560,4655.669,0.263875,0.012250,0.020509,7168,8,112568,0,0,25605,32404,2,1,1,6001216,1,30006083,0,0,lineitem,0,51.852050781250000000,44.316162109375000000,,
2026-07-29T14:19:06Z,314830FE78B8C328,16.14,queries/Functions/09-21_aggregate/percent_rank_hypothetical.sql,3,3,4.944618,5.415,4679.782,0.259421,0.009568,0.023585,7168,8,112568,0,0,25605,32404,2,1,1,6001216,1,30006083,0,0,lineitem,0,52.523315429687500000,44.886596679687500000,,
2026-07-29T14:19:12Z,314830FE78B8C328,16.14,queries/Functions/09-21_aggregate/percentile_cont.sql,1,3,3.335557,5.979,3063.213,0.266365,0.008316,0.026923,7168,4,112566,0,0,13581,17665,2,1,1,6001216,1,30006083,0,0,lineitem,0,33.169311523437500000,27.395019531250000000,,
2026-07-29T14:19:18Z,314830FE78B8C328,16.14,queries/Functions/09-21_aggregate/percentile_cont.sql,2,3,3.249566,6.076,2985.926,0.257564,0.014107,0.019766,7168,4,112566,0,0,13581,17665,2,1,1,6001216,1,30006083,0,0,lineitem,0,32.956237792968750000,27.183715820312500000,,
2026-07-29T14:19:25Z,314830FE78B8C328,16.14,queries/Functions/09-21_aggregate/percentile_cont.sql,3,3,3.280378,6.180,3053.514,0.220684,0.005509,0.013891,7168,4,112566,0,0,13581,17665,2,1,1,6001216,1,30006083,0,0,lineitem,0,33.395507812500000000,27.579711914062500000,,
2026-07-29T14:19:31Z,314830FE78B8C328,16.14,queries/Functions/09-21_aggregate/percentile_cont_array.sql,1,3,3.398128,84.221,3006.684,0.307223,0.011396,0.016376,7168,4,112566,0,0,16981,17665,2,1,1,6001216,1,30006107,0,0,lineitem,0,34.476074218750000000,28.599243164062500000,,
2026-07-29T14:19:38Z,314830FE78B8C328,16.14,queries/Functions/09-21_aggregate/percentile_cont_array.sql,2,3,3.405058,6.172,3138.577,0.260309,0.013976,0.018782,7168,4,112566,0,0,16981,17665,2,1,1,6001216,1,30006107,0,0,lineitem,0,34.085144042968750000,28.273132324218750000,,
2026-07-29T14:19:44Z,314830FE78B8C328,16.14,queries/Functions/09-21_aggregate/percentile_cont_array.sql,3,3,3.396749,6.701,3127.751,0.262297,0.012138,0.022618,7168,4,112566,0,0,16981,17665,2,1,1,6001216,1,30006107,0,0,lineitem,0,35.001647949218750000,29.142333984375000000,,
2026-07-29T14:19:51Z,314830FE78B8C328,16.14,queries/Functions/09-21_aggregate/percentile_disc.sql,1,3,3.712854,5.769,3440.841,0.266244,0.009699,0.023726,7168,4,112565,0,0,10235,13279,2,1,1,6001216,1,30006107,0,0,lineitem,0,36.858886718750000000,30.775024414062500000,,
2026-07-29T14:19:58Z,314830FE78B8C328,16.14,queries/Functions/09-21_aggregate/percentile_disc.sql,2,3,3.689740,5.741,3420.652,0.263347,0.010198,0.025408,7168,4,112565,0,0,10235,13279,2,1,1,6001216,1,30006107,0,0,lineitem,0,36.708129882812500000,30.709350585937500000,,
2026-07-29T14:20:05Z,314830FE78B8C328,16.14,queries/Functions/09-21_aggregate/percentile_disc.sql,3,3,3.683323,5.977,3411.161,0.266185,0.016201,0.018938,7168,4,112565,0,0,10235,13279,2,1,1,6001216,1,30006107,0,0,lineitem,0,36.959594726562500000,30.851135253906250000,,
2026-07-29T14:20:13Z,314830FE78B8C328,16.14,queries/Functions/09-21_aggregate/rank_hypothetical.sql,1,3,4.927143,6.266,4654.892,0.265985,0.018372,0.017281,7168,8,112568,0,0,25605,32404,2,1,1,6001216,1,30006083,0,0,lineitem,0,52.035583496093750000,44.487976074218750000,,
2026-07-29T14:20:21Z,314830FE78B8C328,16.14,queries/Functions/09-21_aggregate/rank_hypothetical.sql,2,3,4.862483,128.741,4478.606,0.255136,0.013454,0.020469,7168,8,112568,0,0,25605,32404,2,1,1,6001216,1,30006083,0,0,lineitem,0,52.384704589843750000,44.952087402343750000,,
2026-07-29T14:20:29Z,314830FE78B8C328,16.14,queries/Functions/09-21_aggregate/rank_hypothetical.sql,3,3,4.931717,6.074,4662.653,0.262990,0.011135,0.022151,7168,8,112568,0,0,25605,32404,2,1,1,6001216,1,30006083,0,0,lineitem,0,52.332092285156250000,44.704101562500000000,,
2026-07-29T14:20:34Z,314830FE78B8C328,16.14,queries/Functions/09-21_aggregate/regr_slope.sql,1,3,1.926888,6.631,1723.011,0.197246,0.006768,0.015612,7168,0,112561,0,0,0,0,4,1,1,6001222,1,78015995,0,2,lineitem,0,33.076599121093750000,29.456848144531250000,,
2026-07-29T14:20:38Z,314830FE78B8C328,16.14,queries/Functions/09-21_aggregate/regr_slope.sql,2,3,1.963449,5.710,1744.621,0.213118,0.012308,0.023481,7168,0,112561,0,0,0,0,4,1,1,6001222,1,78015995,0,2,lineitem,0,33.672912597656250000,30.005371093750000000,,
2026-07-29T14:20:43Z,314830FE78B8C328,16.14,queries/Functions/09-21_aggregate/regr_slope.sql,3,3,1.938240,6.684,1723.723,0.207833,0.010973,0.023631,7168,0,112561,0,0,0,0,4,1,1,6001222,1,78015995,0,2,lineitem,0,33.036315917968750000,29.409423828125000000,,
2026-07-29T14:20:48Z,314830FE78B8C328,16.14,queries/Functions/09-21_aggregate/stddev.sql,1,3,1.613192,6.391,1406.306,0.200495,0.011049,0.023256,7168,0,112561,0,0,0,0,4,1,1,6001222,1,24005084,0,2,lineitem,0,21.650634765625000000,18.604858398437500000,,
2026-07-29T14:20:53Z,314830FE78B8C328,16.14,queries/Functions/09-21_aggregate/stddev.sql,2,3,1.645862,7.426,1428.272,0.210164,0.013012,0.022924,7168,0,112561,0,0,0,0,4,1,1,6001222,1,24005084,0,2,lineitem,0,22.178894042968750000,19.078735351562500000,,
2026-07-29T14:20:58Z,314830FE78B8C328,16.14,queries/Functions/09-21_aggregate/stddev.sql,3,3,1.651897,7.302,1440.444,0.204151,0.015270,0.018110,7168,0,112561,0,0,0,0,4,1,1,6001222,1,24005084,0,2,lineitem,0,22.157104492187500000,19.039978027343750000,,
2026-07-29T14:21:03Z,314830FE78B8C328,16.14,queries/Functions/09-21_aggregate/stddev_pop.sql,1,3,1.623207,7.289,1404.758,0.211160,0.013186,0.022463,7168,0,112561,0,0,0,0,4,1,1,6001222,1,24005084,0,2,lineitem,0,21.829162597656250000,18.771606445312500000,,
2026-07-29T14:21:07Z,314830FE78B8C328,16.14,queries/Functions/09-21_aggregate/stddev_pop.sql,2,3,1.641189,7.187,1430.657,0.203345,0.009542,0.025638,7168,0,112561,0,0,0,0,4,1,1,6001222,1,24005084,0,2,lineitem,0,21.417114257812500000,18.319702148437500000,,
2026-07-29T14:21:12Z,314830FE78B8C328,16.14,queries/Functions/09-21_aggregate/stddev_pop.sql,3,3,1.630557,7.485,1416.921,0.206151,0.007176,0.027804,7168,0,112561,0,0,0,0,4,1,1,6001222,1,24005084,0,2,lineitem,0,21.561340332031250000,18.482177734375000000,,
2026-07-29T14:21:19Z,314830FE78B8C328,16.14,queries/Functions/09-21_aggregate/string_agg.sql,1,3,3.359106,7.982,3138.482,0.212642,0.012880,0.020978,7168,0,122035,0,0,0,0,2,1,1500000,7501215,373805,90007290,0,0,lineitem,0,35.438232421875000000,29.138488769531250000,,
2026-07-29T14:21:25Z,314830FE78B8C328,16.14,queries/Functions/09-21_aggregate/string_agg.sql,2,3,3.355154,7.808,3132.790,0.214556,0.010527,0.024044,7168,0,122035,0,0,0,0,2,1,1500000,7501215,373805,90007290,0,0,lineitem,0,35.572631835937500000,29.270385742187500000,,
2026-07-29T14:21:31Z,314830FE78B8C328,16.14,queries/Functions/09-21_aggregate/string_agg.sql,3,3,3.364607,6.826,3143.409,0.214372,0.013551,0.021354,7296,0,122035,0,0,0,0,2,1,1500000,7501215,373805,90007290,0,0,lineitem,0,35.880981445312500000,29.561340332031250000,,
2026-07-29T14:21:36Z,314830FE78B8C328,16.14,queries/Functions/09-21_aggregate/sum.sql,1,3,1.618048,7.176,1404.133,0.206739,0.015193,0.018070,7168,0,112561,0,0,0,0,4,1,1,6001222,1,30006299,0,2,lineitem,0,14.087585449218750000,11.036376953125000000,,
2026-07-29T14:21:41Z,314830FE78B8C328,16.14,queries/Functions/09-21_aggregate/sum.sql,2,3,1.594475,7.673,1375.779,0.211023,0.008319,0.026666,7168,0,112561,0,0,0,0,4,1,1,6001222,1,30006299,0,2,lineitem,0,17.299560546875000000,14.293334960937500000,,
2026-07-29T14:21:45Z,314830FE78B8C328,16.14,queries/Functions/09-21_aggregate/sum.sql,3,3,1.585604,7.366,1395.525,0.182713,0.014890,0.019981,7168,0,112561,0,0,0,0,4,1,1,6001222,1,30006299,0,2,lineitem,0,15.368469238281250000,12.349975585937500000,,
2026-07-29T14:21:50Z,314830FE78B8C328,16.14,queries/Functions/09-21_aggregate/sum_filter.sql,1,3,1.602174,6.572,1398.446,0.197156,0.006165,0.028797,7168,0,112561,0,0,0,0,4,1,1,6001222,1,42008729,0,2,lineitem,0,15.551696777343750000,12.500366210937500000,,
2026-07-29T14:21:55Z,314830FE78B8C328,16.14,queries/Functions/09-21_aggregate/sum_filter.sql,2,3,1.642333,6.779,1410.565,0.224989,0.016191,0.018835,7168,0,112561,0,0,0,0,4,1,1,6001222,1,42008729,0,2,lineitem,0,16.099670410156250000,13.010375976562500000,,
2026-07-29T14:22:00Z,314830FE78B8C328,16.14,queries/Functions/09-21_aggregate/sum_filter.sql,3,3,1.599228,6.996,1378.184,0.214048,0.015136,0.019533,7168,0,112561,0,0,0,0,4,1,1,6001222,1,42008729,0,2,lineitem,0,18.181335449218750000,15.153076171875000000,,
2026-07-29T14:22:05Z,314830FE78B8C328,16.14,queries/Functions/09-21_aggregate/sum_float8.sql,1,3,1.645609,6.177,1449.146,0.190286,0.012520,0.022656,7168,0,112561,0,0,0,0,4,1,1,6001222,1,30006131,0,2,lineitem,0,22.649902343750000000,19.531921386718750000,,
2026-07-29T14:22:09Z,314830FE78B8C328,16.14,queries/Functions/09-21_aggregate/sum_float8.sql,2,3,1.702406,6.585,1489.324,0.206497,0.009502,0.018618,7168,0,112561,0,0,0,0,4,1,1,6001222,1,30006131,0,2,lineitem,0,22.787475585937500000,19.578186035156250000,,
2026-07-29T14:22:14Z,314830FE78B8C328,16.14,queries/Functions/09-21_aggregate/sum_float8.sql,3,3,1.663618,6.122,1443.640,0.213856,0.020220,0.015199,7168,0,112561,0,0,0,0,4,1,1,6001222,1,30006131,0,2,lineitem,0,22.693908691406250000,19.548339843750000000,,
2026-07-29T14:22:19Z,314830FE78B8C328,16.14,queries/Functions/09-21_aggregate/var_pop.sql,1,3,1.601881,7.590,1425.409,0.168882,0.004824,0.022820,7168,0,112561,0,0,0,0,4,1,1,6001222,1,24005084,0,2,lineitem,0,21.664855957031250000,18.649108886718750000,,
2026-07-29T14:22:24Z,314830FE78B8C328,16.14,queries/Functions/09-21_aggregate/var_pop.sql,2,3,1.613953,7.523,1402.554,0.203876,0.012110,0.021115,7168,0,112561,0,0,0,0,4,1,1,6001222,1,24005084,0,2,lineitem,0,21.993347167968750000,18.952209472656250000,,
2026-07-29T14:22:29Z,314830FE78B8C328,16.14,queries/Functions/09-21_aggregate/var_pop.sql,3,3,1.659675,7.385,1436.753,0.215537,0.009225,0.025756,7168,0,112561,0,0,0,0,4,1,1,6001222,1,24005084,0,2,lineitem,0,22.018798828125000000,18.887512207031250000,,
2026-07-29T14:22:33Z,314830FE78B8C328,16.14,queries/Functions/09-21_aggregate/variance.sql,1,3,1.643001,7.201,1423.248,0.212552,0.013424,0.021243,7168,0,112561,0,0,0,0,4,1,1,6001222,1,24005084,0,2,lineitem,0,21.726379394531250000,18.627929687500000000,,
2026-07-29T14:22:38Z,314830FE78B8C328,16.14,queries/Functions/09-21_aggregate/variance.sql,2,3,1.648189,7.123,1425.892,0.215174,0.007638,0.026581,7168,0,112561,0,0,0,0,4,1,1,6001222,1,24005084,0,2,lineitem,0,21.801513671875000000,18.686035156250000000,,
2026-07-29T14:22:43Z,314830FE78B8C328,16.14,queries/Functions/09-21_aggregate/variance.sql,3,3,1.620588,7.380,1406.159,0.207049,0.006845,0.028212,7168,0,112561,0,0,0,0,4,1,1,6001222,1,24005084,0,2,lineitem,0,22.127990722656250000,19.056884765625000000,,
2026-07-29T14:22:51Z,314830FE78B8C328,16.14,queries/Functions/09-22_window/avg_over.sql,1,3,5.487560,7.785,5211.822,0.267953,0.010661,0.024401,7168,3,112561,0,0,27902,27998,3,1,6001215,18003645,6001325,324065610,0,0,lineitem,0,58.445861816406250000,50.833374023437500000,,
2026-07-29T14:23:00Z,314830FE78B8C328,16.14,queries/Functions/09-22_window/avg_over.sql,2,3,5.467142,7.347,5197.950,0.261845,0.009707,0.023101,7168,3,112561,0,0,27902,27998,3,1,6001215,18003645,6001325,324065610,0,0,lineitem,0,58.506958007812500000,50.827209472656250000,,
2026-07-29T14:23:08Z,314830FE78B8C328,16.14,queries/Functions/09-22_window/avg_over.sql,3,3,5.432067,6.797,5157.157,0.268113,0.007672,0.025836,7168,3,112561,0,0,27902,27998,3,1,6001215,18003645,6001325,324065610,0,0,lineitem,0,58.628479003906250000,51.004943847656250000,,
2026-07-29T14:23:16Z,314830FE78B8C328,16.14,queries/Functions/09-22_window/count_over.sql,1,3,5.145800,8.180,4867.239,0.270381,0.009853,0.022549,7168,3,112561,0,0,17631,17665,3,1,6001215,18003645,6001325,120024300,0,0,lineitem,0,52.101989746093750000,44.977111816406250000,,
2026-07-29T14:23:25Z,314830FE78B8C328,16.14,queries/Functions/09-22_window/count_over.sql,2,3,5.136197,6.483,4861.174,0.268540,0.006923,0.027481,7168,3,112561,0,0,17631,17665,3,1,6001215,18003645,6001325,120024300,0,0,lineitem,0,53.080871582031250000,46.034484863281250000,,
2026-07-29T14:23:33Z,314830FE78B8C328,16.14,queries/Functions/09-22_window/count_over.sql,3,3,4.923962,82.852,4594.907,0.246203,0.008033,0.026074,7168,3,112561,0,0,17631,17665,3,1,6001215,18003645,6001325,120024300,0,0,lineitem,0,52.783142089843750000,46.050964355468750000,,
2026-07-29T14:23:57Z,314830FE78B8C328,16.14,queries/Functions/09-22_window/cume_dist.sql,1,3,20.895617,6.952,20620.809,0.267856,0.012401,0.020682,7168,3,112561,0,0,12091889,30852,3,1,6001215,18003645,6001325,120024300,0,0,lineitem,0,211.233947753906250000,189.926879882812500000,,
2026-07-29T14:24:20Z,314830FE78B8C328,16.14,queries/Functions/09-22_window/cume_dist.sql,2,3,20.724054,6.284,20458.853,0.258917,0.010522,0.022020,7168,3,112561,0,0,12091889,30852,3,1,6001215,18003645,6001325,120024300,0,0,lineitem,0,210.068725585937500000,188.852722167968750000,,
2026-07-29T14:24:44Z,314830FE78B8C328,16.14,queries/Functions/09-22_window/cume_dist.sql,3,3,20.721725,6.171,20476.672,0.238882,0.008102,0.010808,7168,3,112561,0,0,12091889,30852,3,1,6001215,18003645,6001325,120024300,0,0,lineitem,0,209.140502929687500000,188.004272460937500000,,
2026-07-29T14:24:52Z,314830FE78B8C328,16.14,queries/Functions/09-22_window/dense_rank.sql,1,3,5.037069,7.032,4766.205,0.263832,0.011673,0.020566,7168,3,112561,0,0,17631,17665,3,1,6001215,18003645,6001325,120024300,0,0,lineitem,0,50.893493652343750000,43.754943847656250000,,
2026-07-29T14:25:01Z,314830FE78B8C328,16.14,queries/Functions/09-22_window/dense_rank.sql,2,3,5.008853,6.911,4740.566,0.261376,0.011521,0.020564,7168,3,112561,0,0,17631,17665,3,1,6001215,18003645,6001325,120024300,0,0,lineitem,0,50.855529785156250000,43.834350585937500000,,
2026-07-29T14:25:08Z,314830FE78B8C328,16.14,queries/Functions/09-22_window/dense_rank.sql,3,3,4.869988,6.970,4606.733,0.256285,0.014685,0.015564,7168,3,112561,0,0,17631,17665,3,1,6001215,18003645,6001325,120024300,0,0,lineitem,0,50.480834960937500000,43.692382812500000000,,
2026-07-29T14:25:44Z,314830FE78B8C328,16.14,queries/Functions/09-22_window/first_value.sql,1,3,32.144147,7.207,31871.967,0.264973,0.006815,0.026446,7168,3,112561,0,0,23704848,44848,3,1,6001215,18003645,6001325,324065610,0,0,lineitem,0,322.624145507812500000,291.092529296875000000,,
2026-07-29T14:26:20Z,314830FE78B8C328,16.14,queries/Functions/09-22_window/first_value.sql,2,3,32.862871,6.961,32615.658,0.240252,0.010864,0.020667,7168,3,112561,0,0,23704848,44848,3,1,6001215,18003645,6001325,324065610,0,0,lineitem,0,335.611022949218750000,303.395812988281250000,,
2026-07-29T14:26:55Z,314830FE78B8C328,16.14,queries/Functions/09-22_window/first_value.sql,3,3,32.200358,8.283,31927.747,0.264328,0.008764,0.023581,7168,3,112561,0,0,23704848,44848,3,1,6001215,18003645,6001325,324065610,0,0,lineitem,0,323.295959472656250000,291.690856933593750000,,
2026-07-29T14:27:03Z,314830FE78B8C328,16.14,queries/Functions/09-22_window/first_value_part_1500k.sql,1,3,5.130197,8.730,4906.427,0.215040,0.012558,0.019430,7168,6,122035,0,0,0,0,3,1,6001215,18003645,6001325,396080190,0,0,lineitem,0,58.825866699218750000,49.366821289062500000,,
2026-07-29T14:27:11Z,314830FE78B8C328,16.14,queries/Functions/09-22_window/first_value_part_1500k.sql,2,3,5.139722,7.791,4917.683,0.214248,0.010524,0.020748,7168,6,122035,0,0,0,0,3,1,6001215,18003645,6001325,396080190,0,0,lineitem,0,58.855224609375000000,49.383422851562500000,,
2026-07-29T14:27:19Z,314830FE78B8C328,16.14,queries/Functions/09-22_window/first_value_part_1500k.sql,3,3,5.099046,8.903,4902.580,0.187563,0.010612,0.023062,7168,6,122035,0,0,0,0,3,1,6001215,18003645,6001325,396080190,0,0,lineitem,0,59.090820312500000000,49.656372070312500000,,
2026-07-29T14:27:29Z,314830FE78B8C328,16.14,queries/Functions/09-22_window/first_value_part_200k.sql,1,3,6.297393,8.193,6022.856,0.266344,0.010892,0.023585,7168,6,112561,0,0,33777,33873,3,1,6001215,18003645,6001325,396080190,0,0,lineitem,0,68.683593750000000000,60.071472167968750000,,
2026-07-29T14:27:38Z,314830FE78B8C328,16.14,queries/Functions/09-22_window/first_value_part_200k.sql,2,3,6.299195,7.664,6025.533,0.265998,0.012598,0.019677,7168,6,112561,0,0,33777,33873,3,1,6001215,18003645,6001325,396080190,0,0,lineitem,0,67.714599609375000000,59.155212402343750000,,
2026-07-29T14:27:48Z,314830FE78B8C328,16.14,queries/Functions/09-22_window/first_value_part_200k.sql,3,3,6.335659,7.885,6056.712,0.271062,0.013906,0.019586,7168,6,112561,0,0,33777,33873,3,1,6001215,18003645,6001325,396080190,0,0,lineitem,0,68.069702148437500000,59.284240722656250000,,
2026-07-29T14:28:25Z,314830FE78B8C328,16.14,queries/Functions/09-22_window/first_value_part_3.sql,1,3,34.639320,7.629,34366.953,0.264738,0.019362,0.013117,7168,6,112561,0,0,23017650,49252,3,1,6001215,18003645,6001325,360072900,0,0,lineitem,0,352.399414062500000000,318.197753906250000000,,
2026-07-29T14:29:03Z,314830FE78B8C328,16.14,queries/Functions/09-22_window/first_value_part_3.sql,2,3,34.251514,7.828,33979.468,0.264218,0.015553,0.016647,7168,6,112561,0,0,23017650,49252,3,1,6001215,18003645,6001325,360072900,0,0,lineitem,0,433.221679687500000000,397.688232421875000000,,
2026-07-29T14:29:41Z,314830FE78B8C328,16.14,queries/Functions/09-22_window/first_value_part_3.sql,3,3,34.914791,7.320,34643.474,0.263997,0.008978,0.024257,7168,6,112561,0,0,23017650,49252,3,1,6001215,18003645,6001325,360072900,0,0,lineitem,0,359.995178222656250000,325.751098632812500000,,
2026-07-29T14:29:57Z,314830FE78B8C328,16.14,queries/Functions/09-22_window/frame_exclude_current.sql,1,3,12.667946,7.837,12391.407,0.268702,0.014365,0.017810,7168,3,112561,0,0,27902,27998,3,1,6001215,18003645,6001325,324065610,0,0,lineitem,0,145.443115234375000000,131.312988281250000000,,
2026-07-29T14:30:13Z,314830FE78B8C328,16.14,queries/Functions/09-22_window/frame_exclude_current.sql,2,3,12.671179,7.553,12397.861,0.265765,0.013402,0.018003,7040,3,112561,0,0,27902,27998,3,1,6001215,18003645,6001325,324065610,0,0,lineitem,0,146.648986816406250000,132.352539062500000000,,
2026-07-29T14:30:29Z,314830FE78B8C328,16.14,queries/Functions/09-22_window/frame_exclude_current.sql,3,3,12.656636,126.011,12360.626,0.169999,0.004471,0.008477,7168,3,112561,0,0,27902,27998,3,1,6001215,18003645,6001325,324065610,0,0,lineitem,0,145.645202636718750000,131.485595703125000000,,
2026-07-29T14:30:39Z,314830FE78B8C328,16.14,queries/Functions/09-22_window/frame_groups.sql,1,3,7.464443,7.967,7189.032,0.267444,0.011975,0.021709,7168,3,112561,0,0,27902,27998,3,1,6001215,18003645,6001325,324065610,0,0,lineitem,0,84.517944335937500000,75.116455078125000000,,
2026-07-29T14:30:50Z,314830FE78B8C328,16.14,queries/Functions/09-22_window/frame_groups.sql,2,3,7.447365,7.455,7180.416,0.259494,0.010260,0.021127,7168,3,112561,0,0,27902,27998,3,1,6001215,18003645,6001325,324065610,0,0,lineitem,0,83.720153808593750000,74.455810546875000000,,
2026-07-29T14:31:00Z,314830FE78B8C328,16.14,queries/Functions/09-22_window/frame_groups.sql,3,3,7.401546,7.133,7129.790,0.264623,0.012557,0.019277,7168,3,112561,0,0,27902,27998,3,1,6001215,18003645,6001325,324065610,0,0,lineitem,0,82.807067871093750000,73.487121582031250000,,
2026-07-29T14:31:10Z,314830FE78B8C328,16.14,queries/Functions/09-22_window/frame_rows_centered.sql,1,3,6.679134,7.770,6405.023,0.266341,0.006175,0.025414,7168,3,112561,0,0,27902,27998,3,1,6001215,18003645,6001325,324065610,0,0,lineitem,0,73.532226562500000000,64.858398437500000000,,
2026-07-29T14:31:20Z,314830FE78B8C328,16.14,queries/Functions/09-22_window/frame_rows_centered.sql,2,3,6.738917,8.082,6464.635,0.266200,0.010417,0.021684,7168,3,112561,0,0,27902,27998,3,1,6001215,18003645,6001325,324065610,0,0,lineitem,0,73.936401367187500000,65.110534667968750000,,
2026-07-29T14:31:30Z,314830FE78B8C328,16.14,queries/Functions/09-22_window/frame_rows_centered.sql,3,3,6.652526,6.512,6378.066,0.267948,0.009633,0.024133,7168,3,112561,0,0,27902,27998,3,1,6001215,18003645,6001325,324065610,0,0,lineitem,0,73.387878417968750000,64.664978027343750000,,
2026-07-29T14:31:54Z,314830FE78B8C328,16.14,queries/Functions/09-22_window/frame_rows_following.sql,1,3,21.720831,8.213,21446.913,0.265705,0.007977,0.024478,7168,3,112561,0,0,12114553,44848,3,1,6001215,18003645,6001325,324065610,0,0,lineitem,0,225.896179199218750000,203.352783203125000000,,
2026-07-29T14:32:19Z,314830FE78B8C328,16.14,queries/Functions/09-22_window/frame_rows_following.sql,2,3,21.303451,7.794,21031.307,0.264350,0.008888,0.023506,7168,3,112561,0,0,12114553,44848,3,1,6001215,18003645,6001325,324065610,0,0,lineitem,0,218.500976562500000000,196.433898925781250000,,
2026-07-29T14:32:43Z,314830FE78B8C328,16.14,queries/Functions/09-22_window/frame_rows_following.sql,3,3,21.321885,7.914,21091.995,0.221976,0.008090,0.010639,7168,3,112561,0,0,12114553,44848,3,1,6001215,18003645,6001325,324065610,0,0,lineitem,0,220.828979492187500000,198.551086425781250000,,
2026-07-29T14:32:52Z,314830FE78B8C328,16.14,queries/Functions/09-22_window/frame_rows_running.sql,1,3,5.750885,7.702,5555.778,0.187405,0.005307,0.013183,7168,3,112561,0,0,27902,27998,3,1,6001215,18003645,6001325,324065610,0,0,lineitem,0,63.644409179687500000,55.751220703125000000,,
2026-07-29T14:33:01Z,314830FE78B8C328,16.14,queries/Functions/09-22_window/frame_rows_running.sql,2,3,5.774158,7.047,5553.752,0.213359,0.012375,0.021387,7168,3,112561,0,0,27902,27998,3,1,6001215,18003645,6001325,324065610,0,0,lineitem,0,63.202941894531250000,55.356384277343750000,,
2026-07-29T14:33:10Z,314830FE78B8C328,16.14,queries/Functions/09-22_window/frame_rows_running.sql,3,3,5.741980,8.125,5533.328,0.200527,0.013985,0.020202,7168,3,112561,0,0,27902,27998,3,1,6001215,18003645,6001325,324065610,0,0,lineitem,0,63.561218261718750000,55.633178710937500000,,
2026-07-29T14:33:18Z,314830FE78B8C328,16.14,queries/Functions/09-22_window/lag.sql,1,3,5.015838,7.207,4743.089,0.265542,0.009262,0.024387,7168,3,112561,0,0,27902,27998,3,1,6001215,18003645,6001325,324065610,0,0,lineitem,0,54.809448242187500000,47.330139160156250000,,
2026-07-29T14:33:26Z,314830FE78B8C328,16.14,queries/Functions/09-22_window/lag.sql,2,3,5.050654,7.943,4777.668,0.265043,0.012263,0.018640,7168,3,112561,0,0,27902,27998,3,1,6001215,18003645,6001325,324065610,0,0,lineitem,0,54.278137207031250000,46.933837890625000000,,
2026-07-29T14:33:34Z,314830FE78B8C328,16.14,queries/Functions/09-22_window/lag.sql,3,3,5.051537,7.205,4770.442,0.273890,0.011208,0.022738,7168,3,112561,0,0,27902,27998,3,1,6001215,18003645,6001325,324065610,0,0,lineitem,0,54.188354492187500000,46.865051269531250000,,
2026-07-29T14:33:42Z,314830FE78B8C328,16.14,queries/Functions/09-22_window/last_value.sql,1,3,5.138390,8.063,4865.429,0.264898,0.015062,0.016837,7168,3,112561,0,0,27902,27998,3,1,6001215,18003645,6001325,324065610,0,0,lineitem,0,56.311584472656250000,48.878417968750000000,,
2026-07-29T14:33:51Z,314830FE78B8C328,16.14,queries/Functions/09-22_window/last_value.sql,2,3,5.142746,6.995,4946.516,0.189235,0.002466,0.014751,7168,3,112561,0,0,27902,27998,3,1,6001215,18003645,6001325,324065610,0,0,lineitem,0,56.473510742187500000,49.115478515625000000,,
2026-07-29T14:33:59Z,314830FE78B8C328,16.14,queries/Functions/09-22_window/last_value.sql,3,3,5.187708,7.189,4915.190,0.265329,0.014412,0.019894,7168,3,112561,0,0,27902,27998,3,1,6001215,18003645,6001325,324065610,0,0,lineitem,0,56.437561035156250000,49.021240234375000000,,
2026-07-29T14:34:07Z,314830FE78B8C328,16.14,queries/Functions/09-22_window/last_value_part_1500k.sql,1,3,5.130984,8.241,4931.091,0.191652,0.010929,0.007876,7168,6,122035,0,0,0,0,3,1,6001215,18003645,6001325,396080190,0,0,lineitem,0,58.798278808593750000,49.329895019531250000,,
2026-07-29T14:34:15Z,314830FE78B8C328,16.14,queries/Functions/09-22_window/last_value_part_1500k.sql,2,3,5.153046,8.211,4972.210,0.172625,0.004457,0.014984,7168,6,122035,0,0,0,0,3,1,6001215,18003645,6001325,396080190,0,0,lineitem,0,59.977172851562500000,50.458557128906250000,,
2026-07-29T14:34:24Z,314830FE78B8C328,16.14,queries/Functions/09-22_window/last_value_part_1500k.sql,3,3,5.206036,8.451,4983.571,0.214014,0.011770,0.020589,7168,6,122035,0,0,0,0,3,1,6001215,18003645,6001325,396080190,0,0,lineitem,0,59.570800781250000000,49.975524902343750000,,
2026-07-29T14:34:32Z,314830FE78B8C328,16.14,queries/Functions/09-22_window/lead.sql,1,3,5.081137,7.599,4810.966,0.262572,0.013341,0.017991,7168,3,112561,0,0,27902,27998,3,1,6001215,18003645,6001325,324065610,0,0,lineitem,0,54.758239746093750000,47.489685058593750000,,
2026-07-29T14:34:40Z,314830FE78B8C328,16.14,queries/Functions/09-22_window/lead.sql,2,3,4.979985,7.993,4781.824,0.190168,0.004544,0.014444,7168,3,112561,0,0,27902,27998,3,1,6001215,18003645,6001325,324065610,0,0,lineitem,0,54.298034667968750000,47.068359375000000000,,
2026-07-29T14:34:47Z,314830FE78B8C328,16.14,queries/Functions/09-22_window/lead.sql,3,3,4.613748,7.501,4457.184,0.149063,0.004816,0.008345,7168,3,112561,0,0,27902,27998,3,1,6001215,18003645,6001325,324065610,0,0,lineitem,0,53.155151367187500000,46.707397460937500000,,
2026-07-29T14:35:22Z,314830FE78B8C328,16.14,queries/Functions/09-22_window/nth_value.sql,1,3,32.188739,7.331,31915.097,0.266311,0.011631,0.022088,7168,3,112561,0,0,23704848,44848,3,1,6001215,18003645,6001325,324065610,0,0,lineitem,0,324.432373046875000000,292.686035156250000000,,
2026-07-29T14:35:58Z,314830FE78B8C328,16.14,queries/Functions/09-22_window/nth_value.sql,2,3,32.384671,7.457,32208.376,0.168838,0.008374,0.008050,7168,3,112561,0,0,23704848,44848,3,1,6001215,18003645,6001325,324065610,0,0,lineitem,0,330.583068847656250000,298.962585449218750000,,
2026-07-29T14:36:33Z,314830FE78B8C328,16.14,queries/Functions/09-22_window/nth_value.sql,3,3,32.134264,7.983,31925.106,0.201175,0.007200,0.014769,7168,3,112561,0,0,23704848,44848,3,1,6001215,18003645,6001325,324065610,0,0,lineitem,0,322.533813476562500000,291.217285156250000000,,
2026-07-29T14:36:41Z,314830FE78B8C328,16.14,queries/Functions/09-22_window/ntile.sql,1,3,4.624815,6.676,4350.934,0.267205,0.013204,0.019160,7168,3,112561,0,0,30818,30852,3,1,6001215,18003645,6001325,96019440,0,0,lineitem,0,45.477050781250000000,38.735595703125000000,,
2026-07-29T14:36:49Z,314830FE78B8C328,16.14,queries/Functions/09-22_window/ntile.sql,2,3,4.507992,7.336,4238.786,0.261870,0.013745,0.022707,7040,3,112561,0,0,30818,30852,3,1,6001215,18003645,6001325,96019440,0,0,lineitem,0,45.184020996093750000,38.714599609375000000,,
2026-07-29T14:36:56Z,314830FE78B8C328,16.14,queries/Functions/09-22_window/ntile.sql,3,3,4.430172,6.423,4185.940,0.237809,0.014677,0.019456,7168,3,112561,0,0,30818,30852,3,1,6001215,18003645,6001325,96019440,0,0,lineitem,0,45.120178222656250000,38.543640136718750000,,
2026-07-29T14:37:06Z,314830FE78B8C328,16.14,queries/Functions/09-22_window/partition_by.sql,1,3,6.582462,7.295,6311.603,0.263564,0.013742,0.020072,7168,6,112561,0,0,23499,23583,3,1,6001215,18003645,6001325,156031590,0,0,lineitem,0,70.445800781250000000,61.499450683593750000,,
2026-07-29T14:37:15Z,314830FE78B8C328,16.14,queries/Functions/09-22_window/partition_by.sql,2,3,6.547732,5.912,6278.746,0.263074,0.010413,0.021592,7168,6,112561,0,0,23499,23583,3,1,6001215,18003645,6001325,156031590,0,0,lineitem,0,70.721313476562500000,61.972717285156250000,,
2026-07-29T14:37:25Z,314830FE78B8C328,16.14,queries/Functions/09-22_window/partition_by.sql,3,3,6.628384,7.286,6353.340,0.267758,0.011549,0.021413,7168,6,112561,0,0,23499,23583,3,1,6001215,18003645,6001325,156031590,0,0,lineitem,0,70.593994140625000000,61.751647949218750000,,
2026-07-29T14:37:34Z,314830FE78B8C328,16.14,queries/Functions/09-22_window/percent_rank.sql,1,3,6.157014,6.681,5971.868,0.178465,0.002521,0.012227,7168,3,112561,0,0,70504,30852,3,1,6001215,18003645,6001325,120024300,0,0,lineitem,0,66.466491699218750000,58.466308593750000000,,
2026-07-29T14:37:44Z,314830FE78B8C328,16.14,queries/Functions/09-22_window/percent_rank.sql,2,3,6.178252,6.258,5955.928,0.216066,0.009578,0.014042,7168,3,112561,0,0,70504,30852,3,1,6001215,18003645,6001325,120024300,0,0,lineitem,0,66.609313964843750000,58.563476562500000000,,
2026-07-29T14:37:53Z,314830FE78B8C328,16.14,queries/Functions/09-22_window/percent_rank.sql,3,3,6.283542,8.293,6007.054,0.268195,0.016011,0.018814,7168,3,112561,0,0,70504,30852,3,1,6001215,18003645,6001325,120024300,0,0,lineitem,0,66.001831054687500000,57.792724609375000000,,
2026-07-29T14:38:01Z,314830FE78B8C328,16.14,queries/Functions/09-22_window/rank.sql,1,3,4.996793,6.750,4752.653,0.237390,0.014061,0.019430,7168,3,112561,0,0,17631,17665,3,1,6001215,18003645,6001325,120024300,0,0,lineitem,0,50.956726074218750000,43.979309082031250000,,
2026-07-29T14:38:09Z,314830FE78B8C328,16.14,queries/Functions/09-22_window/rank.sql,2,3,4.796915,6.862,4627.527,0.162526,0.003316,0.007622,7168,3,112561,0,0,17631,17665,3,1,6001215,18003645,6001325,120024300,0,0,lineitem,0,50.945739746093750000,44.280395507812500000,,
2026-07-29T14:38:17Z,314830FE78B8C328,16.14,queries/Functions/09-22_window/rank.sql,3,3,5.090347,6.868,4850.887,0.232592,0.010200,0.023059,7168,3,112561,0,0,17631,17665,3,1,6001215,18003645,6001325,120024300,0,0,lineitem,0,51.200622558593750000,44.079956054687500000,,
2026-07-29T14:38:25Z,314830FE78B8C328,16.14,queries/Functions/09-22_window/row_number.sql,1,3,4.365286,6.686,4122.320,0.236280,0.007920,0.010937,7168,3,112561,0,0,17631,17665,3,1,6001215,18003645,6001325,120024300,0,0,lineitem,0,42.965576171875000000,36.569091796875000000,,
2026-07-29T14:38:32Z,314830FE78B8C328,16.14,queries/Functions/09-22_window/row_number.sql,2,3,4.344112,6.933,4071.593,0.265586,0.009401,0.023523,7168,3,112561,0,0,17631,17665,3,1,6001215,18003645,6001325,120024300,0,0,lineitem,0,43.212097167968750000,36.815246582031250000,,
2026-07-29T14:38:39Z,314830FE78B8C328,16.14,queries/Functions/09-22_window/row_number.sql,3,3,4.358084,5.988,4109.563,0.242533,0.005866,0.030262,7168,3,112561,0,0,17631,17665,3,1,6001215,18003645,6001325,120024300,0,0,lineitem,0,43.019226074218750000,36.480834960937500000,,
2026-07-29T14:38:47Z,314830FE78B8C328,16.14,queries/Functions/09-22_window/row_number_part_1500k.sql,1,3,4.347838,6.850,4173.208,0.167780,0.008908,0.010207,7168,6,122035,0,0,0,0,3,1,6001215,18003645,6001325,192038880,0,0,lineitem,0,48.681518554687500000,40.596374511718750000,,
2026-07-29T14:38:54Z,314830FE78B8C328,16.14,queries/Functions/09-22_window/row_number_part_1500k.sql,2,3,4.417252,7.186,4238.824,0.171242,0.009917,0.008999,7168,6,122035,0,0,0,0,3,1,6001215,18003645,6001325,192038880,0,0,lineitem,0,49.516174316406250000,41.296447753906250000,,
2026-07-29T14:39:02Z,314830FE78B8C328,16.14,queries/Functions/09-22_window/row_number_part_1500k.sql,3,3,4.298539,7.854,4166.465,0.124220,0.003511,0.009914,7168,6,122035,0,0,0,0,3,1,6001215,18003645,6001325,192038880,0,0,lineitem,0,48.386474609375000000,40.390930175781250000,,
2026-07-29T14:39:10Z,314830FE78B8C328,16.14,queries/Functions/09-22_window/sum_over.sql,1,3,5.457238,6.933,5209.105,0.241200,0.012559,0.021683,7168,3,112561,0,0,27902,27998,3,1,6001215,18003645,6001325,324065610,0,0,lineitem,0,59.089233398437500000,51.385620117187500000,,
2026-07-29T14:39:19Z,314830FE78B8C328,16.14,queries/Functions/09-22_window/sum_over.sql,2,3,5.411893,6.803,5173.055,0.232035,0.012943,0.018973,7168,3,112561,0,0,27902,27998,3,1,6001215,18003645,6001325,324065610,0,0,lineitem,0,58.658325195312500000,51.022766113281250000,,
2026-07-29T14:39:27Z,314830FE78B8C328,16.14,queries/Functions/09-22_window/sum_over.sql,3,3,5.431421,6.864,5160.168,0.264389,0.011172,0.022367,7168,3,112561,0,0,27902,27998,3,1,6001215,18003645,6001325,324065610,0,0,lineitem,0,58.725402832031250000,51.113281250000000000,,
2026-07-29T14:39:32Z,314830FE78B8C328,16.14,queries/Functions/09-24_subquery/any_subquery.sql,1,3,1.904894,10.700,1684.678,0.209516,0.013689,0.020552,7168,0,116689,0,0,0,0,4,2,485562,6519195,489918,26076780,183791,0,lineitem;part,0,16.962097167968750000,13.394653320312500000,,
2026-07-29T14:39:37Z,314830FE78B8C328,16.14,queries/Functions/09-24_subquery/any_subquery.sql,2,3,1.903214,11.178,1680.393,0.211643,0.011049,0.023811,7168,0,116689,0,0,0,0,4,2,485562,6519195,489918,26076780,183791,0,lineitem;part,0,17.051574707031250000,13.481079101562500000,,
2026-07-29T14:39:42Z,314830FE78B8C328,16.14,queries/Functions/09-24_subquery/any_subquery.sql,3,3,1.756268,50.680,1596.652,0.108936,0.007129,0.004720,7168,0,116689,0,0,0,0,4,2,485562,6519195,489918,26076780,183791,0,lineitem;part,0,16.759338378906250000,13.429138183593750000,,
2026-07-29T14:39:47Z,314830FE78B8C328,16.14,queries/Functions/09-24_subquery/exists.sql,1,3,2.640947,14.731,2433.639,0.192577,0.013355,0.022217,7168,6,35608,0,0,20613,20613,4,2,6001215,15002430,6001325,60009720,0,0,lineitem;orders,0,26.870239257812500000,22.658081054687500000,,
2026-07-29T14:39:53Z,314830FE78B8C328,16.14,queries/Functions/09-24_subquery/exists.sql,2,3,2.674253,14.625,2447.459,0.212169,0.011853,0.021184,7168,6,35608,0,0,20613,20613,4,2,6001215,15002430,6001325,60009720,0,0,lineitem;orders,0,26.966369628906250000,22.716735839843750000,,
2026-07-29T14:39:59Z,314830FE78B8C328,16.14,queries/Functions/09-24_subquery/exists.sql,3,3,2.741375,14.884,2463.734,0.262757,0.014690,0.018557,7168,6,35608,0,0,20613,20613,4,2,6001215,15002430,6001325,60009720,0,0,lineitem;orders,0,27.025390625000000000,22.657714843750000000,,
2026-07-29T14:40:04Z,314830FE78B8C328,16.14,queries/Functions/09-24_subquery/in_subquery.sql,1,3,1.923705,10.842,1698.224,0.214639,0.011577,0.022318,7168,0,116689,0,0,0,0,4,2,485562,6519195,489918,26076780,183791,0,lineitem;part,0,16.964477539062500000,13.362487792968750000,,
2026-07-29T14:40:09Z,314830FE78B8C328,16.14,queries/Functions/09-24_subquery/in_subquery.sql,2,3,1.910955,10.095,1693.573,0.207287,0.013465,0.022426,7168,0,116689,0,0,0,0,4,2,485562,6519195,489918,26076780,183791,0,lineitem;part,0,16.824401855468750000,13.242248535156250000,,
2026-07-29T14:40:14Z,314830FE78B8C328,16.14,queries/Functions/09-24_subquery/in_subquery.sql,3,3,1.897762,11.457,1676.060,0.210245,0.011213,0.024462,7168,0,116689,0,0,0,0,4,2,485562,6519195,489918,26076780,183791,0,lineitem;part,0,16.886047363281250000,13.323730468750000000,,
2026-07-29T14:40:18Z,314830FE78B8C328,16.14,queries/Functions/09-24_subquery/not_exists.sql,1,3,1.665301,14.469,1481.346,0.169486,0.004127,0.015341,7168,130,35608,0,0,21751,21884,5,2,0,9001215,1,36004860,0,2,lineitem;orders,0,22.248168945312500000,19.345825195312500000,,
2026-07-29T14:40:23Z,314830FE78B8C328,16.14,queries/Functions/09-24_subquery/not_exists.sql,2,3,1.680133,12.328,1451.101,0.216704,0.011420,0.023564,7168,130,35608,0,0,21751,21896,5,2,0,9001215,1,36004860,0,2,lineitem;orders,0,22.461791992187500000,19.536926269531250000,,
2026-07-29T14:40:28Z,314830FE78B8C328,16.14,queries/Functions/09-24_subquery/not_exists.sql,3,3,1.696710,14.304,1468.276,0.214130,0.018432,0.016881,7168,130,35608,0,0,21751,21888,5,2,0,9001215,1,36004860,0,2,lineitem;orders,0,22.615112304687500000,19.667114257812500000,,
2026-07-29T14:40:33Z,314830FE78B8C328,16.14,queries/Functions/09-24_subquery/not_in_subquery.sql,1,3,2.015187,6.512,1794.735,0.213940,0.009684,0.026485,7168,0,116689,0,0,0,0,2,2,5515653,5531862,3000662,22127448,669353,0,lineitem;part,0,18.502258300781250000,14.733154296875000000,,
2026-07-29T14:40:38Z,314830FE78B8C328,16.14,queries/Functions/09-24_subquery/not_in_subquery.sql,2,3,1.981194,6.192,1789.033,0.185969,0.011819,0.022468,7168,0,116689,0,0,0,0,2,2,5515653,5531862,3000662,22127448,669353,0,lineitem;part,0,18.628784179687500000,14.888061523437500000,,
2026-07-29T14:40:43Z,314830FE78B8C328,16.14,queries/Functions/09-24_subquery/not_in_subquery.sql,3,3,1.997519,6.061,1805.687,0.185771,0.006899,0.027220,7168,0,116689,0,0,0,0,2,2,5515653,5531862,3000662,22127448,669353,0,lineitem;part,0,18.879943847656250000,15.124694824218750000,,
2026-07-29T14:40:46Z,314830FE78B8C328,16.14,queries/Functions/09-24_subquery/scalar_subquery.sql,1,3,1.007666,10.389,880.229,0.117048,0.003703,0.006888,7168,0,13606,0,0,0,0,5,2,6001215,6201223,6001325,24804892,0,2,lineitem;part,0,8.826416015625000000,6.977661132812500000,,
2026-07-29T14:40:50Z,314830FE78B8C328,16.14,queries/Functions/09-24_subquery/scalar_subquery.sql,2,3,1.124144,9.587,901.888,0.212669,0.008125,0.027214,7168,0,13606,0,0,0,0,5,2,6001215,6201223,6001325,24804892,0,2,lineitem;part,0,8.738342285156250000,6.698059082031250000,,
2026-07-29T14:40:54Z,314830FE78B8C328,16.14,queries/Functions/09-24_subquery/scalar_subquery.sql,3,3,0.984457,8.685,870.765,0.105007,0.006853,0.006629,7168,0,13606,0,0,0,0,5,2,6001215,6201223,6001325,24804892,0,2,lineitem;part,0,8.626281738281250000,6.829895019531250000,,
2026-07-29T14:40:59Z,314830FE78B8C328,16.14,queries/Functions/09-25_row_comparison/all_array.sql,1,3,1.825369,7.685,1612.380,0.205304,0.013190,0.022173,7168,0,112561,0,0,0,0,1,1,6001215,6001215,6001325,6001215,0,0,lineitem,0,15.730407714843750000,12.308349609375000000,,
2026-07-29T14:41:04Z,314830FE78B8C328,16.14,queries/Functions/09-25_row_comparison/all_array.sql,2,3,1.831753,7.999,1608.597,0.215157,0.009320,0.025511,7168,0,112561,0,0,0,0,1,1,6001215,6001215,6001325,6001215,0,0,lineitem,0,15.576599121093750000,12.145690917968750000,,
2026-07-29T14:41:09Z,314830FE78B8C328,16.14,queries/Functions/09-25_row_comparison/all_array.sql,3,3,1.839808,8.122,1618.952,0.212734,0.004713,0.031143,7168,0,112561,0,0,0,0,1,1,6001215,6001215,6001325,6001215,0,0,lineitem,0,15.759887695312500000,12.315002441406250000,,
2026-07-29T14:41:13Z,314830FE78B8C328,16.14,queries/Functions/09-25_row_comparison/any_array.sql,1,3,1.829788,7.528,1606.716,0.215544,0.013519,0.022225,7168,0,112561,0,0,0,0,1,1,6001215,6001215,6001325,6001215,0,0,lineitem,0,15.702331542968750000,12.274902343750000000,,
2026-07-29T14:41:18Z,314830FE78B8C328,16.14,queries/Functions/09-25_row_comparison/any_array.sql,2,3,1.798947,7.512,1577.799,0.213636,0.012018,0.024009,7168,0,112561,0,0,0,0,1,1,6001215,6001215,6001325,6001215,0,0,lineitem,0,15.694946289062500000,12.317138671875000000,,
2026-07-29T14:41:23Z,314830FE78B8C328,16.14,queries/Functions/09-25_row_comparison/any_array.sql,3,3,1.748989,7.061,1617.288,0.124640,0.006506,0.009847,7168,0,112561,0,0,0,0,1,1,6001215,6001215,6001325,6001215,0,0,lineitem,0,15.455261230468750000,12.149658203125000000,,
2026-07-29T14:41:28Z,314830FE78B8C328,16.14,queries/Functions/09-25_row_comparison/in_list.sql,1,3,1.839796,7.466,1617.499,0.214831,0.015511,0.020247,7168,0,112561,0,0,0,0,1,1,6001215,6001215,6001325,6001215,0,0,lineitem,0,15.602722167968750000,12.151062011718750000,,
2026-07-29T14:41:33Z,314830FE78B8C328,16.14,queries/Functions/09-25_row_comparison/in_list.sql,2,3,1.810781,7.467,1617.852,0.185462,0.006048,0.012265,7168,0,112561,0,0,0,0,1,1,6001215,6001215,6001325,6001215,0,0,lineitem,0,15.618164062500000000,12.212036132812500000,,
2026-07-29T14:41:37Z,314830FE78B8C328,16.14,queries/Functions/09-25_row_comparison/in_list.sql,3,3,1.802747,6.881,1607.657,0.188209,0.016021,0.019633,7168,0,112561,0,0,0,0,1,1,6001215,6001215,6001325,6001215,0,0,lineitem,0,15.610839843750000000,12.200622558593750000,,
2026-07-29T14:41:42Z,314830FE78B8C328,16.14,queries/Functions/09-25_row_comparison/not_in_list.sql,1,3,1.834327,7.353,1608.620,0.218354,0.010488,0.025895,7168,0,112561,0,0,0,0,1,1,6001215,6001215,6001325,6001215,0,0,lineitem,0,15.814758300781250000,12.362365722656250000,,
2026-07-29T14:41:47Z,314830FE78B8C328,16.14,queries/Functions/09-25_row_comparison/not_in_list.sql,2,3,1.799751,6.118,1609.194,0.184439,0.005731,0.012395,7168,0,112561,0,0,0,0,1,1,6001215,6001215,6001325,6001215,0,0,lineitem,0,15.454772949218750000,12.069702148437500000,,
2026-07-29T14:41:52Z,314830FE78B8C328,16.14,queries/Functions/09-25_row_comparison/not_in_list.sql,3,3,1.805856,6.987,1592.742,0.206127,0.005496,0.018885,7168,0,112561,0,0,0,0,1,1,6001215,6001215,6001325,6001215,0,0,lineitem,0,15.433898925781250000,12.054992675781250000,,
2026-07-29T14:41:57Z,314830FE78B8C328,16.14,queries/Functions/09-25_row_comparison/row_eq.sql,1,3,1.933727,5.273,1713.771,0.214683,0.014482,0.021014,7168,0,112561,0,0,0,0,1,1,6001215,6001215,6001325,6001215,0,0,lineitem,0,17.271789550781250000,13.656250000000000000,,
2026-07-29T14:42:01Z,314830FE78B8C328,16.14,queries/Functions/09-25_row_comparison/row_eq.sql,2,3,1.927064,5.269,1705.094,0.216701,0.011912,0.023894,7168,0,112561,0,0,0,0,1,1,6001215,6001215,6001325,6001215,0,0,lineitem,0,17.360168457031250000,13.745056152343750000,,
2026-07-29T14:42:06Z,314830FE78B8C328,16.14,queries/Functions/09-25_row_comparison/row_eq.sql,3,3,1.920307,5.139,1698.835,0.216333,0.011893,0.023429,7168,0,112561,0,0,0,0,1,1,6001215,6001215,6001325,6001215,0,0,lineitem,0,17.325866699218750000,13.721984863281250000,,
2026-07-29T14:42:11Z,314830FE78B8C328,16.14,queries/Functions/09-25_row_comparison/row_in.sql,1,3,1.983116,4.245,1814.729,0.164142,0.006349,0.014651,7168,0,112561,0,0,0,0,1,1,6001215,6001215,6001325,6001215,0,0,lineitem,0,18.923522949218750000,15.193603515625000000,,
2026-07-29T14:42:16Z,314830FE78B8C328,16.14,queries/Functions/09-25_row_comparison/row_in.sql,2,3,2.008819,4.735,1791.399,0.212685,0.010322,0.023253,7168,0,112561,0,0,0,0,1,1,6001215,6001215,6001325,6001215,0,0,lineitem,0,18.880432128906250000,15.121154785156250000,,
2026-07-29T14:42:21Z,314830FE78B8C328,16.14,queries/Functions/09-25_row_comparison/row_in.sql,3,3,2.010807,4.693,1797.389,0.208725,0.012972,0.021956,7168,0,112561,0,0,0,0,1,1,6001215,6001215,6001325,6001215,0,0,lineitem,0,18.970642089843750000,15.216491699218750000,,
2026-07-29T14:42:26Z,314830FE78B8C328,16.14,queries/Functions/09-25_row_comparison/row_is_distinct.sql,1,3,1.921213,5.260,1705.533,0.210420,0.018119,0.014677,7168,0,112561,0,0,0,0,1,1,6001215,6001215,6001325,6001215,0,0,lineitem,0,17.352722167968750000,13.763793945312500000,,
2026-07-29T14:42:31Z,314830FE78B8C328,16.14,queries/Functions/09-25_row_comparison/row_is_distinct.sql,2,3,1.913215,4.998,1695.332,0.212885,0.010376,0.024131,7168,0,112561,0,0,0,0,1,1,6001215,6001215,6001325,6001215,0,0,lineitem,0,17.447631835937500000,13.855285644531250000,,
2026-07-29T14:42:36Z,314830FE78B8C328,16.14,queries/Functions/09-25_row_comparison/row_is_distinct.sql,3,3,1.907183,5.356,1687.776,0.214051,0.008021,0.026908,7168,0,112561,0,0,0,0,1,1,6001215,6001215,6001325,6001215,0,0,lineitem,0,17.237121582031250000,13.673278808593750000,,
2026-07-29T14:42:40Z,314830FE78B8C328,16.14,queries/Functions/09-25_row_comparison/row_lt.sql,1,3,1.870623,5.254,1652.406,0.212963,0.013891,0.020422,7168,0,112561,0,0,0,0,1,1,6001215,6001215,6001325,6001215,0,0,lineitem,0,14.793762207031250000,11.283447265625000000,,
2026-07-29T14:42:45Z,314830FE78B8C328,16.14,queries/Functions/09-25_row_comparison/row_lt.sql,2,3,1.858296,5.090,1643.149,0.210057,0.013506,0.021581,7168,0,112561,0,0,0,0,1,1,6001215,6001215,6001325,6001215,0,0,lineitem,0,14.499328613281250000,11.016784667968750000,,
2026-07-29T14:42:50Z,314830FE78B8C328,16.14,queries/Functions/09-25_row_comparison/row_lt.sql,3,3,1.812006,5.073,1628.680,0.178253,0.003724,0.015412,7168,0,112561,0,0,0,0,1,1,6001215,6001215,6001325,6001215,0,0,lineitem,0,14.558227539062500000,11.143127441406250000,,
2026-07-29T14:42:55Z,314830FE78B8C328,16.14,queries/Functions/09-25_row_comparison/row_ne.sql,1,3,1.897010,4.847,1680.485,0.211678,0.015255,0.019832,7168,0,112561,0,0,0,0,1,1,6001215,6001215,6001325,6001215,0,0,lineitem,0,17.154479980468750000,13.594421386718750000,,
2026-07-29T14:43:00Z,314830FE78B8C328,16.14,queries/Functions/09-25_row_comparison/row_ne.sql,2,3,1.905048,4.458,1685.191,0.215399,0.011042,0.023834,7168,0,112561,0,0,0,0,1,1,6001215,6001215,6001325,6001215,0,0,lineitem,0,17.267700195312500000,13.703857421875000000,,
2026-07-29T14:43:04Z,314830FE78B8C328,16.14,queries/Functions/09-25_row_comparison/row_ne.sql,3,3,1.901275,4.665,1686.409,0.210201,0.012355,0.022669,7168,0,112561,0,0,0,0,1,1,6001215,6001215,6001325,6001215,0,0,lineitem,0,17.251159667968750000,13.699401855468750000,,
2026-07-29T14:43:10Z,314830FE78B8C328,16.14,queries/Functions/09-26_set_returning/generate_series_int.sql,1,3,2.424611,5.859,2211.553,0.207199,0.008407,0.024960,7168,0,112561,0,0,0,0,3,1,18007100,42015416,6001325,168061664,0,2,lineitem,0,49.078186035156250000,44.548034667968750000,,
2026-07-29T14:43:15Z,314830FE78B8C328,16.14,queries/Functions/09-26_set_returning/generate_series_int.sql,2,3,2.478483,5.372,2262.847,0.210264,0.009399,0.026083,7168,0,112561,0,0,0,0,3,1,18007100,42015416,6001325,168061664,0,2,lineitem,0,49.284667968750000000,44.650329589843750000,,
2026-07-29T14:43:21Z,314830FE78B8C328,16.14,queries/Functions/09-26_set_returning/generate_series_int.sql,3,3,2.457573,5.609,2241.408,0.210556,0.014472,0.019248,7168,0,112561,0,0,0,0,3,1,18007100,42015416,6001325,168061664,0,2,lineitem,0,49.727661132812500000,45.126403808593750000,,
2026-07-29T14:43:26Z,314830FE78B8C328,16.14,queries/Functions/09-26_set_returning/generate_subscripts.sql,1,3,2.262449,5.699,2070.438,0.186312,0.008805,0.010783,7168,0,112561,0,0,0,0,3,1,12002430,30006075,6001325,144029160,0,2,lineitem,0,44.595275878906250000,40.336059570312500000,,
2026-07-29T14:43:31Z,314830FE78B8C328,16.14,queries/Functions/09-26_set_returning/generate_subscripts.sql,2,3,2.352001,5.481,2134.897,0.211623,0.015212,0.019700,7168,0,112561,0,0,0,0,3,1,12002430,30006075,6001325,144029160,0,2,lineitem,0,43.824401855468750000,39.421936035156250000,,
2026-07-29T14:43:37Z,314830FE78B8C328,16.14,queries/Functions/09-26_set_returning/generate_subscripts.sql,3,3,2.267090,5.212,2079.021,0.182857,0.017178,0.017037,7168,0,112561,0,0,0,0,3,1,12002430,30006075,6001325,144029160,0,2,lineitem,0,44.674438476562500000,40.408203125000000000,,
2026-07-29T14:43:44Z,314830FE78B8C328,16.14,queries/Functions/09-26_set_returning/jsonb_array_elements.sql,1,3,4.412628,6.058,4199.542,0.207028,0.013936,0.017941,7168,0,112561,0,0,0,0,3,1,12002430,30006075,6001325,816165240,0,2,lineitem,0,111.416564941406250000,103.239379882812500000,,
2026-07-29T14:43:51Z,314830FE78B8C328,16.14,queries/Functions/09-26_set_returning/jsonb_array_elements.sql,2,3,4.460714,6.026,4246.086,0.208602,0.009268,0.022557,7168,0,112561,0,0,0,0,3,1,12002430,30006075,6001325,816165240,0,2,lineitem,0,111.823486328125000000,103.563598632812500000,,
2026-07-29T14:43:59Z,314830FE78B8C328,16.14,queries/Functions/09-26_set_returning/jsonb_array_elements.sql,3,3,4.412074,6.362,4199.155,0.206557,0.006861,0.025254,7168,0,112561,0,0,0,0,3,1,12002430,30006075,6001325,816165240,0,2,lineitem,0,112.064025878906250000,103.883850097656250000,,
2026-07-29T14:44:06Z,314830FE78B8C328,16.14,queries/Functions/09-26_set_returning/jsonb_object_keys.sql,1,3,4.342438,6.159,4201.900,0.134379,0.006419,0.011002,7168,0,112561,0,0,0,0,3,1,12002430,30006075,6001325,954193185,0,2,lineitem,0,113.747192382812500000,105.681640625000000000,,
2026-07-29T14:44:13Z,314830FE78B8C328,16.14,queries/Functions/09-26_set_returning/jsonb_object_keys.sql,2,3,4.438125,6.300,4221.638,0.210187,0.012612,0.019954,7168,0,112561,0,0,0,0,3,1,12002430,30006075,6001325,954193185,0,2,lineitem,0,114.613342285156250000,106.323730468750000000,,
2026-07-29T14:44:20Z,314830FE78B8C328,16.14,queries/Functions/09-26_set_returning/jsonb_object_keys.sql,3,3,4.405123,5.744,4190.493,0.208886,0.011157,0.021368,7168,0,112561,0,0,0,0,3,1,12002430,30006075,6001325,954193185,0,2,lineitem,0,116.781799316406250000,108.489501953125000000,,
2026-07-29T14:44:31Z,314830FE78B8C328,16.14,queries/Functions/09-26_set_returning/regexp_split_to_table.sql,1,3,7.269512,5.869,7059.447,0.204196,0.006489,0.024785,7168,0,112561,0,0,0,0,3,1,27124176,60249567,6001325,1897980069,0,2,lineitem,0,201.128540039062500000,187.526123046875000000,,
2026-07-29T14:44:41Z,314830FE78B8C328,16.14,queries/Functions/09-26_set_returning/regexp_split_to_table.sql,2,3,7.336178,5.843,7193.354,0.136981,0.005054,0.010274,7168,0,112561,0,0,0,0,3,1,27124176,60249567,6001325,1897980069,0,2,lineitem,0,198.578369140625000000,184.841186523437500000,,
2026-07-29T14:44:51Z,314830FE78B8C328,16.14,queries/Functions/09-26_set_returning/regexp_split_to_table.sql,3,3,7.444989,5.495,7231.838,0.207656,0.010431,0.020509,7168,0,112561,0,0,0,0,3,1,27124176,60249567,6001325,1897980069,0,2,lineitem,0,200.003540039062500000,186.035461425781250000,,
2026-07-29T14:44:58Z,314830FE78B8C328,16.14,queries/Functions/09-26_set_returning/string_to_table.sql,1,3,4.130093,5.943,3949.041,0.175109,0.013647,0.017486,7168,0,112561,0,0,0,0,3,1,27124176,60249567,6001325,1897980069,0,2,lineitem,0,105.007080078125000000,97.192321777343750000,,
2026-07-29T14:45:05Z,314830FE78B8C328,16.14,queries/Functions/09-26_set_returning/string_to_table.sql,2,3,4.137357,5.783,3927.884,0.203690,0.009268,0.022076,7168,0,112561,0,0,0,0,3,1,27124176,60249567,6001325,1897980069,0,2,lineitem,0,104.988342285156250000,97.192871093750000000,,
2026-07-29T14:45:12Z,314830FE78B8C328,16.14,queries/Functions/09-26_set_returning/string_to_table.sql,3,3,4.122758,5.647,3908.120,0.208991,0.009829,0.021616,7168,0,112561,0,0,0,0,3,1,27124176,60249567,6001325,1897980069,0,2,lineitem,0,104.123046875000000000,96.353393554687500000,,
2026-07-29T14:45:21Z,314830FE78B8C328,16.14,queries/Functions/09-26_set_returning/unnest.sql,1,3,6.653304,6.203,6434.580,0.212521,0.012957,0.019052,7168,0,112561,0,0,0,0,2,1,27124176,33125391,60013250,1030006437,0,0,lineitem,0,80.503173828125000000,68.125732421875000000,,
2026-07-29T14:45:31Z,314830FE78B8C328,16.14,queries/Functions/09-26_set_returning/unnest.sql,2,3,6.559982,6.235,6350.354,0.203393,0.014839,0.015921,7168,0,112561,0,0,0,0,2,1,27124176,33125391,60013250,1030006437,0,0,lineitem,0,79.726623535156250000,67.659851074218750000,,
2026-07-29T14:45:40Z,314830FE78B8C328,16.14,queries/Functions/09-26_set_returning/unnest.sql,3,3,6.624043,5.593,6410.183,0.208267,0.011372,0.020319,7168,0,112561,0,0,0,0,2,1,27124176,33125391,60013250,1030006437,0,0,lineitem,0,78.793090820312500000,66.705993652343750000,,
2026-07-29T14:45:45Z,314830FE78B8C328,16.14,queries/Functions/09-27_system_info/current_database.sql,1,3,1.405098,6.598,1228.774,0.169726,0.010053,0.014975,7168,0,9478,0,0,0,0,1,1,6001215,6001215,6001325,384077760,0,0,lineitem,0,12.629211425781250000,10.094909667968750000,,
2026-07-29T14:45:49Z,314830FE78B8C328,16.14,queries/Functions/09-27_system_info/current_database.sql,2,3,1.400747,7.237,1210.516,0.182994,0.008619,0.010608,7168,0,9478,0,0,0,0,1,1,6001215,6001215,6001325,384077760,0,0,lineitem,0,12.420593261718750000,9.902770996093750000,,
2026-07-29T14:45:53Z,314830FE78B8C328,16.14,queries/Functions/09-27_system_info/current_database.sql,3,3,1.395033,7.142,1175.955,0.211936,0.012470,0.021960,7168,0,9478,0,0,0,0,1,1,6001215,6001215,6001325,384077760,0,0,lineitem,0,12.523132324218750000,10.025512695312500000,,
2026-07-29T14:45:58Z,314830FE78B8C328,16.14,queries/Functions/09-27_system_info/current_setting.sql,1,3,1.703238,7.514,1490.506,0.205218,0.012292,0.015148,7168,0,9478,0,0,0,0,1,1,6001215,6001215,6001325,192038880,0,0,lineitem,0,15.768554687500000000,12.712524414062500000,,
2026-07-29T14:46:02Z,314830FE78B8C328,16.14,queries/Functions/09-27_system_info/current_setting.sql,2,3,1.704210,7.436,1482.471,0.214303,0.009840,0.023275,7168,0,9478,0,0,0,0,1,1,6001215,6001215,6001325,192038880,0,0,lineitem,0,15.833007812500000000,12.776428222656250000,,
2026-07-29T14:46:07Z,314830FE78B8C328,16.14,queries/Functions/09-27_system_info/current_setting.sql,3,3,1.668101,7.378,1451.046,0.209677,0.012306,0.022613,7168,0,9478,0,0,0,0,1,1,6001215,6001215,6001325,192038880,0,0,lineitem,0,16.156188964843750000,13.139160156250000000,,
2026-07-29T14:46:11Z,314830FE78B8C328,16.14,queries/Functions/09-27_system_info/current_user.sql,1,3,1.534102,7.387,1318.178,0.208537,0.012760,0.020862,7168,0,9478,0,0,0,0,1,1,6001215,6001215,6001325,384077760,0,0,lineitem,0,13.403503417968750000,10.654541015625000000,,
2026-07-29T14:46:16Z,314830FE78B8C328,16.14,queries/Functions/09-27_system_info/current_user.sql,2,3,1.524063,7.300,1310.312,0.206451,0.009180,0.025194,7168,0,9478,0,0,0,0,1,1,6001215,6001215,6001325,384077760,0,0,lineitem,0,13.567810058593750000,10.831542968750000000,,
2026-07-29T14:46:20Z,314830FE78B8C328,16.14,queries/Functions/09-27_system_info/current_user.sql,3,3,1.529008,7.432,1314.609,0.206967,0.010138,0.022938,7168,0,9478,0,0,0,0,1,1,6001215,6001215,6001325,384077760,0,0,lineitem,0,13.195617675781250000,10.454040527343750000,,
2026-07-29T14:46:24Z,314830FE78B8C328,16.14,queries/Functions/09-27_system_info/pg_backend_pid.sql,1,3,1.060035,6.881,841.547,0.211607,0.010534,0.024690,7168,0,9478,0,0,0,0,1,1,6001215,6001215,6001325,24004860,0,0,lineitem,0,7.545776367187500000,5.653808593750000000,,
2026-07-29T14:46:28Z,314830FE78B8C328,16.14,queries/Functions/09-27_system_info/pg_backend_pid.sql,2,3,1.039924,7.165,826.444,0.206315,0.013788,0.020855,7168,0,9478,0,0,0,0,1,1,6001215,6001215,6001325,24004860,0,0,lineitem,0,7.584228515625000000,5.723022460937500000,,
2026-07-29T14:46:32Z,314830FE78B8C328,16.14,queries/Functions/09-27_system_info/pg_backend_pid.sql,3,3,1.067076,6.769,848.093,0.212214,0.010836,0.025361,7168,0,9478,0,0,0,0,1,1,6001215,6001215,6001325,24004860,0,0,lineitem,0,7.595947265625000000,5.682006835937500000,,
2026-07-29T14:46:36Z,314830FE78B8C328,16.14,queries/Functions/09-27_system_info/pg_column_size.sql,1,3,1.959393,5.137,1743.674,0.210582,0.006811,0.026950,7168,0,112561,0,0,0,0,1,1,6001215,6001215,6001325,24004860,0,0,lineitem,0,18.182434082031250000,14.519958496093750000,,
2026-07-29T14:46:41Z,314830FE78B8C328,16.14,queries/Functions/09-27_system_info/pg_column_size.sql,2,3,1.965511,5.323,1746.893,0.213295,0.008898,0.025042,7168,0,112561,0,0,0,0,1,1,6001215,6001215,6001325,24004860,0,0,lineitem,0,18.109130859375000000,14.443786621093750000,,
2026-07-29T14:46:46Z,314830FE78B8C328,16.14,queries/Functions/09-27_system_info/pg_column_size.sql,3,3,1.960540,5.465,1744.152,0.210923,0.005400,0.028756,7168,0,112561,0,0,0,0,1,1,6001215,6001215,6001325,24004860,0,0,lineitem,0,18.052368164062500000,14.387207031250000000,,
2026-07-29T14:46:50Z,314830FE78B8C328,16.14,queries/Functions/09-27_system_info/pg_column_size_int.sql,1,3,1.064038,6.875,844.120,0.213043,0.012970,0.021988,7168,0,9478,0,0,0,0,1,1,6001215,6001215,6001325,24004860,0,0,lineitem,0,7.830139160156250000,5.928710937500000000,,
2026-07-29T14:46:54Z,314830FE78B8C328,16.14,queries/Functions/09-27_system_info/pg_column_size_int.sql,2,3,1.081715,7.085,863.311,0.211319,0.013935,0.020664,7168,0,9478,0,0,0,0,1,1,6001215,6001215,6001325,24004860,0,0,lineitem,0,7.884704589843750000,5.945922851562500000,,
2026-07-29T14:46:58Z,314830FE78B8C328,16.14,queries/Functions/09-27_system_info/pg_column_size_int.sql,3,3,1.035335,7.363,818.636,0.209336,0.016726,0.018393,7168,0,9478,0,0,0,0,1,1,6001215,6001215,6001325,24004860,0,0,lineitem,0,7.742431640625000000,5.878234863281250000,,
2026-07-29T14:47:03Z,314830FE78B8C328,16.14,queries/Functions/09-27_system_info/pg_typeof.sql,1,3,1.819558,5.486,1632.766,0.181306,0.003976,0.013778,7168,0,112561,0,0,0,0,1,1,6001215,6001215,6001325,24004860,0,0,lineitem,0,15.067382812500000000,11.644836425781250000,,
2026-07-29T14:47:07Z,314830FE78B8C328,16.14,queries/Functions/09-27_system_info/pg_typeof.sql,2,3,1.832115,5.532,1610.356,0.216227,0.013556,0.022029,7168,0,112561,0,0,0,0,1,1,6001215,6001215,6001325,24004860,0,0,lineitem,0,14.881652832031250000,11.457824707031250000,,
2026-07-29T14:47:12Z,314830FE78B8C328,16.14,queries/Functions/09-27_system_info/pg_typeof.sql,3,3,1.813270,5.453,1596.470,0.211347,0.010965,0.023576,7168,0,112561,0,0,0,0,1,1,6001215,6001215,6001325,24004860,0,0,lineitem,0,14.789733886718750000,11.398193359375000000,,
2026-07-29T14:47:16Z,314830FE78B8C328,16.14,queries/Functions/09-27_system_info/version.sql,1,3,1.184059,7.448,999.138,0.177473,0.008917,0.008785,7168,0,9478,0,0,0,0,1,1,6001215,6001215,6001325,192038880,0,0,lineitem,0,9.385437011718750000,7.241027832031250000,,
2026-07-29T14:47:20Z,314830FE78B8C328,16.14,queries/Functions/09-27_system_info/version.sql,2,3,1.223619,6.967,1010.798,0.205854,0.008253,0.025063,7168,0,9478,0,0,0,0,1,1,6001215,6001215,6001325,192038880,0,0,lineitem,0,9.313415527343750000,7.110168457031250000,,
2026-07-29T14:47:24Z,314830FE78B8C328,16.14,queries/Functions/09-27_system_info/version.sql,3,3,1.197638,10.066,976.094,0.211478,0.014024,0.019705,7168,0,9478,0,0,0,0,1,1,6001215,6001215,6001325,192038880,0,0,lineitem,0,9.275146484375000000,7.133422851562500000,,
2026-07-29T17:07:14Z,B519F70EFCAEFADE,14.23,queries/Core/00_baseline/no_table.sql,1,3,0.204829,1.251,0.575,0.203003,0.011807,0.024439,7168,3,0,0,0,0,0,1,0,1,1,1,4,0,0,,0,0.690979003906250000,0.381958007812500000,,
2026-07-29T17:07:17Z,B519F70EFCAEFADE,14.23,queries/Core/00_baseline/no_table.sql,2,3,0.203480,1.335,0.583,0.201562,0.010298,0.025767,7168,3,0,0,0,0,0,1,0,1,1,1,4,0,0,,0,0.696533203125000000,0.392272949218750000,,
2026-07-29T17:07:20Z,B519F70EFCAEFADE,14.23,queries/Core/00_baseline/no_table.sql,3,3,0.210184,1.828,0.584,0.207772,0.013595,0.024639,7168,3,0,0,0,0,0,1,0,1,1,1,4,0,0,,0,0.684997558593750000,0.350952148437500000,,
2026-07-29T17:07:24Z,B519F70EFCAEFADE,14.23,queries/Core/00_baseline/scan_customer.sql,1,3,0.369694,6.600,142.831,0.220263,0.005816,0.015480,7168,0,3585,0,0,0,0,1,1,150000,150000,150000,600000,0,0,customer,0,1.328063964843750000,0.694274902343750000,,
2026-07-29T17:07:27Z,B519F70EFCAEFADE,14.23,queries/Core/00_baseline/scan_customer.sql,2,3,0.355391,6.400,150.340,0.198651,0.005648,0.012366,7168,0,3585,0,0,0,0,1,1,150000,150000,150000,600000,0,0,customer,0,1.423400878906250000,0.803039550781250000,,
2026-07-29T17:07:30Z,B519F70EFCAEFADE,14.23,queries/Core/00_baseline/scan_customer.sql,3,3,0.394904,6.077,139.768,0.249059,0.011136,0.027011,7168,0,3585,0,0,0,0,1,1,150000,150000,150000,600000,0,0,customer,0,1.333129882812500000,0.665588378906250000,,
2026-07-29T17:07:35Z,B519F70EFCAEFADE,14.23,queries/Core/00_baseline/scan_lineitem.sql,1,3,1.898242,6.749,1692.517,0.198976,0.014265,0.020592,7168,0,112503,0,0,0,0,1,1,6001215,6001215,6001215,24004860,0,0,lineitem,0,13.720825195312500000,10.221008300781250000,,
2026-07-29T17:07:40Z,B519F70EFCAEFADE,14.23,queries/Core/00_baseline/scan_lineitem.sql,2,3,1.916014,6.309,1704.270,0.205435,0.011377,0.023528,7168,0,112503,0,0,0,0,1,1,6001215,6001215,6001215,24004860,0,0,lineitem,0,13.755676269531250000,10.237670898437500000,,
2026-07-29T17:07:44Z,B519F70EFCAEFADE,14.23,queries/Core/00_baseline/scan_lineitem.sql,3,3,1.951239,6.250,1739.908,0.205081,0.011968,0.023440,7040,0,112503,0,0,0,0,1,1,6001215,6001215,6001215,24004860,0,0,lineitem,0,13.959960937500000000,10.385070800781250000,,
2026-07-29T17:07:48Z,B519F70EFCAEFADE,14.23,queries/Core/00_baseline/scan_nation.sql,1,3,0.210362,5.038,0.990,0.204334,0.012754,0.021925,7168,0,1,0,0,0,0,1,1,25,25,25,100,0,0,nation,0,0.757507324218750000,0.436828613281250000,,
2026-07-29T17:07:51Z,B519F70EFCAEFADE,14.23,queries/Core/00_baseline/scan_nation.sql,2,3,0.180268,4.072,0.989,0.175207,0.003917,0.014426,7168,0,1,0,0,0,0,1,1,25,25,25,100,0,0,nation,0,0.716064453125000000,0.441406250000000000,,
2026-07-29T17:07:54Z,B519F70EFCAEFADE,14.23,queries/Core/00_baseline/scan_nation.sql,3,3,0.212103,4.792,0.993,0.206318,0.011752,0.022943,7168,0,1,0,0,0,0,1,1,25,25,25,100,0,0,nation,0,0.759887695312500000,0.425476074218750000,,
2026-07-29T17:07:57Z,B519F70EFCAEFADE,14.23,queries/Core/00_baseline/scan_orders.sql,1,3,0.666221,5.748,414.715,0.245758,0.014962,0.020545,7168,0,26095,0,0,0,0,1,1,1500000,1500000,1500101,6000000,0,0,orders,0,3.902526855468750000,2.718200683593750000,,
2026-07-29T17:08:01Z,B519F70EFCAEFADE,14.23,queries/Core/00_baseline/scan_orders.sql,2,3,0.673122,6.041,469.085,0.197996,0.006099,0.012448,7168,0,26095,0,0,0,0,1,1,1500000,1500000,1500101,6000000,0,0,orders,0,3.902893066406250000,2.694580078125000000,,
2026-07-29T17:08:04Z,B519F70EFCAEFADE,14.23,queries/Core/00_baseline/scan_orders.sql,3,3,0.670730,6.492,420.514,0.243724,0.012399,0.024074,7168,0,26095,0,0,0,0,1,1,1500000,1500000,1500101,6000000,0,0,orders,0,3.739318847656250000,2.565063476562500000,,
2026-07-29T17:08:08Z,B519F70EFCAEFADE,14.23,queries/Core/00_baseline/scan_part.sql,1,3,0.384695,4.009,161.703,0.218983,0.005200,0.013261,7168,0,4097,0,0,0,0,1,1,200000,200000,200000,800000,0,0,part,0,1.273193359375000000,0.623229980468750000,,
2026-07-29T17:08:11Z,B519F70EFCAEFADE,14.23,queries/Core/00_baseline/scan_part.sql,2,3,0.412549,3.761,160.865,0.247923,0.015929,0.020911,7168,0,4097,0,0,0,0,1,1,200000,200000,200000,800000,0,0,part,0,1.325439453125000000,0.643676757812500000,,
2026-07-29T17:08:14Z,B519F70EFCAEFADE,14.23,queries/Core/00_baseline/scan_part.sql,3,3,0.411924,4.871,158.594,0.248459,0.014178,0.021846,7168,0,4097,0,0,0,0,1,1,200000,200000,200000,800000,0,0,part,0,1.324768066406250000,0.636169433593750000,,
2026-07-29T17:08:17Z,B519F70EFCAEFADE,14.23,queries/Core/00_baseline/scan_partsupp.sql,1,3,0.555665,4.778,300.754,0.250133,0.012033,0.024999,7168,0,17451,0,0,0,0,1,1,800000,800000,800000,3200000,0,0,partsupp,0,2.559448242187500000,1.606933593750000000,,
2026-07-29T17:08:21Z,B519F70EFCAEFADE,14.23,queries/Core/00_baseline/scan_partsupp.sql,2,3,0.559474,4.747,298.521,0.256206,0.010194,0.028611,7168,0,17451,0,0,0,0,1,1,800000,800000,800000,3200000,0,0,partsupp,0,2.560119628906250000,1.596862792968750000,,
2026-07-29T17:08:24Z,B519F70EFCAEFADE,14.23,queries/Core/00_baseline/scan_partsupp.sql,3,3,0.554366,4.486,305.107,0.244773,0.012983,0.021963,7040,0,17451,0,0,0,0,1,1,800000,800000,800000,3200000,0,0,partsupp,0,2.624206542968750000,1.672424316406250000,,
2026-07-29T17:08:27Z,B519F70EFCAEFADE,14.23,queries/Core/00_baseline/scan_region.sql,1,3,0.213965,4.638,0.992,0.208335,0.009754,0.025559,7040,0,1,0,0,0,0,1,1,5,5,5,20,0,0,region,0,0.746154785156250000,0.419616699218750000,,
2026-07-29T17:08:30Z,B519F70EFCAEFADE,14.23,queries/Core/00_baseline/scan_region.sql,2,3,0.206721,5.107,0.998,0.200616,0.016851,0.018570,7168,0,1,0,0,0,0,1,1,5,5,5,20,0,0,region,0,0.753295898437500000,0.427734375000000000,,
2026-07-29T17:08:33Z,B519F70EFCAEFADE,14.23,queries/Core/00_baseline/scan_region.sql,3,3,0.176816,4.699,0.961,0.171156,0.009368,0.018906,7168,0,1,0,0,0,0,1,1,5,5,5,20,0,0,region,0,0.794250488281250000,0.509399414062500000,,
2026-07-29T17:08:37Z,B519F70EFCAEFADE,14.23,queries/Core/00_baseline/scan_supplier.sql,1,3,0.190156,5.373,5.574,0.179209,0.013498,0.021589,7168,0,222,0,0,0,0,1,1,10000,10000,10000,40000,0,0,supplier,0,0.821655273437500000,0.511291503906250000,,
2026-07-29T17:08:40Z,B519F70EFCAEFADE,14.23,queries/Core/00_baseline/scan_supplier.sql,2,3,0.215846,4.603,5.211,0.206032,0.007776,0.027096,7168,0,222,0,0,0,0,1,1,10000,10000,10000,40000,0,0,supplier,0,0.786010742187500000,0.455993652343750000,,
2026-07-29T17:08:43Z,B519F70EFCAEFADE,14.23,queries/Core/00_baseline/scan_supplier.sql,3,3,0.217644,5.643,5.453,0.206548,0.010741,0.025081,7168,0,222,0,0,0,0,1,1,10000,10000,10000,40000,0,0,supplier,0,0.794982910156250000,0.472595214843750000,,
2026-07-29T17:08:47Z,B519F70EFCAEFADE,14.23,queries/Core/01_scan_access/bitmap_scan.sql,1,3,0.791995,9.381,574.396,0.208218,0.014693,0.020287,7168,3,12208,0,0,0,0,2,2,600572,1201144,596765,2402288,0,0,lineitem;idx_lineitem_order,0,3.802307128906250000,2.412048339843750000,,
2026-07-29T17:08:50Z,B519F70EFCAEFADE,14.23,queries/Core/01_scan_access/bitmap_scan.sql,2,3,0.707363,8.652,572.362,0.126349,0.003768,0.010174,7168,3,12208,0,0,0,0,2,2,600572,1201144,596765,2402288,0,0,lineitem;idx_lineitem_order,0,3.647216796875000000,2.407470703125000000,,
2026-07-29T17:08:54Z,B519F70EFCAEFADE,14.23,queries/Core/01_scan_access/bitmap_scan.sql,3,3,0.789433,8.493,572.308,0.208632,0.009392,0.026152,7168,3,12208,0,0,0,0,2,2,600572,1201144,596765,2402288,0,0,lineitem;idx_lineitem_order,0,3.781677246093750000,2.400939941406250000,,
2026-07-29T17:08:57Z,B519F70EFCAEFADE,14.23,queries/Core/01_scan_access/index_only_scan.sql,1,3,0.350480,8.601,89.762,0.252117,0.011026,0.024906,7168,4,947,0,0,0,0,1,1,600572,600572,596765,2402288,0,0,lineitem,0,1.431762695312500000,0.854858398437500000,,
2026-07-29T17:09:00Z,B519F70EFCAEFADE,14.23,queries/Core/01_scan_access/index_only_scan.sql,2,3,0.357364,9.032,96.620,0.251712,0.012002,0.023134,7168,4,947,0,0,0,0,1,1,600572,600572,596765,2402288,0,0,lineitem,0,1.378234863281250000,0.790039062500000000,,
2026-07-29T17:09:03Z,B519F70EFCAEFADE,14.23,queries/Core/01_scan_access/index_only_scan.sql,3,3,0.361020,8.945,99.549,0.252526,0.010888,0.025291,7168,4,947,0,0,0,0,1,1,600572,600572,596765,2402288,0,0,lineitem,0,1.367980957031250000,0.777038574218750000,,
2026-07-29T17:09:06Z,B519F70EFCAEFADE,14.23,queries/Core/01_scan_access/index_point_lookup.sql,1,3,0.188547,7.867,2.679,0.178001,0.012512,0.022959,7168,0,4,0,0,0,0,1,1,5,5,15,20,0,0,lineitem,0,0.863098144531250000,0.551147460937500000,,
2026-07-29T17:09:10Z,B519F70EFCAEFADE,14.23,queries/Core/01_scan_access/index_point_lookup.sql,2,3,0.221159,7.664,3.113,0.210382,0.011630,0.024251,7168,0,4,0,0,0,0,1,1,5,5,15,20,0,0,lineitem,0,0.778503417968750000,0.436645507812500000,,
2026-07-29T17:09:13Z,B519F70EFCAEFADE,14.23,queries/Core/01_scan_access/index_point_lookup.sql,3,3,0.212681,8.822,3.330,0.200529,0.016614,0.018128,7040,0,4,0,0,0,0,1,1,5,5,15,20,0,0,lineitem,0,0.793029785156250000,0.456665039062500000,,
2026-07-29T17:09:16Z,B519F70EFCAEFADE,14.23,queries/Core/01_scan_access/index_scan.sql,1,3,0.472644,9.672,240.341,0.222631,0.005408,0.014196,7168,653,12208,0,0,0,0,1,1,600572,600572,596765,2402288,0,0,lineitem,0,2.837890625000000000,2.012145996093750000,,
2026-07-29T17:09:20Z,B519F70EFCAEFADE,14.23,queries/Core/01_scan_access/index_scan.sql,2,3,0.552135,9.027,290.969,0.252139,0.008256,0.027518,7040,653,12208,0,0,0,0,1,1,600572,600572,596765,2402288,0,0,lineitem,0,2.973022460937500000,2.017639160156250000,,
2026-07-29T17:09:23Z,B519F70EFCAEFADE,14.23,queries/Core/01_scan_access/index_scan.sql,3,3,0.504580,9.005,248.478,0.247097,0.016831,0.018476,7168,653,12208,0,0,0,0,1,1,600572,600572,596765,2402288,0,0,lineitem,0,2.951354980468750000,2.068481445312500000,,
2026-07-29T17:09:28Z,B519F70EFCAEFADE,14.23,queries/Core/01_scan_access/seq_scan.sql,1,3,1.954099,9.072,1737.730,0.207297,0.011301,0.023633,7168,0,112503,0,0,0,0,1,1,600572,600572,596765,2402288,5400643,0,lineitem,0,13.317382812500000000,9.733398437500000000,,
2026-07-29T17:09:32Z,B519F70EFCAEFADE,14.23,queries/Core/01_scan_access/seq_scan.sql,2,3,1.943888,8.861,1763.254,0.171773,0.008050,0.008803,7168,0,112503,0,0,0,0,1,1,600572,600572,596765,2402288,5400643,0,lineitem,0,13.404968261718750000,9.808044433593750000,,
2026-07-29T17:09:37Z,B519F70EFCAEFADE,14.23,queries/Core/01_scan_access/seq_scan.sql,3,3,1.953862,9.214,1738.580,0.206068,0.013972,0.020929,7168,0,112503,0,0,0,0,1,1,600572,600572,596765,2402288,5400643,0,lineitem,0,13.328063964843750000,9.737243652343750000,,
2026-07-29T17:09:43Z,B519F70EFCAEFADE,14.23,queries/Core/01_scan_access/tablesample_bernoulli.sql,1,3,2.038599,6.603,1822.460,0.209536,0.009937,0.026598,7168,0,112503,0,0,0,0,1,1,60059,60059,60012,240236,0,0,lineitem,0,11.442932128906250000,7.655151367187500000,,
2026-07-29T17:09:47Z,B519F70EFCAEFADE,14.23,queries/Core/01_scan_access/tablesample_bernoulli.sql,2,3,1.954872,5.422,1827.200,0.122250,0.006320,0.009321,7168,0,112503,0,0,0,0,1,1,59670,59670,60012,238680,0,0,lineitem,0,11.811279296875000000,8.150146484375000000,,
2026-07-29T17:09:52Z,B519F70EFCAEFADE,14.23,queries/Core/01_scan_access/tablesample_bernoulli.sql,3,3,2.009525,6.487,1795.762,0.207276,0.010914,0.023423,7168,0,112503,0,0,0,0,1,1,60305,60305,60012,241220,0,0,lineitem,0,11.932006835937500000,8.209289550781250000,,
2026-07-29T17:09:56Z,B519F70EFCAEFADE,14.23,queries/Core/01_scan_access/tablesample_system.sql,1,3,0.448192,6.615,298.781,0.142796,0.002965,0.009716,7168,0,1112,0,0,0,0,1,1,59337,59337,60012,237348,0,0,lineitem,0,1.510437011718750000,0.720703125000000000,,
2026-07-29T17:09:59Z,B519F70EFCAEFADE,14.23,queries/Core/01_scan_access/tablesample_system.sql,2,3,0.545739,6.708,312.077,0.226954,0.005681,0.015872,7168,0,1138,0,0,0,0,1,1,60700,60700,60012,242800,0,0,lineitem,0,1.528015136718750000,0.602661132812500000,,
2026-07-29T17:10:02Z,B519F70EFCAEFADE,14.23,queries/Core/01_scan_access/tablesample_system.sql,3,3,0.606725,6.321,387.502,0.212902,0.014553,0.023629,7168,0,1124,0,0,0,0,1,1,59989,59989,60012,239956,0,0,lineitem,0,1.657226562500000000,0.619323730468750000,,
2026-07-29T17:10:07Z,B519F70EFCAEFADE,14.23,queries/Core/02_filter_projection/filter_2pct.sql,1,3,1.576864,6.612,1357.714,0.212538,0.012046,0.024281,7168,0,112503,0,0,0,0,2,1,120401,240803,123025,963212,1960271,2,lineitem,0,15.624694824218750000,12.723083496093750000,,
2026-07-29T17:10:12Z,B519F70EFCAEFADE,14.23,queries/Core/02_filter_projection/filter_2pct.sql,2,3,1.570334,6.540,1353.401,0.210393,0.009475,0.026005,7168,0,112503,0,0,0,0,2,1,120401,240803,123025,963212,1960271,2,lineitem,0,15.728454589843750000,12.837463378906250000,,
2026-07-29T17:10:16Z,B519F70EFCAEFADE,14.23,queries/Core/02_filter_projection/filter_2pct.sql,3,3,1.563459,5.983,1346.553,0.210923,0.016076,0.020036,7168,0,112503,0,0,0,0,2,1,120401,240803,123025,963212,1960271,2,lineitem,0,15.717163085937500000,12.831909179687500000,,
2026-07-29T17:10:21Z,B519F70EFCAEFADE,14.23,queries/Core/02_filter_projection/filter_all.sql,1,3,1.849480,6.410,1629.178,0.213892,0.012141,0.024058,7168,0,112503,0,0,0,0,1,1,6001215,6001215,6001215,24004860,0,0,lineitem,0,16.144104003906250000,12.769165039062500000,,
2026-07-29T17:10:25Z,B519F70EFCAEFADE,14.23,queries/Core/02_filter_projection/filter_all.sql,2,3,1.891801,6.990,1674.213,0.210598,0.010865,0.024586,7168,0,112503,0,0,0,0,1,1,6001215,6001215,6001215,24004860,0,0,lineitem,0,16.220642089843750000,12.758117675781250000,,
2026-07-29T17:10:30Z,B519F70EFCAEFADE,14.23,queries/Core/02_filter_projection/filter_all.sql,3,3,1.885482,7.112,1666.235,0.212135,0.015602,0.020242,7168,0,112503,0,0,0,0,1,1,6001215,6001215,6001215,24004860,0,0,lineitem,0,16.377197265625000000,12.947692871093750000,,
2026-07-29T17:10:35Z,B519F70EFCAEFADE,14.23,queries/Core/02_filter_projection/filter_half.sql,1,3,1.874283,6.159,1654.968,0.213156,0.012702,0.021706,7168,0,112503,0,0,0,0,1,1,2999428,2999428,2994806,11997712,3001787,0,lineitem,0,15.857055664062500000,12.433410644531250000,,
2026-07-29T17:10:40Z,B519F70EFCAEFADE,14.23,queries/Core/02_filter_projection/filter_half.sql,2,3,1.846070,6.261,1638.006,0.201803,0.015796,0.019276,7168,0,112503,0,0,0,0,1,1,2999428,2999428,2994806,11997712,3001787,0,lineitem,0,15.801147460937500000,12.429565429687500000,,
2026-07-29T17:10:44Z,B519F70EFCAEFADE,14.23,queries/Core/02_filter_projection/filter_half.sql,3,3,1.828416,6.958,1637.090,0.184368,0.010184,0.025097,7168,0,112503,0,0,0,0,1,1,2999428,2999428,2994806,11997712,3001787,0,lineitem,0,15.832275390625000000,12.467651367187500000,,
2026-07-29T17:10:49Z,B519F70EFCAEFADE,14.23,queries/Core/02_filter_projection/filter_none.sql,1,3,1.583392,6.462,1360.274,0.216656,0.011641,0.024242,7040,0,112503,0,0,0,0,2,1,0,0,1,0,2000405,2,lineitem,0,15.336914062500000000,12.426513671875000000,,
2026-07-29T17:10:54Z,B519F70EFCAEFADE,14.23,queries/Core/02_filter_projection/filter_none.sql,2,3,1.525673,6.925,1305.075,0.213673,0.013972,0.021604,7168,0,112503,0,0,0,0,2,1,0,0,1,0,2000405,2,lineitem,0,15.557617187500000000,12.737182617187500000,,
2026-07-29T17:10:58Z,B519F70EFCAEFADE,14.23,queries/Core/02_filter_projection/filter_none.sql,3,3,1.557849,6.421,1367.451,0.183977,0.006394,0.012070,7168,0,112503,0,0,0,0,2,1,0,0,1,0,2000405,2,lineitem,0,15.265502929687500000,12.381591796875000000,,
2026-07-29T17:11:02Z,B519F70EFCAEFADE,14.23,queries/Core/02_filter_projection/limit_100.sql,1,3,0.215514,6.149,2.037,0.207328,0.015430,0.019460,7168,0,2,0,0,0,0,2,1,100,200,100,800,0,0,lineitem,0,0.757263183593750000,0.434204101562500000,,
2026-07-29T17:11:05Z,B519F70EFCAEFADE,14.23,queries/Core/02_filter_projection/limit_100.sql,2,3,0.215776,6.065,2.117,0.207594,0.013326,0.021885,7168,0,2,0,0,0,0,2,1,100,200,100,800,0,0,lineitem,0,0.765625000000000000,0.431823730468750000,,
2026-07-29T17:11:08Z,B519F70EFCAEFADE,14.23,queries/Core/02_filter_projection/limit_100.sql,3,3,0.213626,4.907,1.641,0.207078,0.016483,0.018424,7168,0,2,0,0,0,0,2,1,100,200,100,800,0,0,lineitem,0,0.793090820312500000,0.466430664062500000,,
2026-07-29T17:11:12Z,B519F70EFCAEFADE,14.23,queries/Core/02_filter_projection/limit_offset_3m.sql,1,3,0.980132,6.036,719.810,0.254286,0.011051,0.025662,7168,0,56245,0,0,0,0,2,1,100,3000200,100,12000800,0,0,lineitem,0,6.859985351562500000,5.097534179687500000,,
2026-07-29T17:11:16Z,B519F70EFCAEFADE,14.23,queries/Core/02_filter_projection/limit_offset_3m.sql,2,3,0.978181,6.971,724.252,0.246958,0.012225,0.023157,7168,0,56245,0,0,0,0,2,1,100,3000200,100,12000800,0,0,lineitem,0,6.891845703125000000,5.134033203125000000,,
2026-07-29T17:11:20Z,B519F70EFCAEFADE,14.23,queries/Core/02_filter_projection/limit_offset_3m.sql,3,3,1.030157,6.376,769.124,0.254657,0.010209,0.025244,7168,0,56245,0,0,0,0,2,1,100,3000200,100,12000800,0,0,lineitem,0,6.891540527343750000,5.047729492187500000,,
2026-07-29T17:11:24Z,B519F70EFCAEFADE,14.23,queries/Core/02_filter_projection/project_all_cols.sql,1,3,1.661687,6.682,1431.307,0.223698,0.012061,0.023041,7168,0,112503,0,0,0,0,1,1,6001215,6001215,6001215,702142155,0,0,lineitem,0,12.485168457031250000,9.394958496093750000,,
2026-07-29T17:11:29Z,B519F70EFCAEFADE,14.23,queries/Core/02_filter_projection/project_all_cols.sql,2,3,1.638593,6.752,1413.281,0.218560,0.004867,0.012181,7168,0,112503,0,0,0,0,1,1,6001215,6001215,6001215,702142155,0,0,lineitem,0,12.388427734375000000,9.373046875000000000,,
2026-07-29T17:11:33Z,B519F70EFCAEFADE,14.23,queries/Core/02_filter_projection/project_all_cols.sql,3,3,1.761423,6.793,1545.845,0.208785,0.016056,0.019205,7168,0,112503,0,0,0,0,1,1,6001215,6001215,6001215,702142155,0,0,lineitem,0,12.435180664062500000,9.211669921875000000,,
2026-07-29T17:11:38Z,B519F70EFCAEFADE,14.23,queries/Core/02_filter_projection/project_zero_cols.sql,1,3,1.940225,4.552,1729.769,0.205904,0.015647,0.019426,7168,0,112503,0,0,0,0,1,1,6001215,6001215,6001215,0,0,0,lineitem,0,13.556030273437500000,9.995239257812500000,,
2026-07-29T17:11:43Z,B519F70EFCAEFADE,14.23,queries/Core/02_filter_projection/project_zero_cols.sql,2,3,1.938827,4.512,1753.812,0.180503,0.005500,0.013776,7168,0,112503,0,0,0,0,1,1,6001215,6001215,6001215,0,0,0,lineitem,0,13.527343750000000000,9.959106445312500000,,
2026-07-29T17:11:48Z,B519F70EFCAEFADE,14.23,queries/Core/02_filter_projection/project_zero_cols.sql,3,3,1.916113,4.372,1728.875,0.182866,0.009938,0.025092,7168,0,112503,0,0,0,0,1,1,6001215,6001215,6001215,0,0,0,lineitem,0,13.547729492187500000,10.002563476562500000,,
2026-07-29T17:11:52Z,B519F70EFCAEFADE,14.23,queries/Core/03_join_method/large_hash.sql,1,3,1.001743,10.357,727.293,0.264093,0.009880,0.026495,7168,0,29680,0,0,2415,2415,4,2,1500000,3300000,1500101,13200000,0,0,orders;customer,0,7.981323242187500000,6.314697265625000000,,
2026-07-29T17:11:56Z,B519F70EFCAEFADE,14.23,queries/Core/03_join_method/large_hash.sql,2,3,1.008454,10.250,735.181,0.263023,0.009997,0.025094,7168,0,29680,0,0,2415,2415,4,2,1500000,3300000,1500101,13200000,0,0,orders;customer,0,8.087097167968750000,6.405334472656250000,,
2026-07-29T17:11:59Z,B519F70EFCAEFADE,14.23,queries/Core/03_join_method/large_hash.sql,3,3,0.986678,10.490,741.855,0.234333,0.004247,0.014514,7168,0,29680,0,0,2415,2415,4,2,1500000,3300000,1500101,13200000,0,0,orders;customer,0,7.847717285156250000,6.198852539062500000,,
2026-07-29T17:12:04Z,B519F70EFCAEFADE,14.23,queries/Core/03_join_method/large_merge.sql,1,3,1.728738,11.433,1451.257,0.266048,0.021119,0.016785,7168,0,29680,0,0,4080,4108,6,2,1500000,6300000,1500101,25200000,0,0,customer;orders,0,13.319702148437500000,10.644042968750000000,,
2026-07-29T17:12:09Z,B519F70EFCAEFADE,14.23,queries/Core/03_join_method/large_merge.sql,2,3,1.695395,11.390,1449.858,0.234147,0.003864,0.014332,7168,0,29680,0,0,4080,4108,6,2,1500000,6300000,1500101,25200000,0,0,customer;orders,0,13.323791503906250000,10.704956054687500000,,
2026-07-29T17:12:14Z,B519F70EFCAEFADE,14.23,queries/Core/03_join_method/large_merge.sql,3,3,1.732846,10.429,1452.449,0.269968,0.012402,0.025951,7168,0,29680,0,0,4080,4108,6,2,1500000,6300000,1500101,25200000,0,0,customer;orders,0,13.365844726562500000,10.679016113281250000,,
2026-07-29T17:12:23Z,B519F70EFCAEFADE,14.23,queries/Core/03_join_method/large_nestloop_index.sql,1,3,6.901680,9.906,6686.149,0.205625,0.017686,0.017330,7168,1364121,589002,0,0,0,0,3,2,1500000,3150000,1500101,12600000,0,0,customer;orders,0,31.790161132812500000,18.449890136718750000,,
2026-07-29T17:12:33Z,B519F70EFCAEFADE,14.23,queries/Core/03_join_method/large_nestloop_index.sql,2,3,7.186899,10.027,6970.241,0.206631,0.011694,0.021362,7168,1364121,589002,0,0,0,0,3,2,1500000,3150000,1500101,12600000,0,0,customer;orders,0,32.203979492187500000,18.316284179687500000,,
2026-07-29T17:12:43Z,B519F70EFCAEFADE,14.23,queries/Core/03_join_method/large_nestloop_index.sql,3,3,7.231438,9.787,7041.656,0.179995,0.004453,0.014222,7168,1364121,589002,0,0,0,0,3,2,1500000,3150000,1500101,12600000,0,0,customer;orders,0,31.927978515625000000,18.136657714843750000,,
2026-07-29T17:12:46Z,B519F70EFCAEFADE,14.23,queries/Core/03_join_method/small_hash.sql,1,3,0.196443,8.267,6.792,0.181384,0.013078,0.020306,7168,0,223,0,0,0,0,4,2,10000,20050,10000,80200,0,0,supplier;nation,0,0.864318847656250000,0.547363281250000000,,
2026-07-29T17:12:50Z,B519F70EFCAEFADE,14.23,queries/Core/03_join_method/small_hash.sql,2,3,0.225663,8.171,6.321,0.211171,0.012452,0.022600,7168,0,223,0,0,0,0,4,2,10000,20050,10000,80200,0,0,supplier;nation,0,0.802856445312500000,0.461669921875000000,,
2026-07-29T17:12:53Z,B519F70EFCAEFADE,14.23,queries/Core/03_join_method/small_hash.sql,3,3,0.282084,8.015,49.723,0.224346,0.010922,0.027052,7168,0,223,0,0,0,0,4,2,10000,20050,10000,80200,0,0,supplier;nation,0,0.925170898437500000,0.459594726562500000,,
2026-07-29T17:12:56Z,B519F70EFCAEFADE,14.23,queries/Core/03_join_method/small_merge.sql,1,3,0.226510,8.232,7.569,0.210709,0.010497,0.024615,7168,0,223,0,0,0,0,5,2,10000,30050,10000,120200,0,0,nation;supplier,0,0.831481933593750000,0.488525390625000000,,
2026-07-29T17:12:59Z,B519F70EFCAEFADE,14.23,queries/Core/03_join_method/small_merge.sql,2,3,0.194228,7.529,7.741,0.178958,0.007650,0.011621,7168,0,223,0,0,0,0,5,2,10000,30050,10000,120200,0,0,nation;supplier,0,0.783325195312500000,0.486145019531250000,,
2026-07-29T17:13:02Z,B519F70EFCAEFADE,14.23,queries/Core/03_join_method/small_merge.sql,3,3,0.199033,8.026,8.260,0.182747,0.003029,0.015993,7168,0,223,0,0,0,0,5,2,10000,30050,10000,120200,0,0,nation;supplier,0,0.792358398437500000,0.477844238281250000,,
2026-07-29T17:13:05Z,B519F70EFCAEFADE,14.23,queries/Core/03_join_method/small_nestloop.sql,1,3,0.244892,8.761,23.541,0.212590,0.011242,0.025349,7168,0,223,0,0,0,0,4,2,10000,270025,10000,1080100,0,0,supplier;nation,0,0.962829589843750000,0.580200195312500000,,
2026-07-29T17:13:08Z,B519F70EFCAEFADE,14.23,queries/Core/03_join_method/small_nestloop.sql,2,3,0.246569,8.834,23.817,0.213918,0.010581,0.024964,7168,0,223,0,0,0,0,4,2,10000,270025,10000,1080100,0,0,supplier;nation,0,0.966796875000000000,0.578491210937500000,,
2026-07-29T17:13:12Z,B519F70EFCAEFADE,14.23,queries/Core/03_join_method/small_nestloop.sql,3,3,0.242846,8.168,21.606,0.213072,0.015080,0.020002,7168,0,223,0,0,0,0,4,2,10000,270025,10000,1080100,0,0,supplier;nation,0,0.955505371093750000,0.576538085937500000,,
2026-07-29T17:13:15Z,B519F70EFCAEFADE,14.23,queries/Core/04_join_scale/join_10kx25.sql,1,3,0.221726,8.575,6.035,0.207116,0.010793,0.026601,7168,0,223,0,0,0,0,4,2,10000,20050,10000,80200,0,0,supplier;nation,0,0.810119628906250000,0.470031738281250000,,
2026-07-29T17:13:18Z,B519F70EFCAEFADE,14.23,queries/Core/04_join_scale/join_10kx25.sql,2,3,0.227561,8.609,6.911,0.212041,0.008797,0.026489,7168,0,223,0,0,0,0,4,2,10000,20050,10000,80200,0,0,supplier;nation,0,0.816406250000000000,0.469909667968750000,,
2026-07-29T17:13:21Z,B519F70EFCAEFADE,14.23,queries/Core/04_join_scale/join_10kx25.sql,3,3,0.228916,8.977,7.789,0.212150,0.006235,0.029887,7168,0,223,0,0,0,0,4,2,10000,20050,10000,80200,0,0,supplier;nation,0,0.797180175781250000,0.441589355468750000,,
2026-07-29T17:13:25Z,B519F70EFCAEFADE,14.23,queries/Core/04_join_scale/join_1500kx150k.sql,1,3,0.995486,10.704,721.926,0.262856,0.012705,0.023993,7168,0,29680,0,0,2415,2415,4,2,1500000,3300000,1500101,13200000,0,0,orders;customer,0,7.966552734375000000,6.317443847656250000,,
2026-07-29T17:13:29Z,B519F70EFCAEFADE,14.23,queries/Core/04_join_scale/join_1500kx150k.sql,2,3,0.971020,9.078,726.339,0.235603,0.013458,0.022123,7168,0,29680,0,0,2415,2415,4,2,1500000,3300000,1500101,13200000,0,0,orders;customer,0,7.874572753906250000,6.247802734375000000,,
2026-07-29T17:13:33Z,B519F70EFCAEFADE,14.23,queries/Core/04_join_scale/join_1500kx150k.sql,3,3,1.103918,10.790,830.060,0.263068,0.014378,0.020829,7168,0,29680,0,0,2415,2415,4,2,1500000,3300000,1500101,13200000,0,0,orders;customer,0,8.073486328125000000,6.221435546875000000,,
2026-07-29T17:13:36Z,B519F70EFCAEFADE,14.23,queries/Core/04_join_scale/join_150kx25.sql,1,3,0.425051,9.229,159.668,0.256154,0.008992,0.027083,7168,0,3586,0,0,0,0,4,2,150000,300050,150000,1200200,0,0,customer;nation,0,1.545104980468750000,0.829895019531250000,,
2026-07-29T17:13:39Z,B519F70EFCAEFADE,14.23,queries/Core/04_join_scale/join_150kx25.sql,2,3,0.416957,9.611,155.139,0.252207,0.008448,0.027104,7168,0,3586,0,0,0,0,4,2,150000,300050,150000,1200200,0,0,customer;nation,0,1.545227050781250000,0.851867675781250000,,
2026-07-29T17:13:43Z,B519F70EFCAEFADE,14.23,queries/Core/04_join_scale/join_150kx25.sql,3,3,0.476561,10.114,258.693,0.207754,0.017324,0.019336,7168,0,3586,0,0,0,0,4,2,150000,300050,150000,1200200,0,0,customer;nation,0,1.691833496093750000,0.891113281250000000,,
2026-07-29T17:13:46Z,B519F70EFCAEFADE,14.23,queries/Core/04_join_scale/join_25x5.sql,1,3,0.218889,9.386,1.385,0.208118,0.017416,0.018266,7168,0,2,0,0,0,0,4,2,25,60,25,240,0,0,nation;region,0,0.783142089843750000,0.442077636718750000,,
2026-07-29T17:13:49Z,B519F70EFCAEFADE,14.23,queries/Core/04_join_scale/join_25x5.sql,2,3,0.223505,9.020,1.578,0.212907,0.009650,0.025387,7168,0,2,0,0,0,0,4,2,25,60,25,240,0,0,nation;region,0,0.775329589843750000,0.434082031250000000,,
2026-07-29T17:13:52Z,B519F70EFCAEFADE,14.23,queries/Core/04_join_scale/join_25x5.sql,3,3,0.220226,8.259,1.611,0.210356,0.015511,0.020726,7168,0,2,0,0,0,0,4,2,25,60,25,240,0,0,nation;region,0,0.804382324218750000,0.453186035156250000,,
2026-07-29T17:13:57Z,B519F70EFCAEFADE,14.23,queries/Core/04_join_scale/join_6mx10k.sql,1,3,2.112061,9.363,1890.195,0.212503,0.014450,0.020729,7168,0,112725,0,0,0,0,4,2,6001215,12022430,5979092,48089720,0,0,lineitem;supplier,0,19.662536621093750000,15.819396972656250000,,
2026-07-29T17:14:02Z,B519F70EFCAEFADE,14.23,queries/Core/04_join_scale/join_6mx10k.sql,2,3,2.153349,9.663,1932.928,0.210758,0.010224,0.024286,7168,0,112725,0,0,0,0,4,2,6001215,12022430,5979092,48089720,0,0,lineitem;supplier,0,19.705810546875000000,15.808593750000000000,,
2026-07-29T17:14:07Z,B519F70EFCAEFADE,14.23,queries/Core/04_join_scale/join_6mx10k.sql,3,3,2.086900,8.795,1934.639,0.143466,0.011301,0.019966,7168,0,112725,0,0,0,0,4,2,6001215,12022430,5979092,48089720,0,0,lineitem;supplier,0,19.797668457031250000,15.963623046875000000,,
2026-07-29T17:14:13Z,B519F70EFCAEFADE,14.23,queries/Core/04_join_scale/join_6mx1500k.sql,1,3,3.092592,5.670,2778.495,0.308427,0.000000,0.009757,7168,0,138598,0,0,21318,21318,4,2,6001215,15002430,6001215,60009720,0,0,lineitem;orders,0,34.792114257812500000,29.681701660156250000,,
2026-07-29T17:14:19Z,B519F70EFCAEFADE,14.23,queries/Core/04_join_scale/join_6mx1500k.sql,2,3,3.190150,10.397,2925.068,0.254685,0.011091,0.022474,7168,0,138598,0,0,21318,21318,4,2,6001215,15002430,6001215,60009720,0,0,lineitem;orders,0,32.033996582031250000,26.882080078125000000,,
2026-07-29T17:14:26Z,B519F70EFCAEFADE,14.23,queries/Core/04_join_scale/join_6mx1500k.sql,3,3,3.300385,10.552,3031.714,0.258119,0.011497,0.023676,7168,0,138598,0,0,21318,21318,4,2,6001215,15002430,6001215,60009720,0,0,lineitem;orders,0,32.176940917968750000,26.784484863281250000,,
2026-07-29T17:14:32Z,B519F70EFCAEFADE,14.23,queries/Core/04_join_scale/join_6mx200k.sql,1,3,2.894595,9.143,2722.275,0.163177,0.007149,0.011530,7168,0,116600,0,0,13620,13620,4,2,6001215,12402430,6001215,49609720,0,0,lineitem;part,0,28.317749023437500000,23.538024902343750000,,
2026-07-29T17:14:37Z,B519F70EFCAEFADE,14.23,queries/Core/04_join_scale/join_6mx200k.sql,2,3,2.524201,7.549,2425.197,0.091455,0.002003,0.011145,7168,0,116600,0,0,13620,13620,4,2,6001215,12402430,6001215,49609720,0,0,lineitem;part,0,27.351806640625000000,23.306518554687500000,,
2026-07-29T17:14:43Z,B519F70EFCAEFADE,14.23,queries/Core/04_join_scale/join_6mx200k.sql,3,3,2.890517,9.202,2694.897,0.186418,0.005818,0.012591,7168,0,116600,0,0,13620,13620,4,2,6001215,12402430,6001215,49609720,0,0,lineitem;part,0,28.291137695312500000,23.529174804687500000,,
2026-07-29T17:14:47Z,B519F70EFCAEFADE,14.23,queries/Core/04_join_scale/join_800kx200k.sql,1,3,0.712496,7.995,482.576,0.221925,0.007504,0.010641,7168,0,21548,0,0,2199,2199,4,2,800000,2000000,800000,8000000,0,0,partsupp;part,0,5.068725585937500000,3.894836425781250000,,
2026-07-29T17:14:50Z,B519F70EFCAEFADE,14.23,queries/Core/04_join_scale/join_800kx200k.sql,2,3,0.663388,8.387,482.714,0.172287,0.004750,0.008214,7168,0,21548,0,0,2199,2199,4,2,800000,2000000,800000,8000000,0,0,partsupp;part,0,4.926208496093750000,3.844177246093750000,,
2026-07-29T17:14:54Z,B519F70EFCAEFADE,14.23,queries/Core/04_join_scale/join_800kx200k.sql,3,3,0.712250,8.180,478.074,0.225996,0.011269,0.024576,7168,0,21548,0,0,2199,2199,4,2,800000,2000000,800000,8000000,0,0,partsupp;part,0,5.173522949218750000,3.988098144531250000,,
2026-07-29T17:14:57Z,B519F70EFCAEFADE,14.23,queries/Core/05_join_type/anti_not_exists.sql,1,3,0.929701,11.328,663.309,0.255064,0.013355,0.023565,7168,194,29680,0,0,0,0,5,2,0,1800000,1,7200000,0,2,orders;customer,0,5.753662109375000000,4.102661132812500000,,
2026-07-29T17:15:01Z,B519F70EFCAEFADE,14.23,queries/Core/05_join_type/anti_not_exists.sql,2,3,0.975721,11.209,753.366,0.211146,0.013202,0.023431,7168,194,29680,0,0,0,0,5,2,0,1800000,1,7200000,0,2,orders;customer,0,5.887329101562500000,4.155822753906250000,,
2026-07-29T17:15:05Z,B519F70EFCAEFADE,14.23,queries/Core/05_join_type/anti_not_exists.sql,3,3,0.941167,10.908,680.824,0.249435,0.016303,0.021413,7168,194,29680,0,0,0,0,5,2,0,1800000,1,7200000,0,2,orders;customer,0,5.603393554687500000,3.913269042968750000,,
2026-07-29T17:15:09Z,B519F70EFCAEFADE,14.23,queries/Core/05_join_type/cross_join.sql,1,3,1.262151,4.635,1049.417,0.208099,0.018370,0.016308,7168,0,26096,0,0,0,0,4,2,7500000,16500005,7500505,30000000,0,0,orders;region,0,10.231201171875000000,8.014709472656250000,,
2026-07-29T17:15:13Z,B519F70EFCAEFADE,14.23,queries/Core/05_join_type/cross_join.sql,2,3,1.287673,4.950,1072.361,0.210362,0.010672,0.024248,7168,0,26096,0,0,0,0,4,2,7500000,16500005,7500505,30000000,0,0,orders;region,0,10.117065429687500000,7.867492675781250000,,
2026-07-29T17:15:17Z,B519F70EFCAEFADE,14.23,queries/Core/05_join_type/cross_join.sql,3,3,1.289432,4.391,1079.931,0.205110,0.012805,0.022341,7168,0,26096,0,0,0,0,4,2,7500000,16500005,7500505,30000000,0,0,orders;region,0,10.260498046875000000,7.992614746093750000,,
2026-07-29T17:15:21Z,B519F70EFCAEFADE,14.23,queries/Core/05_join_type/full_outer.sql,1,3,1.006652,10.030,733.680,0.262942,0.012320,0.024560,7168,0,29680,0,0,2415,2415,4,2,1550004,3350004,1500101,13400016,0,0,orders;customer,0,7.974365234375000000,6.300170898437500000,,
2026-07-29T17:15:25Z,B519F70EFCAEFADE,14.23,queries/Core/05_join_type/full_outer.sql,2,3,0.995157,11.064,723.343,0.260750,0.014255,0.020554,7168,0,29680,0,0,2415,2415,4,2,1550004,3350004,1500101,13400016,0,0,orders;customer,0,8.090515136718750000,6.438842773437500000,,
2026-07-29T17:15:29Z,B519F70EFCAEFADE,14.23,queries/Core/05_join_type/full_outer.sql,3,3,0.996254,9.607,724.994,0.261653,0.019223,0.016926,7168,0,29680,0,0,2415,2415,4,2,1550004,3350004,1500101,13400016,0,0,orders;customer,0,8.041198730468750000,6.390930175781250000,,
2026-07-29T17:15:33Z,B519F70EFCAEFADE,14.23,queries/Core/05_join_type/inner.sql,1,3,1.102563,10.745,829.657,0.262161,0.012401,0.022706,7168,0,29680,0,0,2415,2415,4,2,1500000,3300000,1500101,13200000,0,0,orders;customer,0,8.047485351562500000,6.201660156250000000,,
2026-07-29T17:15:37Z,B519F70EFCAEFADE,14.23,queries/Core/05_join_type/inner.sql,2,3,0.981074,10.277,728.933,0.241864,0.004735,0.015180,7168,0,29680,0,0,2415,2415,4,2,1500000,3300000,1500101,13200000,0,0,orders;customer,0,7.928466796875000000,6.310913085937500000,,
2026-07-29T17:15:41Z,B519F70EFCAEFADE,14.23,queries/Core/05_join_type/inner.sql,3,3,0.992355,9.454,718.603,0.264298,0.013918,0.024713,7168,0,29680,0,0,2415,2415,4,2,1500000,3300000,1500101,13200000,0,0,orders;customer,0,7.938110351562500000,6.290283203125000000,,
2026-07-29T17:15:45Z,B519F70EFCAEFADE,14.23,queries/Core/05_join_type/join_on_text_cast.sql,1,3,1.363407,9.281,1155.722,0.198404,0.005682,0.019602,7168,164,29680,0,0,0,0,5,2,1500000,4800000,1125075750,19200000,0,2,orders;customer,0,16.465087890625000000,14.026611328125000000,,
2026-07-29T17:15:49Z,B519F70EFCAEFADE,14.23,queries/Core/05_join_type/join_on_text_cast.sql,2,3,1.290802,9.238,1123.870,0.157694,0.006995,0.012530,7168,164,29680,0,0,0,0,5,2,1500000,4800000,1125075750,19200000,0,2,orders;customer,0,16.495239257812500000,14.140686035156250000,,
2026-07-29T17:15:53Z,B519F70EFCAEFADE,14.23,queries/Core/05_join_type/join_on_text_cast.sql,3,3,1.385422,10.040,1159.398,0.215984,0.013863,0.022553,7168,164,29680,0,0,0,0,5,2,1500000,4800000,1125075750,19200000,0,2,orders;customer,0,16.557189941406250000,14.080749511718750000,,
2026-07-29T17:15:57Z,B519F70EFCAEFADE,14.23,queries/Core/05_join_type/left_outer.sql,1,3,0.977051,10.306,731.832,0.234913,0.013390,0.021852,7168,0,29680,0,0,2415,2415,4,2,1500000,3300000,1500101,13200000,0,0,orders;customer,0,8.029785156250000000,6.383300781250000000,,
2026-07-29T17:16:01Z,B519F70EFCAEFADE,14.23,queries/Core/05_join_type/left_outer.sql,2,3,1.008986,10.239,736.950,0.261797,0.011841,0.023381,7168,0,29680,0,0,2415,2415,4,2,1500000,3300000,1500101,13200000,0,0,orders;customer,0,8.095275878906250000,6.420898437500000000,,
2026-07-29T17:16:05Z,B519F70EFCAEFADE,14.23,queries/Core/05_join_type/left_outer.sql,3,3,0.997183,9.414,723.201,0.264568,0.011384,0.024494,7168,0,29680,0,0,2415,2415,4,2,1500000,3300000,1500101,13200000,0,0,orders;customer,0,7.911499023437500000,6.263854980468750000,,
2026-07-29T17:16:09Z,B519F70EFCAEFADE,14.23,queries/Core/05_join_type/right_outer.sql,1,3,1.006132,10.272,734.719,0.261141,0.013907,0.022095,7168,0,29680,0,0,2415,2415,4,2,1550004,3350004,1500101,13400016,0,0,orders;customer,0,8.052795410156250000,6.391784667968750000,,
2026-07-29T17:16:13Z,B519F70EFCAEFADE,14.23,queries/Core/05_join_type/right_outer.sql,2,3,1.010070,9.758,787.248,0.213064,0.004484,0.016213,7168,0,29680,0,0,2415,2415,4,2,1550004,3350004,1500101,13400016,0,0,orders;customer,0,8.078308105468750000,6.382629394531250000,,
2026-07-29T17:16:17Z,B519F70EFCAEFADE,14.23,queries/Core/05_join_type/right_outer.sql,3,3,1.003316,10.277,730.575,0.262464,0.012463,0.022770,7168,0,29680,0,0,2415,2415,4,2,1550004,3350004,1500101,13400016,0,0,orders;customer,0,8.001037597656250000,6.344543457031250000,,
2026-07-29T17:16:21Z,B519F70EFCAEFADE,14.23,queries/Core/05_join_type/self_join.sql,1,3,1.515801,10.391,1280.046,0.225364,0.007464,0.010988,7168,33,52157,0,0,8544,8544,4,2,1500000,6000000,1500101,24000000,0,0,orders,0,12.223876953125000000,10.032592773437500000,,
2026-07-29T17:16:26Z,B519F70EFCAEFADE,14.23,queries/Core/05_join_type/self_join.sql,2,3,1.537665,9.905,1292.662,0.235098,0.016847,0.019332,7168,33,52157,0,0,8544,8544,4,2,1500000,6000000,1500101,24000000,0,0,orders,0,12.227233886718750000,9.973876953125000000,,
2026-07-29T17:16:30Z,B519F70EFCAEFADE,14.23,queries/Core/05_join_type/self_join.sql,3,3,1.575993,8.762,1303.370,0.263861,0.012212,0.023311,7168,33,52157,0,0,8544,8544,4,2,1500000,6000000,1500101,24000000,0,0,orders,0,12.207092285156250000,9.922424316406250000,,
2026-07-29T17:16:34Z,B519F70EFCAEFADE,14.23,queries/Core/05_join_type/semi_exists.sql,1,3,0.888341,10.904,722.912,0.154525,0.006295,0.009411,7168,0,29680,0,0,2415,2415,4,2,1500000,3300000,1500101,13200000,0,0,orders;customer,0,7.632324218750000000,6.141540527343750000,,
2026-07-29T17:16:38Z,B519F70EFCAEFADE,14.23,queries/Core/05_join_type/semi_exists.sql,2,3,0.952239,9.595,715.096,0.227548,0.003949,0.014855,7168,0,29680,0,0,2415,2415,4,2,1500000,3300000,1500101,13200000,0,0,orders;customer,0,7.644409179687500000,6.063415527343750000,,
2026-07-29T17:16:42Z,B519F70EFCAEFADE,14.23,queries/Core/05_join_type/semi_exists.sql,3,3,0.969725,11.707,700.905,0.257113,0.007481,0.028673,7168,0,29680,0,0,2415,2415,4,2,1500000,3300000,1500101,13200000,0,0,orders;customer,0,7.772216796875000000,6.152343750000000000,,
2026-07-29T17:16:47Z,B519F70EFCAEFADE,14.23,queries/Core/06_join_chain/chain_1_hash.sql,1,3,2.709793,10.283,2481.630,0.217880,0.009650,0.009622,7168,116,35573,0,0,21318,21318,4,2,6001215,15002430,6001215,60009720,0,0,lineitem;orders,0,26.823486328125000000,22.663879394531250000,,
2026-07-29T17:16:53Z,B519F70EFCAEFADE,14.23,queries/Core/06_join_chain/chain_1_hash.sql,2,3,2.758560,15.179,2492.098,0.251283,0.013823,0.015837,7168,116,35573,0,0,21318,21318,4,2,6001215,15002430,6001215,60009720,0,0,lineitem;orders,0,27.089477539062500000,22.782836914062500000,,
2026-07-29T17:16:59Z,B519F70EFCAEFADE,14.23,queries/Core/06_join_chain/chain_1_hash.sql,3,3,2.764849,10.127,2497.590,0.257132,0.013107,0.020867,7168,116,35573,0,0,21318,21318,4,2,6001215,15002430,6001215,60009720,0,0,lineitem;orders,0,27.109558105468750000,22.871643066406250000,,
2026-07-29T17:17:04Z,B519F70EFCAEFADE,14.23,queries/Core/06_join_chain/chain_1_merge.sql,1,3,2.040838,12.837,1831.105,0.196896,0.012309,0.019753,7168,122,35567,0,0,3821,3847,4,2,6001215,15002430,6001215,60009720,0,0,orders;lineitem,0,19.707641601562500000,16.093017578125000000,,
2026-07-29T17:17:09Z,B519F70EFCAEFADE,14.23,queries/Core/06_join_chain/chain_1_merge.sql,2,3,2.056638,14.822,1859.745,0.182071,0.011040,0.023858,7168,122,35567,0,0,3821,3847,4,2,6001215,15002430,6001215,60009720,0,0,orders;lineitem,0,19.487976074218750000,15.835693359375000000,,
2026-07-29T17:17:14Z,B519F70EFCAEFADE,14.23,queries/Core/06_join_chain/chain_1_merge.sql,3,3,2.060245,11.863,1866.510,0.181872,0.009673,0.025357,7168,122,35567,0,0,3821,3847,4,2,6001215,15002430,6001215,60009720,0,0,orders;lineitem,0,19.951538085937500000,16.242370605468750000,,
2026-07-29T17:17:19Z,B519F70EFCAEFADE,14.23,queries/Core/06_join_chain/chain_1_nestloop.sql,1,3,2.002660,9.278,1789.083,0.204299,0.011391,0.023438,7168,4490619,35606,0,0,0,0,4,2,6001215,19502430,6001215,78009720,0,2,orders;lineitem,0,38.926879882812500000,35.293884277343750000,,
2026-07-29T17:17:23Z,B519F70EFCAEFADE,14.23,queries/Core/06_join_chain/chain_1_nestloop.sql,2,3,1.900121,10.102,1778.513,0.111506,0.004372,0.009943,7168,4490619,35606,0,0,0,0,4,2,6001215,19502430,6001215,78009720,0,2,orders;lineitem,0,39.097778320312500000,35.564575195312500000,,
2026-07-29T17:17:28Z,B519F70EFCAEFADE,14.23,queries/Core/06_join_chain/chain_1_nestloop.sql,3,3,1.997487,9.954,1825.137,0.162396,0.006351,0.013304,7168,4490619,35606,0,0,0,0,4,2,6001215,19502430,6001215,78009720,0,2,orders;lineitem,0,39.638549804687500000,35.927978515625000000,,
2026-07-29T17:17:34Z,B519F70EFCAEFADE,14.23,queries/Core/06_join_chain/chain_2_hash.sql,1,3,3.446434,11.823,3174.946,0.259665,0.013589,0.019447,7168,116,39158,0,0,24099,24099,7,3,6001215,16802430,6001215,73209720,0,0,lineitem;orders;customer,0,32.825073242187500000,27.326538085937500000,,
2026-07-29T17:17:41Z,B519F70EFCAEFADE,14.23,queries/Core/06_join_chain/chain_2_hash.sql,2,3,3.336253,9.213,3131.366,0.195674,0.006382,0.012067,7168,116,39158,0,0,24099,24099,7,3,6001215,16802430,6001215,73209720,0,0,lineitem;orders;customer,0,32.747680664062500000,27.311950683593750000,,
2026-07-29T17:17:47Z,B519F70EFCAEFADE,14.23,queries/Core/06_join_chain/chain_2_hash.sql,3,3,3.529520,10.730,3260.879,0.257911,0.013088,0.022360,7168,116,39158,0,0,24099,24099,7,3,6001215,16802430,6001215,73209720,0,0,lineitem;orders;customer,0,33.099975585937500000,27.449462890625000000,,
2026-07-29T17:17:59Z,B519F70EFCAEFADE,14.23,queries/Core/06_join_chain/chain_2_merge.sql,1,3,8.548909,14.551,8325.550,0.208808,0.013650,0.020815,7168,921972,592281,0,0,4080,4108,8,3,6001215,18352434,6001215,79409736,0,0,orders;customer;lineitem,0,50.195495605468750000,34.994445800781250000,,
2026-07-29T17:18:10Z,B519F70EFCAEFADE,14.23,queries/Core/06_join_chain/chain_2_merge.sql,2,3,8.673900,14.270,8455.048,0.204582,0.009202,0.023192,7168,921972,592281,0,0,4080,4108,8,3,6001215,18352434,6001215,79409736,0,0,orders;customer;lineitem,0,50.118530273437500000,34.825317382812500000,,
2026-07-29T17:18:22Z,B519F70EFCAEFADE,14.23,queries/Core/06_join_chain/chain_2_merge.sql,3,3,8.591662,14.410,8373.861,0.203391,0.008073,0.024661,7168,921972,592281,0,0,4080,4108,8,3,6001215,18352434,6001215,79409736,0,0,orders;customer;lineitem,0,50.181152343750000000,34.836730957031250000,,
2026-07-29T17:18:30Z,B519F70EFCAEFADE,14.23,queries/Core/06_join_chain/chain_2_nestloop.sql,1,3,6.074229,11.621,5860.525,0.202083,0.011844,0.019524,7168,5450192,1376588,0,0,0,0,6,3,6001215,21152430,6001215,90609720,0,2,customer;orders;lineitem,0,76.604125976562500000,63.502746582031250000,,
2026-07-29T17:18:39Z,B519F70EFCAEFADE,14.23,queries/Core/06_join_chain/chain_2_nestloop.sql,2,3,5.377586,10.827,5161.434,0.205325,0.008788,0.024370,7168,5450163,1376617,0,0,0,0,6,3,6001215,21152430,6001215,90609720,0,2,customer;orders;lineitem,0,83.320007324218750000,71.424316406250000000,,
2026-07-29T17:18:47Z,B519F70EFCAEFADE,14.23,queries/Core/06_join_chain/chain_2_nestloop.sql,3,3,5.747847,11.472,5576.930,0.159445,0.008640,0.015795,7168,5450096,1376684,0,0,0,0,6,3,6001215,21152430,6001215,90609720,0,2,customer;orders;lineitem,0,78.412292480468750000,65.821716308593750000,,
2026-07-29T17:18:53Z,B519F70EFCAEFADE,14.23,queries/Core/06_join_chain/chain_3_hash.sql,1,3,3.522302,12.169,3251.201,0.258932,0.011808,0.021799,7168,116,39159,0,0,24099,24099,10,4,6001215,16952480,6001215,74409920,0,0,lineitem;orders;customer;nation,0,33.615417480468750000,27.907409667968750000,,
2026-07-29T17:19:00Z,B519F70EFCAEFADE,14.23,queries/Core/06_join_chain/chain_3_hash.sql,2,3,3.652124,12.889,3376.430,0.262805,0.013730,0.022742,7168,116,39159,0,0,24099,24099,10,4,6001215,16952480,6001215,74409920,0,0,lineitem;orders;customer;nation,0,33.706909179687500000,27.850646972656250000,,
2026-07-29T17:19:07Z,B519F70EFCAEFADE,14.23,queries/Core/06_join_chain/chain_3_hash.sql,3,3,3.588858,11.307,3317.518,0.260033,0.014979,0.021493,7168,116,39159,0,0,24099,24099,10,4,6001215,16952480,6001215,74409920,0,0,lineitem;orders;customer;nation,0,33.751159667968750000,27.992004394531250000,,
2026-07-29T17:19:18Z,B519F70EFCAEFADE,14.23,queries/Core/06_join_chain/chain_3_merge.sql,1,3,8.947933,14.507,8812.393,0.121033,0.006000,0.008897,7168,986956,597149,0,0,4080,4108,11,4,6001215,18646477,6001215,81185908,0,0,orders;customer;nation;lineitem,0,51.300903320312500000,35.631164550781250000,,
2026-07-29T17:19:30Z,B519F70EFCAEFADE,14.23,queries/Core/06_join_chain/chain_3_merge.sql,2,3,8.921896,13.467,8732.720,0.175709,0.006904,0.011256,7168,986956,597149,0,0,4080,4108,11,4,6001215,18646477,6001215,81185908,0,0,orders;customer;nation;lineitem,0,51.597412109375000000,35.831298828125000000,,
2026-07-29T17:19:42Z,B519F70EFCAEFADE,14.23,queries/Core/06_join_chain/chain_3_merge.sql,3,3,8.876791,15.459,8658.692,0.202640,0.012552,0.020449,7168,986956,597149,0,0,4080,4108,11,4,6001215,18646477,6001215,81185908,0,0,orders;customer;nation;lineitem,0,51.234130859375000000,35.592895507812500000,,
2026-07-29T17:20:01Z,B519F70EFCAEFADE,14.23,queries/Core/06_join_chain/chain_3_nestloop.sql,1,3,16.129461,11.447,15905.912,0.212102,0.006656,0.012902,7168,5316563,1580092,0,0,0,0,8,5,6001215,15451240,6001215,67804960,0,0,nation;customer;idx_customer_nation;orders;lineitem,0,90.878417968750000000,66.803161621093750000,,
2026-07-29T17:20:20Z,B519F70EFCAEFADE,14.23,queries/Core/06_join_chain/chain_3_nestloop.sql,2,3,15.812994,12.368,15598.479,0.202147,0.007863,0.024141,7168,5316587,1580068,0,0,0,0,8,5,6001215,15451240,6001215,67804960,0,0,nation;customer;idx_customer_nation;orders;lineitem,0,92.078430175781250000,68.242614746093750000,,
2026-07-29T17:20:38Z,B519F70EFCAEFADE,14.23,queries/Core/06_join_chain/chain_3_nestloop.sql,3,3,15.852855,12.263,15595.863,0.244729,0.011548,0.022045,7168,5316586,1580069,0,0,0,0,8,5,6001215,15451240,6001215,67804960,0,0,nation;customer;idx_customer_nation;orders;lineitem,0,93.967102050781250000,69.485229492187500000,,
2026-07-29T17:20:45Z,B519F70EFCAEFADE,14.23,queries/Core/06_join_chain/chain_4_hash.sql,1,3,3.585049,13.368,3313.782,0.257899,0.009202,0.024439,7168,116,39160,0,0,24099,24099,13,5,6001215,16952515,6001215,74410160,0,0,lineitem;orders;customer;nation;region,0,33.237854003906250000,27.444396972656250000,,
2026-07-29T17:20:51Z,B519F70EFCAEFADE,14.23,queries/Core/06_join_chain/chain_4_hash.sql,2,3,3.511230,12.631,3285.338,0.213261,0.009359,0.009039,7168,116,39160,0,0,24099,24099,13,5,6001215,16952515,6001215,74410160,0,0,lineitem;orders;customer;nation;region,0,33.809326171875000000,28.129638671875000000,,
2026-07-29T17:20:58Z,B519F70EFCAEFADE,14.23,queries/Core/06_join_chain/chain_4_hash.sql,3,3,3.493282,12.451,3219.958,0.260873,0.015054,0.020195,7168,116,39160,0,0,24099,24099,13,5,6001215,16952515,6001215,74410160,0,0,lineitem;orders;customer;nation;region,0,33.521301269531250000,27.903076171875000000,,
2026-07-29T17:21:10Z,B519F70EFCAEFADE,14.23,queries/Core/06_join_chain/chain_4_merge.sql,1,3,8.976822,15.169,8754.589,0.207064,0.010996,0.023726,7168,986947,597159,0,0,4080,4108,15,5,6001215,18646537,6001215,81186348,0,0,orders;customer;region;nation;lineitem,0,51.940551757812500000,36.160522460937500000,,
2026-07-29T17:21:21Z,B519F70EFCAEFADE,14.23,queries/Core/06_join_chain/chain_4_merge.sql,2,3,8.860853,54.321,8671.048,0.135484,0.003935,0.016897,7168,986947,597159,0,0,4080,4108,15,5,6001215,18646537,6001215,81186348,0,0,orders;customer;region;nation;lineitem,0,51.500122070312500000,35.849365234375000000,,
2026-07-29T17:21:33Z,B519F70EFCAEFADE,14.23,queries/Core/06_join_chain/chain_4_merge.sql,3,3,8.890022,16.263,8696.143,0.177616,0.012880,0.019433,7168,986947,597159,0,0,4080,4108,15,5,6001215,18646537,6001215,81186348,0,0,orders;customer;region;nation;lineitem,0,52.831970214843750000,36.972167968750000000,,
2026-07-29T17:21:52Z,B519F70EFCAEFADE,14.23,queries/Core/06_join_chain/chain_4_nestloop.sql,1,3,16.334914,12.277,16068.464,0.254173,0.009006,0.022682,7168,5316561,1580095,0,0,0,0,11,6,6001215,15451395,6001215,67805680,0,0,nation;region;customer;idx_customer_nation;orders;lineitem,0,91.963989257812500000,67.571289062500000000,,
2026-07-29T17:22:10Z,B519F70EFCAEFADE,14.23,queries/Core/06_join_chain/chain_4_nestloop.sql,2,3,15.404077,11.847,15208.183,0.184047,0.003902,0.014369,7168,5316585,1580071,0,0,0,0,11,6,6001215,15451395,6001215,67805680,0,0,nation;region;customer;idx_customer_nation;orders;lineitem,0,97.355590820312500000,73.024475097656250000,,
2026-07-29T17:22:29Z,B519F70EFCAEFADE,14.23,queries/Core/06_join_chain/chain_4_nestloop.sql,3,3,15.968751,12.304,15697.742,0.258705,0.007920,0.024485,7168,5316573,1580083,0,0,0,0,11,6,6001215,15451395,6001215,67805680,0,0,nation;region;customer;idx_customer_nation;orders;lineitem,0,92.443176269531250000,68.593261718750000000,,
2026-07-29T17:22:34Z,B519F70EFCAEFADE,14.23,queries/Core/07_grouping_distinct/count_per_group.sql,1,3,1.630947,7.256,1444.216,0.179475,0.007636,0.025653,7168,14,112503,0,0,0,0,5,1,3,6001245,3,12002730,0,2,lineitem,0,22.110656738281250000,18.998291015625000000,,
2026-07-29T17:22:38Z,B519F70EFCAEFADE,14.23,queries/Core/07_grouping_distinct/count_per_group.sql,2,3,1.658212,8.212,1465.758,0.184242,0.015868,0.019827,7168,14,112503,0,0,0,0,5,1,3,6001245,3,12002730,0,2,lineitem,0,22.027832031250000000,18.876220703125000000,,
2026-07-29T17:22:43Z,B519F70EFCAEFADE,14.23,queries/Core/07_grouping_distinct/count_per_group.sql,3,3,1.697978,7.503,1478.933,0.211542,0.007548,0.027824,7168,14,112503,0,0,0,0,5,1,3,6001245,3,12002730,0,2,lineitem,0,22.151245117187500000,18.951110839843750000,,
2026-07-29T17:22:49Z,B519F70EFCAEFADE,14.23,queries/Core/07_grouping_distinct/cube.sql,1,3,3.427220,6.752,3248.045,0.172423,0.007301,0.010030,7168,0,112503,0,0,0,0,2,1,10,6001225,12,24004900,0,0,lineitem,0,36.843750000000000000,30.506774902343750000,,
2026-07-29T17:22:56Z,B519F70EFCAEFADE,14.23,queries/Core/07_grouping_distinct/cube.sql,2,3,3.439232,7.085,3227.681,0.204466,0.008627,0.024321,7168,0,112503,0,0,0,0,2,1,10,6001225,12,24004900,0,0,lineitem,0,36.796508789062500000,30.445800781250000000,,
2026-07-29T17:23:02Z,B519F70EFCAEFADE,14.23,queries/Core/07_grouping_distinct/cube.sql,3,3,3.410249,7.784,3226.362,0.176103,0.007370,0.023805,7168,0,112503,0,0,0,0,2,1,10,6001225,12,24004900,0,0,lineitem,0,36.669067382812500000,30.339355468750000000,,
2026-07-29T17:23:08Z,B519F70EFCAEFADE,14.23,queries/Core/07_grouping_distinct/distinct_200k_vals.sql,1,3,3.715420,6.828,3452.667,0.255925,0.011442,0.022973,7168,0,112503,0,0,17551,33530,2,1,200000,6201215,199305,24804860,0,0,lineitem,0,37.597900390625000000,31.145996093750000000,,
2026-07-29T17:23:15Z,B519F70EFCAEFADE,14.23,queries/Core/07_grouping_distinct/distinct_200k_vals.sql,2,3,3.705665,7.429,3441.682,0.256554,0.012064,0.020863,7168,0,112503,0,0,17551,33530,2,1,200000,6201215,199305,24804860,0,0,lineitem,0,37.433776855468750000,30.993103027343750000,,
2026-07-29T17:23:22Z,B519F70EFCAEFADE,14.23,queries/Core/07_grouping_distinct/distinct_200k_vals.sql,3,3,3.630638,5.930,3398.714,0.225994,0.005357,0.013855,7168,0,112503,0,0,17551,33530,2,1,200000,6201215,199305,24804860,0,0,lineitem,0,37.823608398437500000,31.329406738281250000,,
2026-07-29T17:23:27Z,B519F70EFCAEFADE,14.23,queries/Core/07_grouping_distinct/distinct_3_vals.sql,1,3,2.125336,6.253,1937.442,0.181641,0.006677,0.013128,7168,0,112503,0,0,0,0,2,1,3,6001218,3,12002436,0,0,lineitem,0,20.206542968750000000,16.232116699218750000,,
2026-07-29T17:23:32Z,B519F70EFCAEFADE,14.23,queries/Core/07_grouping_distinct/distinct_3_vals.sql,2,3,2.149416,7.163,1940.476,0.201777,0.010406,0.023445,7168,0,112503,0,0,0,0,2,1,3,6001218,3,12002436,0,0,lineitem,0,20.236145019531250000,16.214538574218750000,,
2026-07-29T17:23:37Z,B519F70EFCAEFADE,14.23,queries/Core/07_grouping_distinct/distinct_3_vals.sql,3,3,2.133106,7.231,1919.771,0.206104,0.007615,0.027866,7168,0,112503,0,0,0,0,2,1,3,6001218,3,12002436,0,0,lineitem,0,20.083740234375000000,16.094909667968750000,,
2026-07-29T17:23:48Z,B519F70EFCAEFADE,14.23,queries/Core/07_grouping_distinct/distinct_on.sql,1,3,8.135303,7.075,7869.365,0.258863,0.011324,0.022816,7168,6,112503,0,0,33159,33267,3,1,3,12002433,3,72014598,0,0,lineitem,0,88.260192871093750000,77.809509277343750000,,
2026-07-29T17:23:59Z,B519F70EFCAEFADE,14.23,queries/Core/07_grouping_distinct/distinct_on.sql,2,3,8.016016,6.530,7867.324,0.142162,0.008547,0.013515,7168,6,112503,0,0,33159,33267,3,1,3,12002433,3,72014598,0,0,lineitem,0,88.102050781250000000,77.778503417968750000,,
2026-07-29T17:24:10Z,B519F70EFCAEFADE,14.23,queries/Core/07_grouping_distinct/distinct_on.sql,3,3,8.093774,7.468,7858.963,0.227343,0.011578,0.020982,7168,6,112503,0,0,33159,33267,3,1,3,12002433,3,72014598,0,0,lineitem,0,88.906433105468750000,78.491271972656250000,,
2026-07-29T17:24:16Z,B519F70EFCAEFADE,14.23,queries/Core/07_grouping_distinct/group_1500k_vals.sql,1,3,3.126382,6.967,2863.694,0.255721,0.011067,0.021832,7168,0,112503,0,0,29730,57288,4,1,1500000,10508566,394420,42034264,0,2,lineitem,0,49.501098632812500000,44.496826171875000000,,
2026-07-29T17:24:23Z,B519F70EFCAEFADE,14.23,queries/Core/07_grouping_distinct/group_1500k_vals.sql,2,3,3.345671,6.768,3154.528,0.184375,0.013506,0.022606,7168,0,112503,0,0,32659,60095,4,1,1500000,10508499,394420,42033996,0,2,lineitem,0,52.587890625000000000,47.226318359375000000,,
2026-07-29T17:24:29Z,B519F70EFCAEFADE,14.23,queries/Core/07_grouping_distinct/group_1500k_vals.sql,3,3,3.179125,6.808,3013.747,0.158570,0.006191,0.011888,7168,0,112503,0,0,28894,56380,4,1,1500000,10508464,394420,42033856,0,2,lineitem,0,49.446105957031250000,44.298400878906250000,,
2026-07-29T17:24:34Z,B519F70EFCAEFADE,14.23,queries/Core/07_grouping_distinct/group_200k_sortagg.sql,1,3,2.397511,7.297,2210.605,0.179609,0.009929,0.022833,7168,114,112503,0,0,17079,17185,5,1,200000,13402377,199305,53609508,0,2,lineitem,0,40.916625976562500000,36.279479980468750000,,
2026-07-29T17:24:40Z,B519F70EFCAEFADE,14.23,queries/Core/07_grouping_distinct/group_200k_sortagg.sql,2,3,2.426339,6.661,2237.316,0.182362,0.011591,0.022958,7168,114,112503,0,0,16984,17090,5,1,200000,13402387,199305,53609548,0,2,lineitem,0,40.875732421875000000,36.237121582031250000,,
2026-07-29T17:24:45Z,B519F70EFCAEFADE,14.23,queries/Core/07_grouping_distinct/group_200k_sortagg.sql,3,3,2.465426,6.840,2249.046,0.209540,0.012055,0.024708,7168,114,112503,0,0,17079,17185,5,1,200000,13402369,199305,53609476,0,2,lineitem,0,41.028564453125000000,36.517822265625000000,,
2026-07-29T17:24:51Z,B519F70EFCAEFADE,14.23,queries/Core/07_grouping_distinct/group_200k_vals.sql,1,3,2.432918,6.267,2222.387,0.204264,0.015060,0.021713,7168,14,112503,0,0,18889,34732,5,1,200000,8001116,199305,32004464,0,2,lineitem,0,40.897216796875000000,36.068603515625000000,,
2026-07-29T17:24:57Z,B519F70EFCAEFADE,14.23,queries/Core/07_grouping_distinct/group_200k_vals.sql,2,3,2.531764,5.989,2318.663,0.207112,0.012130,0.022110,7168,14,112503,0,0,19519,35363,5,1,200000,8001144,199305,32004576,0,2,lineitem,0,39.574523925781250000,34.959350585937500000,,
2026-07-29T17:25:02Z,B519F70EFCAEFADE,14.23,queries/Core/07_grouping_distinct/group_200k_vals.sql,3,3,2.278460,7.392,2090.492,0.180576,0.010831,0.023332,7040,14,112503,0,0,18263,34113,5,1,200000,8001152,199305,32004608,0,2,lineitem,0,40.472717285156250000,35.775695800781250000,,
2026-07-29T17:25:07Z,B519F70EFCAEFADE,14.23,queries/Core/07_grouping_distinct/group_3_vals.sql,1,3,1.648292,6.910,1447.775,0.193607,0.012209,0.018179,7168,14,112503,0,0,0,0,5,1,3,6001245,3,12002490,0,2,lineitem,0,21.727416992187500000,18.616088867187500000,,
2026-07-29T17:25:11Z,B519F70EFCAEFADE,14.23,queries/Core/07_grouping_distinct/group_3_vals.sql,2,3,1.623041,7.595,1479.677,0.135769,0.003660,0.016192,7168,14,112503,0,0,0,0,5,1,3,6001245,3,12002490,0,2,lineitem,0,20.647888183593750000,17.585754394531250000,,
2026-07-29T17:25:16Z,B519F70EFCAEFADE,14.23,queries/Core/07_grouping_distinct/group_3_vals.sql,3,3,1.681023,6.256,1469.304,0.205463,0.010884,0.024782,7168,14,112503,0,0,0,0,5,1,3,6001245,3,12002490,0,2,lineitem,0,21.805725097656250000,18.647460937500000000,,
2026-07-29T17:25:20Z,B519F70EFCAEFADE,14.23,queries/Core/07_grouping_distinct/group_7_vals.sql,1,3,1.704151,7.279,1525.398,0.171474,0.005376,0.011324,7168,14,112503,0,0,0,0,5,1,7,6001285,7,66014135,0,2,lineitem,0,23.854797363281250000,20.628662109375000000,,
2026-07-29T17:25:25Z,B519F70EFCAEFADE,14.23,queries/Core/07_grouping_distinct/group_7_vals.sql,2,3,1.712210,6.796,1500.605,0.204809,0.010085,0.024748,7168,14,112503,0,0,0,0,5,1,7,6001285,7,66014135,0,2,lineitem,0,23.934692382812500000,20.710021972656250000,,
2026-07-29T17:25:29Z,B519F70EFCAEFADE,14.23,queries/Core/07_grouping_distinct/group_7_vals.sql,3,3,1.726905,7.782,1516.236,0.202887,0.010294,0.021243,7040,14,112503,0,0,0,0,5,1,7,6001285,7,66014135,0,2,lineitem,0,23.940063476562500000,20.675903320312500000,,
2026-07-29T17:25:35Z,B519F70EFCAEFADE,14.23,queries/Core/07_grouping_distinct/grouping_sets.sql,1,3,2.675888,7.309,2469.413,0.199166,0.014459,0.015753,7168,0,112503,0,0,0,0,2,1,5,6001220,5,24004880,0,0,lineitem,0,27.663391113281250000,22.697875976562500000,,
2026-07-29T17:25:40Z,B519F70EFCAEFADE,14.23,queries/Core/07_grouping_distinct/grouping_sets.sql,2,3,2.750333,8.121,2538.161,0.204051,0.013377,0.019785,7168,0,112503,0,0,0,0,2,1,5,6001220,5,24004880,0,0,lineitem,0,28.087158203125000000,23.001770019531250000,,
2026-07-29T17:25:46Z,B519F70EFCAEFADE,14.23,queries/Core/07_grouping_distinct/grouping_sets.sql,3,3,2.723425,7.514,2538.665,0.177246,0.014470,0.019361,7168,0,112503,0,0,0,0,2,1,5,6001220,5,24004880,0,0,lineitem,0,28.163391113281250000,23.100585937500000000,,
2026-07-29T17:25:52Z,B519F70EFCAEFADE,14.23,queries/Core/07_grouping_distinct/having.sql,1,3,2.615290,6.542,2396.512,0.212236,0.009920,0.023524,7168,14,112503,0,0,21630,40152,5,1,90589,7891740,66435,45966448,109411,2,lineitem,0,41.225219726562500000,36.533935546875000000,,
2026-07-29T17:25:57Z,B519F70EFCAEFADE,14.23,queries/Core/07_grouping_distinct/having.sql,2,3,2.619793,6.845,2402.924,0.210024,0.009977,0.022697,7168,14,112503,0,0,21630,40156,5,1,90589,7891722,66435,45966232,109411,2,lineitem,0,41.510070800781250000,36.813110351562500000,,
2026-07-29T17:26:03Z,B519F70EFCAEFADE,14.23,queries/Core/07_grouping_distinct/having.sql,3,3,2.611388,6.869,2389.858,0.214661,0.012201,0.021410,7168,14,112503,0,0,21630,40153,5,1,90589,7891704,66435,45966016,109411,2,lineitem,0,41.657958984375000000,36.914855957031250000,,
2026-07-29T17:26:09Z,B519F70EFCAEFADE,14.23,queries/Core/07_grouping_distinct/rollup.sql,1,3,2.817011,6.284,2612.182,0.198545,0.015160,0.015786,7168,0,112503,0,0,0,0,2,1,8,6001223,10,24004892,0,0,lineitem,0,29.166015625000000000,23.932617187500000000,,
2026-07-29T17:26:14Z,B519F70EFCAEFADE,14.23,queries/Core/07_grouping_distinct/rollup.sql,2,3,2.837387,7.320,2624.662,0.205405,0.013229,0.019889,7168,0,112503,0,0,0,0,2,1,8,6001223,10,24004892,0,0,lineitem,0,29.406616210937500000,24.159667968750000000,,
2026-07-29T17:26:20Z,B519F70EFCAEFADE,14.23,queries/Core/07_grouping_distinct/rollup.sql,3,3,2.834421,7.491,2624.845,0.202085,0.013740,0.018178,7168,0,112503,0,0,0,0,2,1,8,6001223,10,24004892,0,0,lineitem,0,29.278503417968750000,24.020874023437500000,,
2026-07-29T17:26:25Z,B519F70EFCAEFADE,14.23,queries/Core/08_sorting/limit_with_ties.sql,1,3,2.174764,6.469,1967.918,0.200377,0.005848,0.021493,7168,114,112503,0,0,7005,17090,4,1,124,6005604,100,24022416,0,2,lineitem,0,30.919372558593750000,26.705871582031250000,,
2026-07-29T17:26:30Z,B519F70EFCAEFADE,14.23,queries/Core/08_sorting/limit_with_ties.sql,2,3,2.112337,6.624,1895.388,0.210325,0.012129,0.024184,7168,114,112503,0,0,7005,17091,4,1,124,6005589,100,24022356,0,2,lineitem,0,30.704467773437500000,26.504760742187500000,,
2026-07-29T17:26:35Z,B519F70EFCAEFADE,14.23,queries/Core/08_sorting/limit_with_ties.sql,3,3,2.043631,6.606,1888.440,0.148585,0.005870,0.016380,7168,114,112503,0,0,7101,17186,4,1,124,6005610,100,24022440,0,2,lineitem,0,30.254699707031250000,26.236755371093750000,,
2026-07-29T17:26:43Z,B519F70EFCAEFADE,14.23,queries/Core/08_sorting/sort_2_keys.sql,1,3,5.014083,6.894,4749.127,0.258062,0.014339,0.020017,7168,3,112503,0,0,33159,33267,2,1,6001215,12002430,6001215,96019440,0,0,lineitem,0,51.817932128906250000,44.062194824218750000,,
2026-07-29T17:26:51Z,B519F70EFCAEFADE,14.23,queries/Core/08_sorting/sort_2_keys.sql,2,3,5.009078,6.349,4748.084,0.254645,0.011915,0.019248,7168,3,112503,0,0,33159,33267,2,1,6001215,12002430,6001215,96019440,0,0,lineitem,0,51.874267578125000000,44.322265625000000000,,
2026-07-29T17:27:00Z,B519F70EFCAEFADE,14.23,queries/Core/08_sorting/sort_2_keys.sql,3,3,5.027031,6.635,4765.510,0.254886,0.011051,0.022802,7168,3,112503,0,0,33159,33267,2,1,6001215,12002430,6001215,96019440,0,0,lineitem,0,51.644287109375000000,44.038757324218750000,,
2026-07-29T17:27:06Z,B519F70EFCAEFADE,14.23,queries/Core/08_sorting/sort_date.sql,1,3,3.800722,6.830,3538.514,0.255378,0.011029,0.022691,7168,3,112503,0,0,25795,25903,2,1,6001215,12002430,6001215,48009720,0,0,lineitem,0,38.001281738281250000,31.695434570312500000,,
2026-07-29T17:27:13Z,B519F70EFCAEFADE,14.23,queries/Core/08_sorting/sort_date.sql,2,3,3.778940,7.316,3541.788,0.229836,0.008476,0.010621,7168,3,112503,0,0,25795,25903,2,1,6001215,12002430,6001215,48009720,0,0,lineitem,0,38.267272949218750000,32.101562500000000000,,
2026-07-29T17:27:20Z,B519F70EFCAEFADE,14.23,queries/Core/08_sorting/sort_date.sql,3,3,3.840796,7.152,3606.481,0.227163,0.007203,0.011956,7168,3,112503,0,0,25795,25903,2,1,6001215,12002430,6001215,48009720,0,0,lineitem,0,39.656311035156250000,33.269714355468750000,,
2026-07-29T17:27:27Z,B519F70EFCAEFADE,14.23,queries/Core/08_sorting/sort_desc.sql,1,3,4.307307,6.458,4045.236,0.255613,0.013682,0.018042,7168,3,112503,0,0,25795,25903,2,1,6001215,12002430,6001215,48009720,0,0,lineitem,0,42.562500000000000000,35.682983398437500000,,
2026-07-29T17:27:35Z,B519F70EFCAEFADE,14.23,queries/Core/08_sorting/sort_desc.sql,2,3,4.205950,6.614,3962.459,0.236877,0.004929,0.014656,7168,3,112503,0,0,25795,25903,2,1,6001215,12002430,6001215,48009720,0,0,lineitem,0,42.574096679687500000,35.922058105468750000,,
2026-07-29T17:27:42Z,B519F70EFCAEFADE,14.23,queries/Core/08_sorting/sort_desc.sql,3,3,4.250369,6.393,3992.738,0.251238,0.008748,0.024792,7168,3,112503,0,0,25795,25903,2,1,6001215,12002430,6001215,48009720,0,0,lineitem,0,42.727416992187500000,36.043884277343750000,,
2026-07-29T17:27:49Z,B519F70EFCAEFADE,14.23,queries/Core/08_sorting/sort_int.sql,1,3,4.269356,6.906,4005.711,0.256739,0.014275,0.019953,7168,3,112503,0,0,25795,25903,2,1,6001215,12002430,6001215,48009720,0,0,lineitem,0,42.227172851562500000,35.379943847656250000,,
2026-07-29T17:27:57Z,B519F70EFCAEFADE,14.23,queries/Core/08_sorting/sort_int.sql,2,3,4.173936,6.286,3911.539,0.256111,0.009903,0.023346,7168,3,112503,0,0,25795,25903,2,1,6001215,12002430,6001215,48009720,0,0,lineitem,0,42.017517089843750000,35.395080566406250000,,
2026-07-29T17:28:04Z,B519F70EFCAEFADE,14.23,queries/Core/08_sorting/sort_int.sql,3,3,4.218094,6.435,3953.409,0.258250,0.009710,0.025064,7168,3,112503,0,0,25795,25903,2,1,6001215,12002430,6001215,48009720,0,0,lineitem,0,42.262939453125000000,35.572448730468750000,,
2026-07-29T17:28:10Z,B519F70EFCAEFADE,14.23,queries/Core/08_sorting/sort_int_presorted.sql,1,3,3.410115,6.424,3146.822,0.256869,0.013810,0.019883,7168,3,112503,0,0,25795,25903,2,1,6001215,12002430,6001215,48009720,0,0,lineitem,0,33.620971679687500000,27.972473144531250000,,
2026-07-29T17:28:17Z,B519F70EFCAEFADE,14.23,queries/Core/08_sorting/sort_int_presorted.sql,2,3,3.423734,6.576,3169.474,0.247684,0.011585,0.023743,7168,3,112503,0,0,25795,25903,2,1,6001215,12002430,6001215,48009720,0,0,lineitem,0,33.609863281250000000,27.844970703125000000,,
2026-07-29T17:28:23Z,B519F70EFCAEFADE,14.23,queries/Core/08_sorting/sort_int_presorted.sql,3,3,3.342163,7.501,3128.196,0.206466,0.010948,0.025171,7168,3,112503,0,0,25795,25903,2,1,6001215,12002430,6001215,48009720,0,0,lineitem,0,33.539978027343750000,27.982177734375000000,,
2026-07-29T17:28:35Z,B519F70EFCAEFADE,14.23,queries/Core/08_sorting/sort_numeric.sql,1,3,8.851076,7.938,8586.178,0.256960,0.014644,0.017599,7168,3,112503,0,0,34362,34470,2,1,6001215,12002430,6001215,96019440,0,0,lineitem,0,90.785278320312500000,79.380310058593750000,,
2026-07-29T17:28:47Z,B519F70EFCAEFADE,14.23,queries/Core/08_sorting/sort_numeric.sql,2,3,8.781034,7.845,8568.880,0.204309,0.011107,0.019963,7168,3,112503,0,0,34362,34470,2,1,6001215,12002430,6001215,96019440,0,0,lineitem,0,90.594909667968750000,79.320556640625000000,,
2026-07-29T17:28:58Z,B519F70EFCAEFADE,14.23,queries/Core/08_sorting/sort_numeric.sql,3,3,8.635893,7.498,8480.113,0.148282,0.004853,0.007014,7168,3,112503,0,0,34362,34470,2,1,6001215,12002430,6001215,96019440,0,0,lineitem,0,91.312011718750000000,80.366516113281250000,,
2026-07-29T17:29:19Z,B519F70EFCAEFADE,14.23,queries/Core/08_sorting/sort_text.sql,1,3,17.744988,7.137,17528.084,0.209767,0.013150,0.020493,7168,116,112503,0,0,52535,52679,3,1,6001215,18003645,5001012,486098415,0,2,lineitem,0,390.938964843750000000,371.368713378906250000,,
2026-07-29T17:29:40Z,B519F70EFCAEFADE,14.23,queries/Core/08_sorting/sort_text.sql,2,3,17.778065,7.050,17563.182,0.207833,0.013533,0.019531,7168,116,112503,0,0,52536,52681,3,1,6001215,18003645,5001012,486098415,0,2,lineitem,0,399.168701171875000000,379.230895996093750000,,
2026-07-29T17:30:00Z,B519F70EFCAEFADE,14.23,queries/Core/08_sorting/sort_text.sql,3,3,17.797428,6.809,17668.072,0.122547,0.002981,0.011657,7168,116,112503,0,0,52536,52680,3,1,6001215,18003645,5001012,486098415,0,2,lineitem,0,403.784118652343750000,383.963256835937500000,,
2026-07-29T17:30:08Z,B519F70EFCAEFADE,14.23,queries/Core/08_sorting/sort_text_collate_c.sql,1,3,4.283289,6.261,4091.429,0.185599,0.008087,0.011714,7168,116,112503,0,0,99449,99658,3,1,6001215,18003645,5001012,2394484785,0,2,lineitem,0,86.224548339843750000,78.532165527343750000,,
2026-07-29T17:30:15Z,B519F70EFCAEFADE,14.23,queries/Core/08_sorting/sort_text_collate_c.sql,2,3,4.365347,6.635,4145.984,0.212728,0.009645,0.023995,7168,116,112503,0,0,99452,99661,3,1,6001215,18003645,5001012,2394484785,0,2,lineitem,0,84.351318359375000000,76.665527343750000000,,
2026-07-29T17:30:22Z,B519F70EFCAEFADE,14.23,queries/Core/08_sorting/sort_text_collate_c.sql,3,3,4.278934,6.286,4060.468,0.212180,0.011949,0.022351,7168,116,112503,0,0,98996,99205,3,1,6001215,18003645,5001012,2394484785,0,2,lineitem,0,83.569763183593750000,76.039672851562500000,,
2026-07-29T17:30:27Z,B519F70EFCAEFADE,14.23,queries/Core/08_sorting/sort_topn_100.sql,1,3,1.512230,7.245,1360.987,0.143998,0.008806,0.013174,7168,114,112503,0,0,0,0,4,1,100,6001649,100,24006596,0,2,lineitem,0,17.773742675781250000,14.922607421875000000,,
2026-07-29T17:30:31Z,B519F70EFCAEFADE,14.23,queries/Core/08_sorting/sort_topn_100.sql,2,3,1.559205,7.639,1370.682,0.180884,0.008231,0.010349,7168,114,112503,0,0,0,0,4,1,100,6001649,100,24006596,0,2,lineitem,0,18.029174804687500000,15.079772949218750000,,
2026-07-29T17:30:36Z,B519F70EFCAEFADE,14.23,queries/Core/08_sorting/sort_topn_100.sql,3,3,1.590360,7.673,1372.258,0.210429,0.010004,0.025827,7168,114,112503,0,0,0,0,4,1,100,6001652,100,24006608,0,2,lineitem,0,17.854248046875000000,14.847045898437500000,,
2026-07-29T17:30:41Z,B519F70EFCAEFADE,14.23,queries/Core/09_set_operations/except.sql,1,3,2.058840,6.968,1842.271,0.209601,0.012052,0.022844,7168,32,52158,0,0,0,0,6,4,0,9000000,84714,60000000,0,0,"*SELECT*;orders,0,10.234619140625000000,7.010681152343750000,,
2026-07-29T17:30:46Z,B519F70EFCAEFADE,14.23,queries/Core/09_set_operations/except.sql,2,3,2.080315,6.660,1819.050,0.254605,0.013442,0.018963,7168,32,52158,0,0,0,0,6,4,0,9000000,84714,60000000,0,0,"*SELECT*;orders,0,10.371459960937500000,7.157653808593750000,,
2026-07-29T17:30:51Z,B519F70EFCAEFADE,14.23,queries/Core/09_set_operations/except.sql,3,3,2.066404,7.023,1849.199,0.210182,0.008031,0.016467,7168,32,52158,0,0,0,0,6,4,0,9000000,84714,60000000,0,0,"*SELECT*;orders,0,10.326171875000000000,7.127868652343750000,,
2026-07-29T17:30:57Z,B519F70EFCAEFADE,14.23,queries/Core/09_set_operations/except_all.sql,1,3,2.084311,6.754,1842.006,0.235551,0.017809,0.017554,7168,32,52158,0,0,0,0,6,4,0,9000000,1500101,60000000,0,0,"*SELECT*;orders,0,10.420715332031250000,7.189819335937500000,,
2026-07-29T17:31:02Z,B519F70EFCAEFADE,14.23,queries/Core/09_set_operations/except_all.sql,2,3,2.060341,7.226,1790.822,0.262293,0.011253,0.024759,7168,32,52158,0,0,0,0,6,4,0,9000000,1500101,60000000,0,0,"*SELECT*;orders,0,10.664794921875000000,7.422119140625000000,,
2026-07-29T17:31:07Z,B519F70EFCAEFADE,14.23,queries/Core/09_set_operations/except_all.sql,3,3,2.023417,6.415,1782.444,0.234558,0.010861,0.023807,7168,32,52158,0,0,0,0,6,4,0,9000000,1500101,60000000,0,0,"*SELECT*;orders,0,10.763061523437500000,7.627319335937500000,,
2026-07-29T17:31:12Z,B519F70EFCAEFADE,14.23,queries/Core/09_set_operations/intersect.sql,1,3,2.058836,7.514,1796.379,0.254943,0.013772,0.019717,7168,32,52158,0,0,0,0,6,4,99996,9099996,84714,60799968,0,0,"*SELECT*;orders,0,10.619934082031250000,7.447692871093750000,,
2026-07-29T17:31:17Z,B519F70EFCAEFADE,14.23,queries/Core/09_set_operations/intersect.sql,2,3,2.064079,6.122,1794.117,0.263840,0.006758,0.028798,7168,32,52158,0,0,0,0,6,4,99996,9099996,84714,60799968,0,0,"*SELECT*;orders,0,10.707763671875000000,7.522216796875000000,,
2026-07-29T17:31:22Z,B519F70EFCAEFADE,14.23,queries/Core/09_set_operations/intersect.sql,3,3,1.968426,5.645,1786.410,0.176371,0.006796,0.007732,7168,32,52158,0,0,0,0,6,4,99996,9099996,84714,60799968,0,0,"*SELECT*;orders,0,10.505187988281250000,7.470397949218750000,,
2026-07-29T17:31:27Z,B519F70EFCAEFADE,14.23,queries/Core/09_set_operations/intersect_all.sql,1,3,2.092766,7.184,1825.141,0.260441,0.014291,0.020864,7168,32,52158,0,0,0,0,6,4,1500000,10500000,1500101,72000000,0,0,"*SELECT*;orders,0,11.121520996093750000,7.919067382812500000,,
2026-07-29T17:31:32Z,B519F70EFCAEFADE,14.23,queries/Core/09_set_operations/intersect_all.sql,2,3,2.095790,7.641,1827.174,0.260975,0.013944,0.020502,7168,32,52158,0,0,0,0,6,4,1500000,10500000,1500101,72000000,0,0,"*SELECT*;orders,0,11.221801757812500000,7.947570800781250000,,
2026-07-29T17:31:37Z,B519F70EFCAEFADE,14.23,queries/Core/09_set_operations/intersect_all.sql,3,3,2.126275,7.812,1857.855,0.260608,0.011393,0.023503,7168,32,52158,0,0,0,0,6,4,1500000,10500000,1500101,72000000,0,0,"*SELECT*;orders,0,10.993774414062500000,7.746276855468750000,,
2026-07-29T17:31:42Z,B519F70EFCAEFADE,14.23,queries/Core/09_set_operations/union.sql,1,3,2.431767,5.683,2164.998,0.261086,0.015353,0.020870,7168,35,52158,0,0,10196,10249,5,2,99996,9099996,3000202,36399984,0,0,orders,0,20.825073242187500000,17.295959472656250000,,
2026-07-29T17:31:48Z,B519F70EFCAEFADE,14.23,queries/Core/09_set_operations/union.sql,2,3,2.365044,6.680,2157.073,0.201291,0.007085,0.014175,7168,35,52158,0,0,10196,10249,5,2,99996,9099996,3000202,36399984,0,0,orders,0,20.827636718750000000,17.495910644531250000,,
2026-07-29T17:31:53Z,B519F70EFCAEFADE,14.23,queries/Core/09_set_operations/union.sql,3,3,2.416236,6.898,2148.466,0.260872,0.013236,0.021589,7168,35,52158,0,0,10196,10249,5,2,99996,9099996,3000202,36399984,0,0,orders,0,21.213623046875000000,17.627502441406250000,,
2026-07-29T17:31:57Z,B519F70EFCAEFADE,14.23,queries/Core/09_set_operations/union_all.sql,1,3,0.894639,6.126,624.748,0.263765,0.007159,0.032044,7168,32,52158,0,0,0,0,3,2,3000000,6000000,3000202,24000000,0,0,orders,0,6.318481445312500000,4.860168457031250000,,
2026-07-29T17:32:01Z,B519F70EFCAEFADE,14.23,queries/Core/09_set_operations/union_all.sql,2,3,0.868333,6.970,599.029,0.262334,0.016009,0.019976,7168,32,52158,0,0,0,0,3,2,3000000,6000000,3000202,24000000,0,0,orders,0,6.303283691406250000,4.895874023437500000,,
2026-07-29T17:32:05Z,B519F70EFCAEFADE,14.23,queries/Core/09_set_operations/union_all.sql,3,3,0.870257,5.772,605.725,0.258760,0.010757,0.025311,7168,32,52158,0,0,0,0,3,2,3000000,6000000,3000202,24000000,0,0,orders,0,6.169189453125000000,4.750732421875000000,,
2026-07-29T17:32:08Z,B519F70EFCAEFADE,14.23,queries/Core/10_subqueries_ctes/cte_inline.sql,1,3,0.683698,6.555,444.881,0.232262,0.005209,0.018811,7168,0,26095,0,0,0,0,1,1,1500000,1500000,1500101,6000000,0,0,orders,0,3.898925781250000000,2.672668457031250000,,
2026-07-29T17:32:12Z,B519F70EFCAEFADE,14.23,queries/Core/10_subqueries_ctes/cte_inline.sql,2,3,0.675648,6.853,419.283,0.249512,0.015961,0.018622,7168,0,26095,0,0,0,0,1,1,1500000,1500000,1500101,6000000,0,0,orders,0,3.846130371093750000,2.666625976562500000,,
2026-07-29T17:32:15Z,B519F70EFCAEFADE,14.23,queries/Core/10_subqueries_ctes/cte_inline.sql,3,3,0.712312,6.193,455.415,0.250704,0.012650,0.023461,7168,0,26095,0,0,0,0,1,1,1500000,1500000,1500101,6000000,0,0,orders,0,3.869628906250000000,2.626037597656250000,,
2026-07-29T17:32:19Z,B519F70EFCAEFADE,14.23,queries/Core/10_subqueries_ctes/cte_materialized.sql,1,3,0.782277,6.027,524.043,0.252207,0.016379,0.020241,7168,0,26095,0,0,0,2563,2,2,1500000,3000000,1500101,12000000,0,0,w;orders,0,5.922729492187500000,4.569702148437500000,,
2026-07-29T17:32:22Z,B519F70EFCAEFADE,14.23,queries/Core/10_subqueries_ctes/cte_materialized.sql,2,3,0.782241,5.863,522.723,0.253655,0.011717,0.024541,7168,0,26095,0,0,0,2563,2,2,1500000,3000000,1500101,12000000,0,0,w;orders,0,5.872070312500000000,4.509399414062500000,,
2026-07-29T17:32:26Z,B519F70EFCAEFADE,14.23,queries/Core/10_subqueries_ctes/cte_materialized.sql,3,3,0.756955,6.023,526.540,0.224392,0.011400,0.024507,7168,0,26095,0,0,0,2563,2,2,1500000,3000000,1500101,12000000,0,0,w;orders,0,5.994445800781250000,4.651733398437500000,,
2026-07-29T17:32:29Z,B519F70EFCAEFADE,14.23,queries/Core/10_subqueries_ctes/cte_recursive.sql,1,3,0.653237,2.111,438.260,0.212866,0.012913,0.022545,7168,0,0,0,0,0,1708,4,2,1000000,3000001,31,12000004,0,0,t,0,5.758544921875000000,5.006958007812500000,,
2026-07-29T17:32:33Z,B519F70EFCAEFADE,14.23,queries/Core/10_subqueries_ctes/cte_recursive.sql,2,3,0.705667,2.201,441.535,0.261931,0.011134,0.025087,7168,0,0,0,0,0,1708,4,2,1000000,3000001,31,12000004,0,0,t,0,5.903930664062500000,5.123657226562500000,,
2026-07-29T17:32:37Z,B519F70EFCAEFADE,14.23,queries/Core/10_subqueries_ctes/cte_recursive.sql,3,3,0.697059,2.139,438.435,0.256485,0.013808,0.021911,7168,0,0,0,0,0,1708,4,2,1000000,3000001,31,12000004,0,0,t,0,5.774353027343750000,5.002746582031250000,,
2026-07-29T17:32:40Z,B519F70EFCAEFADE,14.23,queries/Core/10_subqueries_ctes/from_subquery.sql,1,3,0.681892,5.164,417.395,0.259333,0.015676,0.023140,7168,0,26095,0,0,0,0,1,1,1500000,1500000,1500101,6000000,0,0,orders,0,3.803588867187500000,2.617126464843750000,,
2026-07-29T17:32:44Z,B519F70EFCAEFADE,14.23,queries/Core/10_subqueries_ctes/from_subquery.sql,2,3,0.583348,5.968,429.572,0.147808,0.005155,0.011859,7168,0,26095,0,0,0,0,1,1,1500000,1500000,1500101,6000000,0,0,orders,0,3.796203613281250000,2.749450683593750000,,
2026-07-29T17:32:47Z,B519F70EFCAEFADE,14.23,queries/Core/10_subqueries_ctes/from_subquery.sql,3,3,0.713545,5.146,452.169,0.256230,0.012694,0.025389,7168,0,26095,0,0,0,0,1,1,1500000,1500000,1500101,6000000,0,0,orders,0,3.811767578125000000,2.570861816406250000,,
2026-07-29T17:32:51Z,B519F70EFCAEFADE,14.23,queries/Core/10_subqueries_ctes/function_scan.sql,1,3,0.914949,1.001,652.735,0.261213,0.013669,0.020965,7168,0,0,0,0,8545,8545,1,1,5000000,5000000,5000000,20000000,0,0,generate_series,0,8.337219238281250000,7.361877441406250000,,
2026-07-29T17:32:55Z,B519F70EFCAEFADE,14.23,queries/Core/10_subqueries_ctes/function_scan.sql,2,3,0.912014,1.655,649.337,0.261022,0.019905,0.014943,7168,0,0,0,0,8545,8545,1,1,5000000,5000000,5000000,20000000,0,0,generate_series,0,8.278625488281250000,7.319335937500000000,,
2026-07-29T17:32:59Z,B519F70EFCAEFADE,14.23,queries/Core/10_subqueries_ctes/function_scan.sql,3,3,0.919825,1.366,652.377,0.266082,0.016784,0.018947,7168,0,0,0,0,8545,8545,1,1,5000000,5000000,5000000,20000000,0,0,generate_series,0,8.341064453125000000,7.367858886718750000,,
2026-07-29T17:33:07Z,B519F70EFCAEFADE,14.23,queries/Core/10_subqueries_ctes/lateral_limit.sql,1,3,5.345739,9.794,5123.853,0.212092,0.011875,0.023751,7168,895440,55881,0,0,0,0,4,2,497842,1547842,750000,6191368,0,0,customer;orders,0,18.702148437500000000,8.928649902343750000,,
2026-07-29T17:33:15Z,B519F70EFCAEFADE,14.23,queries/Core/10_subqueries_ctes/lateral_limit.sql,2,3,5.329786,8.623,5108.309,0.212854,0.013521,0.021804,7168,895440,55881,0,0,0,0,4,2,497842,1547842,750000,6191368,0,0,customer;orders,0,18.707275390625000000,8.987548828125000000,,
2026-07-29T17:33:23Z,B519F70EFCAEFADE,14.23,queries/Core/10_subqueries_ctes/lateral_limit.sql,3,3,5.251748,9.138,5030.873,0.211737,0.008516,0.027312,7168,895440,55881,0,0,0,0,4,2,497842,1547842,750000,6191368,0,0,customer;orders,0,18.392089843750000000,8.824157714843750000,,
2026-07-29T17:33:27Z,B519F70EFCAEFADE,14.23,queries/Core/10_subqueries_ctes/scalar_correlated.sql,1,3,0.962147,7.614,770.180,0.184353,0.011239,0.024015,7168,149999,3586,0,0,0,0,2,2,150000,300000,150000,19500000,24,0,customer;nation,0,6.163696289062500000,4.487670898437500000,,
2026-07-29T17:33:30Z,B519F70EFCAEFADE,14.23,queries/Core/10_subqueries_ctes/scalar_correlated.sql,2,3,0.914040,7.632,783.365,0.123043,0.003383,0.008914,7168,149999,3586,0,0,0,0,2,2,150000,300000,150000,19500000,24,0,customer;nation,0,6.011230468750000000,4.427612304687500000,,
2026-07-29T17:33:34Z,B519F70EFCAEFADE,14.23,queries/Core/10_subqueries_ctes/scalar_correlated.sql,3,3,0.976161,7.513,758.731,0.209917,0.015042,0.020729,7168,149999,3586,0,0,0,0,2,2,150000,300000,150000,19500000,24,0,customer;nation,0,6.003234863281250000,4.312194824218750000,,
2026-07-29T17:33:38Z,B519F70EFCAEFADE,14.23,queries/Core/10_subqueries_ctes/scalar_correlated_indexed.sql,1,3,0.963055,8.991,749.117,0.204947,0.009402,0.025307,7168,448459,5127,0,0,0,0,3,2,150000,1800000,150000,2400000,0,0,customer;orders,0,6.862548828125000000,5.195373535156250000,,
2026-07-29T17:33:42Z,B519F70EFCAEFADE,14.23,queries/Core/10_subqueries_ctes/scalar_correlated_indexed.sql,2,3,1.053199,9.923,827.344,0.215932,0.013111,0.021849,7168,448459,5127,0,0,0,0,3,2,150000,1800000,150000,2400000,0,0,customer;orders,0,6.911193847656250000,5.074462890625000000,,
2026-07-29T17:33:46Z,B519F70EFCAEFADE,14.23,queries/Core/10_subqueries_ctes/scalar_correlated_indexed.sql,3,3,0.992538,9.235,805.538,0.177765,0.008921,0.010673,7168,448459,5127,0,0,0,0,3,2,150000,1800000,150000,2400000,0,0,customer;orders,0,6.793395996093750000,5.056335449218750000,,
2026-07-29T17:33:49Z,B519F70EFCAEFADE,14.23,queries/Core/10_subqueries_ctes/scalar_uncorrelated.sql,1,3,0.691890,10.310,423.840,0.257740,0.011366,0.024617,7168,0,26317,0,0,0,0,3,2,1500000,1510001,1500101,48060032,0,0,orders;supplier,0,3.863769531250000000,2.630981445312500000,,
2026-07-29T17:33:53Z,B519F70EFCAEFADE,14.23,queries/Core/10_subqueries_ctes/scalar_uncorrelated.sql,2,3,0.676762,10.643,422.729,0.243390,0.010752,0.025540,7168,0,26317,0,0,0,0,3,2,1500000,1510001,1500101,48060032,0,0,orders;supplier,0,3.827209472656250000,2.637634277343750000,,
2026-07-29T17:33:56Z,B519F70EFCAEFADE,14.23,queries/Core/10_subqueries_ctes/scalar_uncorrelated.sql,3,3,0.658494,9.796,500.752,0.147946,0.001727,0.008903,7168,0,26317,0,0,0,0,3,2,1500000,1510001,1500101,48060032,0,0,orders;supplier,0,3.888122558593750000,2.720336914062500000,,
2026-07-29T17:33:59Z,B519F70EFCAEFADE,14.23,queries/Core/10_subqueries_ctes/values_scan.sql,1,3,0.210748,2.384,0.882,0.207482,0.012952,0.022180,7168,3,0,0,0,0,0,1,1,10,10,10,40,0,0,"*VALUES*",0,0.742553710937500000,0.425659179687500000,,
2026-07-29T17:34:02Z,B519F70EFCAEFADE,14.23,queries/Core/10_subqueries_ctes/values_scan.sql,2,3,0.206980,1.557,0.650,0.204773,0.014433,0.021396,7168,3,0,0,0,0,0,1,1,10,10,10,40,0,0,"*VALUES*",0,0.716613769531250000,0.406433105468750000,,
2026-07-29T17:34:05Z,B519F70EFCAEFADE,14.23,queries/Core/10_subqueries_ctes/values_scan.sql,3,3,0.208276,1.100,0.643,0.206533,0.017354,0.018062,7168,3,0,0,0,0,0,1,1,10,10,10,40,0,0,"*VALUES*",0,0.764221191406250000,0.438598632812500000,,
2026-07-29T17:34:12Z,B519F70EFCAEFADE,14.23,queries/Core/12_memory_workmem/hashagg_nospill.sql,1,3,3.411357,7.214,3236.820,0.167323,0.010103,0.010146,7168,0,112503,0,0,0,0,2,1,200000,6201215,199305,24804860,0,0,lineitem,0,18.580993652343750000,12.383789062500000000,,
2026-07-29T17:34:18Z,B519F70EFCAEFADE,14.23,queries/Core/12_memory_workmem/hashagg_nospill.sql,2,3,3.455804,7.321,3245.508,0.202975,0.015242,0.017143,7168,0,112503,0,0,0,0,2,1,200000,6201215,199305,24804860,0,0,lineitem,0,18.611328125000000000,12.303405761718750000,,
2026-07-29T17:34:24Z,B519F70EFCAEFADE,14.23,queries/Core/12_memory_workmem/hashagg_nospill.sql,3,3,3.460339,7.234,3248.692,0.204413,0.013064,0.018223,7168,0,112503,0,0,0,0,2,1,200000,6201215,199305,24804860,0,0,lineitem,0,18.917175292968750000,12.461547851562500000,,
2026-07-29T17:34:29Z,B519F70EFCAEFADE,14.23,queries/Core/12_memory_workmem/hashagg_spill.sql,1,3,2.337252,6.078,2126.233,0.204941,0.014175,0.016938,7168,14,112503,0,0,18267,34107,5,1,200000,8001134,199305,32004536,0,2,lineitem,0,39.670471191406250000,34.947021484375000000,,
2026-07-29T17:34:35Z,B519F70EFCAEFADE,14.23,queries/Core/12_memory_workmem/hashagg_spill.sql,2,3,2.238686,6.917,2057.600,0.174169,0.015278,0.013997,7168,14,112503,0,0,18265,34111,5,1,200000,8001126,199305,32004504,0,2,lineitem,0,39.775756835937500000,35.159545898437500000,,
2026-07-29T17:34:40Z,B519F70EFCAEFADE,14.23,queries/Core/12_memory_workmem/hashagg_spill.sql,3,3,2.410982,6.152,2196.468,0.208362,0.014152,0.020589,7168,14,112503,0,0,18953,34799,5,1,200000,8001134,199305,32004536,0,2,lineitem,0,40.018920898437500000,35.192321777343750000,,
2026-07-29T17:34:44Z,B519F70EFCAEFADE,14.23,queries/Core/12_memory_workmem/hashjoin_manybatch.sql,1,3,0.499832,10.273,375.549,0.114010,0.005616,0.007089,7168,127,5122,0,0,4799,4852,7,2,1,3300007,1,7200056,0,2,orders;customer,0,5.826232910156250000,4.990600585937500000,,
2026-07-29T17:34:47Z,B519F70EFCAEFADE,14.23,queries/Core/12_memory_workmem/hashjoin_manybatch.sql,2,3,0.630830,10.831,362.370,0.257629,0.011904,0.024696,7168,127,5122,0,0,4805,4892,7,2,1,3300007,1,7200056,0,2,orders;customer,0,5.862670898437500000,4.805297851562500000,,
2026-07-29T17:34:51Z,B519F70EFCAEFADE,14.23,queries/Core/12_memory_workmem/hashjoin_manybatch.sql,3,3,0.591331,10.962,352.132,0.228237,0.006284,0.012648,7168,127,5122,0,0,4799,4892,7,2,1,3300007,1,7200056,0,2,orders;customer,0,5.839843750000000000,4.852111816406250000,,
2026-07-29T17:34:54Z,B519F70EFCAEFADE,14.23,queries/Core/12_memory_workmem/hashjoin_onebatch.sql,1,3,0.531417,10.936,292.441,0.228040,0.018911,0.017071,7168,126,5122,0,0,0,0,7,2,1,3300007,1,7200056,0,2,orders;customer,0,4.463623046875000000,3.512451171875000000,,
2026-07-29T17:34:57Z,B519F70EFCAEFADE,14.23,queries/Core/12_memory_workmem/hashjoin_onebatch.sql,2,3,0.569935,10.341,304.280,0.255314,0.006651,0.028551,7168,126,5122,0,0,0,0,7,2,1,3300007,1,7200056,0,2,orders;customer,0,4.372985839843750000,3.377746582031250000,,
2026-07-29T17:35:01Z,B519F70EFCAEFADE,14.23,queries/Core/12_memory_workmem/hashjoin_onebatch.sql,3,3,0.516707,10.523,299.947,0.206237,0.001173,0.017032,7168,126,5122,0,0,0,0,7,2,1,3300007,1,7200056,0,2,orders;customer,0,4.340026855468750000,3.397399902343750000,,
2026-07-29T17:35:07Z,B519F70EFCAEFADE,14.23,queries/Core/12_memory_workmem/sort_nospill.sql,1,3,3.839815,7.098,3577.545,0.255172,0.008826,0.023289,7168,3,112503,0,0,0,0,2,1,6001215,12002430,6001215,48009720,0,0,lineitem,0,28.965942382812500000,23.230224609375000000,,
2026-07-29T17:35:14Z,B519F70EFCAEFADE,14.23,queries/Core/12_memory_workmem/sort_nospill.sql,2,3,3.804199,6.351,3538.551,0.259297,0.008310,0.023972,7168,3,112503,0,0,0,0,2,1,6001215,12002430,6001215,48009720,0,0,lineitem,0,29.546569824218750000,23.802673339843750000,,
2026-07-29T17:35:21Z,B519F70EFCAEFADE,14.23,queries/Core/12_memory_workmem/sort_nospill.sql,3,3,3.780251,6.330,3544.987,0.228934,0.002825,0.014721,7168,3,112503,0,0,0,0,2,1,6001215,12002430,6001215,48009720,0,0,lineitem,0,29.580139160156250000,23.814453125000000000,,
2026-07-29T17:35:28Z,B519F70EFCAEFADE,14.23,queries/Core/12_memory_workmem/sort_spill.sql,1,3,4.252122,6.933,3991.539,0.253650,0.008624,0.025731,7168,3,112503,0,0,25795,25903,2,1,6001215,12002430,6001215,48009720,0,0,lineitem,0,42.080505371093750000,35.338256835937500000,,
2026-07-29T17:35:36Z,B519F70EFCAEFADE,14.23,queries/Core/12_memory_workmem/sort_spill.sql,2,3,4.341929,6.708,4073.714,0.261507,0.008995,0.025327,7168,3,112503,0,0,25795,25903,2,1,6001215,12002430,6001215,48009720,0,0,lineitem,0,43.227050781250000000,36.315917968750000000,,
2026-07-29T17:35:43Z,B519F70EFCAEFADE,14.23,queries/Core/12_memory_workmem/sort_spill.sql,3,3,4.148193,6.113,3932.442,0.209638,0.011787,0.023301,7168,3,112503,0,0,25795,25903,2,1,6001215,12002430,6001215,48009720,0,0,lineitem,0,42.399047851562500000,35.640441894531250000,,
2026-07-29T17:35:51Z,B519F70EFCAEFADE,14.23,queries/Core/12_memory_workmem/window_nospill.sql,1,3,5.468548,7.324,5198.044,0.263180,0.007387,0.026662,7168,3,112503,0,0,0,0,3,1,6001215,18003645,6001215,324065610,0,0,lineitem,0,54.585266113281250000,47.109802246093750000,,
2026-07-29T17:36:00Z,B519F70EFCAEFADE,14.23,queries/Core/12_memory_workmem/window_nospill.sql,2,3,5.434497,8.359,5162.987,0.263151,0.015005,0.016513,7168,3,112503,0,0,0,0,3,1,6001215,18003645,6001215,324065610,0,0,lineitem,0,54.746276855468750000,47.315368652343750000,,
2026-07-29T17:36:08Z,B519F70EFCAEFADE,14.23,queries/Core/12_memory_workmem/window_nospill.sql,3,3,5.466684,7.221,5201.329,0.258134,0.007426,0.023812,7168,3,112503,0,0,0,0,3,1,6001215,18003645,6001215,324065610,0,0,lineitem,0,54.712707519531250000,47.186279296875000000,,
2026-07-29T17:36:44Z,B519F70EFCAEFADE,14.23,queries/Core/12_memory_workmem/window_spill.sql,1,3,32.621161,7.119,32351.013,0.263029,0.009358,0.025150,7168,3,112503,0,0,23763236,51968,3,1,6001215,18003645,6001215,324065610,0,0,lineitem,0,328.947448730468750000,296.726440429687500000,,
2026-07-29T17:37:20Z,B519F70EFCAEFADE,14.23,queries/Core/12_memory_workmem/window_spill.sql,2,3,32.931717,6.449,32664.722,0.260546,0.014409,0.018341,7168,3,112503,0,0,23763236,51968,3,1,6001215,18003645,6001215,324065610,0,0,lineitem,0,336.244323730468750000,304.067687988281250000,,
2026-07-29T17:37:56Z,B519F70EFCAEFADE,14.23,queries/Core/12_memory_workmem/window_spill.sql,3,3,32.650015,7.459,32431.908,0.210648,0.007858,0.023874,7168,3,112503,0,0,23763236,51968,3,1,6001215,18003645,6001215,324065610,0,0,lineitem,0,330.021362304687500000,298.216613769531250000,,
2026-07-29T17:38:04Z,B519F70EFCAEFADE,14.23,queries/Core/12_memory_workmem/window_tail_spill.sql,1,3,5.697270,6.998,5427.856,0.262416,0.012577,0.019091,7168,3,112503,0,0,35010,35118,3,1,6001215,18003645,6001215,324065610,0,0,lineitem,0,62.553222656250000000,54.597045898437500000,,
2026-07-29T17:38:13Z,B519F70EFCAEFADE,14.23,queries/Core/12_memory_workmem/window_tail_spill.sql,2,3,5.588713,7.341,5408.931,0.172441,0.004498,0.008990,7168,3,112503,0,0,35010,35118,3,1,6001215,18003645,6001215,324065610,0,0,lineitem,0,61.624023437500000000,53.866088867187500000,,
2026-07-29T17:38:22Z,B519F70EFCAEFADE,14.23,queries/Core/12_memory_workmem/window_tail_spill.sql,3,3,5.686188,7.178,5421.669,0.257341,0.012151,0.015589,7168,3,112503,0,0,35010,35118,3,1,6001215,18003645,6001215,324065610,0,0,lineitem,0,61.895690917968750000,54.008483886718750000,,
2026-07-29T17:38:28Z,B519F70EFCAEFADE,14.23,queries/Core/13_jit/jit_inline.sql,1,3,2.779602,5.986,2558.771,0.214845,0.010520,0.021768,7168,0,112503,0,0,0,0,4,1,1,6001222,1,126025571,0,2,lineitem,0,55.487915039062500000,50.304870605468750000,,
2026-07-29T17:38:33Z,B519F70EFCAEFADE,14.23,queries/Core/13_jit/jit_inline.sql,2,3,2.721723,5.740,2527.287,0.188696,0.012558,0.021202,7168,0,112503,0,0,0,0,4,1,1,6001222,1,126025571,0,2,lineitem,0,54.813964843750000000,49.708984375000000000,,
2026-07-29T17:38:39Z,B519F70EFCAEFADE,14.23,queries/Core/13_jit/jit_inline.sql,3,3,2.649707,5.548,2450.162,0.193997,0.007086,0.011816,7168,0,112503,0,0,0,0,4,1,1,6001222,1,126025571,0,2,lineitem,0,55.559326171875000000,50.623291015625000000,,
2026-07-29T17:38:44Z,B519F70EFCAEFADE,14.23,queries/Core/13_jit/jit_off.sql,1,3,2.467624,5.434,2248.457,0.213733,0.008886,0.023837,7168,0,112503,0,0,0,0,4,1,1,6001222,1,126025571,0,2,lineitem,0,53.036010742187500000,48.447998046875000000,,
2026-07-29T17:38:49Z,B519F70EFCAEFADE,14.23,queries/Core/13_jit/jit_off.sql,2,3,2.390249,6.098,2123.561,0.260590,0.012928,0.023278,7168,0,112503,0,0,0,0,4,1,1,6001222,1,126025571,0,2,lineitem,0,52.616882324218750000,48.161865234375000000,,
2026-07-29T17:38:55Z,B519F70EFCAEFADE,14.23,queries/Core/13_jit/jit_off.sql,3,3,2.398754,85.939,2129.965,0.182850,0.004956,0.015602,7168,0,112503,0,0,0,0,4,1,1,6001222,1,126025571,0,2,lineitem,0,52.225463867187500000,47.752258300781250000,,
2026-07-29T17:39:00Z,B519F70EFCAEFADE,14.23,queries/Core/13_jit/jit_on.sql,1,3,2.544840,6.061,2333.863,0.204916,0.011268,0.019615,7168,0,112503,0,0,0,0,4,1,1,6001222,1,126025571,0,2,lineitem,0,53.641784667968750000,48.894348144531250000,,
2026-07-29T17:39:06Z,B519F70EFCAEFADE,14.23,queries/Core/13_jit/jit_on.sql,2,3,2.556849,5.448,2369.197,0.182204,0.009815,0.009611,7168,0,112503,0,0,0,0,4,1,1,6001222,1,126025571,0,2,lineitem,0,53.904846191406250000,49.136230468750000000,,
2026-07-29T17:39:11Z,B519F70EFCAEFADE,14.23,queries/Core/13_jit/jit_on.sql,3,3,2.640027,5.723,2416.819,0.217485,0.013872,0.019591,7168,0,112503,0,0,0,0,4,1,1,6001222,1,126025571,0,2,lineitem,0,54.134094238281250000,49.215698242187500000,,
2026-07-29T17:39:17Z,B519F70EFCAEFADE,14.23,queries/Core/13_jit/jit_optimize.sql,1,3,2.631611,5.393,2412.981,0.213237,0.013081,0.020259,7168,0,112503,0,0,0,0,4,1,1,6001222,1,126025571,0,2,lineitem,0,53.732604980468750000,48.834167480468750000,,
2026-07-29T17:39:22Z,B519F70EFCAEFADE,14.23,queries/Core/13_jit/jit_optimize.sql,2,3,2.717337,5.341,2495.915,0.216081,0.009043,0.025126,7168,0,112503,0,0,0,0,4,1,1,6001222,1,126025571,0,2,lineitem,0,53.249206542968750000,48.181701660156250000,,
2026-07-29T17:39:28Z,B519F70EFCAEFADE,14.23,queries/Core/13_jit/jit_optimize.sql,3,3,2.801197,5.392,2580.157,0.215648,0.017410,0.015724,7168,0,112503,0,0,0,0,4,1,1,6001222,1,126025571,0,2,lineitem,0,55.321105957031250000,50.098754882812500000,,
2026-07-29T17:39:34Z,B519F70EFCAEFADE,14.23,queries/Core/14_modern_nodes/incremental_sort.sql,1,3,2.772051,7.724,2559.673,0.204654,0.010918,0.022470,7168,6125,121981,0,0,0,0,2,1,6001215,12002430,6001215,96019440,0,0,lineitem,0,28.277160644531250000,23.029357910156250000,,
2026-07-29T17:39:40Z,B519F70EFCAEFADE,14.23,queries/Core/14_modern_nodes/incremental_sort.sql,2,3,2.767652,6.769,2555.748,0.205135,0.009463,0.022982,7168,6125,121981,0,0,0,0,2,1,6001215,12002430,6001215,96019440,0,0,lineitem,0,28.130554199218750000,22.896850585937500000,,
2026-07-29T17:39:45Z,B519F70EFCAEFADE,14.23,queries/Core/14_modern_nodes/incremental_sort.sql,3,3,2.668737,7.134,2531.892,0.129711,0.006203,0.010391,7168,6125,121981,0,0,0,0,2,1,6001215,12002430,6001215,96019440,0,0,lineitem,0,28.068542480468750000,23.010925292968750000,,
2026-07-29T17:39:53Z,B519F70EFCAEFADE,14.23,queries/Core/14_modern_nodes/incremental_sort_off.sql,1,3,4.078542,7.672,3833.801,0.237069,0.005393,0.013313,7168,6125,121977,0,0,33159,33267,2,1,6001215,12002430,6001215,96019440,0,0,lineitem,0,43.331237792968750000,36.491149902343750000,,
2026-07-29T17:40:00Z,B519F70EFCAEFADE,14.23,queries/Core/14_modern_nodes/incremental_sort_off.sql,2,3,4.126087,6.567,3855.191,0.264329,0.012731,0.022255,7168,6125,121977,0,0,33159,33267,2,1,6001215,12002430,6001215,96019440,0,0,lineitem,0,43.600402832031250000,36.680297851562500000,,
2026-07-29T17:40:07Z,B519F70EFCAEFADE,14.23,queries/Core/14_modern_nodes/incremental_sort_off.sql,3,3,4.164176,5.996,3902.444,0.255736,0.010062,0.022754,7168,6125,121977,0,0,33159,33267,2,1,6001215,12002430,6001215,96019440,0,0,lineitem,0,43.735656738281250000,36.764343261718750000,,
2026-07-29T17:40:16Z,B519F70EFCAEFADE,14.23,queries/Core/14_modern_nodes/memoize.sql,1,3,5.932105,8.719,5689.554,0.233832,0.007623,0.025843,7168,16548,352,0,0,0,0,4,2,60000414,134308414,60026536,537233656,0,0,supplier;customer,0,67.109497070312500000,60.321533203125000000,,
2026-07-29T17:40:25Z,B519F70EFCAEFADE,14.23,queries/Core/14_modern_nodes/memoize.sql,2,3,5.928891,8.763,5697.406,0.222722,0.012049,0.017694,7168,16548,352,0,0,0,0,4,2,60000414,134308414,60026536,537233656,0,0,supplier;customer,0,66.361511230468750000,59.526306152343750000,,
2026-07-29T17:40:34Z,B519F70EFCAEFADE,14.23,queries/Core/14_modern_nodes/memoize.sql,3,3,5.892774,7.881,5659.327,0.225566,0.010380,0.022937,7168,16548,352,0,0,0,0,4,2,60000414,134308414,60026536,537233656,0,0,supplier;customer,0,66.334838867187500000,59.561767578125000000,,
2026-07-29T17:40:42Z,B519F70EFCAEFADE,14.23,queries/Core/14_modern_nodes/memoize_off.sql,1,3,5.662821,9.189,5433.900,0.219732,0.004838,0.014169,7168,69856,352,0,0,0,0,3,2,60000414,120010414,60026536,480041656,0,0,supplier;customer,0,63.201843261718750000,56.850341796875000000,,
2026-07-29T17:40:51Z,B519F70EFCAEFADE,14.23,queries/Core/14_modern_nodes/memoize_off.sql,2,3,5.772049,9.407,5503.933,0.258709,0.012658,0.019563,7168,69856,352,0,0,0,0,3,2,60000414,120010414,60026536,480041656,0,0,supplier;customer,0,63.312500000000000000,56.852722167968750000,,
2026-07-29T17:41:00Z,B519F70EFCAEFADE,14.23,queries/Core/14_modern_nodes/memoize_off.sql,3,3,5.647944,8.957,5427.503,0.211484,0.007274,0.009113,7168,69856,352,0,0,0,0,3,2,60000414,120010414,60026536,480041656,0,0,supplier;customer,0,63.818481445312500000,57.469238281250000000,,
2026-07-29T17:41:04Z,B519F70EFCAEFADE,14.23,queries/Functions/00_baseline/char.sql,1,3,1.901060,6.092,1692.613,0.202355,0.003509,0.028575,7168,0,112503,0,0,0,0,1,1,6001215,6001215,6001215,66013365,0,0,lineitem,0,17.302429199218750000,13.756530761718750000,,
2026-07-29T17:41:09Z,B519F70EFCAEFADE,14.23,queries/Functions/00_baseline/char.sql,2,3,1.844215,6.163,1686.511,0.151541,0.004353,0.016470,7168,0,112503,0,0,0,0,1,1,6001215,6001215,6001215,66013365,0,0,lineitem,0,17.217102050781250000,13.742126464843750000,,
2026-07-29T17:41:14Z,B519F70EFCAEFADE,14.23,queries/Functions/00_baseline/char.sql,3,3,1.936294,7.149,1719.884,0.209261,0.012547,0.022245,7168,0,112503,0,0,0,0,1,1,6001215,6001215,6001215,66013365,0,0,lineitem,0,17.367187500000000000,13.756652832031250000,,
2026-07-29T17:41:19Z,B519F70EFCAEFADE,14.23,queries/Functions/00_baseline/date.sql,1,3,1.835965,6.285,1622.614,0.207066,0.014635,0.020252,7168,0,112503,0,0,0,0,1,1,6001215,6001215,6001215,24004860,0,0,lineitem,0,16.105041503906250000,12.674133300781250000,,
2026-07-29T17:41:24Z,B519F70EFCAEFADE,14.23,queries/Functions/00_baseline/date.sql,2,3,1.840573,6.146,1624.123,0.210304,0.013111,0.021914,7168,0,112503,0,0,0,0,1,1,6001215,6001215,6001215,24004860,0,0,lineitem,0,16.163452148437500000,12.712097167968750000,,
2026-07-29T17:41:28Z,B519F70EFCAEFADE,14.23,queries/Functions/00_baseline/date.sql,3,3,1.840972,6.741,1628.106,0.206125,0.012517,0.021393,7168,0,112503,0,0,0,0,1,1,6001215,6001215,6001215,24004860,0,0,lineitem,0,16.033508300781250000,12.589355468750000000,,
2026-07-29T17:41:32Z,B519F70EFCAEFADE,14.23,queries/Functions/00_baseline/int.sql,1,3,0.804273,8.473,586.423,0.209377,0.013387,0.022269,7168,116,9478,0,0,0,0,1,1,6001215,6001215,6001215,24004860,0,0,lineitem,0,6.329589843750000000,4.910034179687500000,,
2026-07-29T17:41:35Z,B519F70EFCAEFADE,14.23,queries/Functions/00_baseline/int.sql,2,3,0.746781,6.787,537.729,0.202265,0.010172,0.025823,7168,116,9478,0,0,0,0,1,1,6001215,6001215,6001215,24004860,0,0,lineitem,0,6.336120605468750000,5.011230468750000000,,
2026-07-29T17:41:39Z,B519F70EFCAEFADE,14.23,queries/Functions/00_baseline/int.sql,3,3,0.755710,7.475,539.306,0.208929,0.011672,0.024245,7168,116,9478,0,0,0,0,1,1,6001215,6001215,6001215,24004860,0,0,lineitem,0,6.266235351562500000,4.923034667968750000,,
2026-07-29T17:41:44Z,B519F70EFCAEFADE,14.23,queries/Functions/00_baseline/numeric.sql,1,3,1.902472,7.549,1714.040,0.180883,0.009748,0.024738,7168,0,112503,0,0,0,0,1,1,6001215,6001215,6001215,30006075,0,0,lineitem,0,14.943847656250000000,11.348022460937500000,,
2026-07-29T17:41:48Z,B519F70EFCAEFADE,14.23,queries/Functions/00_baseline/numeric.sql,2,3,1.833129,6.033,1633.746,0.193350,0.005783,0.014410,7168,0,112503,0,0,0,0,1,1,6001215,6001215,6001215,30006075,0,0,lineitem,0,14.639404296875000000,11.210144042968750000,,
2026-07-29T17:41:53Z,B519F70EFCAEFADE,14.23,queries/Functions/00_baseline/numeric.sql,3,3,1.846870,6.145,1664.410,0.176315,0.007145,0.012154,7168,0,112503,0,0,0,0,1,1,6001215,6001215,6001215,30006075,0,0,lineitem,0,14.781372070312500000,11.305358886718750000,,
2026-07-29T17:41:58Z,B519F70EFCAEFADE,14.23,queries/Functions/00_baseline/text.sql,1,3,1.939999,6.598,1718.216,0.215185,0.010585,0.026044,7168,0,112503,0,0,0,0,1,1,6001215,6001215,6001215,162032805,0,0,lineitem,0,17.510803222656250000,13.888305664062500000,,
2026-07-29T17:42:03Z,B519F70EFCAEFADE,14.23,queries/Functions/00_baseline/text.sql,2,3,1.914112,5.964,1728.404,0.179744,0.009527,0.025304,7168,0,112503,0,0,0,0,1,1,6001215,6001215,6001215,162032805,0,0,lineitem,0,17.701660156250000000,14.086120605468750000,,
2026-07-29T17:42:08Z,B519F70EFCAEFADE,14.23,queries/Functions/00_baseline/text.sql,3,3,1.879989,6.543,1701.258,0.172188,0.004840,0.013447,7168,0,112503,0,0,0,0,1,1,6001215,6001215,6001215,162032805,0,0,lineitem,0,17.609680175781250000,14.076477050781250000,,
2026-07-29T17:42:13Z,B519F70EFCAEFADE,14.23,queries/Functions/09-01_logical/and.sql,1,3,2.077237,6.802,1855.891,0.214544,0.016297,0.018842,7168,0,112503,0,0,0,0,1,1,6001215,6001215,6001215,6001215,0,0,lineitem,0,19.380493164062500000,15.497924804687500000,,
2026-07-29T17:42:18Z,B519F70EFCAEFADE,14.23,queries/Functions/09-01_logical/and.sql,2,3,2.061178,6.346,1842.167,0.212665,0.011776,0.023552,7168,0,112503,0,0,0,0,1,1,6001215,6001215,6001215,6001215,0,0,lineitem,0,19.207458496093750000,15.367492675781250000,,
2026-07-29T17:42:22Z,B519F70EFCAEFADE,14.23,queries/Functions/09-01_logical/and.sql,3,3,2.074793,6.223,1855.096,0.213474,0.011381,0.022379,7168,0,112503,0,0,0,0,1,1,6001215,6001215,6001215,6001215,0,0,lineitem,0,19.188720703125000000,15.316284179687500000,,
2026-07-29T17:42:27Z,B519F70EFCAEFADE,14.23,queries/Functions/09-01_logical/not.sql,1,3,1.905319,6.338,1691.605,0.207376,0.018374,0.015282,7168,0,112503,0,0,0,0,1,1,6001215,6001215,6001215,6001215,0,0,lineitem,0,17.389038085937500000,13.812866210937500000,,
2026-07-29T17:42:32Z,B519F70EFCAEFADE,14.23,queries/Functions/09-01_logical/not.sql,2,3,1.872659,5.960,1704.956,0.161743,0.004485,0.013538,7168,0,112503,0,0,0,0,1,1,6001215,6001215,6001215,6001215,0,0,lineitem,0,17.301574707031250000,13.770629882812500000,,
2026-07-29T17:42:37Z,B519F70EFCAEFADE,14.23,queries/Functions/09-01_logical/not.sql,3,3,1.922699,6.003,1707.396,0.209300,0.010237,0.025079,7168,0,112503,0,0,0,0,1,1,6001215,6001215,6001215,6001215,0,0,lineitem,0,17.365600585937500000,13.772460937500000000,,
2026-07-29T17:42:42Z,B519F70EFCAEFADE,14.23,queries/Functions/09-01_logical/or.sql,1,3,1.991411,5.630,1771.533,0.214248,0.016182,0.019120,7168,0,112503,0,0,0,0,1,1,6001215,6001215,6001215,6001215,0,0,lineitem,0,18.050720214843750000,14.321166992187500000,,
2026-07-29T17:42:47Z,B519F70EFCAEFADE,14.23,queries/Functions/09-01_logical/or.sql,2,3,1.964632,6.368,1744.958,0.213306,0.011508,0.022616,7168,0,112503,0,0,0,0,1,1,6001215,6001215,6001215,6001215,0,0,lineitem,0,18.146362304687500000,14.472900390625000000,,
2026-07-29T17:42:52Z,B519F70EFCAEFADE,14.23,queries/Functions/09-01_logical/or.sql,3,3,1.940285,5.815,1750.882,0.183588,0.003800,0.015198,7168,0,112503,0,0,0,0,1,1,6001215,6001215,6001215,6001215,0,0,lineitem,0,18.206115722656250000,14.570983886718750000,,
2026-07-29T17:42:56Z,B519F70EFCAEFADE,14.23,queries/Functions/09-02_comparison/between.sql,1,3,1.985529,5.836,1793.504,0.186189,0.011167,0.021923,7168,0,112503,0,0,0,0,1,1,6001215,6001215,6001215,6001215,0,0,lineitem,0,18.750610351562500000,15.018066406250000000,,
2026-07-29T17:43:01Z,B519F70EFCAEFADE,14.23,queries/Functions/09-02_comparison/between.sql,2,3,2.024141,5.799,1809.249,0.209093,0.013615,0.020156,7168,0,112503,0,0,0,0,1,1,6001215,6001215,6001215,6001215,0,0,lineitem,0,18.540771484375000000,14.760253906250000000,,
2026-07-29T17:43:06Z,B519F70EFCAEFADE,14.23,queries/Functions/09-02_comparison/between.sql,3,3,1.980590,5.732,1791.772,0.183086,0.004862,0.014690,7168,0,112503,0,0,0,0,1,1,6001215,6001215,6001215,6001215,0,0,lineitem,0,18.583007812500000000,14.866027832031250000,,
2026-07-29T17:43:11Z,B519F70EFCAEFADE,14.23,queries/Functions/09-02_comparison/between_symmetric.sql,1,3,2.183361,6.165,1973.637,0.203559,0.012209,0.020979,7168,0,112503,0,0,0,0,1,1,6001215,6001215,6001215,6001215,0,0,lineitem,0,21.040588378906250000,16.964721679687500000,,
2026-07-29T17:43:16Z,B519F70EFCAEFADE,14.23,queries/Functions/09-02_comparison/between_symmetric.sql,2,3,2.223843,5.646,2007.895,0.210302,0.013805,0.022122,7168,0,112503,0,0,0,0,1,1,6001215,6001215,6001215,6001215,0,0,lineitem,0,21.254028320312500000,17.101745605468750000,,
2026-07-29T17:43:22Z,B519F70EFCAEFADE,14.23,queries/Functions/09-02_comparison/between_symmetric.sql,3,3,2.256851,6.216,2037.404,0.213231,0.011749,0.022125,7168,0,112503,0,0,0,0,1,1,6001215,6001215,6001215,6001215,0,0,lineitem,0,21.132019042968750000,16.926574707031250000,,
2026-07-29T17:43:26Z,B519F70EFCAEFADE,14.23,queries/Functions/09-02_comparison/eq.sql,1,3,1.888162,6.390,1673.351,0.208421,0.010608,0.021001,7168,0,112503,0,0,0,0,1,1,6001215,6001215,6001215,6001215,0,0,lineitem,0,16.514770507812500000,12.979064941406250000,,
2026-07-29T17:43:31Z,B519F70EFCAEFADE,14.23,queries/Functions/09-02_comparison/eq.sql,2,3,1.857271,5.588,1637.675,0.214008,0.009200,0.026750,7168,0,112503,0,0,0,0,1,1,6001215,6001215,6001215,6001215,0,0,lineitem,0,16.464233398437500000,12.983947753906250000,,
2026-07-29T17:43:36Z,B519F70EFCAEFADE,14.23,queries/Functions/09-02_comparison/eq.sql,3,3,1.867465,6.501,1670.954,0.190010,0.006182,0.013057,7168,0,112503,0,0,0,0,1,1,6001215,6001215,6001215,6001215,0,0,lineitem,0,16.404907226562500000,12.890258789062500000,,
2026-07-29T17:43:40Z,B519F70EFCAEFADE,14.23,queries/Functions/09-02_comparison/ge.sql,1,3,1.872897,6.573,1650.875,0.215449,0.012841,0.022118,7168,0,112503,0,0,0,0,1,1,6001215,6001215,6001215,6001215,0,0,lineitem,0,16.591369628906250000,13.083496093750000000,,
2026-07-29T17:43:45Z,B519F70EFCAEFADE,14.23,queries/Functions/09-02_comparison/ge.sql,2,3,1.758000,5.566,1646.351,0.106083,0.005985,0.004859,7168,0,112503,0,0,0,0,1,1,6001215,6001215,6001215,6001215,0,0,lineitem,0,16.349914550781250000,13.017517089843750000,,
2026-07-29T17:43:50Z,B519F70EFCAEFADE,14.23,queries/Functions/09-02_comparison/ge.sql,3,3,1.833873,6.730,1656.298,0.170845,0.006647,0.013074,7168,0,112503,0,0,0,0,1,1,6001215,6001215,6001215,6001215,0,0,lineitem,0,16.464355468750000000,13.006774902343750000,,
2026-07-29T17:43:55Z,B519F70EFCAEFADE,14.23,queries/Functions/09-02_comparison/greatest.sql,1,3,2.041260,6.667,1827.707,0.206886,0.011470,0.023444,7168,0,112503,0,0,0,0,1,1,6001215,6001215,6001215,108021870,0,0,lineitem,0,19.024475097656250000,15.203674316406250000,,
2026-07-29T17:44:00Z,B519F70EFCAEFADE,14.23,queries/Functions/09-02_comparison/greatest.sql,2,3,2.050119,6.847,1835.460,0.207812,0.008273,0.025373,7168,0,112503,0,0,0,0,1,1,6001215,6001215,6001215,108021870,0,0,lineitem,0,18.930236816406250000,15.087585449218750000,,
2026-07-29T17:44:05Z,B519F70EFCAEFADE,14.23,queries/Functions/09-02_comparison/greatest.sql,3,3,2.006935,6.274,1817.424,0.183237,0.005691,0.013092,7168,0,112503,0,0,0,0,1,1,6001215,6001215,6001215,108021870,0,0,lineitem,0,19.018615722656250000,15.250976562500000000,,
2026-07-29T17:44:09Z,B519F70EFCAEFADE,14.23,queries/Functions/09-02_comparison/gt.sql,1,3,1.730226,6.830,1612.546,0.110850,0.005756,0.004868,7168,0,112503,0,0,0,0,1,1,6001215,6001215,6001215,6001215,0,0,lineitem,0,16.301208496093750000,13.033508300781250000,,
2026-07-29T17:44:14Z,B519F70EFCAEFADE,14.23,queries/Functions/09-02_comparison/gt.sql,2,3,1.859109,6.719,1642.989,0.209401,0.009267,0.025838,7168,0,112503,0,0,0,0,1,1,6001215,6001215,6001215,6001215,0,0,lineitem,0,16.510742187500000000,13.019592285156250000,,
2026-07-29T17:44:19Z,B519F70EFCAEFADE,14.23,queries/Functions/09-02_comparison/gt.sql,3,3,1.856173,6.532,1635.077,0.214564,0.005023,0.030871,7168,0,112503,0,0,0,0,1,1,6001215,6001215,6001215,6001215,0,0,lineitem,0,16.464538574218750000,12.983947753906250000,,
2026-07-29T17:44:24Z,B519F70EFCAEFADE,14.23,queries/Functions/09-02_comparison/is_distinct_from.sql,1,3,1.883360,6.524,1663.166,0.213670,0.008379,0.026795,7168,0,112503,0,0,0,0,1,1,6001215,6001215,6001215,6001215,0,0,lineitem,0,16.808227539062500000,13.284912109375000000,,
2026-07-29T17:44:28Z,B519F70EFCAEFADE,14.23,queries/Functions/09-02_comparison/is_distinct_from.sql,2,3,1.884399,6.323,1663.296,0.214780,0.013600,0.022921,7168,0,112503,0,0,0,0,1,1,6001215,6001215,6001215,6001215,0,0,lineitem,0,16.680114746093750000,13.140869140625000000,,
2026-07-29T17:44:33Z,B519F70EFCAEFADE,14.23,queries/Functions/09-02_comparison/is_distinct_from.sql,3,3,1.900767,6.145,1679.794,0.214828,0.012932,0.021830,7168,0,112503,0,0,0,0,1,1,6001215,6001215,6001215,6001215,0,0,lineitem,0,16.666687011718750000,13.105407714843750000,,
2026-07-29T17:44:38Z,B519F70EFCAEFADE,14.23,queries/Functions/09-02_comparison/is_not_distinct_from.sql,1,3,1.861970,6.055,1666.421,0.189494,0.014305,0.020681,7168,0,112503,0,0,0,0,1,1,6001215,6001215,6001215,6001215,0,0,lineitem,0,16.778991699218750000,13.259460449218750000,,
2026-07-29T17:44:43Z,B519F70EFCAEFADE,14.23,queries/Functions/09-02_comparison/is_not_distinct_from.sql,2,3,1.867953,6.149,1672.163,0.189641,0.012765,0.022268,7168,0,112503,0,0,0,0,1,1,6001215,6001215,6001215,6001215,0,0,lineitem,0,16.722045898437500000,13.206665039062500000,,
2026-07-29T17:44:47Z,B519F70EFCAEFADE,14.23,queries/Functions/09-02_comparison/is_not_distinct_from.sql,3,3,1.893963,5.432,1674.994,0.213537,0.013588,0.021598,7168,0,112503,0,0,0,0,1,1,6001215,6001215,6001215,6001215,0,0,lineitem,0,16.794921875000000000,13.233459472656250000,,
2026-07-29T17:44:52Z,B519F70EFCAEFADE,14.23,queries/Functions/09-02_comparison/is_not_null.sql,1,3,1.967212,6.845,1747.106,0.213261,0.007651,0.028466,7168,0,112503,0,0,0,0,1,1,6001215,6001215,6001215,6001215,0,0,lineitem,0,18.027709960937500000,14.339965820312500000,,
2026-07-29T17:44:57Z,B519F70EFCAEFADE,14.23,queries/Functions/09-02_comparison/is_not_null.sql,2,3,1.903198,5.476,1719.073,0.178649,0.005934,0.011887,7168,0,112503,0,0,0,0,1,1,6001215,6001215,6001215,6001215,0,0,lineitem,0,17.654418945312500000,14.061828613281250000,,
2026-07-29T17:45:02Z,B519F70EFCAEFADE,14.23,queries/Functions/09-02_comparison/is_not_null.sql,3,3,1.968013,5.988,1770.632,0.191393,0.005488,0.014497,7168,0,112503,0,0,0,0,1,1,6001215,6001215,6001215,6001215,0,0,lineitem,0,17.723388671875000000,14.036010742187500000,,
2026-07-29T17:45:07Z,B519F70EFCAEFADE,14.23,queries/Functions/09-02_comparison/is_null.sql,1,3,1.923171,6.073,1739.099,0.177999,0.003235,0.013569,7168,0,112503,0,0,0,0,1,1,6001215,6001215,6001215,6001215,0,0,lineitem,0,17.751037597656250000,14.143310546875000000,,
2026-07-29T17:45:12Z,B519F70EFCAEFADE,14.23,queries/Functions/09-02_comparison/is_null.sql,2,3,1.925826,7.617,1721.798,0.196411,0.007041,0.015660,7168,0,112503,0,0,0,0,1,1,6001215,6001215,6001215,6001215,0,0,lineitem,0,17.558532714843750000,13.958312988281250000,,
2026-07-29T17:45:16Z,B519F70EFCAEFADE,14.23,queries/Functions/09-02_comparison/is_null.sql,3,3,1.882999,6.311,1722.051,0.154637,0.004267,0.013649,7168,0,112503,0,0,0,0,1,1,6001215,6001215,6001215,6001215,0,0,lineitem,0,17.820922851562500000,14.262023925781250000,,
2026-07-29T17:45:21Z,B519F70EFCAEFADE,14.23,queries/Functions/09-02_comparison/le.sql,1,3,1.873207,6.422,1652.912,0.213873,0.013345,0.021020,7168,0,112503,0,0,0,0,1,1,6001215,6001215,6001215,6001215,0,0,lineitem,0,16.651550292968750000,13.145629882812500000,,
2026-07-29T17:45:25Z,B519F70EFCAEFADE,14.23,queries/Functions/09-02_comparison/le.sql,2,3,1.456358,5.179,1366.301,0.084878,0.009000,0.002938,7168,0,112503,0,0,0,0,1,1,6001215,6001215,6001215,6001215,0,0,lineitem,0,15.642395019531250000,12.870117187500000000,,
2026-07-29T17:45:30Z,B519F70EFCAEFADE,14.23,queries/Functions/09-02_comparison/le.sql,3,3,1.444305,5.035,1351.240,0.088030,0.003799,0.007839,7168,0,112503,0,0,0,0,1,1,6001215,6001215,6001215,6001215,0,0,lineitem,0,15.477539062500000000,12.728637695312500000,,
2026-07-29T17:45:34Z,B519F70EFCAEFADE,14.23,queries/Functions/09-02_comparison/least.sql,1,3,2.046640,5.263,1834.512,0.206865,0.015669,0.017695,7168,0,112503,0,0,0,0,1,1,6001215,6001215,6001215,108021870,0,0,lineitem,0,18.891540527343750000,15.058166503906250000,,
2026-07-29T17:45:39Z,B519F70EFCAEFADE,14.23,queries/Functions/09-02_comparison/least.sql,2,3,2.023449,6.671,1808.022,0.208756,0.010070,0.023894,7168,0,112503,0,0,0,0,1,1,6001215,6001215,6001215,108021870,0,0,lineitem,0,18.990356445312500000,15.200805664062500000,,
2026-07-29T17:45:44Z,B519F70EFCAEFADE,14.23,queries/Functions/09-02_comparison/least.sql,3,3,2.038307,6.682,1826.872,0.204753,0.013222,0.018023,7168,0,112503,0,0,0,0,1,1,6001215,6001215,6001215,108021870,0,0,lineitem,0,19.021118164062500000,15.210998535156250000,,
2026-07-29T17:45:49Z,B519F70EFCAEFADE,14.23,queries/Functions/09-02_comparison/lt.sql,1,3,1.895132,6.255,1678.372,0.210505,0.014984,0.018719,7168,0,112503,0,0,0,0,1,1,6001215,6001215,6001215,6001215,0,0,lineitem,0,16.794555664062500000,13.243896484375000000,,
2026-07-29T17:45:54Z,B519F70EFCAEFADE,14.23,queries/Functions/09-02_comparison/lt.sql,2,3,1.874622,6.079,1654.950,0.213593,0.009332,0.027004,7168,0,112503,0,0,0,0,1,1,6001215,6001215,6001215,6001215,0,0,lineitem,0,16.709899902343750000,13.198303222656250000,,
2026-07-29T17:45:59Z,B519F70EFCAEFADE,14.23,queries/Functions/09-02_comparison/lt.sql,3,3,1.900187,6.517,1680.360,0.213310,0.017273,0.015955,7168,0,112503,0,0,0,0,1,1,6001215,6001215,6001215,6001215,0,0,lineitem,0,16.843078613281250000,13.285278320312500000,,
2026-07-29T17:46:04Z,B519F70EFCAEFADE,14.23,queries/Functions/09-02_comparison/ne.sql,1,3,1.866710,6.375,1671.695,0.188640,0.008562,0.026780,7168,0,112503,0,0,0,0,1,1,6001215,6001215,6001215,6001215,0,0,lineitem,0,16.807189941406250000,13.277954101562500000,,
2026-07-29T17:46:08Z,B519F70EFCAEFADE,14.23,queries/Functions/09-02_comparison/ne.sql,2,3,1.839761,5.865,1666.799,0.167097,0.005032,0.014028,7168,0,112503,0,0,0,0,1,1,6001215,6001215,6001215,6001215,0,0,lineitem,0,16.671691894531250000,13.206604003906250000,,
2026-07-29T17:46:13Z,B519F70EFCAEFADE,14.23,queries/Functions/09-02_comparison/ne.sql,3,3,1.899982,6.549,1680.790,0.212643,0.008532,0.026235,7168,0,112503,0,0,0,0,1,1,6001215,6001215,6001215,6001215,0,0,lineitem,0,16.633789062500000000,13.059570312500000000,,
2026-07-29T17:46:18Z,B519F70EFCAEFADE,14.23,queries/Functions/09-02_comparison/not_between.sql,1,3,1.975992,6.420,1796.667,0.172905,0.006519,0.011561,7168,0,112503,0,0,0,0,1,1,6001215,6001215,6001215,6001215,0,0,lineitem,0,18.687622070312500000,14.976013183593750000,,
2026-07-29T17:46:23Z,B519F70EFCAEFADE,14.23,queries/Functions/09-02_comparison/not_between.sql,2,3,1.980718,6.850,1803.591,0.170277,0.008631,0.011504,7168,0,112503,0,0,0,0,1,1,6001215,6001215,6001215,6001215,0,0,lineitem,0,18.948730468750000000,15.210876464843750000,,
2026-07-29T17:46:28Z,B519F70EFCAEFADE,14.23,queries/Functions/09-02_comparison/not_between.sql,3,3,2.015714,5.531,1799.940,0.210243,0.011301,0.023420,7168,0,112503,0,0,0,0,1,1,6001215,6001215,6001215,6001215,0,0,lineitem,0,18.841796875000000000,15.087341308593750000,,
2026-07-29T17:46:33Z,B519F70EFCAEFADE,14.23,queries/Functions/09-02_comparison/num_nonnulls.sql,1,3,1.861299,6.621,1645.353,0.209325,0.006056,0.028190,7168,0,112503,0,0,0,0,1,1,6001215,6001215,6001215,24004860,0,0,lineitem,0,15.295043945312500000,11.812133789062500000,,
2026-07-29T17:46:37Z,B519F70EFCAEFADE,14.23,queries/Functions/09-02_comparison/num_nonnulls.sql,2,3,1.832451,6.228,1640.858,0.185365,0.015861,0.019741,7168,0,112503,0,0,0,0,1,1,6001215,6001215,6001215,24004860,0,0,lineitem,0,15.245056152343750000,11.791015625000000000,,
2026-07-29T17:46:42Z,B519F70EFCAEFADE,14.23,queries/Functions/09-02_comparison/num_nonnulls.sql,3,3,1.846998,6.275,1629.417,0.211306,0.012727,0.022674,7168,0,112503,0,0,0,0,1,1,6001215,6001215,6001215,24004860,0,0,lineitem,0,15.315368652343750000,11.835754394531250000,,
2026-07-29T17:46:47Z,B519F70EFCAEFADE,14.23,queries/Functions/09-02_comparison/num_nulls.sql,1,3,1.837890,6.129,1622.362,0.209399,0.010874,0.024597,7168,0,112503,0,0,0,0,1,1,6001215,6001215,6001215,24004860,0,0,lineitem,0,15.267395019531250000,11.817199707031250000,,
2026-07-29T17:46:52Z,B519F70EFCAEFADE,14.23,queries/Functions/09-02_comparison/num_nulls.sql,2,3,1.857051,6.178,1638.793,0.212080,0.012026,0.024152,7168,0,112503,0,0,0,0,1,1,6001215,6001215,6001215,24004860,0,0,lineitem,0,15.397888183593750000,11.903259277343750000,,
2026-07-29T17:46:57Z,B519F70EFCAEFADE,14.23,queries/Functions/09-02_comparison/num_nulls.sql,3,3,1.824021,6.744,1638.058,0.179219,0.004780,0.014159,7168,0,112503,0,0,0,0,1,1,6001215,6001215,6001215,24004860,0,0,lineitem,0,15.393432617187500000,11.966674804687500000,,
2026-07-29T17:47:02Z,B519F70EFCAEFADE,14.23,queries/Functions/09-03_math/abs.sql,1,3,2.158719,6.441,1937.978,0.214300,0.009935,0.024598,7168,0,112503,0,0,0,0,1,1,6001215,6001215,6001215,192038880,0,0,lineitem,0,20.742004394531250000,16.706298828125000000,,
2026-07-29T17:47:07Z,B519F70EFCAEFADE,14.23,queries/Functions/09-03_math/abs.sql,2,3,2.146890,5.800,1927.762,0.213328,0.007925,0.026383,7168,0,112503,0,0,0,0,1,1,6001215,6001215,6001215,192038880,0,0,lineitem,0,20.802246093750000000,16.805847167968750000,,
2026-07-29T17:47:12Z,B519F70EFCAEFADE,14.23,queries/Functions/09-03_math/abs.sql,3,3,2.132146,6.570,1935.440,0.190136,0.003778,0.015888,7168,0,112503,0,0,0,0,1,1,6001215,6001215,6001215,192038880,0,0,lineitem,0,20.687011718750000000,16.690307617187500000,,
2026-07-29T17:47:17Z,B519F70EFCAEFADE,14.23,queries/Functions/09-03_math/acos.sql,1,3,2.712105,6.778,2494.717,0.210610,0.007630,0.025500,7168,0,112503,0,0,0,0,1,1,6001215,6001215,6001215,48009720,0,0,lineitem,0,26.658691406250000000,21.633544921875000000,,
2026-07-29T17:47:23Z,B519F70EFCAEFADE,14.23,queries/Functions/09-03_math/acos.sql,2,3,2.655408,6.414,2482.973,0.166021,0.006860,0.011317,7168,0,112503,0,0,0,0,1,1,6001215,6001215,6001215,48009720,0,0,lineitem,0,26.754882812500000000,21.805358886718750000,,
2026-07-29T17:47:29Z,B519F70EFCAEFADE,14.23,queries/Functions/09-03_math/acos.sql,3,3,2.693583,6.653,2498.924,0.188006,0.006290,0.013328,7168,0,112503,0,0,0,0,1,1,6001215,6001215,6001215,48009720,0,0,lineitem,0,26.643737792968750000,21.632385253906250000,,
2026-07-29T17:47:34Z,B519F70EFCAEFADE,14.23,queries/Functions/09-03_math/acosh.sql,1,3,2.511702,5.364,2291.041,0.215297,0.007913,0.025747,7168,0,112503,0,0,0,0,1,1,6001215,6001215,6001215,48009720,0,0,lineitem,0,24.756103515625000000,20.087280273437500000,,
2026-07-29T17:47:39Z,B519F70EFCAEFADE,14.23,queries/Functions/09-03_math/acosh.sql,2,3,2.490060,5.884,2294.577,0.189599,0.012388,0.021339,7168,0,112503,0,0,0,0,1,1,6001215,6001215,6001215,48009720,0,0,lineitem,0,24.647583007812500000,19.992675781250000000,,
2026-07-29T17:47:45Z,B519F70EFCAEFADE,14.23,queries/Functions/09-03_math/acosh.sql,3,3,2.519653,5.707,2297.877,0.216069,0.007203,0.026405,7168,0,112503,0,0,0,0,1,1,6001215,6001215,6001215,48009720,0,0,lineitem,0,24.498779296875000000,19.820312500000000000,,
2026-07-29T17:47:50Z,B519F70EFCAEFADE,14.23,queries/Functions/09-03_math/add.sql,1,3,2.228330,6.484,2004.985,0.216861,0.010231,0.025927,7168,0,112503,0,0,0,0,1,1,6001215,6001215,6001215,192038880,0,0,lineitem,0,21.780944824218750000,17.629516601562500000,,
2026-07-29T17:47:55Z,B519F70EFCAEFADE,14.23,queries/Functions/09-03_math/add.sql,2,3,2.182491,6.679,1973.197,0.202615,0.009095,0.020214,7168,0,112503,0,0,0,0,1,1,6001215,6001215,6001215,192038880,0,0,lineitem,0,22.039550781250000000,17.977172851562500000,,
2026-07-29T17:48:00Z,B519F70EFCAEFADE,14.23,queries/Functions/09-03_math/add.sql,3,3,2.236984,6.869,2023.896,0.206219,0.013720,0.020360,7040,0,112503,0,0,0,0,1,1,6001215,6001215,6001215,192038880,0,0,lineitem,0,21.902893066406250000,17.723632812500000000,,
2026-07-29T17:48:06Z,B519F70EFCAEFADE,14.23,queries/Functions/09-03_math/add_float8.sql,1,3,3.235004,6.801,3104.194,0.124009,0.004026,0.009193,7168,0,112503,0,0,0,0,1,1,6001215,6001215,6001215,48009720,0,0,lineitem,0,34.443603515625000000,28.443786621093750000,,
2026-07-29T17:48:12Z,B519F70EFCAEFADE,14.23,queries/Functions/09-03_math/add_float8.sql,2,3,3.369603,6.647,3152.046,0.210910,0.014129,0.019000,7168,0,112503,0,0,0,0,1,1,6001215,6001215,6001215,48009720,0,0,lineitem,0,34.462768554687500000,28.228332519531250000,,
2026-07-29T17:48:18Z,B519F70EFCAEFADE,14.23,queries/Functions/09-03_math/add_float8.sql,3,3,3.415986,6.549,3207.052,0.202385,0.012815,0.021214,7168,0,112503,0,0,0,0,1,1,6001215,6001215,6001215,48009720,0,0,lineitem,0,35.337707519531250000,29.024902343750000000,,
2026-07-29T17:48:24Z,B519F70EFCAEFADE,14.23,queries/Functions/09-03_math/asin.sql,1,3,2.703403,5.741,2484.487,0.213175,0.012696,0.021248,7168,0,112503,0,0,0,0,1,1,6001215,6001215,6001215,48009720,0,0,lineitem,0,26.618774414062500000,21.604125976562500000,,
2026-07-29T17:48:30Z,B519F70EFCAEFADE,14.23,queries/Functions/09-03_math/asin.sql,2,3,2.678288,6.024,2487.480,0.184784,0.005008,0.012986,7168,0,112503,0,0,0,0,1,1,6001215,6001215,6001215,48009720,0,0,lineitem,0,26.435302734375000000,21.447265625000000000,,
2026-07-29T17:48:35Z,B519F70EFCAEFADE,14.23,queries/Functions/09-03_math/asin.sql,3,3,2.672926,6.918,2481.109,0.184899,0.007902,0.010909,7168,0,112503,0,0,0,0,1,1,6001215,6001215,6001215,48009720,0,0,lineitem,0,26.624511718750000000,21.640075683593750000,,
2026-07-29T17:48:40Z,B519F70EFCAEFADE,14.23,queries/Functions/09-03_math/asinh.sql,1,3,2.503189,6.518,2281.630,0.215041,0.016970,0.018760,7168,0,112503,0,0,0,0,1,1,6001215,6001215,6001215,48009720,0,0,lineitem,0,24.813781738281250000,20.146850585937500000,,
2026-07-29T17:48:46Z,B519F70EFCAEFADE,14.23,queries/Functions/09-03_math/asinh.sql,2,3,2.453196,6.777,2292.168,0.154251,0.011213,0.009524,7168,0,112503,0,0,0,0,1,1,6001215,6001215,6001215,48009720,0,0,lineitem,0,24.129821777343750000,19.555908203125000000,,
2026-07-29T17:48:51Z,B519F70EFCAEFADE,14.23,queries/Functions/09-03_math/asinh.sql,3,3,2.428364,6.327,2246.603,0.175434,0.006895,0.010496,7168,0,112503,0,0,0,0,1,1,6001215,6001215,6001215,48009720,0,0,lineitem,0,24.335510253906250000,19.785217285156250000,,
2026-07-29T17:48:56Z,B519F70EFCAEFADE,14.23,queries/Functions/09-03_math/atan.sql,1,3,2.401016,6.019,2188.828,0.206169,0.013219,0.021476,7168,0,112503,0,0,0,0,1,1,6001215,6001215,6001215,48009720,0,0,lineitem,0,23.863830566406250000,19.385986328125000000,,
2026-07-29T17:49:02Z,B519F70EFCAEFADE,14.23,queries/Functions/09-03_math/atan.sql,2,3,2.453420,7.240,2233.110,0.213070,0.012893,0.021625,7168,0,112503,0,0,0,0,1,1,6001215,6001215,6001215,48009720,0,0,lineitem,0,23.768005371093750000,19.203857421875000000,,
2026-07-29T17:49:07Z,B519F70EFCAEFADE,14.23,queries/Functions/09-03_math/atan.sql,3,3,2.445384,6.483,2225.551,0.213350,0.013405,0.019922,7040,0,112503,0,0,0,0,1,1,6001215,6001215,6001215,48009720,0,0,lineitem,0,24.054077148437500000,19.515197753906250000,,
2026-07-29T17:49:13Z,B519F70EFCAEFADE,14.23,queries/Functions/09-03_math/atan2.sql,1,3,3.618044,5.520,3396.228,0.216296,0.009888,0.023478,7168,0,112503,0,0,0,0,1,1,6001215,6001215,6001215,48009720,0,0,lineitem,0,37.553771972656250000,30.884826660156250000,,
2026-07-29T17:49:20Z,B519F70EFCAEFADE,14.23,queries/Functions/09-03_math/atan2.sql,2,3,3.523457,5.799,3330.067,0.187591,0.010311,0.023611,7168,0,112503,0,0,0,0,1,1,6001215,6001215,6001215,48009720,0,0,lineitem,0,37.463012695312500000,30.927551269531250000,,
2026-07-29T17:49:26Z,B519F70EFCAEFADE,14.23,queries/Functions/09-03_math/atan2.sql,3,3,3.518815,5.555,3298.508,0.214752,0.009451,0.023818,7168,0,112503,0,0,0,0,1,1,6001215,6001215,6001215,48009720,0,0,lineitem,0,37.101135253906250000,30.599182128906250000,,
2026-07-29T17:49:32Z,B519F70EFCAEFADE,14.23,queries/Functions/09-03_math/atanh.sql,1,3,2.713777,6.933,2521.481,0.185363,0.009905,0.023367,7168,0,112503,0,0,0,0,1,1,6001215,6001215,6001215,48009720,0,0,lineitem,0,27.685546875000000000,22.620422363281250000,,
2026-07-29T17:49:37Z,B519F70EFCAEFADE,14.23,queries/Functions/09-03_math/atanh.sql,2,3,2.788013,6.749,2569.827,0.211437,0.008237,0.025451,7168,0,112503,0,0,0,0,1,1,6001215,6001215,6001215,48009720,0,0,lineitem,0,27.423522949218750000,22.253723144531250000,,
2026-07-29T17:49:43Z,B519F70EFCAEFADE,14.23,queries/Functions/09-03_math/atanh.sql,3,3,2.780265,6.751,2565.591,0.207923,0.013106,0.019768,7168,0,112503,0,0,0,0,1,1,6001215,6001215,6001215,48009720,0,0,lineitem,0,27.545532226562500000,22.377929687500000000,,
2026-07-29T17:49:49Z,B519F70EFCAEFADE,14.23,queries/Functions/09-03_math/cbrt.sql,1,3,3.139307,6.639,2920.712,0.211956,0.015371,0.017441,7168,0,112503,0,0,0,0,1,1,6001215,6001215,6001215,48009720,0,0,lineitem,0,31.634216308593750000,25.829589843750000000,,
2026-07-29T17:49:55Z,B519F70EFCAEFADE,14.23,queries/Functions/09-03_math/cbrt.sql,2,3,3.093995,6.442,2880.805,0.206748,0.015770,0.018507,7168,0,112503,0,0,0,0,1,1,6001215,6001215,6001215,48009720,0,0,lineitem,0,31.212463378906250000,25.486511230468750000,,
2026-07-29T17:50:01Z,B519F70EFCAEFADE,14.23,queries/Functions/09-03_math/cbrt.sql,3,3,3.173235,6.544,2953.411,0.213280,0.015185,0.019031,7168,0,112503,0,0,0,0,1,1,6001215,6001215,6001215,48009720,0,0,lineitem,0,31.671081542968750000,25.805358886718750000,,
2026-07-29T17:50:07Z,B519F70EFCAEFADE,14.23,queries/Functions/09-03_math/ceil.sql,1,3,3.216522,5.726,3044.801,0.165995,0.003477,0.014708,7168,0,112503,0,0,0,0,1,1,6001215,6001215,6001215,192038880,0,0,lineitem,0,33.352355957031250000,27.371582031250000000,,
2026-07-29T17:50:13Z,B519F70EFCAEFADE,14.23,queries/Functions/09-03_math/ceil.sql,2,3,3.265094,6.403,3048.370,0.210321,0.011203,0.022266,7168,0,112503,0,0,0,0,1,1,6001215,6001215,6001215,192038880,0,0,lineitem,0,33.496948242187500000,27.454040527343750000,,
2026-07-29T17:50:19Z,B519F70EFCAEFADE,14.23,queries/Functions/09-03_math/ceil.sql,3,3,3.274350,5.438,3058.429,0.210483,0.013665,0.017101,7168,0,112503,0,0,0,0,1,1,6001215,6001215,6001215,192038880,0,0,lineitem,0,33.424926757812500000,27.387878417968750000,,
2026-07-29T17:50:25Z,B519F70EFCAEFADE,14.23,queries/Functions/09-03_math/cos.sql,1,3,2.700007,6.050,2513.197,0.180760,0.008489,0.010259,7168,0,112503,0,0,0,0,1,1,6001215,6001215,6001215,48009720,0,0,lineitem,0,27.066284179687500000,22.049133300781250000,,
2026-07-29T17:50:30Z,B519F70EFCAEFADE,14.23,queries/Functions/09-03_math/cos.sql,2,3,2.666446,6.799,2477.874,0.181773,0.005477,0.013767,7168,0,112503,0,0,0,0,1,1,6001215,6001215,6001215,48009720,0,0,lineitem,0,27.127441406250000000,22.170471191406250000,,
2026-07-29T17:50:36Z,B519F70EFCAEFADE,14.23,queries/Functions/09-03_math/cos.sql,3,3,2.705590,6.365,2488.718,0.210507,0.010438,0.021935,7168,0,112503,0,0,0,0,1,1,6001215,6001215,6001215,48009720,0,0,lineitem,0,27.023254394531250000,22.005310058593750000,,
2026-07-29T17:50:41Z,B519F70EFCAEFADE,14.23,queries/Functions/09-03_math/cosh.sql,1,3,2.826408,6.069,2607.943,0.212396,0.009561,0.023910,7168,0,112503,0,0,0,0,1,1,6001215,6001215,6001215,48009720,0,0,lineitem,0,27.849487304687500000,22.613769531250000000,,
2026-07-29T17:50:47Z,B519F70EFCAEFADE,14.23,queries/Functions/09-03_math/cosh.sql,2,3,2.736967,6.355,2517.918,0.212694,0.012852,0.023418,7168,0,112503,0,0,0,0,1,1,6001215,6001215,6001215,48009720,0,0,lineitem,0,27.150085449218750000,22.078613281250000000,,
2026-07-29T17:50:53Z,B519F70EFCAEFADE,14.23,queries/Functions/09-03_math/cosh.sql,3,3,2.759150,6.543,2541.178,0.211429,0.010133,0.022910,7168,0,112503,0,0,0,0,1,1,6001215,6001215,6001215,48009720,0,0,lineitem,0,27.773559570312500000,22.652160644531250000,,
2026-07-29T17:50:58Z,B519F70EFCAEFADE,14.23,queries/Functions/09-03_math/degrees.sql,1,3,2.683371,5.496,2470.564,0.207311,0.011630,0.020419,7168,0,112503,0,0,0,0,1,1,6001215,6001215,6001215,48009720,0,0,lineitem,0,26.402160644531250000,21.422546386718750000,,
2026-07-29T17:51:04Z,B519F70EFCAEFADE,14.23,queries/Functions/09-03_math/degrees.sql,2,3,2.688319,7.000,2480.883,0.200436,0.009503,0.025015,7168,0,112503,0,0,0,0,1,1,6001215,6001215,6001215,48009720,0,0,lineitem,0,26.382751464843750000,21.375000000000000000,,
2026-07-29T17:51:09Z,B519F70EFCAEFADE,14.23,queries/Functions/09-03_math/degrees.sql,3,3,2.630101,6.474,2454.556,0.169071,0.008230,0.011895,7168,0,112503,0,0,0,0,1,1,6001215,6001215,6001215,48009720,0,0,lineitem,0,26.428405761718750000,21.526489257812500000,,
2026-07-29T17:51:14Z,B519F70EFCAEFADE,14.23,queries/Functions/09-03_math/div_fn.sql,1,3,2.414287,6.433,2198.738,0.209116,0.008530,0.025357,7168,0,112503,0,0,0,0,1,1,6001215,6001215,6001215,192038880,0,0,lineitem,0,23.392395019531250000,18.904846191406250000,,
2026-07-29T17:51:20Z,B519F70EFCAEFADE,14.23,queries/Functions/09-03_math/div_fn.sql,2,3,2.372410,6.411,2155.177,0.210822,0.011694,0.022113,7168,0,112503,0,0,0,0,1,1,6001215,6001215,6001215,192038880,0,0,lineitem,0,23.365417480468750000,18.952026367187500000,,
2026-07-29T17:51:25Z,B519F70EFCAEFADE,14.23,queries/Functions/09-03_math/div_fn.sql,3,3,2.367382,6.354,2159.641,0.201387,0.009831,0.013196,7168,0,112503,0,0,0,0,1,1,6001215,6001215,6001215,192038880,0,0,lineitem,0,23.727783203125000000,19.327392578125000000,,
2026-07-29T17:51:30Z,B519F70EFCAEFADE,14.23,queries/Functions/09-03_math/divide.sql,1,3,2.618047,6.091,2427.815,0.184141,0.010290,0.023477,7168,0,112503,0,0,0,0,1,1,6001215,6001215,6001215,192038880,0,0,lineitem,0,25.880371093750000000,21.001708984375000000,,
2026-07-29T17:51:36Z,B519F70EFCAEFADE,14.23,queries/Functions/09-03_math/divide.sql,2,3,2.671881,5.753,2484.984,0.181144,0.002865,0.009867,7168,0,112503,0,0,0,0,1,1,6001215,6001215,6001215,192038880,0,0,lineitem,0,25.990051269531250000,21.015869140625000000,,
2026-07-29T17:51:41Z,B519F70EFCAEFADE,14.23,queries/Functions/09-03_math/divide.sql,3,3,2.700881,6.646,2498.177,0.196058,0.008088,0.011732,7168,0,112503,0,0,0,0,1,1,6001215,6001215,6001215,192038880,0,0,lineitem,0,26.063781738281250000,21.058898925781250000,,
2026-07-29T17:51:47Z,B519F70EFCAEFADE,14.23,queries/Functions/09-03_math/exp_float8.sql,1,3,2.733406,6.919,2516.706,0.209781,0.013137,0.019583,7168,0,112503,0,0,0,0,1,1,6001215,6001215,6001215,48009720,0,0,lineitem,0,26.928161621093750000,21.853271484375000000,,
2026-07-29T17:51:53Z,B519F70EFCAEFADE,14.23,queries/Functions/09-03_math/exp_float8.sql,2,3,2.756373,6.691,2539.377,0.210305,0.010768,0.022193,7168,0,112503,0,0,0,0,1,1,6001215,6001215,6001215,48009720,0,0,lineitem,0,27.029235839843750000,21.915100097656250000,,
2026-07-29T17:51:58Z,B519F70EFCAEFADE,14.23,queries/Functions/09-03_math/exp_float8.sql,3,3,2.703758,7.162,2450.205,0.246391,0.012500,0.022943,7168,0,112503,0,0,0,0,1,1,6001215,6001215,6001215,48009720,0,0,lineitem,0,26.866149902343750000,21.842163085937500000,,
2026-07-29T17:52:17Z,B519F70EFCAEFADE,14.23,queries/Functions/09-03_math/exp_numeric.sql,1,3,16.078337,6.645,15888.561,0.183131,0.012159,0.020959,7168,0,112503,0,0,0,0,1,1,6001215,6001215,6001215,192038880,0,0,lineitem,0,187.712219238281250000,158.460693359375000000,,
2026-07-29T17:52:36Z,B519F70EFCAEFADE,14.23,queries/Functions/09-03_math/exp_numeric.sql,2,3,16.047364,6.864,15910.550,0.129950,0.003963,0.008934,7168,0,112503,0,0,0,0,1,1,6001215,6001215,6001215,192038880,0,0,lineitem,0,188.057983398437500000,158.877990722656250000,,
2026-07-29T17:52:55Z,B519F70EFCAEFADE,14.23,queries/Functions/09-03_math/exp_numeric.sql,3,3,16.143256,6.284,15947.526,0.189446,0.002631,0.016618,7168,0,112503,0,0,0,0,1,1,6001215,6001215,6001215,192038880,0,0,lineitem,0,190.946838378906250000,161.574584960937500000,,
2026-07-29T17:53:00Z,B519F70EFCAEFADE,14.23,queries/Functions/09-03_math/exponent.sql,1,3,2.377513,5.556,2195.560,0.176397,0.011908,0.020907,7168,0,112503,0,0,0,0,1,1,6001215,6001215,6001215,192038880,0,0,lineitem,0,24.261108398437500000,19.818847656250000000,,
2026-07-29T17:53:05Z,B519F70EFCAEFADE,14.23,queries/Functions/09-03_math/exponent.sql,2,3,2.395514,6.464,2175.357,0.213693,0.005530,0.025602,7168,0,112503,0,0,0,0,1,1,6001215,6001215,6001215,192038880,0,0,lineitem,0,23.939208984375000000,19.491699218750000000,,
2026-07-29T17:53:11Z,B519F70EFCAEFADE,14.23,queries/Functions/09-03_math/exponent.sql,3,3,2.398676,6.401,2188.229,0.204046,0.009494,0.024327,7168,0,112503,0,0,0,0,1,1,6001215,6001215,6001215,192038880,0,0,lineitem,0,24.132141113281250000,19.660522460937500000,,
2026-07-29T17:53:16Z,B519F70EFCAEFADE,14.23,queries/Functions/09-03_math/factorial.sql,1,3,2.251960,5.776,2036.411,0.209773,0.006576,0.027012,7168,0,112503,0,0,0,0,1,1,6001215,6001215,6001215,192038880,0,0,lineitem,0,22.156127929687500000,17.964538574218750000,,
2026-07-29T17:53:21Z,B519F70EFCAEFADE,14.23,queries/Functions/09-03_math/factorial.sql,2,3,2.219542,5.927,2032.184,0.181431,0.014061,0.019051,7168,0,112503,0,0,0,0,1,1,6001215,6001215,6001215,192038880,0,0,lineitem,0,22.284667968750000000,18.122558593750000000,,
2026-07-29T17:53:26Z,B519F70EFCAEFADE,14.23,queries/Functions/09-03_math/factorial.sql,3,3,2.302568,6.227,2086.156,0.210185,0.013862,0.020967,7168,0,112503,0,0,0,0,1,1,6001215,6001215,6001215,192038880,0,0,lineitem,0,22.644958496093750000,18.352233886718750000,,
2026-07-29T17:53:32Z,B519F70EFCAEFADE,14.23,queries/Functions/09-03_math/floor.sql,1,3,3.141161,6.090,3013.518,0.121553,0.006083,0.007659,7168,0,112503,0,0,0,0,1,1,6001215,6001215,6001215,192038880,0,0,lineitem,0,43.717590332031250000,37.593200683593750000,,
2026-07-29T17:53:38Z,B519F70EFCAEFADE,14.23,queries/Functions/09-03_math/floor.sql,2,3,3.093367,5.905,2882.079,0.205383,0.012726,0.017829,7168,0,112503,0,0,0,0,1,1,6001215,6001215,6001215,192038880,0,0,lineitem,0,31.549438476562500000,25.826843261718750000,,
2026-07-29T17:53:44Z,B519F70EFCAEFADE,14.23,queries/Functions/09-03_math/floor.sql,3,3,3.100287,6.148,2902.671,0.191468,0.012060,0.019638,7168,0,112503,0,0,0,0,1,1,6001215,6001215,6001215,192038880,0,0,lineitem,0,33.167968750000000000,27.350891113281250000,,
2026-07-29T17:53:49Z,B519F70EFCAEFADE,14.23,queries/Functions/09-03_math/gcd.sql,1,3,2.065936,6.008,1859.595,0.200333,0.009436,0.021510,7168,0,112503,0,0,0,0,1,1,6001215,6001215,6001215,24004860,0,0,lineitem,0,17.798461914062500000,13.929931640625000000,,
2026-07-29T17:53:54Z,B519F70EFCAEFADE,14.23,queries/Functions/09-03_math/gcd.sql,2,3,2.079767,6.144,1865.264,0.208359,0.011877,0.022110,7168,0,112503,0,0,0,0,1,1,6001215,6001215,6001215,24004860,0,0,lineitem,0,18.123840332031250000,14.230773925781250000,,
2026-07-29T17:53:59Z,B519F70EFCAEFADE,14.23,queries/Functions/09-03_math/gcd.sql,3,3,2.066673,6.277,1855.533,0.204863,0.013135,0.020848,7168,0,112503,0,0,0,0,1,1,6001215,6001215,6001215,24004860,0,0,lineitem,0,18.059570312500000000,14.169555664062500000,,
2026-07-29T17:54:04Z,B519F70EFCAEFADE,14.23,queries/Functions/09-03_math/lcm.sql,1,3,1.799230,6.605,1596.616,0.196009,0.013682,0.021225,7168,0,112503,0,0,0,0,1,1,6001215,6001215,6001215,48009720,0,0,lineitem,0,15.950500488281250000,12.531921386718750000,,
2026-07-29T17:54:08Z,B519F70EFCAEFADE,14.23,queries/Functions/09-03_math/lcm.sql,2,3,1.834947,5.612,1620.362,0.208973,0.013613,0.022757,7168,0,112503,0,0,0,0,1,1,6001215,6001215,6001215,48009720,0,0,lineitem,0,16.178955078125000000,12.703125000000000000,,
2026-07-29T17:54:13Z,B519F70EFCAEFADE,14.23,queries/Functions/09-03_math/lcm.sql,3,3,1.842676,6.451,1624.319,0.211906,0.011844,0.024322,7168,0,112503,0,0,0,0,1,1,6001215,6001215,6001215,48009720,0,0,lineitem,0,16.193725585937500000,12.712524414062500000,,
2026-07-29T17:54:19Z,B519F70EFCAEFADE,14.23,queries/Functions/09-03_math/ln_float8.sql,1,3,2.385785,6.586,2163.995,0.215204,0.012666,0.023749,7168,0,112503,0,0,0,0,1,1,6001215,6001215,6001215,48009720,0,0,lineitem,0,23.911560058593750000,19.457702636718750000,,
2026-07-29T17:54:24Z,B519F70EFCAEFADE,14.23,queries/Functions/09-03_math/ln_float8.sql,2,3,2.469651,6.387,2258.125,0.205139,0.009656,0.022637,7168,0,112503,0,0,0,0,1,1,6001215,6001215,6001215,48009720,0,0,lineitem,0,24.619018554687500000,20.002807617187500000,,
2026-07-29T17:54:30Z,B519F70EFCAEFADE,14.23,queries/Functions/09-03_math/ln_float8.sql,3,3,2.466549,6.581,2244.738,0.215230,0.010012,0.024398,7168,0,112503,0,0,0,0,1,1,6001215,6001215,6001215,48009720,0,0,lineitem,0,24.544128417968750000,19.934997558593750000,,
2026-07-29T17:55:03Z,B519F70EFCAEFADE,14.23,queries/Functions/09-03_math/ln_numeric.sql,1,3,30.783359,5.571,30619.850,0.157938,0.005178,0.014448,7168,0,112503,0,0,0,0,1,1,6001215,6001215,6001215,192038880,0,0,lineitem,0,358.894226074218750000,302.836242675781250000,,
2026-07-29T17:55:37Z,B519F70EFCAEFADE,14.23,queries/Functions/09-03_math/ln_numeric.sql,2,3,30.777610,5.963,30571.733,0.199914,0.012367,0.017729,7168,0,112503,0,0,0,0,1,1,6001215,6001215,6001215,192038880,0,0,lineitem,0,359.590881347656250000,303.602661132812500000,,
2026-07-29T17:56:11Z,B519F70EFCAEFADE,14.23,queries/Functions/09-03_math/ln_numeric.sql,3,3,30.691281,6.072,30481.482,0.203727,0.010013,0.020690,7168,0,112503,0,0,0,0,1,1,6001215,6001215,6001215,192038880,0,0,lineitem,0,359.081420898437500000,303.311767578125000000,,
2026-07-29T17:56:16Z,B519F70EFCAEFADE,14.23,queries/Functions/09-03_math/log10_float8.sql,1,3,2.432816,6.316,2223.217,0.203283,0.015165,0.015824,7168,0,112503,0,0,0,0,1,1,6001215,6001215,6001215,48009720,0,0,lineitem,0,24.786621093750000000,20.261718750000000000,,
2026-07-29T17:56:21Z,B519F70EFCAEFADE,14.23,queries/Functions/09-03_math/log10_float8.sql,2,3,2.448416,6.443,2284.027,0.157946,0.005265,0.006684,7168,0,112503,0,0,0,0,1,1,6001215,6001215,6001215,48009720,0,0,lineitem,0,25.305236816406250000,20.717651367187500000,,
2026-07-29T17:56:27Z,B519F70EFCAEFADE,14.23,queries/Functions/09-03_math/log10_float8.sql,3,3,2.431260,6.727,2214.408,0.210125,0.009379,0.025488,7168,0,112503,0,0,0,0,1,1,6001215,6001215,6001215,48009720,0,0,lineitem,0,24.642761230468750000,20.116149902343750000,,
2026-07-29T17:58:22Z,B519F70EFCAEFADE,14.23,queries/Functions/09-03_math/log10_numeric.sql,1,3,111.902618,7.119,111706.400,0.189099,0.011810,0.023553,7168,0,112503,0,0,0,0,1,1,6001215,6001215,6001215,192038880,0,0,lineitem,0,1308.999816894531250000,1142.649414062500000000,,
2026-07-29T18:00:16Z,B519F70EFCAEFADE,14.23,queries/Functions/09-03_math/log10_numeric.sql,2,3,111.700661,6.254,111493.203,0.201204,0.009958,0.020755,7168,0,112503,0,0,0,0,1,1,6001215,6001215,6001215,192038880,0,0,lineitem,0,1309.175415039062500000,1143.341735839843750000,,
2026-07-29T18:02:11Z,B519F70EFCAEFADE,14.23,queries/Functions/09-03_math/log10_numeric.sql,3,3,112.335787,7.011,112132.452,0.196324,0.009668,0.015498,7168,0,112503,0,0,0,0,1,1,6001215,6001215,6001215,192038880,0,0,lineitem,0,1316.925537109375000000,1150.475402832031250000,,
2026-07-29T18:03:56Z,B519F70EFCAEFADE,14.23,queries/Functions/09-03_math/log_base.sql,1,3,102.148133,6.288,101964.678,0.177167,0.008738,0.022978,7168,0,112503,0,0,0,0,1,1,6001215,6001215,6001215,192038880,0,0,lineitem,0,1224.945190429687500000,1066.224609375000000000,,
2026-07-29T18:05:40Z,B519F70EFCAEFADE,14.23,queries/Functions/09-03_math/log_base.sql,2,3,101.432035,3.858,101339.354,0.088823,0.002306,0.008905,7168,0,112503,0,0,0,0,1,1,6001215,6001215,6001215,192038880,0,0,lineitem,0,1203.715148925781250000,1046.949768066406250000,,
2026-07-29T18:07:25Z,B519F70EFCAEFADE,14.23,queries/Functions/09-03_math/log_base.sql,3,3,101.562787,7.271,101331.177,0.224339,0.003810,0.007303,7168,0,112503,0,0,0,0,1,1,6001215,6001215,6001215,192038880,0,0,lineitem,0,1196.425292968750000000,1039.792846679687500000,,
2026-07-29T18:07:29Z,B519F70EFCAEFADE,14.23,queries/Functions/09-03_math/min_scale.sql,1,3,1.971751,6.471,1758.653,0.206627,0.011554,0.019933,7168,0,112503,0,0,0,0,1,1,6001215,6001215,6001215,24004860,0,0,lineitem,0,18.418945312500000000,14.728759765625000000,,
2026-07-29T18:07:34Z,B519F70EFCAEFADE,14.23,queries/Functions/09-03_math/min_scale.sql,2,3,1.977451,6.168,1787.525,0.183758,0.012483,0.020101,7168,0,112503,0,0,0,0,1,1,6001215,6001215,6001215,24004860,0,0,lineitem,0,18.437622070312500000,14.707458496093750000,,
2026-07-29T18:07:39Z,B519F70EFCAEFADE,14.23,queries/Functions/09-03_math/min_scale.sql,3,3,1.926850,5.917,1750.209,0.170724,0.008546,0.013652,7168,0,112503,0,0,0,0,1,1,6001215,6001215,6001215,24004860,0,0,lineitem,0,18.163330078125000000,14.544311523437500000,,
2026-07-29T18:07:43Z,B519F70EFCAEFADE,14.23,queries/Functions/09-03_math/mod_fn.sql,1,3,1.147430,8.457,955.200,0.183773,0.010238,0.023056,7168,116,9478,0,0,0,0,1,1,6001215,6001215,6001215,24004860,0,0,lineitem,0,8.553527832031250000,6.480224609375000000,,
2026-07-29T18:07:47Z,B519F70EFCAEFADE,14.23,queries/Functions/09-03_math/mod_fn.sql,2,3,1.115841,7.750,896.807,0.211284,0.014678,0.020568,7168,116,9478,0,0,0,0,1,1,6001215,6001215,6001215,24004860,0,0,lineitem,0,8.432189941406250000,6.425903320312500000,,
2026-07-29T18:07:51Z,B519F70EFCAEFADE,14.23,queries/Functions/09-03_math/mod_fn.sql,3,3,1.157477,7.643,939.112,0.210722,0.015464,0.019558,7168,116,9478,0,0,0,0,1,1,6001215,6001215,6001215,24004860,0,0,lineitem,0,8.477416992187500000,6.398376464843750000,,
2026-07-29T18:07:55Z,B519F70EFCAEFADE,14.23,queries/Functions/09-03_math/modulo.sql,1,3,1.091687,6.763,874.964,0.209960,0.011236,0.024178,7168,116,9478,0,0,0,0,1,1,6001215,6001215,6001215,24004860,0,0,lineitem,0,8.404296875000000000,6.456481933593750000,,
2026-07-29T18:07:59Z,B519F70EFCAEFADE,14.23,queries/Functions/09-03_math/modulo.sql,2,3,1.047707,6.716,910.630,0.130361,0.007330,0.010674,7168,116,9478,0,0,0,0,1,1,6001215,6001215,6001215,24004860,0,0,lineitem,0,8.202636718750000000,6.315246582031250000,,
2026-07-29T18:08:02Z,B519F70EFCAEFADE,14.23,queries/Functions/09-03_math/modulo.sql,3,3,1.135637,7.114,915.923,0.212600,0.013959,0.021660,7168,116,9478,0,0,0,0,1,1,6001215,6001215,6001215,24004860,0,0,lineitem,0,8.347473144531250000,6.316894531250000000,,
2026-07-29T18:08:08Z,B519F70EFCAEFADE,14.23,queries/Functions/09-03_math/multiply.sql,1,3,2.349171,6.234,2131.489,0.211448,0.011171,0.024227,7168,0,112503,0,0,0,0,1,1,6001215,6001215,6001215,192038880,0,0,lineitem,0,23.478210449218750000,19.121276855468750000,,
2026-07-29T18:08:13Z,B519F70EFCAEFADE,14.23,queries/Functions/09-03_math/multiply.sql,2,3,2.344755,6.351,2127.995,0.210409,0.011278,0.021111,7168,0,112503,0,0,0,0,1,1,6001215,6001215,6001215,192038880,0,0,lineitem,0,23.451660156250000000,19.097473144531250000,,
2026-07-29T18:08:18Z,B519F70EFCAEFADE,14.23,queries/Functions/09-03_math/multiply.sql,3,3,2.305999,6.469,2089.120,0.210410,0.012435,0.020674,7168,0,112503,0,0,0,0,1,1,6001215,6001215,6001215,192038880,0,0,lineitem,0,23.452331542968750000,19.169921875000000000,,
2026-07-29T18:08:24Z,B519F70EFCAEFADE,14.23,queries/Functions/09-03_math/multiply_float8.sql,1,3,3.406028,6.536,3185.500,0.213992,0.010096,0.022823,7168,0,112503,0,0,0,0,1,1,6001215,6001215,6001215,48009720,0,0,lineitem,0,35.632995605468750000,29.366149902343750000,,
2026-07-29T18:08:30Z,B519F70EFCAEFADE,14.23,queries/Functions/09-03_math/multiply_float8.sql,2,3,3.380938,6.186,3161.001,0.213751,0.011631,0.021824,7168,0,112503,0,0,0,0,1,1,6001215,6001215,6001215,48009720,0,0,lineitem,0,35.267944335937500000,29.040832519531250000,,
2026-07-29T18:08:37Z,B519F70EFCAEFADE,14.23,queries/Functions/09-03_math/multiply_float8.sql,3,3,3.339319,7.013,3133.539,0.198767,0.015270,0.019012,7168,0,112503,0,0,0,0,1,1,6001215,6001215,6001215,48009720,0,0,lineitem,0,34.997009277343750000,28.834716796875000000,,
2026-07-29T18:08:42Z,B519F70EFCAEFADE,14.23,queries/Functions/09-03_math/pi.sql,1,3,2.324969,5.540,2133.143,0.186286,0.017189,0.016020,7168,0,112503,0,0,0,0,1,1,6001215,6001215,6001215,48009720,0,0,lineitem,0,23.582946777343750000,19.238952636718750000,,
2026-07-29T18:08:47Z,B519F70EFCAEFADE,14.23,queries/Functions/09-03_math/pi.sql,2,3,2.349055,6.366,2129.503,0.213186,0.013714,0.019993,7168,0,112503,0,0,0,0,1,1,6001215,6001215,6001215,48009720,0,0,lineitem,0,23.075744628906250000,18.711425781250000000,,
2026-07-29T18:08:52Z,B519F70EFCAEFADE,14.23,queries/Functions/09-03_math/pi.sql,3,3,2.368213,6.908,2146.686,0.214619,0.014989,0.018326,7168,0,112503,0,0,0,0,1,1,6001215,6001215,6001215,48009720,0,0,lineitem,0,23.568420410156250000,19.175659179687500000,,
2026-07-29T18:08:58Z,B519F70EFCAEFADE,14.23,queries/Functions/09-03_math/power_float8.sql,1,3,2.582337,4.655,2373.240,0.204442,0.010851,0.022595,7168,0,112503,0,0,0,0,1,1,6001215,6001215,6001215,48009720,0,0,lineitem,0,25.372192382812500000,20.593933105468750000,,
2026-07-29T18:09:03Z,B519F70EFCAEFADE,14.23,queries/Functions/09-03_math/power_float8.sql,2,3,2.545480,6.642,2327.112,0.211726,0.006063,0.029112,7168,0,112503,0,0,0,0,1,1,6001215,6001215,6001215,48009720,0,0,lineitem,0,25.158569335937500000,20.450134277343750000,,
2026-07-29T18:09:09Z,B519F70EFCAEFADE,14.23,queries/Functions/09-03_math/power_float8.sql,3,3,2.601198,6.911,2385.603,0.208684,0.013091,0.023414,7040,0,112503,0,0,0,0,1,1,6001215,6001215,6001215,48009720,0,0,lineitem,0,25.598327636718750000,20.768615722656250000,,
2026-07-29T18:09:14Z,B519F70EFCAEFADE,14.23,queries/Functions/09-03_math/power_numeric.sql,1,3,2.383190,7.307,2189.632,0.186251,0.012242,0.023566,7168,0,112503,0,0,0,0,1,1,6001215,6001215,6001215,192038880,0,0,lineitem,0,24.282165527343750000,19.828674316406250000,,
2026-07-29T18:09:19Z,B519F70EFCAEFADE,14.23,queries/Functions/09-03_math/power_numeric.sql,2,3,2.453153,7.016,2236.993,0.209144,0.013622,0.017869,7168,0,112503,0,0,0,0,1,1,6001215,6001215,6001215,192038880,0,0,lineitem,0,23.839721679687500000,19.289062500000000000,,
2026-07-29T18:09:25Z,B519F70EFCAEFADE,14.23,queries/Functions/09-03_math/power_numeric.sql,3,3,2.421781,7.966,2203.089,0.210726,0.009806,0.023746,7168,0,112503,0,0,0,0,1,1,6001215,6001215,6001215,192038880,0,0,lineitem,0,24.287597656250000000,19.786315917968750000,,
2026-07-29T18:09:30Z,B519F70EFCAEFADE,14.23,queries/Functions/09-03_math/radians.sql,1,3,2.328763,6.411,2116.998,0.205354,0.012088,0.021335,7168,0,112503,0,0,0,0,1,1,6001215,6001215,6001215,48009720,0,0,lineitem,0,23.163574218750000000,18.827636718750000000,,
2026-07-29T18:09:35Z,B519F70EFCAEFADE,14.23,queries/Functions/09-03_math/radians.sql,2,3,2.328007,6.856,2135.260,0.185891,0.005834,0.013618,7168,0,112503,0,0,0,0,1,1,6001215,6001215,6001215,48009720,0,0,lineitem,0,23.141601562500000000,18.801574707031250000,,
2026-07-29T18:09:40Z,B519F70EFCAEFADE,14.23,queries/Functions/09-03_math/radians.sql,3,3,2.357245,6.487,2140.360,0.210398,0.013360,0.017983,7168,0,112503,0,0,0,0,1,1,6001215,6001215,6001215,48009720,0,0,lineitem,0,23.258972167968750000,18.869873046875000000,,
2026-07-29T18:09:44Z,B519F70EFCAEFADE,14.23,queries/Functions/09-03_math/random.sql,1,3,0.994558,6.564,898.113,0.089881,0.004529,0.006191,7168,116,9478,0,0,0,0,1,1,6001215,6001215,6001215,48009720,0,0,lineitem,0,8.645568847656250000,6.838989257812500000,,
2026-07-29T18:09:48Z,B519F70EFCAEFADE,14.23,queries/Functions/09-03_math/random.sql,2,3,1.122558,7.884,930.932,0.183742,0.005856,0.012575,7168,116,9478,0,0,0,0,1,1,6001215,6001215,6001215,48009720,0,0,lineitem,0,8.562805175781250000,6.540466308593750000,,
2026-07-29T18:09:52Z,B519F70EFCAEFADE,14.23,queries/Functions/09-03_math/random.sql,3,3,1.165255,8.420,946.971,0.209864,0.007142,0.026357,7168,116,9478,0,0,0,0,1,1,6001215,6001215,6001215,48009720,0,0,lineitem,0,8.774597167968750000,6.672912597656250000,,
2026-07-29T18:09:58Z,B519F70EFCAEFADE,14.23,queries/Functions/09-03_math/round.sql,1,3,2.998536,6.357,2805.865,0.186314,0.006890,0.012909,7168,0,112503,0,0,0,0,1,1,6001215,6001215,6001215,192038880,0,0,lineitem,0,30.184387207031250000,24.645080566406250000,,
2026-07-29T18:10:04Z,B519F70EFCAEFADE,14.23,queries/Functions/09-03_math/round.sql,2,3,3.001020,5.893,2787.387,0.207740,0.011078,0.021751,7168,0,112503,0,0,0,0,1,1,6001215,6001215,6001215,192038880,0,0,lineitem,0,30.042968750000000000,24.494201660156250000,,
2026-07-29T18:10:09Z,B519F70EFCAEFADE,14.23,queries/Functions/09-03_math/round.sql,3,3,3.019928,6.842,2799.304,0.213782,0.012265,0.021103,7168,0,112503,0,0,0,0,1,1,6001215,6001215,6001215,192038880,0,0,lineitem,0,29.994995117187500000,24.409729003906250000,,
2026-07-29T18:10:15Z,B519F70EFCAEFADE,14.23,queries/Functions/09-03_math/round_scale.sql,1,3,3.020373,5.889,2801.162,0.213322,0.016867,0.019493,7168,0,112503,0,0,0,0,1,1,6001215,6001215,6001215,192038880,0,0,lineitem,0,30.091308593750000000,24.514831542968750000,,
2026-07-29T18:10:21Z,B519F70EFCAEFADE,14.23,queries/Functions/09-03_math/round_scale.sql,2,3,3.026911,6.603,2803.847,0.216461,0.012257,0.021020,7168,0,112503,0,0,0,0,1,1,6001215,6001215,6001215,192038880,0,0,lineitem,0,30.251770019531250000,24.652465820312500000,,
2026-07-29T18:10:27Z,B519F70EFCAEFADE,14.23,queries/Functions/09-03_math/round_scale.sql,3,3,3.028397,6.637,2809.611,0.212149,0.011196,0.020627,7168,0,112503,0,0,0,0,1,1,6001215,6001215,6001215,192038880,0,0,lineitem,0,30.174926757812500000,24.583496093750000000,,
2026-07-29T18:10:32Z,B519F70EFCAEFADE,14.23,queries/Functions/09-03_math/scale.sql,1,3,1.891660,6.176,1692.183,0.193301,0.010151,0.023452,7168,0,112503,0,0,0,0,1,1,6001215,6001215,6001215,24004860,0,0,lineitem,0,17.033874511718750000,13.472778320312500000,,
2026-07-29T18:10:37Z,B519F70EFCAEFADE,14.23,queries/Functions/09-03_math/scale.sql,2,3,1.913939,6.043,1694.553,0.213343,0.014591,0.019914,7168,0,112503,0,0,0,0,1,1,6001215,6001215,6001215,24004860,0,0,lineitem,0,16.939270019531250000,13.355468750000000000,,
2026-07-29T18:10:42Z,B519F70EFCAEFADE,14.23,queries/Functions/09-03_math/scale.sql,3,3,1.867227,6.531,1688.542,0.172154,0.005988,0.012870,7168,0,112503,0,0,0,0,1,1,6001215,6001215,6001215,24004860,0,0,lineitem,0,16.868469238281250000,13.359924316406250000,,
2026-07-29T18:10:47Z,B519F70EFCAEFADE,14.23,queries/Functions/09-03_math/sign.sql,1,3,2.224614,6.978,2007.108,0.210528,0.016902,0.018631,7168,0,112503,0,0,0,0,1,1,6001215,6001215,6001215,192038880,0,0,lineitem,0,21.764526367187500000,17.605041503906250000,,
2026-07-29T18:10:52Z,B519F70EFCAEFADE,14.23,queries/Functions/09-03_math/sign.sql,2,3,2.211235,7.025,1996.725,0.207485,0.010134,0.022976,7168,0,112503,0,0,0,0,1,1,6001215,6001215,6001215,192038880,0,0,lineitem,0,21.667907714843750000,17.551086425781250000,,
2026-07-29T18:10:57Z,B519F70EFCAEFADE,14.23,queries/Functions/09-03_math/sign.sql,3,3,2.238746,6.149,2025.025,0.207572,0.007659,0.023608,7168,0,112503,0,0,0,0,1,1,6001215,6001215,6001215,192038880,0,0,lineitem,0,21.844726562500000000,17.669311523437500000,,
2026-07-29T18:11:02Z,B519F70EFCAEFADE,14.23,queries/Functions/09-03_math/sin.sql,1,3,2.698734,6.283,2482.227,0.210224,0.007306,0.026951,7168,0,112503,0,0,0,0,1,1,6001215,6001215,6001215,48009720,0,0,lineitem,0,26.773071289062500000,21.766357421875000000,,
2026-07-29T18:11:08Z,B519F70EFCAEFADE,14.23,queries/Functions/09-03_math/sin.sql,2,3,2.691982,6.911,2480.199,0.204872,0.007303,0.023837,7168,0,112503,0,0,0,0,1,1,6001215,6001215,6001215,48009720,0,0,lineitem,0,26.972351074218750000,21.972351074218750000,,
2026-07-29T18:11:14Z,B519F70EFCAEFADE,14.23,queries/Functions/09-03_math/sin.sql,3,3,2.773540,6.577,2580.971,0.185992,0.008969,0.024793,7168,0,112503,0,0,0,0,1,1,6001215,6001215,6001215,48009720,0,0,lineitem,0,27.046081542968750000,21.870239257812500000,,
2026-07-29T18:11:19Z,B519F70EFCAEFADE,14.23,queries/Functions/09-03_math/sinh.sql,1,3,2.816323,5.990,2596.731,0.213602,0.011176,0.022549,7168,0,112503,0,0,0,0,1,1,6001215,6001215,6001215,48009720,0,0,lineitem,0,27.943237304687500000,22.732421875000000000,,
2026-07-29T18:11:25Z,B519F70EFCAEFADE,14.23,queries/Functions/09-03_math/sinh.sql,2,3,2.821091,6.372,2603.655,0.211064,0.011924,0.022360,7168,0,112503,0,0,0,0,1,1,6001215,6001215,6001215,48009720,0,0,lineitem,0,27.892028808593750000,22.666015625000000000,,
2026-07-29T18:11:31Z,B519F70EFCAEFADE,14.23,queries/Functions/09-03_math/sinh.sql,3,3,2.832040,6.260,2612.859,0.212921,0.009618,0.023774,7168,0,112503,0,0,0,0,1,1,6001215,6001215,6001215,48009720,0,0,lineitem,0,27.985656738281250000,22.741149902343750000,,
2026-07-29T18:11:36Z,B519F70EFCAEFADE,14.23,queries/Functions/09-03_math/sqrt_float8.sql,1,3,2.826990,6.267,2710.817,0.109906,0.003905,0.010811,7168,0,112503,0,0,0,0,1,1,6001215,6001215,6001215,48009720,0,0,lineitem,0,28.776000976562500000,23.518737792968750000,,
2026-07-29T18:11:42Z,B519F70EFCAEFADE,14.23,queries/Functions/09-03_math/sqrt_float8.sql,2,3,2.890957,6.570,2709.972,0.174415,0.006820,0.011868,7168,0,112503,0,0,0,0,1,1,6001215,6001215,6001215,48009720,0,0,lineitem,0,28.721679687500000000,23.343750000000000000,,
2026-07-29T18:11:48Z,B519F70EFCAEFADE,14.23,queries/Functions/09-03_math/sqrt_float8.sql,3,3,2.934723,6.073,2717.216,0.211434,0.012324,0.021834,7168,0,112503,0,0,0,0,1,1,6001215,6001215,6001215,48009720,0,0,lineitem,0,29.087585449218750000,23.664306640625000000,,
2026-07-29T18:11:53Z,B519F70EFCAEFADE,14.23,queries/Functions/09-03_math/sqrt_numeric.sql,1,3,2.957208,5.870,2743.700,0.207638,0.011445,0.021180,7168,0,112503,0,0,0,0,1,1,6001215,6001215,6001215,192038880,0,0,lineitem,0,29.387817382812500000,23.922058105468750000,,
2026-07-29T18:11:59Z,B519F70EFCAEFADE,14.23,queries/Functions/09-03_math/sqrt_numeric.sql,2,3,2.982796,6.685,2770.195,0.205916,0.012452,0.017926,7168,0,112503,0,0,0,0,1,1,6001215,6001215,6001215,192038880,0,0,lineitem,0,29.699401855468750000,24.170776367187500000,,
2026-07-29T18:12:05Z,B519F70EFCAEFADE,14.23,queries/Functions/09-03_math/sqrt_numeric.sql,3,3,2.953981,6.067,2744.172,0.203742,0.011781,0.020554,7168,0,112503,0,0,0,0,1,1,6001215,6001215,6001215,192038880,0,0,lineitem,0,29.308410644531250000,23.838623046875000000,,
2026-07-29T18:12:10Z,B519F70EFCAEFADE,14.23,queries/Functions/09-03_math/subtract.sql,1,3,2.223099,6.155,2009.965,0.206979,0.016254,0.016576,7168,0,112503,0,0,0,0,1,1,6001215,6001215,6001215,192038880,0,0,lineitem,0,22.129089355468750000,17.987182617187500000,,
2026-07-29T18:12:15Z,B519F70EFCAEFADE,14.23,queries/Functions/09-03_math/subtract.sql,2,3,2.253023,6.247,2040.090,0.206686,0.013313,0.022363,7168,0,112503,0,0,0,0,1,1,6001215,6001215,6001215,192038880,0,0,lineitem,0,22.077270507812500000,17.876098632812500000,,
2026-07-29T18:12:20Z,B519F70EFCAEFADE,14.23,queries/Functions/09-03_math/subtract.sql,3,3,2.221747,6.286,2013.773,0.201688,0.006334,0.017346,7168,0,112503,0,0,0,0,1,1,6001215,6001215,6001215,192038880,0,0,lineitem,0,21.982238769531250000,17.848876953125000000,,
2026-07-29T18:12:26Z,B519F70EFCAEFADE,14.23,queries/Functions/09-03_math/tan.sql,1,3,2.762729,6.636,2551.933,0.204160,0.013788,0.019123,7168,0,112503,0,0,0,0,1,1,6001215,6001215,6001215,48009720,0,0,lineitem,0,27.280029296875000000,22.165954589843750000,,
2026-07-29T18:12:32Z,B519F70EFCAEFADE,14.23,queries/Functions/09-03_math/tan.sql,2,3,2.782824,4.981,2563.242,0.214601,0.013117,0.020582,7168,0,112503,0,0,0,0,1,1,6001215,6001215,6001215,48009720,0,0,lineitem,0,27.254821777343750000,22.098266601562500000,,
2026-07-29T18:12:37Z,B519F70EFCAEFADE,14.23,queries/Functions/09-03_math/tan.sql,3,3,2.800819,6.107,2588.191,0.206521,0.012456,0.018770,7168,0,112503,0,0,0,0,1,1,6001215,6001215,6001215,48009720,0,0,lineitem,0,27.468750000000000000,22.279602050781250000,,
2026-07-29T18:12:43Z,B519F70EFCAEFADE,14.23,queries/Functions/09-03_math/tanh.sql,1,3,2.753914,6.326,2531.147,0.216441,0.011412,0.025816,7168,0,112503,0,0,0,0,1,1,6001215,6001215,6001215,48009720,0,0,lineitem,0,27.230773925781250000,22.135437011718750000,,
2026-07-29T18:12:49Z,B519F70EFCAEFADE,14.23,queries/Functions/09-03_math/tanh.sql,2,3,2.773736,6.385,2555.042,0.212309,0.013661,0.019588,7168,0,112503,0,0,0,0,1,1,6001215,6001215,6001215,48009720,0,0,lineitem,0,27.560852050781250000,22.416748046875000000,,
2026-07-29T18:12:54Z,B519F70EFCAEFADE,14.23,queries/Functions/09-03_math/tanh.sql,3,3,2.800894,6.861,2582.081,0.211952,0.011736,0.023374,7168,0,112503,0,0,0,0,1,1,6001215,6001215,6001215,48009720,0,0,lineitem,0,27.555419921875000000,22.367126464843750000,,
2026-07-29T18:12:59Z,B519F70EFCAEFADE,14.23,queries/Functions/09-03_math/trim_scale.sql,1,3,2.049585,7.302,1860.650,0.181633,0.008891,0.024721,7168,0,112503,0,0,0,0,1,1,6001215,6001215,6001215,192038880,0,0,lineitem,0,19.499633789062500000,15.645629882812500000,,
2026-07-29T18:13:04Z,B519F70EFCAEFADE,14.23,queries/Functions/09-03_math/trim_scale.sql,2,3,2.034262,6.699,1857.377,0.170186,0.004759,0.012481,7168,0,112503,0,0,0,0,1,1,6001215,6001215,6001215,192038880,0,0,lineitem,0,19.302124023437500000,15.486328125000000000,,
2026-07-29T18:13:09Z,B519F70EFCAEFADE,14.23,queries/Functions/09-03_math/trim_scale.sql,3,3,2.063328,6.815,1851.959,0.204554,0.012470,0.018301,7168,0,112503,0,0,0,0,1,1,6001215,6001215,6001215,192038880,0,0,lineitem,0,19.374816894531250000,15.527709960937500000,,
2026-07-29T18:13:15Z,B519F70EFCAEFADE,14.23,queries/Functions/09-03_math/trunc.sql,1,3,3.003356,6.132,2787.797,0.209427,0.011593,0.020028,7168,0,112503,0,0,0,0,1,1,6001215,6001215,6001215,192038880,0,0,lineitem,0,29.943664550781250000,24.393371582031250000,,
2026-07-29T18:13:21Z,B519F70EFCAEFADE,14.23,queries/Functions/09-03_math/trunc.sql,2,3,3.001718,6.868,2784.941,0.209909,0.008879,0.025160,7168,0,112503,0,0,0,0,1,1,6001215,6001215,6001215,192038880,0,0,lineitem,0,29.529418945312500000,23.968078613281250000,,
2026-07-29T18:13:26Z,B519F70EFCAEFADE,14.23,queries/Functions/09-03_math/trunc.sql,3,3,3.001386,6.160,2784.763,0.210463,0.006614,0.024976,7168,0,112503,0,0,0,0,1,1,6001215,6001215,6001215,192038880,0,0,lineitem,0,29.407287597656250000,23.854614257812500000,,
2026-07-29T18:13:32Z,B519F70EFCAEFADE,14.23,queries/Functions/09-03_math/trunc_scale.sql,1,3,2.992995,6.489,2777.221,0.209285,0.009463,0.022602,7168,0,112503,0,0,0,0,1,1,6001215,6001215,6001215,192038880,0,0,lineitem,0,30.044372558593750000,24.500915527343750000,,
2026-07-29T18:13:38Z,B519F70EFCAEFADE,14.23,queries/Functions/09-03_math/trunc_scale.sql,2,3,2.998886,5.702,2785.308,0.207876,0.011376,0.023455,7168,0,112503,0,0,0,0,1,1,6001215,6001215,6001215,192038880,0,0,lineitem,0,29.899230957031250000,24.353027343750000000,,
2026-07-29T18:13:44Z,B519F70EFCAEFADE,14.23,queries/Functions/09-03_math/trunc_scale.sql,3,3,2.995156,6.339,2790.550,0.198267,0.003973,0.019703,7168,0,112503,0,0,0,0,1,1,6001215,6001215,6001215,192038880,0,0,lineitem,0,29.757141113281250000,24.199279785156250000,,
2026-07-29T18:13:49Z,B519F70EFCAEFADE,14.23,queries/Functions/09-03_math/unary_minus.sql,1,3,1.843879,6.430,1630.092,0.207357,0.011961,0.021035,7168,0,112503,0,0,0,0,1,1,6001215,6001215,6001215,192038880,0,0,lineitem,0,16.540527343750000000,13.095581054687500000,,
2026-07-29T18:13:53Z,B519F70EFCAEFADE,14.23,queries/Functions/09-03_math/unary_minus.sql,2,3,1.844486,4.003,1631.051,0.209432,0.014021,0.020916,7168,0,112503,0,0,0,0,1,1,6001215,6001215,6001215,192038880,0,0,lineitem,0,16.359375000000000000,12.898925781250000000,,
2026-07-29T18:13:58Z,B519F70EFCAEFADE,14.23,queries/Functions/09-03_math/unary_minus.sql,3,3,1.863591,5.753,1647.193,0.210645,0.013248,0.023803,7168,0,112503,0,0,0,0,1,1,6001215,6001215,6001215,192038880,0,0,lineitem,0,16.295837402343750000,12.810729980468750000,,
2026-07-29T18:14:05Z,B519F70EFCAEFADE,14.23,queries/Functions/09-03_math/width_bucket.sql,1,3,3.730837,7.214,3512.024,0.211599,0.014320,0.020860,7168,0,112503,0,0,0,0,1,1,6001215,6001215,6001215,24004860,0,0,lineitem,0,39.636962890625000000,32.757934570312500000,,
2026-07-29T18:14:11Z,B519F70EFCAEFADE,14.23,queries/Functions/09-03_math/width_bucket.sql,2,3,3.751870,5.939,3537.872,0.208059,0.014667,0.017962,7168,0,112503,0,0,0,0,1,1,6001215,6001215,6001215,24004860,0,0,lineitem,0,39.812683105468750000,32.893188476562500000,,
2026-07-29T18:14:18Z,B519F70EFCAEFADE,14.23,queries/Functions/09-03_math/width_bucket.sql,3,3,3.763172,6.932,3551.161,0.205079,0.016388,0.016033,7168,0,112503,0,0,0,0,1,1,6001215,6001215,6001215,24004860,0,0,lineitem,0,40.113464355468750000,33.185119628906250000,,
2026-07-29T18:14:23Z,B519F70EFCAEFADE,14.23,queries/Functions/09-04_string/ascii.sql,1,3,1.966595,6.181,1750.277,0.210137,0.006255,0.026721,7168,0,112503,0,0,0,0,1,1,6001215,6001215,6001215,24004860,0,0,lineitem,0,18.144775390625000000,14.463073730468750000,,
2026-07-29T18:14:27Z,B519F70EFCAEFADE,14.23,queries/Functions/09-04_string/ascii.sql,2,3,1.910060,6.248,1730.231,0.173581,0.012710,0.015722,7168,0,112503,0,0,0,0,1,1,6001215,6001215,6001215,24004860,0,0,lineitem,0,17.902221679687500000,14.313720703125000000,,
2026-07-29T18:14:32Z,B519F70EFCAEFADE,14.23,queries/Functions/09-04_string/ascii.sql,3,3,1.968792,5.938,1751.966,0.210888,0.016748,0.017585,7168,0,112503,0,0,0,0,1,1,6001215,6001215,6001215,24004860,0,0,lineitem,0,18.067504882812500000,14.387329101562500000,,
2026-07-29T18:14:37Z,B519F70EFCAEFADE,14.23,queries/Functions/09-04_string/bit_length.sql,1,3,1.996368,7.804,1777.716,0.210848,0.012821,0.022127,7168,0,112503,0,0,0,0,1,1,6001215,6001215,6001215,24004860,0,0,lineitem,0,18.140136718750000000,14.397583007812500000,,
2026-07-29T18:14:42Z,B519F70EFCAEFADE,14.23,queries/Functions/09-04_string/bit_length.sql,2,3,1.960566,7.319,1740.941,0.212306,0.013864,0.019256,7168,0,112503,0,0,0,0,1,1,6001215,6001215,6001215,24004860,0,0,lineitem,0,18.188354492187500000,14.537353515625000000,,
2026-07-29T18:14:47Z,B519F70EFCAEFADE,14.23,queries/Functions/09-04_string/bit_length.sql,3,3,2.022821,7.046,1806.079,0.209696,0.010974,0.022702,7168,0,112503,0,0,0,0,1,1,6001215,6001215,6001215,24004860,0,0,lineitem,0,18.300231933593750000,14.518554687500000000,,
2026-07-29T18:14:53Z,B519F70EFCAEFADE,14.23,queries/Functions/09-04_string/btrim.sql,1,3,3.126490,6.926,2933.906,0.185658,0.011402,0.022471,7168,0,112503,0,0,0,0,1,1,6001215,6001215,6001215,192038880,0,0,lineitem,0,33.435607910156250000,27.630187988281250000,,
2026-07-29T18:14:59Z,B519F70EFCAEFADE,14.23,queries/Functions/09-04_string/btrim.sql,2,3,3.058209,6.207,2949.878,0.102124,0.004586,0.004924,7168,0,112503,0,0,0,0,1,1,6001215,6001215,6001215,192038880,0,0,lineitem,0,33.472167968750000000,27.757446289062500000,,
2026-07-29T18:15:05Z,B519F70EFCAEFADE,14.23,queries/Functions/09-04_string/btrim.sql,3,3,3.138148,5.994,2930.099,0.202055,0.015196,0.015300,7168,0,112503,0,0,0,0,1,1,6001215,6001215,6001215,192038880,0,0,lineitem,0,33.401428222656250000,27.595825195312500000,,
2026-07-29T18:15:09Z,B519F70EFCAEFADE,14.23,queries/Functions/09-04_string/cast_text.sql,1,3,1.302985,9.325,1154.281,0.139379,0.005849,0.011050,7168,116,9478,0,0,0,0,1,1,6001215,6001215,6001215,192038880,0,0,lineitem,0,11.205810546875000000,8.841430664062500000,,
2026-07-29T18:15:13Z,B519F70EFCAEFADE,14.23,queries/Functions/09-04_string/cast_text.sql,2,3,1.350552,8.835,1132.865,0.208852,0.013236,0.021827,7168,116,9478,0,0,0,0,1,1,6001215,6001215,6001215,192038880,0,0,lineitem,0,11.103515625000000000,8.669677734375000000,,
2026-07-29T18:15:17Z,B519F70EFCAEFADE,14.23,queries/Functions/09-04_string/cast_text.sql,3,3,1.310617,9.088,1126.913,0.174616,0.005626,0.011331,7168,116,9478,0,0,0,0,1,1,6001215,6001215,6001215,192038880,0,0,lineitem,0,10.992675781250000000,8.623229980468750000,,
2026-07-29T18:15:22Z,B519F70EFCAEFADE,14.23,queries/Functions/09-04_string/char_length.sql,1,3,2.256254,6.278,2043.524,0.206452,0.011453,0.023004,7168,0,112503,0,0,0,0,1,1,6001215,6001215,6001215,24004860,0,0,lineitem,0,22.092590332031250000,17.889343261718750000,,
2026-07-29T18:15:27Z,B519F70EFCAEFADE,14.23,queries/Functions/09-04_string/char_length.sql,2,3,2.267343,6.129,2050.809,0.210405,0.009784,0.022820,7168,0,112503,0,0,0,0,1,1,6001215,6001215,6001215,24004860,0,0,lineitem,0,21.982971191406250000,17.751037597656250000,,
2026-07-29T18:15:33Z,B519F70EFCAEFADE,14.23,queries/Functions/09-04_string/char_length.sql,3,3,2.269423,6.256,2053.239,0.209928,0.007664,0.023881,7168,0,112503,0,0,0,0,1,1,6001215,6001215,6001215,24004860,0,0,lineitem,0,22.070312500000000000,17.852844238281250000,,
2026-07-29T18:15:37Z,B519F70EFCAEFADE,14.23,queries/Functions/09-04_string/chr.sql,1,3,1.844306,5.679,1632.610,0.206017,0.012638,0.021401,7168,0,112503,0,0,0,0,1,1,6001215,6001215,6001215,192038880,0,0,lineitem,0,15.956298828125000000,12.509155273437500000,,
2026-07-29T18:15:42Z,B519F70EFCAEFADE,14.23,queries/Functions/09-04_string/chr.sql,2,3,1.845414,6.427,1629.913,0.209074,0.015513,0.020272,7168,0,112503,0,0,0,0,1,1,6001215,6001215,6001215,192038880,0,0,lineitem,0,16.105529785156250000,12.638732910156250000,,
2026-07-29T18:15:47Z,B519F70EFCAEFADE,14.23,queries/Functions/09-04_string/chr.sql,3,3,1.895406,6.633,1680.053,0.208720,0.010745,0.024212,7168,0,112503,0,0,0,0,1,1,6001215,6001215,6001215,192038880,0,0,lineitem,0,16.233398437500000000,12.665344238281250000,,
2026-07-29T18:15:52Z,B519F70EFCAEFADE,14.23,queries/Functions/09-04_string/concat_fn.sql,1,3,2.562113,6.374,2345.126,0.210613,0.011714,0.023558,7168,5,112504,0,0,0,0,1,1,6001215,6001215,6001215,192038880,0,0,lineitem,0,25.427429199218750000,20.658447265625000000,,
2026-07-29T18:15:58Z,B519F70EFCAEFADE,14.23,queries/Functions/09-04_string/concat_fn.sql,2,3,2.564413,6.848,2351.122,0.206443,0.008294,0.022358,7168,5,112504,0,0,0,0,1,1,6001215,6001215,6001215,192038880,0,0,lineitem,0,25.445312500000000000,20.688415527343750000,,
2026-07-29T18:16:03Z,B519F70EFCAEFADE,14.23,queries/Functions/09-04_string/concat_fn.sql,3,3,2.560365,6.558,2345.768,0.208039,0.009889,0.022713,7168,5,112504,0,0,0,0,1,1,6001215,6001215,6001215,192038880,0,0,lineitem,0,25.386108398437500000,20.617126464843750000,,
2026-07-29T18:16:08Z,B519F70EFCAEFADE,14.23,queries/Functions/09-04_string/concat_op.sql,1,3,2.147908,5.533,1937.933,0.204442,0.009983,0.020296,7168,0,112503,0,0,0,0,1,1,6001215,6001215,6001215,192038880,0,0,lineitem,0,20.736145019531250000,16.723999023437500000,,
2026-07-29T18:16:13Z,B519F70EFCAEFADE,14.23,queries/Functions/09-04_string/concat_op.sql,2,3,2.123882,5.311,1942.417,0.176154,0.005877,0.011285,7168,0,112503,0,0,0,0,1,1,6001215,6001215,6001215,192038880,0,0,lineitem,0,20.573547363281250000,16.604919433593750000,,
2026-07-29T18:16:18Z,B519F70EFCAEFADE,14.23,queries/Functions/09-04_string/concat_op.sql,3,3,2.131488,6.062,1918.043,0.207383,0.013069,0.020777,7168,0,112503,0,0,0,0,1,1,6001215,6001215,6001215,192038880,0,0,lineitem,0,20.361755371093750000,16.378723144531250000,,
2026-07-29T18:16:24Z,B519F70EFCAEFADE,14.23,queries/Functions/09-04_string/concat_ws.sql,1,3,2.637758,6.342,2421.462,0.209954,0.008203,0.024248,7168,5,112504,0,0,0,0,1,1,6001215,6001215,6001215,192038880,0,0,lineitem,0,26.506530761718750000,21.609008789062500000,,
2026-07-29T18:16:29Z,B519F70EFCAEFADE,14.23,queries/Functions/09-04_string/concat_ws.sql,2,3,2.629617,6.575,2414.429,0.208613,0.010540,0.020771,7168,5,112504,0,0,0,0,1,1,6001215,6001215,6001215,192038880,0,0,lineitem,0,26.099609375000000000,21.212036132812500000,,
2026-07-29T18:16:35Z,B519F70EFCAEFADE,14.23,queries/Functions/09-04_string/concat_ws.sql,3,3,2.546509,5.787,2401.383,0.139339,0.002023,0.018298,7040,5,112504,0,0,0,0,1,1,6001215,6001215,6001215,192038880,0,0,lineitem,0,26.178405761718750000,21.452575683593750000,,
2026-07-29T18:16:41Z,B519F70EFCAEFADE,14.23,queries/Functions/09-04_string/format.sql,1,3,3.270704,7.018,3057.656,0.206030,0.012358,0.019204,7168,5,112504,0,0,0,0,1,1,6001215,6001215,6001215,192038880,0,0,lineitem,0,34.739562988281250000,28.689147949218750000,,
2026-07-29T18:16:47Z,B519F70EFCAEFADE,14.23,queries/Functions/09-04_string/format.sql,2,3,3.270858,7.113,3058.469,0.205276,0.009403,0.024943,6912,5,112504,0,0,0,0,1,1,6001215,6001215,6001215,192038880,0,0,lineitem,0,34.836975097656250000,28.783996582031250000,,
2026-07-29T18:16:53Z,B519F70EFCAEFADE,14.23,queries/Functions/09-04_string/format.sql,3,3,3.179947,6.435,3036.120,0.137392,0.005459,0.013238,7168,5,112504,0,0,0,0,1,1,6001215,6001215,6001215,192038880,0,0,lineitem,0,34.327819824218750000,28.427795410156250000,,
2026-07-29T18:17:00Z,B519F70EFCAEFADE,14.23,queries/Functions/09-04_string/initcap.sql,1,3,4.794405,6.713,4574.388,0.213304,0.007744,0.025779,7168,0,112503,0,0,0,0,1,1,6001215,6001215,6001215,192038880,0,0,lineitem,0,52.948242187500000000,44.140563964843750000,,
2026-07-29T18:17:08Z,B519F70EFCAEFADE,14.23,queries/Functions/09-04_string/initcap.sql,2,3,4.677882,6.378,4571.911,0.099593,0.002888,0.007923,7168,0,112503,0,0,0,0,1,1,6001215,6001215,6001215,192038880,0,0,lineitem,0,52.878479003906250000,44.264099121093750000,,
2026-07-29T18:17:15Z,B519F70EFCAEFADE,14.23,queries/Functions/09-04_string/initcap.sql,3,3,4.765804,6.429,4550.860,0.208515,0.008783,0.023271,7168,0,112503,0,0,0,0,1,1,6001215,6001215,6001215,192038880,0,0,lineitem,0,52.862304687500000000,44.108520507812500000,,
2026-07-29T18:17:20Z,B519F70EFCAEFADE,14.23,queries/Functions/09-04_string/left.sql,1,3,2.357179,6.373,2144.900,0.205906,0.006957,0.025573,7168,0,112503,0,0,0,0,1,1,6001215,6001215,6001215,192038880,0,0,lineitem,0,23.038879394531250000,18.643127441406250000,,
2026-07-29T18:17:26Z,B519F70EFCAEFADE,14.23,queries/Functions/09-04_string/left.sql,2,3,2.260919,5.900,2088.434,0.166585,0.004001,0.020821,7168,0,112503,0,0,0,0,1,1,6001215,6001215,6001215,192038880,0,0,lineitem,0,22.898803710937500000,18.657958984375000000,,
2026-07-29T18:17:31Z,B519F70EFCAEFADE,14.23,queries/Functions/09-04_string/left.sql,3,3,2.282174,6.450,2068.144,0.207580,0.013536,0.019326,7168,0,112503,0,0,0,0,1,1,6001215,6001215,6001215,192038880,0,0,lineitem,0,22.592224121093750000,18.338562011718750000,,
2026-07-29T18:17:36Z,B519F70EFCAEFADE,14.23,queries/Functions/09-04_string/length.sql,1,3,2.269558,6.171,2048.324,0.215063,0.011724,0.022725,7168,0,112503,0,0,0,0,1,1,6001215,6001215,6001215,24004860,0,0,lineitem,0,22.067993164062500000,17.849426269531250000,,
2026-07-29T18:17:41Z,B519F70EFCAEFADE,14.23,queries/Functions/09-04_string/length.sql,2,3,2.250359,6.377,2031.891,0.212091,0.013476,0.019809,7168,0,112503,0,0,0,0,1,1,6001215,6001215,6001215,24004860,0,0,lineitem,0,22.234924316406250000,18.045593261718750000,,
2026-07-29T18:17:46Z,B519F70EFCAEFADE,14.23,queries/Functions/09-04_string/length.sql,3,3,2.190681,6.408,2019.535,0.164738,0.006645,0.009441,7168,0,112503,0,0,0,0,1,1,6001215,6001215,6001215,24004860,0,0,lineitem,0,22.293518066406250000,18.184570312500000000,,
2026-07-29T18:17:53Z,B519F70EFCAEFADE,14.23,queries/Functions/09-04_string/lower.sql,1,3,3.955154,4.530,3667.244,0.283380,0.006205,0.008893,7168,0,112503,0,0,0,0,1,1,6001215,6001215,6001215,192038880,0,0,lineitem,0,49.024230957031250000,41.639404296875000000,,
2026-07-29T18:18:00Z,B519F70EFCAEFADE,14.23,queries/Functions/09-04_string/lower.sql,2,3,4.160080,5.962,3943.468,0.210650,0.007445,0.023806,7168,0,112503,0,0,0,0,1,1,6001215,6001215,6001215,192038880,0,0,lineitem,0,46.507446289062500000,38.828002929687500000,,
2026-07-29T18:18:06Z,B519F70EFCAEFADE,14.23,queries/Functions/09-04_string/lower.sql,3,3,4.045174,6.016,3915.419,0.123739,0.006141,0.006337,7040,0,112503,0,0,0,0,1,1,6001215,6001215,6001215,192038880,0,0,lineitem,0,46.261779785156250000,38.772827148437500000,,
2026-07-29T18:18:13Z,B519F70EFCAEFADE,14.23,queries/Functions/09-04_string/lpad.sql,1,3,3.751046,6.235,3568.746,0.176065,0.010515,0.022016,7168,0,112503,0,0,0,0,1,1,6001215,6001215,6001215,192038880,0,0,lineitem,0,40.355895996093750000,33.413269042968750000,,
2026-07-29T18:18:20Z,B519F70EFCAEFADE,14.23,queries/Functions/09-04_string/lpad.sql,2,3,3.809187,6.621,3594.251,0.208315,0.006209,0.025541,7168,0,112503,0,0,0,0,1,1,6001215,6001215,6001215,192038880,0,0,lineitem,0,40.960021972656250000,33.942077636718750000,,
2026-07-29T18:18:26Z,B519F70EFCAEFADE,14.23,queries/Functions/09-04_string/lpad.sql,3,3,3.785882,6.361,3567.850,0.211671,0.013831,0.019554,7168,0,112503,0,0,0,0,1,1,6001215,6001215,6001215,192038880,0,0,lineitem,0,40.460876464843750000,33.493347167968750000,,
2026-07-29T18:18:32Z,B519F70EFCAEFADE,14.23,queries/Functions/09-04_string/ltrim.sql,1,3,3.092568,6.048,2900.174,0.186346,0.008547,0.009240,7168,0,112503,0,0,0,0,1,1,6001215,6001215,6001215,192038880,0,0,lineitem,0,32.981872558593750000,27.245544433593750000,,
2026-07-29T18:18:38Z,B519F70EFCAEFADE,14.23,queries/Functions/09-04_string/ltrim.sql,2,3,3.119370,6.043,2901.669,0.211658,0.011943,0.022887,7168,0,112503,0,0,0,0,1,1,6001215,6001215,6001215,192038880,0,0,lineitem,0,33.113586425781250000,27.355041503906250000,,
2026-07-29T18:18:44Z,B519F70EFCAEFADE,14.23,queries/Functions/09-04_string/ltrim.sql,3,3,3.113320,6.891,2894.392,0.212037,0.014922,0.018851,7168,0,112503,0,0,0,0,1,1,6001215,6001215,6001215,192038880,0,0,lineitem,0,32.911193847656250000,27.163146972656250000,,
2026-07-29T18:18:53Z,B519F70EFCAEFADE,14.23,queries/Functions/09-04_string/md5.sql,1,3,6.120975,6.438,5928.418,0.186119,0.015270,0.020405,7040,0,112503,0,0,0,0,1,1,6001215,6001215,6001215,192038880,0,0,lineitem,0,68.754943847656250000,57.528198242187500000,,
2026-07-29T18:19:02Z,B519F70EFCAEFADE,14.23,queries/Functions/09-04_string/md5.sql,2,3,5.753337,5.460,5621.405,0.126472,0.005550,0.006632,7168,0,112503,0,0,0,0,1,1,6001215,6001215,6001215,192038880,0,0,lineitem,0,65.661865234375000000,55.116943359375000000,,
2026-07-29T18:19:10Z,B519F70EFCAEFADE,14.23,queries/Functions/09-04_string/md5.sql,3,3,5.802601,6.644,5583.025,0.212932,0.014912,0.018746,7168,0,112503,0,0,0,0,1,1,6001215,6001215,6001215,192038880,0,0,lineitem,0,65.441284179687500000,54.816101074218750000,,
2026-07-29T18:19:15Z,B519F70EFCAEFADE,14.23,queries/Functions/09-04_string/octet_length.sql,1,3,1.942220,6.315,1732.614,0.203291,0.010516,0.020701,7168,0,112503,0,0,0,0,1,1,6001215,6001215,6001215,24004860,0,0,lineitem,0,17.987243652343750000,14.350280761718750000,,
2026-07-29T18:19:20Z,B519F70EFCAEFADE,14.23,queries/Functions/09-04_string/octet_length.sql,2,3,2.086263,5.984,1869.350,0.210929,0.013046,0.020896,7168,0,112503,0,0,0,0,1,1,6001215,6001215,6001215,24004860,0,0,lineitem,0,19.356323242187500000,15.461364746093750000,,
2026-07-29T18:19:25Z,B519F70EFCAEFADE,14.23,queries/Functions/09-04_string/octet_length.sql,3,3,1.993981,8.305,1779.630,0.206046,0.008027,0.025090,7168,0,112503,0,0,0,0,1,1,6001215,6001215,6001215,24004860,0,0,lineitem,0,18.258361816406250000,14.523010253906250000,,
2026-07-29T18:19:31Z,B519F70EFCAEFADE,14.23,queries/Functions/09-04_string/overlay.sql,1,3,3.122438,6.137,2904.859,0.211442,0.013128,0.021929,7168,0,112503,0,0,0,0,1,1,6001215,6001215,6001215,192038880,0,0,lineitem,0,32.528930664062500000,26.753845214843750000,,
2026-07-29T18:19:37Z,B519F70EFCAEFADE,14.23,queries/Functions/09-04_string/overlay.sql,2,3,3.115053,6.659,2897.000,0.211394,0.013300,0.021624,7168,0,112503,0,0,0,0,1,1,6001215,6001215,6001215,192038880,0,0,lineitem,0,32.346496582031250000,26.584533691406250000,,
2026-07-29T18:19:43Z,B519F70EFCAEFADE,14.23,queries/Functions/09-04_string/overlay.sql,3,3,3.116715,6.348,2933.862,0.176505,0.004790,0.012420,7168,0,112503,0,0,0,0,1,1,6001215,6001215,6001215,192038880,0,0,lineitem,0,32.276489257812500000,26.500061035156250000,,
2026-07-29T18:19:48Z,B519F70EFCAEFADE,14.23,queries/Functions/09-04_string/position.sql,1,3,2.423914,7.015,2207.225,0.209674,0.009936,0.023903,7168,0,112503,0,0,0,0,1,1,6001215,6001215,6001215,24004860,0,0,lineitem,0,24.001892089843750000,19.492919921875000000,,
2026-07-29T18:19:54Z,B519F70EFCAEFADE,14.23,queries/Functions/09-04_string/position.sql,2,3,2.422738,6.119,2207.190,0.209429,0.016252,0.018013,7168,0,112503,0,0,0,0,1,1,6001215,6001215,6001215,24004860,0,0,lineitem,0,23.741943359375000000,19.242492675781250000,,
2026-07-29T18:19:59Z,B519F70EFCAEFADE,14.23,queries/Functions/09-04_string/position.sql,3,3,2.442660,6.528,2233.507,0.202625,0.011721,0.018947,7168,0,112503,0,0,0,0,1,1,6001215,6001215,6001215,24004860,0,0,lineitem,0,23.712951660156250000,19.178894042968750000,,
2026-07-29T18:20:05Z,B519F70EFCAEFADE,14.23,queries/Functions/09-04_string/quote_ident.sql,1,3,2.841547,4.540,2561.251,0.275756,0.006962,0.012855,7040,0,112503,0,0,0,0,1,1,6001215,6001215,6001215,192038880,0,0,lineitem,0,33.350158691406250000,27.983032226562500000,,
2026-07-29T18:20:10Z,B519F70EFCAEFADE,14.23,queries/Functions/09-04_string/quote_ident.sql,2,3,2.915889,5.279,2787.566,0.123044,0.004566,0.007508,7168,0,112503,0,0,0,0,1,1,6001215,6001215,6001215,192038880,0,0,lineitem,0,31.149353027343750000,25.691467285156250000,,
2026-07-29T18:20:16Z,B519F70EFCAEFADE,14.23,queries/Functions/09-04_string/quote_ident.sql,3,3,2.911104,5.671,2764.212,0.141221,0.013018,0.019557,7168,0,112503,0,0,0,0,1,1,6001215,6001215,6001215,192038880,0,0,lineitem,0,31.020996093750000000,25.605224609375000000,,
2026-07-29T18:20:21Z,B519F70EFCAEFADE,14.23,queries/Functions/09-04_string/quote_literal.sql,1,3,2.184665,4.290,2068.022,0.112353,0.001651,0.009359,7168,0,112503,0,0,0,0,1,1,6001215,6001215,6001215,192038880,0,0,lineitem,0,21.981323242187500000,17.871154785156250000,,
2026-07-29T18:20:26Z,B519F70EFCAEFADE,14.23,queries/Functions/09-04_string/quote_literal.sql,2,3,2.256357,6.708,2044.655,0.204994,0.012478,0.021762,7168,0,112503,0,0,0,0,1,1,6001215,6001215,6001215,192038880,0,0,lineitem,0,22.099121093750000000,17.891052246093750000,,
2026-07-29T18:20:31Z,B519F70EFCAEFADE,14.23,queries/Functions/09-04_string/quote_literal.sql,3,3,2.306936,6.741,2088.224,0.211971,0.007751,0.026297,7168,0,112503,0,0,0,0,1,1,6001215,6001215,6001215,192038880,0,0,lineitem,0,21.799316406250000000,17.505126953125000000,,
2026-07-29T18:20:36Z,B519F70EFCAEFADE,14.23,queries/Functions/09-04_string/repeat.sql,1,3,2.121659,6.250,1908.472,0.206937,0.018532,0.015160,7168,0,112503,0,0,0,0,1,1,6001215,6001215,6001215,192038880,0,0,lineitem,0,20.522338867187500000,16.555969238281250000,,
2026-07-29T18:20:41Z,B519F70EFCAEFADE,14.23,queries/Functions/09-04_string/repeat.sql,2,3,2.136860,6.646,1925.579,0.204635,0.008868,0.022432,7168,0,112503,0,0,0,0,1,1,6001215,6001215,6001215,192038880,0,0,lineitem,0,20.561462402343750000,16.574584960937500000,,
2026-07-29T18:20:46Z,B519F70EFCAEFADE,14.23,queries/Functions/09-04_string/repeat.sql,3,3,2.197235,6.369,1984.894,0.205972,0.009619,0.024299,7168,0,112503,0,0,0,0,1,1,6001215,6001215,6001215,192038880,0,0,lineitem,0,20.495605468750000000,16.396789550781250000,,
2026-07-29T18:20:52Z,B519F70EFCAEFADE,14.23,queries/Functions/09-04_string/replace.sql,1,3,2.655154,6.636,2440.658,0.207860,0.008753,0.024491,7168,0,112503,0,0,0,0,1,1,6001215,6001215,6001215,192038880,0,0,lineitem,0,27.101867675781250000,22.173034667968750000,,
2026-07-29T18:20:57Z,B519F70EFCAEFADE,14.23,queries/Functions/09-04_string/replace.sql,2,3,2.628099,6.917,2456.213,0.164969,0.009475,0.014375,7040,0,112503,0,0,0,0,1,1,6001215,6001215,6001215,192038880,0,0,lineitem,0,26.824890136718750000,21.906433105468750000,,
2026-07-29T18:21:03Z,B519F70EFCAEFADE,14.23,queries/Functions/09-04_string/replace.sql,3,3,2.744314,6.734,2527.733,0.209847,0.008605,0.024052,7168,0,112503,0,0,0,0,1,1,6001215,6001215,6001215,192038880,0,0,lineitem,0,27.011779785156250000,21.931579589843750000,,
2026-07-29T18:21:08Z,B519F70EFCAEFADE,14.23,queries/Functions/09-04_string/reverse.sql,1,3,2.806018,6.800,2591.054,0.208164,0.005068,0.028205,7168,0,112503,0,0,0,0,1,1,6001215,6001215,6001215,192038880,0,0,lineitem,0,28.474243164062500000,23.272644042968750000,,
2026-07-29T18:21:14Z,B519F70EFCAEFADE,14.23,queries/Functions/09-04_string/reverse.sql,2,3,2.866937,6.582,2652.078,0.208277,0.009112,0.023978,7168,0,112503,0,0,0,0,1,1,6001215,6001215,6001215,192038880,0,0,lineitem,0,28.604431152343750000,23.279541015625000000,,
2026-07-29T18:21:20Z,B519F70EFCAEFADE,14.23,queries/Functions/09-04_string/reverse.sql,3,3,2.797337,5.596,2585.722,0.206019,0.014051,0.021184,7168,0,112503,0,0,0,0,1,1,6001215,6001215,6001215,192038880,0,0,lineitem,0,28.340820312500000000,23.136657714843750000,,
2026-07-29T18:21:25Z,B519F70EFCAEFADE,14.23,queries/Functions/09-04_string/right.sql,1,3,2.799323,6.271,2621.057,0.171995,0.005930,0.018851,7168,0,112503,0,0,0,0,1,1,6001215,6001215,6001215,192038880,0,0,lineitem,0,28.528198242187500000,23.321472167968750000,,
2026-07-29T18:21:31Z,B519F70EFCAEFADE,14.23,queries/Functions/09-04_string/right.sql,2,3,2.834375,6.451,2618.796,0.209128,0.014286,0.020348,7040,0,112503,0,0,0,0,1,1,6001215,6001215,6001215,192038880,0,0,lineitem,0,28.489135742187500000,23.237243652343750000,,
2026-07-29T18:21:37Z,B519F70EFCAEFADE,14.23,queries/Functions/09-04_string/right.sql,3,3,2.844410,6.359,2628.107,0.209944,0.015034,0.018731,7168,0,112503,0,0,0,0,1,1,6001215,6001215,6001215,192038880,0,0,lineitem,0,28.280700683593750000,23.016357421875000000,,
2026-07-29T18:21:43Z,B519F70EFCAEFADE,14.23,queries/Functions/09-04_string/rpad.sql,1,3,3.906535,6.864,3718.597,0.181074,0.007623,0.024389,7168,0,112503,0,0,0,0,1,1,6001215,6001215,6001215,192038880,0,0,lineitem,0,42.170471191406250000,34.946655273437500000,,
2026-07-29T18:21:50Z,B519F70EFCAEFADE,14.23,queries/Functions/09-04_string/rpad.sql,2,3,3.876587,6.102,3688.848,0.181637,0.016255,0.014793,7168,0,112503,0,0,0,0,1,1,6001215,6001215,6001215,192038880,0,0,lineitem,0,42.075134277343750000,34.899169921875000000,,
2026-07-29T18:21:57Z,B519F70EFCAEFADE,14.23,queries/Functions/09-04_string/rpad.sql,3,3,3.933037,6.424,3722.591,0.204022,0.013160,0.020093,7168,0,112503,0,0,0,0,1,1,6001215,6001215,6001215,192038880,0,0,lineitem,0,41.601867675781250000,34.353149414062500000,,
2026-07-29T18:22:03Z,B519F70EFCAEFADE,14.23,queries/Functions/09-04_string/rtrim.sql,1,3,3.129669,5.634,2938.225,0.185810,0.008339,0.009907,7168,0,112503,0,0,0,0,1,1,6001215,6001215,6001215,192038880,0,0,lineitem,0,33.443298339843750000,27.659362792968750000,,
2026-07-29T18:22:09Z,B519F70EFCAEFADE,14.23,queries/Functions/09-04_string/rtrim.sql,2,3,3.098795,6.575,2894.544,0.197676,0.009598,0.024911,7168,0,112503,0,0,0,0,1,1,6001215,6001215,6001215,192038880,0,0,lineitem,0,32.797607421875000000,27.055297851562500000,,
2026-07-29T18:22:15Z,B519F70EFCAEFADE,14.23,queries/Functions/09-04_string/rtrim.sql,3,3,3.125998,6.471,2910.398,0.209129,0.011902,0.021335,7168,0,112503,0,0,0,0,1,1,6001215,6001215,6001215,192038880,0,0,lineitem,0,33.380615234375000000,27.597045898437500000,,
2026-07-29T18:22:20Z,B519F70EFCAEFADE,14.23,queries/Functions/09-04_string/split_part.sql,1,3,2.317873,6.671,2101.037,0.210165,0.014954,0.019339,7168,0,112503,0,0,0,0,1,1,6001215,6001215,6001215,192038880,0,0,lineitem,0,22.724426269531250000,18.405456542968750000,,
2026-07-29T18:22:25Z,B519F70EFCAEFADE,14.23,queries/Functions/09-04_string/split_part.sql,2,3,2.308701,6.698,2093.094,0.208909,0.014799,0.019004,7168,0,112503,0,0,0,0,1,1,6001215,6001215,6001215,192038880,0,0,lineitem,0,22.799011230468750000,18.491699218750000000,,
2026-07-29T18:22:30Z,B519F70EFCAEFADE,14.23,queries/Functions/09-04_string/split_part.sql,3,3,2.333205,6.528,2119.461,0.207216,0.012367,0.021933,7168,0,112503,0,0,0,0,1,1,6001215,6001215,6001215,192038880,0,0,lineitem,0,22.883117675781250000,18.534240722656250000,,
2026-07-29T18:22:36Z,B519F70EFCAEFADE,14.23,queries/Functions/09-04_string/starts_with.sql,1,3,2.417111,6.286,2225.103,0.185722,0.005300,0.013680,7168,0,112503,0,0,0,0,1,1,6001215,6001215,6001215,6001215,0,0,lineitem,0,24.054382324218750000,19.555786132812500000,,
2026-07-29T18:22:41Z,B519F70EFCAEFADE,14.23,queries/Functions/09-04_string/starts_with.sql,2,3,2.355524,6.359,2136.187,0.212978,0.010148,0.023461,7168,0,112503,0,0,0,0,1,1,6001215,6001215,6001215,6001215,0,0,lineitem,0,23.549255371093750000,19.165649414062500000,,
2026-07-29T18:22:46Z,B519F70EFCAEFADE,14.23,queries/Functions/09-04_string/starts_with.sql,3,3,2.266959,6.375,2143.772,0.116812,0.006232,0.005897,7168,0,112503,0,0,0,0,1,1,6001215,6001215,6001215,6001215,0,0,lineitem,0,23.396911621093750000,19.146972656250000000,,
2026-07-29T18:22:51Z,B519F70EFCAEFADE,14.23,queries/Functions/09-04_string/strpos.sql,1,3,2.415206,6.455,2201.010,0.207741,0.010500,0.020400,7168,0,112503,0,0,0,0,1,1,6001215,6001215,6001215,24004860,0,0,lineitem,0,23.661621093750000000,19.171813964843750000,,
2026-07-29T18:22:56Z,B519F70EFCAEFADE,14.23,queries/Functions/09-04_string/strpos.sql,2,3,2.384318,6.408,2194.284,0.183626,0.007841,0.010682,7168,0,112503,0,0,0,0,1,1,6001215,6001215,6001215,24004860,0,0,lineitem,0,23.757873535156250000,19.310913085937500000,,
2026-07-29T18:23:02Z,B519F70EFCAEFADE,14.23,queries/Functions/09-04_string/strpos.sql,3,3,2.396255,6.148,2189.451,0.200656,0.015325,0.018114,7168,0,112503,0,0,0,0,1,1,6001215,6001215,6001215,24004860,0,0,lineitem,0,23.543457031250000000,19.067687988281250000,,
2026-07-29T18:23:07Z,B519F70EFCAEFADE,14.23,queries/Functions/09-04_string/substr.sql,1,3,2.452106,6.865,2261.131,0.184110,0.005924,0.027820,7168,0,112503,0,0,0,0,1,1,6001215,6001215,6001215,192038880,0,0,lineitem,0,24.201843261718750000,19.619079589843750000,,
2026-07-29T18:23:12Z,B519F70EFCAEFADE,14.23,queries/Functions/09-04_string/substr.sql,2,3,2.297236,6.228,2097.468,0.193540,0.013984,0.020242,7168,0,112503,0,0,0,0,1,1,6001215,6001215,6001215,192038880,0,0,lineitem,0,22.947448730468750000,18.654235839843750000,,
2026-07-29T18:23:17Z,B519F70EFCAEFADE,14.23,queries/Functions/09-04_string/substr.sql,3,3,2.315103,6.291,2100.515,0.208297,0.013220,0.020058,7168,0,112503,0,0,0,0,1,1,6001215,6001215,6001215,192038880,0,0,lineitem,0,22.713928222656250000,18.404174804687500000,,
2026-07-29T18:23:22Z,B519F70EFCAEFADE,14.23,queries/Functions/09-04_string/substring.sql,1,3,2.206569,5.633,2090.449,0.110487,0.000980,0.010989,7168,0,112503,0,0,0,0,1,1,6001215,6001215,6001215,192038880,0,0,lineitem,0,22.698608398437500000,18.556640625000000000,,
2026-07-29T18:23:28Z,B519F70EFCAEFADE,14.23,queries/Functions/09-04_string/substring.sql,2,3,2.211604,6.504,2084.654,0.120446,0.008128,0.009910,7168,0,112503,0,0,0,0,1,1,6001215,6001215,6001215,192038880,0,0,lineitem,0,22.659606933593750000,18.507324218750000000,,
2026-07-29T18:23:33Z,B519F70EFCAEFADE,14.23,queries/Functions/09-04_string/substring.sql,3,3,2.310222,5.813,2100.018,0.204391,0.010819,0.021101,7168,0,112503,0,0,0,0,1,1,6001215,6001215,6001215,192038880,0,0,lineitem,0,23.000366210937500000,18.690795898437500000,,
2026-07-29T18:23:37Z,B519F70EFCAEFADE,14.23,queries/Functions/09-04_string/to_hex.sql,1,3,1.304581,8.183,1087.758,0.208640,0.011991,0.021894,7168,116,9478,0,0,0,0,1,1,6001215,6001215,6001215,192038880,0,0,lineitem,0,10.454467773437500000,8.104797363281250000,,
2026-07-29T18:23:41Z,B519F70EFCAEFADE,14.23,queries/Functions/09-04_string/to_hex.sql,2,3,1.276122,8.034,1089.803,0.178285,0.006775,0.012465,7168,116,9478,0,0,0,0,1,1,6001215,6001215,6001215,192038880,0,0,lineitem,0,10.382995605468750000,8.060852050781250000,,
2026-07-29T18:23:45Z,B519F70EFCAEFADE,14.23,queries/Functions/09-04_string/to_hex.sql,3,3,1.206035,6.281,1088.189,0.111565,0.003741,0.008462,7168,116,9478,0,0,0,0,1,1,6001215,6001215,6001215,192038880,0,0,lineitem,0,10.375488281250000000,8.181152343750000000,,
2026-07-29T18:23:53Z,B519F70EFCAEFADE,14.23,queries/Functions/09-04_string/translate.sql,1,3,5.266927,6.643,5087.108,0.173176,0.011830,0.015426,7168,0,112503,0,0,0,0,1,1,6001215,6001215,6001215,192038880,0,0,lineitem,0,60.367980957031250000,50.679809570312500000,,
2026-07-29T18:24:01Z,B519F70EFCAEFADE,14.23,queries/Functions/09-04_string/translate.sql,2,3,5.325953,5.975,5107.180,0.212798,0.006973,0.026844,7168,0,112503,0,0,0,0,1,1,6001215,6001215,6001215,192038880,0,0,lineitem,0,60.969421386718750000,51.196289062500000000,,
2026-07-29T18:24:09Z,B519F70EFCAEFADE,14.23,queries/Functions/09-04_string/translate.sql,3,3,5.289031,5.683,5076.751,0.206597,0.012284,0.019425,7168,0,112503,0,0,0,0,1,1,6001215,6001215,6001215,192038880,0,0,lineitem,0,60.635620117187500000,50.931457519531250000,,
2026-07-29T18:24:15Z,B519F70EFCAEFADE,14.23,queries/Functions/09-04_string/trim_both.sql,1,3,3.152666,6.804,2938.062,0.207800,0.015407,0.017074,7168,0,112503,0,0,0,0,1,1,6001215,6001215,6001215,192038880,0,0,lineitem,0,33.488586425781250000,27.647338867187500000,,
2026-07-29T18:24:21Z,B519F70EFCAEFADE,14.23,queries/Functions/09-04_string/trim_both.sql,2,3,3.160579,6.531,2943.892,0.210156,0.017330,0.015136,7168,0,112503,0,0,0,0,1,1,6001215,6001215,6001215,192038880,0,0,lineitem,0,33.341369628906250000,27.486328125000000000,,
2026-07-29T18:24:27Z,B519F70EFCAEFADE,14.23,queries/Functions/09-04_string/trim_both.sql,3,3,3.193579,6.849,2975.351,0.211379,0.010758,0.023448,7168,0,112503,0,0,0,0,1,1,6001215,6001215,6001215,192038880,0,0,lineitem,0,33.850402832031250000,27.939636230468750000,,
2026-07-29T18:24:34Z,B519F70EFCAEFADE,14.23,queries/Functions/09-04_string/upper.sql,1,3,4.042187,6.246,3825.403,0.210538,0.010078,0.023712,7168,0,112503,0,0,0,0,1,1,6001215,6001215,6001215,192038880,0,0,lineitem,0,43.851684570312500000,36.390869140625000000,,
2026-07-29T18:24:41Z,B519F70EFCAEFADE,14.23,queries/Functions/09-04_string/upper.sql,2,3,4.160499,6.925,3955.485,0.198089,0.012715,0.020819,7168,0,112503,0,0,0,0,1,1,6001215,6001215,6001215,192038880,0,0,lineitem,0,44.963134765625000000,37.292114257812500000,,
2026-07-29T18:24:48Z,B519F70EFCAEFADE,14.23,queries/Functions/09-04_string/upper.sql,3,3,4.057881,6.562,3841.461,0.209858,0.015323,0.018845,7168,0,112503,0,0,0,0,1,1,6001215,6001215,6001215,192038880,0,0,lineitem,0,44.685791015625000000,37.222595214843750000,,
2026-07-29T18:24:53Z,B519F70EFCAEFADE,14.23,queries/Functions/09-05_binary_string/cast_bytea.sql,1,3,2.403385,8.356,2187.447,0.207582,0.013190,0.019634,7168,0,112503,0,0,0,0,1,1,6001215,6001215,6001215,192038880,0,0,lineitem,0,23.529907226562500000,19.063903808593750000,,
2026-07-29T18:24:58Z,B519F70EFCAEFADE,14.23,queries/Functions/09-05_binary_string/cast_bytea.sql,2,3,2.322067,8.575,2192.983,0.120509,0.002860,0.010622,7168,0,112503,0,0,0,0,1,1,6001215,6001215,6001215,192038880,0,0,lineitem,0,23.663940429687500000,19.331726074218750000,,
2026-07-29T18:25:04Z,B519F70EFCAEFADE,14.23,queries/Functions/09-05_binary_string/cast_bytea.sql,3,3,2.386503,7.776,2182.538,0.196189,0.012253,0.017688,7168,0,112503,0,0,0,0,1,1,6001215,6001215,6001215,192038880,0,0,lineitem,0,23.578125000000000000,19.128173828125000000,,
2026-07-29T18:25:09Z,B519F70EFCAEFADE,14.23,queries/Functions/09-05_binary_string/concat_bytea.sql,1,3,2.522248,7.783,2304.553,0.209912,0.011575,0.021489,7168,0,112503,0,0,0,0,1,1,6001215,6001215,6001215,192038880,0,0,lineitem,0,25.110778808593750000,20.413208007812500000,,
2026-07-29T18:25:14Z,B519F70EFCAEFADE,14.23,queries/Functions/09-05_binary_string/concat_bytea.sql,2,3,2.538977,7.647,2315.363,0.215967,0.012987,0.021468,7168,0,112503,0,0,0,0,1,1,6001215,6001215,6001215,192038880,0,0,lineitem,0,25.168640136718750000,20.451171875000000000,,
2026-07-29T18:25:20Z,B519F70EFCAEFADE,14.23,queries/Functions/09-05_binary_string/concat_bytea.sql,3,3,2.503056,8.231,2315.001,0.179824,0.003837,0.015434,7168,0,112503,0,0,0,0,1,1,6001215,6001215,6001215,192038880,0,0,lineitem,0,25.298706054687500000,20.636291503906250000,,
2026-07-29T18:25:29Z,B519F70EFCAEFADE,14.23,queries/Functions/09-05_binary_string/decode_hex.sql,1,3,6.461132,6.233,6271.853,0.183046,0.007835,0.010692,7168,0,112503,0,0,0,0,1,1,6001215,6001215,6001215,192038880,0,0,lineitem,0,72.794311523437500000,60.944519042968750000,,
2026-07-29T18:25:38Z,B519F70EFCAEFADE,14.23,queries/Functions/09-05_binary_string/decode_hex.sql,2,3,6.212327,6.026,6004.175,0.202126,0.010276,0.021641,7168,0,112503,0,0,0,0,1,1,6001215,6001215,6001215,192038880,0,0,lineitem,0,70.654357910156250000,59.273193359375000000,,
2026-07-29T18:25:47Z,B519F70EFCAEFADE,14.23,queries/Functions/09-05_binary_string/decode_hex.sql,3,3,6.261499,6.093,6045.988,0.209418,0.011990,0.019262,7168,0,112503,0,0,0,0,1,1,6001215,6001215,6001215,192038880,0,0,lineitem,0,71.450561523437500000,59.977416992187500000,,
2026-07-29T18:25:53Z,B519F70EFCAEFADE,14.23,queries/Functions/09-05_binary_string/encode_base64.sql,1,3,3.071951,7.873,2853.913,0.210165,0.010911,0.022556,7168,0,112503,0,0,0,0,1,1,6001215,6001215,6001215,192038880,0,0,lineitem,0,31.306213378906250000,25.625793457031250000,,
2026-07-29T18:25:59Z,B519F70EFCAEFADE,14.23,queries/Functions/09-05_binary_string/encode_base64.sql,2,3,3.052470,7.583,2844.889,0.199998,0.013717,0.023864,7168,0,112503,0,0,0,0,1,1,6001215,6001215,6001215,192038880,0,0,lineitem,0,30.984680175781250000,25.322387695312500000,,
2026-07-29T18:26:05Z,B519F70EFCAEFADE,14.23,queries/Functions/09-05_binary_string/encode_base64.sql,3,3,3.069582,7.594,2858.569,0.203419,0.014593,0.018064,7168,0,112503,0,0,0,0,1,1,6001215,6001215,6001215,192038880,0,0,lineitem,0,31.102172851562500000,25.422241210937500000,,
2026-07-29T18:26:11Z,B519F70EFCAEFADE,14.23,queries/Functions/09-05_binary_string/encode_escape.sql,1,3,2.921290,6.966,2727.153,0.187171,0.012655,0.021306,7168,0,112503,0,0,0,0,1,1,6001215,6001215,6001215,192038880,0,0,lineitem,0,29.806274414062500000,24.358886718750000000,,
2026-07-29T18:26:16Z,B519F70EFCAEFADE,14.23,queries/Functions/09-05_binary_string/encode_escape.sql,2,3,2.915928,6.758,2763.666,0.145504,0.010529,0.014056,7168,0,112503,0,0,0,0,1,1,6001215,6001215,6001215,192038880,0,0,lineitem,0,29.976318359375000000,24.582214355468750000,,
2026-07-29T18:26:22Z,B519F70EFCAEFADE,14.23,queries/Functions/09-05_binary_string/encode_escape.sql,3,3,2.955785,7.307,2741.053,0.207425,0.010443,0.022640,7168,0,112503,0,0,0,0,1,1,6001215,6001215,6001215,192038880,0,0,lineitem,0,29.762084960937500000,24.292236328125000000,,
2026-07-29T18:26:28Z,B519F70EFCAEFADE,14.23,queries/Functions/09-05_binary_string/encode_hex.sql,1,3,2.776142,7.350,2561.573,0.207219,0.007630,0.025468,7168,0,112503,0,0,0,0,1,1,6001215,6001215,6001215,192038880,0,0,lineitem,0,27.711975097656250000,22.562622070312500000,,
2026-07-29T18:26:33Z,B519F70EFCAEFADE,14.23,queries/Functions/09-05_binary_string/encode_hex.sql,2,3,2.805323,7.668,2589.177,0.208478,0.020188,0.013816,7168,0,112503,0,0,0,0,1,1,6001215,6001215,6001215,192038880,0,0,lineitem,0,28.295715332031250000,23.093872070312500000,,
2026-07-29T18:26:39Z,B519F70EFCAEFADE,14.23,queries/Functions/09-05_binary_string/encode_hex.sql,3,3,2.750627,7.638,2564.096,0.178893,0.007775,0.010523,7168,0,112503,0,0,0,0,1,1,6001215,6001215,6001215,192038880,0,0,lineitem,0,28.010131835937500000,22.891967773437500000,,
2026-07-29T18:26:44Z,B519F70EFCAEFADE,14.23,queries/Functions/09-05_binary_string/get_byte.sql,1,3,2.492086,7.237,2272.682,0.212167,0.009676,0.023502,7168,0,112503,0,0,0,0,1,1,6001215,6001215,6001215,24004860,0,0,lineitem,0,24.167968750000000000,19.535827636718750000,,
2026-07-29T18:26:50Z,B519F70EFCAEFADE,14.23,queries/Functions/09-05_binary_string/get_byte.sql,2,3,2.417252,6.917,2199.735,0.210600,0.009754,0.024218,7168,0,112503,0,0,0,0,1,1,6001215,6001215,6001215,24004860,0,0,lineitem,0,23.720458984375000000,19.219238281250000000,,
2026-07-29T18:26:55Z,B519F70EFCAEFADE,14.23,queries/Functions/09-05_binary_string/get_byte.sql,3,3,2.429228,6.129,2212.735,0.210364,0.008864,0.025678,7168,0,112503,0,0,0,0,1,1,6001215,6001215,6001215,24004860,0,0,lineitem,0,24.039245605468750000,19.530761718750000000,,
2026-07-29T18:27:04Z,B519F70EFCAEFADE,14.23,queries/Functions/09-05_binary_string/md5_bytea.sql,1,3,6.252173,7.627,6035.746,0.208800,0.009736,0.024757,7168,0,112503,0,0,0,0,1,1,6001215,6001215,6001215,192038880,0,0,lineitem,0,70.912475585937500000,59.458618164062500000,,
2026-07-29T18:27:14Z,B519F70EFCAEFADE,14.23,queries/Functions/09-05_binary_string/md5_bytea.sql,2,3,6.763018,7.136,6562.406,0.193476,0.007723,0.010644,7168,0,112503,0,0,0,0,1,1,6001215,6001215,6001215,192038880,0,0,lineitem,0,75.738586425781250000,63.387390136718750000,,
2026-07-29T18:27:23Z,B519F70EFCAEFADE,14.23,queries/Functions/09-05_binary_string/md5_bytea.sql,3,3,6.401648,7.403,6186.451,0.207794,0.010426,0.022620,7168,0,112503,0,0,0,0,1,1,6001215,6001215,6001215,192038880,0,0,lineitem,0,72.788574218750000000,61.065063476562500000,,
2026-07-29T18:27:28Z,B519F70EFCAEFADE,14.23,queries/Functions/09-05_binary_string/octet_length.sql,1,3,2.415648,7.168,2214.617,0.193863,0.005651,0.012632,7168,0,112503,0,0,0,0,1,1,6001215,6001215,6001215,24004860,0,0,lineitem,0,24.220764160156250000,19.729370117187500000,,
2026-07-29T18:27:34Z,B519F70EFCAEFADE,14.23,queries/Functions/09-05_binary_string/octet_length.sql,2,3,2.459859,7.421,2240.646,0.211792,0.014846,0.019971,7168,0,112503,0,0,0,0,1,1,6001215,6001215,6001215,24004860,0,0,lineitem,0,24.299926757812500000,19.726989746093750000,,
2026-07-29T18:27:39Z,B519F70EFCAEFADE,14.23,queries/Functions/09-05_binary_string/octet_length.sql,3,3,2.422382,7.064,2203.546,0.211772,0.012459,0.022498,7168,0,112503,0,0,0,0,1,1,6001215,6001215,6001215,24004860,0,0,lineitem,0,23.847229003906250000,19.347290039062500000,,
2026-07-29T18:27:44Z,B519F70EFCAEFADE,14.23,queries/Functions/09-05_binary_string/set_byte.sql,1,3,2.551127,7.072,2333.155,0.210900,0.009422,0.025218,7168,0,112503,0,0,0,0,1,1,6001215,6001215,6001215,192038880,0,0,lineitem,0,24.930847167968750000,20.198913574218750000,,
2026-07-29T18:27:49Z,B519F70EFCAEFADE,14.23,queries/Functions/09-05_binary_string/set_byte.sql,2,3,2.187405,3.642,2058.901,0.124862,0.002887,0.008322,7168,0,112503,0,0,0,0,1,1,6001215,6001215,6001215,192038880,0,0,lineitem,0,28.014892578125000000,23.846313476562500000,,
2026-07-29T18:27:54Z,B519F70EFCAEFADE,14.23,queries/Functions/09-05_binary_string/set_byte.sql,3,3,2.452115,7.431,2335.716,0.108968,0.002791,0.008580,7168,0,112503,0,0,0,0,1,1,6001215,6001215,6001215,192038880,0,0,lineitem,0,25.990661621093750000,21.386108398437500000,,
2026-07-29T18:28:04Z,B519F70EFCAEFADE,14.23,queries/Functions/09-05_binary_string/sha224.sql,1,3,6.725957,7.179,6584.571,0.134207,0.006014,0.005941,7168,0,112503,0,0,0,0,1,1,6001215,6001215,6001215,192038880,0,0,lineitem,0,80.975830078125000000,68.633056640625000000,,
2026-07-29T18:28:14Z,B519F70EFCAEFADE,14.23,queries/Functions/09-05_binary_string/sha224.sql,2,3,6.902722,7.647,6687.132,0.207943,0.009547,0.021536,7168,0,112503,0,0,0,0,1,1,6001215,6001215,6001215,192038880,0,0,lineitem,0,79.117248535156250000,66.483825683593750000,,
2026-07-29T18:28:23Z,B519F70EFCAEFADE,14.23,queries/Functions/09-05_binary_string/sha224.sql,3,3,6.748056,7.574,6535.017,0.205465,0.010438,0.022538,7168,0,112503,0,0,0,0,1,1,6001215,6001215,6001215,192038880,0,0,lineitem,0,77.194274902343750000,64.845947265625000000,,
2026-07-29T18:28:33Z,B519F70EFCAEFADE,14.23,queries/Functions/09-05_binary_string/sha256.sql,1,3,6.791048,5.989,6616.396,0.168663,0.004784,0.012139,7168,0,112503,0,0,0,0,1,1,6001215,6001215,6001215,192038880,0,0,lineitem,0,78.224365234375000000,65.783203125000000000,,
2026-07-29T18:28:42Z,B519F70EFCAEFADE,14.23,queries/Functions/09-05_binary_string/sha256.sql,2,3,6.765269,7.709,6546.121,0.211439,0.007958,0.024682,7168,0,112503,0,0,0,0,1,1,6001215,6001215,6001215,192038880,0,0,lineitem,0,77.505920410156250000,65.137512207031250000,,
2026-07-29T18:28:52Z,B519F70EFCAEFADE,14.23,queries/Functions/09-05_binary_string/sha256.sql,3,3,7.010345,7.715,6793.230,0.209400,0.014091,0.018435,7168,0,112503,0,0,0,0,1,1,6001215,6001215,6001215,192038880,0,0,lineitem,0,80.197448730468750000,67.386352539062500000,,
2026-07-29T18:29:02Z,B519F70EFCAEFADE,14.23,queries/Functions/09-05_binary_string/sha384.sql,1,3,7.300187,7.539,7079.239,0.213409,0.008021,0.025731,7168,0,112503,0,0,0,0,1,1,6001215,6001215,6001215,192038880,0,0,lineitem,0,85.957763671875000000,72.621765136718750000,,
2026-07-29T18:29:13Z,B519F70EFCAEFADE,14.23,queries/Functions/09-05_binary_string/sha384.sql,2,3,7.528621,7.554,7313.172,0.207895,0.008667,0.024269,7168,0,112503,0,0,0,0,1,1,6001215,6001215,6001215,192038880,0,0,lineitem,0,88.105834960937500000,74.365295410156250000,,
2026-07-29T18:29:23Z,B519F70EFCAEFADE,14.23,queries/Functions/09-05_binary_string/sha384.sql,3,3,7.460178,7.594,7247.759,0.204825,0.013336,0.017822,7168,0,112503,0,0,0,0,1,1,6001215,6001215,6001215,192038880,0,0,lineitem,0,87.838195800781250000,74.214172363281250000,,
2026-07-29T18:29:33Z,B519F70EFCAEFADE,14.23,queries/Functions/09-05_binary_string/sha512.sql,1,3,7.506238,7.370,7290.306,0.208562,0.014073,0.018311,7168,0,112503,0,0,0,0,1,1,6001215,6001215,6001215,192038880,0,0,lineitem,0,88.624633789062500000,74.915344238281250000,,
2026-07-29T18:29:44Z,B519F70EFCAEFADE,14.23,queries/Functions/09-05_binary_string/sha512.sql,2,3,7.394742,7.686,7179.173,0.207883,0.010686,0.022523,7168,0,112503,0,0,0,0,1,1,6001215,6001215,6001215,192038880,0,0,lineitem,0,86.419433593750000000,72.903381347656250000,,
2026-07-29T18:29:54Z,B519F70EFCAEFADE,14.23,queries/Functions/09-05_binary_string/sha512.sql,3,3,7.407340,7.773,7192.577,0.206990,0.012796,0.018375,7168,0,112503,0,0,0,0,1,1,6001215,6001215,6001215,192038880,0,0,lineitem,0,86.678100585937500000,73.156555175781250000,,
2026-07-29T18:29:59Z,B519F70EFCAEFADE,14.23,queries/Functions/09-05_binary_string/substring_bytea.sql,1,3,2.561787,7.583,2345.573,0.208631,0.010729,0.018898,7168,0,112503,0,0,0,0,1,1,6001215,6001215,6001215,192038880,0,0,lineitem,0,25.756225585937500000,20.989379882812500000,,
2026-07-29T18:30:04Z,B519F70EFCAEFADE,14.23,queries/Functions/09-05_binary_string/substring_bytea.sql,2,3,2.542416,6.294,2327.123,0.208999,0.012915,0.021014,7168,0,112503,0,0,0,0,1,1,6001215,6001215,6001215,192038880,0,0,lineitem,0,25.722717285156250000,21.015014648437500000,,
2026-07-29T18:30:10Z,B519F70EFCAEFADE,14.23,queries/Functions/09-05_binary_string/substring_bytea.sql,3,3,2.527177,7.660,2308.374,0.211143,0.012234,0.021626,7168,0,112503,0,0,0,0,1,1,6001215,6001215,6001215,192038880,0,0,lineitem,0,25.245910644531250000,20.554931640625000000,,
2026-07-29T18:30:15Z,B519F70EFCAEFADE,14.23,queries/Functions/09-06_bit_string/and.sql,1,3,1.823657,6.830,1605.817,0.211010,0.009987,0.023761,7168,0,112503,0,0,0,0,1,1,6001215,6001215,6001215,192038880,0,0,lineitem,0,17.005615234375000000,13.583312988281250000,,
2026-07-29T18:30:19Z,B519F70EFCAEFADE,14.23,queries/Functions/09-06_bit_string/and.sql,2,3,1.790743,6.557,1673.529,0.110657,0.002074,0.011640,7168,0,112503,0,0,0,0,1,1,6001215,6001215,6001215,192038880,0,0,lineitem,0,16.982238769531250000,13.584716796875000000,,
2026-07-29T18:30:24Z,B519F70EFCAEFADE,14.23,queries/Functions/09-06_bit_string/and.sql,3,3,1.887325,6.416,1668.907,0.212002,0.011939,0.023799,7168,0,112503,0,0,0,0,1,1,6001215,6001215,6001215,192038880,0,0,lineitem,0,16.983764648437500000,13.451232910156250000,,
2026-07-29T18:30:28Z,B519F70EFCAEFADE,14.23,queries/Functions/09-06_bit_string/bit_count.sql,1,3,1.333545,7.717,1112.288,0.213540,0.008399,0.027070,7168,116,9478,0,0,0,0,1,1,6001215,6001215,6001215,48009720,0,0,lineitem,0,10.624267578125000000,8.220458984375000000,,
2026-07-29T18:30:33Z,B519F70EFCAEFADE,14.23,queries/Functions/09-06_bit_string/bit_count.sql,2,3,1.304121,7.092,1084.740,0.212289,0.014504,0.020405,7168,116,9478,0,0,0,0,1,1,6001215,6001215,6001215,48009720,0,0,lineitem,0,10.606262207031250000,8.264831542968750000,,
2026-07-29T18:30:37Z,B519F70EFCAEFADE,14.23,queries/Functions/09-06_bit_string/bit_count.sql,3,3,1.319257,7.064,1100.337,0.211856,0.019357,0.016229,7168,116,9478,0,0,0,0,1,1,6001215,6001215,6001215,48009720,0,0,lineitem,0,10.515441894531250000,8.145324707031250000,,
2026-07-29T18:30:41Z,B519F70EFCAEFADE,14.23,queries/Functions/09-06_bit_string/cast_bit.sql,1,3,1.137605,168.054,880.496,0.089055,0.002564,0.006978,7168,116,9478,0,0,0,0,1,1,6001215,6001215,6001215,72014580,0,0,lineitem,0,10.480651855468750000,8.388854980468750000,,
2026-07-29T18:30:44Z,B519F70EFCAEFADE,14.23,queries/Functions/09-06_bit_string/cast_bit.sql,2,3,1.164843,6.586,1041.688,0.116569,0.006679,0.012092,7168,116,9478,0,0,0,0,1,1,6001215,6001215,6001215,72014580,0,0,lineitem,0,10.490051269531250000,8.391540527343750000,,
2026-07-29T18:30:48Z,B519F70EFCAEFADE,14.23,queries/Functions/09-06_bit_string/cast_bit.sql,3,3,1.231048,6.660,1112.733,0.111655,0.005686,0.006762,7168,116,9478,0,0,0,0,1,1,6001215,6001215,6001215,72014580,0,0,lineitem,0,10.475830078125000000,8.239868164062500000,,
2026-07-29T18:30:53Z,B519F70EFCAEFADE,14.23,queries/Functions/09-06_bit_string/concat_bit.sql,1,3,1.890557,5.937,1779.614,0.105006,0.004296,0.006339,7168,0,112503,0,0,0,0,1,1,6001215,6001215,6001215,192038880,0,0,lineitem,0,18.523193359375000000,14.947753906250000000,,
