timestamp_utc,run_id,pg_version,query,phase,batch_index,copy_index,batchnum,runs,server_planning_ms,server_execution_ms,plan_nodes,scan_nodes,rows_out,rows_processed,rows_estimated,bytes_processed,rows_removed_filter,workers_launched,relations,shared_hit_blks,shared_read_blks,shared_dirtied_blks,shared_written_blks,temp_read_blks,temp_written_blks,failed,pkg_temp_start_c,mhz_mean
2026-09-19T18:14:07Z,40B1774344BF4E71,18.4,queries/tpch/SQLStorm/100.sql,warmup,1,1,1,1,16.005,8113.109,27,8,80132,36736739,2499938,1271279440,79868,4,rs;s;lineitem;partsupp;supplier;orders;customer,45929,103277,0,0,0,0,0,42.0,2162
2026-09-19T18:14:14Z,40B1774344BF4E71,18.4,queries/tpch/SQLStorm/100.sql,measured,1,1,1,1,2.709,7162.048,27,8,80132,36736739,2499938,1271279440,79868,4,rs;s;lineitem;partsupp;supplier;orders;customer,149303,0,0,0,0,0,0,48.0,1918
2026-09-19T18:14:18Z,40B1774344BF4E71,18.4,queries/tpch/SQLStorm/10001.sql,warmup,1,1,1,1,8.819,3581.869,19,7,10,12507138,10,182676588,4,4,partsupp;region;nation;supplier;ixtest_supplier_nationkey;part;lineitem,5382198,6053,0,0,0,0,0,54.0,1340
2026-09-19T18:14:22Z,40B1774344BF4E71,18.4,queries/tpch/SQLStorm/10001.sql,measured,1,1,1,1,4.370,3470.307,19,7,10,12507312,10,182677092,4,4,partsupp;region;nation;supplier;ixtest_supplier_nationkey;part;lineitem,5388251,0,0,0,0,0,0,55.0,1290
2026-09-19T18:14:23Z,40B1774344BF4E71,18.4,queries/tpch/SQLStorm/10002.sql,warmup,1,1,1,1,4.979,1488.812,18,7,10,4349336,10,126503209,29,4,partsupp;region;nation;supplier;ixtest_supplier_nationkey;lineitem;part,5295859,4,0,0,0,0,0,50.0,2008
2026-09-19T18:14:25Z,40B1774344BF4E71,18.4,queries/tpch/SQLStorm/10002.sql,measured,1,1,1,1,4.901,1488.428,18,7,10,4349336,10,126503209,29,4,partsupp;region;nation;supplier;ixtest_supplier_nationkey;lineitem;part,5295863,0,0,0,0,0,0,60.0,2270
2026-09-19T18:14:41Z,40B1774344BF4E71,18.4,queries/tpch/SQLStorm/10003.sql,warmup,1,1,1,1,14.261,13996.411,19,6,10,61612695,10,1237072470,0,4,lineitem;partsupp;orders;customer;supplier;nation,60122452,4544,0,0,36315,36320,0,49.0,2186
2026-09-19T18:14:55Z,40B1774344BF4E71,18.4,queries/tpch/SQLStorm/10003.sql,measured,1,1,1,1,5.492,13739.620,19,6,10,61612695,10,1237072470,0,4,lineitem;partsupp;orders;customer;supplier;nation,60126996,0,0,0,36315,36320,0,65.0,2139
2026-09-19T18:14:59Z,40B1774344BF4E71,18.4,queries/tpch/SQLStorm/10004.sql,warmup,1,1,1,1,1.738,2338.456,10,3,100,5010200,100,295721400,0,0,part;partsupp;supplier,35845,18712,0,0,0,0,0,59.0,838
2026-09-19T18:15:01Z,40B1774344BF4E71,18.4,queries/tpch/SQLStorm/10004.sql,measured,1,1,1,1,1.741,1902.728,10,3,100,5010200,100,295721400,0,0,part;partsupp;supplier,54557,0,0,0,0,0,0,66.0,1056
2026-09-19T18:15:07Z,40B1774344BF4E71,18.4,queries/tpch/SQLStorm/10005.sql,warmup,1,1,1,1,1.545,3087.317,9,3,791914,5793828,264963,366834284,8086,0,part;partsupp;supplier,54557,0,0,0,8932,8933,0,56.0,974
2026-09-19T18:15:10Z,40B1774344BF4E71,18.4,queries/tpch/SQLStorm/10005.sql,measured,1,1,1,1,1.551,3074.760,9,3,791914,5793828,264963,366834284,8086,0,part;partsupp;supplier,54557,0,0,0,8932,8933,0,64.0,1122
2026-09-19T18:15:14Z,40B1774344BF4E71,18.4,queries/tpch/SQLStorm/10006.sql,warmup,1,1,1,1,1.723,1874.685,10,3,100,5010200,100,295721400,0,0,part;partsupp;supplier,54557,0,0,0,0,0,0,54.0,978
2026-09-19T18:15:16Z,40B1774344BF4E71,18.4,queries/tpch/SQLStorm/10006.sql,measured,1,1,1,1,1.729,1883.836,10,3,100,5010200,100,295721400,0,0,part;partsupp;supplier,54557,0,0,0,0,0,0,55.0,1188
2026-09-19T18:15:17Z,40B1774344BF4E71,18.4,queries/tpch/SQLStorm/10007.sql,warmup,1,1,1,1,2.787,581.961,17,6,10,3330029,10,28547104,4,4,lineitem;ixtest_lineitem_shipdate;customer;nation;region;orders,500619,2323,0,0,0,0,0,54.0,1975
2026-09-19T18:15:17Z,40B1774344BF4E71,18.4,queries/tpch/SQLStorm/10007.sql,measured,1,1,1,1,2.758,552.155,17,6,10,3330029,10,28547104,4,4,lineitem;ixtest_lineitem_shipdate;customer;nation;region;orders,502942,0,0,0,0,0,0,54.0,2172
2026-09-19T18:15:22Z,40B1774344BF4E71,18.4,queries/tpch/SQLStorm/10008.sql,warmup,1,1,1,1,2.858,1983.853,19,5,10,22954315,10,628753360,0,4,lineitem;supplier;nation;orders;customer,140304,0,0,0,0,0,0,53.0,2142
2026-09-19T18:15:24Z,40B1774344BF4E71,18.4,queries/tpch/SQLStorm/10008.sql,measured,1,1,1,1,2.848,1984.513,19,5,10,22954315,10,628753360,0,4,lineitem;supplier;nation;orders;customer,140304,0,0,0,0,0,0,68.0,2309
2026-09-19T18:15:29Z,40B1774344BF4E71,18.4,queries/tpch/SQLStorm/10009.sql,warmup,1,1,1,1,1.649,2718.110,12,3,100,5280200,100,302018200,0,3,partsupp;supplier;part,22584,44,0,0,0,0,0,54.0,1956
2026-09-19T18:15:32Z,40B1774344BF4E71,18.4,queries/tpch/SQLStorm/10009.sql,measured,1,1,1,1,1.642,2676.995,12,3,100,5280200,100,302018200,0,3,partsupp;supplier;part,22628,0,0,0,0,0,0,64.0,1806
2026-09-19T18:15:36Z,40B1774344BF4E71,18.4,queries/tpch/SQLStorm/10010.sql,warmup,1,1,1,1,1.600,2379.624,9,3,800000,5810000,794889,381300000,0,0,part;partsupp;supplier,54557,0,0,0,9616,9617,0,54.0,1471
2026-09-19T18:15:39Z,40B1774344BF4E71,18.4,queries/tpch/SQLStorm/10010.sql,measured,1,1,1,1,1.601,2383.558,9,3,800000,5810000,794889,381300000,0,0,part;partsupp;supplier,54557,0,0,0,9616,9617,0,63.0,1490
2026-09-19T18:15:41Z,40B1774344BF4E71,18.4,queries/tpch/SQLStorm/10011.sql,warmup,1,1,1,1,1.006,428.820,6,2,1,1826988,6,22839365,0,4,lineitem;ixtest_lineitem_shipdate,105028,791,0,0,0,0,0,52.0,1625
2026-09-19T18:15:42Z,40B1774344BF4E71,18.4,queries/tpch/SQLStorm/10011.sql,measured,1,1,1,1,0.999,417.419,6,2,1,1826988,6,22839365,0,4,lineitem;ixtest_lineitem_shipdate,105819,0,0,0,0,0,0,52.0,1537
2026-09-19T18:15:50Z,40B1774344BF4E71,18.4,queries/tpch/SQLStorm/10012.sql,warmup,1,1,1,1,7.809,5188.988,25,7,10,44557960,10,1243260280,0,4,lineitem;orders;customer;partsupp;supplier;nation;part,143052,0,0,0,0,0,0,52.0,2033
2026-09-19T18:15:55Z,40B1774344BF4E71,18.4,queries/tpch/SQLStorm/10012.sql,measured,1,1,1,1,7.962,5182.290,25,7,10,44557960,10,1243260280,0,4,lineitem;orders;customer;partsupp;supplier;nation;part,143053,0,0,0,0,0,0,68.0,2121
2026-09-19T18:15:58Z,40B1774344BF4E71,18.4,queries/tpch/SQLStorm/10013.sql,warmup,1,1,1,1,3.549,1339.921,20,7,3750,3559694,3750,82475756,29,4,partsupp;nation;region;supplier;ixtest_supplier_nationkey;lineitem;part,5295924,0,0,0,0,0,0,58.0,2087
2026-09-19T18:16:00Z,40B1774344BF4E71,18.4,queries/tpch/SQLStorm/10013.sql,measured,1,1,1,1,3.550,1337.851,20,7,3750,3559720,3750,82477420,29,4,partsupp;nation;region;supplier;ixtest_supplier_nationkey;lineitem;part,5295923,0,0,0,0,0,0,70.0,2237
2026-09-19T18:16:01Z,40B1774344BF4E71,18.4,queries/tpch/SQLStorm/10014.sql,warmup,1,1,1,1,2.417,699.639,17,5,10,8273023,10,156320910,0,4,lineitem;orders;ixtest_orders_orderdate;customer;nation,142361,204,0,0,0,0,0,60.0,1844
2026-09-19T18:16:02Z,40B1774344BF4E71,18.4,queries/tpch/SQLStorm/10014.sql,measured,1,1,1,1,2.961,667.322,17,5,10,8273023,10,156320910,0,4,lineitem;orders;ixtest_orders_orderdate;customer;nation,142565,0,0,0,0,0,0,60.0,2172
2026-09-19T18:16:12Z,40B1774344BF4E71,18.4,queries/tpch/SQLStorm/10015.sql,warmup,1,1,1,1,2.846,8045.782,16,4,100,36889251,100,1975055223,0,4,lineitem;partsupp;supplier;part,120099,0,0,0,78629,137751,0,57.0,2167
2026-09-19T18:16:20Z,40B1774344BF4E71,18.4,queries/tpch/SQLStorm/10015.sql,measured,1,1,1,1,2.821,8049.887,16,4,100,36889026,100,1975025298,0,4,lineitem;partsupp;supplier;part,120099,0,0,0,78562,137924,0,68.0,2013
2026-09-19T18:16:24Z,40B1774344BF4E71,18.4,queries/tpch/SQLStorm/10016.sql,warmup,1,1,1,1,8.215,2057.696,18,7,10,8245702,10,284089247,4,4,partsupp;region;nation;supplier;ixtest_supplier_nationkey;lineitem;part,6485947,7429,0,0,0,0,0,60.0,2094
2026-09-19T18:16:27Z,40B1774344BF4E71,18.4,queries/tpch/SQLStorm/10016.sql,measured,1,1,1,1,8.226,1981.010,18,7,10,8245702,10,284089247,4,4,partsupp;region;nation;supplier;ixtest_supplier_nationkey;lineitem;part,6493376,0,0,0,0,0,0,68.0,2166
2026-09-19T18:16:31Z,40B1774344BF4E71,18.4,queries/tpch/SQLStorm/10017.sql,warmup,1,1,1,1,1.550,1990.789,8,3,10,7817366,10,120534916,0,0,lineitem;orders;ixtest_orders_orderdate,138931,0,0,0,0,0,0,59.0,853
2026-09-19T18:16:33Z,40B1774344BF4E71,18.4,queries/tpch/SQLStorm/10017.sql,measured,1,1,1,1,1.522,2004.310,8,3,10,7817366,10,120534916,0,0,lineitem;orders;ixtest_orders_orderdate,138931,0,0,0,0,0,0,66.0,1211
2026-09-19T18:16:38Z,40B1774344BF4E71,18.4,queries/tpch/SQLStorm/10018.sql,warmup,1,1,1,1,1.635,2180.893,10,3,100,5010200,100,286120600,0,0,part;partsupp;supplier,54557,0,0,0,0,0,0,58.0,1122
2026-09-19T18:16:40Z,40B1774344BF4E71,18.4,queries/tpch/SQLStorm/10018.sql,measured,1,1,1,1,1.642,2183.044,10,3,100,5010200,100,286120600,0,0,part;partsupp;supplier,54557,0,0,0,0,0,0,67.0,1231
2026-09-19T18:16:44Z,40B1774344BF4E71,18.4,queries/tpch/SQLStorm/10019.sql,warmup,1,1,1,1,4.784,2018.858,19,7,10,16011163,10,395309892,4,4,partsupp;region;nation;supplier;ixtest_supplier_nationkey;lineitem;part,5295864,0,0,0,0,0,0,56.0,1975
2026-09-19T18:16:46Z,40B1774344BF4E71,18.4,queries/tpch/SQLStorm/10019.sql,measured,1,1,1,1,4.802,2019.531,19,7,10,16011163,10,395309892,4,4,partsupp;region;nation;supplier;ixtest_supplier_nationkey;lineitem;part,5295864,0,0,0,0,0,0,68.0,2142
2026-09-19T18:16:50Z,40B1774344BF4E71,18.4,queries/tpch/SQLStorm/1002.sql,warmup,1,1,1,1,4.732,1110.758,37,11,0,368716,1,2949728,9045,0,customer;nation;region;roi;orders;ixtest_orders_orderdate;lineitem;partsupp;supplier,4726,0,0,0,0,0,0,58.0,1363
2026-09-19T18:16:51Z,40B1774344BF4E71,18.4,queries/tpch/SQLStorm/1002.sql,measured,1,1,1,1,3.351,1004.430,37,11,0,368716,1,2949728,9045,0,customer;nation;region;roi;orders;ixtest_orders_orderdate;lineitem;partsupp;supplier,4735,0,0,0,0,0,0,64.0,1538
2026-09-19T18:16:58Z,40B1774344BF4E71,18.4,queries/tpch/SQLStorm/10020.sql,warmup,1,1,1,1,2.804,4432.335,18,5,25,33756750,25,1098036270,0,4,lineitem;partsupp;supplier;nation;part,116499,0,0,0,0,0,0,56.0,2329
2026-09-19T18:17:02Z,40B1774344BF4E71,18.4,queries/tpch/SQLStorm/10020.sql,measured,1,1,1,1,2.798,4438.142,18,5,25,33756750,25,1098036270,0,4,lineitem;partsupp;supplier;nation;part,116499,0,0,0,0,0,0,72.0,2180
2026-09-19T18:17:06Z,40B1774344BF4E71,18.4,queries/tpch/SQLStorm/10021.sql,warmup,1,1,1,1,4.575,2119.856,19,7,10,16011163,10,457298976,4,4,partsupp;region;nation;supplier;ixtest_supplier_nationkey;lineitem;part,5295864,0,0,0,0,0,0,60.0,2094
2026-09-19T18:17:09Z,40B1774344BF4E71,18.4,queries/tpch/SQLStorm/10021.sql,measured,1,1,1,1,4.713,2122.694,19,7,10,16011163,10,457298976,4,4,partsupp;region;nation;supplier;ixtest_supplier_nationkey;lineitem;part,5295864,0,0,0,0,0,0,70.0,2261
2026-09-19T18:17:12Z,40B1774344BF4E71,18.4,queries/tpch/SQLStorm/10022.sql,warmup,1,1,1,1,4.909,1505.178,18,7,10,4355126,10,126731819,29,4,partsupp;region;nation;supplier;ixtest_supplier_nationkey;lineitem;part,5295864,0,0,0,0,0,0,60.0,1942
2026-09-19T18:17:14Z,40B1774344BF4E71,18.4,queries/tpch/SQLStorm/10022.sql,measured,1,1,1,1,4.923,1489.945,18,7,10,4355126,10,126731819,29,4,partsupp;region;nation;supplier;ixtest_supplier_nationkey;lineitem;part,5295864,0,0,0,0,0,0,72.0,2139
2026-09-19T18:17:16Z,40B1774344BF4E71,18.4,queries/tpch/SQLStorm/10023.sql,warmup,1,1,1,1,1.593,300.105,12,3,10,2970020,10,84421160,0,3,partsupp;supplier;part,19008,0,0,0,0,0,0,60.0,1581
2026-09-19T18:17:17Z,40B1774344BF4E71,18.4,queries/tpch/SQLStorm/10023.sql,measured,1,1,1,1,1.594,299.548,12,3,10,2970020,10,84421160,0,3,partsupp;supplier;part,19008,0,0,0,0,0,0,60.0,1712
2026-09-19T18:17:19Z,40B1774344BF4E71,18.4,queries/tpch/SQLStorm/10024.sql,warmup,1,1,1,1,1.726,1903.355,10,3,100,4410200,100,338069400,0,0,part;partsupp;supplier,44558,0,0,0,0,0,0,60.0,1109
2026-09-19T18:17:21Z,40B1774344BF4E71,18.4,queries/tpch/SQLStorm/10024.sql,measured,1,1,1,1,1.720,1898.076,10,3,100,4410200,100,338069400,0,0,part;partsupp;supplier,44558,0,0,0,0,0,0,69.0,899
2026-09-19T18:17:29Z,40B1774344BF4E71,18.4,queries/tpch/SQLStorm/10025.sql,warmup,1,1,1,1,4.113,5695.283,18,6,25,20000459,25,436144144,1,4,lineitem;partsupp;orders;customer;supplier;nation,29603268,0,0,0,0,0,0,58.0,2029
2026-09-19T18:17:35Z,40B1774344BF4E71,18.4,queries/tpch/SQLStorm/10025.sql,measured,1,1,1,1,4.045,5826.249,18,6,25,20000459,25,436144144,1,4,lineitem;partsupp;orders;customer;supplier;nation,29603268,0,0,0,0,0,0,74.0,2264
2026-09-19T18:17:41Z,40B1774344BF4E71,18.4,queries/tpch/SQLStorm/10026.sql,warmup,1,1,1,1,2.855,2006.999,19,5,10,22954315,10,628753360,0,4,lineitem;supplier;nation;orders;customer,140304,0,0,0,0,0,0,60.0,2070
2026-09-19T18:17:43Z,40B1774344BF4E71,18.4,queries/tpch/SQLStorm/10026.sql,measured,1,1,1,1,2.836,2000.643,19,5,10,22954315,10,628753360,0,4,lineitem;supplier;nation;orders;customer,140304,0,0,0,0,0,0,75.0,2142
2026-09-19T18:17:46Z,40B1774344BF4E71,18.4,queries/tpch/SQLStorm/10027.sql,warmup,1,1,1,1,2.545,744.109,19,6,25,8280532,125,200002290,0,4,lineitem;orders;ixtest_orders_orderdate;customer;nation;region,142366,204,0,0,0,0,0,59.0,1910
2026-09-19T18:17:47Z,40B1774344BF4E71,18.4,queries/tpch/SQLStorm/10027.sql,measured,1,1,1,1,2.557,684.528,19,6,25,8280532,125,200002290,0,4,lineitem;orders;ixtest_orders_orderdate;customer;nation;region,142569,0,0,0,0,0,0,59.0,2434
2026-09-19T18:17:49Z,40B1774344BF4E71,18.4,queries/tpch/SQLStorm/10028.sql,warmup,1,1,1,1,1.535,316.065,9,3,10,229552,10,4285968,0,3,orders;ixtest_orders_orderdate;lineitem,83056,8282,0,0,0,0,0,58.0,1319
2026-09-19T18:17:49Z,40B1774344BF4E71,18.4,queries/tpch/SQLStorm/10028.sql,measured,1,1,1,1,1.568,110.771,9,3,10,229552,10,4285968,0,3,orders;ixtest_orders_orderdate;lineitem,91338,0,0,0,0,0,0,58.0,1975
2026-09-19T18:17:51Z,40B1774344BF4E71,18.4,queries/tpch/SQLStorm/10029.sql,warmup,1,1,1,1,3.578,1436.714,20,7,3750,3569480,3750,82788780,29,4,partsupp;nation;region;supplier;ixtest_supplier_nationkey;lineitem;part,5295924,0,0,0,0,0,0,58.0,2074
2026-09-19T18:17:53Z,40B1774344BF4E71,18.4,queries/tpch/SQLStorm/10029.sql,measured,1,1,1,1,3.586,1439.592,20,7,3750,3569453,3750,82787052,29,4,partsupp;nation;region;supplier;ixtest_supplier_nationkey;lineitem;part,5295923,0,0,0,0,0,0,71.0,1942
2026-09-19T18:18:07Z,40B1774344BF4E71,18.4,queries/tpch/SQLStorm/1003.sql,warmup,1,1,1,1,3.319,12619.340,30,10,5,35123494,2,1567024984,105051,3,fr;supplier;orders;customer;nation;region;partsupp;part,66535,0,0,0,69672,69685,0,58.0,1315
2026-09-19T18:18:20Z,40B1774344BF4E71,18.4,queries/tpch/SQLStorm/1003.sql,measured,1,1,1,1,3.318,12529.602,30,10,5,35123494,2,1567024984,105051,3,fr;supplier;orders;customer;nation;region;partsupp;part,66535,0,0,0,69672,69685,0,61.0,1013
2026-09-19T18:18:23Z,40B1774344BF4E71,18.4,queries/tpch/SQLStorm/10030.sql,warmup,1,1,1,1,2.020,2901.126,13,4,100,10186371,100,223813960,0,4,lineitem;orders;ixtest_orders_orderdate;customer,142591,0,0,0,0,0,0,59.0,2028
2026-09-19T18:18:26Z,40B1774344BF4E71,18.4,queries/tpch/SQLStorm/10030.sql,measured,1,1,1,1,2.031,2903.733,13,4,100,10186371,100,223813960,0,4,lineitem;orders;ixtest_orders_orderdate;customer,142592,0,0,0,0,0,0,61.0,1975
2026-09-19T18:18:29Z,40B1774344BF4E71,18.4,queries/tpch/SQLStorm/10031.sql,warmup,1,1,1,1,3.930,807.300,15,6,10,1182153,10,37775459,0,0,orders;ixtest_orders_orderdate;lineitem;supplier;partsupp;part,222731,720,0,0,0,0,0,54.0,924
2026-09-19T18:18:30Z,40B1774344BF4E71,18.4,queries/tpch/SQLStorm/10031.sql,measured,1,1,1,1,3.955,655.000,15,6,10,1182153,10,37775459,0,0,orders;ixtest_orders_orderdate;lineitem;supplier;partsupp;part,223451,0,0,0,0,0,0,54.0,1122
2026-09-19T18:18:32Z,40B1774344BF4E71,18.4,queries/tpch/SQLStorm/10032.sql,warmup,1,1,1,1,1.536,1985.886,8,3,10,7822386,10,120602916,0,0,lineitem;orders;ixtest_orders_orderdate,138932,0,0,0,0,0,0,54.0,1164
2026-09-19T18:18:34Z,40B1774344BF4E71,18.4,queries/tpch/SQLStorm/10032.sql,measured,1,1,1,1,1.528,1990.168,8,3,10,7822386,10,120602916,0,0,lineitem;orders;ixtest_orders_orderdate,138932,0,0,0,0,0,0,53.0,1283
2026-09-19T18:18:37Z,40B1774344BF4E71,18.4,queries/tpch/SQLStorm/10033.sql,warmup,1,1,1,1,1.613,2330.961,10,3,100,5010200,100,279719000,0,0,part;partsupp;supplier,54557,0,0,0,0,0,0,59.0,1430
2026-09-19T18:18:39Z,40B1774344BF4E71,18.4,queries/tpch/SQLStorm/10033.sql,measured,1,1,1,1,1.608,2347.118,10,3,100,5010200,100,279719000,0,0,part;partsupp;supplier,54557,0,0,0,0,0,0,58.0,1560
2026-09-19T18:18:42Z,40B1774344BF4E71,18.4,queries/tpch/SQLStorm/10034.sql,warmup,1,1,1,1,2.827,2000.709,19,5,10,22954315,10,628753360,0,4,lineitem;supplier;nation;orders;customer,140304,0,0,0,0,0,0,59.0,2190
2026-09-19T18:18:44Z,40B1774344BF4E71,18.4,queries/tpch/SQLStorm/10034.sql,measured,1,1,1,1,2.849,2005.074,19,5,10,22954315,10,628753360,0,4,lineitem;supplier;nation;orders;customer,140304,0,0,0,0,0,0,66.0,2094
2026-09-19T18:18:48Z,40B1774344BF4E71,18.4,queries/tpch/SQLStorm/10035.sql,warmup,1,1,1,1,8.010,1420.287,26,8,10,15543836,10,368516480,0,4,lineitem;orders;ixtest_orders_orderdate;customer;partsupp;supplier;nation;part,143042,199,0,0,0,0,0,53.0,2336
2026-09-19T18:18:49Z,40B1774344BF4E71,18.4,queries/tpch/SQLStorm/10035.sql,measured,1,1,1,1,8.021,1365.120,26,8,10,15543836,10,368516480,0,4,lineitem;orders;ixtest_orders_orderdate;customer;partsupp;supplier;nation;part,143243,0,0,0,0,0,0,67.0,1975
2026-09-19T18:18:53Z,40B1774344BF4E71,18.4,queries/tpch/SQLStorm/10036.sql,warmup,1,1,1,1,4.900,1469.885,18,7,10,4282485,10,124345575,29,4,partsupp;region;nation;supplier;ixtest_supplier_nationkey;lineitem;part,5170705,0,0,0,0,0,0,53.0,2106
2026-09-19T18:18:54Z,40B1774344BF4E71,18.4,queries/tpch/SQLStorm/10036.sql,measured,1,1,1,1,4.904,1471.044,18,7,10,4282485,10,124345575,29,4,partsupp;region;nation;supplier;ixtest_supplier_nationkey;lineitem;part,5170704,0,0,0,0,0,0,65.0,2106
2026-09-19T18:19:10Z,40B1774344BF4E71,18.4,queries/tpch/SQLStorm/10037.sql,warmup,1,1,1,1,5.513,13745.015,19,6,10,61612695,10,1237072470,0,4,lineitem;partsupp;orders;customer;supplier;nation,60126996,0,0,0,36315,36320,0,53.0,2040
2026-09-19T18:19:24Z,40B1774344BF4E71,18.4,queries/tpch/SQLStorm/10037.sql,measured,1,1,1,1,5.546,13632.265,19,6,10,61612695,10,1237072470,0,4,lineitem;partsupp;orders;customer;supplier;nation,60126996,0,0,0,36314,36319,0,69.0,2146
2026-09-19T18:19:30Z,40B1774344BF4E71,18.4,queries/tpch/SQLStorm/10038.sql,warmup,1,1,1,1,8.115,3696.603,20,8,12086,14356792,359,310788494,0,4,lineitem;ixtest_lineitem_shipdate;partsupp;orders;customer;supplier;part;nation,11930834,0,0,0,0,0,0,59.0,2210
2026-09-19T18:19:34Z,40B1774344BF4E71,18.4,queries/tpch/SQLStorm/10038.sql,measured,1,1,1,1,8.050,3819.235,20,8,12086,14356792,359,310788494,0,4,lineitem;ixtest_lineitem_shipdate;partsupp;orders;customer;supplier;part;nation,11930834,0,0,0,0,0,0,75.0,2119
2026-09-19T18:19:38Z,40B1774344BF4E71,18.4,queries/tpch/SQLStorm/10039.sql,warmup,1,1,1,1,2.564,1971.342,18,5,25,22954320,25,628753650,0,4,lineitem;supplier;nation;orders;customer,140304,0,0,0,0,0,0,58.0,2118
2026-09-19T18:19:40Z,40B1774344BF4E71,18.4,queries/tpch/SQLStorm/10039.sql,measured,1,1,1,1,2.531,1970.028,18,5,25,22954320,25,628753650,0,4,lineitem;supplier;nation;orders;customer,140304,0,0,0,0,0,0,74.0,2023
2026-09-19T18:19:43Z,40B1774344BF4E71,18.4,queries/tpch/SQLStorm/10040.sql,warmup,1,1,1,1,5.334,127.968,18,7,0,400005,10,14800040,5,4,partsupp;region;nation;supplier;ixtest_supplier_nationkey;lineitem;part,4149,0,0,0,0,0,0,58.0,2499
2026-09-19T18:19:43Z,40B1774344BF4E71,18.4,queries/tpch/SQLStorm/10040.sql,measured,1,1,1,1,4.644,127.179,18,7,0,400005,10,14800040,5,4,partsupp;region;nation;supplier;ixtest_supplier_nationkey;lineitem;part,4149,0,0,0,0,0,0,58.0,2369
2026-09-19T18:19:58Z,40B1774344BF4E71,18.4,queries/tpch/SQLStorm/10041.sql,warmup,1,1,1,1,,,,,,,,,,,,,,,,,,1,58.0,1602
2026-09-19T18:20:14Z,40B1774344BF4E71,18.4,queries/tpch/SQLStorm/10041.sql,measured,1,1,1,1,,,,,,,,,,,,,,,,,,1,60.0,1685
2026-09-19T18:20:14Z,40B1774344BF4E71,18.4,queries/tpch/SQLStorm/10042.sql,warmup,1,1,1,1,2.661,679.826,19,6,25,9183043,25,177441740,0,4,lineitem;orders;ixtest_orders_orderdate;customer;supplier;nation,140496,0,0,0,0,0,0,54.0,1975
2026-09-19T18:20:15Z,40B1774344BF4E71,18.4,queries/tpch/SQLStorm/10042.sql,measured,1,1,1,1,2.639,678.793,19,6,25,9183043,25,177441740,0,4,lineitem;orders;ixtest_orders_orderdate;customer;supplier;nation,140496,0,0,0,0,0,0,54.0,1909
2026-09-19T18:20:30Z,40B1774344BF4E71,18.4,queries/tpch/SQLStorm/10043.sql,warmup,1,1,1,1,5.210,12899.586,20,6,10,27650516,10,1435894931,0,4,lineitem;orders;ixtest_orders_orderdate;part;partsupp;supplier,192943,0,0,0,0,0,0,53.0,1212
2026-09-19T18:20:43Z,40B1774344BF4E71,18.4,queries/tpch/SQLStorm/10043.sql,measured,1,1,1,1,5.213,13015.083,20,6,10,27650516,10,1435894931,0,4,lineitem;orders;ixtest_orders_orderdate;part;partsupp;supplier,192943,0,0,0,0,0,0,55.0,1597
2026-09-19T18:20:55Z,40B1774344BF4E71,18.4,queries/tpch/SQLStorm/10044.sql,warmup,1,1,1,1,2.814,9430.078,16,4,10,36891365,10,1866575785,0,4,lineitem;partsupp;supplier;part,120072,0,0,0,70672,123926,0,50.0,2139
2026-09-19T18:21:05Z,40B1774344BF4E71,18.4,queries/tpch/SQLStorm/10044.sql,measured,1,1,1,1,3.682,9236.834,16,4,10,36889971,10,1866395959,0,4,lineitem;partsupp;supplier;part,120072,0,0,0,70692,123978,0,64.0,2042
2026-09-19T18:21:05Z,40B1774344BF4E71,18.4,queries/tpch/SQLStorm/10045.sql,warmup,1,1,1,1,2.649,680.360,19,6,25,9197371,25,177750910,0,4,lineitem;orders;ixtest_orders_orderdate;customer;supplier;nation,140492,0,0,0,0,0,0,58.0,1975
2026-09-19T18:21:06Z,40B1774344BF4E71,18.4,queries/tpch/SQLStorm/10045.sql,measured,1,1,1,1,2.646,683.959,19,6,25,9197371,25,177750910,0,4,lineitem;orders;ixtest_orders_orderdate;customer;supplier;nation,140492,0,0,0,0,0,0,58.0,1975
2026-09-19T18:21:23Z,40B1774344BF4E71,18.4,queries/tpch/SQLStorm/10046.sql,warmup,1,1,1,1,,,,,,,,,,,,,,,,,,1,56.0,1108
2026-09-19T18:21:39Z,40B1774344BF4E71,18.4,queries/tpch/SQLStorm/10046.sql,measured,1,1,1,1,,,,,,,,,,,,,,,,,,1,61.0,1222
2026-09-19T18:21:39Z,40B1774344BF4E71,18.4,queries/tpch/SQLStorm/10047.sql,warmup,1,1,1,1,1.027,520.599,7,2,10,1932810,10,19423200,0,4,lineitem;ixtest_lineitem_shipdate,105111,787,0,0,0,0,0,58.0,1275
2026-09-19T18:21:40Z,40B1774344BF4E71,18.4,queries/tpch/SQLStorm/10047.sql,measured,1,1,1,1,1.008,517.423,7,2,10,1932810,10,19423200,0,4,lineitem;ixtest_lineitem_shipdate,105898,0,0,0,0,0,0,61.0,1800
2026-09-19T18:21:43Z,40B1774344BF4E71,18.4,queries/tpch/SQLStorm/10048.sql,warmup,1,1,1,1,1.292,807.494,7,2,10,2200017,10,75001241,0,0,partsupp;part,21691,0,0,0,0,0,0,51.0,978
2026-09-19T18:21:44Z,40B1774344BF4E71,18.4,queries/tpch/SQLStorm/10048.sql,measured,1,1,1,1,1.306,808.923,7,2,10,2200017,10,75001241,0,0,partsupp;part,21691,0,0,0,0,0,0,51.0,1240
2026-09-19T18:21:46Z,40B1774344BF4E71,18.4,queries/tpch/SQLStorm/10049.sql,warmup,1,1,1,1,4.591,1521.509,18,7,10,4355126,10,120406015,29,4,partsupp;region;nation;supplier;ixtest_supplier_nationkey;lineitem;part,5295864,0,0,0,0,0,0,52.0,2072
2026-09-19T18:21:47Z,40B1774344BF4E71,18.4,queries/tpch/SQLStorm/10049.sql,measured,1,1,1,1,4.658,1511.346,18,7,10,4355126,10,120406015,29,4,partsupp;region;nation;supplier;ixtest_supplier_nationkey;lineitem;part,5295864,0,0,0,0,0,0,64.0,2172
2026-09-19T18:21:50Z,40B1774344BF4E71,18.4,queries/tpch/SQLStorm/10050.sql,warmup,1,1,1,1,2.950,486.833,16,5,10,1145941,10,45816644,4,0,part;supplier;nation;region;partsupp,173335,15,0,0,0,0,0,52.0,750
2026-09-19T18:21:51Z,40B1774344BF4E71,18.4,queries/tpch/SQLStorm/10050.sql,measured,1,1,1,1,2.830,488.505,16,5,10,1145941,10,45816644,4,0,part;supplier;nation;region;partsupp,173350,0,0,0,0,0,0,52.0,1188
2026-09-19T18:21:55Z,40B1774344BF4E71,18.4,queries/tpch/SQLStorm/10051.sql,warmup,1,1,1,1,3.416,4589.159,19,5,10,33756745,10,1098035980,0,4,lineitem;partsupp;supplier;nation;part,116499,0,0,0,0,0,0,60.0,2194
2026-09-19T18:22:00Z,40B1774344BF4E71,18.4,queries/tpch/SQLStorm/10051.sql,measured,1,1,1,1,3.444,4598.553,19,5,10,33756745,10,1098035980,0,4,lineitem;partsupp;supplier;nation;part,116499,0,0,0,0,0,0,57.0,2095
2026-09-19T18:22:17Z,40B1774344BF4E71,18.4,queries/tpch/SQLStorm/10052.sql,warmup,1,1,1,1,,,,,,,,,,,,,,,,,,1,55.0,1267
2026-09-19T18:22:33Z,40B1774344BF4E71,18.4,queries/tpch/SQLStorm/10052.sql,measured,1,1,1,1,,,,,,,,,,,,,,,,,,1,62.0,1243
2026-09-19T18:22:48Z,40B1774344BF4E71,18.4,queries/tpch/SQLStorm/10053.sql,warmup,1,1,1,1,,,,,,,,,,,,,,,,,,1,59.0,1338
2026-09-19T18:23:03Z,40B1774344BF4E71,18.4,queries/tpch/SQLStorm/10053.sql,measured,1,1,1,1,,,,,,,,,,,,,,,,,,1,60.0,1478
2026-09-19T18:23:04Z,40B1774344BF4E71,18.4,queries/tpch/SQLStorm/10054.sql,warmup,1,1,1,1,2.616,354.448,17,6,10,1517908,10,28574228,0,2,part;orders;ixtest_orders_orderdate;customer;ixtest_customer_mktseg;lineitem,219950,1167,0,0,0,0,0,59.0,1537
2026-09-19T18:23:04Z,40B1774344BF4E71,18.4,queries/tpch/SQLStorm/10054.sql,measured,1,1,1,1,2.625,337.716,17,6,10,1517908,10,28574228,0,2,part;orders;ixtest_orders_orderdate;customer;ixtest_customer_mktseg;lineitem,221117,0,0,0,0,0,0,58.0,1319
2026-09-19T18:23:07Z,40B1774344BF4E71,18.4,queries/tpch/SQLStorm/10055.sql,warmup,1,1,1,1,4.792,2210.420,19,7,10,16011163,10,477935568,4,4,partsupp;region;nation;supplier;ixtest_supplier_nationkey;lineitem;part,5295864,0,0,0,0,0,0,58.0,2063
2026-09-19T18:23:09Z,40B1774344BF4E71,18.4,queries/tpch/SQLStorm/10055.sql,measured,1,1,1,1,4.782,2199.693,19,7,10,16011163,10,477935568,4,4,partsupp;region;nation;supplier;ixtest_supplier_nationkey;lineitem;part,5295864,0,0,0,0,0,0,61.0,1975
2026-09-19T18:23:16Z,40B1774344BF4E71,18.4,queries/tpch/SQLStorm/10056.sql,warmup,1,1,1,1,4.245,4786.940,19,7,3661964,26727325,3588065,1361960461,0,4,lineitem;orders;ixtest_orders_orderdate;customer;part;partsupp;supplier,982283,3,0,0,0,0,0,51.0,1807
2026-09-19T18:23:21Z,40B1774344BF4E71,18.4,queries/tpch/SQLStorm/10056.sql,measured,1,1,1,1,4.208,4760.338,19,7,3661964,26727325,3588065,1361960461,0,4,lineitem;orders;ixtest_orders_orderdate;customer;part;partsupp;supplier,982286,0,0,0,0,0,0,53.0,1869
2026-09-19T18:23:21Z,40B1774344BF4E71,18.4,queries/tpch/SQLStorm/10057.sql,warmup,1,1,1,1,4.909,127.770,18,7,0,400005,10,14800040,5,4,partsupp;region;nation;supplier;ixtest_supplier_nationkey;lineitem;part,4149,0,0,0,0,0,0,52.0,1450
2026-09-19T18:23:22Z,40B1774344BF4E71,18.4,queries/tpch/SQLStorm/10057.sql,measured,1,1,1,1,4.893,128.374,18,7,0,400005,10,14800040,5,4,partsupp;region;nation;supplier;ixtest_supplier_nationkey;lineitem;part,4148,0,0,0,0,0,0,52.0,2500
2026-09-19T18:23:23Z,40B1774344BF4E71,18.4,queries/tpch/SQLStorm/10058.sql,warmup,1,1,1,1,4.591,1475.812,18,7,10,4355126,10,120406015,29,4,partsupp;region;nation;supplier;ixtest_supplier_nationkey;lineitem;part,5295864,0,0,0,0,0,0,52.0,2073
2026-09-19T18:23:25Z,40B1774344BF4E71,18.4,queries/tpch/SQLStorm/10058.sql,measured,1,1,1,1,4.595,1475.615,18,7,10,4355126,10,120406015,29,4,partsupp;region;nation;supplier;ixtest_supplier_nationkey;lineitem;part,5295864,0,0,0,0,0,0,66.0,2073
2026-09-19T18:23:34Z,40B1774344BF4E71,18.4,queries/tpch/SQLStorm/10059.sql,warmup,1,1,1,1,4.830,6160.103,20,7,25,20914311,125,589682722,1,4,lineitem;partsupp;orders;supplier;nation;region;customer,29603273,0,0,0,0,0,0,52.0,2049
2026-09-19T18:23:40Z,40B1774344BF4E71,18.4,queries/tpch/SQLStorm/10059.sql,measured,1,1,1,1,4.873,6166.916,20,7,25,20914311,125,589682722,1,4,lineitem;partsupp;orders;supplier;nation;region;customer,29603273,0,0,0,0,0,0,66.0,2172
2026-09-19T18:23:51Z,40B1774344BF4E71,18.4,queries/tpch/SQLStorm/10060.sql,warmup,1,1,1,1,2.795,9241.447,16,4,10,36889322,10,1866312238,0,4,lineitem;partsupp;supplier;part,120071,0,0,0,70597,124057,0,56.0,2131
2026-09-19T18:24:01Z,40B1774344BF4E71,18.4,queries/tpch/SQLStorm/10060.sql,measured,1,1,1,1,2.818,9170.204,16,4,10,36889670,10,1866357130,0,4,lineitem;partsupp;supplier;part,120072,0,0,0,70614,123878,0,68.0,1997
2026-09-19T18:24:04Z,40B1774344BF4E71,18.4,queries/tpch/SQLStorm/10061.sql,warmup,1,1,1,1,2.771,823.727,20,6,10,6525488,10,100916130,0,3,orders;lineitem;ixtest_lineitem_shipdate;customer;nation;region,134791,725,0,0,0,0,0,57.0,1818
2026-09-19T18:24:05Z,40B1774344BF4E71,18.4,queries/tpch/SQLStorm/10061.sql,measured,1,1,1,1,2.774,776.888,20,6,10,6525488,10,100916130,0,3,orders;lineitem;ixtest_lineitem_shipdate;customer;nation;region,135516,0,0,0,0,0,0,60.0,2185
2026-09-19T18:24:07Z,40B1774344BF4E71,18.4,queries/tpch/SQLStorm/10062.sql,warmup,1,1,1,1,4.792,2310.894,19,7,10,16011163,10,452334772,4,4,partsupp;region;nation;supplier;ixtest_supplier_nationkey;lineitem;part,5295863,0,0,0,0,0,0,59.0,2128
2026-09-19T18:24:10Z,40B1774344BF4E71,18.4,queries/tpch/SQLStorm/10062.sql,measured,1,1,1,1,4.767,2345.535,19,7,10,16011163,10,452334772,4,4,partsupp;region;nation;supplier;ixtest_supplier_nationkey;lineitem;part,5295864,0,0,0,0,0,0,70.0,2116
2026-09-19T18:24:25Z,40B1774344BF4E71,18.4,queries/tpch/SQLStorm/10063.sql,warmup,1,1,1,1,1.891,14825.944,12,3,10,33606092,10,1374070300,0,4,lineitem;part;orders,120897,0,0,0,46176,46184,0,60.0,2073
2026-09-19T18:24:40Z,40B1774344BF4E71,18.4,queries/tpch/SQLStorm/10063.sql,measured,1,1,1,1,1.889,14576.781,12,3,10,33606092,10,1374070300,0,4,lineitem;part;orders,120897,0,0,0,46174,46182,0,60.0,2010
2026-09-19T18:24:57Z,40B1774344BF4E71,18.4,queries/tpch/SQLStorm/10064.sql,warmup,1,1,1,1,,,,,,,,,,,,,,,,,,1,58.0,1474
2026-09-19T18:25:12Z,40B1774344BF4E71,18.4,queries/tpch/SQLStorm/10064.sql,measured,1,1,1,1,,,,,,,,,,,,,,,,,,1,60.0,1167
2026-09-19T18:25:15Z,40B1774344BF4E71,18.4,queries/tpch/SQLStorm/10065.sql,warmup,1,1,1,1,8.689,578.960,21,8,10,3288875,10,48908256,0,4,partsupp;orders;ixtest_orders_orderdate;customer;ixtest_customer_mktseg;lineitem;supplier;part,1134496,210,0,0,0,0,0,52.0,2106
2026-09-19T18:25:16Z,40B1774344BF4E71,18.4,queries/tpch/SQLStorm/10065.sql,measured,1,1,1,1,8.696,569.880,21,8,10,3288492,10,48894468,0,4,partsupp;orders;ixtest_orders_orderdate;customer;ixtest_customer_mktseg;lineitem;supplier;part,1134705,0,0,0,0,0,0,52.0,2041
2026-09-19T18:25:20Z,40B1774344BF4E71,18.4,queries/tpch/SQLStorm/10066.sql,warmup,1,1,1,1,4.565,1388.877,25,8,5,13113126,5,272696590,0,4,lineitem;ixtest_lineitem_shipdate;orders;partsupp;supplier;nation;region;part,113853,0,0,0,0,0,0,52.0,1942
2026-09-19T18:25:21Z,40B1774344BF4E71,18.4,queries/tpch/SQLStorm/10066.sql,measured,1,1,1,1,4.577,1383.470,25,8,5,13113126,5,272696590,0,4,lineitem;ixtest_lineitem_shipdate;orders;partsupp;supplier;nation;region;part,113853,0,0,0,0,0,0,67.0,1942
2026-09-19T18:25:25Z,40B1774344BF4E71,18.4,queries/tpch/SQLStorm/10067.sql,warmup,1,1,1,1,2.330,1719.551,16,4,10,16953100,10,436297470,0,4,lineitem;orders;customer;nation,142372,0,0,0,0,0,0,53.0,2001
2026-09-19T18:25:27Z,40B1774344BF4E71,18.4,queries/tpch/SQLStorm/10067.sql,measured,1,1,1,1,2.344,1720.913,16,4,10,16953100,10,436297470,0,4,lineitem;orders;customer;nation,142372,0,0,0,0,0,0,56.0,2033
2026-09-19T18:25:29Z,40B1774344BF4E71,18.4,queries/tpch/SQLStorm/10068.sql,warmup,1,1,1,1,0.756,70.413,5,2,1,457259,1,1829640,0,3,orders;ixtest_orders_orderdate,26386,0,0,0,0,0,0,54.0,1188
2026-09-19T18:25:30Z,40B1774344BF4E71,18.4,queries/tpch/SQLStorm/10068.sql,measured,1,1,1,1,0.757,80.084,5,2,1,457259,1,1829640,0,3,orders;ixtest_orders_orderdate,26386,0,0,0,0,0,0,54.0,1975
2026-09-19T18:25:32Z,40B1774344BF4E71,18.4,queries/tpch/SQLStorm/10069.sql,warmup,1,1,1,1,4.802,2204.361,19,7,10,16011163,10,477935568,4,4,partsupp;region;nation;supplier;ixtest_supplier_nationkey;lineitem;part,5295864,0,0,0,0,0,0,54.0,2063
2026-09-19T18:25:34Z,40B1774344BF4E71,18.4,queries/tpch/SQLStorm/10069.sql,measured,1,1,1,1,4.813,2201.199,19,7,10,16011163,10,477935568,4,4,partsupp;region;nation;supplier;ixtest_supplier_nationkey;lineitem;part,5295864,0,0,0,0,0,0,67.0,2063
2026-09-19T18:25:38Z,40B1774344BF4E71,18.4,queries/tpch/SQLStorm/10071.sql,warmup,1,1,1,1,0.987,1155.738,5,2,10,2089275,10,24175780,0,0,lineitem;ixtest_lineitem_shipdate,105818,0,0,0,0,0,0,54.0,1000
2026-09-19T18:25:39Z,40B1774344BF4E71,18.4,queries/tpch/SQLStorm/10071.sql,measured,1,1,1,1,0.969,1155.983,5,2,10,2089275,10,24175780,0,0,lineitem;ixtest_lineitem_shipdate,105818,0,0,0,0,0,0,64.0,1263
2026-09-19T18:25:42Z,40B1774344BF4E71,18.4,queries/tpch/SQLStorm/10072.sql,warmup,1,1,1,1,4.825,2209.861,19,7,10,16011163,10,477935568,4,4,partsupp;region;nation;supplier;ixtest_supplier_nationkey;lineitem;part,5295864,0,0,0,0,0,0,59.0,1953
2026-09-19T18:25:44Z,40B1774344BF4E71,18.4,queries/tpch/SQLStorm/10072.sql,measured,1,1,1,1,4.790,2201.524,19,7,10,16011163,10,477935568,4,4,partsupp;region;nation;supplier;ixtest_supplier_nationkey;lineitem;part,5295864,0,0,0,0,0,0,61.0,1887
2026-09-19T18:25:46Z,40B1774344BF4E71,18.4,queries/tpch/SQLStorm/10073.sql,warmup,1,1,1,1,8.210,9.482,18,7,0,5,10,40,5,4,partsupp;region;nation;supplier;ixtest_supplier_nationkey;lineitem;part,132,0,0,0,0,0,0,54.0,1188
2026-09-19T18:25:47Z,40B1774344BF4E71,18.4,queries/tpch/SQLStorm/10073.sql,measured,1,1,1,1,8.269,9.490,18,7,0,5,10,40,5,4,partsupp;region;nation;supplier;ixtest_supplier_nationkey;lineitem;part,132,0,0,0,0,0,0,54.0,1188
2026-09-19T18:25:51Z,40B1774344BF4E71,18.4,queries/tpch/SQLStorm/10074.sql,warmup,1,1,1,1,1.507,4329.507,11,3,10,3820017,10,135081377,0,0,partsupp;supplier;part,21727,0,0,0,5994,5995,0,54.0,997
2026-09-19T18:25:56Z,40B1774344BF4E71,18.4,queries/tpch/SQLStorm/10074.sql,measured,1,1,1,1,1.532,4367.420,11,3,10,3820017,10,135081377,0,0,partsupp;supplier;part,21727,0,0,0,5994,5995,0,63.0,1039
2026-09-19T18:26:00Z,40B1774344BF4E71,18.4,queries/tpch/SQLStorm/10075.sql,warmup,1,1,1,1,4.596,2123.985,19,7,10,16011163,10,457298976,4,4,partsupp;region;nation;supplier;ixtest_supplier_nationkey;lineitem;part,5295864,0,0,0,0,0,0,52.0,2142
2026-09-19T18:26:02Z,40B1774344BF4E71,18.4,queries/tpch/SQLStorm/10075.sql,measured,1,1,1,1,4.610,2125.223,19,7,10,16011163,10,457298976,4,4,partsupp;region;nation;supplier;ixtest_supplier_nationkey;lineitem;part,5295864,0,0,0,0,0,0,64.0,2106
2026-09-19T18:26:07Z,40B1774344BF4E71,18.4,queries/tpch/SQLStorm/10076.sql,warmup,1,1,1,1,2.584,1970.463,18,5,25,22954320,25,628753650,0,4,lineitem;supplier;nation;orders;customer,140304,0,0,0,0,0,0,53.0,1999
2026-09-19T18:26:09Z,40B1774344BF4E71,18.4,queries/tpch/SQLStorm/10076.sql,measured,1,1,1,1,2.577,1972.037,18,5,25,22954320,25,628753650,0,4,lineitem;supplier;nation;orders;customer,140304,0,0,0,0,0,0,68.0,2047
2026-09-19T18:26:26Z,40B1774344BF4E71,18.4,queries/tpch/SQLStorm/10077.sql,warmup,1,1,1,1,,,,,,,,,,,,,,,,,,1,54.0,904
2026-09-19T18:26:41Z,40B1774344BF4E71,18.4,queries/tpch/SQLStorm/10077.sql,measured,1,1,1,1,,,,,,,,,,,,,,,,,,1,61.0,1053
2026-09-19T18:26:46Z,40B1774344BF4E71,18.4,queries/tpch/SQLStorm/10078.sql,warmup,1,1,1,1,1.390,4409.194,9,2,10,14593891,10,732738402,0,4,lineitem;part,116731,0,0,0,8913,16347,0,60.0,1644
2026-09-19T18:26:51Z,40B1774344BF4E71,18.4,queries/tpch/SQLStorm/10078.sql,measured,1,1,1,1,1.408,4405.364,9,2,10,14593952,10,732745234,0,4,lineitem;part,116731,0,0,0,8903,16332,0,53.0,1792
2026-09-19T18:27:08Z,40B1774344BF4E71,18.4,queries/tpch/SQLStorm/10079.sql,warmup,1,1,1,1,,,,,,,,,,,,,,,,,,1,52.0,1105
2026-09-19T18:27:23Z,40B1774344BF4E71,18.4,queries/tpch/SQLStorm/10079.sql,measured,1,1,1,1,,,,,,,,,,,,,,,,,,1,58.0,1302
2026-09-19T18:27:29Z,40B1774344BF4E71,18.4,queries/tpch/SQLStorm/1008.sql,warmup,1,1,1,1,2.375,5253.012,22,7,10,8215750,128452,190156546,788047,3,orders;part;partsupp;ixtest_orders_status;customer,106554,616,0,0,0,0,0,58.0,1021
2026-09-19T18:27:34Z,40B1774344BF4E71,18.4,queries/tpch/SQLStorm/1008.sql,measured,1,1,1,1,2.352,5193.370,22,7,10,8215750,128452,190156546,788047,3,orders;part;partsupp;ixtest_orders_status;customer,107170,0,0,0,0,0,0,58.0,1042
2026-09-19T18:27:35Z,40B1774344BF4E71,18.4,queries/tpch/SQLStorm/10080.sql,warmup,1,1,1,1,4.864,1335.056,25,8,25,15513103,25,367584020,0,4,lineitem;orders;ixtest_orders_orderdate;customer;partsupp;supplier;nation;part,143246,0,0,0,0,0,0,60.0,1975
2026-09-19T18:27:37Z,40B1774344BF4E71,18.4,queries/tpch/SQLStorm/10080.sql,measured,1,1,1,1,4.848,1338.224,25,8,25,15513103,25,367584020,0,4,lineitem;orders;ixtest_orders_orderdate;customer;partsupp;supplier;nation;part,143246,0,0,0,0,0,0,65.0,2172
2026-09-19T18:27:40Z,40B1774344BF4E71,18.4,queries/tpch/SQLStorm/10081.sql,warmup,1,1,1,1,0.967,482.211,7,2,10,1939943,10,18600080,0,4,lineitem;ixtest_lineitem_shipdate,105830,0,0,0,0,0,0,51.0,1975
2026-09-19T18:27:40Z,40B1774344BF4E71,18.4,queries/tpch/SQLStorm/10081.sql,measured,1,1,1,1,0.986,482.683,7,2,10,1939943,10,18600080,0,4,lineitem;ixtest_lineitem_shipdate,105830,0,0,0,0,0,0,51.0,1888
2026-09-19T18:27:44Z,40B1774344BF4E71,18.4,queries/tpch/SQLStorm/10082.sql,warmup,1,1,1,1,4.895,1484.833,18,7,10,4342336,10,126228024,29,4,partsupp;region;nation;supplier;ixtest_supplier_nationkey;lineitem;part,5295864,0,0,0,0,0,0,51.0,1909
2026-09-19T18:27:46Z,40B1774344BF4E71,18.4,queries/tpch/SQLStorm/10082.sql,measured,1,1,1,1,4.922,1484.788,18,7,10,4342336,10,126228024,29,4,partsupp;region;nation;supplier;ixtest_supplier_nationkey;lineitem;part,5295863,0,0,0,0,0,0,63.0,2139
2026-09-19T18:27:50Z,40B1774344BF4E71,18.4,queries/tpch/SQLStorm/10083.sql,warmup,1,1,1,1,1.625,2192.881,10,3,100,5010200,100,286120600,0,0,part;partsupp;supplier,54557,0,0,0,0,0,0,52.0,1209
2026-09-19T18:27:52Z,40B1774344BF4E71,18.4,queries/tpch/SQLStorm/10083.sql,measured,1,1,1,1,1.632,2199.460,10,3,100,5010200,100,286120600,0,0,part;partsupp;supplier,54557,0,0,0,0,0,0,61.0,1078
2026-09-19T18:27:53Z,40B1774344BF4E71,18.4,queries/tpch/SQLStorm/10084.sql,warmup,1,1,1,1,2.866,713.958,20,6,10,8273198,10,199649030,0,4,lineitem;orders;ixtest_orders_orderdate;customer;nation;region,142570,0,0,0,0,0,0,60.0,2106
2026-09-19T18:27:54Z,40B1774344BF4E71,18.4,queries/tpch/SQLStorm/10084.sql,measured,1,1,1,1,2.957,720.120,20,6,10,8273198,10,199649030,0,4,lineitem;orders;ixtest_orders_orderdate;customer;nation;region,142570,0,0,0,0,0,0,60.0,2303
2026-09-19T18:27:58Z,40B1774344BF4E71,18.4,queries/tpch/SQLStorm/10085.sql,warmup,1,1,1,1,1.714,1899.147,10,3,100,5010200,100,295721400,0,0,part;partsupp;supplier,54557,0,0,0,0,0,0,51.0,899
2026-09-19T18:28:00Z,40B1774344BF4E71,18.4,queries/tpch/SQLStorm/10085.sql,measured,1,1,1,1,1.713,1892.218,10,3,100,5010200,100,295721400,0,0,part;partsupp;supplier,54557,0,0,0,0,0,0,52.0,1240
2026-09-19T18:28:01Z,40B1774344BF4E71,18.4,queries/tpch/SQLStorm/10086.sql,warmup,1,1,1,1,2.396,766.577,17,5,10,6517968,10,100785634,0,3,orders;lineitem;ixtest_lineitem_shipdate;customer;nation,135476,0,0,0,0,0,0,52.0,2185
2026-09-19T18:28:02Z,40B1774344BF4E71,18.4,queries/tpch/SQLStorm/10086.sql,measured,1,1,1,1,2.386,768.000,17,5,10,6517968,10,100785634,0,3,orders;lineitem;ixtest_lineitem_shipdate;customer;nation,135475,0,0,0,0,0,0,53.0,2132
2026-09-19T18:28:04Z,40B1774344BF4E71,18.4,queries/tpch/SQLStorm/10087.sql,warmup,1,1,1,1,4.574,2123.853,19,7,10,16011163,10,457298976,4,4,partsupp;region;nation;supplier;ixtest_supplier_nationkey;lineitem;part,5295864,0,0,0,0,0,0,53.0,2357
2026-09-19T18:28:07Z,40B1774344BF4E71,18.4,queries/tpch/SQLStorm/10087.sql,measured,1,1,1,1,4.629,2154.549,19,7,10,16011163,10,457298976,4,4,partsupp;region;nation;supplier;ixtest_supplier_nationkey;lineitem;part,5295863,0,0,0,0,0,0,62.0,2172
2026-09-19T18:28:09Z,40B1774344BF4E71,18.4,queries/tpch/SQLStorm/10088.sql,warmup,1,1,1,1,4.666,129.974,18,7,0,400005,10,14800040,5,4,partsupp;region;nation;supplier;ixtest_supplier_nationkey;lineitem;part,4149,0,0,0,0,0,0,52.0,1450
2026-09-19T18:28:09Z,40B1774344BF4E71,18.4,queries/tpch/SQLStorm/10088.sql,measured,1,1,1,1,4.618,129.034,18,7,0,400005,10,14800040,5,4,partsupp;region;nation;supplier;ixtest_supplier_nationkey;lineitem;part,4149,0,0,0,0,0,0,52.0,2369
2026-09-19T18:28:11Z,40B1774344BF4E71,18.4,queries/tpch/SQLStorm/10089.sql,warmup,1,1,1,1,8.152,1044.551,18,7,10,2149448,10,52067692,10,4,partsupp;region;nation;supplier;ixtest_supplier_nationkey;lineitem;part,2398634,0,0,0,0,0,0,52.0,1888
2026-09-19T18:28:12Z,40B1774344BF4E71,18.4,queries/tpch/SQLStorm/10089.sql,measured,1,1,1,1,8.187,1047.266,18,7,10,2149448,10,52067692,10,4,partsupp;region;nation;supplier;ixtest_supplier_nationkey;lineitem;part,2398634,0,0,0,0,0,0,64.0,1844
2026-09-19T18:28:13Z,40B1774344BF4E71,18.4,queries/tpch/SQLStorm/10090.sql,warmup,1,1,1,1,1.336,1452.390,5,2,100,2089455,100,47939115,0,0,lineitem;ixtest_lineitem_shipdate,105818,0,0,0,2031,3778,0,55.0,1188
2026-09-19T18:28:15Z,40B1774344BF4E71,18.4,queries/tpch/SQLStorm/10090.sql,measured,1,1,1,1,1.031,1456.017,5,2,100,2089455,100,47939115,0,0,lineitem;ixtest_lineitem_shipdate,105818,0,0,0,2031,3778,0,58.0,1155
2026-09-19T18:28:17Z,40B1774344BF4E71,18.4,queries/tpch/SQLStorm/10091.sql,warmup,1,1,1,1,4.066,314.982,16,7,25,935633,25,20469308,0,3,orders;ixtest_orders_orderdate;lineitem;partsupp;customer;supplier;nation,931240,0,0,0,0,0,0,51.0,1844
2026-09-19T18:28:18Z,40B1774344BF4E71,18.4,queries/tpch/SQLStorm/10091.sql,measured,1,1,1,1,4.074,313.725,16,7,25,935633,25,20469308,0,3,orders;ixtest_orders_orderdate;lineitem;partsupp;customer;supplier;nation,931240,0,0,0,0,0,0,51.0,2107
2026-09-19T18:28:18Z,40B1774344BF4E71,18.4,queries/tpch/SQLStorm/10092.sql,warmup,1,1,1,1,5.252,511.617,20,8,33917,1593484,15,42481088,25,4,partsupp;nation;supplier;ixtest_supplier_nationkey;lineitem;orders;customer;region,1411321,0,0,0,0,0,0,51.0,2062
2026-09-19T18:28:19Z,40B1774344BF4E71,18.4,queries/tpch/SQLStorm/10092.sql,measured,1,1,1,1,5.164,529.958,20,8,33917,1593484,15,42481088,25,4,partsupp;nation;supplier;ixtest_supplier_nationkey;lineitem;orders;customer;region,1411321,0,0,0,0,0,0,62.0,1910
2026-09-19T18:28:24Z,40B1774344BF4E71,18.4,queries/tpch/SQLStorm/10093.sql,warmup,1,1,1,1,4.812,2198.617,19,7,10,16011163,10,477935568,4,4,partsupp;region;nation;supplier;ixtest_supplier_nationkey;lineitem;part,5295863,0,0,0,0,0,0,51.0,1909
2026-09-19T18:28:26Z,40B1774344BF4E71,18.4,queries/tpch/SQLStorm/10093.sql,measured,1,1,1,1,4.838,2206.409,19,7,10,16011163,10,477935568,4,4,partsupp;region;nation;supplier;ixtest_supplier_nationkey;lineitem;part,5295864,0,0,0,0,0,0,64.0,1953
2026-09-19T18:28:29Z,40B1774344BF4E71,18.4,queries/tpch/SQLStorm/10094.sql,warmup,1,1,1,1,1.081,541.319,6,2,2,1818942,6,22742903,0,4,lineitem;ixtest_lineitem_shipdate,105659,0,0,0,0,0,0,53.0,2063
2026-09-19T18:28:29Z,40B1774344BF4E71,18.4,queries/tpch/SQLStorm/10094.sql,measured,1,1,1,1,1.067,535.040,6,2,2,1818942,6,22742903,0,4,lineitem;ixtest_lineitem_shipdate,105659,0,0,0,0,0,0,53.0,2063
2026-09-19T18:28:33Z,40B1774344BF4E71,18.4,queries/tpch/SQLStorm/10095.sql,warmup,1,1,1,1,1.417,1866.791,9,5,732044,5548597,737800,125310996,0,0,orders;ixtest_orders_status;tr;lineitem;ixtest_lineitem_shipdate,131777,618,0,0,0,0,0,52.0,1030
2026-09-19T18:28:35Z,40B1774344BF4E71,18.4,queries/tpch/SQLStorm/10095.sql,measured,1,1,1,1,1.350,1861.613,9,5,732044,5548597,737800,125310996,0,0,orders;ixtest_orders_status;tr;lineitem;ixtest_lineitem_shipdate,132395,0,0,0,0,0,0,54.0,1161
2026-09-19T18:28:37Z,40B1774344BF4E71,18.4,queries/tpch/SQLStorm/10096.sql,warmup,1,1,1,1,1.673,1312.607,10,3,10,4410020,10,164441700,0,0,part;partsupp;supplier,44555,0,0,0,0,0,0,53.0,963
2026-09-19T18:28:38Z,40B1774344BF4E71,18.4,queries/tpch/SQLStorm/10096.sql,measured,1,1,1,1,2.046,1309.373,10,3,10,4410020,10,164441700,0,0,part;partsupp;supplier,44555,0,0,0,0,0,0,58.0,963
2026-09-19T18:28:40Z,40B1774344BF4E71,18.4,queries/tpch/SQLStorm/10097.sql,warmup,1,1,1,1,0.967,1149.568,5,2,10,2096916,10,24251048,0,0,lineitem;ixtest_lineitem_shipdate,105750,0,0,0,0,0,0,58.0,1038
2026-09-19T18:28:41Z,40B1774344BF4E71,18.4,queries/tpch/SQLStorm/10097.sql,measured,1,1,1,1,0.974,1146.583,5,2,10,2096916,10,24251048,0,0,lineitem;ixtest_lineitem_shipdate,105750,0,0,0,0,0,0,60.0,1144
2026-09-19T18:28:48Z,40B1774344BF4E71,18.4,queries/tpch/SQLStorm/10098.sql,warmup,1,1,1,1,4.892,7271.405,21,7,25,26409066,125,761915886,1,4,lineitem;partsupp;orders;supplier;nation;region;customer,35096219,0,0,0,0,0,0,60.0,2188
2026-09-19T18:28:56Z,40B1774344BF4E71,18.4,queries/tpch/SQLStorm/10098.sql,measured,1,1,1,1,4.875,7263.394,21,7,25,26409066,125,761915886,1,4,lineitem;partsupp;orders;supplier;nation;region;customer,35096219,0,0,0,0,0,0,68.0,2216
2026-09-19T18:29:13Z,40B1774344BF4E71,18.4,queries/tpch/SQLStorm/10099.sql,warmup,1,1,1,1,,,,,,,,,,,,,,,,,,1,57.0,1246
2026-09-19T18:29:28Z,40B1774344BF4E71,18.4,queries/tpch/SQLStorm/10099.sql,measured,1,1,1,1,,,,,,,,,,,,,,,,,,1,62.0,1194
2026-09-19T18:29:33Z,40B1774344BF4E71,18.4,queries/tpch/SQLStorm/101.sql,warmup,1,1,1,1,2.559,4334.095,23,8,200035,16762225,200000,473282973,183797,4,part;ts;sp;partsupp;supplier;rbp;lineitem;orders,161253,0,0,0,1589,3086,0,57.0,1402
2026-09-19T18:29:37Z,40B1774344BF4E71,18.4,queries/tpch/SQLStorm/101.sql,measured,1,1,1,1,2.565,4346.064,23,8,200035,16763835,200000,473340933,183797,4,part;ts;sp;partsupp;supplier;rbp;lineitem;orders,161253,0,0,0,1589,3086,0,58.0,1541
2026-09-19T18:29:40Z,40B1774344BF4E71,18.4,queries/tpch/SQLStorm/10100.sql,warmup,1,1,1,1,4.357,98.395,19,7,0,5,10,40,5,4,partsupp;region;nation;supplier;ixtest_supplier_nationkey;part;lineitem,116,0,0,0,0,0,0,52.0,1713
2026-09-19T18:29:40Z,40B1774344BF4E71,18.4,queries/tpch/SQLStorm/10100.sql,measured,1,1,1,1,4.360,98.826,19,7,0,5,10,40,5,4,partsupp;region;nation;supplier;ixtest_supplier_nationkey;part;lineitem,116,0,0,0,0,0,0,52.0,1713
2026-09-19T18:29:40Z,40B1774344BF4E71,18.4,queries/tpch/SQLStorm/10101.sql,warmup,1,1,1,1,2.203,267.982,16,6,3750,1850502,3750,38035806,4,2,part;nation;region;supplier;ixtest_supplier_nationkey;partsupp,505740,4,0,0,0,0,0,52.0,1581
2026-09-19T18:29:41Z,40B1774344BF4E71,18.4,queries/tpch/SQLStorm/10101.sql,measured,1,1,1,1,2.197,273.722,16,6,3750,1850498,3750,38035550,4,2,part;nation;region;supplier;ixtest_supplier_nationkey;partsupp,505744,0,0,0,0,0,0,52.0,1713
2026-09-19T18:29:42Z,40B1774344BF4E71,18.4,queries/tpch/SQLStorm/10102.sql,warmup,1,1,1,1,4.892,1488.187,18,7,10,4340374,10,126149646,29,4,partsupp;region;nation;supplier;ixtest_supplier_nationkey;lineitem;part,5295864,0,0,0,0,0,0,60.0,2172
2026-09-19T18:29:44Z,40B1774344BF4E71,18.4,queries/tpch/SQLStorm/10102.sql,measured,1,1,1,1,4.921,1493.954,18,7,10,4340374,10,126149646,29,4,partsupp;region;nation;supplier;ixtest_supplier_nationkey;lineitem;part,5295864,0,0,0,0,0,0,65.0,2205
2026-09-19T18:29:46Z,40B1774344BF4E71,18.4,queries/tpch/SQLStorm/10103.sql,warmup,1,1,1,1,4.808,145.266,19,7,0,400005,10,14800040,5,4,partsupp;region;nation;supplier;ixtest_supplier_nationkey;lineitem;part,4148,0,0,0,0,0,0,52.0,1712
2026-09-19T18:29:47Z,40B1774344BF4E71,18.4,queries/tpch/SQLStorm/10103.sql,measured,1,1,1,1,4.826,144.493,19,7,0,400005,10,14800040,5,4,partsupp;region;nation;supplier;ixtest_supplier_nationkey;lineitem;part,4149,0,0,0,0,0,0,52.0,2106
2026-09-19T18:29:48Z,40B1774344BF4E71,18.4,queries/tpch/SQLStorm/10104.sql,warmup,1,1,1,1,2.523,999.375,18,5,25,8936200,25,162228100,834553,4,lineitem;orders;customer;nation;region,142377,0,0,0,0,0,0,52.0,1975
2026-09-19T18:29:49Z,40B1774344BF4E71,18.4,queries/tpch/SQLStorm/10104.sql,measured,1,1,1,1,2.519,1002.108,18,5,25,8936200,25,162228100,834553,4,lineitem;orders;customer;nation;region,142377,0,0,0,0,0,0,56.0,1975
2026-09-19T18:29:52Z,40B1774344BF4E71,18.4,queries/tpch/SQLStorm/10105.sql,warmup,1,1,1,1,2.251,746.501,16,5,25,6525353,25,100912860,0,3,orders;lineitem;ixtest_lineitem_shipdate;customer;nation,135512,0,0,0,0,0,0,52.0,1870
2026-09-19T18:29:53Z,40B1774344BF4E71,18.4,queries/tpch/SQLStorm/10105.sql,measured,1,1,1,1,2.271,744.692,16,5,25,6525353,25,100912860,0,3,orders;lineitem;ixtest_lineitem_shipdate;customer;nation,135512,0,0,0,0,0,0,55.0,1713
2026-09-19T18:29:57Z,40B1774344BF4E71,18.4,queries/tpch/SQLStorm/10106.sql,warmup,1,1,1,1,4.744,3160.718,19,6,100,16293641,100,813026027,0,4,lineitem;orders;ixtest_orders_orderdate;partsupp;supplier;part,145407,0,0,0,2098,3976,0,55.0,1836
2026-09-19T18:30:00Z,40B1774344BF4E71,18.4,queries/tpch/SQLStorm/10106.sql,measured,1,1,1,1,4.693,2996.378,19,6,100,16292765,100,812905139,0,4,lineitem;orders;ixtest_orders_orderdate;partsupp;supplier;part,145408,0,0,0,2103,3980,0,57.0,1762
2026-09-19T18:30:03Z,40B1774344BF4E71,18.4,queries/tpch/SQLStorm/10108.sql,warmup,1,1,1,1,1.373,3198.892,9,2,10,14594960,10,508153825,0,4,lineitem;part,116731,0,0,0,0,0,0,60.0,1790
2026-09-19T18:30:07Z,40B1774344BF4E71,18.4,queries/tpch/SQLStorm/10108.sql,measured,1,1,1,1,1.372,3227.123,9,2,10,14595123,10,508165072,0,4,lineitem;part,116731,0,0,0,0,0,0,56.0,1681
2026-09-19T18:30:14Z,40B1774344BF4E71,18.4,queries/tpch/SQLStorm/10109.sql,warmup,1,1,1,1,3.422,4561.523,19,5,10,33756745,10,1098035980,0,4,lineitem;partsupp;supplier;nation;part,116498,0,0,0,0,0,0,54.0,2095
2026-09-19T18:30:18Z,40B1774344BF4E71,18.4,queries/tpch/SQLStorm/10109.sql,measured,1,1,1,1,3.442,4560.815,19,5,10,33756745,10,1098035980,0,4,lineitem;partsupp;supplier;nation;part,116498,0,0,0,0,0,0,71.0,2041
2026-09-19T18:30:21Z,40B1774344BF4E71,18.4,queries/tpch/SQLStorm/10110.sql,warmup,1,1,1,1,0.998,416.485,7,2,7,1818010,7,20910852,0,4,lineitem;ixtest_lineitem_shipdate,105872,0,0,0,0,0,0,56.0,1888
2026-09-19T18:30:22Z,40B1774344BF4E71,18.4,queries/tpch/SQLStorm/10110.sql,measured,1,1,1,1,1.000,414.301,7,2,7,1818010,7,20910852,0,4,lineitem;ixtest_lineitem_shipdate,105872,0,0,0,0,0,0,56.0,1800
2026-09-19T18:30:37Z,40B1774344BF4E71,18.4,queries/tpch/SQLStorm/10111.sql,warmup,1,1,1,1,5.516,13720.342,19,6,10,61612695,10,1237072470,0,4,lineitem;partsupp;orders;customer;supplier;nation,60126996,0,0,0,36314,36319,0,56.0,2118
2026-09-19T18:30:51Z,40B1774344BF4E71,18.4,queries/tpch/SQLStorm/10111.sql,measured,1,1,1,1,5.523,13714.781,19,6,10,61612695,10,1237072470,0,4,lineitem;partsupp;orders;customer;supplier;nation,60126996,0,0,0,36314,36319,0,71.0,2180
2026-09-19T18:30:56Z,40B1774344BF4E71,18.4,queries/tpch/SQLStorm/10112.sql,warmup,1,1,1,1,23.072,1940.001,23,9,10,4689433,10,122220582,5,4,partsupp;region;nation;supplier;ixtest_supplier_nationkey;lineitem;orders;part;customer,7775999,0,0,0,0,0,0,60.0,2166
2026-09-19T18:30:58Z,40B1774344BF4E71,18.4,queries/tpch/SQLStorm/10112.sql,measured,1,1,1,1,25.740,1938.708,23,9,10,4689433,10,122220582,5,4,partsupp;region;nation;supplier;ixtest_supplier_nationkey;lineitem;orders;part;customer,7775999,0,0,0,0,0,0,70.0,2070
2026-09-19T18:31:01Z,40B1774344BF4E71,18.4,queries/tpch/SQLStorm/10113.sql,warmup,1,1,1,1,2.861,720.511,20,6,10,8273198,10,199649030,0,4,lineitem;orders;ixtest_orders_orderdate;customer;nation;region,142570,0,0,0,0,0,0,59.0,2080
2026-09-19T18:31:02Z,40B1774344BF4E71,18.4,queries/tpch/SQLStorm/10113.sql,measured,1,1,1,1,2.895,711.807,20,6,10,8273198,10,199649030,0,4,lineitem;orders;ixtest_orders_orderdate;customer;nation;region,142571,0,0,0,0,0,0,60.0,1909
2026-09-19T18:31:09Z,40B1774344BF4E71,18.4,queries/tpch/SQLStorm/10114.sql,warmup,1,1,1,1,6.207,7609.960,16,5,10,20461567,10,632033117,1,4,lineitem;partsupp;orders;part;supplier,29603267,0,0,0,0,0,0,60.0,2217
2026-09-19T18:31:17Z,40B1774344BF4E71,18.4,queries/tpch/SQLStorm/10114.sql,measured,1,1,1,1,6.109,7485.636,16,5,10,20461147,10,632005817,1,4,lineitem;partsupp;orders;part;supplier,29603267,0,0,0,0,0,0,72.0,2162
2026-09-19T18:31:21Z,40B1774344BF4E71,18.4,queries/tpch/SQLStorm/10115.sql,warmup,1,1,1,1,4.890,1342.219,20,7,10,3555956,10,82236824,29,4,partsupp;region;nation;supplier;ixtest_supplier_nationkey;lineitem;part,5295924,0,0,0,0,0,0,60.0,1942
2026-09-19T18:31:22Z,40B1774344BF4E71,18.4,queries/tpch/SQLStorm/10115.sql,measured,1,1,1,1,4.924,1336.065,20,7,10,3555925,10,82234840,29,4,partsupp;region;nation;supplier;ixtest_supplier_nationkey;lineitem;part,5295924,0,0,0,0,0,0,73.0,2125
2026-09-19T18:31:30Z,40B1774344BF4E71,18.4,queries/tpch/SQLStorm/10116.sql,warmup,1,1,1,1,1.539,5493.763,8,2,10,18002450,10,312044540,0,3,orders;lineitem,156106,0,0,0,0,0,0,59.0,1469
2026-09-19T18:31:35Z,40B1774344BF4E71,18.4,queries/tpch/SQLStorm/10116.sql,measured,1,1,1,1,1.529,5507.855,8,2,10,18002450,10,312044540,0,3,orders;lineitem,156333,0,0,0,0,0,0,67.0,1591
2026-09-19T18:31:40Z,40B1774344BF4E71,18.4,queries/tpch/SQLStorm/10117.sql,warmup,1,1,1,1,1.607,2285.720,10,3,10,5010020,10,286102060,0,0,part;partsupp;supplier,54557,0,0,0,0,0,0,56.0,991
2026-09-19T18:31:42Z,40B1774344BF4E71,18.4,queries/tpch/SQLStorm/10117.sql,measured,1,1,1,1,1.611,2299.276,10,3,10,5010020,10,286102060,0,0,part;partsupp;supplier,54557,0,0,0,0,0,0,61.0,1406
2026-09-19T18:31:46Z,40B1774344BF4E71,18.4,queries/tpch/SQLStorm/10118.sql,warmup,1,1,1,1,1.521,1681.264,8,3,100,6042664,100,67507364,0,0,lineitem;ixtest_lineitem_shipdate;orders,111440,0,0,0,0,0,0,54.0,896
2026-09-19T18:31:48Z,40B1774344BF4E71,18.4,queries/tpch/SQLStorm/10118.sql,measured,1,1,1,1,1.517,1678.440,8,3,100,6042664,100,67507364,0,0,lineitem;ixtest_lineitem_shipdate;orders,111440,0,0,0,0,0,0,63.0,1071
2026-09-19T18:31:51Z,40B1774344BF4E71,18.4,queries/tpch/SQLStorm/10119.sql,warmup,1,1,1,1,3.909,1282.354,22,7,25,14970697,25,364127430,0,4,lineitem;orders;ixtest_orders_orderdate;partsupp;supplier;nation;part,142827,0,0,0,0,0,0,53.0,2162
2026-09-19T18:31:53Z,40B1774344BF4E71,18.4,queries/tpch/SQLStorm/10119.sql,measured,1,1,1,1,3.868,1303.403,22,7,25,14970697,25,364127430,0,4,lineitem;orders;ixtest_orders_orderdate;partsupp;supplier;nation;part,142828,0,0,0,0,0,0,67.0,2162
2026-09-19T18:32:00Z,40B1774344BF4E71,18.4,queries/tpch/SQLStorm/10120.sql,warmup,1,1,1,1,4.578,4789.309,19,5,5,33756735,5,1098035400,0,4,lineitem;partsupp;supplier;nation;part,116499,0,0,0,0,0,0,53.0,2258
2026-09-19T18:32:05Z,40B1774344BF4E71,18.4,queries/tpch/SQLStorm/10120.sql,measured,1,1,1,1,3.409,4617.541,19,5,5,33756735,5,1098035400,0,4,lineitem;partsupp;supplier;nation;part,116499,0,0,0,0,0,0,59.0,2347
2026-09-19T18:32:08Z,40B1774344BF4E71,18.4,queries/tpch/SQLStorm/10121.sql,warmup,1,1,1,1,4.910,1495.853,18,7,10,4355126,10,126731819,29,4,partsupp;region;nation;supplier;ixtest_supplier_nationkey;lineitem;part,5295864,0,0,0,0,0,0,56.0,1909
2026-09-19T18:32:10Z,40B1774344BF4E71,18.4,queries/tpch/SQLStorm/10121.sql,measured,1,1,1,1,4.925,1499.718,18,7,10,4355126,10,126731819,29,4,partsupp;region;nation;supplier;ixtest_supplier_nationkey;lineitem;part,5295864,0,0,0,0,0,0,70.0,2238
2026-09-19T18:32:27Z,40B1774344BF4E71,18.4,queries/tpch/SQLStorm/10122.sql,warmup,1,1,1,1,2.267,14438.099,14,4,25,77614630,25,1510692140,0,4,lineitem;orders;customer;partsupp,956312,0,0,0,27854,27859,0,56.0,1979
2026-09-19T18:32:41Z,40B1774344BF4E71,18.4,queries/tpch/SQLStorm/10122.sql,measured,1,1,1,1,2.239,14493.654,14,4,25,77614630,25,1510692140,0,4,lineitem;orders;customer;partsupp,956312,0,0,0,27852,27857,0,64.0,2022
2026-09-19T18:32:45Z,40B1774344BF4E71,18.4,queries/tpch/SQLStorm/10123.sql,warmup,1,1,1,1,3.113,1539.492,19,6,10,8622056,10,309448216,0,3,orders;lineitem;ixtest_lineitem_shipdate;customer;nation;region,135561,0,0,0,0,0,0,52.0,1778
2026-09-19T18:32:47Z,40B1774344BF4E71,18.4,queries/tpch/SQLStorm/10123.sql,measured,1,1,1,1,3.104,1637.927,19,6,10,8622056,10,309448216,0,3,orders;lineitem;ixtest_lineitem_shipdate;customer;nation;region,135560,0,0,0,0,0,0,60.0,2238
2026-09-19T18:32:55Z,40B1774344BF4E71,18.4,queries/tpch/SQLStorm/10124.sql,warmup,1,1,1,1,2.885,2135.638,19,5,10,22954315,10,628753360,0,4,lineitem;supplier;nation;orders;customer,140304,0,0,0,0,0,0,58.0,2476
2026-09-19T18:32:57Z,40B1774344BF4E71,18.4,queries/tpch/SQLStorm/10124.sql,measured,1,1,1,1,2.870,2110.111,19,5,10,22954315,10,628753360,0,4,lineitem;supplier;nation;orders;customer,140304,0,0,0,0,0,0,69.0,2500
2026-09-19T18:33:01Z,40B1774344BF4E71,18.4,queries/tpch/SQLStorm/10125.sql,warmup,1,1,1,1,4.641,992.942,20,7,10,2351220,10,44032090,0,0,partsupp;lineitem;ixtest_lineitem_shipdate;part;supplier;nation;region,44808,0,0,0,0,0,0,56.0,1931
2026-09-19T18:33:02Z,40B1774344BF4E71,18.4,queries/tpch/SQLStorm/10125.sql,measured,1,1,1,1,4.719,989.548,20,7,10,2351220,10,44032090,0,0,partsupp;lineitem;ixtest_lineitem_shipdate;part;supplier;nation;region,44808,0,0,0,0,0,0,60.0,2106
2026-09-19T18:33:03Z,40B1774344BF4E71,18.4,queries/tpch/SQLStorm/10126.sql,warmup,1,1,1,1,0.966,1189.138,5,2,10,2093813,10,24221996,0,0,lineitem;ixtest_lineitem_shipdate,105714,0,0,0,0,0,0,60.0,2200
2026-09-19T18:33:05Z,40B1774344BF4E71,18.4,queries/tpch/SQLStorm/10126.sql,measured,1,1,1,1,0.978,1197.684,5,2,10,2093813,10,24221996,0,0,lineitem;ixtest_lineitem_shipdate,105714,0,0,0,0,0,0,62.0,2050
2026-09-19T18:33:08Z,40B1774344BF4E71,18.4,queries/tpch/SQLStorm/10127.sql,warmup,1,1,1,1,2.995,674.761,16,5,25,8273028,25,156321200,0,4,lineitem;orders;ixtest_orders_orderdate;customer;nation,142566,0,0,0,0,0,0,55.0,2339
2026-09-19T18:33:08Z,40B1774344BF4E71,18.4,queries/tpch/SQLStorm/10127.sql,measured,1,1,1,1,2.279,667.219,16,5,25,8273028,25,156321200,0,4,lineitem;orders;ixtest_orders_orderdate;customer;nation,142566,0,0,0,0,0,0,55.0,2303
2026-09-19T18:33:19Z,40B1774344BF4E71,18.4,queries/tpch/SQLStorm/10128.sql,warmup,1,1,1,1,3.430,8036.527,21,6,200000,37140826,66667,1963205513,0,4,lineitem;partsupp;supplier;nation;region;part,120110,0,0,0,76486,134086,0,54.0,2289
2026-09-19T18:33:27Z,40B1774344BF4E71,18.4,queries/tpch/SQLStorm/10128.sql,measured,1,1,1,1,3.321,7949.504,21,6,200000,37140183,66667,1963119994,0,4,lineitem;partsupp;supplier;nation;region;part,120110,0,0,0,76420,134397,0,66.0,2277
2026-09-19T18:33:31Z,40B1774344BF4E71,18.4,queries/tpch/SQLStorm/10129.sql,warmup,1,1,1,1,1.540,2261.341,11,3,10,3620045,10,74083735,0,0,partsupp;supplier;part,21727,0,0,0,0,0,0,57.0,1472
2026-09-19T18:33:34Z,40B1774344BF4E71,18.4,queries/tpch/SQLStorm/10129.sql,measured,1,1,1,1,1.561,2407.018,11,3,10,3620045,10,74083735,0,0,partsupp;supplier;part,21727,0,0,0,0,0,0,62.0,1753
2026-09-19T18:33:36Z,40B1774344BF4E71,18.4,queries/tpch/SQLStorm/1013.sql,warmup,1,1,1,1,2.296,2496.222,25,8,0,6402851,10,188616302,0,3,sp;partsupp;supplier;orders;customer;r;ixtest_orders_orderdate,74453,0,0,0,0,0,0,57.0,1470
2026-09-19T18:33:39Z,40B1774344BF4E71,18.4,queries/tpch/SQLStorm/1013.sql,measured,1,1,1,1,2.312,2486.715,25,8,0,6402851,10,188616302,0,3,sp;partsupp;supplier;orders;customer;r;ixtest_orders_orderdate,74453,0,0,0,0,0,0,61.0,1369
2026-09-19T18:33:43Z,40B1774344BF4E71,18.4,queries/tpch/SQLStorm/10130.sql,warmup,1,1,1,1,2.645,1712.986,16,5,100,7610230,100,120090620,0,0,part;partsupp;supplier;nation;region,50433,0,0,0,0,0,0,54.0,1100
2026-09-19T18:33:45Z,40B1774344BF4E71,18.4,queries/tpch/SQLStorm/10130.sql,measured,1,1,1,1,4.142,1731.826,16,5,100,7610230,100,120090620,0,0,part;partsupp;supplier;nation;region,50433,0,0,0,0,0,0,60.0,1129
2026-09-19T18:34:02Z,40B1774344BF4E71,18.4,queries/tpch/SQLStorm/10131.sql,warmup,1,1,1,1,,,,,,,,,,,,,,,,,,1,52.0,1412
2026-09-19T18:34:17Z,40B1774344BF4E71,18.4,queries/tpch/SQLStorm/10131.sql,measured,1,1,1,1,,,,,,,,,,,,,,,,,,1,60.0,1478
2026-09-19T18:34:19Z,40B1774344BF4E71,18.4,queries/tpch/SQLStorm/10132.sql,warmup,1,1,1,1,2.078,1842.259,13,4,10,9084895,10,399690168,0,3,partsupp;lineitem;ixtest_lineitem_shipdate;part,111152,0,0,0,427,775,0,60.0,1765
2026-09-19T18:34:21Z,40B1774344BF4E71,18.4,queries/tpch/SQLStorm/10132.sql,measured,1,1,1,1,2.102,1846.987,13,4,10,9084895,10,399690168,0,3,partsupp;lineitem;ixtest_lineitem_shipdate;part,111152,0,0,0,429,781,0,62.0,1765
2026-09-19T18:34:26Z,40B1774344BF4E71,18.4,queries/tpch/SQLStorm/10133.sql,warmup,1,1,1,1,1.613,2300.956,10,3,100,5010200,100,286120600,0,0,part;partsupp;supplier,54557,0,0,0,0,0,0,52.0,1319
2026-09-19T18:34:28Z,40B1774344BF4E71,18.4,queries/tpch/SQLStorm/10133.sql,measured,1,1,1,1,1.607,2312.010,10,3,100,5010200,100,286120600,0,0,part;partsupp;supplier,54557,0,0,0,0,0,0,62.0,1713
2026-09-19T18:34:32Z,40B1774344BF4E71,18.4,queries/tpch/SQLStorm/10134.sql,warmup,1,1,1,1,4.765,2332.353,19,7,10,16011163,10,452334772,4,4,partsupp;region;nation;supplier;ixtest_supplier_nationkey;lineitem;part,5295863,0,0,0,0,0,0,51.0,2084
2026-09-19T18:34:35Z,40B1774344BF4E71,18.4,queries/tpch/SQLStorm/10134.sql,measured,1,1,1,1,4.934,2390.335,19,7,10,16011163,10,452334772,4,4,partsupp;region;nation;supplier;ixtest_supplier_nationkey;lineitem;part,5295864,0,0,0,0,0,0,66.0,2116
2026-09-19T18:34:37Z,40B1774344BF4E71,18.4,queries/tpch/SQLStorm/10135.sql,warmup,1,1,1,1,2.934,2047.927,14,5,10,1095199,10,36827029,512,0,region;nation;supplier;lineitem;part,1197443,2429,0,0,0,0,0,56.0,1092
2026-09-19T18:34:39Z,40B1774344BF4E71,18.4,queries/tpch/SQLStorm/10135.sql,measured,1,1,1,1,3.063,1547.479,14,5,10,1095199,10,36827029,512,0,region;nation;supplier;lineitem;part,1199872,0,0,0,0,0,0,60.0,1304
2026-09-19T18:34:40Z,40B1774344BF4E71,18.4,queries/tpch/SQLStorm/10136.sql,warmup,1,1,1,1,1.089,552.181,6,2,2,1818942,6,22740855,0,4,lineitem;ixtest_lineitem_shipdate,105659,0,0,0,0,0,0,54.0,1975
2026-09-19T18:34:41Z,40B1774344BF4E71,18.4,queries/tpch/SQLStorm/10136.sql,measured,1,1,1,1,1.066,536.661,6,2,2,1818942,6,22740855,0,4,lineitem;ixtest_lineitem_shipdate,105659,0,0,0,0,0,0,54.0,2150
2026-09-19T18:34:42Z,40B1774344BF4E71,18.4,queries/tpch/SQLStorm/10137.sql,warmup,1,1,1,1,0.984,1146.188,5,2,10,2096916,10,24251048,0,0,lineitem;ixtest_lineitem_shipdate,105750,0,0,0,0,0,0,60.0,1638
2026-09-19T18:34:43Z,40B1774344BF4E71,18.4,queries/tpch/SQLStorm/10137.sql,measured,1,1,1,1,0.965,1152.718,5,2,10,2096916,10,24251048,0,0,lineitem;ixtest_lineitem_shipdate,105750,0,0,0,0,0,0,59.0,1300
2026-09-19T18:34:46Z,40B1774344BF4E71,18.4,queries/tpch/SQLStorm/10138.sql,warmup,1,1,1,1,2.062,2098.181,12,3,10,12234412,10,395702161,153591,4,lineitem;orders;customer,142339,0,0,0,25,47,0,58.0,1880
2026-09-19T18:34:48Z,40B1774344BF4E71,18.4,queries/tpch/SQLStorm/10138.sql,measured,1,1,1,1,2.063,2097.140,12,3,10,12233682,10,395612371,153591,4,lineitem;orders;customer,142339,0,0,0,35,89,0,62.0,1760
2026-09-19T18:35:03Z,40B1774344BF4E71,18.4,queries/tpch/SQLStorm/10139.sql,warmup,1,1,1,1,,,,,,,,,,,,,,,,,,1,60.0,1623
2026-09-19T18:35:18Z,40B1774344BF4E71,18.4,queries/tpch/SQLStorm/10139.sql,measured,1,1,1,1,,,,,,,,,,,,,,,,,,1,61.0,1533
2026-09-19T18:35:34Z,40B1774344BF4E71,18.4,queries/tpch/SQLStorm/1014.sql,warmup,1,1,1,1,,,,,,,,,,,,,,,,,,1,52.0,1101
2026-09-19T18:35:49Z,40B1774344BF4E71,18.4,queries/tpch/SQLStorm/1014.sql,measured,1,1,1,1,,,,,,,,,,,,,,,,,,1,59.0,1197
2026-09-19T18:36:04Z,40B1774344BF4E71,18.4,queries/tpch/SQLStorm/10140.sql,warmup,1,1,1,1,,,,,,,,,,,,,,,,,,1,60.0,2320
2026-09-19T18:36:19Z,40B1774344BF4E71,18.4,queries/tpch/SQLStorm/10140.sql,measured,1,1,1,1,,,,,,,,,,,,,,,,,,1,71.0,2193
2026-09-19T18:36:37Z,40B1774344BF4E71,18.4,queries/tpch/SQLStorm/10141.sql,warmup,1,1,1,1,,,,,,,,,,,,,,,,,,1,60.0,1454
2026-09-19T18:36:52Z,40B1774344BF4E71,18.4,queries/tpch/SQLStorm/10141.sql,measured,1,1,1,1,,,,,,,,,,,,,,,,,,1,62.0,1581
2026-09-19T18:36:56Z,40B1774344BF4E71,18.4,queries/tpch/SQLStorm/10142.sql,warmup,1,1,1,1,1.604,2311.893,10,3,100,5010200,100,286120600,0,0,part;partsupp;supplier,54557,0,0,0,0,0,0,53.0,1078
2026-09-19T18:36:59Z,40B1774344BF4E71,18.4,queries/tpch/SQLStorm/10142.sql,measured,1,1,1,1,2.478,2401.069,10,3,100,5010200,100,286120600,0,0,part;partsupp;supplier,54557,0,0,0,0,0,0,60.0,1652
2026-09-19T18:37:11Z,40B1774344BF4E71,18.4,queries/tpch/SQLStorm/10143.sql,warmup,1,1,1,1,4.138,12266.452,19,6,10,84959272,10,3838020395,0,4,partsupp;part;lineitem;orders;ixtest_orders_orderdate;supplier,145406,0,0,0,0,0,0,54.0,2127
2026-09-19T18:37:24Z,40B1774344BF4E71,18.4,queries/tpch/SQLStorm/10143.sql,measured,1,1,1,1,4.118,12247.938,19,6,10,84959272,10,3838020395,0,4,partsupp;part;lineitem;orders;ixtest_orders_orderdate;supplier,145406,0,0,0,0,0,0,70.0,2140
2026-09-19T18:37:32Z,40B1774344BF4E71,18.4,queries/tpch/SQLStorm/10144.sql,warmup,1,1,1,1,4.083,5710.440,18,6,25,20000459,25,436144144,1,4,lineitem;partsupp;orders;customer;supplier;nation,29603268,0,0,0,0,0,0,60.0,2156
2026-09-19T18:37:37Z,40B1774344BF4E71,18.4,queries/tpch/SQLStorm/10144.sql,measured,1,1,1,1,4.096,5679.309,18,6,25,20000459,25,436144144,1,4,lineitem;partsupp;orders;customer;supplier;nation,29603268,0,0,0,0,0,0,74.0,2120
2026-09-19T18:37:40Z,40B1774344BF4E71,18.4,queries/tpch/SQLStorm/10145.sql,warmup,1,1,1,1,4.628,142.410,19,7,0,400005,10,14800040,5,4,partsupp;region;nation;supplier;ixtest_supplier_nationkey;lineitem;part,4149,0,0,0,0,0,0,60.0,1713
2026-09-19T18:37:40Z,40B1774344BF4E71,18.4,queries/tpch/SQLStorm/10145.sql,measured,1,1,1,1,4.605,142.781,19,7,0,400005,10,14800040,5,4,partsupp;region;nation;supplier;ixtest_supplier_nationkey;lineitem;part,4148,0,0,0,0,0,0,60.0,1713
2026-09-19T18:37:42Z,40B1774344BF4E71,18.4,queries/tpch/SQLStorm/10146.sql,warmup,1,1,1,1,0.965,1162.154,5,2,10,2093813,10,24221996,0,0,lineitem;ixtest_lineitem_shipdate,105714,0,0,0,0,0,0,60.0,1338
2026-09-19T18:37:43Z,40B1774344BF4E71,18.4,queries/tpch/SQLStorm/10146.sql,measured,1,1,1,1,0.976,1163.150,5,2,10,2093813,10,24221996,0,0,lineitem;ixtest_lineitem_shipdate,105714,0,0,0,0,0,0,68.0,1375
2026-09-19T18:37:57Z,40B1774344BF4E71,18.4,queries/tpch/SQLStorm/10147.sql,warmup,1,1,1,1,4.092,11563.396,14,4,10,45798166,10,2597380346,0,4,lineitem;partsupp;part;supplier,36122187,0,0,0,72102,72110,0,58.0,2161
2026-09-19T18:38:09Z,40B1774344BF4E71,18.4,queries/tpch/SQLStorm/10147.sql,measured,1,1,1,1,4.776,11565.428,14,4,10,45797838,10,2597345578,0,4,lineitem;partsupp;part;supplier,36122187,0,0,0,72103,72111,0,72.0,2233
2026-09-19T18:38:28Z,40B1774344BF4E71,18.4,queries/tpch/SQLStorm/10148.sql,warmup,1,1,1,1,,,,,,,,,,,,,,,,,,1,59.0,2117
2026-09-19T18:38:43Z,40B1774344BF4E71,18.4,queries/tpch/SQLStorm/10148.sql,measured,1,1,1,1,,,,,,,,,,,,,,,,,,1,77.0,2282
2026-09-19T18:38:51Z,40B1774344BF4E71,18.4,queries/tpch/SQLStorm/10149.sql,warmup,1,1,1,1,4.651,2124.076,19,7,10,16011163,10,457298976,4,4,partsupp;region;nation;supplier;ixtest_supplier_nationkey;lineitem;part,5295863,0,0,0,0,0,0,60.0,1975
2026-09-19T18:38:54Z,40B1774344BF4E71,18.4,queries/tpch/SQLStorm/10149.sql,measured,1,1,1,1,4.615,2125.657,19,7,10,16011163,10,457298976,4,4,partsupp;region;nation;supplier;ixtest_supplier_nationkey;lineitem;part,5295864,0,0,0,0,0,0,69.0,2172
2026-09-19T18:39:00Z,40B1774344BF4E71,18.4,queries/tpch/SQLStorm/10150.sql,warmup,1,1,1,1,1.964,3656.941,12,3,10,23595648,10,838181857,0,4,lineitem;part;orders,120837,0,0,0,0,0,0,60.0,1878
2026-09-19T18:39:04Z,40B1774344BF4E71,18.4,queries/tpch/SQLStorm/10150.sql,measured,1,1,1,1,1.933,3777.833,12,3,10,23595716,10,838186549,0,4,lineitem;part;orders,120837,0,0,0,0,0,0,69.0,1765
2026-09-19T18:39:06Z,40B1774344BF4E71,18.4,queries/tpch/SQLStorm/10151.sql,warmup,1,1,1,1,5.040,148.838,19,7,0,400005,10,19200040,5,4,partsupp;region;nation;supplier;ixtest_supplier_nationkey;lineitem;part,4148,0,0,0,0,0,0,58.0,1712
2026-09-19T18:39:07Z,40B1774344BF4E71,18.4,queries/tpch/SQLStorm/10151.sql,measured,1,1,1,1,5.034,149.008,19,7,0,400005,10,19200040,5,4,partsupp;region;nation;supplier;ixtest_supplier_nationkey;lineitem;part,4149,0,0,0,0,0,0,58.0,1844
2026-09-19T18:39:11Z,40B1774344BF4E71,18.4,queries/tpch/SQLStorm/10153.sql,warmup,1,1,1,1,1.368,4151.470,9,2,10,14594861,10,638316936,0,4,lineitem;part,116731,0,0,0,5735,10514,0,58.0,1937
2026-09-19T18:39:15Z,40B1774344BF4E71,18.4,queries/tpch/SQLStorm/10153.sql,measured,1,1,1,1,1.374,4252.129,9,2,10,14594872,10,638318047,0,4,lineitem;part,116731,0,0,0,7032,12954,0,66.0,1832
2026-09-19T18:39:24Z,40B1774344BF4E71,18.4,queries/tpch/SQLStorm/10154.sql,warmup,1,1,1,1,13.629,6430.072,21,7,10,21793122,10,523615594,1,4,lineitem;partsupp;orders;customer;supplier;part;nation,32309886,0,0,0,0,0,0,58.0,2102
2026-09-19T18:39:31Z,40B1774344BF4E71,18.4,queries/tpch/SQLStorm/10154.sql,measured,1,1,1,1,14.218,6419.254,21,7,10,21793122,10,523615594,1,4,lineitem;partsupp;orders;customer;supplier;part;nation,32309886,0,0,0,0,0,0,74.0,2126
2026-09-19T18:39:35Z,40B1774344BF4E71,18.4,queries/tpch/SQLStorm/10155.sql,warmup,1,1,1,1,2.872,1996.235,19,5,25,22954345,25,628755100,0,4,lineitem;supplier;nation;orders;customer,140304,0,0,0,0,0,0,60.0,2047
2026-09-19T18:39:37Z,40B1774344BF4E71,18.4,queries/tpch/SQLStorm/10155.sql,measured,1,1,1,1,2.869,2005.333,19,5,25,22954345,25,628755100,0,4,lineitem;supplier;nation;orders;customer,140304,0,0,0,0,0,0,74.0,2023
2026-09-19T18:39:41Z,40B1774344BF4E71,18.4,queries/tpch/SQLStorm/10156.sql,warmup,1,1,1,1,4.598,1475.057,18,7,10,4340374,10,119863270,29,4,partsupp;region;nation;supplier;ixtest_supplier_nationkey;lineitem;part,5295864,0,0,0,0,0,0,60.0,2270
2026-09-19T18:39:42Z,40B1774344BF4E71,18.4,queries/tpch/SQLStorm/10156.sql,measured,1,1,1,1,4.604,1472.333,18,7,10,4340374,10,119863270,29,4,partsupp;region;nation;supplier;ixtest_supplier_nationkey;lineitem;part,5295864,0,0,0,0,0,0,72.0,2303
2026-09-19T18:39:46Z,40B1774344BF4E71,18.4,queries/tpch/SQLStorm/10157.sql,warmup,1,1,1,1,4.892,1338.055,25,8,25,15536062,25,368254200,0,4,lineitem;orders;ixtest_orders_orderdate;customer;partsupp;supplier;nation;part,143245,0,0,0,0,0,0,59.0,1975
2026-09-19T18:39:47Z,40B1774344BF4E71,18.4,queries/tpch/SQLStorm/10157.sql,measured,1,1,1,1,4.879,1336.863,25,8,25,15536062,25,368254200,0,4,lineitem;orders;ixtest_orders_orderdate;customer;partsupp;supplier;nation;part,143245,0,0,0,0,0,0,74.0,2200
2026-09-19T18:39:51Z,40B1774344BF4E71,18.4,queries/tpch/SQLStorm/10158.sql,warmup,1,1,1,1,1.512,1293.001,9,3,7,7556989,7,95849054,0,4,lineitem;ixtest_lineitem_shipdate;orders,110061,0,0,0,0,0,0,59.0,2125
2026-09-19T18:39:52Z,40B1774344BF4E71,18.4,queries/tpch/SQLStorm/10158.sql,measured,1,1,1,1,1.516,1328.604,9,3,7,7556989,7,95849054,0,4,lineitem;ixtest_lineitem_shipdate;orders,110061,0,0,0,0,0,0,71.0,2050
2026-09-19T18:39:56Z,40B1774344BF4E71,18.4,queries/tpch/SQLStorm/10159.sql,warmup,1,1,1,1,4.932,1621.743,18,7,10,1471285,10,25746275,34,2,part;partsupp;region;nation;supplier;ixtest_supplier_nationkey;lineitem,5293947,0,0,0,0,0,0,58.0,1975
2026-09-19T18:39:58Z,40B1774344BF4E71,18.4,queries/tpch/SQLStorm/10159.sql,measured,1,1,1,1,4.946,1620.073,18,7,10,1471285,10,25746275,34,2,part;partsupp;region;nation;supplier;ixtest_supplier_nationkey;lineitem,5293947,0,0,0,0,0,0,68.0,1829
2026-09-19T18:40:11Z,40B1774344BF4E71,18.4,queries/tpch/SQLStorm/10160.sql,warmup,1,1,1,1,4.334,10870.751,20,6,100,30518298,100,1064227684,0,4,lineitem;orders;ixtest_orders_orderdate;part;partsupp;supplier,767841,0,0,0,0,0,0,57.0,1488
2026-09-19T18:40:22Z,40B1774344BF4E71,18.4,queries/tpch/SQLStorm/10160.sql,measured,1,1,1,1,4.332,10796.491,20,6,100,30518298,100,1064227684,0,4,lineitem;orders;ixtest_orders_orderdate;part;partsupp;supplier,767841,0,0,0,0,0,0,58.0,1865
2026-09-19T18:40:31Z,40B1774344BF4E71,18.4,queries/tpch/SQLStorm/10161.sql,warmup,1,1,1,1,2.392,9141.180,17,5,25,28955335,125,1422262490,0,4,lineitem;orders;customer;nation;region,39308,2,0,0,55037,55045,0,56.0,2169
2026-09-19T18:40:40Z,40B1774344BF4E71,18.4,queries/tpch/SQLStorm/10161.sql,measured,1,1,1,1,2.422,9059.310,17,5,25,28955335,125,1422262490,0,4,lineitem;orders;customer;nation;region,39310,0,0,0,55036,55044,0,65.0,2197
2026-09-19T18:40:42Z,40B1774344BF4E71,18.4,queries/tpch/SQLStorm/10162.sql,warmup,1,1,1,1,6.895,132.998,21,9,10,325659,10,8471873,4,3,orders;ixtest_orders_orderdate;lineitem;region;nation;supplier;ixtest_supplier_nationkey;part;customer,202414,0,0,0,0,0,0,57.0,1975
2026-09-19T18:40:43Z,40B1774344BF4E71,18.4,queries/tpch/SQLStorm/10162.sql,measured,1,1,1,1,6.891,133.659,21,9,10,325659,10,8471873,4,3,orders;ixtest_orders_orderdate;lineitem;region;nation;supplier;ixtest_supplier_nationkey;part;customer,202414,0,0,0,0,0,0,57.0,1975
2026-09-19T18:40:45Z,40B1774344BF4E71,18.4,queries/tpch/SQLStorm/10163.sql,warmup,1,1,1,1,1.780,1721.847,10,3,100,5010200,100,295721400,0,0,part;partsupp;supplier,54560,0,0,0,0,0,0,57.0,1217
2026-09-19T18:40:47Z,40B1774344BF4E71,18.4,queries/tpch/SQLStorm/10163.sql,measured,1,1,1,1,1.752,1733.334,10,3,100,5010200,100,295721400,0,0,part;partsupp;supplier,54560,0,0,0,0,0,0,67.0,1083
2026-09-19T18:41:00Z,40B1774344BF4E71,18.4,queries/tpch/SQLStorm/10164.sql,warmup,1,1,1,1,2.331,10926.718,15,4,10,31355886,10,2520921473,0,4,lineitem;supplier;nation;part,117939,0,0,0,83245,83258,0,55.0,2037
2026-09-19T18:41:10Z,40B1774344BF4E71,18.4,queries/tpch/SQLStorm/10164.sql,measured,1,1,1,1,2.294,10554.133,15,4,10,31355886,10,2520921473,0,4,lineitem;supplier;nation;part,117939,0,0,0,83244,83257,0,58.0,2030
2026-09-19T18:41:27Z,40B1774344BF4E71,18.4,queries/tpch/SQLStorm/10165.sql,warmup,1,1,1,1,1.881,14842.767,12,3,100,33606272,100,1374089200,0,4,lineitem;part;orders,120897,0,0,0,46175,46183,0,55.0,2154
2026-09-19T18:41:42Z,40B1774344BF4E71,18.4,queries/tpch/SQLStorm/10165.sql,measured,1,1,1,1,1.883,14009.268,12,3,100,33606272,100,1374089200,0,4,lineitem;part;orders,120897,0,0,0,46176,46184,0,60.0,2097
2026-09-19T18:41:45Z,40B1774344BF4E71,18.4,queries/tpch/SQLStorm/10166.sql,warmup,1,1,1,1,5.118,1485.568,20,7,3750,3568776,3750,82768684,29,4,partsupp;nation;region;supplier;ixtest_supplier_nationkey;lineitem;part,5295924,0,0,0,0,0,0,58.0,2172
2026-09-19T18:41:47Z,40B1774344BF4E71,18.4,queries/tpch/SQLStorm/10166.sql,measured,1,1,1,1,3.566,1337.591,20,7,3750,3568686,3750,82762924,29,4,partsupp;nation;region;supplier;ixtest_supplier_nationkey;lineitem;part,5295924,0,0,0,0,0,0,71.0,2163
2026-09-19T18:41:50Z,40B1774344BF4E71,18.4,queries/tpch/SQLStorm/10167.sql,warmup,1,1,1,1,4.896,1489.230,18,7,10,4348361,10,126465709,29,4,partsupp;region;nation;supplier;ixtest_supplier_nationkey;lineitem;part,5295864,0,0,0,0,0,0,58.0,2139
2026-09-19T18:41:52Z,40B1774344BF4E71,18.4,queries/tpch/SQLStorm/10167.sql,measured,1,1,1,1,4.893,1490.728,18,7,10,4348361,10,126465709,29,4,partsupp;region;nation;supplier;ixtest_supplier_nationkey;lineitem;part,5295864,0,0,0,0,0,0,71.0,2106
2026-09-19T18:41:56Z,40B1774344BF4E71,18.4,queries/tpch/SQLStorm/10168.sql,warmup,1,1,1,1,6.943,1486.074,18,7,10,4333903,10,126054212,29,4,partsupp;region;nation;supplier;ixtest_supplier_nationkey;lineitem;part,5258704,0,0,0,0,0,0,58.0,2172
2026-09-19T18:41:57Z,40B1774344BF4E71,18.4,queries/tpch/SQLStorm/10168.sql,measured,1,1,1,1,4.898,1486.311,18,7,10,4333903,10,126054212,29,4,partsupp;region;nation;supplier;ixtest_supplier_nationkey;lineitem;part,5258703,0,0,0,0,0,0,70.0,2172
2026-09-19T18:42:13Z,40B1774344BF4E71,18.4,queries/tpch/SQLStorm/10169.sql,warmup,1,1,1,1,5.519,13471.592,19,6,10,61612695,10,1237072470,0,4,lineitem;partsupp;orders;customer;supplier;nation,60126996,0,0,0,36314,36319,0,58.0,2106
2026-09-19T18:42:27Z,40B1774344BF4E71,18.4,queries/tpch/SQLStorm/10169.sql,measured,1,1,1,1,5.496,13690.026,19,6,10,61612695,10,1237072470,0,4,lineitem;partsupp;orders;customer;supplier;nation,60126996,0,0,0,36314,36319,0,75.0,2150
2026-09-19T18:42:34Z,40B1774344BF4E71,18.4,queries/tpch/SQLStorm/10170.sql,warmup,1,1,1,1,1.983,3059.821,13,4,10,10910431,10,363451889,0,4,lineitem;orders;ixtest_orders_orderdate;part,143120,0,0,0,0,0,0,60.0,2057
2026-09-19T18:42:37Z,40B1774344BF4E71,18.4,queries/tpch/SQLStorm/10170.sql,measured,1,1,1,1,1.956,3060.056,13,4,10,10910431,10,363451889,0,4,lineitem;orders;ixtest_orders_orderdate;part,143119,0,0,0,0,0,0,70.0,2205
2026-09-19T18:42:41Z,40B1774344BF4E71,18.4,queries/tpch/SQLStorm/10172.sql,warmup,1,1,1,1,1.559,1189.769,10,3,100,9642590,100,218001692,0,4,lineitem;orders;ixtest_orders_orderdate,139020,0,0,0,0,0,0,59.0,2125
2026-09-19T18:42:42Z,40B1774344BF4E71,18.4,queries/tpch/SQLStorm/10172.sql,measured,1,1,1,1,1.554,1177.457,10,3,100,9642590,100,218001692,0,4,lineitem;orders;ixtest_orders_orderdate,139020,0,0,0,0,0,0,69.0,2313
2026-09-19T18:42:46Z,40B1774344BF4E71,18.4,queries/tpch/SQLStorm/10173.sql,warmup,1,1,1,1,4.633,1482.464,18,7,10,4355126,10,120406015,29,4,partsupp;region;nation;supplier;ixtest_supplier_nationkey;lineitem;part,5295864,0,0,0,0,0,0,58.0,1942
2026-09-19T18:42:47Z,40B1774344BF4E71,18.4,queries/tpch/SQLStorm/10173.sql,measured,1,1,1,1,4.616,1475.867,18,7,10,4355126,10,120406015,29,4,partsupp;region;nation;supplier;ixtest_supplier_nationkey;lineitem;part,5295864,0,0,0,0,0,0,69.0,2073
2026-09-19T18:42:49Z,40B1774344BF4E71,18.4,queries/tpch/SQLStorm/10174.sql,warmup,1,1,1,1,3.555,119.741,20,7,0,400010,3750,14400080,5,4,partsupp;nation;region;supplier;ixtest_supplier_nationkey;lineitem;part,4213,0,0,0,0,0,0,58.0,1975
2026-09-19T18:42:50Z,40B1774344BF4E71,18.4,queries/tpch/SQLStorm/10174.sql,measured,1,1,1,1,3.576,117.665,20,7,0,400010,3750,14400080,5,4,partsupp;nation;region;supplier;ixtest_supplier_nationkey;lineitem;part,4214,0,0,0,0,0,0,58.0,2369
2026-09-19T18:42:52Z,40B1774344BF4E71,18.4,queries/tpch/SQLStorm/10175.sql,warmup,1,1,1,1,4.667,2112.408,19,7,10,16062666,10,456934062,4,4,partsupp;region;nation;supplier;ixtest_supplier_nationkey;lineitem;part,5258704,0,0,0,0,0,0,58.0,2214
2026-09-19T18:42:54Z,40B1774344BF4E71,18.4,queries/tpch/SQLStorm/10175.sql,measured,1,1,1,1,4.698,2116.543,19,7,10,16062667,10,456934159,4,4,partsupp;region;nation;supplier;ixtest_supplier_nationkey;lineitem;part,5258704,0,0,0,0,0,0,71.0,2166
2026-09-19T18:43:12Z,40B1774344BF4E71,18.4,queries/tpch/SQLStorm/10177.sql,warmup,1,1,1,1,,,,,,,,,,,,,,,,,,1,58.0,1965
2026-09-19T18:43:27Z,40B1774344BF4E71,18.4,queries/tpch/SQLStorm/10177.sql,measured,1,1,1,1,,,,,,,,,,,,,,,,,,1,66.0,1816
2026-09-19T18:43:31Z,40B1774344BF4E71,18.4,queries/tpch/SQLStorm/10178.sql,warmup,1,1,1,1,4.647,2274.318,19,7,10,16011163,10,431698180,4,4,partsupp;region;nation;supplier;ixtest_supplier_nationkey;lineitem;part,5295863,0,0,0,0,0,0,56.0,2172
2026-09-19T18:43:34Z,40B1774344BF4E71,18.4,queries/tpch/SQLStorm/10178.sql,measured,1,1,1,1,4.601,2269.948,19,7,10,16011163,10,431698180,4,4,partsupp;region;nation;supplier;ixtest_supplier_nationkey;lineitem;part,5295863,0,0,0,0,0,0,70.0,2238
2026-09-19T18:43:42Z,40B1774344BF4E71,18.4,queries/tpch/SQLStorm/10179.sql,warmup,1,1,1,1,7.448,6434.722,20,7,25,21828311,25,524366572,1,4,lineitem;partsupp;orders;customer;supplier;part;nation,32345058,0,0,0,0,0,0,57.0,2142
2026-09-19T18:43:49Z,40B1774344BF4E71,18.4,queries/tpch/SQLStorm/10179.sql,measured,1,1,1,1,7.442,6411.811,20,7,25,21828311,25,524366572,1,4,lineitem;partsupp;orders;customer;supplier;part;nation,32345058,0,0,0,0,0,0,73.0,2253
2026-09-19T18:43:52Z,40B1774344BF4E71,18.4,queries/tpch/SQLStorm/10180.sql,warmup,1,1,1,1,1.538,1284.746,10,3,100,3620200,100,162614200,0,0,partsupp;supplier;part,21914,0,0,0,0,0,0,60.0,1263
2026-09-19T18:43:54Z,40B1774344BF4E71,18.4,queries/tpch/SQLStorm/10180.sql,measured,1,1,1,1,1.587,1289.038,10,3,100,3620200,100,162614200,0,0,partsupp;supplier;part,21914,0,0,0,0,0,0,68.0,1375
2026-09-19T18:43:58Z,40B1774344BF4E71,18.4,queries/tpch/SQLStorm/10181.sql,warmup,1,1,1,1,5.018,1620.970,18,7,10,1471285,10,25746275,34,2,part;partsupp;region;nation;supplier;ixtest_supplier_nationkey;lineitem,5293947,0,0,0,0,0,0,58.0,1742
2026-09-19T18:44:00Z,40B1774344BF4E71,18.4,queries/tpch/SQLStorm/10181.sql,measured,1,1,1,1,4.973,1628.763,18,7,10,1471285,10,25746275,34,2,part;partsupp;region;nation;supplier;ixtest_supplier_nationkey;lineitem,5293947,0,0,0,0,0,0,67.0,1771
2026-09-19T18:44:04Z,40B1774344BF4E71,18.4,queries/tpch/SQLStorm/10182.sql,warmup,1,1,1,1,4.650,2485.688,22,7,10,10595282,10,407511834,0,4,lineitem;ixtest_lineitem_shipdate;partsupp;supplier;nation;region;part,113265,0,0,0,1448,2565,0,57.0,1975
2026-09-19T18:44:07Z,40B1774344BF4E71,18.4,queries/tpch/SQLStorm/10182.sql,measured,1,1,1,1,4.696,2467.046,22,7,10,10595293,10,407512901,0,4,lineitem;ixtest_lineitem_shipdate;partsupp;supplier;nation;region;part,113265,0,0,0,1333,2443,0,64.0,2015
2026-09-19T18:44:10Z,40B1774344BF4E71,18.4,queries/tpch/SQLStorm/10183.sql,warmup,1,1,1,1,2.847,1155.104,19,6,25,9219045,25,242946510,0,4,lineitem;ixtest_lineitem_shipdate;partsupp;supplier;nation;part,109795,0,0,0,0,0,0,56.0,1938
2026-09-19T18:44:12Z,40B1774344BF4E71,18.4,queries/tpch/SQLStorm/10183.sql,measured,1,1,1,1,2.841,1159.586,19,6,25,9219045,25,242946510,0,4,lineitem;ixtest_lineitem_shipdate;partsupp;supplier;nation;part,109795,0,0,0,0,0,0,71.0,1825
2026-09-19T18:44:29Z,40B1774344BF4E71,18.4,queries/tpch/SQLStorm/10184.sql,warmup,1,1,1,1,,,,,,,,,,,,,,,,,,1,56.0,1574
2026-09-19T18:44:44Z,40B1774344BF4E71,18.4,queries/tpch/SQLStorm/10184.sql,measured,1,1,1,1,,,,,,,,,,,,,,,,,,1,60.0,1557
2026-09-19T18:44:49Z,40B1774344BF4E71,18.4,queries/tpch/SQLStorm/10185.sql,warmup,1,1,1,1,3.594,2446.760,17,5,10,16459049,10,526514923,20,4,partsupp;supplier;nation;lineitem;part,5385811,0,0,0,0,0,0,52.0,2137
2026-09-19T18:44:51Z,40B1774344BF4E71,18.4,queries/tpch/SQLStorm/10185.sql,measured,1,1,1,1,3.599,2444.211,17,5,10,16459050,10,526515020,20,4,partsupp;supplier;nation;lineitem;part,5385812,0,0,0,0,0,0,67.0,2116
2026-09-19T18:44:56Z,40B1774344BF4E71,18.4,queries/tpch/SQLStorm/10186.sql,warmup,1,1,1,1,4.960,2296.399,20,7,10,15716425,10,480469860,4,4,partsupp;region;nation;supplier;ixtest_supplier_nationkey;lineitem;part,5295924,0,0,0,0,0,0,54.0,1975
2026-09-19T18:44:58Z,40B1774344BF4E71,18.4,queries/tpch/SQLStorm/10186.sql,measured,1,1,1,1,4.969,2263.053,20,7,10,15716380,10,480465540,4,4,partsupp;region;nation;supplier;ixtest_supplier_nationkey;lineitem;part,5295924,0,0,0,0,0,0,68.0,2150
2026-09-19T18:45:01Z,40B1774344BF4E71,18.4,queries/tpch/SQLStorm/10187.sql,warmup,1,1,1,1,1.664,266.301,12,3,10,2565276,10,55202552,10118,3,partsupp;part;supplier,22583,0,0,0,0,0,0,55.0,1712
2026-09-19T18:45:01Z,40B1774344BF4E71,18.4,queries/tpch/SQLStorm/10187.sql,measured,1,1,1,1,1.629,269.097,12,3,10,2565276,10,55202552,10118,3,partsupp;part;supplier,22583,0,0,0,0,0,0,55.0,2106
2026-09-19T18:45:02Z,40B1774344BF4E71,18.4,queries/tpch/SQLStorm/10188.sql,warmup,1,1,1,1,2.710,230.455,19,5,100,2933540,100,63060160,0,3,partsupp;supplier;nation;region;part,22615,0,0,0,0,0,0,55.0,1975
2026-09-19T18:45:02Z,40B1774344BF4E71,18.4,queries/tpch/SQLStorm/10188.sql,measured,1,1,1,1,2.707,229.311,19,5,100,2933540,100,63060160,0,3,partsupp;supplier;nation;region;part,22615,0,0,0,0,0,0,66.0,1975
2026-09-19T18:45:05Z,40B1774344BF4E71,18.4,queries/tpch/SQLStorm/10189.sql,warmup,1,1,1,1,0.996,408.458,7,2,7,1830042,7,21049197,0,4,lineitem;ixtest_lineitem_shipdate,105858,0,0,0,0,0,0,54.0,1888
2026-09-19T18:45:05Z,40B1774344BF4E71,18.4,queries/tpch/SQLStorm/10189.sql,measured,1,1,1,1,0.999,398.932,7,2,7,1830042,7,21049197,0,4,lineitem;ixtest_lineitem_shipdate,105858,0,0,0,0,0,0,54.0,2149
2026-09-19T18:45:13Z,40B1774344BF4E71,18.4,queries/tpch/SQLStorm/1019.sql,warmup,1,1,1,1,3.009,5787.787,30,10,5,18290748,5,436178250,27119,3,orders;customer;nation;region;partsupp;supplier;ixtest_orders_orderdate;idx_customer_nation,779961,129,0,0,0,0,0,54.0,1266
2026-09-19T18:45:19Z,40B1774344BF4E71,18.4,queries/tpch/SQLStorm/1019.sql,measured,1,1,1,1,3.000,5785.634,30,10,5,18290748,5,436178250,27119,3,orders;customer;nation;region;partsupp;supplier;ixtest_orders_orderdate;idx_customer_nation,780090,0,0,0,0,0,0,54.0,1100
2026-09-19T18:45:21Z,40B1774344BF4E71,18.4,queries/tpch/SQLStorm/10190.sql,warmup,1,1,1,1,0.973,1154.805,5,2,100,2083940,100,24120864,0,0,lineitem;ixtest_lineitem_shipdate,105764,0,0,0,0,0,0,54.0,1075
2026-09-19T18:45:22Z,40B1774344BF4E71,18.4,queries/tpch/SQLStorm/10190.sql,measured,1,1,1,1,0.977,1157.947,5,2,100,2083940,100,24120864,0,0,lineitem;ixtest_lineitem_shipdate,105764,0,0,0,0,0,0,61.0,1150
2026-09-19T18:45:27Z,40B1774344BF4E71,18.4,queries/tpch/SQLStorm/10191.sql,warmup,1,1,1,1,1.657,2294.015,10,3,100,5010200,100,286120600,0,0,part;partsupp;supplier,54557,0,0,0,0,0,0,52.0,1144
2026-09-19T18:45:29Z,40B1774344BF4E71,18.4,queries/tpch/SQLStorm/10191.sql,measured,1,1,1,1,1.629,2292.637,10,3,100,5010200,100,286120600,0,0,part;partsupp;supplier,54557,0,0,0,0,0,0,59.0,1275
2026-09-19T18:45:33Z,40B1774344BF4E71,18.4,queries/tpch/SQLStorm/10192.sql,warmup,1,1,1,1,4.597,1479.634,18,7,10,4355126,10,120406015,29,4,partsupp;region;nation;supplier;ixtest_supplier_nationkey;lineitem;part,5295864,0,0,0,0,0,0,51.0,2237
2026-09-19T18:45:34Z,40B1774344BF4E71,18.4,queries/tpch/SQLStorm/10192.sql,measured,1,1,1,1,4.600,1481.493,18,7,10,4355126,10,120406015,29,4,partsupp;region;nation;supplier;ixtest_supplier_nationkey;lineitem;part,5295863,0,0,0,0,0,0,64.0,2073
2026-09-19T18:45:48Z,40B1774344BF4E71,18.4,queries/tpch/SQLStorm/10193.sql,warmup,1,1,1,1,4.333,11549.433,20,6,10,30652476,10,1260130139,0,4,lineitem;orders;ixtest_orders_orderdate;part;partsupp;supplier,768021,0,0,0,0,0,0,53.0,1513
2026-09-19T18:46:00Z,40B1774344BF4E71,18.4,queries/tpch/SQLStorm/10193.sql,measured,1,1,1,1,4.326,11694.271,20,6,10,30652476,10,1260130139,0,4,lineitem;orders;ixtest_orders_orderdate;part;partsupp;supplier,768021,0,0,0,0,0,0,63.0,1521
2026-09-19T18:46:04Z,40B1774344BF4E71,18.4,queries/tpch/SQLStorm/10194.sql,warmup,1,1,1,1,2.365,1832.727,16,4,10,16953100,10,436297470,0,4,lineitem;orders;customer;nation,142372,0,0,0,0,0,0,52.0,2133
2026-09-19T18:46:06Z,40B1774344BF4E71,18.4,queries/tpch/SQLStorm/10194.sql,measured,1,1,1,1,2.543,1762.100,16,4,10,16953100,10,436297470,0,4,lineitem;orders;customer;nation,142372,0,0,0,0,0,0,57.0,2290
2026-09-19T18:46:08Z,40B1774344BF4E71,18.4,queries/tpch/SQLStorm/10195.sql,warmup,1,1,1,1,9.546,1947.365,21,8,10,4598504,10,93677532,5,4,partsupp;region;nation;supplier;ixtest_supplier_nationkey;lineitem;orders;customer,7039902,0,0,0,0,0,0,57.0,2236
2026-09-19T18:46:10Z,40B1774344BF4E71,18.4,queries/tpch/SQLStorm/10195.sql,measured,1,1,1,1,9.385,1961.763,21,8,10,4598504,10,93677532,5,4,partsupp;region;nation;supplier;ixtest_supplier_nationkey;lineitem;orders;customer,7039902,0,0,0,0,0,0,63.0,2214
2026-09-19T18:46:14Z,40B1774344BF4E71,18.4,queries/tpch/SQLStorm/10196.sql,warmup,1,1,1,1,2.499,1533.806,17,5,3750,2181755,3750,46991852,513,2,part;supplier;nation;region;lineitem,3618211,1529,0,0,0,0,0,55.0,1548
2026-09-19T18:46:16Z,40B1774344BF4E71,18.4,queries/tpch/SQLStorm/10196.sql,measured,1,1,1,1,2.501,1566.567,17,5,3750,2181564,3750,46979628,513,2,part;supplier;nation;region;lineitem,3619740,0,0,0,0,0,0,63.0,2325
2026-09-19T18:46:20Z,40B1774344BF4E71,18.4,queries/tpch/SQLStorm/10197.sql,warmup,1,1,1,1,3.900,1973.894,21,6,25,19813495,25,520856630,208547,4,lineitem;orders;partsupp;supplier;nation;part,142634,0,0,0,0,0,0,55.0,2237
2026-09-19T18:46:22Z,40B1774344BF4E71,18.4,queries/tpch/SQLStorm/10197.sql,measured,1,1,1,1,3.902,1980.982,21,6,25,19813495,25,520856630,208547,4,lineitem;orders;partsupp;supplier;nation;part,142635,0,0,0,0,0,0,69.0,2381
2026-09-19T18:46:38Z,40B1774344BF4E71,18.4,queries/tpch/SQLStorm/10198.sql,warmup,1,1,1,1,5.523,13670.138,19,6,10,61612695,10,1237072470,0,4,lineitem;partsupp;orders;customer;supplier;nation,60126996,0,0,0,36316,36321,0,55.0,2131
2026-09-19T18:46:53Z,40B1774344BF4E71,18.4,queries/tpch/SQLStorm/10198.sql,measured,1,1,1,1,5.522,14312.741,19,6,10,61612695,10,1237072470,0,4,lineitem;partsupp;orders;customer;supplier;nation,60126996,0,0,0,36315,36320,0,74.0,2128
2026-09-19T18:46:57Z,40B1774344BF4E71,18.4,queries/tpch/SQLStorm/10199.sql,warmup,1,1,1,1,1.040,417.437,7,2,7,1818010,7,20911804,0,4,lineitem;ixtest_lineitem_shipdate,105872,0,0,0,0,0,0,59.0,1625
2026-09-19T18:46:58Z,40B1774344BF4E71,18.4,queries/tpch/SQLStorm/10199.sql,measured,1,1,1,1,1.027,418.477,7,2,7,1818010,7,20911804,0,4,lineitem;ixtest_lineitem_shipdate,105872,0,0,0,0,0,0,59.0,2150
2026-09-19T18:47:01Z,40B1774344BF4E71,18.4,queries/tpch/SQLStorm/10200.sql,warmup,1,1,1,1,4.896,1484.914,18,7,10,4323882,10,125658668,29,4,partsupp;region;nation;supplier;ixtest_supplier_nationkey;lineitem;part,5258703,0,0,0,0,0,0,58.0,2139
2026-09-19T18:47:03Z,40B1774344BF4E71,18.4,queries/tpch/SQLStorm/10200.sql,measured,1,1,1,1,4.919,1476.899,18,7,10,4323882,10,125658668,29,4,partsupp;region;nation;supplier;ixtest_supplier_nationkey;lineitem;part,5258704,0,0,0,0,0,0,71.0,2205
2026-09-19T18:47:12Z,40B1774344BF4E71,18.4,queries/tpch/SQLStorm/10201.sql,warmup,1,1,1,1,4.119,6880.291,18,5,10,44901540,10,1647511980,0,4,lineitem;orders;partsupp;supplier;part,123186,0,0,0,14985,27749,0,58.0,2110
2026-09-19T18:47:19Z,40B1774344BF4E71,18.4,queries/tpch/SQLStorm/10201.sql,measured,1,1,1,1,4.083,7073.198,18,5,10,44898367,10,1647204199,0,4,lineitem;orders;partsupp;supplier;part,123185,0,0,0,15293,28321,0,60.0,1982
2026-09-19T18:47:23Z,40B1774344BF4E71,18.4,queries/tpch/SQLStorm/10202.sql,warmup,1,1,1,1,1.645,963.565,10,3,100,3020197,100,84814381,0,0,partsupp;supplier;part,21914,0,0,0,0,0,0,58.0,1100
2026-09-19T18:47:24Z,40B1774344BF4E71,18.4,queries/tpch/SQLStorm/10202.sql,measured,1,1,1,1,1.668,967.294,10,3,100,3020197,100,84814381,0,0,partsupp;supplier;part,21914,0,0,0,0,0,0,67.0,1275
2026-09-19T18:47:30Z,40B1774344BF4E71,18.4,queries/tpch/SQLStorm/10203.sql,warmup,1,1,1,1,1.370,4244.646,9,2,10,14595000,10,638330975,0,4,lineitem;part,116731,0,0,0,6153,11322,0,57.0,1844
2026-09-19T18:47:35Z,40B1774344BF4E71,18.4,queries/tpch/SQLStorm/10203.sql,measured,1,1,1,1,1.377,4179.446,9,2,10,14594793,10,638310068,0,4,lineitem;part,116731,0,0,0,6108,11270,0,62.0,1772
2026-09-19T18:47:40Z,40B1774344BF4E71,18.4,queries/tpch/SQLStorm/10204.sql,warmup,1,1,1,1,2.839,3210.416,19,6,10,6483879,10,310199821,0,4,lineitem;ixtest_lineitem_shipdate;supplier;nation;region;part,111063,0,0,0,0,0,0,56.0,2099
2026-09-19T18:47:44Z,40B1774344BF4E71,18.4,queries/tpch/SQLStorm/10204.sql,measured,1,1,1,1,2.827,3227.927,19,6,10,6483879,10,310199821,0,4,lineitem;ixtest_lineitem_shipdate;supplier;nation;region;part,111064,0,0,0,0,0,0,67.0,2129
2026-09-19T18:47:52Z,40B1774344BF4E71,18.4,queries/tpch/SQLStorm/10205.sql,warmup,1,1,1,1,4.853,6627.279,21,6,100,35946340,100,1614239695,0,4,lineitem;partsupp;supplier;nation;region;part,120050,0,0,0,15815,28585,0,56.0,1875
2026-09-19T18:47:59Z,40B1774344BF4E71,18.4,queries/tpch/SQLStorm/10205.sql,measured,1,1,1,1,4.848,6570.704,21,6,100,35946034,100,1614208789,0,4,lineitem;partsupp;supplier;nation;region;part,120049,0,0,0,15784,28156,0,65.0,2091
2026-09-19T18:48:03Z,40B1774344BF4E71,18.4,queries/tpch/SQLStorm/10206.sql,warmup,1,1,1,1,4.926,1478.513,18,7,10,4318190,10,125434170,29,4,partsupp;region;nation;supplier;ixtest_supplier_nationkey;lineitem;part,5258704,0,0,0,0,0,0,58.0,2073
2026-09-19T18:48:05Z,40B1774344BF4E71,18.4,queries/tpch/SQLStorm/10206.sql,measured,1,1,1,1,4.904,1483.195,18,7,10,4318190,10,125434170,29,4,partsupp;region;nation;supplier;ixtest_supplier_nationkey;lineitem;part,5258704,0,0,0,0,0,0,69.0,2041
2026-09-19T18:48:08Z,40B1774344BF4E71,18.4,queries/tpch/SQLStorm/10207.sql,warmup,1,1,1,1,2.599,1738.770,16,5,10,10809635,10,293851178,0,4,lineitem;orders;ixtest_orders_orderdate;customer;part,143479,0,0,0,0,0,0,58.0,1771
2026-09-19T18:48:10Z,40B1774344BF4E71,18.4,queries/tpch/SQLStorm/10207.sql,measured,1,1,1,1,2.581,1732.124,16,5,10,10810427,10,293905826,0,4,lineitem;orders;ixtest_orders_orderdate;customer;part,143477,0,0,0,0,0,0,68.0,1686
2026-09-19T18:48:13Z,40B1774344BF4E71,18.4,queries/tpch/SQLStorm/10208.sql,warmup,1,1,1,1,2.995,702.189,20,6,10,9175467,10,177293640,0,4,lineitem;orders;ixtest_orders_orderdate;customer;supplier;nation,140492,0,0,0,0,0,0,56.0,1975
2026-09-19T18:48:14Z,40B1774344BF4E71,18.4,queries/tpch/SQLStorm/10208.sql,measured,1,1,1,1,2.927,696.836,20,6,10,9175467,10,177293640,0,4,lineitem;orders;ixtest_orders_orderdate;customer;supplier;nation,140494,0,0,0,0,0,0,56.0,2106
2026-09-19T18:48:17Z,40B1774344BF4E71,18.4,queries/tpch/SQLStorm/10209.sql,warmup,1,1,1,1,0.951,400.989,6,2,4,1829987,6,14641664,0,4,lineitem;ixtest_lineitem_shipdate,105855,0,0,0,0,0,0,56.0,2150
2026-09-19T18:48:17Z,40B1774344BF4E71,18.4,queries/tpch/SQLStorm/10209.sql,measured,1,1,1,1,0.957,400.071,6,2,4,1829987,6,14641664,0,4,lineitem;ixtest_lineitem_shipdate,105855,0,0,0,0,0,0,56.0,1888
2026-09-19T18:48:20Z,40B1774344BF4E71,18.4,queries/tpch/SQLStorm/10210.sql,warmup,1,1,1,1,2.249,643.697,16,5,25,8280357,25,156527920,0,4,lineitem;orders;ixtest_orders_orderdate;customer;nation,142565,0,0,0,0,0,0,55.0,2172
2026-09-19T18:48:21Z,40B1774344BF4E71,18.4,queries/tpch/SQLStorm/10210.sql,measured,1,1,1,1,2.260,643.792,16,5,25,8280357,25,156527920,0,4,lineitem;orders;ixtest_orders_orderdate;customer;nation,142565,0,0,0,0,0,0,55.0,2106
2026-09-19T18:48:38Z,40B1774344BF4E71,18.4,queries/tpch/SQLStorm/10211.sql,warmup,1,1,1,1,,,,,,,,,,,,,,,,,,1,54.0,2227
2026-09-19T18:48:53Z,40B1774344BF4E71,18.4,queries/tpch/SQLStorm/10211.sql,measured,1,1,1,1,,,,,,,,,,,,,,,,,,1,75.0,2199
2026-09-19T18:49:00Z,40B1774344BF4E71,18.4,queries/tpch/SQLStorm/10212.sql,warmup,1,1,1,1,1.035,418.258,7,2,7,1818010,7,20911804,0,4,lineitem;ixtest_lineitem_shipdate,105872,0,0,0,0,0,0,59.0,1363
2026-09-19T18:49:01Z,40B1774344BF4E71,18.4,queries/tpch/SQLStorm/10212.sql,measured,1,1,1,1,1.032,427.936,7,2,7,1818010,7,20911804,0,4,lineitem;ixtest_lineitem_shipdate,105872,0,0,0,0,0,0,59.0,2044
2026-09-19T18:49:09Z,40B1774344BF4E71,18.4,queries/tpch/SQLStorm/10213.sql,warmup,1,1,1,1,13.922,6160.721,25,9,10,34988622,10,1176241403,4,4,partsupp;region;nation;supplier;ixtest_supplier_nationkey;lineitem;orders;customer;part,5322477,0,0,0,39316,39321,0,58.0,1967
2026-09-19T18:49:15Z,40B1774344BF4E71,18.4,queries/tpch/SQLStorm/10213.sql,measured,1,1,1,1,13.868,6013.419,25,9,10,34988622,10,1176241403,4,4,partsupp;region;nation;supplier;ixtest_supplier_nationkey;lineitem;orders;customer;part,5322478,0,0,0,39318,39323,0,70.0,2060
2026-09-19T18:49:24Z,40B1774344BF4E71,18.4,queries/tpch/SQLStorm/10214.sql,warmup,1,1,1,1,1.950,6010.098,12,3,10,33606095,10,1314459120,0,4,lineitem;part;orders,120897,0,0,0,45442,45450,0,58.0,2178
2026-09-19T18:49:30Z,40B1774344BF4E71,18.4,queries/tpch/SQLStorm/10214.sql,measured,1,1,1,1,1.953,5927.787,12,3,10,33606095,10,1314459120,0,4,lineitem;part;orders,120897,0,0,0,45443,45451,0,64.0,2255
2026-09-19T18:49:34Z,40B1774344BF4E71,18.4,queries/tpch/SQLStorm/10215.sql,warmup,1,1,1,1,2.461,1955.302,18,5,10,4530360,10,309838000,0,3,partsupp;supplier;nation;region;part,19037,0,0,0,0,0,0,58.0,1880
2026-09-19T18:49:36Z,40B1774344BF4E71,18.4,queries/tpch/SQLStorm/10215.sql,measured,1,1,1,1,2.526,1959.749,18,5,10,4530360,10,309838000,0,3,partsupp;supplier;nation;region;part,19037,0,0,0,0,0,0,65.0,2023
2026-09-19T18:49:40Z,40B1774344BF4E71,18.4,queries/tpch/SQLStorm/10216.sql,warmup,1,1,1,1,5.003,1485.903,18,7,10,4348361,10,126465709,29,4,partsupp;region;nation;supplier;ixtest_supplier_nationkey;lineitem;part,5295864,0,0,0,0,0,0,57.0,2205
2026-09-19T18:49:41Z,40B1774344BF4E71,18.4,queries/tpch/SQLStorm/10216.sql,measured,1,1,1,1,4.919,1489.582,18,7,10,4348361,10,126465709,29,4,partsupp;region;nation;supplier;ixtest_supplier_nationkey;lineitem;part,5295864,0,0,0,0,0,0,70.0,2106
2026-09-19T18:49:44Z,40B1774344BF4E71,18.4,queries/tpch/SQLStorm/10217.sql,warmup,1,1,1,1,2.401,665.799,17,5,10,8273023,10,156320910,0,4,lineitem;orders;ixtest_orders_orderdate;customer;nation,142566,0,0,0,0,0,0,57.0,1778
2026-09-19T18:49:45Z,40B1774344BF4E71,18.4,queries/tpch/SQLStorm/10217.sql,measured,1,1,1,1,2.396,664.513,17,5,10,8273023,10,156320910,0,4,lineitem;orders;ixtest_orders_orderdate;customer;nation,142566,0,0,0,0,0,0,57.0,1910
2026-09-19T18:49:50Z,40B1774344BF4E71,18.4,queries/tpch/SQLStorm/10218.sql,warmup,1,1,1,1,4.761,2296.976,19,7,10,16062669,10,451837391,4,4,partsupp;region;nation;supplier;ixtest_supplier_nationkey;lineitem;part,5258704,0,0,0,0,0,0,57.0,2281
2026-09-19T18:49:52Z,40B1774344BF4E71,18.4,queries/tpch/SQLStorm/10218.sql,measured,1,1,1,1,4.800,2295.404,19,7,10,16062669,10,451837391,4,4,partsupp;region;nation;supplier;ixtest_supplier_nationkey;lineitem;part,5258704,0,0,0,0,0,0,71.0,2238
2026-09-19T18:49:56Z,40B1774344BF4E71,18.4,queries/tpch/SQLStorm/10219.sql,warmup,1,1,1,1,5.318,1473.457,25,8,25,15813025,25,434885220,0,3,partsupp;lineitem;orders;ixtest_orders_orderdate;customer;supplier;nation;part,142025,0,0,0,0,0,0,57.0,1680
2026-09-19T18:49:57Z,40B1774344BF4E71,18.4,queries/tpch/SQLStorm/10219.sql,measured,1,1,1,1,5.309,1479.635,25,8,25,15813025,25,434885220,0,3,partsupp;lineitem;orders;ixtest_orders_orderdate;customer;supplier;nation;part,142025,0,0,0,0,0,0,69.0,1778
2026-09-19T18:50:03Z,40B1774344BF4E71,18.4,queries/tpch/SQLStorm/1022.sql,warmup,1,1,1,1,2.803,3350.692,27,9,54,7616451,560380,154223106,4,3,partsupp;supplier;lineitem;ixtest_lineitem_shipdate;orders;customer;o;ixtest_orders_orderdate,163520,0,0,0,0,0,0,57.0,1158
2026-09-19T18:50:06Z,40B1774344BF4E71,18.4,queries/tpch/SQLStorm/1022.sql,measured,1,1,1,1,2.817,3374.303,27,9,54,7616451,560380,154223106,4,3,partsupp;supplier;lineitem;ixtest_lineitem_shipdate;orders;customer;o;ixtest_orders_orderdate,163520,0,0,0,0,0,0,64.0,1392
2026-09-19T18:50:11Z,40B1774344BF4E71,18.4,queries/tpch/SQLStorm/10220.sql,warmup,1,1,1,1,1.650,2681.982,12,3,10,5280020,10,302001820,0,3,partsupp;supplier;part,22628,0,0,0,0,0,0,55.0,1881
2026-09-19T18:50:14Z,40B1774344BF4E71,18.4,queries/tpch/SQLStorm/10220.sql,measured,1,1,1,1,1.644,2682.021,12,3,10,5280020,10,302001820,0,3,partsupp;supplier;part,22628,0,0,0,0,0,0,61.0,1956
2026-09-19T18:50:30Z,40B1774344BF4E71,18.4,queries/tpch/SQLStorm/10221.sql,warmup,1,1,1,1,5.496,13661.396,19,6,10,61612695,10,1237072470,0,4,lineitem;partsupp;orders;customer;supplier;nation,60126996,0,0,0,36314,36319,0,55.0,2199
2026-09-19T18:50:44Z,40B1774344BF4E71,18.4,queries/tpch/SQLStorm/10221.sql,measured,1,1,1,1,5.521,13707.924,19,6,10,61612695,10,1237072470,0,4,lineitem;partsupp;orders;customer;supplier;nation,60126996,0,0,0,36314,36319,0,71.0,2177
2026-09-19T18:50:52Z,40B1774344BF4E71,18.4,queries/tpch/SQLStorm/10222.sql,warmup,1,1,1,1,1.374,4257.018,9,2,10,14594893,10,638320168,0,4,lineitem;part,116731,0,0,0,5724,10512,0,59.0,1713
2026-09-19T18:50:57Z,40B1774344BF4E71,18.4,queries/tpch/SQLStorm/10222.sql,measured,1,1,1,1,1.371,4151.995,9,2,10,14595030,10,638334005,0,4,lineitem;part,116731,0,0,0,5733,10502,0,66.0,1838
2026-09-19T18:51:00Z,40B1774344BF4E71,18.4,queries/tpch/SQLStorm/10223.sql,warmup,1,1,1,1,1.557,1194.136,10,3,10,9657556,10,218502684,0,4,lineitem;orders;ixtest_orders_orderdate,139019,0,0,0,0,0,0,58.0,2088
2026-09-19T18:51:01Z,40B1774344BF4E71,18.4,queries/tpch/SQLStorm/10223.sql,measured,1,1,1,1,1.562,1202.137,10,3,10,9657556,10,218502684,0,4,lineitem;orders;ixtest_orders_orderdate,139019,0,0,0,0,0,0,66.0,2050
2026-09-19T18:51:06Z,40B1774344BF4E71,18.4,queries/tpch/SQLStorm/10224.sql,warmup,1,1,1,1,2.041,2129.782,13,4,10,10282473,10,364918525,0,4,lineitem;orders;ixtest_orders_orderdate;part,143061,0,0,0,1338,2451,0,57.0,1927
2026-09-19T18:51:08Z,40B1774344BF4E71,18.4,queries/tpch/SQLStorm/10224.sql,measured,1,1,1,1,2.054,2136.578,13,4,10,10282743,10,364944715,0,4,lineitem;orders;ixtest_orders_orderdate;part,143060,0,0,0,1452,2569,0,65.0,1866
2026-09-19T18:51:12Z,40B1774344BF4E71,18.4,queries/tpch/SQLStorm/10225.sql,warmup,1,1,1,1,4.905,1496.281,18,7,10,4353911,10,126682754,29,4,partsupp;region;nation;supplier;ixtest_supplier_nationkey;lineitem;part,5295864,0,0,0,0,0,0,57.0,2172
2026-09-19T18:51:13Z,40B1774344BF4E71,18.4,queries/tpch/SQLStorm/10225.sql,measured,1,1,1,1,4.955,1492.920,18,7,10,4353911,10,126682754,29,4,partsupp;region;nation;supplier;ixtest_supplier_nationkey;lineitem;part,5295864,0,0,0,0,0,0,69.0,2237
2026-09-19T18:51:17Z,40B1774344BF4E71,18.4,queries/tpch/SQLStorm/10226.sql,warmup,1,1,1,1,0.970,1147.537,5,2,10,2096916,10,24251048,0,0,lineitem;ixtest_lineitem_shipdate,105750,0,0,0,0,0,0,57.0,1113
2026-09-19T18:51:18Z,40B1774344BF4E71,18.4,queries/tpch/SQLStorm/10226.sql,measured,1,1,1,1,0.973,1149.604,5,2,10,2096916,10,24251048,0,0,lineitem;ixtest_lineitem_shipdate,105750,0,0,0,0,0,0,62.0,1188
2026-09-19T18:51:35Z,40B1774344BF4E71,18.4,queries/tpch/SQLStorm/10227.sql,warmup,1,1,1,1,,,,,,,,,,,,,,,,,,1,55.0,1457
2026-09-19T18:51:51Z,40B1774344BF4E71,18.4,queries/tpch/SQLStorm/10227.sql,measured,1,1,1,1,,,,,,,,,,,,,,,,,,1,63.0,1391
2026-09-19T18:51:55Z,40B1774344BF4E71,18.4,queries/tpch/SQLStorm/10228.sql,warmup,1,1,1,1,1.041,1552.694,5,2,100,2089455,100,60117975,0,0,lineitem;ixtest_lineitem_shipdate,105818,0,0,0,2436,4313,0,52.0,1042
2026-09-19T18:51:56Z,40B1774344BF4E71,18.4,queries/tpch/SQLStorm/10228.sql,measured,1,1,1,1,1.047,1546.289,5,2,100,2089455,100,60117975,0,0,lineitem;ixtest_lineitem_shipdate,105818,0,0,0,2436,4313,0,58.0,1188
2026-09-19T18:52:00Z,40B1774344BF4E71,18.4,queries/tpch/SQLStorm/10229.sql,warmup,1,1,1,1,1.340,3854.792,9,2,100,14595392,100,354762726,0,4,lineitem;part,113157,0,0,0,2354,4844,0,59.0,1804
2026-09-19T18:52:04Z,40B1774344BF4E71,18.4,queries/tpch/SQLStorm/10229.sql,measured,1,1,1,1,1.327,3933.297,9,2,100,14595481,100,354768778,0,4,lineitem;part,113157,0,0,0,3555,6804,0,61.0,1804
2026-09-19T18:52:22Z,40B1774344BF4E71,18.4,queries/tpch/SQLStorm/1023.sql,warmup,1,1,1,1,,,,,,,,,,,,,,,,,,1,53.0,2058
2026-09-19T18:52:37Z,40B1774344BF4E71,18.4,queries/tpch/SQLStorm/1023.sql,measured,1,1,1,1,,,,,,,,,,,,,,,,,,1,64.0,2013
2026-09-19T18:52:39Z,40B1774344BF4E71,18.4,queries/tpch/SQLStorm/10230.sql,warmup,1,1,1,1,4.104,319.404,16,7,25,935633,25,20469308,0,3,orders;ixtest_orders_orderdate;lineitem;partsupp;customer;supplier;nation,931240,0,0,0,0,0,0,55.0,2106
2026-09-19T18:52:40Z,40B1774344BF4E71,18.4,queries/tpch/SQLStorm/10230.sql,measured,1,1,1,1,4.108,324.016,16,7,25,935633,25,20469308,0,3,orders;ixtest_orders_orderdate;lineitem;partsupp;customer;supplier;nation,931240,0,0,0,0,0,0,55.0,2238
2026-09-19T18:52:41Z,40B1774344BF4E71,18.4,queries/tpch/SQLStorm/10231.sql,warmup,1,1,1,1,4.943,1487.402,18,7,10,4342336,10,126228024,29,4,partsupp;region;nation;supplier;ixtest_supplier_nationkey;lineitem;part,5295863,0,0,0,0,0,0,57.0,1942
2026-09-19T18:52:43Z,40B1774344BF4E71,18.4,queries/tpch/SQLStorm/10231.sql,measured,1,1,1,1,4.910,1486.357,18,7,10,4342336,10,126228024,29,4,partsupp;region;nation;supplier;ixtest_supplier_nationkey;lineitem;part,5295863,0,0,0,0,0,0,68.0,2172
2026-09-19T18:52:46Z,40B1774344BF4E71,18.4,queries/tpch/SQLStorm/10232.sql,warmup,1,1,1,1,0.996,411.372,7,2,7,1819029,7,20922582,0,4,lineitem;ixtest_lineitem_shipdate,105662,0,0,0,0,0,0,56.0,1713
2026-09-19T18:52:46Z,40B1774344BF4E71,18.4,queries/tpch/SQLStorm/10232.sql,measured,1,1,1,1,1.001,413.230,7,2,7,1819029,7,20922582,0,4,lineitem;ixtest_lineitem_shipdate,105662,0,0,0,0,0,0,56.0,1975
2026-09-19T18:52:49Z,40B1774344BF4E71,18.4,queries/tpch/SQLStorm/10233.sql,warmup,1,1,1,1,1.668,177.121,14,4,100,1204840,100,12106634,100024,3,partsupp;supplier;part,35928,0,0,0,0,0,0,54.0,1844
2026-09-19T18:52:49Z,40B1774344BF4E71,18.4,queries/tpch/SQLStorm/10233.sql,measured,1,1,1,1,1.674,176.598,14,4,100,1204832,100,12106490,100024,3,partsupp;supplier;part,35928,0,0,0,0,0,0,54.0,1844
2026-09-19T18:52:50Z,40B1774344BF4E71,18.4,queries/tpch/SQLStorm/10234.sql,warmup,1,1,1,1,1.562,207.273,10,3,100,2856264,100,120979016,2022,3,partsupp;supplier;part,22601,0,0,0,0,0,0,54.0,1844
2026-09-19T18:52:50Z,40B1774344BF4E71,18.4,queries/tpch/SQLStorm/10234.sql,measured,1,1,1,1,1.562,207.078,10,3,100,2856256,100,120978432,2022,3,partsupp;supplier;part,22601,0,0,0,0,0,0,66.0,1712
2026-09-19T18:52:53Z,40B1774344BF4E71,18.4,queries/tpch/SQLStorm/10235.sql,warmup,1,1,1,1,2.676,683.138,19,6,25,9197371,25,177750910,0,4,lineitem;orders;ixtest_orders_orderdate;customer;supplier;nation,140493,0,0,0,0,0,0,53.0,1975
2026-09-19T18:52:54Z,40B1774344BF4E71,18.4,queries/tpch/SQLStorm/10235.sql,measured,1,1,1,1,2.645,693.602,19,6,25,9197371,25,177750910,0,4,lineitem;orders;ixtest_orders_orderdate;customer;supplier;nation,140492,0,0,0,0,0,0,53.0,1909
2026-09-19T18:52:59Z,40B1774344BF4E71,18.4,queries/tpch/SQLStorm/10236.sql,warmup,1,1,1,1,3.084,3105.328,18,6,25,13896964,25,241371992,0,3,orders;lineitem;ixtest_lineitem_shipdate;part;customer;partsupp,709529,0,0,0,0,0,0,54.0,1680
2026-09-19T18:53:02Z,40B1774344BF4E71,18.4,queries/tpch/SQLStorm/10236.sql,measured,1,1,1,1,3.044,3112.466,18,6,25,13896964,25,241371992,0,3,orders;lineitem;ixtest_lineitem_shipdate;part;customer;partsupp,709529,0,0,0,0,0,0,59.0,1844
2026-09-19T18:53:16Z,40B1774344BF4E71,18.4,queries/tpch/SQLStorm/10237.sql,warmup,1,1,1,1,4.743,11885.314,25,8,25,85094517,25,2993326560,0,4,lineitem;orders;ixtest_orders_orderdate;customer;nation;partsupp;supplier;part,145466,0,0,0,0,0,0,53.0,2137
2026-09-19T18:53:28Z,40B1774344BF4E71,18.4,queries/tpch/SQLStorm/10237.sql,measured,1,1,1,1,4.733,11961.160,25,8,25,85094517,25,2993326560,0,4,lineitem;orders;ixtest_orders_orderdate;customer;nation;partsupp;supplier;part,145466,0,0,0,0,0,0,63.0,2207
2026-09-19T18:53:32Z,40B1774344BF4E71,18.4,queries/tpch/SQLStorm/10238.sql,warmup,1,1,1,1,8.303,1893.629,21,8,10,4519735,10,81563000,5,4,partsupp;region;nation;supplier;ixtest_supplier_nationkey;lineitem;orders;customer,7043373,0,0,0,0,0,0,60.0,2054
2026-09-19T18:53:34Z,40B1774344BF4E71,18.4,queries/tpch/SQLStorm/10238.sql,measured,1,1,1,1,8.335,1908.319,21,8,10,4519935,10,81570200,5,4,partsupp;region;nation;supplier;ixtest_supplier_nationkey;lineitem;orders;customer,7043373,0,0,0,0,0,0,65.0,2133
2026-09-19T18:53:41Z,40B1774344BF4E71,18.4,queries/tpch/SQLStorm/10239.sql,warmup,1,1,1,1,4.739,4258.701,20,6,10,23934023,10,889129612,0,3,partsupp;supplier;part;lineitem;orders;ixtest_orders_orderdate,915502,0,0,0,0,0,0,59.0,2059
2026-09-19T18:53:45Z,40B1774344BF4E71,18.4,queries/tpch/SQLStorm/10239.sql,measured,1,1,1,1,4.603,4393.784,20,6,10,23934023,10,889129612,0,3,partsupp;supplier;part;lineitem;orders;ixtest_orders_orderdate,915502,0,0,0,0,0,0,68.0,2192
2026-09-19T18:53:51Z,40B1774344BF4E71,18.4,queries/tpch/SQLStorm/1024.sql,warmup,1,1,1,1,3.581,5163.445,33,10,0,23467045,2,415907711,5,3,customer;lineitem;ixtest_lineitem_shipdate;orders;nation;region;st;partsupp;supplier,434655,594,0,0,16461,28938,0,59.0,1985
2026-09-19T18:53:56Z,40B1774344BF4E71,18.4,queries/tpch/SQLStorm/1024.sql,measured,1,1,1,1,3.590,4924.607,33,10,0,23467045,2,415907711,5,3,customer;lineitem;ixtest_lineitem_shipdate;orders;nation;region;st;partsupp;supplier,435249,0,0,0,16461,28938,0,72.0,1902
2026-09-19T18:54:02Z,40B1774344BF4E71,18.4,queries/tpch/SQLStorm/10240.sql,warmup,1,1,1,1,2.852,3551.594,18,5,25,33756750,25,1128055945,0,4,lineitem;partsupp;supplier;nation;part,116499,0,0,0,0,0,0,58.0,2141
2026-09-19T18:54:05Z,40B1774344BF4E71,18.4,queries/tpch/SQLStorm/10240.sql,measured,1,1,1,1,3.132,3544.947,18,5,25,33756750,25,1128055945,0,4,lineitem;partsupp;supplier;nation;part,116498,0,0,0,0,0,0,73.0,2033
2026-09-19T18:54:08Z,40B1774344BF4E71,18.4,queries/tpch/SQLStorm/10241.sql,warmup,1,1,1,1,1.270,888.337,7,2,10,2200017,10,73401105,0,0,partsupp;part,21691,0,0,0,0,0,0,58.0,1394
2026-09-19T18:54:09Z,40B1774344BF4E71,18.4,queries/tpch/SQLStorm/10241.sql,measured,1,1,1,1,1.261,894.183,7,2,10,2200017,10,73401105,0,0,partsupp;part,21691,0,0,0,0,0,0,60.0,1660
2026-09-19T18:54:12Z,40B1774344BF4E71,18.4,queries/tpch/SQLStorm/10242.sql,warmup,1,1,1,1,4.840,2203.096,19,7,10,16011162,10,477935467,4,4,partsupp;region;nation;supplier;ixtest_supplier_nationkey;lineitem;part,5295864,0,0,0,0,0,0,60.0,2016
2026-09-19T18:54:14Z,40B1774344BF4E71,18.4,queries/tpch/SQLStorm/10242.sql,measured,1,1,1,1,4.829,2198.244,19,7,10,16011163,10,477935568,4,4,partsupp;region;nation;supplier;ixtest_supplier_nationkey;lineitem;part,5295863,0,0,0,0,0,0,70.0,1975
2026-09-19T18:54:18Z,40B1774344BF4E71,18.4,queries/tpch/SQLStorm/10243.sql,warmup,1,1,1,1,5.007,1645.063,18,7,10,1469761,10,25577983,34,2,part;partsupp;region;nation;supplier;ixtest_supplier_nationkey;lineitem,5387533,0,0,0,0,0,0,58.0,1771
2026-09-19T18:54:20Z,40B1774344BF4E71,18.4,queries/tpch/SQLStorm/10243.sql,measured,1,1,1,1,4.946,1649.894,18,7,10,1469761,10,25577983,34,2,part;partsupp;region;nation;supplier;ixtest_supplier_nationkey;lineitem,5387533,0,0,0,0,0,0,67.0,1800
2026-09-19T18:54:25Z,40B1774344BF4E71,18.4,queries/tpch/SQLStorm/10244.sql,warmup,1,1,1,1,1.676,2642.042,12,3,10,5280020,10,308401980,0,3,partsupp;supplier;part,22628,0,0,0,0,0,0,57.0,2069
2026-09-19T18:54:27Z,40B1774344BF4E71,18.4,queries/tpch/SQLStorm/10244.sql,measured,1,1,1,1,1.668,2661.069,12,3,10,5280020,10,308401980,0,3,partsupp;supplier;part,22628,0,0,0,0,0,0,66.0,1844
2026-09-19T18:54:31Z,40B1774344BF4E71,18.4,queries/tpch/SQLStorm/10245.sql,warmup,1,1,1,1,4.987,1497.847,18,7,10,4349336,10,126503209,29,4,partsupp;region;nation;supplier;ixtest_supplier_nationkey;lineitem;part,5295864,0,0,0,0,0,0,56.0,2073
2026-09-19T18:54:33Z,40B1774344BF4E71,18.4,queries/tpch/SQLStorm/10245.sql,measured,1,1,1,1,4.940,1490.190,18,7,10,4349336,10,126503209,29,4,partsupp;region;nation;supplier;ixtest_supplier_nationkey;lineitem;part,5295864,0,0,0,0,0,0,68.0,2106
2026-09-19T18:54:35Z,40B1774344BF4E71,18.4,queries/tpch/SQLStorm/10246.sql,warmup,1,1,1,1,1.028,417.085,7,2,7,1818010,7,20910852,0,4,lineitem;ixtest_lineitem_shipdate,105872,0,0,0,0,0,0,56.0,1538
2026-09-19T18:54:36Z,40B1774344BF4E71,18.4,queries/tpch/SQLStorm/10246.sql,measured,1,1,1,1,1.001,416.768,7,2,7,1818010,7,20910852,0,4,lineitem;ixtest_lineitem_shipdate,105872,0,0,0,0,0,0,56.0,1625
2026-09-19T18:54:51Z,40B1774344BF4E71,18.4,queries/tpch/SQLStorm/10247.sql,warmup,1,1,1,1,3.437,12941.393,19,6,3750,84706781,3750,3444134556,0,4,partsupp;part;lineitem;orders;ixtest_orders_orderdate;supplier,145467,0,0,0,0,0,0,55.0,2225
2026-09-19T18:55:04Z,40B1774344BF4E71,18.4,queries/tpch/SQLStorm/10247.sql,measured,1,1,1,1,3.461,13000.535,19,6,3750,84706781,3750,3444134556,0,4,partsupp;part;lineitem;orders;ixtest_orders_orderdate;supplier,145466,0,0,0,0,0,0,70.0,2090
2026-09-19T18:55:09Z,40B1774344BF4E71,18.4,queries/tpch/SQLStorm/10248.sql,warmup,1,1,1,1,8.798,0.263,15,6,0,1,1,4,4,0,region;lineitem;partsupp;supplier;nation;part,10,0,0,0,0,0,0,60.0,1181
2026-09-19T18:55:09Z,40B1774344BF4E71,18.4,queries/tpch/SQLStorm/10248.sql,measured,1,1,1,1,4.288,0.229,15,6,0,1,1,4,4,0,region;lineitem;partsupp;supplier;nation;part,10,0,0,0,0,0,0,60.0,1450
2026-09-19T18:55:11Z,40B1774344BF4E71,18.4,queries/tpch/SQLStorm/10249.sql,warmup,1,1,1,1,1.733,1735.818,10,3,100,5010200,100,295721400,0,0,part;partsupp;supplier,54557,0,0,0,0,0,0,60.0,1100
2026-09-19T18:55:13Z,40B1774344BF4E71,18.4,queries/tpch/SQLStorm/10249.sql,measured,1,1,1,1,1.756,1730.101,10,3,100,5010200,100,295721400,0,0,part;partsupp;supplier,54557,0,0,0,0,0,0,69.0,1109
2026-09-19T18:55:15Z,40B1774344BF4E71,18.4,queries/tpch/SQLStorm/1025.sql,warmup,1,1,1,1,,,,,,,,,,,,,,,,,,1,58.0,925
2026-09-19T18:55:15Z,40B1774344BF4E71,18.4,queries/tpch/SQLStorm/1025.sql,measured,1,1,1,1,,,,,,,,,,,,,,,,,,1,58.0,1713
2026-09-19T18:55:16Z,40B1774344BF4E71,18.4,queries/tpch/SQLStorm/10250.sql,warmup,1,1,1,1,2.556,534.861,15,5,10,971087,10,37423503,4,0,part;supplier;nation;region;partsupp,170604,0,0,0,0,0,0,58.0,1363
2026-09-19T18:55:16Z,40B1774344BF4E71,18.4,queries/tpch/SQLStorm/10250.sql,measured,1,1,1,1,2.530,533.602,15,5,10,971087,10,37423503,4,0,part;supplier;nation;region;partsupp,170604,0,0,0,0,0,0,63.0,1384
2026-09-19T18:55:19Z,40B1774344BF4E71,18.4,queries/tpch/SQLStorm/10251.sql,warmup,1,1,1,1,2.388,666.141,17,5,10,8280352,10,156527630,0,4,lineitem;orders;ixtest_orders_orderdate;customer;nation,142565,0,0,0,0,0,0,56.0,1910
2026-09-19T18:55:20Z,40B1774344BF4E71,18.4,queries/tpch/SQLStorm/10251.sql,measured,1,1,1,1,2.390,665.617,17,5,10,8280352,10,156527630,0,4,lineitem;orders;ixtest_orders_orderdate;customer;nation,142565,0,0,0,0,0,0,56.0,1975
2026-09-19T18:55:36Z,40B1774344BF4E71,18.4,queries/tpch/SQLStorm/10252.sql,warmup,1,1,1,1,5.530,13630.189,19,6,10,61612695,10,1237072470,0,4,lineitem;partsupp;orders;customer;supplier;nation,60126996,0,0,0,36314,36319,0,55.0,2283
2026-09-19T18:55:50Z,40B1774344BF4E71,18.4,queries/tpch/SQLStorm/10252.sql,measured,1,1,1,1,5.544,13652.946,19,6,10,61612695,10,1237072470,0,4,lineitem;partsupp;orders;customer;supplier;nation,60126996,0,0,0,36315,36320,0,73.0,2241
2026-09-19T18:55:55Z,40B1774344BF4E71,18.4,queries/tpch/SQLStorm/10253.sql,warmup,1,1,1,1,8.169,1052.829,18,7,10,2165610,10,52636052,10,4,partsupp;region;nation;supplier;ixtest_supplier_nationkey;lineitem;part,2421960,0,0,0,0,0,0,60.0,1888
2026-09-19T18:55:56Z,40B1774344BF4E71,18.4,queries/tpch/SQLStorm/10253.sql,measured,1,1,1,1,8.183,1065.620,18,7,10,2165610,10,52636052,10,4,partsupp;region;nation;supplier;ixtest_supplier_nationkey;lineitem;part,2421960,0,0,0,0,0,0,70.0,1888
2026-09-19T18:56:00Z,40B1774344BF4E71,18.4,queries/tpch/SQLStorm/10254.sql,warmup,1,1,1,1,3.909,1278.418,22,7,25,14970697,25,364127430,0,4,lineitem;orders;ixtest_orders_orderdate;partsupp;supplier;nation;part,142828,0,0,0,0,0,0,59.0,2013
2026-09-19T18:56:01Z,40B1774344BF4E71,18.4,queries/tpch/SQLStorm/10254.sql,measured,1,1,1,1,3.933,1283.272,22,7,25,14970697,25,364127430,0,4,lineitem;orders;ixtest_orders_orderdate;partsupp;supplier;nation;part,142827,0,0,0,0,0,0,71.0,2313
2026-09-19T18:56:05Z,40B1774344BF4E71,18.4,queries/tpch/SQLStorm/10255.sql,warmup,1,1,1,1,4.903,1453.767,18,7,10,4340374,10,114857066,29,4,partsupp;region;nation;supplier;ixtest_supplier_nationkey;lineitem;part,5295864,0,0,0,0,0,0,59.0,1942
2026-09-19T18:56:06Z,40B1774344BF4E71,18.4,queries/tpch/SQLStorm/10255.sql,measured,1,1,1,1,4.898,1455.842,18,7,10,4340374,10,114857066,29,4,partsupp;region;nation;supplier;ixtest_supplier_nationkey;lineitem;part,5295863,0,0,0,0,0,0,70.0,2106
2026-09-19T18:56:09Z,40B1774344BF4E71,18.4,queries/tpch/SQLStorm/10256.sql,warmup,1,1,1,1,2.636,684.053,19,6,25,9183043,25,177441740,0,4,lineitem;orders;ixtest_orders_orderdate;customer;supplier;nation,140496,0,0,0,0,0,0,58.0,2041
2026-09-19T18:56:10Z,40B1774344BF4E71,18.4,queries/tpch/SQLStorm/10256.sql,measured,1,1,1,1,2.692,685.566,19,6,25,9183043,25,177441740,0,4,lineitem;orders;ixtest_orders_orderdate;customer;supplier;nation,140496,0,0,0,0,0,0,58.0,2106
2026-09-19T18:56:12Z,40B1774344BF4E71,18.4,queries/tpch/SQLStorm/10257.sql,warmup,1,1,1,1,2.609,149.738,17,6,10,1531094,10,34804806,4,2,part;partsupp;region;nation;supplier;ixtest_supplier_nationkey,24561,0,0,0,0,0,0,58.0,1708
2026-09-19T18:56:13Z,40B1774344BF4E71,18.4,queries/tpch/SQLStorm/10257.sql,measured,1,1,1,1,2.614,149.172,17,6,10,1531094,10,34804806,4,2,part;partsupp;region;nation;supplier;ixtest_supplier_nationkey,24561,0,0,0,0,0,0,58.0,1450
2026-09-19T18:56:14Z,40B1774344BF4E71,18.4,queries/tpch/SQLStorm/10258.sql,warmup,1,1,1,1,2.276,582.958,17,6,25,3072459,25,29820542,0,2,customer;lineitem;ixtest_lineitem_shipmode;orders;ixtest_orders_orderdate;nation,142486,736,0,0,0,0,0,58.0,1647
2026-09-19T18:56:14Z,40B1774344BF4E71,18.4,queries/tpch/SQLStorm/10258.sql,measured,1,1,1,1,2.267,527.461,17,6,25,3072459,25,29820542,0,2,customer;lineitem;ixtest_lineitem_shipmode;orders;ixtest_orders_orderdate;nation,143223,0,0,0,0,0,0,61.0,2238
2026-09-19T18:56:18Z,40B1774344BF4E71,18.4,queries/tpch/SQLStorm/10259.sql,warmup,1,1,1,1,4.898,1495.172,18,7,100,4340554,100,126162066,29,4,partsupp;region;nation;supplier;ixtest_supplier_nationkey;lineitem;part,5295864,0,0,0,0,0,0,57.0,2241
2026-09-19T18:56:20Z,40B1774344BF4E71,18.4,queries/tpch/SQLStorm/10259.sql,measured,1,1,1,1,4.907,1493.921,18,7,100,4340554,100,126162066,29,4,partsupp;region;nation;supplier;ixtest_supplier_nationkey;lineitem;part,5295863,0,0,0,0,0,0,69.0,2237
2026-09-19T18:56:28Z,40B1774344BF4E71,18.4,queries/tpch/SQLStorm/1026.sql,warmup,1,1,1,1,3.288,6545.433,30,9,10058,25837150,3747417,778634665,233025,3,partsupp;supplier;lineitem;ixtest_lineitem_shipdate;orders;customer,270917,0,0,0,16233,16236,0,57.0,1943
2026-09-19T18:56:35Z,40B1774344BF4E71,18.4,queries/tpch/SQLStorm/1026.sql,measured,1,1,1,1,3.319,6536.438,30,9,10058,25837150,3747417,778634665,233025,3,partsupp;supplier;lineitem;ixtest_lineitem_shipdate;orders;customer,270917,0,0,0,16231,16233,0,68.0,1967
2026-09-19T18:56:42Z,40B1774344BF4E71,18.4,queries/tpch/SQLStorm/10260.sql,warmup,1,1,1,1,3.400,4437.464,19,5,10,33756745,10,1098035980,0,4,lineitem;partsupp;supplier;nation;part,116499,0,0,0,0,0,0,56.0,2215
2026-09-19T18:56:46Z,40B1774344BF4E71,18.4,queries/tpch/SQLStorm/10260.sql,measured,1,1,1,1,3.392,4489.181,19,5,10,33756745,10,1098035980,0,4,lineitem;partsupp;supplier;nation;part,116499,0,0,0,0,0,0,73.0,2363
2026-09-19T18:56:51Z,40B1774344BF4E71,18.4,queries/tpch/SQLStorm/10261.sql,warmup,1,1,1,1,1.672,2729.808,12,3,10,5280020,10,302001820,0,3,partsupp;supplier;part,22628,0,0,0,0,0,0,59.0,2013
2026-09-19T18:56:54Z,40B1774344BF4E71,18.4,queries/tpch/SQLStorm/10261.sql,measured,1,1,1,1,1.651,2685.036,12,3,10,5280020,10,302001820,0,3,partsupp;supplier;part,22628,0,0,0,0,0,0,67.0,2050
2026-09-19T18:56:56Z,40B1774344BF4E71,18.4,queries/tpch/SQLStorm/10262.sql,warmup,1,1,1,1,2.002,218.420,11,4,10,693018,10,23617358,0,2,part;orders;ixtest_orders_orderdate;lineitem,96991,0,0,0,0,0,0,58.0,1450
2026-09-19T18:56:57Z,40B1774344BF4E71,18.4,queries/tpch/SQLStorm/10262.sql,measured,1,1,1,1,2.034,217.116,11,4,10,693018,10,23617358,0,2,part;orders;ixtest_orders_orderdate;lineitem,96991,0,0,0,0,0,0,58.0,2106
2026-09-19T18:57:11Z,40B1774344BF4E71,18.4,queries/tpch/SQLStorm/10263.sql,warmup,1,1,1,1,3.948,13832.196,18,6,25,61612700,25,1237072760,0,4,lineitem;partsupp;orders;customer;supplier;nation,60126996,0,0,0,36315,36320,0,58.0,2144
2026-09-19T18:57:25Z,40B1774344BF4E71,18.4,queries/tpch/SQLStorm/10263.sql,measured,1,1,1,1,3.996,13795.674,18,6,25,61612700,25,1237072760,0,4,lineitem;partsupp;orders;customer;supplier;nation,60126996,0,0,0,36314,36319,0,70.0,2069
2026-09-19T18:57:29Z,40B1774344BF4E71,18.4,queries/tpch/SQLStorm/10264.sql,warmup,1,1,1,1,0.960,148.076,6,2,2,154743,6,1238832,0,4,lineitem;ixtest_lineitem_shipdate,41760,0,0,0,0,0,0,60.0,1975
2026-09-19T18:57:30Z,40B1774344BF4E71,18.4,queries/tpch/SQLStorm/10264.sql,measured,1,1,1,1,0.968,148.161,6,2,2,154743,6,1238832,0,4,lineitem;ixtest_lineitem_shipdate,41760,0,0,0,0,0,0,60.0,2238
2026-09-19T18:57:31Z,40B1774344BF4E71,18.4,queries/tpch/SQLStorm/10265.sql,warmup,1,1,1,1,4.602,1482.043,18,7,10,4282483,10,118162185,29,4,partsupp;region;nation;supplier;ixtest_supplier_nationkey;lineitem;part,5170705,0,0,0,0,0,0,60.0,2205
2026-09-19T18:57:33Z,40B1774344BF4E71,18.4,queries/tpch/SQLStorm/10265.sql,measured,1,1,1,1,4.605,1454.329,18,7,10,4282483,10,118162185,29,4,partsupp;region;nation;supplier;ixtest_supplier_nationkey;lineitem;part,5170705,0,0,0,0,0,0,72.0,2303
2026-09-19T18:57:37Z,40B1774344BF4E71,18.4,queries/tpch/SQLStorm/10266.sql,warmup,1,1,1,1,1.636,2310.851,10,3,100,5010200,100,286120600,0,0,part;partsupp;supplier,54557,0,0,0,0,0,0,60.0,1406
2026-09-19T18:57:40Z,40B1774344BF4E71,18.4,queries/tpch/SQLStorm/10266.sql,measured,1,1,1,1,1.636,2295.356,10,3,100,5010200,100,286120600,0,0,part;partsupp;supplier,54557,0,0,0,0,0,0,66.0,1494
2026-09-19T18:57:43Z,40B1774344BF4E71,18.4,queries/tpch/SQLStorm/10267.sql,warmup,1,1,1,1,3.958,1283.256,22,7,25,14970697,25,364127430,0,4,lineitem;orders;ixtest_orders_orderdate;partsupp;supplier;nation;part,142827,0,0,0,0,0,0,58.0,2275
2026-09-19T18:57:45Z,40B1774344BF4E71,18.4,queries/tpch/SQLStorm/10267.sql,measured,1,1,1,1,3.898,1288.491,22,7,25,14970697,25,364127430,0,4,lineitem;orders;ixtest_orders_orderdate;partsupp;supplier;nation;part,142828,0,0,0,0,0,0,73.0,2313
2026-09-19T18:57:53Z,40B1774344BF4E71,18.4,queries/tpch/SQLStorm/10268.sql,warmup,1,1,1,1,4.064,5709.021,18,6,25,20000459,25,436144144,1,4,lineitem;partsupp;orders;customer;supplier;nation,29603268,0,0,0,0,0,0,58.0,2319
2026-09-19T18:57:59Z,40B1774344BF4E71,18.4,queries/tpch/SQLStorm/10268.sql,measured,1,1,1,1,4.059,5719.372,18,6,25,20000459,25,436144144,1,4,lineitem;partsupp;orders;customer;supplier;nation,29603268,0,0,0,0,0,0,73.0,2325
2026-09-19T18:58:01Z,40B1774344BF4E71,18.4,queries/tpch/SQLStorm/10269.sql,warmup,1,1,1,1,0.843,230.776,4,1,1,114916,1,1379212,160011,4,lineitem,5952,5472,0,0,0,0,0,60.0,1501
2026-09-19T18:58:01Z,40B1774344BF4E71,18.4,queries/tpch/SQLStorm/10269.sql,measured,1,1,1,1,0.839,87.232,4,1,1,114916,1,1379212,160011,4,lineitem,11285,0,0,0,0,0,0,60.0,925
2026-09-19T18:58:12Z,40B1774344BF4E71,18.4,queries/tpch/SQLStorm/1027.sql,warmup,1,1,1,1,2.629,10557.729,27,8,907463,47455945,315042,1998950568,10000,4,sp;lineitem;partsupp;supplier;fo;orders;ixtest_orders_orderdate,270078,0,0,0,5025,5026,0,60.0,1995
2026-09-19T18:58:23Z,40B1774344BF4E71,18.4,queries/tpch/SQLStorm/1027.sql,measured,1,1,1,1,2.660,10558.078,27,8,907463,47455945,315042,1998950568,10000,4,sp;lineitem;partsupp;supplier;fo;orders;ixtest_orders_orderdate,270078,0,0,0,5025,5026,0,67.0,1922
2026-09-19T18:58:26Z,40B1774344BF4E71,18.4,queries/tpch/SQLStorm/10270.sql,warmup,1,1,1,1,4.924,1487.516,18,7,10,4333903,10,126054212,29,4,partsupp;region;nation;supplier;ixtest_supplier_nationkey;lineitem;part,5258704,0,0,0,0,0,0,60.0,2008
2026-09-19T18:58:28Z,40B1774344BF4E71,18.4,queries/tpch/SQLStorm/10270.sql,measured,1,1,1,1,4.915,1490.920,18,7,10,4333903,10,126054212,29,4,partsupp;region;nation;supplier;ixtest_supplier_nationkey;lineitem;part,5258704,0,0,0,0,0,0,71.0,2172
2026-09-19T18:58:44Z,40B1774344BF4E71,18.4,queries/tpch/SQLStorm/10271.sql,warmup,1,1,1,1,5.495,13702.210,19,6,10,61612695,10,1237072470,0,4,lineitem;partsupp;orders;customer;supplier;nation,60126996,0,0,0,36315,36320,0,59.0,2158
2026-09-19T18:58:58Z,40B1774344BF4E71,18.4,queries/tpch/SQLStorm/10271.sql,measured,1,1,1,1,5.510,13692.464,19,6,10,61612695,10,1237072470,0,4,lineitem;partsupp;orders;customer;supplier;nation,60126996,0,0,0,36315,36320,0,76.0,2146
2026-09-19T18:59:09Z,40B1774344BF4E71,18.4,queries/tpch/SQLStorm/10272.sql,warmup,1,1,1,1,4.619,4552.206,20,6,10,23934118,10,847791539,0,3,partsupp;supplier;part;lineitem;orders;ixtest_orders_orderdate,915504,0,0,0,0,0,0,60.0,2085
2026-09-19T18:59:13Z,40B1774344BF4E71,18.4,queries/tpch/SQLStorm/10272.sql,measured,1,1,1,1,4.644,4713.801,20,6,10,23933843,10,847781364,0,3,partsupp;supplier;part;lineitem;orders;ixtest_orders_orderdate,915499,0,0,0,0,0,0,70.0,2019
2026-09-19T18:59:18Z,40B1774344BF4E71,18.4,queries/tpch/SQLStorm/10273.sql,warmup,1,1,1,1,1.637,2526.289,12,3,10,5280020,10,308401980,0,3,partsupp;supplier;part,22628,0,0,0,0,0,0,58.0,1793
2026-09-19T18:59:21Z,40B1774344BF4E71,18.4,queries/tpch/SQLStorm/10273.sql,measured,1,1,1,1,1.674,2515.905,12,3,10,5280020,10,308401980,0,3,partsupp;supplier;part,22628,0,0,0,0,0,0,69.0,1914
2026-09-19T18:59:24Z,40B1774344BF4E71,18.4,queries/tpch/SQLStorm/10274.sql,warmup,1,1,1,1,2.687,818.878,19,6,25,7410313,25,184298940,0,3,orders;lineitem;ixtest_lineitem_shipdate;supplier;nation;customer,133219,0,0,0,0,0,0,58.0,1817
2026-09-19T18:59:25Z,40B1774344BF4E71,18.4,queries/tpch/SQLStorm/10274.sql,measured,1,1,1,1,2.632,813.476,19,6,25,7410313,25,184298940,0,3,orders;lineitem;ixtest_lineitem_shipdate;supplier;nation;customer,133219,0,0,0,0,0,0,60.0,1923
2026-09-19T18:59:27Z,40B1774344BF4E71,18.4,queries/tpch/SQLStorm/10275.sql,warmup,1,1,1,1,5.003,1969.560,20,7,10,15716397,10,423442292,4,4,partsupp;region;nation;supplier;ixtest_supplier_nationkey;lineitem;part,5295924,0,0,0,0,0,0,60.0,2094
2026-09-19T18:59:29Z,40B1774344BF4E71,18.4,queries/tpch/SQLStorm/10275.sql,measured,1,1,1,1,4.953,1971.031,20,7,10,15716368,10,423439508,4,4,partsupp;region;nation;supplier;ixtest_supplier_nationkey;lineitem;part,5295923,0,0,0,0,0,0,69.0,2047
2026-09-19T18:59:46Z,40B1774344BF4E71,18.4,queries/tpch/SQLStorm/10276.sql,warmup,1,1,1,1,,,,,,,,,,,,,,,,,,1,58.0,2130
2026-09-19T19:00:02Z,40B1774344BF4E71,18.4,queries/tpch/SQLStorm/10276.sql,measured,1,1,1,1,,,,,,,,,,,,,,,,,,1,72.0,2148
2026-09-19T19:00:09Z,40B1774344BF4E71,18.4,queries/tpch/SQLStorm/10277.sql,warmup,1,1,1,1,1.069,552.181,6,2,4,1829987,6,22889104,0,4,lineitem;ixtest_lineitem_shipdate,105855,0,0,0,0,0,0,59.0,1909
2026-09-19T19:00:09Z,40B1774344BF4E71,18.4,queries/tpch/SQLStorm/10277.sql,measured,1,1,1,1,1.067,534.883,6,2,4,1829987,6,22889104,0,4,lineitem;ixtest_lineitem_shipdate,105855,0,0,0,0,0,0,59.0,1888
2026-09-19T19:00:12Z,40B1774344BF4E71,18.4,queries/tpch/SQLStorm/10278.sql,warmup,1,1,1,1,0.969,499.219,7,2,10,1927911,10,18503840,0,4,lineitem;ixtest_lineitem_shipdate,105844,0,0,0,0,0,0,59.0,1363
2026-09-19T19:00:12Z,40B1774344BF4E71,18.4,queries/tpch/SQLStorm/10278.sql,measured,1,1,1,1,0.979,502.958,7,2,10,1927911,10,18503840,0,4,lineitem;ixtest_lineitem_shipdate,105844,0,0,0,0,0,0,59.0,1800
2026-09-19T19:00:17Z,40B1774344BF4E71,18.4,queries/tpch/SQLStorm/10279.sql,warmup,1,1,1,1,4.755,2016.886,19,7,10,16011163,10,395309892,4,4,partsupp;region;nation;supplier;ixtest_supplier_nationkey;lineitem;part,5295863,0,0,0,0,0,0,58.0,1999
2026-09-19T19:00:19Z,40B1774344BF4E71,18.4,queries/tpch/SQLStorm/10279.sql,measured,1,1,1,1,4.816,2021.339,19,7,10,16011163,10,395309892,4,4,partsupp;region;nation;supplier;ixtest_supplier_nationkey;lineitem;part,5295863,0,0,0,0,0,0,69.0,2070
2026-09-19T19:00:34Z,40B1774344BF4E71,18.4,queries/tpch/SQLStorm/1028.sql,warmup,1,1,1,1,3.060,13239.474,39,12,15,25123864,15000,470429946,0,3,ro;orders;lineitem;ts;partsupp;supplier;nation;region,188547,0,0,0,4579,4580,0,58.0,1360
2026-09-19T19:00:48Z,40B1774344BF4E71,18.4,queries/tpch/SQLStorm/1028.sql,measured,1,1,1,1,3.038,13265.856,39,12,15,25123769,15000,470426526,0,3,ro;orders;lineitem;ts;partsupp;supplier;nation;region,188547,0,0,0,4579,4580,0,67.0,1117
2026-09-19T19:00:53Z,40B1774344BF4E71,18.4,queries/tpch/SQLStorm/10280.sql,warmup,1,1,1,1,1.658,2643.039,12,3,10,5280020,10,308401980,0,3,partsupp;supplier;part,22628,0,0,0,0,0,0,54.0,1844
2026-09-19T19:00:55Z,40B1774344BF4E71,18.4,queries/tpch/SQLStorm/10280.sql,measured,1,1,1,1,1.655,2666.531,12,3,10,5280020,10,308401980,0,3,partsupp;supplier;part,22628,0,0,0,0,0,0,66.0,1938
2026-09-19T19:01:00Z,40B1774344BF4E71,18.4,queries/tpch/SQLStorm/10281.sql,warmup,1,1,1,1,4.967,2060.848,20,7,10,15716337,10,482371556,4,4,partsupp;region;nation;supplier;ixtest_supplier_nationkey;lineitem;part,5295924,0,0,0,0,0,0,55.0,2118
2026-09-19T19:01:02Z,40B1774344BF4E71,18.4,queries/tpch/SQLStorm/10281.sql,measured,1,1,1,1,4.955,2061.569,20,7,10,15716381,10,482377188,4,4,partsupp;region;nation;supplier;ixtest_supplier_nationkey;lineitem;part,5295924,0,0,0,0,0,0,67.0,2285
2026-09-19T19:01:06Z,40B1774344BF4E71,18.4,queries/tpch/SQLStorm/10282.sql,warmup,1,1,1,1,1.423,1853.871,8,3,10,3326261,10,87569399,0,0,lineitem;ixtest_lineitem_shipdate;part,109682,0,0,0,0,0,0,56.0,1266
2026-09-19T19:01:08Z,40B1774344BF4E71,18.4,queries/tpch/SQLStorm/10282.sql,measured,1,1,1,1,1.440,1857.948,8,3,10,3326261,10,87569399,0,0,lineitem;ixtest_lineitem_shipdate;part,109682,0,0,0,0,0,0,57.0,1345
2026-09-19T19:01:09Z,40B1774344BF4E71,18.4,queries/tpch/SQLStorm/10283.sql,warmup,1,1,1,1,2.667,684.771,19,6,25,9194282,25,177666560,0,4,lineitem;orders;ixtest_orders_orderdate;customer;supplier;nation,140494,0,0,0,0,0,0,56.0,2106
2026-09-19T19:01:10Z,40B1774344BF4E71,18.4,queries/tpch/SQLStorm/10283.sql,measured,1,1,1,1,2.641,686.047,19,6,25,9194282,25,177666560,0,4,lineitem;orders;ixtest_orders_orderdate;customer;supplier;nation,140494,0,0,0,0,0,0,56.0,2237
2026-09-19T19:01:17Z,40B1774344BF4E71,18.4,queries/tpch/SQLStorm/10284.sql,warmup,1,1,1,1,4.086,5694.859,18,6,25,19955206,25,435187336,1,4,lineitem;partsupp;orders;customer;supplier;nation,29564484,0,0,0,0,0,0,55.0,2201
2026-09-19T19:01:23Z,40B1774344BF4E71,18.4,queries/tpch/SQLStorm/10284.sql,measured,1,1,1,1,4.090,5689.635,18,6,25,19955206,25,435187336,1,4,lineitem;partsupp;orders;customer;supplier;nation,29564484,0,0,0,0,0,0,72.0,2274
2026-09-19T19:01:31Z,40B1774344BF4E71,18.4,queries/tpch/SQLStorm/10285.sql,warmup,1,1,1,1,4.069,5710.521,18,6,25,20000459,25,436144144,1,4,lineitem;partsupp;orders;customer;supplier;nation,29603268,0,0,0,0,0,0,58.0,2102
2026-09-19T19:01:37Z,40B1774344BF4E71,18.4,queries/tpch/SQLStorm/10285.sql,measured,1,1,1,1,4.133,5685.283,18,6,25,20000459,25,436144144,1,4,lineitem;partsupp;orders;customer;supplier;nation,29603268,0,0,0,0,0,0,75.0,2047
2026-09-19T19:01:43Z,40B1774344BF4E71,18.4,queries/tpch/SQLStorm/10286.sql,warmup,1,1,1,1,4.798,2305.275,20,7,10,16129378,10,562027619,4,4,partsupp;region;nation;supplier;ixtest_supplier_nationkey;lineitem;part,5295924,0,0,0,0,0,0,59.0,2172
2026-09-19T19:01:46Z,40B1774344BF4E71,18.4,queries/tpch/SQLStorm/10286.sql,measured,1,1,1,1,4.816,2310.092,20,7,10,16129378,10,562027619,4,4,partsupp;region;nation;supplier;ixtest_supplier_nationkey;lineitem;part,5295924,0,0,0,0,0,0,72.0,2172
2026-09-19T19:01:48Z,40B1774344BF4E71,18.4,queries/tpch/SQLStorm/10287.sql,warmup,1,1,1,1,2.242,305.249,16,5,25,2191911,25,22348340,0,2,customer;orders;lineitem;ixtest_lineitem_shipdate;nation,71408,0,0,0,0,0,0,59.0,1056
2026-09-19T19:01:49Z,40B1774344BF4E71,18.4,queries/tpch/SQLStorm/10287.sql,measured,1,1,1,1,2.261,307.621,16,5,25,2191911,25,22348340,0,2,customer;orders;lineitem;ixtest_lineitem_shipdate;nation,71408,0,0,0,0,0,0,59.0,1713
2026-09-19T19:01:51Z,40B1774344BF4E71,18.4,queries/tpch/SQLStorm/10288.sql,warmup,1,1,1,1,1.533,2007.364,8,3,10,7829710,10,120703020,0,0,lineitem;orders;ixtest_orders_orderdate,138931,0,0,0,0,0,0,59.0,1713
2026-09-19T19:01:53Z,40B1774344BF4E71,18.4,queries/tpch/SQLStorm/10288.sql,measured,1,1,1,1,1.530,2010.428,8,3,10,7829710,10,120703020,0,0,lineitem;orders;ixtest_orders_orderdate,138931,0,0,0,0,0,0,59.0,1402
2026-09-19T19:02:10Z,40B1774344BF4E71,18.4,queries/tpch/SQLStorm/10289.sql,warmup,1,1,1,1,,,,,,,,,,,,,,,,,,1,57.0,1481
2026-09-19T19:02:26Z,40B1774344BF4E71,18.4,queries/tpch/SQLStorm/10289.sql,measured,1,1,1,1,,,,,,,,,,,,,,,,,,1,60.0,1357
2026-09-19T19:02:29Z,40B1774344BF4E71,18.4,queries/tpch/SQLStorm/10290.sql,warmup,1,1,1,1,2.927,1157.355,19,6,25,9219045,25,242946510,0,4,lineitem;ixtest_lineitem_shipdate;partsupp;supplier;nation;part,109794,0,0,0,0,0,0,54.0,1975
2026-09-19T19:02:30Z,40B1774344BF4E71,18.4,queries/tpch/SQLStorm/10290.sql,measured,1,1,1,1,2.865,1146.662,19,6,25,9219045,25,242946510,0,4,lineitem;ixtest_lineitem_shipdate;partsupp;supplier;nation;part,109795,0,0,0,0,0,0,66.0,2088
2026-09-19T19:02:48Z,40B1774344BF4E71,18.4,queries/tpch/SQLStorm/10291.sql,warmup,1,1,1,1,,,,,,,,,,,,,,,,,,1,54.0,1526
2026-09-19T19:03:03Z,40B1774344BF4E71,18.4,queries/tpch/SQLStorm/10291.sql,measured,1,1,1,1,,,,,,,,,,,,,,,,,,1,61.0,1664
2026-09-19T19:03:08Z,40B1774344BF4E71,18.4,queries/tpch/SQLStorm/10292.sql,warmup,1,1,1,1,4.240,4542.240,13,4,10,17749432,10,711155036,5407,4,partsupp;supplier;lineitem;part,14886867,0,0,0,0,0,0,60.0,2146
2026-09-19T19:03:12Z,40B1774344BF4E71,18.4,queries/tpch/SQLStorm/10292.sql,measured,1,1,1,1,4.177,4527.243,13,4,10,17749432,10,711155036,5407,4,partsupp;supplier;lineitem;part,14886867,0,0,0,0,0,0,60.0,2281
2026-09-19T19:03:19Z,40B1774344BF4E71,18.4,queries/tpch/SQLStorm/10293.sql,warmup,1,1,1,1,1.575,4011.570,8,2,100,12550553,100,227010196,170333,3,orders;lineitem,148724,0,0,0,0,0,0,55.0,1738
2026-09-19T19:03:23Z,40B1774344BF4E71,18.4,queries/tpch/SQLStorm/10293.sql,measured,1,1,1,1,1.602,4004.043,8,2,100,12550553,100,227010196,170333,3,orders;lineitem,148724,0,0,0,0,0,0,63.0,1713
2026-09-19T19:03:28Z,40B1774344BF4E71,18.4,queries/tpch/SQLStorm/10294.sql,warmup,1,1,1,1,4.645,2419.760,19,7,10,16011163,10,514323856,4,4,partsupp;region;nation;supplier;ixtest_supplier_nationkey;lineitem;part,5295864,0,0,0,0,0,0,53.0,1935
2026-09-19T19:03:30Z,40B1774344BF4E71,18.4,queries/tpch/SQLStorm/10294.sql,measured,1,1,1,1,4.631,2418.114,19,7,10,16011163,10,514323856,4,4,partsupp;region;nation;supplier;ixtest_supplier_nationkey;lineitem;part,5295864,0,0,0,0,0,0,67.0,2076
2026-09-19T19:03:34Z,40B1774344BF4E71,18.4,queries/tpch/SQLStorm/10296.sql,warmup,1,1,1,1,1.363,1513.086,11,5,20,2810495,189704,56189653,0,0,rs;part;ts;lineitem;ixtest_lineitem_shipdate,109685,0,0,0,0,0,0,55.0,859
2026-09-19T19:03:35Z,40B1774344BF4E71,18.4,queries/tpch/SQLStorm/10296.sql,measured,1,1,1,1,1.355,1510.566,11,5,20,2810495,189704,56189653,0,0,rs;part;ts;lineitem;ixtest_lineitem_shipdate,109685,0,0,0,0,0,0,62.0,1188
2026-09-19T19:03:40Z,40B1774344BF4E71,18.4,queries/tpch/SQLStorm/10297.sql,warmup,1,1,1,1,2.854,2003.376,19,5,10,22954315,10,628753360,0,4,lineitem;supplier;nation;orders;customer,140304,0,0,0,0,0,0,53.0,2047
2026-09-19T19:03:42Z,40B1774344BF4E71,18.4,queries/tpch/SQLStorm/10297.sql,measured,1,1,1,1,2.890,2005.750,19,5,10,22954315,10,628753360,0,4,lineitem;supplier;nation;orders;customer,140304,0,0,0,0,0,0,67.0,2285
2026-09-19T19:03:46Z,40B1774344BF4E71,18.4,queries/tpch/SQLStorm/10298.sql,warmup,1,1,1,1,4.764,1442.846,25,8,25,15007602,125,525296750,0,4,lineitem;orders;ixtest_orders_orderdate;partsupp;supplier;nation;region;part,142833,0,0,0,0,0,0,55.0,2106
2026-09-19T19:03:47Z,40B1774344BF4E71,18.4,queries/tpch/SQLStorm/10298.sql,measured,1,1,1,1,4.686,1435.499,25,8,25,15007602,125,525296750,0,4,lineitem;orders;ixtest_orders_orderdate;partsupp;supplier;nation;region;part,142833,0,0,0,0,0,0,68.0,2205
2026-09-19T19:03:51Z,40B1774344BF4E71,18.4,queries/tpch/SQLStorm/10299.sql,warmup,1,1,1,1,4.633,2128.693,19,7,10,16011163,10,457298976,4,4,partsupp;region;nation;supplier;ixtest_supplier_nationkey;lineitem;part,5295864,0,0,0,0,0,0,55.0,2214
2026-09-19T19:03:54Z,40B1774344BF4E71,18.4,queries/tpch/SQLStorm/10299.sql,measured,1,1,1,1,4.621,2131.482,19,7,10,16011163,10,457298976,4,4,partsupp;region;nation;supplier;ixtest_supplier_nationkey;lineitem;part,5295863,0,0,0,0,0,0,66.0,2172
2026-09-19T19:04:00Z,40B1774344BF4E71,18.4,queries/tpch/SQLStorm/103.sql,warmup,1,1,1,1,3.257,3780.438,37,11,100000,22352889,66667,202732428,291989,4,part;partsupp;supplier;rankedorders;orders;lineitem;c;customer,77497,0,0,0,0,0,0,55.0,1673
2026-09-19T19:04:04Z,40B1774344BF4E71,18.4,queries/tpch/SQLStorm/103.sql,measured,1,1,1,1,3.231,3804.833,37,11,100000,22353858,66667,202744056,291989,4,part;partsupp;supplier;rankedorders;orders;lineitem;c;customer,77497,0,0,0,0,0,0,56.0,1581
2026-09-19T19:04:06Z,40B1774344BF4E71,18.4,queries/tpch/SQLStorm/10300.sql,warmup,1,1,1,1,4.632,1482.817,18,7,10,4340374,10,119863270,29,4,partsupp;region;nation;supplier;ixtest_supplier_nationkey;lineitem;part,5295864,0,0,0,0,0,0,56.0,2106
2026-09-19T19:04:07Z,40B1774344BF4E71,18.4,queries/tpch/SQLStorm/10300.sql,measured,1,1,1,1,4.592,1476.236,18,7,10,4340374,10,119863270,29,4,partsupp;region;nation;supplier;ixtest_supplier_nationkey;lineitem;part,5295863,0,0,0,0,0,0,66.0,2336
2026-09-19T19:04:11Z,40B1774344BF4E71,18.4,queries/tpch/SQLStorm/10301.sql,warmup,1,1,1,1,0.967,1155.097,5,2,10,2089275,10,24175780,0,0,lineitem;ixtest_lineitem_shipdate,105818,0,0,0,0,0,0,56.0,1150
2026-09-19T19:04:12Z,40B1774344BF4E71,18.4,queries/tpch/SQLStorm/10301.sql,measured,1,1,1,1,0.962,1157.237,5,2,10,2089275,10,24175780,0,0,lineitem;ixtest_lineitem_shipdate,105818,0,0,0,0,0,0,64.0,1225
2026-09-19T19:04:14Z,40B1774344BF4E71,18.4,queries/tpch/SQLStorm/10302.sql,warmup,1,1,1,1,4.627,129.875,18,7,0,400005,10,14800040,5,4,partsupp;region;nation;supplier;ixtest_supplier_nationkey;lineitem;part,4149,0,0,0,0,0,0,54.0,1713
2026-09-19T19:04:14Z,40B1774344BF4E71,18.4,queries/tpch/SQLStorm/10302.sql,measured,1,1,1,1,4.607,128.421,18,7,0,400005,10,14800040,5,4,partsupp;region;nation;supplier;ixtest_supplier_nationkey;lineitem;part,4149,0,0,0,0,0,0,54.0,2500
2026-09-19T19:04:20Z,40B1774344BF4E71,18.4,queries/tpch/SQLStorm/10303.sql,warmup,1,1,1,1,7.758,5201.362,25,7,10,44557960,10,1243260280,0,4,lineitem;orders;customer;partsupp;supplier;nation;part,143053,0,0,0,0,0,0,54.0,2218
2026-09-19T19:04:25Z,40B1774344BF4E71,18.4,queries/tpch/SQLStorm/10303.sql,measured,1,1,1,1,7.746,5189.143,25,7,10,44557960,10,1243260280,0,4,lineitem;orders;customer;partsupp;supplier;nation;part,143053,0,0,0,0,0,0,70.0,2247
2026-09-19T19:04:43Z,40B1774344BF4E71,18.4,queries/tpch/SQLStorm/10304.sql,warmup,1,1,1,1,,,,,,,,,,,,,,,,,,1,58.0,2127
2026-09-19T19:04:58Z,40B1774344BF4E71,18.4,queries/tpch/SQLStorm/10304.sql,measured,1,1,1,1,,,,,,,,,,,,,,,,,,1,74.0,2148
2026-09-19T19:05:17Z,40B1774344BF4E71,18.4,queries/tpch/SQLStorm/10305.sql,warmup,1,1,1,1,,,,,,,,,,,,,,,,,,1,60.0,1481
2026-09-19T19:05:32Z,40B1774344BF4E71,18.4,queries/tpch/SQLStorm/10305.sql,measured,1,1,1,1,,,,,,,,,,,,,,,,,,1,65.0,1706
2026-09-19T19:05:37Z,40B1774344BF4E71,18.4,queries/tpch/SQLStorm/10306.sql,warmup,1,1,1,1,2.059,1958.221,13,4,10,11651093,10,368378778,0,4,lineitem;orders;ixtest_orders_orderdate;part,143152,0,0,0,0,0,0,56.0,2047
2026-09-19T19:05:39Z,40B1774344BF4E71,18.4,queries/tpch/SQLStorm/10306.sql,measured,1,1,1,1,2.051,1961.361,13,4,10,11651093,10,368378778,0,4,lineitem;orders;ixtest_orders_orderdate;part,143152,0,0,0,0,0,0,61.0,2142
2026-09-19T19:05:42Z,40B1774344BF4E71,18.4,queries/tpch/SQLStorm/10307.sql,warmup,1,1,1,1,2.931,725.723,22,7,25,9189236,125,203943910,0,4,lineitem;orders;ixtest_orders_orderdate;customer;supplier;nation;region,140497,0,0,0,0,0,0,54.0,1975
2026-09-19T19:05:43Z,40B1774344BF4E71,18.4,queries/tpch/SQLStorm/10307.sql,measured,1,1,1,1,2.957,730.036,22,7,25,9189236,125,203943910,0,4,lineitem;orders;ixtest_orders_orderdate;customer;supplier;nation;region,140497,0,0,0,0,0,0,54.0,2395
2026-09-19T19:05:45Z,40B1774344BF4E71,18.4,queries/tpch/SQLStorm/10308.sql,warmup,1,1,1,1,2.440,225.598,19,5,5,2920415,5,67046110,0,3,partsupp;supplier;nation;region;part,22612,0,0,0,0,0,0,54.0,1450
2026-09-19T19:05:45Z,40B1774344BF4E71,18.4,queries/tpch/SQLStorm/10308.sql,measured,1,1,1,1,2.454,230.376,19,5,5,2920415,5,67046110,0,3,partsupp;supplier;nation;region;part,22612,0,0,0,0,0,0,54.0,1975
2026-09-19T19:05:46Z,40B1774344BF4E71,18.4,queries/tpch/SQLStorm/10309.sql,warmup,1,1,1,1,1.319,161.217,10,2,10,2001970,10,39720170,0,3,partsupp;part,21715,0,0,0,0,0,0,54.0,2106
2026-09-19T19:05:46Z,40B1774344BF4E71,18.4,queries/tpch/SQLStorm/10309.sql,measured,1,1,1,1,1.350,157.335,10,2,10,2001970,10,39720170,0,3,partsupp;part,21715,0,0,0,0,0,0,65.0,1844
2026-09-19T19:05:50Z,40B1774344BF4E71,18.4,queries/tpch/SQLStorm/10310.sql,warmup,1,1,1,1,4.186,1295.740,22,7,25,14985323,25,364561780,0,4,lineitem;orders;ixtest_orders_orderdate;partsupp;supplier;nation;part,142828,0,0,0,0,0,0,53.0,2200
2026-09-19T19:05:51Z,40B1774344BF4E71,18.4,queries/tpch/SQLStorm/10310.sql,measured,1,1,1,1,3.951,1340.391,22,7,25,14985323,25,364561780,0,4,lineitem;orders;ixtest_orders_orderdate;partsupp;supplier;nation;part,142828,0,0,0,0,0,0,67.0,2350
2026-09-19T19:05:55Z,40B1774344BF4E71,18.4,queries/tpch/SQLStorm/10311.sql,warmup,1,1,1,1,2.927,2047.383,19,5,10,22954315,10,628753360,0,4,lineitem;supplier;nation;orders;customer,140304,0,0,0,0,0,0,55.0,2190
2026-09-19T19:05:58Z,40B1774344BF4E71,18.4,queries/tpch/SQLStorm/10311.sql,measured,1,1,1,1,2.871,1996.356,19,5,10,22954315,10,628753360,0,4,lineitem;supplier;nation;orders;customer,140304,0,0,0,0,0,0,69.0,2118
2026-09-19T19:06:00Z,40B1774344BF4E71,18.4,queries/tpch/SQLStorm/10312.sql,warmup,1,1,1,1,3.071,330.445,20,6,10,2331516,10,24174066,0,2,customer;orders;lineitem;ixtest_lineitem_shipdate;supplier;nation,71689,0,0,0,0,0,0,55.0,1187
2026-09-19T19:06:01Z,40B1774344BF4E71,18.4,queries/tpch/SQLStorm/10312.sql,measured,1,1,1,1,3.005,331.721,20,6,10,2331516,10,24174066,0,2,customer;orders;lineitem;ixtest_lineitem_shipdate;supplier;nation,71689,0,0,0,0,0,0,55.0,2063
2026-09-19T19:06:10Z,40B1774344BF4E71,18.4,queries/tpch/SQLStorm/10313.sql,warmup,1,1,1,1,12.338,8842.094,21,9,10,11849041,10,376257180,4,4,partsupp;region;nation;supplier;ixtest_supplier_nationkey;lineitem;part;customer;orders,14901168,0,0,0,0,0,0,57.0,1963
2026-09-19T19:06:19Z,40B1774344BF4E71,18.4,queries/tpch/SQLStorm/10313.sql,measured,1,1,1,1,12.421,8965.741,21,9,10,11849041,10,376257180,4,4,partsupp;region;nation;supplier;ixtest_supplier_nationkey;lineitem;part;customer;orders,14901168,0,0,0,0,0,0,57.0,1747
2026-09-19T19:06:21Z,40B1774344BF4E71,18.4,queries/tpch/SQLStorm/10314.sql,warmup,1,1,1,1,2.031,1492.548,13,4,100,10922709,100,314792136,0,4,lineitem;orders;ixtest_orders_orderdate;part,143121,0,0,0,0,0,0,59.0,2106
2026-09-19T19:06:22Z,40B1774344BF4E71,18.4,queries/tpch/SQLStorm/10314.sql,measured,1,1,1,1,2.035,1507.106,13,4,100,10922709,100,314792136,0,4,lineitem;orders;ixtest_orders_orderdate;part,143121,0,0,0,0,0,0,66.0,2139
2026-09-19T19:06:25Z,40B1774344BF4E71,18.4,queries/tpch/SQLStorm/10315.sql,warmup,1,1,1,1,2.639,690.096,19,6,25,9183043,25,177441740,0,4,lineitem;orders;ixtest_orders_orderdate;customer;supplier;nation,140496,0,0,0,0,0,0,55.0,2106
2026-09-19T19:06:26Z,40B1774344BF4E71,18.4,queries/tpch/SQLStorm/10315.sql,measured,1,1,1,1,2.645,709.348,19,6,25,9183043,25,177441740,0,4,lineitem;orders;ixtest_orders_orderdate;customer;supplier;nation,140495,0,0,0,0,0,0,55.0,2106
2026-09-19T19:06:29Z,40B1774344BF4E71,18.4,queries/tpch/SQLStorm/10316.sql,warmup,1,1,1,1,4.971,960.747,24,8,2,6950365,3,173995072,23,4,partsupp;supplier;nation;lineitem;orders;ixtest_orders_orderdate;customer;part,2137847,0,0,0,0,0,0,54.0,1975
2026-09-19T19:06:30Z,40B1774344BF4E71,18.4,queries/tpch/SQLStorm/10316.sql,measured,1,1,1,1,5.009,952.508,24,8,2,6950365,3,173995072,23,4,partsupp;supplier;nation;lineitem;orders;ixtest_orders_orderdate;customer;part,2137847,0,0,0,0,0,0,64.0,2193
2026-09-19T19:06:48Z,40B1774344BF4E71,18.4,queries/tpch/SQLStorm/10317.sql,warmup,1,1,1,1,,,,,,,,,,,,,,,,,,1,54.0,1326
2026-09-19T19:07:03Z,40B1774344BF4E71,18.4,queries/tpch/SQLStorm/10317.sql,measured,1,1,1,1,,,,,,,,,,,,,,,,,,1,59.0,1419
2026-09-19T19:07:04Z,40B1774344BF4E71,18.4,queries/tpch/SQLStorm/10318.sql,warmup,1,1,1,1,2.964,702.793,20,6,10,9183038,10,177441450,0,4,lineitem;orders;ixtest_orders_orderdate;customer;supplier;nation,140496,0,0,0,0,0,0,58.0,2041
2026-09-19T19:07:05Z,40B1774344BF4E71,18.4,queries/tpch/SQLStorm/10318.sql,measured,1,1,1,1,2.950,700.935,20,6,10,9183038,10,177441450,0,4,lineitem;orders;ixtest_orders_orderdate;customer;supplier;nation,140493,0,0,0,0,0,0,65.0,2106
2026-09-19T19:07:05Z,40B1774344BF4E71,18.4,queries/tpch/SQLStorm/10319.sql,warmup,1,1,1,1,2.016,204.194,11,4,10,649074,10,21587638,0,2,part;orders;ixtest_orders_orderdate;lineitem,92453,0,0,0,0,0,0,59.0,2106
2026-09-19T19:07:05Z,40B1774344BF4E71,18.4,queries/tpch/SQLStorm/10319.sql,measured,1,1,1,1,2.036,203.289,11,4,10,649074,10,21587638,0,2,part;orders;ixtest_orders_orderdate;lineitem,92453,0,0,0,0,0,0,59.0,2107
2026-09-19T19:07:06Z,40B1774344BF4E71,18.4,queries/tpch/SQLStorm/1032.sql,warmup,1,1,1,1,2.569,338.029,27,8,0,890032,95602,6900000,590032,0,orders;ixtest_orders_orderdate;customer;rankedorders;partsupp;lineitem;supplier,30132,117,0,0,0,0,0,59.0,2369
2026-09-19T19:07:06Z,40B1774344BF4E71,18.4,queries/tpch/SQLStorm/1032.sql,measured,1,1,1,1,2.587,279.609,27,8,0,890032,95602,6900000,590032,0,orders;ixtest_orders_orderdate;customer;rankedorders;partsupp;lineitem;supplier,30249,0,0,0,0,0,0,59.0,1844
2026-09-19T19:07:08Z,40B1774344BF4E71,18.4,queries/tpch/SQLStorm/10320.sql,warmup,1,1,1,1,4.599,1480.426,18,7,10,4340374,10,119863270,29,4,partsupp;region;nation;supplier;ixtest_supplier_nationkey;lineitem;part,5295864,0,0,0,0,0,0,59.0,2139
2026-09-19T19:07:09Z,40B1774344BF4E71,18.4,queries/tpch/SQLStorm/10320.sql,measured,1,1,1,1,4.578,1477.769,18,7,10,4340374,10,119863270,29,4,partsupp;region;nation;supplier;ixtest_supplier_nationkey;lineitem;part,5295864,0,0,0,0,0,0,67.0,2172
2026-09-19T19:07:13Z,40B1774344BF4E71,18.4,queries/tpch/SQLStorm/10321.sql,warmup,1,1,1,1,0.962,1143.771,5,2,10,2091366,10,24189904,0,0,lineitem;ixtest_lineitem_shipdate,105694,0,0,0,0,0,0,54.0,1363
2026-09-19T19:07:14Z,40B1774344BF4E71,18.4,queries/tpch/SQLStorm/10321.sql,measured,1,1,1,1,0.977,1158.382,5,2,10,2091366,10,24189904,0,0,lineitem;ixtest_lineitem_shipdate,105694,0,0,0,0,0,0,59.0,1263
2026-09-19T19:07:18Z,40B1774344BF4E71,18.4,queries/tpch/SQLStorm/10322.sql,warmup,1,1,1,1,4.605,2118.885,19,7,10,16011162,10,457298879,4,4,partsupp;region;nation;supplier;ixtest_supplier_nationkey;lineitem;part,5295864,0,0,0,0,0,0,53.0,2261
2026-09-19T19:07:21Z,40B1774344BF4E71,18.4,queries/tpch/SQLStorm/10322.sql,measured,1,1,1,1,4.603,2116.982,19,7,10,16011163,10,457298976,4,4,partsupp;region;nation;supplier;ixtest_supplier_nationkey;lineitem;part,5295863,0,0,0,0,0,0,64.0,2309
2026-09-19T19:07:24Z,40B1774344BF4E71,18.4,queries/tpch/SQLStorm/10323.sql,warmup,1,1,1,1,4.842,1334.236,25,8,25,15497862,25,367144750,0,4,lineitem;orders;ixtest_orders_orderdate;customer;partsupp;supplier;nation;part,143246,0,0,0,0,0,0,54.0,2050
2026-09-19T19:07:26Z,40B1774344BF4E71,18.4,queries/tpch/SQLStorm/10323.sql,measured,1,1,1,1,4.856,1346.053,25,8,25,15497862,25,367144750,0,4,lineitem;orders;ixtest_orders_orderdate;customer;partsupp;supplier;nation;part,143246,0,0,0,0,0,0,67.0,2237
2026-09-19T19:07:29Z,40B1774344BF4E71,18.4,queries/tpch/SQLStorm/10324.sql,warmup,1,1,1,1,7.806,3531.193,18,7,10,8374705,10,273761097,4,4,partsupp;region;nation;supplier;ixtest_supplier_nationkey;lineitem;part,6607044,0,0,0,0,0,0,58.0,2063
2026-09-19T19:07:33Z,40B1774344BF4E71,18.4,queries/tpch/SQLStorm/10324.sql,measured,1,1,1,1,7.840,3537.943,18,7,10,8374705,10,273761097,4,4,partsupp;region;nation;supplier;ixtest_supplier_nationkey;lineitem;part,6607044,0,0,0,0,0,0,63.0,2155
2026-09-19T19:07:37Z,40B1774344BF4E71,18.4,queries/tpch/SQLStorm/10325.sql,warmup,1,1,1,1,10.172,2162.340,19,7,100,7740042,74,173530974,1,4,lineitem;ixtest_lineitem_shipdate;partsupp;orders;customer;part;supplier,8536441,0,0,0,0,0,0,55.0,2128
2026-09-19T19:07:40Z,40B1774344BF4E71,18.4,queries/tpch/SQLStorm/10325.sql,measured,1,1,1,1,10.217,2161.269,19,7,100,7740241,74,173544705,1,4,lineitem;ixtest_lineitem_shipdate;partsupp;orders;customer;part;supplier,8536441,0,0,0,0,0,0,65.0,2128
2026-09-19T19:07:44Z,40B1774344BF4E71,18.4,queries/tpch/SQLStorm/10326.sql,warmup,1,1,1,1,4.575,1474.819,18,7,10,4339584,10,119834000,29,4,partsupp;region;nation;supplier;ixtest_supplier_nationkey;lineitem;part,5295864,0,0,0,0,0,0,55.0,2139
2026-09-19T19:07:45Z,40B1774344BF4E71,18.4,queries/tpch/SQLStorm/10326.sql,measured,1,1,1,1,4.650,1473.182,18,7,10,4339584,10,119834000,29,4,partsupp;region;nation;supplier;ixtest_supplier_nationkey;lineitem;part,5295863,0,0,0,0,0,0,68.0,2106
2026-09-19T19:07:49Z,40B1774344BF4E71,18.4,queries/tpch/SQLStorm/10327.sql,warmup,1,1,1,1,5.442,1324.110,23,7,10,15015211,10,365487480,0,4,lineitem;orders;ixtest_orders_orderdate;partsupp;supplier;nation;part,142826,0,0,0,0,0,0,55.0,2050
2026-09-19T19:07:50Z,40B1774344BF4E71,18.4,queries/tpch/SQLStorm/10327.sql,measured,1,1,1,1,5.463,1327.949,23,7,10,15015211,10,365487480,0,4,lineitem;orders;ixtest_orders_orderdate;partsupp;supplier;nation;part,142826,0,0,0,0,0,0,70.0,2205
2026-09-19T19:07:52Z,40B1774344BF4E71,18.4,queries/tpch/SQLStorm/10328.sql,warmup,1,1,1,1,1.845,1731.238,10,3,100,5010200,100,295721400,0,0,part;partsupp;supplier,54560,0,0,0,0,0,0,58.0,1071
2026-09-19T19:07:54Z,40B1774344BF4E71,18.4,queries/tpch/SQLStorm/10328.sql,measured,1,1,1,1,1.758,1739.639,10,3,100,5010200,100,295721400,0,0,part;partsupp;supplier,54560,0,0,0,0,0,0,66.0,1450
2026-09-19T19:07:57Z,40B1774344BF4E71,18.4,queries/tpch/SQLStorm/10329.sql,warmup,1,1,1,1,2.405,667.243,17,5,10,8273023,10,156320910,0,4,lineitem;orders;ixtest_orders_orderdate;customer;nation,142565,0,0,0,0,0,0,55.0,1844
2026-09-19T19:07:58Z,40B1774344BF4E71,18.4,queries/tpch/SQLStorm/10329.sql,measured,1,1,1,1,2.397,667.047,17,5,10,8273023,10,156320910,0,4,lineitem;orders;ixtest_orders_orderdate;customer;nation,142566,0,0,0,0,0,0,55.0,2303
2026-09-19T19:08:05Z,40B1774344BF4E71,18.4,queries/tpch/SQLStorm/1033.sql,warmup,1,1,1,1,2.473,4889.600,32,9,200,16985644,1666675,659479680,5,4,nation;nc;partsupp;supplier;tp;lineitem;part,139319,0,0,0,0,0,0,55.0,2059
2026-09-19T19:08:10Z,40B1774344BF4E71,18.4,queries/tpch/SQLStorm/1033.sql,measured,1,1,1,1,2.469,4963.977,32,9,200,16985897,1666675,659499216,5,4,nation;nc;partsupp;supplier;tp;lineitem;part,139319,0,0,0,0,0,0,57.0,1955
2026-09-19T19:08:14Z,40B1774344BF4E71,18.4,queries/tpch/SQLStorm/10330.sql,warmup,1,1,1,1,3.402,1482.169,20,7,25,1371365,25,14071052,34,2,part;partsupp;nation;region;supplier;ixtest_supplier_nationkey;lineitem,5293961,0,0,0,0,0,0,55.0,1778
2026-09-19T19:08:15Z,40B1774344BF4E71,18.4,queries/tpch/SQLStorm/10330.sql,measured,1,1,1,1,3.435,1479.121,20,7,25,1371365,25,14071052,34,2,part;partsupp;nation;region;supplier;ixtest_supplier_nationkey;lineitem,5293961,0,0,0,0,0,0,64.0,1877
2026-09-19T19:08:19Z,40B1774344BF4E71,18.4,queries/tpch/SQLStorm/10332.sql,warmup,1,1,1,1,3.445,1206.303,20,6,10,9204341,10,242534620,0,4,lineitem;ixtest_lineitem_shipdate;partsupp;supplier;nation;part,109741,0,0,0,0,0,0,55.0,1966
2026-09-19T19:08:20Z,40B1774344BF4E71,18.4,queries/tpch/SQLStorm/10332.sql,measured,1,1,1,1,3.473,1189.438,20,6,10,9204341,10,242534620,0,4,lineitem;ixtest_lineitem_shipdate;partsupp;supplier;nation;part,109740,0,0,0,0,0,0,68.0,2163
2026-09-19T19:08:32Z,40B1774344BF4E71,18.4,queries/tpch/SQLStorm/10333.sql,warmup,1,1,1,1,5.843,9189.081,16,6,199977,30467131,724,1002125078,1,4,lineitem;partsupp;orders;part;customer;supplier,40584504,0,0,0,0,0,0,54.0,2120
2026-09-19T19:08:41Z,40B1774344BF4E71,18.4,queries/tpch/SQLStorm/10333.sql,measured,1,1,1,1,5.813,9225.734,16,6,199977,30467131,724,1002125078,1,4,lineitem;partsupp;orders;part;customer;supplier,40584504,0,0,0,0,0,0,68.0,2243
2026-09-19T19:08:45Z,40B1774344BF4E71,18.4,queries/tpch/SQLStorm/10334.sql,warmup,1,1,1,1,2.849,2139.675,19,5,10,22954315,10,628753360,0,4,lineitem;supplier;nation;orders;customer,140304,0,0,0,0,0,0,59.0,2166
2026-09-19T19:08:47Z,40B1774344BF4E71,18.4,queries/tpch/SQLStorm/10334.sql,measured,1,1,1,1,2.852,2000.145,19,5,10,22954315,10,628753360,0,4,lineitem;supplier;nation;orders;customer,140304,0,0,0,0,0,0,72.0,2285
2026-09-19T19:08:50Z,40B1774344BF4E71,18.4,queries/tpch/SQLStorm/10335.sql,warmup,1,1,1,1,0.973,251.644,5,2,10,204250,10,3033384,0,0,lineitem;ixtest_lineitem_shipdate,41737,0,0,0,0,0,0,58.0,925
2026-09-19T19:08:50Z,40B1774344BF4E71,18.4,queries/tpch/SQLStorm/10335.sql,measured,1,1,1,1,0.984,248.998,5,2,10,204250,10,3033384,0,0,lineitem;ixtest_lineitem_shipdate,41737,0,0,0,0,0,0,58.0,925
2026-09-19T19:08:52Z,40B1774344BF4E71,18.4,queries/tpch/SQLStorm/10336.sql,warmup,1,1,1,1,2.904,2023.056,19,5,10,22954315,10,628753360,0,4,lineitem;supplier;nation;orders;customer,140304,0,0,0,0,0,0,58.0,2095
2026-09-19T19:08:55Z,40B1774344BF4E71,18.4,queries/tpch/SQLStorm/10336.sql,measured,1,1,1,1,2.898,2003.434,19,5,10,22954315,10,628753360,0,4,lineitem;supplier;nation;orders;customer,140304,0,0,0,0,0,0,62.0,2285
2026-09-19T19:08:58Z,40B1774344BF4E71,18.4,queries/tpch/SQLStorm/10337.sql,warmup,1,1,1,1,1.592,1115.058,15,4,10,3320385,10,161619940,0,3,partsupp;supplier;nation;region,18505,0,0,0,0,0,0,58.0,2019
2026-09-19T19:08:59Z,40B1774344BF4E71,18.4,queries/tpch/SQLStorm/10337.sql,measured,1,1,1,1,1.626,1115.288,15,4,10,3320385,10,161619940,0,3,partsupp;supplier;nation;region,18505,0,0,0,0,0,0,68.0,2194
2026-09-19T19:09:04Z,40B1774344BF4E71,18.4,queries/tpch/SQLStorm/10338.sql,warmup,1,1,1,1,4.271,2629.092,19,6,10,16311942,10,534758978,0,4,lineitem;orders;ixtest_orders_orderdate;partsupp;supplier;part,145407,0,0,0,1427,2539,0,57.0,1900
2026-09-19T19:09:07Z,40B1774344BF4E71,18.4,queries/tpch/SQLStorm/10338.sql,measured,1,1,1,1,4.263,2567.329,19,6,10,16311505,10,534716589,0,4,lineitem;orders;ixtest_orders_orderdate;partsupp;supplier;part,145409,0,0,0,1427,2541,0,66.0,1806
2026-09-19T19:09:14Z,40B1774344BF4E71,18.4,queries/tpch/SQLStorm/10339.sql,warmup,1,1,1,1,3.816,4974.205,21,6,25,42757965,25,1230060570,0,4,lineitem;orders;partsupp;supplier;nation;part,120605,0,0,0,0,0,0,56.0,2147
2026-09-19T19:09:19Z,40B1774344BF4E71,18.4,queries/tpch/SQLStorm/10339.sql,measured,1,1,1,1,3.799,4991.487,21,6,25,42757965,25,1230060570,0,4,lineitem;orders;partsupp;supplier;nation;part,120605,0,0,0,0,0,0,70.0,2157
2026-09-19T19:09:27Z,40B1774344BF4E71,18.4,queries/tpch/SQLStorm/10340.sql,warmup,1,1,1,1,5.628,5683.409,19,6,10,20000454,10,436143854,1,4,lineitem;partsupp;orders;customer;supplier;nation,29603268,0,0,0,0,0,0,59.0,2205
2026-09-19T19:09:33Z,40B1774344BF4E71,18.4,queries/tpch/SQLStorm/10340.sql,measured,1,1,1,1,5.643,5711.108,19,6,10,20000454,10,436143854,1,4,lineitem;partsupp;orders;customer;supplier;nation,29603268,0,0,0,0,0,0,73.0,2292
2026-09-19T19:09:36Z,40B1774344BF4E71,18.4,queries/tpch/SQLStorm/10341.sql,warmup,1,1,1,1,2.932,698.052,20,6,10,9183038,10,177441450,0,4,lineitem;orders;ixtest_orders_orderdate;customer;supplier;nation,140495,0,0,0,0,0,0,60.0,1909
2026-09-19T19:09:37Z,40B1774344BF4E71,18.4,queries/tpch/SQLStorm/10341.sql,measured,1,1,1,1,2.971,701.011,20,6,10,9183038,10,177441450,0,4,lineitem;orders;ixtest_orders_orderdate;customer;supplier;nation,140495,0,0,0,0,0,0,60.0,2106
2026-09-19T19:09:46Z,40B1774344BF4E71,18.4,queries/tpch/SQLStorm/10342.sql,warmup,1,1,1,1,4.059,6852.450,18,5,10,44897468,10,1647116996,0,4,lineitem;orders;partsupp;supplier;part,123186,0,0,0,16149,29550,0,59.0,1998
2026-09-19T19:09:53Z,40B1774344BF4E71,18.4,queries/tpch/SQLStorm/10342.sql,measured,1,1,1,1,4.050,7012.887,18,5,10,44901330,10,1647491610,0,4,lineitem;orders;partsupp;supplier;part,123186,0,0,0,15030,27067,0,62.0,2114
2026-09-19T19:09:56Z,40B1774344BF4E71,18.4,queries/tpch/SQLStorm/10344.sql,warmup,1,1,1,1,8.230,738.639,18,6,100,1504611,100,47183168,28370,0,customer;orders;lineitem;part;partsupp;supplier,257703,0,0,0,0,0,0,59.0,1293
2026-09-19T19:09:57Z,40B1774344BF4E71,18.4,queries/tpch/SQLStorm/10344.sql,measured,1,1,1,1,8.225,741.879,18,6,100,1504611,100,47183168,28370,0,customer;orders;lineitem;part;partsupp;supplier,257703,0,0,0,0,0,0,59.0,1292
2026-09-19T19:09:59Z,40B1774344BF4E71,18.4,queries/tpch/SQLStorm/10345.sql,warmup,1,1,1,1,2.877,2013.414,19,5,10,22954315,10,628753360,0,4,lineitem;supplier;nation;orders;customer,140304,0,0,0,0,0,0,59.0,2190
2026-09-19T19:10:01Z,40B1774344BF4E71,18.4,queries/tpch/SQLStorm/10345.sql,measured,1,1,1,1,2.888,1999.667,19,5,10,22954315,10,628753360,0,4,lineitem;supplier;nation;orders;customer,140304,0,0,0,0,0,0,72.0,2214
2026-09-19T19:10:05Z,40B1774344BF4E71,18.4,queries/tpch/SQLStorm/10346.sql,warmup,1,1,1,1,0.970,1164.636,5,2,10,2093813,10,24221996,0,0,lineitem;ixtest_lineitem_shipdate,105714,0,0,0,0,0,0,58.0,1488
2026-09-19T19:10:06Z,40B1774344BF4E71,18.4,queries/tpch/SQLStorm/10346.sql,measured,1,1,1,1,0.956,1163.618,5,2,10,2093813,10,24221996,0,0,lineitem;ixtest_lineitem_shipdate,105714,0,0,0,0,0,0,67.0,1112
2026-09-19T19:10:09Z,40B1774344BF4E71,18.4,queries/tpch/SQLStorm/10347.sql,warmup,1,1,1,1,0.951,401.760,6,2,4,1829987,6,14641664,0,4,lineitem;ixtest_lineitem_shipdate,105855,0,0,0,0,0,0,56.0,1887
2026-09-19T19:10:10Z,40B1774344BF4E71,18.4,queries/tpch/SQLStorm/10347.sql,measured,1,1,1,1,0.963,401.843,6,2,4,1829987,6,14641664,0,4,lineitem;ixtest_lineitem_shipdate,105855,0,0,0,0,0,0,56.0,2238
2026-09-19T19:10:14Z,40B1774344BF4E71,18.4,queries/tpch/SQLStorm/10348.sql,warmup,1,1,1,1,1.706,1942.317,10,3,10,5010020,10,289301980,0,0,part;partsupp;supplier,54557,0,0,0,0,0,0,56.0,1135
2026-09-19T19:10:16Z,40B1774344BF4E71,18.4,queries/tpch/SQLStorm/10348.sql,measured,1,1,1,1,1.756,1960.776,10,3,10,5010020,10,289301980,0,0,part;partsupp;supplier,54557,0,0,0,0,0,0,61.0,1211
2026-09-19T19:10:18Z,40B1774344BF4E71,18.4,queries/tpch/SQLStorm/10349.sql,warmup,1,1,1,1,2.012,210.641,11,4,10,664645,10,22068155,0,2,part;orders;ixtest_orders_orderdate;lineitem,95405,0,0,0,0,0,0,55.0,1188
2026-09-19T19:10:19Z,40B1774344BF4E71,18.4,queries/tpch/SQLStorm/10349.sql,measured,1,1,1,1,2.009,212.341,11,4,10,664645,10,22068155,0,2,part;orders;ixtest_orders_orderdate;lineitem,95405,0,0,0,0,0,0,55.0,1844
2026-09-19T19:10:19Z,40B1774344BF4E71,18.4,queries/tpch/SQLStorm/1035.sql,warmup,1,1,1,1,3.299,75.747,27,9,0,1,1639,8,5,0,lineitem;partsupp;part;orders;customer;nation;region;supplier;ixtest_supplier_nationkey,5,0,0,0,0,0,0,55.0,2472
2026-09-19T19:10:19Z,40B1774344BF4E71,18.4,queries/tpch/SQLStorm/1035.sql,measured,1,1,1,1,3.286,75.788,27,9,0,1,1639,8,5,0,lineitem;partsupp;part;orders;customer;nation;region;supplier;ixtest_supplier_nationkey,5,0,0,0,0,0,0,56.0,1450
2026-09-19T19:10:21Z,40B1774344BF4E71,18.4,queries/tpch/SQLStorm/10350.sql,warmup,1,1,1,1,3.569,1435.229,20,7,3750,3515585,3750,81442980,29,4,partsupp;nation;region;supplier;ixtest_supplier_nationkey;lineitem;part,5170765,0,0,0,0,0,0,56.0,2073
2026-09-19T19:10:22Z,40B1774344BF4E71,18.4,queries/tpch/SQLStorm/10350.sql,measured,1,1,1,1,3.545,1421.753,20,7,3750,3515570,3750,81442020,29,4,partsupp;nation;region;supplier;ixtest_supplier_nationkey;lineitem;part,5170765,0,0,0,0,0,0,66.0,2008
2026-09-19T19:10:25Z,40B1774344BF4E71,18.4,queries/tpch/SQLStorm/10351.sql,warmup,1,1,1,1,0.803,73.724,5,2,1,455572,1,1822600,0,3,orders;ixtest_orders_orderdate,26389,0,0,0,0,0,0,55.0,1391
2026-09-19T19:10:25Z,40B1774344BF4E71,18.4,queries/tpch/SQLStorm/10351.sql,measured,1,1,1,1,0.792,72.018,5,2,1,455572,1,1822600,0,3,orders;ixtest_orders_orderdate,26389,0,0,0,0,0,0,55.0,2238
2026-09-19T19:10:26Z,40B1774344BF4E71,18.4,queries/tpch/SQLStorm/10352.sql,warmup,1,1,1,1,4.903,1339.953,25,8,25,15513103,25,367584020,0,4,lineitem;orders;ixtest_orders_orderdate;customer;partsupp;supplier;nation;part,143247,0,0,0,0,0,0,55.0,2200
2026-09-19T19:10:28Z,40B1774344BF4E71,18.4,queries/tpch/SQLStorm/10352.sql,measured,1,1,1,1,4.949,1351.614,25,8,25,15513103,25,367584020,0,4,lineitem;orders;ixtest_orders_orderdate;customer;partsupp;supplier;nation;part,143246,0,0,0,0,0,0,68.0,2270
2026-09-19T19:10:34Z,40B1774344BF4E71,18.4,queries/tpch/SQLStorm/10353.sql,warmup,1,1,1,1,5.112,4545.839,20,6,10,23934118,10,878318115,0,3,partsupp;supplier;part;lineitem;orders;ixtest_orders_orderdate,915504,0,0,0,0,0,0,55.0,2260
2026-09-19T19:10:39Z,40B1774344BF4E71,18.4,queries/tpch/SQLStorm/10353.sql,measured,1,1,1,1,5.101,4645.536,20,6,10,23933843,10,878307940,0,3,partsupp;supplier;part;lineitem;orders;ixtest_orders_orderdate,915499,0,0,0,0,0,0,63.0,2183
2026-09-19T19:10:46Z,40B1774344BF4E71,18.4,queries/tpch/SQLStorm/10355.sql,warmup,1,1,1,1,3.419,4450.601,19,5,10,33756745,10,1098035980,0,4,lineitem;partsupp;supplier;nation;part,116498,0,0,0,0,0,0,54.0,2135
2026-09-19T19:10:50Z,40B1774344BF4E71,18.4,queries/tpch/SQLStorm/10355.sql,measured,1,1,1,1,3.402,4439.711,19,5,10,33756745,10,1098035980,0,4,lineitem;partsupp;supplier;nation;part,116499,0,0,0,0,0,0,70.0,2409
2026-09-19T19:11:02Z,40B1774344BF4E71,18.4,queries/tpch/SQLStorm/10356.sql,warmup,1,1,1,1,2.791,9144.227,16,4,100,36889697,100,1866360613,0,4,lineitem;partsupp;supplier;part,120072,0,0,0,70623,124015,0,58.0,2175
2026-09-19T19:11:11Z,40B1774344BF4E71,18.4,queries/tpch/SQLStorm/10356.sql,measured,1,1,1,1,2.776,9301.979,16,4,100,36889773,100,1866370417,0,4,lineitem;partsupp;supplier;part,120071,0,0,0,70654,124309,0,69.0,2221
2026-09-19T19:11:15Z,40B1774344BF4E71,18.4,queries/tpch/SQLStorm/10357.sql,warmup,1,1,1,1,1.719,2000.239,10,3,10,5010020,10,295702140,0,0,part;partsupp;supplier,54557,0,0,0,0,0,0,60.0,997
2026-09-19T19:11:18Z,40B1774344BF4E71,18.4,queries/tpch/SQLStorm/10357.sql,measured,1,1,1,1,1.723,1994.289,10,3,10,5010020,10,295702140,0,0,part;partsupp;supplier,54557,0,0,0,0,0,0,66.0,1068
2026-09-19T19:11:34Z,40B1774344BF4E71,18.4,queries/tpch/SQLStorm/10358.sql,warmup,1,1,1,1,5.473,13705.418,19,6,10,61612695,10,1237072470,0,4,lineitem;partsupp;orders;customer;supplier;nation,60126996,0,0,0,36315,36320,0,57.0,2112
2026-09-19T19:11:47Z,40B1774344BF4E71,18.4,queries/tpch/SQLStorm/10358.sql,measured,1,1,1,1,5.477,13670.383,19,6,10,61612695,10,1237072470,0,4,lineitem;partsupp;orders;customer;supplier;nation,60126996,0,0,0,36315,36320,0,71.0,2177
2026-09-19T19:11:52Z,40B1774344BF4E71,18.4,queries/tpch/SQLStorm/10359.sql,warmup,1,1,1,1,4.615,146.028,19,7,0,400005,10,14800040,5,4,partsupp;region;nation;supplier;ixtest_supplier_nationkey;lineitem;part,4149,0,0,0,0,0,0,60.0,2369
2026-09-19T19:11:52Z,40B1774344BF4E71,18.4,queries/tpch/SQLStorm/10359.sql,measured,1,1,1,1,4.583,140.403,19,7,0,400005,10,14800040,5,4,partsupp;region;nation;supplier;ixtest_supplier_nationkey;lineitem;part,4148,0,0,0,0,0,0,60.0,2500
2026-09-19T19:12:00Z,40B1774344BF4E71,18.4,queries/tpch/SQLStorm/1036.sql,warmup,1,1,1,1,3.344,7783.068,28,9,258,24243832,2488,510887351,31074,0,orders;lineitem;partsupp;supplier;part;rc;customer;nation,178362,0,0,0,0,0,0,60.0,925
2026-09-19T19:12:08Z,40B1774344BF4E71,18.4,queries/tpch/SQLStorm/1036.sql,measured,1,1,1,1,3.275,7796.283,28,9,258,24243832,2488,510887351,31074,0,orders;lineitem;partsupp;supplier;part;rc;customer;nation,178362,0,0,0,0,0,0,66.0,1266
2026-09-19T19:12:12Z,40B1774344BF4E71,18.4,queries/tpch/SQLStorm/10360.sql,warmup,1,1,1,1,1.743,1977.653,10,3,10,5010020,10,295702140,0,0,part;partsupp;supplier,54557,0,0,0,0,0,0,56.0,1402
2026-09-19T19:12:15Z,40B1774344BF4E71,18.4,queries/tpch/SQLStorm/10360.sql,measured,1,1,1,1,2.098,1951.893,10,3,10,5010020,10,295702140,0,0,part;partsupp;supplier,54557,0,0,0,0,0,0,66.0,1665
2026-09-19T19:12:19Z,40B1774344BF4E71,18.4,queries/tpch/SQLStorm/10361.sql,warmup,1,1,1,1,2.907,2001.943,19,5,10,22954315,10,628753360,0,4,lineitem;supplier;nation;orders;customer,140304,0,0,0,0,0,0,55.0,1975
2026-09-19T19:12:21Z,40B1774344BF4E71,18.4,queries/tpch/SQLStorm/10361.sql,measured,1,1,1,1,2.873,2006.685,19,5,10,22954315,10,628753360,0,4,lineitem;supplier;nation;orders;customer,140304,0,0,0,0,0,0,69.0,2190
2026-09-19T19:12:24Z,40B1774344BF4E71,18.4,queries/tpch/SQLStorm/10362.sql,warmup,1,1,1,1,2.425,620.929,17,5,10,8268007,10,128547300,0,4,lineitem;orders;ixtest_orders_orderdate;customer;nation,142565,0,0,0,0,0,0,56.0,1975
2026-09-19T19:12:25Z,40B1774344BF4E71,18.4,queries/tpch/SQLStorm/10362.sql,measured,1,1,1,1,2.435,625.269,17,5,10,8268007,10,128547300,0,4,lineitem;orders;ixtest_orders_orderdate;customer;nation,142565,0,0,0,0,0,0,56.0,2106
2026-09-19T19:12:27Z,40B1774344BF4E71,18.4,queries/tpch/SQLStorm/10363.sql,warmup,1,1,1,1,2.574,155.654,17,6,10,1531090,10,34594390,4,2,part;partsupp;region;nation;supplier;ixtest_supplier_nationkey,24558,0,0,0,0,0,0,56.0,1319
2026-09-19T19:12:28Z,40B1774344BF4E71,18.4,queries/tpch/SQLStorm/10363.sql,measured,1,1,1,1,2.609,154.087,17,6,10,1531094,10,34594646,4,2,part;partsupp;region;nation;supplier;ixtest_supplier_nationkey,24558,0,0,0,0,0,0,56.0,1713
2026-09-19T19:12:28Z,40B1774344BF4E71,18.4,queries/tpch/SQLStorm/10364.sql,warmup,1,1,1,1,2.646,681.027,19,6,25,9194282,25,177666560,0,4,lineitem;orders;ixtest_orders_orderdate;customer;supplier;nation,140494,0,0,0,0,0,0,56.0,2303
2026-09-19T19:12:29Z,40B1774344BF4E71,18.4,queries/tpch/SQLStorm/10364.sql,measured,1,1,1,1,2.648,682.117,19,6,25,9194282,25,177666560,0,4,lineitem;orders;ixtest_orders_orderdate;customer;supplier;nation,140495,0,0,0,0,0,0,63.0,2303
2026-09-19T19:12:33Z,40B1774344BF4E71,18.4,queries/tpch/SQLStorm/10365.sql,warmup,1,1,1,1,4.923,1496.708,18,7,10,4340374,10,126149646,29,4,partsupp;region;nation;supplier;ixtest_supplier_nationkey;lineitem;part,5295864,0,0,0,0,0,0,55.0,2106
2026-09-19T19:12:34Z,40B1774344BF4E71,18.4,queries/tpch/SQLStorm/10365.sql,measured,1,1,1,1,4.916,1489.059,18,7,10,4340374,10,126149646,29,4,partsupp;region;nation;supplier;ixtest_supplier_nationkey;lineitem;part,5295863,0,0,0,0,0,0,68.0,2106
2026-09-19T19:12:39Z,40B1774344BF4E71,18.4,queries/tpch/SQLStorm/10366.sql,warmup,1,1,1,1,22.071,2163.738,23,9,10,4689433,10,118954470,5,4,partsupp;region;nation;supplier;ixtest_supplier_nationkey;lineitem;orders;part;customer,7775971,0,0,0,0,0,0,56.0,2128
2026-09-19T19:12:41Z,40B1774344BF4E71,18.4,queries/tpch/SQLStorm/10366.sql,measured,1,1,1,1,21.802,2160.303,23,9,10,4689433,10,118954470,5,4,partsupp;region;nation;supplier;ixtest_supplier_nationkey;lineitem;orders;part;customer,7775971,0,0,0,0,0,0,66.0,2106
2026-09-19T19:12:46Z,40B1774344BF4E71,18.4,queries/tpch/SQLStorm/10367.sql,warmup,1,1,1,1,1.653,2612.960,12,3,10,5280020,10,308401980,0,3,partsupp;supplier;part,22628,0,0,0,0,0,0,56.0,1788
2026-09-19T19:12:49Z,40B1774344BF4E71,18.4,queries/tpch/SQLStorm/10367.sql,measured,1,1,1,1,1.660,2617.017,12,3,10,5280020,10,308401980,0,3,partsupp;supplier;part,22628,0,0,0,0,0,0,64.0,1919
2026-09-19T19:12:52Z,40B1774344BF4E71,18.4,queries/tpch/SQLStorm/10368.sql,warmup,1,1,1,1,1.228,811.185,7,2,100,2200200,100,79015400,0,0,partsupp;part,21691,0,0,0,0,0,0,55.0,820
2026-09-19T19:12:53Z,40B1774344BF4E71,18.4,queries/tpch/SQLStorm/10368.sql,measured,1,1,1,1,1.211,813.445,7,2,100,2200200,100,79015400,0,0,partsupp;part,21691,0,0,0,0,0,0,56.0,1188
2026-09-19T19:12:54Z,40B1774344BF4E71,18.4,queries/tpch/SQLStorm/10369.sql,warmup,1,1,1,1,17.235,777.071,24,8,10,3018263,10,84637871,12,4,partsupp;customer;nation;region;orders;lineitem;part;supplier,1681773,0,0,0,0,0,0,56.0,2132
2026-09-19T19:12:55Z,40B1774344BF4E71,18.4,queries/tpch/SQLStorm/10369.sql,measured,1,1,1,1,17.174,773.949,24,8,10,3018263,10,84637871,12,4,partsupp;customer;nation;region;orders;lineitem;part;supplier,1681773,0,0,0,0,0,0,57.0,2080
2026-09-19T19:12:57Z,40B1774344BF4E71,18.4,queries/tpch/SQLStorm/10370.sql,warmup,1,1,1,1,1.621,2139.308,10,3,100,5010200,100,286120600,0,0,part;partsupp;supplier,54557,0,0,0,0,0,0,58.0,1259
2026-09-19T19:13:00Z,40B1774344BF4E71,18.4,queries/tpch/SQLStorm/10370.sql,measured,1,1,1,1,1.617,2138.282,10,3,100,5010200,100,286120600,0,0,part;partsupp;supplier,54557,0,0,0,0,0,0,64.0,1560
2026-09-19T19:13:02Z,40B1774344BF4E71,18.4,queries/tpch/SQLStorm/10371.sql,warmup,1,1,1,1,4.932,319.729,19,8,25,977275,30,28910742,0,3,orders;ixtest_orders_orderdate;lineitem;partsupp;customer;supplier;nation;region,899406,0,0,0,0,0,0,54.0,1712
2026-09-19T19:13:03Z,40B1774344BF4E71,18.4,queries/tpch/SQLStorm/10371.sql,measured,1,1,1,1,4.917,329.223,19,8,25,977275,30,28910742,0,3,orders;ixtest_orders_orderdate;lineitem;partsupp;customer;supplier;nation;region,899406,0,0,0,0,0,0,54.0,2325
2026-09-19T19:13:05Z,40B1774344BF4E71,18.4,queries/tpch/SQLStorm/10372.sql,warmup,1,1,1,1,1.628,2301.109,10,3,100,5010200,100,286120600,0,0,part;partsupp;supplier,54557,0,0,0,0,0,0,56.0,1450
2026-09-19T19:13:08Z,40B1774344BF4E71,18.4,queries/tpch/SQLStorm/10372.sql,measured,1,1,1,1,1.624,2302.301,10,3,100,5010200,100,286120600,0,0,part;partsupp;supplier,54557,0,0,0,0,0,0,64.0,1516
2026-09-19T19:13:10Z,40B1774344BF4E71,18.4,queries/tpch/SQLStorm/10373.sql,warmup,1,1,1,1,2.599,154.650,17,6,10,1531090,10,34594390,4,2,part;partsupp;region;nation;supplier;ixtest_supplier_nationkey,24558,0,0,0,0,0,0,53.0,1450
2026-09-19T19:13:10Z,40B1774344BF4E71,18.4,queries/tpch/SQLStorm/10373.sql,measured,1,1,1,1,2.609,156.695,17,6,10,1531090,10,34594390,4,2,part;partsupp;region;nation;supplier;ixtest_supplier_nationkey,24558,0,0,0,0,0,0,53.0,1713
2026-09-19T19:13:11Z,40B1774344BF4E71,18.4,queries/tpch/SQLStorm/10375.sql,warmup,1,1,1,1,0.995,398.524,7,2,7,1830042,7,21049197,0,4,lineitem;ixtest_lineitem_shipdate,105858,0,0,0,0,0,0,53.0,2063
2026-09-19T19:13:12Z,40B1774344BF4E71,18.4,queries/tpch/SQLStorm/10375.sql,measured,1,1,1,1,1.010,401.474,7,2,7,1830042,7,21049197,0,4,lineitem;ixtest_lineitem_shipdate,105858,0,0,0,0,0,0,61.0,2063
2026-09-19T19:13:27Z,40B1774344BF4E71,18.4,queries/tpch/SQLStorm/10376.sql,warmup,1,1,1,1,,,,,,,,,,,,,,,,,,1,56.0,2099
2026-09-19T19:13:42Z,40B1774344BF4E71,18.4,queries/tpch/SQLStorm/10376.sql,measured,1,1,1,1,,,,,,,,,,,,,,,,,,1,70.0,2186
2026-09-19T19:13:44Z,40B1774344BF4E71,18.4,queries/tpch/SQLStorm/10377.sql,warmup,1,1,1,1,4.960,130.106,18,7,0,400005,10,14800040,5,4,partsupp;region;nation;supplier;ixtest_supplier_nationkey;lineitem;part,4148,0,0,0,0,0,0,60.0,1450
2026-09-19T19:13:45Z,40B1774344BF4E71,18.4,queries/tpch/SQLStorm/10377.sql,measured,1,1,1,1,4.917,130.386,18,7,0,400005,10,14800040,5,4,partsupp;region;nation;supplier;ixtest_supplier_nationkey;lineitem;part,4149,0,0,0,0,0,0,60.0,2500
2026-09-19T19:13:47Z,40B1774344BF4E71,18.4,queries/tpch/SQLStorm/10378.sql,warmup,1,1,1,1,4.619,2497.433,20,7,10,16129378,10,540918167,4,4,partsupp;region;nation;supplier;ixtest_supplier_nationkey;lineitem;part,5295895,0,0,0,0,0,0,60.0,2217
2026-09-19T19:13:50Z,40B1774344BF4E71,18.4,queries/tpch/SQLStorm/10378.sql,measured,1,1,1,1,4.607,2476.047,20,7,10,16129378,10,540918167,4,4,partsupp;region;nation;supplier;ixtest_supplier_nationkey;lineitem;part,5295895,0,0,0,0,0,0,68.0,2137
2026-09-19T19:13:54Z,40B1774344BF4E71,18.4,queries/tpch/SQLStorm/10379.sql,warmup,1,1,1,1,2.054,1483.730,13,4,10,10947020,10,315769599,0,4,lineitem;orders;ixtest_orders_orderdate;part,143118,0,0,0,0,0,0,59.0,2041
2026-09-19T19:13:55Z,40B1774344BF4E71,18.4,queries/tpch/SQLStorm/10379.sql,measured,1,1,1,1,2.045,1481.155,13,4,10,10947020,10,315769599,0,4,lineitem;orders;ixtest_orders_orderdate;part,143117,0,0,0,0,0,0,70.0,2008
2026-09-19T19:13:58Z,40B1774344BF4E71,18.4,queries/tpch/SQLStorm/10380.sql,warmup,1,1,1,1,2.387,666.530,17,5,10,8280352,10,156527630,0,4,lineitem;orders;ixtest_orders_orderdate;customer;nation,142565,0,0,0,0,0,0,58.0,1778
2026-09-19T19:13:59Z,40B1774344BF4E71,18.4,queries/tpch/SQLStorm/10380.sql,measured,1,1,1,1,2.408,667.599,17,5,10,8280352,10,156527630,0,4,lineitem;orders;ixtest_orders_orderdate;customer;nation,142565,0,0,0,0,0,0,58.0,1909
2026-09-19T19:14:03Z,40B1774344BF4E71,18.4,queries/tpch/SQLStorm/10381.sql,warmup,1,1,1,1,1.743,1896.223,10,3,100,5010200,100,295721400,0,0,part;partsupp;supplier,54557,0,0,0,0,0,0,57.0,1293
2026-09-19T19:14:05Z,40B1774344BF4E71,18.4,queries/tpch/SQLStorm/10381.sql,measured,1,1,1,1,1.728,1927.089,10,3,100,5010200,100,295721400,0,0,part;partsupp;supplier,54557,0,0,0,0,0,0,58.0,1608
2026-09-19T19:14:06Z,40B1774344BF4E71,18.4,queries/tpch/SQLStorm/10382.sql,warmup,1,1,1,1,1.074,552.032,6,2,2,1818942,6,22743927,0,4,lineitem;ixtest_lineitem_shipdate,105659,0,0,0,0,0,0,59.0,1909
2026-09-19T19:14:07Z,40B1774344BF4E71,18.4,queries/tpch/SQLStorm/10382.sql,measured,1,1,1,1,1.069,559.027,6,2,2,1818942,6,22743927,0,4,lineitem;ixtest_lineitem_shipdate,105659,0,0,0,0,0,0,59.0,1581
2026-09-19T19:14:12Z,40B1774344BF4E71,18.4,queries/tpch/SQLStorm/10384.sql,warmup,1,1,1,1,6.364,3003.397,21,7,10,14313690,10,539334844,0,3,orders;customer;ixtest_customer_mktseg;lineitem;partsupp;supplier;part,1269093,0,0,0,1777,3272,0,56.0,1663
2026-09-19T19:14:15Z,40B1774344BF4E71,18.4,queries/tpch/SQLStorm/10384.sql,measured,1,1,1,1,6.372,3000.261,21,7,10,14313132,10,539278486,0,3,orders;customer;ixtest_customer_mktseg;lineitem;partsupp;supplier;part,1269094,0,0,0,1526,3025,0,66.0,1713
2026-09-19T19:14:19Z,40B1774344BF4E71,18.4,queries/tpch/SQLStorm/10385.sql,warmup,1,1,1,1,1.744,1901.673,10,3,100,5010200,100,295721400,0,0,part;partsupp;supplier,54557,0,0,0,0,0,0,56.0,1555
2026-09-19T19:14:21Z,40B1774344BF4E71,18.4,queries/tpch/SQLStorm/10385.sql,measured,1,1,1,1,1.728,1897.541,10,3,100,5010200,100,295721400,0,0,part;partsupp;supplier,54557,0,0,0,0,0,0,58.0,1188
2026-09-19T19:14:23Z,40B1774344BF4E71,18.4,queries/tpch/SQLStorm/10386.sql,warmup,1,1,1,1,1.050,1520.036,5,1,4,4405594,6,110153354,319137,4,lineitem,112628,0,0,0,0,0,0,58.0,2336
2026-09-19T19:14:24Z,40B1774344BF4E71,18.4,queries/tpch/SQLStorm/10386.sql,measured,1,1,1,1,1.045,1520.365,5,1,4,4405594,6,110153354,319137,4,lineitem,112628,0,0,0,0,0,0,70.0,2303
2026-09-19T19:14:29Z,40B1774344BF4E71,18.4,queries/tpch/SQLStorm/10387.sql,warmup,1,1,1,1,5.722,2495.456,20,7,10,11625890,10,198749190,0,4,lineitem;ixtest_lineitem_shipdate;partsupp;orders;customer;supplier;nation,9222092,0,0,0,0,0,0,56.0,2116
2026-09-19T19:14:32Z,40B1774344BF4E71,18.4,queries/tpch/SQLStorm/10387.sql,measured,1,1,1,1,5.758,2524.938,20,7,10,11625890,10,198749190,0,4,lineitem;ixtest_lineitem_shipdate;partsupp;orders;customer;supplier;nation,9222092,0,0,0,0,0,0,70.0,2217
2026-09-19T19:14:36Z,40B1774344BF4E71,18.4,queries/tpch/SQLStorm/10388.sql,warmup,1,1,1,1,4.843,2275.569,20,7,10,16129378,10,562027619,4,4,partsupp;region;nation;supplier;ixtest_supplier_nationkey;lineitem;part,5295924,0,0,0,0,0,0,58.0,2172
2026-09-19T19:14:39Z,40B1774344BF4E71,18.4,queries/tpch/SQLStorm/10388.sql,measured,1,1,1,1,4.826,2270.866,20,7,10,16129378,10,562027619,4,4,partsupp;region;nation;supplier;ixtest_supplier_nationkey;lineitem;part,5295924,0,0,0,0,0,0,71.0,2281
2026-09-19T19:14:54Z,40B1774344BF4E71,18.4,queries/tpch/SQLStorm/10389.sql,warmup,1,1,1,1,5.473,13702.077,19,6,10,61612695,10,1237072470,0,4,lineitem;partsupp;orders;customer;supplier;nation,60126996,0,0,0,36314,36319,0,58.0,2158
2026-09-19T19:15:08Z,40B1774344BF4E71,18.4,queries/tpch/SQLStorm/10389.sql,measured,1,1,1,1,5.492,13667.969,19,6,10,61612695,10,1237072470,0,4,lineitem;partsupp;orders;customer;supplier;nation,60126996,0,0,0,36315,36320,0,72.0,2108
2026-09-19T19:15:28Z,40B1774344BF4E71,18.4,queries/tpch/SQLStorm/1039.sql,warmup,1,1,1,1,,,,,,,,,,,,,,,,,,1,60.0,1112
2026-09-19T19:15:43Z,40B1774344BF4E71,18.4,queries/tpch/SQLStorm/1039.sql,measured,1,1,1,1,,,,,,,,,,,,,,,,,,1,64.0,1156
2026-09-19T19:15:48Z,40B1774344BF4E71,18.4,queries/tpch/SQLStorm/10390.sql,warmup,1,1,1,1,1.657,2769.609,12,3,100,5280200,100,308419800,0,3,partsupp;supplier;part,22628,0,0,0,0,0,0,55.0,1923
2026-09-19T19:15:50Z,40B1774344BF4E71,18.4,queries/tpch/SQLStorm/10390.sql,measured,1,1,1,1,1.654,2490.728,12,3,100,5280200,100,308419800,0,3,partsupp;supplier;part,22628,0,0,0,0,0,0,56.0,1753
2026-09-19T19:15:53Z,40B1774344BF4E71,18.4,queries/tpch/SQLStorm/10391.sql,warmup,1,1,1,1,2.951,707.305,20,6,10,9183038,10,177441450,0,4,lineitem;orders;ixtest_orders_orderdate;customer;supplier;nation,140493,0,0,0,0,0,0,55.0,1909
2026-09-19T19:15:54Z,40B1774344BF4E71,18.4,queries/tpch/SQLStorm/10391.sql,measured,1,1,1,1,2.944,713.159,20,6,10,9183038,10,177441450,0,4,lineitem;orders;ixtest_orders_orderdate;customer;supplier;nation,140495,0,0,0,0,0,0,55.0,2369
2026-09-19T19:15:58Z,40B1774344BF4E71,18.4,queries/tpch/SQLStorm/10394.sql,warmup,1,1,1,1,6.261,1518.837,18,7,10,4355126,10,126731819,29,4,partsupp;region;nation;supplier;ixtest_supplier_nationkey;lineitem;part,5295863,0,0,0,0,0,0,54.0,2139
2026-09-19T19:15:59Z,40B1774344BF4E71,18.4,queries/tpch/SQLStorm/10394.sql,measured,1,1,1,1,5.003,1495.788,18,7,10,4355126,10,126731819,29,4,partsupp;region;nation;supplier;ixtest_supplier_nationkey;lineitem;part,5295863,0,0,0,0,0,0,68.0,2270
2026-09-19T19:16:05Z,40B1774344BF4E71,18.4,queries/tpch/SQLStorm/10395.sql,warmup,1,1,1,1,2.025,3817.260,12,3,3750,32869825,3750,1103994120,0,4,lineitem;partsupp;part,134351,0,0,0,0,0,0,55.0,2146
2026-09-19T19:16:09Z,40B1774344BF4E71,18.4,queries/tpch/SQLStorm/10395.sql,measured,1,1,1,1,2.010,3816.272,12,3,3750,32869825,3750,1103994120,0,4,lineitem;partsupp;part,134351,0,0,0,0,0,0,60.0,2146
2026-09-19T19:16:13Z,40B1774344BF4E71,18.4,queries/tpch/SQLStorm/10396.sql,warmup,1,1,1,1,4.895,1490.538,18,7,10,4347658,10,126436377,29,4,partsupp;region;nation;supplier;ixtest_supplier_nationkey;lineitem;part,5295864,0,0,0,0,0,0,58.0,1975
2026-09-19T19:16:15Z,40B1774344BF4E71,18.4,queries/tpch/SQLStorm/10396.sql,measured,1,1,1,1,4.982,1493.364,18,7,10,4347658,10,126436377,29,4,partsupp;region;nation;supplier;ixtest_supplier_nationkey;lineitem;part,5295864,0,0,0,0,0,0,69.0,2008
2026-09-19T19:16:18Z,40B1774344BF4E71,18.4,queries/tpch/SQLStorm/10398.sql,warmup,1,1,1,1,4.944,1455.936,18,7,10,4353911,10,115336114,29,4,partsupp;region;nation;supplier;ixtest_supplier_nationkey;lineitem;part,5295864,0,0,0,0,0,0,58.0,2040
2026-09-19T19:16:20Z,40B1774344BF4E71,18.4,queries/tpch/SQLStorm/10398.sql,measured,1,1,1,1,4.926,1454.635,18,7,10,4353911,10,115336114,29,4,partsupp;region;nation;supplier;ixtest_supplier_nationkey;lineitem;part,5295864,0,0,0,0,0,0,69.0,2204
2026-09-19T19:16:23Z,40B1774344BF4E71,18.4,queries/tpch/SQLStorm/10399.sql,warmup,1,1,1,1,1.037,532.468,6,2,4,1829987,6,22882960,0,4,lineitem;ixtest_lineitem_shipdate,105855,0,0,0,0,0,0,57.0,2237
2026-09-19T19:16:23Z,40B1774344BF4E71,18.4,queries/tpch/SQLStorm/10399.sql,measured,1,1,1,1,1.060,523.258,6,2,4,1829987,6,22882960,0,4,lineitem;ixtest_lineitem_shipdate,105855,0,0,0,0,0,0,57.0,2063
2026-09-19T19:16:29Z,40B1774344BF4E71,18.4,queries/tpch/SQLStorm/1040.sql,warmup,1,1,1,1,2.134,3733.616,18,8,10,10394511,200000,166931131,0,0,rp;part;r;lineitem;ixtest_lineitem_shipdate;orders;s;partsupp,138404,0,0,0,0,0,0,57.0,1077
2026-09-19T19:16:33Z,40B1774344BF4E71,18.4,queries/tpch/SQLStorm/1040.sql,measured,1,1,1,1,2.149,3771.097,18,8,10,10394511,200000,166931131,0,0,rp;part;r;lineitem;ixtest_lineitem_shipdate;orders;s;partsupp,138404,0,0,0,0,0,0,64.0,1293
2026-09-19T19:16:41Z,40B1774344BF4E71,18.4,queries/tpch/SQLStorm/10400.sql,warmup,1,1,1,1,4.063,5705.797,18,6,25,20000459,25,436144144,1,4,lineitem;partsupp;orders;customer;supplier;nation,29603268,0,0,0,0,0,0,55.0,2093
2026-09-19T19:16:47Z,40B1774344BF4E71,18.4,queries/tpch/SQLStorm/10400.sql,measured,1,1,1,1,4.076,5693.396,18,6,25,20000459,25,436144144,1,4,lineitem;partsupp;orders;customer;supplier;nation,29603268,0,0,0,0,0,0,69.0,2056
2026-09-19T19:16:53Z,40B1774344BF4E71,18.4,queries/tpch/SQLStorm/10401.sql,warmup,1,1,1,1,2.802,4411.840,18,5,25,33756750,25,1098036270,0,4,lineitem;partsupp;supplier;nation;part,116498,0,0,0,0,0,0,58.0,2044
2026-09-19T19:16:58Z,40B1774344BF4E71,18.4,queries/tpch/SQLStorm/10401.sql,measured,1,1,1,1,2.802,4488.610,18,5,25,33756750,25,1098036270,0,4,lineitem;partsupp;supplier;nation;part,116499,0,0,0,0,0,0,73.0,2158
2026-09-19T19:17:01Z,40B1774344BF4E71,18.4,queries/tpch/SQLStorm/10402.sql,warmup,1,1,1,1,1.588,1112.034,10,3,10,9632282,10,163189220,0,4,lineitem;orders;ixtest_orders_orderdate,138991,0,0,0,0,0,0,59.0,2238
2026-09-19T19:17:03Z,40B1774344BF4E71,18.4,queries/tpch/SQLStorm/10402.sql,measured,1,1,1,1,1.595,1133.911,10,3,10,9632282,10,163189220,0,4,lineitem;orders;ixtest_orders_orderdate,138991,0,0,0,0,0,0,70.0,2238
2026-09-19T19:17:17Z,40B1774344BF4E71,18.4,queries/tpch/SQLStorm/10403.sql,warmup,1,1,1,1,17.115,11784.632,23,8,10,46252605,10,1191416994,4,4,lineitem;partsupp;orders;customer;nation;region;part;supplier,55363683,0,0,0,0,0,0,58.0,2102
2026-09-19T19:17:29Z,40B1774344BF4E71,18.4,queries/tpch/SQLStorm/10403.sql,measured,1,1,1,1,17.445,11850.694,23,8,10,46252605,10,1191416994,4,4,lineitem;partsupp;orders;customer;nation;region;part;supplier,55363683,0,0,0,0,0,0,61.0,2216
2026-09-19T19:17:32Z,40B1774344BF4E71,18.4,queries/tpch/SQLStorm/10404.sql,warmup,1,1,1,1,2.905,775.971,20,6,10,8268182,10,199411710,0,4,lineitem;orders;ixtest_orders_orderdate;customer;nation;region,142570,0,0,0,0,0,0,60.0,1922
2026-09-19T19:17:33Z,40B1774344BF4E71,18.4,queries/tpch/SQLStorm/10404.sql,measured,1,1,1,1,2.865,713.531,20,6,10,8268182,10,199411710,0,4,lineitem;orders;ixtest_orders_orderdate;customer;nation;region,142569,0,0,0,0,0,0,63.0,2106
2026-09-19T19:17:41Z,40B1774344BF4E71,18.4,queries/tpch/SQLStorm/10405.sql,warmup,1,1,1,1,4.868,6164.429,20,7,25,20868794,125,587884758,1,4,lineitem;partsupp;orders;supplier;nation;region;customer,29569139,0,0,0,0,0,0,60.0,2221
2026-09-19T19:17:48Z,40B1774344BF4E71,18.4,queries/tpch/SQLStorm/10405.sql,measured,1,1,1,1,4.905,6185.756,20,7,25,20868794,125,587884758,1,4,lineitem;partsupp;orders;supplier;nation;region;customer,29569139,0,0,0,0,0,0,69.0,2082
2026-09-19T19:17:52Z,40B1774344BF4E71,18.4,queries/tpch/SQLStorm/10406.sql,warmup,1,1,1,1,4.140,315.174,16,7,25,935633,25,20469308,0,3,orders;ixtest_orders_orderdate;lineitem;partsupp;customer;supplier;nation,931240,0,0,0,0,0,0,59.0,1844
2026-09-19T19:17:52Z,40B1774344BF4E71,18.4,queries/tpch/SQLStorm/10406.sql,measured,1,1,1,1,4.113,316.990,16,7,25,935633,25,20469308,0,3,orders;ixtest_orders_orderdate;lineitem;partsupp;customer;supplier;nation,931240,0,0,0,0,0,0,59.0,2369
2026-09-19T19:17:53Z,40B1774344BF4E71,18.4,queries/tpch/SQLStorm/10407.sql,warmup,1,1,1,1,2.498,475.739,15,5,10,971087,10,43919781,4,0,part;supplier;nation;region;partsupp,170604,0,0,0,0,0,0,59.0,1275
2026-09-19T19:17:54Z,40B1774344BF4E71,18.4,queries/tpch/SQLStorm/10407.sql,measured,1,1,1,1,2.480,484.821,15,5,10,971087,10,43919781,4,0,part;supplier;nation;region;partsupp,170604,0,0,0,0,0,0,67.0,1625
2026-09-19T19:17:55Z,40B1774344BF4E71,18.4,queries/tpch/SQLStorm/10408.sql,warmup,1,1,1,1,2.371,766.315,17,5,10,6507508,10,100605722,0,3,orders;lineitem;ixtest_lineitem_shipdate;customer;nation,135580,0,0,0,0,0,0,60.0,2133
2026-09-19T19:17:56Z,40B1774344BF4E71,18.4,queries/tpch/SQLStorm/10408.sql,measured,1,1,1,1,2.376,768.054,17,5,10,6507508,10,100605722,0,3,orders;lineitem;ixtest_lineitem_shipdate;customer;nation,135579,0,0,0,0,0,0,61.0,2028
2026-09-19T19:17:58Z,40B1774344BF4E71,18.4,queries/tpch/SQLStorm/10409.sql,warmup,1,1,1,1,1.023,396.145,7,2,7,1822909,7,17322574,0,4,lineitem;ixtest_lineitem_shipdate,105926,0,0,0,0,0,0,58.0,1800
2026-09-19T19:17:59Z,40B1774344BF4E71,18.4,queries/tpch/SQLStorm/10409.sql,measured,1,1,1,1,0.988,381.151,7,2,7,1822909,7,17322574,0,4,lineitem;ixtest_lineitem_shipdate,105926,0,0,0,0,0,0,58.0,1625
2026-09-19T19:18:07Z,40B1774344BF4E71,18.4,queries/tpch/SQLStorm/10410.sql,warmup,1,1,1,1,5.206,5444.223,24,7,25,49759180,25,1630552910,0,4,lineitem;supplier;nation;orders;customer;partsupp;part,142064,0,0,0,0,0,0,57.0,2172
2026-09-19T19:18:12Z,40B1774344BF4E71,18.4,queries/tpch/SQLStorm/10410.sql,measured,1,1,1,1,5.211,5390.648,24,7,25,49759180,25,1630552910,0,4,lineitem;supplier;nation;orders;customer;partsupp;part,142065,0,0,0,0,0,0,74.0,2106
2026-09-19T19:18:17Z,40B1774344BF4E71,18.4,queries/tpch/SQLStorm/10412.sql,warmup,1,1,1,1,0.985,2433.127,5,2,10,4152523,10,47097628,0,0,lineitem;ixtest_lineitem_shipdate,113650,0,0,0,3272,5913,0,60.0,1208
2026-09-19T19:18:19Z,40B1774344BF4E71,18.4,queries/tpch/SQLStorm/10412.sql,measured,1,1,1,1,0.985,2436.600,5,2,10,4152523,10,47097628,0,0,lineitem;ixtest_lineitem_shipdate,113650,0,0,0,3272,5913,0,64.0,1389
2026-09-19T19:18:24Z,40B1774344BF4E71,18.4,queries/tpch/SQLStorm/10414.sql,warmup,1,1,1,1,1.721,1891.544,10,3,100,5010200,100,295721400,0,0,part;partsupp;supplier,54557,0,0,0,0,0,0,58.0,1135
2026-09-19T19:18:26Z,40B1774344BF4E71,18.4,queries/tpch/SQLStorm/10414.sql,measured,1,1,1,1,1.740,1908.840,10,3,100,5010200,100,295721400,0,0,part;partsupp;supplier,54557,0,0,0,0,0,0,59.0,1424
2026-09-19T19:18:27Z,40B1774344BF4E71,18.4,queries/tpch/SQLStorm/10415.sql,warmup,1,1,1,1,2.227,844.174,16,5,25,6495272,25,100395484,0,3,orders;lineitem;ixtest_lineitem_shipdate;customer;nation,135526,0,0,0,0,0,0,59.0,1975
2026-09-19T19:18:28Z,40B1774344BF4E71,18.4,queries/tpch/SQLStorm/10415.sql,measured,1,1,1,1,2.277,818.220,16,5,25,6495272,25,100395484,0,3,orders;lineitem;ixtest_lineitem_shipdate;customer;nation,135526,0,0,0,0,0,0,62.0,2290
2026-09-19T19:18:41Z,40B1774344BF4E71,18.4,queries/tpch/SQLStorm/10416.sql,warmup,1,1,1,1,5.486,13754.101,19,6,10,61612695,10,1237072470,0,4,lineitem;partsupp;orders;customer;supplier;nation,60126996,0,0,0,36316,36321,0,59.0,2180
2026-09-19T19:18:55Z,40B1774344BF4E71,18.4,queries/tpch/SQLStorm/10416.sql,measured,1,1,1,1,5.517,13741.064,19,6,10,61612695,10,1237072470,0,4,lineitem;partsupp;orders;customer;supplier;nation,60126996,0,0,0,36314,36319,0,75.0,2099
2026-09-19T19:19:17Z,40B1774344BF4E71,18.4,queries/tpch/SQLStorm/10417.sql,warmup,1,1,1,1,,,,,,,,,,,,,,,,,,1,59.0,1053
2026-09-19T19:19:32Z,40B1774344BF4E71,18.4,queries/tpch/SQLStorm/10417.sql,measured,1,1,1,1,,,,,,,,,,,,,,,,,,1,64.0,1046
2026-09-19T19:19:35Z,40B1774344BF4E71,18.4,queries/tpch/SQLStorm/10418.sql,warmup,1,1,1,1,2.558,687.968,19,6,25,8273203,125,199649450,0,4,lineitem;orders;ixtest_orders_orderdate;customer;nation;region,142571,0,0,0,0,0,0,54.0,1975
2026-09-19T19:19:36Z,40B1774344BF4E71,18.4,queries/tpch/SQLStorm/10418.sql,measured,1,1,1,1,2.528,688.054,19,6,25,8273203,125,199649450,0,4,lineitem;orders;ixtest_orders_orderdate;customer;nation;region,142571,0,0,0,0,0,0,54.0,2106
2026-09-19T19:19:39Z,40B1774344BF4E71,18.4,queries/tpch/SQLStorm/10419.sql,warmup,1,1,1,1,2.144,1438.176,13,4,10,8431828,10,182363937,0,3,orders;lineitem;ixtest_lineitem_shipdate;customer,135356,0,0,0,0,0,0,55.0,1942
2026-09-19T19:19:41Z,40B1774344BF4E71,18.4,queries/tpch/SQLStorm/10419.sql,measured,1,1,1,1,2.129,1438.365,13,4,10,8431828,10,182363937,0,3,orders;lineitem;ixtest_lineitem_shipdate;customer,135357,0,0,0,0,0,0,64.0,1975
2026-09-19T19:19:56Z,40B1774344BF4E71,18.4,queries/tpch/SQLStorm/10420.sql,warmup,1,1,1,1,5.593,12838.132,21,7,10,106636078,10,5084853667,0,4,partsupp;part;orders;customer;ixtest_customer_mktseg;lineitem;supplier,1269126,0,0,0,590,1324,0,54.0,2036
2026-09-19T19:20:09Z,40B1774344BF4E71,18.4,queries/tpch/SQLStorm/10420.sql,measured,1,1,1,1,5.606,12807.980,21,7,10,106636078,10,5084853667,0,4,partsupp;part;orders;customer;ixtest_customer_mktseg;lineitem;supplier,1269127,0,0,0,590,1323,0,60.0,2116
2026-09-19T19:20:12Z,40B1774344BF4E71,18.4,queries/tpch/SQLStorm/10421.sql,warmup,1,1,1,1,0.977,1159.001,5,2,10,2089275,10,24175780,0,0,lineitem;ixtest_lineitem_shipdate,105818,0,0,0,0,0,0,60.0,1000
2026-09-19T19:20:14Z,40B1774344BF4E71,18.4,queries/tpch/SQLStorm/10421.sql,measured,1,1,1,1,0.962,1156.251,5,2,10,2089275,10,24175780,0,0,lineitem;ixtest_lineitem_shipdate,105818,0,0,0,0,0,0,68.0,813
2026-09-19T19:20:17Z,40B1774344BF4E71,18.4,queries/tpch/SQLStorm/10422.sql,warmup,1,1,1,1,4.385,1332.101,23,7,10,14533782,10,388798274,0,3,partsupp;lineitem;orders;ixtest_orders_orderdate;customer;supplier;nation,141470,0,0,0,0,0,0,58.0,1862
2026-09-19T19:20:19Z,40B1774344BF4E71,18.4,queries/tpch/SQLStorm/10422.sql,measured,1,1,1,1,4.376,1339.470,23,7,10,14533782,10,388798274,0,3,partsupp;lineitem;orders;ixtest_orders_orderdate;customer;supplier;nation,141469,0,0,0,0,0,0,71.0,1942
2026-09-19T19:20:36Z,40B1774344BF4E71,18.4,queries/tpch/SQLStorm/10423.sql,warmup,1,1,1,1,,,,,,,,,,,,,,,,,,1,58.0,2207
2026-09-19T19:20:52Z,40B1774344BF4E71,18.4,queries/tpch/SQLStorm/10423.sql,measured,1,1,1,1,,,,,,,,,,,,,,,,,,1,77.0,2149
2026-09-19T19:21:12Z,40B1774344BF4E71,18.4,queries/tpch/SQLStorm/10424.sql,warmup,1,1,1,1,5.187,13767.047,20,6,100,27650696,100,1503476879,0,4,lineitem;orders;ixtest_orders_orderdate;part;partsupp;supplier,192943,0,0,0,0,0,0,60.0,1363
2026-09-19T19:21:26Z,40B1774344BF4E71,18.4,queries/tpch/SQLStorm/10424.sql,measured,1,1,1,1,5.237,13786.744,20,6,100,27650696,100,1503476879,0,4,lineitem;orders;ixtest_orders_orderdate;part;partsupp;supplier,192943,0,0,0,0,0,0,65.0,1334
2026-09-19T19:21:34Z,40B1774344BF4E71,18.4,queries/tpch/SQLStorm/10426.sql,warmup,1,1,1,1,4.090,5698.175,18,6,25,19955206,25,435187336,1,4,lineitem;partsupp;orders;customer;supplier;nation,29564484,0,0,0,0,0,0,55.0,2174
2026-09-19T19:21:39Z,40B1774344BF4E71,18.4,queries/tpch/SQLStorm/10426.sql,measured,1,1,1,1,4.067,5696.621,18,6,25,19955206,25,435187336,1,4,lineitem;partsupp;orders;customer;supplier;nation,29564484,0,0,0,0,0,0,73.0,2138
2026-09-19T19:21:56Z,40B1774344BF4E71,18.4,queries/tpch/SQLStorm/10427.sql,warmup,1,1,1,1,1.879,13839.859,12,3,10,33606092,10,1217639381,0,4,lineitem;part;orders,120897,0,0,0,42505,42513,0,59.0,2286
2026-09-19T19:22:09Z,40B1774344BF4E71,18.4,queries/tpch/SQLStorm/10427.sql,measured,1,1,1,1,1.878,13452.704,12,3,10,33606092,10,1217639381,0,4,lineitem;part;orders,120897,0,0,0,42507,42515,0,62.0,2133
2026-09-19T19:22:14Z,40B1774344BF4E71,18.4,queries/tpch/SQLStorm/10428.sql,warmup,1,1,1,1,2.382,755.879,17,5,10,6525348,10,100912570,0,3,orders;lineitem;ixtest_lineitem_shipdate;customer;nation,135512,0,0,0,0,0,0,59.0,1660
2026-09-19T19:22:15Z,40B1774344BF4E71,18.4,queries/tpch/SQLStorm/10428.sql,measured,1,1,1,1,2.386,756.616,17,5,10,6525348,10,100912570,0,3,orders;lineitem;ixtest_lineitem_shipdate;customer;nation,135512,0,0,0,0,0,0,60.0,1975
2026-09-19T19:22:18Z,40B1774344BF4E71,18.4,queries/tpch/SQLStorm/10429.sql,warmup,1,1,1,1,4.791,145.353,19,7,0,400005,10,14800040,5,4,partsupp;region;nation;supplier;ixtest_supplier_nationkey;lineitem;part,4149,0,0,0,0,0,0,58.0,1713
2026-09-19T19:22:18Z,40B1774344BF4E71,18.4,queries/tpch/SQLStorm/10429.sql,measured,1,1,1,1,4.793,144.623,19,7,0,400005,10,14800040,5,4,partsupp;region;nation;supplier;ixtest_supplier_nationkey;lineitem;part,4148,0,0,0,0,0,0,58.0,1844
2026-09-19T19:22:19Z,40B1774344BF4E71,18.4,queries/tpch/SQLStorm/10430.sql,warmup,1,1,1,1,1.216,841.442,7,2,100,2200200,100,79015400,0,0,partsupp;part,21691,0,0,0,0,0,0,58.0,820
2026-09-19T19:22:20Z,40B1774344BF4E71,18.4,queries/tpch/SQLStorm/10430.sql,measured,1,1,1,1,1.207,832.064,7,2,100,2200200,100,79015400,0,0,partsupp;part,21691,0,0,0,0,0,0,66.0,1083
2026-09-19T19:22:28Z,40B1774344BF4E71,18.4,queries/tpch/SQLStorm/10431.sql,warmup,1,1,1,1,7.697,5195.135,25,7,10,44557960,10,1243260280,0,4,lineitem;orders;customer;partsupp;supplier;nation;part,143052,0,0,0,0,0,0,57.0,2140
2026-09-19T19:22:33Z,40B1774344BF4E71,18.4,queries/tpch/SQLStorm/10431.sql,measured,1,1,1,1,7.825,5193.863,25,7,10,44557960,10,1243260280,0,4,lineitem;orders;customer;partsupp;supplier;nation;part,143052,0,0,0,0,0,0,73.0,2150
2026-09-19T19:22:44Z,40B1774344BF4E71,18.4,queries/tpch/SQLStorm/10432.sql,warmup,1,1,1,1,4.261,8611.408,18,5,10,44901851,10,1896368991,0,4,lineitem;orders;partsupp;supplier;part,123186,0,0,0,18235,32489,0,59.0,1915
2026-09-19T19:22:52Z,40B1774344BF4E71,18.4,queries/tpch/SQLStorm/10432.sql,measured,1,1,1,1,4.260,8540.000,18,5,10,44895250,10,1895702290,0,4,lineitem;orders;partsupp;supplier;part,123185,0,0,0,16710,30638,0,70.0,1932
2026-09-19T19:23:04Z,40B1774344BF4E71,18.4,queries/tpch/SQLStorm/10433.sql,warmup,1,1,1,1,1.993,9743.939,12,3,10,33606095,10,2897973175,0,4,lineitem;part;orders,120925,0,0,0,92131,92144,0,60.0,2023
2026-09-19T19:23:14Z,40B1774344BF4E71,18.4,queries/tpch/SQLStorm/10433.sql,measured,1,1,1,1,2.000,9554.192,12,3,10,33606095,10,2897973175,0,4,lineitem;part;orders,120925,0,0,0,92131,92144,0,71.0,2120
2026-09-19T19:23:17Z,40B1774344BF4E71,18.4,queries/tpch/SQLStorm/10434.sql,warmup,1,1,1,1,2.404,664.254,17,5,10,8268007,10,156182000,0,4,lineitem;orders;ixtest_orders_orderdate;customer;nation,142564,0,0,0,0,0,0,58.0,1778
2026-09-19T19:23:18Z,40B1774344BF4E71,18.4,queries/tpch/SQLStorm/10434.sql,measured,1,1,1,1,2.391,686.217,17,5,10,8268007,10,156182000,0,4,lineitem;orders;ixtest_orders_orderdate;customer;nation,142565,0,0,0,0,0,0,58.0,1910
2026-09-19T19:23:22Z,40B1774344BF4E71,18.4,queries/tpch/SQLStorm/10435.sql,warmup,1,1,1,1,1.628,2128.553,10,3,100,5010200,100,286120600,0,0,part;partsupp;supplier,54557,0,0,0,0,0,0,58.0,1116
2026-09-19T19:23:25Z,40B1774344BF4E71,18.4,queries/tpch/SQLStorm/10435.sql,measured,1,1,1,1,1.633,2142.903,10,3,100,5010200,100,286120600,0,0,part;partsupp;supplier,54557,0,0,0,0,0,0,67.0,1100
2026-09-19T19:23:29Z,40B1774344BF4E71,18.4,queries/tpch/SQLStorm/10436.sql,warmup,1,1,1,1,1.760,2533.993,12,3,100,5280200,100,308419800,0,3,partsupp;supplier;part,22631,0,0,0,0,0,0,56.0,1813
2026-09-19T19:23:32Z,40B1774344BF4E71,18.4,queries/tpch/SQLStorm/10436.sql,measured,1,1,1,1,1.706,2523.790,12,3,100,5280200,100,308419800,0,3,partsupp;supplier;part,22631,0,0,0,0,0,0,67.0,1844
2026-09-19T19:23:35Z,40B1774344BF4E71,18.4,queries/tpch/SQLStorm/10437.sql,warmup,1,1,1,1,0.968,400.026,6,2,4,1829987,6,14641664,0,4,lineitem;ixtest_lineitem_shipdate,105855,0,0,0,0,0,0,56.0,1800
2026-09-19T19:23:35Z,40B1774344BF4E71,18.4,queries/tpch/SQLStorm/10437.sql,measured,1,1,1,1,0.962,398.965,6,2,4,1829987,6,14641664,0,4,lineitem;ixtest_lineitem_shipdate,105855,0,0,0,0,0,0,56.0,2062
2026-09-19T19:23:38Z,40B1774344BF4E71,18.4,queries/tpch/SQLStorm/10438.sql,warmup,1,1,1,1,2.549,686.649,19,6,25,8280532,125,200002290,0,4,lineitem;orders;ixtest_orders_orderdate;customer;nation;region,142570,0,0,0,0,0,0,55.0,1975
2026-09-19T19:23:39Z,40B1774344BF4E71,18.4,queries/tpch/SQLStorm/10438.sql,measured,1,1,1,1,2.523,690.347,19,6,25,8280532,125,200002290,0,4,lineitem;orders;ixtest_orders_orderdate;customer;nation;region,142570,0,0,0,0,0,0,55.0,2172
2026-09-19T19:23:44Z,40B1774344BF4E71,18.4,queries/tpch/SQLStorm/10439.sql,warmup,1,1,1,1,4.886,2345.973,19,7,10,16429505,10,462380260,4,4,partsupp;region;nation;supplier;ixtest_supplier_nationkey;lineitem;part,5389436,0,0,0,0,0,0,55.0,1854
2026-09-19T19:23:46Z,40B1774344BF4E71,18.4,queries/tpch/SQLStorm/10439.sql,measured,1,1,1,1,4.776,2354.182,19,7,10,16429505,10,462380260,4,4,partsupp;region;nation;supplier;ixtest_supplier_nationkey;lineitem;part,5389436,0,0,0,0,0,0,69.0,2056
2026-09-19T19:23:50Z,40B1774344BF4E71,18.4,queries/tpch/SQLStorm/10440.sql,warmup,1,1,1,1,1.376,1256.217,5,1,4,3424259,6,85619979,515404,4,lineitem,112628,0,0,0,0,0,0,56.0,2013
2026-09-19T19:23:51Z,40B1774344BF4E71,18.4,queries/tpch/SQLStorm/10440.sql,measured,1,1,1,1,1.050,1254.725,5,1,4,3424259,6,85619979,515404,4,lineitem,112628,0,0,0,0,0,0,71.0,1937
2026-09-19T19:23:54Z,40B1774344BF4E71,18.4,queries/tpch/SQLStorm/10441.sql,warmup,1,1,1,1,2.893,717.470,20,6,10,8268182,10,199411710,0,4,lineitem;orders;ixtest_orders_orderdate;customer;nation;region,142569,0,0,0,0,0,0,57.0,1975
2026-09-19T19:23:55Z,40B1774344BF4E71,18.4,queries/tpch/SQLStorm/10441.sql,measured,1,1,1,1,2.889,718.422,20,6,10,8268182,10,199411710,0,4,lineitem;orders;ixtest_orders_orderdate;customer;nation;region,142570,0,0,0,0,0,0,57.0,2303
2026-09-19T19:24:02Z,40B1774344BF4E71,18.4,queries/tpch/SQLStorm/10442.sql,warmup,1,1,1,1,2.796,5500.798,18,6,25,23563752,25,389040112,0,3,orders;lineitem;ixtest_lineitem_shipdate;customer;partsupp;supplier,760380,0,0,0,0,0,0,56.0,1413
2026-09-19T19:24:08Z,40B1774344BF4E71,18.4,queries/tpch/SQLStorm/10442.sql,measured,1,1,1,1,2.809,5512.632,18,6,25,23563752,25,389040112,0,3,orders;lineitem;ixtest_lineitem_shipdate;customer;partsupp;supplier,760380,0,0,0,0,0,0,66.0,1694
2026-09-19T19:24:12Z,40B1774344BF4E71,18.4,queries/tpch/SQLStorm/10443.sql,warmup,1,1,1,1,1.721,1940.512,10,3,10,5010020,10,289301980,0,0,part;partsupp;supplier,54557,0,0,0,0,0,0,55.0,1083
2026-09-19T19:24:14Z,40B1774344BF4E71,18.4,queries/tpch/SQLStorm/10443.sql,measured,1,1,1,1,1.707,1934.873,10,3,10,5010020,10,289301980,0,0,part;partsupp;supplier,54557,0,0,0,0,0,0,62.0,1116
2026-09-19T19:24:17Z,40B1774344BF4E71,18.4,queries/tpch/SQLStorm/10445.sql,warmup,1,1,1,1,2.403,763.109,17,5,10,6525348,10,100912570,0,3,orders;lineitem;ixtest_lineitem_shipdate;customer;nation,135512,0,0,0,0,0,0,54.0,1555
2026-09-19T19:24:18Z,40B1774344BF4E71,18.4,queries/tpch/SQLStorm/10445.sql,measured,1,1,1,1,2.375,757.377,17,5,10,6525348,10,100912570,0,3,orders;lineitem;ixtest_lineitem_shipdate;customer;nation,135512,0,0,0,0,0,0,56.0,1818
2026-09-19T19:24:21Z,40B1774344BF4E71,18.4,queries/tpch/SQLStorm/10446.sql,warmup,1,1,1,1,0.978,2443.558,5,2,100,4152703,100,47104108,0,0,lineitem;ixtest_lineitem_shipdate,113650,0,0,0,3272,5913,0,56.0,1248
2026-09-19T19:24:24Z,40B1774344BF4E71,18.4,queries/tpch/SQLStorm/10446.sql,measured,1,1,1,1,0.978,2445.478,5,2,100,4152703,100,47104108,0,0,lineitem;ixtest_lineitem_shipdate,113650,0,0,0,3272,5913,0,62.0,1147
2026-09-19T19:24:28Z,40B1774344BF4E71,18.4,queries/tpch/SQLStorm/10447.sql,warmup,1,1,1,1,1.555,1776.115,9,3,621135,10657821,300774,313708114,70720,4,lineitem;orders;ixtest_orders_orderdate,139018,0,0,0,0,0,0,54.0,1975
2026-09-19T19:24:30Z,40B1774344BF4E71,18.4,queries/tpch/SQLStorm/10447.sql,measured,1,1,1,1,1.563,1825.081,9,3,621135,10657821,300774,313708114,70720,4,lineitem;orders;ixtest_orders_orderdate,139018,0,0,0,0,0,0,54.0,2080
2026-09-19T19:24:32Z,40B1774344BF4E71,18.4,queries/tpch/SQLStorm/10448.sql,warmup,1,1,1,1,2.865,2004.799,19,5,10,22954315,10,628753360,0,4,lineitem;supplier;nation;orders;customer,140304,0,0,0,0,0,0,55.0,2037
2026-09-19T19:24:34Z,40B1774344BF4E71,18.4,queries/tpch/SQLStorm/10448.sql,measured,1,1,1,1,2.866,2241.088,19,5,10,22954315,10,628753360,0,4,lineitem;supplier;nation;orders;customer,140304,0,0,0,0,0,0,69.0,2413
2026-09-19T19:24:39Z,40B1774344BF4E71,18.4,queries/tpch/SQLStorm/1045.sql,warmup,1,1,1,1,1.976,2287.937,21,7,46240,5554965,841650,174967176,153764,3,orders;customer;customerorderstats;sr;partsupp;supplier,48191,0,0,0,0,0,0,56.0,1100
2026-09-19T19:24:41Z,40B1774344BF4E71,18.4,queries/tpch/SQLStorm/1045.sql,measured,1,1,1,1,1.973,2286.008,21,7,46240,5554965,841650,174967176,153764,3,orders;customer;customerorderstats;sr;partsupp;supplier,48191,0,0,0,0,0,0,63.0,1166
2026-09-19T19:24:41Z,40B1774344BF4E71,18.4,queries/tpch/SQLStorm/10450.sql,warmup,1,1,1,1,2.512,5.727,15,5,0,3,10,53,5,0,part;supplier;nation;region;partsupp,9,0,0,0,0,0,0,60.0,1713
2026-09-19T19:24:41Z,40B1774344BF4E71,18.4,queries/tpch/SQLStorm/10450.sql,measured,1,1,1,1,2.489,5.725,15,5,0,3,10,53,5,0,part;supplier;nation;region;partsupp,9,0,0,0,0,0,0,56.0,1450
2026-09-19T19:24:42Z,40B1774344BF4E71,18.4,queries/tpch/SQLStorm/10451.sql,warmup,1,1,1,1,2.393,671.054,17,5,10,8273023,10,156320910,0,4,lineitem;orders;ixtest_orders_orderdate;customer;nation,142565,0,0,0,0,0,0,56.0,2237
2026-09-19T19:24:43Z,40B1774344BF4E71,18.4,queries/tpch/SQLStorm/10451.sql,measured,1,1,1,1,2.401,668.608,17,5,10,8273023,10,156320910,0,4,lineitem;orders;ixtest_orders_orderdate;customer;nation,142565,0,0,0,0,0,0,58.0,2041
2026-09-19T19:24:45Z,40B1774344BF4E71,18.4,queries/tpch/SQLStorm/10452.sql,warmup,1,1,1,1,4.474,1450.939,18,7,10,4342336,10,61121796,29,4,partsupp;region;nation;supplier;ixtest_supplier_nationkey;lineitem;part,5292370,0,0,0,0,0,0,58.0,2106
2026-09-19T19:24:46Z,40B1774344BF4E71,18.4,queries/tpch/SQLStorm/10452.sql,measured,1,1,1,1,4.482,1448.713,18,7,10,4342336,10,61121796,29,4,partsupp;region;nation;supplier;ixtest_supplier_nationkey;lineitem;part,5292369,0,0,0,0,0,0,68.0,2008
2026-09-19T19:24:52Z,40B1774344BF4E71,18.4,queries/tpch/SQLStorm/10453.sql,warmup,1,1,1,1,9.132,5438.714,25,7,10,49759175,10,1630552620,0,4,lineitem;supplier;nation;orders;customer;partsupp;part,142063,0,0,0,0,0,0,59.0,2209
2026-09-19T19:24:58Z,40B1774344BF4E71,18.4,queries/tpch/SQLStorm/10453.sql,measured,1,1,1,1,9.152,5426.378,25,7,10,49759175,10,1630552620,0,4,lineitem;supplier;nation;orders;customer;partsupp;part,142064,0,0,0,0,0,0,72.0,2209
2026-09-19T19:25:01Z,40B1774344BF4E71,18.4,queries/tpch/SQLStorm/10454.sql,warmup,1,1,1,1,4.078,1640.974,20,6,10,15094668,10,373410790,0,4,lineitem;orders;ixtest_orders_orderdate;partsupp;supplier;part,142823,0,0,0,0,0,0,59.0,2090
2026-09-19T19:25:03Z,40B1774344BF4E71,18.4,queries/tpch/SQLStorm/10454.sql,measured,1,1,1,1,4.095,1638.622,20,6,10,15094668,10,373410790,0,4,lineitem;orders;ixtest_orders_orderdate;partsupp;supplier;part,142824,0,0,0,0,0,0,70.0,1946
2026-09-19T19:25:21Z,40B1774344BF4E71,18.4,queries/tpch/SQLStorm/10455.sql,warmup,1,1,1,1,,,,,,,,,,,,,,,,,,1,58.0,1975
2026-09-19T19:25:36Z,40B1774344BF4E71,18.4,queries/tpch/SQLStorm/10455.sql,measured,1,1,1,1,,,,,,,,,,,,,,,,,,1,67.0,2051
2026-09-19T19:25:53Z,40B1774344BF4E71,18.4,queries/tpch/SQLStorm/10456.sql,warmup,1,1,1,1,,,,,,,,,,,,,,,,,,1,58.0,1585
2026-09-19T19:26:08Z,40B1774344BF4E71,18.4,queries/tpch/SQLStorm/10456.sql,measured,1,1,1,1,,,,,,,,,,,,,,,,,,1,64.0,1336
2026-09-19T19:26:11Z,40B1774344BF4E71,18.4,queries/tpch/SQLStorm/10457.sql,warmup,1,1,1,1,2.942,704.651,20,6,10,9197366,10,177750620,0,4,lineitem;orders;ixtest_orders_orderdate;customer;supplier;nation,140492,0,0,0,0,0,0,54.0,1975
2026-09-19T19:26:12Z,40B1774344BF4E71,18.4,queries/tpch/SQLStorm/10457.sql,measured,1,1,1,1,2.932,698.727,20,6,10,9197366,10,177750620,0,4,lineitem;orders;ixtest_orders_orderdate;customer;supplier;nation,140493,0,0,0,0,0,0,54.0,2106
2026-09-19T19:26:15Z,40B1774344BF4E71,18.4,queries/tpch/SQLStorm/10458.sql,warmup,1,1,1,1,1.636,1343.604,10,3,50,4410100,50,164448500,0,0,part;partsupp;supplier,44555,0,0,0,0,0,0,54.0,963
2026-09-19T19:26:17Z,40B1774344BF4E71,18.4,queries/tpch/SQLStorm/10458.sql,measured,1,1,1,1,1.663,1330.469,10,3,50,4410100,50,164448500,0,0,part;partsupp;supplier,44555,0,0,0,0,0,0,63.0,1188
2026-09-19T19:26:28Z,40B1774344BF4E71,18.4,queries/tpch/SQLStorm/10459.sql,warmup,1,1,1,1,3.925,10819.013,14,4,10,45798047,10,1728246277,0,4,lineitem;partsupp;part;supplier,36122159,0,0,0,45075,45083,0,54.0,2156
2026-09-19T19:26:39Z,40B1774344BF4E71,18.4,queries/tpch/SQLStorm/10459.sql,measured,1,1,1,1,3.910,10981.985,14,4,10,45797589,10,1728200019,0,4,lineitem;partsupp;part;supplier,36122159,0,0,0,45075,45083,0,60.0,2233
2026-09-19T19:26:43Z,40B1774344BF4E71,18.4,queries/tpch/SQLStorm/1046.sql,warmup,1,1,1,1,2.183,1455.053,17,6,100,9667383,100,257660389,0,4,part;lineitem;orders;ixtest_orders_orderdate;s;partsupp,161251,0,0,0,0,0,0,59.0,1811
2026-09-19T19:26:45Z,40B1774344BF4E71,18.4,queries/tpch/SQLStorm/1046.sql,measured,1,1,1,1,2.147,1419.384,17,6,100,9667298,100,257658264,0,4,part;lineitem;orders;ixtest_orders_orderdate;s;partsupp,161251,0,0,0,0,0,0,68.0,1811
2026-09-19T19:26:52Z,40B1774344BF4E71,18.4,queries/tpch/SQLStorm/10460.sql,warmup,1,1,1,1,4.085,5693.239,18,6,25,20011412,25,436375752,1,4,lineitem;partsupp;orders;customer;supplier;nation,29612652,0,0,0,0,0,0,58.0,2210
2026-09-19T19:26:58Z,40B1774344BF4E71,18.4,queries/tpch/SQLStorm/10460.sql,measured,1,1,1,1,4.094,5717.040,18,6,25,20011412,25,436375752,1,4,lineitem;partsupp;orders;customer;supplier;nation,29612652,0,0,0,0,0,0,73.0,2256
2026-09-19T19:27:01Z,40B1774344BF4E71,18.4,queries/tpch/SQLStorm/10461.sql,warmup,1,1,1,1,0.989,374.587,7,2,7,1827091,7,17362284,0,4,lineitem;ixtest_lineitem_shipdate,105822,0,0,0,0,0,0,60.0,1975
2026-09-19T19:27:02Z,40B1774344BF4E71,18.4,queries/tpch/SQLStorm/10461.sql,measured,1,1,1,1,1.000,372.467,7,2,7,1827091,7,17362284,0,4,lineitem;ixtest_lineitem_shipdate,105822,0,0,0,0,0,0,60.0,2062
2026-09-19T19:27:05Z,40B1774344BF4E71,18.4,queries/tpch/SQLStorm/10462.sql,warmup,1,1,1,1,1.527,1173.555,9,3,1,9414609,3,191550150,0,4,lineitem;orders;ixtest_orders_orderdate,138988,0,0,0,0,0,0,59.0,2275
2026-09-19T19:27:06Z,40B1774344BF4E71,18.4,queries/tpch/SQLStorm/10462.sql,measured,1,1,1,1,1.532,1140.377,9,3,1,9414609,3,191550150,0,4,lineitem;orders;ixtest_orders_orderdate,138988,0,0,0,0,0,0,67.0,2194
2026-09-19T19:27:08Z,40B1774344BF4E71,18.4,queries/tpch/SQLStorm/10463.sql,warmup,1,1,1,1,1.581,60.979,10,3,100,83907,100,1540114,180254,3,partsupp;supplier;part,18368,0,0,0,0,0,0,58.0,663
2026-09-19T19:27:09Z,40B1774344BF4E71,18.4,queries/tpch/SQLStorm/10463.sql,measured,1,1,1,1,1.576,60.809,10,3,100,83911,100,1540186,180254,3,partsupp;supplier;part,18368,0,0,0,0,0,0,58.0,1450
2026-09-19T19:27:15Z,40B1774344BF4E71,18.4,queries/tpch/SQLStorm/10464.sql,warmup,1,1,1,1,7.452,6438.082,20,7,25,21828311,25,524366572,1,4,lineitem;partsupp;orders;customer;supplier;part;nation,32345058,0,0,0,0,0,0,58.0,2126
2026-09-19T19:27:22Z,40B1774344BF4E71,18.4,queries/tpch/SQLStorm/10464.sql,measured,1,1,1,1,7.528,6418.295,20,7,25,21828311,25,524366572,1,4,lineitem;partsupp;orders;customer;supplier;part;nation,32345058,0,0,0,0,0,0,63.0,2182
2026-09-19T19:27:26Z,40B1774344BF4E71,18.4,queries/tpch/SQLStorm/10465.sql,warmup,1,1,1,1,2.876,119.425,18,6,10,407277,10,8324050,0,3,orders;ixtest_orders_orderdate;customer;lineitem;supplier;nation,149706,0,0,0,0,0,0,59.0,925
2026-09-19T19:27:27Z,40B1774344BF4E71,18.4,queries/tpch/SQLStorm/10465.sql,measured,1,1,1,1,2.918,120.395,18,6,10,407277,10,8324050,0,3,orders;ixtest_orders_orderdate;customer;lineitem;supplier;nation,149706,0,0,0,0,0,0,59.0,2369
2026-09-19T19:27:32Z,40B1774344BF4E71,18.4,queries/tpch/SQLStorm/10466.sql,warmup,1,1,1,1,4.832,5157.566,24,7,25,44557965,25,1243260570,0,4,lineitem;orders;customer;partsupp;supplier;nation;part,143053,0,0,0,0,0,0,59.0,2238
2026-09-19T19:27:37Z,40B1774344BF4E71,18.4,queries/tpch/SQLStorm/10466.sql,measured,1,1,1,1,4.874,5171.243,24,7,25,44557965,25,1243260570,0,4,lineitem;orders;customer;partsupp;supplier;nation;part,143053,0,0,0,0,0,0,63.0,2160
2026-09-19T19:27:51Z,40B1774344BF4E71,18.4,queries/tpch/SQLStorm/10467.sql,warmup,1,1,1,1,2.772,9425.557,16,4,10,36894484,10,1866978136,0,4,lineitem;partsupp;supplier;part,120071,0,0,0,70577,124114,0,60.0,2134
2026-09-19T19:28:00Z,40B1774344BF4E71,18.4,queries/tpch/SQLStorm/10467.sql,measured,1,1,1,1,2.767,9262.612,16,4,10,36889503,10,1866335587,0,4,lineitem;partsupp;supplier;part,120072,0,0,0,70626,124025,0,71.0,2081
2026-09-19T19:28:08Z,40B1774344BF4E71,18.4,queries/tpch/SQLStorm/10468.sql,warmup,1,1,1,1,4.975,5300.822,24,8,25,22792879,25,579482788,0,4,lineitem;orders;ixtest_orders_orderdate;customer;partsupp;supplier;nation;part,143275,0,0,0,15403,15406,0,60.0,2267
2026-09-19T19:28:13Z,40B1774344BF4E71,18.4,queries/tpch/SQLStorm/10468.sql,measured,1,1,1,1,4.956,5290.878,24,8,25,22792879,25,579482788,0,4,lineitem;orders;ixtest_orders_orderdate;customer;partsupp;supplier;nation;part,143274,0,0,0,15398,15401,0,72.0,2306
2026-09-19T19:28:20Z,40B1774344BF4E71,18.4,queries/tpch/SQLStorm/10470.sql,warmup,1,1,1,1,2.812,4431.595,18,5,25,33756750,25,1098036270,0,4,lineitem;partsupp;supplier;nation;part,116499,0,0,0,0,0,0,60.0,2112
2026-09-19T19:28:25Z,40B1774344BF4E71,18.4,queries/tpch/SQLStorm/10470.sql,measured,1,1,1,1,2.799,4414.088,18,5,25,33756750,25,1098036270,0,4,lineitem;partsupp;supplier;nation;part,116499,0,0,0,0,0,0,76.0,2021
2026-09-19T19:28:30Z,40B1774344BF4E71,18.4,queries/tpch/SQLStorm/10471.sql,warmup,1,1,1,1,1.212,817.804,7,2,100,2200200,100,79015400,0,0,partsupp;part,21691,0,0,0,0,0,0,60.0,978
2026-09-19T19:28:31Z,40B1774344BF4E71,18.4,queries/tpch/SQLStorm/10471.sql,measured,1,1,1,1,1.218,797.948,7,2,100,2200200,100,79015400,0,0,partsupp;part,21691,0,0,0,0,0,0,60.0,978
2026-09-19T19:28:46Z,40B1774344BF4E71,18.4,queries/tpch/SQLStorm/10472.sql,warmup,1,1,1,1,,,,,,,,,,,,,,,,,,1,60.0,2161
2026-09-19T19:29:01Z,40B1774344BF4E71,18.4,queries/tpch/SQLStorm/10472.sql,measured,1,1,1,1,,,,,,,,,,,,,,,,,,1,77.0,2262
2026-09-19T19:29:13Z,40B1774344BF4E71,18.4,queries/tpch/SQLStorm/10473.sql,warmup,1,1,1,1,1.461,4112.315,9,2,10,14594907,10,605546814,0,4,lineitem;part,116731,0,0,0,6797,12722,0,60.0,1713
2026-09-19T19:29:18Z,40B1774344BF4E71,18.4,queries/tpch/SQLStorm/10473.sql,measured,1,1,1,1,1.446,4052.931,9,2,10,14596948,10,605744791,0,4,lineitem;part,116731,0,0,0,5489,10769,0,70.0,1763
2026-09-19T19:29:23Z,40B1774344BF4E71,18.4,queries/tpch/SQLStorm/10474.sql,warmup,1,1,1,1,1.696,2539.375,12,3,10,5271934,10,307601466,8086,3,partsupp;supplier;part,22628,0,0,0,0,0,0,59.0,1956
2026-09-19T19:29:25Z,40B1774344BF4E71,18.4,queries/tpch/SQLStorm/10474.sql,measured,1,1,1,1,1.684,2539.160,12,3,10,5271934,10,307601466,8086,3,partsupp;supplier;part,22628,0,0,0,0,0,0,70.0,1881
2026-09-19T19:29:43Z,40B1774344BF4E71,18.4,queries/tpch/SQLStorm/10476.sql,warmup,1,1,1,1,,,,,,,,,,,,,,,,,,1,59.0,1329
2026-09-19T19:29:58Z,40B1774344BF4E71,18.4,queries/tpch/SQLStorm/10476.sql,measured,1,1,1,1,,,,,,,,,,,,,,,,,,1,65.0,1170
2026-09-19T19:30:07Z,40B1774344BF4E71,18.4,queries/tpch/SQLStorm/10477.sql,warmup,1,1,1,1,1.980,6679.025,12,3,10,34995887,10,1607034667,0,4,lineitem;partsupp;part,117937,0,0,0,17248,31228,0,54.0,1821
2026-09-19T19:30:14Z,40B1774344BF4E71,18.4,queries/tpch/SQLStorm/10477.sql,measured,1,1,1,1,2.157,6692.929,12,3,10,34998007,10,1607248787,0,4,lineitem;partsupp;part,117937,0,0,0,16315,29468,0,63.0,1929
2026-09-19T19:30:31Z,40B1774344BF4E71,18.4,queries/tpch/SQLStorm/10478.sql,warmup,1,1,1,1,,,,,,,,,,,,,,,,,,1,57.0,1378
2026-09-19T19:30:46Z,40B1774344BF4E71,18.4,queries/tpch/SQLStorm/10478.sql,measured,1,1,1,1,,,,,,,,,,,,,,,,,,1,64.0,1460
2026-09-19T19:30:56Z,40B1774344BF4E71,18.4,queries/tpch/SQLStorm/10479.sql,warmup,1,1,1,1,10.685,7946.291,22,8,122305,22986723,365,668927020,1,4,lineitem;partsupp;orders;supplier;nation;region;part;customer,33259045,0,0,0,0,0,0,53.0,2100
2026-09-19T19:31:04Z,40B1774344BF4E71,18.4,queries/tpch/SQLStorm/10479.sql,measured,1,1,1,1,10.558,7911.794,22,8,122305,22986723,365,668927020,1,4,lineitem;partsupp;orders;supplier;nation;region;part;customer,33259045,0,0,0,0,0,0,66.0,2224
2026-09-19T19:31:07Z,40B1774344BF4E71,18.4,queries/tpch/SQLStorm/10481.sql,warmup,1,1,1,1,1.550,206.756,10,3,100,2856264,100,120979016,2022,3,partsupp;supplier;part,22601,0,0,0,0,0,0,58.0,1319
2026-09-19T19:31:07Z,40B1774344BF4E71,18.4,queries/tpch/SQLStorm/10481.sql,measured,1,1,1,1,1.555,219.997,10,3,100,2856272,100,120979600,2022,3,partsupp;supplier;part,22601,0,0,0,0,0,0,58.0,1844
2026-09-19T19:31:22Z,40B1774344BF4E71,18.4,queries/tpch/SQLStorm/10482.sql,warmup,1,1,1,1,,,,,,,,,,,,,,,,,,1,58.0,2098
2026-09-19T19:31:38Z,40B1774344BF4E71,18.4,queries/tpch/SQLStorm/10482.sql,measured,1,1,1,1,,,,,,,,,,,,,,,,,,1,71.0,2156
2026-09-19T19:31:50Z,40B1774344BF4E71,18.4,queries/tpch/SQLStorm/10483.sql,warmup,1,1,1,1,5.617,5687.470,19,6,10,19955201,10,435187046,1,4,lineitem;partsupp;orders;customer;supplier;nation,29564484,0,0,0,0,0,0,60.0,2192
2026-09-19T19:31:56Z,40B1774344BF4E71,18.4,queries/tpch/SQLStorm/10483.sql,measured,1,1,1,1,5.612,5698.729,19,6,10,19955201,10,435187046,1,4,lineitem;partsupp;orders;customer;supplier;nation,29564484,0,0,0,0,0,0,76.0,2165
2026-09-19T19:32:02Z,40B1774344BF4E71,18.4,queries/tpch/SQLStorm/10484.sql,warmup,1,1,1,1,2.060,1932.354,13,4,100,11629270,100,367400981,0,4,lineitem;orders;ixtest_orders_orderdate;part,143152,0,0,0,0,0,0,60.0,2027
2026-09-19T19:32:04Z,40B1774344BF4E71,18.4,queries/tpch/SQLStorm/10484.sql,measured,1,1,1,1,2.067,1926.654,13,4,100,11629270,100,367400981,0,4,lineitem;orders;ixtest_orders_orderdate;part,143152,0,0,0,0,0,0,66.0,2166
2026-09-19T19:32:12Z,40B1774344BF4E71,18.4,queries/tpch/SQLStorm/10485.sql,warmup,1,1,1,1,4.021,5702.621,18,6,25,19973093,25,435565488,1,4,lineitem;partsupp;orders;customer;supplier;nation,29579820,0,0,0,0,0,0,59.0,2129
2026-09-19T19:32:17Z,40B1774344BF4E71,18.4,queries/tpch/SQLStorm/10485.sql,measured,1,1,1,1,4.052,5693.756,18,6,25,19973093,25,435565488,1,4,lineitem;partsupp;orders;customer;supplier;nation,29579820,0,0,0,0,0,0,76.0,2129
2026-09-19T19:32:22Z,40B1774344BF4E71,18.4,queries/tpch/SQLStorm/10486.sql,warmup,1,1,1,1,2.879,120.760,18,6,10,407277,10,8324050,0,3,orders;ixtest_orders_orderdate;customer;lineitem;supplier;nation,149706,0,0,0,0,0,0,60.0,1450
2026-09-19T19:32:22Z,40B1774344BF4E71,18.4,queries/tpch/SQLStorm/10486.sql,measured,1,1,1,1,2.907,120.869,18,6,10,407277,10,8324050,0,3,orders;ixtest_orders_orderdate;customer;lineitem;supplier;nation,149706,0,0,0,0,0,0,60.0,2369
2026-09-19T19:32:37Z,40B1774344BF4E71,18.4,queries/tpch/SQLStorm/10487.sql,warmup,1,1,1,1,,,,,,,,,,,,,,,,,,1,60.0,2155
2026-09-19T19:32:53Z,40B1774344BF4E71,18.4,queries/tpch/SQLStorm/10487.sql,measured,1,1,1,1,,,,,,,,,,,,,,,,,,1,77.0,2137
2026-09-19T19:33:10Z,40B1774344BF4E71,18.4,queries/tpch/SQLStorm/10488.sql,warmup,1,1,1,1,2.765,9199.433,16,4,10,36888782,10,1866242578,0,4,lineitem;partsupp;supplier;part,120072,0,0,0,70618,124032,0,60.0,2076
2026-09-19T19:33:20Z,40B1774344BF4E71,18.4,queries/tpch/SQLStorm/10488.sql,measured,1,1,1,1,2.788,9329.009,16,4,10,36889277,10,1866306433,0,4,lineitem;partsupp;supplier;part,120072,0,0,0,70615,123896,0,72.0,1992
2026-09-19T19:33:25Z,40B1774344BF4E71,18.4,queries/tpch/SQLStorm/10489.sql,warmup,1,1,1,1,1.000,1157.097,5,2,10,2083760,10,24114384,0,0,lineitem;ixtest_lineitem_shipdate,105764,0,0,0,0,0,0,60.0,813
2026-09-19T19:33:26Z,40B1774344BF4E71,18.4,queries/tpch/SQLStorm/10489.sql,measured,1,1,1,1,0.976,1152.708,5,2,10,2083760,10,24114384,0,0,lineitem;ixtest_lineitem_shipdate,105764,0,0,0,0,0,0,68.0,1113
2026-09-19T19:33:32Z,40B1774344BF4E71,18.4,queries/tpch/SQLStorm/10490.sql,warmup,1,1,1,1,3.105,3871.545,16,5,100,14361165,100,622313067,0,3,partsupp;supplier;part;lineitem;ixtest_lineitem_shipdate,128428,0,0,0,0,0,0,58.0,1411
2026-09-19T19:33:36Z,40B1774344BF4E71,18.4,queries/tpch/SQLStorm/10490.sql,measured,1,1,1,1,3.326,3864.804,16,5,100,14361165,100,622313067,0,3,partsupp;supplier;part;lineitem;ixtest_lineitem_shipdate,128428,0,0,0,0,0,0,60.0,1542
2026-09-19T19:33:39Z,40B1774344BF4E71,18.4,queries/tpch/SQLStorm/10491.sql,warmup,1,1,1,1,1.610,2345.055,10,3,100,5010200,100,279719000,0,0,part;partsupp;supplier,54557,0,0,0,0,0,0,59.0,1100
2026-09-19T19:33:41Z,40B1774344BF4E71,18.4,queries/tpch/SQLStorm/10491.sql,measured,1,1,1,1,1.612,2331.359,10,3,100,5010200,100,279719000,0,0,part;partsupp;supplier,54557,0,0,0,0,0,0,67.0,1026
2026-09-19T19:33:43Z,40B1774344BF4E71,18.4,queries/tpch/SQLStorm/10493.sql,warmup,1,1,1,1,2.647,811.897,19,6,25,7410313,25,184298940,0,3,orders;lineitem;ixtest_lineitem_shipdate;supplier;nation;customer,133219,0,0,0,0,0,0,58.0,1765
2026-09-19T19:33:44Z,40B1774344BF4E71,18.4,queries/tpch/SQLStorm/10493.sql,measured,1,1,1,1,2.641,809.914,19,6,25,7410313,25,184298940,0,3,orders;lineitem;ixtest_lineitem_shipdate;supplier;nation;customer,133219,0,0,0,0,0,0,60.0,1660
2026-09-19T19:33:44Z,40B1774344BF4E71,18.4,queries/tpch/SQLStorm/10494.sql,warmup,1,1,1,1,4.574,132.583,18,7,0,400005,10,14800040,5,4,partsupp;region;nation;supplier;ixtest_supplier_nationkey;lineitem;part,4149,0,0,0,0,0,0,60.0,1712
2026-09-19T19:33:44Z,40B1774344BF4E71,18.4,queries/tpch/SQLStorm/10494.sql,measured,1,1,1,1,4.584,126.970,18,7,0,400005,10,14800040,5,4,partsupp;region;nation;supplier;ixtest_supplier_nationkey;lineitem;part,4148,0,0,0,0,0,0,60.0,2500
2026-09-19T19:33:46Z,40B1774344BF4E71,18.4,queries/tpch/SQLStorm/10495.sql,warmup,1,1,1,1,2.324,1722.958,16,4,10,16953100,10,436297470,0,4,lineitem;orders;customer;nation,142372,0,0,0,0,0,0,60.0,2150
2026-09-19T19:33:48Z,40B1774344BF4E71,18.4,queries/tpch/SQLStorm/10495.sql,measured,1,1,1,1,2.324,1724.272,16,4,10,16953100,10,436297470,0,4,lineitem;orders;customer;nation,142372,0,0,0,0,0,0,72.0,2159
2026-09-19T19:34:05Z,40B1774344BF4E71,18.4,queries/tpch/SQLStorm/10496.sql,warmup,1,1,1,1,,,,,,,,,,,,,,,,,,1,58.0,1733
2026-09-19T19:34:20Z,40B1774344BF4E71,18.4,queries/tpch/SQLStorm/10496.sql,measured,1,1,1,1,,,,,,,,,,,,,,,,,,1,64.0,1557
2026-09-19T19:34:23Z,40B1774344BF4E71,18.4,queries/tpch/SQLStorm/10497.sql,warmup,1,1,1,1,2.242,737.599,16,5,25,6525353,25,100912860,0,3,orders;lineitem;ixtest_lineitem_shipdate;customer;nation,135512,0,0,0,0,0,0,54.0,1450
2026-09-19T19:34:24Z,40B1774344BF4E71,18.4,queries/tpch/SQLStorm/10497.sql,measured,1,1,1,1,2.244,739.420,16,5,25,6525353,25,100912860,0,3,orders;lineitem;ixtest_lineitem_shipdate;customer;nation,135512,0,0,0,0,0,0,54.0,2185
2026-09-19T19:34:40Z,40B1774344BF4E71,18.4,queries/tpch/SQLStorm/10498.sql,warmup,1,1,1,1,5.495,13671.498,19,6,10,61612695,10,1237072470,0,4,lineitem;partsupp;orders;customer;supplier;nation,60126996,0,0,0,36314,36319,0,54.0,2139
2026-09-19T19:34:54Z,40B1774344BF4E71,18.4,queries/tpch/SQLStorm/10498.sql,measured,1,1,1,1,5.511,13777.729,19,6,10,61612695,10,1237072470,0,4,lineitem;partsupp;orders;customer;supplier;nation,60126996,0,0,0,36314,36319,0,69.0,2095
2026-09-19T19:35:00Z,40B1774344BF4E71,18.4,queries/tpch/SQLStorm/10499.sql,warmup,1,1,1,1,2.042,1485.930,13,4,10,10933826,10,315265434,0,4,lineitem;orders;ixtest_orders_orderdate;part,143117,0,0,0,0,0,0,60.0,2238
2026-09-19T19:35:02Z,40B1774344BF4E71,18.4,queries/tpch/SQLStorm/10499.sql,measured,1,1,1,1,2.045,1501.016,13,4,10,10933826,10,315265434,0,4,lineitem;orders;ixtest_orders_orderdate;part,143117,0,0,0,0,0,0,70.0,2172
2026-09-19T19:35:04Z,40B1774344BF4E71,18.4,queries/tpch/SQLStorm/10500.sql,warmup,1,1,1,1,7.548,613.742,19,8,1,1089992,1,28556744,25,2,part;nation;supplier;ixtest_supplier_nationkey;partsupp;lineitem;orders;customer,1495496,0,0,0,0,0,0,59.0,1778
2026-09-19T19:35:05Z,40B1774344BF4E71,18.4,queries/tpch/SQLStorm/10500.sql,measured,1,1,1,1,7.559,616.684,19,8,1,1089992,1,28556744,25,2,part;nation;supplier;ixtest_supplier_nationkey;partsupp;lineitem;orders;customer,1495496,0,0,0,0,0,0,59.0,1778
2026-09-19T19:35:09Z,40B1774344BF4E71,18.4,queries/tpch/SQLStorm/10501.sql,warmup,1,1,1,1,0.981,1153.566,5,2,10,2096916,10,24251048,0,0,lineitem;ixtest_lineitem_shipdate,105750,0,0,0,0,0,0,58.0,1225
2026-09-19T19:35:10Z,40B1774344BF4E71,18.4,queries/tpch/SQLStorm/10501.sql,measured,1,1,1,1,0.971,1152.393,5,2,10,2096916,10,24251048,0,0,lineitem;ixtest_lineitem_shipdate,105750,0,0,0,0,0,0,66.0,1263
2026-09-19T19:35:18Z,40B1774344BF4E71,18.4,queries/tpch/SQLStorm/10502.sql,warmup,1,1,1,1,7.709,5177.058,25,7,10,44557960,10,1243260280,0,4,lineitem;orders;customer;partsupp;supplier;nation;part,143053,0,0,0,0,0,0,56.0,2169
2026-09-19T19:35:23Z,40B1774344BF4E71,18.4,queries/tpch/SQLStorm/10502.sql,measured,1,1,1,1,7.802,5176.830,25,7,10,44557960,10,1243260280,0,4,lineitem;orders;customer;partsupp;supplier;nation;part,143052,0,0,0,0,0,0,73.0,2121
2026-09-19T19:35:27Z,40B1774344BF4E71,18.4,queries/tpch/SQLStorm/10503.sql,warmup,1,1,1,1,1.621,2121.673,10,3,100,5010200,100,286120600,0,0,part;partsupp;supplier,54557,0,0,0,0,0,0,59.0,1379
2026-09-19T19:35:29Z,40B1774344BF4E71,18.4,queries/tpch/SQLStorm/10503.sql,measured,1,1,1,1,1.618,2129.923,10,3,100,5010200,100,286120600,0,0,part;partsupp;supplier,54557,0,0,0,0,0,0,69.0,1402
2026-09-19T19:35:34Z,40B1774344BF4E71,18.4,queries/tpch/SQLStorm/10504.sql,warmup,1,1,1,1,1.596,2250.256,10,3,100,5010200,100,286120600,0,0,part;partsupp;supplier,54557,0,0,0,0,0,0,57.0,1122
2026-09-19T19:35:36Z,40B1774344BF4E71,18.4,queries/tpch/SQLStorm/10504.sql,measured,1,1,1,1,1.602,2253.014,10,3,100,5010200,100,286120600,0,0,part;partsupp;supplier,54557,0,0,0,0,0,0,63.0,1122
2026-09-19T19:35:39Z,40B1774344BF4E71,18.4,queries/tpch/SQLStorm/10505.sql,warmup,1,1,1,1,2.639,119.646,17,6,25,389714,25,7819780,886,3,orders;ixtest_orders_orderdate;customer;lineitem;supplier;nation,149706,0,0,0,0,0,0,56.0,1188
2026-09-19T19:35:39Z,40B1774344BF4E71,18.4,queries/tpch/SQLStorm/10505.sql,measured,1,1,1,1,2.701,128.102,17,6,25,389714,25,7819780,886,3,orders;ixtest_orders_orderdate;customer;lineitem;supplier;nation,149706,0,0,0,0,0,0,56.0,2237
2026-09-19T19:35:41Z,40B1774344BF4E71,18.4,queries/tpch/SQLStorm/10506.sql,warmup,1,1,1,1,4.654,1966.239,19,7,10,16011163,10,374673300,4,4,partsupp;region;nation;supplier;ixtest_supplier_nationkey;lineitem;part,5295863,0,0,0,0,0,0,56.0,1856
2026-09-19T19:35:43Z,40B1774344BF4E71,18.4,queries/tpch/SQLStorm/10506.sql,measured,1,1,1,1,4.631,1962.443,19,7,10,16011163,10,374673300,4,4,partsupp;region;nation;supplier;ixtest_supplier_nationkey;lineitem;part,5295864,0,0,0,0,0,0,67.0,1927
2026-09-19T19:35:45Z,40B1774344BF4E71,18.4,queries/tpch/SQLStorm/10508.sql,warmup,1,1,1,1,0.976,1161.697,5,2,10,2083760,10,24114384,0,0,lineitem;ixtest_lineitem_shipdate,105764,0,0,0,0,0,0,59.0,1713
2026-09-19T19:35:46Z,40B1774344BF4E71,18.4,queries/tpch/SQLStorm/10508.sql,measured,1,1,1,1,0.981,1155.213,5,2,10,2083760,10,24114384,0,0,lineitem;ixtest_lineitem_shipdate,105764,0,0,0,0,0,0,64.0,1263
2026-09-19T19:36:04Z,40B1774344BF4E71,18.4,queries/tpch/SQLStorm/10509.sql,warmup,1,1,1,1,,,,,,,,,,,,,,,,,,1,56.0,1882
2026-09-19T19:36:19Z,40B1774344BF4E71,18.4,queries/tpch/SQLStorm/10509.sql,measured,1,1,1,1,,,,,,,,,,,,,,,,,,1,66.0,1806
2026-09-19T19:36:23Z,40B1774344BF4E71,18.4,queries/tpch/SQLStorm/10510.sql,warmup,1,1,1,1,5.374,1574.554,25,8,25,13918944,25,403885196,0,3,orders;lineitem;ixtest_lineitem_shipdate;supplier;nation;part;customer;partsupp,134992,0,0,0,0,0,0,57.0,1858
2026-09-19T19:36:24Z,40B1774344BF4E71,18.4,queries/tpch/SQLStorm/10510.sql,measured,1,1,1,1,5.371,1565.516,25,8,25,13918944,25,403885196,0,3,orders;lineitem;ixtest_lineitem_shipdate;supplier;nation;part;customer;partsupp,134993,0,0,0,0,0,0,69.0,2033
2026-09-19T19:36:28Z,40B1774344BF4E71,18.4,queries/tpch/SQLStorm/10511.sql,warmup,1,1,1,1,3.879,1283.183,22,7,25,14985323,25,364561780,0,4,lineitem;orders;ixtest_orders_orderdate;partsupp;supplier;nation;part,142828,0,0,0,0,0,0,57.0,2087
2026-09-19T19:36:29Z,40B1774344BF4E71,18.4,queries/tpch/SQLStorm/10511.sql,measured,1,1,1,1,3.871,1283.051,22,7,25,14985323,25,364561780,0,4,lineitem;orders;ixtest_orders_orderdate;partsupp;supplier;nation;part,142829,0,0,0,0,0,0,71.0,2125
2026-09-19T19:36:33Z,40B1774344BF4E71,18.4,queries/tpch/SQLStorm/10513.sql,warmup,1,1,1,1,4.991,1319.577,20,7,10,3561236,10,86419806,29,4,partsupp;region;nation;supplier;ixtest_supplier_nationkey;lineitem;part,5295923,0,0,0,0,0,0,58.0,1825
2026-09-19T19:36:34Z,40B1774344BF4E71,18.4,queries/tpch/SQLStorm/10513.sql,measured,1,1,1,1,5.034,1313.336,20,7,10,3561269,10,86422974,29,4,partsupp;region;nation;supplier;ixtest_supplier_nationkey;lineitem;part,5295924,0,0,0,0,0,0,69.0,2237
2026-09-19T19:36:42Z,40B1774344BF4E71,18.4,queries/tpch/SQLStorm/10514.sql,warmup,1,1,1,1,5.643,5697.030,19,6,10,19973088,10,435565198,1,4,lineitem;partsupp;orders;customer;supplier;nation,29579820,0,0,0,0,0,0,57.0,2238
2026-09-19T19:36:48Z,40B1774344BF4E71,18.4,queries/tpch/SQLStorm/10514.sql,measured,1,1,1,1,5.618,5675.483,19,6,10,19973088,10,435565198,1,4,lineitem;partsupp;orders;customer;supplier;nation,29579820,0,0,0,0,0,0,72.0,2210
2026-09-19T19:36:51Z,40B1774344BF4E71,18.4,queries/tpch/SQLStorm/10515.sql,warmup,1,1,1,1,3.886,1288.585,22,7,25,15007427,25,365225120,0,4,lineitem;orders;ixtest_orders_orderdate;partsupp;supplier;nation;part,142826,0,0,0,0,0,0,60.0,2125
2026-09-19T19:36:53Z,40B1774344BF4E71,18.4,queries/tpch/SQLStorm/10515.sql,measured,1,1,1,1,4.546,1289.543,22,7,25,15007427,25,365225120,0,4,lineitem;orders;ixtest_orders_orderdate;partsupp;supplier;nation;part,142828,0,0,0,0,0,0,75.0,2425
2026-09-19T19:36:55Z,40B1774344BF4E71,18.4,queries/tpch/SQLStorm/10516.sql,warmup,1,1,1,1,2.472,459.408,15,5,10,965306,10,30374974,4,0,part;supplier;nation;region;partsupp,169277,0,0,0,0,0,0,59.0,1100
2026-09-19T19:36:56Z,40B1774344BF4E71,18.4,queries/tpch/SQLStorm/10516.sql,measured,1,1,1,1,2.473,463.601,15,5,10,965306,10,30374974,4,0,part;supplier;nation;region;partsupp,169277,0,0,0,0,0,0,59.0,1188
2026-09-19T19:36:59Z,40B1774344BF4E71,18.4,queries/tpch/SQLStorm/10517.sql,warmup,1,1,1,1,1.612,1233.923,15,4,10,3320385,10,174419940,0,3,partsupp;supplier;nation;region,18505,0,0,0,0,0,0,58.0,2050
2026-09-19T19:37:01Z,40B1774344BF4E71,18.4,queries/tpch/SQLStorm/10517.sql,measured,1,1,1,1,1.616,1251.658,15,4,10,3320385,10,174419940,0,3,partsupp;supplier;nation;region,18505,0,0,0,0,0,0,68.0,2050
2026-09-19T19:37:04Z,40B1774344BF4E71,18.4,queries/tpch/SQLStorm/10519.sql,warmup,1,1,1,1,2.956,697.131,20,6,10,9175467,10,177293640,0,4,lineitem;orders;ixtest_orders_orderdate;customer;supplier;nation,140495,0,0,0,0,0,0,57.0,1975
2026-09-19T19:37:04Z,40B1774344BF4E71,18.4,queries/tpch/SQLStorm/10519.sql,measured,1,1,1,1,2.944,698.737,20,6,10,9175467,10,177293640,0,4,lineitem;orders;ixtest_orders_orderdate;customer;supplier;nation,140493,0,0,0,0,0,0,57.0,2041
2026-09-19T19:37:10Z,40B1774344BF4E71,18.4,queries/tpch/SQLStorm/10520.sql,warmup,1,1,1,1,10.126,3633.925,23,9,25,14360005,125,490394930,0,4,lineitem;ixtest_lineitem_shipdate;partsupp;supplier;nation;region;orders;customer;part,11956290,0,0,0,0,0,0,57.0,2196
2026-09-19T19:37:14Z,40B1774344BF4E71,18.4,queries/tpch/SQLStorm/10520.sql,measured,1,1,1,1,10.076,3624.838,23,9,25,14360005,125,490394930,0,4,lineitem;ixtest_lineitem_shipdate;partsupp;supplier;nation;region;orders;customer;part,11956290,0,0,0,0,0,0,71.0,2072
2026-09-19T19:37:17Z,40B1774344BF4E71,18.4,queries/tpch/SQLStorm/10521.sql,warmup,1,1,1,1,1.610,613.622,9,3,485,5144116,2406,55880676,0,3,orders;lineitem;ixtest_lineitem_shipdate,131711,0,0,0,0,0,0,58.0,1384
2026-09-19T19:37:18Z,40B1774344BF4E71,18.4,queries/tpch/SQLStorm/10521.sql,measured,1,1,1,1,1.595,611.994,9,3,485,5144116,2406,55880676,0,3,orders;lineitem;ixtest_lineitem_shipdate,131711,0,0,0,0,0,0,58.0,1909
2026-09-19T19:37:21Z,40B1774344BF4E71,18.4,queries/tpch/SQLStorm/10522.sql,warmup,1,1,1,1,2.025,870.711,12,4,10,9150714,10,204772264,0,4,lineitem;orders;ixtest_orders_orderdate;part,142983,0,0,0,0,0,0,57.0,1818
2026-09-19T19:37:22Z,40B1774344BF4E71,18.4,queries/tpch/SQLStorm/10522.sql,measured,1,1,1,1,2.041,869.320,12,4,10,9150714,10,204772264,0,4,lineitem;orders;ixtest_orders_orderdate;part,142983,0,0,0,0,0,0,59.0,2185
2026-09-19T19:37:25Z,40B1774344BF4E71,18.4,queries/tpch/SQLStorm/10523.sql,warmup,1,1,1,1,6.609,3349.998,23,8,10,16692796,10,577805105,4,3,orders;lineitem;region;nation;supplier;ixtest_supplier_nationkey;part;customer,147175,0,0,0,0,0,0,60.0,2208
2026-09-19T19:37:29Z,40B1774344BF4E71,18.4,queries/tpch/SQLStorm/10523.sql,measured,1,1,1,1,6.749,3360.239,23,8,10,16692796,10,577805105,4,3,orders;lineitem;region;nation;supplier;ixtest_supplier_nationkey;part;customer,147175,0,0,0,0,0,0,69.0,2179
2026-09-19T19:37:46Z,40B1774344BF4E71,18.4,queries/tpch/SQLStorm/10524.sql,warmup,1,1,1,1,,,,,,,,,,,,,,,,,,1,57.0,1236
2026-09-19T19:38:02Z,40B1774344BF4E71,18.4,queries/tpch/SQLStorm/10524.sql,measured,1,1,1,1,,,,,,,,,,,,,,,,,,1,63.0,1509
2026-09-19T19:38:07Z,40B1774344BF4E71,18.4,queries/tpch/SQLStorm/10525.sql,warmup,1,1,1,1,4.491,2813.121,19,6,10,16312019,10,554836231,0,4,lineitem;orders;ixtest_orders_orderdate;partsupp;supplier;part,145408,0,0,0,1370,2482,0,53.0,1660
2026-09-19T19:38:10Z,40B1774344BF4E71,18.4,queries/tpch/SQLStorm/10525.sql,measured,1,1,1,1,4.532,2759.520,19,6,10,16310698,10,554702810,0,4,lineitem;orders;ixtest_orders_orderdate;partsupp;supplier;part,145408,0,0,0,1455,2568,0,55.0,1712
2026-09-19T19:38:10Z,40B1774344BF4E71,18.4,queries/tpch/SQLStorm/10526.sql,warmup,1,1,1,1,1.010,145.616,7,2,7,150323,7,1732417,0,4,lineitem;ixtest_lineitem_shipdate,41224,0,0,0,0,0,0,56.0,1975
2026-09-19T19:38:11Z,40B1774344BF4E71,18.4,queries/tpch/SQLStorm/10526.sql,measured,1,1,1,1,0.996,146.850,7,2,7,150323,7,1732417,0,4,lineitem;ixtest_lineitem_shipdate,41224,0,0,0,0,0,0,56.0,1975
2026-09-19T19:38:13Z,40B1774344BF4E71,18.4,queries/tpch/SQLStorm/10527.sql,warmup,1,1,1,1,4.589,2122.649,19,7,10,16011163,10,457298976,4,4,partsupp;region;nation;supplier;ixtest_supplier_nationkey;lineitem;part,5295864,0,0,0,0,0,0,56.0,2309
2026-09-19T19:38:15Z,40B1774344BF4E71,18.4,queries/tpch/SQLStorm/10527.sql,measured,1,1,1,1,4.619,2125.112,19,7,10,16011163,10,457298976,4,4,partsupp;region;nation;supplier;ixtest_supplier_nationkey;lineitem;part,5295864,0,0,0,0,0,0,65.0,2128
2026-09-19T19:38:21Z,40B1774344BF4E71,18.4,queries/tpch/SQLStorm/10528.sql,warmup,1,1,1,1,5.221,3658.379,19,7,10,12579833,10,279978742,0,4,lineitem;ixtest_lineitem_shipdate;partsupp;orders;customer;nation;supplier,9257696,0,0,0,0,0,0,56.0,1837
2026-09-19T19:38:25Z,40B1774344BF4E71,18.4,queries/tpch/SQLStorm/10528.sql,measured,1,1,1,1,5.258,3616.025,19,7,10,12579833,10,279978742,0,4,lineitem;ixtest_lineitem_shipdate;partsupp;orders;customer;nation;supplier,9257695,0,0,0,0,0,0,63.0,1740
2026-09-19T19:38:28Z,40B1774344BF4E71,18.4,queries/tpch/SQLStorm/10529.sql,warmup,1,1,1,1,0.955,397.630,6,2,4,1829987,6,14641664,0,4,lineitem;ixtest_lineitem_shipdate,105855,0,0,0,0,0,0,56.0,1712
2026-09-19T19:38:28Z,40B1774344BF4E71,18.4,queries/tpch/SQLStorm/10529.sql,measured,1,1,1,1,0.955,399.258,6,2,4,1829987,6,14641664,0,4,lineitem;ixtest_lineitem_shipdate,105855,0,0,0,0,0,0,56.0,1625
2026-09-19T19:38:38Z,40B1774344BF4E71,18.4,queries/tpch/SQLStorm/1053.sql,warmup,1,1,1,1,2.799,7544.213,29,10,1250000,12857409,499950000000,692516215,0,3,c;orders;customer;p;lineitem;ixtest_lineitem_shipdate;part;ss;partsupp;supplier,158134,0,0,0,10825,10826,0,55.0,1188
2026-09-19T19:38:46Z,40B1774344BF4E71,18.4,queries/tpch/SQLStorm/1053.sql,measured,1,1,1,1,2.814,7538.607,29,10,1250000,12857396,499950000000,692515305,0,3,c;orders;customer;p;lineitem;ixtest_lineitem_shipdate;part;ss;partsupp;supplier,158134,0,0,0,10825,10826,0,62.0,1544
2026-09-19T19:39:00Z,40B1774344BF4E71,18.4,queries/tpch/SQLStorm/10530.sql,warmup,1,1,1,1,5.478,13756.049,19,6,10,61612695,10,1237072470,0,4,lineitem;partsupp;orders;customer;supplier;nation,60126996,0,0,0,36315,36320,0,59.0,2135
2026-09-19T19:39:13Z,40B1774344BF4E71,18.4,queries/tpch/SQLStorm/10530.sql,measured,1,1,1,1,5.474,13666.390,19,6,10,61612695,10,1237072470,0,4,lineitem;partsupp;orders;customer;supplier;nation,60126996,0,0,0,36314,36319,0,70.0,2165
2026-09-19T19:39:26Z,40B1774344BF4E71,18.4,queries/tpch/SQLStorm/10531.sql,warmup,1,1,1,1,23.493,8936.526,23,8,10,23224975,10,958963775,1,4,lineitem;partsupp;orders;supplier;nation;region;part;customer,33219957,0,0,0,0,0,0,59.0,2173
2026-09-19T19:39:36Z,40B1774344BF4E71,18.4,queries/tpch/SQLStorm/10531.sql,measured,1,1,1,1,23.647,8979.737,23,8,10,23224975,10,958963775,1,4,lineitem;partsupp;orders;supplier;nation;region;part;customer,33219957,0,0,0,0,0,0,68.0,2141
2026-09-19T19:39:40Z,40B1774344BF4E71,18.4,queries/tpch/SQLStorm/10532.sql,warmup,1,1,1,1,2.356,1724.072,16,4,10,16953100,10,436297470,0,4,lineitem;orders;customer;nation,142372,0,0,0,0,0,0,59.0,2033
2026-09-19T19:39:42Z,40B1774344BF4E71,18.4,queries/tpch/SQLStorm/10532.sql,measured,1,1,1,1,2.318,1723.382,16,4,10,16953100,10,436297470,0,4,lineitem;orders;customer;nation,142372,0,0,0,0,0,0,72.0,2264
2026-09-19T19:39:45Z,40B1774344BF4E71,18.4,queries/tpch/SQLStorm/10533.sql,warmup,1,1,1,1,3.431,1516.245,18,7,116784,4457143,200000,134206382,29,4,partsupp;nation;region;supplier;ixtest_supplier_nationkey;lineitem;part,5295864,0,0,0,0,0,0,59.0,1909
2026-09-19T19:39:47Z,40B1774344BF4E71,18.4,queries/tpch/SQLStorm/10533.sql,measured,1,1,1,1,3.466,1517.474,18,7,116784,4457143,200000,134206382,29,4,partsupp;nation;region;supplier;ixtest_supplier_nationkey;lineitem;part,5295864,0,0,0,0,0,0,72.0,2139
2026-09-19T19:39:49Z,40B1774344BF4E71,18.4,queries/tpch/SQLStorm/10534.sql,warmup,1,1,1,1,4.428,84.922,14,5,1000,72882,1000,2683957,0,0,orders;lineitem;part;partsupp;supplier,40179,0,0,0,0,0,0,59.0,2501
2026-09-19T19:39:49Z,40B1774344BF4E71,18.4,queries/tpch/SQLStorm/10534.sql,measured,1,1,1,1,4.407,84.928,14,5,1000,72882,1000,2683957,0,0,orders;lineitem;part;partsupp;supplier,40179,0,0,0,0,0,0,59.0,1713
2026-09-19T19:39:51Z,40B1774344BF4E71,18.4,queries/tpch/SQLStorm/10536.sql,warmup,1,1,1,1,1.640,2127.906,10,3,100,5010200,100,286120600,0,0,part;partsupp;supplier,54557,0,0,0,0,0,0,59.0,1355
2026-09-19T19:39:54Z,40B1774344BF4E71,18.4,queries/tpch/SQLStorm/10536.sql,measured,1,1,1,1,1.626,2135.626,10,3,100,5010200,100,286120600,0,0,part;partsupp;supplier,54557,0,0,0,0,0,0,64.0,1538
2026-09-19T19:39:54Z,40B1774344BF4E71,18.4,queries/tpch/SQLStorm/10538.sql,warmup,1,1,1,1,0.830,114.263,4,1,1,914971,1,10979872,0,4,lineitem,11207,0,0,0,0,0,0,58.0,925
2026-09-19T19:39:54Z,40B1774344BF4E71,18.4,queries/tpch/SQLStorm/10538.sql,measured,1,1,1,1,0.826,115.201,4,1,1,914971,1,10979872,0,4,lineitem,11199,0,0,0,0,0,0,58.0,2238
2026-09-19T19:39:57Z,40B1774344BF4E71,18.4,queries/tpch/SQLStorm/10539.sql,warmup,1,1,1,1,4.795,2322.060,19,7,10,16011163,10,452334772,4,4,partsupp;region;nation;supplier;ixtest_supplier_nationkey;lineitem;part,5295864,0,0,0,0,0,0,58.0,2106
2026-09-19T19:39:59Z,40B1774344BF4E71,18.4,queries/tpch/SQLStorm/10539.sql,measured,1,1,1,1,4.814,2319.510,19,7,10,16011163,10,452334772,4,4,partsupp;region;nation;supplier;ixtest_supplier_nationkey;lineitem;part,5295864,0,0,0,0,0,0,70.0,2136
2026-09-19T19:40:04Z,40B1774344BF4E71,18.4,queries/tpch/SQLStorm/1054.sql,warmup,1,1,1,1,2.053,2843.367,22,7,99996,5659922,55550000,179994404,10000,3,cs;orders;customer;ts;spi;partsupp;supplier,48194,0,0,0,0,0,0,58.0,1537
2026-09-19T19:40:07Z,40B1774344BF4E71,18.4,queries/tpch/SQLStorm/1054.sql,measured,1,1,1,1,2.053,2841.843,22,7,99996,5659976,55550000,179998184,10000,3,cs;orders;customer;ts;spi;partsupp;supplier,48194,0,0,0,0,0,0,59.0,1660
2026-09-19T19:40:13Z,40B1774344BF4E71,18.4,queries/tpch/SQLStorm/10541.sql,warmup,1,1,1,1,5.638,5699.850,19,6,10,19973088,10,435565198,1,4,lineitem;partsupp;orders;customer;supplier;nation,29579820,0,0,0,0,0,0,59.0,2183
2026-09-19T19:40:19Z,40B1774344BF4E71,18.4,queries/tpch/SQLStorm/10541.sql,measured,1,1,1,1,5.645,5691.542,19,6,10,19973088,10,435565198,1,4,lineitem;partsupp;orders;customer;supplier;nation,29579820,0,0,0,0,0,0,72.0,2265
2026-09-19T19:40:23Z,40B1774344BF4E71,18.4,queries/tpch/SQLStorm/10542.sql,warmup,1,1,1,1,0.972,1156.570,5,2,100,2083940,100,24120864,0,0,lineitem;ixtest_lineitem_shipdate,105764,0,0,0,0,0,0,60.0,1150
2026-09-19T19:40:24Z,40B1774344BF4E71,18.4,queries/tpch/SQLStorm/10542.sql,measured,1,1,1,1,0.960,1153.310,5,2,100,2083940,100,24120864,0,0,lineitem;ixtest_lineitem_shipdate,105764,0,0,0,0,0,0,67.0,1113
2026-09-19T19:40:31Z,40B1774344BF4E71,18.4,queries/tpch/SQLStorm/10543.sql,warmup,1,1,1,1,3.423,4553.719,19,5,10,33756745,10,1098035980,0,4,lineitem;partsupp;supplier;nation;part,116499,0,0,0,0,0,0,58.0,2139
2026-09-19T19:40:36Z,40B1774344BF4E71,18.4,queries/tpch/SQLStorm/10543.sql,measured,1,1,1,1,3.421,4556.155,19,5,10,33756745,10,1098035980,0,4,lineitem;partsupp;supplier;nation;part,116498,0,0,0,0,0,0,75.0,2161
2026-09-19T19:40:40Z,40B1774344BF4E71,18.4,queries/tpch/SQLStorm/10544.sql,warmup,1,1,1,1,2.498,1759.310,18,6,25,10112662,125,328238818,0,4,lineitem;orders;ixtest_orders_orderdate;customer;nation;region,142598,0,0,0,0,0,0,60.0,2133
2026-09-19T19:40:42Z,40B1774344BF4E71,18.4,queries/tpch/SQLStorm/10544.sql,measured,1,1,1,1,2.474,1750.752,18,6,25,10112662,125,328238818,0,4,lineitem;orders;ixtest_orders_orderdate;customer;nation;region,142599,0,0,0,0,0,0,61.0,2316
2026-09-19T19:40:50Z,40B1774344BF4E71,18.4,queries/tpch/SQLStorm/10545.sql,warmup,1,1,1,1,6.203,5899.201,21,6,10,46696964,10,1514940226,0,4,lineitem;orders;customer;partsupp;supplier;part,145632,0,0,0,0,0,0,58.0,1940
2026-09-19T19:40:56Z,40B1774344BF4E71,18.4,queries/tpch/SQLStorm/10545.sql,measured,1,1,1,1,6.179,5920.091,21,6,10,46696913,10,1514936707,0,4,lineitem;orders;customer;partsupp;supplier;part,145633,0,0,0,0,0,0,62.0,2106
2026-09-19T19:40:59Z,40B1774344BF4E71,18.4,queries/tpch/SQLStorm/10546.sql,warmup,1,1,1,1,3.362,1310.586,22,7,25,9231767,125,403323690,0,4,lineitem;ixtest_lineitem_shipdate;partsupp;supplier;nation;region;part,109696,0,0,0,0,0,0,59.0,1787
2026-09-19T19:41:01Z,40B1774344BF4E71,18.4,queries/tpch/SQLStorm/10546.sql,measured,1,1,1,1,3.354,1315.477,22,7,25,9231767,125,403323690,0,4,lineitem;ixtest_lineitem_shipdate;partsupp;supplier;nation;region;part,109696,0,0,0,0,0,0,72.0,2205
2026-09-19T19:41:04Z,40B1774344BF4E71,18.4,queries/tpch/SQLStorm/10547.sql,warmup,1,1,1,1,2.514,683.064,19,6,25,8282056,125,200101250,0,4,lineitem;orders;ixtest_orders_orderdate;customer;nation;region,142568,0,0,0,0,0,0,59.0,1975
2026-09-19T19:41:04Z,40B1774344BF4E71,18.4,queries/tpch/SQLStorm/10547.sql,measured,1,1,1,1,2.525,690.438,19,6,25,8282056,125,200101250,0,4,lineitem;orders;ixtest_orders_orderdate;customer;nation;region,142568,0,0,0,0,0,0,59.0,2172
2026-09-19T19:41:08Z,40B1774344BF4E71,18.4,queries/tpch/SQLStorm/10548.sql,warmup,1,1,1,1,3.467,1519.140,18,7,116784,4457143,200000,134206382,29,4,partsupp;nation;region;supplier;ixtest_supplier_nationkey;lineitem;part,5295864,0,0,0,0,0,0,58.0,1975
2026-09-19T19:41:10Z,40B1774344BF4E71,18.4,queries/tpch/SQLStorm/10548.sql,measured,1,1,1,1,3.479,1520.604,18,7,116784,4457143,200000,134206382,29,4,partsupp;nation;region;supplier;ixtest_supplier_nationkey;lineitem;part,5295863,0,0,0,0,0,0,71.0,2208
2026-09-19T19:41:14Z,40B1774344BF4E71,18.4,queries/tpch/SQLStorm/10549.sql,warmup,1,1,1,1,4.940,1488.066,18,7,10,4347658,10,126436377,29,4,partsupp;region;nation;supplier;ixtest_supplier_nationkey;lineitem;part,5295864,0,0,0,0,0,0,58.0,1975
2026-09-19T19:41:15Z,40B1774344BF4E71,18.4,queries/tpch/SQLStorm/10549.sql,measured,1,1,1,1,4.925,1492.242,18,7,10,4347658,10,126436377,29,4,partsupp;region;nation;supplier;ixtest_supplier_nationkey;lineitem;part,5295863,0,0,0,0,0,0,70.0,2139
2026-09-19T19:41:18Z,40B1774344BF4E71,18.4,queries/tpch/SQLStorm/10550.sql,warmup,1,1,1,1,2.584,468.536,15,5,10,965306,10,35449324,4,0,part;supplier;nation;region;partsupp,169277,0,0,0,0,0,0,58.0,1187
2026-09-19T19:41:18Z,40B1774344BF4E71,18.4,queries/tpch/SQLStorm/10550.sql,measured,1,1,1,1,2.578,461.426,15,5,10,965306,10,35449324,4,0,part;supplier;nation;region;partsupp,169277,0,0,0,0,0,0,58.0,1363
2026-09-19T19:41:23Z,40B1774344BF4E71,18.4,queries/tpch/SQLStorm/10551.sql,warmup,1,1,1,1,4.506,2745.455,19,6,10,16311409,10,554774621,0,4,lineitem;orders;ixtest_orders_orderdate;partsupp;supplier;part,145409,0,0,0,1455,2570,0,56.0,1656
2026-09-19T19:41:26Z,40B1774344BF4E71,18.4,queries/tpch/SQLStorm/10551.sql,measured,1,1,1,1,4.492,2796.310,19,6,10,16310509,10,554683721,0,4,lineitem;orders;ixtest_orders_orderdate;partsupp;supplier;part,145407,0,0,0,1370,2485,0,64.0,1695
2026-09-19T19:41:29Z,40B1774344BF4E71,18.4,queries/tpch/SQLStorm/10553.sql,warmup,1,1,1,1,1.029,401.784,7,2,7,1830042,7,21050149,0,4,lineitem;ixtest_lineitem_shipdate,105858,0,0,0,0,0,0,56.0,2063
2026-09-19T19:41:30Z,40B1774344BF4E71,18.4,queries/tpch/SQLStorm/10553.sql,measured,1,1,1,1,1.013,397.284,7,2,7,1830042,7,21050149,0,4,lineitem;ixtest_lineitem_shipdate,105858,0,0,0,0,0,0,56.0,1975
2026-09-19T19:41:34Z,40B1774344BF4E71,18.4,queries/tpch/SQLStorm/10554.sql,warmup,1,1,1,1,1.658,2327.084,10,3,100,5010200,100,286120600,0,0,part;partsupp;supplier,54557,0,0,0,0,0,0,55.0,1297
2026-09-19T19:41:36Z,40B1774344BF4E71,18.4,queries/tpch/SQLStorm/10554.sql,measured,1,1,1,1,1.660,2320.434,10,3,100,5010200,100,286120600,0,0,part;partsupp;supplier,54557,0,0,0,0,0,0,65.0,1209
2026-09-19T19:41:40Z,40B1774344BF4E71,18.4,queries/tpch/SQLStorm/10555.sql,warmup,1,1,1,1,1.122,1940.336,5,1,4,6001279,6,150045479,0,4,lineitem,112628,0,0,0,0,0,0,55.0,2159
2026-09-19T19:41:43Z,40B1774344BF4E71,18.4,queries/tpch/SQLStorm/10555.sql,measured,1,1,1,1,1.119,1937.712,5,1,4,6001279,6,150045479,0,4,lineitem,112628,0,0,0,0,0,0,64.0,2094
2026-09-19T19:41:47Z,40B1774344BF4E71,18.4,queries/tpch/SQLStorm/10556.sql,warmup,1,1,1,1,2.577,1980.671,18,5,25,22954320,25,628753650,0,4,lineitem;supplier;nation;orders;customer,140304,0,0,0,0,0,0,56.0,1903
2026-09-19T19:41:49Z,40B1774344BF4E71,18.4,queries/tpch/SQLStorm/10556.sql,measured,1,1,1,1,2.616,1984.149,18,5,25,22954320,25,628753650,0,4,lineitem;supplier;nation;orders;customer,140304,0,0,0,0,0,0,70.0,2047
2026-09-19T19:41:51Z,40B1774344BF4E71,18.4,queries/tpch/SQLStorm/10557.sql,warmup,1,1,1,1,2.526,126.077,18,6,25,625474,25,8846508,0,3,orders;ixtest_orders_orderdate;lineitem;customer;nation;region,94908,0,0,0,0,0,0,56.0,653
2026-09-19T19:41:52Z,40B1774344BF4E71,18.4,queries/tpch/SQLStorm/10557.sql,measured,1,1,1,1,2.537,125.405,18,6,25,625474,25,8846508,0,3,orders;ixtest_orders_orderdate;lineitem;customer;nation;region,94908,0,0,0,0,0,0,56.0,2106
2026-09-19T19:41:52Z,40B1774344BF4E71,18.4,queries/tpch/SQLStorm/10558.sql,warmup,1,1,1,1,2.858,331.631,18,6,25,1715218,25,28724696,0,4,lineitem;ixtest_lineitem_shipdate;part;partsupp;supplier;nation,277014,0,0,0,0,0,0,56.0,2238
2026-09-19T19:41:53Z,40B1774344BF4E71,18.4,queries/tpch/SQLStorm/10558.sql,measured,1,1,1,1,2.872,342.639,18,6,25,1715218,25,28724696,0,4,lineitem;ixtest_lineitem_shipdate;part;partsupp;supplier;nation,277014,0,0,0,0,0,0,63.0,2325
2026-09-19T19:41:56Z,40B1774344BF4E71,18.4,queries/tpch/SQLStorm/10559.sql,warmup,1,1,1,1,0.968,1160.159,5,2,10,2093813,10,24221996,0,0,lineitem;ixtest_lineitem_shipdate,105714,0,0,0,0,0,0,56.0,925
2026-09-19T19:41:58Z,40B1774344BF4E71,18.4,queries/tpch/SQLStorm/10559.sql,measured,1,1,1,1,0.968,1158.483,5,2,10,2093813,10,24221996,0,0,lineitem;ixtest_lineitem_shipdate,105714,0,0,0,0,0,0,63.0,963
2026-09-19T19:41:59Z,40B1774344BF4E71,18.4,queries/tpch/SQLStorm/10560.sql,warmup,1,1,1,1,1.572,1115.488,10,3,10,9657556,10,163659420,0,4,lineitem;orders;ixtest_orders_orderdate,138991,0,0,0,0,0,0,60.0,2019
2026-09-19T19:42:00Z,40B1774344BF4E71,18.4,queries/tpch/SQLStorm/10560.sql,measured,1,1,1,1,1.580,1109.380,10,3,10,9657556,10,163659420,0,4,lineitem;orders;ixtest_orders_orderdate,138991,0,0,0,0,0,0,60.0,2200
2026-09-19T19:42:05Z,40B1774344BF4E71,18.4,queries/tpch/SQLStorm/10561.sql,warmup,1,1,1,1,1.652,2663.452,12,3,100,5280200,100,308419800,0,3,partsupp;supplier;part,22628,0,0,0,0,0,0,55.0,1769
2026-09-19T19:42:08Z,40B1774344BF4E71,18.4,queries/tpch/SQLStorm/10561.sql,measured,1,1,1,1,1.667,2667.227,12,3,100,5280200,100,308419800,0,3,partsupp;supplier;part,22628,0,0,0,0,0,0,65.0,1825
2026-09-19T19:42:12Z,40B1774344BF4E71,18.4,queries/tpch/SQLStorm/10562.sql,warmup,1,1,1,1,4.617,1482.846,18,7,10,4355126,10,120406015,29,4,partsupp;region;nation;supplier;ixtest_supplier_nationkey;lineitem;part,5295863,0,0,0,0,0,0,55.0,1975
2026-09-19T19:42:13Z,40B1774344BF4E71,18.4,queries/tpch/SQLStorm/10562.sql,measured,1,1,1,1,4.599,1477.889,18,7,10,4355126,10,120406015,29,4,partsupp;region;nation;supplier;ixtest_supplier_nationkey;lineitem;part,5295863,0,0,0,0,0,0,67.0,2172
2026-09-19T19:42:22Z,40B1774344BF4E71,18.4,queries/tpch/SQLStorm/10563.sql,warmup,1,1,1,1,4.857,6163.470,20,7,25,20862594,125,587639858,1,4,lineitem;partsupp;orders;supplier;nation;region;customer,29564489,0,0,0,0,0,0,55.0,2123
2026-09-19T19:42:28Z,40B1774344BF4E71,18.4,queries/tpch/SQLStorm/10563.sql,measured,1,1,1,1,4.903,6129.287,20,7,25,20862594,125,587639858,1,4,lineitem;partsupp;orders;supplier;nation;region;customer,29564489,0,0,0,0,0,0,68.0,2170
2026-09-19T19:42:31Z,40B1774344BF4E71,18.4,queries/tpch/SQLStorm/10564.sql,warmup,1,1,1,1,2.380,754.244,17,5,10,6512968,10,100699634,0,3,orders;lineitem;ixtest_lineitem_shipdate;customer;nation,135456,0,0,0,0,0,0,58.0,1607
2026-09-19T19:42:32Z,40B1774344BF4E71,18.4,queries/tpch/SQLStorm/10564.sql,measured,1,1,1,1,2.394,755.118,17,5,10,6512968,10,100699634,0,3,orders;lineitem;ixtest_lineitem_shipdate;customer;nation,135456,0,0,0,0,0,0,60.0,1607
2026-09-19T19:42:39Z,40B1774344BF4E71,18.4,queries/tpch/SQLStorm/10565.sql,warmup,1,1,1,1,4.237,6650.642,19,5,10,28663881,10,1276524974,154117,4,lineitem;orders;partsupp;supplier;part,146208,0,0,0,27236,48420,0,60.0,2106
2026-09-19T19:42:46Z,40B1774344BF4E71,18.4,queries/tpch/SQLStorm/10565.sql,measured,1,1,1,1,4.290,6632.149,19,5,10,28663268,10,1276445897,154117,4,lineitem;orders;partsupp;supplier;part,146208,0,0,0,27226,48434,0,70.0,2014
2026-09-19T19:43:03Z,40B1774344BF4E71,18.4,queries/tpch/SQLStorm/10566.sql,warmup,1,1,1,1,,,,,,,,,,,,,,,,,,1,58.0,1474
2026-09-19T19:43:18Z,40B1774344BF4E71,18.4,queries/tpch/SQLStorm/10566.sql,measured,1,1,1,1,,,,,,,,,,,,,,,,,,1,64.0,1460
2026-09-19T19:43:22Z,40B1774344BF4E71,18.4,queries/tpch/SQLStorm/10567.sql,warmup,1,1,1,1,1.629,1317.562,10,3,100,4410200,100,164457000,0,0,part;partsupp;supplier,44555,0,0,0,0,0,0,54.0,1038
2026-09-19T19:43:23Z,40B1774344BF4E71,18.4,queries/tpch/SQLStorm/10567.sql,measured,1,1,1,1,1.622,1308.834,10,3,100,4410200,100,164457000,0,0,part;partsupp;supplier,44555,0,0,0,0,0,0,62.0,1352
2026-09-19T19:43:24Z,40B1774344BF4E71,18.4,queries/tpch/SQLStorm/10568.sql,warmup,1,1,1,1,2.648,810.427,19,6,25,7410313,25,184298940,0,3,orders;lineitem;ixtest_lineitem_shipdate;supplier;nation;customer,133219,0,0,0,0,0,0,54.0,1450
2026-09-19T19:43:25Z,40B1774344BF4E71,18.4,queries/tpch/SQLStorm/10568.sql,measured,1,1,1,1,2.646,808.380,19,6,25,7410313,25,184298940,0,3,orders;lineitem;ixtest_lineitem_shipdate;supplier;nation;customer,133219,0,0,0,0,0,0,57.0,1765
2026-09-19T19:43:26Z,40B1774344BF4E71,18.4,queries/tpch/SQLStorm/10569.sql,warmup,1,1,1,1,2.962,697.028,20,6,10,9197366,10,177750620,0,4,lineitem;orders;ixtest_orders_orderdate;customer;supplier;nation,140490,0,0,0,0,0,0,57.0,1909
2026-09-19T19:43:27Z,40B1774344BF4E71,18.4,queries/tpch/SQLStorm/10569.sql,measured,1,1,1,1,2.950,698.285,20,6,10,9197366,10,177750620,0,4,lineitem;orders;ixtest_orders_orderdate;customer;supplier;nation,140490,0,0,0,0,0,0,57.0,2106
2026-09-19T19:43:31Z,40B1774344BF4E71,18.4,queries/tpch/SQLStorm/10570.sql,warmup,1,1,1,1,9.168,1997.818,19,7,10,7450002,10,128030552,1,4,lineitem;ixtest_lineitem_shipdate;partsupp;orders;customer;supplier;part,8351642,0,0,0,0,0,0,54.0,2070
2026-09-19T19:43:33Z,40B1774344BF4E71,18.4,queries/tpch/SQLStorm/10570.sql,measured,1,1,1,1,9.214,1999.471,19,7,10,7450090,10,128033720,1,4,lineitem;ixtest_lineitem_shipdate;partsupp;orders;customer;supplier;part,8351642,0,0,0,0,0,0,64.0,2166
2026-09-19T19:43:36Z,40B1774344BF4E71,18.4,queries/tpch/SQLStorm/10571.sql,warmup,1,1,1,1,2.501,424.693,15,5,10,953777,10,30979513,4,0,part;supplier;nation;region;partsupp,166621,0,0,0,0,0,0,55.0,1100
2026-09-19T19:43:37Z,40B1774344BF4E71,18.4,queries/tpch/SQLStorm/10571.sql,measured,1,1,1,1,2.499,419.009,15,5,10,953777,10,30979513,4,0,part;supplier;nation;region;partsupp,166621,0,0,0,0,0,0,55.0,1013
2026-09-19T19:43:42Z,40B1774344BF4E71,18.4,queries/tpch/SQLStorm/10572.sql,warmup,1,1,1,1,11.813,3218.619,24,9,28,13448896,28,464877304,0,4,lineitem;ixtest_lineitem_shipdate;partsupp;supplier;nation;region;orders;customer;part,11956291,0,0,0,0,0,0,54.0,2136
2026-09-19T19:43:46Z,40B1774344BF4E71,18.4,queries/tpch/SQLStorm/10572.sql,measured,1,1,1,1,11.075,3211.652,24,9,28,13448896,28,464877304,0,4,lineitem;ixtest_lineitem_shipdate;partsupp;supplier;nation;region;orders;customer;part,11956290,0,0,0,0,0,0,70.0,2021
2026-09-19T19:43:48Z,40B1774344BF4E71,18.4,queries/tpch/SQLStorm/10573.sql,warmup,1,1,1,1,4.605,131.151,20,7,0,400005,10,14800040,5,4,partsupp;region;nation;supplier;ixtest_supplier_nationkey;lineitem;part,4181,0,0,0,0,0,0,56.0,1450
2026-09-19T19:43:48Z,40B1774344BF4E71,18.4,queries/tpch/SQLStorm/10573.sql,measured,1,1,1,1,4.629,132.277,20,7,0,400005,10,14800040,5,4,partsupp;region;nation;supplier;ixtest_supplier_nationkey;lineitem;part,4181,0,0,0,0,0,0,56.0,2369
2026-09-19T19:43:50Z,40B1774344BF4E71,18.4,queries/tpch/SQLStorm/10574.sql,warmup,1,1,1,1,1.635,2139.777,10,3,100,5010200,100,286120600,0,0,part;partsupp;supplier,54557,0,0,0,0,0,0,56.0,1522
2026-09-19T19:43:53Z,40B1774344BF4E71,18.4,queries/tpch/SQLStorm/10574.sql,measured,1,1,1,1,1.629,2143.841,10,3,100,5010200,100,286120600,0,0,part;partsupp;supplier,54557,0,0,0,0,0,0,66.0,1209
2026-09-19T19:43:57Z,40B1774344BF4E71,18.4,queries/tpch/SQLStorm/10575.sql,warmup,1,1,1,1,4.813,2316.792,19,7,10,16011163,10,452334772,4,4,partsupp;region;nation;supplier;ixtest_supplier_nationkey;lineitem;part,5295864,0,0,0,0,0,0,54.0,2150
2026-09-19T19:44:00Z,40B1774344BF4E71,18.4,queries/tpch/SQLStorm/10575.sql,measured,1,1,1,1,4.807,2317.638,19,7,10,16011162,10,452334703,4,4,partsupp;region;nation;supplier;ixtest_supplier_nationkey;lineitem;part,5295864,0,0,0,0,0,0,68.0,2303
2026-09-19T19:44:05Z,40B1774344BF4E71,18.4,queries/tpch/SQLStorm/10576.sql,warmup,1,1,1,1,1.533,2887.936,8,3,10,8213717,10,98296772,0,0,lineitem;ixtest_lineitem_shipdate;orders,138750,0,0,0,1608,3098,0,56.0,960
2026-09-19T19:44:08Z,40B1774344BF4E71,18.4,queries/tpch/SQLStorm/10576.sql,measured,1,1,1,1,1.518,2910.253,8,3,10,8213717,10,98296772,0,0,lineitem;ixtest_lineitem_shipdate;orders,138750,0,0,0,1608,3098,0,57.0,890
2026-09-19T19:44:10Z,40B1774344BF4E71,18.4,queries/tpch/SQLStorm/10577.sql,warmup,1,1,1,1,4.824,2297.827,20,7,10,16129378,10,562027619,4,4,partsupp;region;nation;supplier;ixtest_supplier_nationkey;lineitem;part,5295924,0,0,0,0,0,0,59.0,2194
2026-09-19T19:44:13Z,40B1774344BF4E71,18.4,queries/tpch/SQLStorm/10577.sql,measured,1,1,1,1,4.813,2292.299,20,7,10,16129378,10,562027619,4,4,partsupp;region;nation;supplier;ixtest_supplier_nationkey;lineitem;part,5295923,0,0,0,0,0,0,68.0,2172
2026-09-19T19:44:15Z,40B1774344BF4E71,18.4,queries/tpch/SQLStorm/10578.sql,warmup,1,1,1,1,2.717,461.430,14,5,100,1829187,100,15620519,0,4,lineitem;ixtest_lineitem_shipdate;part;partsupp;supplier,106317,0,0,0,0,0,0,56.0,1975
2026-09-19T19:44:16Z,40B1774344BF4E71,18.4,queries/tpch/SQLStorm/10578.sql,measured,1,1,1,1,2.724,457.734,14,5,100,1829187,100,15620519,0,4,lineitem;ixtest_lineitem_shipdate;part;partsupp;supplier,106317,0,0,0,0,0,0,56.0,1975
2026-09-19T19:44:19Z,40B1774344BF4E71,18.4,queries/tpch/SQLStorm/10579.sql,warmup,1,1,1,1,2.939,698.601,20,6,10,9197366,10,177750620,0,4,lineitem;orders;ixtest_orders_orderdate;customer;supplier;nation,140490,0,0,0,0,0,0,55.0,1909
2026-09-19T19:44:19Z,40B1774344BF4E71,18.4,queries/tpch/SQLStorm/10579.sql,measured,1,1,1,1,2.923,700.408,20,6,10,9197366,10,177750620,0,4,lineitem;orders;ixtest_orders_orderdate;customer;supplier;nation,140490,0,0,0,0,0,0,55.0,2303
2026-09-19T19:44:23Z,40B1774344BF4E71,18.4,queries/tpch/SQLStorm/10580.sql,warmup,1,1,1,1,0.961,1152.398,5,2,10,2084568,10,24114968,0,0,lineitem;ixtest_lineitem_shipdate,105554,0,0,0,0,0,0,55.0,1225
2026-09-19T19:44:24Z,40B1774344BF4E71,18.4,queries/tpch/SQLStorm/10580.sql,measured,1,1,1,1,0.966,1148.296,5,2,10,2084568,10,24114968,0,0,lineitem;ixtest_lineitem_shipdate,105554,0,0,0,0,0,0,62.0,1075
2026-09-19T19:44:27Z,40B1774344BF4E71,18.4,queries/tpch/SQLStorm/10581.sql,warmup,1,1,1,1,1.563,317.170,12,3,10,2970020,10,91181240,0,3,partsupp;supplier;part,19008,0,0,0,0,0,0,53.0,1844
2026-09-19T19:44:27Z,40B1774344BF4E71,18.4,queries/tpch/SQLStorm/10581.sql,measured,1,1,1,1,1.556,309.968,12,3,10,2970020,10,91181240,0,3,partsupp;supplier;part,19008,0,0,0,0,0,0,53.0,1713
2026-09-19T19:44:28Z,40B1774344BF4E71,18.4,queries/tpch/SQLStorm/10582.sql,warmup,1,1,1,1,2.536,685.758,19,6,25,8280532,125,200002290,0,4,lineitem;orders;ixtest_orders_orderdate;customer;nation;region,142570,0,0,0,0,0,0,53.0,2238
2026-09-19T19:44:29Z,40B1774344BF4E71,18.4,queries/tpch/SQLStorm/10582.sql,measured,1,1,1,1,2.532,686.721,19,6,25,8280532,125,200002290,0,4,lineitem;orders;ixtest_orders_orderdate;customer;nation;region,142569,0,0,0,0,0,0,62.0,2238
2026-09-19T19:44:33Z,40B1774344BF4E71,18.4,queries/tpch/SQLStorm/10584.sql,warmup,1,1,1,1,1.521,1993.152,8,3,10,7822386,10,120602916,0,0,lineitem;orders;ixtest_orders_orderdate,138932,0,0,0,0,0,0,53.0,1092
2026-09-19T19:44:35Z,40B1774344BF4E71,18.4,queries/tpch/SQLStorm/10584.sql,measured,1,1,1,1,1.517,1989.512,8,3,10,7822386,10,120602916,0,0,lineitem;orders;ixtest_orders_orderdate,138932,0,0,0,0,0,0,60.0,877
2026-09-19T19:44:38Z,40B1774344BF4E71,18.4,queries/tpch/SQLStorm/10585.sql,warmup,1,1,1,1,2.283,748.263,16,5,25,6525353,25,100912860,0,3,orders;lineitem;ixtest_lineitem_shipdate;customer;nation,135512,0,0,0,0,0,0,53.0,1765
2026-09-19T19:44:39Z,40B1774344BF4E71,18.4,queries/tpch/SQLStorm/10585.sql,measured,1,1,1,1,2.248,738.276,16,5,25,6525353,25,100912860,0,3,orders;lineitem;ixtest_lineitem_shipdate;customer;nation,135511,0,0,0,0,0,0,54.0,1515
2026-09-19T19:44:41Z,40B1774344BF4E71,18.4,queries/tpch/SQLStorm/10586.sql,warmup,1,1,1,1,4.617,2124.131,19,7,10,16011163,10,457298976,4,4,partsupp;region;nation;supplier;ixtest_supplier_nationkey;lineitem;part,5295863,0,0,0,0,0,0,54.0,2094
2026-09-19T19:44:44Z,40B1774344BF4E71,18.4,queries/tpch/SQLStorm/10586.sql,measured,1,1,1,1,4.589,2130.798,19,7,10,16011162,10,457298879,4,4,partsupp;region;nation;supplier;ixtest_supplier_nationkey;lineitem;part,5295864,0,0,0,0,0,0,61.0,2041
2026-09-19T19:44:49Z,40B1774344BF4E71,18.4,queries/tpch/SQLStorm/10587.sql,warmup,1,1,1,1,1.685,2642.934,12,3,100,5280200,100,304099800,0,3,partsupp;supplier;part,22628,0,0,0,0,0,0,54.0,1900
2026-09-19T19:44:51Z,40B1774344BF4E71,18.4,queries/tpch/SQLStorm/10587.sql,measured,1,1,1,1,1.678,2651.571,12,3,100,5280200,100,304099800,0,3,partsupp;supplier;part,22628,0,0,0,0,0,0,61.0,1844
2026-09-19T19:44:57Z,40B1774344BF4E71,18.4,queries/tpch/SQLStorm/10588.sql,warmup,1,1,1,1,1.532,3627.200,8,2,100,11820808,100,200744720,192647,3,orders;lineitem,148703,0,0,0,0,0,0,54.0,1271
2026-09-19T19:45:01Z,40B1774344BF4E71,18.4,queries/tpch/SQLStorm/10588.sql,measured,1,1,1,1,1.551,3619.448,8,2,100,11820808,100,200744720,192647,3,orders;lineitem,148703,0,0,0,0,0,0,63.0,1326
2026-09-19T19:45:06Z,40B1774344BF4E71,18.4,queries/tpch/SQLStorm/10589.sql,warmup,1,1,1,1,4.825,2195.618,19,7,10,16062669,10,477429469,4,4,partsupp;region;nation;supplier;ixtest_supplier_nationkey;lineitem;part,5258704,0,0,0,0,0,0,53.0,2041
2026-09-19T19:45:08Z,40B1774344BF4E71,18.4,queries/tpch/SQLStorm/10589.sql,measured,1,1,1,1,4.790,2200.025,19,7,10,16062669,10,477429469,4,4,partsupp;region;nation;supplier;ixtest_supplier_nationkey;lineitem;part,5258703,0,0,0,0,0,0,65.0,2106
2026-09-19T19:45:25Z,40B1774344BF4E71,18.4,queries/tpch/SQLStorm/1059.sql,warmup,1,1,1,1,,,,,,,,,,,,,,,,,,1,54.0,1205
2026-09-19T19:45:41Z,40B1774344BF4E71,18.4,queries/tpch/SQLStorm/1059.sql,measured,1,1,1,1,,,,,,,,,,,,,,,,,,1,63.0,1761
2026-09-19T19:45:49Z,40B1774344BF4E71,18.4,queries/tpch/SQLStorm/10590.sql,warmup,1,1,1,1,4.098,5771.008,18,6,25,19976593,25,435639488,1,4,lineitem;partsupp;orders;customer;supplier;nation,29582820,0,0,0,0,0,0,54.0,2404
2026-09-19T19:45:54Z,40B1774344BF4E71,18.4,queries/tpch/SQLStorm/10590.sql,measured,1,1,1,1,4.121,5726.813,18,6,25,19976593,25,435639488,1,4,lineitem;partsupp;orders;customer;supplier;nation,29582820,0,0,0,0,0,0,58.0,2328
2026-09-19T19:45:58Z,40B1774344BF4E71,18.4,queries/tpch/SQLStorm/10591.sql,warmup,1,1,1,1,2.340,1729.546,16,4,10,16953100,10,436297470,0,4,lineitem;orders;customer;nation,142372,0,0,0,0,0,0,58.0,1946
2026-09-19T19:46:00Z,40B1774344BF4E71,18.4,queries/tpch/SQLStorm/10591.sql,measured,1,1,1,1,2.341,1729.121,16,4,10,16953100,10,436297470,0,4,lineitem;orders;customer;nation,142372,0,0,0,0,0,0,71.0,2290
2026-09-19T19:46:18Z,40B1774344BF4E71,18.4,queries/tpch/SQLStorm/10593.sql,warmup,1,1,1,1,,,,,,,,,,,,,,,,,,1,57.0,1498
2026-09-19T19:46:33Z,40B1774344BF4E71,18.4,queries/tpch/SQLStorm/10593.sql,measured,1,1,1,1,,,,,,,,,,,,,,,,,,1,60.0,1433
2026-09-19T19:46:35Z,40B1774344BF4E71,18.4,queries/tpch/SQLStorm/10595.sql,warmup,1,1,1,1,4.635,2109.992,19,7,10,16062665,10,456933965,4,4,partsupp;region;nation;supplier;ixtest_supplier_nationkey;lineitem;part,5258703,0,0,0,0,0,0,59.0,2070
2026-09-19T19:46:37Z,40B1774344BF4E71,18.4,queries/tpch/SQLStorm/10595.sql,measured,1,1,1,1,4.601,2105.871,19,7,10,16062667,10,456934159,4,4,partsupp;region;nation;supplier;ixtest_supplier_nationkey;lineitem;part,5258704,0,0,0,0,0,0,67.0,2166
2026-09-19T19:46:41Z,40B1774344BF4E71,18.4,queries/tpch/SQLStorm/10596.sql,warmup,1,1,1,1,2.900,1147.278,19,5,10,10764470,10,288271760,834553,4,lineitem;supplier;nation;orders;customer,140304,0,0,0,0,0,0,54.0,2050
2026-09-19T19:46:42Z,40B1774344BF4E71,18.4,queries/tpch/SQLStorm/10596.sql,measured,1,1,1,1,2.895,1148.986,19,5,10,10764470,10,288271760,834553,4,lineitem;supplier;nation;orders;customer,140304,0,0,0,0,0,0,69.0,2275
2026-09-19T19:46:47Z,40B1774344BF4E71,18.4,queries/tpch/SQLStorm/10597.sql,warmup,1,1,1,1,4.326,2240.631,19,6,10,16308444,10,479906895,0,4,lineitem;orders;ixtest_orders_orderdate;partsupp;supplier;part,145408,0,0,0,0,0,0,54.0,1647
2026-09-19T19:46:49Z,40B1774344BF4E71,18.4,queries/tpch/SQLStorm/10597.sql,measured,1,1,1,1,4.254,2254.560,19,6,10,16309094,10,479949145,0,4,lineitem;orders;ixtest_orders_orderdate;partsupp;supplier;part,145409,0,0,0,0,0,0,63.0,1909
2026-09-19T19:47:05Z,40B1774344BF4E71,18.4,queries/tpch/SQLStorm/10598.sql,warmup,1,1,1,1,4.460,14123.773,18,5,100,84025967,100,2972050963,0,4,lineitem;part;orders;partsupp;supplier,143087,0,0,0,52047,52055,0,54.0,2182
2026-09-19T19:47:20Z,40B1774344BF4E71,18.4,queries/tpch/SQLStorm/10598.sql,measured,1,1,1,1,4.504,14160.729,18,5,100,84025967,100,2972050963,0,4,lineitem;part;orders;partsupp;supplier,143087,0,0,0,52048,52056,0,64.0,2008
2026-09-19T19:47:22Z,40B1774344BF4E71,18.4,queries/tpch/SQLStorm/10599.sql,warmup,1,1,1,1,2.876,322.947,18,6,25,1677223,25,26361480,0,4,lineitem;ixtest_lineitem_shipdate;part;partsupp;supplier;nation,268650,0,0,0,0,0,0,53.0,1844
2026-09-19T19:47:23Z,40B1774344BF4E71,18.4,queries/tpch/SQLStorm/10599.sql,measured,1,1,1,1,2.853,322.237,18,6,25,1677223,25,26361480,0,4,lineitem;ixtest_lineitem_shipdate;part;partsupp;supplier;nation,268650,0,0,0,0,0,0,53.0,2238
2026-09-19T19:47:23Z,40B1774344BF4E71,18.4,queries/tpch/SQLStorm/1060.sql,warmup,1,1,1,1,2.609,709.366,26,9,0,0,1,0,0,0,orders;lineitem;ixtest_lineitem_shipdate;o;customer;nation;supplier;partsupp,8,1,0,0,0,0,0,55.0,925
2026-09-19T19:47:24Z,40B1774344BF4E71,18.4,queries/tpch/SQLStorm/1060.sql,measured,1,1,1,1,2.673,647.961,26,9,0,0,1,0,0,0,orders;lineitem;ixtest_lineitem_shipdate;o;customer;nation;supplier;partsupp,9,0,0,0,0,0,0,55.0,1122
2026-09-19T19:47:26Z,40B1774344BF4E71,18.4,queries/tpch/SQLStorm/10600.sql,warmup,1,1,1,1,4.924,1493.239,18,7,10,4355126,10,126731819,29,4,partsupp;region;nation;supplier;ixtest_supplier_nationkey;lineitem;part,5295864,0,0,0,0,0,0,60.0,2172
2026-09-19T19:47:27Z,40B1774344BF4E71,18.4,queries/tpch/SQLStorm/10600.sql,measured,1,1,1,1,4.911,1491.282,18,7,10,4355126,10,126731819,29,4,partsupp;region;nation;supplier;ixtest_supplier_nationkey;lineitem;part,5295864,0,0,0,0,0,0,67.0,2238
2026-09-19T19:47:31Z,40B1774344BF4E71,18.4,queries/tpch/SQLStorm/10601.sql,warmup,1,1,1,1,2.822,1131.180,19,6,25,9240448,25,243545810,0,4,lineitem;ixtest_lineitem_shipdate;partsupp;supplier;nation;part,109726,0,0,0,0,0,0,54.0,1800
2026-09-19T19:47:32Z,40B1774344BF4E71,18.4,queries/tpch/SQLStorm/10601.sql,measured,1,1,1,1,2.857,1138.059,19,6,25,9240448,25,243545810,0,4,lineitem;ixtest_lineitem_shipdate;partsupp;supplier;nation;part,109726,0,0,0,0,0,0,68.0,1975
2026-09-19T19:47:45Z,40B1774344BF4E71,18.4,queries/tpch/SQLStorm/10603.sql,warmup,1,1,1,1,5.202,10744.838,17,5,10,49610265,10,1069038450,0,4,lineitem;partsupp;supplier;part;nation,36122132,0,0,0,36314,36319,0,54.0,2024
2026-09-19T19:47:56Z,40B1774344BF4E71,18.4,queries/tpch/SQLStorm/10603.sql,measured,1,1,1,1,5.224,10749.050,17,5,10,49610265,10,1069038450,0,4,lineitem;partsupp;supplier;part;nation,36122132,0,0,0,36315,36320,0,71.0,2018
2026-09-19T19:48:01Z,40B1774344BF4E71,18.4,queries/tpch/SQLStorm/10604.sql,warmup,1,1,1,1,2.733,2308.759,14,5,10,4182098,10,125501350,4,0,region;nation;supplier;lineitem;part,1209236,0,0,0,0,0,0,59.0,1390
2026-09-19T19:48:03Z,40B1774344BF4E71,18.4,queries/tpch/SQLStorm/10604.sql,measured,1,1,1,1,2.737,2319.832,14,5,10,4182098,10,125501350,4,0,region;nation;supplier;lineitem;part,1209236,0,0,0,0,0,0,67.0,1560
2026-09-19T19:48:08Z,40B1774344BF4E71,18.4,queries/tpch/SQLStorm/10605.sql,warmup,1,1,1,1,4.512,2731.498,19,6,10,16345340,10,556376544,0,4,lineitem;orders;ixtest_orders_orderdate;partsupp;supplier;part,145406,0,0,0,1381,2499,0,56.0,1975
2026-09-19T19:48:11Z,40B1774344BF4E71,18.4,queries/tpch/SQLStorm/10605.sql,measured,1,1,1,1,4.508,2774.991,19,6,10,16345080,10,556350284,0,4,lineitem;orders;ixtest_orders_orderdate;partsupp;supplier;part,145406,0,0,0,1466,2582,0,62.0,1818
2026-09-19T19:48:19Z,40B1774344BF4E71,18.4,queries/tpch/SQLStorm/10606.sql,warmup,1,1,1,1,5.674,5678.484,19,6,10,19955201,10,435187046,1,4,lineitem;partsupp;orders;customer;supplier;nation,29564484,0,0,0,0,0,0,56.0,2183
2026-09-19T19:48:25Z,40B1774344BF4E71,18.4,queries/tpch/SQLStorm/10606.sql,measured,1,1,1,1,5.689,5668.830,19,6,10,19955201,10,435187046,1,4,lineitem;partsupp;orders;customer;supplier;nation,29564484,0,0,0,0,0,0,71.0,2210
2026-09-19T19:48:29Z,40B1774344BF4E71,18.4,queries/tpch/SQLStorm/10607.sql,warmup,1,1,1,1,1.509,2359.373,11,3,5,3620015,5,104881110,0,0,partsupp;supplier;part,21727,0,0,0,5285,5286,0,59.0,1046
2026-09-19T19:48:32Z,40B1774344BF4E71,18.4,queries/tpch/SQLStorm/10607.sql,measured,1,1,1,1,1.500,2356.335,11,3,5,3620015,5,104881110,0,0,partsupp;supplier;part,21727,0,0,0,5285,5286,0,66.0,1026
2026-09-19T19:48:49Z,40B1774344BF4E71,18.4,queries/tpch/SQLStorm/10608.sql,warmup,1,1,1,1,,,,,,,,,,,,,,,,,,1,56.0,1284
2026-09-19T19:49:04Z,40B1774344BF4E71,18.4,queries/tpch/SQLStorm/10608.sql,measured,1,1,1,1,,,,,,,,,,,,,,,,,,1,59.0,1298
2026-09-19T19:49:07Z,40B1774344BF4E71,18.4,queries/tpch/SQLStorm/10609.sql,warmup,1,1,1,1,5.016,151.993,19,7,0,400005,10,19200040,5,4,partsupp;region;nation;supplier;ixtest_supplier_nationkey;lineitem;part,4149,0,0,0,0,0,0,52.0,1844
2026-09-19T19:49:07Z,40B1774344BF4E71,18.4,queries/tpch/SQLStorm/10609.sql,measured,1,1,1,1,5.030,151.076,19,7,0,400005,10,19200040,5,4,partsupp;region;nation;supplier;ixtest_supplier_nationkey;lineitem;part,4149,0,0,0,0,0,0,52.0,1975
2026-09-19T19:49:08Z,40B1774344BF4E71,18.4,queries/tpch/SQLStorm/10610.sql,warmup,1,1,1,1,2.959,722.229,22,7,25,9175647,125,203511190,0,4,lineitem;orders;ixtest_orders_orderdate;customer;supplier;nation;region,140499,0,0,0,0,0,0,52.0,2106
2026-09-19T19:49:09Z,40B1774344BF4E71,18.4,queries/tpch/SQLStorm/10610.sql,measured,1,1,1,1,2.935,721.491,22,7,25,9175647,125,203511190,0,4,lineitem;orders;ixtest_orders_orderdate;customer;supplier;nation;region,140500,0,0,0,0,0,0,60.0,2395
2026-09-19T19:49:27Z,40B1774344BF4E71,18.4,queries/tpch/SQLStorm/10611.sql,warmup,1,1,1,1,,,,,,,,,,,,,,,,,,1,53.0,2125
2026-09-19T19:49:42Z,40B1774344BF4E71,18.4,queries/tpch/SQLStorm/10611.sql,measured,1,1,1,1,,,,,,,,,,,,,,,,,,1,73.0,2186
2026-09-19T19:49:53Z,40B1774344BF4E71,18.4,queries/tpch/SQLStorm/10612.sql,warmup,1,1,1,1,13.578,6436.040,21,7,10,21828306,10,524366282,1,4,lineitem;partsupp;orders;customer;supplier;part;nation,32345058,0,0,0,0,0,0,60.0,2206
2026-09-19T19:49:59Z,40B1774344BF4E71,18.4,queries/tpch/SQLStorm/10612.sql,measured,1,1,1,1,13.757,6416.247,21,7,10,21828306,10,524366282,1,4,lineitem;partsupp;orders;customer;supplier;part;nation,32345058,0,0,0,0,0,0,75.0,2166
2026-09-19T19:50:04Z,40B1774344BF4E71,18.4,queries/tpch/SQLStorm/10613.sql,warmup,1,1,1,1,1.037,440.439,7,2,7,1822909,7,20968154,0,4,lineitem;ixtest_lineitem_shipdate,105926,0,0,0,0,0,0,60.0,1713
2026-09-19T19:50:05Z,40B1774344BF4E71,18.4,queries/tpch/SQLStorm/10613.sql,measured,1,1,1,1,1.032,418.585,7,2,7,1822909,7,20968154,0,4,lineitem;ixtest_lineitem_shipdate,105926,0,0,0,0,0,0,60.0,1363
2026-09-19T19:50:08Z,40B1774344BF4E71,18.4,queries/tpch/SQLStorm/10614.sql,warmup,1,1,1,1,5.970,1471.168,18,7,10,4348361,10,120157945,29,4,partsupp;region;nation;supplier;ixtest_supplier_nationkey;lineitem;part,5295863,0,0,0,0,0,0,58.0,2106
2026-09-19T19:50:10Z,40B1774344BF4E71,18.4,queries/tpch/SQLStorm/10614.sql,measured,1,1,1,1,4.594,1474.452,18,7,10,4348361,10,120157945,29,4,partsupp;region;nation;supplier;ixtest_supplier_nationkey;lineitem;part,5295864,0,0,0,0,0,0,71.0,2041
2026-09-19T19:50:13Z,40B1774344BF4E71,18.4,queries/tpch/SQLStorm/10615.sql,warmup,1,1,1,1,4.914,1488.205,18,7,10,4340374,10,126149646,29,4,partsupp;region;nation;supplier;ixtest_supplier_nationkey;lineitem;part,5295863,0,0,0,0,0,0,58.0,1942
2026-09-19T19:50:15Z,40B1774344BF4E71,18.4,queries/tpch/SQLStorm/10615.sql,measured,1,1,1,1,4.884,1490.095,18,7,10,4340374,10,126149646,29,4,partsupp;region;nation;supplier;ixtest_supplier_nationkey;lineitem;part,5295863,0,0,0,0,0,0,72.0,2303
2026-09-19T19:50:20Z,40B1774344BF4E71,18.4,queries/tpch/SQLStorm/10616.sql,warmup,1,1,1,1,21.776,2559.188,22,9,10,4687934,10,134390532,5,4,partsupp;region;nation;supplier;ixtest_supplier_nationkey;lineitem;orders;part;customer,7769453,0,0,0,0,0,0,58.0,1825
2026-09-19T19:50:23Z,40B1774344BF4E71,18.4,queries/tpch/SQLStorm/10616.sql,measured,1,1,1,1,21.718,2556.096,22,9,10,4687934,10,134390532,5,4,partsupp;region;nation;supplier;ixtest_supplier_nationkey;lineitem;orders;part;customer,7769453,0,0,0,0,0,0,66.0,1600
2026-09-19T19:50:27Z,40B1774344BF4E71,18.4,queries/tpch/SQLStorm/10617.sql,warmup,1,1,1,1,2.650,2401.778,14,5,10,4182098,10,142012161,4,0,region;nation;supplier;lineitem;part,1209236,0,0,0,0,0,0,58.0,945
2026-09-19T19:50:30Z,40B1774344BF4E71,18.4,queries/tpch/SQLStorm/10617.sql,measured,1,1,1,1,2.632,2394.755,14,5,10,4182098,10,142012161,4,0,region;nation;supplier;lineitem;part,1209236,0,0,0,0,0,0,64.0,1208
2026-09-19T19:50:39Z,40B1774344BF4E71,18.4,queries/tpch/SQLStorm/10618.sql,warmup,1,1,1,1,1.518,6455.289,11,3,10,3630020,10,113261320,0,0,partsupp;supplier;part,18342,0,0,0,5281,5282,0,55.0,997
2026-09-19T19:50:45Z,40B1774344BF4E71,18.4,queries/tpch/SQLStorm/10618.sql,measured,1,1,1,1,1.523,6400.007,11,3,10,3630020,10,113261320,0,0,partsupp;supplier;part,18342,0,0,0,5281,5282,0,65.0,1100
2026-09-19T19:50:50Z,40B1774344BF4E71,18.4,queries/tpch/SQLStorm/10619.sql,warmup,1,1,1,1,1.646,2660.889,12,3,10,5280020,10,302001820,0,3,partsupp;supplier;part,22628,0,0,0,0,0,0,54.0,1844
2026-09-19T19:50:53Z,40B1774344BF4E71,18.4,queries/tpch/SQLStorm/10619.sql,measured,1,1,1,1,1.651,2673.831,12,3,10,5280020,10,302001820,0,3,partsupp;supplier;part,22628,0,0,0,0,0,0,64.0,1825
2026-09-19T19:50:56Z,40B1774344BF4E71,18.4,queries/tpch/SQLStorm/1062.sql,warmup,1,1,1,1,2.340,630.658,20,8,0,360769,992123,0,360769,0,o;orders;ixtest_orders_orderdate;customer;ss;partsupp;supplier;lineitem,26451,0,0,0,0,0,0,54.0,925
2026-09-19T19:50:57Z,40B1774344BF4E71,18.4,queries/tpch/SQLStorm/1062.sql,measured,1,1,1,1,2.300,633.054,20,8,0,360769,992123,0,360769,0,o;orders;ixtest_orders_orderdate;customer;ss;partsupp;supplier;lineitem,26451,0,0,0,0,0,0,54.0,1384
2026-09-19T19:51:02Z,40B1774344BF4E71,18.4,queries/tpch/SQLStorm/10620.sql,warmup,1,1,1,1,1.674,2700.052,12,3,100,5280200,100,308419800,0,3,partsupp;supplier;part,22628,0,0,0,0,0,0,53.0,1788
2026-09-19T19:51:04Z,40B1774344BF4E71,18.4,queries/tpch/SQLStorm/10620.sql,measured,1,1,1,1,1.665,2717.512,12,3,100,5280200,100,308419800,0,3,partsupp;supplier;part,22628,0,0,0,0,0,0,63.0,1900
2026-09-19T19:51:09Z,40B1774344BF4E71,18.4,queries/tpch/SQLStorm/10622.sql,warmup,1,1,1,1,4.955,2264.914,20,7,10,15716457,10,480472932,4,4,partsupp;region;nation;supplier;ixtest_supplier_nationkey;lineitem;part,5295924,0,0,0,0,0,0,53.0,2106
2026-09-19T19:51:11Z,40B1774344BF4E71,18.4,queries/tpch/SQLStorm/10622.sql,measured,1,1,1,1,4.968,2278.878,20,7,10,15716338,10,480461508,4,4,partsupp;region;nation;supplier;ixtest_supplier_nationkey;lineitem;part,5295924,0,0,0,0,0,0,67.0,2150
2026-09-19T19:51:15Z,40B1774344BF4E71,18.4,queries/tpch/SQLStorm/10623.sql,warmup,1,1,1,1,2.858,2000.431,19,5,10,22954315,10,628753360,0,4,lineitem;supplier;nation;orders;customer,140304,0,0,0,0,0,0,55.0,2023
2026-09-19T19:51:18Z,40B1774344BF4E71,18.4,queries/tpch/SQLStorm/10623.sql,measured,1,1,1,1,2.853,2000.527,19,5,10,22954315,10,628753360,0,4,lineitem;supplier;nation;orders;customer,140304,0,0,0,0,0,0,70.0,2071
2026-09-19T19:51:22Z,40B1774344BF4E71,18.4,queries/tpch/SQLStorm/10624.sql,warmup,1,1,1,1,1.612,2325.379,10,3,100,5010200,100,279719000,0,0,part;partsupp;supplier,54557,0,0,0,0,0,0,55.0,925
2026-09-19T19:51:24Z,40B1774344BF4E71,18.4,queries/tpch/SQLStorm/10624.sql,measured,1,1,1,1,1.630,2318.095,10,3,100,5010200,100,279719000,0,0,part;partsupp;supplier,54557,0,0,0,0,0,0,64.0,1013
2026-09-19T19:51:42Z,40B1774344BF4E71,18.4,queries/tpch/SQLStorm/10625.sql,warmup,1,1,1,1,,,,,,,,,,,,,,,,,,1,53.0,1706
2026-09-19T19:51:57Z,40B1774344BF4E71,18.4,queries/tpch/SQLStorm/10625.sql,measured,1,1,1,1,,,,,,,,,,,,,,,,,,1,62.0,1526
2026-09-19T19:51:58Z,40B1774344BF4E71,18.4,queries/tpch/SQLStorm/10626.sql,warmup,1,1,1,1,0.974,1158.560,5,2,10,2089275,10,24175780,0,0,lineitem;ixtest_lineitem_shipdate,105818,0,0,0,0,0,0,60.0,1000
2026-09-19T19:52:00Z,40B1774344BF4E71,18.4,queries/tpch/SQLStorm/10626.sql,measured,1,1,1,1,0.969,1153.823,5,2,10,2089275,10,24175780,0,0,lineitem;ixtest_lineitem_shipdate,105818,0,0,0,0,0,0,60.0,1000
2026-09-19T19:52:02Z,40B1774344BF4E71,18.4,queries/tpch/SQLStorm/10628.sql,warmup,1,1,1,1,2.861,1994.188,19,5,10,22954315,10,628753360,0,4,lineitem;supplier;nation;orders;customer,140304,0,0,0,0,0,0,57.0,2118
2026-09-19T19:52:04Z,40B1774344BF4E71,18.4,queries/tpch/SQLStorm/10628.sql,measured,1,1,1,1,2.861,1999.700,19,5,10,22954315,10,628753360,0,4,lineitem;supplier;nation;orders;customer,140304,0,0,0,0,0,0,67.0,1975
2026-09-19T19:52:13Z,40B1774344BF4E71,18.4,queries/tpch/SQLStorm/10630.sql,warmup,1,1,1,1,2.765,6408.056,15,4,10,35895922,10,1509059374,0,4,lineitem;partsupp;supplier;part,119079,0,0,0,14993,27160,0,53.0,1824
2026-09-19T19:52:20Z,40B1774344BF4E71,18.4,queries/tpch/SQLStorm/10630.sql,measured,1,1,1,1,2.749,6436.807,15,4,10,35895613,10,1509029401,0,4,lineitem;partsupp;supplier;part,119078,0,0,0,14940,26803,0,66.0,1866
2026-09-19T19:52:27Z,40B1774344BF4E71,18.4,queries/tpch/SQLStorm/10631.sql,warmup,1,1,1,1,4.041,5659.084,18,6,25,19973093,25,435565488,1,4,lineitem;partsupp;orders;customer;supplier;nation,29579820,0,0,0,0,0,0,56.0,2256
2026-09-19T19:52:33Z,40B1774344BF4E71,18.4,queries/tpch/SQLStorm/10631.sql,measured,1,1,1,1,4.065,5673.860,18,6,25,19973093,25,435565488,1,4,lineitem;partsupp;orders;customer;supplier;nation,29579820,0,0,0,0,0,0,71.0,2165
2026-09-19T19:52:36Z,40B1774344BF4E71,18.4,queries/tpch/SQLStorm/10632.sql,warmup,1,1,1,1,5.427,1012.645,23,7,10,13434232,10,210213780,0,4,partsupp;supplier;nation;lineitem;orders;ixtest_orders_orderdate;part,142751,0,0,0,0,0,0,58.0,1888
2026-09-19T19:52:38Z,40B1774344BF4E71,18.4,queries/tpch/SQLStorm/10632.sql,measured,1,1,1,1,5.411,1009.430,23,7,10,13434232,10,210213780,0,4,partsupp;supplier;nation;lineitem;orders;ixtest_orders_orderdate;part,142750,0,0,0,0,0,0,72.0,2106
2026-09-19T19:52:55Z,40B1774344BF4E71,18.4,queries/tpch/SQLStorm/10633.sql,warmup,1,1,1,1,,,,,,,,,,,,,,,,,,1,58.0,1412
2026-09-19T19:53:10Z,40B1774344BF4E71,18.4,queries/tpch/SQLStorm/10633.sql,measured,1,1,1,1,,,,,,,,,,,,,,,,,,1,63.0,1447
2026-09-19T19:53:17Z,40B1774344BF4E71,18.4,queries/tpch/SQLStorm/10634.sql,warmup,1,1,1,1,1.405,4425.975,9,2,100,14594464,100,732802578,0,4,lineitem;part,116731,0,0,0,8917,16360,0,53.0,1884
2026-09-19T19:53:22Z,40B1774344BF4E71,18.4,queries/tpch/SQLStorm/10634.sql,measured,1,1,1,1,1.402,4416.849,9,2,100,14594344,100,732789138,0,4,lineitem;part,116731,0,0,0,8916,16338,0,59.0,1747
2026-09-19T19:53:26Z,40B1774344BF4E71,18.4,queries/tpch/SQLStorm/10635.sql,warmup,1,1,1,1,1.154,2152.299,8,2,10,2800045,10,60402295,0,0,partsupp;part,21697,0,0,0,0,0,0,54.0,1188
2026-09-19T19:53:28Z,40B1774344BF4E71,18.4,queries/tpch/SQLStorm/10635.sql,measured,1,1,1,1,1.160,2142.283,8,2,10,2800045,10,60402295,0,0,partsupp;part,21697,0,0,0,0,0,0,62.0,1116
2026-09-19T19:53:31Z,40B1774344BF4E71,18.4,queries/tpch/SQLStorm/10636.sql,warmup,1,1,1,1,0.954,390.416,7,2,7,1827091,7,25590313,0,4,lineitem;ixtest_lineitem_shipdate,105822,0,0,0,0,0,0,53.0,1877
2026-09-19T19:53:31Z,40B1774344BF4E71,18.4,queries/tpch/SQLStorm/10636.sql,measured,1,1,1,1,0.970,392.027,7,2,7,1827091,7,25590313,0,4,lineitem;ixtest_lineitem_shipdate,105822,0,0,0,0,0,0,53.0,1888
2026-09-19T19:53:36Z,40B1774344BF4E71,18.4,queries/tpch/SQLStorm/10637.sql,warmup,1,1,1,1,1.600,2254.804,10,3,100,5010200,100,286120600,0,0,part;partsupp;supplier,54557,0,0,0,0,0,0,52.0,881
2026-09-19T19:53:38Z,40B1774344BF4E71,18.4,queries/tpch/SQLStorm/10637.sql,measured,1,1,1,1,1.597,2255.922,10,3,100,5010200,100,286120600,0,0,part;partsupp;supplier,54557,0,0,0,0,0,0,61.0,1034
2026-09-19T19:53:45Z,40B1774344BF4E71,18.4,queries/tpch/SQLStorm/10638.sql,warmup,1,1,1,1,2.797,4421.655,18,5,25,33756750,25,1098036270,0,4,lineitem;partsupp;supplier;nation;part,116499,0,0,0,0,0,0,51.0,2260
2026-09-19T19:53:50Z,40B1774344BF4E71,18.4,queries/tpch/SQLStorm/10638.sql,measured,1,1,1,1,2.792,4413.546,18,5,25,33756750,25,1098036270,0,4,lineitem;partsupp;supplier;nation;part,116498,0,0,0,0,0,0,67.0,2123
2026-09-19T19:53:54Z,40B1774344BF4E71,18.4,queries/tpch/SQLStorm/10639.sql,warmup,1,1,1,1,8.537,1981.403,18,7,10,8245702,10,284089247,4,4,partsupp;region;nation;supplier;ixtest_supplier_nationkey;lineitem;part,6493376,0,0,0,0,0,0,56.0,2094
2026-09-19T19:53:56Z,40B1774344BF4E71,18.4,queries/tpch/SQLStorm/10639.sql,measured,1,1,1,1,8.199,1992.642,18,7,10,8245702,10,284089247,4,4,partsupp;region;nation;supplier;ixtest_supplier_nationkey;lineitem;part,6493376,0,0,0,0,0,0,66.0,2094
2026-09-19T19:54:01Z,40B1774344BF4E71,18.4,queries/tpch/SQLStorm/10640.sql,warmup,1,1,1,1,4.622,2671.504,20,7,10,16129378,10,613070503,4,4,partsupp;region;nation;supplier;ixtest_supplier_nationkey;lineitem;part,5295895,0,0,0,0,0,0,55.0,2181
2026-09-19T19:54:04Z,40B1774344BF4E71,18.4,queries/tpch/SQLStorm/10640.sql,measured,1,1,1,1,4.640,2667.071,20,7,10,16129378,10,613070503,4,4,partsupp;region;nation;supplier;ixtest_supplier_nationkey;lineitem;part,5295896,0,0,0,0,0,0,70.0,2275
2026-09-19T19:54:07Z,40B1774344BF4E71,18.4,queries/tpch/SQLStorm/10642.sql,warmup,1,1,1,1,2.943,848.190,20,6,10,7377260,10,183285178,0,3,orders;lineitem;ixtest_lineitem_shipdate;supplier;nation;customer,133023,0,0,0,0,0,0,56.0,1870
2026-09-19T19:54:08Z,40B1774344BF4E71,18.4,queries/tpch/SQLStorm/10642.sql,measured,1,1,1,1,2.927,843.645,20,6,10,7377260,10,183285178,0,3,orders;lineitem;ixtest_lineitem_shipdate;supplier;nation;customer,133023,0,0,0,0,0,0,60.0,1660
2026-09-19T19:54:14Z,40B1774344BF4E71,18.4,queries/tpch/SQLStorm/10643.sql,warmup,1,1,1,1,5.637,5687.935,19,6,10,19955201,10,435187046,1,4,lineitem;partsupp;orders;customer;supplier;nation,29564484,0,0,0,0,0,0,60.0,2138
2026-09-19T19:54:19Z,40B1774344BF4E71,18.4,queries/tpch/SQLStorm/10643.sql,measured,1,1,1,1,5.616,5688.241,19,6,10,19955201,10,435187046,1,4,lineitem;partsupp;orders;customer;supplier;nation,29564484,0,0,0,0,0,0,70.0,2147
2026-09-19T19:54:23Z,40B1774344BF4E71,18.4,queries/tpch/SQLStorm/10644.sql,warmup,1,1,1,1,3.525,1458.107,20,7,3750,3611842,3750,83882508,29,4,partsupp;nation;region;supplier;ixtest_supplier_nationkey;lineitem;part,5389495,0,0,0,0,0,0,59.0,1975
2026-09-19T19:54:25Z,40B1774344BF4E71,18.4,queries/tpch/SQLStorm/10644.sql,measured,1,1,1,1,3.532,1456.402,20,7,3750,3611871,3750,83884364,29,4,partsupp;nation;region;supplier;ixtest_supplier_nationkey;lineitem;part,5389496,0,0,0,0,0,0,71.0,2041
2026-09-19T19:54:27Z,40B1774344BF4E71,18.4,queries/tpch/SQLStorm/10645.sql,warmup,1,1,1,1,3.147,452.628,15,5,10,971087,10,29425275,4,0,part;supplier;nation;region;partsupp,170604,0,0,0,0,0,0,58.0,1188
2026-09-19T19:54:28Z,40B1774344BF4E71,18.4,queries/tpch/SQLStorm/10645.sql,measured,1,1,1,1,2.464,455.617,15,5,10,971087,10,29425275,4,0,part;supplier;nation;region;partsupp,170604,0,0,0,0,0,0,58.0,1100
2026-09-19T19:54:33Z,40B1774344BF4E71,18.4,queries/tpch/SQLStorm/10646.sql,warmup,1,1,1,1,1.712,2496.419,12,3,100,5280200,100,308419800,0,3,partsupp;supplier;part,22631,0,0,0,0,0,0,56.0,1834
2026-09-19T19:54:35Z,40B1774344BF4E71,18.4,queries/tpch/SQLStorm/10646.sql,measured,1,1,1,1,1.704,2486.041,12,3,100,5280200,100,308419800,0,3,partsupp;supplier;part,22631,0,0,0,0,0,0,67.0,1914
2026-09-19T19:54:39Z,40B1774344BF4E71,18.4,queries/tpch/SQLStorm/10647.sql,warmup,1,1,1,1,4.096,1649.771,18,6,10,9285883,10,407373487,0,4,partsupp;part;orders;ixtest_orders_orderdate;lineitem;supplier,99340,0,0,0,0,0,0,56.0,2121
2026-09-19T19:54:41Z,40B1774344BF4E71,18.4,queries/tpch/SQLStorm/10647.sql,measured,1,1,1,1,4.114,1647.433,18,6,10,9285882,10,407373418,0,4,partsupp;part;orders;ixtest_orders_orderdate;lineitem;supplier,99341,0,0,0,0,0,0,70.0,1946
2026-09-19T19:54:44Z,40B1774344BF4E71,18.4,queries/tpch/SQLStorm/10648.sql,warmup,1,1,1,1,2.544,771.343,19,6,25,6525493,125,132520720,0,3,orders;lineitem;ixtest_lineitem_shipdate;customer;nation;region,135515,0,0,0,0,0,0,55.0,1503
2026-09-19T19:54:45Z,40B1774344BF4E71,18.4,queries/tpch/SQLStorm/10648.sql,measured,1,1,1,1,2.541,773.571,19,6,25,6525493,125,132520720,0,3,orders;lineitem;ixtest_lineitem_shipdate;customer;nation;region,135516,0,0,0,0,0,0,58.0,1765
2026-09-19T19:54:47Z,40B1774344BF4E71,18.4,queries/tpch/SQLStorm/10649.sql,warmup,1,1,1,1,1.734,1878.587,10,3,100,5010200,100,295721400,0,0,part;partsupp;supplier,54557,0,0,0,0,0,0,58.0,1188
2026-09-19T19:54:49Z,40B1774344BF4E71,18.4,queries/tpch/SQLStorm/10649.sql,measured,1,1,1,1,1.718,1886.880,10,3,100,5010200,100,295721400,0,0,part;partsupp;supplier,54557,0,0,0,0,0,0,56.0,1398
2026-09-19T19:54:50Z,40B1774344BF4E71,18.4,queries/tpch/SQLStorm/10650.sql,warmup,1,1,1,1,1.625,1313.582,10,3,100,4410200,100,164457000,0,0,part;partsupp;supplier,44555,0,0,0,0,0,0,56.0,1413
2026-09-19T19:54:52Z,40B1774344BF4E71,18.4,queries/tpch/SQLStorm/10650.sql,measured,1,1,1,1,1.639,1320.696,10,3,100,4410200,100,164457000,0,0,part;partsupp;supplier,44555,0,0,0,0,0,0,61.0,1225
2026-09-19T19:55:09Z,40B1774344BF4E71,18.4,queries/tpch/SQLStorm/10651.sql,warmup,1,1,1,1,,,,,,,,,,,,,,,,,,1,54.0,1882
2026-09-19T19:55:24Z,40B1774344BF4E71,18.4,queries/tpch/SQLStorm/10651.sql,measured,1,1,1,1,,,,,,,,,,,,,,,,,,1,66.0,1992
2026-09-19T19:55:40Z,40B1774344BF4E71,18.4,queries/tpch/SQLStorm/10652.sql,warmup,1,1,1,1,5.561,13672.843,19,6,10,61612695,10,1237072470,0,4,lineitem;partsupp;orders;customer;supplier;nation,60126996,0,0,0,36316,36321,0,58.0,1971
2026-09-19T19:55:54Z,40B1774344BF4E71,18.4,queries/tpch/SQLStorm/10652.sql,measured,1,1,1,1,5.591,13659.477,19,6,10,61612695,10,1237072470,0,4,lineitem;partsupp;orders;customer;supplier;nation,60126996,0,0,0,36315,36320,0,71.0,2093
2026-09-19T19:56:00Z,40B1774344BF4E71,18.4,queries/tpch/SQLStorm/10653.sql,warmup,1,1,1,1,4.595,2117.404,19,7,10,16062667,10,456934159,4,4,partsupp;region;nation;supplier;ixtest_supplier_nationkey;lineitem;part,5258703,0,0,0,0,0,0,60.0,2214
2026-09-19T19:56:02Z,40B1774344BF4E71,18.4,queries/tpch/SQLStorm/10653.sql,measured,1,1,1,1,4.617,2111.304,19,7,10,16062667,10,456934159,4,4,partsupp;region;nation;supplier;ixtest_supplier_nationkey;lineitem;part,5258704,0,0,0,0,0,0,71.0,2285
2026-09-19T19:56:20Z,40B1774344BF4E71,18.4,queries/tpch/SQLStorm/10654.sql,warmup,1,1,1,1,,,,,,,,,,,,,,,,,,1,60.0,1163
2026-09-19T19:56:35Z,40B1774344BF4E71,18.4,queries/tpch/SQLStorm/10654.sql,measured,1,1,1,1,,,,,,,,,,,,,,,,,,1,65.0,1188
2026-09-19T19:56:39Z,40B1774344BF4E71,18.4,queries/tpch/SQLStorm/10655.sql,warmup,1,1,1,1,4.932,1464.217,18,7,10,4266403,10,123711662,29,4,partsupp;region;nation;supplier;ixtest_supplier_nationkey;lineitem;part,5170705,0,0,0,0,0,0,54.0,2008
2026-09-19T19:56:40Z,40B1774344BF4E71,18.4,queries/tpch/SQLStorm/10655.sql,measured,1,1,1,1,4.911,1463.091,18,7,10,4266403,10,123711662,29,4,partsupp;region;nation;supplier;ixtest_supplier_nationkey;lineitem;part,5170705,0,0,0,0,0,0,66.0,1975
2026-09-19T19:56:44Z,40B1774344BF4E71,18.4,queries/tpch/SQLStorm/10656.sql,warmup,1,1,1,1,2.200,1711.341,15,4,25,16953105,25,436297760,0,4,lineitem;orders;customer;nation,142372,0,0,0,0,0,0,55.0,1975
2026-09-19T19:56:46Z,40B1774344BF4E71,18.4,queries/tpch/SQLStorm/10656.sql,measured,1,1,1,1,2.228,1715.618,15,4,25,16953105,25,436297760,0,4,lineitem;orders;customer;nation,142372,0,0,0,0,0,0,68.0,2238
2026-09-19T19:56:49Z,40B1774344BF4E71,18.4,queries/tpch/SQLStorm/10657.sql,warmup,1,1,1,1,0.974,493.812,7,2,10,1928924,10,18511784,0,4,lineitem;ixtest_lineitem_shipdate,105634,0,0,0,0,0,0,56.0,1450
2026-09-19T19:56:49Z,40B1774344BF4E71,18.4,queries/tpch/SQLStorm/10657.sql,measured,1,1,1,1,0.986,496.665,7,2,10,1928930,10,18512000,0,4,lineitem;ixtest_lineitem_shipdate,105634,0,0,0,0,0,0,56.0,1712
2026-09-19T19:56:54Z,40B1774344BF4E71,18.4,queries/tpch/SQLStorm/10658.sql,warmup,1,1,1,1,1.538,2505.692,11,3,5,3620015,5,104880990,0,0,partsupp;supplier;part,21727,0,0,0,5281,5282,0,54.0,1107
2026-09-19T19:56:57Z,40B1774344BF4E71,18.4,queries/tpch/SQLStorm/10658.sql,measured,1,1,1,1,1.519,2551.783,11,3,5,3620015,5,104880990,0,0,partsupp;supplier;part,21727,0,0,0,5281,5282,0,61.0,1075
2026-09-19T19:57:01Z,40B1774344BF4E71,18.4,queries/tpch/SQLStorm/10659.sql,warmup,1,1,1,1,3.612,1628.602,19,7,86927,3889295,20000,109652260,29,4,partsupp;nation;region;supplier;ixtest_supplier_nationkey;lineitem;part,5295863,0,0,0,0,0,0,53.0,2004
2026-09-19T19:57:02Z,40B1774344BF4E71,18.4,queries/tpch/SQLStorm/10659.sql,measured,1,1,1,1,3.568,1626.529,19,7,86927,3889545,20000,109669260,29,4,partsupp;nation;region;supplier;ixtest_supplier_nationkey;lineitem;part,5295863,0,0,0,0,0,0,67.0,2004
2026-09-19T19:57:12Z,40B1774344BF4E71,18.4,queries/tpch/SQLStorm/10660.sql,warmup,1,1,1,1,4.243,7020.094,18,5,10,44899431,10,1752095411,0,4,lineitem;orders;partsupp;supplier;part,123185,0,0,0,15785,28159,0,54.0,2092
2026-09-19T19:57:19Z,40B1774344BF4E71,18.4,queries/tpch/SQLStorm/10660.sql,measured,1,1,1,1,4.227,7106.485,18,5,10,44896722,10,1751821802,0,4,lineitem;orders;partsupp;supplier;part,123186,0,0,0,15805,28601,0,66.0,1939
2026-09-19T19:57:30Z,40B1774344BF4E71,18.4,queries/tpch/SQLStorm/10661.sql,warmup,1,1,1,1,9.751,6984.062,22,8,25,22703071,125,727458550,1,4,lineitem;partsupp;orders;supplier;nation;region;customer;part,32309891,0,0,0,0,0,0,57.0,2332
2026-09-19T19:57:37Z,40B1774344BF4E71,18.4,queries/tpch/SQLStorm/10661.sql,measured,1,1,1,1,10.137,7001.536,22,8,25,22703071,125,727458550,1,4,lineitem;partsupp;orders;supplier;nation;region;customer;part,32309891,0,0,0,0,0,0,69.0,2383
2026-09-19T19:57:40Z,40B1774344BF4E71,18.4,queries/tpch/SQLStorm/10662.sql,warmup,1,1,1,1,1.713,175.775,14,4,100,1205025,100,12109976,99976,3,partsupp;supplier;part,35931,0,0,0,0,0,0,59.0,1713
2026-09-19T19:57:40Z,40B1774344BF4E71,18.4,queries/tpch/SQLStorm/10662.sql,measured,1,1,1,1,1.679,188.758,14,4,100,1205017,100,12109832,99976,3,partsupp;supplier;part,35931,0,0,0,0,0,0,59.0,1844
2026-09-19T19:57:41Z,40B1774344BF4E71,18.4,queries/tpch/SQLStorm/10663.sql,warmup,1,1,1,1,3.018,199.755,17,7,10,286876,10,5805802,4,4,lineitem;ixtest_lineitem_shipdate;region;nation;supplier;ixtest_supplier_nationkey;part,108634,0,0,0,0,0,0,59.0,1975
2026-09-19T19:57:41Z,40B1774344BF4E71,18.4,queries/tpch/SQLStorm/10663.sql,measured,1,1,1,1,2.914,198.113,17,7,10,286876,10,5805802,4,4,lineitem;ixtest_lineitem_shipdate;region;nation;supplier;ixtest_supplier_nationkey;part,108634,0,0,0,0,0,0,68.0,1975
2026-09-19T19:57:45Z,40B1774344BF4E71,18.4,queries/tpch/SQLStorm/10664.sql,warmup,1,1,1,1,8.249,1392.614,26,8,10,15536057,10,368253910,0,4,lineitem;orders;ixtest_orders_orderdate;customer;partsupp;supplier;nation;part,143245,0,0,0,0,0,0,58.0,2238
2026-09-19T19:57:46Z,40B1774344BF4E71,18.4,queries/tpch/SQLStorm/10664.sql,measured,1,1,1,1,8.217,1384.877,26,8,10,15536057,10,368253910,0,4,lineitem;orders;ixtest_orders_orderdate;customer;partsupp;supplier;nation;part,143245,0,0,0,0,0,0,71.0,2270
2026-09-19T19:58:03Z,40B1774344BF4E71,18.4,queries/tpch/SQLStorm/10665.sql,warmup,1,1,1,1,2.787,14554.071,14,4,10,61258747,10,2416238239,0,4,partsupp;supplier;part;lineitem,6782518,0,0,0,0,0,0,58.0,1641
2026-09-19T19:58:18Z,40B1774344BF4E71,18.4,queries/tpch/SQLStorm/10665.sql,measured,1,1,1,1,2.852,14735.428,14,4,10,61258562,10,2416231394,0,4,partsupp;supplier;part;lineitem,6782514,0,0,0,0,0,0,61.0,1691
2026-09-19T19:58:19Z,40B1774344BF4E71,18.4,queries/tpch/SQLStorm/10666.sql,warmup,1,1,1,1,4.606,1485.888,18,7,10,4355126,10,120406015,29,4,partsupp;region;nation;supplier;ixtest_supplier_nationkey;lineitem;part,5295864,0,0,0,0,0,0,59.0,2073
2026-09-19T19:58:21Z,40B1774344BF4E71,18.4,queries/tpch/SQLStorm/10666.sql,measured,1,1,1,1,4.562,1480.380,18,7,10,4355126,10,120406015,29,4,partsupp;region;nation;supplier;ixtest_supplier_nationkey;lineitem;part,5295864,0,0,0,0,0,0,59.0,2139
2026-09-19T19:58:24Z,40B1774344BF4E71,18.4,queries/tpch/SQLStorm/10667.sql,warmup,1,1,1,1,1.608,1239.488,10,3,100,4410200,100,150055400,0,0,part;partsupp;supplier,44555,0,0,0,0,0,0,54.0,888
2026-09-19T19:58:26Z,40B1774344BF4E71,18.4,queries/tpch/SQLStorm/10667.sql,measured,1,1,1,1,1.611,1241.014,10,3,100,4410200,100,150055400,0,0,part;partsupp;supplier,44555,0,0,0,0,0,0,63.0,1075
2026-09-19T19:58:29Z,40B1774344BF4E71,18.4,queries/tpch/SQLStorm/10668.sql,warmup,1,1,1,1,0.976,1157.153,5,2,10,2096916,10,24251048,0,0,lineitem;ixtest_lineitem_shipdate,105750,0,0,0,0,0,0,53.0,1225
2026-09-19T19:58:31Z,40B1774344BF4E71,18.4,queries/tpch/SQLStorm/10668.sql,measured,1,1,1,1,0.981,1152.420,5,2,10,2096916,10,24251048,0,0,lineitem;ixtest_lineitem_shipdate,105750,0,0,0,0,0,0,61.0,1375
2026-09-19T19:58:34Z,40B1774344BF4E71,18.4,queries/tpch/SQLStorm/10669.sql,warmup,1,1,1,1,0.976,1220.985,5,2,10,2084568,10,24114968,0,0,lineitem;ixtest_lineitem_shipdate,105554,0,0,0,0,0,0,57.0,2238
2026-09-19T19:58:36Z,40B1774344BF4E71,18.4,queries/tpch/SQLStorm/10669.sql,measured,1,1,1,1,1.699,1431.368,5,2,10,2084568,10,24114968,0,0,lineitem;ixtest_lineitem_shipdate,105554,0,0,0,0,0,0,61.0,2434
2026-09-19T19:58:43Z,40B1774344BF4E71,18.4,queries/tpch/SQLStorm/10670.sql,warmup,1,1,1,1,0.994,1167.249,5,2,100,2089455,100,24182260,0,0,lineitem;ixtest_lineitem_shipdate,105818,0,0,0,0,0,0,53.0,1638
2026-09-19T19:58:45Z,40B1774344BF4E71,18.4,queries/tpch/SQLStorm/10670.sql,measured,1,1,1,1,0.985,1164.442,5,2,100,2089455,100,24182260,0,0,lineitem;ixtest_lineitem_shipdate,105818,0,0,0,0,0,0,61.0,1675
2026-09-19T19:58:49Z,40B1774344BF4E71,18.4,queries/tpch/SQLStorm/10671.sql,warmup,1,1,1,1,4.799,2014.703,19,7,10,16011162,10,395309823,4,4,partsupp;region;nation;supplier;ixtest_supplier_nationkey;lineitem;part,5295864,0,0,0,0,0,0,52.0,2047
2026-09-19T19:58:51Z,40B1774344BF4E71,18.4,queries/tpch/SQLStorm/10671.sql,measured,1,1,1,1,4.823,2027.941,19,7,10,16011163,10,395309892,4,4,partsupp;region;nation;supplier;ixtest_supplier_nationkey;lineitem;part,5295863,0,0,0,0,0,0,61.0,2118
2026-09-19T19:58:54Z,40B1774344BF4E71,18.4,queries/tpch/SQLStorm/10672.sql,warmup,1,1,1,1,2.929,696.095,20,6,10,9183038,10,177441450,0,4,lineitem;orders;ixtest_orders_orderdate;customer;supplier;nation,140493,0,0,0,0,0,0,54.0,1778
2026-09-19T19:58:55Z,40B1774344BF4E71,18.4,queries/tpch/SQLStorm/10672.sql,measured,1,1,1,1,2.903,698.653,20,6,10,9183038,10,177441450,0,4,lineitem;orders;ixtest_orders_orderdate;customer;supplier;nation,140494,0,0,0,0,0,0,54.0,2041
2026-09-19T19:59:12Z,40B1774344BF4E71,18.4,queries/tpch/SQLStorm/10673.sql,warmup,1,1,1,1,,,,,,,,,,,,,,,,,,1,53.0,2168
2026-09-19T19:59:27Z,40B1774344BF4E71,18.4,queries/tpch/SQLStorm/10673.sql,measured,1,1,1,1,,,,,,,,,,,,,,,,,,1,74.0,2130
2026-09-19T19:59:33Z,40B1774344BF4E71,18.4,queries/tpch/SQLStorm/10674.sql,warmup,1,1,1,1,4.610,1470.507,18,7,10,4325904,10,119472890,29,4,partsupp;region;nation;supplier;ixtest_supplier_nationkey;lineitem;part,5258703,0,0,0,0,0,0,59.0,2270
2026-09-19T19:59:35Z,40B1774344BF4E71,18.4,queries/tpch/SQLStorm/10674.sql,measured,1,1,1,1,4.613,1474.121,18,7,10,4325904,10,119472890,29,4,partsupp;region;nation;supplier;ixtest_supplier_nationkey;lineitem;part,5258704,0,0,0,0,0,0,71.0,2041
2026-09-19T19:59:39Z,40B1774344BF4E71,18.4,queries/tpch/SQLStorm/10675.sql,warmup,1,1,1,1,4.136,2319.857,17,6,25,7120432,25,143726040,857224,4,lineitem;partsupp;orders;customer;supplier;nation,8542718,0,0,0,0,0,0,59.0,2063
2026-09-19T19:59:41Z,40B1774344BF4E71,18.4,queries/tpch/SQLStorm/10675.sql,measured,1,1,1,1,4.199,2301.146,17,6,25,7120432,25,143726040,857224,4,lineitem;partsupp;orders;customer;supplier;nation,8542718,0,0,0,0,0,0,73.0,2216
2026-09-19T19:59:53Z,40B1774344BF4E71,18.4,queries/tpch/SQLStorm/10676.sql,warmup,1,1,1,1,4.626,9633.653,22,7,10,25326387,10,1690556781,0,4,lineitem;orders;ixtest_orders_orderdate;customer;partsupp;supplier;nation,145962,0,0,0,45900,45905,0,59.0,1959
2026-09-19T20:00:03Z,40B1774344BF4E71,18.4,queries/tpch/SQLStorm/10676.sql,measured,1,1,1,1,4.655,9771.883,22,7,10,25326387,10,1690556781,0,4,lineitem;orders;ixtest_orders_orderdate;customer;partsupp;supplier;nation,145963,0,0,0,45900,45905,0,68.0,1954
2026-09-19T20:00:06Z,40B1774344BF4E71,18.4,queries/tpch/SQLStorm/10677.sql,warmup,1,1,1,1,2.664,681.671,19,6,25,9183043,25,177441740,0,4,lineitem;orders;ixtest_orders_orderdate;customer;supplier;nation,140496,0,0,0,0,0,0,57.0,1844
2026-09-19T20:00:07Z,40B1774344BF4E71,18.4,queries/tpch/SQLStorm/10677.sql,measured,1,1,1,1,2.649,683.476,19,6,25,9183043,25,177441740,0,4,lineitem;orders;ixtest_orders_orderdate;customer;supplier;nation,140496,0,0,0,0,0,0,57.0,2238
2026-09-19T20:00:10Z,40B1774344BF4E71,18.4,queries/tpch/SQLStorm/10678.sql,warmup,1,1,1,1,1.029,432.727,6,2,4,1829987,6,19225168,0,4,lineitem;ixtest_lineitem_shipdate,105855,0,0,0,0,0,0,56.0,1625
2026-09-19T20:00:10Z,40B1774344BF4E71,18.4,queries/tpch/SQLStorm/10678.sql,measured,1,1,1,1,1.037,430.476,6,2,4,1829987,6,19225168,0,4,lineitem;ixtest_lineitem_shipdate,105855,0,0,0,0,0,0,56.0,1975
2026-09-19T20:00:14Z,40B1774344BF4E71,18.4,queries/tpch/SQLStorm/10679.sql,warmup,1,1,1,1,4.588,1473.980,18,7,10,4340374,10,119863270,29,4,partsupp;region;nation;supplier;ixtest_supplier_nationkey;lineitem;part,5295863,0,0,0,0,0,0,56.0,1975
2026-09-19T20:00:15Z,40B1774344BF4E71,18.4,queries/tpch/SQLStorm/10679.sql,measured,1,1,1,1,4.673,1480.586,18,7,10,4340374,10,119863270,29,4,partsupp;region;nation;supplier;ixtest_supplier_nationkey;lineitem;part,5295864,0,0,0,0,0,0,68.0,2238
2026-09-19T20:00:18Z,40B1774344BF4E71,18.4,queries/tpch/SQLStorm/10680.sql,warmup,1,1,1,1,2.486,428.417,15,5,10,953777,10,30979513,4,0,part;supplier;nation;region;partsupp,166621,0,0,0,0,0,0,56.0,1528
2026-09-19T20:00:19Z,40B1774344BF4E71,18.4,queries/tpch/SQLStorm/10680.sql,measured,1,1,1,1,2.481,418.105,15,5,10,953777,10,30979513,4,0,part;supplier;nation;region;partsupp,166621,0,0,0,0,0,0,56.0,1450
2026-09-19T20:00:23Z,40B1774344BF4E71,18.4,queries/tpch/SQLStorm/10681.sql,warmup,1,1,1,1,2.925,2041.259,19,5,10,23054315,10,556721770,0,4,lineitem;supplier;orders;customer;nation,142526,0,0,0,0,0,0,55.0,2118
2026-09-19T20:00:25Z,40B1774344BF4E71,18.4,queries/tpch/SQLStorm/10681.sql,measured,1,1,1,1,2.905,2030.296,19,5,10,23054315,10,556721770,0,4,lineitem;supplier;orders;customer;nation,142526,0,0,0,0,0,0,69.0,2094
2026-09-19T20:00:28Z,40B1774344BF4E71,18.4,queries/tpch/SQLStorm/10682.sql,warmup,1,1,1,1,1.302,913.972,7,2,10,2200017,10,75001241,0,0,partsupp;part,21691,0,0,0,0,0,0,56.0,1186
2026-09-19T20:00:29Z,40B1774344BF4E71,18.4,queries/tpch/SQLStorm/10682.sql,measured,1,1,1,1,1.646,910.125,7,2,10,2200017,10,75001241,0,0,partsupp;part,21691,0,0,0,0,0,0,58.0,1030
2026-09-19T20:00:30Z,40B1774344BF4E71,18.4,queries/tpch/SQLStorm/10684.sql,warmup,1,1,1,1,2.898,412.927,15,5,10,803186,10,11411868,13,2,customer;nation;region;orders;lineitem,582719,0,0,0,0,0,0,58.0,1713
2026-09-19T20:00:31Z,40B1774344BF4E71,18.4,queries/tpch/SQLStorm/10684.sql,measured,1,1,1,1,2.906,412.869,15,5,10,803186,10,11411868,13,2,customer;nation;region;orders;lineitem,582719,0,0,0,0,0,0,58.0,1800
2026-09-19T20:00:48Z,40B1774344BF4E71,18.4,queries/tpch/SQLStorm/10686.sql,warmup,1,1,1,1,,,,,,,,,,,,,,,,,,1,55.0,1384
2026-09-19T20:01:03Z,40B1774344BF4E71,18.4,queries/tpch/SQLStorm/10686.sql,measured,1,1,1,1,,,,,,,,,,,,,,,,,,1,59.0,1402
2026-09-19T20:01:11Z,40B1774344BF4E71,18.4,queries/tpch/SQLStorm/10687.sql,warmup,1,1,1,1,4.158,5677.590,18,6,25,19973093,25,435565488,1,4,lineitem;partsupp;orders;customer;supplier;nation,29579820,0,0,0,0,0,0,52.0,2201
2026-09-19T20:01:17Z,40B1774344BF4E71,18.4,queries/tpch/SQLStorm/10687.sql,measured,1,1,1,1,4.102,5697.445,18,6,25,19973093,25,435565488,1,4,lineitem;partsupp;orders;customer;supplier;nation,29579820,0,0,0,0,0,0,68.0,2138
2026-09-19T20:01:20Z,40B1774344BF4E71,18.4,queries/tpch/SQLStorm/10688.sql,warmup,1,1,1,1,2.275,753.143,16,5,25,6507513,25,100606012,0,3,orders;lineitem;ixtest_lineitem_shipdate;customer;nation,135579,0,0,0,0,0,0,57.0,1660
2026-09-19T20:01:21Z,40B1774344BF4E71,18.4,queries/tpch/SQLStorm/10688.sql,measured,1,1,1,1,2.566,753.437,16,5,25,6507513,25,100606012,0,3,orders;lineitem;ixtest_lineitem_shipdate;customer;nation,135579,0,0,0,0,0,0,59.0,1660
2026-09-19T20:01:36Z,40B1774344BF4E71,18.4,queries/tpch/SQLStorm/10689.sql,warmup,1,1,1,1,,,,,,,,,,,,,,,,,,1,59.0,2072
2026-09-19T20:01:50Z,40B1774344BF4E71,18.4,queries/tpch/SQLStorm/10689.sql,measured,1,1,1,1,1.806,13953.250,11,3,199997,33806069,66667,1395067885,0,4,lineitem;part;orders,120897,0,0,0,46174,46182,0,68.0,2016
2026-09-19T20:01:54Z,40B1774344BF4E71,18.4,queries/tpch/SQLStorm/10690.sql,warmup,1,1,1,1,7.298,1451.105,26,8,10,14985493,10,524226610,0,4,lineitem;orders;ixtest_orders_orderdate;partsupp;supplier;nation;region;part,142833,0,0,0,0,0,0,59.0,2041
2026-09-19T20:01:55Z,40B1774344BF4E71,18.4,queries/tpch/SQLStorm/10690.sql,measured,1,1,1,1,7.220,1450.579,26,8,10,14985493,10,524226610,0,4,lineitem;orders;ixtest_orders_orderdate;partsupp;supplier;nation;region;part,142833,0,0,0,0,0,0,73.0,2270
2026-09-19T20:02:04Z,40B1774344BF4E71,18.4,queries/tpch/SQLStorm/10691.sql,warmup,1,1,1,1,1.473,6011.310,10,2,10,15589742,10,852049513,0,4,lineitem;part,116763,0,0,0,17104,30451,0,58.0,2153
2026-09-19T20:02:10Z,40B1774344BF4E71,18.4,queries/tpch/SQLStorm/10691.sql,measured,1,1,1,1,1.466,6049.547,10,2,10,15590060,10,852090535,0,4,lineitem;part,116763,0,0,0,17137,30721,0,68.0,2254
2026-09-19T20:02:19Z,40B1774344BF4E71,18.4,queries/tpch/SQLStorm/10692.sql,warmup,1,1,1,1,9.712,6908.696,22,8,25,22703071,125,727458550,1,4,lineitem;partsupp;orders;supplier;nation;region;customer;part,32309891,0,0,0,0,0,0,59.0,2207
2026-09-19T20:02:26Z,40B1774344BF4E71,18.4,queries/tpch/SQLStorm/10692.sql,measured,1,1,1,1,9.649,6881.130,22,8,25,22703071,125,727458550,1,4,lineitem;partsupp;orders;supplier;nation;region;customer;part,32309891,0,0,0,0,0,0,64.0,2140
2026-09-19T20:02:30Z,40B1774344BF4E71,18.4,queries/tpch/SQLStorm/10693.sql,warmup,1,1,1,1,1.725,1732.877,10,3,100,5010200,100,295721400,0,0,part;partsupp;supplier,54557,0,0,0,0,0,0,60.0,983
2026-09-19T20:02:32Z,40B1774344BF4E71,18.4,queries/tpch/SQLStorm/10693.sql,measured,1,1,1,1,1.739,1725.305,10,3,100,5010200,100,295721400,0,0,part;partsupp;supplier,54557,0,0,0,0,0,0,69.0,1266
2026-09-19T20:02:40Z,40B1774344BF4E71,18.4,queries/tpch/SQLStorm/10694.sql,warmup,1,1,1,1,7.628,6384.338,20,7,25,21828311,25,524366572,1,4,lineitem;partsupp;orders;customer;supplier;part;nation,32345058,0,0,0,0,0,0,58.0,2198
2026-09-19T20:02:47Z,40B1774344BF4E71,18.4,queries/tpch/SQLStorm/10694.sql,measured,1,1,1,1,7.463,6429.756,20,7,25,21828311,25,524366572,1,4,lineitem;partsupp;orders;customer;supplier;part;nation,32345058,0,0,0,0,0,0,74.0,2102
2026-09-19T20:02:53Z,40B1774344BF4E71,18.4,queries/tpch/SQLStorm/10695.sql,warmup,1,1,1,1,2.351,1726.375,16,4,10,16953100,10,436297470,0,4,lineitem;orders;customer;nation,142372,0,0,0,0,0,0,59.0,2179
2026-09-19T20:02:55Z,40B1774344BF4E71,18.4,queries/tpch/SQLStorm/10695.sql,measured,1,1,1,1,2.349,1788.277,16,4,10,16953100,10,436297470,0,4,lineitem;orders;customer;nation,142372,0,0,0,0,0,0,72.0,2316
2026-09-19T20:02:57Z,40B1774344BF4E71,18.4,queries/tpch/SQLStorm/10696.sql,warmup,1,1,1,1,0.986,255.071,5,2,10,204763,10,3039532,0,0,lineitem;ixtest_lineitem_shipdate,41655,0,0,0,0,0,0,60.0,1844
2026-09-19T20:02:58Z,40B1774344BF4E71,18.4,queries/tpch/SQLStorm/10696.sql,measured,1,1,1,1,0.981,250.606,5,2,10,204763,10,3039532,0,0,lineitem;ixtest_lineitem_shipdate,41655,0,0,0,0,0,0,60.0,1844
2026-09-19T20:03:13Z,40B1774344BF4E71,18.4,queries/tpch/SQLStorm/10697.sql,warmup,1,1,1,1,,,,,,,,,,,,,,,,,,1,60.0,1806
2026-09-19T20:03:28Z,40B1774344BF4E71,18.4,queries/tpch/SQLStorm/10697.sql,measured,1,1,1,1,,,,,,,,,,,,,,,,,,1,58.0,1768
2026-09-19T20:03:32Z,40B1774344BF4E71,18.4,queries/tpch/SQLStorm/10698.sql,warmup,1,1,1,1,10.009,1065.600,18,7,10,2164759,10,52609853,10,4,partsupp;region;nation;supplier;ixtest_supplier_nationkey;lineitem;part,2421092,0,0,0,0,0,0,55.0,2019
2026-09-19T20:03:33Z,40B1774344BF4E71,18.4,queries/tpch/SQLStorm/10698.sql,measured,1,1,1,1,8.214,1052.174,18,7,10,2164759,10,52609853,10,4,partsupp;region;nation;supplier;ixtest_supplier_nationkey;lineitem;part,2421092,0,0,0,0,0,0,65.0,1975
2026-09-19T20:03:36Z,40B1774344BF4E71,18.4,queries/tpch/SQLStorm/10699.sql,warmup,1,1,1,1,2.414,667.279,17,5,10,8280352,10,156527630,0,4,lineitem;orders;ixtest_orders_orderdate;customer;nation,142564,0,0,0,0,0,0,55.0,1516
2026-09-19T20:03:36Z,40B1774344BF4E71,18.4,queries/tpch/SQLStorm/10699.sql,measured,1,1,1,1,2.402,667.472,17,5,10,8280352,10,156527630,0,4,lineitem;orders;ixtest_orders_orderdate;customer;nation,142565,0,0,0,0,0,0,55.0,1712
2026-09-19T20:03:42Z,40B1774344BF4E71,18.4,queries/tpch/SQLStorm/107.sql,warmup,1,1,1,1,11.039,5843.898,62,21,5,31047041,125000,582398424,100789,3,orders;customer;customerstats;lineitem;ixtest_lineitem_shipdate;partsupp;supplier;nation;region;part,280088,0,0,0,0,0,0,60.0,1590
2026-09-19T20:03:48Z,40B1774344BF4E71,18.4,queries/tpch/SQLStorm/107.sql,measured,1,1,1,1,11.250,5817.987,62,21,5,31047041,125000,582398424,100789,3,orders;customer;customerstats;lineitem;ixtest_lineitem_shipdate;partsupp;supplier;nation;region;part,280088,0,0,0,0,0,0,68.0,1564
2026-09-19T20:04:06Z,40B1774344BF4E71,18.4,queries/tpch/SQLStorm/10701.sql,warmup,1,1,1,1,,,,,,,,,,,,,,,,,,1,56.0,1308
2026-09-19T20:04:21Z,40B1774344BF4E71,18.4,queries/tpch/SQLStorm/10701.sql,measured,1,1,1,1,,,,,,,,,,,,,,,,,,1,63.0,1381
2026-09-19T20:04:24Z,40B1774344BF4E71,18.4,queries/tpch/SQLStorm/10702.sql,warmup,1,1,1,1,1.540,1185.178,9,3,7,5596248,7,98165943,0,4,orders;lineitem;ixtest_lineitem_shipdate,103245,0,0,0,0,0,0,53.0,2275
2026-09-19T20:04:26Z,40B1774344BF4E71,18.4,queries/tpch/SQLStorm/10702.sql,measured,1,1,1,1,1.569,1148.224,9,3,7,5596248,7,98165943,0,4,orders;lineitem;ixtest_lineitem_shipdate,103244,0,0,0,0,0,0,64.0,2088
2026-09-19T20:04:29Z,40B1774344BF4E71,18.4,queries/tpch/SQLStorm/10703.sql,warmup,1,1,1,1,1.212,831.162,7,2,100,2200200,100,79015400,0,0,partsupp;part,21691,0,0,0,0,0,0,53.0,1083
2026-09-19T20:04:30Z,40B1774344BF4E71,18.4,queries/tpch/SQLStorm/10703.sql,measured,1,1,1,1,1.215,828.519,7,2,100,2200200,100,79015400,0,0,partsupp;part,21691,0,0,0,0,0,0,54.0,1030
2026-09-19T20:04:36Z,40B1774344BF4E71,18.4,queries/tpch/SQLStorm/10704.sql,warmup,1,1,1,1,3.871,5813.123,21,7,25,22265099,25,688507132,0,4,lineitem;orders;ixtest_orders_orderdate;partsupp;supplier;nation;part,142857,0,0,0,15542,15545,0,54.0,2063
2026-09-19T20:04:42Z,40B1774344BF4E71,18.4,queries/tpch/SQLStorm/10704.sql,measured,1,1,1,1,3.880,5671.340,21,7,25,22265099,25,688507132,0,4,lineitem;orders;ixtest_orders_orderdate;partsupp;supplier;nation;part,142856,0,0,0,15554,15557,0,56.0,2111
2026-09-19T20:04:45Z,40B1774344BF4E71,18.4,queries/tpch/SQLStorm/10705.sql,warmup,1,1,1,1,4.988,1510.276,18,7,10,4340374,10,126149646,29,4,partsupp;region;nation;supplier;ixtest_supplier_nationkey;lineitem;part,5295863,0,0,0,0,0,0,56.0,2270
2026-09-19T20:04:47Z,40B1774344BF4E71,18.4,queries/tpch/SQLStorm/10705.sql,measured,1,1,1,1,4.903,1505.796,18,7,10,4340374,10,126149646,29,4,partsupp;region;nation;supplier;ixtest_supplier_nationkey;lineitem;part,5295863,0,0,0,0,0,0,66.0,2434
2026-09-19T20:04:50Z,40B1774344BF4E71,18.4,queries/tpch/SQLStorm/10707.sql,warmup,1,1,1,1,0.935,383.149,7,2,7,1822909,7,17321622,0,4,lineitem;ixtest_lineitem_shipdate,105926,0,0,0,0,0,0,56.0,1975
2026-09-19T20:04:50Z,40B1774344BF4E71,18.4,queries/tpch/SQLStorm/10707.sql,measured,1,1,1,1,0.943,380.379,7,2,7,1822909,7,17321622,0,4,lineitem;ixtest_lineitem_shipdate,105926,0,0,0,0,0,0,56.0,1800
2026-09-19T20:05:06Z,40B1774344BF4E71,18.4,queries/tpch/SQLStorm/10708.sql,warmup,1,1,1,1,4.122,13948.490,18,6,25,61612700,25,1237072760,0,4,lineitem;partsupp;orders;customer;supplier;nation,60126996,0,0,0,36315,36320,0,54.0,2316
